run_id,dataset,model,architecture,protocol_version,keep_ratio,block_size,seed,epoch,batch,forward_time_s,backward_time_s,memory_bytes,batch_accuracy
bfae98fff5df224c,kmnist,ssb-v3-block,mlp,protocol-v3,0.2,16,4,1,0,0.05249916698085144,0.028665332996752113,473874432,0.0859375
bfae98fff5df224c,kmnist,ssb-v3-block,mlp,protocol-v3,0.2,16,4,1,1,0.010483750025741756,0.01904883299721405,494010368,0.1171875
bfae98fff5df224c,kmnist,ssb-v3-block,mlp,protocol-v3,0.2,16,4,1,2,0.006976292002946138,0.011423374991863966,498712576,0.125
bfae98fff5df224c,kmnist,ssb-v3-block,mlp,protocol-v3,0.2,16,4,1,3,0.007186667004134506,0.010535250010434538,502775808,0.0703125
bfae98fff5df224c,kmnist,ssb-v3-block,mlp,protocol-v3,0.2,16,4,1,4,0.005252750008367002,0.0059531250153668225,505053184,0.078125
bfae98fff5df224c,kmnist,ssb-v3-block,mlp,protocol-v3,0.2,16,4,1,5,0.00633191701490432,0.009559375001117587,508739584,0.109375
bfae98fff5df224c,kmnist,ssb-v3-block,mlp,protocol-v3,0.2,16,4,1,6,0.0036278749466873705,0.006333041994366795,510918656,0.1171875
bfae98fff5df224c,kmnist,ssb-v3-block,mlp,protocol-v3,0.2,16,4,1,7,0.005411584046669304,0.007839458005037159,514031616,0.1015625
bfae98fff5df224c,kmnist,ssb-v3-block,mlp,protocol-v3,0.2,16,4,1,8,0.005917999951634556,0.008647665963508189,517586944,0.1015625
bfae98fff5df224c,kmnist,ssb-v3-block,mlp,protocol-v3,0.2,16,4,1,9,0.0024609590182080865,0.0012779170065186918,517980160,0.0703125
bfae98fff5df224c,kmnist,ssb-v3-block,mlp,protocol-v3,0.2,16,4,1,10,0.0020759589970111847,0.0012467079795897007,518389760,0.109375
bfae98fff5df224c,kmnist,ssb-v3-block,mlp,protocol-v3,0.2,16,4,1,11,0.003960000001825392,0.0043135000159963965,519798784,0.1484375
bfae98fff5df224c,kmnist,ssb-v3-block,mlp,protocol-v3,0.2,16,4,1,12,0.003729292016942054,0.004287542018573731,521076736,0.078125
bfae98fff5df224c,kmnist,ssb-v3-block,mlp,protocol-v3,0.2,16,4,1,13,0.0016916249878704548,0.0009485000045970082,521420800,0.109375
bfae98fff5df224c,kmnist,ssb-v3-block,mlp,protocol-v3,0.2,16,4,1,14,0.001750499999616295,0.0008964590379036963,521781248,0.125
bfae98fff5df224c,kmnist,ssb-v3-block,mlp,protocol-v3,0.2,16,4,1,15,0.0038090830203145742,0.004300542001146823,522797056,0.140625
bfae98fff5df224c,kmnist,ssb-v3-block,mlp,protocol-v3,0.2,16,4,1,16,0.001685666968114674,0.0007967089768499136,523141120,0.1015625
bfae98fff5df224c,kmnist,ssb-v3-block,mlp,protocol-v3,0.2,16,4,1,17,0.001796416996512562,0.000816916988696903,523141120,0.0625
bfae98fff5df224c,kmnist,ssb-v3-block,mlp,protocol-v3,0.2,16,4,1,18,0.003581249970011413,0.005685499985702336,524992512,0.109375
bfae98fff5df224c,kmnist,ssb-v3-block,mlp,protocol-v3,0.2,16,4,1,19,0.0034119999618269503,0.006437167001422495,526778368,0.078125
bfae98fff5df224c,kmnist,ssb-v3-block,mlp,protocol-v3,0.2,16,4,1,20,0.00348416599445045,0.005939416994806379,529022976,0.0625
bfae98fff5df224c,kmnist,ssb-v3-block,mlp,protocol-v3,0.2,16,4,1,21,0.0034510419936850667,0.004111207963433117,530661376,0.078125
bfae98fff5df224c,kmnist,ssb-v3-block,mlp,protocol-v3,0.2,16,4,1,22,0.0015835000085644424,0.0008598329732194543,531136512,0.1328125
bfae98fff5df224c,kmnist,ssb-v3-block,mlp,protocol-v3,0.2,16,4,1,23,0.001533915987238288,0.000866832968313247,531218432,0.09375
bfae98fff5df224c,kmnist,ssb-v3-block,mlp,protocol-v3,0.2,16,4,1,24,0.0018236669711768627,0.0008269170066341758,531218432,0.0859375
bfae98fff5df224c,kmnist,ssb-v3-block,mlp,protocol-v3,0.2,16,4,1,25,0.0016889999969862401,0.0008721660124137998,531218432,0.140625
bfae98fff5df224c,kmnist,ssb-v3-block,mlp,protocol-v3,0.2,16,4,1,26,0.004369041998870671,0.006276166997849941,533200896,0.0625
bfae98fff5df224c,kmnist,ssb-v3-block,mlp,protocol-v3,0.2,16,4,1,27,0.0015296670026145875,0.0007880419725552201,533200896,0.0703125
bfae98fff5df224c,kmnist,ssb-v3-block,mlp,protocol-v3,0.2,16,4,1,28,0.0018337080255150795,0.0008232499822042882,533561344,0.0625
bfae98fff5df224c,kmnist,ssb-v3-block,mlp,protocol-v3,0.2,16,4,1,29,0.0016284589655697346,0.0008186670020222664,533561344,0.09375
bfae98fff5df224c,kmnist,ssb-v3-block,mlp,protocol-v3,0.2,16,4,1,30,0.0017331669805571437,0.0008555829990655184,533561344,0.078125
bfae98fff5df224c,kmnist,ssb-v3-block,mlp,protocol-v3,0.2,16,4,1,31,0.001763832988217473,0.0008255830034613609,533594112,0.09375
bfae98fff5df224c,kmnist,ssb-v3-block,mlp,protocol-v3,0.2,16,4,1,32,0.0017314580036327243,0.0007534170290455222,534069248,0.125
bfae98fff5df224c,kmnist,ssb-v3-block,mlp,protocol-v3,0.2,16,4,1,33,0.005854999995790422,0.0026421670336276293,534822912,0.0703125
bfae98fff5df224c,kmnist,ssb-v3-block,mlp,protocol-v3,0.2,16,4,1,34,0.004142375022638589,0.005879500007722527,536395776,0.0625
bfae98fff5df224c,kmnist,ssb-v3-block,mlp,protocol-v3,0.2,16,4,1,35,0.0014452909817919135,0.0008117499528452754,536608768,0.0859375
bfae98fff5df224c,kmnist,ssb-v3-block,mlp,protocol-v3,0.2,16,4,1,36,0.003872249973937869,0.0042921670246869326,538116096,0.109375
bfae98fff5df224c,kmnist,ssb-v3-block,mlp,protocol-v3,0.2,16,4,1,37,0.0016113750170916319,0.0007827499648556113,538476544,0.1328125
bfae98fff5df224c,kmnist,ssb-v3-block,mlp,protocol-v3,0.2,16,4,1,38,0.0017168329795822501,0.0008064580033533275,538755072,0.1171875
bfae98fff5df224c,kmnist,ssb-v3-block,mlp,protocol-v3,0.2,16,4,1,39,0.0017802499933168292,0.0009023749735206366,538804224,0.09375
bfae98fff5df224c,kmnist,ssb-v3-block,mlp,protocol-v3,0.2,16,4,1,40,0.0016842089826241136,0.0008807079866528511,538853376,0.140625
bfae98fff5df224c,kmnist,ssb-v3-block,mlp,protocol-v3,0.2,16,4,1,41,0.0017177499830722809,0.0007701250142417848,538886144,0.125
bfae98fff5df224c,kmnist,ssb-v3-block,mlp,protocol-v3,0.2,16,4,1,42,0.0016802080208435655,0.00075833301525563,538886144,0.1015625
bfae98fff5df224c,kmnist,ssb-v3-block,mlp,protocol-v3,0.2,16,4,1,43,0.0018547920044511557,0.0007968749850988388,538886144,0.09375
bfae98fff5df224c,kmnist,ssb-v3-block,mlp,protocol-v3,0.2,16,4,1,44,0.0016832499532029033,0.0008012090111151338,538886144,0.0859375
bfae98fff5df224c,kmnist,ssb-v3-block,mlp,protocol-v3,0.2,16,4,1,45,0.004592375014908612,0.005979707988444716,540278784,0.0703125
bfae98fff5df224c,kmnist,ssb-v3-block,mlp,protocol-v3,0.2,16,4,1,46,0.003648374986369163,0.0037156249745748937,541835264,0.078125
bfae98fff5df224c,kmnist,ssb-v3-block,mlp,protocol-v3,0.2,16,4,1,47,0.003289499960374087,0.004317875020205975,543145984,0.078125
bfae98fff5df224c,kmnist,ssb-v3-block,mlp,protocol-v3,0.2,16,4,1,48,0.003752165997866541,0.005757584003731608,544980992,0.09375
bfae98fff5df224c,kmnist,ssb-v3-block,mlp,protocol-v3,0.2,16,4,1,49,0.001561167009640485,0.0008006250136531889,545456128,0.109375
bfae98fff5df224c,kmnist,ssb-v3-block,mlp,protocol-v3,0.2,16,4,1,50,0.0018226249958388507,0.0008495410438627005,545472512,0.140625
bfae98fff5df224c,kmnist,ssb-v3-block,mlp,protocol-v3,0.2,16,4,1,51,0.0016777919954620302,0.0008359589846804738,545832960,0.125
bfae98fff5df224c,kmnist,ssb-v3-block,mlp,protocol-v3,0.2,16,4,1,52,0.001593666966073215,0.0008942079730331898,545832960,0.140625
bfae98fff5df224c,kmnist,ssb-v3-block,mlp,protocol-v3,0.2,16,4,1,53,0.001474624965339899,0.0007664170116186142,545832960,0.09375
bfae98fff5df224c,kmnist,ssb-v3-block,mlp,protocol-v3,0.2,16,4,1,54,0.001515833951998502,0.000826750008855015,545832960,0.109375
bfae98fff5df224c,kmnist,ssb-v3-block,mlp,protocol-v3,0.2,16,4,1,55,0.0014685419737361372,0.0007994580082595348,545865728,0.109375
bfae98fff5df224c,kmnist,ssb-v3-block,mlp,protocol-v3,0.2,16,4,1,56,0.0015847920440137386,0.0009227090049535036,546144256,0.109375
bfae98fff5df224c,kmnist,ssb-v3-block,mlp,protocol-v3,0.2,16,4,1,57,0.0015994159621186554,0.0008147089974954724,546144256,0.078125
bfae98fff5df224c,kmnist,ssb-v3-block,mlp,protocol-v3,0.2,16,4,1,58,0.001566499995533377,0.0008066669688560069,546144256,0.1171875
bfae98fff5df224c,kmnist,ssb-v3-block,mlp,protocol-v3,0.2,16,4,1,59,0.0015675000031478703,0.0007517079939134419,546144256,0.1015625
bfae98fff5df224c,kmnist,ssb-v3-block,mlp,protocol-v3,0.2,16,4,1,60,0.004342583008110523,0.004470875021070242,547028992,0.0234375
bfae98fff5df224c,kmnist,ssb-v3-block,mlp,protocol-v3,0.2,16,4,1,61,0.001599084003828466,0.0007907079998403788,547323904,0.0703125
bfae98fff5df224c,kmnist,ssb-v3-block,mlp,protocol-v3,0.2,16,4,1,62,0.001790583017282188,0.0008473749621771276,547553280,0.1328125
bfae98fff5df224c,kmnist,ssb-v3-block,mlp,protocol-v3,0.2,16,4,1,63,0.001703375019133091,0.0007900419877842069,547799040,0.0703125
bfae98fff5df224c,kmnist,ssb-v3-block,mlp,protocol-v3,0.2,16,4,1,64,0.0016977500054053962,0.0007880830089561641,547815424,0.0859375
bfae98fff5df224c,kmnist,ssb-v3-block,mlp,protocol-v3,0.2,16,4,1,65,0.001721083011943847,0.0009114579879678786,547815424,0.1484375
bfae98fff5df224c,kmnist,ssb-v3-block,mlp,protocol-v3,0.2,16,4,1,66,0.0016666250303387642,0.000824499991722405,548044800,0.125
bfae98fff5df224c,kmnist,ssb-v3-block,mlp,protocol-v3,0.2,16,4,1,67,0.001562250021379441,0.0007740840082988143,548044800,0.140625
bfae98fff5df224c,kmnist,ssb-v3-block,mlp,protocol-v3,0.2,16,4,1,68,0.00161295902216807,0.0007565420237369835,548044800,0.1328125
bfae98fff5df224c,kmnist,ssb-v3-block,mlp,protocol-v3,0.2,16,4,1,69,0.0016119579668156803,0.0007826249930076301,548044800,0.0703125
bfae98fff5df224c,kmnist,ssb-v3-block,mlp,protocol-v3,0.2,16,4,1,70,0.0016728329937905073,0.0007865419611334801,548061184,0.09375
bfae98fff5df224c,kmnist,ssb-v3-block,mlp,protocol-v3,0.2,16,4,1,71,0.0016857089940458536,0.0008314999868161976,548061184,0.1015625
bfae98fff5df224c,kmnist,ssb-v3-block,mlp,protocol-v3,0.2,16,4,1,72,0.001662416965700686,0.0007714580278843641,548077568,0.0859375
bfae98fff5df224c,kmnist,ssb-v3-block,mlp,protocol-v3,0.2,16,4,1,73,0.0017349590198136866,0.0008263749768957496,548077568,0.15625
bfae98fff5df224c,kmnist,ssb-v3-block,mlp,protocol-v3,0.2,16,4,1,74,0.0016960420180112123,0.0008632080280221999,548077568,0.0859375
bfae98fff5df224c,kmnist,ssb-v3-block,mlp,protocol-v3,0.2,16,4,1,75,0.0016573340399190784,0.0007897919858805835,548077568,0.0546875
bfae98fff5df224c,kmnist,ssb-v3-block,mlp,protocol-v3,0.2,16,4,1,76,0.001769582973793149,0.0007968330173753202,548077568,0.09375
bfae98fff5df224c,kmnist,ssb-v3-block,mlp,protocol-v3,0.2,16,4,1,77,0.001683417009189725,0.0008438749937340617,548077568,0.1171875
bfae98fff5df224c,kmnist,ssb-v3-block,mlp,protocol-v3,0.2,16,4,1,78,0.0016680000117048621,0.0007617499795742333,548077568,0.0859375
bfae98fff5df224c,kmnist,ssb-v3-block,mlp,protocol-v3,0.2,16,4,1,79,0.0016212500049732625,0.0007441249908879399,548077568,0.0859375
bfae98fff5df224c,kmnist,ssb-v3-block,mlp,protocol-v3,0.2,16,4,1,80,0.0016464159707538784,0.0007676670211367309,548077568,0.1171875
bfae98fff5df224c,kmnist,ssb-v3-block,mlp,protocol-v3,0.2,16,4,1,81,0.0018125000060535967,0.0008320410270243883,548487168,0.0859375
bfae98fff5df224c,kmnist,ssb-v3-block,mlp,protocol-v3,0.2,16,4,1,82,0.00484420801512897,0.003959375026170164,549306368,0.0703125
bfae98fff5df224c,kmnist,ssb-v3-block,mlp,protocol-v3,0.2,16,4,1,83,0.0016322499723173678,0.0007875000010244548,549584896,0.125
bfae98fff5df224c,kmnist,ssb-v3-block,mlp,protocol-v3,0.2,16,4,1,84,0.0016712920041754842,0.0007937910268083215,549584896,0.0625
bfae98fff5df224c,kmnist,ssb-v3-block,mlp,protocol-v3,0.2,16,4,1,85,0.0015990420361049473,0.0008513749926351011,549830656,0.0859375
bfae98fff5df224c,kmnist,ssb-v3-block,mlp,protocol-v3,0.2,16,4,1,86,0.0016814169939607382,0.0007579579832963645,550076416,0.109375
bfae98fff5df224c,kmnist,ssb-v3-block,mlp,protocol-v3,0.2,16,4,1,87,0.0019136249902658165,0.0008055000216700137,550076416,0.125
bfae98fff5df224c,kmnist,ssb-v3-block,mlp,protocol-v3,0.2,16,4,1,88,0.001553791982587427,0.0007587919826619327,550076416,0.0859375
bfae98fff5df224c,kmnist,ssb-v3-block,mlp,protocol-v3,0.2,16,4,1,89,0.0016211249749176204,0.0008664579945616424,550076416,0.1171875
bfae98fff5df224c,kmnist,ssb-v3-block,mlp,protocol-v3,0.2,16,4,1,90,0.001683124981354922,0.0007942079682834446,550092800,0.125
bfae98fff5df224c,kmnist,ssb-v3-block,mlp,protocol-v3,0.2,16,4,1,91,0.003975667001213878,0.004115832969546318,551026688,0.1015625
bfae98fff5df224c,kmnist,ssb-v3-block,mlp,protocol-v3,0.2,16,4,1,92,0.0015585830551572144,0.0007980000227689743,551321600,0.125
bfae98fff5df224c,kmnist,ssb-v3-block,mlp,protocol-v3,0.2,16,4,1,93,0.0016818750300444663,0.000798832974396646,551321600,0.1015625
bfae98fff5df224c,kmnist,ssb-v3-block,mlp,protocol-v3,0.2,16,4,1,94,0.0016876250156201422,0.0007594579947181046,551321600,0.0703125
bfae98fff5df224c,kmnist,ssb-v3-block,mlp,protocol-v3,0.2,16,4,1,95,0.0016116249607875943,0.0007839160389266908,551321600,0.0703125
bfae98fff5df224c,kmnist,ssb-v3-block,mlp,protocol-v3,0.2,16,4,1,96,0.0016842500190250576,0.0008142919978126884,551321600,0.109375
bfae98fff5df224c,kmnist,ssb-v3-block,mlp,protocol-v3,0.2,16,4,1,97,0.0016193329938687384,0.0008163750171661377,551698432,0.140625
bfae98fff5df224c,kmnist,ssb-v3-block,mlp,protocol-v3,0.2,16,4,1,98,0.0017279169987887144,0.000811917008832097,551698432,0.0859375
bfae98fff5df224c,kmnist,ssb-v3-block,mlp,protocol-v3,0.2,16,4,1,99,0.0015797499800100923,0.00074487499659881,551698432,0.125
bfae98fff5df224c,kmnist,ssb-v3-block,mlp,protocol-v3,0.2,16,4,1,100,0.0015373749774880707,0.0007954579778015614,551698432,0.15625
bfae98fff5df224c,kmnist,ssb-v3-block,mlp,protocol-v3,0.2,16,4,1,101,0.0014991670032031834,0.0007703750161454082,551698432,0.0703125
bfae98fff5df224c,kmnist,ssb-v3-block,mlp,protocol-v3,0.2,16,4,1,102,0.0015740420203655958,0.0007994580082595348,551698432,0.109375
bfae98fff5df224c,kmnist,ssb-v3-block,mlp,protocol-v3,0.2,16,4,1,103,0.0017489160527475178,0.0008646670030429959,551698432,0.0859375
bfae98fff5df224c,kmnist,ssb-v3-block,mlp,protocol-v3,0.2,16,4,1,104,0.0016991249867714942,0.000786209013313055,551698432,0.2109375
bfae98fff5df224c,kmnist,ssb-v3-block,mlp,protocol-v3,0.2,16,4,1,105,0.001661041984334588,0.0008122079889290035,551698432,0.15625
bfae98fff5df224c,kmnist,ssb-v3-block,mlp,protocol-v3,0.2,16,4,1,106,0.0016467919922433794,0.0008622499881312251,551698432,0.09375
bfae98fff5df224c,kmnist,ssb-v3-block,mlp,protocol-v3,0.2,16,4,1,107,0.0016613330226391554,0.0008519160328432918,551698432,0.1171875
bfae98fff5df224c,kmnist,ssb-v3-block,mlp,protocol-v3,0.2,16,4,1,108,0.0048136659897863865,0.004821375012397766,552583168,0.203125
bfae98fff5df224c,kmnist,ssb-v3-block,mlp,protocol-v3,0.2,16,4,1,109,0.0017571250209584832,0.0009008750203065574,552796160,0.1015625
bfae98fff5df224c,kmnist,ssb-v3-block,mlp,protocol-v3,0.2,16,4,1,110,0.0016767909983173013,0.0008704999927431345,552796160,0.125
bfae98fff5df224c,kmnist,ssb-v3-block,mlp,protocol-v3,0.2,16,4,1,111,0.0015657920157536864,0.0009528750088065863,552894464,0.109375
bfae98fff5df224c,kmnist,ssb-v3-block,mlp,protocol-v3,0.2,16,4,1,112,0.0018118750303983688,0.0008844170370139182,552927232,0.0859375
bfae98fff5df224c,kmnist,ssb-v3-block,mlp,protocol-v3,0.2,16,4,1,113,0.0017003329703584313,0.0008018749649636447,552927232,0.109375
bfae98fff5df224c,kmnist,ssb-v3-block,mlp,protocol-v3,0.2,16,4,1,114,0.0017520420369692147,0.0008091249619610608,552927232,0.078125
bfae98fff5df224c,kmnist,ssb-v3-block,mlp,protocol-v3,0.2,16,4,1,115,0.0017347089597024024,0.0007878749747760594,553304064,0.171875
bfae98fff5df224c,kmnist,ssb-v3-block,mlp,protocol-v3,0.2,16,4,1,116,0.004328584007453173,0.005376290995627642,554287104,0.1171875
bfae98fff5df224c,kmnist,ssb-v3-block,mlp,protocol-v3,0.2,16,4,1,117,0.0015995000139810145,0.0008690839749760926,554336256,0.1484375
bfae98fff5df224c,kmnist,ssb-v3-block,mlp,protocol-v3,0.2,16,4,1,118,0.001857958035543561,0.0008283749921247363,554336256,0.109375
bfae98fff5df224c,kmnist,ssb-v3-block,mlp,protocol-v3,0.2,16,4,1,119,0.0017235000268556178,0.0008852079627104104,554336256,0.0859375
bfae98fff5df224c,kmnist,ssb-v3-block,mlp,protocol-v3,0.2,16,4,1,120,0.0017115410300903022,0.0008218340226449072,554336256,0.109375
bfae98fff5df224c,kmnist,ssb-v3-block,mlp,protocol-v3,0.2,16,4,1,121,0.0016188750159926713,0.0007854169816710055,554598400,0.046875
bfae98fff5df224c,kmnist,ssb-v3-block,mlp,protocol-v3,0.2,16,4,1,122,0.001536874973680824,0.0007877090247347951,554598400,0.1328125
bfae98fff5df224c,kmnist,ssb-v3-block,mlp,protocol-v3,0.2,16,4,1,123,0.0016825419734232128,0.0008249999955296516,554614784,0.140625
bfae98fff5df224c,kmnist,ssb-v3-block,mlp,protocol-v3,0.2,16,4,1,124,0.0017702499753795564,0.0007562079699710011,555040768,0.265625
bfae98fff5df224c,kmnist,ssb-v3-block,mlp,protocol-v3,0.2,16,4,1,125,0.0017469580052420497,0.0008381250081583858,555057152,0.1015625
bfae98fff5df224c,kmnist,ssb-v3-block,mlp,protocol-v3,0.2,16,4,1,126,0.001731208001729101,0.0008205000194720924,555057152,0.09375
bfae98fff5df224c,kmnist,ssb-v3-block,mlp,protocol-v3,0.2,16,4,1,127,0.0017567079630680382,0.0007980000227689743,555433984,0.109375
bfae98fff5df224c,kmnist,ssb-v3-block,mlp,protocol-v3,0.2,16,4,1,128,0.0017096250085160136,0.0008658330189064145,555433984,0.140625
bfae98fff5df224c,kmnist,ssb-v3-block,mlp,protocol-v3,0.2,16,4,1,129,0.0016147089772857726,0.0007850000401958823,555433984,0.125
bfae98fff5df224c,kmnist,ssb-v3-block,mlp,protocol-v3,0.2,16,4,1,130,0.001682792033534497,0.0008266670047305524,555433984,0.0859375
bfae98fff5df224c,kmnist,ssb-v3-block,mlp,protocol-v3,0.2,16,4,1,131,0.0017250420060008764,0.0007390829850919545,555433984,0.125
bfae98fff5df224c,kmnist,ssb-v3-block,mlp,protocol-v3,0.2,16,4,1,132,0.0016616249922662973,0.0007464579539373517,555450368,0.1015625
bfae98fff5df224c,kmnist,ssb-v3-block,mlp,protocol-v3,0.2,16,4,1,133,0.001725125010125339,0.0007705420139245689,555450368,0.171875
bfae98fff5df224c,kmnist,ssb-v3-block,mlp,protocol-v3,0.2,16,4,1,134,0.0017187090124934912,0.0008422080427408218,555450368,0.09375
bfae98fff5df224c,kmnist,ssb-v3-block,mlp,protocol-v3,0.2,16,4,1,135,0.0015315000200644135,0.0007572920294478536,555450368,0.0859375
bfae98fff5df224c,kmnist,ssb-v3-block,mlp,protocol-v3,0.2,16,4,1,136,0.0015520829474553466,0.0008375000325031579,555450368,0.1015625
bfae98fff5df224c,kmnist,ssb-v3-block,mlp,protocol-v3,0.2,16,4,1,137,0.0016546670231036842,0.0009224170353263617,555450368,0.09375
bfae98fff5df224c,kmnist,ssb-v3-block,mlp,protocol-v3,0.2,16,4,1,138,0.0018652500002644956,0.0008938329992815852,555450368,0.1328125
bfae98fff5df224c,kmnist,ssb-v3-block,mlp,protocol-v3,0.2,16,4,1,139,0.0017348749679513276,0.0008112500072456896,555450368,0.1171875
bfae98fff5df224c,kmnist,ssb-v3-block,mlp,protocol-v3,0.2,16,4,1,140,0.0016657920205034316,0.0007809170056134462,555450368,0.1328125
bfae98fff5df224c,kmnist,ssb-v3-block,mlp,protocol-v3,0.2,16,4,1,141,0.0015718750073574483,0.0007920829812064767,555450368,0.0546875
bfae98fff5df224c,kmnist,ssb-v3-block,mlp,protocol-v3,0.2,16,4,1,142,0.001645374984946102,0.0008557499968446791,555450368,0.0703125
bfae98fff5df224c,kmnist,ssb-v3-block,mlp,protocol-v3,0.2,16,4,1,143,0.0016882920172065496,0.0008542920113541186,555450368,0.0703125
bfae98fff5df224c,kmnist,ssb-v3-block,mlp,protocol-v3,0.2,16,4,1,144,0.0016772089875303209,0.0007137089851312339,555450368,0.0859375
bfae98fff5df224c,kmnist,ssb-v3-block,mlp,protocol-v3,0.2,16,4,1,145,0.0016998749924823642,0.0007782920147292316,555450368,0.1171875
bfae98fff5df224c,kmnist,ssb-v3-block,mlp,protocol-v3,0.2,16,4,1,146,0.0016429590177722275,0.0007128330180421472,555450368,0.109375
bfae98fff5df224c,kmnist,ssb-v3-block,mlp,protocol-v3,0.2,16,4,1,147,0.001696875027846545,0.0008431249880231917,555450368,0.109375
bfae98fff5df224c,kmnist,ssb-v3-block,mlp,protocol-v3,0.2,16,4,1,148,0.0017019580118358135,0.0008402080275118351,555450368,0.1015625
bfae98fff5df224c,kmnist,ssb-v3-block,mlp,protocol-v3,0.2,16,4,1,149,0.0016715830424800515,0.0008607920026406646,555466752,0.09375
bfae98fff5df224c,kmnist,ssb-v3-block,mlp,protocol-v3,0.2,16,4,1,150,0.0017152079963125288,0.0007700420101173222,555466752,0.125
bfae98fff5df224c,kmnist,ssb-v3-block,mlp,protocol-v3,0.2,16,4,1,151,0.0016752500087022781,0.0007913750014267862,555466752,0.1015625
bfae98fff5df224c,kmnist,ssb-v3-block,mlp,protocol-v3,0.2,16,4,1,152,0.0016507499967701733,0.0007808339432813227,555466752,0.109375
bfae98fff5df224c,kmnist,ssb-v3-block,mlp,protocol-v3,0.2,16,4,1,153,0.0016648750170134008,0.0007732500089332461,555466752,0.0859375
bfae98fff5df224c,kmnist,ssb-v3-block,mlp,protocol-v3,0.2,16,4,1,154,0.0017331669805571437,0.0007580419769510627,555466752,0.0859375
bfae98fff5df224c,kmnist,ssb-v3-block,mlp,protocol-v3,0.2,16,4,1,155,0.001659583009313792,0.000770582992117852,555466752,0.109375
bfae98fff5df224c,kmnist,ssb-v3-block,mlp,protocol-v3,0.2,16,4,1,156,0.0015644590021111071,0.0007305840263143182,555466752,0.109375
bfae98fff5df224c,kmnist,ssb-v3-block,mlp,protocol-v3,0.2,16,4,1,157,0.0017912080511450768,0.000719957984983921,555483136,0.1015625
bfae98fff5df224c,kmnist,ssb-v3-block,mlp,protocol-v3,0.2,16,4,1,158,0.0016969999996945262,0.0008504170109517872,555483136,0.09375
bfae98fff5df224c,kmnist,ssb-v3-block,mlp,protocol-v3,0.2,16,4,1,159,0.0016965830000117421,0.0008180420263670385,555483136,0.0546875
bfae98fff5df224c,kmnist,ssb-v3-block,mlp,protocol-v3,0.2,16,4,1,160,0.0016402080073021352,0.0007537089986726642,555483136,0.140625
bfae98fff5df224c,kmnist,ssb-v3-block,mlp,protocol-v3,0.2,16,4,1,161,0.0016394589911215007,0.000762667041271925,555483136,0.078125
bfae98fff5df224c,kmnist,ssb-v3-block,mlp,protocol-v3,0.2,16,4,1,162,0.0016477919998578727,0.0007772500393912196,555483136,0.078125
bfae98fff5df224c,kmnist,ssb-v3-block,mlp,protocol-v3,0.2,16,4,1,163,0.0016517090261913836,0.0007426249794661999,555483136,0.1640625
bfae98fff5df224c,kmnist,ssb-v3-block,mlp,protocol-v3,0.2,16,4,1,164,0.001838041003793478,0.0008312090067192912,555483136,0.125
bfae98fff5df224c,kmnist,ssb-v3-block,mlp,protocol-v3,0.2,16,4,1,165,0.001677667023614049,0.0008232500404119492,555499520,0.1484375
bfae98fff5df224c,kmnist,ssb-v3-block,mlp,protocol-v3,0.2,16,4,1,166,0.001655625004786998,0.0007856670417822897,555499520,0.09375
bfae98fff5df224c,kmnist,ssb-v3-block,mlp,protocol-v3,0.2,16,4,1,167,0.0017194160027429461,0.0007528330315835774,555499520,0.1171875
bfae98fff5df224c,kmnist,ssb-v3-block,mlp,protocol-v3,0.2,16,4,1,168,0.0016844160272739828,0.0008260830072686076,555499520,0.1015625
bfae98fff5df224c,kmnist,ssb-v3-block,mlp,protocol-v3,0.2,16,4,1,169,0.0017106669838540256,0.000767707999330014,555499520,0.0859375
bfae98fff5df224c,kmnist,ssb-v3-block,mlp,protocol-v3,0.2,16,4,1,170,0.0016322080045938492,0.0007978749927133322,555499520,0.109375
bfae98fff5df224c,kmnist,ssb-v3-block,mlp,protocol-v3,0.2,16,4,1,171,0.0016826249775476754,0.0007972500170581043,555499520,0.0703125
bfae98fff5df224c,kmnist,ssb-v3-block,mlp,protocol-v3,0.2,16,4,1,172,0.0016742079751566052,0.0007896249881014228,555499520,0.1171875
bfae98fff5df224c,kmnist,ssb-v3-block,mlp,protocol-v3,0.2,16,4,1,173,0.001672708021942526,0.0008004159899428487,555499520,0.046875
bfae98fff5df224c,kmnist,ssb-v3-block,mlp,protocol-v3,0.2,16,4,1,174,0.0016350829973816872,0.0007352499524131417,555499520,0.09375
bfae98fff5df224c,kmnist,ssb-v3-block,mlp,protocol-v3,0.2,16,4,1,175,0.0016969590215012431,0.0007327080238610506,555499520,0.140625
bfae98fff5df224c,kmnist,ssb-v3-block,mlp,protocol-v3,0.2,16,4,1,176,0.0016658749664202332,0.0007802090258337557,555499520,0.09375
bfae98fff5df224c,kmnist,ssb-v3-block,mlp,protocol-v3,0.2,16,4,1,177,0.0016518750344403088,0.0007311670342460275,555499520,0.125
bfae98fff5df224c,kmnist,ssb-v3-block,mlp,protocol-v3,0.2,16,4,1,178,0.0016318749985657632,0.0007051249849610031,555499520,0.0546875
bfae98fff5df224c,kmnist,ssb-v3-block,mlp,protocol-v3,0.2,16,4,1,179,0.001670458004809916,0.0008070000330917537,555499520,0.1328125
bfae98fff5df224c,kmnist,ssb-v3-block,mlp,protocol-v3,0.2,16,4,1,180,0.001622708048671484,0.0007465000380761921,555499520,0.1015625
bfae98fff5df224c,kmnist,ssb-v3-block,mlp,protocol-v3,0.2,16,4,1,181,0.0017267080256715417,0.0007826249930076301,555499520,0.1015625
bfae98fff5df224c,kmnist,ssb-v3-block,mlp,protocol-v3,0.2,16,4,1,182,0.0016408750088885427,0.0008594579994678497,555499520,0.0546875
bfae98fff5df224c,kmnist,ssb-v3-block,mlp,protocol-v3,0.2,16,4,1,183,0.0016661669942550361,0.0007594169583171606,555499520,0.109375
bfae98fff5df224c,kmnist,ssb-v3-block,mlp,protocol-v3,0.2,16,4,1,184,0.0017689160304144025,0.0007701250142417848,555499520,0.109375
bfae98fff5df224c,kmnist,ssb-v3-block,mlp,protocol-v3,0.2,16,4,1,185,0.0017509579774923623,0.0007730420329608023,555499520,0.0859375
bfae98fff5df224c,kmnist,ssb-v3-block,mlp,protocol-v3,0.2,16,4,1,186,0.0016112910234369338,0.0007334999972954392,555499520,0.078125
bfae98fff5df224c,kmnist,ssb-v3-block,mlp,protocol-v3,0.2,16,4,1,187,0.0017148330225609243,0.0007515839533880353,555499520,0.1015625
bfae98fff5df224c,kmnist,ssb-v3-block,mlp,protocol-v3,0.2,16,4,1,188,0.0017180840368382633,0.0008634999976493418,555499520,0.125
bfae98fff5df224c,kmnist,ssb-v3-block,mlp,protocol-v3,0.2,16,4,1,189,0.0016170840244740248,0.0007647080346941948,555499520,0.0859375
bfae98fff5df224c,kmnist,ssb-v3-block,mlp,protocol-v3,0.2,16,4,1,190,0.0017236670246347785,0.0007782910251989961,555499520,0.0703125
bfae98fff5df224c,kmnist,ssb-v3-block,mlp,protocol-v3,0.2,16,4,1,191,0.0016895420267246664,0.0007865839870646596,555499520,0.046875
bfae98fff5df224c,kmnist,ssb-v3-block,mlp,protocol-v3,0.2,16,4,1,192,0.001635249995160848,0.0007348340004682541,555499520,0.109375
bfae98fff5df224c,kmnist,ssb-v3-block,mlp,protocol-v3,0.2,16,4,1,193,0.001655625004786998,0.0007753749960102141,555499520,0.09375
bfae98fff5df224c,kmnist,ssb-v3-block,mlp,protocol-v3,0.2,16,4,1,194,0.0017062090337276459,0.0008746670209802687,555499520,0.1796875
bfae98fff5df224c,kmnist,ssb-v3-block,mlp,protocol-v3,0.2,16,4,1,195,0.0016907919780351222,0.0008437919896095991,555499520,0.140625
bfae98fff5df224c,kmnist,ssb-v3-block,mlp,protocol-v3,0.2,16,4,1,196,0.0016279160045087337,0.0007290830253623426,555499520,0.140625
bfae98fff5df224c,kmnist,ssb-v3-block,mlp,protocol-v3,0.2,16,4,1,197,0.0016948750126175582,0.0007641250267624855,555499520,0.0625
bfae98fff5df224c,kmnist,ssb-v3-block,mlp,protocol-v3,0.2,16,4,1,198,0.001626916986424476,0.0007597089861519635,555499520,0.0859375
bfae98fff5df224c,kmnist,ssb-v3-block,mlp,protocol-v3,0.2,16,4,1,199,0.0017617500270716846,0.0007939170463941991,555499520,0.125
bfae98fff5df224c,kmnist,ssb-v3-block,mlp,protocol-v3,0.2,16,4,1,200,0.0017227500211447477,0.0008193330140784383,555499520,0.0625
bfae98fff5df224c,kmnist,ssb-v3-block,mlp,protocol-v3,0.2,16,4,1,201,0.0017670830129645765,0.0007664589793421328,555499520,0.1953125
bfae98fff5df224c,kmnist,ssb-v3-block,mlp,protocol-v3,0.2,16,4,1,202,0.0017420839867554605,0.0007905419915914536,555499520,0.1171875
bfae98fff5df224c,kmnist,ssb-v3-block,mlp,protocol-v3,0.2,16,4,1,203,0.0016412090044468641,0.0007118749781511724,555499520,0.0546875
bfae98fff5df224c,kmnist,ssb-v3-block,mlp,protocol-v3,0.2,16,4,1,204,0.0019141660304740071,0.0007854580180719495,555499520,0.171875
bfae98fff5df224c,kmnist,ssb-v3-block,mlp,protocol-v3,0.2,16,4,1,205,0.0016484580119140446,0.00072975002694875,555499520,0.0859375
bfae98fff5df224c,kmnist,ssb-v3-block,mlp,protocol-v3,0.2,16,4,1,206,0.0014155409880913794,0.0008279579924419522,555499520,0.0703125
bfae98fff5df224c,kmnist,ssb-v3-block,mlp,protocol-v3,0.2,16,4,1,207,0.001640458998735994,0.000760458002332598,555515904,0.0625
bfae98fff5df224c,kmnist,ssb-v3-block,mlp,protocol-v3,0.2,16,4,1,208,0.0015967499930411577,0.0007464999798685312,555515904,0.1015625
bfae98fff5df224c,kmnist,ssb-v3-block,mlp,protocol-v3,0.2,16,4,1,209,0.0016822919715195894,0.0007978330249898136,555515904,0.1015625
bfae98fff5df224c,kmnist,ssb-v3-block,mlp,protocol-v3,0.2,16,4,1,210,0.0016440419713035226,0.0007696659886278212,555532288,0.1171875
bfae98fff5df224c,kmnist,ssb-v3-block,mlp,protocol-v3,0.2,16,4,1,211,0.0017513339989818633,0.0007953749736770988,555532288,0.203125
bfae98fff5df224c,kmnist,ssb-v3-block,mlp,protocol-v3,0.2,16,4,1,212,0.0017039999947883189,0.0007490419666282833,555532288,0.15625
bfae98fff5df224c,kmnist,ssb-v3-block,mlp,protocol-v3,0.2,16,4,1,213,0.0015864159795455635,0.0007505000103265047,555532288,0.0703125
bfae98fff5df224c,kmnist,ssb-v3-block,mlp,protocol-v3,0.2,16,4,1,214,0.001709457952529192,0.0008011250174604356,555532288,0.15625
bfae98fff5df224c,kmnist,ssb-v3-block,mlp,protocol-v3,0.2,16,4,1,215,0.0016659169923514128,0.0008582919836044312,555532288,0.0703125
bfae98fff5df224c,kmnist,ssb-v3-block,mlp,protocol-v3,0.2,16,4,1,216,0.0017036249628290534,0.0008293329738080502,555532288,0.1328125
bfae98fff5df224c,kmnist,ssb-v3-block,mlp,protocol-v3,0.2,16,4,1,217,0.001711374963633716,0.0007591249886900187,555532288,0.171875
bfae98fff5df224c,kmnist,ssb-v3-block,mlp,protocol-v3,0.2,16,4,1,218,0.001823458995204419,0.0007382920011878014,555532288,0.140625
bfae98fff5df224c,kmnist,ssb-v3-block,mlp,protocol-v3,0.2,16,4,1,219,0.001667457981966436,0.000836124992929399,555548672,0.09375
bfae98fff5df224c,kmnist,ssb-v3-block,mlp,protocol-v3,0.2,16,4,1,220,0.001595499983523041,0.000775334017816931,555548672,0.1171875
bfae98fff5df224c,kmnist,ssb-v3-block,mlp,protocol-v3,0.2,16,4,1,221,0.0016432080301456153,0.0007661249837838113,555548672,0.1328125
bfae98fff5df224c,kmnist,ssb-v3-block,mlp,protocol-v3,0.2,16,4,1,222,0.0017034999909810722,0.0007493750308640301,555548672,0.3828125
bfae98fff5df224c,kmnist,ssb-v3-block,mlp,protocol-v3,0.2,16,4,1,223,0.0016540829674340785,0.000752874999307096,555548672,0.125
bfae98fff5df224c,kmnist,ssb-v3-block,mlp,protocol-v3,0.2,16,4,1,224,0.0018218749901279807,0.0008483750279992819,555548672,0.109375
bfae98fff5df224c,kmnist,ssb-v3-block,mlp,protocol-v3,0.2,16,4,1,225,0.0016590420273132622,0.0007730419747531414,555548672,0.0859375
bfae98fff5df224c,kmnist,ssb-v3-block,mlp,protocol-v3,0.2,16,4,1,226,0.0017445830162614584,0.000766624987591058,555548672,0.3046875
bfae98fff5df224c,kmnist,ssb-v3-block,mlp,protocol-v3,0.2,16,4,1,227,0.0017242080066353083,0.0006974590360186994,555548672,0.0390625
bfae98fff5df224c,kmnist,ssb-v3-block,mlp,protocol-v3,0.2,16,4,1,228,0.001678750035353005,0.0008145000319927931,555548672,0.125
bfae98fff5df224c,kmnist,ssb-v3-block,mlp,protocol-v3,0.2,16,4,1,229,0.001718625018838793,0.0008677500300109386,555548672,0.046875
bfae98fff5df224c,kmnist,ssb-v3-block,mlp,protocol-v3,0.2,16,4,1,230,0.0016249999753199518,0.0007562499959021807,555565056,0.140625
bfae98fff5df224c,kmnist,ssb-v3-block,mlp,protocol-v3,0.2,16,4,1,231,0.0016567910206504166,0.0007957919733598828,555565056,0.046875
bfae98fff5df224c,kmnist,ssb-v3-block,mlp,protocol-v3,0.2,16,4,1,232,0.001681000052485615,0.0007961660157889128,555565056,0.1015625
bfae98fff5df224c,kmnist,ssb-v3-block,mlp,protocol-v3,0.2,16,4,1,233,0.001692958001513034,0.0007659579860046506,555581440,0.171875
bfae98fff5df224c,kmnist,ssb-v3-block,mlp,protocol-v3,0.2,16,4,1,234,0.0016127919661812484,0.0007521659717895091,555581440,0.109375
bfae98fff5df224c,kmnist,ssb-v3-block,mlp,protocol-v3,0.2,16,4,1,235,0.001696166000328958,0.0009024160099215806,555581440,0.1171875
bfae98fff5df224c,kmnist,ssb-v3-block,mlp,protocol-v3,0.2,16,4,1,236,0.0016003340133465827,0.0007609170279465616,555597824,0.1171875
bfae98fff5df224c,kmnist,ssb-v3-block,mlp,protocol-v3,0.2,16,4,1,237,0.001675124978646636,0.0008117500110529363,555597824,0.0390625
bfae98fff5df224c,kmnist,ssb-v3-block,mlp,protocol-v3,0.2,16,4,1,238,0.0016790420049801469,0.000817666994407773,555597824,0.09375
bfae98fff5df224c,kmnist,ssb-v3-block,mlp,protocol-v3,0.2,16,4,1,239,0.001653374987654388,0.0007660000119358301,555597824,0.109375
bfae98fff5df224c,kmnist,ssb-v3-block,mlp,protocol-v3,0.2,16,4,1,240,0.0016399999731220305,0.0008350000134669244,555597824,0.1171875
bfae98fff5df224c,kmnist,ssb-v3-block,mlp,protocol-v3,0.2,16,4,1,241,0.001687832991592586,0.0008372089941985905,555597824,0.125
bfae98fff5df224c,kmnist,ssb-v3-block,mlp,protocol-v3,0.2,16,4,1,242,0.0016393749974668026,0.0007394159911200404,555597824,0.1171875
bfae98fff5df224c,kmnist,ssb-v3-block,mlp,protocol-v3,0.2,16,4,1,243,0.0016420829924754798,0.0007785830530337989,555597824,0.109375
bfae98fff5df224c,kmnist,ssb-v3-block,mlp,protocol-v3,0.2,16,4,1,244,0.0017200830043293536,0.0007452080026268959,555597824,0.09375
bfae98fff5df224c,kmnist,ssb-v3-block,mlp,protocol-v3,0.2,16,4,1,245,0.0016714159864932299,0.0008728329557925463,555597824,0.1640625
bfae98fff5df224c,kmnist,ssb-v3-block,mlp,protocol-v3,0.2,16,4,1,246,0.0016679579857736826,0.0007708329940214753,555597824,0.0859375
bfae98fff5df224c,kmnist,ssb-v3-block,mlp,protocol-v3,0.2,16,4,1,247,0.0017054170020855963,0.0008258339948952198,555597824,0.1171875
bfae98fff5df224c,kmnist,ssb-v3-block,mlp,protocol-v3,0.2,16,4,1,248,0.001642333052586764,0.000790917023550719,555597824,0.0859375
bfae98fff5df224c,kmnist,ssb-v3-block,mlp,protocol-v3,0.2,16,4,1,249,0.0017515000072307885,0.0007890420383773744,555597824,0.1015625
bfae98fff5df224c,kmnist,ssb-v3-block,mlp,protocol-v3,0.2,16,4,1,250,0.0015739169903099537,0.0006786250160075724,555597824,0.078125
bfae98fff5df224c,kmnist,ssb-v3-block,mlp,protocol-v3,0.2,16,4,1,251,0.001549875014461577,0.0008118749829009175,555614208,0.0859375
bfae98fff5df224c,kmnist,ssb-v3-block,mlp,protocol-v3,0.2,16,4,1,252,0.0016473329742439091,0.000739125011023134,555614208,0.1328125
bfae98fff5df224c,kmnist,ssb-v3-block,mlp,protocol-v3,0.2,16,4,1,253,0.00165779102826491,0.000697542040143162,555614208,0.046875
bfae98fff5df224c,kmnist,ssb-v3-block,mlp,protocol-v3,0.2,16,4,1,254,0.001683084003161639,0.0006675419863313437,555630592,0.078125
bfae98fff5df224c,kmnist,ssb-v3-block,mlp,protocol-v3,0.2,16,4,1,255,0.001726916991174221,0.000770249986089766,555630592,0.1953125
bfae98fff5df224c,kmnist,ssb-v3-block,mlp,protocol-v3,0.2,16,4,1,256,0.0017345420201309025,0.0008317079627886415,555630592,0.0859375
bfae98fff5df224c,kmnist,ssb-v3-block,mlp,protocol-v3,0.2,16,4,1,257,0.0016902910429053009,0.0007514170138165355,555630592,0.1171875
bfae98fff5df224c,kmnist,ssb-v3-block,mlp,protocol-v3,0.2,16,4,1,258,0.0016680000117048621,0.0007730420329608023,555630592,0.1015625
bfae98fff5df224c,kmnist,ssb-v3-block,mlp,protocol-v3,0.2,16,4,1,259,0.0016392079996876419,0.000753166968934238,555630592,0.140625
bfae98fff5df224c,kmnist,ssb-v3-block,mlp,protocol-v3,0.2,16,4,1,260,0.0016804999904707074,0.0008370829746127129,555630592,0.0859375
bfae98fff5df224c,kmnist,ssb-v3-block,mlp,protocol-v3,0.2,16,4,1,261,0.0016457500169053674,0.0007799169979989529,555630592,0.078125
bfae98fff5df224c,kmnist,ssb-v3-block,mlp,protocol-v3,0.2,16,4,1,262,0.0015987500082701445,0.0007692090002819896,555630592,0.1171875
bfae98fff5df224c,kmnist,ssb-v3-block,mlp,protocol-v3,0.2,16,4,1,263,0.0017104580183513463,0.0008284579962491989,555630592,0.0703125
bfae98fff5df224c,kmnist,ssb-v3-block,mlp,protocol-v3,0.2,16,4,1,264,0.0016894169966690242,0.000802457972895354,555630592,0.0703125
bfae98fff5df224c,kmnist,ssb-v3-block,mlp,protocol-v3,0.2,16,4,1,265,0.0015796669758856297,0.0009551670518703759,555630592,0.0625
bfae98fff5df224c,kmnist,ssb-v3-block,mlp,protocol-v3,0.2,16,4,1,266,0.0016722080181352794,0.0007737089763395488,555630592,0.1015625
bfae98fff5df224c,kmnist,ssb-v3-block,mlp,protocol-v3,0.2,16,4,1,267,0.0016960840439423919,0.0007884170045144856,555630592,0.0546875
bfae98fff5df224c,kmnist,ssb-v3-block,mlp,protocol-v3,0.2,16,4,1,268,0.00169329100754112,0.000832833000458777,555630592,0.140625
bfae98fff5df224c,kmnist,ssb-v3-block,mlp,protocol-v3,0.2,16,4,1,269,0.0016265420126728714,0.0007824579952284694,555630592,0.1015625
bfae98fff5df224c,kmnist,ssb-v3-block,mlp,protocol-v3,0.2,16,4,1,270,0.0018479579593986273,0.0008889170130714774,555630592,0.09375
bfae98fff5df224c,kmnist,ssb-v3-block,mlp,protocol-v3,0.2,16,4,1,271,0.0016664580325596035,0.0007680830312892795,555630592,0.0703125
bfae98fff5df224c,kmnist,ssb-v3-block,mlp,protocol-v3,0.2,16,4,1,272,0.00171533296816051,0.000967583036981523,555630592,0.0625
bfae98fff5df224c,kmnist,ssb-v3-block,mlp,protocol-v3,0.2,16,4,1,273,0.0016174169722944498,0.0007915410096757114,555630592,0.0546875
bfae98fff5df224c,kmnist,ssb-v3-block,mlp,protocol-v3,0.2,16,4,1,274,0.0016319999704137444,0.000948333996348083,555630592,0.1484375
bfae98fff5df224c,kmnist,ssb-v3-block,mlp,protocol-v3,0.2,16,4,1,275,0.001717457955237478,0.0008522499701939523,555630592,0.1484375
bfae98fff5df224c,kmnist,ssb-v3-block,mlp,protocol-v3,0.2,16,4,1,276,0.0016794170369394124,0.0007930410210974514,555630592,0.125
bfae98fff5df224c,kmnist,ssb-v3-block,mlp,protocol-v3,0.2,16,4,1,277,0.0017324580112472177,0.0007994169718585908,555646976,0.0546875
bfae98fff5df224c,kmnist,ssb-v3-block,mlp,protocol-v3,0.2,16,4,1,278,0.0015113329864107072,0.0007390420068986714,555646976,0.078125
bfae98fff5df224c,kmnist,ssb-v3-block,mlp,protocol-v3,0.2,16,4,1,279,0.0015447919722646475,0.0008222500327974558,555646976,0.0390625
bfae98fff5df224c,kmnist,ssb-v3-block,mlp,protocol-v3,0.2,16,4,1,280,0.0015038329875096679,0.0007120419759303331,555646976,0.1484375
bfae98fff5df224c,kmnist,ssb-v3-block,mlp,protocol-v3,0.2,16,4,1,281,0.0014795410097576678,0.0007081669755280018,555646976,0.0859375
bfae98fff5df224c,kmnist,ssb-v3-block,mlp,protocol-v3,0.2,16,4,1,282,0.0016756659606471658,0.000802416994702071,555646976,0.0859375
bfae98fff5df224c,kmnist,ssb-v3-block,mlp,protocol-v3,0.2,16,4,1,283,0.0015637499745935202,0.0008003750117495656,555663360,0.0859375
bfae98fff5df224c,kmnist,ssb-v3-block,mlp,protocol-v3,0.2,16,4,1,284,0.0016373750404454768,0.0008357079932466149,555663360,0.140625
bfae98fff5df224c,kmnist,ssb-v3-block,mlp,protocol-v3,0.2,16,4,1,285,0.0015975409769453108,0.0007828329689800739,555663360,0.109375
bfae98fff5df224c,kmnist,ssb-v3-block,mlp,protocol-v3,0.2,16,4,1,286,0.0014740409678779542,0.0006709169829264283,555663360,0.0546875
bfae98fff5df224c,kmnist,ssb-v3-block,mlp,protocol-v3,0.2,16,4,1,287,0.0016298340051434934,0.0008517919923178852,555663360,0.09375
bfae98fff5df224c,kmnist,ssb-v3-block,mlp,protocol-v3,0.2,16,4,1,288,0.0015002089785411954,0.000738041999284178,555663360,0.0703125
bfae98fff5df224c,kmnist,ssb-v3-block,mlp,protocol-v3,0.2,16,4,1,289,0.0014900829992257059,0.0007289170171134174,555679744,0.0625
bfae98fff5df224c,kmnist,ssb-v3-block,mlp,protocol-v3,0.2,16,4,1,290,0.0017387080006301403,0.0008059999672695994,555679744,0.3046875
bfae98fff5df224c,kmnist,ssb-v3-block,mlp,protocol-v3,0.2,16,4,1,291,0.0015827079769223928,0.0008280830224975944,555679744,0.0859375
bfae98fff5df224c,kmnist,ssb-v3-block,mlp,protocol-v3,0.2,16,4,1,292,0.0017577920225448906,0.0007660000119358301,555679744,0.1484375
bfae98fff5df224c,kmnist,ssb-v3-block,mlp,protocol-v3,0.2,16,4,1,293,0.0015819999971427023,0.0006884169997647405,555679744,0.09375
bfae98fff5df224c,kmnist,ssb-v3-block,mlp,protocol-v3,0.2,16,4,1,294,0.0016197909717448056,0.0007600830285809934,555679744,0.09375
bfae98fff5df224c,kmnist,ssb-v3-block,mlp,protocol-v3,0.2,16,4,1,295,0.00167741603218019,0.0008453749469481409,555679744,0.1328125
bfae98fff5df224c,kmnist,ssb-v3-block,mlp,protocol-v3,0.2,16,4,1,296,0.0016625000280328095,0.0008129170164465904,555696128,0.109375
bfae98fff5df224c,kmnist,ssb-v3-block,mlp,protocol-v3,0.2,16,4,1,297,0.0017051250324584544,0.0007908749976195395,555696128,0.125
bfae98fff5df224c,kmnist,ssb-v3-block,mlp,protocol-v3,0.2,16,4,1,298,0.0016851660329848528,0.0007687089964747429,555696128,0.1328125
bfae98fff5df224c,kmnist,ssb-v3-block,mlp,protocol-v3,0.2,16,4,1,299,0.00168599997414276,0.000799959001597017,555696128,0.0703125
bfae98fff5df224c,kmnist,ssb-v3-block,mlp,protocol-v3,0.2,16,4,1,300,0.0016822079778648913,0.0008240000461228192,555696128,0.0859375
bfae98fff5df224c,kmnist,ssb-v3-block,mlp,protocol-v3,0.2,16,4,1,301,0.0017635829863138497,0.0007457499741576612,555696128,0.1328125
bfae98fff5df224c,kmnist,ssb-v3-block,mlp,protocol-v3,0.2,16,4,1,302,0.001674833009019494,0.0008245829958468676,555696128,0.0859375
bfae98fff5df224c,kmnist,ssb-v3-block,mlp,protocol-v3,0.2,16,4,1,303,0.0016688330215401947,0.0007825000211596489,555696128,0.1484375
bfae98fff5df224c,kmnist,ssb-v3-block,mlp,protocol-v3,0.2,16,4,1,304,0.0016614579944871366,0.0008294999715872109,555696128,0.125
bfae98fff5df224c,kmnist,ssb-v3-block,mlp,protocol-v3,0.2,16,4,1,305,0.001695375016424805,0.0008453750051558018,555696128,0.125
bfae98fff5df224c,kmnist,ssb-v3-block,mlp,protocol-v3,0.2,16,4,1,306,0.0017676670104265213,0.0007772500393912196,555712512,0.2578125
bfae98fff5df224c,kmnist,ssb-v3-block,mlp,protocol-v3,0.2,16,4,1,307,0.001603832992259413,0.0006879580323584378,555712512,0.1015625
bfae98fff5df224c,kmnist,ssb-v3-block,mlp,protocol-v3,0.2,16,4,1,308,0.00177650002297014,0.0007681669667363167,555728896,0.1171875
bfae98fff5df224c,kmnist,ssb-v3-block,mlp,protocol-v3,0.2,16,4,1,309,0.0017672089743427932,0.0007677500252611935,555728896,0.1875
bfae98fff5df224c,kmnist,ssb-v3-block,mlp,protocol-v3,0.2,16,4,1,310,0.0016467079985886812,0.0007384169730357826,555728896,0.1328125
bfae98fff5df224c,kmnist,ssb-v3-block,mlp,protocol-v3,0.2,16,4,1,311,0.0016220000106841326,0.0007265419699251652,555728896,0.09375
bfae98fff5df224c,kmnist,ssb-v3-block,mlp,protocol-v3,0.2,16,4,1,312,0.0016298330156132579,0.0007913750014267862,555728896,0.1015625
bfae98fff5df224c,kmnist,ssb-v3-block,mlp,protocol-v3,0.2,16,4,1,313,0.0017106670420616865,0.0007742499583400786,555728896,0.1640625
bfae98fff5df224c,kmnist,ssb-v3-block,mlp,protocol-v3,0.2,16,4,1,314,0.0016406250069849193,0.0007728749769739807,555728896,0.1875
bfae98fff5df224c,kmnist,ssb-v3-block,mlp,protocol-v3,0.2,16,4,1,315,0.0016444160137325525,0.0007698749541305006,555728896,0.09375
bfae98fff5df224c,kmnist,ssb-v3-block,mlp,protocol-v3,0.2,16,4,1,316,0.0016840409953147173,0.0009387080208398402,555728896,0.109375
bfae98fff5df224c,kmnist,ssb-v3-block,mlp,protocol-v3,0.2,16,4,1,317,0.005120333982631564,0.006103791994974017,557105152,0.125
bfae98fff5df224c,kmnist,ssb-v3-block,mlp,protocol-v3,0.2,16,4,1,318,0.0015732909669168293,0.0007816250436007977,557170688,0.3046875
bfae98fff5df224c,kmnist,ssb-v3-block,mlp,protocol-v3,0.2,16,4,1,319,0.0017158749978989363,0.0008354579913429916,557170688,0.046875
bfae98fff5df224c,kmnist,ssb-v3-block,mlp,protocol-v3,0.2,16,4,1,320,0.00166395801352337,0.0007721249712631106,557629440,0.0703125
bfae98fff5df224c,kmnist,ssb-v3-block,mlp,protocol-v3,0.2,16,4,1,321,0.0018551250104792416,0.0007607089937664568,557629440,0.125
bfae98fff5df224c,kmnist,ssb-v3-block,mlp,protocol-v3,0.2,16,4,1,322,0.0016750419745221734,0.000801083049736917,557629440,0.0859375
bfae98fff5df224c,kmnist,ssb-v3-block,mlp,protocol-v3,0.2,16,4,1,323,0.0016645839787088335,0.0007309590000659227,557629440,0.1484375
bfae98fff5df224c,kmnist,ssb-v3-block,mlp,protocol-v3,0.2,16,4,1,324,0.0017116670496761799,0.000832499994430691,557629440,0.125
bfae98fff5df224c,kmnist,ssb-v3-block,mlp,protocol-v3,0.2,16,4,1,325,0.0015475839609280229,0.0008175000548362732,557973504,0.09375
bfae98fff5df224c,kmnist,ssb-v3-block,mlp,protocol-v3,0.2,16,4,1,326,0.0014821250224485993,0.000679749995470047,557973504,0.078125
bfae98fff5df224c,kmnist,ssb-v3-block,mlp,protocol-v3,0.2,16,4,1,327,0.0015517910360358655,0.000895833014510572,557973504,0.0546875
bfae98fff5df224c,kmnist,ssb-v3-block,mlp,protocol-v3,0.2,16,4,1,328,0.0015089160297065973,0.0008373329765163362,557973504,0.109375
bfae98fff5df224c,kmnist,ssb-v3-block,mlp,protocol-v3,0.2,16,4,1,329,0.0015698749921284616,0.0007910830317996442,557973504,0.0859375
bfae98fff5df224c,kmnist,ssb-v3-block,mlp,protocol-v3,0.2,16,4,1,330,0.0017107920139096677,0.0010089579736813903,558104576,0.078125
bfae98fff5df224c,kmnist,ssb-v3-block,mlp,protocol-v3,0.2,16,4,1,331,0.001731916971039027,0.0007641669944860041,558104576,0.1015625
bfae98fff5df224c,kmnist,ssb-v3-block,mlp,protocol-v3,0.2,16,4,1,332,0.0015610409900546074,0.001000917050987482,558104576,0.09375
bfae98fff5df224c,kmnist,ssb-v3-block,mlp,protocol-v3,0.2,16,4,1,333,0.0017547919997014105,0.0009412909857928753,558104576,0.0703125
bfae98fff5df224c,kmnist,ssb-v3-block,mlp,protocol-v3,0.2,16,4,1,334,0.0017789999837987125,0.0008350410498678684,558104576,0.1328125
bfae98fff5df224c,kmnist,ssb-v3-block,mlp,protocol-v3,0.2,16,4,1,335,0.0018461670260876417,0.0008246659999713302,558104576,0.1015625
bfae98fff5df224c,kmnist,ssb-v3-block,mlp,protocol-v3,0.2,16,4,1,336,0.0017159580020233989,0.0008294589933939278,558104576,0.09375
bfae98fff5df224c,kmnist,ssb-v3-block,mlp,protocol-v3,0.2,16,4,1,337,0.0016759170102886856,0.0007767920033074915,558104576,0.09375
bfae98fff5df224c,kmnist,ssb-v3-block,mlp,protocol-v3,0.2,16,4,1,338,0.0017132079810835421,0.0007948330021463335,558104576,0.0703125
bfae98fff5df224c,kmnist,ssb-v3-block,mlp,protocol-v3,0.2,16,4,1,339,0.0016908749821595848,0.000786874967161566,558104576,0.0703125
bfae98fff5df224c,kmnist,ssb-v3-block,mlp,protocol-v3,0.2,16,4,1,340,0.0017112079658545554,0.0008357909973710775,558120960,0.1171875
bfae98fff5df224c,kmnist,ssb-v3-block,mlp,protocol-v3,0.2,16,4,1,341,0.00176454201573506,0.0008454160415567458,558120960,0.2265625
bfae98fff5df224c,kmnist,ssb-v3-block,mlp,protocol-v3,0.2,16,4,1,342,0.0017590410425327718,0.0008178750285878778,558120960,0.203125
bfae98fff5df224c,kmnist,ssb-v3-block,mlp,protocol-v3,0.2,16,4,1,343,0.0017238750006072223,0.0007893329602666199,558120960,0.0859375
bfae98fff5df224c,kmnist,ssb-v3-block,mlp,protocol-v3,0.2,16,4,1,344,0.0016997079947032034,0.0008932080236263573,558120960,0.1015625
bfae98fff5df224c,kmnist,ssb-v3-block,mlp,protocol-v3,0.2,16,4,1,345,0.0015700000221841037,0.0007744999602437019,558120960,0.09375
bfae98fff5df224c,kmnist,ssb-v3-block,mlp,protocol-v3,0.2,16,4,1,346,0.0015561659820377827,0.0008331249700859189,558120960,0.0703125
bfae98fff5df224c,kmnist,ssb-v3-block,mlp,protocol-v3,0.2,16,4,1,347,0.001625250035431236,0.0008201249875128269,558120960,0.1328125
bfae98fff5df224c,kmnist,ssb-v3-block,mlp,protocol-v3,0.2,16,4,1,348,0.001731333031784743,0.0007437499589286745,558120960,0.1484375
bfae98fff5df224c,kmnist,ssb-v3-block,mlp,protocol-v3,0.2,16,4,1,349,0.0018837910029105842,0.0007506249821744859,558120960,0.203125
bfae98fff5df224c,kmnist,ssb-v3-block,mlp,protocol-v3,0.2,16,4,1,350,0.0017071249894797802,0.0007714999956078827,558120960,0.2109375
bfae98fff5df224c,kmnist,ssb-v3-block,mlp,protocol-v3,0.2,16,4,1,351,0.0016630829777568579,0.0007424579816870391,558120960,0.125
bfae98fff5df224c,kmnist,ssb-v3-block,mlp,protocol-v3,0.2,16,4,1,352,0.0017077919910661876,0.0008416249766014516,558120960,0.1171875
bfae98fff5df224c,kmnist,ssb-v3-block,mlp,protocol-v3,0.2,16,4,1,353,0.001753707998432219,0.0009677499765530229,558120960,0.09375
bfae98fff5df224c,kmnist,ssb-v3-block,mlp,protocol-v3,0.2,16,4,1,354,0.0016423749621026218,0.0007784169865772128,558137344,0.109375
bfae98fff5df224c,kmnist,ssb-v3-block,mlp,protocol-v3,0.2,16,4,1,355,0.001617959002032876,0.0007556669879704714,558153728,0.09375
bfae98fff5df224c,kmnist,ssb-v3-block,mlp,protocol-v3,0.2,16,4,1,356,0.0018019159906543791,0.0008149169734679163,558153728,0.140625
bfae98fff5df224c,kmnist,ssb-v3-block,mlp,protocol-v3,0.2,16,4,1,357,0.0017614170210435987,0.0007547910208813846,558153728,0.21875
bfae98fff5df224c,kmnist,ssb-v3-block,mlp,protocol-v3,0.2,16,4,1,358,0.0016902079805731773,0.0008131249924190342,558153728,0.078125
bfae98fff5df224c,kmnist,ssb-v3-block,mlp,protocol-v3,0.2,16,4,1,359,0.0017154589877463877,0.0008763340301811695,558153728,0.1328125
bfae98fff5df224c,kmnist,ssb-v3-block,mlp,protocol-v3,0.2,16,4,1,360,0.001668957993388176,0.000792665989138186,558170112,0.0859375
bfae98fff5df224c,kmnist,ssb-v3-block,mlp,protocol-v3,0.2,16,4,1,361,0.0016734169912524521,0.0006909580552019179,558170112,0.1328125
bfae98fff5df224c,kmnist,ssb-v3-block,mlp,protocol-v3,0.2,16,4,1,362,0.0016964999958872795,0.0008219999726861715,558170112,0.1015625
bfae98fff5df224c,kmnist,ssb-v3-block,mlp,protocol-v3,0.2,16,4,1,363,0.001761249965056777,0.000835333950817585,558170112,0.0546875
bfae98fff5df224c,kmnist,ssb-v3-block,mlp,protocol-v3,0.2,16,4,1,364,0.0016640420071780682,0.000763041025493294,558170112,0.1640625
bfae98fff5df224c,kmnist,ssb-v3-block,mlp,protocol-v3,0.2,16,4,1,365,0.0016731670475564897,0.000818750006146729,558170112,0.09375
bfae98fff5df224c,kmnist,ssb-v3-block,mlp,protocol-v3,0.2,16,4,1,366,0.0016956669860519469,0.0008348749834112823,558186496,0.078125
bfae98fff5df224c,kmnist,ssb-v3-block,mlp,protocol-v3,0.2,16,4,1,367,0.0016871669795364141,0.0007346250349655747,558186496,0.203125
bfae98fff5df224c,kmnist,ssb-v3-block,mlp,protocol-v3,0.2,16,4,1,368,0.0016839590389281511,0.0007873330032452941,558186496,0.1171875
bfae98fff5df224c,kmnist,ssb-v3-block,mlp,protocol-v3,0.2,16,4,1,369,0.0016464999644085765,0.0007457910105586052,558186496,0.1171875
bfae98fff5df224c,kmnist,ssb-v3-block,mlp,protocol-v3,0.2,16,4,1,370,0.0017772080027498305,0.0007772499811835587,558202880,0.1171875
bfae98fff5df224c,kmnist,ssb-v3-block,mlp,protocol-v3,0.2,16,4,1,371,0.0016645420109853148,0.0007889170083217323,558202880,0.1015625
bfae98fff5df224c,kmnist,ssb-v3-block,mlp,protocol-v3,0.2,16,4,1,372,0.0016510409768670797,0.0007644579745829105,558202880,0.109375
bfae98fff5df224c,kmnist,ssb-v3-block,mlp,protocol-v3,0.2,16,4,1,373,0.0016895410371944308,0.0008396250195801258,558202880,0.109375
bfae98fff5df224c,kmnist,ssb-v3-block,mlp,protocol-v3,0.2,16,4,1,374,0.0017460000235587358,0.0007978329667821527,558202880,0.3984375
bfae98fff5df224c,kmnist,ssb-v3-block,mlp,protocol-v3,0.2,16,4,1,375,0.0016854999703355134,0.0009014999959617853,558202880,0.109375
bfae98fff5df224c,kmnist,ssb-v3-block,mlp,protocol-v3,0.2,16,4,1,376,0.0015584580251015723,0.0006961670005694032,558202880,0.1171875
bfae98fff5df224c,kmnist,ssb-v3-block,mlp,protocol-v3,0.2,16,4,1,377,0.001736000005621463,0.000798458990175277,558202880,0.1328125
bfae98fff5df224c,kmnist,ssb-v3-block,mlp,protocol-v3,0.2,16,4,1,378,0.0017643329920247197,0.000841583008877933,558202880,0.109375
bfae98fff5df224c,kmnist,ssb-v3-block,mlp,protocol-v3,0.2,16,4,1,379,0.0017239160370081663,0.0007654170040041208,558202880,0.203125
bfae98fff5df224c,kmnist,ssb-v3-block,mlp,protocol-v3,0.2,16,4,1,380,0.0016934580053202808,0.0008414170006290078,558219264,0.0625
bfae98fff5df224c,kmnist,ssb-v3-block,mlp,protocol-v3,0.2,16,4,1,381,0.0016603749827481806,0.0008054999634623528,558219264,0.0859375
bfae98fff5df224c,kmnist,ssb-v3-block,mlp,protocol-v3,0.2,16,4,1,382,0.0016756670083850622,0.0007036250317469239,558219264,0.1171875
bfae98fff5df224c,kmnist,ssb-v3-block,mlp,protocol-v3,0.2,16,4,1,383,0.0017217909917235374,0.0007022499921731651,558219264,0.2734375
bfae98fff5df224c,kmnist,ssb-v3-block,mlp,protocol-v3,0.2,16,4,1,384,0.004840874986257404,0.004072334035299718,559169536,0.125
bfae98fff5df224c,kmnist,ssb-v3-block,mlp,protocol-v3,0.2,16,4,1,385,0.0015369579778052866,0.0008006660500541329,559169536,0.0703125
bfae98fff5df224c,kmnist,ssb-v3-block,mlp,protocol-v3,0.2,16,4,1,386,0.0015901249716989696,0.0007292499649338424,559169536,0.109375
bfae98fff5df224c,kmnist,ssb-v3-block,mlp,protocol-v3,0.2,16,4,1,387,0.0016472500283271074,0.000831749988719821,559169536,0.1328125
bfae98fff5df224c,kmnist,ssb-v3-block,mlp,protocol-v3,0.2,16,4,1,388,0.0018983330228365958,0.0008049159660004079,559169536,0.1796875
bfae98fff5df224c,kmnist,ssb-v3-block,mlp,protocol-v3,0.2,16,4,1,389,0.0017095000366680324,0.0008562089642509818,559497216,0.0859375
bfae98fff5df224c,kmnist,ssb-v3-block,mlp,protocol-v3,0.2,16,4,1,390,0.0016691670170985162,0.000688167056068778,559497216,0.0859375
bfae98fff5df224c,kmnist,ssb-v3-block,mlp,protocol-v3,0.2,16,4,1,391,0.0017458329675719142,0.0007067919941619039,559857664,0.109375
bfae98fff5df224c,kmnist,ssb-v3-block,mlp,protocol-v3,0.2,16,4,1,392,0.0017933750059455633,0.000853459001518786,559857664,0.1484375
bfae98fff5df224c,kmnist,ssb-v3-block,mlp,protocol-v3,0.2,16,4,1,393,0.0016713330405764282,0.0007886250386945903,559857664,0.078125
bfae98fff5df224c,kmnist,ssb-v3-block,mlp,protocol-v3,0.2,16,4,1,394,0.0016777919954620302,0.0007386250072158873,559857664,0.1796875
bfae98fff5df224c,kmnist,ssb-v3-block,mlp,protocol-v3,0.2,16,4,1,395,0.0017683749902062118,0.0008108750334940851,559857664,0.140625
bfae98fff5df224c,kmnist,ssb-v3-block,mlp,protocol-v3,0.2,16,4,1,396,0.0016139999497681856,0.0007399590103887022,559857664,0.09375
bfae98fff5df224c,kmnist,ssb-v3-block,mlp,protocol-v3,0.2,16,4,1,397,0.0016807499923743308,0.0009797079837881029,559857664,0.109375
bfae98fff5df224c,kmnist,ssb-v3-block,mlp,protocol-v3,0.2,16,4,1,398,0.0016585839912295341,0.0007737079868093133,559857664,0.09375
bfae98fff5df224c,kmnist,ssb-v3-block,mlp,protocol-v3,0.2,16,4,1,399,0.0017089580069296062,0.0008165830513462424,559857664,0.125
bfae98fff5df224c,kmnist,ssb-v3-block,mlp,protocol-v3,0.2,16,4,1,400,0.0016438750317320228,0.0007507920381613076,559857664,0.1171875
bfae98fff5df224c,kmnist,ssb-v3-block,mlp,protocol-v3,0.2,16,4,1,401,0.0016402080073021352,0.0007877920288592577,559874048,0.0859375
bfae98fff5df224c,kmnist,ssb-v3-block,mlp,protocol-v3,0.2,16,4,1,402,0.0017661669990047812,0.0007590830209665,559874048,0.15625
bfae98fff5df224c,kmnist,ssb-v3-block,mlp,protocol-v3,0.2,16,4,1,403,0.0016404580092057586,0.0008233750122599304,559890432,0.1015625
bfae98fff5df224c,kmnist,ssb-v3-block,mlp,protocol-v3,0.2,16,4,1,404,0.001636000000871718,0.000779000052716583,559890432,0.1015625
bfae98fff5df224c,kmnist,ssb-v3-block,mlp,protocol-v3,0.2,16,4,1,405,0.0016339169815182686,0.000756791967432946,559890432,0.09375
bfae98fff5df224c,kmnist,ssb-v3-block,mlp,protocol-v3,0.2,16,4,1,406,0.0017406659899279475,0.0007779999868944287,559890432,0.203125
bfae98fff5df224c,kmnist,ssb-v3-block,mlp,protocol-v3,0.2,16,4,1,407,0.0016564170364290476,0.0008059589890763164,559890432,0.0859375
bfae98fff5df224c,kmnist,ssb-v3-block,mlp,protocol-v3,0.2,16,4,1,408,0.0016398750012740493,0.0008198749856092036,559890432,0.1015625
bfae98fff5df224c,kmnist,ssb-v3-block,mlp,protocol-v3,0.2,16,4,1,409,0.0017619170248508453,0.0008114579832181334,559890432,0.125
bfae98fff5df224c,kmnist,ssb-v3-block,mlp,protocol-v3,0.2,16,4,1,410,0.001644000003580004,0.0007464999798685312,559890432,0.125
bfae98fff5df224c,kmnist,ssb-v3-block,mlp,protocol-v3,0.2,16,4,1,411,0.0017815830069594085,0.0009000000427477062,559890432,0.171875
bfae98fff5df224c,kmnist,ssb-v3-block,mlp,protocol-v3,0.2,16,4,1,412,0.0016321659786626697,0.0007098750211298466,559906816,0.1015625
bfae98fff5df224c,kmnist,ssb-v3-block,mlp,protocol-v3,0.2,16,4,1,413,0.001685666968114674,0.0007607500301674008,559906816,0.171875
bfae98fff5df224c,kmnist,ssb-v3-block,mlp,protocol-v3,0.2,16,4,1,414,0.001713083009235561,0.0007106249686330557,559906816,0.1640625
bfae98fff5df224c,kmnist,ssb-v3-block,mlp,protocol-v3,0.2,16,4,1,415,0.0016486250096932054,0.0006958750309422612,559906816,0.1328125
bfae98fff5df224c,kmnist,ssb-v3-block,mlp,protocol-v3,0.2,16,4,1,416,0.0016055829473771155,0.0008246670477092266,559906816,0.0859375
bfae98fff5df224c,kmnist,ssb-v3-block,mlp,protocol-v3,0.2,16,4,1,417,0.0016243339632637799,0.000714499969035387,559906816,0.0703125
bfae98fff5df224c,kmnist,ssb-v3-block,mlp,protocol-v3,0.2,16,4,1,418,0.0017350830021314323,0.0007750000222586095,559906816,0.2265625
bfae98fff5df224c,kmnist,ssb-v3-block,mlp,protocol-v3,0.2,16,4,1,419,0.0016601249808445573,0.0008001669775694609,559906816,0.1015625
bfae98fff5df224c,kmnist,ssb-v3-block,mlp,protocol-v3,0.2,16,4,1,420,0.0016192499897442758,0.0007900419877842069,559906816,0.125
bfae98fff5df224c,kmnist,ssb-v3-block,mlp,protocol-v3,0.2,16,4,1,421,0.0017709170351736248,0.0007895000162534416,559906816,0.125
bfae98fff5df224c,kmnist,ssb-v3-block,mlp,protocol-v3,0.2,16,4,1,422,0.0016761249862611294,0.0007797080324962735,559906816,0.1171875
bfae98fff5df224c,kmnist,ssb-v3-block,mlp,protocol-v3,0.2,16,4,1,423,0.0016322499723173678,0.0008064580033533275,559906816,0.1328125
bfae98fff5df224c,kmnist,ssb-v3-block,mlp,protocol-v3,0.2,16,4,1,424,0.001638208981603384,0.0007875000010244548,559906816,0.046875
bfae98fff5df224c,kmnist,ssb-v3-block,mlp,protocol-v3,0.2,16,4,1,425,0.0015654999879188836,0.000829958007670939,559906816,0.09375
bfae98fff5df224c,kmnist,ssb-v3-block,mlp,protocol-v3,0.2,16,4,1,426,0.0016204999992623925,0.0007291249930858612,559906816,0.0859375
bfae98fff5df224c,kmnist,ssb-v3-block,mlp,protocol-v3,0.2,16,4,1,427,0.0016410420066677034,0.0007763329776935279,559906816,0.0546875
bfae98fff5df224c,kmnist,ssb-v3-block,mlp,protocol-v3,0.2,16,4,1,428,0.0016281669959425926,0.0007592910551466048,559906816,0.0703125
bfae98fff5df224c,kmnist,ssb-v3-block,mlp,protocol-v3,0.2,16,4,1,429,0.0016580839874222875,0.0006999170291237533,559906816,0.0859375
bfae98fff5df224c,kmnist,ssb-v3-block,mlp,protocol-v3,0.2,16,4,1,430,0.0016397080034948885,0.0007926250109449029,559906816,0.1171875
bfae98fff5df224c,kmnist,ssb-v3-block,mlp,protocol-v3,0.2,16,4,1,431,0.0017157080001197755,0.000834624981507659,559906816,0.078125
bfae98fff5df224c,kmnist,ssb-v3-block,mlp,protocol-v3,0.2,16,4,1,432,0.0015611249837093055,0.0007772500393912196,559906816,0.0546875
bfae98fff5df224c,kmnist,ssb-v3-block,mlp,protocol-v3,0.2,16,4,1,433,0.00168283301172778,0.0008197500137612224,559906816,0.1171875
bfae98fff5df224c,kmnist,ssb-v3-block,mlp,protocol-v3,0.2,16,4,1,434,0.0016846669605001807,0.0007916250033304095,559906816,0.140625
bfae98fff5df224c,kmnist,ssb-v3-block,mlp,protocol-v3,0.2,16,4,1,435,0.0016370409866794944,0.000773542036768049,559906816,0.125
bfae98fff5df224c,kmnist,ssb-v3-block,mlp,protocol-v3,0.2,16,4,1,436,0.0017072909977287054,0.0008859170484356582,559906816,0.125
bfae98fff5df224c,kmnist,ssb-v3-block,mlp,protocol-v3,0.2,16,4,1,437,0.0016664169961586595,0.0008605840266682208,559906816,0.1015625
bfae98fff5df224c,kmnist,ssb-v3-block,mlp,protocol-v3,0.2,16,4,1,438,0.0016467089881189167,0.0007712089573033154,559906816,0.09375
bfae98fff5df224c,kmnist,ssb-v3-block,mlp,protocol-v3,0.2,16,4,1,439,0.0016384160262532532,0.000815166044048965,559906816,0.09375
bfae98fff5df224c,kmnist,ssb-v3-block,mlp,protocol-v3,0.2,16,4,1,440,0.0017253329860977829,0.0007372910040430725,559906816,0.1484375
bfae98fff5df224c,kmnist,ssb-v3-block,mlp,protocol-v3,0.2,16,4,1,441,0.0017836249899119139,0.0008313330472446978,559906816,0.15625
bfae98fff5df224c,kmnist,ssb-v3-block,mlp,protocol-v3,0.2,16,4,1,442,0.0016902079805731773,0.0007753749960102141,559906816,0.109375
bfae98fff5df224c,kmnist,ssb-v3-block,mlp,protocol-v3,0.2,16,4,1,443,0.001658459019381553,0.0007675410015508533,559906816,0.078125
bfae98fff5df224c,kmnist,ssb-v3-block,mlp,protocol-v3,0.2,16,4,1,444,0.0016549589927308261,0.0007833330309949815,559923200,0.1015625
bfae98fff5df224c,kmnist,ssb-v3-block,mlp,protocol-v3,0.2,16,4,1,445,0.0017093329806812108,0.0008646250353194773,559923200,0.0859375
bfae98fff5df224c,kmnist,ssb-v3-block,mlp,protocol-v3,0.2,16,4,1,446,0.0016283339937217534,0.000803917006123811,559939584,0.1171875
bfae98fff5df224c,kmnist,ssb-v3-block,mlp,protocol-v3,0.2,16,4,1,447,0.0017740409821271896,0.0007954159518703818,559939584,0.1015625
bfae98fff5df224c,kmnist,ssb-v3-block,mlp,protocol-v3,0.2,16,4,1,448,0.001715333026368171,0.0007539590005762875,559955968,0.28125
bfae98fff5df224c,kmnist,ssb-v3-block,mlp,protocol-v3,0.2,16,4,1,449,0.001718541025184095,0.0008232080144807696,559955968,0.125
bfae98fff5df224c,kmnist,ssb-v3-block,mlp,protocol-v3,0.2,16,4,1,450,0.001682374975644052,0.0008147499756887555,559955968,0.078125
bfae98fff5df224c,kmnist,ssb-v3-block,mlp,protocol-v3,0.2,16,4,1,451,0.0017309999675489962,0.0007819170132279396,559955968,0.1171875
bfae98fff5df224c,kmnist,ssb-v3-block,mlp,protocol-v3,0.2,16,4,1,452,0.0017530419863760471,0.0008024999988265336,559955968,0.1328125
bfae98fff5df224c,kmnist,ssb-v3-block,mlp,protocol-v3,0.2,16,4,1,453,0.0016661249683238566,0.0008035829523578286,559955968,0.0859375
bfae98fff5df224c,kmnist,ssb-v3-block,mlp,protocol-v3,0.2,16,4,1,454,0.001699750020634383,0.0007527080015279353,559955968,0.0859375
bfae98fff5df224c,kmnist,ssb-v3-block,mlp,protocol-v3,0.2,16,4,1,455,0.0016040839836932719,0.0007736670086160302,559955968,0.1015625
bfae98fff5df224c,kmnist,ssb-v3-block,mlp,protocol-v3,0.2,16,4,1,456,0.0017058750381693244,0.0007749170181341469,559972352,0.1015625
bfae98fff5df224c,kmnist,ssb-v3-block,mlp,protocol-v3,0.2,16,4,1,457,0.0016273329965770245,0.0007387499790638685,559972352,0.1015625
bfae98fff5df224c,kmnist,ssb-v3-block,mlp,protocol-v3,0.2,16,4,1,458,0.0015669999993406236,0.0007124159601517022,559972352,0.1171875
bfae98fff5df224c,kmnist,ssb-v3-block,mlp,protocol-v3,0.2,16,4,1,459,0.0017285830108448863,0.0007213749922811985,559972352,0.2265625
bfae98fff5df224c,kmnist,ssb-v3-block,mlp,protocol-v3,0.2,16,4,1,460,0.0016111659933812916,0.0006997500313445926,559972352,0.078125
bfae98fff5df224c,kmnist,ssb-v3-block,mlp,protocol-v3,0.2,16,4,1,461,0.0016690000193193555,0.0006881249719299376,559972352,0.078125
bfae98fff5df224c,kmnist,ssb-v3-block,mlp,protocol-v3,0.2,16,4,1,462,0.0017684170161373913,0.0007835419964976609,559972352,0.15625
bfae98fff5df224c,kmnist,ssb-v3-block,mlp,protocol-v3,0.2,16,4,1,463,0.0017368749831803143,0.0007490419666282833,559972352,0.1796875
bfae98fff5df224c,kmnist,ssb-v3-block,mlp,protocol-v3,0.2,16,4,1,464,0.0017408330459147692,0.0007809999515302479,559972352,0.140625
bfae98fff5df224c,kmnist,ssb-v3-block,mlp,protocol-v3,0.2,16,4,1,465,0.0016061250353232026,0.000794083985965699,559972352,0.109375
bfae98fff5df224c,kmnist,ssb-v3-block,mlp,protocol-v3,0.2,16,4,1,466,0.0016555420006625354,0.0007831249968148768,559972352,0.0859375
bfae98fff5df224c,kmnist,ssb-v3-block,mlp,protocol-v3,0.2,16,4,1,467,0.0017560830456204712,0.0008505000150762498,559972352,0.2890625
bfae98fff5df224c,kmnist,ssb-v3-block,mlp,protocol-v3,0.2,16,4,1,468,0.010228707978967577,0.025564541050698608,570130432,0.1875
bfae98fff5df224c,kmnist,ssb-v3-block,mlp,protocol-v3,0.2,16,4,2,0,0.0018990000244230032,0.001012458000332117,579026944,0.0859375
bfae98fff5df224c,kmnist,ssb-v3-block,mlp,protocol-v3,0.2,16,4,2,1,0.001960708003025502,0.0009170840494334698,579059712,0.1875
bfae98fff5df224c,kmnist,ssb-v3-block,mlp,protocol-v3,0.2,16,4,2,2,0.0017653339891694486,0.0012671249569393694,579403776,0.0859375
bfae98fff5df224c,kmnist,ssb-v3-block,mlp,protocol-v3,0.2,16,4,2,3,0.002101416001096368,0.0012869999627582729,579633152,0.125
bfae98fff5df224c,kmnist,ssb-v3-block,mlp,protocol-v3,0.2,16,4,2,4,0.0021679580095224082,0.0012117910082452,579633152,0.0546875
bfae98fff5df224c,kmnist,ssb-v3-block,mlp,protocol-v3,0.2,16,4,2,5,0.002260332985315472,0.0013223750283941627,579633152,0.1328125
bfae98fff5df224c,kmnist,ssb-v3-block,mlp,protocol-v3,0.2,16,4,2,6,0.0021607500384561718,0.00101891701342538,579649536,0.1015625
bfae98fff5df224c,kmnist,ssb-v3-block,mlp,protocol-v3,0.2,16,4,2,7,0.001724415982607752,0.0008099590195342898,579649536,0.0859375
bfae98fff5df224c,kmnist,ssb-v3-block,mlp,protocol-v3,0.2,16,4,2,8,0.0017017499776557088,0.0007651670021004975,579649536,0.078125
bfae98fff5df224c,kmnist,ssb-v3-block,mlp,protocol-v3,0.2,16,4,2,9,0.0018135419813916087,0.0008228339720517397,579649536,0.1875
bfae98fff5df224c,kmnist,ssb-v3-block,mlp,protocol-v3,0.2,16,4,2,10,0.0016807080246508121,0.0008580840076319873,579649536,0.1328125
bfae98fff5df224c,kmnist,ssb-v3-block,mlp,protocol-v3,0.2,16,4,2,11,0.0017017089994624257,0.0008072920027188957,579649536,0.203125
bfae98fff5df224c,kmnist,ssb-v3-block,mlp,protocol-v3,0.2,16,4,2,12,0.001756165991537273,0.000731833977624774,580009984,0.1015625
bfae98fff5df224c,kmnist,ssb-v3-block,mlp,protocol-v3,0.2,16,4,2,13,0.0017002919921651483,0.0007578330114483833,580009984,0.1015625
bfae98fff5df224c,kmnist,ssb-v3-block,mlp,protocol-v3,0.2,16,4,2,14,0.0016826659557409585,0.0007699169800616801,580009984,0.0625
bfae98fff5df224c,kmnist,ssb-v3-block,mlp,protocol-v3,0.2,16,4,2,15,0.0016988340066745877,0.0008222080068662763,580009984,0.0859375
bfae98fff5df224c,kmnist,ssb-v3-block,mlp,protocol-v3,0.2,16,4,2,16,0.001672542013693601,0.0007652919739484787,580009984,0.0859375
bfae98fff5df224c,kmnist,ssb-v3-block,mlp,protocol-v3,0.2,16,4,2,17,0.0015715000336058438,0.0008013329934328794,580009984,0.09375
bfae98fff5df224c,kmnist,ssb-v3-block,mlp,protocol-v3,0.2,16,4,2,18,0.0017003329703584313,0.0008178330026566982,580009984,0.078125
bfae98fff5df224c,kmnist,ssb-v3-block,mlp,protocol-v3,0.2,16,4,2,19,0.0016370840021409094,0.0007476250175386667,580009984,0.1171875
bfae98fff5df224c,kmnist,ssb-v3-block,mlp,protocol-v3,0.2,16,4,2,20,0.0018283749814145267,0.0008898749947547913,580009984,0.15625
bfae98fff5df224c,kmnist,ssb-v3-block,mlp,protocol-v3,0.2,16,4,2,21,0.0017740839975886047,0.000766624987591058,580009984,0.140625
bfae98fff5df224c,kmnist,ssb-v3-block,mlp,protocol-v3,0.2,16,4,2,22,0.001732666976749897,0.0009245410328730941,580009984,0.078125
bfae98fff5df224c,kmnist,ssb-v3-block,mlp,protocol-v3,0.2,16,4,2,23,0.0016842919867485762,0.0008229999803006649,580009984,0.09375
bfae98fff5df224c,kmnist,ssb-v3-block,mlp,protocol-v3,0.2,16,4,2,24,0.001695459010079503,0.0008204170153476298,580009984,0.09375
bfae98fff5df224c,kmnist,ssb-v3-block,mlp,protocol-v3,0.2,16,4,2,25,0.0017782500362955034,0.0007878749747760594,580009984,0.1640625
bfae98fff5df224c,kmnist,ssb-v3-block,mlp,protocol-v3,0.2,16,4,2,26,0.0017615410033613443,0.0008995829848572612,580009984,0.1796875
bfae98fff5df224c,kmnist,ssb-v3-block,mlp,protocol-v3,0.2,16,4,2,27,0.001832291018217802,0.0008986250031739473,580009984,0.1171875
bfae98fff5df224c,kmnist,ssb-v3-block,mlp,protocol-v3,0.2,16,4,2,28,0.0016764589818194509,0.0008303339709527791,580009984,0.0859375
bfae98fff5df224c,kmnist,ssb-v3-block,mlp,protocol-v3,0.2,16,4,2,29,0.001794540963601321,0.0008474580245092511,580009984,0.21875
bfae98fff5df224c,kmnist,ssb-v3-block,mlp,protocol-v3,0.2,16,4,2,30,0.001681292022112757,0.0007972089806571603,580009984,0.109375
bfae98fff5df224c,kmnist,ssb-v3-block,mlp,protocol-v3,0.2,16,4,2,31,0.0016655420185998082,0.0008322909707203507,580009984,0.078125
bfae98fff5df224c,kmnist,ssb-v3-block,mlp,protocol-v3,0.2,16,4,2,32,0.0016297499532811344,0.0007189579773694277,580009984,0.140625
bfae98fff5df224c,kmnist,ssb-v3-block,mlp,protocol-v3,0.2,16,4,2,33,0.0015587090165354311,0.0007936250185593963,580009984,0.140625
bfae98fff5df224c,kmnist,ssb-v3-block,mlp,protocol-v3,0.2,16,4,2,34,0.0018197500030510128,0.0008270829566754401,580009984,0.0546875
bfae98fff5df224c,kmnist,ssb-v3-block,mlp,protocol-v3,0.2,16,4,2,35,0.0016370000084862113,0.0007552079623565078,580009984,0.1171875
bfae98fff5df224c,kmnist,ssb-v3-block,mlp,protocol-v3,0.2,16,4,2,36,0.0015152919804677367,0.0007174580241553485,580009984,0.0859375
bfae98fff5df224c,kmnist,ssb-v3-block,mlp,protocol-v3,0.2,16,4,2,37,0.0017879169899970293,0.0008542920113541186,580026368,0.2578125
bfae98fff5df224c,kmnist,ssb-v3-block,mlp,protocol-v3,0.2,16,4,2,38,0.001606416015420109,0.0007868750253692269,580026368,0.109375
bfae98fff5df224c,kmnist,ssb-v3-block,mlp,protocol-v3,0.2,16,4,2,39,0.0016989159630611539,0.0008338749757967889,580026368,0.0703125
bfae98fff5df224c,kmnist,ssb-v3-block,mlp,protocol-v3,0.2,16,4,2,40,0.0017638749559409916,0.0007954169996082783,580026368,0.2421875
bfae98fff5df224c,kmnist,ssb-v3-block,mlp,protocol-v3,0.2,16,4,2,41,0.0017798329936340451,0.0007855839794501662,580026368,0.1015625
bfae98fff5df224c,kmnist,ssb-v3-block,mlp,protocol-v3,0.2,16,4,2,42,0.001677667023614049,0.0008482919656671584,580026368,0.09375
bfae98fff5df224c,kmnist,ssb-v3-block,mlp,protocol-v3,0.2,16,4,2,43,0.0016597079811617732,0.0007526249974034727,580026368,0.1015625
bfae98fff5df224c,kmnist,ssb-v3-block,mlp,protocol-v3,0.2,16,4,2,44,0.0016930830315686762,0.0008336250321008265,580026368,0.0625
bfae98fff5df224c,kmnist,ssb-v3-block,mlp,protocol-v3,0.2,16,4,2,45,0.0016330410144291818,0.0008389580179937184,580026368,0.1015625
bfae98fff5df224c,kmnist,ssb-v3-block,mlp,protocol-v3,0.2,16,4,2,46,0.0016257920069620013,0.0007379169692285359,580026368,0.046875
bfae98fff5df224c,kmnist,ssb-v3-block,mlp,protocol-v3,0.2,16,4,2,47,0.001660333015024662,0.0008034579805098474,580026368,0.0703125
bfae98fff5df224c,kmnist,ssb-v3-block,mlp,protocol-v3,0.2,16,4,2,48,0.0018187909736298025,0.0007634999928995967,580026368,0.140625
bfae98fff5df224c,kmnist,ssb-v3-block,mlp,protocol-v3,0.2,16,4,2,49,0.0017969589680433273,0.0008513749926351011,580026368,0.296875
bfae98fff5df224c,kmnist,ssb-v3-block,mlp,protocol-v3,0.2,16,4,2,50,0.0016654999926686287,0.000756167049985379,580026368,0.109375
bfae98fff5df224c,kmnist,ssb-v3-block,mlp,protocol-v3,0.2,16,4,2,51,0.0016663339920341969,0.0008034170023165643,580026368,0.0859375
bfae98fff5df224c,kmnist,ssb-v3-block,mlp,protocol-v3,0.2,16,4,2,52,0.0016336669796146452,0.0007790419622324407,580026368,0.1171875
bfae98fff5df224c,kmnist,ssb-v3-block,mlp,protocol-v3,0.2,16,4,2,53,0.0016445420333184302,0.000777832989115268,580026368,0.109375
bfae98fff5df224c,kmnist,ssb-v3-block,mlp,protocol-v3,0.2,16,4,2,54,0.0017513750353828073,0.0008399999933317304,580042752,0.09375
bfae98fff5df224c,kmnist,ssb-v3-block,mlp,protocol-v3,0.2,16,4,2,55,0.0017924169660545886,0.0007899170159362257,580042752,0.0625
bfae98fff5df224c,kmnist,ssb-v3-block,mlp,protocol-v3,0.2,16,4,2,56,0.0016814999980852008,0.0008160420111380517,580042752,0.078125
bfae98fff5df224c,kmnist,ssb-v3-block,mlp,protocol-v3,0.2,16,4,2,57,0.0016692079952917993,0.0008024999988265336,580042752,0.125
bfae98fff5df224c,kmnist,ssb-v3-block,mlp,protocol-v3,0.2,16,4,2,58,0.001651291036978364,0.0007458750042133033,580042752,0.1015625
bfae98fff5df224c,kmnist,ssb-v3-block,mlp,protocol-v3,0.2,16,4,2,59,0.001641875016503036,0.0007783749606460333,580042752,0.09375
bfae98fff5df224c,kmnist,ssb-v3-block,mlp,protocol-v3,0.2,16,4,2,60,0.0017635830445215106,0.0008545839809812605,580042752,0.1875
bfae98fff5df224c,kmnist,ssb-v3-block,mlp,protocol-v3,0.2,16,4,2,61,0.0017044590204022825,0.0007102499948814511,580042752,0.1328125
bfae98fff5df224c,kmnist,ssb-v3-block,mlp,protocol-v3,0.2,16,4,2,62,0.001785542001016438,0.0008224999764934182,580042752,0.0859375
bfae98fff5df224c,kmnist,ssb-v3-block,mlp,protocol-v3,0.2,16,4,2,63,0.0016453330172225833,0.0007892909925431013,580059136,0.140625
bfae98fff5df224c,kmnist,ssb-v3-block,mlp,protocol-v3,0.2,16,4,2,64,0.0016462079947814345,0.0007122079841792583,580059136,0.0625
bfae98fff5df224c,kmnist,ssb-v3-block,mlp,protocol-v3,0.2,16,4,2,65,0.0016800830489955842,0.0008095829980447888,580059136,0.125
bfae98fff5df224c,kmnist,ssb-v3-block,mlp,protocol-v3,0.2,16,4,2,66,0.00164974998915568,0.0008148339693434536,580059136,0.046875
bfae98fff5df224c,kmnist,ssb-v3-block,mlp,protocol-v3,0.2,16,4,2,67,0.0016528749838471413,0.0007138340151868761,580059136,0.109375
bfae98fff5df224c,kmnist,ssb-v3-block,mlp,protocol-v3,0.2,16,4,2,68,0.001661041984334588,0.0007719169952906668,580059136,0.09375
bfae98fff5df224c,kmnist,ssb-v3-block,mlp,protocol-v3,0.2,16,4,2,69,0.001698291045613587,0.0007169169839471579,580059136,0.1015625
bfae98fff5df224c,kmnist,ssb-v3-block,mlp,protocol-v3,0.2,16,4,2,70,0.001661791990045458,0.0007754169637337327,580059136,0.078125
bfae98fff5df224c,kmnist,ssb-v3-block,mlp,protocol-v3,0.2,16,4,2,71,0.0016677500098012388,0.0007590000168420374,580059136,0.09375
bfae98fff5df224c,kmnist,ssb-v3-block,mlp,protocol-v3,0.2,16,4,2,72,0.001648042001761496,0.0007978330249898136,580059136,0.1328125
bfae98fff5df224c,kmnist,ssb-v3-block,mlp,protocol-v3,0.2,16,4,2,73,0.001587666047271341,0.0007657089736312628,580059136,0.0859375
bfae98fff5df224c,kmnist,ssb-v3-block,mlp,protocol-v3,0.2,16,4,2,74,0.0016402080073021352,0.0007399580208584666,580059136,0.15625
bfae98fff5df224c,kmnist,ssb-v3-block,mlp,protocol-v3,0.2,16,4,2,75,0.0018268339917995036,0.0008313339785672724,580059136,0.15625
bfae98fff5df224c,kmnist,ssb-v3-block,mlp,protocol-v3,0.2,16,4,2,76,0.0017740419716574252,0.000828541989903897,580075520,0.0625
bfae98fff5df224c,kmnist,ssb-v3-block,mlp,protocol-v3,0.2,16,4,2,77,0.0016843329649418592,0.0008540420094504952,580075520,0.1328125
bfae98fff5df224c,kmnist,ssb-v3-block,mlp,protocol-v3,0.2,16,4,2,78,0.0016459169564768672,0.0007174579659476876,580075520,0.0859375
bfae98fff5df224c,kmnist,ssb-v3-block,mlp,protocol-v3,0.2,16,4,2,79,0.0016634159837849438,0.0007731250370852649,580075520,0.1015625
bfae98fff5df224c,kmnist,ssb-v3-block,mlp,protocol-v3,0.2,16,4,2,80,0.0016125839902088046,0.0007985419942997396,580075520,0.0703125
bfae98fff5df224c,kmnist,ssb-v3-block,mlp,protocol-v3,0.2,16,4,2,81,0.0016629169695079327,0.0008220419986173511,580075520,0.1953125
bfae98fff5df224c,kmnist,ssb-v3-block,mlp,protocol-v3,0.2,16,4,2,82,0.001641875016503036,0.0007388339727185667,580075520,0.0859375
bfae98fff5df224c,kmnist,ssb-v3-block,mlp,protocol-v3,0.2,16,4,2,83,0.001680165994912386,0.0007931669824756682,580075520,0.078125
bfae98fff5df224c,kmnist,ssb-v3-block,mlp,protocol-v3,0.2,16,4,2,84,0.0016500840429216623,0.000797040993347764,580075520,0.109375
bfae98fff5df224c,kmnist,ssb-v3-block,mlp,protocol-v3,0.2,16,4,2,85,0.001715750026050955,0.0008031659526750445,580075520,0.078125
bfae98fff5df224c,kmnist,ssb-v3-block,mlp,protocol-v3,0.2,16,4,2,86,0.0017043750267475843,0.000896250014193356,580075520,0.0546875
bfae98fff5df224c,kmnist,ssb-v3-block,mlp,protocol-v3,0.2,16,4,2,87,0.0016479999758303165,0.000820874993223697,580075520,0.15625
bfae98fff5df224c,kmnist,ssb-v3-block,mlp,protocol-v3,0.2,16,4,2,88,0.001558292016852647,0.000777499983087182,580075520,0.1171875
bfae98fff5df224c,kmnist,ssb-v3-block,mlp,protocol-v3,0.2,16,4,2,89,0.0016328750061802566,0.0007670419872738421,580075520,0.125
bfae98fff5df224c,kmnist,ssb-v3-block,mlp,protocol-v3,0.2,16,4,2,90,0.0016632080078125,0.0008863330003805459,580075520,0.078125
bfae98fff5df224c,kmnist,ssb-v3-block,mlp,protocol-v3,0.2,16,4,2,91,0.0017506669973954558,0.0007427079835906625,580075520,0.109375
bfae98fff5df224c,kmnist,ssb-v3-block,mlp,protocol-v3,0.2,16,4,2,92,0.0017719580209814012,0.0007877080352045596,580075520,0.2734375
bfae98fff5df224c,kmnist,ssb-v3-block,mlp,protocol-v3,0.2,16,4,2,93,0.0016543330275453627,0.0008114160154946148,580075520,0.140625
bfae98fff5df224c,kmnist,ssb-v3-block,mlp,protocol-v3,0.2,16,4,2,94,0.001684500020928681,0.000816583982668817,580075520,0.265625
bfae98fff5df224c,kmnist,ssb-v3-block,mlp,protocol-v3,0.2,16,4,2,95,0.0016741669969633222,0.0009659589850343764,580075520,0.09375
bfae98fff5df224c,kmnist,ssb-v3-block,mlp,protocol-v3,0.2,16,4,2,96,0.0017670830129645765,0.0008313339785672724,580075520,0.1015625
bfae98fff5df224c,kmnist,ssb-v3-block,mlp,protocol-v3,0.2,16,4,2,97,0.0016402089968323708,0.0008612499805167317,580075520,0.0546875
bfae98fff5df224c,kmnist,ssb-v3-block,mlp,protocol-v3,0.2,16,4,2,98,0.0016330829821527004,0.0007636250229552388,580075520,0.1015625
bfae98fff5df224c,kmnist,ssb-v3-block,mlp,protocol-v3,0.2,16,4,2,99,0.001704750000499189,0.0008164579630829394,580075520,0.0625
bfae98fff5df224c,kmnist,ssb-v3-block,mlp,protocol-v3,0.2,16,4,2,100,0.0017419589566998184,0.0008085420122370124,580075520,0.25
bfae98fff5df224c,kmnist,ssb-v3-block,mlp,protocol-v3,0.2,16,4,2,101,0.0015940000303089619,0.0008088749600574374,580075520,0.0625
bfae98fff5df224c,kmnist,ssb-v3-block,mlp,protocol-v3,0.2,16,4,2,102,0.0016540829674340785,0.0007427909877151251,580075520,0.078125
bfae98fff5df224c,kmnist,ssb-v3-block,mlp,protocol-v3,0.2,16,4,2,103,0.0016243749996647239,0.0008260420290753245,580091904,0.109375
bfae98fff5df224c,kmnist,ssb-v3-block,mlp,protocol-v3,0.2,16,4,2,104,0.0016275410307571292,0.000983083969913423,580091904,0.1015625
bfae98fff5df224c,kmnist,ssb-v3-block,mlp,protocol-v3,0.2,16,4,2,105,0.0016438339953310788,0.0007822089828550816,580091904,0.1015625
bfae98fff5df224c,kmnist,ssb-v3-block,mlp,protocol-v3,0.2,16,4,2,106,0.001667541975621134,0.0007554579642601311,580091904,0.09375
bfae98fff5df224c,kmnist,ssb-v3-block,mlp,protocol-v3,0.2,16,4,2,107,0.0016949580167420208,0.0007779579609632492,580091904,0.1171875
bfae98fff5df224c,kmnist,ssb-v3-block,mlp,protocol-v3,0.2,16,4,2,108,0.0017146249883808196,0.0009135410073213279,580091904,0.1015625
bfae98fff5df224c,kmnist,ssb-v3-block,mlp,protocol-v3,0.2,16,4,2,109,0.0016452089766971767,0.0007240830454975367,580091904,0.125
bfae98fff5df224c,kmnist,ssb-v3-block,mlp,protocol-v3,0.2,16,4,2,110,0.0016786250052973628,0.0008108330075629056,580108288,0.0703125
bfae98fff5df224c,kmnist,ssb-v3-block,mlp,protocol-v3,0.2,16,4,2,111,0.001726207963656634,0.0007984580006450415,580108288,0.3046875
bfae98fff5df224c,kmnist,ssb-v3-block,mlp,protocol-v3,0.2,16,4,2,112,0.0016742909792810678,0.0008209170191548765,580108288,0.0859375
bfae98fff5df224c,kmnist,ssb-v3-block,mlp,protocol-v3,0.2,16,4,2,113,0.0016186669818125665,0.0006865420145913959,580108288,0.1015625
bfae98fff5df224c,kmnist,ssb-v3-block,mlp,protocol-v3,0.2,16,4,2,114,0.0016145000117830932,0.0007294170209206641,580108288,0.125
bfae98fff5df224c,kmnist,ssb-v3-block,mlp,protocol-v3,0.2,16,4,2,115,0.0016739589627832174,0.0007989580044522882,580108288,0.0859375
bfae98fff5df224c,kmnist,ssb-v3-block,mlp,protocol-v3,0.2,16,4,2,116,0.0016670839977450669,0.0008307090029120445,580108288,0.1015625
bfae98fff5df224c,kmnist,ssb-v3-block,mlp,protocol-v3,0.2,16,4,2,117,0.001624500029720366,0.0007517500198446214,580108288,0.046875
bfae98fff5df224c,kmnist,ssb-v3-block,mlp,protocol-v3,0.2,16,4,2,118,0.0016750830109231174,0.0007660000119358301,580108288,0.0625
bfae98fff5df224c,kmnist,ssb-v3-block,mlp,protocol-v3,0.2,16,4,2,119,0.0017447500140406191,0.0009024580358527601,580108288,0.1640625
bfae98fff5df224c,kmnist,ssb-v3-block,mlp,protocol-v3,0.2,16,4,2,120,0.0048900829860940576,0.004616499994881451,581009408,0.0546875
bfae98fff5df224c,kmnist,ssb-v3-block,mlp,protocol-v3,0.2,16,4,2,121,0.0015772909973748028,0.0008758339681662619,581386240,0.0625
bfae98fff5df224c,kmnist,ssb-v3-block,mlp,protocol-v3,0.2,16,4,2,122,0.001609708007890731,0.000821291992906481,581386240,0.09375
bfae98fff5df224c,kmnist,ssb-v3-block,mlp,protocol-v3,0.2,16,4,2,123,0.0017827500123530626,0.0008371250005438924,581419008,0.2109375
bfae98fff5df224c,kmnist,ssb-v3-block,mlp,protocol-v3,0.2,16,4,2,124,0.0016700419946573675,0.0007879160111770034,581419008,0.1171875
bfae98fff5df224c,kmnist,ssb-v3-block,mlp,protocol-v3,0.2,16,4,2,125,0.001589666004292667,0.0007373749976977706,581419008,0.125
bfae98fff5df224c,kmnist,ssb-v3-block,mlp,protocol-v3,0.2,16,4,2,126,0.0016516659525223076,0.0008029589662328362,581419008,0.125
bfae98fff5df224c,kmnist,ssb-v3-block,mlp,protocol-v3,0.2,16,4,2,127,0.001807584019843489,0.0008086669840849936,581419008,0.265625
bfae98fff5df224c,kmnist,ssb-v3-block,mlp,protocol-v3,0.2,16,4,2,128,0.001670749974437058,0.0007587500149384141,581763072,0.09375
bfae98fff5df224c,kmnist,ssb-v3-block,mlp,protocol-v3,0.2,16,4,2,129,0.0016565000405535102,0.0007754589896649122,581763072,0.09375
bfae98fff5df224c,kmnist,ssb-v3-block,mlp,protocol-v3,0.2,16,4,2,130,0.001746875001117587,0.0007281669531948864,581763072,0.25
bfae98fff5df224c,kmnist,ssb-v3-block,mlp,protocol-v3,0.2,16,4,2,131,0.0017825410468503833,0.0007281670114025474,581763072,0.2109375
bfae98fff5df224c,kmnist,ssb-v3-block,mlp,protocol-v3,0.2,16,4,2,132,0.0016855839639902115,0.0008438749937340617,581779456,0.1015625
bfae98fff5df224c,kmnist,ssb-v3-block,mlp,protocol-v3,0.2,16,4,2,133,0.0016394170233979821,0.0008316249586641788,581779456,0.0625
bfae98fff5df224c,kmnist,ssb-v3-block,mlp,protocol-v3,0.2,16,4,2,134,0.0016468340181745589,0.0008395840413868427,581779456,0.1328125
bfae98fff5df224c,kmnist,ssb-v3-block,mlp,protocol-v3,0.2,16,4,2,135,0.0017867090064100921,0.0008234159904532135,581779456,0.203125
bfae98fff5df224c,kmnist,ssb-v3-block,mlp,protocol-v3,0.2,16,4,2,136,0.0016966249677352607,0.0008875000057742,581795840,0.125
bfae98fff5df224c,kmnist,ssb-v3-block,mlp,protocol-v3,0.2,16,4,2,137,0.0016852080007083714,0.0008488749735988677,581795840,0.09375
bfae98fff5df224c,kmnist,ssb-v3-block,mlp,protocol-v3,0.2,16,4,2,138,0.0017137090326286852,0.0008346670074388385,581795840,0.1171875
bfae98fff5df224c,kmnist,ssb-v3-block,mlp,protocol-v3,0.2,16,4,2,139,0.0016922499635256827,0.000833209021948278,581795840,0.0703125
bfae98fff5df224c,kmnist,ssb-v3-block,mlp,protocol-v3,0.2,16,4,2,140,0.0015961250173859298,0.0007877920288592577,581795840,0.0859375
bfae98fff5df224c,kmnist,ssb-v3-block,mlp,protocol-v3,0.2,16,4,2,141,0.0016643339768052101,0.0007512909942306578,581795840,0.0625
bfae98fff5df224c,kmnist,ssb-v3-block,mlp,protocol-v3,0.2,16,4,2,142,0.0016487499815411866,0.000947625027038157,581795840,0.09375
bfae98fff5df224c,kmnist,ssb-v3-block,mlp,protocol-v3,0.2,16,4,2,143,0.0017874169861897826,0.0007939159986563027,581795840,0.0859375
bfae98fff5df224c,kmnist,ssb-v3-block,mlp,protocol-v3,0.2,16,4,2,144,0.0016601670067757368,0.0007970419828779995,581795840,0.1328125
bfae98fff5df224c,kmnist,ssb-v3-block,mlp,protocol-v3,0.2,16,4,2,145,0.004752625012770295,0.004809542035218328,582959104,0.2109375
bfae98fff5df224c,kmnist,ssb-v3-block,mlp,protocol-v3,0.2,16,4,2,146,0.0014881669776514173,0.0007608329760842025,583303168,0.1015625
bfae98fff5df224c,kmnist,ssb-v3-block,mlp,protocol-v3,0.2,16,4,2,147,0.0017046250286512077,0.0008258330053649843,583303168,0.171875
bfae98fff5df224c,kmnist,ssb-v3-block,mlp,protocol-v3,0.2,16,4,2,148,0.001685708004515618,0.0007919160416349769,583319552,0.1640625
bfae98fff5df224c,kmnist,ssb-v3-block,mlp,protocol-v3,0.2,16,4,2,149,0.0016330420039594173,0.0007552089518867433,583581696,0.1015625
bfae98fff5df224c,kmnist,ssb-v3-block,mlp,protocol-v3,0.2,16,4,2,150,0.0016799169825389981,0.0008403750252909958,583581696,0.09375
bfae98fff5df224c,kmnist,ssb-v3-block,mlp,protocol-v3,0.2,16,4,2,151,0.0016605000128038228,0.0007417920278385282,583581696,0.078125
bfae98fff5df224c,kmnist,ssb-v3-block,mlp,protocol-v3,0.2,16,4,2,152,0.0016994589823298156,0.0010147079592570662,583581696,0.1171875
bfae98fff5df224c,kmnist,ssb-v3-block,mlp,protocol-v3,0.2,16,4,2,153,0.0016211249749176204,0.0008430830202996731,583581696,0.1015625
bfae98fff5df224c,kmnist,ssb-v3-block,mlp,protocol-v3,0.2,16,4,2,154,0.001665332994889468,0.0007979580550454557,583581696,0.0859375
bfae98fff5df224c,kmnist,ssb-v3-block,mlp,protocol-v3,0.2,16,4,2,155,0.0016362919704988599,0.0007551250164397061,583581696,0.109375
bfae98fff5df224c,kmnist,ssb-v3-block,mlp,protocol-v3,0.2,16,4,2,156,0.0016720839776098728,0.0008726249798201025,583581696,0.125
bfae98fff5df224c,kmnist,ssb-v3-block,mlp,protocol-v3,0.2,16,4,2,157,0.001708832976873964,0.0007496660109609365,583581696,0.0859375
bfae98fff5df224c,kmnist,ssb-v3-block,mlp,protocol-v3,0.2,16,4,2,158,0.001624541007913649,0.0007358340080827475,583581696,0.09375
bfae98fff5df224c,kmnist,ssb-v3-block,mlp,protocol-v3,0.2,16,4,2,159,0.0017014999757520854,0.0008197079878300428,583581696,0.1015625
bfae98fff5df224c,kmnist,ssb-v3-block,mlp,protocol-v3,0.2,16,4,2,160,0.0017252499819733202,0.00089366699103266,583581696,0.2109375
bfae98fff5df224c,kmnist,ssb-v3-block,mlp,protocol-v3,0.2,16,4,2,161,0.0015889580245129764,0.0008388329879380763,583581696,0.0859375
bfae98fff5df224c,kmnist,ssb-v3-block,mlp,protocol-v3,0.2,16,4,2,162,0.0016882499912753701,0.0007966660195961595,583581696,0.1484375
bfae98fff5df224c,kmnist,ssb-v3-block,mlp,protocol-v3,0.2,16,4,2,163,0.001611541025340557,0.0007374169654212892,583581696,0.0703125
bfae98fff5df224c,kmnist,ssb-v3-block,mlp,protocol-v3,0.2,16,4,2,164,0.0016625829739496112,0.0007966659613884985,583581696,0.09375
bfae98fff5df224c,kmnist,ssb-v3-block,mlp,protocol-v3,0.2,16,4,2,165,0.0017932080081664026,0.0008540839771740139,583581696,0.3203125
bfae98fff5df224c,kmnist,ssb-v3-block,mlp,protocol-v3,0.2,16,4,2,166,0.0016625840216875076,0.0007604999700561166,583581696,0.1015625
bfae98fff5df224c,kmnist,ssb-v3-block,mlp,protocol-v3,0.2,16,4,2,167,0.0016152919852174819,0.0007602500263601542,583581696,0.1015625
bfae98fff5df224c,kmnist,ssb-v3-block,mlp,protocol-v3,0.2,16,4,2,168,0.0016912079881876707,0.0007610000320710242,583581696,0.109375
bfae98fff5df224c,kmnist,ssb-v3-block,mlp,protocol-v3,0.2,16,4,2,169,0.0016533340094611049,0.0008055829675868154,583581696,0.1328125
bfae98fff5df224c,kmnist,ssb-v3-block,mlp,protocol-v3,0.2,16,4,2,170,0.0016595409833826125,0.0008071670308709145,583581696,0.1328125
bfae98fff5df224c,kmnist,ssb-v3-block,mlp,protocol-v3,0.2,16,4,2,171,0.0016522920341230929,0.0006974160205572844,583581696,0.0859375
bfae98fff5df224c,kmnist,ssb-v3-block,mlp,protocol-v3,0.2,16,4,2,172,0.001549250038806349,0.0007624590070918202,583581696,0.0546875
bfae98fff5df224c,kmnist,ssb-v3-block,mlp,protocol-v3,0.2,16,4,2,173,0.0015523330075666308,0.0008384170359931886,583581696,0.0546875
bfae98fff5df224c,kmnist,ssb-v3-block,mlp,protocol-v3,0.2,16,4,2,174,0.0016640840331092477,0.0007227500318549573,583581696,0.0625
bfae98fff5df224c,kmnist,ssb-v3-block,mlp,protocol-v3,0.2,16,4,2,175,0.0016806659987196326,0.0007911669672466815,583581696,0.078125
bfae98fff5df224c,kmnist,ssb-v3-block,mlp,protocol-v3,0.2,16,4,2,176,0.0017347920220345259,0.0008670840179547668,583581696,0.1875
bfae98fff5df224c,kmnist,ssb-v3-block,mlp,protocol-v3,0.2,16,4,2,177,0.0017699169693514705,0.0008156250114552677,583581696,0.265625
bfae98fff5df224c,kmnist,ssb-v3-block,mlp,protocol-v3,0.2,16,4,2,178,0.001598333998117596,0.000730707950424403,583598080,0.140625
bfae98fff5df224c,kmnist,ssb-v3-block,mlp,protocol-v3,0.2,16,4,2,179,0.0015634589944966137,0.0007627090089954436,583598080,0.125
bfae98fff5df224c,kmnist,ssb-v3-block,mlp,protocol-v3,0.2,16,4,2,180,0.0017556669772602618,0.0007896249881014228,583598080,0.1015625
bfae98fff5df224c,kmnist,ssb-v3-block,mlp,protocol-v3,0.2,16,4,2,181,0.0017017920035868883,0.0007978749927133322,583598080,0.1015625
bfae98fff5df224c,kmnist,ssb-v3-block,mlp,protocol-v3,0.2,16,4,2,182,0.0016561250085942447,0.000811500009149313,583598080,0.078125
bfae98fff5df224c,kmnist,ssb-v3-block,mlp,protocol-v3,0.2,16,4,2,183,0.0016851249965839088,0.000820583023596555,583598080,0.1015625
bfae98fff5df224c,kmnist,ssb-v3-block,mlp,protocol-v3,0.2,16,4,2,184,0.0016098750056698918,0.0008257079753093421,583598080,0.125
bfae98fff5df224c,kmnist,ssb-v3-block,mlp,protocol-v3,0.2,16,4,2,185,0.0016732079675421119,0.0007996250060386956,583598080,0.0859375
bfae98fff5df224c,kmnist,ssb-v3-block,mlp,protocol-v3,0.2,16,4,2,186,0.001646250020712614,0.00073441700078547,583598080,0.078125
bfae98fff5df224c,kmnist,ssb-v3-block,mlp,protocol-v3,0.2,16,4,2,187,0.0017363749793730676,0.0007884160149842501,583598080,0.0859375
bfae98fff5df224c,kmnist,ssb-v3-block,mlp,protocol-v3,0.2,16,4,2,188,0.001641915994696319,0.0007672079955227673,583598080,0.09375
bfae98fff5df224c,kmnist,ssb-v3-block,mlp,protocol-v3,0.2,16,4,2,189,0.00163462501950562,0.0007449999684467912,583598080,0.0703125
bfae98fff5df224c,kmnist,ssb-v3-block,mlp,protocol-v3,0.2,16,4,2,190,0.00168058299459517,0.000781875045504421,583598080,0.0703125
bfae98fff5df224c,kmnist,ssb-v3-block,mlp,protocol-v3,0.2,16,4,2,191,0.0016496249591000378,0.0007467499817721546,583598080,0.3515625
bfae98fff5df224c,kmnist,ssb-v3-block,mlp,protocol-v3,0.2,16,4,2,192,0.0016574579640291631,0.0007800830062478781,583598080,0.0859375
bfae98fff5df224c,kmnist,ssb-v3-block,mlp,protocol-v3,0.2,16,4,2,193,0.0017768749967217445,0.0007925000390969217,583598080,0.25
bfae98fff5df224c,kmnist,ssb-v3-block,mlp,protocol-v3,0.2,16,4,2,194,0.001702332985587418,0.000869082985445857,583598080,0.109375
bfae98fff5df224c,kmnist,ssb-v3-block,mlp,protocol-v3,0.2,16,4,2,195,0.0017382919904775918,0.0007767920033074915,583598080,0.2578125
bfae98fff5df224c,kmnist,ssb-v3-block,mlp,protocol-v3,0.2,16,4,2,196,0.0017411669832654297,0.0007773750112392008,583598080,0.234375
bfae98fff5df224c,kmnist,ssb-v3-block,mlp,protocol-v3,0.2,16,4,2,197,0.00164229201618582,0.0007974160253070295,583598080,0.09375
bfae98fff5df224c,kmnist,ssb-v3-block,mlp,protocol-v3,0.2,16,4,2,198,0.0015938750002533197,0.0007636249647475779,583598080,0.0859375
bfae98fff5df224c,kmnist,ssb-v3-block,mlp,protocol-v3,0.2,16,4,2,199,0.0016478750039823353,0.00076879101106897,583598080,0.09375
bfae98fff5df224c,kmnist,ssb-v3-block,mlp,protocol-v3,0.2,16,4,2,200,0.0016343340394087136,0.0007744580507278442,583614464,0.0390625
bfae98fff5df224c,kmnist,ssb-v3-block,mlp,protocol-v3,0.2,16,4,2,201,0.0017393340240232646,0.0007847499800845981,583614464,0.0625
bfae98fff5df224c,kmnist,ssb-v3-block,mlp,protocol-v3,0.2,16,4,2,202,0.0017158749978989363,0.0008186670020222664,583614464,0.1328125
bfae98fff5df224c,kmnist,ssb-v3-block,mlp,protocol-v3,0.2,16,4,2,203,0.0016532500158064067,0.0007762919995002449,583614464,0.1328125
bfae98fff5df224c,kmnist,ssb-v3-block,mlp,protocol-v3,0.2,16,4,2,204,0.001695042010396719,0.0008442079997621477,583614464,0.125
bfae98fff5df224c,kmnist,ssb-v3-block,mlp,protocol-v3,0.2,16,4,2,205,0.001599166018422693,0.0006863750168122351,583614464,0.0546875
bfae98fff5df224c,kmnist,ssb-v3-block,mlp,protocol-v3,0.2,16,4,2,206,0.0016799580189399421,0.0008004169794730842,583614464,0.0703125
bfae98fff5df224c,kmnist,ssb-v3-block,mlp,protocol-v3,0.2,16,4,2,207,0.0016507079708389938,0.0007477500475943089,583614464,0.1328125
bfae98fff5df224c,kmnist,ssb-v3-block,mlp,protocol-v3,0.2,16,4,2,208,0.001641915994696319,0.0007389169768430293,583614464,0.09375
bfae98fff5df224c,kmnist,ssb-v3-block,mlp,protocol-v3,0.2,16,4,2,209,0.00165854103397578,0.0007962089730426669,583630848,0.1171875
bfae98fff5df224c,kmnist,ssb-v3-block,mlp,protocol-v3,0.2,16,4,2,210,0.0017651249654591084,0.0008154999813996255,583630848,0.2890625
bfae98fff5df224c,kmnist,ssb-v3-block,mlp,protocol-v3,0.2,16,4,2,211,0.0016439160099253058,0.0007562500541098416,583630848,0.109375
bfae98fff5df224c,kmnist,ssb-v3-block,mlp,protocol-v3,0.2,16,4,2,212,0.0016098750056698918,0.0008063329732976854,583630848,0.1015625
bfae98fff5df224c,kmnist,ssb-v3-block,mlp,protocol-v3,0.2,16,4,2,213,0.0017424169927835464,0.0008540829876437783,583630848,0.078125
bfae98fff5df224c,kmnist,ssb-v3-block,mlp,protocol-v3,0.2,16,4,2,214,0.001693958998657763,0.0007797079742886126,583630848,0.3125
bfae98fff5df224c,kmnist,ssb-v3-block,mlp,protocol-v3,0.2,16,4,2,215,0.0016511250287294388,0.0008697919547557831,583630848,0.1015625
bfae98fff5df224c,kmnist,ssb-v3-block,mlp,protocol-v3,0.2,16,4,2,216,0.0016527920379303396,0.000788334000390023,583630848,0.125
bfae98fff5df224c,kmnist,ssb-v3-block,mlp,protocol-v3,0.2,16,4,2,217,0.0017447909922339022,0.0007580419769510627,583630848,0.359375
bfae98fff5df224c,kmnist,ssb-v3-block,mlp,protocol-v3,0.2,16,4,2,218,0.0016658750246278942,0.0008276249864138663,583630848,0.0859375
bfae98fff5df224c,kmnist,ssb-v3-block,mlp,protocol-v3,0.2,16,4,2,219,0.0016575420158915222,0.0007922500371932983,583630848,0.1328125
bfae98fff5df224c,kmnist,ssb-v3-block,mlp,protocol-v3,0.2,16,4,2,220,0.0016667080344632268,0.0007892079884186387,583630848,0.1640625
bfae98fff5df224c,kmnist,ssb-v3-block,mlp,protocol-v3,0.2,16,4,2,221,0.0017613749951124191,0.0007769580115564167,583630848,0.34375
bfae98fff5df224c,kmnist,ssb-v3-block,mlp,protocol-v3,0.2,16,4,2,222,0.001668207987677306,0.0008434579940512776,583630848,0.1171875
bfae98fff5df224c,kmnist,ssb-v3-block,mlp,protocol-v3,0.2,16,4,2,223,0.0016833329573273659,0.0006954579730518162,583630848,0.109375
bfae98fff5df224c,kmnist,ssb-v3-block,mlp,protocol-v3,0.2,16,4,2,224,0.001620874973013997,0.0007504160166718066,583630848,0.09375
bfae98fff5df224c,kmnist,ssb-v3-block,mlp,protocol-v3,0.2,16,4,2,225,0.001643333991523832,0.0007483750232495368,583630848,0.0546875
bfae98fff5df224c,kmnist,ssb-v3-block,mlp,protocol-v3,0.2,16,4,2,226,0.0016325410106219351,0.0007836250006221235,583630848,0.0859375
bfae98fff5df224c,kmnist,ssb-v3-block,mlp,protocol-v3,0.2,16,4,2,227,0.0017980000120587647,0.0007338330033235252,583630848,0.234375
bfae98fff5df224c,kmnist,ssb-v3-block,mlp,protocol-v3,0.2,16,4,2,228,0.0016550000291317701,0.0006760419928468764,583630848,0.140625
bfae98fff5df224c,kmnist,ssb-v3-block,mlp,protocol-v3,0.2,16,4,2,229,0.001583124976605177,0.0006701250094920397,583630848,0.140625
bfae98fff5df224c,kmnist,ssb-v3-block,mlp,protocol-v3,0.2,16,4,2,230,0.0016231249901466072,0.0008000420057214797,583630848,0.109375
bfae98fff5df224c,kmnist,ssb-v3-block,mlp,protocol-v3,0.2,16,4,2,231,0.001636040979065001,0.0008172920206561685,583630848,0.109375
bfae98fff5df224c,kmnist,ssb-v3-block,mlp,protocol-v3,0.2,16,4,2,232,0.00175258400849998,0.0007739589782431722,583630848,0.1875
bfae98fff5df224c,kmnist,ssb-v3-block,mlp,protocol-v3,0.2,16,4,2,233,0.00164004199905321,0.0008126250468194485,583630848,0.0546875
bfae98fff5df224c,kmnist,ssb-v3-block,mlp,protocol-v3,0.2,16,4,2,234,0.0016611249884590507,0.0007985410047695041,583630848,0.109375
bfae98fff5df224c,kmnist,ssb-v3-block,mlp,protocol-v3,0.2,16,4,2,235,0.0016938750050030649,0.000781084003392607,583630848,0.078125
bfae98fff5df224c,kmnist,ssb-v3-block,mlp,protocol-v3,0.2,16,4,2,236,0.0016685419832356274,0.0007724579772911966,583630848,0.078125
bfae98fff5df224c,kmnist,ssb-v3-block,mlp,protocol-v3,0.2,16,4,2,237,0.0017577499966137111,0.0008028749725781381,583647232,0.296875
bfae98fff5df224c,kmnist,ssb-v3-block,mlp,protocol-v3,0.2,16,4,2,238,0.001623834017664194,0.0007838750025257468,583647232,0.140625
bfae98fff5df224c,kmnist,ssb-v3-block,mlp,protocol-v3,0.2,16,4,2,239,0.00157270795898512,0.0007854580180719495,583647232,0.125
bfae98fff5df224c,kmnist,ssb-v3-block,mlp,protocol-v3,0.2,16,4,2,240,0.001651209022384137,0.0007736670086160302,583647232,0.078125
bfae98fff5df224c,kmnist,ssb-v3-block,mlp,protocol-v3,0.2,16,4,2,241,0.001716416038107127,0.0008262920309789479,583647232,0.2578125
bfae98fff5df224c,kmnist,ssb-v3-block,mlp,protocol-v3,0.2,16,4,2,242,0.0016318340203724802,0.0007665840093977749,583647232,0.1484375
bfae98fff5df224c,kmnist,ssb-v3-block,mlp,protocol-v3,0.2,16,4,2,243,0.00161145901074633,0.0007989999721758068,583647232,0.0703125
bfae98fff5df224c,kmnist,ssb-v3-block,mlp,protocol-v3,0.2,16,4,2,244,0.001760916959028691,0.0007620000396855175,583647232,0.2109375
bfae98fff5df224c,kmnist,ssb-v3-block,mlp,protocol-v3,0.2,16,4,2,245,0.0015945830382406712,0.0007108330028131604,583647232,0.1015625
bfae98fff5df224c,kmnist,ssb-v3-block,mlp,protocol-v3,0.2,16,4,2,246,0.0017698750016279519,0.0008020829991437495,583647232,0.328125
bfae98fff5df224c,kmnist,ssb-v3-block,mlp,protocol-v3,0.2,16,4,2,247,0.0016130830044858158,0.0006948330556042492,583647232,0.1015625
bfae98fff5df224c,kmnist,ssb-v3-block,mlp,protocol-v3,0.2,16,4,2,248,0.0017558340332470834,0.0007783750188536942,583647232,0.28125
bfae98fff5df224c,kmnist,ssb-v3-block,mlp,protocol-v3,0.2,16,4,2,249,0.0017061250400729477,0.0008203329634852707,583647232,0.2890625
bfae98fff5df224c,kmnist,ssb-v3-block,mlp,protocol-v3,0.2,16,4,2,250,0.0016645409632474184,0.000824958027806133,583647232,0.109375
bfae98fff5df224c,kmnist,ssb-v3-block,mlp,protocol-v3,0.2,16,4,2,251,0.001680249988567084,0.0008222500327974558,583647232,0.0859375
bfae98fff5df224c,kmnist,ssb-v3-block,mlp,protocol-v3,0.2,16,4,2,252,0.0017112079658545554,0.000799582980107516,583647232,0.0859375
bfae98fff5df224c,kmnist,ssb-v3-block,mlp,protocol-v3,0.2,16,4,2,253,0.0016934999730437994,0.0007667919853702188,583647232,0.09375
bfae98fff5df224c,kmnist,ssb-v3-block,mlp,protocol-v3,0.2,16,4,2,254,0.0016381660243496299,0.000780792033765465,583647232,0.109375
bfae98fff5df224c,kmnist,ssb-v3-block,mlp,protocol-v3,0.2,16,4,2,255,0.0016691669588908553,0.0008419170044362545,583647232,0.0859375
bfae98fff5df224c,kmnist,ssb-v3-block,mlp,protocol-v3,0.2,16,4,2,256,0.001696040970273316,0.0008611250086687505,583647232,0.078125
bfae98fff5df224c,kmnist,ssb-v3-block,mlp,protocol-v3,0.2,16,4,2,257,0.0015626249951310456,0.0007526670233346522,583647232,0.0625
bfae98fff5df224c,kmnist,ssb-v3-block,mlp,protocol-v3,0.2,16,4,2,258,0.0015563340275548398,0.0006583749782294035,583647232,0.09375
bfae98fff5df224c,kmnist,ssb-v3-block,mlp,protocol-v3,0.2,16,4,2,259,0.0015855419915169477,0.0007180420216172934,583647232,0.140625
bfae98fff5df224c,kmnist,ssb-v3-block,mlp,protocol-v3,0.2,16,4,2,260,0.0017180409631691873,0.0007857079617679119,583647232,0.171875
bfae98fff5df224c,kmnist,ssb-v3-block,mlp,protocol-v3,0.2,16,4,2,261,0.001662875001784414,0.000839749991428107,583647232,0.109375
bfae98fff5df224c,kmnist,ssb-v3-block,mlp,protocol-v3,0.2,16,4,2,262,0.0016523749800398946,0.0007798330043442547,583663616,0.0703125
bfae98fff5df224c,kmnist,ssb-v3-block,mlp,protocol-v3,0.2,16,4,2,263,0.001672124955803156,0.0006692910101264715,583663616,0.0859375
bfae98fff5df224c,kmnist,ssb-v3-block,mlp,protocol-v3,0.2,16,4,2,264,0.0016152500174939632,0.0007300410070456564,583663616,0.09375
bfae98fff5df224c,kmnist,ssb-v3-block,mlp,protocol-v3,0.2,16,4,2,265,0.0016657920205034316,0.0008293749997392297,583663616,0.0625
bfae98fff5df224c,kmnist,ssb-v3-block,mlp,protocol-v3,0.2,16,4,2,266,0.0016871250118128955,0.0008312920108437538,583663616,0.0625
bfae98fff5df224c,kmnist,ssb-v3-block,mlp,protocol-v3,0.2,16,4,2,267,0.0017532500205561519,0.0007799580343998969,583663616,0.3125
bfae98fff5df224c,kmnist,ssb-v3-block,mlp,protocol-v3,0.2,16,4,2,268,0.001607040991075337,0.0006880409782752395,583663616,0.0859375
bfae98fff5df224c,kmnist,ssb-v3-block,mlp,protocol-v3,0.2,16,4,2,269,0.0016191250178962946,0.0006948750233277678,583663616,0.09375
bfae98fff5df224c,kmnist,ssb-v3-block,mlp,protocol-v3,0.2,16,4,2,270,0.0016623330302536488,0.0007802079780958593,583663616,0.125
bfae98fff5df224c,kmnist,ssb-v3-block,mlp,protocol-v3,0.2,16,4,2,271,0.001672250044066459,0.000798500026576221,583663616,0.1171875
bfae98fff5df224c,kmnist,ssb-v3-block,mlp,protocol-v3,0.2,16,4,2,272,0.00184449995867908,0.0007719170534983277,583663616,0.0546875
bfae98fff5df224c,kmnist,ssb-v3-block,mlp,protocol-v3,0.2,16,4,2,273,0.0016767089837230742,0.0008053749916143715,583663616,0.140625
bfae98fff5df224c,kmnist,ssb-v3-block,mlp,protocol-v3,0.2,16,4,2,274,0.0017158749978989363,0.0007430409896187484,583663616,0.2890625
bfae98fff5df224c,kmnist,ssb-v3-block,mlp,protocol-v3,0.2,16,4,2,275,0.0017049580346792936,0.0008604999748058617,583663616,0.09375
bfae98fff5df224c,kmnist,ssb-v3-block,mlp,protocol-v3,0.2,16,4,2,276,0.0016517500043846667,0.0008230419480241835,583663616,0.109375
bfae98fff5df224c,kmnist,ssb-v3-block,mlp,protocol-v3,0.2,16,4,2,277,0.0017042079707607627,0.0008384590037167072,583663616,0.125
bfae98fff5df224c,kmnist,ssb-v3-block,mlp,protocol-v3,0.2,16,4,2,278,0.001693582977168262,0.0007779160514473915,583663616,0.1171875
bfae98fff5df224c,kmnist,ssb-v3-block,mlp,protocol-v3,0.2,16,4,2,279,0.0016972909797914326,0.0007871669949963689,583663616,0.0859375
bfae98fff5df224c,kmnist,ssb-v3-block,mlp,protocol-v3,0.2,16,4,2,280,0.0016910419799387455,0.0008027079747989774,583663616,0.0859375
bfae98fff5df224c,kmnist,ssb-v3-block,mlp,protocol-v3,0.2,16,4,2,281,0.0016770000220276415,0.0007510410505346954,583663616,0.1171875
bfae98fff5df224c,kmnist,ssb-v3-block,mlp,protocol-v3,0.2,16,4,2,282,0.001673332997597754,0.0007799580343998969,583663616,0.140625
bfae98fff5df224c,kmnist,ssb-v3-block,mlp,protocol-v3,0.2,16,4,2,283,0.0030633750138804317,0.0007742500165477395,583663616,0.0703125
bfae98fff5df224c,kmnist,ssb-v3-block,mlp,protocol-v3,0.2,16,4,2,284,0.001623291987925768,0.0007559580262750387,583680000,0.0859375
bfae98fff5df224c,kmnist,ssb-v3-block,mlp,protocol-v3,0.2,16,4,2,285,0.0016560000367462635,0.0007577079813927412,583680000,0.078125
bfae98fff5df224c,kmnist,ssb-v3-block,mlp,protocol-v3,0.2,16,4,2,286,0.0018522919854149222,0.0008107090252451599,583680000,0.2421875
bfae98fff5df224c,kmnist,ssb-v3-block,mlp,protocol-v3,0.2,16,4,2,287,0.001776167016942054,0.0008501249831169844,583696384,0.34375
bfae98fff5df224c,kmnist,ssb-v3-block,mlp,protocol-v3,0.2,16,4,2,288,0.0016709580086171627,0.000786124961450696,583696384,0.09375
bfae98fff5df224c,kmnist,ssb-v3-block,mlp,protocol-v3,0.2,16,4,2,289,0.0016562080127187073,0.0007529580034315586,583696384,0.125
bfae98fff5df224c,kmnist,ssb-v3-block,mlp,protocol-v3,0.2,16,4,2,290,0.0016099579515866935,0.0007643339922651649,583696384,0.0859375
bfae98fff5df224c,kmnist,ssb-v3-block,mlp,protocol-v3,0.2,16,4,2,291,0.0016770419897511601,0.0007193749770522118,583696384,0.1015625
bfae98fff5df224c,kmnist,ssb-v3-block,mlp,protocol-v3,0.2,16,4,2,292,0.001678749977145344,0.0008310420089401305,583696384,0.1171875
bfae98fff5df224c,kmnist,ssb-v3-block,mlp,protocol-v3,0.2,16,4,2,293,0.001707333023659885,0.0006993329734541476,583696384,0.0859375
bfae98fff5df224c,kmnist,ssb-v3-block,mlp,protocol-v3,0.2,16,4,2,294,0.001675834006164223,0.000811500009149313,583696384,0.15625
bfae98fff5df224c,kmnist,ssb-v3-block,mlp,protocol-v3,0.2,16,4,2,295,0.0017542080022394657,0.0007309999782592058,583696384,0.3515625
bfae98fff5df224c,kmnist,ssb-v3-block,mlp,protocol-v3,0.2,16,4,2,296,0.0016391670214943588,0.0007733749807812274,583696384,0.109375
bfae98fff5df224c,kmnist,ssb-v3-block,mlp,protocol-v3,0.2,16,4,2,297,0.001699834014289081,0.0007336250273510814,583696384,0.1953125
bfae98fff5df224c,kmnist,ssb-v3-block,mlp,protocol-v3,0.2,16,4,2,298,0.0016865419456735253,0.0008243329939432442,583696384,0.109375
bfae98fff5df224c,kmnist,ssb-v3-block,mlp,protocol-v3,0.2,16,4,2,299,0.0016588339931331575,0.0006972500123083591,583696384,0.09375
bfae98fff5df224c,kmnist,ssb-v3-block,mlp,protocol-v3,0.2,16,4,2,300,0.0016930410056374967,0.0007160420063883066,583696384,0.1015625
bfae98fff5df224c,kmnist,ssb-v3-block,mlp,protocol-v3,0.2,16,4,2,301,0.0016582499956712127,0.0007812920375727117,583712768,0.109375
bfae98fff5df224c,kmnist,ssb-v3-block,mlp,protocol-v3,0.2,16,4,2,302,0.00164620898431167,0.0007654579821974039,583712768,0.1171875
bfae98fff5df224c,kmnist,ssb-v3-block,mlp,protocol-v3,0.2,16,4,2,303,0.0016386249917559326,0.0007523750537075102,583712768,0.0859375
bfae98fff5df224c,kmnist,ssb-v3-block,mlp,protocol-v3,0.2,16,4,2,304,0.0016655829967930913,0.0008668330265209079,583712768,0.125
bfae98fff5df224c,kmnist,ssb-v3-block,mlp,protocol-v3,0.2,16,4,2,305,0.001666500000283122,0.0007639999967068434,583712768,0.0859375
bfae98fff5df224c,kmnist,ssb-v3-block,mlp,protocol-v3,0.2,16,4,2,306,0.0017007080023176968,0.0008475419599562883,583712768,0.09375
bfae98fff5df224c,kmnist,ssb-v3-block,mlp,protocol-v3,0.2,16,4,2,307,0.0018053750391118228,0.00084770901594311,583712768,0.09375
bfae98fff5df224c,kmnist,ssb-v3-block,mlp,protocol-v3,0.2,16,4,2,308,0.0016470410046167672,0.0007933339802548289,583712768,0.0625
bfae98fff5df224c,kmnist,ssb-v3-block,mlp,protocol-v3,0.2,16,4,2,309,0.0016977919731289148,0.0007188749732449651,583712768,0.1015625
bfae98fff5df224c,kmnist,ssb-v3-block,mlp,protocol-v3,0.2,16,4,2,310,0.0016657919622957706,0.0006860000430606306,583712768,0.1328125
bfae98fff5df224c,kmnist,ssb-v3-block,mlp,protocol-v3,0.2,16,4,2,311,0.001663917035330087,0.0008193749818019569,583712768,0.09375
bfae98fff5df224c,kmnist,ssb-v3-block,mlp,protocol-v3,0.2,16,4,2,312,0.0017615419928915799,0.0008096249657683074,583712768,0.2265625
bfae98fff5df224c,kmnist,ssb-v3-block,mlp,protocol-v3,0.2,16,4,2,313,0.0018596670124679804,0.0010175000061281025,583712768,0.125
bfae98fff5df224c,kmnist,ssb-v3-block,mlp,protocol-v3,0.2,16,4,2,314,0.0016527079860679805,0.0008624999900348485,583712768,0.0859375
bfae98fff5df224c,kmnist,ssb-v3-block,mlp,protocol-v3,0.2,16,4,2,315,0.001655499974731356,0.0007859999896027148,583712768,0.109375
bfae98fff5df224c,kmnist,ssb-v3-block,mlp,protocol-v3,0.2,16,4,2,316,0.0015925000188872218,0.0007787499926052988,583712768,0.09375
bfae98fff5df224c,kmnist,ssb-v3-block,mlp,protocol-v3,0.2,16,4,2,317,0.0016844170168042183,0.0007927920087240636,583712768,0.0625
bfae98fff5df224c,kmnist,ssb-v3-block,mlp,protocol-v3,0.2,16,4,2,318,0.0016235840157605708,0.000757915957365185,583729152,0.125
bfae98fff5df224c,kmnist,ssb-v3-block,mlp,protocol-v3,0.2,16,4,2,319,0.0017794169834814966,0.0007908339612185955,583729152,0.078125
bfae98fff5df224c,kmnist,ssb-v3-block,mlp,protocol-v3,0.2,16,4,2,320,0.0017050409805960953,0.0009904580074362457,583729152,0.109375
bfae98fff5df224c,kmnist,ssb-v3-block,mlp,protocol-v3,0.2,16,4,2,321,0.001763499982189387,0.0008017499931156635,583729152,0.2265625
bfae98fff5df224c,kmnist,ssb-v3-block,mlp,protocol-v3,0.2,16,4,2,322,0.0016362500027753413,0.0007252079667523503,583729152,0.1015625
bfae98fff5df224c,kmnist,ssb-v3-block,mlp,protocol-v3,0.2,16,4,2,323,0.0016095419996418059,0.0008500830153934658,583729152,0.109375
bfae98fff5df224c,kmnist,ssb-v3-block,mlp,protocol-v3,0.2,16,4,2,324,0.001662124996073544,0.000743833021260798,583729152,0.0625
bfae98fff5df224c,kmnist,ssb-v3-block,mlp,protocol-v3,0.2,16,4,2,325,0.0016513749724254012,0.0007438749889843166,583729152,0.1640625
bfae98fff5df224c,kmnist,ssb-v3-block,mlp,protocol-v3,0.2,16,4,2,326,0.0016287920298054814,0.0007393330452032387,583729152,0.109375
bfae98fff5df224c,kmnist,ssb-v3-block,mlp,protocol-v3,0.2,16,4,2,327,0.0017357090255245566,0.0007473750156350434,583729152,0.21875
bfae98fff5df224c,kmnist,ssb-v3-block,mlp,protocol-v3,0.2,16,4,2,328,0.0016605420387350023,0.0007839169702492654,583729152,0.109375
bfae98fff5df224c,kmnist,ssb-v3-block,mlp,protocol-v3,0.2,16,4,2,329,0.0016925829695537686,0.0008233330445364118,583745536,0.1171875
bfae98fff5df224c,kmnist,ssb-v3-block,mlp,protocol-v3,0.2,16,4,2,330,0.0015183750074356794,0.0007617080118507147,583745536,0.1015625
bfae98fff5df224c,kmnist,ssb-v3-block,mlp,protocol-v3,0.2,16,4,2,331,0.0016527919797226787,0.0007694590021856129,583745536,0.0859375
bfae98fff5df224c,kmnist,ssb-v3-block,mlp,protocol-v3,0.2,16,4,2,332,0.0016340420115739107,0.0007629579631611705,583745536,0.1171875
bfae98fff5df224c,kmnist,ssb-v3-block,mlp,protocol-v3,0.2,16,4,2,333,0.0016955829923972487,0.0009500840096734464,583745536,0.078125
bfae98fff5df224c,kmnist,ssb-v3-block,mlp,protocol-v3,0.2,16,4,2,334,0.0017701250035315752,0.0007782499887980521,583745536,0.2890625
bfae98fff5df224c,kmnist,ssb-v3-block,mlp,protocol-v3,0.2,16,4,2,335,0.0016452919808216393,0.000795207975897938,583745536,0.1484375
bfae98fff5df224c,kmnist,ssb-v3-block,mlp,protocol-v3,0.2,16,4,2,336,0.0016299589769914746,0.000749250000808388,583745536,0.109375
bfae98fff5df224c,kmnist,ssb-v3-block,mlp,protocol-v3,0.2,16,4,2,337,0.0015863750013522804,0.0007745829643681645,583745536,0.109375
bfae98fff5df224c,kmnist,ssb-v3-block,mlp,protocol-v3,0.2,16,4,2,338,0.0017999999690800905,0.0007847080123610795,583745536,0.3203125
bfae98fff5df224c,kmnist,ssb-v3-block,mlp,protocol-v3,0.2,16,4,2,339,0.0016779580037109554,0.0006904160254634917,583745536,0.1171875
bfae98fff5df224c,kmnist,ssb-v3-block,mlp,protocol-v3,0.2,16,4,2,340,0.0017194580286741257,0.0008108330075629056,583745536,0.3046875
bfae98fff5df224c,kmnist,ssb-v3-block,mlp,protocol-v3,0.2,16,4,2,341,0.001709208998363465,0.000738375005312264,583761920,0.0703125
bfae98fff5df224c,kmnist,ssb-v3-block,mlp,protocol-v3,0.2,16,4,2,342,0.0016915830201469362,0.0008308750111609697,583761920,0.09375
bfae98fff5df224c,kmnist,ssb-v3-block,mlp,protocol-v3,0.2,16,4,2,343,0.0016622089897282422,0.0008840830414555967,583794688,0.0625
bfae98fff5df224c,kmnist,ssb-v3-block,mlp,protocol-v3,0.2,16,4,2,344,0.0016271249623969197,0.0007467499817721546,583794688,0.3046875
bfae98fff5df224c,kmnist,ssb-v3-block,mlp,protocol-v3,0.2,16,4,2,345,0.0018418750260025263,0.0007304999744519591,583794688,0.171875
bfae98fff5df224c,kmnist,ssb-v3-block,mlp,protocol-v3,0.2,16,4,2,346,0.001642916991841048,0.0007570409798063338,583794688,0.125
bfae98fff5df224c,kmnist,ssb-v3-block,mlp,protocol-v3,0.2,16,4,2,347,0.0016945840325206518,0.0008136669639497995,583794688,0.078125
bfae98fff5df224c,kmnist,ssb-v3-block,mlp,protocol-v3,0.2,16,4,2,348,0.0016344999894499779,0.000767333956900984,583794688,0.1015625
bfae98fff5df224c,kmnist,ssb-v3-block,mlp,protocol-v3,0.2,16,4,2,349,0.0016891669947654009,0.0007520000217482448,583794688,0.1015625
bfae98fff5df224c,kmnist,ssb-v3-block,mlp,protocol-v3,0.2,16,4,2,350,0.0016647500451654196,0.0008219580049626529,583794688,0.0859375
bfae98fff5df224c,kmnist,ssb-v3-block,mlp,protocol-v3,0.2,16,4,2,351,0.00161295902216807,0.00075758300954476,583811072,0.1328125
bfae98fff5df224c,kmnist,ssb-v3-block,mlp,protocol-v3,0.2,16,4,2,352,0.0017196660046465695,0.0007542499806731939,583811072,0.34375
bfae98fff5df224c,kmnist,ssb-v3-block,mlp,protocol-v3,0.2,16,4,2,353,0.0014214999973773956,0.0006767919985577464,583811072,0.1328125
bfae98fff5df224c,kmnist,ssb-v3-block,mlp,protocol-v3,0.2,16,4,2,354,0.0015203749644570053,0.0007898330222815275,583827456,0.109375
bfae98fff5df224c,kmnist,ssb-v3-block,mlp,protocol-v3,0.2,16,4,2,355,0.0016671670018695295,0.0007614579517394304,583827456,0.109375
bfae98fff5df224c,kmnist,ssb-v3-block,mlp,protocol-v3,0.2,16,4,2,356,0.0016405840287916362,0.00076224998338148,583827456,0.109375
bfae98fff5df224c,kmnist,ssb-v3-block,mlp,protocol-v3,0.2,16,4,2,357,0.001692082965746522,0.0008339170017279685,583827456,0.046875
bfae98fff5df224c,kmnist,ssb-v3-block,mlp,protocol-v3,0.2,16,4,2,358,0.001646250020712614,0.0007609999738633633,583827456,0.046875
bfae98fff5df224c,kmnist,ssb-v3-block,mlp,protocol-v3,0.2,16,4,2,359,0.0016975420294329524,0.0010847499943338335,583827456,0.1171875
bfae98fff5df224c,kmnist,ssb-v3-block,mlp,protocol-v3,0.2,16,4,2,360,0.0016977079794742167,0.0008306250092573464,583827456,0.109375
bfae98fff5df224c,kmnist,ssb-v3-block,mlp,protocol-v3,0.2,16,4,2,361,0.0016622500261291862,0.0007920419448055327,583827456,0.125
bfae98fff5df224c,kmnist,ssb-v3-block,mlp,protocol-v3,0.2,16,4,2,362,0.0016915000160224736,0.000835374987218529,583827456,0.1015625
bfae98fff5df224c,kmnist,ssb-v3-block,mlp,protocol-v3,0.2,16,4,2,363,0.0016549999709241092,0.0007532910094596446,583827456,0.125
bfae98fff5df224c,kmnist,ssb-v3-block,mlp,protocol-v3,0.2,16,4,2,364,0.0015714580076746643,0.0006697499775327742,583843840,0.1328125
bfae98fff5df224c,kmnist,ssb-v3-block,mlp,protocol-v3,0.2,16,4,2,365,0.0016879999893717468,0.0007874580333009362,583843840,0.0703125
bfae98fff5df224c,kmnist,ssb-v3-block,mlp,protocol-v3,0.2,16,4,2,366,0.0016245830338448286,0.0007662080461159348,583860224,0.109375
bfae98fff5df224c,kmnist,ssb-v3-block,mlp,protocol-v3,0.2,16,4,2,367,0.0016985000111162663,0.0007433339487761259,583876608,0.09375
bfae98fff5df224c,kmnist,ssb-v3-block,mlp,protocol-v3,0.2,16,4,2,368,0.001684207993093878,0.00081295904237777,583876608,0.1328125
bfae98fff5df224c,kmnist,ssb-v3-block,mlp,protocol-v3,0.2,16,4,2,369,0.0016633750055916607,0.0007822089828550816,583876608,0.0625
bfae98fff5df224c,kmnist,ssb-v3-block,mlp,protocol-v3,0.2,16,4,2,370,0.0015758329536765814,0.0007543750107288361,583876608,0.140625
bfae98fff5df224c,kmnist,ssb-v3-block,mlp,protocol-v3,0.2,16,4,2,371,0.0017908749869093299,0.0007647910388186574,583876608,0.109375
bfae98fff5df224c,kmnist,ssb-v3-block,mlp,protocol-v3,0.2,16,4,2,372,0.0017546669696457684,0.0008123749867081642,583876608,0.28125
bfae98fff5df224c,kmnist,ssb-v3-block,mlp,protocol-v3,0.2,16,4,2,373,0.0016692079952917993,0.0008152079535648227,583876608,0.078125
bfae98fff5df224c,kmnist,ssb-v3-block,mlp,protocol-v3,0.2,16,4,2,374,0.0016712909564375877,0.0007905830279923975,583876608,0.09375
bfae98fff5df224c,kmnist,ssb-v3-block,mlp,protocol-v3,0.2,16,4,2,375,0.0016918749897740781,0.0008088750182650983,583876608,0.125
bfae98fff5df224c,kmnist,ssb-v3-block,mlp,protocol-v3,0.2,16,4,2,376,0.0016383339534513652,0.0007403749623335898,583892992,0.0859375
bfae98fff5df224c,kmnist,ssb-v3-block,mlp,protocol-v3,0.2,16,4,2,377,0.0016532500158064067,0.000743500015232712,583892992,0.125
bfae98fff5df224c,kmnist,ssb-v3-block,mlp,protocol-v3,0.2,16,4,2,378,0.0016935000312514603,0.000753625005017966,583909376,0.078125
bfae98fff5df224c,kmnist,ssb-v3-block,mlp,protocol-v3,0.2,16,4,2,379,0.0016965839895419776,0.0008498750394210219,583909376,0.09375
bfae98fff5df224c,kmnist,ssb-v3-block,mlp,protocol-v3,0.2,16,4,2,380,0.001701833971310407,0.0008045830181799829,583909376,0.140625
bfae98fff5df224c,kmnist,ssb-v3-block,mlp,protocol-v3,0.2,16,4,2,381,0.0016734580276533961,0.0007788340444676578,583909376,0.109375
bfae98fff5df224c,kmnist,ssb-v3-block,mlp,protocol-v3,0.2,16,4,2,382,0.0017022499814629555,0.0007698329864069819,583909376,0.203125
bfae98fff5df224c,kmnist,ssb-v3-block,mlp,protocol-v3,0.2,16,4,2,383,0.001773208030499518,0.0008286659722216427,583909376,0.2578125
bfae98fff5df224c,kmnist,ssb-v3-block,mlp,protocol-v3,0.2,16,4,2,384,0.0017066249856725335,0.0008398339850828052,583909376,0.1328125
bfae98fff5df224c,kmnist,ssb-v3-block,mlp,protocol-v3,0.2,16,4,2,385,0.0016227909945882857,0.0007734590326435864,583925760,0.1171875
bfae98fff5df224c,kmnist,ssb-v3-block,mlp,protocol-v3,0.2,16,4,2,386,0.0016266669845208526,0.0007560420199297369,583925760,0.109375
bfae98fff5df224c,kmnist,ssb-v3-block,mlp,protocol-v3,0.2,16,4,2,387,0.001766708039212972,0.0007831670227460563,583925760,0.4296875
bfae98fff5df224c,kmnist,ssb-v3-block,mlp,protocol-v3,0.2,16,4,2,388,0.0016862089978531003,0.0008341249777004123,583925760,0.1640625
bfae98fff5df224c,kmnist,ssb-v3-block,mlp,protocol-v3,0.2,16,4,2,389,0.0016967499977909029,0.0007609999738633633,583925760,0.375
bfae98fff5df224c,kmnist,ssb-v3-block,mlp,protocol-v3,0.2,16,4,2,390,0.0017938329838216305,0.0007023329962976277,583925760,0.1171875
bfae98fff5df224c,kmnist,ssb-v3-block,mlp,protocol-v3,0.2,16,4,2,391,0.0016735410317778587,0.0008209999650716782,583925760,0.078125
bfae98fff5df224c,kmnist,ssb-v3-block,mlp,protocol-v3,0.2,16,4,2,392,0.0016245839651674032,0.0007771660457365215,583942144,0.0625
bfae98fff5df224c,kmnist,ssb-v3-block,mlp,protocol-v3,0.2,16,4,2,393,0.0018177920137532055,0.0009324169950559735,583942144,0.109375
bfae98fff5df224c,kmnist,ssb-v3-block,mlp,protocol-v3,0.2,16,4,2,394,0.001676624990068376,0.0008064580033533275,583942144,0.09375
bfae98fff5df224c,kmnist,ssb-v3-block,mlp,protocol-v3,0.2,16,4,2,395,0.0016820839955471456,0.0007107499986886978,583942144,0.1015625
bfae98fff5df224c,kmnist,ssb-v3-block,mlp,protocol-v3,0.2,16,4,2,396,0.0017154579982161522,0.000691999972332269,583958528,0.2734375
bfae98fff5df224c,kmnist,ssb-v3-block,mlp,protocol-v3,0.2,16,4,2,397,0.0016481670318171382,0.0007829590467736125,583958528,0.109375
bfae98fff5df224c,kmnist,ssb-v3-block,mlp,protocol-v3,0.2,16,4,2,398,0.0017720829928293824,0.0009146660449914634,583958528,0.2578125
bfae98fff5df224c,kmnist,ssb-v3-block,mlp,protocol-v3,0.2,16,4,2,399,0.0016661660047248006,0.0007967499550431967,583958528,0.125
bfae98fff5df224c,kmnist,ssb-v3-block,mlp,protocol-v3,0.2,16,4,2,400,0.001775790995452553,0.0008117909892462194,583958528,0.359375
bfae98fff5df224c,kmnist,ssb-v3-block,mlp,protocol-v3,0.2,16,4,2,401,0.0016213329508900642,0.0007552499882876873,583958528,0.1171875
bfae98fff5df224c,kmnist,ssb-v3-block,mlp,protocol-v3,0.2,16,4,2,402,0.0016424169880338013,0.0007497910410165787,583958528,0.1171875
bfae98fff5df224c,kmnist,ssb-v3-block,mlp,protocol-v3,0.2,16,4,2,403,0.0016755829565227032,0.0007664580480195582,583958528,0.1171875
bfae98fff5df224c,kmnist,ssb-v3-block,mlp,protocol-v3,0.2,16,4,2,404,0.0016692079952917993,0.0007639589603058994,583958528,0.1328125
bfae98fff5df224c,kmnist,ssb-v3-block,mlp,protocol-v3,0.2,16,4,2,405,0.001683040987700224,0.0008413750329054892,583958528,0.09375
bfae98fff5df224c,kmnist,ssb-v3-block,mlp,protocol-v3,0.2,16,4,2,406,0.0016800420125946403,0.000808333046734333,583958528,0.109375
bfae98fff5df224c,kmnist,ssb-v3-block,mlp,protocol-v3,0.2,16,4,2,407,0.001652333012316376,0.0007668330217711627,583958528,0.0859375
bfae98fff5df224c,kmnist,ssb-v3-block,mlp,protocol-v3,0.2,16,4,2,408,0.001660332956817001,0.0008297079475596547,583958528,0.0859375
bfae98fff5df224c,kmnist,ssb-v3-block,mlp,protocol-v3,0.2,16,4,2,409,0.0016499999910593033,0.0007648750324733555,583958528,0.1484375
bfae98fff5df224c,kmnist,ssb-v3-block,mlp,protocol-v3,0.2,16,4,2,410,0.001685291004832834,0.00072975002694875,583958528,0.078125
bfae98fff5df224c,kmnist,ssb-v3-block,mlp,protocol-v3,0.2,16,4,2,411,0.00165200000628829,0.0010139999794773757,583958528,0.1171875
bfae98fff5df224c,kmnist,ssb-v3-block,mlp,protocol-v3,0.2,16,4,2,412,0.001621916948352009,0.0006837920518592,583958528,0.1015625
bfae98fff5df224c,kmnist,ssb-v3-block,mlp,protocol-v3,0.2,16,4,2,413,0.00166170799639076,0.0007802079780958593,583958528,0.1015625
bfae98fff5df224c,kmnist,ssb-v3-block,mlp,protocol-v3,0.2,16,4,2,414,0.0017085830331780016,0.00071854202542454,583974912,0.2109375
bfae98fff5df224c,kmnist,ssb-v3-block,mlp,protocol-v3,0.2,16,4,2,415,0.0017105420120060444,0.0007777499849908054,583974912,0.5
bfae98fff5df224c,kmnist,ssb-v3-block,mlp,protocol-v3,0.2,16,4,2,416,0.001764875021763146,0.0007586670108139515,583974912,0.1015625
bfae98fff5df224c,kmnist,ssb-v3-block,mlp,protocol-v3,0.2,16,4,2,417,0.0016378750442527235,0.0007170409662649035,583974912,0.1015625
bfae98fff5df224c,kmnist,ssb-v3-block,mlp,protocol-v3,0.2,16,4,2,418,0.0016495410236530006,0.000769917038269341,583991296,0.1171875
bfae98fff5df224c,kmnist,ssb-v3-block,mlp,protocol-v3,0.2,16,4,2,419,0.0016412499826401472,0.0008039999520406127,583991296,0.0859375
bfae98fff5df224c,kmnist,ssb-v3-block,mlp,protocol-v3,0.2,16,4,2,420,0.0016852080007083714,0.0007377080037258565,583991296,0.328125
bfae98fff5df224c,kmnist,ssb-v3-block,mlp,protocol-v3,0.2,16,4,2,421,0.001610791019629687,0.0007546250126324594,583991296,0.0625
bfae98fff5df224c,kmnist,ssb-v3-block,mlp,protocol-v3,0.2,16,4,2,422,0.0016503329970873892,0.0007560829981230199,583991296,0.1484375
bfae98fff5df224c,kmnist,ssb-v3-block,mlp,protocol-v3,0.2,16,4,2,423,0.0017901660175994039,0.0008247920195572078,583991296,0.125
bfae98fff5df224c,kmnist,ssb-v3-block,mlp,protocol-v3,0.2,16,4,2,424,0.0016759170102886856,0.0008084169821813703,583991296,0.0625
bfae98fff5df224c,kmnist,ssb-v3-block,mlp,protocol-v3,0.2,16,4,2,425,0.0017360829515382648,0.0008495000074617565,583991296,0.09375
bfae98fff5df224c,kmnist,ssb-v3-block,mlp,protocol-v3,0.2,16,4,2,426,0.0017674589762464166,0.0008130840142257512,583991296,0.28125
bfae98fff5df224c,kmnist,ssb-v3-block,mlp,protocol-v3,0.2,16,4,2,427,0.0016078330227173865,0.0007548750145360827,583991296,0.1015625
bfae98fff5df224c,kmnist,ssb-v3-block,mlp,protocol-v3,0.2,16,4,2,428,0.0016111659933812916,0.0007345000049099326,583991296,0.09375
bfae98fff5df224c,kmnist,ssb-v3-block,mlp,protocol-v3,0.2,16,4,2,429,0.0017130000051110983,0.0007450830307789147,583991296,0.3515625
bfae98fff5df224c,kmnist,ssb-v3-block,mlp,protocol-v3,0.2,16,4,2,430,0.0017019169754348695,0.0008884170092642307,583991296,0.0703125
bfae98fff5df224c,kmnist,ssb-v3-block,mlp,protocol-v3,0.2,16,4,2,431,0.0017625840264372528,0.0007789170485921204,583991296,0.25
bfae98fff5df224c,kmnist,ssb-v3-block,mlp,protocol-v3,0.2,16,4,2,432,0.0016948750126175582,0.0007151660392992198,584007680,0.234375
bfae98fff5df224c,kmnist,ssb-v3-block,mlp,protocol-v3,0.2,16,4,2,433,0.001638583024032414,0.0007354169501923025,584007680,0.15625
bfae98fff5df224c,kmnist,ssb-v3-block,mlp,protocol-v3,0.2,16,4,2,434,0.001711375021841377,0.0007762499735690653,584007680,0.328125
bfae98fff5df224c,kmnist,ssb-v3-block,mlp,protocol-v3,0.2,16,4,2,435,0.0016257090028375387,0.0007391249528154731,584007680,0.1328125
bfae98fff5df224c,kmnist,ssb-v3-block,mlp,protocol-v3,0.2,16,4,2,436,0.0016234169597737491,0.0007873330032452941,584007680,0.1171875
bfae98fff5df224c,kmnist,ssb-v3-block,mlp,protocol-v3,0.2,16,4,2,437,0.0016408750088885427,0.000786124961450696,584007680,0.078125
bfae98fff5df224c,kmnist,ssb-v3-block,mlp,protocol-v3,0.2,16,4,2,438,0.0016622919938527048,0.0008099169936031103,584007680,0.1484375
bfae98fff5df224c,kmnist,ssb-v3-block,mlp,protocol-v3,0.2,16,4,2,439,0.001728750008624047,0.0007310409564524889,584007680,0.2890625
bfae98fff5df224c,kmnist,ssb-v3-block,mlp,protocol-v3,0.2,16,4,2,440,0.0016531670116819441,0.0007639160030521452,584007680,0.1015625
bfae98fff5df224c,kmnist,ssb-v3-block,mlp,protocol-v3,0.2,16,4,2,441,0.001628416997846216,0.0008240410243161023,584024064,0.078125
bfae98fff5df224c,kmnist,ssb-v3-block,mlp,protocol-v3,0.2,16,4,2,442,0.0017587500042282045,0.000814375001937151,584040448,0.078125
bfae98fff5df224c,kmnist,ssb-v3-block,mlp,protocol-v3,0.2,16,4,2,443,0.0016363749746233225,0.0007217079983092844,584040448,0.1015625
bfae98fff5df224c,kmnist,ssb-v3-block,mlp,protocol-v3,0.2,16,4,2,444,0.0016424580244347453,0.0007911670254543424,584056832,0.0859375
bfae98fff5df224c,kmnist,ssb-v3-block,mlp,protocol-v3,0.2,16,4,2,445,0.0016480829799547791,0.0007338749710470438,584056832,0.0625
bfae98fff5df224c,kmnist,ssb-v3-block,mlp,protocol-v3,0.2,16,4,2,446,0.0016821669996716082,0.0008363749948330224,584073216,0.09375
bfae98fff5df224c,kmnist,ssb-v3-block,mlp,protocol-v3,0.2,16,4,2,447,0.0016322500305250287,0.000760124996304512,584073216,0.125
bfae98fff5df224c,kmnist,ssb-v3-block,mlp,protocol-v3,0.2,16,4,2,448,0.0016482499777339399,0.0007271660142578185,584073216,0.125
bfae98fff5df224c,kmnist,ssb-v3-block,mlp,protocol-v3,0.2,16,4,2,449,0.0017828330164775252,0.0008084590081125498,584073216,0.1015625
bfae98fff5df224c,kmnist,ssb-v3-block,mlp,protocol-v3,0.2,16,4,2,450,0.0016705419984646142,0.0007251250208355486,584073216,0.125
bfae98fff5df224c,kmnist,ssb-v3-block,mlp,protocol-v3,0.2,16,4,2,451,0.0017302920459769666,0.0007166250143200159,584073216,0.3671875
bfae98fff5df224c,kmnist,ssb-v3-block,mlp,protocol-v3,0.2,16,4,2,452,0.0015602500061504543,0.000686249986756593,584073216,0.078125
bfae98fff5df224c,kmnist,ssb-v3-block,mlp,protocol-v3,0.2,16,4,2,453,0.0015902500017546117,0.0007809580420143902,584089600,0.0625
bfae98fff5df224c,kmnist,ssb-v3-block,mlp,protocol-v3,0.2,16,4,2,454,0.0016579170478507876,0.0008131670183502138,584089600,0.09375
bfae98fff5df224c,kmnist,ssb-v3-block,mlp,protocol-v3,0.2,16,4,2,455,0.0016913340077735484,0.0006997919990681112,584089600,0.0703125
bfae98fff5df224c,kmnist,ssb-v3-block,mlp,protocol-v3,0.2,16,4,2,456,0.0016148340073414147,0.0006920000305399299,584089600,0.140625
bfae98fff5df224c,kmnist,ssb-v3-block,mlp,protocol-v3,0.2,16,4,2,457,0.0016711249481886625,0.0008522499701939523,584105984,0.0625
bfae98fff5df224c,kmnist,ssb-v3-block,mlp,protocol-v3,0.2,16,4,2,458,0.0015577920130454004,0.0007565420237369835,584105984,0.09375
bfae98fff5df224c,kmnist,ssb-v3-block,mlp,protocol-v3,0.2,16,4,2,459,0.0016537500196136534,0.000801375019364059,584105984,0.1171875
bfae98fff5df224c,kmnist,ssb-v3-block,mlp,protocol-v3,0.2,16,4,2,460,0.0015959159936755896,0.0007496670004911721,584105984,0.0859375
bfae98fff5df224c,kmnist,ssb-v3-block,mlp,protocol-v3,0.2,16,4,2,461,0.0016880420153029263,0.0008172499947249889,584105984,0.1953125
bfae98fff5df224c,kmnist,ssb-v3-block,mlp,protocol-v3,0.2,16,4,2,462,0.0016670000040903687,0.0007994589977897704,584105984,0.0859375
bfae98fff5df224c,kmnist,ssb-v3-block,mlp,protocol-v3,0.2,16,4,2,463,0.0017510000034235418,0.0008073750068433583,584105984,0.3125
bfae98fff5df224c,kmnist,ssb-v3-block,mlp,protocol-v3,0.2,16,4,2,464,0.001683542039245367,0.0007593340124003589,584122368,0.078125
bfae98fff5df224c,kmnist,ssb-v3-block,mlp,protocol-v3,0.2,16,4,2,465,0.0015783329727128148,0.0007914589950814843,584122368,0.09375
bfae98fff5df224c,kmnist,ssb-v3-block,mlp,protocol-v3,0.2,16,4,2,466,0.0016196659998968244,0.0007272500079125166,584122368,0.0625
bfae98fff5df224c,kmnist,ssb-v3-block,mlp,protocol-v3,0.2,16,4,2,467,0.0017592919757589698,0.0008097910322248936,584122368,0.2890625
bfae98fff5df224c,kmnist,ssb-v3-block,mlp,protocol-v3,0.2,16,4,2,468,0.009352084016427398,0.01571341702947393,589905920,0.07291666666666667
bfae98fff5df224c,kmnist,ssb-v3-block,mlp,protocol-v3,0.2,16,4,3,0,0.0018677079933695495,0.0008368330309167504,591478784,0.1171875
bfae98fff5df224c,kmnist,ssb-v3-block,mlp,protocol-v3,0.2,16,4,3,1,0.0017649589572101831,0.0009584999643266201,591478784,0.0390625
bfae98fff5df224c,kmnist,ssb-v3-block,mlp,protocol-v3,0.2,16,4,3,2,0.0016052080318331718,0.0010406250366941094,591495168,0.0625
bfae98fff5df224c,kmnist,ssb-v3-block,mlp,protocol-v3,0.2,16,4,3,3,0.0017227089847438037,0.0008611250086687505,591495168,0.09375
bfae98fff5df224c,kmnist,ssb-v3-block,mlp,protocol-v3,0.2,16,4,3,4,0.001832959009334445,0.0007805829518474638,591495168,0.078125
bfae98fff5df224c,kmnist,ssb-v3-block,mlp,protocol-v3,0.2,16,4,3,5,0.0017590000061318278,0.0009176669991575181,591495168,0.109375
bfae98fff5df224c,kmnist,ssb-v3-block,mlp,protocol-v3,0.2,16,4,3,6,0.0018108750227838755,0.000835416023619473,591495168,0.28125
bfae98fff5df224c,kmnist,ssb-v3-block,mlp,protocol-v3,0.2,16,4,3,7,0.0017727080266922712,0.0007221249979920685,591495168,0.234375
bfae98fff5df224c,kmnist,ssb-v3-block,mlp,protocol-v3,0.2,16,4,3,8,0.0016713750082999468,0.0008564579766243696,591495168,0.109375
bfae98fff5df224c,kmnist,ssb-v3-block,mlp,protocol-v3,0.2,16,4,3,9,0.0016098750056698918,0.0008401249651797116,591495168,0.09375
bfae98fff5df224c,kmnist,ssb-v3-block,mlp,protocol-v3,0.2,16,4,3,10,0.0016420420142821968,0.0008830410079099238,591495168,0.078125
bfae98fff5df224c,kmnist,ssb-v3-block,mlp,protocol-v3,0.2,16,4,3,11,0.0018711250158958137,0.0008477920200675726,591495168,0.21875
bfae98fff5df224c,kmnist,ssb-v3-block,mlp,protocol-v3,0.2,16,4,3,12,0.001796333002857864,0.0007711669895797968,591495168,0.3359375
bfae98fff5df224c,kmnist,ssb-v3-block,mlp,protocol-v3,0.2,16,4,3,13,0.001739583967719227,0.0008110420312732458,591511552,0.078125
bfae98fff5df224c,kmnist,ssb-v3-block,mlp,protocol-v3,0.2,16,4,3,14,0.0016925419913604856,0.000792291946709156,591511552,0.1171875
bfae98fff5df224c,kmnist,ssb-v3-block,mlp,protocol-v3,0.2,16,4,3,15,0.0016847920487634838,0.0009025839972309768,591511552,0.140625
bfae98fff5df224c,kmnist,ssb-v3-block,mlp,protocol-v3,0.2,16,4,3,16,0.0016966669936664402,0.000797708984464407,591511552,0.1015625
bfae98fff5df224c,kmnist,ssb-v3-block,mlp,protocol-v3,0.2,16,4,3,17,0.0016934169689193368,0.0007781250169500709,591511552,0.125
bfae98fff5df224c,kmnist,ssb-v3-block,mlp,protocol-v3,0.2,16,4,3,18,0.0017683749902062118,0.0008228339720517397,591511552,0.1015625
bfae98fff5df224c,kmnist,ssb-v3-block,mlp,protocol-v3,0.2,16,4,3,19,0.001714250014629215,0.000817666994407773,591511552,0.171875
bfae98fff5df224c,kmnist,ssb-v3-block,mlp,protocol-v3,0.2,16,4,3,20,0.0016417920123785734,0.0007292910013347864,591511552,0.109375
bfae98fff5df224c,kmnist,ssb-v3-block,mlp,protocol-v3,0.2,16,4,3,21,0.0017883330001495779,0.0007864999934099615,591511552,0.4453125
bfae98fff5df224c,kmnist,ssb-v3-block,mlp,protocol-v3,0.2,16,4,3,22,0.001670417026616633,0.0007138340151868761,591511552,0.140625
bfae98fff5df224c,kmnist,ssb-v3-block,mlp,protocol-v3,0.2,16,4,3,23,0.0016711250063963234,0.0008141670259647071,591511552,0.0625
bfae98fff5df224c,kmnist,ssb-v3-block,mlp,protocol-v3,0.2,16,4,3,24,0.0017467919969931245,0.0007701660506427288,591511552,0.3984375
bfae98fff5df224c,kmnist,ssb-v3-block,mlp,protocol-v3,0.2,16,4,3,25,0.0018989169620908797,0.0008228329825215042,591511552,0.3515625
bfae98fff5df224c,kmnist,ssb-v3-block,mlp,protocol-v3,0.2,16,4,3,26,0.001701542001683265,0.0008047499577514827,591511552,0.046875
bfae98fff5df224c,kmnist,ssb-v3-block,mlp,protocol-v3,0.2,16,4,3,27,0.0016931249992921948,0.0008241670439019799,591511552,0.1015625
bfae98fff5df224c,kmnist,ssb-v3-block,mlp,protocol-v3,0.2,16,4,3,28,0.0017942500417120755,0.0008117079851217568,591511552,0.4921875
bfae98fff5df224c,kmnist,ssb-v3-block,mlp,protocol-v3,0.2,16,4,3,29,0.001645041978918016,0.0007100839866325259,591511552,0.1015625
bfae98fff5df224c,kmnist,ssb-v3-block,mlp,protocol-v3,0.2,16,4,3,30,0.0016624170239083469,0.0007647909806109965,591511552,0.0703125
bfae98fff5df224c,kmnist,ssb-v3-block,mlp,protocol-v3,0.2,16,4,3,31,0.0017537919920869172,0.0008340839995071292,591511552,0.4765625
bfae98fff5df224c,kmnist,ssb-v3-block,mlp,protocol-v3,0.2,16,4,3,32,0.0017939170356839895,0.0008149579516611993,591511552,0.09375
bfae98fff5df224c,kmnist,ssb-v3-block,mlp,protocol-v3,0.2,16,4,3,33,0.001666416006628424,0.0007650409825146198,591511552,0.1640625
bfae98fff5df224c,kmnist,ssb-v3-block,mlp,protocol-v3,0.2,16,4,3,34,0.001629832957405597,0.0007905419915914536,591511552,0.1171875
bfae98fff5df224c,kmnist,ssb-v3-block,mlp,protocol-v3,0.2,16,4,3,35,0.001649708952754736,0.0007560000522062182,591511552,0.09375
bfae98fff5df224c,kmnist,ssb-v3-block,mlp,protocol-v3,0.2,16,4,3,36,0.0017665420309640467,0.0008188750362023711,591511552,0.0703125
bfae98fff5df224c,kmnist,ssb-v3-block,mlp,protocol-v3,0.2,16,4,3,37,0.0016612079925835133,0.0007631669868715107,591511552,0.0859375
bfae98fff5df224c,kmnist,ssb-v3-block,mlp,protocol-v3,0.2,16,4,3,38,0.0017025000415742397,0.000754999986384064,591511552,0.1484375
bfae98fff5df224c,kmnist,ssb-v3-block,mlp,protocol-v3,0.2,16,4,3,39,0.0018007089965976775,0.0007458750042133033,591511552,0.25
bfae98fff5df224c,kmnist,ssb-v3-block,mlp,protocol-v3,0.2,16,4,3,40,0.0016721659922041,0.000798500026576221,591511552,0.09375
bfae98fff5df224c,kmnist,ssb-v3-block,mlp,protocol-v3,0.2,16,4,3,41,0.0016543749952688813,0.0007892919820733368,591511552,0.09375
bfae98fff5df224c,kmnist,ssb-v3-block,mlp,protocol-v3,0.2,16,4,3,42,0.001704125024843961,0.0007313340320251882,591511552,0.0859375
bfae98fff5df224c,kmnist,ssb-v3-block,mlp,protocol-v3,0.2,16,4,3,43,0.0016981670050881803,0.0008257079753093421,591511552,0.1015625
bfae98fff5df224c,kmnist,ssb-v3-block,mlp,protocol-v3,0.2,16,4,3,44,0.0017390840221196413,0.0009154169820249081,591511552,0.0859375
bfae98fff5df224c,kmnist,ssb-v3-block,mlp,protocol-v3,0.2,16,4,3,45,0.0017354580340906978,0.0007669160258956254,591511552,0.5234375
bfae98fff5df224c,kmnist,ssb-v3-block,mlp,protocol-v3,0.2,16,4,3,46,0.0017967919702641666,0.0007548330468125641,591511552,0.1015625
bfae98fff5df224c,kmnist,ssb-v3-block,mlp,protocol-v3,0.2,16,4,3,47,0.0016557080089114606,0.0007927080150693655,591511552,0.1484375
bfae98fff5df224c,kmnist,ssb-v3-block,mlp,protocol-v3,0.2,16,4,3,48,0.0016614169580861926,0.0007830829708836973,591511552,0.0859375
bfae98fff5df224c,kmnist,ssb-v3-block,mlp,protocol-v3,0.2,16,4,3,49,0.0017706670332700014,0.0009299160446971655,591511552,0.34375
bfae98fff5df224c,kmnist,ssb-v3-block,mlp,protocol-v3,0.2,16,4,3,50,0.001664666982833296,0.0007292079972103238,591511552,0.0546875
bfae98fff5df224c,kmnist,ssb-v3-block,mlp,protocol-v3,0.2,16,4,3,51,0.0017122499994002283,0.0007205409929156303,591511552,0.515625
bfae98fff5df224c,kmnist,ssb-v3-block,mlp,protocol-v3,0.2,16,4,3,52,0.0016492080176249146,0.0006906670168973505,591511552,0.09375
bfae98fff5df224c,kmnist,ssb-v3-block,mlp,protocol-v3,0.2,16,4,3,53,0.0017176659894175828,0.0007378339651040733,591527936,0.125
bfae98fff5df224c,kmnist,ssb-v3-block,mlp,protocol-v3,0.2,16,4,3,54,0.0017088750028051436,0.0007550419541075826,591527936,0.3203125
bfae98fff5df224c,kmnist,ssb-v3-block,mlp,protocol-v3,0.2,16,4,3,55,0.0017249169759452343,0.0008215000270865858,591527936,0.1171875
bfae98fff5df224c,kmnist,ssb-v3-block,mlp,protocol-v3,0.2,16,4,3,56,0.0017506250296719372,0.0007689580088481307,591527936,0.2890625
bfae98fff5df224c,kmnist,ssb-v3-block,mlp,protocol-v3,0.2,16,4,3,57,0.0016409159870818257,0.000740166986361146,591527936,0.109375
bfae98fff5df224c,kmnist,ssb-v3-block,mlp,protocol-v3,0.2,16,4,3,58,0.001636790984775871,0.0008024999988265336,591527936,0.09375
bfae98fff5df224c,kmnist,ssb-v3-block,mlp,protocol-v3,0.2,16,4,3,59,0.0016774590476416051,0.0007753330282866955,591527936,0.1484375
bfae98fff5df224c,kmnist,ssb-v3-block,mlp,protocol-v3,0.2,16,4,3,60,0.001805374980904162,0.000815083971247077,591527936,0.1171875
bfae98fff5df224c,kmnist,ssb-v3-block,mlp,protocol-v3,0.2,16,4,3,61,0.0015567909576930106,0.0006725839921273291,591527936,0.1015625
bfae98fff5df224c,kmnist,ssb-v3-block,mlp,protocol-v3,0.2,16,4,3,62,0.0016611660248599946,0.0007823330233804882,591527936,0.125
bfae98fff5df224c,kmnist,ssb-v3-block,mlp,protocol-v3,0.2,16,4,3,63,0.0016408750088885427,0.0007094999891705811,591527936,0.1328125
bfae98fff5df224c,kmnist,ssb-v3-block,mlp,protocol-v3,0.2,16,4,3,64,0.0016862500342540443,0.0007992499740794301,591527936,0.25
bfae98fff5df224c,kmnist,ssb-v3-block,mlp,protocol-v3,0.2,16,4,3,65,0.0016738750273361802,0.0007702079601585865,591527936,0.1328125
bfae98fff5df224c,kmnist,ssb-v3-block,mlp,protocol-v3,0.2,16,4,3,66,0.0017049160087481141,0.0007029999978840351,591527936,0.0703125
bfae98fff5df224c,kmnist,ssb-v3-block,mlp,protocol-v3,0.2,16,4,3,67,0.0018125420319847763,0.0007476669852621853,591527936,0.28125
bfae98fff5df224c,kmnist,ssb-v3-block,mlp,protocol-v3,0.2,16,4,3,68,0.0016731659998185933,0.0008025830029509962,591527936,0.1171875
bfae98fff5df224c,kmnist,ssb-v3-block,mlp,protocol-v3,0.2,16,4,3,69,0.0017494590138085186,0.0007864999934099615,591544320,0.4375
bfae98fff5df224c,kmnist,ssb-v3-block,mlp,protocol-v3,0.2,16,4,3,70,0.0017316669691354036,0.0009012920199893415,591544320,0.140625
bfae98fff5df224c,kmnist,ssb-v3-block,mlp,protocol-v3,0.2,16,4,3,71,0.0016768749919719994,0.0007364999619312584,591544320,0.1015625
bfae98fff5df224c,kmnist,ssb-v3-block,mlp,protocol-v3,0.2,16,4,3,72,0.0016438750317320228,0.0007234999793581665,591544320,0.078125
bfae98fff5df224c,kmnist,ssb-v3-block,mlp,protocol-v3,0.2,16,4,3,73,0.0016600409871898592,0.0007388329831883311,591544320,0.09375
bfae98fff5df224c,kmnist,ssb-v3-block,mlp,protocol-v3,0.2,16,4,3,74,0.0017922919942066073,0.0008236659923568368,591544320,0.0546875
bfae98fff5df224c,kmnist,ssb-v3-block,mlp,protocol-v3,0.2,16,4,3,75,0.0016733750235289335,0.0007596249924972653,591544320,0.046875
bfae98fff5df224c,kmnist,ssb-v3-block,mlp,protocol-v3,0.2,16,4,3,76,0.0017826660186983645,0.0007656670059077442,591560704,0.3515625
bfae98fff5df224c,kmnist,ssb-v3-block,mlp,protocol-v3,0.2,16,4,3,77,0.0016422500484623015,0.0007813329575583339,591560704,0.1484375
bfae98fff5df224c,kmnist,ssb-v3-block,mlp,protocol-v3,0.2,16,4,3,78,0.0016998749924823642,0.000837166968267411,591560704,0.3125
bfae98fff5df224c,kmnist,ssb-v3-block,mlp,protocol-v3,0.2,16,4,3,79,0.0016104590031318367,0.0007765829795971513,591560704,0.328125
bfae98fff5df224c,kmnist,ssb-v3-block,mlp,protocol-v3,0.2,16,4,3,80,0.0017473340267315507,0.0008557920227758586,591560704,0.0859375
bfae98fff5df224c,kmnist,ssb-v3-block,mlp,protocol-v3,0.2,16,4,3,81,0.0017406660481356084,0.0007824590429663658,591560704,0.3828125
bfae98fff5df224c,kmnist,ssb-v3-block,mlp,protocol-v3,0.2,16,4,3,82,0.0016636670334264636,0.0007707920158281922,591560704,0.078125
bfae98fff5df224c,kmnist,ssb-v3-block,mlp,protocol-v3,0.2,16,4,3,83,0.0017893330077640712,0.0009175000013783574,591560704,0.328125
bfae98fff5df224c,kmnist,ssb-v3-block,mlp,protocol-v3,0.2,16,4,3,84,0.0016854170244187117,0.0008012499893084168,591560704,0.1171875
bfae98fff5df224c,kmnist,ssb-v3-block,mlp,protocol-v3,0.2,16,4,3,85,0.0015957499854266644,0.0008114590309560299,591560704,0.09375
bfae98fff5df224c,kmnist,ssb-v3-block,mlp,protocol-v3,0.2,16,4,3,86,0.0017499160021543503,0.0008786250255070627,591560704,0.109375
bfae98fff5df224c,kmnist,ssb-v3-block,mlp,protocol-v3,0.2,16,4,3,87,0.0016835409915074706,0.0008228749502450228,591560704,0.109375
bfae98fff5df224c,kmnist,ssb-v3-block,mlp,protocol-v3,0.2,16,4,3,88,0.0016694999649189413,0.0007349579827859998,591560704,0.0625
bfae98fff5df224c,kmnist,ssb-v3-block,mlp,protocol-v3,0.2,16,4,3,89,0.0017729999963194132,0.0007873750291764736,591560704,0.1640625
bfae98fff5df224c,kmnist,ssb-v3-block,mlp,protocol-v3,0.2,16,4,3,90,0.0017003340180963278,0.0007919580093584955,591560704,0.0625
bfae98fff5df224c,kmnist,ssb-v3-block,mlp,protocol-v3,0.2,16,4,3,91,0.0017458329675719142,0.0008940830011852086,591560704,0.125
bfae98fff5df224c,kmnist,ssb-v3-block,mlp,protocol-v3,0.2,16,4,3,92,0.0015819580294191837,0.0007587920408695936,591560704,0.0625
bfae98fff5df224c,kmnist,ssb-v3-block,mlp,protocol-v3,0.2,16,4,3,93,0.0016369580407626927,0.0007912499713711441,591560704,0.109375
bfae98fff5df224c,kmnist,ssb-v3-block,mlp,protocol-v3,0.2,16,4,3,94,0.001643249997869134,0.0007442500209435821,591560704,0.109375
bfae98fff5df224c,kmnist,ssb-v3-block,mlp,protocol-v3,0.2,16,4,3,95,0.0016237919917330146,0.0007285000174306333,591577088,0.0859375
bfae98fff5df224c,kmnist,ssb-v3-block,mlp,protocol-v3,0.2,16,4,3,96,0.0016937910113483667,0.000764041964430362,591577088,0.0703125
bfae98fff5df224c,kmnist,ssb-v3-block,mlp,protocol-v3,0.2,16,4,3,97,0.0016075830208137631,0.0007231660420075059,591577088,0.109375
bfae98fff5df224c,kmnist,ssb-v3-block,mlp,protocol-v3,0.2,16,4,3,98,0.0017301670159213245,0.0008573340019211173,591577088,0.1015625
bfae98fff5df224c,kmnist,ssb-v3-block,mlp,protocol-v3,0.2,16,4,3,99,0.0016762499581091106,0.0007996250060386956,591577088,0.125
bfae98fff5df224c,kmnist,ssb-v3-block,mlp,protocol-v3,0.2,16,4,3,100,0.0016267080209217966,0.000747458019759506,591577088,0.1015625
bfae98fff5df224c,kmnist,ssb-v3-block,mlp,protocol-v3,0.2,16,4,3,101,0.0016732499934732914,0.0006891250377520919,591577088,0.0859375
bfae98fff5df224c,kmnist,ssb-v3-block,mlp,protocol-v3,0.2,16,4,3,102,0.0017408329877071083,0.0007855829899199307,591577088,0.2109375
bfae98fff5df224c,kmnist,ssb-v3-block,mlp,protocol-v3,0.2,16,4,3,103,0.0015875830431468785,0.0006902079912833869,591577088,0.1015625
bfae98fff5df224c,kmnist,ssb-v3-block,mlp,protocol-v3,0.2,16,4,3,104,0.001600167015567422,0.0007947910344228148,591577088,0.0859375
bfae98fff5df224c,kmnist,ssb-v3-block,mlp,protocol-v3,0.2,16,4,3,105,0.0017994999652728438,0.0008682080078870058,591577088,0.3515625
bfae98fff5df224c,kmnist,ssb-v3-block,mlp,protocol-v3,0.2,16,4,3,106,0.0016098750056698918,0.000775999971665442,591577088,0.1015625
bfae98fff5df224c,kmnist,ssb-v3-block,mlp,protocol-v3,0.2,16,4,3,107,0.0018009589985013008,0.0007503749802708626,591577088,0.1875
bfae98fff5df224c,kmnist,ssb-v3-block,mlp,protocol-v3,0.2,16,4,3,108,0.0017117499955929816,0.0008207919890992343,591577088,0.0859375
bfae98fff5df224c,kmnist,ssb-v3-block,mlp,protocol-v3,0.2,16,4,3,109,0.0016702910070307553,0.0007667090394534171,591577088,0.0859375
bfae98fff5df224c,kmnist,ssb-v3-block,mlp,protocol-v3,0.2,16,4,3,110,0.0017032499890774488,0.0008519159746356308,591577088,0.1171875
bfae98fff5df224c,kmnist,ssb-v3-block,mlp,protocol-v3,0.2,16,4,3,111,0.0016072499565780163,0.0007686250028200448,591577088,0.1328125
bfae98fff5df224c,kmnist,ssb-v3-block,mlp,protocol-v3,0.2,16,4,3,112,0.0017111669876612723,0.0008066670270636678,591577088,0.484375
bfae98fff5df224c,kmnist,ssb-v3-block,mlp,protocol-v3,0.2,16,4,3,113,0.001631749968510121,0.0007118750363588333,591577088,0.1171875
bfae98fff5df224c,kmnist,ssb-v3-block,mlp,protocol-v3,0.2,16,4,3,114,0.0017017499776557088,0.0008436670177616179,591577088,0.1484375
bfae98fff5df224c,kmnist,ssb-v3-block,mlp,protocol-v3,0.2,16,4,3,115,0.001666083000600338,0.0007650830084457994,591577088,0.0625
bfae98fff5df224c,kmnist,ssb-v3-block,mlp,protocol-v3,0.2,16,4,3,116,0.001686417032033205,0.0008021669927984476,591577088,0.0859375
bfae98fff5df224c,kmnist,ssb-v3-block,mlp,protocol-v3,0.2,16,4,3,117,0.0016569169820286334,0.0008022499969229102,591577088,0.1328125
bfae98fff5df224c,kmnist,ssb-v3-block,mlp,protocol-v3,0.2,16,4,3,118,0.0016575420158915222,0.0008316250168718398,591593472,0.140625
bfae98fff5df224c,kmnist,ssb-v3-block,mlp,protocol-v3,0.2,16,4,3,119,0.0016358750290237367,0.0007549159927293658,591593472,0.0859375
bfae98fff5df224c,kmnist,ssb-v3-block,mlp,protocol-v3,0.2,16,4,3,120,0.0016507909749634564,0.0008264579810202122,591593472,0.046875
bfae98fff5df224c,kmnist,ssb-v3-block,mlp,protocol-v3,0.2,16,4,3,121,0.0017539169639348984,0.0008913340279832482,591593472,0.328125
bfae98fff5df224c,kmnist,ssb-v3-block,mlp,protocol-v3,0.2,16,4,3,122,0.0017817910411395133,0.0009257500059902668,591593472,0.421875
bfae98fff5df224c,kmnist,ssb-v3-block,mlp,protocol-v3,0.2,16,4,3,123,0.0016594580374658108,0.0007755419937893748,591593472,0.140625
bfae98fff5df224c,kmnist,ssb-v3-block,mlp,protocol-v3,0.2,16,4,3,124,0.0016908749821595848,0.000716291950084269,591593472,0.2578125
bfae98fff5df224c,kmnist,ssb-v3-block,mlp,protocol-v3,0.2,16,4,3,125,0.001612790976651013,0.0007389580132439733,591593472,0.046875
bfae98fff5df224c,kmnist,ssb-v3-block,mlp,protocol-v3,0.2,16,4,3,126,0.0016293749795295298,0.0008536659879609942,591593472,0.09375
bfae98fff5df224c,kmnist,ssb-v3-block,mlp,protocol-v3,0.2,16,4,3,127,0.0017783339717425406,0.0008018750231713057,591593472,0.2734375
bfae98fff5df224c,kmnist,ssb-v3-block,mlp,protocol-v3,0.2,16,4,3,128,0.0016727909678593278,0.0007748329662717879,591593472,0.0859375
bfae98fff5df224c,kmnist,ssb-v3-block,mlp,protocol-v3,0.2,16,4,3,129,0.001639916968997568,0.0007574579794891179,591593472,0.0703125
bfae98fff5df224c,kmnist,ssb-v3-block,mlp,protocol-v3,0.2,16,4,3,130,0.0017585419700480998,0.000778916000854224,591593472,0.3984375
bfae98fff5df224c,kmnist,ssb-v3-block,mlp,protocol-v3,0.2,16,4,3,131,0.0017311670235358179,0.0007821249892003834,591593472,0.109375
bfae98fff5df224c,kmnist,ssb-v3-block,mlp,protocol-v3,0.2,16,4,3,132,0.0016935000312514603,0.0007049579871818423,591609856,0.34375
bfae98fff5df224c,kmnist,ssb-v3-block,mlp,protocol-v3,0.2,16,4,3,133,0.0016939170309342444,0.0006872499943710864,591609856,0.09375
bfae98fff5df224c,kmnist,ssb-v3-block,mlp,protocol-v3,0.2,16,4,3,134,0.00167908298317343,0.0008614580146968365,591626240,0.09375
bfae98fff5df224c,kmnist,ssb-v3-block,mlp,protocol-v3,0.2,16,4,3,135,0.0017097090021707118,0.0008171250228770077,591626240,0.140625
bfae98fff5df224c,kmnist,ssb-v3-block,mlp,protocol-v3,0.2,16,4,3,136,0.0017596249817870557,0.0008492089691571891,591626240,0.1015625
bfae98fff5df224c,kmnist,ssb-v3-block,mlp,protocol-v3,0.2,16,4,3,137,0.0017686249921098351,0.0007739579887129366,591626240,0.40625
bfae98fff5df224c,kmnist,ssb-v3-block,mlp,protocol-v3,0.2,16,4,3,138,0.00162191700655967,0.0008389169815927744,591626240,0.1484375
bfae98fff5df224c,kmnist,ssb-v3-block,mlp,protocol-v3,0.2,16,4,3,139,0.0016709169722162187,0.00075758300954476,591626240,0.0703125
bfae98fff5df224c,kmnist,ssb-v3-block,mlp,protocol-v3,0.2,16,4,3,140,0.0016720420098863542,0.0007312090019695461,591626240,0.0546875
bfae98fff5df224c,kmnist,ssb-v3-block,mlp,protocol-v3,0.2,16,4,3,141,0.0016802080208435655,0.0008323750225827098,591626240,0.125
bfae98fff5df224c,kmnist,ssb-v3-block,mlp,protocol-v3,0.2,16,4,3,142,0.0017090420005843043,0.0008260419708676636,591626240,0.109375
bfae98fff5df224c,kmnist,ssb-v3-block,mlp,protocol-v3,0.2,16,4,3,143,0.001751874980982393,0.0007487499970011413,591626240,0.28125
bfae98fff5df224c,kmnist,ssb-v3-block,mlp,protocol-v3,0.2,16,4,3,144,0.0017105420120060444,0.0007617920055054128,591626240,0.4140625
bfae98fff5df224c,kmnist,ssb-v3-block,mlp,protocol-v3,0.2,16,4,3,145,0.0017500409740023315,0.0007998339715413749,591626240,0.3671875
bfae98fff5df224c,kmnist,ssb-v3-block,mlp,protocol-v3,0.2,16,4,3,146,0.0015954580157995224,0.0006492499960586429,591626240,0.109375
bfae98fff5df224c,kmnist,ssb-v3-block,mlp,protocol-v3,0.2,16,4,3,147,0.0015504579641856253,0.000755749992094934,591626240,0.0703125
bfae98fff5df224c,kmnist,ssb-v3-block,mlp,protocol-v3,0.2,16,4,3,148,0.0017922089900821447,0.0008429159643128514,591626240,0.3203125
bfae98fff5df224c,kmnist,ssb-v3-block,mlp,protocol-v3,0.2,16,4,3,149,0.0016112920129671693,0.0007291670190170407,591626240,0.1015625
bfae98fff5df224c,kmnist,ssb-v3-block,mlp,protocol-v3,0.2,16,4,3,150,0.0016778749995864928,0.0008032920304685831,591626240,0.1171875
bfae98fff5df224c,kmnist,ssb-v3-block,mlp,protocol-v3,0.2,16,4,3,151,0.0017016250058077276,0.0007961250375956297,591626240,0.4453125
bfae98fff5df224c,kmnist,ssb-v3-block,mlp,protocol-v3,0.2,16,4,3,152,0.001766374974977225,0.0011093750363215804,591626240,0.09375
bfae98fff5df224c,kmnist,ssb-v3-block,mlp,protocol-v3,0.2,16,4,3,153,0.001687082985881716,0.0008625839836895466,591626240,0.1015625
bfae98fff5df224c,kmnist,ssb-v3-block,mlp,protocol-v3,0.2,16,4,3,154,0.0016767500201240182,0.0007768340292386711,591626240,0.1015625
bfae98fff5df224c,kmnist,ssb-v3-block,mlp,protocol-v3,0.2,16,4,3,155,0.001752333017066121,0.000814375001937151,591626240,0.5
bfae98fff5df224c,kmnist,ssb-v3-block,mlp,protocol-v3,0.2,16,4,3,156,0.0016855830326676369,0.0008114580414257944,591626240,0.1015625
bfae98fff5df224c,kmnist,ssb-v3-block,mlp,protocol-v3,0.2,16,4,3,157,0.0016171250026673079,0.0008834169711917639,591626240,0.0859375
bfae98fff5df224c,kmnist,ssb-v3-block,mlp,protocol-v3,0.2,16,4,3,158,0.0016232500202022493,0.0008071250049397349,591626240,0.0859375
bfae98fff5df224c,kmnist,ssb-v3-block,mlp,protocol-v3,0.2,16,4,3,159,0.001625874952878803,0.0007769170333631337,591626240,0.1015625
bfae98fff5df224c,kmnist,ssb-v3-block,mlp,protocol-v3,0.2,16,4,3,160,0.0016651250189170241,0.0007632080232724547,591626240,0.1171875
bfae98fff5df224c,kmnist,ssb-v3-block,mlp,protocol-v3,0.2,16,4,3,161,0.0017617910052649677,0.0008963329601101577,591626240,0.4140625
bfae98fff5df224c,kmnist,ssb-v3-block,mlp,protocol-v3,0.2,16,4,3,162,0.001692167017608881,0.0008065409492701292,591626240,0.125
bfae98fff5df224c,kmnist,ssb-v3-block,mlp,protocol-v3,0.2,16,4,3,163,0.0016787079512141645,0.0008503329590894282,591626240,0.1640625
bfae98fff5df224c,kmnist,ssb-v3-block,mlp,protocol-v3,0.2,16,4,3,164,0.0016996249905787408,0.0007956249755807221,591626240,0.0703125
bfae98fff5df224c,kmnist,ssb-v3-block,mlp,protocol-v3,0.2,16,4,3,165,0.0016464579966850579,0.0008244579657912254,591642624,0.109375
bfae98fff5df224c,kmnist,ssb-v3-block,mlp,protocol-v3,0.2,16,4,3,166,0.0017390830325894058,0.0008385420078411698,591642624,0.140625
bfae98fff5df224c,kmnist,ssb-v3-block,mlp,protocol-v3,0.2,16,4,3,167,0.0016710419440642,0.000730415980797261,591642624,0.0859375
bfae98fff5df224c,kmnist,ssb-v3-block,mlp,protocol-v3,0.2,16,4,3,168,0.001727666996885091,0.0008647919748909771,591642624,0.0703125
bfae98fff5df224c,kmnist,ssb-v3-block,mlp,protocol-v3,0.2,16,4,3,169,0.0016647920128889382,0.0007967919809743762,591642624,0.09375
bfae98fff5df224c,kmnist,ssb-v3-block,mlp,protocol-v3,0.2,16,4,3,170,0.0016855000285431743,0.0008012909675016999,591642624,0.078125
bfae98fff5df224c,kmnist,ssb-v3-block,mlp,protocol-v3,0.2,16,4,3,171,0.0017241250025108457,0.0007996670319698751,591659008,0.109375
bfae98fff5df224c,kmnist,ssb-v3-block,mlp,protocol-v3,0.2,16,4,3,172,0.0016189590096473694,0.0007459580083377659,591659008,0.140625
bfae98fff5df224c,kmnist,ssb-v3-block,mlp,protocol-v3,0.2,16,4,3,173,0.0016277499962598085,0.000826750008855015,591659008,0.09375
bfae98fff5df224c,kmnist,ssb-v3-block,mlp,protocol-v3,0.2,16,4,3,174,0.0016412920085713267,0.0006980829639360309,591659008,0.125
bfae98fff5df224c,kmnist,ssb-v3-block,mlp,protocol-v3,0.2,16,4,3,175,0.001670041005127132,0.0007730840006843209,591659008,0.0859375
bfae98fff5df224c,kmnist,ssb-v3-block,mlp,protocol-v3,0.2,16,4,3,176,0.0016204170533455908,0.0007537089986726642,591659008,0.09375
bfae98fff5df224c,kmnist,ssb-v3-block,mlp,protocol-v3,0.2,16,4,3,177,0.0017028749571181834,0.0008256249711848795,591659008,0.15625
bfae98fff5df224c,kmnist,ssb-v3-block,mlp,protocol-v3,0.2,16,4,3,178,0.001583250006660819,0.0006953750271350145,591659008,0.1484375
bfae98fff5df224c,kmnist,ssb-v3-block,mlp,protocol-v3,0.2,16,4,3,179,0.0016158330254256725,0.0007550420123152435,591675392,0.078125
bfae98fff5df224c,kmnist,ssb-v3-block,mlp,protocol-v3,0.2,16,4,3,180,0.00172579096397385,0.0007764169713482261,591675392,0.1953125
bfae98fff5df224c,kmnist,ssb-v3-block,mlp,protocol-v3,0.2,16,4,3,181,0.0017307079979218543,0.0007778750150464475,591675392,0.234375
bfae98fff5df224c,kmnist,ssb-v3-block,mlp,protocol-v3,0.2,16,4,3,182,0.0017567080212756991,0.0007358330185525119,591675392,0.203125
bfae98fff5df224c,kmnist,ssb-v3-block,mlp,protocol-v3,0.2,16,4,3,183,0.0016585830016992986,0.0007764580077491701,591675392,0.09375
bfae98fff5df224c,kmnist,ssb-v3-block,mlp,protocol-v3,0.2,16,4,3,184,0.0015661249635741115,0.0007747500203549862,591691776,0.09375
bfae98fff5df224c,kmnist,ssb-v3-block,mlp,protocol-v3,0.2,16,4,3,185,0.001733041019178927,0.0008069169707596302,591691776,0.2421875
bfae98fff5df224c,kmnist,ssb-v3-block,mlp,protocol-v3,0.2,16,4,3,186,0.001576000009663403,0.0008920419495552778,591691776,0.0390625
bfae98fff5df224c,kmnist,ssb-v3-block,mlp,protocol-v3,0.2,16,4,3,187,0.001652333012316376,0.0008798749768175185,591691776,0.109375
bfae98fff5df224c,kmnist,ssb-v3-block,mlp,protocol-v3,0.2,16,4,3,188,0.0017847499693743885,0.0008174579706974328,591691776,0.4296875
bfae98fff5df224c,kmnist,ssb-v3-block,mlp,protocol-v3,0.2,16,4,3,189,0.0017510409816168249,0.0007944999961182475,591691776,0.09375
bfae98fff5df224c,kmnist,ssb-v3-block,mlp,protocol-v3,0.2,16,4,3,190,0.0022640000097453594,0.0014394580502994359,591691776,0.125
bfae98fff5df224c,kmnist,ssb-v3-block,mlp,protocol-v3,0.2,16,4,3,191,0.002129833970684558,0.0012568749953061342,591691776,0.09375
bfae98fff5df224c,kmnist,ssb-v3-block,mlp,protocol-v3,0.2,16,4,3,192,0.001668957993388176,0.0008214580011554062,591691776,0.0703125
bfae98fff5df224c,kmnist,ssb-v3-block,mlp,protocol-v3,0.2,16,4,3,193,0.0015998330200091004,0.0007672909996472299,591691776,0.15625
bfae98fff5df224c,kmnist,ssb-v3-block,mlp,protocol-v3,0.2,16,4,3,194,0.0016815420240163803,0.0007605410064570606,591708160,0.046875
bfae98fff5df224c,kmnist,ssb-v3-block,mlp,protocol-v3,0.2,16,4,3,195,0.0017092499765567482,0.0007884999504312873,591708160,0.078125
bfae98fff5df224c,kmnist,ssb-v3-block,mlp,protocol-v3,0.2,16,4,3,196,0.0017278749728575349,0.0008789160056039691,591708160,0.078125
bfae98fff5df224c,kmnist,ssb-v3-block,mlp,protocol-v3,0.2,16,4,3,197,0.001648333971388638,0.0007324999896809459,591708160,0.125
bfae98fff5df224c,kmnist,ssb-v3-block,mlp,protocol-v3,0.2,16,4,3,198,0.0017052910407073796,0.000854209007229656,591708160,0.0859375
bfae98fff5df224c,kmnist,ssb-v3-block,mlp,protocol-v3,0.2,16,4,3,199,0.0016587499994784594,0.0007630420150235295,591708160,0.078125
bfae98fff5df224c,kmnist,ssb-v3-block,mlp,protocol-v3,0.2,16,4,3,200,0.001696166000328958,0.0007891670102253556,591708160,0.078125
bfae98fff5df224c,kmnist,ssb-v3-block,mlp,protocol-v3,0.2,16,4,3,201,0.0016986660193651915,0.0008245420176535845,591708160,0.1015625
bfae98fff5df224c,kmnist,ssb-v3-block,mlp,protocol-v3,0.2,16,4,3,202,0.0016778749995864928,0.0007747089839540422,591708160,0.1171875
bfae98fff5df224c,kmnist,ssb-v3-block,mlp,protocol-v3,0.2,16,4,3,203,0.0016705840243957937,0.0009180830093100667,591708160,0.1171875
bfae98fff5df224c,kmnist,ssb-v3-block,mlp,protocol-v3,0.2,16,4,3,204,0.0017061670077964664,0.0007530410075560212,591708160,0.1953125
bfae98fff5df224c,kmnist,ssb-v3-block,mlp,protocol-v3,0.2,16,4,3,205,0.001745334011502564,0.000787207973189652,591724544,0.34375
bfae98fff5df224c,kmnist,ssb-v3-block,mlp,protocol-v3,0.2,16,4,3,206,0.0016542079974897206,0.0007784580229781568,591724544,0.09375
bfae98fff5df224c,kmnist,ssb-v3-block,mlp,protocol-v3,0.2,16,4,3,207,0.0016553329769521952,0.0007764580077491701,591724544,0.2421875
bfae98fff5df224c,kmnist,ssb-v3-block,mlp,protocol-v3,0.2,16,4,3,208,0.0017915000207722187,0.0007367500220425427,591724544,0.1015625
bfae98fff5df224c,kmnist,ssb-v3-block,mlp,protocol-v3,0.2,16,4,3,209,0.0017247499781660736,0.0007831659750081599,591724544,0.40625
bfae98fff5df224c,kmnist,ssb-v3-block,mlp,protocol-v3,0.2,16,4,3,210,0.0017558750114403665,0.0008145830361172557,591724544,0.34375
bfae98fff5df224c,kmnist,ssb-v3-block,mlp,protocol-v3,0.2,16,4,3,211,0.0017276250291615725,0.0007676659733988345,591724544,0.28125
bfae98fff5df224c,kmnist,ssb-v3-block,mlp,protocol-v3,0.2,16,4,3,212,0.0016993340104818344,0.0008462080149911344,591724544,0.109375
bfae98fff5df224c,kmnist,ssb-v3-block,mlp,protocol-v3,0.2,16,4,3,213,0.001646166027057916,0.0008182090241461992,591724544,0.1328125
bfae98fff5df224c,kmnist,ssb-v3-block,mlp,protocol-v3,0.2,16,4,3,214,0.0016558330389671028,0.0007945830002427101,591724544,0.1171875
bfae98fff5df224c,kmnist,ssb-v3-block,mlp,protocol-v3,0.2,16,4,3,215,0.0016545840189792216,0.0007651669438928366,591724544,0.09375
bfae98fff5df224c,kmnist,ssb-v3-block,mlp,protocol-v3,0.2,16,4,3,216,0.0016469999682158232,0.0008345419773831964,591724544,0.0859375
bfae98fff5df224c,kmnist,ssb-v3-block,mlp,protocol-v3,0.2,16,4,3,217,0.0016235829680226743,0.0007870830013416708,591724544,0.1171875
bfae98fff5df224c,kmnist,ssb-v3-block,mlp,protocol-v3,0.2,16,4,3,218,0.0016937920008786023,0.0007000000332482159,591724544,0.3359375
bfae98fff5df224c,kmnist,ssb-v3-block,mlp,protocol-v3,0.2,16,4,3,219,0.0015642080106772482,0.0006848329794593155,591724544,0.09375
bfae98fff5df224c,kmnist,ssb-v3-block,mlp,protocol-v3,0.2,16,4,3,220,0.0016969169955700636,0.0008335000020451844,591724544,0.109375
bfae98fff5df224c,kmnist,ssb-v3-block,mlp,protocol-v3,0.2,16,4,3,221,0.0016269160551019013,0.0008026250288821757,591724544,0.125
bfae98fff5df224c,kmnist,ssb-v3-block,mlp,protocol-v3,0.2,16,4,3,222,0.0016827500076033175,0.000739875016734004,591724544,0.3125
bfae98fff5df224c,kmnist,ssb-v3-block,mlp,protocol-v3,0.2,16,4,3,223,0.0016568339779041708,0.0007867910317145288,591724544,0.1171875
bfae98fff5df224c,kmnist,ssb-v3-block,mlp,protocol-v3,0.2,16,4,3,224,0.0015903750318102539,0.0008378750062547624,591724544,0.125
bfae98fff5df224c,kmnist,ssb-v3-block,mlp,protocol-v3,0.2,16,4,3,225,0.0016539170173928142,0.0008129170164465904,591724544,0.0859375
bfae98fff5df224c,kmnist,ssb-v3-block,mlp,protocol-v3,0.2,16,4,3,226,0.0017082080012187362,0.0008518330287188292,591724544,0.3984375
bfae98fff5df224c,kmnist,ssb-v3-block,mlp,protocol-v3,0.2,16,4,3,227,0.0015425410238094628,0.0006721249665133655,591740928,0.15625
bfae98fff5df224c,kmnist,ssb-v3-block,mlp,protocol-v3,0.2,16,4,3,228,0.0016796669806353748,0.0008002909598872066,591740928,0.1171875
bfae98fff5df224c,kmnist,ssb-v3-block,mlp,protocol-v3,0.2,16,4,3,229,0.0016852080007083714,0.0008341250359080732,591740928,0.1171875
bfae98fff5df224c,kmnist,ssb-v3-block,mlp,protocol-v3,0.2,16,4,3,230,0.0017094169743359089,0.000857124978210777,591757312,0.1171875
bfae98fff5df224c,kmnist,ssb-v3-block,mlp,protocol-v3,0.2,16,4,3,231,0.0015516660059802234,0.0008090410265140235,591757312,0.1015625
bfae98fff5df224c,kmnist,ssb-v3-block,mlp,protocol-v3,0.2,16,4,3,232,0.0016676669474691153,0.0008033749763853848,591757312,0.0703125
bfae98fff5df224c,kmnist,ssb-v3-block,mlp,protocol-v3,0.2,16,4,3,233,0.0016699589905329049,0.0007150410092435777,591773696,0.3359375
bfae98fff5df224c,kmnist,ssb-v3-block,mlp,protocol-v3,0.2,16,4,3,234,0.001657709013670683,0.0007392079569399357,591773696,0.140625
bfae98fff5df224c,kmnist,ssb-v3-block,mlp,protocol-v3,0.2,16,4,3,235,0.0016864160425029695,0.0008496670052409172,591773696,0.1015625
bfae98fff5df224c,kmnist,ssb-v3-block,mlp,protocol-v3,0.2,16,4,3,236,0.0017585420282557607,0.0007885000086389482,591773696,0.4453125
bfae98fff5df224c,kmnist,ssb-v3-block,mlp,protocol-v3,0.2,16,4,3,237,0.001691875047981739,0.0008544590091332793,591773696,0.09375
bfae98fff5df224c,kmnist,ssb-v3-block,mlp,protocol-v3,0.2,16,4,3,238,0.0016464999644085765,0.0007976660272106528,591773696,0.078125
bfae98fff5df224c,kmnist,ssb-v3-block,mlp,protocol-v3,0.2,16,4,3,239,0.0016348749632015824,0.0007461670320481062,591773696,0.109375
bfae98fff5df224c,kmnist,ssb-v3-block,mlp,protocol-v3,0.2,16,4,3,240,0.0016903330106288195,0.0008352909935638309,591773696,0.1015625
bfae98fff5df224c,kmnist,ssb-v3-block,mlp,protocol-v3,0.2,16,4,3,241,0.0016286249738186598,0.0008022080291993916,591773696,0.078125
bfae98fff5df224c,kmnist,ssb-v3-block,mlp,protocol-v3,0.2,16,4,3,242,0.0016430830000899732,0.0007869999972172081,591790080,0.109375
bfae98fff5df224c,kmnist,ssb-v3-block,mlp,protocol-v3,0.2,16,4,3,243,0.0016672920319251716,0.0008352079894393682,591790080,0.1015625
bfae98fff5df224c,kmnist,ssb-v3-block,mlp,protocol-v3,0.2,16,4,3,244,0.00165200000628829,0.0007964170072227716,591790080,0.109375
bfae98fff5df224c,kmnist,ssb-v3-block,mlp,protocol-v3,0.2,16,4,3,245,0.0016535829636268318,0.0008135829702951014,591790080,0.1171875
bfae98fff5df224c,kmnist,ssb-v3-block,mlp,protocol-v3,0.2,16,4,3,246,0.0016969169955700636,0.0008259169990196824,591790080,0.078125
bfae98fff5df224c,kmnist,ssb-v3-block,mlp,protocol-v3,0.2,16,4,3,247,0.0016651669866405427,0.0007427080417983234,591790080,0.546875
bfae98fff5df224c,kmnist,ssb-v3-block,mlp,protocol-v3,0.2,16,4,3,248,0.0017207079799845815,0.0007314170361496508,591790080,0.2578125
bfae98fff5df224c,kmnist,ssb-v3-block,mlp,protocol-v3,0.2,16,4,3,249,0.0016402499750256538,0.000791291007772088,591790080,0.09375
bfae98fff5df224c,kmnist,ssb-v3-block,mlp,protocol-v3,0.2,16,4,3,250,0.001645374984946102,0.000769499980378896,591790080,0.09375
bfae98fff5df224c,kmnist,ssb-v3-block,mlp,protocol-v3,0.2,16,4,3,251,0.0016397080034948885,0.0007604170241393149,591790080,0.046875
bfae98fff5df224c,kmnist,ssb-v3-block,mlp,protocol-v3,0.2,16,4,3,252,0.0015722080133855343,0.0007797500002197921,591790080,0.078125
bfae98fff5df224c,kmnist,ssb-v3-block,mlp,protocol-v3,0.2,16,4,3,253,0.0017815830069594085,0.0007514999597333372,591790080,0.453125
bfae98fff5df224c,kmnist,ssb-v3-block,mlp,protocol-v3,0.2,16,4,3,254,0.0016737079713493586,0.0008000409579835832,591790080,0.078125
bfae98fff5df224c,kmnist,ssb-v3-block,mlp,protocol-v3,0.2,16,4,3,255,0.001678416971117258,0.000770999991800636,591790080,0.1015625
bfae98fff5df224c,kmnist,ssb-v3-block,mlp,protocol-v3,0.2,16,4,3,256,0.0016290830099023879,0.0007284589810296893,591790080,0.078125
bfae98fff5df224c,kmnist,ssb-v3-block,mlp,protocol-v3,0.2,16,4,3,257,0.0016419999883510172,0.0007460840279236436,591790080,0.1015625
bfae98fff5df224c,kmnist,ssb-v3-block,mlp,protocol-v3,0.2,16,4,3,258,0.001644000003580004,0.0007989999721758068,591790080,0.078125
bfae98fff5df224c,kmnist,ssb-v3-block,mlp,protocol-v3,0.2,16,4,3,259,0.001636665954720229,0.000713084009476006,591806464,0.078125
bfae98fff5df224c,kmnist,ssb-v3-block,mlp,protocol-v3,0.2,16,4,3,260,0.0017711659893393517,0.000800000037997961,591806464,0.09375
bfae98fff5df224c,kmnist,ssb-v3-block,mlp,protocol-v3,0.2,16,4,3,261,0.0016867920057848096,0.0008510829648002982,591806464,0.0703125
bfae98fff5df224c,kmnist,ssb-v3-block,mlp,protocol-v3,0.2,16,4,3,262,0.0016515000024810433,0.0007659170078113675,591806464,0.1328125
bfae98fff5df224c,kmnist,ssb-v3-block,mlp,protocol-v3,0.2,16,4,3,263,0.0016992919845506549,0.0008021249668672681,591806464,0.09375
bfae98fff5df224c,kmnist,ssb-v3-block,mlp,protocol-v3,0.2,16,4,3,264,0.0016300830175168812,0.0007158750086091459,591806464,0.125
bfae98fff5df224c,kmnist,ssb-v3-block,mlp,protocol-v3,0.2,16,4,3,265,0.0016647499869577587,0.0007488749688491225,591822848,0.09375
bfae98fff5df224c,kmnist,ssb-v3-block,mlp,protocol-v3,0.2,16,4,3,266,0.0016517500043846667,0.00075683300383389,591839232,0.1015625
bfae98fff5df224c,kmnist,ssb-v3-block,mlp,protocol-v3,0.2,16,4,3,267,0.0018109999946318567,0.0008187080384232104,591839232,0.09375
bfae98fff5df224c,kmnist,ssb-v3-block,mlp,protocol-v3,0.2,16,4,3,268,0.0016752079827710986,0.0008162499871104956,591839232,0.0546875
bfae98fff5df224c,kmnist,ssb-v3-block,mlp,protocol-v3,0.2,16,4,3,269,0.001653083018027246,0.0007612500339746475,591839232,0.078125
bfae98fff5df224c,kmnist,ssb-v3-block,mlp,protocol-v3,0.2,16,4,3,270,0.0017176249530166388,0.0007432089769281447,591839232,0.3984375
bfae98fff5df224c,kmnist,ssb-v3-block,mlp,protocol-v3,0.2,16,4,3,271,0.0015959999873302877,0.0006977079901844263,591839232,0.1171875
bfae98fff5df224c,kmnist,ssb-v3-block,mlp,protocol-v3,0.2,16,4,3,272,0.0017002919921651483,0.0008306249510496855,591855616,0.1015625
bfae98fff5df224c,kmnist,ssb-v3-block,mlp,protocol-v3,0.2,16,4,3,273,0.0016081249923445284,0.0007493749726563692,591855616,0.1015625
bfae98fff5df224c,kmnist,ssb-v3-block,mlp,protocol-v3,0.2,16,4,3,274,0.0016464579966850579,0.0007749160286039114,591855616,0.078125
bfae98fff5df224c,kmnist,ssb-v3-block,mlp,protocol-v3,0.2,16,4,3,275,0.0016604579868726432,0.0008019579690881073,591855616,0.09375
bfae98fff5df224c,kmnist,ssb-v3-block,mlp,protocol-v3,0.2,16,4,3,276,0.001649040961638093,0.0007899170159362257,591855616,0.15625
bfae98fff5df224c,kmnist,ssb-v3-block,mlp,protocol-v3,0.2,16,4,3,277,0.0017777500324882567,0.0008462080149911344,591855616,0.421875
bfae98fff5df224c,kmnist,ssb-v3-block,mlp,protocol-v3,0.2,16,4,3,278,0.0015854170196689665,0.0007800419698469341,591855616,0.1015625
bfae98fff5df224c,kmnist,ssb-v3-block,mlp,protocol-v3,0.2,16,4,3,279,0.0016897080349735916,0.0008169999928213656,591855616,0.1484375
bfae98fff5df224c,kmnist,ssb-v3-block,mlp,protocol-v3,0.2,16,4,3,280,0.001639000023715198,0.000777459004893899,591855616,0.1015625
bfae98fff5df224c,kmnist,ssb-v3-block,mlp,protocol-v3,0.2,16,4,3,281,0.0016205409774556756,0.0007730840006843209,591855616,0.1328125
bfae98fff5df224c,kmnist,ssb-v3-block,mlp,protocol-v3,0.2,16,4,3,282,0.0017272079712711275,0.0007408750243484974,591855616,0.40625
bfae98fff5df224c,kmnist,ssb-v3-block,mlp,protocol-v3,0.2,16,4,3,283,0.0016378749860450625,0.0007759160362184048,591872000,0.1015625
bfae98fff5df224c,kmnist,ssb-v3-block,mlp,protocol-v3,0.2,16,4,3,284,0.0015899999998509884,0.0007278330158442259,591872000,0.109375
bfae98fff5df224c,kmnist,ssb-v3-block,mlp,protocol-v3,0.2,16,4,3,285,0.0016544590471312404,0.0007355829584412277,591872000,0.109375
bfae98fff5df224c,kmnist,ssb-v3-block,mlp,protocol-v3,0.2,16,4,3,286,0.0016755840042605996,0.0007534999749623239,591904768,0.140625
bfae98fff5df224c,kmnist,ssb-v3-block,mlp,protocol-v3,0.2,16,4,3,287,0.0016472090501338243,0.000765209028031677,591904768,0.109375
bfae98fff5df224c,kmnist,ssb-v3-block,mlp,protocol-v3,0.2,16,4,3,288,0.001632167026400566,0.000716000038664788,591904768,0.0859375
bfae98fff5df224c,kmnist,ssb-v3-block,mlp,protocol-v3,0.2,16,4,3,289,0.001664666982833296,0.0007822089828550816,591921152,0.09375
bfae98fff5df224c,kmnist,ssb-v3-block,mlp,protocol-v3,0.2,16,4,3,290,0.0017391250003129244,0.0007645000005140901,591921152,0.34375
bfae98fff5df224c,kmnist,ssb-v3-block,mlp,protocol-v3,0.2,16,4,3,291,0.0016336250118911266,0.0007818330195732415,591921152,0.0625
bfae98fff5df224c,kmnist,ssb-v3-block,mlp,protocol-v3,0.2,16,4,3,292,0.0016611659666523337,0.000761208008043468,591937536,0.1015625
bfae98fff5df224c,kmnist,ssb-v3-block,mlp,protocol-v3,0.2,16,4,3,293,0.001775332959368825,0.0007640420226380229,591937536,0.1328125
bfae98fff5df224c,kmnist,ssb-v3-block,mlp,protocol-v3,0.2,16,4,3,294,0.001648333971388638,0.0008214580011554062,591937536,0.125
bfae98fff5df224c,kmnist,ssb-v3-block,mlp,protocol-v3,0.2,16,4,3,295,0.001712458033580333,0.0008463750127702951,591937536,0.09375
bfae98fff5df224c,kmnist,ssb-v3-block,mlp,protocol-v3,0.2,16,4,3,296,0.0016592919710092247,0.000787625031080097,591937536,0.09375
bfae98fff5df224c,kmnist,ssb-v3-block,mlp,protocol-v3,0.2,16,4,3,297,0.0016382919857278466,0.0009106670040637255,591937536,0.09375
bfae98fff5df224c,kmnist,ssb-v3-block,mlp,protocol-v3,0.2,16,4,3,298,0.0016784159815870225,0.0008068750030361116,591937536,0.0703125
bfae98fff5df224c,kmnist,ssb-v3-block,mlp,protocol-v3,0.2,16,4,3,299,0.0016831659595482051,0.0008170000510290265,591937536,0.125
bfae98fff5df224c,kmnist,ssb-v3-block,mlp,protocol-v3,0.2,16,4,3,300,0.0017067500157281756,0.000848083000164479,591937536,0.1015625
bfae98fff5df224c,kmnist,ssb-v3-block,mlp,protocol-v3,0.2,16,4,3,301,0.0016882920172065496,0.0008407499990426004,591937536,0.140625
bfae98fff5df224c,kmnist,ssb-v3-block,mlp,protocol-v3,0.2,16,4,3,302,0.0016556670307181776,0.0007967919809743762,591937536,0.109375
bfae98fff5df224c,kmnist,ssb-v3-block,mlp,protocol-v3,0.2,16,4,3,303,0.0015608329558745027,0.0006633329903706908,591953920,0.0859375
bfae98fff5df224c,kmnist,ssb-v3-block,mlp,protocol-v3,0.2,16,4,3,304,0.0016883329953998327,0.0007360419840551913,591953920,0.3203125
bfae98fff5df224c,kmnist,ssb-v3-block,mlp,protocol-v3,0.2,16,4,3,305,0.0016887089586816728,0.0008312920108437538,591953920,0.15625
bfae98fff5df224c,kmnist,ssb-v3-block,mlp,protocol-v3,0.2,16,4,3,306,0.0016655419603921473,0.0007634999928995967,591953920,0.0859375
bfae98fff5df224c,kmnist,ssb-v3-block,mlp,protocol-v3,0.2,16,4,3,307,0.0017934170318767428,0.0008099999977275729,591953920,0.1171875
bfae98fff5df224c,kmnist,ssb-v3-block,mlp,protocol-v3,0.2,16,4,3,308,0.0016551670269109309,0.0007639579707756639,591953920,0.078125
bfae98fff5df224c,kmnist,ssb-v3-block,mlp,protocol-v3,0.2,16,4,3,309,0.0016427090158686042,0.0007649160106666386,591953920,0.1015625
bfae98fff5df224c,kmnist,ssb-v3-block,mlp,protocol-v3,0.2,16,4,3,310,0.0016877909656614065,0.000875915982760489,591953920,0.078125
bfae98fff5df224c,kmnist,ssb-v3-block,mlp,protocol-v3,0.2,16,4,3,311,0.0016329169739037752,0.0007239590049721301,591953920,0.09375
bfae98fff5df224c,kmnist,ssb-v3-block,mlp,protocol-v3,0.2,16,4,3,312,0.0017324169748462737,0.0007690829806961119,591953920,0.4296875
bfae98fff5df224c,kmnist,ssb-v3-block,mlp,protocol-v3,0.2,16,4,3,313,0.0016695409431122243,0.0009609999833628535,591970304,0.0625
bfae98fff5df224c,kmnist,ssb-v3-block,mlp,protocol-v3,0.2,16,4,3,314,0.0017688749940134585,0.0007464579539373517,591970304,0.1796875
bfae98fff5df224c,kmnist,ssb-v3-block,mlp,protocol-v3,0.2,16,4,3,315,0.0017300829640589654,0.0007480829954147339,591970304,0.3515625
bfae98fff5df224c,kmnist,ssb-v3-block,mlp,protocol-v3,0.2,16,4,3,316,0.0016279590199701488,0.0008138749981299043,591986688,0.09375
bfae98fff5df224c,kmnist,ssb-v3-block,mlp,protocol-v3,0.2,16,4,3,317,0.0016109999851323664,0.0007251659990288317,591986688,0.1171875
bfae98fff5df224c,kmnist,ssb-v3-block,mlp,protocol-v3,0.2,16,4,3,318,0.0016612079925835133,0.0008297080057673156,591986688,0.1640625
bfae98fff5df224c,kmnist,ssb-v3-block,mlp,protocol-v3,0.2,16,4,3,319,0.001608917023986578,0.0007566249696537852,591986688,0.1015625
bfae98fff5df224c,kmnist,ssb-v3-block,mlp,protocol-v3,0.2,16,4,3,320,0.0016677500098012388,0.0008077090024016798,591986688,0.0703125
bfae98fff5df224c,kmnist,ssb-v3-block,mlp,protocol-v3,0.2,16,4,3,321,0.0016380419838242233,0.0007247090106830001,591986688,0.078125
bfae98fff5df224c,kmnist,ssb-v3-block,mlp,protocol-v3,0.2,16,4,3,322,0.0016904170042835176,0.0008233340340666473,591986688,0.125
bfae98fff5df224c,kmnist,ssb-v3-block,mlp,protocol-v3,0.2,16,4,3,323,0.0017049590242095292,0.0007475839811377227,591986688,0.3828125
bfae98fff5df224c,kmnist,ssb-v3-block,mlp,protocol-v3,0.2,16,4,3,324,0.001684917020611465,0.0008437500218860805,591986688,0.09375
bfae98fff5df224c,kmnist,ssb-v3-block,mlp,protocol-v3,0.2,16,4,3,325,0.0016410830430686474,0.0007804170018061996,591986688,0.0859375
bfae98fff5df224c,kmnist,ssb-v3-block,mlp,protocol-v3,0.2,16,4,3,326,0.0018225410021841526,0.000840082997456193,592003072,0.0859375
bfae98fff5df224c,kmnist,ssb-v3-block,mlp,protocol-v3,0.2,16,4,3,327,0.0015839579864405096,0.0007406669901683927,592003072,0.1171875
bfae98fff5df224c,kmnist,ssb-v3-block,mlp,protocol-v3,0.2,16,4,3,328,0.0016634580097161233,0.0007800830062478781,592003072,0.0625
bfae98fff5df224c,kmnist,ssb-v3-block,mlp,protocol-v3,0.2,16,4,3,329,0.0016662499983794987,0.0008272920385934412,592003072,0.1015625
bfae98fff5df224c,kmnist,ssb-v3-block,mlp,protocol-v3,0.2,16,4,3,330,0.0016840000171214342,0.0007458750042133033,592003072,0.140625
bfae98fff5df224c,kmnist,ssb-v3-block,mlp,protocol-v3,0.2,16,4,3,331,0.0016173339681699872,0.0007473339792340994,592003072,0.0546875
bfae98fff5df224c,kmnist,ssb-v3-block,mlp,protocol-v3,0.2,16,4,3,332,0.0016348750214092433,0.0007153329788707197,592003072,0.1484375
bfae98fff5df224c,kmnist,ssb-v3-block,mlp,protocol-v3,0.2,16,4,3,333,0.0036515839747153223,0.0007262920262292027,592003072,0.125
bfae98fff5df224c,kmnist,ssb-v3-block,mlp,protocol-v3,0.2,16,4,3,334,0.0017318750033155084,0.000782166956923902,592003072,0.375
bfae98fff5df224c,kmnist,ssb-v3-block,mlp,protocol-v3,0.2,16,4,3,335,0.0016382919857278466,0.0007239590049721301,592003072,0.078125
bfae98fff5df224c,kmnist,ssb-v3-block,mlp,protocol-v3,0.2,16,4,3,336,0.0016513749724254012,0.0007973749889060855,592003072,0.078125
bfae98fff5df224c,kmnist,ssb-v3-block,mlp,protocol-v3,0.2,16,4,3,337,0.001617999980226159,0.0007762499735690653,592003072,0.09375
bfae98fff5df224c,kmnist,ssb-v3-block,mlp,protocol-v3,0.2,16,4,3,338,0.00161500001559034,0.0007288330234587193,592003072,0.078125
bfae98fff5df224c,kmnist,ssb-v3-block,mlp,protocol-v3,0.2,16,4,3,339,0.0016073749866336584,0.000782540999352932,592003072,0.125
bfae98fff5df224c,kmnist,ssb-v3-block,mlp,protocol-v3,0.2,16,4,3,340,0.0017431250307708979,0.0006646250258199871,592003072,0.109375
bfae98fff5df224c,kmnist,ssb-v3-block,mlp,protocol-v3,0.2,16,4,3,341,0.001648375007789582,0.0007978749927133322,592003072,0.1640625
bfae98fff5df224c,kmnist,ssb-v3-block,mlp,protocol-v3,0.2,16,4,3,342,0.0016490000416524708,0.0009966249926947057,592003072,0.078125
bfae98fff5df224c,kmnist,ssb-v3-block,mlp,protocol-v3,0.2,16,4,3,343,0.0015904579777270555,0.000767707999330014,592003072,0.1015625
bfae98fff5df224c,kmnist,ssb-v3-block,mlp,protocol-v3,0.2,16,4,3,344,0.0016073329607024789,0.0007435419829562306,592003072,0.1015625
bfae98fff5df224c,kmnist,ssb-v3-block,mlp,protocol-v3,0.2,16,4,3,345,0.0016557500348426402,0.0007455000304616988,592003072,0.0859375
bfae98fff5df224c,kmnist,ssb-v3-block,mlp,protocol-v3,0.2,16,4,3,346,0.0016965410322882235,0.0008486669976264238,592003072,0.078125
bfae98fff5df224c,kmnist,ssb-v3-block,mlp,protocol-v3,0.2,16,4,3,347,0.001734208024572581,0.0008486669976264238,592003072,0.0703125
bfae98fff5df224c,kmnist,ssb-v3-block,mlp,protocol-v3,0.2,16,4,3,348,0.0016572920139878988,0.0008229590021073818,592003072,0.140625
bfae98fff5df224c,kmnist,ssb-v3-block,mlp,protocol-v3,0.2,16,4,3,349,0.0016504160012118518,0.0008077499805949628,592003072,0.1796875
bfae98fff5df224c,kmnist,ssb-v3-block,mlp,protocol-v3,0.2,16,4,3,350,0.0016307079931721091,0.0007450839621014893,592019456,0.109375
bfae98fff5df224c,kmnist,ssb-v3-block,mlp,protocol-v3,0.2,16,4,3,351,0.0016299159615300596,0.0007780839805491269,592019456,0.109375
bfae98fff5df224c,kmnist,ssb-v3-block,mlp,protocol-v3,0.2,16,4,3,352,0.0016446670051664114,0.0007830410031601787,592019456,0.078125
bfae98fff5df224c,kmnist,ssb-v3-block,mlp,protocol-v3,0.2,16,4,3,353,0.0016809580265544355,0.0008246250217780471,592019456,0.078125
bfae98fff5df224c,kmnist,ssb-v3-block,mlp,protocol-v3,0.2,16,4,3,354,0.0016448330134153366,0.0008027920266613364,592019456,0.109375
bfae98fff5df224c,kmnist,ssb-v3-block,mlp,protocol-v3,0.2,16,4,3,355,0.0016471249982714653,0.0007777499849908054,592019456,0.1015625
bfae98fff5df224c,kmnist,ssb-v3-block,mlp,protocol-v3,0.2,16,4,3,356,0.0016487499815411866,0.0008004169794730842,592019456,0.09375
bfae98fff5df224c,kmnist,ssb-v3-block,mlp,protocol-v3,0.2,16,4,3,357,0.0016786250052973628,0.0008297499734908342,592019456,0.1015625
bfae98fff5df224c,kmnist,ssb-v3-block,mlp,protocol-v3,0.2,16,4,3,358,0.0016669579781591892,0.0007740840082988143,592019456,0.515625
bfae98fff5df224c,kmnist,ssb-v3-block,mlp,protocol-v3,0.2,16,4,3,359,0.0016343749593943357,0.000794875028077513,592019456,0.0859375
bfae98fff5df224c,kmnist,ssb-v3-block,mlp,protocol-v3,0.2,16,4,3,360,0.0016412500408478081,0.0007978329667821527,592019456,0.078125
bfae98fff5df224c,kmnist,ssb-v3-block,mlp,protocol-v3,0.2,16,4,3,361,0.001742499996908009,0.0008108329493552446,592019456,0.4296875
bfae98fff5df224c,kmnist,ssb-v3-block,mlp,protocol-v3,0.2,16,4,3,362,0.0016335839754901826,0.0007732080412097275,592019456,0.078125
bfae98fff5df224c,kmnist,ssb-v3-block,mlp,protocol-v3,0.2,16,4,3,363,0.001599542039912194,0.0007522079977206886,592019456,0.3359375
bfae98fff5df224c,kmnist,ssb-v3-block,mlp,protocol-v3,0.2,16,4,3,364,0.001713500008918345,0.000792292004916817,592019456,0.4921875
bfae98fff5df224c,kmnist,ssb-v3-block,mlp,protocol-v3,0.2,16,4,3,365,0.0015354999923147261,0.0007473339792340994,592035840,0.09375
bfae98fff5df224c,kmnist,ssb-v3-block,mlp,protocol-v3,0.2,16,4,3,366,0.0017087080050259829,0.0007143329712562263,592035840,0.078125
bfae98fff5df224c,kmnist,ssb-v3-block,mlp,protocol-v3,0.2,16,4,3,367,0.0014970829943194985,0.0007165830465964973,592052224,0.09375
bfae98fff5df224c,kmnist,ssb-v3-block,mlp,protocol-v3,0.2,16,4,3,368,0.0016141660162247717,0.0007480000494979322,592052224,0.1015625
bfae98fff5df224c,kmnist,ssb-v3-block,mlp,protocol-v3,0.2,16,4,3,369,0.0016851670225150883,0.0007414579740725458,592052224,0.40625
bfae98fff5df224c,kmnist,ssb-v3-block,mlp,protocol-v3,0.2,16,4,3,370,0.0016885410295799375,0.0007765829795971513,592052224,0.0703125
bfae98fff5df224c,kmnist,ssb-v3-block,mlp,protocol-v3,0.2,16,4,3,371,0.00161800003843382,0.0007797080324962735,592052224,0.0625
bfae98fff5df224c,kmnist,ssb-v3-block,mlp,protocol-v3,0.2,16,4,3,372,0.0017237089923582971,0.0007148330332711339,592052224,0.1171875
bfae98fff5df224c,kmnist,ssb-v3-block,mlp,protocol-v3,0.2,16,4,3,373,0.0017277500010095537,0.0008052079938352108,592052224,0.1171875
bfae98fff5df224c,kmnist,ssb-v3-block,mlp,protocol-v3,0.2,16,4,3,374,0.0016884159995242953,0.0008446249994449317,592052224,0.1015625
bfae98fff5df224c,kmnist,ssb-v3-block,mlp,protocol-v3,0.2,16,4,3,375,0.0016922089853323996,0.0008379159844480455,592052224,0.1015625
bfae98fff5df224c,kmnist,ssb-v3-block,mlp,protocol-v3,0.2,16,4,3,376,0.0017179170390591025,0.0007542500388808548,592052224,0.421875
bfae98fff5df224c,kmnist,ssb-v3-block,mlp,protocol-v3,0.2,16,4,3,377,0.0016575410263612866,0.000803917006123811,592052224,0.1015625
bfae98fff5df224c,kmnist,ssb-v3-block,mlp,protocol-v3,0.2,16,4,3,378,0.0016457079909741879,0.0007824169588275254,592052224,0.09375
bfae98fff5df224c,kmnist,ssb-v3-block,mlp,protocol-v3,0.2,16,4,3,379,0.00163033400895074,0.0007358330185525119,592052224,0.1015625
bfae98fff5df224c,kmnist,ssb-v3-block,mlp,protocol-v3,0.2,16,4,3,380,0.0017503330018371344,0.0007797920261509717,592052224,0.078125
bfae98fff5df224c,kmnist,ssb-v3-block,mlp,protocol-v3,0.2,16,4,3,381,0.0016090419958345592,0.0007511250441893935,592052224,0.0859375
bfae98fff5df224c,kmnist,ssb-v3-block,mlp,protocol-v3,0.2,16,4,3,382,0.0017209170036949217,0.0007890830165706575,592052224,0.4609375
bfae98fff5df224c,kmnist,ssb-v3-block,mlp,protocol-v3,0.2,16,4,3,383,0.001676624990068376,0.0008557079709134996,592052224,0.09375
bfae98fff5df224c,kmnist,ssb-v3-block,mlp,protocol-v3,0.2,16,4,3,384,0.0016265840386040509,0.0008379999781027436,592052224,0.109375
bfae98fff5df224c,kmnist,ssb-v3-block,mlp,protocol-v3,0.2,16,4,3,385,0.001634665997698903,0.0007500830106437206,592052224,0.0703125
bfae98fff5df224c,kmnist,ssb-v3-block,mlp,protocol-v3,0.2,16,4,3,386,0.0016305409953929484,0.0007556249620392919,592052224,0.1171875
bfae98fff5df224c,kmnist,ssb-v3-block,mlp,protocol-v3,0.2,16,4,3,387,0.0016767909983173013,0.0008484999998472631,592052224,0.0859375
bfae98fff5df224c,kmnist,ssb-v3-block,mlp,protocol-v3,0.2,16,4,3,388,0.0016425829962827265,0.0008135410025715828,592052224,0.046875
bfae98fff5df224c,kmnist,ssb-v3-block,mlp,protocol-v3,0.2,16,4,3,389,0.001644417003262788,0.0007878749747760594,592052224,0.046875
bfae98fff5df224c,kmnist,ssb-v3-block,mlp,protocol-v3,0.2,16,4,3,390,0.0016293750377371907,0.0007278340053744614,592052224,0.1015625
bfae98fff5df224c,kmnist,ssb-v3-block,mlp,protocol-v3,0.2,16,4,3,391,0.001582540979143232,0.00067904096795246,592052224,0.078125
bfae98fff5df224c,kmnist,ssb-v3-block,mlp,protocol-v3,0.2,16,4,3,392,0.0016539169591851532,0.000678334035910666,592052224,0.125
bfae98fff5df224c,kmnist,ssb-v3-block,mlp,protocol-v3,0.2,16,4,3,393,0.0016479159821756184,0.000820541987195611,592068608,0.09375
bfae98fff5df224c,kmnist,ssb-v3-block,mlp,protocol-v3,0.2,16,4,3,394,0.0016166249988600612,0.0008596249972470105,592068608,0.109375
bfae98fff5df224c,kmnist,ssb-v3-block,mlp,protocol-v3,0.2,16,4,3,395,0.001674374972935766,0.0008290839614346623,592068608,0.109375
bfae98fff5df224c,kmnist,ssb-v3-block,mlp,protocol-v3,0.2,16,4,3,396,0.0016558750066906214,0.0007819999591447413,592068608,0.1484375
bfae98fff5df224c,kmnist,ssb-v3-block,mlp,protocol-v3,0.2,16,4,3,397,0.0016493750154040754,0.0007763340254314244,592068608,0.09375
bfae98fff5df224c,kmnist,ssb-v3-block,mlp,protocol-v3,0.2,16,4,3,398,0.0015635830350220203,0.0007272920338436961,592068608,0.1171875
bfae98fff5df224c,kmnist,ssb-v3-block,mlp,protocol-v3,0.2,16,4,3,399,0.0017190410289913416,0.0008011659956537187,592068608,0.1015625
bfae98fff5df224c,kmnist,ssb-v3-block,mlp,protocol-v3,0.2,16,4,3,400,0.0016495420131832361,0.000711583998054266,592068608,0.078125
bfae98fff5df224c,kmnist,ssb-v3-block,mlp,protocol-v3,0.2,16,4,3,401,0.00162191700655967,0.0007284579914994538,592068608,0.109375
bfae98fff5df224c,kmnist,ssb-v3-block,mlp,protocol-v3,0.2,16,4,3,402,0.0015229170094244182,0.0006553339771926403,592068608,0.1015625
bfae98fff5df224c,kmnist,ssb-v3-block,mlp,protocol-v3,0.2,16,4,3,403,0.0016657920205034316,0.0008497079834342003,592068608,0.1484375
bfae98fff5df224c,kmnist,ssb-v3-block,mlp,protocol-v3,0.2,16,4,3,404,0.0016124169924296439,0.000752124993596226,592068608,0.0546875
bfae98fff5df224c,kmnist,ssb-v3-block,mlp,protocol-v3,0.2,16,4,3,405,0.001680916000623256,0.000838666979689151,592068608,0.0859375
bfae98fff5df224c,kmnist,ssb-v3-block,mlp,protocol-v3,0.2,16,4,3,406,0.0018015840323641896,0.0008485419675707817,592084992,0.1171875
bfae98fff5df224c,kmnist,ssb-v3-block,mlp,protocol-v3,0.2,16,4,3,407,0.0017536249943077564,0.000819791981484741,592084992,0.3984375
bfae98fff5df224c,kmnist,ssb-v3-block,mlp,protocol-v3,0.2,16,4,3,408,0.0016088749980553985,0.000752874999307096,592084992,0.078125
bfae98fff5df224c,kmnist,ssb-v3-block,mlp,protocol-v3,0.2,16,4,3,409,0.004669916990678757,0.005102625000290573,593330176,0.09375
bfae98fff5df224c,kmnist,ssb-v3-block,mlp,protocol-v3,0.2,16,4,3,410,0.0015305419801734388,0.0008546250173822045,593379328,0.0859375
bfae98fff5df224c,kmnist,ssb-v3-block,mlp,protocol-v3,0.2,16,4,3,411,0.0017716670408844948,0.0007252920186147094,593723392,0.328125
bfae98fff5df224c,kmnist,ssb-v3-block,mlp,protocol-v3,0.2,16,4,3,412,0.0017805829993449152,0.0007733750389888883,593723392,0.296875
bfae98fff5df224c,kmnist,ssb-v3-block,mlp,protocol-v3,0.2,16,4,3,413,0.0017203750321641564,0.0008361659711226821,593985536,0.078125
bfae98fff5df224c,kmnist,ssb-v3-block,mlp,protocol-v3,0.2,16,4,3,414,0.00164899998344481,0.0007681249990127981,593985536,0.0703125
bfae98fff5df224c,kmnist,ssb-v3-block,mlp,protocol-v3,0.2,16,4,3,415,0.0017683330224826932,0.0008533750078640878,593985536,0.5234375
bfae98fff5df224c,kmnist,ssb-v3-block,mlp,protocol-v3,0.2,16,4,3,416,0.0017265829956158996,0.0007936669862829149,594001920,0.5078125
bfae98fff5df224c,kmnist,ssb-v3-block,mlp,protocol-v3,0.2,16,4,3,417,0.001597750000655651,0.00074637500802055,594001920,0.203125
bfae98fff5df224c,kmnist,ssb-v3-block,mlp,protocol-v3,0.2,16,4,3,418,0.0016101250075735152,0.0008116669487208128,594001920,0.0625
bfae98fff5df224c,kmnist,ssb-v3-block,mlp,protocol-v3,0.2,16,4,3,419,0.0019048340036533773,0.000859999970998615,594001920,0.421875
bfae98fff5df224c,kmnist,ssb-v3-block,mlp,protocol-v3,0.2,16,4,3,420,0.0017222079914063215,0.0007404590141959488,594001920,0.34375
bfae98fff5df224c,kmnist,ssb-v3-block,mlp,protocol-v3,0.2,16,4,3,421,0.0015692920424044132,0.0006659580394625664,594001920,0.1015625
bfae98fff5df224c,kmnist,ssb-v3-block,mlp,protocol-v3,0.2,16,4,3,422,0.001692500023636967,0.0007164170383475721,594001920,0.3671875
bfae98fff5df224c,kmnist,ssb-v3-block,mlp,protocol-v3,0.2,16,4,3,423,0.001573125016875565,0.0007359169539995492,594001920,0.125
bfae98fff5df224c,kmnist,ssb-v3-block,mlp,protocol-v3,0.2,16,4,3,424,0.0017781250062398612,0.0008532920037396252,594001920,0.4921875
bfae98fff5df224c,kmnist,ssb-v3-block,mlp,protocol-v3,0.2,16,4,3,425,0.001627375022508204,0.0007310420041903853,594001920,0.0703125
bfae98fff5df224c,kmnist,ssb-v3-block,mlp,protocol-v3,0.2,16,4,3,426,0.0017537089879624546,0.0008467920124530792,594001920,0.28125
bfae98fff5df224c,kmnist,ssb-v3-block,mlp,protocol-v3,0.2,16,4,3,427,0.001660708978306502,0.0008172499947249889,594001920,0.046875
bfae98fff5df224c,kmnist,ssb-v3-block,mlp,protocol-v3,0.2,16,4,3,428,0.0017164170276373625,0.0008709999965503812,594001920,0.109375
bfae98fff5df224c,kmnist,ssb-v3-block,mlp,protocol-v3,0.2,16,4,3,429,0.0016953329904936254,0.0007379580056294799,594001920,0.078125
bfae98fff5df224c,kmnist,ssb-v3-block,mlp,protocol-v3,0.2,16,4,3,430,0.0016159170190803707,0.0008205829653888941,594001920,0.1015625
bfae98fff5df224c,kmnist,ssb-v3-block,mlp,protocol-v3,0.2,16,4,3,431,0.0017447079881094396,0.0007689169724471867,594001920,0.3671875
bfae98fff5df224c,kmnist,ssb-v3-block,mlp,protocol-v3,0.2,16,4,3,432,0.0017183750169351697,0.0007512079901061952,594001920,0.3046875
bfae98fff5df224c,kmnist,ssb-v3-block,mlp,protocol-v3,0.2,16,4,3,433,0.0017951249610632658,0.000782207993324846,594001920,0.1015625
bfae98fff5df224c,kmnist,ssb-v3-block,mlp,protocol-v3,0.2,16,4,3,434,0.0016198749653995037,0.0008239169837906957,594001920,0.078125
bfae98fff5df224c,kmnist,ssb-v3-block,mlp,protocol-v3,0.2,16,4,3,435,0.0015277499915100634,0.0007752500241622329,594001920,0.09375
bfae98fff5df224c,kmnist,ssb-v3-block,mlp,protocol-v3,0.2,16,4,3,436,0.0017127079772762954,0.0007928750128485262,594001920,0.4140625
bfae98fff5df224c,kmnist,ssb-v3-block,mlp,protocol-v3,0.2,16,4,3,437,0.0016724580200389028,0.0006887079798616469,594018304,0.1015625
bfae98fff5df224c,kmnist,ssb-v3-block,mlp,protocol-v3,0.2,16,4,3,438,0.0016463330248370767,0.0007696250104345381,594018304,0.078125
bfae98fff5df224c,kmnist,ssb-v3-block,mlp,protocol-v3,0.2,16,4,3,439,0.0016187080182135105,0.0007799590239301324,594018304,0.09375
bfae98fff5df224c,kmnist,ssb-v3-block,mlp,protocol-v3,0.2,16,4,3,440,0.0017879169899970293,0.0008642500033602118,594018304,0.34375
bfae98fff5df224c,kmnist,ssb-v3-block,mlp,protocol-v3,0.2,16,4,3,441,0.0017223330214619637,0.0007843330386094749,594018304,0.4453125
bfae98fff5df224c,kmnist,ssb-v3-block,mlp,protocol-v3,0.2,16,4,3,442,0.0017198330024257302,0.0007586670108139515,594018304,0.40625
bfae98fff5df224c,kmnist,ssb-v3-block,mlp,protocol-v3,0.2,16,4,3,443,0.0016399159794673324,0.0008074580109678209,594018304,0.1015625
bfae98fff5df224c,kmnist,ssb-v3-block,mlp,protocol-v3,0.2,16,4,3,444,0.0016057919710874557,0.0007586250430904329,594018304,0.109375
bfae98fff5df224c,kmnist,ssb-v3-block,mlp,protocol-v3,0.2,16,4,3,445,0.0016162089887075126,0.0007519590435549617,594018304,0.09375
bfae98fff5df224c,kmnist,ssb-v3-block,mlp,protocol-v3,0.2,16,4,3,446,0.0017021250096149743,0.00086116703459993,594018304,0.2734375
bfae98fff5df224c,kmnist,ssb-v3-block,mlp,protocol-v3,0.2,16,4,3,447,0.0017364170053042471,0.0008385409601032734,594018304,0.2578125
bfae98fff5df224c,kmnist,ssb-v3-block,mlp,protocol-v3,0.2,16,4,3,448,0.0016507090185768902,0.000801375019364059,594018304,0.09375
bfae98fff5df224c,kmnist,ssb-v3-block,mlp,protocol-v3,0.2,16,4,3,449,0.0016709169722162187,0.0008215410052798688,594018304,0.0625
bfae98fff5df224c,kmnist,ssb-v3-block,mlp,protocol-v3,0.2,16,4,3,450,0.0016580410301685333,0.0008190830121748149,594018304,0.0703125
bfae98fff5df224c,kmnist,ssb-v3-block,mlp,protocol-v3,0.2,16,4,3,451,0.0015843749861232936,0.0007929580169729888,594018304,0.078125
bfae98fff5df224c,kmnist,ssb-v3-block,mlp,protocol-v3,0.2,16,4,3,452,0.0017180410213768482,0.0007600829703733325,594018304,0.0859375
bfae98fff5df224c,kmnist,ssb-v3-block,mlp,protocol-v3,0.2,16,4,3,453,0.0016886250232346356,0.0008420840022154152,594018304,0.1015625
bfae98fff5df224c,kmnist,ssb-v3-block,mlp,protocol-v3,0.2,16,4,3,454,0.0016534170135855675,0.0008818329661153257,594018304,0.1484375
bfae98fff5df224c,kmnist,ssb-v3-block,mlp,protocol-v3,0.2,16,4,3,455,0.0016379159642383456,0.0008072920027188957,594018304,0.1484375
bfae98fff5df224c,kmnist,ssb-v3-block,mlp,protocol-v3,0.2,16,4,3,456,0.0016472499701194465,0.0007682080031372607,594018304,0.0546875
bfae98fff5df224c,kmnist,ssb-v3-block,mlp,protocol-v3,0.2,16,4,3,457,0.0017389170243404806,0.0008062080014497042,594018304,0.46875
bfae98fff5df224c,kmnist,ssb-v3-block,mlp,protocol-v3,0.2,16,4,3,458,0.001688959018792957,0.0008544579613953829,594018304,0.3203125
bfae98fff5df224c,kmnist,ssb-v3-block,mlp,protocol-v3,0.2,16,4,3,459,0.0016923340153880417,0.0008146250038407743,594018304,0.0859375
bfae98fff5df224c,kmnist,ssb-v3-block,mlp,protocol-v3,0.2,16,4,3,460,0.0017647089553065598,0.0008375839679501951,594034688,0.28125
bfae98fff5df224c,kmnist,ssb-v3-block,mlp,protocol-v3,0.2,16,4,3,461,0.001639750029426068,0.0007656670059077442,594034688,0.1015625
bfae98fff5df224c,kmnist,ssb-v3-block,mlp,protocol-v3,0.2,16,4,3,462,0.0016351249651052058,0.0007595830247737467,594034688,0.09375
bfae98fff5df224c,kmnist,ssb-v3-block,mlp,protocol-v3,0.2,16,4,3,463,0.0016263750148937106,0.0007609159802086651,594034688,0.0859375
bfae98fff5df224c,kmnist,ssb-v3-block,mlp,protocol-v3,0.2,16,4,3,464,0.0017161670257337391,0.0007777910213917494,594034688,0.4609375
bfae98fff5df224c,kmnist,ssb-v3-block,mlp,protocol-v3,0.2,16,4,3,465,0.00164883304387331,0.0008180830045603216,594034688,0.109375
bfae98fff5df224c,kmnist,ssb-v3-block,mlp,protocol-v3,0.2,16,4,3,466,0.0016808329964987934,0.0007934590103104711,594034688,0.09375
bfae98fff5df224c,kmnist,ssb-v3-block,mlp,protocol-v3,0.2,16,4,3,467,0.0016590839950367808,0.0008059159736149013,594034688,0.0546875
bfae98fff5df224c,kmnist,ssb-v3-block,mlp,protocol-v3,0.2,16,4,3,468,0.009008667024318129,0.011691041989251971,597819392,0.052083333333333336
