run_id,dataset,model,architecture,protocol_version,keep_ratio,block_size,seed,epoch,batch,forward_time_s,backward_time_s,memory_bytes,batch_accuracy
2f81aca8ac56b882,cifar10,ssb-v2-block,cnn,protocol-v3,0.8,128,2,1,0,0.08408512501046062,0.06491012504557148,720699392,0.0703125
2f81aca8ac56b882,cifar10,ssb-v2-block,cnn,protocol-v3,0.8,128,2,1,1,0.007870750036090612,0.0225167500320822,740638720,0.09375
2f81aca8ac56b882,cifar10,ssb-v2-block,cnn,protocol-v3,0.8,128,2,1,2,0.0059606669819913805,0.020553458016365767,742735872,0.1484375
2f81aca8ac56b882,cifar10,ssb-v2-block,cnn,protocol-v3,0.8,128,2,1,3,0.006168916006572545,0.02158399997279048,745357312,0.1171875
2f81aca8ac56b882,cifar10,ssb-v2-block,cnn,protocol-v3,0.8,128,2,1,4,0.005872874986380339,0.02390008303336799,748126208,0.0625
2f81aca8ac56b882,cifar10,ssb-v2-block,cnn,protocol-v3,0.8,128,2,1,5,0.005793874966911972,0.015720374998636544,749633536,0.15625
2f81aca8ac56b882,cifar10,ssb-v2-block,cnn,protocol-v3,0.8,128,2,1,6,0.005742167006246746,0.015155083034187555,749862912,0.203125
2f81aca8ac56b882,cifar10,ssb-v2-block,cnn,protocol-v3,0.8,128,2,1,7,0.0057319580228067935,0.01529354095691815,749862912,0.1640625
2f81aca8ac56b882,cifar10,ssb-v2-block,cnn,protocol-v3,0.8,128,2,1,8,0.006064374989364296,0.015257999999448657,749862912,0.2734375
2f81aca8ac56b882,cifar10,ssb-v2-block,cnn,protocol-v3,0.8,128,2,1,9,0.005739582993555814,0.02094529097666964,752091136,0.21875
2f81aca8ac56b882,cifar10,ssb-v2-block,cnn,protocol-v3,0.8,128,2,1,10,0.005745165981352329,0.015235833008773625,753565696,0.234375
2f81aca8ac56b882,cifar10,ssb-v2-block,cnn,protocol-v3,0.8,128,2,1,11,0.005762667045928538,0.02123912499519065,754843648,0.2265625
2f81aca8ac56b882,cifar10,ssb-v2-block,cnn,protocol-v3,0.8,128,2,1,12,0.005761208012700081,0.015709583007264882,756809728,0.25
2f81aca8ac56b882,cifar10,ssb-v2-block,cnn,protocol-v3,0.8,128,2,1,13,0.005737458006478846,0.014970167016144842,756809728,0.203125
2f81aca8ac56b882,cifar10,ssb-v2-block,cnn,protocol-v3,0.8,128,2,1,14,0.0057316250167787075,0.019343582971487194,757743616,0.1953125
2f81aca8ac56b882,cifar10,ssb-v2-block,cnn,protocol-v3,0.8,128,2,1,15,0.00573020800948143,0.015715249988716096,757743616,0.203125
2f81aca8ac56b882,cifar10,ssb-v2-block,cnn,protocol-v3,0.8,128,2,1,16,0.005766832968220115,0.015245250018779188,757989376,0.203125
2f81aca8ac56b882,cifar10,ssb-v2-block,cnn,protocol-v3,0.8,128,2,1,17,0.005779250001069158,0.015718917013145983,757989376,0.15625
2f81aca8ac56b882,cifar10,ssb-v2-block,cnn,protocol-v3,0.8,128,2,1,18,0.005754415993578732,0.016033166961278766,758005760,0.234375
2f81aca8ac56b882,cifar10,ssb-v2-block,cnn,protocol-v3,0.8,128,2,1,19,0.005746375012677163,0.014792500005569309,758005760,0.2265625
2f81aca8ac56b882,cifar10,ssb-v2-block,cnn,protocol-v3,0.8,128,2,1,20,0.0057685410138219595,0.015077791991643608,758251520,0.203125
2f81aca8ac56b882,cifar10,ssb-v2-block,cnn,protocol-v3,0.8,128,2,1,21,0.006252375023905188,0.015328957990277559,758251520,0.171875
2f81aca8ac56b882,cifar10,ssb-v2-block,cnn,protocol-v3,0.8,128,2,1,22,0.00574558402877301,0.015547666989732534,759824384,0.296875
2f81aca8ac56b882,cifar10,ssb-v2-block,cnn,protocol-v3,0.8,128,2,1,23,0.0057384580140933394,0.015120333002414554,759824384,0.234375
2f81aca8ac56b882,cifar10,ssb-v2-block,cnn,protocol-v3,0.8,128,2,1,24,0.005734916019719094,0.016050958016421646,759824384,0.3359375
2f81aca8ac56b882,cifar10,ssb-v2-block,cnn,protocol-v3,0.8,128,2,1,25,0.0057359589845873415,0.01575845800107345,759824384,0.15625
2f81aca8ac56b882,cifar10,ssb-v2-block,cnn,protocol-v3,0.8,128,2,1,26,0.005737458006478846,0.016113209014292806,759824384,0.1484375
2f81aca8ac56b882,cifar10,ssb-v2-block,cnn,protocol-v3,0.8,128,2,1,27,0.005749207979533821,0.015488583012484014,759824384,0.296875
2f81aca8ac56b882,cifar10,ssb-v2-block,cnn,protocol-v3,0.8,128,2,1,28,0.005695750005543232,0.016322667011991143,759824384,0.25
2f81aca8ac56b882,cifar10,ssb-v2-block,cnn,protocol-v3,0.8,128,2,1,29,0.006213000044226646,0.015100834018085152,759824384,0.3671875
2f81aca8ac56b882,cifar10,ssb-v2-block,cnn,protocol-v3,0.8,128,2,1,30,0.005742416018620133,0.015561374952085316,759824384,0.3515625
2f81aca8ac56b882,cifar10,ssb-v2-block,cnn,protocol-v3,0.8,128,2,1,31,0.00606404198333621,0.015242499997839332,759824384,0.359375
2f81aca8ac56b882,cifar10,ssb-v2-block,cnn,protocol-v3,0.8,128,2,1,32,0.005997375003062189,0.015257416001986712,759840768,0.28125
2f81aca8ac56b882,cifar10,ssb-v2-block,cnn,protocol-v3,0.8,128,2,1,33,0.0061134580173529685,0.014466749969869852,759840768,0.328125
2f81aca8ac56b882,cifar10,ssb-v2-block,cnn,protocol-v3,0.8,128,2,1,34,0.0057265000068582594,0.015583874948788434,759840768,0.2578125
2f81aca8ac56b882,cifar10,ssb-v2-block,cnn,protocol-v3,0.8,128,2,1,35,0.005701040965504944,0.01552462502149865,759840768,0.3125
2f81aca8ac56b882,cifar10,ssb-v2-block,cnn,protocol-v3,0.8,128,2,1,36,0.005703874980099499,0.01552774995798245,759840768,0.3046875
2f81aca8ac56b882,cifar10,ssb-v2-block,cnn,protocol-v3,0.8,128,2,1,37,0.005709125020075589,0.015079125005286187,759840768,0.2265625
2f81aca8ac56b882,cifar10,ssb-v2-block,cnn,protocol-v3,0.8,128,2,1,38,0.006074416975025088,0.015078332973644137,759840768,0.234375
2f81aca8ac56b882,cifar10,ssb-v2-block,cnn,protocol-v3,0.8,128,2,1,39,0.005718583008274436,0.015392749977763742,759840768,0.3515625
2f81aca8ac56b882,cifar10,ssb-v2-block,cnn,protocol-v3,0.8,128,2,1,40,0.00570829096250236,0.015606041997671127,759840768,0.3046875
2f81aca8ac56b882,cifar10,ssb-v2-block,cnn,protocol-v3,0.8,128,2,1,41,0.0057084159925580025,0.015012499992735684,759840768,0.265625
2f81aca8ac56b882,cifar10,ssb-v2-block,cnn,protocol-v3,0.8,128,2,1,42,0.0057189579820260406,0.015950708009768277,759840768,0.2890625
2f81aca8ac56b882,cifar10,ssb-v2-block,cnn,protocol-v3,0.8,128,2,1,43,0.005730749981012195,0.014784667000640184,759889920,0.3046875
2f81aca8ac56b882,cifar10,ssb-v2-block,cnn,protocol-v3,0.8,128,2,1,44,0.005711834004614502,0.015397667011711746,759889920,0.265625
2f81aca8ac56b882,cifar10,ssb-v2-block,cnn,protocol-v3,0.8,128,2,1,45,0.005744417023379356,0.015205416013486683,759906304,0.34375
2f81aca8ac56b882,cifar10,ssb-v2-block,cnn,protocol-v3,0.8,128,2,1,46,0.005739832995459437,0.015668291016481817,759906304,0.265625
2f81aca8ac56b882,cifar10,ssb-v2-block,cnn,protocol-v3,0.8,128,2,1,47,0.006216583016794175,0.015532958030235022,759906304,0.359375
2f81aca8ac56b882,cifar10,ssb-v2-block,cnn,protocol-v3,0.8,128,2,1,48,0.005736749968491495,0.016016916022635996,759906304,0.3203125
2f81aca8ac56b882,cifar10,ssb-v2-block,cnn,protocol-v3,0.8,128,2,1,49,0.005730375007260591,0.01601287495577708,759922688,0.3046875
2f81aca8ac56b882,cifar10,ssb-v2-block,cnn,protocol-v3,0.8,128,2,1,50,0.005735791055485606,0.014965582988224924,759922688,0.2890625
2f81aca8ac56b882,cifar10,ssb-v2-block,cnn,protocol-v3,0.8,128,2,1,51,0.00573175004683435,0.01536979095544666,759922688,0.3125
2f81aca8ac56b882,cifar10,ssb-v2-block,cnn,protocol-v3,0.8,128,2,1,52,0.005727042036596686,0.014757125056348741,759922688,0.234375
2f81aca8ac56b882,cifar10,ssb-v2-block,cnn,protocol-v3,0.8,128,2,1,53,0.005716000043321401,0.015062791993841529,759939072,0.1953125
2f81aca8ac56b882,cifar10,ssb-v2-block,cnn,protocol-v3,0.8,128,2,1,54,0.005737541010603309,0.014783999999053776,759939072,0.203125
2f81aca8ac56b882,cifar10,ssb-v2-block,cnn,protocol-v3,0.8,128,2,1,55,0.005843417020514607,0.014959833002649248,759939072,0.359375
2f81aca8ac56b882,cifar10,ssb-v2-block,cnn,protocol-v3,0.8,128,2,1,56,0.0056889170082286,0.015262041997630149,759939072,0.21875
2f81aca8ac56b882,cifar10,ssb-v2-block,cnn,protocol-v3,0.8,128,2,1,57,0.005723042006138712,0.014613167033530772,759939072,0.203125
2f81aca8ac56b882,cifar10,ssb-v2-block,cnn,protocol-v3,0.8,128,2,1,58,0.005736124992836267,0.015778166998643428,759939072,0.28125
2f81aca8ac56b882,cifar10,ssb-v2-block,cnn,protocol-v3,0.8,128,2,1,59,0.005728334013838321,0.015734458982478827,759939072,0.2421875
2f81aca8ac56b882,cifar10,ssb-v2-block,cnn,protocol-v3,0.8,128,2,1,60,0.005722584028262645,0.014899374975357205,759939072,0.3046875
2f81aca8ac56b882,cifar10,ssb-v2-block,cnn,protocol-v3,0.8,128,2,1,61,0.005734709033276886,0.015382415964268148,759939072,0.3125
2f81aca8ac56b882,cifar10,ssb-v2-block,cnn,protocol-v3,0.8,128,2,1,62,0.006047791976016015,0.014906416006851941,759939072,0.3125
2f81aca8ac56b882,cifar10,ssb-v2-block,cnn,protocol-v3,0.8,128,2,1,63,0.006059082981664687,0.015837625018320978,759939072,0.2734375
2f81aca8ac56b882,cifar10,ssb-v2-block,cnn,protocol-v3,0.8,128,2,1,64,0.00571900000795722,0.015844875015318394,759939072,0.3515625
2f81aca8ac56b882,cifar10,ssb-v2-block,cnn,protocol-v3,0.8,128,2,1,65,0.0057235839776694775,0.01542445900849998,759939072,0.296875
2f81aca8ac56b882,cifar10,ssb-v2-block,cnn,protocol-v3,0.8,128,2,1,66,0.005709709017537534,0.0155356660252437,759939072,0.265625
2f81aca8ac56b882,cifar10,ssb-v2-block,cnn,protocol-v3,0.8,128,2,1,67,0.005714834027457982,0.01573437498882413,759939072,0.34375
2f81aca8ac56b882,cifar10,ssb-v2-block,cnn,protocol-v3,0.8,128,2,1,68,0.005721624998841435,0.015299292048439384,759939072,0.3203125
2f81aca8ac56b882,cifar10,ssb-v2-block,cnn,protocol-v3,0.8,128,2,1,69,0.005717249994631857,0.01584975002333522,759939072,0.2734375
2f81aca8ac56b882,cifar10,ssb-v2-block,cnn,protocol-v3,0.8,128,2,1,70,0.005737458006478846,0.015694583009462804,759939072,0.3125
2f81aca8ac56b882,cifar10,ssb-v2-block,cnn,protocol-v3,0.8,128,2,1,71,0.006052166980225593,0.015633624978363514,759939072,0.359375
2f81aca8ac56b882,cifar10,ssb-v2-block,cnn,protocol-v3,0.8,128,2,1,72,0.006065458990633488,0.015096458024345338,759939072,0.3671875
2f81aca8ac56b882,cifar10,ssb-v2-block,cnn,protocol-v3,0.8,128,2,1,73,0.0062578750075772405,0.015138666960410774,759955456,0.28125
2f81aca8ac56b882,cifar10,ssb-v2-block,cnn,protocol-v3,0.8,128,2,1,74,0.005716708023101091,0.015561665990389884,759955456,0.3125
2f81aca8ac56b882,cifar10,ssb-v2-block,cnn,protocol-v3,0.8,128,2,1,75,0.005718083004467189,0.014477499993517995,759955456,0.25
2f81aca8ac56b882,cifar10,ssb-v2-block,cnn,protocol-v3,0.8,128,2,1,76,0.005718290980439633,0.015194792009424418,759955456,0.296875
2f81aca8ac56b882,cifar10,ssb-v2-block,cnn,protocol-v3,0.8,128,2,1,77,0.005729749973397702,0.01939629198750481,760627200,0.328125
2f81aca8ac56b882,cifar10,ssb-v2-block,cnn,protocol-v3,0.8,128,2,1,78,0.005735207989346236,0.015979917021468282,760627200,0.328125
2f81aca8ac56b882,cifar10,ssb-v2-block,cnn,protocol-v3,0.8,128,2,1,79,0.005750667012762278,0.014906042022630572,760889344,0.34375
2f81aca8ac56b882,cifar10,ssb-v2-block,cnn,protocol-v3,0.8,128,2,1,80,0.006082792009692639,0.015533207973930985,761135104,0.3046875
2f81aca8ac56b882,cifar10,ssb-v2-block,cnn,protocol-v3,0.8,128,2,1,81,0.0059868330135941505,0.015004749991931021,761135104,0.3125
2f81aca8ac56b882,cifar10,ssb-v2-block,cnn,protocol-v3,0.8,128,2,1,82,0.0057189170038327575,0.01586016599321738,761135104,0.3828125
2f81aca8ac56b882,cifar10,ssb-v2-block,cnn,protocol-v3,0.8,128,2,1,83,0.006218916969373822,0.01538591698044911,761135104,0.390625
2f81aca8ac56b882,cifar10,ssb-v2-block,cnn,protocol-v3,0.8,128,2,1,84,0.005700166977476329,0.015215541992802173,761135104,0.375
2f81aca8ac56b882,cifar10,ssb-v2-block,cnn,protocol-v3,0.8,128,2,1,85,0.005718083993997425,0.015018625010270625,761135104,0.296875
2f81aca8ac56b882,cifar10,ssb-v2-block,cnn,protocol-v3,0.8,128,2,1,86,0.005707333039026707,0.014725165965501219,761135104,0.3671875
2f81aca8ac56b882,cifar10,ssb-v2-block,cnn,protocol-v3,0.8,128,2,1,87,0.005704707989934832,0.014922500005923212,761135104,0.453125
2f81aca8ac56b882,cifar10,ssb-v2-block,cnn,protocol-v3,0.8,128,2,1,88,0.005721166962757707,0.01585191598860547,761135104,0.375
2f81aca8ac56b882,cifar10,ssb-v2-block,cnn,protocol-v3,0.8,128,2,1,89,0.005711874982807785,0.014676249993499368,761135104,0.46875
2f81aca8ac56b882,cifar10,ssb-v2-block,cnn,protocol-v3,0.8,128,2,1,90,0.005708665994461626,0.015186332981102169,761135104,0.390625
2f81aca8ac56b882,cifar10,ssb-v2-block,cnn,protocol-v3,0.8,128,2,1,91,0.005730916978791356,0.015042792016174644,761135104,0.40625
2f81aca8ac56b882,cifar10,ssb-v2-block,cnn,protocol-v3,0.8,128,2,1,92,0.0057265000068582594,0.014940665976610035,761135104,0.4765625
2f81aca8ac56b882,cifar10,ssb-v2-block,cnn,protocol-v3,0.8,128,2,1,93,0.005745165981352329,0.01423712499672547,761135104,0.3203125
2f81aca8ac56b882,cifar10,ssb-v2-block,cnn,protocol-v3,0.8,128,2,1,94,0.005724249989725649,0.01605974999256432,761135104,0.3984375
2f81aca8ac56b882,cifar10,ssb-v2-block,cnn,protocol-v3,0.8,128,2,1,95,0.005725750001147389,0.01576329197268933,761135104,0.4453125
2f81aca8ac56b882,cifar10,ssb-v2-block,cnn,protocol-v3,0.8,128,2,1,96,0.005718624975997955,0.014732667012140155,761135104,0.390625
2f81aca8ac56b882,cifar10,ssb-v2-block,cnn,protocol-v3,0.8,128,2,1,97,0.0057196670095436275,0.015681374992709607,761135104,0.4453125
2f81aca8ac56b882,cifar10,ssb-v2-block,cnn,protocol-v3,0.8,128,2,1,98,0.005729124997742474,0.015810250013601035,761151488,0.453125
2f81aca8ac56b882,cifar10,ssb-v2-block,cnn,protocol-v3,0.8,128,2,1,99,0.0056990840239450336,0.015267707989551127,761151488,0.4140625
2f81aca8ac56b882,cifar10,ssb-v2-block,cnn,protocol-v3,0.8,128,2,1,100,0.005715334031265229,0.01505729096243158,761167872,0.2890625
2f81aca8ac56b882,cifar10,ssb-v2-block,cnn,protocol-v3,0.8,128,2,1,101,0.005717208958230913,0.015709833009168506,761167872,0.3125
2f81aca8ac56b882,cifar10,ssb-v2-block,cnn,protocol-v3,0.8,128,2,1,102,0.0058822500286623836,0.014749749971088022,761167872,0.40625
2f81aca8ac56b882,cifar10,ssb-v2-block,cnn,protocol-v3,0.8,128,2,1,103,0.005713541992008686,0.01585370796965435,761167872,0.3828125
2f81aca8ac56b882,cifar10,ssb-v2-block,cnn,protocol-v3,0.8,128,2,1,104,0.005708000040613115,0.015560542000457644,761167872,0.3046875
2f81aca8ac56b882,cifar10,ssb-v2-block,cnn,protocol-v3,0.8,128,2,1,105,0.005711500009056181,0.014335582964122295,761184256,0.3125
2f81aca8ac56b882,cifar10,ssb-v2-block,cnn,protocol-v3,0.8,128,2,1,106,0.005708790966309607,0.015282792039215565,761184256,0.3125
2f81aca8ac56b882,cifar10,ssb-v2-block,cnn,protocol-v3,0.8,128,2,1,107,0.005695250001735985,0.01538275001803413,761184256,0.34375
2f81aca8ac56b882,cifar10,ssb-v2-block,cnn,protocol-v3,0.8,128,2,1,108,0.005715208011679351,0.01514945802045986,761184256,0.3046875
2f81aca8ac56b882,cifar10,ssb-v2-block,cnn,protocol-v3,0.8,128,2,1,109,0.005705292045604438,0.015601166989654303,761184256,0.359375
2f81aca8ac56b882,cifar10,ssb-v2-block,cnn,protocol-v3,0.8,128,2,1,110,0.005745249975007027,0.015037833014503121,761184256,0.359375
2f81aca8ac56b882,cifar10,ssb-v2-block,cnn,protocol-v3,0.8,128,2,1,111,0.005689041980076581,0.015832874982152134,761184256,0.2890625
2f81aca8ac56b882,cifar10,ssb-v2-block,cnn,protocol-v3,0.8,128,2,1,112,0.005718833999708295,0.01499641704140231,761184256,0.2890625
2f81aca8ac56b882,cifar10,ssb-v2-block,cnn,protocol-v3,0.8,128,2,1,113,0.005714958009775728,0.01540008297888562,761184256,0.375
2f81aca8ac56b882,cifar10,ssb-v2-block,cnn,protocol-v3,0.8,128,2,1,114,0.005722584028262645,0.01585720799630508,761184256,0.359375
2f81aca8ac56b882,cifar10,ssb-v2-block,cnn,protocol-v3,0.8,128,2,1,115,0.005703625036403537,0.015592541021760553,761184256,0.328125
2f81aca8ac56b882,cifar10,ssb-v2-block,cnn,protocol-v3,0.8,128,2,1,116,0.005704874987713993,0.014497250027488917,761184256,0.3359375
2f81aca8ac56b882,cifar10,ssb-v2-block,cnn,protocol-v3,0.8,128,2,1,117,0.005711250007152557,0.01572254201164469,761184256,0.3984375
2f81aca8ac56b882,cifar10,ssb-v2-block,cnn,protocol-v3,0.8,128,2,1,118,0.0057294589933007956,0.014706249989103526,761184256,0.375
2f81aca8ac56b882,cifar10,ssb-v2-block,cnn,protocol-v3,0.8,128,2,1,119,0.005733500001952052,0.01593095896532759,761184256,0.390625
2f81aca8ac56b882,cifar10,ssb-v2-block,cnn,protocol-v3,0.8,128,2,1,120,0.00576179102063179,0.01598270802060142,761184256,0.4140625
2f81aca8ac56b882,cifar10,ssb-v2-block,cnn,protocol-v3,0.8,128,2,1,121,0.005860667035449296,0.015114958980120718,761184256,0.3515625
2f81aca8ac56b882,cifar10,ssb-v2-block,cnn,protocol-v3,0.8,128,2,1,122,0.005942917021457106,0.01579400000628084,761200640,0.4609375
2f81aca8ac56b882,cifar10,ssb-v2-block,cnn,protocol-v3,0.8,128,2,1,123,0.006255957996472716,0.016324999975040555,761200640,0.4296875
2f81aca8ac56b882,cifar10,ssb-v2-block,cnn,protocol-v3,0.8,128,2,1,124,0.005971750011667609,0.018289625004399568,761200640,0.4765625
2f81aca8ac56b882,cifar10,ssb-v2-block,cnn,protocol-v3,0.8,128,2,1,125,0.006370708986651152,0.016510624962393194,761200640,0.4375
2f81aca8ac56b882,cifar10,ssb-v2-block,cnn,protocol-v3,0.8,128,2,1,126,0.006284833012614399,0.015437041001860052,761200640,0.484375
2f81aca8ac56b882,cifar10,ssb-v2-block,cnn,protocol-v3,0.8,128,2,1,127,0.006096875004004687,0.014995290955994278,761200640,0.4296875
2f81aca8ac56b882,cifar10,ssb-v2-block,cnn,protocol-v3,0.8,128,2,1,128,0.005854042014107108,0.015228832955472171,761200640,0.390625
2f81aca8ac56b882,cifar10,ssb-v2-block,cnn,protocol-v3,0.8,128,2,1,129,0.005742416018620133,0.015762833005283028,761200640,0.515625
2f81aca8ac56b882,cifar10,ssb-v2-block,cnn,protocol-v3,0.8,128,2,1,130,0.005732749996241182,0.014822790981270373,761200640,0.3515625
2f81aca8ac56b882,cifar10,ssb-v2-block,cnn,protocol-v3,0.8,128,2,1,131,0.0057220000308007,0.015403750003315508,761217024,0.375
2f81aca8ac56b882,cifar10,ssb-v2-block,cnn,protocol-v3,0.8,128,2,1,132,0.0057504160213284194,0.015076750016305596,761217024,0.4375
2f81aca8ac56b882,cifar10,ssb-v2-block,cnn,protocol-v3,0.8,128,2,1,133,0.0057109579793177545,0.014564209035597742,761217024,0.4140625
2f81aca8ac56b882,cifar10,ssb-v2-block,cnn,protocol-v3,0.8,128,2,1,134,0.005721875000745058,0.01572720898548141,761217024,0.3828125
2f81aca8ac56b882,cifar10,ssb-v2-block,cnn,protocol-v3,0.8,128,2,1,135,0.005729875003453344,0.015195916988886893,761217024,0.453125
2f81aca8ac56b882,cifar10,ssb-v2-block,cnn,protocol-v3,0.8,128,2,1,136,0.0057370419963262975,0.01525158400181681,761217024,0.515625
2f81aca8ac56b882,cifar10,ssb-v2-block,cnn,protocol-v3,0.8,128,2,1,137,0.005706374999135733,0.014958000043407083,761217024,0.4296875
2f81aca8ac56b882,cifar10,ssb-v2-block,cnn,protocol-v3,0.8,128,2,1,138,0.005683582974597812,0.0148672079667449,761217024,0.375
2f81aca8ac56b882,cifar10,ssb-v2-block,cnn,protocol-v3,0.8,128,2,1,139,0.005694458028301597,0.015159000002313405,761217024,0.5
2f81aca8ac56b882,cifar10,ssb-v2-block,cnn,protocol-v3,0.8,128,2,1,140,0.0056816249853000045,0.014558167022187263,761217024,0.4921875
2f81aca8ac56b882,cifar10,ssb-v2-block,cnn,protocol-v3,0.8,128,2,1,141,0.005696333013474941,0.015496417006943375,761217024,0.4921875
2f81aca8ac56b882,cifar10,ssb-v2-block,cnn,protocol-v3,0.8,128,2,1,142,0.0057316250167787075,0.015395540976896882,761217024,0.5078125
2f81aca8ac56b882,cifar10,ssb-v2-block,cnn,protocol-v3,0.8,128,2,1,143,0.00573766598245129,0.014995875011663884,761233408,0.4921875
2f81aca8ac56b882,cifar10,ssb-v2-block,cnn,protocol-v3,0.8,128,2,1,144,0.00573116703890264,0.015074792027007788,761233408,0.4140625
2f81aca8ac56b882,cifar10,ssb-v2-block,cnn,protocol-v3,0.8,128,2,1,145,0.005725374969188124,0.015334458963479847,761233408,0.4609375
2f81aca8ac56b882,cifar10,ssb-v2-block,cnn,protocol-v3,0.8,128,2,1,146,0.0057352500152774155,0.015240790962707251,761233408,0.3984375
2f81aca8ac56b882,cifar10,ssb-v2-block,cnn,protocol-v3,0.8,128,2,1,147,0.005715875013265759,0.014782625017687678,761233408,0.4765625
2f81aca8ac56b882,cifar10,ssb-v2-block,cnn,protocol-v3,0.8,128,2,1,148,0.005742167006246746,0.015875082986894995,761233408,0.515625
2f81aca8ac56b882,cifar10,ssb-v2-block,cnn,protocol-v3,0.8,128,2,1,149,0.005824166990350932,0.015096541959792376,761233408,0.484375
2f81aca8ac56b882,cifar10,ssb-v2-block,cnn,protocol-v3,0.8,128,2,1,150,0.005733290978241712,0.015418958966620266,761233408,0.4921875
2f81aca8ac56b882,cifar10,ssb-v2-block,cnn,protocol-v3,0.8,128,2,1,151,0.0057165000471286476,0.01521899999352172,761184256,0.3828125
2f81aca8ac56b882,cifar10,ssb-v2-block,cnn,protocol-v3,0.8,128,2,1,152,0.0057309160474687815,0.01545587502187118,761184256,0.4609375
2f81aca8ac56b882,cifar10,ssb-v2-block,cnn,protocol-v3,0.8,128,2,1,153,0.005731666984502226,0.015474834013730288,761184256,0.5078125
2f81aca8ac56b882,cifar10,ssb-v2-block,cnn,protocol-v3,0.8,128,2,1,154,0.0057217919966205955,0.015751250030007213,761184256,0.453125
2f81aca8ac56b882,cifar10,ssb-v2-block,cnn,protocol-v3,0.8,128,2,1,155,0.005722499976400286,0.015362542006187141,761184256,0.4921875
2f81aca8ac56b882,cifar10,ssb-v2-block,cnn,protocol-v3,0.8,128,2,1,156,0.006134374998509884,0.015104332996997982,761200640,0.4609375
2f81aca8ac56b882,cifar10,ssb-v2-block,cnn,protocol-v3,0.8,128,2,1,157,0.006240707996767014,0.015382500016130507,761200640,0.4921875
2f81aca8ac56b882,cifar10,ssb-v2-block,cnn,protocol-v3,0.8,128,2,1,158,0.00573116703890264,0.015906249987892807,761200640,0.53125
2f81aca8ac56b882,cifar10,ssb-v2-block,cnn,protocol-v3,0.8,128,2,1,159,0.0057210829691030085,0.015664166945498437,761200640,0.3984375
2f81aca8ac56b882,cifar10,ssb-v2-block,cnn,protocol-v3,0.8,128,2,1,160,0.005721624998841435,0.014909040997736156,761200640,0.5078125
2f81aca8ac56b882,cifar10,ssb-v2-block,cnn,protocol-v3,0.8,128,2,1,161,0.005711833015084267,0.015608290967065841,761200640,0.46875
2f81aca8ac56b882,cifar10,ssb-v2-block,cnn,protocol-v3,0.8,128,2,1,162,0.005738916981499642,0.015553665987681597,761200640,0.4453125
2f81aca8ac56b882,cifar10,ssb-v2-block,cnn,protocol-v3,0.8,128,2,1,163,0.0057178750284947455,0.015101875003892928,761200640,0.5
2f81aca8ac56b882,cifar10,ssb-v2-block,cnn,protocol-v3,0.8,128,2,1,164,0.005710750003345311,0.015202000038698316,761200640,0.4765625
2f81aca8ac56b882,cifar10,ssb-v2-block,cnn,protocol-v3,0.8,128,2,1,165,0.005726542032789439,0.015461000031791627,761217024,0.4609375
2f81aca8ac56b882,cifar10,ssb-v2-block,cnn,protocol-v3,0.8,128,2,1,166,0.005744458001572639,0.015354292001575232,761217024,0.4296875
2f81aca8ac56b882,cifar10,ssb-v2-block,cnn,protocol-v3,0.8,128,2,1,167,0.005726707982830703,0.014202125021256506,761217024,0.4921875
2f81aca8ac56b882,cifar10,ssb-v2-block,cnn,protocol-v3,0.8,128,2,1,168,0.005723209003917873,0.01605608395766467,761217024,0.421875
2f81aca8ac56b882,cifar10,ssb-v2-block,cnn,protocol-v3,0.8,128,2,1,169,0.005719624983612448,0.01596074999542907,761217024,0.4140625
2f81aca8ac56b882,cifar10,ssb-v2-block,cnn,protocol-v3,0.8,128,2,1,170,0.005732666002586484,0.01575562503421679,761217024,0.5078125
2f81aca8ac56b882,cifar10,ssb-v2-block,cnn,protocol-v3,0.8,128,2,1,171,0.005737500032410026,0.014916000014636666,761233408,0.484375
2f81aca8ac56b882,cifar10,ssb-v2-block,cnn,protocol-v3,0.8,128,2,1,172,0.006029500043950975,0.01620391703909263,761233408,0.484375
2f81aca8ac56b882,cifar10,ssb-v2-block,cnn,protocol-v3,0.8,128,2,1,173,0.006090207956731319,0.015349249995779246,761233408,0.3984375
2f81aca8ac56b882,cifar10,ssb-v2-block,cnn,protocol-v3,0.8,128,2,1,174,0.0057417500065639615,0.015496834006626159,761233408,0.5390625
2f81aca8ac56b882,cifar10,ssb-v2-block,cnn,protocol-v3,0.8,128,2,1,175,0.005732749996241182,0.014497749973088503,761233408,0.4453125
2f81aca8ac56b882,cifar10,ssb-v2-block,cnn,protocol-v3,0.8,128,2,1,176,0.005706042051315308,0.01605791598558426,761233408,0.390625
2f81aca8ac56b882,cifar10,ssb-v2-block,cnn,protocol-v3,0.8,128,2,1,177,0.005723499984014779,0.015100000018719584,761233408,0.5078125
2f81aca8ac56b882,cifar10,ssb-v2-block,cnn,protocol-v3,0.8,128,2,1,178,0.005820374994073063,0.016380250046495348,761233408,0.4765625
2f81aca8ac56b882,cifar10,ssb-v2-block,cnn,protocol-v3,0.8,128,2,1,179,0.0057301250053569674,0.015735124994535,761233408,0.5703125
2f81aca8ac56b882,cifar10,ssb-v2-block,cnn,protocol-v3,0.8,128,2,1,180,0.006082584033720195,0.015639582998119295,761233408,0.421875
2f81aca8ac56b882,cifar10,ssb-v2-block,cnn,protocol-v3,0.8,128,2,1,181,0.00607224996201694,0.015325792017392814,761233408,0.5390625
2f81aca8ac56b882,cifar10,ssb-v2-block,cnn,protocol-v3,0.8,128,2,1,182,0.005720082961488515,0.016139457991812378,761233408,0.4921875
2f81aca8ac56b882,cifar10,ssb-v2-block,cnn,protocol-v3,0.8,128,2,1,183,0.005729332973714918,0.015335209027398378,761233408,0.3515625
2f81aca8ac56b882,cifar10,ssb-v2-block,cnn,protocol-v3,0.8,128,2,1,184,0.005719083012081683,0.015583792002871633,761233408,0.375
2f81aca8ac56b882,cifar10,ssb-v2-block,cnn,protocol-v3,0.8,128,2,1,185,0.0057363330270163715,0.015749707992654294,761233408,0.421875
2f81aca8ac56b882,cifar10,ssb-v2-block,cnn,protocol-v3,0.8,128,2,1,186,0.005742832960095257,0.01571262499783188,761233408,0.453125
2f81aca8ac56b882,cifar10,ssb-v2-block,cnn,protocol-v3,0.8,128,2,1,187,0.0057222500327043235,0.015676125010941178,761233408,0.53125
2f81aca8ac56b882,cifar10,ssb-v2-block,cnn,protocol-v3,0.8,128,2,1,188,0.0057116670068353415,0.015735041990410537,761233408,0.5234375
2f81aca8ac56b882,cifar10,ssb-v2-block,cnn,protocol-v3,0.8,128,2,1,189,0.006009250006172806,0.014984667010139674,761233408,0.46875
2f81aca8ac56b882,cifar10,ssb-v2-block,cnn,protocol-v3,0.8,128,2,1,190,0.0059943749802187085,0.016066208016127348,761233408,0.484375
2f81aca8ac56b882,cifar10,ssb-v2-block,cnn,protocol-v3,0.8,128,2,1,191,0.005721207999158651,0.016288458020426333,761233408,0.46875
2f81aca8ac56b882,cifar10,ssb-v2-block,cnn,protocol-v3,0.8,128,2,1,192,0.005721458001062274,0.015295458026230335,761249792,0.4921875
2f81aca8ac56b882,cifar10,ssb-v2-block,cnn,protocol-v3,0.8,128,2,1,193,0.0057062500272877514,0.015373915957752615,761249792,0.453125
2f81aca8ac56b882,cifar10,ssb-v2-block,cnn,protocol-v3,0.8,128,2,1,194,0.005721417022868991,0.014457250013947487,761249792,0.484375
2f81aca8ac56b882,cifar10,ssb-v2-block,cnn,protocol-v3,0.8,128,2,1,195,0.005730624950956553,0.015201749978587031,761249792,0.453125
2f81aca8ac56b882,cifar10,ssb-v2-block,cnn,protocol-v3,0.8,128,2,1,196,0.0057080420083366334,0.014980040956288576,761249792,0.4453125
2f81aca8ac56b882,cifar10,ssb-v2-block,cnn,protocol-v3,0.8,128,2,1,197,0.005729249969590455,0.015408959006890655,761249792,0.515625
2f81aca8ac56b882,cifar10,ssb-v2-block,cnn,protocol-v3,0.8,128,2,1,198,0.005743167013861239,0.015022832958493382,761266176,0.5390625
2f81aca8ac56b882,cifar10,ssb-v2-block,cnn,protocol-v3,0.8,128,2,1,199,0.005724125017877668,0.015608790970873088,761266176,0.484375
2f81aca8ac56b882,cifar10,ssb-v2-block,cnn,protocol-v3,0.8,128,2,1,200,0.0057439590455032885,0.01552987500326708,761266176,0.453125
2f81aca8ac56b882,cifar10,ssb-v2-block,cnn,protocol-v3,0.8,128,2,1,201,0.005696500011254102,0.015290917013771832,761282560,0.546875
2f81aca8ac56b882,cifar10,ssb-v2-block,cnn,protocol-v3,0.8,128,2,1,202,0.0057232920080423355,0.015328625042457134,761282560,0.3984375
2f81aca8ac56b882,cifar10,ssb-v2-block,cnn,protocol-v3,0.8,128,2,1,203,0.005722875008359551,0.015304583997931331,761282560,0.5234375
2f81aca8ac56b882,cifar10,ssb-v2-block,cnn,protocol-v3,0.8,128,2,1,204,0.005731249984819442,0.015322416031267494,761282560,0.4921875
2f81aca8ac56b882,cifar10,ssb-v2-block,cnn,protocol-v3,0.8,128,2,1,205,0.005727583018597215,0.015763250004965812,761282560,0.515625
2f81aca8ac56b882,cifar10,ssb-v2-block,cnn,protocol-v3,0.8,128,2,1,206,0.005977082997560501,0.01540704199578613,761282560,0.484375
2f81aca8ac56b882,cifar10,ssb-v2-block,cnn,protocol-v3,0.8,128,2,1,207,0.00572820904199034,0.01525458402466029,761282560,0.515625
2f81aca8ac56b882,cifar10,ssb-v2-block,cnn,protocol-v3,0.8,128,2,1,208,0.0057186250342056155,0.015392791014164686,761298944,0.53125
2f81aca8ac56b882,cifar10,ssb-v2-block,cnn,protocol-v3,0.8,128,2,1,209,0.005722708010580391,0.016050916980020702,761315328,0.53125
2f81aca8ac56b882,cifar10,ssb-v2-block,cnn,protocol-v3,0.8,128,2,1,210,0.005696333013474941,0.015770083002280444,761315328,0.59375
2f81aca8ac56b882,cifar10,ssb-v2-block,cnn,protocol-v3,0.8,128,2,1,211,0.005717082996852696,0.015375124989077449,761315328,0.4453125
2f81aca8ac56b882,cifar10,ssb-v2-block,cnn,protocol-v3,0.8,128,2,1,212,0.005734375037718564,0.014920000045094639,761315328,0.46875
2f81aca8ac56b882,cifar10,ssb-v2-block,cnn,protocol-v3,0.8,128,2,1,213,0.005724166985601187,0.01519112498499453,761315328,0.46875
2f81aca8ac56b882,cifar10,ssb-v2-block,cnn,protocol-v3,0.8,128,2,1,214,0.005719874985516071,0.015428334008902311,761315328,0.5546875
2f81aca8ac56b882,cifar10,ssb-v2-block,cnn,protocol-v3,0.8,128,2,1,215,0.005715792009141296,0.01536762504838407,761315328,0.53125
2f81aca8ac56b882,cifar10,ssb-v2-block,cnn,protocol-v3,0.8,128,2,1,216,0.005705750023480505,0.015219791966956109,761315328,0.4921875
2f81aca8ac56b882,cifar10,ssb-v2-block,cnn,protocol-v3,0.8,128,2,1,217,0.005732582998462021,0.015147334022913128,761315328,0.4609375
2f81aca8ac56b882,cifar10,ssb-v2-block,cnn,protocol-v3,0.8,128,2,1,218,0.005722749978303909,0.01521304197376594,761315328,0.5703125
2f81aca8ac56b882,cifar10,ssb-v2-block,cnn,protocol-v3,0.8,128,2,1,219,0.006002957990858704,0.015444833028595895,761315328,0.5390625
2f81aca8ac56b882,cifar10,ssb-v2-block,cnn,protocol-v3,0.8,128,2,1,220,0.005737708008382469,0.015532666991930455,761315328,0.53125
2f81aca8ac56b882,cifar10,ssb-v2-block,cnn,protocol-v3,0.8,128,2,1,221,0.006375541968736798,0.0192655420396477,762052608,0.5625
2f81aca8ac56b882,cifar10,ssb-v2-block,cnn,protocol-v3,0.8,128,2,1,222,0.006270750018302351,0.015691749984398484,762052608,0.578125
2f81aca8ac56b882,cifar10,ssb-v2-block,cnn,protocol-v3,0.8,128,2,1,223,0.005716082989238203,0.015127749997191131,762052608,0.5
2f81aca8ac56b882,cifar10,ssb-v2-block,cnn,protocol-v3,0.8,128,2,1,224,0.0057417500065639615,0.015377375006210059,762134528,0.5234375
2f81aca8ac56b882,cifar10,ssb-v2-block,cnn,protocol-v3,0.8,128,2,1,225,0.005727499956265092,0.015928458014968783,762134528,0.53125
2f81aca8ac56b882,cifar10,ssb-v2-block,cnn,protocol-v3,0.8,128,2,1,226,0.00572795799234882,0.015238166030030698,762150912,0.4453125
2f81aca8ac56b882,cifar10,ssb-v2-block,cnn,protocol-v3,0.8,128,2,1,227,0.0057395840412937105,0.01510645798407495,762150912,0.484375
2f81aca8ac56b882,cifar10,ssb-v2-block,cnn,protocol-v3,0.8,128,2,1,228,0.005735167011152953,0.015273916011210531,762150912,0.4296875
2f81aca8ac56b882,cifar10,ssb-v2-block,cnn,protocol-v3,0.8,128,2,1,229,0.005773541983217001,0.015159750008024275,762281984,0.5
2f81aca8ac56b882,cifar10,ssb-v2-block,cnn,protocol-v3,0.8,128,2,1,230,0.005720041983295232,0.015839625033549964,762281984,0.4375
2f81aca8ac56b882,cifar10,ssb-v2-block,cnn,protocol-v3,0.8,128,2,1,231,0.005715416977182031,0.015315874945372343,762281984,0.53125
2f81aca8ac56b882,cifar10,ssb-v2-block,cnn,protocol-v3,0.8,128,2,1,232,0.005716625018976629,0.015252707991749048,762281984,0.578125
2f81aca8ac56b882,cifar10,ssb-v2-block,cnn,protocol-v3,0.8,128,2,1,233,0.0057157500414177775,0.015877041965723038,762281984,0.546875
2f81aca8ac56b882,cifar10,ssb-v2-block,cnn,protocol-v3,0.8,128,2,1,234,0.005730291013605893,0.015744916978292167,762281984,0.5234375
2f81aca8ac56b882,cifar10,ssb-v2-block,cnn,protocol-v3,0.8,128,2,1,235,0.005721999972593039,0.01452774996869266,762281984,0.6015625
2f81aca8ac56b882,cifar10,ssb-v2-block,cnn,protocol-v3,0.8,128,2,1,236,0.006089499976951629,0.015575291006825864,762281984,0.5234375
2f81aca8ac56b882,cifar10,ssb-v2-block,cnn,protocol-v3,0.8,128,2,1,237,0.005744334019254893,0.014895290951244533,762281984,0.4921875
2f81aca8ac56b882,cifar10,ssb-v2-block,cnn,protocol-v3,0.8,128,2,1,238,0.005716207961086184,0.014818499970715493,762298368,0.4921875
2f81aca8ac56b882,cifar10,ssb-v2-block,cnn,protocol-v3,0.8,128,2,1,239,0.005722625006455928,0.015314083022531122,762298368,0.4921875
2f81aca8ac56b882,cifar10,ssb-v2-block,cnn,protocol-v3,0.8,128,2,1,240,0.005727875046432018,0.015523667039815336,762298368,0.4453125
2f81aca8ac56b882,cifar10,ssb-v2-block,cnn,protocol-v3,0.8,128,2,1,241,0.005716958025004715,0.015956917020957917,762298368,0.4765625
2f81aca8ac56b882,cifar10,ssb-v2-block,cnn,protocol-v3,0.8,128,2,1,242,0.0058206249959766865,0.015077624993864447,762298368,0.484375
2f81aca8ac56b882,cifar10,ssb-v2-block,cnn,protocol-v3,0.8,128,2,1,243,0.005734957987442613,0.014755040989257395,762314752,0.546875
2f81aca8ac56b882,cifar10,ssb-v2-block,cnn,protocol-v3,0.8,128,2,1,244,0.005738374951761216,0.014916624990291893,762314752,0.53125
2f81aca8ac56b882,cifar10,ssb-v2-block,cnn,protocol-v3,0.8,128,2,1,245,0.00573170802090317,0.01567283394979313,762314752,0.3671875
2f81aca8ac56b882,cifar10,ssb-v2-block,cnn,protocol-v3,0.8,128,2,1,246,0.00572816701605916,0.01477429101942107,762314752,0.46875
2f81aca8ac56b882,cifar10,ssb-v2-block,cnn,protocol-v3,0.8,128,2,1,247,0.005706708005163819,0.015645666979253292,762314752,0.515625
2f81aca8ac56b882,cifar10,ssb-v2-block,cnn,protocol-v3,0.8,128,2,1,248,0.005708625016268343,0.015038917015772313,762314752,0.5859375
2f81aca8ac56b882,cifar10,ssb-v2-block,cnn,protocol-v3,0.8,128,2,1,249,0.0056993329781107605,0.015337083023041487,762314752,0.6015625
2f81aca8ac56b882,cifar10,ssb-v2-block,cnn,protocol-v3,0.8,128,2,1,250,0.005730625009164214,0.014932583959307522,762331136,0.46875
2f81aca8ac56b882,cifar10,ssb-v2-block,cnn,protocol-v3,0.8,128,2,1,251,0.005732208024710417,0.015336707991082221,762331136,0.515625
2f81aca8ac56b882,cifar10,ssb-v2-block,cnn,protocol-v3,0.8,128,2,1,252,0.005712374986615032,0.016085666022263467,762331136,0.453125
2f81aca8ac56b882,cifar10,ssb-v2-block,cnn,protocol-v3,0.8,128,2,1,253,0.005729875003453344,0.015030290989670902,762331136,0.53125
2f81aca8ac56b882,cifar10,ssb-v2-block,cnn,protocol-v3,0.8,128,2,1,254,0.005693666986189783,0.015062041988130659,762331136,0.453125
2f81aca8ac56b882,cifar10,ssb-v2-block,cnn,protocol-v3,0.8,128,2,1,255,0.005726041970774531,0.01555695798015222,762331136,0.4921875
2f81aca8ac56b882,cifar10,ssb-v2-block,cnn,protocol-v3,0.8,128,2,1,256,0.005745959002524614,0.016130542033351958,762347520,0.5234375
2f81aca8ac56b882,cifar10,ssb-v2-block,cnn,protocol-v3,0.8,128,2,1,257,0.005736124992836267,0.015606625005602837,762347520,0.4609375
2f81aca8ac56b882,cifar10,ssb-v2-block,cnn,protocol-v3,0.8,128,2,1,258,0.005712334008421749,0.015447459009010345,762347520,0.6171875
2f81aca8ac56b882,cifar10,ssb-v2-block,cnn,protocol-v3,0.8,128,2,1,259,0.0060693330015055835,0.01573600003030151,762347520,0.6328125
2f81aca8ac56b882,cifar10,ssb-v2-block,cnn,protocol-v3,0.8,128,2,1,260,0.005744750029407442,0.01503566699102521,762347520,0.6015625
2f81aca8ac56b882,cifar10,ssb-v2-block,cnn,protocol-v3,0.8,128,2,1,261,0.005696499953046441,0.015103416051715612,762347520,0.5
2f81aca8ac56b882,cifar10,ssb-v2-block,cnn,protocol-v3,0.8,128,2,1,262,0.005724292015656829,0.014904291951097548,762347520,0.578125
2f81aca8ac56b882,cifar10,ssb-v2-block,cnn,protocol-v3,0.8,128,2,1,263,0.005733209021855146,0.015440499992109835,762347520,0.421875
2f81aca8ac56b882,cifar10,ssb-v2-block,cnn,protocol-v3,0.8,128,2,1,264,0.005718833010178059,0.015153750020544976,762363904,0.5078125
2f81aca8ac56b882,cifar10,ssb-v2-block,cnn,protocol-v3,0.8,128,2,1,265,0.005744875001255423,0.01606799999717623,762363904,0.5078125
2f81aca8ac56b882,cifar10,ssb-v2-block,cnn,protocol-v3,0.8,128,2,1,266,0.005702833004761487,0.015515708015300333,762363904,0.625
2f81aca8ac56b882,cifar10,ssb-v2-block,cnn,protocol-v3,0.8,128,2,1,267,0.005721916968468577,0.015279292012564838,762380288,0.5234375
2f81aca8ac56b882,cifar10,ssb-v2-block,cnn,protocol-v3,0.8,128,2,1,268,0.005701458023395389,0.015190125035587698,762380288,0.625
2f81aca8ac56b882,cifar10,ssb-v2-block,cnn,protocol-v3,0.8,128,2,1,269,0.005720292043406516,0.015251000004354864,762380288,0.484375
2f81aca8ac56b882,cifar10,ssb-v2-block,cnn,protocol-v3,0.8,128,2,1,270,0.005708499986212701,0.014482417027465999,762380288,0.578125
2f81aca8ac56b882,cifar10,ssb-v2-block,cnn,protocol-v3,0.8,128,2,1,271,0.005736832972615957,0.015710624982602894,762380288,0.5078125
2f81aca8ac56b882,cifar10,ssb-v2-block,cnn,protocol-v3,0.8,128,2,1,272,0.005714375001844019,0.015675249975174665,762380288,0.484375
2f81aca8ac56b882,cifar10,ssb-v2-block,cnn,protocol-v3,0.8,128,2,1,273,0.005762375018093735,0.015560208994429559,762380288,0.6484375
2f81aca8ac56b882,cifar10,ssb-v2-block,cnn,protocol-v3,0.8,128,2,1,274,0.005991625017486513,0.01578166603576392,762380288,0.421875
2f81aca8ac56b882,cifar10,ssb-v2-block,cnn,protocol-v3,0.8,128,2,1,275,0.005713791993912309,0.01562125002965331,762380288,0.625
2f81aca8ac56b882,cifar10,ssb-v2-block,cnn,protocol-v3,0.8,128,2,1,276,0.005741707980632782,0.014772667025681585,762380288,0.5
2f81aca8ac56b882,cifar10,ssb-v2-block,cnn,protocol-v3,0.8,128,2,1,277,0.005701416986994445,0.015040249971207231,762380288,0.5390625
2f81aca8ac56b882,cifar10,ssb-v2-block,cnn,protocol-v3,0.8,128,2,1,278,0.005717666994314641,0.015191667014732957,762380288,0.5859375
2f81aca8ac56b882,cifar10,ssb-v2-block,cnn,protocol-v3,0.8,128,2,1,279,0.00571829202817753,0.015192708000540733,762380288,0.5234375
2f81aca8ac56b882,cifar10,ssb-v2-block,cnn,protocol-v3,0.8,128,2,1,280,0.005717624968383461,0.01485320902429521,762380288,0.59375
2f81aca8ac56b882,cifar10,ssb-v2-block,cnn,protocol-v3,0.8,128,2,1,281,0.0057207499630749226,0.014780625002458692,762380288,0.5546875
2f81aca8ac56b882,cifar10,ssb-v2-block,cnn,protocol-v3,0.8,128,2,1,282,0.005728250020183623,0.014993000018876046,762396672,0.6015625
2f81aca8ac56b882,cifar10,ssb-v2-block,cnn,protocol-v3,0.8,128,2,1,283,0.005728040996473283,0.01552462502149865,762396672,0.59375
2f81aca8ac56b882,cifar10,ssb-v2-block,cnn,protocol-v3,0.8,128,2,1,284,0.005723791022319347,0.015637208009138703,762396672,0.5234375
2f81aca8ac56b882,cifar10,ssb-v2-block,cnn,protocol-v3,0.8,128,2,1,285,0.005723959009628743,0.01486049999948591,762396672,0.4921875
2f81aca8ac56b882,cifar10,ssb-v2-block,cnn,protocol-v3,0.8,128,2,1,286,0.006021249981131405,0.015543000015895814,762413056,0.5546875
2f81aca8ac56b882,cifar10,ssb-v2-block,cnn,protocol-v3,0.8,128,2,1,287,0.005735459038987756,0.015166583005338907,762429440,0.4765625
2f81aca8ac56b882,cifar10,ssb-v2-block,cnn,protocol-v3,0.8,128,2,1,288,0.005849375040270388,0.015563792025204748,762429440,0.5703125
2f81aca8ac56b882,cifar10,ssb-v2-block,cnn,protocol-v3,0.8,128,2,1,289,0.006059249979443848,0.01603470800910145,762429440,0.5
2f81aca8ac56b882,cifar10,ssb-v2-block,cnn,protocol-v3,0.8,128,2,1,290,0.005713333026506007,0.014901125046890229,762429440,0.515625
2f81aca8ac56b882,cifar10,ssb-v2-block,cnn,protocol-v3,0.8,128,2,1,291,0.005721124995034188,0.01582362496992573,762429440,0.4609375
2f81aca8ac56b882,cifar10,ssb-v2-block,cnn,protocol-v3,0.8,128,2,1,292,0.005697083019185811,0.015249166986905038,762429440,0.4296875
2f81aca8ac56b882,cifar10,ssb-v2-block,cnn,protocol-v3,0.8,128,2,1,293,0.005716250045225024,0.015336250013206154,762429440,0.53125
2f81aca8ac56b882,cifar10,ssb-v2-block,cnn,protocol-v3,0.8,128,2,1,294,0.005723499984014779,0.015393125009723008,762429440,0.546875
2f81aca8ac56b882,cifar10,ssb-v2-block,cnn,protocol-v3,0.8,128,2,1,295,0.005717041029129177,0.014853541972115636,762445824,0.578125
2f81aca8ac56b882,cifar10,ssb-v2-block,cnn,protocol-v3,0.8,128,2,1,296,0.0057070000329986215,0.015688917017541826,762445824,0.65625
2f81aca8ac56b882,cifar10,ssb-v2-block,cnn,protocol-v3,0.8,128,2,1,297,0.005696416017599404,0.015532416990026832,762445824,0.4375
2f81aca8ac56b882,cifar10,ssb-v2-block,cnn,protocol-v3,0.8,128,2,1,298,0.005714500031899661,0.015397833019960672,762445824,0.5234375
2f81aca8ac56b882,cifar10,ssb-v2-block,cnn,protocol-v3,0.8,128,2,1,299,0.005739125015679747,0.01495245797559619,762445824,0.5625
2f81aca8ac56b882,cifar10,ssb-v2-block,cnn,protocol-v3,0.8,128,2,1,300,0.005719957989640534,0.01570662495214492,762445824,0.5703125
2f81aca8ac56b882,cifar10,ssb-v2-block,cnn,protocol-v3,0.8,128,2,1,301,0.00571470899740234,0.0157197910011746,762445824,0.5390625
2f81aca8ac56b882,cifar10,ssb-v2-block,cnn,protocol-v3,0.8,128,2,1,302,0.005710666999220848,0.014535333029925823,762445824,0.59375
2f81aca8ac56b882,cifar10,ssb-v2-block,cnn,protocol-v3,0.8,128,2,1,303,0.005713333026506007,0.017028375004883856,762462208,0.484375
2f81aca8ac56b882,cifar10,ssb-v2-block,cnn,protocol-v3,0.8,128,2,1,304,0.005721541994716972,0.015523415990173817,762462208,0.609375
2f81aca8ac56b882,cifar10,ssb-v2-block,cnn,protocol-v3,0.8,128,2,1,305,0.005721916037146002,0.015595541975926608,762462208,0.65625
2f81aca8ac56b882,cifar10,ssb-v2-block,cnn,protocol-v3,0.8,128,2,1,306,0.005723250040318817,0.014568540966138244,762462208,0.484375
2f81aca8ac56b882,cifar10,ssb-v2-block,cnn,protocol-v3,0.8,128,2,1,307,0.005734750011470169,0.015043375024106354,762462208,0.4921875
2f81aca8ac56b882,cifar10,ssb-v2-block,cnn,protocol-v3,0.8,128,2,1,308,0.0057229590020142496,0.01555170799838379,762462208,0.5234375
2f81aca8ac56b882,cifar10,ssb-v2-block,cnn,protocol-v3,0.8,128,2,1,309,0.00573187496047467,0.015754499996546656,762462208,0.5546875
2f81aca8ac56b882,cifar10,ssb-v2-block,cnn,protocol-v3,0.8,128,2,1,310,0.005803084000945091,0.015420917014125735,762462208,0.6171875
2f81aca8ac56b882,cifar10,ssb-v2-block,cnn,protocol-v3,0.8,128,2,1,311,0.0057221669703722,0.015527750016190112,762462208,0.5859375
2f81aca8ac56b882,cifar10,ssb-v2-block,cnn,protocol-v3,0.8,128,2,1,312,0.005737750034313649,0.015168540994636714,762462208,0.578125
2f81aca8ac56b882,cifar10,ssb-v2-block,cnn,protocol-v3,0.8,128,2,1,313,0.005727292038500309,0.015092584013473243,762478592,0.6015625
2f81aca8ac56b882,cifar10,ssb-v2-block,cnn,protocol-v3,0.8,128,2,1,314,0.005723791022319347,0.015532166988123208,762511360,0.484375
2f81aca8ac56b882,cifar10,ssb-v2-block,cnn,protocol-v3,0.8,128,2,1,315,0.005712625046726316,0.015206750016659498,762511360,0.53125
2f81aca8ac56b882,cifar10,ssb-v2-block,cnn,protocol-v3,0.8,128,2,1,316,0.005698791996110231,0.01587304100394249,762511360,0.59375
2f81aca8ac56b882,cifar10,ssb-v2-block,cnn,protocol-v3,0.8,128,2,1,317,0.005701792018953711,0.01585170900216326,762511360,0.59375
2f81aca8ac56b882,cifar10,ssb-v2-block,cnn,protocol-v3,0.8,128,2,1,318,0.005716999992728233,0.015270166972186416,762511360,0.546875
2f81aca8ac56b882,cifar10,ssb-v2-block,cnn,protocol-v3,0.8,128,2,1,319,0.005726750008761883,0.015341916994657367,762511360,0.4765625
2f81aca8ac56b882,cifar10,ssb-v2-block,cnn,protocol-v3,0.8,128,2,1,320,0.005730916978791356,0.015166541968937963,762511360,0.546875
2f81aca8ac56b882,cifar10,ssb-v2-block,cnn,protocol-v3,0.8,128,2,1,321,0.005706333031412214,0.015172667044680566,762511360,0.5703125
2f81aca8ac56b882,cifar10,ssb-v2-block,cnn,protocol-v3,0.8,128,2,1,322,0.005715792009141296,0.01476083300076425,762511360,0.4765625
2f81aca8ac56b882,cifar10,ssb-v2-block,cnn,protocol-v3,0.8,128,2,1,323,0.00573020800948143,0.015170291007962078,762511360,0.515625
2f81aca8ac56b882,cifar10,ssb-v2-block,cnn,protocol-v3,0.8,128,2,1,324,0.005716542014852166,0.01469824998639524,762511360,0.546875
2f81aca8ac56b882,cifar10,ssb-v2-block,cnn,protocol-v3,0.8,128,2,1,325,0.005705791001673788,0.01487770798848942,762511360,0.515625
2f81aca8ac56b882,cifar10,ssb-v2-block,cnn,protocol-v3,0.8,128,2,1,326,0.005712542042601854,0.015201417030766606,762527744,0.671875
2f81aca8ac56b882,cifar10,ssb-v2-block,cnn,protocol-v3,0.8,128,2,1,327,0.0057258750312030315,0.015187000040896237,762527744,0.609375
2f81aca8ac56b882,cifar10,ssb-v2-block,cnn,protocol-v3,0.8,128,2,1,328,0.005708709009923041,0.014872417028527707,762527744,0.578125
2f81aca8ac56b882,cifar10,ssb-v2-block,cnn,protocol-v3,0.8,128,2,1,329,0.005726417002733797,0.01443641702644527,762527744,0.6171875
2f81aca8ac56b882,cifar10,ssb-v2-block,cnn,protocol-v3,0.8,128,2,1,330,0.006080624996684492,0.014996249985415488,762527744,0.5625
2f81aca8ac56b882,cifar10,ssb-v2-block,cnn,protocol-v3,0.8,128,2,1,331,0.005741874978411943,0.015633041970431805,762527744,0.625
2f81aca8ac56b882,cifar10,ssb-v2-block,cnn,protocol-v3,0.8,128,2,1,332,0.005728624993935227,0.014748208981472999,762544128,0.5390625
2f81aca8ac56b882,cifar10,ssb-v2-block,cnn,protocol-v3,0.8,128,2,1,333,0.005715415987651795,0.015566249960102141,762593280,0.5859375
2f81aca8ac56b882,cifar10,ssb-v2-block,cnn,protocol-v3,0.8,128,2,1,334,0.005702542024664581,0.014885540993418545,762593280,0.5703125
2f81aca8ac56b882,cifar10,ssb-v2-block,cnn,protocol-v3,0.8,128,2,1,335,0.0060867080464959145,0.014864625001791865,762609664,0.5703125
2f81aca8ac56b882,cifar10,ssb-v2-block,cnn,protocol-v3,0.8,128,2,1,336,0.005717332998756319,0.016055750020314008,762609664,0.5625
2f81aca8ac56b882,cifar10,ssb-v2-block,cnn,protocol-v3,0.8,128,2,1,337,0.005818583944346756,0.015926958003547043,762609664,0.5390625
2f81aca8ac56b882,cifar10,ssb-v2-block,cnn,protocol-v3,0.8,128,2,1,338,0.0057309580151923,0.014849958010017872,762626048,0.546875
2f81aca8ac56b882,cifar10,ssb-v2-block,cnn,protocol-v3,0.8,128,2,1,339,0.005715707957278937,0.015474374988116324,762626048,0.546875
2f81aca8ac56b882,cifar10,ssb-v2-block,cnn,protocol-v3,0.8,128,2,1,340,0.005707959004212171,0.015582249965518713,762626048,0.515625
2f81aca8ac56b882,cifar10,ssb-v2-block,cnn,protocol-v3,0.8,128,2,1,341,0.0057044170098379254,0.015338666969910264,762626048,0.5859375
2f81aca8ac56b882,cifar10,ssb-v2-block,cnn,protocol-v3,0.8,128,2,1,342,0.005687874974682927,0.01519708294654265,762626048,0.609375
2f81aca8ac56b882,cifar10,ssb-v2-block,cnn,protocol-v3,0.8,128,2,1,343,0.005734125035814941,0.015229750017169863,762626048,0.578125
2f81aca8ac56b882,cifar10,ssb-v2-block,cnn,protocol-v3,0.8,128,2,1,344,0.005985874973703176,0.015450374979991466,762626048,0.5390625
2f81aca8ac56b882,cifar10,ssb-v2-block,cnn,protocol-v3,0.8,128,2,1,345,0.00606908299960196,0.014801958983298391,762626048,0.5234375
2f81aca8ac56b882,cifar10,ssb-v2-block,cnn,protocol-v3,0.8,128,2,1,346,0.00573766598245129,0.015681792050600052,762626048,0.5859375
2f81aca8ac56b882,cifar10,ssb-v2-block,cnn,protocol-v3,0.8,128,2,1,347,0.0057222500327043235,0.015805500035639852,762626048,0.6328125
2f81aca8ac56b882,cifar10,ssb-v2-block,cnn,protocol-v3,0.8,128,2,1,348,0.005717708030715585,0.015404042031150311,762626048,0.59375
2f81aca8ac56b882,cifar10,ssb-v2-block,cnn,protocol-v3,0.8,128,2,1,349,0.005698916967958212,0.015429541002959013,762626048,0.5859375
2f81aca8ac56b882,cifar10,ssb-v2-block,cnn,protocol-v3,0.8,128,2,1,350,0.005732999998144805,0.01553808304015547,762626048,0.515625
2f81aca8ac56b882,cifar10,ssb-v2-block,cnn,protocol-v3,0.8,128,2,1,351,0.0057116670068353415,0.015560499974526465,762626048,0.6171875
2f81aca8ac56b882,cifar10,ssb-v2-block,cnn,protocol-v3,0.8,128,2,1,352,0.0057396250194869936,0.01521004195092246,762626048,0.59375
2f81aca8ac56b882,cifar10,ssb-v2-block,cnn,protocol-v3,0.8,128,2,1,353,0.005736166960559785,0.014873125008307397,762626048,0.5859375
2f81aca8ac56b882,cifar10,ssb-v2-block,cnn,protocol-v3,0.8,128,2,1,354,0.005710833997000009,0.015094666974619031,762642432,0.625
2f81aca8ac56b882,cifar10,ssb-v2-block,cnn,protocol-v3,0.8,128,2,1,355,0.005701999994926155,0.015170124999713153,762642432,0.578125
2f81aca8ac56b882,cifar10,ssb-v2-block,cnn,protocol-v3,0.8,128,2,1,356,0.005701459012925625,0.015078583033755422,762642432,0.59375
2f81aca8ac56b882,cifar10,ssb-v2-block,cnn,protocol-v3,0.8,128,2,1,357,0.005727832962293178,0.015321333019528538,762642432,0.59375
2f81aca8ac56b882,cifar10,ssb-v2-block,cnn,protocol-v3,0.8,128,2,1,358,0.005709666991606355,0.014927874959539622,762658816,0.5703125
2f81aca8ac56b882,cifar10,ssb-v2-block,cnn,protocol-v3,0.8,128,2,1,359,0.005713999969884753,0.01619516604114324,762658816,0.5703125
2f81aca8ac56b882,cifar10,ssb-v2-block,cnn,protocol-v3,0.8,128,2,1,360,0.005708416982088238,0.015434083004947752,762658816,0.59375
2f81aca8ac56b882,cifar10,ssb-v2-block,cnn,protocol-v3,0.8,128,2,1,361,0.0057135000242851675,0.015302249987144023,762658816,0.5625
2f81aca8ac56b882,cifar10,ssb-v2-block,cnn,protocol-v3,0.8,128,2,1,362,0.005714749975595623,0.014764791005291045,762658816,0.6015625
2f81aca8ac56b882,cifar10,ssb-v2-block,cnn,protocol-v3,0.8,128,2,1,363,0.005715290957596153,0.01578412501839921,762658816,0.53125
2f81aca8ac56b882,cifar10,ssb-v2-block,cnn,protocol-v3,0.8,128,2,1,364,0.0057053750497289,0.015708833001554012,762658816,0.5078125
2f81aca8ac56b882,cifar10,ssb-v2-block,cnn,protocol-v3,0.8,128,2,1,365,0.005699874949641526,0.01452779199462384,762691584,0.5
2f81aca8ac56b882,cifar10,ssb-v2-block,cnn,protocol-v3,0.8,128,2,1,366,0.005741207976825535,0.01532445801422,762691584,0.4765625
2f81aca8ac56b882,cifar10,ssb-v2-block,cnn,protocol-v3,0.8,128,2,1,367,0.00572366698179394,0.015319791971705854,762724352,0.59375
2f81aca8ac56b882,cifar10,ssb-v2-block,cnn,protocol-v3,0.8,128,2,1,368,0.005710334051400423,0.01592895801877603,762724352,0.5390625
2f81aca8ac56b882,cifar10,ssb-v2-block,cnn,protocol-v3,0.8,128,2,1,369,0.005721374996937811,0.01572079095058143,762724352,0.5
2f81aca8ac56b882,cifar10,ssb-v2-block,cnn,protocol-v3,0.8,128,2,1,370,0.005714833037927747,0.015720958006568253,762724352,0.5859375
2f81aca8ac56b882,cifar10,ssb-v2-block,cnn,protocol-v3,0.8,128,2,1,371,0.005723374953959137,0.014951042016036808,762724352,0.5390625
2f81aca8ac56b882,cifar10,ssb-v2-block,cnn,protocol-v3,0.8,128,2,1,372,0.005708583048544824,0.01578124996740371,762724352,0.546875
2f81aca8ac56b882,cifar10,ssb-v2-block,cnn,protocol-v3,0.8,128,2,1,373,0.005734040983952582,0.015594083990436047,762724352,0.5703125
2f81aca8ac56b882,cifar10,ssb-v2-block,cnn,protocol-v3,0.8,128,2,1,374,0.006082542007789016,0.01524312503170222,762724352,0.59375
2f81aca8ac56b882,cifar10,ssb-v2-block,cnn,protocol-v3,0.8,128,2,1,375,0.006241291994228959,0.015737875015474856,762724352,0.5703125
2f81aca8ac56b882,cifar10,ssb-v2-block,cnn,protocol-v3,0.8,128,2,1,376,0.005699959001503885,0.015311625029426068,762724352,0.6484375
2f81aca8ac56b882,cifar10,ssb-v2-block,cnn,protocol-v3,0.8,128,2,1,377,0.005717082996852696,0.015438916976563632,762724352,0.625
2f81aca8ac56b882,cifar10,ssb-v2-block,cnn,protocol-v3,0.8,128,2,1,378,0.005719167005736381,0.01505808305228129,762724352,0.5390625
2f81aca8ac56b882,cifar10,ssb-v2-block,cnn,protocol-v3,0.8,128,2,1,379,0.005713958002161235,0.015347542008385062,762724352,0.6015625
2f81aca8ac56b882,cifar10,ssb-v2-block,cnn,protocol-v3,0.8,128,2,1,380,0.005724458023905754,0.01575175003381446,762724352,0.5625
2f81aca8ac56b882,cifar10,ssb-v2-block,cnn,protocol-v3,0.8,128,2,1,381,0.005714124999940395,0.015773332968819886,762740736,0.5546875
2f81aca8ac56b882,cifar10,ssb-v2-block,cnn,protocol-v3,0.8,128,2,1,382,0.005728667019866407,0.015141875017434359,762757120,0.5546875
2f81aca8ac56b882,cifar10,ssb-v2-block,cnn,protocol-v3,0.8,128,2,1,383,0.005696417007129639,0.015691792010329664,762757120,0.5546875
2f81aca8ac56b882,cifar10,ssb-v2-block,cnn,protocol-v3,0.8,128,2,1,384,0.005694958032108843,0.015111249987967312,762757120,0.515625
2f81aca8ac56b882,cifar10,ssb-v2-block,cnn,protocol-v3,0.8,128,2,1,385,0.005716291023418307,0.015385417034849524,762773504,0.5
2f81aca8ac56b882,cifar10,ssb-v2-block,cnn,protocol-v3,0.8,128,2,1,386,0.0057225829805247486,0.01510516699636355,762789888,0.5234375
2f81aca8ac56b882,cifar10,ssb-v2-block,cnn,protocol-v3,0.8,128,2,1,387,0.00572125002508983,0.015201165981125087,762806272,0.5859375
2f81aca8ac56b882,cifar10,ssb-v2-block,cnn,protocol-v3,0.8,128,2,1,388,0.005699291010387242,0.015394749992992729,762806272,0.6015625
2f81aca8ac56b882,cifar10,ssb-v2-block,cnn,protocol-v3,0.8,128,2,1,389,0.005714499973692,0.016204833984375,762806272,0.5546875
2f81aca8ac56b882,cifar10,ssb-v2-block,cnn,protocol-v3,0.8,128,2,1,390,0.01600895798765123,0.05412104201968759,778715136,0.55
2f81aca8ac56b882,cifar10,ssb-v2-block,cnn,protocol-v3,0.8,128,2,2,0,0.006167209008708596,0.016747458023019135,789708800,0.6640625
2f81aca8ac56b882,cifar10,ssb-v2-block,cnn,protocol-v3,0.8,128,2,2,1,0.005805416963994503,0.015463832998648286,790118400,0.6015625
2f81aca8ac56b882,cifar10,ssb-v2-block,cnn,protocol-v3,0.8,128,2,2,2,0.00583433301653713,0.015461792005226016,790118400,0.6171875
2f81aca8ac56b882,cifar10,ssb-v2-block,cnn,protocol-v3,0.8,128,2,2,3,0.006268290977459401,0.014626707998104393,790118400,0.546875
2f81aca8ac56b882,cifar10,ssb-v2-block,cnn,protocol-v3,0.8,128,2,2,4,0.006164374994114041,0.016269874991849065,790495232,0.625
2f81aca8ac56b882,cifar10,ssb-v2-block,cnn,protocol-v3,0.8,128,2,2,5,0.006041167012881488,0.015891832998022437,790495232,0.6484375
2f81aca8ac56b882,cifar10,ssb-v2-block,cnn,protocol-v3,0.8,128,2,2,6,0.005738750041928142,0.01548445801017806,790495232,0.5859375
2f81aca8ac56b882,cifar10,ssb-v2-block,cnn,protocol-v3,0.8,128,2,2,7,0.005731375014875084,0.01521845895331353,790495232,0.6171875
2f81aca8ac56b882,cifar10,ssb-v2-block,cnn,protocol-v3,0.8,128,2,2,8,0.005718333006370813,0.015414791996590793,790495232,0.640625
2f81aca8ac56b882,cifar10,ssb-v2-block,cnn,protocol-v3,0.8,128,2,2,9,0.005719500011764467,0.015113458037376404,790511616,0.59375
2f81aca8ac56b882,cifar10,ssb-v2-block,cnn,protocol-v3,0.8,128,2,2,10,0.00574329198570922,0.015111957967747003,790511616,0.625
2f81aca8ac56b882,cifar10,ssb-v2-block,cnn,protocol-v3,0.8,128,2,2,11,0.006246750010177493,0.015376625000499189,790511616,0.6171875
2f81aca8ac56b882,cifar10,ssb-v2-block,cnn,protocol-v3,0.8,128,2,2,12,0.006261250004172325,0.01529824995668605,790511616,0.640625
2f81aca8ac56b882,cifar10,ssb-v2-block,cnn,protocol-v3,0.8,128,2,2,13,0.0057402499951422215,0.015085084014572203,790511616,0.5703125
2f81aca8ac56b882,cifar10,ssb-v2-block,cnn,protocol-v3,0.8,128,2,2,14,0.0057283330243080854,0.015562457963824272,790511616,0.5625
2f81aca8ac56b882,cifar10,ssb-v2-block,cnn,protocol-v3,0.8,128,2,2,15,0.005723583046346903,0.015787333017215133,790511616,0.640625
2f81aca8ac56b882,cifar10,ssb-v2-block,cnn,protocol-v3,0.8,128,2,2,16,0.005716416984796524,0.015291457995772362,791592960,0.6640625
2f81aca8ac56b882,cifar10,ssb-v2-block,cnn,protocol-v3,0.8,128,2,2,17,0.005717374966479838,0.014894166961312294,791592960,0.65625
2f81aca8ac56b882,cifar10,ssb-v2-block,cnn,protocol-v3,0.8,128,2,2,18,0.006041958986315876,0.015533583995420486,791592960,0.5390625
2f81aca8ac56b882,cifar10,ssb-v2-block,cnn,protocol-v3,0.8,128,2,2,19,0.0059940830105915666,0.01575025002239272,791592960,0.59375
2f81aca8ac56b882,cifar10,ssb-v2-block,cnn,protocol-v3,0.8,128,2,2,20,0.005720457993447781,0.015128874976653606,791592960,0.625
2f81aca8ac56b882,cifar10,ssb-v2-block,cnn,protocol-v3,0.8,128,2,2,21,0.005710666999220848,0.01581045804778114,791592960,0.59375
2f81aca8ac56b882,cifar10,ssb-v2-block,cnn,protocol-v3,0.8,128,2,2,22,0.005712500016670674,0.015018124948255718,791592960,0.59375
2f81aca8ac56b882,cifar10,ssb-v2-block,cnn,protocol-v3,0.8,128,2,2,23,0.005706166033633053,0.015907083987258375,791592960,0.6015625
2f81aca8ac56b882,cifar10,ssb-v2-block,cnn,protocol-v3,0.8,128,2,2,24,0.005692333972547203,0.015379833988845348,791592960,0.65625
2f81aca8ac56b882,cifar10,ssb-v2-block,cnn,protocol-v3,0.8,128,2,2,25,0.005710541969165206,0.01530645799357444,791592960,0.578125
2f81aca8ac56b882,cifar10,ssb-v2-block,cnn,protocol-v3,0.8,128,2,2,26,0.005727457988541573,0.014652540965471417,791609344,0.578125
2f81aca8ac56b882,cifar10,ssb-v2-block,cnn,protocol-v3,0.8,128,2,2,27,0.005994917009957135,0.015416791022289544,791609344,0.4765625
2f81aca8ac56b882,cifar10,ssb-v2-block,cnn,protocol-v3,0.8,128,2,2,28,0.005723874957766384,0.015887167013715953,791609344,0.5859375
2f81aca8ac56b882,cifar10,ssb-v2-block,cnn,protocol-v3,0.8,128,2,2,29,0.0056950830039568245,0.015090874978341162,791609344,0.6015625
2f81aca8ac56b882,cifar10,ssb-v2-block,cnn,protocol-v3,0.8,128,2,2,30,0.005670915998052806,0.015206542040687054,791625728,0.6171875
2f81aca8ac56b882,cifar10,ssb-v2-block,cnn,protocol-v3,0.8,128,2,2,31,0.005699665984138846,0.015111249987967312,791642112,0.578125
2f81aca8ac56b882,cifar10,ssb-v2-block,cnn,protocol-v3,0.8,128,2,2,32,0.005845083971507847,0.015201125002931803,791642112,0.578125
2f81aca8ac56b882,cifar10,ssb-v2-block,cnn,protocol-v3,0.8,128,2,2,33,0.005844333965796977,0.015025333035737276,791642112,0.578125
2f81aca8ac56b882,cifar10,ssb-v2-block,cnn,protocol-v3,0.8,128,2,2,34,0.005844665982294828,0.015704749966971576,791642112,0.546875
2f81aca8ac56b882,cifar10,ssb-v2-block,cnn,protocol-v3,0.8,128,2,2,35,0.006316207989584655,0.016423084016423672,791642112,0.59375
2f81aca8ac56b882,cifar10,ssb-v2-block,cnn,protocol-v3,0.8,128,2,2,36,0.005882500030566007,0.016074625018518418,791642112,0.6171875
2f81aca8ac56b882,cifar10,ssb-v2-block,cnn,protocol-v3,0.8,128,2,2,37,0.005872000008821487,0.015730166982393712,791642112,0.5703125
2f81aca8ac56b882,cifar10,ssb-v2-block,cnn,protocol-v3,0.8,128,2,2,38,0.005721582972910255,0.015124584024306387,791642112,0.59375
2f81aca8ac56b882,cifar10,ssb-v2-block,cnn,protocol-v3,0.8,128,2,2,39,0.005994500010274351,0.015373083006124943,791642112,0.5234375
2f81aca8ac56b882,cifar10,ssb-v2-block,cnn,protocol-v3,0.8,128,2,2,40,0.006047917006071657,0.015219666995108128,791642112,0.6171875
2f81aca8ac56b882,cifar10,ssb-v2-block,cnn,protocol-v3,0.8,128,2,2,41,0.006014125014189631,0.014797040959820151,791642112,0.6171875
2f81aca8ac56b882,cifar10,ssb-v2-block,cnn,protocol-v3,0.8,128,2,2,42,0.006249042053241283,0.01589429099112749,791642112,0.5625
2f81aca8ac56b882,cifar10,ssb-v2-block,cnn,protocol-v3,0.8,128,2,2,43,0.00571058300556615,0.014970125048421323,791642112,0.625
2f81aca8ac56b882,cifar10,ssb-v2-block,cnn,protocol-v3,0.8,128,2,2,44,0.005706208001356572,0.015691625012550503,791642112,0.5625
2f81aca8ac56b882,cifar10,ssb-v2-block,cnn,protocol-v3,0.8,128,2,2,45,0.0057204170152544975,0.015106916951481253,791642112,0.6484375
2f81aca8ac56b882,cifar10,ssb-v2-block,cnn,protocol-v3,0.8,128,2,2,46,0.005698832974303514,0.015105709026101977,791642112,0.6328125
2f81aca8ac56b882,cifar10,ssb-v2-block,cnn,protocol-v3,0.8,128,2,2,47,0.005697416025213897,0.015232875011861324,791642112,0.5859375
2f81aca8ac56b882,cifar10,ssb-v2-block,cnn,protocol-v3,0.8,128,2,2,48,0.00570087501546368,0.015442124975379556,791642112,0.609375
2f81aca8ac56b882,cifar10,ssb-v2-block,cnn,protocol-v3,0.8,128,2,2,49,0.005715125007554889,0.015416667039971799,791642112,0.5546875
2f81aca8ac56b882,cifar10,ssb-v2-block,cnn,protocol-v3,0.8,128,2,2,50,0.00600816699443385,0.015070708992425352,791642112,0.625
2f81aca8ac56b882,cifar10,ssb-v2-block,cnn,protocol-v3,0.8,128,2,2,51,0.005720249959267676,0.015337041986640543,791642112,0.6328125
2f81aca8ac56b882,cifar10,ssb-v2-block,cnn,protocol-v3,0.8,128,2,2,52,0.005703000002540648,0.015558374987449497,791642112,0.65625
2f81aca8ac56b882,cifar10,ssb-v2-block,cnn,protocol-v3,0.8,128,2,2,53,0.005696083011571318,0.01456858403980732,791642112,0.65625
2f81aca8ac56b882,cifar10,ssb-v2-block,cnn,protocol-v3,0.8,128,2,2,54,0.005689791985787451,0.015407375001814216,791642112,0.640625
2f81aca8ac56b882,cifar10,ssb-v2-block,cnn,protocol-v3,0.8,128,2,2,55,0.006066999980248511,0.01512104197172448,791642112,0.5859375
2f81aca8ac56b882,cifar10,ssb-v2-block,cnn,protocol-v3,0.8,128,2,2,56,0.005712832964491099,0.015489791985601187,791642112,0.5546875
2f81aca8ac56b882,cifar10,ssb-v2-block,cnn,protocol-v3,0.8,128,2,2,57,0.005692792008630931,0.015210499987006187,791642112,0.6484375
2f81aca8ac56b882,cifar10,ssb-v2-block,cnn,protocol-v3,0.8,128,2,2,58,0.005701792018953711,0.014774916984606534,791642112,0.609375
2f81aca8ac56b882,cifar10,ssb-v2-block,cnn,protocol-v3,0.8,128,2,2,59,0.005714500031899661,0.015543124987743795,791642112,0.6171875
2f81aca8ac56b882,cifar10,ssb-v2-block,cnn,protocol-v3,0.8,128,2,2,60,0.005690082965884358,0.015588083013426512,791642112,0.5546875
2f81aca8ac56b882,cifar10,ssb-v2-block,cnn,protocol-v3,0.8,128,2,2,61,0.00572270795237273,0.014767874963581562,791658496,0.578125
2f81aca8ac56b882,cifar10,ssb-v2-block,cnn,protocol-v3,0.8,128,2,2,62,0.005819999962113798,0.015607292007189244,791658496,0.5859375
2f81aca8ac56b882,cifar10,ssb-v2-block,cnn,protocol-v3,0.8,128,2,2,63,0.005710249999538064,0.015571750001981854,791658496,0.6328125
2f81aca8ac56b882,cifar10,ssb-v2-block,cnn,protocol-v3,0.8,128,2,2,64,0.005731875018682331,0.015036791970487684,791658496,0.59375
2f81aca8ac56b882,cifar10,ssb-v2-block,cnn,protocol-v3,0.8,128,2,2,65,0.005699832981918007,0.015291083022020757,791674880,0.6328125
2f81aca8ac56b882,cifar10,ssb-v2-block,cnn,protocol-v3,0.8,128,2,2,66,0.005671625025570393,0.015086625004187226,791674880,0.53125
2f81aca8ac56b882,cifar10,ssb-v2-block,cnn,protocol-v3,0.8,128,2,2,67,0.00606533297104761,0.015410749998409301,791674880,0.6015625
2f81aca8ac56b882,cifar10,ssb-v2-block,cnn,protocol-v3,0.8,128,2,2,68,0.005700583977159113,0.015181833994574845,791674880,0.640625
2f81aca8ac56b882,cifar10,ssb-v2-block,cnn,protocol-v3,0.8,128,2,2,69,0.0057380839716643095,0.015693333989474922,791674880,0.640625
2f81aca8ac56b882,cifar10,ssb-v2-block,cnn,protocol-v3,0.8,128,2,2,70,0.005704541981685907,0.015263875015079975,791674880,0.546875
2f81aca8ac56b882,cifar10,ssb-v2-block,cnn,protocol-v3,0.8,128,2,2,71,0.005696707987226546,0.015808166994247586,791674880,0.6640625
2f81aca8ac56b882,cifar10,ssb-v2-block,cnn,protocol-v3,0.8,128,2,2,72,0.005660041992086917,0.015663959027733654,791691264,0.6796875
2f81aca8ac56b882,cifar10,ssb-v2-block,cnn,protocol-v3,0.8,128,2,2,73,0.005693625018466264,0.014780000026803464,791691264,0.6640625
2f81aca8ac56b882,cifar10,ssb-v2-block,cnn,protocol-v3,0.8,128,2,2,74,0.005696082953363657,0.015057583979796618,791691264,0.5859375
2f81aca8ac56b882,cifar10,ssb-v2-block,cnn,protocol-v3,0.8,128,2,2,75,0.005721165973227471,0.015680457989219576,791691264,0.578125
2f81aca8ac56b882,cifar10,ssb-v2-block,cnn,protocol-v3,0.8,128,2,2,76,0.005810250004287809,0.015420249954331666,791691264,0.6015625
2f81aca8ac56b882,cifar10,ssb-v2-block,cnn,protocol-v3,0.8,128,2,2,77,0.005704541981685907,0.016414457990322262,791691264,0.6640625
2f81aca8ac56b882,cifar10,ssb-v2-block,cnn,protocol-v3,0.8,128,2,2,78,0.005707291013095528,0.016001250012777746,791691264,0.625
2f81aca8ac56b882,cifar10,ssb-v2-block,cnn,protocol-v3,0.8,128,2,2,79,0.005695916013792157,0.01563845801865682,791691264,0.6875
2f81aca8ac56b882,cifar10,ssb-v2-block,cnn,protocol-v3,0.8,128,2,2,80,0.005705124989617616,0.01534183300100267,791691264,0.6953125
2f81aca8ac56b882,cifar10,ssb-v2-block,cnn,protocol-v3,0.8,128,2,2,81,0.005701459012925625,0.015426125028170645,791691264,0.640625
2f81aca8ac56b882,cifar10,ssb-v2-block,cnn,protocol-v3,0.8,128,2,2,82,0.005689665966201574,0.014881249982863665,791691264,0.6328125
2f81aca8ac56b882,cifar10,ssb-v2-block,cnn,protocol-v3,0.8,128,2,2,83,0.005685042007826269,0.015901916020084172,791691264,0.5703125
2f81aca8ac56b882,cifar10,ssb-v2-block,cnn,protocol-v3,0.8,128,2,2,84,0.005795792036224157,0.013969334017019719,791691264,0.59375
2f81aca8ac56b882,cifar10,ssb-v2-block,cnn,protocol-v3,0.8,128,2,2,85,0.0057301250053569674,0.015307624998968095,791691264,0.625
2f81aca8ac56b882,cifar10,ssb-v2-block,cnn,protocol-v3,0.8,128,2,2,86,0.005665957985911518,0.014842750038951635,791691264,0.59375
2f81aca8ac56b882,cifar10,ssb-v2-block,cnn,protocol-v3,0.8,128,2,2,87,0.005698917026165873,0.015588250011205673,791691264,0.59375
2f81aca8ac56b882,cifar10,ssb-v2-block,cnn,protocol-v3,0.8,128,2,2,88,0.005697167012840509,0.0149474170175381,791691264,0.734375
2f81aca8ac56b882,cifar10,ssb-v2-block,cnn,protocol-v3,0.8,128,2,2,89,0.005985750001855195,0.014880749979056418,791707648,0.6640625
2f81aca8ac56b882,cifar10,ssb-v2-block,cnn,protocol-v3,0.8,128,2,2,90,0.0057493330095894635,0.01567158300895244,791707648,0.65625
2f81aca8ac56b882,cifar10,ssb-v2-block,cnn,protocol-v3,0.8,128,2,2,91,0.00569733401061967,0.015301707957405597,791707648,0.6328125
2f81aca8ac56b882,cifar10,ssb-v2-block,cnn,protocol-v3,0.8,128,2,2,92,0.005704999959561974,0.015069000015500933,791707648,0.6015625
2f81aca8ac56b882,cifar10,ssb-v2-block,cnn,protocol-v3,0.8,128,2,2,93,0.005709709017537534,0.015249541960656643,791707648,0.6875
2f81aca8ac56b882,cifar10,ssb-v2-block,cnn,protocol-v3,0.8,128,2,2,94,0.005708833981771022,0.01530050003202632,791707648,0.609375
2f81aca8ac56b882,cifar10,ssb-v2-block,cnn,protocol-v3,0.8,128,2,2,95,0.005709499993827194,0.015107833023648709,791707648,0.609375
2f81aca8ac56b882,cifar10,ssb-v2-block,cnn,protocol-v3,0.8,128,2,2,96,0.005689874989911914,0.015072209003847092,791707648,0.5390625
2f81aca8ac56b882,cifar10,ssb-v2-block,cnn,protocol-v3,0.8,128,2,2,97,0.005699958011973649,0.01497916696825996,791707648,0.5390625
2f81aca8ac56b882,cifar10,ssb-v2-block,cnn,protocol-v3,0.8,128,2,2,98,0.005698167020455003,0.01547400001436472,791724032,0.578125
2f81aca8ac56b882,cifar10,ssb-v2-block,cnn,protocol-v3,0.8,128,2,2,99,0.005692999984603375,0.015695582958869636,791724032,0.6015625
2f81aca8ac56b882,cifar10,ssb-v2-block,cnn,protocol-v3,0.8,128,2,2,100,0.005697790998965502,0.015610374975949526,791724032,0.6328125
2f81aca8ac56b882,cifar10,ssb-v2-block,cnn,protocol-v3,0.8,128,2,2,101,0.005717458960134536,0.015703915967606008,791724032,0.625
2f81aca8ac56b882,cifar10,ssb-v2-block,cnn,protocol-v3,0.8,128,2,2,102,0.005689374986104667,0.015844375011511147,791724032,0.5703125
2f81aca8ac56b882,cifar10,ssb-v2-block,cnn,protocol-v3,0.8,128,2,2,103,0.00570983299985528,0.01558854104951024,791724032,0.578125
2f81aca8ac56b882,cifar10,ssb-v2-block,cnn,protocol-v3,0.8,128,2,2,104,0.00581729196710512,0.015155874949414283,791740416,0.5390625
2f81aca8ac56b882,cifar10,ssb-v2-block,cnn,protocol-v3,0.8,128,2,2,105,0.005720167013350874,0.01519879198167473,791740416,0.5
2f81aca8ac56b882,cifar10,ssb-v2-block,cnn,protocol-v3,0.8,128,2,2,106,0.005693708022590727,0.015074958966579288,791740416,0.640625
2f81aca8ac56b882,cifar10,ssb-v2-block,cnn,protocol-v3,0.8,128,2,2,107,0.005701125017367303,0.014984374982304871,791740416,0.578125
2f81aca8ac56b882,cifar10,ssb-v2-block,cnn,protocol-v3,0.8,128,2,2,108,0.005704000010155141,0.015336165961343795,791740416,0.6953125
2f81aca8ac56b882,cifar10,ssb-v2-block,cnn,protocol-v3,0.8,128,2,2,109,0.005704667011741549,0.01572070800466463,791740416,0.5859375
2f81aca8ac56b882,cifar10,ssb-v2-block,cnn,protocol-v3,0.8,128,2,2,110,0.005732709018047899,0.015531541022937745,791740416,0.6796875
2f81aca8ac56b882,cifar10,ssb-v2-block,cnn,protocol-v3,0.8,128,2,2,111,0.005693666986189783,0.0159225839888677,791740416,0.6640625
2f81aca8ac56b882,cifar10,ssb-v2-block,cnn,protocol-v3,0.8,128,2,2,112,0.0056935829925350845,0.015301749983336776,791740416,0.703125
2f81aca8ac56b882,cifar10,ssb-v2-block,cnn,protocol-v3,0.8,128,2,2,113,0.00570929201785475,0.015051374968606979,791740416,0.6640625
2f81aca8ac56b882,cifar10,ssb-v2-block,cnn,protocol-v3,0.8,128,2,2,114,0.005707292002625763,0.015043709019664675,791756800,0.6875
2f81aca8ac56b882,cifar10,ssb-v2-block,cnn,protocol-v3,0.8,128,2,2,115,0.005701499991118908,0.015192332968581468,791756800,0.5625
2f81aca8ac56b882,cifar10,ssb-v2-block,cnn,protocol-v3,0.8,128,2,2,116,0.005720416025724262,0.015940000012051314,791756800,0.65625
2f81aca8ac56b882,cifar10,ssb-v2-block,cnn,protocol-v3,0.8,128,2,2,117,0.005679416994098574,0.015022500010672957,791773184,0.609375
2f81aca8ac56b882,cifar10,ssb-v2-block,cnn,protocol-v3,0.8,128,2,2,118,0.005694458028301597,0.015778583008795977,791773184,0.6015625
2f81aca8ac56b882,cifar10,ssb-v2-block,cnn,protocol-v3,0.8,128,2,2,119,0.005707374948542565,0.01521379197947681,791773184,0.6484375
2f81aca8ac56b882,cifar10,ssb-v2-block,cnn,protocol-v3,0.8,128,2,2,120,0.005707790958695114,0.014775958028621972,791773184,0.609375
2f81aca8ac56b882,cifar10,ssb-v2-block,cnn,protocol-v3,0.8,128,2,2,121,0.005706166033633053,0.015520875051151961,791789568,0.546875
2f81aca8ac56b882,cifar10,ssb-v2-block,cnn,protocol-v3,0.8,128,2,2,122,0.00570462504401803,0.015399082971271127,791805952,0.5390625
2f81aca8ac56b882,cifar10,ssb-v2-block,cnn,protocol-v3,0.8,128,2,2,123,0.005721624998841435,0.015386207960546017,791805952,0.671875
2f81aca8ac56b882,cifar10,ssb-v2-block,cnn,protocol-v3,0.8,128,2,2,124,0.005706708005163819,0.016373916994780302,791805952,0.5390625
2f81aca8ac56b882,cifar10,ssb-v2-block,cnn,protocol-v3,0.8,128,2,2,125,0.006058333965484053,0.015360541001427919,791805952,0.640625
2f81aca8ac56b882,cifar10,ssb-v2-block,cnn,protocol-v3,0.8,128,2,2,126,0.005710750003345311,0.015483999974094331,791805952,0.5703125
2f81aca8ac56b882,cifar10,ssb-v2-block,cnn,protocol-v3,0.8,128,2,2,127,0.005697333021089435,0.015346542000770569,791805952,0.59375
2f81aca8ac56b882,cifar10,ssb-v2-block,cnn,protocol-v3,0.8,128,2,2,128,0.005688000004738569,0.014781832986045629,791805952,0.640625
2f81aca8ac56b882,cifar10,ssb-v2-block,cnn,protocol-v3,0.8,128,2,2,129,0.005686874967068434,0.014852541964501143,791805952,0.6953125
2f81aca8ac56b882,cifar10,ssb-v2-block,cnn,protocol-v3,0.8,128,2,2,130,0.005705250019673258,0.014970333024393767,791805952,0.6328125
2f81aca8ac56b882,cifar10,ssb-v2-block,cnn,protocol-v3,0.8,128,2,2,131,0.00570591603172943,0.015850917028728873,791805952,0.6015625
2f81aca8ac56b882,cifar10,ssb-v2-block,cnn,protocol-v3,0.8,128,2,2,132,0.005717083055060357,0.015423875011038035,791805952,0.625
2f81aca8ac56b882,cifar10,ssb-v2-block,cnn,protocol-v3,0.8,128,2,2,133,0.005684375006239861,0.015555374964606017,791805952,0.59375
2f81aca8ac56b882,cifar10,ssb-v2-block,cnn,protocol-v3,0.8,128,2,2,134,0.005701375019270927,0.015284124994650483,791822336,0.6484375
2f81aca8ac56b882,cifar10,ssb-v2-block,cnn,protocol-v3,0.8,128,2,2,135,0.0057026249705813825,0.01570945797720924,791822336,0.6015625
2f81aca8ac56b882,cifar10,ssb-v2-block,cnn,protocol-v3,0.8,128,2,2,136,0.005694959021639079,0.015500834037084132,791822336,0.6171875
2f81aca8ac56b882,cifar10,ssb-v2-block,cnn,protocol-v3,0.8,128,2,2,137,0.005716625018976629,0.015059291035868227,791822336,0.6171875
2f81aca8ac56b882,cifar10,ssb-v2-block,cnn,protocol-v3,0.8,128,2,2,138,0.005703000002540648,0.015551958000287414,791822336,0.6640625
2f81aca8ac56b882,cifar10,ssb-v2-block,cnn,protocol-v3,0.8,128,2,2,139,0.005686416989192367,0.015719832968898118,791838720,0.6796875
2f81aca8ac56b882,cifar10,ssb-v2-block,cnn,protocol-v3,0.8,128,2,2,140,0.005675541993696243,0.014973457960877568,791838720,0.59375
2f81aca8ac56b882,cifar10,ssb-v2-block,cnn,protocol-v3,0.8,128,2,2,141,0.00570029194932431,0.01561958302045241,791838720,0.625
2f81aca8ac56b882,cifar10,ssb-v2-block,cnn,protocol-v3,0.8,128,2,2,142,0.0056965420371852815,0.014825791993644089,791838720,0.625
2f81aca8ac56b882,cifar10,ssb-v2-block,cnn,protocol-v3,0.8,128,2,2,143,0.005695625033695251,0.015420624986290932,791838720,0.609375
2f81aca8ac56b882,cifar10,ssb-v2-block,cnn,protocol-v3,0.8,128,2,2,144,0.005706500029191375,0.01529804099118337,791838720,0.609375
2f81aca8ac56b882,cifar10,ssb-v2-block,cnn,protocol-v3,0.8,128,2,2,145,0.0057160420110449195,0.015742791001684964,791838720,0.6796875
2f81aca8ac56b882,cifar10,ssb-v2-block,cnn,protocol-v3,0.8,128,2,2,146,0.005698958993889391,0.014480958983767778,791838720,0.546875
2f81aca8ac56b882,cifar10,ssb-v2-block,cnn,protocol-v3,0.8,128,2,2,147,0.005718833010178059,0.014906458032783121,791838720,0.6796875
2f81aca8ac56b882,cifar10,ssb-v2-block,cnn,protocol-v3,0.8,128,2,2,148,0.0056997499777935445,0.015728458994999528,791871488,0.640625
2f81aca8ac56b882,cifar10,ssb-v2-block,cnn,protocol-v3,0.8,128,2,2,149,0.005686874967068434,0.014750542002730072,791904256,0.6640625
2f81aca8ac56b882,cifar10,ssb-v2-block,cnn,protocol-v3,0.8,128,2,2,150,0.005694583000149578,0.015529834025073797,791904256,0.703125
2f81aca8ac56b882,cifar10,ssb-v2-block,cnn,protocol-v3,0.8,128,2,2,151,0.005681084003299475,0.01564220798900351,791904256,0.6328125
2f81aca8ac56b882,cifar10,ssb-v2-block,cnn,protocol-v3,0.8,128,2,2,152,0.005738541949540377,0.015858041995670646,791904256,0.6875
2f81aca8ac56b882,cifar10,ssb-v2-block,cnn,protocol-v3,0.8,128,2,2,153,0.005721875000745058,0.015819999971427023,791904256,0.6328125
2f81aca8ac56b882,cifar10,ssb-v2-block,cnn,protocol-v3,0.8,128,2,2,154,0.0057026249705813825,0.015570999996270984,791904256,0.6875
2f81aca8ac56b882,cifar10,ssb-v2-block,cnn,protocol-v3,0.8,128,2,2,155,0.005683250026777387,0.015574457996990532,791904256,0.6171875
2f81aca8ac56b882,cifar10,ssb-v2-block,cnn,protocol-v3,0.8,128,2,2,156,0.005679291964042932,0.015213500009849668,791904256,0.59375
2f81aca8ac56b882,cifar10,ssb-v2-block,cnn,protocol-v3,0.8,128,2,2,157,0.0056954160099849105,0.015627332963049412,791904256,0.65625
2f81aca8ac56b882,cifar10,ssb-v2-block,cnn,protocol-v3,0.8,128,2,2,158,0.005791208008304238,0.015245957998558879,791904256,0.609375
2f81aca8ac56b882,cifar10,ssb-v2-block,cnn,protocol-v3,0.8,128,2,2,159,0.005689874989911914,0.0157836249563843,791904256,0.5859375
2f81aca8ac56b882,cifar10,ssb-v2-block,cnn,protocol-v3,0.8,128,2,2,160,0.00568425003439188,0.015145124983973801,791904256,0.6484375
2f81aca8ac56b882,cifar10,ssb-v2-block,cnn,protocol-v3,0.8,128,2,2,161,0.005703250004444271,0.015505874995142221,791920640,0.625
2f81aca8ac56b882,cifar10,ssb-v2-block,cnn,protocol-v3,0.8,128,2,2,162,0.005691958998795599,0.015040499973110855,791920640,0.6875
2f81aca8ac56b882,cifar10,ssb-v2-block,cnn,protocol-v3,0.8,128,2,2,163,0.005711124977096915,0.015686542028561234,791920640,0.6953125
2f81aca8ac56b882,cifar10,ssb-v2-block,cnn,protocol-v3,0.8,128,2,2,164,0.005699708010070026,0.015646249987185,791920640,0.71875
2f81aca8ac56b882,cifar10,ssb-v2-block,cnn,protocol-v3,0.8,128,2,2,165,0.005706625001039356,0.015274958976078779,791920640,0.5703125
2f81aca8ac56b882,cifar10,ssb-v2-block,cnn,protocol-v3,0.8,128,2,2,166,0.005719625041820109,0.01533750002272427,791920640,0.5703125
2f81aca8ac56b882,cifar10,ssb-v2-block,cnn,protocol-v3,0.8,128,2,2,167,0.006202207994647324,0.015872041985858232,791920640,0.6171875
2f81aca8ac56b882,cifar10,ssb-v2-block,cnn,protocol-v3,0.8,128,2,2,168,0.005703624978195876,0.015699040959589183,791937024,0.5390625
2f81aca8ac56b882,cifar10,ssb-v2-block,cnn,protocol-v3,0.8,128,2,2,169,0.005669709003996104,0.015491625003051013,791937024,0.734375
2f81aca8ac56b882,cifar10,ssb-v2-block,cnn,protocol-v3,0.8,128,2,2,170,0.005674708052538335,0.016066959011368454,791937024,0.65625
2f81aca8ac56b882,cifar10,ssb-v2-block,cnn,protocol-v3,0.8,128,2,2,171,0.005703083996195346,0.015087167033925653,791937024,0.6328125
2f81aca8ac56b882,cifar10,ssb-v2-block,cnn,protocol-v3,0.8,128,2,2,172,0.005696333013474941,0.015723666991107166,791937024,0.6015625
2f81aca8ac56b882,cifar10,ssb-v2-block,cnn,protocol-v3,0.8,128,2,2,173,0.005712667014449835,0.015516125014983118,791937024,0.6328125
2f81aca8ac56b882,cifar10,ssb-v2-block,cnn,protocol-v3,0.8,128,2,2,174,0.005691124999430031,0.015249582997057587,791953408,0.6640625
2f81aca8ac56b882,cifar10,ssb-v2-block,cnn,protocol-v3,0.8,128,2,2,175,0.005699125002138317,0.01600079203490168,791953408,0.6953125
2f81aca8ac56b882,cifar10,ssb-v2-block,cnn,protocol-v3,0.8,128,2,2,176,0.005771457974333316,0.01579429197590798,791969792,0.6328125
2f81aca8ac56b882,cifar10,ssb-v2-block,cnn,protocol-v3,0.8,128,2,2,177,0.005699499975889921,0.015929582994431257,791969792,0.6875
2f81aca8ac56b882,cifar10,ssb-v2-block,cnn,protocol-v3,0.8,128,2,2,178,0.005693124956451356,0.01561379199847579,791969792,0.640625
2f81aca8ac56b882,cifar10,ssb-v2-block,cnn,protocol-v3,0.8,128,2,2,179,0.005709249991923571,0.014870457991492003,791969792,0.5859375
2f81aca8ac56b882,cifar10,ssb-v2-block,cnn,protocol-v3,0.8,128,2,2,180,0.005740292021073401,0.015299457998480648,791969792,0.6875
2f81aca8ac56b882,cifar10,ssb-v2-block,cnn,protocol-v3,0.8,128,2,2,181,0.005703874980099499,0.014865584031213075,791969792,0.6875
2f81aca8ac56b882,cifar10,ssb-v2-block,cnn,protocol-v3,0.8,128,2,2,182,0.005702499998733401,0.015288166992831975,791969792,0.6484375
2f81aca8ac56b882,cifar10,ssb-v2-block,cnn,protocol-v3,0.8,128,2,2,183,0.005702458031009883,0.015854999946895987,791969792,0.625
2f81aca8ac56b882,cifar10,ssb-v2-block,cnn,protocol-v3,0.8,128,2,2,184,0.00571374996798113,0.01599566696677357,791969792,0.6484375
2f81aca8ac56b882,cifar10,ssb-v2-block,cnn,protocol-v3,0.8,128,2,2,185,0.005711000005248934,0.015173209016211331,791969792,0.6484375
2f81aca8ac56b882,cifar10,ssb-v2-block,cnn,protocol-v3,0.8,128,2,2,186,0.005680000002030283,0.014506166975479573,791969792,0.671875
2f81aca8ac56b882,cifar10,ssb-v2-block,cnn,protocol-v3,0.8,128,2,2,187,0.00569170800736174,0.015172209008596838,791969792,0.671875
2f81aca8ac56b882,cifar10,ssb-v2-block,cnn,protocol-v3,0.8,128,2,2,188,0.005710457975510508,0.015071125002577901,791969792,0.6640625
2f81aca8ac56b882,cifar10,ssb-v2-block,cnn,protocol-v3,0.8,128,2,2,189,0.005703542032279074,0.014893250016029924,791969792,0.609375
2f81aca8ac56b882,cifar10,ssb-v2-block,cnn,protocol-v3,0.8,128,2,2,190,0.005703915958292782,0.014919459004886448,791986176,0.5703125
2f81aca8ac56b882,cifar10,ssb-v2-block,cnn,protocol-v3,0.8,128,2,2,191,0.005700749985408038,0.015045415959320962,791986176,0.6171875
2f81aca8ac56b882,cifar10,ssb-v2-block,cnn,protocol-v3,0.8,128,2,2,192,0.005685790965799242,0.015755874977912754,791986176,0.671875
2f81aca8ac56b882,cifar10,ssb-v2-block,cnn,protocol-v3,0.8,128,2,2,193,0.0057181669981218874,0.015066750056575984,791986176,0.640625
2f81aca8ac56b882,cifar10,ssb-v2-block,cnn,protocol-v3,0.8,128,2,2,194,0.005726374976802617,0.01518441701773554,791986176,0.609375
2f81aca8ac56b882,cifar10,ssb-v2-block,cnn,protocol-v3,0.8,128,2,2,195,0.005683000024873763,0.015475207997951657,792002560,0.7109375
2f81aca8ac56b882,cifar10,ssb-v2-block,cnn,protocol-v3,0.8,128,2,2,196,0.005707208998501301,0.015839291969314218,792002560,0.578125
2f81aca8ac56b882,cifar10,ssb-v2-block,cnn,protocol-v3,0.8,128,2,2,197,0.005688875040505081,0.015385417034849524,792002560,0.7109375
2f81aca8ac56b882,cifar10,ssb-v2-block,cnn,protocol-v3,0.8,128,2,2,198,0.0057109579793177545,0.01549287501256913,792002560,0.609375
2f81aca8ac56b882,cifar10,ssb-v2-block,cnn,protocol-v3,0.8,128,2,2,199,0.005695957981515676,0.014605374948587269,792002560,0.5859375
2f81aca8ac56b882,cifar10,ssb-v2-block,cnn,protocol-v3,0.8,128,2,2,200,0.005667000019457191,0.015770374971907586,792002560,0.5703125
2f81aca8ac56b882,cifar10,ssb-v2-block,cnn,protocol-v3,0.8,128,2,2,201,0.00567970797419548,0.015574082965031266,792002560,0.6328125
2f81aca8ac56b882,cifar10,ssb-v2-block,cnn,protocol-v3,0.8,128,2,2,202,0.005686999997124076,0.015134999994188547,792002560,0.640625
2f81aca8ac56b882,cifar10,ssb-v2-block,cnn,protocol-v3,0.8,128,2,2,203,0.005694290972314775,0.014238292002119124,792002560,0.6484375
2f81aca8ac56b882,cifar10,ssb-v2-block,cnn,protocol-v3,0.8,128,2,2,204,0.005689083016477525,0.014588624995667487,792002560,0.65625
2f81aca8ac56b882,cifar10,ssb-v2-block,cnn,protocol-v3,0.8,128,2,2,205,0.00569691596319899,0.014969874988310039,792002560,0.6171875
2f81aca8ac56b882,cifar10,ssb-v2-block,cnn,protocol-v3,0.8,128,2,2,206,0.005685749987605959,0.015297291975002736,792018944,0.6328125
2f81aca8ac56b882,cifar10,ssb-v2-block,cnn,protocol-v3,0.8,128,2,2,207,0.005759291991125792,0.01516908302437514,792018944,0.671875
2f81aca8ac56b882,cifar10,ssb-v2-block,cnn,protocol-v3,0.8,128,2,2,208,0.005678292014636099,0.014694291981868446,792018944,0.65625
2f81aca8ac56b882,cifar10,ssb-v2-block,cnn,protocol-v3,0.8,128,2,2,209,0.0056712080258876085,0.015403458965010941,792035328,0.5546875
2f81aca8ac56b882,cifar10,ssb-v2-block,cnn,protocol-v3,0.8,128,2,2,210,0.005711665959097445,0.014705292007420212,793608192,0.6015625
2f81aca8ac56b882,cifar10,ssb-v2-block,cnn,protocol-v3,0.8,128,2,2,211,0.005697040993254632,0.014964124944526702,793608192,0.5625
2f81aca8ac56b882,cifar10,ssb-v2-block,cnn,protocol-v3,0.8,128,2,2,212,0.005729208001866937,0.014930667006410658,793608192,0.6796875
2f81aca8ac56b882,cifar10,ssb-v2-block,cnn,protocol-v3,0.8,128,2,2,213,0.00566983298631385,0.016051875019911677,793559040,0.6953125
2f81aca8ac56b882,cifar10,ssb-v2-block,cnn,protocol-v3,0.8,128,2,2,214,0.005649874976370484,0.015021125029306859,793575424,0.71875
2f81aca8ac56b882,cifar10,ssb-v2-block,cnn,protocol-v3,0.8,128,2,2,215,0.005646084027830511,0.01595487497979775,793575424,0.65625
2f81aca8ac56b882,cifar10,ssb-v2-block,cnn,protocol-v3,0.8,128,2,2,216,0.005721291992813349,0.01586350001161918,793591808,0.6484375
2f81aca8ac56b882,cifar10,ssb-v2-block,cnn,protocol-v3,0.8,128,2,2,217,0.005704874987713993,0.014740167011041194,793608192,0.6640625
2f81aca8ac56b882,cifar10,ssb-v2-block,cnn,protocol-v3,0.8,128,2,2,218,0.005696041975170374,0.014855624991469085,793608192,0.640625
2f81aca8ac56b882,cifar10,ssb-v2-block,cnn,protocol-v3,0.8,128,2,2,219,0.005710416997317225,0.01559529104270041,793608192,0.5859375
2f81aca8ac56b882,cifar10,ssb-v2-block,cnn,protocol-v3,0.8,128,2,2,220,0.0056903339573182166,0.015259999956469983,793608192,0.546875
2f81aca8ac56b882,cifar10,ssb-v2-block,cnn,protocol-v3,0.8,128,2,2,221,0.005692792008630931,0.015834084013476968,793608192,0.609375
2f81aca8ac56b882,cifar10,ssb-v2-block,cnn,protocol-v3,0.8,128,2,2,222,0.0060493749915622175,0.01508329197531566,793608192,0.6953125
2f81aca8ac56b882,cifar10,ssb-v2-block,cnn,protocol-v3,0.8,128,2,2,223,0.005690457997843623,0.015133832988794893,793608192,0.6328125
2f81aca8ac56b882,cifar10,ssb-v2-block,cnn,protocol-v3,0.8,128,2,2,224,0.005678625020664185,0.0153096669819206,793608192,0.578125
2f81aca8ac56b882,cifar10,ssb-v2-block,cnn,protocol-v3,0.8,128,2,2,225,0.0056855829898267984,0.015362582984380424,793608192,0.6171875
2f81aca8ac56b882,cifar10,ssb-v2-block,cnn,protocol-v3,0.8,128,2,2,226,0.00573133397847414,0.015078209049534053,793608192,0.65625
2f81aca8ac56b882,cifar10,ssb-v2-block,cnn,protocol-v3,0.8,128,2,2,227,0.006002457987051457,0.015222167014144361,793608192,0.703125
2f81aca8ac56b882,cifar10,ssb-v2-block,cnn,protocol-v3,0.8,128,2,2,228,0.0057912920019589365,0.015221416018903255,793608192,0.640625
2f81aca8ac56b882,cifar10,ssb-v2-block,cnn,protocol-v3,0.8,128,2,2,229,0.005696583015378565,0.015412250009831041,793608192,0.5703125
2f81aca8ac56b882,cifar10,ssb-v2-block,cnn,protocol-v3,0.8,128,2,2,230,0.005661125003825873,0.015547625022009015,793624576,0.6953125
2f81aca8ac56b882,cifar10,ssb-v2-block,cnn,protocol-v3,0.8,128,2,2,231,0.005692416045349091,0.01485541695728898,793624576,0.6640625
2f81aca8ac56b882,cifar10,ssb-v2-block,cnn,protocol-v3,0.8,128,2,2,232,0.005673832958564162,0.015686667000409216,793624576,0.671875
2f81aca8ac56b882,cifar10,ssb-v2-block,cnn,protocol-v3,0.8,128,2,2,233,0.005678958026692271,0.015498374996241182,793624576,0.609375
2f81aca8ac56b882,cifar10,ssb-v2-block,cnn,protocol-v3,0.8,128,2,2,234,0.005713083024602383,0.015346583968494087,793624576,0.6484375
2f81aca8ac56b882,cifar10,ssb-v2-block,cnn,protocol-v3,0.8,128,2,2,235,0.0058362080017104745,0.015552583034150302,793624576,0.6171875
2f81aca8ac56b882,cifar10,ssb-v2-block,cnn,protocol-v3,0.8,128,2,2,236,0.006180374999530613,0.015811458986718208,793624576,0.71875
2f81aca8ac56b882,cifar10,ssb-v2-block,cnn,protocol-v3,0.8,128,2,2,237,0.005681750015355647,0.015184832969680429,793624576,0.6328125
2f81aca8ac56b882,cifar10,ssb-v2-block,cnn,protocol-v3,0.8,128,2,2,238,0.005702208029106259,0.014855124987661839,793640960,0.71875
2f81aca8ac56b882,cifar10,ssb-v2-block,cnn,protocol-v3,0.8,128,2,2,239,0.005703750008251518,0.015387584047857672,793640960,0.703125
2f81aca8ac56b882,cifar10,ssb-v2-block,cnn,protocol-v3,0.8,128,2,2,240,0.005713374994229525,0.015624834049958736,793640960,0.6796875
2f81aca8ac56b882,cifar10,ssb-v2-block,cnn,protocol-v3,0.8,128,2,2,241,0.005688042030669749,0.015570957970339805,793657344,0.6640625
2f81aca8ac56b882,cifar10,ssb-v2-block,cnn,protocol-v3,0.8,128,2,2,242,0.005722792004235089,0.015214957995340228,793673728,0.546875
2f81aca8ac56b882,cifar10,ssb-v2-block,cnn,protocol-v3,0.8,128,2,2,243,0.005703292030375451,0.015200084017124027,793673728,0.4921875
2f81aca8ac56b882,cifar10,ssb-v2-block,cnn,protocol-v3,0.8,128,2,2,244,0.005714083032216877,0.01525279099587351,793673728,0.609375
2f81aca8ac56b882,cifar10,ssb-v2-block,cnn,protocol-v3,0.8,128,2,2,245,0.005726000003051013,0.015864041983149946,793673728,0.5703125
2f81aca8ac56b882,cifar10,ssb-v2-block,cnn,protocol-v3,0.8,128,2,2,246,0.005699125002138317,0.014897916000336409,793673728,0.546875
2f81aca8ac56b882,cifar10,ssb-v2-block,cnn,protocol-v3,0.8,128,2,2,247,0.005726209026761353,0.014841750031337142,793673728,0.640625
2f81aca8ac56b882,cifar10,ssb-v2-block,cnn,protocol-v3,0.8,128,2,2,248,0.005705333023797721,0.014615583990234882,793673728,0.734375
2f81aca8ac56b882,cifar10,ssb-v2-block,cnn,protocol-v3,0.8,128,2,2,249,0.0057015829952433705,0.015541874978225678,793673728,0.59375
2f81aca8ac56b882,cifar10,ssb-v2-block,cnn,protocol-v3,0.8,128,2,2,250,0.005719417007640004,0.014844709017779678,793673728,0.59375
2f81aca8ac56b882,cifar10,ssb-v2-block,cnn,protocol-v3,0.8,128,2,2,251,0.005694542021956295,0.01539695798419416,793673728,0.59375
2f81aca8ac56b882,cifar10,ssb-v2-block,cnn,protocol-v3,0.8,128,2,2,252,0.005695084051694721,0.015191583021078259,793690112,0.6171875
2f81aca8ac56b882,cifar10,ssb-v2-block,cnn,protocol-v3,0.8,128,2,2,253,0.0057044170098379254,0.015849374991375953,793690112,0.6171875
2f81aca8ac56b882,cifar10,ssb-v2-block,cnn,protocol-v3,0.8,128,2,2,254,0.005709042015951127,0.014722583000548184,793690112,0.5859375
2f81aca8ac56b882,cifar10,ssb-v2-block,cnn,protocol-v3,0.8,128,2,2,255,0.005711791978683323,0.01531641703331843,793690112,0.6484375
2f81aca8ac56b882,cifar10,ssb-v2-block,cnn,protocol-v3,0.8,128,2,2,256,0.005695333005860448,0.01591833302518353,793690112,0.59375
2f81aca8ac56b882,cifar10,ssb-v2-block,cnn,protocol-v3,0.8,128,2,2,257,0.005700749985408038,0.014525291044265032,793690112,0.6328125
2f81aca8ac56b882,cifar10,ssb-v2-block,cnn,protocol-v3,0.8,128,2,2,258,0.005715416977182031,0.015481292037293315,793690112,0.6875
2f81aca8ac56b882,cifar10,ssb-v2-block,cnn,protocol-v3,0.8,128,2,2,259,0.005708165990654379,0.015563583991024643,793690112,0.640625
2f81aca8ac56b882,cifar10,ssb-v2-block,cnn,protocol-v3,0.8,128,2,2,260,0.005698208988178521,0.015160207985900342,793690112,0.6875
2f81aca8ac56b882,cifar10,ssb-v2-block,cnn,protocol-v3,0.8,128,2,2,261,0.00572029099566862,0.015604417014401406,793690112,0.6640625
2f81aca8ac56b882,cifar10,ssb-v2-block,cnn,protocol-v3,0.8,128,2,2,262,0.005701125017367303,0.01517616695491597,793690112,0.6015625
2f81aca8ac56b882,cifar10,ssb-v2-block,cnn,protocol-v3,0.8,128,2,2,263,0.005710833007469773,0.015208249969873577,793690112,0.609375
2f81aca8ac56b882,cifar10,ssb-v2-block,cnn,protocol-v3,0.8,128,2,2,264,0.0056960840011015534,0.015849541989155114,793690112,0.6328125
2f81aca8ac56b882,cifar10,ssb-v2-block,cnn,protocol-v3,0.8,128,2,2,265,0.005694749997928739,0.015213374979794025,793706496,0.65625
2f81aca8ac56b882,cifar10,ssb-v2-block,cnn,protocol-v3,0.8,128,2,2,266,0.005669541016686708,0.015134208020754158,793706496,0.65625
2f81aca8ac56b882,cifar10,ssb-v2-block,cnn,protocol-v3,0.8,128,2,2,267,0.005696708976756781,0.015158874972257763,793706496,0.5703125
2f81aca8ac56b882,cifar10,ssb-v2-block,cnn,protocol-v3,0.8,128,2,2,268,0.005696083011571318,0.015080083976499736,793706496,0.6796875
2f81aca8ac56b882,cifar10,ssb-v2-block,cnn,protocol-v3,0.8,128,2,2,269,0.005709332996048033,0.015444958000443876,793722880,0.640625
2f81aca8ac56b882,cifar10,ssb-v2-block,cnn,protocol-v3,0.8,128,2,2,270,0.006223042029887438,0.01585704105673358,793722880,0.640625
2f81aca8ac56b882,cifar10,ssb-v2-block,cnn,protocol-v3,0.8,128,2,2,271,0.0057029579766094685,0.015492667036596686,793722880,0.6796875
2f81aca8ac56b882,cifar10,ssb-v2-block,cnn,protocol-v3,0.8,128,2,2,272,0.00567004201002419,0.015710167004726827,793722880,0.7265625
2f81aca8ac56b882,cifar10,ssb-v2-block,cnn,protocol-v3,0.8,128,2,2,273,0.005716999992728233,0.014832166023552418,793722880,0.65625
2f81aca8ac56b882,cifar10,ssb-v2-block,cnn,protocol-v3,0.8,128,2,2,274,0.005687625030986965,0.015523332986049354,793722880,0.625
2f81aca8ac56b882,cifar10,ssb-v2-block,cnn,protocol-v3,0.8,128,2,2,275,0.005702916998416185,0.015571624971926212,793739264,0.6796875
2f81aca8ac56b882,cifar10,ssb-v2-block,cnn,protocol-v3,0.8,128,2,2,276,0.005713000020477921,0.01549358299234882,793739264,0.640625
2f81aca8ac56b882,cifar10,ssb-v2-block,cnn,protocol-v3,0.8,128,2,2,277,0.005721041990909725,0.014468791952822357,793739264,0.7109375
2f81aca8ac56b882,cifar10,ssb-v2-block,cnn,protocol-v3,0.8,128,2,2,278,0.005684292002115399,0.015564250003080815,793739264,0.7265625
2f81aca8ac56b882,cifar10,ssb-v2-block,cnn,protocol-v3,0.8,128,2,2,279,0.005703542032279074,0.015901332953944802,793755648,0.734375
2f81aca8ac56b882,cifar10,ssb-v2-block,cnn,protocol-v3,0.8,128,2,2,280,0.005674707994330674,0.015463416988495737,793755648,0.6484375
2f81aca8ac56b882,cifar10,ssb-v2-block,cnn,protocol-v3,0.8,128,2,2,281,0.005717416992411017,0.015913541021291167,793755648,0.703125
2f81aca8ac56b882,cifar10,ssb-v2-block,cnn,protocol-v3,0.8,128,2,2,282,0.005694999999832362,0.015392416040413082,793755648,0.625
2f81aca8ac56b882,cifar10,ssb-v2-block,cnn,protocol-v3,0.8,128,2,2,283,0.0057145419996231794,0.016088834032416344,793755648,0.6171875
2f81aca8ac56b882,cifar10,ssb-v2-block,cnn,protocol-v3,0.8,128,2,2,284,0.005693834042176604,0.015764374984428287,793755648,0.671875
2f81aca8ac56b882,cifar10,ssb-v2-block,cnn,protocol-v3,0.8,128,2,2,285,0.0057026660069823265,0.015353332972154021,793755648,0.6953125
2f81aca8ac56b882,cifar10,ssb-v2-block,cnn,protocol-v3,0.8,128,2,2,286,0.005682833027094603,0.016297958965878934,793755648,0.6875
2f81aca8ac56b882,cifar10,ssb-v2-block,cnn,protocol-v3,0.8,128,2,2,287,0.005688083998393267,0.015408333973027766,793772032,0.703125
2f81aca8ac56b882,cifar10,ssb-v2-block,cnn,protocol-v3,0.8,128,2,2,288,0.00570929201785475,0.015503916016314179,793804800,0.7421875
2f81aca8ac56b882,cifar10,ssb-v2-block,cnn,protocol-v3,0.8,128,2,2,289,0.005694457970093936,0.01515320804901421,793804800,0.65625
2f81aca8ac56b882,cifar10,ssb-v2-block,cnn,protocol-v3,0.8,128,2,2,290,0.005684750038199127,0.015516875020693988,793804800,0.7421875
2f81aca8ac56b882,cifar10,ssb-v2-block,cnn,protocol-v3,0.8,128,2,2,291,0.0057276670122519135,0.015392542001791298,793804800,0.703125
2f81aca8ac56b882,cifar10,ssb-v2-block,cnn,protocol-v3,0.8,128,2,2,292,0.005696583015378565,0.015776334039401263,793804800,0.7265625
2f81aca8ac56b882,cifar10,ssb-v2-block,cnn,protocol-v3,0.8,128,2,2,293,0.00574554200284183,0.015671500004827976,793804800,0.65625
2f81aca8ac56b882,cifar10,ssb-v2-block,cnn,protocol-v3,0.8,128,2,2,294,0.006127959000878036,0.014642624999396503,793804800,0.6875
2f81aca8ac56b882,cifar10,ssb-v2-block,cnn,protocol-v3,0.8,128,2,2,295,0.005718999949749559,0.015512209036387503,793821184,0.578125
2f81aca8ac56b882,cifar10,ssb-v2-block,cnn,protocol-v3,0.8,128,2,2,296,0.00568587495945394,0.015945417049806565,793821184,0.6796875
2f81aca8ac56b882,cifar10,ssb-v2-block,cnn,protocol-v3,0.8,128,2,2,297,0.00570329197216779,0.015098457981366664,793821184,0.65625
2f81aca8ac56b882,cifar10,ssb-v2-block,cnn,protocol-v3,0.8,128,2,2,298,0.005720457993447781,0.014845124969724566,793853952,0.6875
2f81aca8ac56b882,cifar10,ssb-v2-block,cnn,protocol-v3,0.8,128,2,2,299,0.005701125017367303,0.015041665988974273,793853952,0.734375
2f81aca8ac56b882,cifar10,ssb-v2-block,cnn,protocol-v3,0.8,128,2,2,300,0.005973000021185726,0.015082750003784895,793853952,0.6875
2f81aca8ac56b882,cifar10,ssb-v2-block,cnn,protocol-v3,0.8,128,2,2,301,0.005691291997209191,0.015535041980911046,793853952,0.6796875
2f81aca8ac56b882,cifar10,ssb-v2-block,cnn,protocol-v3,0.8,128,2,2,302,0.0056950830039568245,0.01583841600222513,793853952,0.671875
2f81aca8ac56b882,cifar10,ssb-v2-block,cnn,protocol-v3,0.8,128,2,2,303,0.005702166992705315,0.015514083032030612,793853952,0.640625
2f81aca8ac56b882,cifar10,ssb-v2-block,cnn,protocol-v3,0.8,128,2,2,304,0.005694459017831832,0.01559412496862933,793853952,0.625
2f81aca8ac56b882,cifar10,ssb-v2-block,cnn,protocol-v3,0.8,128,2,2,305,0.005697041982784867,0.015281500003766268,793853952,0.75
2f81aca8ac56b882,cifar10,ssb-v2-block,cnn,protocol-v3,0.8,128,2,2,306,0.005686292017344385,0.014894374995492399,793853952,0.734375
2f81aca8ac56b882,cifar10,ssb-v2-block,cnn,protocol-v3,0.8,128,2,2,307,0.005719084001611918,0.015173833991866559,793853952,0.6796875
2f81aca8ac56b882,cifar10,ssb-v2-block,cnn,protocol-v3,0.8,128,2,2,308,0.005704624985810369,0.015151540981605649,793870336,0.6328125
2f81aca8ac56b882,cifar10,ssb-v2-block,cnn,protocol-v3,0.8,128,2,2,309,0.005701458023395389,0.015294958022423089,793870336,0.734375
2f81aca8ac56b882,cifar10,ssb-v2-block,cnn,protocol-v3,0.8,128,2,2,310,0.005718125030398369,0.01563720899866894,793870336,0.640625
2f81aca8ac56b882,cifar10,ssb-v2-block,cnn,protocol-v3,0.8,128,2,2,311,0.0056997499777935445,0.014544334029778838,793886720,0.5703125
2f81aca8ac56b882,cifar10,ssb-v2-block,cnn,protocol-v3,0.8,128,2,2,312,0.005703208036720753,0.014887499972246587,793886720,0.578125
2f81aca8ac56b882,cifar10,ssb-v2-block,cnn,protocol-v3,0.8,128,2,2,313,0.005681500013452023,0.015089874970726669,793903104,0.6015625
2f81aca8ac56b882,cifar10,ssb-v2-block,cnn,protocol-v3,0.8,128,2,2,314,0.005697791988495737,0.016167208028491586,793903104,0.75
2f81aca8ac56b882,cifar10,ssb-v2-block,cnn,protocol-v3,0.8,128,2,2,315,0.005688458972144872,0.015465584001503885,793903104,0.6640625
2f81aca8ac56b882,cifar10,ssb-v2-block,cnn,protocol-v3,0.8,128,2,2,316,0.005704624985810369,0.015378916985355318,793903104,0.6875
2f81aca8ac56b882,cifar10,ssb-v2-block,cnn,protocol-v3,0.8,128,2,2,317,0.005704334005713463,0.015720791008789092,793903104,0.6015625
2f81aca8ac56b882,cifar10,ssb-v2-block,cnn,protocol-v3,0.8,128,2,2,318,0.005730959004722536,0.015211334044579417,793903104,0.6796875
2f81aca8ac56b882,cifar10,ssb-v2-block,cnn,protocol-v3,0.8,128,2,2,319,0.005812707997392863,0.015691083972342312,793903104,0.53125
2f81aca8ac56b882,cifar10,ssb-v2-block,cnn,protocol-v3,0.8,128,2,2,320,0.0057105839950963855,0.01549995900131762,793919488,0.65625
2f81aca8ac56b882,cifar10,ssb-v2-block,cnn,protocol-v3,0.8,128,2,2,321,0.005713166028726846,0.01559845800511539,793919488,0.5859375
2f81aca8ac56b882,cifar10,ssb-v2-block,cnn,protocol-v3,0.8,128,2,2,322,0.005693041021004319,0.015817207982763648,793919488,0.71875
2f81aca8ac56b882,cifar10,ssb-v2-block,cnn,protocol-v3,0.8,128,2,2,323,0.0056997089996002614,0.015826582966838032,793919488,0.578125
2f81aca8ac56b882,cifar10,ssb-v2-block,cnn,protocol-v3,0.8,128,2,2,324,0.005701249989215285,0.015408499981276691,793919488,0.671875
2f81aca8ac56b882,cifar10,ssb-v2-block,cnn,protocol-v3,0.8,128,2,2,325,0.005677791021298617,0.015866625006310642,793935872,0.703125
2f81aca8ac56b882,cifar10,ssb-v2-block,cnn,protocol-v3,0.8,128,2,2,326,0.005707333039026707,0.015144667006097734,793935872,0.703125
2f81aca8ac56b882,cifar10,ssb-v2-block,cnn,protocol-v3,0.8,128,2,2,327,0.005690208985470235,0.015558625047560781,793952256,0.6640625
2f81aca8ac56b882,cifar10,ssb-v2-block,cnn,protocol-v3,0.8,128,2,2,328,0.005705082963686436,0.015074416995048523,793952256,0.734375
2f81aca8ac56b882,cifar10,ssb-v2-block,cnn,protocol-v3,0.8,128,2,2,329,0.00582183402730152,0.015593332995194942,793952256,0.7265625
2f81aca8ac56b882,cifar10,ssb-v2-block,cnn,protocol-v3,0.8,128,2,2,330,0.00570179196074605,0.015642083017155528,793952256,0.734375
2f81aca8ac56b882,cifar10,ssb-v2-block,cnn,protocol-v3,0.8,128,2,2,331,0.005695207975804806,0.014784125029109418,793952256,0.6484375
2f81aca8ac56b882,cifar10,ssb-v2-block,cnn,protocol-v3,0.8,128,2,2,332,0.005719374981708825,0.015863292035646737,793952256,0.640625
2f81aca8ac56b882,cifar10,ssb-v2-block,cnn,protocol-v3,0.8,128,2,2,333,0.005704333016183227,0.014627666969317943,793952256,0.65625
2f81aca8ac56b882,cifar10,ssb-v2-block,cnn,protocol-v3,0.8,128,2,2,334,0.006248749967198819,0.01572816597763449,793952256,0.65625
2f81aca8ac56b882,cifar10,ssb-v2-block,cnn,protocol-v3,0.8,128,2,2,335,0.005702290975023061,0.015304500004276633,793952256,0.65625
2f81aca8ac56b882,cifar10,ssb-v2-block,cnn,protocol-v3,0.8,128,2,2,336,0.0056932499865069985,0.015534584003034979,793952256,0.65625
2f81aca8ac56b882,cifar10,ssb-v2-block,cnn,protocol-v3,0.8,128,2,2,337,0.005948374979197979,0.015408415987621993,793952256,0.6796875
2f81aca8ac56b882,cifar10,ssb-v2-block,cnn,protocol-v3,0.8,128,2,2,338,0.005729084019549191,0.0155676249996759,793968640,0.703125
2f81aca8ac56b882,cifar10,ssb-v2-block,cnn,protocol-v3,0.8,128,2,2,339,0.005675417021848261,0.015335750009398907,793968640,0.6015625
2f81aca8ac56b882,cifar10,ssb-v2-block,cnn,protocol-v3,0.8,128,2,2,340,0.005698000022675842,0.015717916016001254,793968640,0.6328125
2f81aca8ac56b882,cifar10,ssb-v2-block,cnn,protocol-v3,0.8,128,2,2,341,0.005691208993084729,0.015766583033837378,793968640,0.703125
2f81aca8ac56b882,cifar10,ssb-v2-block,cnn,protocol-v3,0.8,128,2,2,342,0.005706583033315837,0.015311291965190321,793968640,0.640625
2f81aca8ac56b882,cifar10,ssb-v2-block,cnn,protocol-v3,0.8,128,2,2,343,0.005706583964638412,0.01585129101295024,793968640,0.7421875
2f81aca8ac56b882,cifar10,ssb-v2-block,cnn,protocol-v3,0.8,128,2,2,344,0.005962082999758422,0.01602941600140184,793968640,0.671875
2f81aca8ac56b882,cifar10,ssb-v2-block,cnn,protocol-v3,0.8,128,2,2,345,0.006043125002179295,0.01574895897647366,793985024,0.671875
2f81aca8ac56b882,cifar10,ssb-v2-block,cnn,protocol-v3,0.8,128,2,2,346,0.005831875023432076,0.015308375004678965,793985024,0.65625
2f81aca8ac56b882,cifar10,ssb-v2-block,cnn,protocol-v3,0.8,128,2,2,347,0.005986333009786904,0.015487375028897077,793985024,0.671875
2f81aca8ac56b882,cifar10,ssb-v2-block,cnn,protocol-v3,0.8,128,2,2,348,0.006047332950402051,0.015219207969494164,793985024,0.6875
2f81aca8ac56b882,cifar10,ssb-v2-block,cnn,protocol-v3,0.8,128,2,2,349,0.005691291997209191,0.01618091599084437,793985024,0.6875
2f81aca8ac56b882,cifar10,ssb-v2-block,cnn,protocol-v3,0.8,128,2,2,350,0.005686667049303651,0.015448999998625368,793985024,0.6796875
2f81aca8ac56b882,cifar10,ssb-v2-block,cnn,protocol-v3,0.8,128,2,2,351,0.005688125034794211,0.015515416976995766,793985024,0.734375
2f81aca8ac56b882,cifar10,ssb-v2-block,cnn,protocol-v3,0.8,128,2,2,352,0.005830165988299996,0.015464792028069496,793985024,0.65625
2f81aca8ac56b882,cifar10,ssb-v2-block,cnn,protocol-v3,0.8,128,2,2,353,0.005720541987102479,0.014961000008042902,794001408,0.671875
2f81aca8ac56b882,cifar10,ssb-v2-block,cnn,protocol-v3,0.8,128,2,2,354,0.0056972079910337925,0.015375833958387375,794001408,0.703125
2f81aca8ac56b882,cifar10,ssb-v2-block,cnn,protocol-v3,0.8,128,2,2,355,0.0056989999720826745,0.015389834006782621,794017792,0.671875
2f81aca8ac56b882,cifar10,ssb-v2-block,cnn,protocol-v3,0.8,128,2,2,356,0.005673500010743737,0.015378166979644448,794017792,0.6640625
2f81aca8ac56b882,cifar10,ssb-v2-block,cnn,protocol-v3,0.8,128,2,2,357,0.0056972079910337925,0.015247458009980619,794017792,0.7109375
2f81aca8ac56b882,cifar10,ssb-v2-block,cnn,protocol-v3,0.8,128,2,2,358,0.005694499996025115,0.015521999972406775,794017792,0.609375
2f81aca8ac56b882,cifar10,ssb-v2-block,cnn,protocol-v3,0.8,128,2,2,359,0.005707125004846603,0.015813542006071657,794017792,0.6796875
2f81aca8ac56b882,cifar10,ssb-v2-block,cnn,protocol-v3,0.8,128,2,2,360,0.005703333008568734,0.016042041999753565,794017792,0.6640625
2f81aca8ac56b882,cifar10,ssb-v2-block,cnn,protocol-v3,0.8,128,2,2,361,0.005741333006881177,0.015109582978766412,794017792,0.71875
2f81aca8ac56b882,cifar10,ssb-v2-block,cnn,protocol-v3,0.8,128,2,2,362,0.0056982910027727485,0.01572620903607458,794017792,0.6875
2f81aca8ac56b882,cifar10,ssb-v2-block,cnn,protocol-v3,0.8,128,2,2,363,0.005720457993447781,0.015539374959189445,794017792,0.65625
2f81aca8ac56b882,cifar10,ssb-v2-block,cnn,protocol-v3,0.8,128,2,2,364,0.005694833991583437,0.015632874972652644,794017792,0.703125
2f81aca8ac56b882,cifar10,ssb-v2-block,cnn,protocol-v3,0.8,128,2,2,365,0.005686375021468848,0.015605416963808239,794034176,0.7578125
2f81aca8ac56b882,cifar10,ssb-v2-block,cnn,protocol-v3,0.8,128,2,2,366,0.005708708020392805,0.01507095800479874,794034176,0.671875
2f81aca8ac56b882,cifar10,ssb-v2-block,cnn,protocol-v3,0.8,128,2,2,367,0.005740833003073931,0.015713166969362646,794050560,0.6796875
2f81aca8ac56b882,cifar10,ssb-v2-block,cnn,protocol-v3,0.8,128,2,2,368,0.005973665975034237,0.015777292021084577,794050560,0.6796875
2f81aca8ac56b882,cifar10,ssb-v2-block,cnn,protocol-v3,0.8,128,2,2,369,0.0057041660184040666,0.015838875027839094,794050560,0.6875
2f81aca8ac56b882,cifar10,ssb-v2-block,cnn,protocol-v3,0.8,128,2,2,370,0.005686916003469378,0.015494833001866937,794050560,0.71875
2f81aca8ac56b882,cifar10,ssb-v2-block,cnn,protocol-v3,0.8,128,2,2,371,0.005689791985787451,0.015013917000032961,794050560,0.640625
2f81aca8ac56b882,cifar10,ssb-v2-block,cnn,protocol-v3,0.8,128,2,2,372,0.005707958014681935,0.014641374989878386,794050560,0.6953125
2f81aca8ac56b882,cifar10,ssb-v2-block,cnn,protocol-v3,0.8,128,2,2,373,0.005698458000551909,0.015894874988589436,794050560,0.6953125
2f81aca8ac56b882,cifar10,ssb-v2-block,cnn,protocol-v3,0.8,128,2,2,374,0.005681084003299475,0.015461749979294837,794050560,0.6796875
2f81aca8ac56b882,cifar10,ssb-v2-block,cnn,protocol-v3,0.8,128,2,2,375,0.006038458028342575,0.015750333026517183,794050560,0.7109375
2f81aca8ac56b882,cifar10,ssb-v2-block,cnn,protocol-v3,0.8,128,2,2,376,0.0057073329808190465,0.015827124996576458,794050560,0.6484375
2f81aca8ac56b882,cifar10,ssb-v2-block,cnn,protocol-v3,0.8,128,2,2,377,0.005698750028386712,0.015718040987849236,794066944,0.6640625
2f81aca8ac56b882,cifar10,ssb-v2-block,cnn,protocol-v3,0.8,128,2,2,378,0.005687542026862502,0.015905249980278313,794066944,0.6875
2f81aca8ac56b882,cifar10,ssb-v2-block,cnn,protocol-v3,0.8,128,2,2,379,0.005661709001287818,0.015596999961417168,794066944,0.6875
2f81aca8ac56b882,cifar10,ssb-v2-block,cnn,protocol-v3,0.8,128,2,2,380,0.005715375009458512,0.015190624981187284,794083328,0.71875
2f81aca8ac56b882,cifar10,ssb-v2-block,cnn,protocol-v3,0.8,128,2,2,381,0.005688416014891118,0.015393124951515347,794083328,0.6875
2f81aca8ac56b882,cifar10,ssb-v2-block,cnn,protocol-v3,0.8,128,2,2,382,0.005691041995305568,0.015046292042825371,794083328,0.671875
2f81aca8ac56b882,cifar10,ssb-v2-block,cnn,protocol-v3,0.8,128,2,2,383,0.005694249994121492,0.015866292000282556,794083328,0.6953125
2f81aca8ac56b882,cifar10,ssb-v2-block,cnn,protocol-v3,0.8,128,2,2,384,0.005765874986536801,0.015283040993381292,794083328,0.6953125
2f81aca8ac56b882,cifar10,ssb-v2-block,cnn,protocol-v3,0.8,128,2,2,385,0.005702792026568204,0.01563024998176843,794083328,0.640625
2f81aca8ac56b882,cifar10,ssb-v2-block,cnn,protocol-v3,0.8,128,2,2,386,0.005695541971363127,0.01545512501616031,794083328,0.6328125
2f81aca8ac56b882,cifar10,ssb-v2-block,cnn,protocol-v3,0.8,128,2,2,387,0.005692292004823685,0.014952875033486634,794083328,0.7109375
2f81aca8ac56b882,cifar10,ssb-v2-block,cnn,protocol-v3,0.8,128,2,2,388,0.005719500011764467,0.015214750019367784,794083328,0.6171875
2f81aca8ac56b882,cifar10,ssb-v2-block,cnn,protocol-v3,0.8,128,2,2,389,0.005694958032108843,0.015406250022351742,794083328,0.6796875
2f81aca8ac56b882,cifar10,ssb-v2-block,cnn,protocol-v3,0.8,128,2,2,390,0.004226416000165045,0.01890154101420194,795099136,0.625
2f81aca8ac56b882,cifar10,ssb-v2-block,cnn,protocol-v3,0.8,128,2,3,0,0.0062213329947553575,0.015338166966103017,797245440,0.625
2f81aca8ac56b882,cifar10,ssb-v2-block,cnn,protocol-v3,0.8,128,2,3,1,0.0058846669853664935,0.01583941699936986,797261824,0.703125
2f81aca8ac56b882,cifar10,ssb-v2-block,cnn,protocol-v3,0.8,128,2,3,2,0.0057197080459445715,0.014512291003484279,797261824,0.6796875
2f81aca8ac56b882,cifar10,ssb-v2-block,cnn,protocol-v3,0.8,128,2,3,3,0.005663708026986569,0.015408749983180314,797261824,0.7421875
2f81aca8ac56b882,cifar10,ssb-v2-block,cnn,protocol-v3,0.8,128,2,3,4,0.005733042024075985,0.015040499973110855,797278208,0.6328125
2f81aca8ac56b882,cifar10,ssb-v2-block,cnn,protocol-v3,0.8,128,2,3,5,0.005719500011764467,0.01533737505087629,797278208,0.6875
2f81aca8ac56b882,cifar10,ssb-v2-block,cnn,protocol-v3,0.8,128,2,3,6,0.005744207999669015,0.01573754200944677,797278208,0.6015625
2f81aca8ac56b882,cifar10,ssb-v2-block,cnn,protocol-v3,0.8,128,2,3,7,0.005714291997719556,0.015479833993595093,797278208,0.7578125
2f81aca8ac56b882,cifar10,ssb-v2-block,cnn,protocol-v3,0.8,128,2,3,8,0.006044332985766232,0.015597749967128038,797278208,0.71875
2f81aca8ac56b882,cifar10,ssb-v2-block,cnn,protocol-v3,0.8,128,2,3,9,0.005770375020802021,0.015223417023662478,797278208,0.6953125
2f81aca8ac56b882,cifar10,ssb-v2-block,cnn,protocol-v3,0.8,128,2,3,10,0.005721000023186207,0.016487458953633904,797278208,0.6875
2f81aca8ac56b882,cifar10,ssb-v2-block,cnn,protocol-v3,0.8,128,2,3,11,0.005693125014659017,0.015162667026743293,797278208,0.6796875
2f81aca8ac56b882,cifar10,ssb-v2-block,cnn,protocol-v3,0.8,128,2,3,12,0.0057059170212596655,0.014649874996393919,797278208,0.6796875
2f81aca8ac56b882,cifar10,ssb-v2-block,cnn,protocol-v3,0.8,128,2,3,13,0.005709709017537534,0.015852958953473717,797278208,0.7265625
2f81aca8ac56b882,cifar10,ssb-v2-block,cnn,protocol-v3,0.8,128,2,3,14,0.005710916011594236,0.01479320804355666,797278208,0.6796875
2f81aca8ac56b882,cifar10,ssb-v2-block,cnn,protocol-v3,0.8,128,2,3,15,0.0056895840098150074,0.015276542049832642,797278208,0.6953125
2f81aca8ac56b882,cifar10,ssb-v2-block,cnn,protocol-v3,0.8,128,2,3,16,0.005725499999243766,0.015675165981519967,797278208,0.6484375
2f81aca8ac56b882,cifar10,ssb-v2-block,cnn,protocol-v3,0.8,128,2,3,17,0.005706750031094998,0.014867666992358863,797278208,0.65625
2f81aca8ac56b882,cifar10,ssb-v2-block,cnn,protocol-v3,0.8,128,2,3,18,0.0056983340182341635,0.015517666994128376,797278208,0.671875
2f81aca8ac56b882,cifar10,ssb-v2-block,cnn,protocol-v3,0.8,128,2,3,19,0.005698374996427447,0.015510125027503818,797278208,0.7265625
2f81aca8ac56b882,cifar10,ssb-v2-block,cnn,protocol-v3,0.8,128,2,3,20,0.005729916971176863,0.014328750025015324,797294592,0.6796875
2f81aca8ac56b882,cifar10,ssb-v2-block,cnn,protocol-v3,0.8,128,2,3,21,0.006040416017640382,0.015060166013427079,797294592,0.7734375
2f81aca8ac56b882,cifar10,ssb-v2-block,cnn,protocol-v3,0.8,128,2,3,22,0.005726957984734327,0.015750791993923485,797294592,0.7109375
2f81aca8ac56b882,cifar10,ssb-v2-block,cnn,protocol-v3,0.8,128,2,3,23,0.005705374991521239,0.015409416984766722,797294592,0.7109375
2f81aca8ac56b882,cifar10,ssb-v2-block,cnn,protocol-v3,0.8,128,2,3,24,0.0056808749795891345,0.015127249993383884,797294592,0.7578125
2f81aca8ac56b882,cifar10,ssb-v2-block,cnn,protocol-v3,0.8,128,2,3,25,0.005698333960026503,0.015953124966472387,797294592,0.78125
2f81aca8ac56b882,cifar10,ssb-v2-block,cnn,protocol-v3,0.8,128,2,3,26,0.005707416974473745,0.01591766596538946,797294592,0.625
2f81aca8ac56b882,cifar10,ssb-v2-block,cnn,protocol-v3,0.8,128,2,3,27,0.005673707986716181,0.015643958991859108,797294592,0.7421875
2f81aca8ac56b882,cifar10,ssb-v2-block,cnn,protocol-v3,0.8,128,2,3,28,0.005694499996025115,0.015685875026974827,797294592,0.671875
2f81aca8ac56b882,cifar10,ssb-v2-block,cnn,protocol-v3,0.8,128,2,3,29,0.005713457998353988,0.015439749986398965,797294592,0.75
2f81aca8ac56b882,cifar10,ssb-v2-block,cnn,protocol-v3,0.8,128,2,3,30,0.006050166964996606,0.015338499972131103,797294592,0.75
2f81aca8ac56b882,cifar10,ssb-v2-block,cnn,protocol-v3,0.8,128,2,3,31,0.005940166010987014,0.01570858305785805,797294592,0.7265625
2f81aca8ac56b882,cifar10,ssb-v2-block,cnn,protocol-v3,0.8,128,2,3,32,0.006002250011079013,0.015762707975227386,797294592,0.7578125
2f81aca8ac56b882,cifar10,ssb-v2-block,cnn,protocol-v3,0.8,128,2,3,33,0.005843000020831823,0.015741000010166317,797310976,0.765625
2f81aca8ac56b882,cifar10,ssb-v2-block,cnn,protocol-v3,0.8,128,2,3,34,0.005840333004016429,0.016239124990534037,797310976,0.71875
2f81aca8ac56b882,cifar10,ssb-v2-block,cnn,protocol-v3,0.8,128,2,3,35,0.0059429999673739076,0.015723499993328005,797327360,0.7421875
2f81aca8ac56b882,cifar10,ssb-v2-block,cnn,protocol-v3,0.8,128,2,3,36,0.005792665993794799,0.015837459010072052,797327360,0.6875
2f81aca8ac56b882,cifar10,ssb-v2-block,cnn,protocol-v3,0.8,128,2,3,37,0.005702125024981797,0.01566495798761025,797327360,0.7421875
2f81aca8ac56b882,cifar10,ssb-v2-block,cnn,protocol-v3,0.8,128,2,3,38,0.005678499990608543,0.015279332990758121,797327360,0.7421875
2f81aca8ac56b882,cifar10,ssb-v2-block,cnn,protocol-v3,0.8,128,2,3,39,0.005749542033299804,0.015441292023751885,797327360,0.7265625
2f81aca8ac56b882,cifar10,ssb-v2-block,cnn,protocol-v3,0.8,128,2,3,40,0.005692542006727308,0.015206624986603856,797327360,0.71875
2f81aca8ac56b882,cifar10,ssb-v2-block,cnn,protocol-v3,0.8,128,2,3,41,0.005831583053804934,0.014908207987900823,797327360,0.7109375
2f81aca8ac56b882,cifar10,ssb-v2-block,cnn,protocol-v3,0.8,128,2,3,42,0.0057106660096906126,0.016143167042173445,797327360,0.7421875
2f81aca8ac56b882,cifar10,ssb-v2-block,cnn,protocol-v3,0.8,128,2,3,43,0.005689000012353063,0.015756874985527247,797327360,0.7109375
2f81aca8ac56b882,cifar10,ssb-v2-block,cnn,protocol-v3,0.8,128,2,3,44,0.005711583013180643,0.01574500004062429,797327360,0.7109375
2f81aca8ac56b882,cifar10,ssb-v2-block,cnn,protocol-v3,0.8,128,2,3,45,0.005698207998648286,0.015670000051613897,797327360,0.6953125
2f81aca8ac56b882,cifar10,ssb-v2-block,cnn,protocol-v3,0.8,128,2,3,46,0.005710707977414131,0.01487116696080193,797327360,0.6875
2f81aca8ac56b882,cifar10,ssb-v2-block,cnn,protocol-v3,0.8,128,2,3,47,0.005726291972678155,0.016083166003227234,797327360,0.765625
2f81aca8ac56b882,cifar10,ssb-v2-block,cnn,protocol-v3,0.8,128,2,3,48,0.005743374989833683,0.016017750022001565,797327360,0.7109375
2f81aca8ac56b882,cifar10,ssb-v2-block,cnn,protocol-v3,0.8,128,2,3,49,0.005690582969691604,0.0157623749691993,797327360,0.75
2f81aca8ac56b882,cifar10,ssb-v2-block,cnn,protocol-v3,0.8,128,2,3,50,0.0057055409997701645,0.014340207970235497,797327360,0.7578125
2f81aca8ac56b882,cifar10,ssb-v2-block,cnn,protocol-v3,0.8,128,2,3,51,0.006058582977857441,0.015629125002305955,797327360,0.6875
2f81aca8ac56b882,cifar10,ssb-v2-block,cnn,protocol-v3,0.8,128,2,3,52,0.005723541020415723,0.015585375018417835,797327360,0.671875
2f81aca8ac56b882,cifar10,ssb-v2-block,cnn,protocol-v3,0.8,128,2,3,53,0.005714082974009216,0.01450520899379626,797327360,0.7109375
2f81aca8ac56b882,cifar10,ssb-v2-block,cnn,protocol-v3,0.8,128,2,3,54,0.005694166989997029,0.015598875004798174,797343744,0.7421875
2f81aca8ac56b882,cifar10,ssb-v2-block,cnn,protocol-v3,0.8,128,2,3,55,0.005711000005248934,0.015408458013553172,797343744,0.703125
2f81aca8ac56b882,cifar10,ssb-v2-block,cnn,protocol-v3,0.8,128,2,3,56,0.0057011659955605865,0.015624541963916272,797343744,0.7265625
2f81aca8ac56b882,cifar10,ssb-v2-block,cnn,protocol-v3,0.8,128,2,3,57,0.005695290979929268,0.01556929195066914,797343744,0.640625
2f81aca8ac56b882,cifar10,ssb-v2-block,cnn,protocol-v3,0.8,128,2,3,58,0.005689791985787451,0.015197959030047059,797360128,0.6875
2f81aca8ac56b882,cifar10,ssb-v2-block,cnn,protocol-v3,0.8,128,2,3,59,0.005716750049032271,0.016327166988048702,797360128,0.7109375
2f81aca8ac56b882,cifar10,ssb-v2-block,cnn,protocol-v3,0.8,128,2,3,60,0.005709707969799638,0.01529620896326378,797360128,0.6953125
2f81aca8ac56b882,cifar10,ssb-v2-block,cnn,protocol-v3,0.8,128,2,3,61,0.005702875030692667,0.014629332988988608,797360128,0.6171875
2f81aca8ac56b882,cifar10,ssb-v2-block,cnn,protocol-v3,0.8,128,2,3,62,0.00569937500404194,0.015699457959271967,797360128,0.7421875
2f81aca8ac56b882,cifar10,ssb-v2-block,cnn,protocol-v3,0.8,128,2,3,63,0.00571975001366809,0.014542041986715049,797360128,0.7265625
2f81aca8ac56b882,cifar10,ssb-v2-block,cnn,protocol-v3,0.8,128,2,3,64,0.006343332992400974,0.014829208026640117,797360128,0.6640625
2f81aca8ac56b882,cifar10,ssb-v2-block,cnn,protocol-v3,0.8,128,2,3,65,0.005817791970912367,0.015395833004731685,797360128,0.6796875
2f81aca8ac56b882,cifar10,ssb-v2-block,cnn,protocol-v3,0.8,128,2,3,66,0.005712667014449835,0.016156124998815358,797360128,0.6640625
2f81aca8ac56b882,cifar10,ssb-v2-block,cnn,protocol-v3,0.8,128,2,3,67,0.005732250050641596,0.0158787919790484,797376512,0.75
2f81aca8ac56b882,cifar10,ssb-v2-block,cnn,protocol-v3,0.8,128,2,3,68,0.005698042048607022,0.01591829099925235,797376512,0.75
2f81aca8ac56b882,cifar10,ssb-v2-block,cnn,protocol-v3,0.8,128,2,3,69,0.005708167038392276,0.015085084014572203,797376512,0.703125
2f81aca8ac56b882,cifar10,ssb-v2-block,cnn,protocol-v3,0.8,128,2,3,70,0.0057023330009542406,0.015187916986178607,797376512,0.6328125
2f81aca8ac56b882,cifar10,ssb-v2-block,cnn,protocol-v3,0.8,128,2,3,71,0.005703917006030679,0.015237084007821977,797376512,0.765625
2f81aca8ac56b882,cifar10,ssb-v2-block,cnn,protocol-v3,0.8,128,2,3,72,0.00572645798092708,0.015894167008809745,797376512,0.7421875
2f81aca8ac56b882,cifar10,ssb-v2-block,cnn,protocol-v3,0.8,128,2,3,73,0.005693832994438708,0.01547187496908009,797376512,0.71875
2f81aca8ac56b882,cifar10,ssb-v2-block,cnn,protocol-v3,0.8,128,2,3,74,0.0056994170299731195,0.015743583033327013,797392896,0.75
2f81aca8ac56b882,cifar10,ssb-v2-block,cnn,protocol-v3,0.8,128,2,3,75,0.005704374983906746,0.015344500017818063,797392896,0.734375
2f81aca8ac56b882,cifar10,ssb-v2-block,cnn,protocol-v3,0.8,128,2,3,76,0.0056986669660545886,0.014524707978125662,797392896,0.703125
2f81aca8ac56b882,cifar10,ssb-v2-block,cnn,protocol-v3,0.8,128,2,3,77,0.005721166962757707,0.014676666003651917,797392896,0.71875
2f81aca8ac56b882,cifar10,ssb-v2-block,cnn,protocol-v3,0.8,128,2,3,78,0.005743290996178985,0.015197791974060237,797392896,0.6953125
2f81aca8ac56b882,cifar10,ssb-v2-block,cnn,protocol-v3,0.8,128,2,3,79,0.005705582967493683,0.015520667016971856,797392896,0.7421875
2f81aca8ac56b882,cifar10,ssb-v2-block,cnn,protocol-v3,0.8,128,2,3,80,0.005717749998439103,0.015338791999965906,797392896,0.75
2f81aca8ac56b882,cifar10,ssb-v2-block,cnn,protocol-v3,0.8,128,2,3,81,0.005695542029570788,0.015034249983727932,797392896,0.7578125
2f81aca8ac56b882,cifar10,ssb-v2-block,cnn,protocol-v3,0.8,128,2,3,82,0.0057058329693973064,0.015504000009968877,797409280,0.671875
2f81aca8ac56b882,cifar10,ssb-v2-block,cnn,protocol-v3,0.8,128,2,3,83,0.005708583048544824,0.01580916700186208,797409280,0.7890625
2f81aca8ac56b882,cifar10,ssb-v2-block,cnn,protocol-v3,0.8,128,2,3,84,0.005701499991118908,0.015530292002949864,797409280,0.7265625
2f81aca8ac56b882,cifar10,ssb-v2-block,cnn,protocol-v3,0.8,128,2,3,85,0.005708707962185144,0.01589450001483783,797409280,0.734375
2f81aca8ac56b882,cifar10,ssb-v2-block,cnn,protocol-v3,0.8,128,2,3,86,0.005720124987419695,0.015318999998271465,797409280,0.765625
2f81aca8ac56b882,cifar10,ssb-v2-block,cnn,protocol-v3,0.8,128,2,3,87,0.005695667001418769,0.014156499993987381,797409280,0.6796875
2f81aca8ac56b882,cifar10,ssb-v2-block,cnn,protocol-v3,0.8,128,2,3,88,0.0062288749613799155,0.016152124968357384,797409280,0.7109375
2f81aca8ac56b882,cifar10,ssb-v2-block,cnn,protocol-v3,0.8,128,2,3,89,0.005695709027349949,0.015529666969086975,797409280,0.6953125
2f81aca8ac56b882,cifar10,ssb-v2-block,cnn,protocol-v3,0.8,128,2,3,90,0.00571804097853601,0.015045082953292876,797409280,0.671875
2f81aca8ac56b882,cifar10,ssb-v2-block,cnn,protocol-v3,0.8,128,2,3,91,0.0057097909739241,0.01516220800112933,797409280,0.7265625
2f81aca8ac56b882,cifar10,ssb-v2-block,cnn,protocol-v3,0.8,128,2,3,92,0.005714792001526803,0.015181166003458202,797409280,0.71875
2f81aca8ac56b882,cifar10,ssb-v2-block,cnn,protocol-v3,0.8,128,2,3,93,0.005712874990422279,0.014122500026132911,797409280,0.78125
2f81aca8ac56b882,cifar10,ssb-v2-block,cnn,protocol-v3,0.8,128,2,3,94,0.005703708040527999,0.015379125019535422,797409280,0.71875
2f81aca8ac56b882,cifar10,ssb-v2-block,cnn,protocol-v3,0.8,128,2,3,95,0.00571004202356562,0.014785875042434782,797409280,0.6875
2f81aca8ac56b882,cifar10,ssb-v2-block,cnn,protocol-v3,0.8,128,2,3,96,0.0057005410199053586,0.015339833975303918,797409280,0.6484375
2f81aca8ac56b882,cifar10,ssb-v2-block,cnn,protocol-v3,0.8,128,2,3,97,0.005709125020075589,0.015488750010263175,797409280,0.640625
2f81aca8ac56b882,cifar10,ssb-v2-block,cnn,protocol-v3,0.8,128,2,3,98,0.005717167048715055,0.015396333008538932,797409280,0.7578125
2f81aca8ac56b882,cifar10,ssb-v2-block,cnn,protocol-v3,0.8,128,2,3,99,0.005709582997951657,0.015534500009380281,797409280,0.765625
2f81aca8ac56b882,cifar10,ssb-v2-block,cnn,protocol-v3,0.8,128,2,3,100,0.005692375008948147,0.01576837501488626,797425664,0.71875
2f81aca8ac56b882,cifar10,ssb-v2-block,cnn,protocol-v3,0.8,128,2,3,101,0.005704250012058765,0.015376625000499189,797425664,0.734375
2f81aca8ac56b882,cifar10,ssb-v2-block,cnn,protocol-v3,0.8,128,2,3,102,0.005677125009242445,0.015158874972257763,797425664,0.6875
2f81aca8ac56b882,cifar10,ssb-v2-block,cnn,protocol-v3,0.8,128,2,3,103,0.005700166977476329,0.015062791993841529,797425664,0.7421875
2f81aca8ac56b882,cifar10,ssb-v2-block,cnn,protocol-v3,0.8,128,2,3,104,0.005711458041332662,0.015526167000643909,797425664,0.78125
2f81aca8ac56b882,cifar10,ssb-v2-block,cnn,protocol-v3,0.8,128,2,3,105,0.005698000022675842,0.015267082955688238,797425664,0.734375
2f81aca8ac56b882,cifar10,ssb-v2-block,cnn,protocol-v3,0.8,128,2,3,106,0.005709375021979213,0.015132667031139135,797425664,0.78125
2f81aca8ac56b882,cifar10,ssb-v2-block,cnn,protocol-v3,0.8,128,2,3,107,0.005708999990019947,0.015337250020820647,797442048,0.703125
2f81aca8ac56b882,cifar10,ssb-v2-block,cnn,protocol-v3,0.8,128,2,3,108,0.005684665986336768,0.01585170900216326,797442048,0.734375
2f81aca8ac56b882,cifar10,ssb-v2-block,cnn,protocol-v3,0.8,128,2,3,109,0.005720167013350874,0.015651582973077893,797442048,0.734375
2f81aca8ac56b882,cifar10,ssb-v2-block,cnn,protocol-v3,0.8,128,2,3,110,0.005702124966774136,0.015376374998595566,797442048,0.7421875
2f81aca8ac56b882,cifar10,ssb-v2-block,cnn,protocol-v3,0.8,128,2,3,111,0.005705457995645702,0.015188417048193514,797442048,0.7578125
2f81aca8ac56b882,cifar10,ssb-v2-block,cnn,protocol-v3,0.8,128,2,3,112,0.005708708020392805,0.014854584005661309,797458432,0.671875
2f81aca8ac56b882,cifar10,ssb-v2-block,cnn,protocol-v3,0.8,128,2,3,113,0.005716834042686969,0.015088334039319307,797474816,0.6796875
2f81aca8ac56b882,cifar10,ssb-v2-block,cnn,protocol-v3,0.8,128,2,3,114,0.00602166703902185,0.014255542017053813,797474816,0.8046875
2f81aca8ac56b882,cifar10,ssb-v2-block,cnn,protocol-v3,0.8,128,2,3,115,0.005704624985810369,0.01577754196478054,797474816,0.7734375
2f81aca8ac56b882,cifar10,ssb-v2-block,cnn,protocol-v3,0.8,128,2,3,116,0.005712541984394193,0.015278875012882054,797474816,0.7734375
2f81aca8ac56b882,cifar10,ssb-v2-block,cnn,protocol-v3,0.8,128,2,3,117,0.005646792007610202,0.015077208052389324,797474816,0.6328125
2f81aca8ac56b882,cifar10,ssb-v2-block,cnn,protocol-v3,0.8,128,2,3,118,0.005644667020533234,0.015419833012856543,797474816,0.6796875
2f81aca8ac56b882,cifar10,ssb-v2-block,cnn,protocol-v3,0.8,128,2,3,119,0.005675250024069101,0.014930959034245461,797474816,0.75
2f81aca8ac56b882,cifar10,ssb-v2-block,cnn,protocol-v3,0.8,128,2,3,120,0.006045292015187442,0.015488958975765854,797491200,0.734375
2f81aca8ac56b882,cifar10,ssb-v2-block,cnn,protocol-v3,0.8,128,2,3,121,0.005688499950338155,0.015227540978230536,797491200,0.7734375
2f81aca8ac56b882,cifar10,ssb-v2-block,cnn,protocol-v3,0.8,128,2,3,122,0.00571133301127702,0.01550220901845023,797491200,0.734375
2f81aca8ac56b882,cifar10,ssb-v2-block,cnn,protocol-v3,0.8,128,2,3,123,0.005687750002834946,0.015844292007386684,797491200,0.7578125
2f81aca8ac56b882,cifar10,ssb-v2-block,cnn,protocol-v3,0.8,128,2,3,124,0.005699208995793015,0.014613875013310462,797491200,0.640625
2f81aca8ac56b882,cifar10,ssb-v2-block,cnn,protocol-v3,0.8,128,2,3,125,0.005669665988534689,0.015039834019262344,797507584,0.6640625
2f81aca8ac56b882,cifar10,ssb-v2-block,cnn,protocol-v3,0.8,128,2,3,126,0.005705417017452419,0.015706665988545865,797507584,0.7421875
2f81aca8ac56b882,cifar10,ssb-v2-block,cnn,protocol-v3,0.8,128,2,3,127,0.005791790958028287,0.01551412499975413,797507584,0.6953125
2f81aca8ac56b882,cifar10,ssb-v2-block,cnn,protocol-v3,0.8,128,2,3,128,0.005681000009644777,0.014598499983549118,797507584,0.765625
2f81aca8ac56b882,cifar10,ssb-v2-block,cnn,protocol-v3,0.8,128,2,3,129,0.00569841597462073,0.015682665980421007,797507584,0.7578125
2f81aca8ac56b882,cifar10,ssb-v2-block,cnn,protocol-v3,0.8,128,2,3,130,0.005686916992999613,0.01454216701677069,797507584,0.7734375
2f81aca8ac56b882,cifar10,ssb-v2-block,cnn,protocol-v3,0.8,128,2,3,131,0.005696624983102083,0.015512124984525144,797507584,0.6484375
2f81aca8ac56b882,cifar10,ssb-v2-block,cnn,protocol-v3,0.8,128,2,3,132,0.005683915980625898,0.015181832946836948,797523968,0.703125
2f81aca8ac56b882,cifar10,ssb-v2-block,cnn,protocol-v3,0.8,128,2,3,133,0.005688042030669749,0.015091832960024476,797523968,0.6953125
2f81aca8ac56b882,cifar10,ssb-v2-block,cnn,protocol-v3,0.8,128,2,3,134,0.005691666970960796,0.0151556670316495,797523968,0.7265625
2f81aca8ac56b882,cifar10,ssb-v2-block,cnn,protocol-v3,0.8,128,2,3,135,0.005713791993912309,0.01501583302160725,797523968,0.765625
2f81aca8ac56b882,cifar10,ssb-v2-block,cnn,protocol-v3,0.8,128,2,3,136,0.005698458000551909,0.014702083019074053,797523968,0.734375
2f81aca8ac56b882,cifar10,ssb-v2-block,cnn,protocol-v3,0.8,128,2,3,137,0.005720792047213763,0.01606204197742045,797523968,0.6015625
2f81aca8ac56b882,cifar10,ssb-v2-block,cnn,protocol-v3,0.8,128,2,3,138,0.0056972920428961515,0.014967124967370182,797523968,0.7109375
2f81aca8ac56b882,cifar10,ssb-v2-block,cnn,protocol-v3,0.8,128,2,3,139,0.005701832997146994,0.01570979197276756,797523968,0.703125
2f81aca8ac56b882,cifar10,ssb-v2-block,cnn,protocol-v3,0.8,128,2,3,140,0.005689334007911384,0.01610466605052352,797523968,0.625
2f81aca8ac56b882,cifar10,ssb-v2-block,cnn,protocol-v3,0.8,128,2,3,141,0.005699250032193959,0.014404040994122624,797523968,0.6484375
2f81aca8ac56b882,cifar10,ssb-v2-block,cnn,protocol-v3,0.8,128,2,3,142,0.005674707994330674,0.016002874996047467,797523968,0.6640625
2f81aca8ac56b882,cifar10,ssb-v2-block,cnn,protocol-v3,0.8,128,2,3,143,0.005689333018381149,0.014849250030238181,797540352,0.7421875
2f81aca8ac56b882,cifar10,ssb-v2-block,cnn,protocol-v3,0.8,128,2,3,144,0.0056990410084836185,0.015565457986667752,797540352,0.6875
2f81aca8ac56b882,cifar10,ssb-v2-block,cnn,protocol-v3,0.8,128,2,3,145,0.005710166995413601,0.015705250028986484,797540352,0.734375
2f81aca8ac56b882,cifar10,ssb-v2-block,cnn,protocol-v3,0.8,128,2,3,146,0.005701332993339747,0.015765124990139157,797540352,0.7578125
2f81aca8ac56b882,cifar10,ssb-v2-block,cnn,protocol-v3,0.8,128,2,3,147,0.005686499993316829,0.01541899994481355,797540352,0.6640625
2f81aca8ac56b882,cifar10,ssb-v2-block,cnn,protocol-v3,0.8,128,2,3,148,0.005694042018149048,0.015184499963652343,797540352,0.640625
2f81aca8ac56b882,cifar10,ssb-v2-block,cnn,protocol-v3,0.8,128,2,3,149,0.00571749999653548,0.01570950000314042,797540352,0.703125
2f81aca8ac56b882,cifar10,ssb-v2-block,cnn,protocol-v3,0.8,128,2,3,150,0.005709499993827194,0.01602216699393466,797556736,0.734375
2f81aca8ac56b882,cifar10,ssb-v2-block,cnn,protocol-v3,0.8,128,2,3,151,0.005699500034097582,0.015835208992939442,797573120,0.75
2f81aca8ac56b882,cifar10,ssb-v2-block,cnn,protocol-v3,0.8,128,2,3,152,0.005682083952706307,0.015413540997542441,797573120,0.7265625
2f81aca8ac56b882,cifar10,ssb-v2-block,cnn,protocol-v3,0.8,128,2,3,153,0.005692792008630931,0.014334750012494624,797573120,0.6953125
2f81aca8ac56b882,cifar10,ssb-v2-block,cnn,protocol-v3,0.8,128,2,3,154,0.006274041952565312,0.014640500012319535,797589504,0.6953125
2f81aca8ac56b882,cifar10,ssb-v2-block,cnn,protocol-v3,0.8,128,2,3,155,0.005696333013474941,0.015397333947476,797605888,0.7265625
2f81aca8ac56b882,cifar10,ssb-v2-block,cnn,protocol-v3,0.8,128,2,3,156,0.005705624993424863,0.01579870900604874,797605888,0.8125
2f81aca8ac56b882,cifar10,ssb-v2-block,cnn,protocol-v3,0.8,128,2,3,157,0.005680957983713597,0.01528704195516184,797605888,0.71875
2f81aca8ac56b882,cifar10,ssb-v2-block,cnn,protocol-v3,0.8,128,2,3,158,0.005705582967493683,0.015711250016465783,797605888,0.7421875
2f81aca8ac56b882,cifar10,ssb-v2-block,cnn,protocol-v3,0.8,128,2,3,159,0.005698124994523823,0.01582737499848008,797605888,0.765625
2f81aca8ac56b882,cifar10,ssb-v2-block,cnn,protocol-v3,0.8,128,2,3,160,0.005722833040636033,0.01571829098975286,797622272,0.7421875
2f81aca8ac56b882,cifar10,ssb-v2-block,cnn,protocol-v3,0.8,128,2,3,161,0.005714500031899661,0.015536624996457249,797655040,0.7890625
2f81aca8ac56b882,cifar10,ssb-v2-block,cnn,protocol-v3,0.8,128,2,3,162,0.0057052079937420785,0.014935458020772785,797655040,0.78125
2f81aca8ac56b882,cifar10,ssb-v2-block,cnn,protocol-v3,0.8,128,2,3,163,0.005702416005078703,0.015765917021781206,797655040,0.6484375
2f81aca8ac56b882,cifar10,ssb-v2-block,cnn,protocol-v3,0.8,128,2,3,164,0.005704916955437511,0.01571020804112777,797655040,0.6875
2f81aca8ac56b882,cifar10,ssb-v2-block,cnn,protocol-v3,0.8,128,2,3,165,0.005733833007980138,0.015420917014125735,797655040,0.7265625
2f81aca8ac56b882,cifar10,ssb-v2-block,cnn,protocol-v3,0.8,128,2,3,166,0.005694707971997559,0.015850708005018532,797655040,0.7265625
2f81aca8ac56b882,cifar10,ssb-v2-block,cnn,protocol-v3,0.8,128,2,3,167,0.005695875035598874,0.015372625028248876,797655040,0.671875
2f81aca8ac56b882,cifar10,ssb-v2-block,cnn,protocol-v3,0.8,128,2,3,168,0.005709416989702731,0.015847499947994947,797655040,0.765625
2f81aca8ac56b882,cifar10,ssb-v2-block,cnn,protocol-v3,0.8,128,2,3,169,0.005821999977342784,0.015106000006198883,797655040,0.6796875
2f81aca8ac56b882,cifar10,ssb-v2-block,cnn,protocol-v3,0.8,128,2,3,170,0.00570108403917402,0.015025125001557171,797655040,0.7578125
2f81aca8ac56b882,cifar10,ssb-v2-block,cnn,protocol-v3,0.8,128,2,3,171,0.005718541971873492,0.015980208001565188,797655040,0.7265625
2f81aca8ac56b882,cifar10,ssb-v2-block,cnn,protocol-v3,0.8,128,2,3,172,0.005692042002920061,0.015302832995075732,797655040,0.703125
2f81aca8ac56b882,cifar10,ssb-v2-block,cnn,protocol-v3,0.8,128,2,3,173,0.0056975409970618784,0.014029125042725354,797655040,0.6953125
2f81aca8ac56b882,cifar10,ssb-v2-block,cnn,protocol-v3,0.8,128,2,3,174,0.006228958955034614,0.014563584001734853,797655040,0.6875
2f81aca8ac56b882,cifar10,ssb-v2-block,cnn,protocol-v3,0.8,128,2,3,175,0.005678958026692271,0.01549654098926112,797655040,0.765625
2f81aca8ac56b882,cifar10,ssb-v2-block,cnn,protocol-v3,0.8,128,2,3,176,0.005684292002115399,0.015968166990205646,797655040,0.78125
2f81aca8ac56b882,cifar10,ssb-v2-block,cnn,protocol-v3,0.8,128,2,3,177,0.005700249981600791,0.015192874998319894,797655040,0.703125
2f81aca8ac56b882,cifar10,ssb-v2-block,cnn,protocol-v3,0.8,128,2,3,178,0.005696042033378035,0.015680457989219576,797655040,0.7578125
2f81aca8ac56b882,cifar10,ssb-v2-block,cnn,protocol-v3,0.8,128,2,3,179,0.0056924999807961285,0.015072792011778802,797655040,0.6953125
2f81aca8ac56b882,cifar10,ssb-v2-block,cnn,protocol-v3,0.8,128,2,3,180,0.005698750028386712,0.01445133297238499,797655040,0.6875
2f81aca8ac56b882,cifar10,ssb-v2-block,cnn,protocol-v3,0.8,128,2,3,181,0.005689541983883828,0.01595158298732713,797655040,0.6328125
2f81aca8ac56b882,cifar10,ssb-v2-block,cnn,protocol-v3,0.8,128,2,3,182,0.005704500013962388,0.01520012499531731,797655040,0.6640625
2f81aca8ac56b882,cifar10,ssb-v2-block,cnn,protocol-v3,0.8,128,2,3,183,0.005698250024579465,0.014354165992699564,797655040,0.7578125
2f81aca8ac56b882,cifar10,ssb-v2-block,cnn,protocol-v3,0.8,128,2,3,184,0.0056878330069594085,0.015580166014842689,797655040,0.765625
2f81aca8ac56b882,cifar10,ssb-v2-block,cnn,protocol-v3,0.8,128,2,3,185,0.005707708012778312,0.015590540948323905,797671424,0.7421875
2f81aca8ac56b882,cifar10,ssb-v2-block,cnn,protocol-v3,0.8,128,2,3,186,0.005686083983164281,0.01587012503296137,797671424,0.6875
2f81aca8ac56b882,cifar10,ssb-v2-block,cnn,protocol-v3,0.8,128,2,3,187,0.00568329100497067,0.016048874997068197,797687808,0.75
2f81aca8ac56b882,cifar10,ssb-v2-block,cnn,protocol-v3,0.8,128,2,3,188,0.005698167020455003,0.014542541990522295,797687808,0.703125
2f81aca8ac56b882,cifar10,ssb-v2-block,cnn,protocol-v3,0.8,128,2,3,189,0.0056974999606609344,0.01595254201674834,797704192,0.640625
2f81aca8ac56b882,cifar10,ssb-v2-block,cnn,protocol-v3,0.8,128,2,3,190,0.005709249991923571,0.014840249961707741,797704192,0.7109375
2f81aca8ac56b882,cifar10,ssb-v2-block,cnn,protocol-v3,0.8,128,2,3,191,0.0057222500327043235,0.014752332994248718,797704192,0.703125
2f81aca8ac56b882,cifar10,ssb-v2-block,cnn,protocol-v3,0.8,128,2,3,192,0.005687750002834946,0.014611750026233494,797720576,0.7265625
2f81aca8ac56b882,cifar10,ssb-v2-block,cnn,protocol-v3,0.8,128,2,3,193,0.005700959009118378,0.015270082978531718,797720576,0.65625
2f81aca8ac56b882,cifar10,ssb-v2-block,cnn,protocol-v3,0.8,128,2,3,194,0.00571829202817753,0.015210458019282669,797720576,0.703125
2f81aca8ac56b882,cifar10,ssb-v2-block,cnn,protocol-v3,0.8,128,2,3,195,0.005712750018574297,0.016054084000643343,797720576,0.65625
2f81aca8ac56b882,cifar10,ssb-v2-block,cnn,protocol-v3,0.8,128,2,3,196,0.005715958017390221,0.014786207990255207,797720576,0.671875
2f81aca8ac56b882,cifar10,ssb-v2-block,cnn,protocol-v3,0.8,128,2,3,197,0.005692334030754864,0.015056665986776352,797720576,0.71875
2f81aca8ac56b882,cifar10,ssb-v2-block,cnn,protocol-v3,0.8,128,2,3,198,0.005686999997124076,0.015327541972510517,797720576,0.6953125
2f81aca8ac56b882,cifar10,ssb-v2-block,cnn,protocol-v3,0.8,128,2,3,199,0.005813750030938536,0.015321374987252057,797736960,0.734375
2f81aca8ac56b882,cifar10,ssb-v2-block,cnn,protocol-v3,0.8,128,2,3,200,0.005702916998416185,0.015731583000160754,797736960,0.7421875
2f81aca8ac56b882,cifar10,ssb-v2-block,cnn,protocol-v3,0.8,128,2,3,201,0.005698416964150965,0.015371125016827136,797736960,0.6953125
2f81aca8ac56b882,cifar10,ssb-v2-block,cnn,protocol-v3,0.8,128,2,3,202,0.0057088329922407866,0.015267832961399108,797736960,0.7578125
2f81aca8ac56b882,cifar10,ssb-v2-block,cnn,protocol-v3,0.8,128,2,3,203,0.005715832987334579,0.014848582970444113,797736960,0.7109375
2f81aca8ac56b882,cifar10,ssb-v2-block,cnn,protocol-v3,0.8,128,2,3,204,0.00570141599746421,0.016059375018812716,797736960,0.7109375
2f81aca8ac56b882,cifar10,ssb-v2-block,cnn,protocol-v3,0.8,128,2,3,205,0.00571975001366809,0.014874250045977533,797753344,0.7578125
2f81aca8ac56b882,cifar10,ssb-v2-block,cnn,protocol-v3,0.8,128,2,3,206,0.005685665993951261,0.014866875018924475,797753344,0.75
2f81aca8ac56b882,cifar10,ssb-v2-block,cnn,protocol-v3,0.8,128,2,3,207,0.005706916970666498,0.015333290968555957,797753344,0.703125
2f81aca8ac56b882,cifar10,ssb-v2-block,cnn,protocol-v3,0.8,128,2,3,208,0.006057082966435701,0.014426499954424798,797769728,0.71875
2f81aca8ac56b882,cifar10,ssb-v2-block,cnn,protocol-v3,0.8,128,2,3,209,0.005702249996829778,0.01545229199109599,797769728,0.703125
2f81aca8ac56b882,cifar10,ssb-v2-block,cnn,protocol-v3,0.8,128,2,3,210,0.006234291999135166,0.014187833003234118,797769728,0.6796875
2f81aca8ac56b882,cifar10,ssb-v2-block,cnn,protocol-v3,0.8,128,2,3,211,0.005693792016245425,0.01550633303122595,797769728,0.78125
2f81aca8ac56b882,cifar10,ssb-v2-block,cnn,protocol-v3,0.8,128,2,3,212,0.005715958017390221,0.014871499966830015,797769728,0.6328125
2f81aca8ac56b882,cifar10,ssb-v2-block,cnn,protocol-v3,0.8,128,2,3,213,0.005708875018171966,0.01571808400331065,797769728,0.734375
2f81aca8ac56b882,cifar10,ssb-v2-block,cnn,protocol-v3,0.8,128,2,3,214,0.005719500011764467,0.015364749997388572,797769728,0.6796875
2f81aca8ac56b882,cifar10,ssb-v2-block,cnn,protocol-v3,0.8,128,2,3,215,0.006231292034499347,0.015208041993901134,797769728,0.796875
2f81aca8ac56b882,cifar10,ssb-v2-block,cnn,protocol-v3,0.8,128,2,3,216,0.005695625033695251,0.014831083011813462,797786112,0.7265625
2f81aca8ac56b882,cifar10,ssb-v2-block,cnn,protocol-v3,0.8,128,2,3,217,0.005689833022188395,0.015724791039247066,797786112,0.671875
2f81aca8ac56b882,cifar10,ssb-v2-block,cnn,protocol-v3,0.8,128,2,3,218,0.005696333013474941,0.0151918749907054,797786112,0.71875
2f81aca8ac56b882,cifar10,ssb-v2-block,cnn,protocol-v3,0.8,128,2,3,219,0.005697332962881774,0.015612208982929587,797786112,0.7734375
2f81aca8ac56b882,cifar10,ssb-v2-block,cnn,protocol-v3,0.8,128,2,3,220,0.005698875000234693,0.01511808397481218,797786112,0.7109375
2f81aca8ac56b882,cifar10,ssb-v2-block,cnn,protocol-v3,0.8,128,2,3,221,0.0057174579706043005,0.014529874955769628,797786112,0.671875
2f81aca8ac56b882,cifar10,ssb-v2-block,cnn,protocol-v3,0.8,128,2,3,222,0.005707916046958417,0.01509154203813523,797802496,0.6171875
2f81aca8ac56b882,cifar10,ssb-v2-block,cnn,protocol-v3,0.8,128,2,3,223,0.005717958032619208,0.015221125038806349,797818880,0.734375
2f81aca8ac56b882,cifar10,ssb-v2-block,cnn,protocol-v3,0.8,128,2,3,224,0.005709707969799638,0.015190083999186754,797818880,0.6640625
2f81aca8ac56b882,cifar10,ssb-v2-block,cnn,protocol-v3,0.8,128,2,3,225,0.005693375016562641,0.015677208022680134,797835264,0.734375
2f81aca8ac56b882,cifar10,ssb-v2-block,cnn,protocol-v3,0.8,128,2,3,226,0.005703583010472357,0.015587541973218322,797835264,0.671875
2f81aca8ac56b882,cifar10,ssb-v2-block,cnn,protocol-v3,0.8,128,2,3,227,0.005698875000234693,0.015435290988534689,797835264,0.71875
2f81aca8ac56b882,cifar10,ssb-v2-block,cnn,protocol-v3,0.8,128,2,3,228,0.005705874995328486,0.015437499969266355,797851648,0.6875
2f81aca8ac56b882,cifar10,ssb-v2-block,cnn,protocol-v3,0.8,128,2,3,229,0.006211415980942547,0.015097916999366134,797851648,0.6640625
2f81aca8ac56b882,cifar10,ssb-v2-block,cnn,protocol-v3,0.8,128,2,3,230,0.005712041980586946,0.015035916992928833,797851648,0.7109375
2f81aca8ac56b882,cifar10,ssb-v2-block,cnn,protocol-v3,0.8,128,2,3,231,0.005704291979782283,0.016069083008915186,797851648,0.703125
2f81aca8ac56b882,cifar10,ssb-v2-block,cnn,protocol-v3,0.8,128,2,3,232,0.0056772499810904264,0.015229207987431437,797851648,0.71875
2f81aca8ac56b882,cifar10,ssb-v2-block,cnn,protocol-v3,0.8,128,2,3,233,0.005695708969142288,0.01452687504934147,797851648,0.6640625
2f81aca8ac56b882,cifar10,ssb-v2-block,cnn,protocol-v3,0.8,128,2,3,234,0.005688374978490174,0.015718374983407557,797851648,0.6484375
2f81aca8ac56b882,cifar10,ssb-v2-block,cnn,protocol-v3,0.8,128,2,3,235,0.005687750002834946,0.015518000000156462,797851648,0.7265625
2f81aca8ac56b882,cifar10,ssb-v2-block,cnn,protocol-v3,0.8,128,2,3,236,0.0057105839950963855,0.01605695899343118,797851648,0.8046875
2f81aca8ac56b882,cifar10,ssb-v2-block,cnn,protocol-v3,0.8,128,2,3,237,0.005700458015780896,0.015190541977062821,797868032,0.703125
2f81aca8ac56b882,cifar10,ssb-v2-block,cnn,protocol-v3,0.8,128,2,3,238,0.00603470898931846,0.015499415982048959,797868032,0.75
2f81aca8ac56b882,cifar10,ssb-v2-block,cnn,protocol-v3,0.8,128,2,3,239,0.005699041998013854,0.014717333018779755,797868032,0.765625
2f81aca8ac56b882,cifar10,ssb-v2-block,cnn,protocol-v3,0.8,128,2,3,240,0.0056693750084377825,0.015266458969563246,797868032,0.7421875
2f81aca8ac56b882,cifar10,ssb-v2-block,cnn,protocol-v3,0.8,128,2,3,241,0.005693875020369887,0.015065832994878292,797884416,0.765625
2f81aca8ac56b882,cifar10,ssb-v2-block,cnn,protocol-v3,0.8,128,2,3,242,0.005692333041224629,0.015179625013843179,797884416,0.7265625
2f81aca8ac56b882,cifar10,ssb-v2-block,cnn,protocol-v3,0.8,128,2,3,243,0.005708165990654379,0.016104166978038847,797884416,0.7109375
2f81aca8ac56b882,cifar10,ssb-v2-block,cnn,protocol-v3,0.8,128,2,3,244,0.0058249590219929814,0.015690875006839633,797884416,0.78125
2f81aca8ac56b882,cifar10,ssb-v2-block,cnn,protocol-v3,0.8,128,2,3,245,0.005685875017661601,0.015557249949779361,797884416,0.7578125
2f81aca8ac56b882,cifar10,ssb-v2-block,cnn,protocol-v3,0.8,128,2,3,246,0.005693957966286689,0.015886667009908706,797884416,0.78125
2f81aca8ac56b882,cifar10,ssb-v2-block,cnn,protocol-v3,0.8,128,2,3,247,0.005699916044250131,0.015742374991532415,797884416,0.7421875
2f81aca8ac56b882,cifar10,ssb-v2-block,cnn,protocol-v3,0.8,128,2,3,248,0.005706540949176997,0.015361832978669554,797884416,0.7890625
2f81aca8ac56b882,cifar10,ssb-v2-block,cnn,protocol-v3,0.8,128,2,3,249,0.005806082976050675,0.015066416992340237,797884416,0.7109375
2f81aca8ac56b882,cifar10,ssb-v2-block,cnn,protocol-v3,0.8,128,2,3,250,0.00571674999082461,0.01581524999346584,797884416,0.71875
2f81aca8ac56b882,cifar10,ssb-v2-block,cnn,protocol-v3,0.8,128,2,3,251,0.005713416030630469,0.015719749964773655,797900800,0.734375
2f81aca8ac56b882,cifar10,ssb-v2-block,cnn,protocol-v3,0.8,128,2,3,252,0.005693332990631461,0.015303208027034998,797900800,0.71875
2f81aca8ac56b882,cifar10,ssb-v2-block,cnn,protocol-v3,0.8,128,2,3,253,0.00568104098783806,0.015197583008557558,797900800,0.640625
2f81aca8ac56b882,cifar10,ssb-v2-block,cnn,protocol-v3,0.8,128,2,3,254,0.0057084159925580025,0.01508758298587054,797900800,0.78125
2f81aca8ac56b882,cifar10,ssb-v2-block,cnn,protocol-v3,0.8,128,2,3,255,0.005696624983102083,0.014885417011100799,797900800,0.7265625
2f81aca8ac56b882,cifar10,ssb-v2-block,cnn,protocol-v3,0.8,128,2,3,256,0.005676458997186273,0.015624624968040735,797917184,0.6953125
2f81aca8ac56b882,cifar10,ssb-v2-block,cnn,protocol-v3,0.8,128,2,3,257,0.005685375013854355,0.015497874992433935,797917184,0.7734375
2f81aca8ac56b882,cifar10,ssb-v2-block,cnn,protocol-v3,0.8,128,2,3,258,0.005779208964668214,0.015195999993011355,797933568,0.71875
2f81aca8ac56b882,cifar10,ssb-v2-block,cnn,protocol-v3,0.8,128,2,3,259,0.005704709037672728,0.014857583038974553,797933568,0.6875
2f81aca8ac56b882,cifar10,ssb-v2-block,cnn,protocol-v3,0.8,128,2,3,260,0.005707832984626293,0.01475041697267443,797949952,0.765625
2f81aca8ac56b882,cifar10,ssb-v2-block,cnn,protocol-v3,0.8,128,2,3,261,0.0057044170098379254,0.015344417013693601,797949952,0.765625
2f81aca8ac56b882,cifar10,ssb-v2-block,cnn,protocol-v3,0.8,128,2,3,262,0.005702875030692667,0.014771084010135382,797949952,0.7421875
2f81aca8ac56b882,cifar10,ssb-v2-block,cnn,protocol-v3,0.8,128,2,3,263,0.005985457974020392,0.015551500022411346,797949952,0.6953125
2f81aca8ac56b882,cifar10,ssb-v2-block,cnn,protocol-v3,0.8,128,2,3,264,0.005704833019990474,0.015472541039343923,797949952,0.765625
2f81aca8ac56b882,cifar10,ssb-v2-block,cnn,protocol-v3,0.8,128,2,3,265,0.00570833298843354,0.015834541991353035,797949952,0.734375
2f81aca8ac56b882,cifar10,ssb-v2-block,cnn,protocol-v3,0.8,128,2,3,266,0.00568945799022913,0.015521416964475065,797949952,0.734375
2f81aca8ac56b882,cifar10,ssb-v2-block,cnn,protocol-v3,0.8,128,2,3,267,0.005714249971788377,0.01578804198652506,797949952,0.6796875
2f81aca8ac56b882,cifar10,ssb-v2-block,cnn,protocol-v3,0.8,128,2,3,268,0.005667292047291994,0.015130166022572666,797949952,0.7578125
2f81aca8ac56b882,cifar10,ssb-v2-block,cnn,protocol-v3,0.8,128,2,3,269,0.005836665979586542,0.01496908301487565,798081024,0.703125
2f81aca8ac56b882,cifar10,ssb-v2-block,cnn,protocol-v3,0.8,128,2,3,270,0.0058633339940570295,0.01560833299299702,799719424,0.734375
2f81aca8ac56b882,cifar10,ssb-v2-block,cnn,protocol-v3,0.8,128,2,3,271,0.0057551670470274985,0.015359582961536944,799719424,0.7421875
2f81aca8ac56b882,cifar10,ssb-v2-block,cnn,protocol-v3,0.8,128,2,3,272,0.006282417045440525,0.01552516600349918,799719424,0.7109375
2f81aca8ac56b882,cifar10,ssb-v2-block,cnn,protocol-v3,0.8,128,2,3,273,0.00612049998017028,0.015342124970629811,799735808,0.7578125
2f81aca8ac56b882,cifar10,ssb-v2-block,cnn,protocol-v3,0.8,128,2,3,274,0.005719957989640534,0.016200374986510724,799735808,0.7421875
2f81aca8ac56b882,cifar10,ssb-v2-block,cnn,protocol-v3,0.8,128,2,3,275,0.00571058300556615,0.015583332977257669,799735808,0.75
2f81aca8ac56b882,cifar10,ssb-v2-block,cnn,protocol-v3,0.8,128,2,3,276,0.006073625001590699,0.015382291981950402,799735808,0.7578125
2f81aca8ac56b882,cifar10,ssb-v2-block,cnn,protocol-v3,0.8,128,2,3,277,0.005708167038392276,0.016299333015922457,799735808,0.7421875
2f81aca8ac56b882,cifar10,ssb-v2-block,cnn,protocol-v3,0.8,128,2,3,278,0.005702334048692137,0.015470375015866011,799735808,0.6875
2f81aca8ac56b882,cifar10,ssb-v2-block,cnn,protocol-v3,0.8,128,2,3,279,0.005709499993827194,0.015348458022344857,799735808,0.734375
2f81aca8ac56b882,cifar10,ssb-v2-block,cnn,protocol-v3,0.8,128,2,3,280,0.005714124999940395,0.015718874987214804,799752192,0.828125
2f81aca8ac56b882,cifar10,ssb-v2-block,cnn,protocol-v3,0.8,128,2,3,281,0.005739749991334975,0.015525042021181434,799752192,0.734375
2f81aca8ac56b882,cifar10,ssb-v2-block,cnn,protocol-v3,0.8,128,2,3,282,0.005727540992666036,0.01597204100107774,799752192,0.734375
2f81aca8ac56b882,cifar10,ssb-v2-block,cnn,protocol-v3,0.8,128,2,3,283,0.006248124991543591,0.0157987920101732,799752192,0.7421875
2f81aca8ac56b882,cifar10,ssb-v2-block,cnn,protocol-v3,0.8,128,2,3,284,0.00577637500828132,0.01585016696481034,799752192,0.6640625
2f81aca8ac56b882,cifar10,ssb-v2-block,cnn,protocol-v3,0.8,128,2,3,285,0.00570162502117455,0.01512758299941197,799752192,0.6953125
2f81aca8ac56b882,cifar10,ssb-v2-block,cnn,protocol-v3,0.8,128,2,3,286,0.005714084021747112,0.01545791601529345,799752192,0.6953125
2f81aca8ac56b882,cifar10,ssb-v2-block,cnn,protocol-v3,0.8,128,2,3,287,0.005699959001503885,0.014736999990418553,799752192,0.71875
2f81aca8ac56b882,cifar10,ssb-v2-block,cnn,protocol-v3,0.8,128,2,3,288,0.0057085000444203615,0.015267791983205825,799752192,0.734375
2f81aca8ac56b882,cifar10,ssb-v2-block,cnn,protocol-v3,0.8,128,2,3,289,0.005710249999538064,0.015401916985865682,799768576,0.6953125
2f81aca8ac56b882,cifar10,ssb-v2-block,cnn,protocol-v3,0.8,128,2,3,290,0.005688666948117316,0.015300459053833038,799768576,0.75
2f81aca8ac56b882,cifar10,ssb-v2-block,cnn,protocol-v3,0.8,128,2,3,291,0.00571358302840963,0.015391334018204361,799768576,0.6875
2f81aca8ac56b882,cifar10,ssb-v2-block,cnn,protocol-v3,0.8,128,2,3,292,0.0057076249504461884,0.01578950003022328,799784960,0.6875
2f81aca8ac56b882,cifar10,ssb-v2-block,cnn,protocol-v3,0.8,128,2,3,293,0.005696999956853688,0.015475082967896014,799784960,0.734375
2f81aca8ac56b882,cifar10,ssb-v2-block,cnn,protocol-v3,0.8,128,2,3,294,0.005710666999220848,0.015672292036470026,799784960,0.6953125
2f81aca8ac56b882,cifar10,ssb-v2-block,cnn,protocol-v3,0.8,128,2,3,295,0.005714832979720086,0.015899666992481798,799784960,0.7734375
2f81aca8ac56b882,cifar10,ssb-v2-block,cnn,protocol-v3,0.8,128,2,3,296,0.005678499990608543,0.015195374959148467,799784960,0.71875
2f81aca8ac56b882,cifar10,ssb-v2-block,cnn,protocol-v3,0.8,128,2,3,297,0.005704042036086321,0.015727332967799157,799784960,0.75
2f81aca8ac56b882,cifar10,ssb-v2-block,cnn,protocol-v3,0.8,128,2,3,298,0.005714917031582445,0.01553154195426032,799784960,0.6953125
2f81aca8ac56b882,cifar10,ssb-v2-block,cnn,protocol-v3,0.8,128,2,3,299,0.005701916990801692,0.015433041960932314,799784960,0.7734375
2f81aca8ac56b882,cifar10,ssb-v2-block,cnn,protocol-v3,0.8,128,2,3,300,0.005988290999084711,0.015296334051527083,799784960,0.6875
2f81aca8ac56b882,cifar10,ssb-v2-block,cnn,protocol-v3,0.8,128,2,3,301,0.005710083991289139,0.014783208025619388,799801344,0.6953125
2f81aca8ac56b882,cifar10,ssb-v2-block,cnn,protocol-v3,0.8,128,2,3,302,0.005677916982676834,0.015592125011608005,799801344,0.75
2f81aca8ac56b882,cifar10,ssb-v2-block,cnn,protocol-v3,0.8,128,2,3,303,0.00569487496977672,0.015428374987095594,799801344,0.671875
2f81aca8ac56b882,cifar10,ssb-v2-block,cnn,protocol-v3,0.8,128,2,3,304,0.005676290951669216,0.014477625023573637,799801344,0.7734375
2f81aca8ac56b882,cifar10,ssb-v2-block,cnn,protocol-v3,0.8,128,2,3,305,0.006210916966665536,0.01533224998274818,799801344,0.6875
2f81aca8ac56b882,cifar10,ssb-v2-block,cnn,protocol-v3,0.8,128,2,3,306,0.006014790968038142,0.01591479202033952,799817728,0.7421875
2f81aca8ac56b882,cifar10,ssb-v2-block,cnn,protocol-v3,0.8,128,2,3,307,0.006164249964058399,0.015216250030789524,799817728,0.7421875
2f81aca8ac56b882,cifar10,ssb-v2-block,cnn,protocol-v3,0.8,128,2,3,308,0.0062086659600026906,0.015860083978623152,799817728,0.703125
2f81aca8ac56b882,cifar10,ssb-v2-block,cnn,protocol-v3,0.8,128,2,3,309,0.005707459000404924,0.015565458976197988,799834112,0.78125
2f81aca8ac56b882,cifar10,ssb-v2-block,cnn,protocol-v3,0.8,128,2,3,310,0.005703750008251518,0.015350874979048967,799834112,0.78125
2f81aca8ac56b882,cifar10,ssb-v2-block,cnn,protocol-v3,0.8,128,2,3,311,0.0056975409970618784,0.015392708010040224,799834112,0.78125
2f81aca8ac56b882,cifar10,ssb-v2-block,cnn,protocol-v3,0.8,128,2,3,312,0.005718750006053597,0.015361041994765401,799850496,0.8203125
2f81aca8ac56b882,cifar10,ssb-v2-block,cnn,protocol-v3,0.8,128,2,3,313,0.005700292007531971,0.015395916998386383,799850496,0.6875
2f81aca8ac56b882,cifar10,ssb-v2-block,cnn,protocol-v3,0.8,128,2,3,314,0.006037832994479686,0.014939666027203202,799850496,0.6953125
2f81aca8ac56b882,cifar10,ssb-v2-block,cnn,protocol-v3,0.8,128,2,3,315,0.005711624980904162,0.014551458007190377,799850496,0.75
2f81aca8ac56b882,cifar10,ssb-v2-block,cnn,protocol-v3,0.8,128,2,3,316,0.0057054999633692205,0.015812792000360787,799866880,0.6875
2f81aca8ac56b882,cifar10,ssb-v2-block,cnn,protocol-v3,0.8,128,2,3,317,0.005691250029485673,0.015215375053230673,799866880,0.6953125
2f81aca8ac56b882,cifar10,ssb-v2-block,cnn,protocol-v3,0.8,128,2,3,318,0.005710917001124471,0.015307875000871718,799866880,0.7578125
2f81aca8ac56b882,cifar10,ssb-v2-block,cnn,protocol-v3,0.8,128,2,3,319,0.005711500009056181,0.01551475003361702,799883264,0.703125
2f81aca8ac56b882,cifar10,ssb-v2-block,cnn,protocol-v3,0.8,128,2,3,320,0.005697834014426917,0.016036749992053956,799883264,0.71875
2f81aca8ac56b882,cifar10,ssb-v2-block,cnn,protocol-v3,0.8,128,2,3,321,0.005701416986994445,0.01496554201003164,799883264,0.765625
2f81aca8ac56b882,cifar10,ssb-v2-block,cnn,protocol-v3,0.8,128,2,3,322,0.005701417045202106,0.01588099997024983,799883264,0.6328125
2f81aca8ac56b882,cifar10,ssb-v2-block,cnn,protocol-v3,0.8,128,2,3,323,0.005702750000637025,0.015249208023305982,799883264,0.796875
2f81aca8ac56b882,cifar10,ssb-v2-block,cnn,protocol-v3,0.8,128,2,3,324,0.005691375001333654,0.015271416981704533,799883264,0.6796875
2f81aca8ac56b882,cifar10,ssb-v2-block,cnn,protocol-v3,0.8,128,2,3,325,0.00570829096250236,0.015569792012684047,799883264,0.703125
2f81aca8ac56b882,cifar10,ssb-v2-block,cnn,protocol-v3,0.8,128,2,3,326,0.005720167013350874,0.01572087500244379,799883264,0.7578125
2f81aca8ac56b882,cifar10,ssb-v2-block,cnn,protocol-v3,0.8,128,2,3,327,0.005713166960049421,0.015270082978531718,799899648,0.8125
2f81aca8ac56b882,cifar10,ssb-v2-block,cnn,protocol-v3,0.8,128,2,3,328,0.005696582957170904,0.01552629197249189,799899648,0.734375
2f81aca8ac56b882,cifar10,ssb-v2-block,cnn,protocol-v3,0.8,128,2,3,329,0.005820375052280724,0.015282500011380762,799899648,0.734375
2f81aca8ac56b882,cifar10,ssb-v2-block,cnn,protocol-v3,0.8,128,2,3,330,0.005707416974473745,0.015020916995126754,799899648,0.703125
2f81aca8ac56b882,cifar10,ssb-v2-block,cnn,protocol-v3,0.8,128,2,3,331,0.005699999979697168,0.015199834015220404,799899648,0.6875
2f81aca8ac56b882,cifar10,ssb-v2-block,cnn,protocol-v3,0.8,128,2,3,332,0.005704667011741549,0.015519500011578202,799916032,0.7265625
2f81aca8ac56b882,cifar10,ssb-v2-block,cnn,protocol-v3,0.8,128,2,3,333,0.005705667019356042,0.014754540985450149,799916032,0.765625
2f81aca8ac56b882,cifar10,ssb-v2-block,cnn,protocol-v3,0.8,128,2,3,334,0.0056997499777935445,0.015594666998367757,799916032,0.7265625
2f81aca8ac56b882,cifar10,ssb-v2-block,cnn,protocol-v3,0.8,128,2,3,335,0.005706333962734789,0.015327792032621801,799916032,0.71875
2f81aca8ac56b882,cifar10,ssb-v2-block,cnn,protocol-v3,0.8,128,2,3,336,0.005690624995622784,0.015240042004734278,799916032,0.65625
2f81aca8ac56b882,cifar10,ssb-v2-block,cnn,protocol-v3,0.8,128,2,3,337,0.005695333005860448,0.015684124955441803,799916032,0.6953125
2f81aca8ac56b882,cifar10,ssb-v2-block,cnn,protocol-v3,0.8,128,2,3,338,0.005698749970179051,0.01570795802399516,799916032,0.734375
2f81aca8ac56b882,cifar10,ssb-v2-block,cnn,protocol-v3,0.8,128,2,3,339,0.005714999977499247,0.014416084042750299,799916032,0.75
2f81aca8ac56b882,cifar10,ssb-v2-block,cnn,protocol-v3,0.8,128,2,3,340,0.005695124971680343,0.014721832994837314,799916032,0.71875
2f81aca8ac56b882,cifar10,ssb-v2-block,cnn,protocol-v3,0.8,128,2,3,341,0.005698207998648286,0.015501708956435323,799916032,0.734375
2f81aca8ac56b882,cifar10,ssb-v2-block,cnn,protocol-v3,0.8,128,2,3,342,0.005691583035513759,0.01551566703710705,799916032,0.71875
2f81aca8ac56b882,cifar10,ssb-v2-block,cnn,protocol-v3,0.8,128,2,3,343,0.005687457975000143,0.015692541957832873,799916032,0.78125
2f81aca8ac56b882,cifar10,ssb-v2-block,cnn,protocol-v3,0.8,128,2,3,344,0.005727084004320204,0.015461334027349949,799916032,0.7578125
2f81aca8ac56b882,cifar10,ssb-v2-block,cnn,protocol-v3,0.8,128,2,3,345,0.005711833015084267,0.015388916013762355,799932416,0.734375
2f81aca8ac56b882,cifar10,ssb-v2-block,cnn,protocol-v3,0.8,128,2,3,346,0.005696540989447385,0.01550345798023045,799932416,0.7578125
2f81aca8ac56b882,cifar10,ssb-v2-block,cnn,protocol-v3,0.8,128,2,3,347,0.005836458993144333,0.015446542005520314,799932416,0.7265625
2f81aca8ac56b882,cifar10,ssb-v2-block,cnn,protocol-v3,0.8,128,2,3,348,0.005712916958145797,0.015687499952036887,799932416,0.8203125
2f81aca8ac56b882,cifar10,ssb-v2-block,cnn,protocol-v3,0.8,128,2,3,349,0.005699333967640996,0.014777791977394372,799932416,0.765625
2f81aca8ac56b882,cifar10,ssb-v2-block,cnn,protocol-v3,0.8,128,2,3,350,0.005701125017367303,0.016272750042844564,799948800,0.7109375
2f81aca8ac56b882,cifar10,ssb-v2-block,cnn,protocol-v3,0.8,128,2,3,351,0.005697457992937416,0.015403666999191046,799948800,0.671875
2f81aca8ac56b882,cifar10,ssb-v2-block,cnn,protocol-v3,0.8,128,2,3,352,0.005695250001735985,0.015330333029851317,799948800,0.7578125
2f81aca8ac56b882,cifar10,ssb-v2-block,cnn,protocol-v3,0.8,128,2,3,353,0.005693999992217869,0.015518833009991795,799948800,0.7578125
2f81aca8ac56b882,cifar10,ssb-v2-block,cnn,protocol-v3,0.8,128,2,3,354,0.005707208008971065,0.01522720797220245,799948800,0.7890625
2f81aca8ac56b882,cifar10,ssb-v2-block,cnn,protocol-v3,0.8,128,2,3,355,0.005767541006207466,0.015196334046777338,799965184,0.78125
2f81aca8ac56b882,cifar10,ssb-v2-block,cnn,protocol-v3,0.8,128,2,3,356,0.00572741701034829,0.015736208006273955,799965184,0.671875
2f81aca8ac56b882,cifar10,ssb-v2-block,cnn,protocol-v3,0.8,128,2,3,357,0.006027708004694432,0.015365707979071885,799965184,0.75
2f81aca8ac56b882,cifar10,ssb-v2-block,cnn,protocol-v3,0.8,128,2,3,358,0.005699833040125668,0.014620625006500632,799981568,0.75
2f81aca8ac56b882,cifar10,ssb-v2-block,cnn,protocol-v3,0.8,128,2,3,359,0.005717375024687499,0.015040458994917572,799981568,0.7421875
2f81aca8ac56b882,cifar10,ssb-v2-block,cnn,protocol-v3,0.8,128,2,3,360,0.005655541957821697,0.015064667037222534,799981568,0.734375
2f81aca8ac56b882,cifar10,ssb-v2-block,cnn,protocol-v3,0.8,128,2,3,361,0.005700458015780896,0.015825083013623953,799981568,0.6953125
2f81aca8ac56b882,cifar10,ssb-v2-block,cnn,protocol-v3,0.8,128,2,3,362,0.005714708007872105,0.015490415971726179,799981568,0.75
2f81aca8ac56b882,cifar10,ssb-v2-block,cnn,protocol-v3,0.8,128,2,3,363,0.005668209050782025,0.01510424999287352,799981568,0.765625
2f81aca8ac56b882,cifar10,ssb-v2-block,cnn,protocol-v3,0.8,128,2,3,364,0.0056961249792948365,0.015177708002738655,799997952,0.7265625
2f81aca8ac56b882,cifar10,ssb-v2-block,cnn,protocol-v3,0.8,128,2,3,365,0.00570254196645692,0.016088084026705474,799997952,0.7734375
2f81aca8ac56b882,cifar10,ssb-v2-block,cnn,protocol-v3,0.8,128,2,3,366,0.005694791965652257,0.01571041700663045,799997952,0.7421875
2f81aca8ac56b882,cifar10,ssb-v2-block,cnn,protocol-v3,0.8,128,2,3,367,0.005703874980099499,0.015055416035465896,799997952,0.7265625
2f81aca8ac56b882,cifar10,ssb-v2-block,cnn,protocol-v3,0.8,128,2,3,368,0.005700583045836538,0.01534720795461908,800014336,0.6796875
2f81aca8ac56b882,cifar10,ssb-v2-block,cnn,protocol-v3,0.8,128,2,3,369,0.005692707956768572,0.015211833000648767,800030720,0.71875
2f81aca8ac56b882,cifar10,ssb-v2-block,cnn,protocol-v3,0.8,128,2,3,370,0.005699582980014384,0.015680250013247132,800030720,0.65625
2f81aca8ac56b882,cifar10,ssb-v2-block,cnn,protocol-v3,0.8,128,2,3,371,0.005714541010092944,0.015365083003416657,800030720,0.6953125
2f81aca8ac56b882,cifar10,ssb-v2-block,cnn,protocol-v3,0.8,128,2,3,372,0.005720457993447781,0.015401749988086522,800030720,0.7578125
2f81aca8ac56b882,cifar10,ssb-v2-block,cnn,protocol-v3,0.8,128,2,3,373,0.0056989999720826745,0.015119125018827617,800030720,0.78125
2f81aca8ac56b882,cifar10,ssb-v2-block,cnn,protocol-v3,0.8,128,2,3,374,0.0057225830387324095,0.01590875000692904,800030720,0.7578125
2f81aca8ac56b882,cifar10,ssb-v2-block,cnn,protocol-v3,0.8,128,2,3,375,0.005697250016964972,0.014644083043094724,800047104,0.703125
2f81aca8ac56b882,cifar10,ssb-v2-block,cnn,protocol-v3,0.8,128,2,3,376,0.00583745795302093,0.015161249961238354,800047104,0.78125
2f81aca8ac56b882,cifar10,ssb-v2-block,cnn,protocol-v3,0.8,128,2,3,377,0.0056935829925350845,0.014715125027578324,800047104,0.7734375
2f81aca8ac56b882,cifar10,ssb-v2-block,cnn,protocol-v3,0.8,128,2,3,378,0.005776166974101216,0.014610334008466452,800047104,0.703125
2f81aca8ac56b882,cifar10,ssb-v2-block,cnn,protocol-v3,0.8,128,2,3,379,0.005963957984931767,0.01562741701491177,800047104,0.796875
2f81aca8ac56b882,cifar10,ssb-v2-block,cnn,protocol-v3,0.8,128,2,3,380,0.005704583018086851,0.0155676249996759,800063488,0.703125
2f81aca8ac56b882,cifar10,ssb-v2-block,cnn,protocol-v3,0.8,128,2,3,381,0.005700292007531971,0.014452958013862371,800063488,0.7578125
2f81aca8ac56b882,cifar10,ssb-v2-block,cnn,protocol-v3,0.8,128,2,3,382,0.00571283302269876,0.01558741700137034,800063488,0.71875
2f81aca8ac56b882,cifar10,ssb-v2-block,cnn,protocol-v3,0.8,128,2,3,383,0.00570779200643301,0.01566066703526303,800063488,0.703125
2f81aca8ac56b882,cifar10,ssb-v2-block,cnn,protocol-v3,0.8,128,2,3,384,0.005708582990337163,0.0154244169825688,800063488,0.734375
2f81aca8ac56b882,cifar10,ssb-v2-block,cnn,protocol-v3,0.8,128,2,3,385,0.005722708010580391,0.015193625004030764,800063488,0.6796875
2f81aca8ac56b882,cifar10,ssb-v2-block,cnn,protocol-v3,0.8,128,2,3,386,0.006221249990630895,0.01457116601523012,800063488,0.734375
2f81aca8ac56b882,cifar10,ssb-v2-block,cnn,protocol-v3,0.8,128,2,3,387,0.005707666976377368,0.015994666959159076,800079872,0.71875
2f81aca8ac56b882,cifar10,ssb-v2-block,cnn,protocol-v3,0.8,128,2,3,388,0.005692750040907413,0.015407042053993791,800079872,0.6875
2f81aca8ac56b882,cifar10,ssb-v2-block,cnn,protocol-v3,0.8,128,2,3,389,0.005715625011362135,0.015382167010102421,800079872,0.796875
2f81aca8ac56b882,cifar10,ssb-v2-block,cnn,protocol-v3,0.8,128,2,3,390,0.0038274169783107936,0.02023162494879216,801570816,0.8125
