run_id,dataset,model,architecture,protocol_version,keep_ratio,block_size,seed,epoch,batch,forward_time_s,backward_time_s,memory_bytes,batch_accuracy
564ac74e917cf4af,cifar100,ssb-v2-block,mlp,protocol-v3,1.0,32,1,1,0,0.05269733403110877,0.06476462498540059,677511168,0.0078125
564ac74e917cf4af,cifar100,ssb-v2-block,mlp,protocol-v3,1.0,32,1,1,1,0.0029249159852042794,0.02324887498980388,692895744,0.0234375
564ac74e917cf4af,cifar100,ssb-v2-block,mlp,protocol-v3,1.0,32,1,1,2,0.0033290000283159316,0.02044737502001226,694484992,0.03125
564ac74e917cf4af,cifar100,ssb-v2-block,mlp,protocol-v3,1.0,32,1,1,3,0.0027643750072456896,0.017507416021544486,694501376,0.0078125
564ac74e917cf4af,cifar100,ssb-v2-block,mlp,protocol-v3,1.0,32,1,1,4,0.0027531669475138187,0.01752987498184666,695975936,0.015625
564ac74e917cf4af,cifar100,ssb-v2-block,mlp,protocol-v3,1.0,32,1,1,5,0.0027438329998403788,0.01745124999433756,695975936,0.0234375
564ac74e917cf4af,cifar100,ssb-v2-block,mlp,protocol-v3,1.0,32,1,1,6,0.0027149590314365923,0.017545124981552362,695975936,0.015625
564ac74e917cf4af,cifar100,ssb-v2-block,mlp,protocol-v3,1.0,32,1,1,7,0.0028336249524727464,0.017400291981175542,697466880,0.0234375
564ac74e917cf4af,cifar100,ssb-v2-block,mlp,protocol-v3,1.0,32,1,1,8,0.0027185840299353004,0.01751829095883295,697466880,0.015625
564ac74e917cf4af,cifar100,ssb-v2-block,mlp,protocol-v3,1.0,32,1,1,9,0.0027243749937042594,0.01753716601524502,697466880,0.0078125
564ac74e917cf4af,cifar100,ssb-v2-block,mlp,protocol-v3,1.0,32,1,1,10,0.0027189170359633863,0.017438540991861373,697483264,0.015625
564ac74e917cf4af,cifar100,ssb-v2-block,mlp,protocol-v3,1.0,32,1,1,11,0.0027238749898970127,0.017503125010989606,697483264,0.015625
564ac74e917cf4af,cifar100,ssb-v2-block,mlp,protocol-v3,1.0,32,1,1,12,0.0027182080084457994,0.017437667003832757,697483264,0.0390625
564ac74e917cf4af,cifar100,ssb-v2-block,mlp,protocol-v3,1.0,32,1,1,13,0.0027242079959250987,0.017463249969296157,697483264,0.0546875
564ac74e917cf4af,cifar100,ssb-v2-block,mlp,protocol-v3,1.0,32,1,1,14,0.0027134589618071914,0.01746958401054144,697516032,0.046875
564ac74e917cf4af,cifar100,ssb-v2-block,mlp,protocol-v3,1.0,32,1,1,15,0.002735458023380488,0.017482666007708758,697532416,0.0078125
564ac74e917cf4af,cifar100,ssb-v2-block,mlp,protocol-v3,1.0,32,1,1,16,0.0027238749898970127,0.01749966701027006,697532416,0.0546875
564ac74e917cf4af,cifar100,ssb-v2-block,mlp,protocol-v3,1.0,32,1,1,17,0.0027207499952055514,0.017428249993827194,697548800,0.0390625
564ac74e917cf4af,cifar100,ssb-v2-block,mlp,protocol-v3,1.0,32,1,1,18,0.00271070800954476,0.017462333024013788,697548800,0.0546875
564ac74e917cf4af,cifar100,ssb-v2-block,mlp,protocol-v3,1.0,32,1,1,19,0.0027997500146739185,0.017625374952331185,697565184,0.0234375
564ac74e917cf4af,cifar100,ssb-v2-block,mlp,protocol-v3,1.0,32,1,1,20,0.002723500016145408,0.01738558302167803,697565184,0.0390625
564ac74e917cf4af,cifar100,ssb-v2-block,mlp,protocol-v3,1.0,32,1,1,21,0.002724915975704789,0.017424541991204023,697565184,0.0546875
564ac74e917cf4af,cifar100,ssb-v2-block,mlp,protocol-v3,1.0,32,1,1,22,0.0026947500300593674,0.017748499987646937,697565184,0.0703125
564ac74e917cf4af,cifar100,ssb-v2-block,mlp,protocol-v3,1.0,32,1,1,23,0.0028187500429339707,0.017551875032950193,697565184,0.0390625
564ac74e917cf4af,cifar100,ssb-v2-block,mlp,protocol-v3,1.0,32,1,1,24,0.002723083016462624,0.017446499958168715,697565184,0.0546875
564ac74e917cf4af,cifar100,ssb-v2-block,mlp,protocol-v3,1.0,32,1,1,25,0.0027078750426881015,0.017300917010288686,697565184,0.078125
564ac74e917cf4af,cifar100,ssb-v2-block,mlp,protocol-v3,1.0,32,1,1,26,0.002711417037062347,0.017693249974399805,697565184,0.046875
564ac74e917cf4af,cifar100,ssb-v2-block,mlp,protocol-v3,1.0,32,1,1,27,0.0027275420143269002,0.01736599998548627,697565184,0.0234375
564ac74e917cf4af,cifar100,ssb-v2-block,mlp,protocol-v3,1.0,32,1,1,28,0.002721083990763873,0.017416957998648286,697565184,0.0546875
564ac74e917cf4af,cifar100,ssb-v2-block,mlp,protocol-v3,1.0,32,1,1,29,0.002726125007029623,0.017388542008120567,697565184,0.0234375
564ac74e917cf4af,cifar100,ssb-v2-block,mlp,protocol-v3,1.0,32,1,1,30,0.0027152920374646783,0.0175164170213975,697581568,0.0703125
564ac74e917cf4af,cifar100,ssb-v2-block,mlp,protocol-v3,1.0,32,1,1,31,0.002710291009861976,0.017411834036465734,697581568,0.0546875
564ac74e917cf4af,cifar100,ssb-v2-block,mlp,protocol-v3,1.0,32,1,1,32,0.002715249953325838,0.01737287495052442,697581568,0.046875
564ac74e917cf4af,cifar100,ssb-v2-block,mlp,protocol-v3,1.0,32,1,1,33,0.0027192090055905282,0.01739845803240314,697581568,0.0390625
564ac74e917cf4af,cifar100,ssb-v2-block,mlp,protocol-v3,1.0,32,1,1,34,0.002737000002525747,0.017403999983798712,697581568,0.0546875
564ac74e917cf4af,cifar100,ssb-v2-block,mlp,protocol-v3,1.0,32,1,1,35,0.0027087919879704714,0.01757904200349003,697597952,0.0625
564ac74e917cf4af,cifar100,ssb-v2-block,mlp,protocol-v3,1.0,32,1,1,36,0.002713125024456531,0.01736312499269843,697597952,0.0546875
564ac74e917cf4af,cifar100,ssb-v2-block,mlp,protocol-v3,1.0,32,1,1,37,0.002710290951654315,0.017414833011571318,697597952,0.015625
564ac74e917cf4af,cifar100,ssb-v2-block,mlp,protocol-v3,1.0,32,1,1,38,0.002696082985494286,0.017389042011927813,697597952,0.0625
564ac74e917cf4af,cifar100,ssb-v2-block,mlp,protocol-v3,1.0,32,1,1,39,0.0027275829925201833,0.017463791999034584,697614336,0.03125
564ac74e917cf4af,cifar100,ssb-v2-block,mlp,protocol-v3,1.0,32,1,1,40,0.002729250001721084,0.017422958044335246,697614336,0.03125
564ac74e917cf4af,cifar100,ssb-v2-block,mlp,protocol-v3,1.0,32,1,1,41,0.0027197919553145766,0.01738041697535664,697614336,0.0390625
564ac74e917cf4af,cifar100,ssb-v2-block,mlp,protocol-v3,1.0,32,1,1,42,0.0027126669883728027,0.017425875004846603,697614336,0.0625
564ac74e917cf4af,cifar100,ssb-v2-block,mlp,protocol-v3,1.0,32,1,1,43,0.0026985000004060566,0.017487875011283904,697614336,0.046875
564ac74e917cf4af,cifar100,ssb-v2-block,mlp,protocol-v3,1.0,32,1,1,44,0.0027177499723620713,0.017420999996829778,697614336,0.0625
564ac74e917cf4af,cifar100,ssb-v2-block,mlp,protocol-v3,1.0,32,1,1,45,0.0027045410242863,0.017360542027745396,697614336,0.09375
564ac74e917cf4af,cifar100,ssb-v2-block,mlp,protocol-v3,1.0,32,1,1,46,0.0027142500039190054,0.017393584013916552,697614336,0.0859375
564ac74e917cf4af,cifar100,ssb-v2-block,mlp,protocol-v3,1.0,32,1,1,47,0.0027237089816480875,0.0173680410371162,697614336,0.0546875
564ac74e917cf4af,cifar100,ssb-v2-block,mlp,protocol-v3,1.0,32,1,1,48,0.002717167022638023,0.01742708298843354,697614336,0.0390625
564ac74e917cf4af,cifar100,ssb-v2-block,mlp,protocol-v3,1.0,32,1,1,49,0.002709500025957823,0.017415374983102083,697614336,0.0703125
564ac74e917cf4af,cifar100,ssb-v2-block,mlp,protocol-v3,1.0,32,1,1,50,0.002716000017244369,0.017350166977848858,697614336,0.09375
564ac74e917cf4af,cifar100,ssb-v2-block,mlp,protocol-v3,1.0,32,1,1,51,0.002720208023674786,0.01742358400952071,697614336,0.1171875
564ac74e917cf4af,cifar100,ssb-v2-block,mlp,protocol-v3,1.0,32,1,1,52,0.002720082993619144,0.01744895800948143,697614336,0.09375
564ac74e917cf4af,cifar100,ssb-v2-block,mlp,protocol-v3,1.0,32,1,1,53,0.0027155830175615847,0.017426125006750226,697614336,0.0703125
564ac74e917cf4af,cifar100,ssb-v2-block,mlp,protocol-v3,1.0,32,1,1,54,0.0027106250054202974,0.01732524996623397,697614336,0.03125
564ac74e917cf4af,cifar100,ssb-v2-block,mlp,protocol-v3,1.0,32,1,1,55,0.0027088329661637545,0.017390375025570393,697614336,0.0390625
564ac74e917cf4af,cifar100,ssb-v2-block,mlp,protocol-v3,1.0,32,1,1,56,0.002715416019782424,0.017336707969661802,697614336,0.1171875
564ac74e917cf4af,cifar100,ssb-v2-block,mlp,protocol-v3,1.0,32,1,1,57,0.0027173340204171836,0.017370208981446922,697614336,0.0625
564ac74e917cf4af,cifar100,ssb-v2-block,mlp,protocol-v3,1.0,32,1,1,58,0.0027051669894717634,0.017469624988734722,697614336,0.0546875
564ac74e917cf4af,cifar100,ssb-v2-block,mlp,protocol-v3,1.0,32,1,1,59,0.0027451670030131936,0.017492624989245087,697614336,0.046875
564ac74e917cf4af,cifar100,ssb-v2-block,mlp,protocol-v3,1.0,32,1,1,60,0.0027235419838689268,0.01752991700777784,697630720,0.078125
564ac74e917cf4af,cifar100,ssb-v2-block,mlp,protocol-v3,1.0,32,1,1,61,0.0027077909908257425,0.017447000020183623,697630720,0.0546875
564ac74e917cf4af,cifar100,ssb-v2-block,mlp,protocol-v3,1.0,32,1,1,62,0.0027148749795742333,0.017422957986127585,697630720,0.0859375
564ac74e917cf4af,cifar100,ssb-v2-block,mlp,protocol-v3,1.0,32,1,1,63,0.0027102080057375133,0.017353625036776066,697630720,0.1171875
564ac74e917cf4af,cifar100,ssb-v2-block,mlp,protocol-v3,1.0,32,1,1,64,0.0027582080219872296,0.017398957978002727,697630720,0.0546875
564ac74e917cf4af,cifar100,ssb-v2-block,mlp,protocol-v3,1.0,32,1,1,65,0.0027239170158281922,0.017368290980812162,697630720,0.078125
564ac74e917cf4af,cifar100,ssb-v2-block,mlp,protocol-v3,1.0,32,1,1,66,0.0027187500381842256,0.017538375046569854,697630720,0.046875
564ac74e917cf4af,cifar100,ssb-v2-block,mlp,protocol-v3,1.0,32,1,1,67,0.0027221659547649324,0.01743404200533405,697630720,0.078125
564ac74e917cf4af,cifar100,ssb-v2-block,mlp,protocol-v3,1.0,32,1,1,68,0.0027186659863218665,0.017490666010417044,697630720,0.140625
564ac74e917cf4af,cifar100,ssb-v2-block,mlp,protocol-v3,1.0,32,1,1,69,0.002721458033192903,0.017463000025600195,697630720,0.046875
564ac74e917cf4af,cifar100,ssb-v2-block,mlp,protocol-v3,1.0,32,1,1,70,0.002716667018830776,0.017405166989192367,697630720,0.1328125
564ac74e917cf4af,cifar100,ssb-v2-block,mlp,protocol-v3,1.0,32,1,1,71,0.0027331250021234155,0.017471165978349745,697630720,0.125
564ac74e917cf4af,cifar100,ssb-v2-block,mlp,protocol-v3,1.0,32,1,1,72,0.002724457997828722,0.017396375013049692,697630720,0.1015625
564ac74e917cf4af,cifar100,ssb-v2-block,mlp,protocol-v3,1.0,32,1,1,73,0.0027159590390510857,0.017489416000898927,697630720,0.0859375
564ac74e917cf4af,cifar100,ssb-v2-block,mlp,protocol-v3,1.0,32,1,1,74,0.002726083970628679,0.01734712504548952,697630720,0.0859375
564ac74e917cf4af,cifar100,ssb-v2-block,mlp,protocol-v3,1.0,32,1,1,75,0.0027238750481046736,0.017339333018753678,697630720,0.09375
564ac74e917cf4af,cifar100,ssb-v2-block,mlp,protocol-v3,1.0,32,1,1,76,0.002723667013924569,0.017523957998491824,697630720,0.109375
564ac74e917cf4af,cifar100,ssb-v2-block,mlp,protocol-v3,1.0,32,1,1,77,0.002716000017244369,0.017422124976292253,697630720,0.1640625
564ac74e917cf4af,cifar100,ssb-v2-block,mlp,protocol-v3,1.0,32,1,1,78,0.002694374998100102,0.01737575000151992,697630720,0.0625
564ac74e917cf4af,cifar100,ssb-v2-block,mlp,protocol-v3,1.0,32,1,1,79,0.0027374160126782954,0.01740391697967425,697630720,0.078125
564ac74e917cf4af,cifar100,ssb-v2-block,mlp,protocol-v3,1.0,32,1,1,80,0.002723666955716908,0.017575333011336625,697630720,0.078125
564ac74e917cf4af,cifar100,ssb-v2-block,mlp,protocol-v3,1.0,32,1,1,81,0.002722333010751754,0.017352042021229863,697647104,0.1015625
564ac74e917cf4af,cifar100,ssb-v2-block,mlp,protocol-v3,1.0,32,1,1,82,0.0027272910228930414,0.017486374999862164,697647104,0.109375
564ac74e917cf4af,cifar100,ssb-v2-block,mlp,protocol-v3,1.0,32,1,1,83,0.0027169170207343996,0.017387915984727442,697647104,0.078125
564ac74e917cf4af,cifar100,ssb-v2-block,mlp,protocol-v3,1.0,32,1,1,84,0.0027202910277992487,0.017491209029685706,697647104,0.0859375
564ac74e917cf4af,cifar100,ssb-v2-block,mlp,protocol-v3,1.0,32,1,1,85,0.002704958023969084,0.017370000015944242,697663488,0.1328125
564ac74e917cf4af,cifar100,ssb-v2-block,mlp,protocol-v3,1.0,32,1,1,86,0.0027221250347793102,0.017448917031288147,697663488,0.140625
564ac74e917cf4af,cifar100,ssb-v2-block,mlp,protocol-v3,1.0,32,1,1,87,0.0027179160388186574,0.01743929198710248,697663488,0.0625
564ac74e917cf4af,cifar100,ssb-v2-block,mlp,protocol-v3,1.0,32,1,1,88,0.002739083021879196,0.0173442920204252,697663488,0.109375
564ac74e917cf4af,cifar100,ssb-v2-block,mlp,protocol-v3,1.0,32,1,1,89,0.002809458994306624,0.017628083005547523,697663488,0.0546875
564ac74e917cf4af,cifar100,ssb-v2-block,mlp,protocol-v3,1.0,32,1,1,90,0.0028542920481413603,0.018119708984158933,697663488,0.125
564ac74e917cf4af,cifar100,ssb-v2-block,mlp,protocol-v3,1.0,32,1,1,91,0.0028268329915590584,0.017655375006143004,697663488,0.140625
564ac74e917cf4af,cifar100,ssb-v2-block,mlp,protocol-v3,1.0,32,1,1,92,0.0027415419463068247,0.017383750004228204,697663488,0.0859375
564ac74e917cf4af,cifar100,ssb-v2-block,mlp,protocol-v3,1.0,32,1,1,93,0.0027163340128026903,0.017460750008467585,697663488,0.0625
564ac74e917cf4af,cifar100,ssb-v2-block,mlp,protocol-v3,1.0,32,1,1,94,0.0027190830442123115,0.017396375013049692,697679872,0.0625
564ac74e917cf4af,cifar100,ssb-v2-block,mlp,protocol-v3,1.0,32,1,1,95,0.002732417022343725,0.017398249998223037,697679872,0.078125
564ac74e917cf4af,cifar100,ssb-v2-block,mlp,protocol-v3,1.0,32,1,1,96,0.002719750045798719,0.01735254202503711,697679872,0.1015625
564ac74e917cf4af,cifar100,ssb-v2-block,mlp,protocol-v3,1.0,32,1,1,97,0.0027039169799536467,0.017339166020974517,697679872,0.140625
564ac74e917cf4af,cifar100,ssb-v2-block,mlp,protocol-v3,1.0,32,1,1,98,0.002717167022638023,0.017465416982304305,697679872,0.0703125
564ac74e917cf4af,cifar100,ssb-v2-block,mlp,protocol-v3,1.0,32,1,1,99,0.002727624960243702,0.01753587502753362,697679872,0.1171875
564ac74e917cf4af,cifar100,ssb-v2-block,mlp,protocol-v3,1.0,32,1,1,100,0.002718042000196874,0.01736095896922052,697679872,0.1171875
564ac74e917cf4af,cifar100,ssb-v2-block,mlp,protocol-v3,1.0,32,1,1,101,0.00271537498338148,0.017356708005536348,697679872,0.125
564ac74e917cf4af,cifar100,ssb-v2-block,mlp,protocol-v3,1.0,32,1,1,102,0.0027248330297879875,0.01742820901563391,697696256,0.1015625
564ac74e917cf4af,cifar100,ssb-v2-block,mlp,protocol-v3,1.0,32,1,1,103,0.002727665996644646,0.017407666018698364,697696256,0.1171875
564ac74e917cf4af,cifar100,ssb-v2-block,mlp,protocol-v3,1.0,32,1,1,104,0.002703583042602986,0.017364000028464943,697696256,0.1015625
564ac74e917cf4af,cifar100,ssb-v2-block,mlp,protocol-v3,1.0,32,1,1,105,0.002712957968469709,0.01741508295526728,697696256,0.1328125
564ac74e917cf4af,cifar100,ssb-v2-block,mlp,protocol-v3,1.0,32,1,1,106,0.0027088330243714154,0.01743866701144725,697712640,0.140625
564ac74e917cf4af,cifar100,ssb-v2-block,mlp,protocol-v3,1.0,32,1,1,107,0.00271295802667737,0.017387958010658622,697712640,0.1171875
564ac74e917cf4af,cifar100,ssb-v2-block,mlp,protocol-v3,1.0,32,1,1,108,0.00270379101857543,0.017531750025227666,697712640,0.1015625
564ac74e917cf4af,cifar100,ssb-v2-block,mlp,protocol-v3,1.0,32,1,1,109,0.002722000004723668,0.017473666986916214,697712640,0.109375
564ac74e917cf4af,cifar100,ssb-v2-block,mlp,protocol-v3,1.0,32,1,1,110,0.0027253750013187528,0.017451124964281917,697712640,0.09375
564ac74e917cf4af,cifar100,ssb-v2-block,mlp,protocol-v3,1.0,32,1,1,111,0.0027203329955227673,0.017407999956049025,697729024,0.0859375
564ac74e917cf4af,cifar100,ssb-v2-block,mlp,protocol-v3,1.0,32,1,1,112,0.0027053330559283495,0.01735475001623854,697679872,0.1171875
564ac74e917cf4af,cifar100,ssb-v2-block,mlp,protocol-v3,1.0,32,1,1,113,0.0027331250021234155,0.01747379102744162,697679872,0.140625
564ac74e917cf4af,cifar100,ssb-v2-block,mlp,protocol-v3,1.0,32,1,1,114,0.0027127909706905484,0.017433666973374784,697679872,0.1171875
564ac74e917cf4af,cifar100,ssb-v2-block,mlp,protocol-v3,1.0,32,1,1,115,0.002717666036915034,0.017355250020045787,697679872,0.0859375
564ac74e917cf4af,cifar100,ssb-v2-block,mlp,protocol-v3,1.0,32,1,1,116,0.002710999979171902,0.017398959025740623,697679872,0.1171875
564ac74e917cf4af,cifar100,ssb-v2-block,mlp,protocol-v3,1.0,32,1,1,117,0.0027268329868093133,0.017617083969525993,697679872,0.1015625
564ac74e917cf4af,cifar100,ssb-v2-block,mlp,protocol-v3,1.0,32,1,1,118,0.0027129590162076056,0.017428708029910922,697679872,0.0859375
564ac74e917cf4af,cifar100,ssb-v2-block,mlp,protocol-v3,1.0,32,1,1,119,0.0027221250347793102,0.017444540979340672,697679872,0.15625
564ac74e917cf4af,cifar100,ssb-v2-block,mlp,protocol-v3,1.0,32,1,1,120,0.0027104580076411366,0.017347707995213568,697679872,0.125
564ac74e917cf4af,cifar100,ssb-v2-block,mlp,protocol-v3,1.0,32,1,1,121,0.002736167050898075,0.01746724999975413,697679872,0.140625
564ac74e917cf4af,cifar100,ssb-v2-block,mlp,protocol-v3,1.0,32,1,1,122,0.0027350830496288836,0.017487208999227732,697679872,0.1484375
564ac74e917cf4af,cifar100,ssb-v2-block,mlp,protocol-v3,1.0,32,1,1,123,0.0027127910288982093,0.017418625007849187,697679872,0.1171875
564ac74e917cf4af,cifar100,ssb-v2-block,mlp,protocol-v3,1.0,32,1,1,124,0.0027121249586343765,0.017482583003584296,697679872,0.1328125
564ac74e917cf4af,cifar100,ssb-v2-block,mlp,protocol-v3,1.0,32,1,1,125,0.0027268329868093133,0.017353209026623517,697679872,0.1484375
564ac74e917cf4af,cifar100,ssb-v2-block,mlp,protocol-v3,1.0,32,1,1,126,0.00270770798670128,0.017429124971386045,697679872,0.09375
564ac74e917cf4af,cifar100,ssb-v2-block,mlp,protocol-v3,1.0,32,1,1,127,0.0027193750138394535,0.017611500050406903,697679872,0.1640625
564ac74e917cf4af,cifar100,ssb-v2-block,mlp,protocol-v3,1.0,32,1,1,128,0.0027154579875059426,0.017380625009536743,697696256,0.1171875
564ac74e917cf4af,cifar100,ssb-v2-block,mlp,protocol-v3,1.0,32,1,1,129,0.00271145801525563,0.017361250007525086,697696256,0.109375
564ac74e917cf4af,cifar100,ssb-v2-block,mlp,protocol-v3,1.0,32,1,1,130,0.0027106250054202974,0.01746741699753329,697696256,0.109375
564ac74e917cf4af,cifar100,ssb-v2-block,mlp,protocol-v3,1.0,32,1,1,131,0.0027197920135222375,0.017361666017677635,697696256,0.1328125
564ac74e917cf4af,cifar100,ssb-v2-block,mlp,protocol-v3,1.0,32,1,1,132,0.0027151249814778566,0.01734320801915601,697696256,0.0859375
564ac74e917cf4af,cifar100,ssb-v2-block,mlp,protocol-v3,1.0,32,1,1,133,0.002722917008213699,0.01740633399458602,697696256,0.09375
564ac74e917cf4af,cifar100,ssb-v2-block,mlp,protocol-v3,1.0,32,1,1,134,0.002712042012717575,0.017435125017073005,697696256,0.1015625
564ac74e917cf4af,cifar100,ssb-v2-block,mlp,protocol-v3,1.0,32,1,1,135,0.0027415420045144856,0.01735254202503711,697712640,0.0859375
564ac74e917cf4af,cifar100,ssb-v2-block,mlp,protocol-v3,1.0,32,1,1,136,0.002712207962758839,0.017413374967873096,697712640,0.1015625
564ac74e917cf4af,cifar100,ssb-v2-block,mlp,protocol-v3,1.0,32,1,1,137,0.002720541029702872,0.017605542030651122,697712640,0.0703125
564ac74e917cf4af,cifar100,ssb-v2-block,mlp,protocol-v3,1.0,32,1,1,138,0.002723291050642729,0.017387708008755,697712640,0.125
564ac74e917cf4af,cifar100,ssb-v2-block,mlp,protocol-v3,1.0,32,1,1,139,0.0027211669948883355,0.0174241250497289,697712640,0.1328125
564ac74e917cf4af,cifar100,ssb-v2-block,mlp,protocol-v3,1.0,32,1,1,140,0.0027119999867863953,0.017347749962937087,697729024,0.078125
564ac74e917cf4af,cifar100,ssb-v2-block,mlp,protocol-v3,1.0,32,1,1,141,0.0027357080252841115,0.017391250003129244,697729024,0.078125
564ac74e917cf4af,cifar100,ssb-v2-block,mlp,protocol-v3,1.0,32,1,1,142,0.002707207982894033,0.01749887497862801,697729024,0.0703125
564ac74e917cf4af,cifar100,ssb-v2-block,mlp,protocol-v3,1.0,32,1,1,143,0.0027202920173294842,0.017423040990252048,697729024,0.1171875
564ac74e917cf4af,cifar100,ssb-v2-block,mlp,protocol-v3,1.0,32,1,1,144,0.0027101670275442302,0.017420832999050617,697729024,0.1640625
564ac74e917cf4af,cifar100,ssb-v2-block,mlp,protocol-v3,1.0,32,1,1,145,0.002702792000491172,0.017315291974227875,697729024,0.078125
564ac74e917cf4af,cifar100,ssb-v2-block,mlp,protocol-v3,1.0,32,1,1,146,0.00270941702183336,0.017390291031915694,697745408,0.1171875
564ac74e917cf4af,cifar100,ssb-v2-block,mlp,protocol-v3,1.0,32,1,1,147,0.0027215839945711195,0.017409833031706512,697745408,0.09375
564ac74e917cf4af,cifar100,ssb-v2-block,mlp,protocol-v3,1.0,32,1,1,148,0.0027092499658465385,0.017336124961730093,697745408,0.109375
564ac74e917cf4af,cifar100,ssb-v2-block,mlp,protocol-v3,1.0,32,1,1,149,0.0027213749708607793,0.01748754200525582,697745408,0.15625
564ac74e917cf4af,cifar100,ssb-v2-block,mlp,protocol-v3,1.0,32,1,1,150,0.002707832958549261,0.017476500011980534,697745408,0.1484375
564ac74e917cf4af,cifar100,ssb-v2-block,mlp,protocol-v3,1.0,32,1,1,151,0.0026909579755738378,0.017271958000492305,697745408,0.125
564ac74e917cf4af,cifar100,ssb-v2-block,mlp,protocol-v3,1.0,32,1,1,152,0.002707667008507997,0.017448749975301325,697745408,0.171875
564ac74e917cf4af,cifar100,ssb-v2-block,mlp,protocol-v3,1.0,32,1,1,153,0.00272379198577255,0.017341458005830646,697745408,0.0859375
564ac74e917cf4af,cifar100,ssb-v2-block,mlp,protocol-v3,1.0,32,1,1,154,0.002720832999330014,0.01741599995875731,697745408,0.1328125
564ac74e917cf4af,cifar100,ssb-v2-block,mlp,protocol-v3,1.0,32,1,1,155,0.0027191669796593487,0.017434332985430956,697745408,0.140625
564ac74e917cf4af,cifar100,ssb-v2-block,mlp,protocol-v3,1.0,32,1,1,156,0.0026885419501923025,0.017380415985826403,697745408,0.078125
564ac74e917cf4af,cifar100,ssb-v2-block,mlp,protocol-v3,1.0,32,1,1,157,0.0027048750198446214,0.017405916994903237,697745408,0.1171875
564ac74e917cf4af,cifar100,ssb-v2-block,mlp,protocol-v3,1.0,32,1,1,158,0.0027086250483989716,0.017416166025213897,697778176,0.140625
564ac74e917cf4af,cifar100,ssb-v2-block,mlp,protocol-v3,1.0,32,1,1,159,0.00272341602249071,0.01742491702316329,697778176,0.1171875
564ac74e917cf4af,cifar100,ssb-v2-block,mlp,protocol-v3,1.0,32,1,1,160,0.0027017079992219806,0.017467333003878593,697778176,0.09375
564ac74e917cf4af,cifar100,ssb-v2-block,mlp,protocol-v3,1.0,32,1,1,161,0.002720707969274372,0.017353874980472028,697794560,0.1875
564ac74e917cf4af,cifar100,ssb-v2-block,mlp,protocol-v3,1.0,32,1,1,162,0.002712374960538,0.01745662500616163,697794560,0.078125
564ac74e917cf4af,cifar100,ssb-v2-block,mlp,protocol-v3,1.0,32,1,1,163,0.0027120840386487544,0.017436750000342727,697794560,0.125
564ac74e917cf4af,cifar100,ssb-v2-block,mlp,protocol-v3,1.0,32,1,1,164,0.0027065000031143427,0.01751845795661211,697794560,0.1328125
564ac74e917cf4af,cifar100,ssb-v2-block,mlp,protocol-v3,1.0,32,1,1,165,0.0027117919526062906,0.017436290974728763,697794560,0.125
564ac74e917cf4af,cifar100,ssb-v2-block,mlp,protocol-v3,1.0,32,1,1,166,0.0027089169598184526,0.017508040997199714,697794560,0.109375
564ac74e917cf4af,cifar100,ssb-v2-block,mlp,protocol-v3,1.0,32,1,1,167,0.0027250410057604313,0.017413292021956295,697794560,0.15625
564ac74e917cf4af,cifar100,ssb-v2-block,mlp,protocol-v3,1.0,32,1,1,168,0.002716250019147992,0.017521374975331128,697794560,0.1640625
564ac74e917cf4af,cifar100,ssb-v2-block,mlp,protocol-v3,1.0,32,1,1,169,0.00272358296206221,0.01756387500790879,697794560,0.1328125
564ac74e917cf4af,cifar100,ssb-v2-block,mlp,protocol-v3,1.0,32,1,1,170,0.002706750005017966,0.017359333985950798,697794560,0.1015625
564ac74e917cf4af,cifar100,ssb-v2-block,mlp,protocol-v3,1.0,32,1,1,171,0.0027436669915914536,0.017395041009876877,697794560,0.09375
564ac74e917cf4af,cifar100,ssb-v2-block,mlp,protocol-v3,1.0,32,1,1,172,0.0027181669720448554,0.01749454200034961,697794560,0.109375
564ac74e917cf4af,cifar100,ssb-v2-block,mlp,protocol-v3,1.0,32,1,1,173,0.002717750030569732,0.017430084000807256,697794560,0.140625
564ac74e917cf4af,cifar100,ssb-v2-block,mlp,protocol-v3,1.0,32,1,1,174,0.002714125032071024,0.017434875015169382,697794560,0.171875
564ac74e917cf4af,cifar100,ssb-v2-block,mlp,protocol-v3,1.0,32,1,1,175,0.0027126669883728027,0.017517458996735513,697810944,0.09375
564ac74e917cf4af,cifar100,ssb-v2-block,mlp,protocol-v3,1.0,32,1,1,176,0.0027217500028200448,0.017465208016801625,697827328,0.09375
564ac74e917cf4af,cifar100,ssb-v2-block,mlp,protocol-v3,1.0,32,1,1,177,0.0027134999982081354,0.01743791694752872,697827328,0.1015625
564ac74e917cf4af,cifar100,ssb-v2-block,mlp,protocol-v3,1.0,32,1,1,178,0.002702415979001671,0.017422374978195876,697827328,0.2265625
564ac74e917cf4af,cifar100,ssb-v2-block,mlp,protocol-v3,1.0,32,1,1,179,0.0027260829810984433,0.017409915977623314,697827328,0.1015625
564ac74e917cf4af,cifar100,ssb-v2-block,mlp,protocol-v3,1.0,32,1,1,180,0.002712707966566086,0.01738320803269744,697827328,0.1015625
564ac74e917cf4af,cifar100,ssb-v2-block,mlp,protocol-v3,1.0,32,1,1,181,0.002723374986089766,0.017428082996048033,697827328,0.125
564ac74e917cf4af,cifar100,ssb-v2-block,mlp,protocol-v3,1.0,32,1,1,182,0.0027064160094596446,0.01749420800479129,697827328,0.09375
564ac74e917cf4af,cifar100,ssb-v2-block,mlp,protocol-v3,1.0,32,1,1,183,0.002712083049118519,0.017446624988224357,697827328,0.1171875
564ac74e917cf4af,cifar100,ssb-v2-block,mlp,protocol-v3,1.0,32,1,1,184,0.002699957985896617,0.017368750006426126,697827328,0.09375
564ac74e917cf4af,cifar100,ssb-v2-block,mlp,protocol-v3,1.0,32,1,1,185,0.0027273749583400786,0.017420999996829778,697827328,0.0859375
564ac74e917cf4af,cifar100,ssb-v2-block,mlp,protocol-v3,1.0,32,1,1,186,0.00271145801525563,0.01743904099566862,697827328,0.078125
564ac74e917cf4af,cifar100,ssb-v2-block,mlp,protocol-v3,1.0,32,1,1,187,0.0027293330058455467,0.017402875004336238,697827328,0.1796875
564ac74e917cf4af,cifar100,ssb-v2-block,mlp,protocol-v3,1.0,32,1,1,188,0.002716040995437652,0.017478958005085588,697827328,0.1015625
564ac74e917cf4af,cifar100,ssb-v2-block,mlp,protocol-v3,1.0,32,1,1,189,0.0027168330270797014,0.017392707988619804,697827328,0.140625
564ac74e917cf4af,cifar100,ssb-v2-block,mlp,protocol-v3,1.0,32,1,1,190,0.002703875012230128,0.017446957994252443,697827328,0.140625
564ac74e917cf4af,cifar100,ssb-v2-block,mlp,protocol-v3,1.0,32,1,1,191,0.002716542046982795,0.01757004199316725,697827328,0.125
564ac74e917cf4af,cifar100,ssb-v2-block,mlp,protocol-v3,1.0,32,1,1,192,0.002705542021431029,0.017452333006076515,697827328,0.15625
564ac74e917cf4af,cifar100,ssb-v2-block,mlp,protocol-v3,1.0,32,1,1,193,0.0027193750138394535,0.01750691601773724,697843712,0.1484375
564ac74e917cf4af,cifar100,ssb-v2-block,mlp,protocol-v3,1.0,32,1,1,194,0.0027111670351587236,0.017407957988325506,697843712,0.1875
564ac74e917cf4af,cifar100,ssb-v2-block,mlp,protocol-v3,1.0,32,1,1,195,0.002721457974985242,0.017469749960582703,697843712,0.140625
564ac74e917cf4af,cifar100,ssb-v2-block,mlp,protocol-v3,1.0,32,1,1,196,0.002710582979489118,0.017424375051632524,697860096,0.1796875
564ac74e917cf4af,cifar100,ssb-v2-block,mlp,protocol-v3,1.0,32,1,1,197,0.00271891598822549,0.017428583989385515,697860096,0.1640625
564ac74e917cf4af,cifar100,ssb-v2-block,mlp,protocol-v3,1.0,32,1,1,198,0.002710041997488588,0.01750787498895079,697860096,0.1640625
564ac74e917cf4af,cifar100,ssb-v2-block,mlp,protocol-v3,1.0,32,1,1,199,0.002720166987273842,0.017368750006426126,697860096,0.109375
564ac74e917cf4af,cifar100,ssb-v2-block,mlp,protocol-v3,1.0,32,1,1,200,0.002726165985222906,0.017355083022266626,697860096,0.09375
564ac74e917cf4af,cifar100,ssb-v2-block,mlp,protocol-v3,1.0,32,1,1,201,0.0027234999579377472,0.017449249979108572,697860096,0.0859375
564ac74e917cf4af,cifar100,ssb-v2-block,mlp,protocol-v3,1.0,32,1,1,202,0.0027182920021004975,0.01753879099851474,697876480,0.140625
564ac74e917cf4af,cifar100,ssb-v2-block,mlp,protocol-v3,1.0,32,1,1,203,0.0027228749822825193,0.01745120802661404,697876480,0.1015625
564ac74e917cf4af,cifar100,ssb-v2-block,mlp,protocol-v3,1.0,32,1,1,204,0.00272304198006168,0.017419000039808452,697892864,0.125
564ac74e917cf4af,cifar100,ssb-v2-block,mlp,protocol-v3,1.0,32,1,1,205,0.002712707966566086,0.017431334010325372,697892864,0.109375
564ac74e917cf4af,cifar100,ssb-v2-block,mlp,protocol-v3,1.0,32,1,1,206,0.0027030829805880785,0.01744304201565683,697892864,0.1015625
564ac74e917cf4af,cifar100,ssb-v2-block,mlp,protocol-v3,1.0,32,1,1,207,0.0027310840087011456,0.017284292029216886,697892864,0.1640625
564ac74e917cf4af,cifar100,ssb-v2-block,mlp,protocol-v3,1.0,32,1,1,208,0.0027197920135222375,0.01736633398104459,697892864,0.125
564ac74e917cf4af,cifar100,ssb-v2-block,mlp,protocol-v3,1.0,32,1,1,209,0.0027113749529235065,0.01758350001182407,697892864,0.1328125
564ac74e917cf4af,cifar100,ssb-v2-block,mlp,protocol-v3,1.0,32,1,1,210,0.0027004999574273825,0.01733950001653284,697892864,0.140625
564ac74e917cf4af,cifar100,ssb-v2-block,mlp,protocol-v3,1.0,32,1,1,211,0.002735916990786791,0.01742333301808685,697892864,0.1328125
564ac74e917cf4af,cifar100,ssb-v2-block,mlp,protocol-v3,1.0,32,1,1,212,0.002714750007726252,0.017511334037408233,697892864,0.1484375
564ac74e917cf4af,cifar100,ssb-v2-block,mlp,protocol-v3,1.0,32,1,1,213,0.0026967079611495137,0.01743100001476705,697892864,0.1328125
564ac74e917cf4af,cifar100,ssb-v2-block,mlp,protocol-v3,1.0,32,1,1,214,0.0027081669541075826,0.017364749975968152,697909248,0.125
564ac74e917cf4af,cifar100,ssb-v2-block,mlp,protocol-v3,1.0,32,1,1,215,0.0027047910261899233,0.01746562501648441,697909248,0.125
564ac74e917cf4af,cifar100,ssb-v2-block,mlp,protocol-v3,1.0,32,1,1,216,0.0027179999742656946,0.017417999973986298,697909248,0.1484375
564ac74e917cf4af,cifar100,ssb-v2-block,mlp,protocol-v3,1.0,32,1,1,217,0.0027267909608781338,0.017327209003269672,697909248,0.109375
564ac74e917cf4af,cifar100,ssb-v2-block,mlp,protocol-v3,1.0,32,1,1,218,0.0027142500039190054,0.01735329197254032,697909248,0.15625
564ac74e917cf4af,cifar100,ssb-v2-block,mlp,protocol-v3,1.0,32,1,1,219,0.0027250410057604313,0.017457749985624105,697925632,0.1328125
564ac74e917cf4af,cifar100,ssb-v2-block,mlp,protocol-v3,1.0,32,1,1,220,0.00272191601106897,0.017432541004382074,697942016,0.0703125
564ac74e917cf4af,cifar100,ssb-v2-block,mlp,protocol-v3,1.0,32,1,1,221,0.0027120409649796784,0.017571750038769096,697942016,0.1328125
564ac74e917cf4af,cifar100,ssb-v2-block,mlp,protocol-v3,1.0,32,1,1,222,0.0027052079676650465,0.01735495898174122,697942016,0.1015625
564ac74e917cf4af,cifar100,ssb-v2-block,mlp,protocol-v3,1.0,32,1,1,223,0.0027102919993922114,0.01740583300124854,697942016,0.1328125
564ac74e917cf4af,cifar100,ssb-v2-block,mlp,protocol-v3,1.0,32,1,1,224,0.0027332089957781136,0.01751537498785183,697942016,0.15625
564ac74e917cf4af,cifar100,ssb-v2-block,mlp,protocol-v3,1.0,32,1,1,225,0.002716417016927153,0.017461791983805597,697942016,0.078125
564ac74e917cf4af,cifar100,ssb-v2-block,mlp,protocol-v3,1.0,32,1,1,226,0.002715707989409566,0.017380459001287818,697942016,0.15625
564ac74e917cf4af,cifar100,ssb-v2-block,mlp,protocol-v3,1.0,32,1,1,227,0.0027229160186834633,0.017405833990778774,697942016,0.0859375
564ac74e917cf4af,cifar100,ssb-v2-block,mlp,protocol-v3,1.0,32,1,1,228,0.002718083036597818,0.017432874999940395,697942016,0.1640625
564ac74e917cf4af,cifar100,ssb-v2-block,mlp,protocol-v3,1.0,32,1,1,229,0.00272658298490569,0.01745508296880871,697942016,0.1484375
564ac74e917cf4af,cifar100,ssb-v2-block,mlp,protocol-v3,1.0,32,1,1,230,0.002723833022173494,0.01743645896203816,697942016,0.140625
564ac74e917cf4af,cifar100,ssb-v2-block,mlp,protocol-v3,1.0,32,1,1,231,0.002732750028371811,0.017481125018093735,697942016,0.1484375
564ac74e917cf4af,cifar100,ssb-v2-block,mlp,protocol-v3,1.0,32,1,1,232,0.0027132080285809934,0.01742583402665332,697942016,0.140625
564ac74e917cf4af,cifar100,ssb-v2-block,mlp,protocol-v3,1.0,32,1,1,233,0.002713291032705456,0.01741429098183289,697942016,0.1796875
564ac74e917cf4af,cifar100,ssb-v2-block,mlp,protocol-v3,1.0,32,1,1,234,0.0027090420480817556,0.017369667009916157,697942016,0.1328125
564ac74e917cf4af,cifar100,ssb-v2-block,mlp,protocol-v3,1.0,32,1,1,235,0.0027187910163775086,0.017385207989718765,697942016,0.078125
564ac74e917cf4af,cifar100,ssb-v2-block,mlp,protocol-v3,1.0,32,1,1,236,0.002712082990910858,0.01746783300768584,697942016,0.15625
564ac74e917cf4af,cifar100,ssb-v2-block,mlp,protocol-v3,1.0,32,1,1,237,0.002704292011912912,0.01733345800312236,697958400,0.1328125
564ac74e917cf4af,cifar100,ssb-v2-block,mlp,protocol-v3,1.0,32,1,1,238,0.002702917030546814,0.01742591697257012,697958400,0.1328125
564ac74e917cf4af,cifar100,ssb-v2-block,mlp,protocol-v3,1.0,32,1,1,239,0.0027308750431984663,0.017379541997797787,697958400,0.0859375
564ac74e917cf4af,cifar100,ssb-v2-block,mlp,protocol-v3,1.0,32,1,1,240,0.0027224160148762167,0.017598625039681792,697974784,0.125
564ac74e917cf4af,cifar100,ssb-v2-block,mlp,protocol-v3,1.0,32,1,1,241,0.002717832976486534,0.01735699997516349,697974784,0.140625
564ac74e917cf4af,cifar100,ssb-v2-block,mlp,protocol-v3,1.0,32,1,1,242,0.002706333005335182,0.01735400001052767,697974784,0.125
564ac74e917cf4af,cifar100,ssb-v2-block,mlp,protocol-v3,1.0,32,1,1,243,0.0027239579940214753,0.017359791963826865,697974784,0.125
564ac74e917cf4af,cifar100,ssb-v2-block,mlp,protocol-v3,1.0,32,1,1,244,0.0027100000297650695,0.017351542017422616,697974784,0.1484375
564ac74e917cf4af,cifar100,ssb-v2-block,mlp,protocol-v3,1.0,32,1,1,245,0.0027115410193800926,0.01737970794783905,697974784,0.1484375
564ac74e917cf4af,cifar100,ssb-v2-block,mlp,protocol-v3,1.0,32,1,1,246,0.0027079590363427997,0.017389416985679418,697974784,0.140625
564ac74e917cf4af,cifar100,ssb-v2-block,mlp,protocol-v3,1.0,32,1,1,247,0.002701665973290801,0.01747041702037677,697974784,0.15625
564ac74e917cf4af,cifar100,ssb-v2-block,mlp,protocol-v3,1.0,32,1,1,248,0.002708040992729366,0.017425499972887337,697974784,0.125
564ac74e917cf4af,cifar100,ssb-v2-block,mlp,protocol-v3,1.0,32,1,1,249,0.002719750045798719,0.017407249950338155,697974784,0.125
564ac74e917cf4af,cifar100,ssb-v2-block,mlp,protocol-v3,1.0,32,1,1,250,0.002708790998440236,0.017401707998942584,697991168,0.1484375
564ac74e917cf4af,cifar100,ssb-v2-block,mlp,protocol-v3,1.0,32,1,1,251,0.002721334050875157,0.017452542029786855,697991168,0.1484375
564ac74e917cf4af,cifar100,ssb-v2-block,mlp,protocol-v3,1.0,32,1,1,252,0.0027096669655293226,0.017425124999135733,697991168,0.09375
564ac74e917cf4af,cifar100,ssb-v2-block,mlp,protocol-v3,1.0,32,1,1,253,0.0027217500028200448,0.01737808302277699,697991168,0.109375
564ac74e917cf4af,cifar100,ssb-v2-block,mlp,protocol-v3,1.0,32,1,1,254,0.0027112499810755253,0.01736295799491927,697991168,0.109375
564ac74e917cf4af,cifar100,ssb-v2-block,mlp,protocol-v3,1.0,32,1,1,255,0.002864583977498114,0.017365457955747843,697991168,0.1484375
564ac74e917cf4af,cifar100,ssb-v2-block,mlp,protocol-v3,1.0,32,1,1,256,0.0027071660151705146,0.01734870800282806,697991168,0.203125
564ac74e917cf4af,cifar100,ssb-v2-block,mlp,protocol-v3,1.0,32,1,1,257,0.0027025419985875487,0.01742779102642089,697991168,0.1171875
564ac74e917cf4af,cifar100,ssb-v2-block,mlp,protocol-v3,1.0,32,1,1,258,0.002705999999307096,0.017456250032410026,697991168,0.1171875
564ac74e917cf4af,cifar100,ssb-v2-block,mlp,protocol-v3,1.0,32,1,1,259,0.0027010419871658087,0.017417583032511175,697991168,0.0859375
564ac74e917cf4af,cifar100,ssb-v2-block,mlp,protocol-v3,1.0,32,1,1,260,0.002717291994486004,0.017355416028294712,697991168,0.1953125
564ac74e917cf4af,cifar100,ssb-v2-block,mlp,protocol-v3,1.0,32,1,1,261,0.002703874954022467,0.017445958976168185,697991168,0.1328125
564ac74e917cf4af,cifar100,ssb-v2-block,mlp,protocol-v3,1.0,32,1,1,262,0.002713916008360684,0.01740704197436571,697991168,0.1015625
564ac74e917cf4af,cifar100,ssb-v2-block,mlp,protocol-v3,1.0,32,1,1,263,0.0027118330472148955,0.017366583982948214,697991168,0.1328125
564ac74e917cf4af,cifar100,ssb-v2-block,mlp,protocol-v3,1.0,32,1,1,264,0.0027183329802937806,0.017433249973692,698007552,0.0625
564ac74e917cf4af,cifar100,ssb-v2-block,mlp,protocol-v3,1.0,32,1,1,265,0.002711709006689489,0.01747550000436604,698007552,0.140625
564ac74e917cf4af,cifar100,ssb-v2-block,mlp,protocol-v3,1.0,32,1,1,266,0.0026986669981852174,0.017384582955855876,698007552,0.0625
564ac74e917cf4af,cifar100,ssb-v2-block,mlp,protocol-v3,1.0,32,1,1,267,0.002709333028178662,0.01741554099135101,698007552,0.1484375
564ac74e917cf4af,cifar100,ssb-v2-block,mlp,protocol-v3,1.0,32,1,1,268,0.002716457995120436,0.0174029580084607,698007552,0.140625
564ac74e917cf4af,cifar100,ssb-v2-block,mlp,protocol-v3,1.0,32,1,1,269,0.0027173749986104667,0.017402541008777916,698007552,0.1484375
564ac74e917cf4af,cifar100,ssb-v2-block,mlp,protocol-v3,1.0,32,1,1,270,0.002710208995267749,0.017483624978922307,698007552,0.140625
564ac74e917cf4af,cifar100,ssb-v2-block,mlp,protocol-v3,1.0,32,1,1,271,0.0027320419903844595,0.017521042027510703,698007552,0.15625
564ac74e917cf4af,cifar100,ssb-v2-block,mlp,protocol-v3,1.0,32,1,1,272,0.0027059579733759165,0.01740820799022913,698007552,0.1328125
564ac74e917cf4af,cifar100,ssb-v2-block,mlp,protocol-v3,1.0,32,1,1,273,0.002720208023674786,0.017335833981633186,698007552,0.1640625
564ac74e917cf4af,cifar100,ssb-v2-block,mlp,protocol-v3,1.0,32,1,1,274,0.0027036669780500233,0.017363958992064,698007552,0.171875
564ac74e917cf4af,cifar100,ssb-v2-block,mlp,protocol-v3,1.0,32,1,1,275,0.002705290971789509,0.017414834001101553,698023936,0.1640625
564ac74e917cf4af,cifar100,ssb-v2-block,mlp,protocol-v3,1.0,32,1,1,276,0.002706457977183163,0.017360500001814216,698023936,0.125
564ac74e917cf4af,cifar100,ssb-v2-block,mlp,protocol-v3,1.0,32,1,1,277,0.0027209999971091747,0.01735858403844759,698040320,0.15625
564ac74e917cf4af,cifar100,ssb-v2-block,mlp,protocol-v3,1.0,32,1,1,278,0.0027230840059928596,0.017416458984371275,698040320,0.09375
564ac74e917cf4af,cifar100,ssb-v2-block,mlp,protocol-v3,1.0,32,1,1,279,0.0027054170495830476,0.017388165986631066,698040320,0.1328125
564ac74e917cf4af,cifar100,ssb-v2-block,mlp,protocol-v3,1.0,32,1,1,280,0.0027143339975737035,0.017414625035598874,698040320,0.125
564ac74e917cf4af,cifar100,ssb-v2-block,mlp,protocol-v3,1.0,32,1,1,281,0.0027151249814778566,0.01746429200284183,698040320,0.0859375
564ac74e917cf4af,cifar100,ssb-v2-block,mlp,protocol-v3,1.0,32,1,1,282,0.002712415996938944,0.017401417018845677,698040320,0.1171875
564ac74e917cf4af,cifar100,ssb-v2-block,mlp,protocol-v3,1.0,32,1,1,283,0.002727125014644116,0.0174059999990277,698040320,0.140625
564ac74e917cf4af,cifar100,ssb-v2-block,mlp,protocol-v3,1.0,32,1,1,284,0.0027051250217482448,0.0174633749993518,698040320,0.1328125
564ac74e917cf4af,cifar100,ssb-v2-block,mlp,protocol-v3,1.0,32,1,1,285,0.002718500036280602,0.017378500022459775,698056704,0.1640625
564ac74e917cf4af,cifar100,ssb-v2-block,mlp,protocol-v3,1.0,32,1,1,286,0.0027253750013187528,0.01740258402423933,698056704,0.1484375
564ac74e917cf4af,cifar100,ssb-v2-block,mlp,protocol-v3,1.0,32,1,1,287,0.00272208295064047,0.0172989169950597,698056704,0.1171875
564ac74e917cf4af,cifar100,ssb-v2-block,mlp,protocol-v3,1.0,32,1,1,288,0.0027035000384785235,0.017453915963415056,698056704,0.0859375
564ac74e917cf4af,cifar100,ssb-v2-block,mlp,protocol-v3,1.0,32,1,1,289,0.002720707969274372,0.017543583002407104,698073088,0.125
564ac74e917cf4af,cifar100,ssb-v2-block,mlp,protocol-v3,1.0,32,1,1,290,0.0027225420344620943,0.01740987499943003,698073088,0.1328125
564ac74e917cf4af,cifar100,ssb-v2-block,mlp,protocol-v3,1.0,32,1,1,291,0.002711915993131697,0.01737379201222211,698073088,0.1171875
564ac74e917cf4af,cifar100,ssb-v2-block,mlp,protocol-v3,1.0,32,1,1,292,0.0027163749909959733,0.017509792000055313,698073088,0.1640625
564ac74e917cf4af,cifar100,ssb-v2-block,mlp,protocol-v3,1.0,32,1,1,293,0.0028267090092413127,0.017411707958672196,698073088,0.1640625
564ac74e917cf4af,cifar100,ssb-v2-block,mlp,protocol-v3,1.0,32,1,1,294,0.0027067080372944474,0.01743254199391231,698073088,0.140625
564ac74e917cf4af,cifar100,ssb-v2-block,mlp,protocol-v3,1.0,32,1,1,295,0.0027095419936813414,0.017414875037502497,698089472,0.140625
564ac74e917cf4af,cifar100,ssb-v2-block,mlp,protocol-v3,1.0,32,1,1,296,0.0027204579673707485,0.017452250001952052,698089472,0.1015625
564ac74e917cf4af,cifar100,ssb-v2-block,mlp,protocol-v3,1.0,32,1,1,297,0.0027205829974263906,0.0174982090247795,698089472,0.15625
564ac74e917cf4af,cifar100,ssb-v2-block,mlp,protocol-v3,1.0,32,1,1,298,0.002712916990276426,0.01743487495696172,698089472,0.15625
564ac74e917cf4af,cifar100,ssb-v2-block,mlp,protocol-v3,1.0,32,1,1,299,0.0027032910147681832,0.017404999991413206,698089472,0.125
564ac74e917cf4af,cifar100,ssb-v2-block,mlp,protocol-v3,1.0,32,1,1,300,0.0027124579646624625,0.017328832997009158,698089472,0.15625
564ac74e917cf4af,cifar100,ssb-v2-block,mlp,protocol-v3,1.0,32,1,1,301,0.0027097080019302666,0.01742483297130093,698089472,0.125
564ac74e917cf4af,cifar100,ssb-v2-block,mlp,protocol-v3,1.0,32,1,1,302,0.0027169170207343996,0.01752708398271352,698089472,0.15625
564ac74e917cf4af,cifar100,ssb-v2-block,mlp,protocol-v3,1.0,32,1,1,303,0.002715667011216283,0.017387792002409697,698089472,0.203125
564ac74e917cf4af,cifar100,ssb-v2-block,mlp,protocol-v3,1.0,32,1,1,304,0.0027071249787695706,0.017427208018489182,698089472,0.1015625
564ac74e917cf4af,cifar100,ssb-v2-block,mlp,protocol-v3,1.0,32,1,1,305,0.002708999963942915,0.017369333014357835,698089472,0.140625
564ac74e917cf4af,cifar100,ssb-v2-block,mlp,protocol-v3,1.0,32,1,1,306,0.0028301250422373414,0.01740374998189509,698089472,0.171875
564ac74e917cf4af,cifar100,ssb-v2-block,mlp,protocol-v3,1.0,32,1,1,307,0.00271145801525563,0.017422291974071413,698105856,0.1875
564ac74e917cf4af,cifar100,ssb-v2-block,mlp,protocol-v3,1.0,32,1,1,308,0.002703166042920202,0.01729366701329127,698105856,0.1875
564ac74e917cf4af,cifar100,ssb-v2-block,mlp,protocol-v3,1.0,32,1,1,309,0.0027211669948883355,0.017483834002632648,698105856,0.1328125
564ac74e917cf4af,cifar100,ssb-v2-block,mlp,protocol-v3,1.0,32,1,1,310,0.002712832996621728,0.017371749971061945,698105856,0.171875
564ac74e917cf4af,cifar100,ssb-v2-block,mlp,protocol-v3,1.0,32,1,1,311,0.0027084999601356685,0.017539124994073063,698105856,0.109375
564ac74e917cf4af,cifar100,ssb-v2-block,mlp,protocol-v3,1.0,32,1,1,312,0.002711874956730753,0.01733362500090152,698105856,0.1953125
564ac74e917cf4af,cifar100,ssb-v2-block,mlp,protocol-v3,1.0,32,1,1,313,0.0027001670096069574,0.0174286249675788,698105856,0.1484375
564ac74e917cf4af,cifar100,ssb-v2-block,mlp,protocol-v3,1.0,32,1,1,314,0.00270866701612249,0.017386000021360815,698122240,0.1875
564ac74e917cf4af,cifar100,ssb-v2-block,mlp,protocol-v3,1.0,32,1,1,315,0.002696541021578014,0.01735312503296882,698122240,0.171875
564ac74e917cf4af,cifar100,ssb-v2-block,mlp,protocol-v3,1.0,32,1,1,316,0.002718999981880188,0.01741441700141877,698122240,0.109375
564ac74e917cf4af,cifar100,ssb-v2-block,mlp,protocol-v3,1.0,32,1,1,317,0.0027181250043213367,0.017381499987095594,698122240,0.125
564ac74e917cf4af,cifar100,ssb-v2-block,mlp,protocol-v3,1.0,32,1,1,318,0.0027064159512519836,0.01737424999009818,698122240,0.1640625
564ac74e917cf4af,cifar100,ssb-v2-block,mlp,protocol-v3,1.0,32,1,1,319,0.002717708994168788,0.017398208961822093,698122240,0.1796875
564ac74e917cf4af,cifar100,ssb-v2-block,mlp,protocol-v3,1.0,32,1,1,320,0.002709832973778248,0.01734183297958225,698138624,0.125
564ac74e917cf4af,cifar100,ssb-v2-block,mlp,protocol-v3,1.0,32,1,1,321,0.0027172500267624855,0.017418582981918007,698138624,0.1171875
564ac74e917cf4af,cifar100,ssb-v2-block,mlp,protocol-v3,1.0,32,1,1,322,0.0027136249700561166,0.017412666988093406,698138624,0.125
564ac74e917cf4af,cifar100,ssb-v2-block,mlp,protocol-v3,1.0,32,1,1,323,0.002720958029385656,0.01739308302057907,698138624,0.1796875
564ac74e917cf4af,cifar100,ssb-v2-block,mlp,protocol-v3,1.0,32,1,1,324,0.002713125024456531,0.017419499985408038,698138624,0.1328125
564ac74e917cf4af,cifar100,ssb-v2-block,mlp,protocol-v3,1.0,32,1,1,325,0.0027254580054432154,0.017345291969832033,698138624,0.171875
564ac74e917cf4af,cifar100,ssb-v2-block,mlp,protocol-v3,1.0,32,1,1,326,0.002840000030118972,0.01741512498119846,698138624,0.109375
564ac74e917cf4af,cifar100,ssb-v2-block,mlp,protocol-v3,1.0,32,1,1,327,0.00270566699327901,0.01735941699007526,698171392,0.140625
564ac74e917cf4af,cifar100,ssb-v2-block,mlp,protocol-v3,1.0,32,1,1,328,0.0027062500012107193,0.01726633298676461,698171392,0.15625
564ac74e917cf4af,cifar100,ssb-v2-block,mlp,protocol-v3,1.0,32,1,1,329,0.0027049159980379045,0.017392084002494812,698171392,0.21875
564ac74e917cf4af,cifar100,ssb-v2-block,mlp,protocol-v3,1.0,32,1,1,330,0.002721124968957156,0.0174270830466412,698171392,0.1484375
564ac74e917cf4af,cifar100,ssb-v2-block,mlp,protocol-v3,1.0,32,1,1,331,0.002713666995987296,0.017324249958619475,698171392,0.125
564ac74e917cf4af,cifar100,ssb-v2-block,mlp,protocol-v3,1.0,32,1,1,332,0.002708790998440236,0.017395916976965964,698171392,0.1328125
564ac74e917cf4af,cifar100,ssb-v2-block,mlp,protocol-v3,1.0,32,1,1,333,0.002713290974497795,0.017353416013065726,698171392,0.1171875
564ac74e917cf4af,cifar100,ssb-v2-block,mlp,protocol-v3,1.0,32,1,1,334,0.0027139169978909194,0.017342207953333855,698171392,0.140625
564ac74e917cf4af,cifar100,ssb-v2-block,mlp,protocol-v3,1.0,32,1,1,335,0.0027211669948883355,0.01740783400600776,698171392,0.203125
564ac74e917cf4af,cifar100,ssb-v2-block,mlp,protocol-v3,1.0,32,1,1,336,0.00271145801525563,0.017341375001706183,698171392,0.1171875
564ac74e917cf4af,cifar100,ssb-v2-block,mlp,protocol-v3,1.0,32,1,1,337,0.002841708017513156,0.017391583998687565,698171392,0.1640625
564ac74e917cf4af,cifar100,ssb-v2-block,mlp,protocol-v3,1.0,32,1,1,338,0.0027260410133749247,0.01741495804162696,698171392,0.125
564ac74e917cf4af,cifar100,ssb-v2-block,mlp,protocol-v3,1.0,32,1,1,339,0.0027164999628439546,0.01735320797888562,698171392,0.109375
564ac74e917cf4af,cifar100,ssb-v2-block,mlp,protocol-v3,1.0,32,1,1,340,0.0027030420023947954,0.01735700003337115,698171392,0.140625
564ac74e917cf4af,cifar100,ssb-v2-block,mlp,protocol-v3,1.0,32,1,1,341,0.0026997089735232294,0.017424749967176467,698171392,0.125
564ac74e917cf4af,cifar100,ssb-v2-block,mlp,protocol-v3,1.0,32,1,1,342,0.002720082993619144,0.01733812503516674,698187776,0.1875
564ac74e917cf4af,cifar100,ssb-v2-block,mlp,protocol-v3,1.0,32,1,1,343,0.002725625003222376,0.017482499999459833,698204160,0.140625
564ac74e917cf4af,cifar100,ssb-v2-block,mlp,protocol-v3,1.0,32,1,1,344,0.00271333398995921,0.017455458000767976,698204160,0.1015625
564ac74e917cf4af,cifar100,ssb-v2-block,mlp,protocol-v3,1.0,32,1,1,345,0.0027243749937042594,0.017417458002455533,698204160,0.171875
564ac74e917cf4af,cifar100,ssb-v2-block,mlp,protocol-v3,1.0,32,1,1,346,0.0026931660249829292,0.01743329199962318,698204160,0.125
564ac74e917cf4af,cifar100,ssb-v2-block,mlp,protocol-v3,1.0,32,1,1,347,0.002712832996621728,0.017325041990261525,698204160,0.15625
564ac74e917cf4af,cifar100,ssb-v2-block,mlp,protocol-v3,1.0,32,1,1,348,0.0027051670476794243,0.017399333999492228,698204160,0.140625
564ac74e917cf4af,cifar100,ssb-v2-block,mlp,protocol-v3,1.0,32,1,1,349,0.002707458974327892,0.017397375020664185,698204160,0.171875
564ac74e917cf4af,cifar100,ssb-v2-block,mlp,protocol-v3,1.0,32,1,1,350,0.0027210420230403543,0.017411292006727308,698204160,0.1484375
564ac74e917cf4af,cifar100,ssb-v2-block,mlp,protocol-v3,1.0,32,1,1,351,0.0026974169886671007,0.01745379198109731,698204160,0.125
564ac74e917cf4af,cifar100,ssb-v2-block,mlp,protocol-v3,1.0,32,1,1,352,0.002713209018111229,0.01740983297349885,698204160,0.1796875
564ac74e917cf4af,cifar100,ssb-v2-block,mlp,protocol-v3,1.0,32,1,1,353,0.002701958001125604,0.017525750037748367,698204160,0.1484375
564ac74e917cf4af,cifar100,ssb-v2-block,mlp,protocol-v3,1.0,32,1,1,354,0.0027140420279465616,0.017376374977175146,698204160,0.1171875
564ac74e917cf4af,cifar100,ssb-v2-block,mlp,protocol-v3,1.0,32,1,1,355,0.0027299579815007746,0.017400790995452553,698204160,0.1328125
564ac74e917cf4af,cifar100,ssb-v2-block,mlp,protocol-v3,1.0,32,1,1,356,0.002709333028178662,0.017391875036992133,698204160,0.1796875
564ac74e917cf4af,cifar100,ssb-v2-block,mlp,protocol-v3,1.0,32,1,1,357,0.0027170839603058994,0.017357832984998822,698220544,0.140625
564ac74e917cf4af,cifar100,ssb-v2-block,mlp,protocol-v3,1.0,32,1,1,358,0.00270566699327901,0.01742054201895371,698236928,0.140625
564ac74e917cf4af,cifar100,ssb-v2-block,mlp,protocol-v3,1.0,32,1,1,359,0.0027124579646624625,0.017395125003531575,698236928,0.140625
564ac74e917cf4af,cifar100,ssb-v2-block,mlp,protocol-v3,1.0,32,1,1,360,0.0027041659923270345,0.017367957974784076,698236928,0.1328125
564ac74e917cf4af,cifar100,ssb-v2-block,mlp,protocol-v3,1.0,32,1,1,361,0.0027191669796593487,0.017414540983736515,698236928,0.140625
564ac74e917cf4af,cifar100,ssb-v2-block,mlp,protocol-v3,1.0,32,1,1,362,0.0027076660189777613,0.017339292040560395,698236928,0.1015625
564ac74e917cf4af,cifar100,ssb-v2-block,mlp,protocol-v3,1.0,32,1,1,363,0.002724457997828722,0.017466458026319742,698236928,0.171875
564ac74e917cf4af,cifar100,ssb-v2-block,mlp,protocol-v3,1.0,32,1,1,364,0.0027012499631382525,0.01742408302379772,698236928,0.15625
564ac74e917cf4af,cifar100,ssb-v2-block,mlp,protocol-v3,1.0,32,1,1,365,0.0027109580114483833,0.01739679102320224,698236928,0.109375
564ac74e917cf4af,cifar100,ssb-v2-block,mlp,protocol-v3,1.0,32,1,1,366,0.002719624957535416,0.017343042010907084,698236928,0.0703125
564ac74e917cf4af,cifar100,ssb-v2-block,mlp,protocol-v3,1.0,32,1,1,367,0.002733167028054595,0.01733875001082197,698236928,0.1796875
564ac74e917cf4af,cifar100,ssb-v2-block,mlp,protocol-v3,1.0,32,1,1,368,0.002721833996474743,0.017387417028658092,698236928,0.125
564ac74e917cf4af,cifar100,ssb-v2-block,mlp,protocol-v3,1.0,32,1,1,369,0.0027282920200377703,0.017548999981954694,698253312,0.1328125
564ac74e917cf4af,cifar100,ssb-v2-block,mlp,protocol-v3,1.0,32,1,1,370,0.0027093749959021807,0.01734187500551343,698253312,0.15625
564ac74e917cf4af,cifar100,ssb-v2-block,mlp,protocol-v3,1.0,32,1,1,371,0.0027043750160373747,0.017397208022885025,698253312,0.1328125
564ac74e917cf4af,cifar100,ssb-v2-block,mlp,protocol-v3,1.0,32,1,1,372,0.0027163749909959733,0.017341666971333325,698253312,0.1171875
564ac74e917cf4af,cifar100,ssb-v2-block,mlp,protocol-v3,1.0,32,1,1,373,0.002738958050031215,0.017445125035010278,698253312,0.1171875
564ac74e917cf4af,cifar100,ssb-v2-block,mlp,protocol-v3,1.0,32,1,1,374,0.0027156249852851033,0.017395792005117983,698253312,0.125
564ac74e917cf4af,cifar100,ssb-v2-block,mlp,protocol-v3,1.0,32,1,1,375,0.002714000002015382,0.017346209031529725,698253312,0.1328125
564ac74e917cf4af,cifar100,ssb-v2-block,mlp,protocol-v3,1.0,32,1,1,376,0.002714292029850185,0.01740733301267028,698286080,0.1171875
564ac74e917cf4af,cifar100,ssb-v2-block,mlp,protocol-v3,1.0,32,1,1,377,0.002714166999794543,0.017446374986320734,698286080,0.1484375
564ac74e917cf4af,cifar100,ssb-v2-block,mlp,protocol-v3,1.0,32,1,1,378,0.00270641699898988,0.017352333990857005,698286080,0.140625
564ac74e917cf4af,cifar100,ssb-v2-block,mlp,protocol-v3,1.0,32,1,1,379,0.0027152500115334988,0.01739320799242705,698286080,0.140625
564ac74e917cf4af,cifar100,ssb-v2-block,mlp,protocol-v3,1.0,32,1,1,380,0.002701584016904235,0.01749979198211804,698286080,0.140625
564ac74e917cf4af,cifar100,ssb-v2-block,mlp,protocol-v3,1.0,32,1,1,381,0.0027080419822596014,0.01733658299781382,698286080,0.1875
564ac74e917cf4af,cifar100,ssb-v2-block,mlp,protocol-v3,1.0,32,1,1,382,0.002716084010899067,0.01740312500623986,698302464,0.171875
564ac74e917cf4af,cifar100,ssb-v2-block,mlp,protocol-v3,1.0,32,1,1,383,0.0027076660189777613,0.01735412498237565,698318848,0.1328125
564ac74e917cf4af,cifar100,ssb-v2-block,mlp,protocol-v3,1.0,32,1,1,384,0.0027120839804410934,0.017489542020484805,698318848,0.109375
564ac74e917cf4af,cifar100,ssb-v2-block,mlp,protocol-v3,1.0,32,1,1,385,0.002708999963942915,0.017468000005465,698335232,0.109375
564ac74e917cf4af,cifar100,ssb-v2-block,mlp,protocol-v3,1.0,32,1,1,386,0.0027254580054432154,0.017398041964042932,698335232,0.1328125
564ac74e917cf4af,cifar100,ssb-v2-block,mlp,protocol-v3,1.0,32,1,1,387,0.0027101250016130507,0.01735695800743997,698335232,0.1171875
564ac74e917cf4af,cifar100,ssb-v2-block,mlp,protocol-v3,1.0,32,1,1,388,0.002709917025640607,0.017339707992505282,698335232,0.1640625
564ac74e917cf4af,cifar100,ssb-v2-block,mlp,protocol-v3,1.0,32,1,1,389,0.0027018749970011413,0.017382833000738174,698335232,0.1796875
564ac74e917cf4af,cifar100,ssb-v2-block,mlp,protocol-v3,1.0,32,1,1,390,0.010969042021315545,0.04913004097761586,707674112,0.1625
564ac74e917cf4af,cifar100,ssb-v2-block,mlp,protocol-v3,1.0,32,1,2,0,0.0028440830064937472,0.017726249992847443,717848576,0.1484375
564ac74e917cf4af,cifar100,ssb-v2-block,mlp,protocol-v3,1.0,32,1,2,1,0.002789375022985041,0.017737166956067085,717848576,0.171875
564ac74e917cf4af,cifar100,ssb-v2-block,mlp,protocol-v3,1.0,32,1,2,2,0.0027744589606299996,0.017487250035628676,717848576,0.1484375
564ac74e917cf4af,cifar100,ssb-v2-block,mlp,protocol-v3,1.0,32,1,2,3,0.0027474169619381428,0.017430707986932248,717848576,0.1484375
564ac74e917cf4af,cifar100,ssb-v2-block,mlp,protocol-v3,1.0,32,1,2,4,0.002751833002548665,0.01750637503573671,717848576,0.1796875
564ac74e917cf4af,cifar100,ssb-v2-block,mlp,protocol-v3,1.0,32,1,2,5,0.0027311670128256083,0.01742408302379772,717848576,0.1328125
564ac74e917cf4af,cifar100,ssb-v2-block,mlp,protocol-v3,1.0,32,1,2,6,0.0027215410373173654,0.01749887503683567,717848576,0.1171875
564ac74e917cf4af,cifar100,ssb-v2-block,mlp,protocol-v3,1.0,32,1,2,7,0.002724750025663525,0.017400957993231714,717848576,0.1796875
564ac74e917cf4af,cifar100,ssb-v2-block,mlp,protocol-v3,1.0,32,1,2,8,0.0027143750339746475,0.017515417013783008,718831616,0.140625
564ac74e917cf4af,cifar100,ssb-v2-block,mlp,protocol-v3,1.0,32,1,2,9,0.002717750030569732,0.01747304102173075,718831616,0.171875
564ac74e917cf4af,cifar100,ssb-v2-block,mlp,protocol-v3,1.0,32,1,2,10,0.0027230000123381615,0.01750933303264901,718831616,0.1484375
564ac74e917cf4af,cifar100,ssb-v2-block,mlp,protocol-v3,1.0,32,1,2,11,0.0026929579908028245,0.01732366601936519,718831616,0.1171875
564ac74e917cf4af,cifar100,ssb-v2-block,mlp,protocol-v3,1.0,32,1,2,12,0.0027075829566456378,0.017428292019758373,718831616,0.1171875
564ac74e917cf4af,cifar100,ssb-v2-block,mlp,protocol-v3,1.0,32,1,2,13,0.00272062502335757,0.01743904099566862,718831616,0.1796875
564ac74e917cf4af,cifar100,ssb-v2-block,mlp,protocol-v3,1.0,32,1,2,14,0.0027078750426881015,0.017395874951034784,718831616,0.1484375
564ac74e917cf4af,cifar100,ssb-v2-block,mlp,protocol-v3,1.0,32,1,2,15,0.0027010830235667527,0.017468249949160963,718848000,0.140625
564ac74e917cf4af,cifar100,ssb-v2-block,mlp,protocol-v3,1.0,32,1,2,16,0.0027042499859817326,0.017409624997526407,718848000,0.1796875
564ac74e917cf4af,cifar100,ssb-v2-block,mlp,protocol-v3,1.0,32,1,2,17,0.00270416698185727,0.01736670802347362,718848000,0.2265625
564ac74e917cf4af,cifar100,ssb-v2-block,mlp,protocol-v3,1.0,32,1,2,18,0.0027039999840781093,0.017444750003051013,718848000,0.1640625
564ac74e917cf4af,cifar100,ssb-v2-block,mlp,protocol-v3,1.0,32,1,2,19,0.0027148329536430538,0.01755104202311486,718848000,0.1640625
564ac74e917cf4af,cifar100,ssb-v2-block,mlp,protocol-v3,1.0,32,1,2,20,0.0027140830061398447,0.017432291992008686,718848000,0.1796875
564ac74e917cf4af,cifar100,ssb-v2-block,mlp,protocol-v3,1.0,32,1,2,21,0.0027362090186215937,0.017354709038045257,718848000,0.140625
564ac74e917cf4af,cifar100,ssb-v2-block,mlp,protocol-v3,1.0,32,1,2,22,0.0027104580076411366,0.017346000007819384,718848000,0.140625
564ac74e917cf4af,cifar100,ssb-v2-block,mlp,protocol-v3,1.0,32,1,2,23,0.0028384169563651085,0.017423665965907276,718848000,0.1171875
564ac74e917cf4af,cifar100,ssb-v2-block,mlp,protocol-v3,1.0,32,1,2,24,0.002829583012498915,0.017522792040836066,718848000,0.1328125
564ac74e917cf4af,cifar100,ssb-v2-block,mlp,protocol-v3,1.0,32,1,2,25,0.0028596249758265913,0.0178209159639664,718848000,0.21875
564ac74e917cf4af,cifar100,ssb-v2-block,mlp,protocol-v3,1.0,32,1,2,26,0.0028622919926419854,0.017685792001429945,718848000,0.1953125
564ac74e917cf4af,cifar100,ssb-v2-block,mlp,protocol-v3,1.0,32,1,2,27,0.002743499993812293,0.01743716700002551,718864384,0.1953125
564ac74e917cf4af,cifar100,ssb-v2-block,mlp,protocol-v3,1.0,32,1,2,28,0.0027252500294707716,0.017429583007469773,718864384,0.203125
564ac74e917cf4af,cifar100,ssb-v2-block,mlp,protocol-v3,1.0,32,1,2,29,0.0027361249667592347,0.017557499988470227,718864384,0.140625
564ac74e917cf4af,cifar100,ssb-v2-block,mlp,protocol-v3,1.0,32,1,2,30,0.0027247919933870435,0.017491875041741878,718864384,0.1875
564ac74e917cf4af,cifar100,ssb-v2-block,mlp,protocol-v3,1.0,32,1,2,31,0.0027328330324962735,0.017467416008003056,718864384,0.21875
564ac74e917cf4af,cifar100,ssb-v2-block,mlp,protocol-v3,1.0,32,1,2,32,0.0027246669633314013,0.017373165988828987,718864384,0.203125
564ac74e917cf4af,cifar100,ssb-v2-block,mlp,protocol-v3,1.0,32,1,2,33,0.002736459020525217,0.01738637499511242,718864384,0.2265625
564ac74e917cf4af,cifar100,ssb-v2-block,mlp,protocol-v3,1.0,32,1,2,34,0.0027209999971091747,0.017336207965854555,718864384,0.15625
564ac74e917cf4af,cifar100,ssb-v2-block,mlp,protocol-v3,1.0,32,1,2,35,0.00271687499480322,0.017383667000103742,718864384,0.2109375
564ac74e917cf4af,cifar100,ssb-v2-block,mlp,protocol-v3,1.0,32,1,2,36,0.0027121659950353205,0.017451082996558398,718864384,0.1640625
564ac74e917cf4af,cifar100,ssb-v2-block,mlp,protocol-v3,1.0,32,1,2,37,0.0027085839537903666,0.01737141702324152,718864384,0.1484375
564ac74e917cf4af,cifar100,ssb-v2-block,mlp,protocol-v3,1.0,32,1,2,38,0.0027136250282637775,0.017430708976462483,718864384,0.15625
564ac74e917cf4af,cifar100,ssb-v2-block,mlp,protocol-v3,1.0,32,1,2,39,0.0027135839918628335,0.01761229202384129,718864384,0.1796875
564ac74e917cf4af,cifar100,ssb-v2-block,mlp,protocol-v3,1.0,32,1,2,40,0.002694167022127658,0.01742049999302253,718864384,0.171875
564ac74e917cf4af,cifar100,ssb-v2-block,mlp,protocol-v3,1.0,32,1,2,41,0.002720166987273842,0.017440208001062274,718864384,0.2109375
564ac74e917cf4af,cifar100,ssb-v2-block,mlp,protocol-v3,1.0,32,1,2,42,0.0027385830180719495,0.01749720796942711,718864384,0.1953125
564ac74e917cf4af,cifar100,ssb-v2-block,mlp,protocol-v3,1.0,32,1,2,43,0.002748291997704655,0.01741283299634233,718864384,0.1328125
564ac74e917cf4af,cifar100,ssb-v2-block,mlp,protocol-v3,1.0,32,1,2,44,0.00271387497195974,0.017341541009955108,718864384,0.1875
564ac74e917cf4af,cifar100,ssb-v2-block,mlp,protocol-v3,1.0,32,1,2,45,0.002733916975557804,0.01755108399083838,718864384,0.1484375
564ac74e917cf4af,cifar100,ssb-v2-block,mlp,protocol-v3,1.0,32,1,2,46,0.0027239160262979567,0.017376666015479714,718864384,0.1875
564ac74e917cf4af,cifar100,ssb-v2-block,mlp,protocol-v3,1.0,32,1,2,47,0.0027311249868944287,0.017661584017332643,718864384,0.125
564ac74e917cf4af,cifar100,ssb-v2-block,mlp,protocol-v3,1.0,32,1,2,48,0.0027194589492864907,0.01748466701246798,718864384,0.1953125
564ac74e917cf4af,cifar100,ssb-v2-block,mlp,protocol-v3,1.0,32,1,2,49,0.0027403340209275484,0.017404124955646694,718864384,0.1328125
564ac74e917cf4af,cifar100,ssb-v2-block,mlp,protocol-v3,1.0,32,1,2,50,0.002732417022343725,0.01736445794813335,718864384,0.140625
564ac74e917cf4af,cifar100,ssb-v2-block,mlp,protocol-v3,1.0,32,1,2,51,0.0027094169636256993,0.01741079200292006,718864384,0.1171875
564ac74e917cf4af,cifar100,ssb-v2-block,mlp,protocol-v3,1.0,32,1,2,52,0.0027045420138165355,0.017498667002655566,718864384,0.15625
564ac74e917cf4af,cifar100,ssb-v2-block,mlp,protocol-v3,1.0,32,1,2,53,0.002730584004893899,0.017286083020735532,718864384,0.1796875
564ac74e917cf4af,cifar100,ssb-v2-block,mlp,protocol-v3,1.0,32,1,2,54,0.002728042018134147,0.01737808302277699,718864384,0.15625
564ac74e917cf4af,cifar100,ssb-v2-block,mlp,protocol-v3,1.0,32,1,2,55,0.002711749984882772,0.01743754104245454,718864384,0.21875
564ac74e917cf4af,cifar100,ssb-v2-block,mlp,protocol-v3,1.0,32,1,2,56,0.0027134999982081354,0.01754558301763609,718864384,0.15625
564ac74e917cf4af,cifar100,ssb-v2-block,mlp,protocol-v3,1.0,32,1,2,57,0.00272583297919482,0.017415541980881244,718864384,0.15625
564ac74e917cf4af,cifar100,ssb-v2-block,mlp,protocol-v3,1.0,32,1,2,58,0.0026949580060318112,0.01732895796885714,718864384,0.2265625
564ac74e917cf4af,cifar100,ssb-v2-block,mlp,protocol-v3,1.0,32,1,2,59,0.002706457977183163,0.01744537497870624,718864384,0.1953125
564ac74e917cf4af,cifar100,ssb-v2-block,mlp,protocol-v3,1.0,32,1,2,60,0.002702999976463616,0.017414000001735985,718864384,0.1640625
564ac74e917cf4af,cifar100,ssb-v2-block,mlp,protocol-v3,1.0,32,1,2,61,0.0027455829549580812,0.01734108297387138,718864384,0.140625
564ac74e917cf4af,cifar100,ssb-v2-block,mlp,protocol-v3,1.0,32,1,2,62,0.00271462497767061,0.017409374995622784,718864384,0.171875
564ac74e917cf4af,cifar100,ssb-v2-block,mlp,protocol-v3,1.0,32,1,2,63,0.0027149160159751773,0.0173638749984093,718864384,0.125
564ac74e917cf4af,cifar100,ssb-v2-block,mlp,protocol-v3,1.0,32,1,2,64,0.002702792000491172,0.017408167012035847,718864384,0.1640625
564ac74e917cf4af,cifar100,ssb-v2-block,mlp,protocol-v3,1.0,32,1,2,65,0.0027152090333402157,0.01736912498017773,718864384,0.1484375
564ac74e917cf4af,cifar100,ssb-v2-block,mlp,protocol-v3,1.0,32,1,2,66,0.0027146670036017895,0.017427709011826664,718864384,0.171875
564ac74e917cf4af,cifar100,ssb-v2-block,mlp,protocol-v3,1.0,32,1,2,67,0.0026995830121450126,0.01756379200378433,718864384,0.1953125
564ac74e917cf4af,cifar100,ssb-v2-block,mlp,protocol-v3,1.0,32,1,2,68,0.0027134160045534372,0.017414667003322393,718864384,0.1640625
564ac74e917cf4af,cifar100,ssb-v2-block,mlp,protocol-v3,1.0,32,1,2,69,0.002715042035561055,0.017403625010047108,718864384,0.15625
564ac74e917cf4af,cifar100,ssb-v2-block,mlp,protocol-v3,1.0,32,1,2,70,0.002712499990593642,0.017280416970606893,718864384,0.203125
564ac74e917cf4af,cifar100,ssb-v2-block,mlp,protocol-v3,1.0,32,1,2,71,0.0027198750176467,0.017409457999747247,718864384,0.1484375
564ac74e917cf4af,cifar100,ssb-v2-block,mlp,protocol-v3,1.0,32,1,2,72,0.0027284580282866955,0.01743766595609486,718864384,0.15625
564ac74e917cf4af,cifar100,ssb-v2-block,mlp,protocol-v3,1.0,32,1,2,73,0.0027390000177547336,0.017372542002703995,718864384,0.125
564ac74e917cf4af,cifar100,ssb-v2-block,mlp,protocol-v3,1.0,32,1,2,74,0.0027050410280935466,0.017463832977227867,718864384,0.1640625
564ac74e917cf4af,cifar100,ssb-v2-block,mlp,protocol-v3,1.0,32,1,2,75,0.002732665976509452,0.01735291600925848,718864384,0.1640625
564ac74e917cf4af,cifar100,ssb-v2-block,mlp,protocol-v3,1.0,32,1,2,76,0.0027225419762544334,0.017393415968399495,718864384,0.21875
564ac74e917cf4af,cifar100,ssb-v2-block,mlp,protocol-v3,1.0,32,1,2,77,0.0027234999579377472,0.017484124982729554,718864384,0.1640625
564ac74e917cf4af,cifar100,ssb-v2-block,mlp,protocol-v3,1.0,32,1,2,78,0.002677333017345518,0.017384583014063537,718864384,0.2109375
564ac74e917cf4af,cifar100,ssb-v2-block,mlp,protocol-v3,1.0,32,1,2,79,0.0028222500113770366,0.017665292019955814,718864384,0.1484375
564ac74e917cf4af,cifar100,ssb-v2-block,mlp,protocol-v3,1.0,32,1,2,80,0.002856332983355969,0.01747387502109632,718864384,0.171875
564ac74e917cf4af,cifar100,ssb-v2-block,mlp,protocol-v3,1.0,32,1,2,81,0.0027988749789074063,0.017387333035003394,718864384,0.140625
564ac74e917cf4af,cifar100,ssb-v2-block,mlp,protocol-v3,1.0,32,1,2,82,0.002749500039499253,0.01741433300776407,718864384,0.140625
564ac74e917cf4af,cifar100,ssb-v2-block,mlp,protocol-v3,1.0,32,1,2,83,0.002740166033618152,0.017482624971307814,718880768,0.1171875
564ac74e917cf4af,cifar100,ssb-v2-block,mlp,protocol-v3,1.0,32,1,2,84,0.002687041007447988,0.017366499989293516,718880768,0.15625
564ac74e917cf4af,cifar100,ssb-v2-block,mlp,protocol-v3,1.0,32,1,2,85,0.0027764580445364118,0.01737062499159947,718880768,0.203125
564ac74e917cf4af,cifar100,ssb-v2-block,mlp,protocol-v3,1.0,32,1,2,86,0.0027887090109288692,0.017415541980881244,718880768,0.1953125
564ac74e917cf4af,cifar100,ssb-v2-block,mlp,protocol-v3,1.0,32,1,2,87,0.0027199590113013983,0.01741283299634233,718880768,0.109375
564ac74e917cf4af,cifar100,ssb-v2-block,mlp,protocol-v3,1.0,32,1,2,88,0.0027458330150693655,0.01745808304985985,718897152,0.1796875
564ac74e917cf4af,cifar100,ssb-v2-block,mlp,protocol-v3,1.0,32,1,2,89,0.002734125009737909,0.017524458991829306,718897152,0.1796875
564ac74e917cf4af,cifar100,ssb-v2-block,mlp,protocol-v3,1.0,32,1,2,90,0.002740333031397313,0.017454582965001464,718897152,0.125
564ac74e917cf4af,cifar100,ssb-v2-block,mlp,protocol-v3,1.0,32,1,2,91,0.0027201249613426626,0.01748995896195993,718897152,0.1640625
564ac74e917cf4af,cifar100,ssb-v2-block,mlp,protocol-v3,1.0,32,1,2,92,0.0026838749763555825,0.017382124962750822,718897152,0.1171875
564ac74e917cf4af,cifar100,ssb-v2-block,mlp,protocol-v3,1.0,32,1,2,93,0.0027166249928995967,0.017473667045123875,718897152,0.1875
564ac74e917cf4af,cifar100,ssb-v2-block,mlp,protocol-v3,1.0,32,1,2,94,0.0026927500148303807,0.017349749978166074,718897152,0.15625
564ac74e917cf4af,cifar100,ssb-v2-block,mlp,protocol-v3,1.0,32,1,2,95,0.0026918749790638685,0.017436542024370283,718897152,0.15625
564ac74e917cf4af,cifar100,ssb-v2-block,mlp,protocol-v3,1.0,32,1,2,96,0.002710083033889532,0.017349250032566488,718897152,0.1484375
564ac74e917cf4af,cifar100,ssb-v2-block,mlp,protocol-v3,1.0,32,1,2,97,0.002692416019272059,0.017324874992482364,718897152,0.0859375
564ac74e917cf4af,cifar100,ssb-v2-block,mlp,protocol-v3,1.0,32,1,2,98,0.0027154580457136035,0.017372542002703995,718913536,0.171875
564ac74e917cf4af,cifar100,ssb-v2-block,mlp,protocol-v3,1.0,32,1,2,99,0.0027267499826848507,0.01745495799696073,718929920,0.1484375
564ac74e917cf4af,cifar100,ssb-v2-block,mlp,protocol-v3,1.0,32,1,2,100,0.002721249999012798,0.017476624983828515,718929920,0.1796875
564ac74e917cf4af,cifar100,ssb-v2-block,mlp,protocol-v3,1.0,32,1,2,101,0.0027210419648326933,0.017439750023186207,718929920,0.140625
564ac74e917cf4af,cifar100,ssb-v2-block,mlp,protocol-v3,1.0,32,1,2,102,0.002707374980673194,0.017404916987288743,718929920,0.1953125
564ac74e917cf4af,cifar100,ssb-v2-block,mlp,protocol-v3,1.0,32,1,2,103,0.0027319579967297614,0.01735945901600644,718929920,0.1328125
564ac74e917cf4af,cifar100,ssb-v2-block,mlp,protocol-v3,1.0,32,1,2,104,0.0027057499974034727,0.01743162499042228,718929920,0.1484375
564ac74e917cf4af,cifar100,ssb-v2-block,mlp,protocol-v3,1.0,32,1,2,105,0.002723832963965833,0.017370374989695847,718929920,0.1953125
564ac74e917cf4af,cifar100,ssb-v2-block,mlp,protocol-v3,1.0,32,1,2,106,0.00270791701041162,0.01739308296237141,718929920,0.1484375
564ac74e917cf4af,cifar100,ssb-v2-block,mlp,protocol-v3,1.0,32,1,2,107,0.0027108750073239207,0.017406459024641663,718929920,0.171875
564ac74e917cf4af,cifar100,ssb-v2-block,mlp,protocol-v3,1.0,32,1,2,108,0.0027164160273969173,0.017336165998131037,718929920,0.1640625
564ac74e917cf4af,cifar100,ssb-v2-block,mlp,protocol-v3,1.0,32,1,2,109,0.002716791001148522,0.017528540978673846,718946304,0.125
564ac74e917cf4af,cifar100,ssb-v2-block,mlp,protocol-v3,1.0,32,1,2,110,0.002720459015108645,0.01744704198790714,718946304,0.140625
564ac74e917cf4af,cifar100,ssb-v2-block,mlp,protocol-v3,1.0,32,1,2,111,0.0027145419735461473,0.01743625005474314,718946304,0.125
564ac74e917cf4af,cifar100,ssb-v2-block,mlp,protocol-v3,1.0,32,1,2,112,0.0027101669693365693,0.01742416701745242,718946304,0.1171875
564ac74e917cf4af,cifar100,ssb-v2-block,mlp,protocol-v3,1.0,32,1,2,113,0.0027119999867863953,0.017353042028844357,718946304,0.1484375
564ac74e917cf4af,cifar100,ssb-v2-block,mlp,protocol-v3,1.0,32,1,2,114,0.0027181670302525163,0.017394249967765063,718946304,0.140625
564ac74e917cf4af,cifar100,ssb-v2-block,mlp,protocol-v3,1.0,32,1,2,115,0.002726542006712407,0.0173877909546718,718946304,0.140625
564ac74e917cf4af,cifar100,ssb-v2-block,mlp,protocol-v3,1.0,32,1,2,116,0.0027025839663110673,0.017368624976370484,718946304,0.203125
564ac74e917cf4af,cifar100,ssb-v2-block,mlp,protocol-v3,1.0,32,1,2,117,0.0027129999944008887,0.017407374980393797,718962688,0.171875
564ac74e917cf4af,cifar100,ssb-v2-block,mlp,protocol-v3,1.0,32,1,2,118,0.002702083031181246,0.01737725001294166,718979072,0.1640625
564ac74e917cf4af,cifar100,ssb-v2-block,mlp,protocol-v3,1.0,32,1,2,119,0.00270620797527954,0.01745824998943135,718979072,0.109375
564ac74e917cf4af,cifar100,ssb-v2-block,mlp,protocol-v3,1.0,32,1,2,120,0.00270641699898988,0.017416999966371804,718979072,0.15625
564ac74e917cf4af,cifar100,ssb-v2-block,mlp,protocol-v3,1.0,32,1,2,121,0.0026967080193571746,0.017382916994392872,718979072,0.140625
564ac74e917cf4af,cifar100,ssb-v2-block,mlp,protocol-v3,1.0,32,1,2,122,0.002707207982894033,0.017286957998294383,718979072,0.2578125
564ac74e917cf4af,cifar100,ssb-v2-block,mlp,protocol-v3,1.0,32,1,2,123,0.0027022090507671237,0.017401874996721745,718979072,0.1875
564ac74e917cf4af,cifar100,ssb-v2-block,mlp,protocol-v3,1.0,32,1,2,124,0.0027143750339746475,0.01740445801988244,718979072,0.1328125
564ac74e917cf4af,cifar100,ssb-v2-block,mlp,protocol-v3,1.0,32,1,2,125,0.0027016669628210366,0.017417875002138317,718979072,0.1328125
564ac74e917cf4af,cifar100,ssb-v2-block,mlp,protocol-v3,1.0,32,1,2,126,0.0027227079845033586,0.017352666007354856,718979072,0.1640625
564ac74e917cf4af,cifar100,ssb-v2-block,mlp,protocol-v3,1.0,32,1,2,127,0.0027332910103723407,0.017374707967974246,718979072,0.125
564ac74e917cf4af,cifar100,ssb-v2-block,mlp,protocol-v3,1.0,32,1,2,128,0.002709000022150576,0.017426333972252905,718979072,0.1640625
564ac74e917cf4af,cifar100,ssb-v2-block,mlp,protocol-v3,1.0,32,1,2,129,0.00270491698756814,0.017353333008941263,718995456,0.171875
564ac74e917cf4af,cifar100,ssb-v2-block,mlp,protocol-v3,1.0,32,1,2,130,0.0027139169978909194,0.01741274999221787,718995456,0.2109375
564ac74e917cf4af,cifar100,ssb-v2-block,mlp,protocol-v3,1.0,32,1,2,131,0.0027361250249668956,0.01746854098746553,718995456,0.140625
564ac74e917cf4af,cifar100,ssb-v2-block,mlp,protocol-v3,1.0,32,1,2,132,0.0027049159980379045,0.017430457985028625,718995456,0.125
564ac74e917cf4af,cifar100,ssb-v2-block,mlp,protocol-v3,1.0,32,1,2,133,0.002724291989579797,0.01740516599966213,718995456,0.1484375
564ac74e917cf4af,cifar100,ssb-v2-block,mlp,protocol-v3,1.0,32,1,2,134,0.0027112910174764693,0.017395041999407113,718995456,0.2265625
564ac74e917cf4af,cifar100,ssb-v2-block,mlp,protocol-v3,1.0,32,1,2,135,0.0027059579733759165,0.01742637500865385,719011840,0.1484375
564ac74e917cf4af,cifar100,ssb-v2-block,mlp,protocol-v3,1.0,32,1,2,136,0.002712415996938944,0.017313749995082617,719011840,0.140625
564ac74e917cf4af,cifar100,ssb-v2-block,mlp,protocol-v3,1.0,32,1,2,137,0.0027255419990979135,0.017404167039785534,719011840,0.109375
564ac74e917cf4af,cifar100,ssb-v2-block,mlp,protocol-v3,1.0,32,1,2,138,0.0027106659836135805,0.017492374987341464,719011840,0.140625
564ac74e917cf4af,cifar100,ssb-v2-block,mlp,protocol-v3,1.0,32,1,2,139,0.0027029169723391533,0.017436375026591122,719011840,0.203125
564ac74e917cf4af,cifar100,ssb-v2-block,mlp,protocol-v3,1.0,32,1,2,140,0.0027012089849449694,0.01741137495264411,719011840,0.1796875
564ac74e917cf4af,cifar100,ssb-v2-block,mlp,protocol-v3,1.0,32,1,2,141,0.0027001670096069574,0.017465665994677693,719011840,0.171875
564ac74e917cf4af,cifar100,ssb-v2-block,mlp,protocol-v3,1.0,32,1,2,142,0.0027033750084228814,0.017397542018443346,719011840,0.234375
564ac74e917cf4af,cifar100,ssb-v2-block,mlp,protocol-v3,1.0,32,1,2,143,0.0027065000031143427,0.017436333000659943,719028224,0.1875
564ac74e917cf4af,cifar100,ssb-v2-block,mlp,protocol-v3,1.0,32,1,2,144,0.002708209038246423,0.017369957990013063,719028224,0.1953125
564ac74e917cf4af,cifar100,ssb-v2-block,mlp,protocol-v3,1.0,32,1,2,145,0.0027192910201847553,0.01743008301127702,719028224,0.1796875
564ac74e917cf4af,cifar100,ssb-v2-block,mlp,protocol-v3,1.0,32,1,2,146,0.002723707992117852,0.01755341701209545,719028224,0.1796875
564ac74e917cf4af,cifar100,ssb-v2-block,mlp,protocol-v3,1.0,32,1,2,147,0.0027239169576205313,0.01744954101741314,719028224,0.1953125
564ac74e917cf4af,cifar100,ssb-v2-block,mlp,protocol-v3,1.0,32,1,2,148,0.0027072920347563922,0.017404792015440762,719028224,0.171875
564ac74e917cf4af,cifar100,ssb-v2-block,mlp,protocol-v3,1.0,32,1,2,149,0.002701709046959877,0.01737908401992172,719028224,0.1640625
564ac74e917cf4af,cifar100,ssb-v2-block,mlp,protocol-v3,1.0,32,1,2,150,0.002722000004723668,0.01749591698171571,719028224,0.2109375
564ac74e917cf4af,cifar100,ssb-v2-block,mlp,protocol-v3,1.0,32,1,2,151,0.0027031669742427766,0.017441167030483484,719028224,0.140625
564ac74e917cf4af,cifar100,ssb-v2-block,mlp,protocol-v3,1.0,32,1,2,152,0.0026960830437019467,0.017210541991516948,719044608,0.171875
564ac74e917cf4af,cifar100,ssb-v2-block,mlp,protocol-v3,1.0,32,1,2,153,0.0028523749788291752,0.017628374975174665,719044608,0.1875
564ac74e917cf4af,cifar100,ssb-v2-block,mlp,protocol-v3,1.0,32,1,2,154,0.0028416249551810324,0.01755666598910466,719044608,0.2109375
564ac74e917cf4af,cifar100,ssb-v2-block,mlp,protocol-v3,1.0,32,1,2,155,0.0027476249961182475,0.017577916965819895,719044608,0.1953125
564ac74e917cf4af,cifar100,ssb-v2-block,mlp,protocol-v3,1.0,32,1,2,156,0.002774874970782548,0.01756783400196582,719044608,0.1796875
564ac74e917cf4af,cifar100,ssb-v2-block,mlp,protocol-v3,1.0,32,1,2,157,0.0027249169652350247,0.017448875005356967,719044608,0.1953125
564ac74e917cf4af,cifar100,ssb-v2-block,mlp,protocol-v3,1.0,32,1,2,158,0.0027230000123381615,0.017420666001271456,719044608,0.1484375
564ac74e917cf4af,cifar100,ssb-v2-block,mlp,protocol-v3,1.0,32,1,2,159,0.0027682079817168415,0.01743329199962318,719060992,0.1796875
564ac74e917cf4af,cifar100,ssb-v2-block,mlp,protocol-v3,1.0,32,1,2,160,0.002735207963269204,0.017381792014930397,719060992,0.15625
564ac74e917cf4af,cifar100,ssb-v2-block,mlp,protocol-v3,1.0,32,1,2,161,0.0027224160148762167,0.017401250021066517,719060992,0.171875
564ac74e917cf4af,cifar100,ssb-v2-block,mlp,protocol-v3,1.0,32,1,2,162,0.0027347499853931367,0.01764912501676008,719060992,0.1796875
564ac74e917cf4af,cifar100,ssb-v2-block,mlp,protocol-v3,1.0,32,1,2,163,0.0027546670171432197,0.01740670803701505,719060992,0.1875
564ac74e917cf4af,cifar100,ssb-v2-block,mlp,protocol-v3,1.0,32,1,2,164,0.0027237500180490315,0.01751116698142141,719060992,0.1484375
564ac74e917cf4af,cifar100,ssb-v2-block,mlp,protocol-v3,1.0,32,1,2,165,0.00272604200290516,0.017413959023542702,719077376,0.2265625
564ac74e917cf4af,cifar100,ssb-v2-block,mlp,protocol-v3,1.0,32,1,2,166,0.0027199999894946814,0.017477165965829045,719077376,0.15625
564ac74e917cf4af,cifar100,ssb-v2-block,mlp,protocol-v3,1.0,32,1,2,167,0.002713583002332598,0.01735266699688509,719077376,0.1484375
564ac74e917cf4af,cifar100,ssb-v2-block,mlp,protocol-v3,1.0,32,1,2,168,0.0027218330069445074,0.017403958016075194,719077376,0.1796875
564ac74e917cf4af,cifar100,ssb-v2-block,mlp,protocol-v3,1.0,32,1,2,169,0.0027232919819653034,0.017461166018620133,719077376,0.125
564ac74e917cf4af,cifar100,ssb-v2-block,mlp,protocol-v3,1.0,32,1,2,170,0.0027226670063100755,0.01739845797419548,719077376,0.1953125
564ac74e917cf4af,cifar100,ssb-v2-block,mlp,protocol-v3,1.0,32,1,2,171,0.002719124953728169,0.01757679198635742,719077376,0.1796875
564ac74e917cf4af,cifar100,ssb-v2-block,mlp,protocol-v3,1.0,32,1,2,172,0.0027300830115564167,0.017486083030235022,719077376,0.1796875
564ac74e917cf4af,cifar100,ssb-v2-block,mlp,protocol-v3,1.0,32,1,2,173,0.0027355829952284694,0.017486417025793344,719077376,0.1640625
564ac74e917cf4af,cifar100,ssb-v2-block,mlp,protocol-v3,1.0,32,1,2,174,0.0027311669546179473,0.01739087502937764,719093760,0.1640625
564ac74e917cf4af,cifar100,ssb-v2-block,mlp,protocol-v3,1.0,32,1,2,175,0.0027992919785901904,0.01744462497299537,719093760,0.1796875
564ac74e917cf4af,cifar100,ssb-v2-block,mlp,protocol-v3,1.0,32,1,2,176,0.0027199580217711627,0.01735687500331551,719093760,0.078125
564ac74e917cf4af,cifar100,ssb-v2-block,mlp,protocol-v3,1.0,32,1,2,177,0.0027325000264681876,0.01744095899630338,719093760,0.1796875
564ac74e917cf4af,cifar100,ssb-v2-block,mlp,protocol-v3,1.0,32,1,2,178,0.0027251249994151294,0.017338291043415666,719093760,0.1484375
564ac74e917cf4af,cifar100,ssb-v2-block,mlp,protocol-v3,1.0,32,1,2,179,0.0027288750279694796,0.01748133299406618,719093760,0.140625
564ac74e917cf4af,cifar100,ssb-v2-block,mlp,protocol-v3,1.0,32,1,2,180,0.002707374980673194,0.017382082995027304,719093760,0.1640625
564ac74e917cf4af,cifar100,ssb-v2-block,mlp,protocol-v3,1.0,32,1,2,181,0.0027141660102643073,0.01754954201169312,719093760,0.1875
564ac74e917cf4af,cifar100,ssb-v2-block,mlp,protocol-v3,1.0,32,1,2,182,0.0027267090044915676,0.017445667006541044,719093760,0.25
564ac74e917cf4af,cifar100,ssb-v2-block,mlp,protocol-v3,1.0,32,1,2,183,0.002724874997511506,0.017441292002331465,719093760,0.1640625
564ac74e917cf4af,cifar100,ssb-v2-block,mlp,protocol-v3,1.0,32,1,2,184,0.0027205829974263906,0.01747533300658688,719093760,0.1953125
564ac74e917cf4af,cifar100,ssb-v2-block,mlp,protocol-v3,1.0,32,1,2,185,0.002729708037804812,0.017393000016454607,719093760,0.1796875
564ac74e917cf4af,cifar100,ssb-v2-block,mlp,protocol-v3,1.0,32,1,2,186,0.002721833996474743,0.017384041042532772,719110144,0.1875
564ac74e917cf4af,cifar100,ssb-v2-block,mlp,protocol-v3,1.0,32,1,2,187,0.002716749964747578,0.017333208001218736,719110144,0.1875
564ac74e917cf4af,cifar100,ssb-v2-block,mlp,protocol-v3,1.0,32,1,2,188,0.002715792041271925,0.01741899998160079,719110144,0.2890625
564ac74e917cf4af,cifar100,ssb-v2-block,mlp,protocol-v3,1.0,32,1,2,189,0.002730292035266757,0.017468458972871304,719110144,0.1640625
564ac74e917cf4af,cifar100,ssb-v2-block,mlp,protocol-v3,1.0,32,1,2,190,0.0027147079817950726,0.01735162502154708,719126528,0.2265625
564ac74e917cf4af,cifar100,ssb-v2-block,mlp,protocol-v3,1.0,32,1,2,191,0.002718208997976035,0.01739462499972433,719126528,0.2421875
564ac74e917cf4af,cifar100,ssb-v2-block,mlp,protocol-v3,1.0,32,1,2,192,0.002773666987195611,0.01752620900515467,719126528,0.171875
564ac74e917cf4af,cifar100,ssb-v2-block,mlp,protocol-v3,1.0,32,1,2,193,0.002732458000537008,0.017550415999721736,719126528,0.203125
564ac74e917cf4af,cifar100,ssb-v2-block,mlp,protocol-v3,1.0,32,1,2,194,0.0027175419963896275,0.017390499997418374,719126528,0.1796875
564ac74e917cf4af,cifar100,ssb-v2-block,mlp,protocol-v3,1.0,32,1,2,195,0.0027340420056134462,0.017426041013095528,719126528,0.1328125
564ac74e917cf4af,cifar100,ssb-v2-block,mlp,protocol-v3,1.0,32,1,2,196,0.002728916995692998,0.017521875037346035,719126528,0.2421875
564ac74e917cf4af,cifar100,ssb-v2-block,mlp,protocol-v3,1.0,32,1,2,197,0.002746833022683859,0.017356541997287422,719142912,0.15625
564ac74e917cf4af,cifar100,ssb-v2-block,mlp,protocol-v3,1.0,32,1,2,198,0.00272958300774917,0.01748612499795854,719142912,0.1484375
564ac74e917cf4af,cifar100,ssb-v2-block,mlp,protocol-v3,1.0,32,1,2,199,0.002740000025369227,0.017412375018466264,719142912,0.2109375
564ac74e917cf4af,cifar100,ssb-v2-block,mlp,protocol-v3,1.0,32,1,2,200,0.0027165000210516155,0.017574540979694575,719142912,0.1875
564ac74e917cf4af,cifar100,ssb-v2-block,mlp,protocol-v3,1.0,32,1,2,201,0.0027065830072388053,0.01740520796738565,719142912,0.1875
564ac74e917cf4af,cifar100,ssb-v2-block,mlp,protocol-v3,1.0,32,1,2,202,0.0027135840500704944,0.017508165969047695,719142912,0.265625
564ac74e917cf4af,cifar100,ssb-v2-block,mlp,protocol-v3,1.0,32,1,2,203,0.0027228340040892363,0.017386667022947222,719159296,0.2421875
564ac74e917cf4af,cifar100,ssb-v2-block,mlp,protocol-v3,1.0,32,1,2,204,0.0027030829805880785,0.017419833049643785,719159296,0.1640625
564ac74e917cf4af,cifar100,ssb-v2-block,mlp,protocol-v3,1.0,32,1,2,205,0.0027207090170122683,0.01733599998988211,719159296,0.2109375
564ac74e917cf4af,cifar100,ssb-v2-block,mlp,protocol-v3,1.0,32,1,2,206,0.002724874997511506,0.017410332977306098,719159296,0.1796875
564ac74e917cf4af,cifar100,ssb-v2-block,mlp,protocol-v3,1.0,32,1,2,207,0.002736707974690944,0.017376750009134412,719159296,0.15625
564ac74e917cf4af,cifar100,ssb-v2-block,mlp,protocol-v3,1.0,32,1,2,208,0.002721790981013328,0.017431417014449835,719159296,0.1640625
564ac74e917cf4af,cifar100,ssb-v2-block,mlp,protocol-v3,1.0,32,1,2,209,0.0027326669660396874,0.017438374983612448,719159296,0.1953125
564ac74e917cf4af,cifar100,ssb-v2-block,mlp,protocol-v3,1.0,32,1,2,210,0.002724834019318223,0.017412625020369887,719159296,0.1796875
564ac74e917cf4af,cifar100,ssb-v2-block,mlp,protocol-v3,1.0,32,1,2,211,0.002724291989579797,0.01738920802017674,719159296,0.203125
564ac74e917cf4af,cifar100,ssb-v2-block,mlp,protocol-v3,1.0,32,1,2,212,0.002724457997828722,0.017407250008545816,719159296,0.1875
564ac74e917cf4af,cifar100,ssb-v2-block,mlp,protocol-v3,1.0,32,1,2,213,0.002724874997511506,0.017607374989893287,719159296,0.1484375
564ac74e917cf4af,cifar100,ssb-v2-block,mlp,protocol-v3,1.0,32,1,2,214,0.002717916970141232,0.017481082992162555,719159296,0.140625
564ac74e917cf4af,cifar100,ssb-v2-block,mlp,protocol-v3,1.0,32,1,2,215,0.002717958006542176,0.01742870797170326,719159296,0.1328125
564ac74e917cf4af,cifar100,ssb-v2-block,mlp,protocol-v3,1.0,32,1,2,216,0.002734375011641532,0.01744629198219627,719175680,0.140625
564ac74e917cf4af,cifar100,ssb-v2-block,mlp,protocol-v3,1.0,32,1,2,217,0.002720082993619144,0.017422125034499913,719175680,0.15625
564ac74e917cf4af,cifar100,ssb-v2-block,mlp,protocol-v3,1.0,32,1,2,218,0.0027196669834665954,0.017646333028096706,719175680,0.140625
564ac74e917cf4af,cifar100,ssb-v2-block,mlp,protocol-v3,1.0,32,1,2,219,0.002723500016145408,0.0173625840106979,719175680,0.2109375
564ac74e917cf4af,cifar100,ssb-v2-block,mlp,protocol-v3,1.0,32,1,2,220,0.002724874997511506,0.017425332975108176,719192064,0.1796875
564ac74e917cf4af,cifar100,ssb-v2-block,mlp,protocol-v3,1.0,32,1,2,221,0.0027193339774385095,0.01735162502154708,719192064,0.2421875
564ac74e917cf4af,cifar100,ssb-v2-block,mlp,protocol-v3,1.0,32,1,2,222,0.002712916990276426,0.017662291997112334,719192064,0.1796875
564ac74e917cf4af,cifar100,ssb-v2-block,mlp,protocol-v3,1.0,32,1,2,223,0.0027299579815007746,0.017478208988904953,719192064,0.15625
564ac74e917cf4af,cifar100,ssb-v2-block,mlp,protocol-v3,1.0,32,1,2,224,0.00273033301346004,0.01739758299663663,719208448,0.2109375
564ac74e917cf4af,cifar100,ssb-v2-block,mlp,protocol-v3,1.0,32,1,2,225,0.0027184579521417618,0.01746649999404326,719208448,0.1796875
564ac74e917cf4af,cifar100,ssb-v2-block,mlp,protocol-v3,1.0,32,1,2,226,0.002707833016756922,0.01740154199069366,719224832,0.1796875
564ac74e917cf4af,cifar100,ssb-v2-block,mlp,protocol-v3,1.0,32,1,2,227,0.002722957986406982,0.017340541002340615,719224832,0.21875
564ac74e917cf4af,cifar100,ssb-v2-block,mlp,protocol-v3,1.0,32,1,2,228,0.002780624956358224,0.01744670799234882,719241216,0.2109375
564ac74e917cf4af,cifar100,ssb-v2-block,mlp,protocol-v3,1.0,32,1,2,229,0.00272529199719429,0.017370583955198526,719241216,0.1796875
564ac74e917cf4af,cifar100,ssb-v2-block,mlp,protocol-v3,1.0,32,1,2,230,0.0027232079883106053,0.017417458002455533,719241216,0.21875
564ac74e917cf4af,cifar100,ssb-v2-block,mlp,protocol-v3,1.0,32,1,2,231,0.002749917039182037,0.017417541006579995,719241216,0.1875
564ac74e917cf4af,cifar100,ssb-v2-block,mlp,protocol-v3,1.0,32,1,2,232,0.0027050410280935466,0.01752733305329457,719241216,0.1796875
564ac74e917cf4af,cifar100,ssb-v2-block,mlp,protocol-v3,1.0,32,1,2,233,0.0027602080372162163,0.01742816698970273,719241216,0.2578125
564ac74e917cf4af,cifar100,ssb-v2-block,mlp,protocol-v3,1.0,32,1,2,234,0.0027245839592069387,0.017402625002432615,719257600,0.171875
564ac74e917cf4af,cifar100,ssb-v2-block,mlp,protocol-v3,1.0,32,1,2,235,0.002708999963942915,0.017405916005373,719257600,0.15625
564ac74e917cf4af,cifar100,ssb-v2-block,mlp,protocol-v3,1.0,32,1,2,236,0.0027311670128256083,0.01746945799095556,719257600,0.109375
564ac74e917cf4af,cifar100,ssb-v2-block,mlp,protocol-v3,1.0,32,1,2,237,0.0027045419556088746,0.017429790983442217,719257600,0.1640625
564ac74e917cf4af,cifar100,ssb-v2-block,mlp,protocol-v3,1.0,32,1,2,238,0.002717082970775664,0.017383833008352667,719257600,0.2421875
564ac74e917cf4af,cifar100,ssb-v2-block,mlp,protocol-v3,1.0,32,1,2,239,0.0027151660178788006,0.01758733397582546,719273984,0.15625
564ac74e917cf4af,cifar100,ssb-v2-block,mlp,protocol-v3,1.0,32,1,2,240,0.00272041599964723,0.017446708981879056,719273984,0.1640625
564ac74e917cf4af,cifar100,ssb-v2-block,mlp,protocol-v3,1.0,32,1,2,241,0.0027156250434927642,0.017453957989346236,719273984,0.140625
564ac74e917cf4af,cifar100,ssb-v2-block,mlp,protocol-v3,1.0,32,1,2,242,0.002747374994214624,0.01760004198877141,719273984,0.140625
564ac74e917cf4af,cifar100,ssb-v2-block,mlp,protocol-v3,1.0,32,1,2,243,0.002717665978707373,0.017421624972485006,719273984,0.25
564ac74e917cf4af,cifar100,ssb-v2-block,mlp,protocol-v3,1.0,32,1,2,244,0.0027145000058226287,0.01736837497446686,719273984,0.1015625
564ac74e917cf4af,cifar100,ssb-v2-block,mlp,protocol-v3,1.0,32,1,2,245,0.0027137090219184756,0.01732816599542275,719273984,0.1796875
564ac74e917cf4af,cifar100,ssb-v2-block,mlp,protocol-v3,1.0,32,1,2,246,0.0027207080274820328,0.01743383303983137,719273984,0.125
564ac74e917cf4af,cifar100,ssb-v2-block,mlp,protocol-v3,1.0,32,1,2,247,0.0027274999883957207,0.01747608301229775,719273984,0.140625
564ac74e917cf4af,cifar100,ssb-v2-block,mlp,protocol-v3,1.0,32,1,2,248,0.002715041977353394,0.01738949998980388,719273984,0.140625
564ac74e917cf4af,cifar100,ssb-v2-block,mlp,protocol-v3,1.0,32,1,2,249,0.002704082988202572,0.017365749983582646,719273984,0.171875
564ac74e917cf4af,cifar100,ssb-v2-block,mlp,protocol-v3,1.0,32,1,2,250,0.002716000017244369,0.017459333001170307,719273984,0.1640625
564ac74e917cf4af,cifar100,ssb-v2-block,mlp,protocol-v3,1.0,32,1,2,251,0.002720541029702872,0.017416791000869125,719273984,0.1796875
564ac74e917cf4af,cifar100,ssb-v2-block,mlp,protocol-v3,1.0,32,1,2,252,0.0027083340100944042,0.01740616699680686,719273984,0.1640625
564ac74e917cf4af,cifar100,ssb-v2-block,mlp,protocol-v3,1.0,32,1,2,253,0.0027119580190628767,0.017372957954648882,719273984,0.2265625
564ac74e917cf4af,cifar100,ssb-v2-block,mlp,protocol-v3,1.0,32,1,2,254,0.0027145419735461473,0.017392250010743737,719290368,0.15625
564ac74e917cf4af,cifar100,ssb-v2-block,mlp,protocol-v3,1.0,32,1,2,255,0.0027051669894717634,0.017370459041558206,719290368,0.15625
564ac74e917cf4af,cifar100,ssb-v2-block,mlp,protocol-v3,1.0,32,1,2,256,0.002722000004723668,0.017374333052430302,719290368,0.1953125
564ac74e917cf4af,cifar100,ssb-v2-block,mlp,protocol-v3,1.0,32,1,2,257,0.0027054580277763307,0.017407417006324977,719290368,0.1875
564ac74e917cf4af,cifar100,ssb-v2-block,mlp,protocol-v3,1.0,32,1,2,258,0.002722750010434538,0.017425250029191375,719290368,0.1875
564ac74e917cf4af,cifar100,ssb-v2-block,mlp,protocol-v3,1.0,32,1,2,259,0.00272508297348395,0.017342957959044725,719290368,0.171875
564ac74e917cf4af,cifar100,ssb-v2-block,mlp,protocol-v3,1.0,32,1,2,260,0.0027205420192331076,0.01751991600031033,719306752,0.1953125
564ac74e917cf4af,cifar100,ssb-v2-block,mlp,protocol-v3,1.0,32,1,2,261,0.002717917028348893,0.0175312080536969,719306752,0.2109375
564ac74e917cf4af,cifar100,ssb-v2-block,mlp,protocol-v3,1.0,32,1,2,262,0.002713249996304512,0.017348334018606693,719306752,0.171875
564ac74e917cf4af,cifar100,ssb-v2-block,mlp,protocol-v3,1.0,32,1,2,263,0.0027094580000266433,0.017468124977312982,719323136,0.109375
564ac74e917cf4af,cifar100,ssb-v2-block,mlp,protocol-v3,1.0,32,1,2,264,0.0027116250130347908,0.017517458007205278,719323136,0.140625
564ac74e917cf4af,cifar100,ssb-v2-block,mlp,protocol-v3,1.0,32,1,2,265,0.0027383329579606652,0.017453250009566545,719323136,0.171875
564ac74e917cf4af,cifar100,ssb-v2-block,mlp,protocol-v3,1.0,32,1,2,266,0.002709458989556879,0.017374625022057444,719323136,0.1484375
564ac74e917cf4af,cifar100,ssb-v2-block,mlp,protocol-v3,1.0,32,1,2,267,0.0027232919819653034,0.017374415998347104,719323136,0.1796875
564ac74e917cf4af,cifar100,ssb-v2-block,mlp,protocol-v3,1.0,32,1,2,268,0.0027136250282637775,0.017455250024795532,719323136,0.1875
564ac74e917cf4af,cifar100,ssb-v2-block,mlp,protocol-v3,1.0,32,1,2,269,0.002724417019635439,0.017254792037419975,719339520,0.2109375
564ac74e917cf4af,cifar100,ssb-v2-block,mlp,protocol-v3,1.0,32,1,2,270,0.0027040839777328074,0.017351082991808653,719339520,0.15625
564ac74e917cf4af,cifar100,ssb-v2-block,mlp,protocol-v3,1.0,32,1,2,271,0.0027189169777557254,0.01736075000371784,719339520,0.125
564ac74e917cf4af,cifar100,ssb-v2-block,mlp,protocol-v3,1.0,32,1,2,272,0.0027172499685548246,0.017387625004630536,719339520,0.1953125
564ac74e917cf4af,cifar100,ssb-v2-block,mlp,protocol-v3,1.0,32,1,2,273,0.0027069590287283063,0.017413374967873096,719339520,0.1875
564ac74e917cf4af,cifar100,ssb-v2-block,mlp,protocol-v3,1.0,32,1,2,274,0.0027099589933641255,0.017476874985732138,719355904,0.140625
564ac74e917cf4af,cifar100,ssb-v2-block,mlp,protocol-v3,1.0,32,1,2,275,0.0027197080198675394,0.017344583000522107,719355904,0.1953125
564ac74e917cf4af,cifar100,ssb-v2-block,mlp,protocol-v3,1.0,32,1,2,276,0.0027159160235896707,0.01739533303771168,719355904,0.171875
564ac74e917cf4af,cifar100,ssb-v2-block,mlp,protocol-v3,1.0,32,1,2,277,0.002722957986406982,0.017419917043298483,719355904,0.1328125
564ac74e917cf4af,cifar100,ssb-v2-block,mlp,protocol-v3,1.0,32,1,2,278,0.0027111670351587236,0.01748670800589025,719355904,0.2265625
564ac74e917cf4af,cifar100,ssb-v2-block,mlp,protocol-v3,1.0,32,1,2,279,0.00272062502335757,0.017437250004149973,719355904,0.1953125
564ac74e917cf4af,cifar100,ssb-v2-block,mlp,protocol-v3,1.0,32,1,2,280,0.0027059169951826334,0.01736149995122105,719355904,0.15625
564ac74e917cf4af,cifar100,ssb-v2-block,mlp,protocol-v3,1.0,32,1,2,281,0.0027277920162305236,0.017466833989601582,719355904,0.1953125
564ac74e917cf4af,cifar100,ssb-v2-block,mlp,protocol-v3,1.0,32,1,2,282,0.0027162079932168126,0.01735029194969684,719355904,0.2265625
564ac74e917cf4af,cifar100,ssb-v2-block,mlp,protocol-v3,1.0,32,1,2,283,0.002726875012740493,0.01738887495594099,719355904,0.21875
564ac74e917cf4af,cifar100,ssb-v2-block,mlp,protocol-v3,1.0,32,1,2,284,0.002718542004004121,0.017572208016645163,719355904,0.1796875
564ac74e917cf4af,cifar100,ssb-v2-block,mlp,protocol-v3,1.0,32,1,2,285,0.002715917013119906,0.017397458024788648,719372288,0.171875
564ac74e917cf4af,cifar100,ssb-v2-block,mlp,protocol-v3,1.0,32,1,2,286,0.0027199169853702188,0.01740808301838115,719372288,0.140625
564ac74e917cf4af,cifar100,ssb-v2-block,mlp,protocol-v3,1.0,32,1,2,287,0.002715667011216283,0.01735775003908202,719372288,0.2265625
564ac74e917cf4af,cifar100,ssb-v2-block,mlp,protocol-v3,1.0,32,1,2,288,0.002723999961744994,0.017406624974682927,719388672,0.1640625
564ac74e917cf4af,cifar100,ssb-v2-block,mlp,protocol-v3,1.0,32,1,2,289,0.0027154579875059426,0.01746316597564146,719388672,0.1640625
564ac74e917cf4af,cifar100,ssb-v2-block,mlp,protocol-v3,1.0,32,1,2,290,0.0027134160045534372,0.01745695900171995,719388672,0.2109375
564ac74e917cf4af,cifar100,ssb-v2-block,mlp,protocol-v3,1.0,32,1,2,291,0.0027274590102024376,0.017471165978349745,719388672,0.1875
564ac74e917cf4af,cifar100,ssb-v2-block,mlp,protocol-v3,1.0,32,1,2,292,0.002724791003856808,0.017467833997216076,719388672,0.1328125
564ac74e917cf4af,cifar100,ssb-v2-block,mlp,protocol-v3,1.0,32,1,2,293,0.0027071249787695706,0.01741575001506135,719388672,0.203125
564ac74e917cf4af,cifar100,ssb-v2-block,mlp,protocol-v3,1.0,32,1,2,294,0.002713125024456531,0.017409541993401945,719388672,0.234375
564ac74e917cf4af,cifar100,ssb-v2-block,mlp,protocol-v3,1.0,32,1,2,295,0.0027429169858805835,0.017349959001876414,719388672,0.1796875
564ac74e917cf4af,cifar100,ssb-v2-block,mlp,protocol-v3,1.0,32,1,2,296,0.0027389590395614505,0.01740095898276195,719388672,0.109375
564ac74e917cf4af,cifar100,ssb-v2-block,mlp,protocol-v3,1.0,32,1,2,297,0.002721291035413742,0.017424207995645702,719388672,0.21875
564ac74e917cf4af,cifar100,ssb-v2-block,mlp,protocol-v3,1.0,32,1,2,298,0.0027245000237599015,0.017351040965877473,719388672,0.1953125
564ac74e917cf4af,cifar100,ssb-v2-block,mlp,protocol-v3,1.0,32,1,2,299,0.0027080830186605453,0.017368125030770898,719388672,0.1953125
564ac74e917cf4af,cifar100,ssb-v2-block,mlp,protocol-v3,1.0,32,1,2,300,0.0027213330031372607,0.01749720802763477,719388672,0.15625
564ac74e917cf4af,cifar100,ssb-v2-block,mlp,protocol-v3,1.0,32,1,2,301,0.002727834042161703,0.017328209010884166,719405056,0.2109375
564ac74e917cf4af,cifar100,ssb-v2-block,mlp,protocol-v3,1.0,32,1,2,302,0.002731165965087712,0.017427499988116324,719405056,0.1484375
564ac74e917cf4af,cifar100,ssb-v2-block,mlp,protocol-v3,1.0,32,1,2,303,0.0027166249928995967,0.017475874978117645,719405056,0.1875
564ac74e917cf4af,cifar100,ssb-v2-block,mlp,protocol-v3,1.0,32,1,2,304,0.002710250031668693,0.017287041002418846,719421440,0.1875
564ac74e917cf4af,cifar100,ssb-v2-block,mlp,protocol-v3,1.0,32,1,2,305,0.0027202920173294842,0.017397832998540252,719421440,0.171875
564ac74e917cf4af,cifar100,ssb-v2-block,mlp,protocol-v3,1.0,32,1,2,306,0.0027324589900672436,0.017507750017102808,719421440,0.15625
564ac74e917cf4af,cifar100,ssb-v2-block,mlp,protocol-v3,1.0,32,1,2,307,0.0027174160350114107,0.01742412499152124,719421440,0.109375
564ac74e917cf4af,cifar100,ssb-v2-block,mlp,protocol-v3,1.0,32,1,2,308,0.0027201250195503235,0.017431457992643118,719421440,0.171875
564ac74e917cf4af,cifar100,ssb-v2-block,mlp,protocol-v3,1.0,32,1,2,309,0.002722417004406452,0.017321082996204495,719421440,0.1796875
564ac74e917cf4af,cifar100,ssb-v2-block,mlp,protocol-v3,1.0,32,1,2,310,0.002710959000978619,0.017397958028595895,719421440,0.1015625
564ac74e917cf4af,cifar100,ssb-v2-block,mlp,protocol-v3,1.0,32,1,2,311,0.0027215000009164214,0.01747249998152256,719421440,0.203125
564ac74e917cf4af,cifar100,ssb-v2-block,mlp,protocol-v3,1.0,32,1,2,312,0.0027305830153636634,0.01744675001828,719421440,0.2578125
564ac74e917cf4af,cifar100,ssb-v2-block,mlp,protocol-v3,1.0,32,1,2,313,0.0027325000264681876,0.017424583958927542,719421440,0.1328125
564ac74e917cf4af,cifar100,ssb-v2-block,mlp,protocol-v3,1.0,32,1,2,314,0.0027187499799765646,0.017468790989369154,719421440,0.171875
564ac74e917cf4af,cifar100,ssb-v2-block,mlp,protocol-v3,1.0,32,1,2,315,0.002723083016462624,0.017404125013854355,719421440,0.2109375
564ac74e917cf4af,cifar100,ssb-v2-block,mlp,protocol-v3,1.0,32,1,2,316,0.002719416981562972,0.017403416975867003,719421440,0.21875
564ac74e917cf4af,cifar100,ssb-v2-block,mlp,protocol-v3,1.0,32,1,2,317,0.002725540951360017,0.01740508299553767,719421440,0.1640625
564ac74e917cf4af,cifar100,ssb-v2-block,mlp,protocol-v3,1.0,32,1,2,318,0.002714000002015382,0.017349959001876414,719421440,0.171875
564ac74e917cf4af,cifar100,ssb-v2-block,mlp,protocol-v3,1.0,32,1,2,319,0.002726125007029623,0.0173952910117805,719437824,0.1640625
564ac74e917cf4af,cifar100,ssb-v2-block,mlp,protocol-v3,1.0,32,1,2,320,0.0027220830088481307,0.017418959003407508,719437824,0.171875
564ac74e917cf4af,cifar100,ssb-v2-block,mlp,protocol-v3,1.0,32,1,2,321,0.0027227920363657176,0.017380917037371546,719454208,0.1875
564ac74e917cf4af,cifar100,ssb-v2-block,mlp,protocol-v3,1.0,32,1,2,322,0.0027212079730816185,0.017404166981577873,719454208,0.1875
564ac74e917cf4af,cifar100,ssb-v2-block,mlp,protocol-v3,1.0,32,1,2,323,0.0027004160219803452,0.017409041989594698,719454208,0.15625
564ac74e917cf4af,cifar100,ssb-v2-block,mlp,protocol-v3,1.0,32,1,2,324,0.002720459015108645,0.01739312498830259,719454208,0.140625
564ac74e917cf4af,cifar100,ssb-v2-block,mlp,protocol-v3,1.0,32,1,2,325,0.002728792023845017,0.017413292021956295,719454208,0.125
564ac74e917cf4af,cifar100,ssb-v2-block,mlp,protocol-v3,1.0,32,1,2,326,0.0027156250434927642,0.01748079201206565,719454208,0.140625
564ac74e917cf4af,cifar100,ssb-v2-block,mlp,protocol-v3,1.0,32,1,2,327,0.0027403749991208315,0.017402291006874293,719454208,0.1953125
564ac74e917cf4af,cifar100,ssb-v2-block,mlp,protocol-v3,1.0,32,1,2,328,0.00271741597680375,0.017520499997772276,719454208,0.1640625
564ac74e917cf4af,cifar100,ssb-v2-block,mlp,protocol-v3,1.0,32,1,2,329,0.002724208985455334,0.0173439159989357,719454208,0.1171875
564ac74e917cf4af,cifar100,ssb-v2-block,mlp,protocol-v3,1.0,32,1,2,330,0.0027173749986104667,0.017390958033502102,719470592,0.171875
564ac74e917cf4af,cifar100,ssb-v2-block,mlp,protocol-v3,1.0,32,1,2,331,0.0027132079703733325,0.017435665999073535,719470592,0.171875
564ac74e917cf4af,cifar100,ssb-v2-block,mlp,protocol-v3,1.0,32,1,2,332,0.0027210420230403543,0.01732062501832843,719470592,0.2265625
564ac74e917cf4af,cifar100,ssb-v2-block,mlp,protocol-v3,1.0,32,1,2,333,0.0027178750024177134,0.017428542021661997,719470592,0.2109375
564ac74e917cf4af,cifar100,ssb-v2-block,mlp,protocol-v3,1.0,32,1,2,334,0.0027136250282637775,0.017400207987520844,719470592,0.15625
564ac74e917cf4af,cifar100,ssb-v2-block,mlp,protocol-v3,1.0,32,1,2,335,0.0027253750013187528,0.017291125026531518,719470592,0.1953125
564ac74e917cf4af,cifar100,ssb-v2-block,mlp,protocol-v3,1.0,32,1,2,336,0.002705541963223368,0.017421583004761487,719470592,0.203125
564ac74e917cf4af,cifar100,ssb-v2-block,mlp,protocol-v3,1.0,32,1,2,337,0.002717833034694195,0.017485166958067566,719470592,0.1875
564ac74e917cf4af,cifar100,ssb-v2-block,mlp,protocol-v3,1.0,32,1,2,338,0.00271537498338148,0.01744079199852422,719486976,0.1484375
564ac74e917cf4af,cifar100,ssb-v2-block,mlp,protocol-v3,1.0,32,1,2,339,0.0027256669709458947,0.017526666983030736,719486976,0.1953125
564ac74e917cf4af,cifar100,ssb-v2-block,mlp,protocol-v3,1.0,32,1,2,340,0.0027259999769739807,0.017482666007708758,719486976,0.171875
564ac74e917cf4af,cifar100,ssb-v2-block,mlp,protocol-v3,1.0,32,1,2,341,0.0027160829631611705,0.01741979201324284,719486976,0.203125
564ac74e917cf4af,cifar100,ssb-v2-block,mlp,protocol-v3,1.0,32,1,2,342,0.002710249973461032,0.017360957979690284,719486976,0.1640625
564ac74e917cf4af,cifar100,ssb-v2-block,mlp,protocol-v3,1.0,32,1,2,343,0.00272229197435081,0.017344625026453286,719486976,0.1953125
564ac74e917cf4af,cifar100,ssb-v2-block,mlp,protocol-v3,1.0,32,1,2,344,0.0027150000096298754,0.017398208030499518,719486976,0.203125
564ac74e917cf4af,cifar100,ssb-v2-block,mlp,protocol-v3,1.0,32,1,2,345,0.00272658298490569,0.017412957968190312,719486976,0.203125
564ac74e917cf4af,cifar100,ssb-v2-block,mlp,protocol-v3,1.0,32,1,2,346,0.0027220830088481307,0.01728166703833267,719503360,0.1796875
564ac74e917cf4af,cifar100,ssb-v2-block,mlp,protocol-v3,1.0,32,1,2,347,0.002729790983721614,0.017374832998029888,719503360,0.234375
564ac74e917cf4af,cifar100,ssb-v2-block,mlp,protocol-v3,1.0,32,1,2,348,0.0027189579559490085,0.01738637499511242,719503360,0.203125
564ac74e917cf4af,cifar100,ssb-v2-block,mlp,protocol-v3,1.0,32,1,2,349,0.0027265839744359255,0.01748520799446851,719503360,0.171875
564ac74e917cf4af,cifar100,ssb-v2-block,mlp,protocol-v3,1.0,32,1,2,350,0.002734458015765995,0.01737287500873208,719503360,0.234375
564ac74e917cf4af,cifar100,ssb-v2-block,mlp,protocol-v3,1.0,32,1,2,351,0.002712041954509914,0.01744204096030444,719503360,0.1875
564ac74e917cf4af,cifar100,ssb-v2-block,mlp,protocol-v3,1.0,32,1,2,352,0.0027242910000495613,0.01740229199640453,719503360,0.171875
564ac74e917cf4af,cifar100,ssb-v2-block,mlp,protocol-v3,1.0,32,1,2,353,0.0027273750165477395,0.017396167037077248,719519744,0.1796875
564ac74e917cf4af,cifar100,ssb-v2-block,mlp,protocol-v3,1.0,32,1,2,354,0.0027334169717505574,0.017486249969806522,719519744,0.1953125
564ac74e917cf4af,cifar100,ssb-v2-block,mlp,protocol-v3,1.0,32,1,2,355,0.00272604200290516,0.017416124988812953,719519744,0.28125
564ac74e917cf4af,cifar100,ssb-v2-block,mlp,protocol-v3,1.0,32,1,2,356,0.002720916992984712,0.017392915964592248,719519744,0.2578125
564ac74e917cf4af,cifar100,ssb-v2-block,mlp,protocol-v3,1.0,32,1,2,357,0.0027163340128026903,0.017423707991838455,719519744,0.1640625
564ac74e917cf4af,cifar100,ssb-v2-block,mlp,protocol-v3,1.0,32,1,2,358,0.0027174160350114107,0.017333124997094274,719536128,0.125
564ac74e917cf4af,cifar100,ssb-v2-block,mlp,protocol-v3,1.0,32,1,2,359,0.00271891598822549,0.01742649998050183,719536128,0.1640625
564ac74e917cf4af,cifar100,ssb-v2-block,mlp,protocol-v3,1.0,32,1,2,360,0.0027148330118507147,0.017447000020183623,719536128,0.2421875
564ac74e917cf4af,cifar100,ssb-v2-block,mlp,protocol-v3,1.0,32,1,2,361,0.002733500034082681,0.017402834026142955,719552512,0.1875
564ac74e917cf4af,cifar100,ssb-v2-block,mlp,protocol-v3,1.0,32,1,2,362,0.0027217500028200448,0.017465250042732805,719552512,0.1875
564ac74e917cf4af,cifar100,ssb-v2-block,mlp,protocol-v3,1.0,32,1,2,363,0.0027285420219413936,0.017394499969668686,719552512,0.140625
564ac74e917cf4af,cifar100,ssb-v2-block,mlp,protocol-v3,1.0,32,1,2,364,0.0027248329715803266,0.017405124963261187,719552512,0.21875
564ac74e917cf4af,cifar100,ssb-v2-block,mlp,protocol-v3,1.0,32,1,2,365,0.002716209040954709,0.01738187501905486,719552512,0.1484375
564ac74e917cf4af,cifar100,ssb-v2-block,mlp,protocol-v3,1.0,32,1,2,366,0.002711542008910328,0.017385916027706116,719568896,0.2578125
564ac74e917cf4af,cifar100,ssb-v2-block,mlp,protocol-v3,1.0,32,1,2,367,0.0027103330357931554,0.017385207989718765,719568896,0.171875
564ac74e917cf4af,cifar100,ssb-v2-block,mlp,protocol-v3,1.0,32,1,2,368,0.0027426250162534416,0.017403332982212305,719568896,0.2109375
564ac74e917cf4af,cifar100,ssb-v2-block,mlp,protocol-v3,1.0,32,1,2,369,0.002713707974180579,0.017405667051207274,719568896,0.2109375
564ac74e917cf4af,cifar100,ssb-v2-block,mlp,protocol-v3,1.0,32,1,2,370,0.0026983749703504145,0.01741745794424787,719568896,0.1796875
564ac74e917cf4af,cifar100,ssb-v2-block,mlp,protocol-v3,1.0,32,1,2,371,0.0027206669910810888,0.01732820796314627,719568896,0.1875
564ac74e917cf4af,cifar100,ssb-v2-block,mlp,protocol-v3,1.0,32,1,2,372,0.002714666014071554,0.0174018339603208,719568896,0.15625
564ac74e917cf4af,cifar100,ssb-v2-block,mlp,protocol-v3,1.0,32,1,2,373,0.0027128749643452466,0.017415374983102083,719568896,0.1953125
564ac74e917cf4af,cifar100,ssb-v2-block,mlp,protocol-v3,1.0,32,1,2,374,0.002713833993766457,0.01734033296816051,719568896,0.15625
564ac74e917cf4af,cifar100,ssb-v2-block,mlp,protocol-v3,1.0,32,1,2,375,0.002718959003686905,0.017415625043213367,719585280,0.2265625
564ac74e917cf4af,cifar100,ssb-v2-block,mlp,protocol-v3,1.0,32,1,2,376,0.0027187090017832816,0.017400292039383203,719585280,0.1484375
564ac74e917cf4af,cifar100,ssb-v2-block,mlp,protocol-v3,1.0,32,1,2,377,0.002724874997511506,0.01743666600668803,719585280,0.2578125
564ac74e917cf4af,cifar100,ssb-v2-block,mlp,protocol-v3,1.0,32,1,2,378,0.002725415979512036,0.017380415985826403,719585280,0.15625
564ac74e917cf4af,cifar100,ssb-v2-block,mlp,protocol-v3,1.0,32,1,2,379,0.002702792000491172,0.017437541973777115,719601664,0.1875
564ac74e917cf4af,cifar100,ssb-v2-block,mlp,protocol-v3,1.0,32,1,2,380,0.0027104580076411366,0.01738199999090284,719601664,0.1796875
564ac74e917cf4af,cifar100,ssb-v2-block,mlp,protocol-v3,1.0,32,1,2,381,0.002717167022638023,0.017376917006913573,719601664,0.2109375
564ac74e917cf4af,cifar100,ssb-v2-block,mlp,protocol-v3,1.0,32,1,2,382,0.002739208983257413,0.017448665981646627,719601664,0.2265625
564ac74e917cf4af,cifar100,ssb-v2-block,mlp,protocol-v3,1.0,32,1,2,383,0.0027377090300433338,0.01742016599746421,719601664,0.21875
564ac74e917cf4af,cifar100,ssb-v2-block,mlp,protocol-v3,1.0,32,1,2,384,0.002720459015108645,0.017431290994863957,719601664,0.25
564ac74e917cf4af,cifar100,ssb-v2-block,mlp,protocol-v3,1.0,32,1,2,385,0.002726999984588474,0.017462832969613373,719601664,0.2265625
564ac74e917cf4af,cifar100,ssb-v2-block,mlp,protocol-v3,1.0,32,1,2,386,0.002719749987591058,0.01739766600076109,719601664,0.171875
564ac74e917cf4af,cifar100,ssb-v2-block,mlp,protocol-v3,1.0,32,1,2,387,0.0027301249792799354,0.01739479199750349,719601664,0.234375
564ac74e917cf4af,cifar100,ssb-v2-block,mlp,protocol-v3,1.0,32,1,2,388,0.0027178750024177134,0.01745049998862669,719601664,0.234375
564ac74e917cf4af,cifar100,ssb-v2-block,mlp,protocol-v3,1.0,32,1,2,389,0.0027057499974034727,0.017376333009451628,719618048,0.1640625
564ac74e917cf4af,cifar100,ssb-v2-block,mlp,protocol-v3,1.0,32,1,2,390,0.0024777500075288117,0.01680020894855261,719618048,0.1875
564ac74e917cf4af,cifar100,ssb-v2-block,mlp,protocol-v3,1.0,32,1,3,0,0.0027845840086229146,0.017636042030062526,719667200,0.1796875
564ac74e917cf4af,cifar100,ssb-v2-block,mlp,protocol-v3,1.0,32,1,3,1,0.0027934170211665332,0.017476084001827985,719699968,0.25
564ac74e917cf4af,cifar100,ssb-v2-block,mlp,protocol-v3,1.0,32,1,3,2,0.002774749998934567,0.017524665978271514,719699968,0.28125
564ac74e917cf4af,cifar100,ssb-v2-block,mlp,protocol-v3,1.0,32,1,3,3,0.0027446249732747674,0.017477415967732668,719716352,0.234375
564ac74e917cf4af,cifar100,ssb-v2-block,mlp,protocol-v3,1.0,32,1,3,4,0.002721416996791959,0.017328166984952986,719716352,0.15625
564ac74e917cf4af,cifar100,ssb-v2-block,mlp,protocol-v3,1.0,32,1,3,5,0.002746291982475668,0.01750320801511407,719716352,0.2421875
564ac74e917cf4af,cifar100,ssb-v2-block,mlp,protocol-v3,1.0,32,1,3,6,0.0027179999742656946,0.01737812499050051,719716352,0.1796875
564ac74e917cf4af,cifar100,ssb-v2-block,mlp,protocol-v3,1.0,32,1,3,7,0.0027530830120667815,0.017468458972871304,719716352,0.1640625
564ac74e917cf4af,cifar100,ssb-v2-block,mlp,protocol-v3,1.0,32,1,3,8,0.0027235830202698708,0.017377416021190584,719716352,0.1640625
564ac74e917cf4af,cifar100,ssb-v2-block,mlp,protocol-v3,1.0,32,1,3,9,0.002730624983087182,0.017421792028471828,719716352,0.21875
564ac74e917cf4af,cifar100,ssb-v2-block,mlp,protocol-v3,1.0,32,1,3,10,0.002712625020649284,0.017347208980936557,719732736,0.1015625
564ac74e917cf4af,cifar100,ssb-v2-block,mlp,protocol-v3,1.0,32,1,3,11,0.0027231659623794258,0.01742341701174155,719732736,0.171875
564ac74e917cf4af,cifar100,ssb-v2-block,mlp,protocol-v3,1.0,32,1,3,12,0.002741792006418109,0.017471375002060086,719732736,0.1953125
564ac74e917cf4af,cifar100,ssb-v2-block,mlp,protocol-v3,1.0,32,1,3,13,0.002729750005528331,0.017381042009219527,719732736,0.1875
564ac74e917cf4af,cifar100,ssb-v2-block,mlp,protocol-v3,1.0,32,1,3,14,0.0027245410019531846,0.017419542011339217,719732736,0.1640625
564ac74e917cf4af,cifar100,ssb-v2-block,mlp,protocol-v3,1.0,32,1,3,15,0.0027201659977436066,0.017463833966758102,719732736,0.21875
564ac74e917cf4af,cifar100,ssb-v2-block,mlp,protocol-v3,1.0,32,1,3,16,0.0027257500332780182,0.017418584029655904,719732736,0.203125
564ac74e917cf4af,cifar100,ssb-v2-block,mlp,protocol-v3,1.0,32,1,3,17,0.0027169170207343996,0.01750858296873048,719732736,0.1875
564ac74e917cf4af,cifar100,ssb-v2-block,mlp,protocol-v3,1.0,32,1,3,18,0.0027001670096069574,0.017414666013792157,719732736,0.203125
564ac74e917cf4af,cifar100,ssb-v2-block,mlp,protocol-v3,1.0,32,1,3,19,0.0027069170027971268,0.017507624987047166,719732736,0.140625
564ac74e917cf4af,cifar100,ssb-v2-block,mlp,protocol-v3,1.0,32,1,3,20,0.00271762500051409,0.017443584045395255,719732736,0.1796875
564ac74e917cf4af,cifar100,ssb-v2-block,mlp,protocol-v3,1.0,32,1,3,21,0.0027184170321561396,0.017507041979115456,719732736,0.234375
564ac74e917cf4af,cifar100,ssb-v2-block,mlp,protocol-v3,1.0,32,1,3,22,0.002713375026360154,0.01738295902032405,719732736,0.171875
564ac74e917cf4af,cifar100,ssb-v2-block,mlp,protocol-v3,1.0,32,1,3,23,0.0027265410171821713,0.01740741601679474,719732736,0.21875
564ac74e917cf4af,cifar100,ssb-v2-block,mlp,protocol-v3,1.0,32,1,3,24,0.002855250029824674,0.017610749986488372,719732736,0.1875
564ac74e917cf4af,cifar100,ssb-v2-block,mlp,protocol-v3,1.0,32,1,3,25,0.0028288749745115638,0.017781333008315414,719732736,0.25
564ac74e917cf4af,cifar100,ssb-v2-block,mlp,protocol-v3,1.0,32,1,3,26,0.0027474170201458037,0.01769649999914691,719749120,0.2109375
564ac74e917cf4af,cifar100,ssb-v2-block,mlp,protocol-v3,1.0,32,1,3,27,0.002743166987784207,0.017452290980145335,719765504,0.21875
564ac74e917cf4af,cifar100,ssb-v2-block,mlp,protocol-v3,1.0,32,1,3,28,0.0027160830213688314,0.017428374965675175,719765504,0.15625
564ac74e917cf4af,cifar100,ssb-v2-block,mlp,protocol-v3,1.0,32,1,3,29,0.0027107499772682786,0.01744912500726059,719765504,0.21875
564ac74e917cf4af,cifar100,ssb-v2-block,mlp,protocol-v3,1.0,32,1,3,30,0.002751958032604307,0.017432958004064858,719765504,0.25
564ac74e917cf4af,cifar100,ssb-v2-block,mlp,protocol-v3,1.0,32,1,3,31,0.002749375009443611,0.017442416050471365,719765504,0.234375
564ac74e917cf4af,cifar100,ssb-v2-block,mlp,protocol-v3,1.0,32,1,3,32,0.0027400830294936895,0.017548584030009806,719765504,0.2734375
564ac74e917cf4af,cifar100,ssb-v2-block,mlp,protocol-v3,1.0,32,1,3,33,0.0027223749784752727,0.01746124995406717,719781888,0.2421875
564ac74e917cf4af,cifar100,ssb-v2-block,mlp,protocol-v3,1.0,32,1,3,34,0.0027259999769739807,0.0175874590058811,719781888,0.234375
564ac74e917cf4af,cifar100,ssb-v2-block,mlp,protocol-v3,1.0,32,1,3,35,0.0027923749876208603,0.017442667041905224,719781888,0.1875
564ac74e917cf4af,cifar100,ssb-v2-block,mlp,protocol-v3,1.0,32,1,3,36,0.00271912501193583,0.0173787500243634,719781888,0.2265625
564ac74e917cf4af,cifar100,ssb-v2-block,mlp,protocol-v3,1.0,32,1,3,37,0.0027166249928995967,0.017460792034398764,719781888,0.21875
564ac74e917cf4af,cifar100,ssb-v2-block,mlp,protocol-v3,1.0,32,1,3,38,0.002732291992288083,0.017477500019595027,719781888,0.265625
564ac74e917cf4af,cifar100,ssb-v2-block,mlp,protocol-v3,1.0,32,1,3,39,0.0027158749871887267,0.017437415954191238,719781888,0.203125
564ac74e917cf4af,cifar100,ssb-v2-block,mlp,protocol-v3,1.0,32,1,3,40,0.0027139579760842025,0.01738562498940155,719798272,0.1953125
564ac74e917cf4af,cifar100,ssb-v2-block,mlp,protocol-v3,1.0,32,1,3,41,0.0027145410422235727,0.017558875028043985,719798272,0.2265625
564ac74e917cf4af,cifar100,ssb-v2-block,mlp,protocol-v3,1.0,32,1,3,42,0.0027300419751554728,0.01746320800157264,719798272,0.203125
564ac74e917cf4af,cifar100,ssb-v2-block,mlp,protocol-v3,1.0,32,1,3,43,0.002714750007726252,0.017433500033803284,719798272,0.1796875
564ac74e917cf4af,cifar100,ssb-v2-block,mlp,protocol-v3,1.0,32,1,3,44,0.0027088330243714154,0.017556000035256147,719798272,0.171875
564ac74e917cf4af,cifar100,ssb-v2-block,mlp,protocol-v3,1.0,32,1,3,45,0.002716958988457918,0.017536125029437244,719798272,0.1875
564ac74e917cf4af,cifar100,ssb-v2-block,mlp,protocol-v3,1.0,32,1,3,46,0.002701167017221451,0.017484040989074856,719798272,0.21875
564ac74e917cf4af,cifar100,ssb-v2-block,mlp,protocol-v3,1.0,32,1,3,47,0.0027133330004289746,0.017520499997772276,719798272,0.265625
564ac74e917cf4af,cifar100,ssb-v2-block,mlp,protocol-v3,1.0,32,1,3,48,0.002716040995437652,0.017443709017243236,719798272,0.15625
564ac74e917cf4af,cifar100,ssb-v2-block,mlp,protocol-v3,1.0,32,1,3,49,0.0027145000058226287,0.017437333008274436,719798272,0.2109375
564ac74e917cf4af,cifar100,ssb-v2-block,mlp,protocol-v3,1.0,32,1,3,50,0.0027297920314595103,0.017535624967422336,719798272,0.2578125
564ac74e917cf4af,cifar100,ssb-v2-block,mlp,protocol-v3,1.0,32,1,3,51,0.002711292007006705,0.017450541025027633,719814656,0.2109375
564ac74e917cf4af,cifar100,ssb-v2-block,mlp,protocol-v3,1.0,32,1,3,52,0.0027368749724701047,0.0174828750314191,719814656,0.25
564ac74e917cf4af,cifar100,ssb-v2-block,mlp,protocol-v3,1.0,32,1,3,53,0.0027300840010866523,0.01746654201997444,719814656,0.203125
564ac74e917cf4af,cifar100,ssb-v2-block,mlp,protocol-v3,1.0,32,1,3,54,0.002742040960583836,0.01741962501546368,719814656,0.2109375
564ac74e917cf4af,cifar100,ssb-v2-block,mlp,protocol-v3,1.0,32,1,3,55,0.0027249999693594873,0.017478374997153878,719831040,0.1875
564ac74e917cf4af,cifar100,ssb-v2-block,mlp,protocol-v3,1.0,32,1,3,56,0.002727292012423277,0.017464792006649077,719831040,0.203125
564ac74e917cf4af,cifar100,ssb-v2-block,mlp,protocol-v3,1.0,32,1,3,57,0.0027374160126782954,0.017423457989934832,719847424,0.234375
564ac74e917cf4af,cifar100,ssb-v2-block,mlp,protocol-v3,1.0,32,1,3,58,0.0027219170005992055,0.017458207963500172,719847424,0.234375
564ac74e917cf4af,cifar100,ssb-v2-block,mlp,protocol-v3,1.0,32,1,3,59,0.002733541012275964,0.0173715419950895,719847424,0.2109375
564ac74e917cf4af,cifar100,ssb-v2-block,mlp,protocol-v3,1.0,32,1,3,60,0.0027199170435778797,0.017462125048041344,719847424,0.21875
564ac74e917cf4af,cifar100,ssb-v2-block,mlp,protocol-v3,1.0,32,1,3,61,0.0027325000264681876,0.017527832998894155,719847424,0.2265625
564ac74e917cf4af,cifar100,ssb-v2-block,mlp,protocol-v3,1.0,32,1,3,62,0.0028393329703249037,0.017362124985083938,719847424,0.15625
564ac74e917cf4af,cifar100,ssb-v2-block,mlp,protocol-v3,1.0,32,1,3,63,0.00271033396711573,0.017432791006285697,719847424,0.1796875
564ac74e917cf4af,cifar100,ssb-v2-block,mlp,protocol-v3,1.0,32,1,3,64,0.0027090419898740947,0.017487292003352195,719847424,0.1875
564ac74e917cf4af,cifar100,ssb-v2-block,mlp,protocol-v3,1.0,32,1,3,65,0.0027207499952055514,0.01736612501554191,719847424,0.2265625
564ac74e917cf4af,cifar100,ssb-v2-block,mlp,protocol-v3,1.0,32,1,3,66,0.0027217920287512243,0.017481875023804605,719847424,0.234375
564ac74e917cf4af,cifar100,ssb-v2-block,mlp,protocol-v3,1.0,32,1,3,67,0.002725584025029093,0.01754545804578811,719847424,0.265625
564ac74e917cf4af,cifar100,ssb-v2-block,mlp,protocol-v3,1.0,32,1,3,68,0.0027003330178558826,0.017470667022280395,719847424,0.125
564ac74e917cf4af,cifar100,ssb-v2-block,mlp,protocol-v3,1.0,32,1,3,69,0.0027375839999876916,0.01743495900882408,719863808,0.1328125
564ac74e917cf4af,cifar100,ssb-v2-block,mlp,protocol-v3,1.0,32,1,3,70,0.0027045830502174795,0.01746408297913149,719863808,0.203125
564ac74e917cf4af,cifar100,ssb-v2-block,mlp,protocol-v3,1.0,32,1,3,71,0.0027070840005762875,0.017410999978892505,719863808,0.21875
564ac74e917cf4af,cifar100,ssb-v2-block,mlp,protocol-v3,1.0,32,1,3,72,0.0027173749986104667,0.017487417033407837,719863808,0.203125
564ac74e917cf4af,cifar100,ssb-v2-block,mlp,protocol-v3,1.0,32,1,3,73,0.0027075420366600156,0.017404959013219923,719863808,0.203125
564ac74e917cf4af,cifar100,ssb-v2-block,mlp,protocol-v3,1.0,32,1,3,74,0.002717208000831306,0.017370583023875952,719863808,0.2421875
564ac74e917cf4af,cifar100,ssb-v2-block,mlp,protocol-v3,1.0,32,1,3,75,0.0027163749909959733,0.01748595800017938,719863808,0.234375
564ac74e917cf4af,cifar100,ssb-v2-block,mlp,protocol-v3,1.0,32,1,3,76,0.0027009169571101665,0.017434250039514154,719863808,0.1796875
564ac74e917cf4af,cifar100,ssb-v2-block,mlp,protocol-v3,1.0,32,1,3,77,0.002695875009521842,0.017374666989780962,719880192,0.2578125
564ac74e917cf4af,cifar100,ssb-v2-block,mlp,protocol-v3,1.0,32,1,3,78,0.002707041974645108,0.01738645799923688,719880192,0.1953125
564ac74e917cf4af,cifar100,ssb-v2-block,mlp,protocol-v3,1.0,32,1,3,79,0.0027294589672237635,0.01746133400592953,719880192,0.1640625
564ac74e917cf4af,cifar100,ssb-v2-block,mlp,protocol-v3,1.0,32,1,3,80,0.0027101250016130507,0.017434375011362135,719880192,0.203125
564ac74e917cf4af,cifar100,ssb-v2-block,mlp,protocol-v3,1.0,32,1,3,81,0.0027236250462010503,0.01735241594724357,719880192,0.1484375
564ac74e917cf4af,cifar100,ssb-v2-block,mlp,protocol-v3,1.0,32,1,3,82,0.0027039580163545907,0.017440082971006632,719880192,0.265625
564ac74e917cf4af,cifar100,ssb-v2-block,mlp,protocol-v3,1.0,32,1,3,83,0.0027147080400027335,0.017485709046013653,719880192,0.171875
564ac74e917cf4af,cifar100,ssb-v2-block,mlp,protocol-v3,1.0,32,1,3,84,0.00269649998517707,0.0174076670082286,719896576,0.2578125
564ac74e917cf4af,cifar100,ssb-v2-block,mlp,protocol-v3,1.0,32,1,3,85,0.0027044579619541764,0.01736462500412017,719896576,0.2109375
564ac74e917cf4af,cifar100,ssb-v2-block,mlp,protocol-v3,1.0,32,1,3,86,0.0027084589819423854,0.017419417039491236,719896576,0.2578125
564ac74e917cf4af,cifar100,ssb-v2-block,mlp,protocol-v3,1.0,32,1,3,87,0.002698291966225952,0.01739383302628994,719896576,0.1875
564ac74e917cf4af,cifar100,ssb-v2-block,mlp,protocol-v3,1.0,32,1,3,88,0.002699540986213833,0.017375457973685116,719896576,0.2265625
564ac74e917cf4af,cifar100,ssb-v2-block,mlp,protocol-v3,1.0,32,1,3,89,0.0027260829810984433,0.017420875024981797,719896576,0.203125
564ac74e917cf4af,cifar100,ssb-v2-block,mlp,protocol-v3,1.0,32,1,3,90,0.0027128339861519635,0.01743325003189966,719896576,0.203125
564ac74e917cf4af,cifar100,ssb-v2-block,mlp,protocol-v3,1.0,32,1,3,91,0.002696665993425995,0.017387959000188857,719896576,0.25
564ac74e917cf4af,cifar100,ssb-v2-block,mlp,protocol-v3,1.0,32,1,3,92,0.002703458012547344,0.017416874994523823,719896576,0.2421875
564ac74e917cf4af,cifar100,ssb-v2-block,mlp,protocol-v3,1.0,32,1,3,93,0.0027173749986104667,0.017560458974912763,719896576,0.25
564ac74e917cf4af,cifar100,ssb-v2-block,mlp,protocol-v3,1.0,32,1,3,94,0.00270845799241215,0.01744450000114739,719896576,0.234375
564ac74e917cf4af,cifar100,ssb-v2-block,mlp,protocol-v3,1.0,32,1,3,95,0.0027271659928373992,0.017437459027860314,719912960,0.171875
564ac74e917cf4af,cifar100,ssb-v2-block,mlp,protocol-v3,1.0,32,1,3,96,0.0027222909848205745,0.017470541992224753,719912960,0.1953125
564ac74e917cf4af,cifar100,ssb-v2-block,mlp,protocol-v3,1.0,32,1,3,97,0.002717958006542176,0.017354375042486936,719912960,0.2109375
564ac74e917cf4af,cifar100,ssb-v2-block,mlp,protocol-v3,1.0,32,1,3,98,0.002703582984395325,0.017363207996822894,719929344,0.265625
564ac74e917cf4af,cifar100,ssb-v2-block,mlp,protocol-v3,1.0,32,1,3,99,0.0026997500099241734,0.017487749981228262,719929344,0.15625
564ac74e917cf4af,cifar100,ssb-v2-block,mlp,protocol-v3,1.0,32,1,3,100,0.0027048750198446214,0.017477207991760224,719929344,0.1953125
564ac74e917cf4af,cifar100,ssb-v2-block,mlp,protocol-v3,1.0,32,1,3,101,0.002691957983188331,0.017391999950632453,719929344,0.1875
564ac74e917cf4af,cifar100,ssb-v2-block,mlp,protocol-v3,1.0,32,1,3,102,0.0027152500115334988,0.017496584041509777,719929344,0.203125
564ac74e917cf4af,cifar100,ssb-v2-block,mlp,protocol-v3,1.0,32,1,3,103,0.0027011659694835544,0.017475958971772343,719929344,0.2109375
564ac74e917cf4af,cifar100,ssb-v2-block,mlp,protocol-v3,1.0,32,1,3,104,0.0027049999916926026,0.01739766600076109,719929344,0.15625
564ac74e917cf4af,cifar100,ssb-v2-block,mlp,protocol-v3,1.0,32,1,3,105,0.0027184580103494227,0.0173895419575274,719929344,0.203125
564ac74e917cf4af,cifar100,ssb-v2-block,mlp,protocol-v3,1.0,32,1,3,106,0.0027078750426881015,0.017347749962937087,719929344,0.2578125
564ac74e917cf4af,cifar100,ssb-v2-block,mlp,protocol-v3,1.0,32,1,3,107,0.0027142500039190054,0.017362791986670345,719929344,0.1796875
564ac74e917cf4af,cifar100,ssb-v2-block,mlp,protocol-v3,1.0,32,1,3,108,0.0027367090224288404,0.017359749996103346,719929344,0.15625
564ac74e917cf4af,cifar100,ssb-v2-block,mlp,protocol-v3,1.0,32,1,3,109,0.0027155840070918202,0.017361875041387975,719929344,0.2109375
564ac74e917cf4af,cifar100,ssb-v2-block,mlp,protocol-v3,1.0,32,1,3,110,0.0027086250483989716,0.017348458000924438,719929344,0.203125
564ac74e917cf4af,cifar100,ssb-v2-block,mlp,protocol-v3,1.0,32,1,3,111,0.0027163330232724547,0.0174833339988254,719945728,0.1953125
564ac74e917cf4af,cifar100,ssb-v2-block,mlp,protocol-v3,1.0,32,1,3,112,0.0027178750024177134,0.01747612503822893,719945728,0.2265625
564ac74e917cf4af,cifar100,ssb-v2-block,mlp,protocol-v3,1.0,32,1,3,113,0.002707375038880855,0.017413916008081287,719945728,0.1796875
564ac74e917cf4af,cifar100,ssb-v2-block,mlp,protocol-v3,1.0,32,1,3,114,0.002723374986089766,0.017586249974556267,719945728,0.171875
564ac74e917cf4af,cifar100,ssb-v2-block,mlp,protocol-v3,1.0,32,1,3,115,0.002739791991189122,0.01739250001264736,719962112,0.21875
564ac74e917cf4af,cifar100,ssb-v2-block,mlp,protocol-v3,1.0,32,1,3,116,0.0027000419795513153,0.017313165997620672,719962112,0.1640625
564ac74e917cf4af,cifar100,ssb-v2-block,mlp,protocol-v3,1.0,32,1,3,117,0.002720832999330014,0.017352874972857535,719962112,0.2109375
564ac74e917cf4af,cifar100,ssb-v2-block,mlp,protocol-v3,1.0,32,1,3,118,0.0027214160072617233,0.01737829198827967,719962112,0.234375
564ac74e917cf4af,cifar100,ssb-v2-block,mlp,protocol-v3,1.0,32,1,3,119,0.0027069160132668912,0.017403415986336768,719962112,0.234375
564ac74e917cf4af,cifar100,ssb-v2-block,mlp,protocol-v3,1.0,32,1,3,120,0.002708583022467792,0.01731545804068446,719962112,0.2265625
564ac74e917cf4af,cifar100,ssb-v2-block,mlp,protocol-v3,1.0,32,1,3,121,0.0027300830115564167,0.017350209003780037,719962112,0.1875
564ac74e917cf4af,cifar100,ssb-v2-block,mlp,protocol-v3,1.0,32,1,3,122,0.0027109579532407224,0.017531874997075647,719978496,0.203125
564ac74e917cf4af,cifar100,ssb-v2-block,mlp,protocol-v3,1.0,32,1,3,123,0.002714750007726252,0.017435000045225024,719978496,0.1875
564ac74e917cf4af,cifar100,ssb-v2-block,mlp,protocol-v3,1.0,32,1,3,124,0.002710832981392741,0.017567291972227395,719978496,0.2109375
564ac74e917cf4af,cifar100,ssb-v2-block,mlp,protocol-v3,1.0,32,1,3,125,0.0027030420023947954,0.01742491702316329,719978496,0.2421875
564ac74e917cf4af,cifar100,ssb-v2-block,mlp,protocol-v3,1.0,32,1,3,126,0.002691917004995048,0.01737379201222211,719994880,0.1796875
564ac74e917cf4af,cifar100,ssb-v2-block,mlp,protocol-v3,1.0,32,1,3,127,0.002707625040784478,0.01739420898957178,719994880,0.15625
564ac74e917cf4af,cifar100,ssb-v2-block,mlp,protocol-v3,1.0,32,1,3,128,0.002724749967455864,0.017404915997758508,719994880,0.1796875
564ac74e917cf4af,cifar100,ssb-v2-block,mlp,protocol-v3,1.0,32,1,3,129,0.0026994170038960874,0.017457791953347623,719994880,0.1953125
564ac74e917cf4af,cifar100,ssb-v2-block,mlp,protocol-v3,1.0,32,1,3,130,0.0027260829810984433,0.017395249975379556,720011264,0.296875
564ac74e917cf4af,cifar100,ssb-v2-block,mlp,protocol-v3,1.0,32,1,3,131,0.002729416999500245,0.017317999969236553,720011264,0.15625
564ac74e917cf4af,cifar100,ssb-v2-block,mlp,protocol-v3,1.0,32,1,3,132,0.0027150000096298754,0.017332457995507866,720011264,0.265625
564ac74e917cf4af,cifar100,ssb-v2-block,mlp,protocol-v3,1.0,32,1,3,133,0.002706291968934238,0.017356625001411885,720011264,0.234375
564ac74e917cf4af,cifar100,ssb-v2-block,mlp,protocol-v3,1.0,32,1,3,134,0.002720082993619144,0.01731166703393683,720011264,0.1875
564ac74e917cf4af,cifar100,ssb-v2-block,mlp,protocol-v3,1.0,32,1,3,135,0.0027190829860046506,0.017414166999515146,720011264,0.1484375
564ac74e917cf4af,cifar100,ssb-v2-block,mlp,protocol-v3,1.0,32,1,3,136,0.0027172089903615415,0.017556167033035308,720011264,0.2265625
564ac74e917cf4af,cifar100,ssb-v2-block,mlp,protocol-v3,1.0,32,1,3,137,0.0027334169717505574,0.01746424997691065,720011264,0.15625
564ac74e917cf4af,cifar100,ssb-v2-block,mlp,protocol-v3,1.0,32,1,3,138,0.0027342919493094087,0.017377791984472424,720011264,0.15625
564ac74e917cf4af,cifar100,ssb-v2-block,mlp,protocol-v3,1.0,32,1,3,139,0.00273725000442937,0.017469124984927475,720011264,0.1953125
564ac74e917cf4af,cifar100,ssb-v2-block,mlp,protocol-v3,1.0,32,1,3,140,0.0027257089968770742,0.01737125002546236,720011264,0.15625
564ac74e917cf4af,cifar100,ssb-v2-block,mlp,protocol-v3,1.0,32,1,3,141,0.0027220839983783662,0.01736191601958126,720011264,0.1796875
564ac74e917cf4af,cifar100,ssb-v2-block,mlp,protocol-v3,1.0,32,1,3,142,0.002717332972679287,0.017315749952103943,720011264,0.140625
564ac74e917cf4af,cifar100,ssb-v2-block,mlp,protocol-v3,1.0,32,1,3,143,0.0027203329955227673,0.017316791985649616,720011264,0.140625
564ac74e917cf4af,cifar100,ssb-v2-block,mlp,protocol-v3,1.0,32,1,3,144,0.002705249993596226,0.017590042029041797,720027648,0.21875
564ac74e917cf4af,cifar100,ssb-v2-block,mlp,protocol-v3,1.0,32,1,3,145,0.00271537498338148,0.017418165982235223,720027648,0.2421875
564ac74e917cf4af,cifar100,ssb-v2-block,mlp,protocol-v3,1.0,32,1,3,146,0.0027295000036247075,0.017455250024795532,720044032,0.2734375
564ac74e917cf4af,cifar100,ssb-v2-block,mlp,protocol-v3,1.0,32,1,3,147,0.00271408399567008,0.01740150002297014,720044032,0.2109375
564ac74e917cf4af,cifar100,ssb-v2-block,mlp,protocol-v3,1.0,32,1,3,148,0.0026914580375887454,0.01739929197356105,720044032,0.1796875
564ac74e917cf4af,cifar100,ssb-v2-block,mlp,protocol-v3,1.0,32,1,3,149,0.0026996249798685312,0.017334625008516014,720044032,0.21875
564ac74e917cf4af,cifar100,ssb-v2-block,mlp,protocol-v3,1.0,32,1,3,150,0.0027245840174145997,0.017422250006347895,720044032,0.203125
564ac74e917cf4af,cifar100,ssb-v2-block,mlp,protocol-v3,1.0,32,1,3,151,0.002718666975852102,0.017485832970123738,720044032,0.3046875
564ac74e917cf4af,cifar100,ssb-v2-block,mlp,protocol-v3,1.0,32,1,3,152,0.002728916995692998,0.017404083046130836,720044032,0.2265625
564ac74e917cf4af,cifar100,ssb-v2-block,mlp,protocol-v3,1.0,32,1,3,153,0.00270175002515316,0.017401334014721215,720044032,0.203125
564ac74e917cf4af,cifar100,ssb-v2-block,mlp,protocol-v3,1.0,32,1,3,154,0.002741083037108183,0.017350291018374264,720044032,0.2421875
564ac74e917cf4af,cifar100,ssb-v2-block,mlp,protocol-v3,1.0,32,1,3,155,0.0027110420051030815,0.017422875040210783,720060416,0.140625
564ac74e917cf4af,cifar100,ssb-v2-block,mlp,protocol-v3,1.0,32,1,3,156,0.0027471669600345194,0.017476540990173817,720060416,0.2734375
564ac74e917cf4af,cifar100,ssb-v2-block,mlp,protocol-v3,1.0,32,1,3,157,0.0027152090333402157,0.0174182920018211,720060416,0.1796875
564ac74e917cf4af,cifar100,ssb-v2-block,mlp,protocol-v3,1.0,32,1,3,158,0.002718708012253046,0.017387458006851375,720060416,0.2890625
564ac74e917cf4af,cifar100,ssb-v2-block,mlp,protocol-v3,1.0,32,1,3,159,0.0027267500408925116,0.0174135830020532,720060416,0.21875
564ac74e917cf4af,cifar100,ssb-v2-block,mlp,protocol-v3,1.0,32,1,3,160,0.0027196669834665954,0.01745829201536253,720076800,0.2421875
564ac74e917cf4af,cifar100,ssb-v2-block,mlp,protocol-v3,1.0,32,1,3,161,0.002723500016145408,0.01745129202026874,720076800,0.28125
564ac74e917cf4af,cifar100,ssb-v2-block,mlp,protocol-v3,1.0,32,1,3,162,0.002737125032581389,0.017334082978777587,720076800,0.21875
564ac74e917cf4af,cifar100,ssb-v2-block,mlp,protocol-v3,1.0,32,1,3,163,0.0027321670204401016,0.017335584037937224,720093184,0.2578125
564ac74e917cf4af,cifar100,ssb-v2-block,mlp,protocol-v3,1.0,32,1,3,164,0.0027152919792570174,0.017519124958198518,720093184,0.1640625
564ac74e917cf4af,cifar100,ssb-v2-block,mlp,protocol-v3,1.0,32,1,3,165,0.002713875030167401,0.01746891695074737,720109568,0.21875
564ac74e917cf4af,cifar100,ssb-v2-block,mlp,protocol-v3,1.0,32,1,3,166,0.0027186250081285834,0.01745666697388515,720109568,0.1484375
564ac74e917cf4af,cifar100,ssb-v2-block,mlp,protocol-v3,1.0,32,1,3,167,0.002713875030167401,0.017477458983194083,720109568,0.28125
564ac74e917cf4af,cifar100,ssb-v2-block,mlp,protocol-v3,1.0,32,1,3,168,0.0027249170234426856,0.01743270899169147,720109568,0.140625
564ac74e917cf4af,cifar100,ssb-v2-block,mlp,protocol-v3,1.0,32,1,3,169,0.002713166002649814,0.017476791981607676,720109568,0.2265625
564ac74e917cf4af,cifar100,ssb-v2-block,mlp,protocol-v3,1.0,32,1,3,170,0.0027230000123381615,0.01742766599636525,720109568,0.171875
564ac74e917cf4af,cifar100,ssb-v2-block,mlp,protocol-v3,1.0,32,1,3,171,0.0026978329988196492,0.017334708012640476,720109568,0.171875
564ac74e917cf4af,cifar100,ssb-v2-block,mlp,protocol-v3,1.0,32,1,3,172,0.002724874997511506,0.017487957957200706,720109568,0.2578125
564ac74e917cf4af,cifar100,ssb-v2-block,mlp,protocol-v3,1.0,32,1,3,173,0.0027216250309720635,0.01738020800985396,720109568,0.15625
564ac74e917cf4af,cifar100,ssb-v2-block,mlp,protocol-v3,1.0,32,1,3,174,0.0027157500153407454,0.017428292019758373,720109568,0.2421875
564ac74e917cf4af,cifar100,ssb-v2-block,mlp,protocol-v3,1.0,32,1,3,175,0.0027292919694446027,0.01735624996945262,720109568,0.21875
564ac74e917cf4af,cifar100,ssb-v2-block,mlp,protocol-v3,1.0,32,1,3,176,0.0027276669861748815,0.017387500032782555,720109568,0.1875
564ac74e917cf4af,cifar100,ssb-v2-block,mlp,protocol-v3,1.0,32,1,3,177,0.002709916967432946,0.017680332995951176,720125952,0.203125
564ac74e917cf4af,cifar100,ssb-v2-block,mlp,protocol-v3,1.0,32,1,3,178,0.002704374957829714,0.01730391604360193,720125952,0.234375
564ac74e917cf4af,cifar100,ssb-v2-block,mlp,protocol-v3,1.0,32,1,3,179,0.0027036250103265047,0.017411166976671666,720125952,0.1953125
564ac74e917cf4af,cifar100,ssb-v2-block,mlp,protocol-v3,1.0,32,1,3,180,0.0026992089697159827,0.017394291004166007,720125952,0.1484375
564ac74e917cf4af,cifar100,ssb-v2-block,mlp,protocol-v3,1.0,32,1,3,181,0.0027065000031143427,0.01736566604813561,720125952,0.1875
564ac74e917cf4af,cifar100,ssb-v2-block,mlp,protocol-v3,1.0,32,1,3,182,0.002718042000196874,0.01735087501583621,720125952,0.21875
564ac74e917cf4af,cifar100,ssb-v2-block,mlp,protocol-v3,1.0,32,1,3,183,0.002712207962758839,0.01733604201581329,720125952,0.2734375
564ac74e917cf4af,cifar100,ssb-v2-block,mlp,protocol-v3,1.0,32,1,3,184,0.0027098749997094274,0.017341499973554164,720125952,0.2109375
564ac74e917cf4af,cifar100,ssb-v2-block,mlp,protocol-v3,1.0,32,1,3,185,0.0027296249754726887,0.017342915991321206,720125952,0.25
564ac74e917cf4af,cifar100,ssb-v2-block,mlp,protocol-v3,1.0,32,1,3,186,0.002707290987018496,0.017547083960380405,720125952,0.1484375
564ac74e917cf4af,cifar100,ssb-v2-block,mlp,protocol-v3,1.0,32,1,3,187,0.0027075829566456378,0.017359667050186545,720142336,0.1796875
564ac74e917cf4af,cifar100,ssb-v2-block,mlp,protocol-v3,1.0,32,1,3,188,0.0027240419876761734,0.01763258402934298,720142336,0.1953125
564ac74e917cf4af,cifar100,ssb-v2-block,mlp,protocol-v3,1.0,32,1,3,189,0.0026971250190399587,0.01736608298961073,720142336,0.1953125
564ac74e917cf4af,cifar100,ssb-v2-block,mlp,protocol-v3,1.0,32,1,3,190,0.0027140830061398447,0.017416707996744663,720142336,0.203125
564ac74e917cf4af,cifar100,ssb-v2-block,mlp,protocol-v3,1.0,32,1,3,191,0.0027269580168649554,0.01745599997229874,720158720,0.203125
564ac74e917cf4af,cifar100,ssb-v2-block,mlp,protocol-v3,1.0,32,1,3,192,0.0027091249939985573,0.01735099998768419,720158720,0.1796875
564ac74e917cf4af,cifar100,ssb-v2-block,mlp,protocol-v3,1.0,32,1,3,193,0.0027320829685777426,0.017451916995923966,720158720,0.234375
564ac74e917cf4af,cifar100,ssb-v2-block,mlp,protocol-v3,1.0,32,1,3,194,0.0027281249640509486,0.01747545797843486,720158720,0.1796875
564ac74e917cf4af,cifar100,ssb-v2-block,mlp,protocol-v3,1.0,32,1,3,195,0.00271687499480322,0.017371665977407247,720158720,0.203125
564ac74e917cf4af,cifar100,ssb-v2-block,mlp,protocol-v3,1.0,32,1,3,196,0.002716958988457918,0.017406500002834946,720158720,0.1484375
564ac74e917cf4af,cifar100,ssb-v2-block,mlp,protocol-v3,1.0,32,1,3,197,0.002715499955229461,0.01732054096646607,720158720,0.203125
564ac74e917cf4af,cifar100,ssb-v2-block,mlp,protocol-v3,1.0,32,1,3,198,0.002714958041906357,0.017394832975696772,720158720,0.2109375
564ac74e917cf4af,cifar100,ssb-v2-block,mlp,protocol-v3,1.0,32,1,3,199,0.00271537498338148,0.01746658404590562,720158720,0.140625
564ac74e917cf4af,cifar100,ssb-v2-block,mlp,protocol-v3,1.0,32,1,3,200,0.0026940840180031955,0.017282875021919608,720158720,0.2421875
564ac74e917cf4af,cifar100,ssb-v2-block,mlp,protocol-v3,1.0,32,1,3,201,0.0027164999628439546,0.01737662497907877,720158720,0.2265625
564ac74e917cf4af,cifar100,ssb-v2-block,mlp,protocol-v3,1.0,32,1,3,202,0.002701832971069962,0.017403666977770627,720158720,0.1875
564ac74e917cf4af,cifar100,ssb-v2-block,mlp,protocol-v3,1.0,32,1,3,203,0.002727875020354986,0.017385499959345907,720175104,0.1640625
564ac74e917cf4af,cifar100,ssb-v2-block,mlp,protocol-v3,1.0,32,1,3,204,0.002717750030569732,0.01732154202181846,720175104,0.1484375
564ac74e917cf4af,cifar100,ssb-v2-block,mlp,protocol-v3,1.0,32,1,3,205,0.002725166967138648,0.017478291993029416,720191488,0.1953125
564ac74e917cf4af,cifar100,ssb-v2-block,mlp,protocol-v3,1.0,32,1,3,206,0.002715667011216283,0.017479708010796458,720191488,0.1328125
564ac74e917cf4af,cifar100,ssb-v2-block,mlp,protocol-v3,1.0,32,1,3,207,0.002717916970141232,0.01741854101419449,720191488,0.171875
564ac74e917cf4af,cifar100,ssb-v2-block,mlp,protocol-v3,1.0,32,1,3,208,0.002714166999794543,0.01741270802449435,720191488,0.203125
564ac74e917cf4af,cifar100,ssb-v2-block,mlp,protocol-v3,1.0,32,1,3,209,0.0027164160273969173,0.017523541988339275,720191488,0.171875
564ac74e917cf4af,cifar100,ssb-v2-block,mlp,protocol-v3,1.0,32,1,3,210,0.002715375041589141,0.017461583018302917,720191488,0.1796875
564ac74e917cf4af,cifar100,ssb-v2-block,mlp,protocol-v3,1.0,32,1,3,211,0.0027043750160373747,0.017397499992512167,720191488,0.171875
564ac74e917cf4af,cifar100,ssb-v2-block,mlp,protocol-v3,1.0,32,1,3,212,0.002727583982050419,0.01733120798598975,720191488,0.21875
564ac74e917cf4af,cifar100,ssb-v2-block,mlp,protocol-v3,1.0,32,1,3,213,0.002720375021453947,0.017318749974947423,720191488,0.1953125
564ac74e917cf4af,cifar100,ssb-v2-block,mlp,protocol-v3,1.0,32,1,3,214,0.002711125009227544,0.017414209025446326,720191488,0.234375
564ac74e917cf4af,cifar100,ssb-v2-block,mlp,protocol-v3,1.0,32,1,3,215,0.0027228750404901803,0.01744012499693781,720191488,0.109375
564ac74e917cf4af,cifar100,ssb-v2-block,mlp,protocol-v3,1.0,32,1,3,216,0.0027078749844804406,0.01733737502945587,720191488,0.171875
564ac74e917cf4af,cifar100,ssb-v2-block,mlp,protocol-v3,1.0,32,1,3,217,0.0027262920048087835,0.01745345798553899,720191488,0.234375
564ac74e917cf4af,cifar100,ssb-v2-block,mlp,protocol-v3,1.0,32,1,3,218,0.002722957986406982,0.017340166959911585,720191488,0.1796875
564ac74e917cf4af,cifar100,ssb-v2-block,mlp,protocol-v3,1.0,32,1,3,219,0.0027148749795742333,0.01751249999506399,720191488,0.125
564ac74e917cf4af,cifar100,ssb-v2-block,mlp,protocol-v3,1.0,32,1,3,220,0.002690124965738505,0.017369916022289544,720207872,0.1796875
564ac74e917cf4af,cifar100,ssb-v2-block,mlp,protocol-v3,1.0,32,1,3,221,0.0027309160213917494,0.017361124977469444,720224256,0.2109375
564ac74e917cf4af,cifar100,ssb-v2-block,mlp,protocol-v3,1.0,32,1,3,222,0.0027147919754497707,0.017419957963284105,720240640,0.2421875
564ac74e917cf4af,cifar100,ssb-v2-block,mlp,protocol-v3,1.0,32,1,3,223,0.002714417001698166,0.017358166980557144,720240640,0.1953125
564ac74e917cf4af,cifar100,ssb-v2-block,mlp,protocol-v3,1.0,32,1,3,224,0.002703583042602986,0.01733370899455622,720240640,0.1875
564ac74e917cf4af,cifar100,ssb-v2-block,mlp,protocol-v3,1.0,32,1,3,225,0.002704624959733337,0.017404708021786064,720240640,0.203125
564ac74e917cf4af,cifar100,ssb-v2-block,mlp,protocol-v3,1.0,32,1,3,226,0.0027088329661637545,0.017468790989369154,720240640,0.2421875
564ac74e917cf4af,cifar100,ssb-v2-block,mlp,protocol-v3,1.0,32,1,3,227,0.002724083955399692,0.017272875003982335,720240640,0.2421875
564ac74e917cf4af,cifar100,ssb-v2-block,mlp,protocol-v3,1.0,32,1,3,228,0.0026997080422006547,0.017333374998997897,720240640,0.1953125
564ac74e917cf4af,cifar100,ssb-v2-block,mlp,protocol-v3,1.0,32,1,3,229,0.00273274997016415,0.017404915997758508,720240640,0.1484375
564ac74e917cf4af,cifar100,ssb-v2-block,mlp,protocol-v3,1.0,32,1,3,230,0.0027117919526062906,0.017334916978143156,720240640,0.1953125
564ac74e917cf4af,cifar100,ssb-v2-block,mlp,protocol-v3,1.0,32,1,3,231,0.002715707989409566,0.017400457989424467,720240640,0.171875
564ac74e917cf4af,cifar100,ssb-v2-block,mlp,protocol-v3,1.0,32,1,3,232,0.0027063749730587006,0.01739108399488032,720240640,0.1875
564ac74e917cf4af,cifar100,ssb-v2-block,mlp,protocol-v3,1.0,32,1,3,233,0.002707208041101694,0.017328458023257554,720257024,0.171875
564ac74e917cf4af,cifar100,ssb-v2-block,mlp,protocol-v3,1.0,32,1,3,234,0.0027158750453963876,0.01739758299663663,720257024,0.2109375
564ac74e917cf4af,cifar100,ssb-v2-block,mlp,protocol-v3,1.0,32,1,3,235,0.0027035840321332216,0.017426416976377368,720257024,0.1484375
564ac74e917cf4af,cifar100,ssb-v2-block,mlp,protocol-v3,1.0,32,1,3,236,0.0027243749937042594,0.01738616602960974,720257024,0.171875
564ac74e917cf4af,cifar100,ssb-v2-block,mlp,protocol-v3,1.0,32,1,3,237,0.0027128750225529075,0.017407792038284242,720257024,0.21875
564ac74e917cf4af,cifar100,ssb-v2-block,mlp,protocol-v3,1.0,32,1,3,238,0.002737583010457456,0.017401791992597282,720257024,0.25
564ac74e917cf4af,cifar100,ssb-v2-block,mlp,protocol-v3,1.0,32,1,3,239,0.0027275420143269002,0.01751083298586309,720273408,0.2578125
564ac74e917cf4af,cifar100,ssb-v2-block,mlp,protocol-v3,1.0,32,1,3,240,0.0027141659520566463,0.017447541991714388,720273408,0.1875
564ac74e917cf4af,cifar100,ssb-v2-block,mlp,protocol-v3,1.0,32,1,3,241,0.0027083330205641687,0.017681207973510027,720273408,0.171875
564ac74e917cf4af,cifar100,ssb-v2-block,mlp,protocol-v3,1.0,32,1,3,242,0.00270695798099041,0.017409417021553963,720273408,0.2109375
564ac74e917cf4af,cifar100,ssb-v2-block,mlp,protocol-v3,1.0,32,1,3,243,0.0027404999709688127,0.01745829201536253,720273408,0.265625
564ac74e917cf4af,cifar100,ssb-v2-block,mlp,protocol-v3,1.0,32,1,3,244,0.0027091249939985573,0.01740387495374307,720273408,0.2109375
564ac74e917cf4af,cifar100,ssb-v2-block,mlp,protocol-v3,1.0,32,1,3,245,0.0027264999807812274,0.017370874993503094,720306176,0.2421875
564ac74e917cf4af,cifar100,ssb-v2-block,mlp,protocol-v3,1.0,32,1,3,246,0.0027145830099470913,0.01732533297035843,720306176,0.203125
564ac74e917cf4af,cifar100,ssb-v2-block,mlp,protocol-v3,1.0,32,1,3,247,0.0027119169826619327,0.017359749996103346,720306176,0.1484375
564ac74e917cf4af,cifar100,ssb-v2-block,mlp,protocol-v3,1.0,32,1,3,248,0.002712625020649284,0.017365042003802955,720306176,0.234375
564ac74e917cf4af,cifar100,ssb-v2-block,mlp,protocol-v3,1.0,32,1,3,249,0.002726833045016974,0.01737345801666379,720306176,0.171875
564ac74e917cf4af,cifar100,ssb-v2-block,mlp,protocol-v3,1.0,32,1,3,250,0.00272341602249071,0.017437291971873492,720306176,0.265625
564ac74e917cf4af,cifar100,ssb-v2-block,mlp,protocol-v3,1.0,32,1,3,251,0.0027175419963896275,0.017471083032432944,720306176,0.265625
564ac74e917cf4af,cifar100,ssb-v2-block,mlp,protocol-v3,1.0,32,1,3,252,0.0027223340002819896,0.017381417041178793,720306176,0.21875
564ac74e917cf4af,cifar100,ssb-v2-block,mlp,protocol-v3,1.0,32,1,3,253,0.0027043339796364307,0.01741004199720919,720306176,0.1796875
564ac74e917cf4af,cifar100,ssb-v2-block,mlp,protocol-v3,1.0,32,1,3,254,0.0027138330042362213,0.017337750003207475,720322560,0.1328125
564ac74e917cf4af,cifar100,ssb-v2-block,mlp,protocol-v3,1.0,32,1,3,255,0.0027159579913131893,0.017409500025678426,720322560,0.21875
564ac74e917cf4af,cifar100,ssb-v2-block,mlp,protocol-v3,1.0,32,1,3,256,0.0028569999849423766,0.0174272499862127,720322560,0.28125
564ac74e917cf4af,cifar100,ssb-v2-block,mlp,protocol-v3,1.0,32,1,3,257,0.002715792041271925,0.01731475000269711,720322560,0.25
564ac74e917cf4af,cifar100,ssb-v2-block,mlp,protocol-v3,1.0,32,1,3,258,0.002735292015131563,0.01741570798913017,720338944,0.2109375
564ac74e917cf4af,cifar100,ssb-v2-block,mlp,protocol-v3,1.0,32,1,3,259,0.002723832963965833,0.017418915987946093,720355328,0.1796875
564ac74e917cf4af,cifar100,ssb-v2-block,mlp,protocol-v3,1.0,32,1,3,260,0.002741708012763411,0.01731833297526464,720355328,0.2265625
564ac74e917cf4af,cifar100,ssb-v2-block,mlp,protocol-v3,1.0,32,1,3,261,0.0027225420344620943,0.017413749999832362,720355328,0.171875
564ac74e917cf4af,cifar100,ssb-v2-block,mlp,protocol-v3,1.0,32,1,3,262,0.0027353749610483646,0.0173788329702802,720355328,0.21875
564ac74e917cf4af,cifar100,ssb-v2-block,mlp,protocol-v3,1.0,32,1,3,263,0.002738333016168326,0.017369457986205816,720355328,0.15625
564ac74e917cf4af,cifar100,ssb-v2-block,mlp,protocol-v3,1.0,32,1,3,264,0.002709832973778248,0.017421457974705845,720355328,0.171875
564ac74e917cf4af,cifar100,ssb-v2-block,mlp,protocol-v3,1.0,32,1,3,265,0.0027232920401729643,0.017413749999832362,720355328,0.203125
564ac74e917cf4af,cifar100,ssb-v2-block,mlp,protocol-v3,1.0,32,1,3,266,0.0027079579886049032,0.017377500014845282,720355328,0.2578125
564ac74e917cf4af,cifar100,ssb-v2-block,mlp,protocol-v3,1.0,32,1,3,267,0.0027171249967068434,0.01739308296237141,720355328,0.2265625
564ac74e917cf4af,cifar100,ssb-v2-block,mlp,protocol-v3,1.0,32,1,3,268,0.0026884159888140857,0.017344166000839323,720355328,0.1640625
564ac74e917cf4af,cifar100,ssb-v2-block,mlp,protocol-v3,1.0,32,1,3,269,0.0027204580255784094,0.017430666950531304,720355328,0.2265625
564ac74e917cf4af,cifar100,ssb-v2-block,mlp,protocol-v3,1.0,32,1,3,270,0.002712167042773217,0.01764408400049433,720355328,0.2109375
564ac74e917cf4af,cifar100,ssb-v2-block,mlp,protocol-v3,1.0,32,1,3,271,0.0027186250081285834,0.017342957959044725,720355328,0.1640625
564ac74e917cf4af,cifar100,ssb-v2-block,mlp,protocol-v3,1.0,32,1,3,272,0.002700874989386648,0.01740837498800829,720355328,0.1640625
564ac74e917cf4af,cifar100,ssb-v2-block,mlp,protocol-v3,1.0,32,1,3,273,0.0027289579738862813,0.017583624983672053,720371712,0.203125
564ac74e917cf4af,cifar100,ssb-v2-block,mlp,protocol-v3,1.0,32,1,3,274,0.0028376670088618994,0.01739070803159848,720371712,0.21875
564ac74e917cf4af,cifar100,ssb-v2-block,mlp,protocol-v3,1.0,32,1,3,275,0.0027239160262979567,0.01742204203037545,720371712,0.2421875
564ac74e917cf4af,cifar100,ssb-v2-block,mlp,protocol-v3,1.0,32,1,3,276,0.002712082990910858,0.017340083024464548,720371712,0.2109375
564ac74e917cf4af,cifar100,ssb-v2-block,mlp,protocol-v3,1.0,32,1,3,277,0.0027220839983783662,0.017427415994461626,720371712,0.1640625
564ac74e917cf4af,cifar100,ssb-v2-block,mlp,protocol-v3,1.0,32,1,3,278,0.0027206249651499093,0.017460540984757245,720388096,0.25
564ac74e917cf4af,cifar100,ssb-v2-block,mlp,protocol-v3,1.0,32,1,3,279,0.0027322500245645642,0.0174392499611713,720388096,0.1640625
564ac74e917cf4af,cifar100,ssb-v2-block,mlp,protocol-v3,1.0,32,1,3,280,0.00271370803238824,0.01735999999800697,720388096,0.2109375
564ac74e917cf4af,cifar100,ssb-v2-block,mlp,protocol-v3,1.0,32,1,3,281,0.002715707989409566,0.017414665955584496,720388096,0.171875
564ac74e917cf4af,cifar100,ssb-v2-block,mlp,protocol-v3,1.0,32,1,3,282,0.0027235420420765877,0.017413708032108843,720388096,0.2109375
564ac74e917cf4af,cifar100,ssb-v2-block,mlp,protocol-v3,1.0,32,1,3,283,0.0027302499511279166,0.01750658400123939,720388096,0.2265625
564ac74e917cf4af,cifar100,ssb-v2-block,mlp,protocol-v3,1.0,32,1,3,284,0.002726250037085265,0.017417000024579465,720388096,0.2421875
564ac74e917cf4af,cifar100,ssb-v2-block,mlp,protocol-v3,1.0,32,1,3,285,0.0027132080285809934,0.017411999986507,720388096,0.1875
564ac74e917cf4af,cifar100,ssb-v2-block,mlp,protocol-v3,1.0,32,1,3,286,0.0027135410346090794,0.01736095902742818,720388096,0.203125
564ac74e917cf4af,cifar100,ssb-v2-block,mlp,protocol-v3,1.0,32,1,3,287,0.002718291012570262,0.017406458966434002,720388096,0.171875
564ac74e917cf4af,cifar100,ssb-v2-block,mlp,protocol-v3,1.0,32,1,3,288,0.002726083970628679,0.017453000007662922,720404480,0.21875
564ac74e917cf4af,cifar100,ssb-v2-block,mlp,protocol-v3,1.0,32,1,3,289,0.0027239170158281922,0.017451833002269268,720404480,0.203125
564ac74e917cf4af,cifar100,ssb-v2-block,mlp,protocol-v3,1.0,32,1,3,290,0.002721249999012798,0.017600165971089154,720420864,0.21875
564ac74e917cf4af,cifar100,ssb-v2-block,mlp,protocol-v3,1.0,32,1,3,291,0.0027012499631382525,0.017475207976531237,720420864,0.2421875
564ac74e917cf4af,cifar100,ssb-v2-block,mlp,protocol-v3,1.0,32,1,3,292,0.0027182920021004975,0.01742520899279043,720420864,0.1953125
564ac74e917cf4af,cifar100,ssb-v2-block,mlp,protocol-v3,1.0,32,1,3,293,0.002727916988078505,0.017479415982961655,720420864,0.21875
564ac74e917cf4af,cifar100,ssb-v2-block,mlp,protocol-v3,1.0,32,1,3,294,0.00272229197435081,0.01741650002077222,720420864,0.265625
564ac74e917cf4af,cifar100,ssb-v2-block,mlp,protocol-v3,1.0,32,1,3,295,0.002727957966271788,0.017446624988224357,720420864,0.21875
564ac74e917cf4af,cifar100,ssb-v2-block,mlp,protocol-v3,1.0,32,1,3,296,0.0027297079795971513,0.01741970796138048,720437248,0.2109375
564ac74e917cf4af,cifar100,ssb-v2-block,mlp,protocol-v3,1.0,32,1,3,297,0.002723250014241785,0.01738487498369068,720437248,0.2734375
564ac74e917cf4af,cifar100,ssb-v2-block,mlp,protocol-v3,1.0,32,1,3,298,0.0027155419811606407,0.017351832997519523,720437248,0.2578125
564ac74e917cf4af,cifar100,ssb-v2-block,mlp,protocol-v3,1.0,32,1,3,299,0.0027282919618301094,0.017387208004947752,720437248,0.203125
564ac74e917cf4af,cifar100,ssb-v2-block,mlp,protocol-v3,1.0,32,1,3,300,0.0027145830099470913,0.017514957988169044,720437248,0.15625
564ac74e917cf4af,cifar100,ssb-v2-block,mlp,protocol-v3,1.0,32,1,3,301,0.002732000022660941,0.017379083030391484,720437248,0.234375
564ac74e917cf4af,cifar100,ssb-v2-block,mlp,protocol-v3,1.0,32,1,3,302,0.0027152500115334988,0.017483791976701468,720453632,0.2421875
564ac74e917cf4af,cifar100,ssb-v2-block,mlp,protocol-v3,1.0,32,1,3,303,0.0027247079997323453,0.01738295896211639,720486400,0.1640625
564ac74e917cf4af,cifar100,ssb-v2-block,mlp,protocol-v3,1.0,32,1,3,304,0.002733082976192236,0.017439916962757707,720486400,0.21875
564ac74e917cf4af,cifar100,ssb-v2-block,mlp,protocol-v3,1.0,32,1,3,305,0.0027307920390740037,0.017375208029989153,720486400,0.1875
564ac74e917cf4af,cifar100,ssb-v2-block,mlp,protocol-v3,1.0,32,1,3,306,0.002725207945331931,0.017369416018482298,720486400,0.2109375
564ac74e917cf4af,cifar100,ssb-v2-block,mlp,protocol-v3,1.0,32,1,3,307,0.0027362500550225377,0.01745812501758337,720486400,0.1875
564ac74e917cf4af,cifar100,ssb-v2-block,mlp,protocol-v3,1.0,32,1,3,308,0.0027215000009164214,0.01739295804873109,720486400,0.171875
564ac74e917cf4af,cifar100,ssb-v2-block,mlp,protocol-v3,1.0,32,1,3,309,0.0027274999883957207,0.017376374977175146,720486400,0.2421875
564ac74e917cf4af,cifar100,ssb-v2-block,mlp,protocol-v3,1.0,32,1,3,310,0.0027143749757669866,0.017389082990121096,720486400,0.2890625
564ac74e917cf4af,cifar100,ssb-v2-block,mlp,protocol-v3,1.0,32,1,3,311,0.0027347920113243163,0.017420334042981267,720486400,0.2109375
564ac74e917cf4af,cifar100,ssb-v2-block,mlp,protocol-v3,1.0,32,1,3,312,0.00271912501193583,0.017497749999165535,720486400,0.1484375
564ac74e917cf4af,cifar100,ssb-v2-block,mlp,protocol-v3,1.0,32,1,3,313,0.0027136660064570606,0.017421624972485006,720486400,0.171875
564ac74e917cf4af,cifar100,ssb-v2-block,mlp,protocol-v3,1.0,32,1,3,314,0.0027076659607701004,0.0174078339478001,720486400,0.2265625
564ac74e917cf4af,cifar100,ssb-v2-block,mlp,protocol-v3,1.0,32,1,3,315,0.0027227079845033586,0.017341708997264504,720486400,0.1796875
564ac74e917cf4af,cifar100,ssb-v2-block,mlp,protocol-v3,1.0,32,1,3,316,0.0028293340001255274,0.017401749966666102,720486400,0.203125
564ac74e917cf4af,cifar100,ssb-v2-block,mlp,protocol-v3,1.0,32,1,3,317,0.002713666995987296,0.01743312500184402,720486400,0.265625
564ac74e917cf4af,cifar100,ssb-v2-block,mlp,protocol-v3,1.0,32,1,3,318,0.0027228750404901803,0.01742095802910626,720486400,0.2109375
564ac74e917cf4af,cifar100,ssb-v2-block,mlp,protocol-v3,1.0,32,1,3,319,0.0027108750073239207,0.017570124997291714,720502784,0.140625
564ac74e917cf4af,cifar100,ssb-v2-block,mlp,protocol-v3,1.0,32,1,3,320,0.0027121659950353205,0.017401207995135337,720502784,0.265625
564ac74e917cf4af,cifar100,ssb-v2-block,mlp,protocol-v3,1.0,32,1,3,321,0.002720957971177995,0.017487915989477187,720502784,0.1875
564ac74e917cf4af,cifar100,ssb-v2-block,mlp,protocol-v3,1.0,32,1,3,322,0.00271408399567008,0.01741120801307261,720502784,0.1953125
564ac74e917cf4af,cifar100,ssb-v2-block,mlp,protocol-v3,1.0,32,1,3,323,0.0027049159980379045,0.01741516700712964,720502784,0.25
564ac74e917cf4af,cifar100,ssb-v2-block,mlp,protocol-v3,1.0,32,1,3,324,0.0027251249994151294,0.01743312500184402,720502784,0.1796875
564ac74e917cf4af,cifar100,ssb-v2-block,mlp,protocol-v3,1.0,32,1,3,325,0.0027143339975737035,0.01735070801805705,720502784,0.265625
564ac74e917cf4af,cifar100,ssb-v2-block,mlp,protocol-v3,1.0,32,1,3,326,0.0027204580255784094,0.017327708017546684,720502784,0.2109375
564ac74e917cf4af,cifar100,ssb-v2-block,mlp,protocol-v3,1.0,32,1,3,327,0.002727916988078505,0.017422124976292253,720502784,0.1796875
564ac74e917cf4af,cifar100,ssb-v2-block,mlp,protocol-v3,1.0,32,1,3,328,0.00271087494911626,0.0173515829956159,720502784,0.1796875
564ac74e917cf4af,cifar100,ssb-v2-block,mlp,protocol-v3,1.0,32,1,3,329,0.002717708994168788,0.017346083011943847,720502784,0.15625
564ac74e917cf4af,cifar100,ssb-v2-block,mlp,protocol-v3,1.0,32,1,3,330,0.0027342080138623714,0.01739179203286767,720502784,0.1640625
564ac74e917cf4af,cifar100,ssb-v2-block,mlp,protocol-v3,1.0,32,1,3,331,0.002722624980378896,0.017406083003152162,720502784,0.1953125
564ac74e917cf4af,cifar100,ssb-v2-block,mlp,protocol-v3,1.0,32,1,3,332,0.0027043339796364307,0.017513208033051342,720519168,0.1875
564ac74e917cf4af,cifar100,ssb-v2-block,mlp,protocol-v3,1.0,32,1,3,333,0.0027342920075170696,0.017356541007757187,720519168,0.171875
564ac74e917cf4af,cifar100,ssb-v2-block,mlp,protocol-v3,1.0,32,1,3,334,0.0027103329775854945,0.017377334006596357,720519168,0.1875
564ac74e917cf4af,cifar100,ssb-v2-block,mlp,protocol-v3,1.0,32,1,3,335,0.002718707954045385,0.01739533297950402,720535552,0.2265625
564ac74e917cf4af,cifar100,ssb-v2-block,mlp,protocol-v3,1.0,32,1,3,336,0.0027387079899199307,0.017365582985803485,720535552,0.2421875
564ac74e917cf4af,cifar100,ssb-v2-block,mlp,protocol-v3,1.0,32,1,3,337,0.002713291032705456,0.01734720799140632,720535552,0.25
564ac74e917cf4af,cifar100,ssb-v2-block,mlp,protocol-v3,1.0,32,1,3,338,0.0027062080334872007,0.01741954096360132,720535552,0.140625
564ac74e917cf4af,cifar100,ssb-v2-block,mlp,protocol-v3,1.0,32,1,3,339,0.0027093749959021807,0.017402750032488257,720535552,0.265625
564ac74e917cf4af,cifar100,ssb-v2-block,mlp,protocol-v3,1.0,32,1,3,340,0.0027210410335101187,0.017303916974924505,720535552,0.1640625
564ac74e917cf4af,cifar100,ssb-v2-block,mlp,protocol-v3,1.0,32,1,3,341,0.0027192499837838113,0.017406957980711013,720535552,0.2109375
564ac74e917cf4af,cifar100,ssb-v2-block,mlp,protocol-v3,1.0,32,1,3,342,0.0027281249640509486,0.017361707985401154,720535552,0.1953125
564ac74e917cf4af,cifar100,ssb-v2-block,mlp,protocol-v3,1.0,32,1,3,343,0.0027207499952055514,0.017418332980014384,720535552,0.15625
564ac74e917cf4af,cifar100,ssb-v2-block,mlp,protocol-v3,1.0,32,1,3,344,0.002699625038076192,0.017424000019673258,720535552,0.203125
564ac74e917cf4af,cifar100,ssb-v2-block,mlp,protocol-v3,1.0,32,1,3,345,0.002714583999477327,0.01733695896109566,720535552,0.203125
564ac74e917cf4af,cifar100,ssb-v2-block,mlp,protocol-v3,1.0,32,1,3,346,0.002718833042308688,0.017410750035196543,720551936,0.15625
564ac74e917cf4af,cifar100,ssb-v2-block,mlp,protocol-v3,1.0,32,1,3,347,0.0027066670008935034,0.01746341702528298,720568320,0.265625
564ac74e917cf4af,cifar100,ssb-v2-block,mlp,protocol-v3,1.0,32,1,3,348,0.002710375003516674,0.017364167026244104,720568320,0.21875
564ac74e917cf4af,cifar100,ssb-v2-block,mlp,protocol-v3,1.0,32,1,3,349,0.0027173340204171836,0.01740450004581362,720568320,0.2421875
564ac74e917cf4af,cifar100,ssb-v2-block,mlp,protocol-v3,1.0,32,1,3,350,0.0027172499685548246,0.017326250032056123,720568320,0.1953125
564ac74e917cf4af,cifar100,ssb-v2-block,mlp,protocol-v3,1.0,32,1,3,351,0.0027428329922258854,0.017370499961543828,720568320,0.25
564ac74e917cf4af,cifar100,ssb-v2-block,mlp,protocol-v3,1.0,32,1,3,352,0.002716250019147992,0.01739620801527053,720568320,0.15625
564ac74e917cf4af,cifar100,ssb-v2-block,mlp,protocol-v3,1.0,32,1,3,353,0.002723999961744994,0.01735120901139453,720568320,0.21875
564ac74e917cf4af,cifar100,ssb-v2-block,mlp,protocol-v3,1.0,32,1,3,354,0.00271912501193583,0.017466209013946354,720568320,0.1796875
564ac74e917cf4af,cifar100,ssb-v2-block,mlp,protocol-v3,1.0,32,1,3,355,0.00271612498909235,0.017398125026375055,720568320,0.171875
564ac74e917cf4af,cifar100,ssb-v2-block,mlp,protocol-v3,1.0,32,1,3,356,0.002712499990593642,0.01736304198857397,720568320,0.21875
564ac74e917cf4af,cifar100,ssb-v2-block,mlp,protocol-v3,1.0,32,1,3,357,0.0027054999954998493,0.017404917045496404,720568320,0.21875
564ac74e917cf4af,cifar100,ssb-v2-block,mlp,protocol-v3,1.0,32,1,3,358,0.0027070000069215894,0.01738875004230067,720568320,0.203125
564ac74e917cf4af,cifar100,ssb-v2-block,mlp,protocol-v3,1.0,32,1,3,359,0.0027137500001117587,0.017331624985672534,720568320,0.203125
564ac74e917cf4af,cifar100,ssb-v2-block,mlp,protocol-v3,1.0,32,1,3,360,0.002716250019147992,0.017396042007021606,720568320,0.21875
564ac74e917cf4af,cifar100,ssb-v2-block,mlp,protocol-v3,1.0,32,1,3,361,0.0027288330020383,0.017422500008251518,720584704,0.2421875
564ac74e917cf4af,cifar100,ssb-v2-block,mlp,protocol-v3,1.0,32,1,3,362,0.0027138330042362213,0.017308457987383008,720584704,0.2265625
564ac74e917cf4af,cifar100,ssb-v2-block,mlp,protocol-v3,1.0,32,1,3,363,0.002720082993619144,0.017410166037734598,720584704,0.1953125
564ac74e917cf4af,cifar100,ssb-v2-block,mlp,protocol-v3,1.0,32,1,3,364,0.002727292012423277,0.01747024996438995,720584704,0.2265625
564ac74e917cf4af,cifar100,ssb-v2-block,mlp,protocol-v3,1.0,32,1,3,365,0.0026969590107910335,0.01723912503803149,720584704,0.2421875
564ac74e917cf4af,cifar100,ssb-v2-block,mlp,protocol-v3,1.0,32,1,3,366,0.0026876250049099326,0.017251166980713606,720601088,0.1640625
564ac74e917cf4af,cifar100,ssb-v2-block,mlp,protocol-v3,1.0,32,1,3,367,0.0026978750247508287,0.01730079104891047,720601088,0.2109375
564ac74e917cf4af,cifar100,ssb-v2-block,mlp,protocol-v3,1.0,32,1,3,368,0.002699333999771625,0.01735537499189377,720601088,0.2109375
564ac74e917cf4af,cifar100,ssb-v2-block,mlp,protocol-v3,1.0,32,1,3,369,0.0027286250260658562,0.01740087498910725,720601088,0.1875
564ac74e917cf4af,cifar100,ssb-v2-block,mlp,protocol-v3,1.0,32,1,3,370,0.0027113749529235065,0.01739995804382488,720601088,0.1484375
564ac74e917cf4af,cifar100,ssb-v2-block,mlp,protocol-v3,1.0,32,1,3,371,0.002725041995290667,0.017358917044475675,720617472,0.21875
564ac74e917cf4af,cifar100,ssb-v2-block,mlp,protocol-v3,1.0,32,1,3,372,0.0027171249967068434,0.017412041022907943,720617472,0.2265625
564ac74e917cf4af,cifar100,ssb-v2-block,mlp,protocol-v3,1.0,32,1,3,373,0.0027216660091653466,0.01741695898817852,720633856,0.1640625
564ac74e917cf4af,cifar100,ssb-v2-block,mlp,protocol-v3,1.0,32,1,3,374,0.002717791998293251,0.01753445900976658,720633856,0.1953125
564ac74e917cf4af,cifar100,ssb-v2-block,mlp,protocol-v3,1.0,32,1,3,375,0.002723249956034124,0.017413791036233306,720633856,0.203125
564ac74e917cf4af,cifar100,ssb-v2-block,mlp,protocol-v3,1.0,32,1,3,376,0.0027203329955227673,0.017460917006246746,720650240,0.203125
564ac74e917cf4af,cifar100,ssb-v2-block,mlp,protocol-v3,1.0,32,1,3,377,0.0027178750024177134,0.017424000019673258,720650240,0.1875
564ac74e917cf4af,cifar100,ssb-v2-block,mlp,protocol-v3,1.0,32,1,3,378,0.002729250001721084,0.017474207968916744,720650240,0.1875
564ac74e917cf4af,cifar100,ssb-v2-block,mlp,protocol-v3,1.0,32,1,3,379,0.0027221659547649324,0.01740837498800829,720650240,0.1953125
564ac74e917cf4af,cifar100,ssb-v2-block,mlp,protocol-v3,1.0,32,1,3,380,0.002711542008910328,0.01739325001835823,720666624,0.1640625
564ac74e917cf4af,cifar100,ssb-v2-block,mlp,protocol-v3,1.0,32,1,3,381,0.002728416002355516,0.01732845901278779,720666624,0.265625
564ac74e917cf4af,cifar100,ssb-v2-block,mlp,protocol-v3,1.0,32,1,3,382,0.00272154196863994,0.017432874999940395,720666624,0.203125
564ac74e917cf4af,cifar100,ssb-v2-block,mlp,protocol-v3,1.0,32,1,3,383,0.0027163749909959733,0.01742049999302253,720666624,0.1640625
564ac74e917cf4af,cifar100,ssb-v2-block,mlp,protocol-v3,1.0,32,1,3,384,0.0027202499913983047,0.017278083018027246,720666624,0.234375
564ac74e917cf4af,cifar100,ssb-v2-block,mlp,protocol-v3,1.0,32,1,3,385,0.002715667011216283,0.017417208990082145,720666624,0.1953125
564ac74e917cf4af,cifar100,ssb-v2-block,mlp,protocol-v3,1.0,32,1,3,386,0.002714708971325308,0.01748529204633087,720666624,0.1875
564ac74e917cf4af,cifar100,ssb-v2-block,mlp,protocol-v3,1.0,32,1,3,387,0.002714750007726252,0.017414500005543232,720666624,0.171875
564ac74e917cf4af,cifar100,ssb-v2-block,mlp,protocol-v3,1.0,32,1,3,388,0.002710667031351477,0.01747045898810029,720683008,0.2109375
564ac74e917cf4af,cifar100,ssb-v2-block,mlp,protocol-v3,1.0,32,1,3,389,0.0027277920162305236,0.01745195803232491,720683008,0.171875
564ac74e917cf4af,cifar100,ssb-v2-block,mlp,protocol-v3,1.0,32,1,3,390,0.002502917021047324,0.016669208998791873,720683008,0.1875
