run_id,dataset,model,architecture,protocol_version,keep_ratio,block_size,seed,epoch,batch,forward_time_s,backward_time_s,memory_bytes,batch_accuracy
fa5121000052d01c,cifar100,pruning,mlp,protocol-v3,0.6,0,1,1,0,0.03328400000464171,0.03416041698073968,667009024,0.0
fa5121000052d01c,cifar100,pruning,mlp,protocol-v3,0.6,0,1,1,1,0.0035653330269269645,0.0051032089977525175,683917312,0.0234375
fa5121000052d01c,cifar100,pruning,mlp,protocol-v3,0.6,0,1,1,2,0.0034699169918894768,0.004653708951082081,685408256,0.0234375
fa5121000052d01c,cifar100,pruning,mlp,protocol-v3,0.6,0,1,1,3,0.0033267500111833215,0.00461262499447912,685408256,0.0234375
fa5121000052d01c,cifar100,pruning,mlp,protocol-v3,0.6,0,1,1,4,0.003277959011029452,0.004183500015642494,686997504,0.0078125
fa5121000052d01c,cifar100,pruning,mlp,protocol-v3,0.6,0,1,1,5,0.002824332972522825,0.0035879170172847807,686997504,0.0390625
fa5121000052d01c,cifar100,pruning,mlp,protocol-v3,0.6,0,1,1,6,0.0027651669806800783,0.0035458329948596656,686997504,0.0546875
fa5121000052d01c,cifar100,pruning,mlp,protocol-v3,0.6,0,1,1,7,0.0027612500125542283,0.0035877079935744405,686997504,0.0234375
fa5121000052d01c,cifar100,pruning,mlp,protocol-v3,0.6,0,1,1,8,0.002781999995931983,0.003580666962079704,688488448,0.0
fa5121000052d01c,cifar100,pruning,mlp,protocol-v3,0.6,0,1,1,9,0.002793832973111421,0.003658292000181973,690061312,0.0234375
fa5121000052d01c,cifar100,pruning,mlp,protocol-v3,0.6,0,1,1,10,0.002772000036202371,0.0035799999604932964,690077696,0.0390625
fa5121000052d01c,cifar100,pruning,mlp,protocol-v3,0.6,0,1,1,11,0.0027696670149452984,0.0035959160304628313,690077696,0.0390625
fa5121000052d01c,cifar100,pruning,mlp,protocol-v3,0.6,0,1,1,12,0.0027676669997163117,0.0035800410551019013,690077696,0.03125
fa5121000052d01c,cifar100,pruning,mlp,protocol-v3,0.6,0,1,1,13,0.002739582967478782,0.0035803330247290432,690094080,0.046875
fa5121000052d01c,cifar100,pruning,mlp,protocol-v3,0.6,0,1,1,14,0.002761000010650605,0.003587957995478064,690126848,0.0703125
fa5121000052d01c,cifar100,pruning,mlp,protocol-v3,0.6,0,1,1,15,0.0028879590099677444,0.0035175830125808716,690126848,0.03125
fa5121000052d01c,cifar100,pruning,mlp,protocol-v3,0.6,0,1,1,16,0.002804166986607015,0.0035158750251866877,690126848,0.0625
fa5121000052d01c,cifar100,pruning,mlp,protocol-v3,0.6,0,1,1,17,0.002758249989710748,0.0035832920111715794,690126848,0.0546875
fa5121000052d01c,cifar100,pruning,mlp,protocol-v3,0.6,0,1,1,18,0.0027559580048546195,0.0035213340306654572,690126848,0.078125
fa5121000052d01c,cifar100,pruning,mlp,protocol-v3,0.6,0,1,1,19,0.002759541035629809,0.003585624974220991,690126848,0.0546875
fa5121000052d01c,cifar100,pruning,mlp,protocol-v3,0.6,0,1,1,20,0.0027134999982081354,0.003501041966956109,690126848,0.0546875
fa5121000052d01c,cifar100,pruning,mlp,protocol-v3,0.6,0,1,1,21,0.0027582079637795687,0.003576250048354268,690126848,0.0546875
fa5121000052d01c,cifar100,pruning,mlp,protocol-v3,0.6,0,1,1,22,0.00275462499121204,0.003582166973501444,690126848,0.0546875
fa5121000052d01c,cifar100,pruning,mlp,protocol-v3,0.6,0,1,1,23,0.002751833002548665,0.0035019160131923854,690126848,0.078125
fa5121000052d01c,cifar100,pruning,mlp,protocol-v3,0.6,0,1,1,24,0.002756749978289008,0.0034977500326931477,690126848,0.09375
fa5121000052d01c,cifar100,pruning,mlp,protocol-v3,0.6,0,1,1,25,0.0027879580156877637,0.003612666972912848,690126848,0.0546875
fa5121000052d01c,cifar100,pruning,mlp,protocol-v3,0.6,0,1,1,26,0.0028597500058822334,0.003503166022710502,690126848,0.0625
fa5121000052d01c,cifar100,pruning,mlp,protocol-v3,0.6,0,1,1,27,0.002813124970998615,0.0035027500125579536,690126848,0.0390625
fa5121000052d01c,cifar100,pruning,mlp,protocol-v3,0.6,0,1,1,28,0.0027292080339975655,0.003505416971165687,690126848,0.046875
fa5121000052d01c,cifar100,pruning,mlp,protocol-v3,0.6,0,1,1,29,0.0027595420251600444,0.0035100409877486527,690143232,0.015625
fa5121000052d01c,cifar100,pruning,mlp,protocol-v3,0.6,0,1,1,30,0.0027635409496724606,0.003490791015792638,690143232,0.0703125
fa5121000052d01c,cifar100,pruning,mlp,protocol-v3,0.6,0,1,1,31,0.002762999967671931,0.0035932500031776726,690143232,0.0625
fa5121000052d01c,cifar100,pruning,mlp,protocol-v3,0.6,0,1,1,32,0.002761040988843888,0.0035296670394018292,690143232,0.0859375
fa5121000052d01c,cifar100,pruning,mlp,protocol-v3,0.6,0,1,1,33,0.0027712919982150197,0.0035802919883280993,691732480,0.0625
fa5121000052d01c,cifar100,pruning,mlp,protocol-v3,0.6,0,1,1,34,0.0027570840320549905,0.003501208033412695,691732480,0.0625
fa5121000052d01c,cifar100,pruning,mlp,protocol-v3,0.6,0,1,1,35,0.0027657499886117876,0.0034985830425284803,691732480,0.0859375
fa5121000052d01c,cifar100,pruning,mlp,protocol-v3,0.6,0,1,1,36,0.002768042031675577,0.003570042026694864,691732480,0.0234375
fa5121000052d01c,cifar100,pruning,mlp,protocol-v3,0.6,0,1,1,37,0.0027444580337032676,0.003499666985590011,691732480,0.0234375
fa5121000052d01c,cifar100,pruning,mlp,protocol-v3,0.6,0,1,1,38,0.0027744999970309436,0.0034807909978553653,691732480,0.0703125
fa5121000052d01c,cifar100,pruning,mlp,protocol-v3,0.6,0,1,1,39,0.0027288749697618186,0.003492874966468662,691732480,0.078125
fa5121000052d01c,cifar100,pruning,mlp,protocol-v3,0.6,0,1,1,40,0.0027645829832181334,0.0035632909857667983,691732480,0.0546875
fa5121000052d01c,cifar100,pruning,mlp,protocol-v3,0.6,0,1,1,41,0.0027814580244012177,0.0035607920144684613,691732480,0.0625
fa5121000052d01c,cifar100,pruning,mlp,protocol-v3,0.6,0,1,1,42,0.0028052079724147916,0.0035057089990004897,691732480,0.0390625
fa5121000052d01c,cifar100,pruning,mlp,protocol-v3,0.6,0,1,1,43,0.0027681670035235584,0.0034388750209473073,691732480,0.0625
fa5121000052d01c,cifar100,pruning,mlp,protocol-v3,0.6,0,1,1,44,0.0027440839912742376,0.0035065000411123037,691732480,0.03125
fa5121000052d01c,cifar100,pruning,mlp,protocol-v3,0.6,0,1,1,45,0.0027667080285027623,0.00349183299113065,691732480,0.0546875
fa5121000052d01c,cifar100,pruning,mlp,protocol-v3,0.6,0,1,1,46,0.002751625026576221,0.0035585829755291343,691732480,0.0546875
fa5121000052d01c,cifar100,pruning,mlp,protocol-v3,0.6,0,1,1,47,0.002769457991234958,0.003479959035757929,691732480,0.1015625
fa5121000052d01c,cifar100,pruning,mlp,protocol-v3,0.6,0,1,1,48,0.0027449580375105143,0.003491208015475422,691732480,0.03125
fa5121000052d01c,cifar100,pruning,mlp,protocol-v3,0.6,0,1,1,49,0.00275162496836856,0.0035225829924456775,691732480,0.109375
fa5121000052d01c,cifar100,pruning,mlp,protocol-v3,0.6,0,1,1,50,0.0027464170125313103,0.0034361250000074506,691732480,0.078125
fa5121000052d01c,cifar100,pruning,mlp,protocol-v3,0.6,0,1,1,51,0.0027235409943386912,0.003499707963783294,691732480,0.078125
fa5121000052d01c,cifar100,pruning,mlp,protocol-v3,0.6,0,1,1,52,0.002750999992713332,0.0034624169929884374,691732480,0.09375
fa5121000052d01c,cifar100,pruning,mlp,protocol-v3,0.6,0,1,1,53,0.002750209008809179,0.003493709024041891,691732480,0.078125
fa5121000052d01c,cifar100,pruning,mlp,protocol-v3,0.6,0,1,1,54,0.002750999992713332,0.0034682920086197555,691732480,0.0625
fa5121000052d01c,cifar100,pruning,mlp,protocol-v3,0.6,0,1,1,55,0.002777000016067177,0.003568999993149191,691748864,0.0546875
fa5121000052d01c,cifar100,pruning,mlp,protocol-v3,0.6,0,1,1,56,0.002763250027783215,0.003555583010893315,691748864,0.0859375
fa5121000052d01c,cifar100,pruning,mlp,protocol-v3,0.6,0,1,1,57,0.0027542919851839542,0.0035620409762486815,691765248,0.125
fa5121000052d01c,cifar100,pruning,mlp,protocol-v3,0.6,0,1,1,58,0.0027539579896256328,0.003473500022664666,691765248,0.0390625
fa5121000052d01c,cifar100,pruning,mlp,protocol-v3,0.6,0,1,1,59,0.0027381250401958823,0.0035364999785088003,691765248,0.0859375
fa5121000052d01c,cifar100,pruning,mlp,protocol-v3,0.6,0,1,1,60,0.002711750043090433,0.0034681670367717743,691765248,0.0703125
fa5121000052d01c,cifar100,pruning,mlp,protocol-v3,0.6,0,1,1,61,0.0027444579754956067,0.003479750012047589,691765248,0.03125
fa5121000052d01c,cifar100,pruning,mlp,protocol-v3,0.6,0,1,1,62,0.0027600839966908097,0.0034880409948527813,691765248,0.0859375
fa5121000052d01c,cifar100,pruning,mlp,protocol-v3,0.6,0,1,1,63,0.0027460000128485262,0.0034887910005636513,691765248,0.1171875
fa5121000052d01c,cifar100,pruning,mlp,protocol-v3,0.6,0,1,1,64,0.00277404097141698,0.0034384580212645233,691765248,0.046875
fa5121000052d01c,cifar100,pruning,mlp,protocol-v3,0.6,0,1,1,65,0.0027628749958239496,0.0034587919944897294,691765248,0.1171875
fa5121000052d01c,cifar100,pruning,mlp,protocol-v3,0.6,0,1,1,66,0.002804499992635101,0.0035143750137649477,691765248,0.0859375
fa5121000052d01c,cifar100,pruning,mlp,protocol-v3,0.6,0,1,1,67,0.002805708965752274,0.0034905829816125333,691765248,0.1171875
fa5121000052d01c,cifar100,pruning,mlp,protocol-v3,0.6,0,1,1,68,0.00275237497407943,0.003487208974547684,691765248,0.0703125
fa5121000052d01c,cifar100,pruning,mlp,protocol-v3,0.6,0,1,1,69,0.0027487080078572035,0.0034715000074356794,691765248,0.0546875
fa5121000052d01c,cifar100,pruning,mlp,protocol-v3,0.6,0,1,1,70,0.0027579169836826622,0.0034849170478992164,691765248,0.125
fa5121000052d01c,cifar100,pruning,mlp,protocol-v3,0.6,0,1,1,71,0.0027608330128714442,0.0034727909951470792,691765248,0.125
fa5121000052d01c,cifar100,pruning,mlp,protocol-v3,0.6,0,1,1,72,0.0027605000068433583,0.003531209018547088,691765248,0.0546875
fa5121000052d01c,cifar100,pruning,mlp,protocol-v3,0.6,0,1,1,73,0.002756166970357299,0.0034948749816976488,691765248,0.0546875
fa5121000052d01c,cifar100,pruning,mlp,protocol-v3,0.6,0,1,1,74,0.002807334007229656,0.003488624992314726,691765248,0.1171875
fa5121000052d01c,cifar100,pruning,mlp,protocol-v3,0.6,0,1,1,75,0.002751833002548665,0.0034400419681333005,691765248,0.1171875
fa5121000052d01c,cifar100,pruning,mlp,protocol-v3,0.6,0,1,1,76,0.0027467079926282167,0.0034902910119853914,691765248,0.09375
fa5121000052d01c,cifar100,pruning,mlp,protocol-v3,0.6,0,1,1,77,0.002750999992713332,0.0034775829990394413,691765248,0.0859375
fa5121000052d01c,cifar100,pruning,mlp,protocol-v3,0.6,0,1,1,78,0.002758667047601193,0.003497541998513043,691765248,0.0625
fa5121000052d01c,cifar100,pruning,mlp,protocol-v3,0.6,0,1,1,79,0.0027574169798754156,0.0034837910206988454,691765248,0.1015625
fa5121000052d01c,cifar100,pruning,mlp,protocol-v3,0.6,0,1,1,80,0.002744666999205947,0.0034916249569505453,691765248,0.0546875
fa5121000052d01c,cifar100,pruning,mlp,protocol-v3,0.6,0,1,1,81,0.0027452920330688357,0.003502874984405935,691765248,0.0703125
fa5121000052d01c,cifar100,pruning,mlp,protocol-v3,0.6,0,1,1,82,0.002744833007454872,0.003491666982881725,691765248,0.09375
fa5121000052d01c,cifar100,pruning,mlp,protocol-v3,0.6,0,1,1,83,0.0027372919721528888,0.003490666043944657,691765248,0.0703125
fa5121000052d01c,cifar100,pruning,mlp,protocol-v3,0.6,0,1,1,84,0.0027446249732747674,0.0034828330390155315,691765248,0.0859375
fa5121000052d01c,cifar100,pruning,mlp,protocol-v3,0.6,0,1,1,85,0.002751583990175277,0.0034309999900870025,691765248,0.0546875
fa5121000052d01c,cifar100,pruning,mlp,protocol-v3,0.6,0,1,1,86,0.002736042020842433,0.003468792012427002,691765248,0.109375
fa5121000052d01c,cifar100,pruning,mlp,protocol-v3,0.6,0,1,1,87,0.0027549160295166075,0.003541249956469983,691765248,0.078125
fa5121000052d01c,cifar100,pruning,mlp,protocol-v3,0.6,0,1,1,88,0.00270770798670128,0.0034909159876406193,691765248,0.1171875
fa5121000052d01c,cifar100,pruning,mlp,protocol-v3,0.6,0,1,1,89,0.002742875018157065,0.0035482499515637755,691765248,0.1015625
fa5121000052d01c,cifar100,pruning,mlp,protocol-v3,0.6,0,1,1,90,0.0027518750284798443,0.0034818329731933773,691765248,0.078125
fa5121000052d01c,cifar100,pruning,mlp,protocol-v3,0.6,0,1,1,91,0.0027510409709066153,0.003485207969788462,691765248,0.0703125
fa5121000052d01c,cifar100,pruning,mlp,protocol-v3,0.6,0,1,1,92,0.002743166987784207,0.003441792039666325,691765248,0.0625
fa5121000052d01c,cifar100,pruning,mlp,protocol-v3,0.6,0,1,1,93,0.002739791991189122,0.0034839159925468266,691765248,0.1171875
fa5121000052d01c,cifar100,pruning,mlp,protocol-v3,0.6,0,1,1,94,0.0027501669828779995,0.003502374980598688,691765248,0.109375
fa5121000052d01c,cifar100,pruning,mlp,protocol-v3,0.6,0,1,1,95,0.0027428329922258854,0.0034751659841276705,691765248,0.1171875
fa5121000052d01c,cifar100,pruning,mlp,protocol-v3,0.6,0,1,1,96,0.002743291959632188,0.003497375000733882,691765248,0.0703125
fa5121000052d01c,cifar100,pruning,mlp,protocol-v3,0.6,0,1,1,97,0.0027474589878693223,0.0034952500136569142,691765248,0.140625
fa5121000052d01c,cifar100,pruning,mlp,protocol-v3,0.6,0,1,1,98,0.0027356669888831675,0.003594875044655055,691765248,0.0546875
fa5121000052d01c,cifar100,pruning,mlp,protocol-v3,0.6,0,1,1,99,0.002757708018179983,0.0034877079888246953,691765248,0.109375
fa5121000052d01c,cifar100,pruning,mlp,protocol-v3,0.6,0,1,1,100,0.002757082984317094,0.0034823750029318035,691765248,0.1015625
fa5121000052d01c,cifar100,pruning,mlp,protocol-v3,0.6,0,1,1,101,0.0027566669741645455,0.0034757499815896153,691765248,0.09375
fa5121000052d01c,cifar100,pruning,mlp,protocol-v3,0.6,0,1,1,102,0.002738458977546543,0.0034662079997360706,691765248,0.0390625
fa5121000052d01c,cifar100,pruning,mlp,protocol-v3,0.6,0,1,1,103,0.00272733299061656,0.003486667003016919,691765248,0.109375
fa5121000052d01c,cifar100,pruning,mlp,protocol-v3,0.6,0,1,1,104,0.0027301249792799354,0.003492416988592595,691765248,0.078125
fa5121000052d01c,cifar100,pruning,mlp,protocol-v3,0.6,0,1,1,105,0.002727749990299344,0.0034856669954024255,691765248,0.0703125
fa5121000052d01c,cifar100,pruning,mlp,protocol-v3,0.6,0,1,1,106,0.0027422920102253556,0.003473083022981882,691765248,0.0859375
fa5121000052d01c,cifar100,pruning,mlp,protocol-v3,0.6,0,1,1,107,0.002729833999183029,0.0035555000067688525,691765248,0.125
fa5121000052d01c,cifar100,pruning,mlp,protocol-v3,0.6,0,1,1,108,0.0028187090065330267,0.003487750014755875,691765248,0.1328125
fa5121000052d01c,cifar100,pruning,mlp,protocol-v3,0.6,0,1,1,109,0.0027465419843792915,0.003495040989946574,691765248,0.125
fa5121000052d01c,cifar100,pruning,mlp,protocol-v3,0.6,0,1,1,110,0.0027595419669523835,0.003435750026255846,691765248,0.09375
fa5121000052d01c,cifar100,pruning,mlp,protocol-v3,0.6,0,1,1,111,0.0027586250216700137,0.0034891669638454914,691765248,0.1328125
fa5121000052d01c,cifar100,pruning,mlp,protocol-v3,0.6,0,1,1,112,0.0027512499946169555,0.0034649999579414725,691765248,0.1328125
fa5121000052d01c,cifar100,pruning,mlp,protocol-v3,0.6,0,1,1,113,0.00274770800024271,0.0034831250086426735,691765248,0.09375
fa5121000052d01c,cifar100,pruning,mlp,protocol-v3,0.6,0,1,1,114,0.002738917013630271,0.0034712079796008766,691765248,0.109375
fa5121000052d01c,cifar100,pruning,mlp,protocol-v3,0.6,0,1,1,115,0.0027507079648785293,0.003475333971437067,691765248,0.0703125
fa5121000052d01c,cifar100,pruning,mlp,protocol-v3,0.6,0,1,1,116,0.002733291999902576,0.003489249967969954,691765248,0.0859375
fa5121000052d01c,cifar100,pruning,mlp,protocol-v3,0.6,0,1,1,117,0.002741167030762881,0.003491708019282669,691765248,0.0859375
fa5121000052d01c,cifar100,pruning,mlp,protocol-v3,0.6,0,1,1,118,0.002750125015154481,0.00356758403358981,691765248,0.1015625
fa5121000052d01c,cifar100,pruning,mlp,protocol-v3,0.6,0,1,1,119,0.002761333016678691,0.0034887910005636513,691765248,0.109375
fa5121000052d01c,cifar100,pruning,mlp,protocol-v3,0.6,0,1,1,120,0.0027454579831101,0.0034677090006880462,691765248,0.09375
fa5121000052d01c,cifar100,pruning,mlp,protocol-v3,0.6,0,1,1,121,0.00274695799453184,0.0034957079915329814,691765248,0.1015625
fa5121000052d01c,cifar100,pruning,mlp,protocol-v3,0.6,0,1,1,122,0.002740083960816264,0.0035178750404156744,691765248,0.1484375
fa5121000052d01c,cifar100,pruning,mlp,protocol-v3,0.6,0,1,1,123,0.002704292011912912,0.003491167037282139,691765248,0.078125
fa5121000052d01c,cifar100,pruning,mlp,protocol-v3,0.6,0,1,1,124,0.002744042023550719,0.003495125041808933,691765248,0.1171875
fa5121000052d01c,cifar100,pruning,mlp,protocol-v3,0.6,0,1,1,125,0.002750582993030548,0.0034802090376615524,691765248,0.09375
fa5121000052d01c,cifar100,pruning,mlp,protocol-v3,0.6,0,1,1,126,0.0027409999747760594,0.00348362501244992,691765248,0.078125
fa5121000052d01c,cifar100,pruning,mlp,protocol-v3,0.6,0,1,1,127,0.002740875002928078,0.0034448750084266067,691765248,0.1171875
fa5121000052d01c,cifar100,pruning,mlp,protocol-v3,0.6,0,1,1,128,0.002765459008514881,0.0034818749991245568,691765248,0.1015625
fa5121000052d01c,cifar100,pruning,mlp,protocol-v3,0.6,0,1,1,129,0.0027400419930927455,0.0034970000269822776,691765248,0.09375
fa5121000052d01c,cifar100,pruning,mlp,protocol-v3,0.6,0,1,1,130,0.0027148330118507147,0.003493500000331551,691765248,0.09375
fa5121000052d01c,cifar100,pruning,mlp,protocol-v3,0.6,0,1,1,131,0.0027494580135680735,0.0034848329960368574,691765248,0.046875
fa5121000052d01c,cifar100,pruning,mlp,protocol-v3,0.6,0,1,1,132,0.002736958034802228,0.003581999975722283,691765248,0.0859375
fa5121000052d01c,cifar100,pruning,mlp,protocol-v3,0.6,0,1,1,133,0.002862832974642515,0.0037049580132588744,691765248,0.0859375
fa5121000052d01c,cifar100,pruning,mlp,protocol-v3,0.6,0,1,1,134,0.00284679199103266,0.003806291031651199,691765248,0.1171875
fa5121000052d01c,cifar100,pruning,mlp,protocol-v3,0.6,0,1,1,135,0.0029923749971203506,0.0037899999879300594,691765248,0.0546875
fa5121000052d01c,cifar100,pruning,mlp,protocol-v3,0.6,0,1,1,136,0.0028211669996380806,0.0036766669945791364,691765248,0.0703125
fa5121000052d01c,cifar100,pruning,mlp,protocol-v3,0.6,0,1,1,137,0.0027692910516634583,0.003572583955246955,691765248,0.109375
fa5121000052d01c,cifar100,pruning,mlp,protocol-v3,0.6,0,1,1,138,0.002749917039182037,0.0035709580406546593,691765248,0.109375
fa5121000052d01c,cifar100,pruning,mlp,protocol-v3,0.6,0,1,1,139,0.002817041997332126,0.0035828330437652767,691765248,0.0859375
fa5121000052d01c,cifar100,pruning,mlp,protocol-v3,0.6,0,1,1,140,0.0027495839749462903,0.0035577910020947456,691765248,0.109375
fa5121000052d01c,cifar100,pruning,mlp,protocol-v3,0.6,0,1,1,141,0.0027444999432191253,0.003493666008580476,691765248,0.1015625
fa5121000052d01c,cifar100,pruning,mlp,protocol-v3,0.6,0,1,1,142,0.0027621249901130795,0.003480167011730373,691765248,0.0703125
fa5121000052d01c,cifar100,pruning,mlp,protocol-v3,0.6,0,1,1,143,0.0027496660477481782,0.003516790980938822,691765248,0.125
fa5121000052d01c,cifar100,pruning,mlp,protocol-v3,0.6,0,1,1,144,0.0027552079991437495,0.0035157500533387065,691765248,0.1328125
fa5121000052d01c,cifar100,pruning,mlp,protocol-v3,0.6,0,1,1,145,0.002765209006611258,0.0034885830245912075,691765248,0.0625
fa5121000052d01c,cifar100,pruning,mlp,protocol-v3,0.6,0,1,1,146,0.0027426659944467247,0.0036250409903004766,691765248,0.1015625
fa5121000052d01c,cifar100,pruning,mlp,protocol-v3,0.6,0,1,1,147,0.0027562499744817615,0.0034917499870061874,691765248,0.109375
fa5121000052d01c,cifar100,pruning,mlp,protocol-v3,0.6,0,1,1,148,0.002743624965660274,0.0035683330497704446,691765248,0.1171875
fa5121000052d01c,cifar100,pruning,mlp,protocol-v3,0.6,0,1,1,149,0.002757290960289538,0.0035617919638752937,691765248,0.1328125
fa5121000052d01c,cifar100,pruning,mlp,protocol-v3,0.6,0,1,1,150,0.0027230000123381615,0.0034802909940481186,691765248,0.109375
fa5121000052d01c,cifar100,pruning,mlp,protocol-v3,0.6,0,1,1,151,0.0027524579782038927,0.003489124996121973,691765248,0.09375
fa5121000052d01c,cifar100,pruning,mlp,protocol-v3,0.6,0,1,1,152,0.0027545829652808607,0.00349779095267877,691765248,0.1640625
fa5121000052d01c,cifar100,pruning,mlp,protocol-v3,0.6,0,1,1,153,0.002740000025369227,0.0034957920433953404,691765248,0.1015625
fa5121000052d01c,cifar100,pruning,mlp,protocol-v3,0.6,0,1,1,154,0.0027518749702721834,0.0034526660456322134,691765248,0.1171875
fa5121000052d01c,cifar100,pruning,mlp,protocol-v3,0.6,0,1,1,155,0.0027550829690881073,0.0034958330215886235,691765248,0.109375
fa5121000052d01c,cifar100,pruning,mlp,protocol-v3,0.6,0,1,1,156,0.002747667022049427,0.0034884169581346214,691765248,0.109375
fa5121000052d01c,cifar100,pruning,mlp,protocol-v3,0.6,0,1,1,157,0.002824791008606553,0.0034947500098496675,691765248,0.1171875
fa5121000052d01c,cifar100,pruning,mlp,protocol-v3,0.6,0,1,1,158,0.002756499976385385,0.0034601250081323087,691765248,0.109375
fa5121000052d01c,cifar100,pruning,mlp,protocol-v3,0.6,0,1,1,159,0.0027607500087469816,0.003493540978524834,691765248,0.09375
fa5121000052d01c,cifar100,pruning,mlp,protocol-v3,0.6,0,1,1,160,0.0027557910070754588,0.0035094579798169434,691765248,0.0390625
fa5121000052d01c,cifar100,pruning,mlp,protocol-v3,0.6,0,1,1,161,0.0027491250075399876,0.0034931249683722854,691765248,0.125
fa5121000052d01c,cifar100,pruning,mlp,protocol-v3,0.6,0,1,1,162,0.0027528750360943377,0.0034963340149261057,691765248,0.1015625
fa5121000052d01c,cifar100,pruning,mlp,protocol-v3,0.6,0,1,1,163,0.002757374953944236,0.0034982499782927334,691765248,0.0859375
fa5121000052d01c,cifar100,pruning,mlp,protocol-v3,0.6,0,1,1,164,0.0028171250014565885,0.0034958330215886235,691765248,0.125
fa5121000052d01c,cifar100,pruning,mlp,protocol-v3,0.6,0,1,1,165,0.0027206669910810888,0.00346400000853464,691765248,0.0390625
fa5121000052d01c,cifar100,pruning,mlp,protocol-v3,0.6,0,1,1,166,0.002721875032875687,0.0034665839630179107,691765248,0.1015625
fa5121000052d01c,cifar100,pruning,mlp,protocol-v3,0.6,0,1,1,167,0.0027310000150464475,0.003464917012024671,691765248,0.125
fa5121000052d01c,cifar100,pruning,mlp,protocol-v3,0.6,0,1,1,168,0.002771542000118643,0.003495875047519803,691716096,0.1796875
fa5121000052d01c,cifar100,pruning,mlp,protocol-v3,0.6,0,1,1,169,0.002749792009126395,0.003481708001345396,691716096,0.140625
fa5121000052d01c,cifar100,pruning,mlp,protocol-v3,0.6,0,1,1,170,0.0027492499793879688,0.0034977499744854867,691716096,0.09375
fa5121000052d01c,cifar100,pruning,mlp,protocol-v3,0.6,0,1,1,171,0.0027327919960953295,0.0035665410105139017,691716096,0.09375
fa5121000052d01c,cifar100,pruning,mlp,protocol-v3,0.6,0,1,1,172,0.0027488750056363642,0.0034488339442759752,691716096,0.1171875
fa5121000052d01c,cifar100,pruning,mlp,protocol-v3,0.6,0,1,1,173,0.0027556249988265336,0.0034826669725589454,691716096,0.109375
fa5121000052d01c,cifar100,pruning,mlp,protocol-v3,0.6,0,1,1,174,0.0027557910070754588,0.0035602080170065165,691716096,0.1171875
fa5121000052d01c,cifar100,pruning,mlp,protocol-v3,0.6,0,1,1,175,0.0027503750170581043,0.0035659580025821924,691716096,0.078125
fa5121000052d01c,cifar100,pruning,mlp,protocol-v3,0.6,0,1,1,176,0.002757499983999878,0.0034799580462276936,691716096,0.1328125
fa5121000052d01c,cifar100,pruning,mlp,protocol-v3,0.6,0,1,1,177,0.002759499999228865,0.00356158398790285,691716096,0.09375
fa5121000052d01c,cifar100,pruning,mlp,protocol-v3,0.6,0,1,1,178,0.0027536250418052077,0.003550250025000423,691716096,0.1484375
fa5121000052d01c,cifar100,pruning,mlp,protocol-v3,0.6,0,1,1,179,0.0027474169619381428,0.003490791015792638,691716096,0.0703125
fa5121000052d01c,cifar100,pruning,mlp,protocol-v3,0.6,0,1,1,180,0.0027307079872116446,0.003500874969176948,691716096,0.125
fa5121000052d01c,cifar100,pruning,mlp,protocol-v3,0.6,0,1,1,181,0.0027422080165706575,0.00347241701092571,691716096,0.1171875
fa5121000052d01c,cifar100,pruning,mlp,protocol-v3,0.6,0,1,1,182,0.002727958024479449,0.0035545420250855386,691716096,0.0625
fa5121000052d01c,cifar100,pruning,mlp,protocol-v3,0.6,0,1,1,183,0.002732624998316169,0.003466708993073553,691716096,0.0703125
fa5121000052d01c,cifar100,pruning,mlp,protocol-v3,0.6,0,1,1,184,0.0027671249699778855,0.0034701249678619206,691716096,0.0859375
fa5121000052d01c,cifar100,pruning,mlp,protocol-v3,0.6,0,1,1,185,0.0027542500174604356,0.0034906670334748924,691716096,0.046875
fa5121000052d01c,cifar100,pruning,mlp,protocol-v3,0.6,0,1,1,186,0.002697792020626366,0.0034680410171858966,691716096,0.1015625
fa5121000052d01c,cifar100,pruning,mlp,protocol-v3,0.6,0,1,1,187,0.0027339999796822667,0.003543291997630149,691716096,0.109375
fa5121000052d01c,cifar100,pruning,mlp,protocol-v3,0.6,0,1,1,188,0.002726125007029623,0.0034891670220531523,691716096,0.09375
fa5121000052d01c,cifar100,pruning,mlp,protocol-v3,0.6,0,1,1,189,0.0027349580195732415,0.0034803750459104776,691716096,0.125
fa5121000052d01c,cifar100,pruning,mlp,protocol-v3,0.6,0,1,1,190,0.002731416025198996,0.003549334011040628,691716096,0.1171875
fa5121000052d01c,cifar100,pruning,mlp,protocol-v3,0.6,0,1,1,191,0.002743916993495077,0.003486792033072561,691716096,0.09375
fa5121000052d01c,cifar100,pruning,mlp,protocol-v3,0.6,0,1,1,192,0.0027419999823905528,0.003546375024598092,691716096,0.1171875
fa5121000052d01c,cifar100,pruning,mlp,protocol-v3,0.6,0,1,1,193,0.0027374999481253326,0.0034360410063527524,691716096,0.109375
fa5121000052d01c,cifar100,pruning,mlp,protocol-v3,0.6,0,1,1,194,0.002720082993619144,0.003427040996029973,691716096,0.15625
fa5121000052d01c,cifar100,pruning,mlp,protocol-v3,0.6,0,1,1,195,0.0027512499946169555,0.003492290969006717,691716096,0.078125
fa5121000052d01c,cifar100,pruning,mlp,protocol-v3,0.6,0,1,1,196,0.002729708037804812,0.0035495419870130718,691716096,0.1328125
fa5121000052d01c,cifar100,pruning,mlp,protocol-v3,0.6,0,1,1,197,0.002735708956606686,0.003532000002451241,691716096,0.1015625
fa5121000052d01c,cifar100,pruning,mlp,protocol-v3,0.6,0,1,1,198,0.002749584033153951,0.0035476249759085476,691716096,0.1171875
fa5121000052d01c,cifar100,pruning,mlp,protocol-v3,0.6,0,1,1,199,0.0027408330352045596,0.0034682080149650574,691716096,0.1171875
fa5121000052d01c,cifar100,pruning,mlp,protocol-v3,0.6,0,1,1,200,0.0027415829827077687,0.003563000005669892,691716096,0.109375
fa5121000052d01c,cifar100,pruning,mlp,protocol-v3,0.6,0,1,1,201,0.0027415420045144856,0.003484040964394808,691716096,0.0859375
fa5121000052d01c,cifar100,pruning,mlp,protocol-v3,0.6,0,1,1,202,0.0027272910228930414,0.00348062498960644,691716096,0.171875
fa5121000052d01c,cifar100,pruning,mlp,protocol-v3,0.6,0,1,1,203,0.002738083014264703,0.003459292056504637,691716096,0.078125
fa5121000052d01c,cifar100,pruning,mlp,protocol-v3,0.6,0,1,1,204,0.00272304198006168,0.003484834043774754,691716096,0.078125
fa5121000052d01c,cifar100,pruning,mlp,protocol-v3,0.6,0,1,1,205,0.002744249999523163,0.003462416003458202,691716096,0.125
fa5121000052d01c,cifar100,pruning,mlp,protocol-v3,0.6,0,1,1,206,0.0027406670269556344,0.0034838750143535435,691716096,0.09375
fa5121000052d01c,cifar100,pruning,mlp,protocol-v3,0.6,0,1,1,207,0.0027305419789627194,0.0034710830077528954,691716096,0.1328125
fa5121000052d01c,cifar100,pruning,mlp,protocol-v3,0.6,0,1,1,208,0.0027164159691892564,0.003477207967080176,691716096,0.109375
fa5121000052d01c,cifar100,pruning,mlp,protocol-v3,0.6,0,1,1,209,0.0027343329857103527,0.0034689580206759274,691716096,0.109375
fa5121000052d01c,cifar100,pruning,mlp,protocol-v3,0.6,0,1,1,210,0.002728042018134147,0.0034182919771410525,691716096,0.0859375
fa5121000052d01c,cifar100,pruning,mlp,protocol-v3,0.6,0,1,1,211,0.0027307909913361073,0.0034674170310609043,691716096,0.140625
fa5121000052d01c,cifar100,pruning,mlp,protocol-v3,0.6,0,1,1,212,0.0027302909875288606,0.003485624969471246,691716096,0.1171875
fa5121000052d01c,cifar100,pruning,mlp,protocol-v3,0.6,0,1,1,213,0.002722957986406982,0.0034936669981107116,691716096,0.1015625
fa5121000052d01c,cifar100,pruning,mlp,protocol-v3,0.6,0,1,1,214,0.002726542006712407,0.003470958035904914,691716096,0.125
fa5121000052d01c,cifar100,pruning,mlp,protocol-v3,0.6,0,1,1,215,0.002728499996010214,0.003466958994977176,691716096,0.09375
fa5121000052d01c,cifar100,pruning,mlp,protocol-v3,0.6,0,1,1,216,0.0026842920342460275,0.003458874998614192,691716096,0.109375
fa5121000052d01c,cifar100,pruning,mlp,protocol-v3,0.6,0,1,1,217,0.0028318330296315253,0.0034749580081552267,691716096,0.078125
fa5121000052d01c,cifar100,pruning,mlp,protocol-v3,0.6,0,1,1,218,0.0027289160061627626,0.0034663340193219483,691716096,0.1015625
fa5121000052d01c,cifar100,pruning,mlp,protocol-v3,0.6,0,1,1,219,0.0027401670231483877,0.0034976659808307886,691716096,0.0703125
fa5121000052d01c,cifar100,pruning,mlp,protocol-v3,0.6,0,1,1,220,0.002743166987784207,0.0034517909516580403,691716096,0.109375
fa5121000052d01c,cifar100,pruning,mlp,protocol-v3,0.6,0,1,1,221,0.002752250002231449,0.003490749979391694,691716096,0.09375
fa5121000052d01c,cifar100,pruning,mlp,protocol-v3,0.6,0,1,1,222,0.0027286250260658562,0.00346775003708899,691716096,0.09375
fa5121000052d01c,cifar100,pruning,mlp,protocol-v3,0.6,0,1,1,223,0.002744083001744002,0.003465667017735541,691716096,0.078125
fa5121000052d01c,cifar100,pruning,mlp,protocol-v3,0.6,0,1,1,224,0.002723792043980211,0.0034925410291180015,691716096,0.140625
fa5121000052d01c,cifar100,pruning,mlp,protocol-v3,0.6,0,1,1,225,0.002729874977376312,0.0034650000161491334,691716096,0.109375
fa5121000052d01c,cifar100,pruning,mlp,protocol-v3,0.6,0,1,1,226,0.002733083034399897,0.0034664160339161754,691716096,0.109375
fa5121000052d01c,cifar100,pruning,mlp,protocol-v3,0.6,0,1,1,227,0.0027020000270567834,0.00347166700521484,691716096,0.1484375
fa5121000052d01c,cifar100,pruning,mlp,protocol-v3,0.6,0,1,1,228,0.002751499996520579,0.003566125000361353,691716096,0.109375
fa5121000052d01c,cifar100,pruning,mlp,protocol-v3,0.6,0,1,1,229,0.002715917013119906,0.003489666967652738,691716096,0.1484375
fa5121000052d01c,cifar100,pruning,mlp,protocol-v3,0.6,0,1,1,230,0.002733958011958748,0.0034609580179676414,691716096,0.125
fa5121000052d01c,cifar100,pruning,mlp,protocol-v3,0.6,0,1,1,231,0.002723250014241785,0.003462957974988967,691716096,0.125
fa5121000052d01c,cifar100,pruning,mlp,protocol-v3,0.6,0,1,1,232,0.002768833946902305,0.0035678750136867166,691716096,0.109375
fa5121000052d01c,cifar100,pruning,mlp,protocol-v3,0.6,0,1,1,233,0.002724084013607353,0.003468042006716132,691716096,0.09375
fa5121000052d01c,cifar100,pruning,mlp,protocol-v3,0.6,0,1,1,234,0.0026780409971252084,0.0035239169956184924,691716096,0.1171875
fa5121000052d01c,cifar100,pruning,mlp,protocol-v3,0.6,0,1,1,235,0.002722000004723668,0.0035483749816194177,691716096,0.09375
fa5121000052d01c,cifar100,pruning,mlp,protocol-v3,0.6,0,1,1,236,0.002673792012501508,0.003488166956230998,691716096,0.15625
fa5121000052d01c,cifar100,pruning,mlp,protocol-v3,0.6,0,1,1,237,0.0027298329514451325,0.0035548750311136246,691716096,0.0625
fa5121000052d01c,cifar100,pruning,mlp,protocol-v3,0.6,0,1,1,238,0.0027273339801467955,0.0034762080176733434,691716096,0.1171875
fa5121000052d01c,cifar100,pruning,mlp,protocol-v3,0.6,0,1,1,239,0.002725041995290667,0.0034799169516190886,691716096,0.1171875
fa5121000052d01c,cifar100,pruning,mlp,protocol-v3,0.6,0,1,1,240,0.0027351249591447413,0.003437165985815227,691716096,0.1015625
fa5121000052d01c,cifar100,pruning,mlp,protocol-v3,0.6,0,1,1,241,0.0027320829685777426,0.0034293750068172812,691716096,0.109375
fa5121000052d01c,cifar100,pruning,mlp,protocol-v3,0.6,0,1,1,242,0.0027264999807812274,0.003487874986603856,691716096,0.1015625
fa5121000052d01c,cifar100,pruning,mlp,protocol-v3,0.6,0,1,1,243,0.002737165952567011,0.003480791987385601,691716096,0.1015625
fa5121000052d01c,cifar100,pruning,mlp,protocol-v3,0.6,0,1,1,244,0.0027329589938744903,0.003477875026874244,691716096,0.140625
fa5121000052d01c,cifar100,pruning,mlp,protocol-v3,0.6,0,1,1,245,0.002739249961450696,0.0034877920406870544,691716096,0.09375
fa5121000052d01c,cifar100,pruning,mlp,protocol-v3,0.6,0,1,1,246,0.002722333010751754,0.003544415987562388,691716096,0.125
fa5121000052d01c,cifar100,pruning,mlp,protocol-v3,0.6,0,1,1,247,0.0027288750279694796,0.003435624996200204,691716096,0.1484375
fa5121000052d01c,cifar100,pruning,mlp,protocol-v3,0.6,0,1,1,248,0.002837333013303578,0.003480541054159403,691716096,0.078125
fa5121000052d01c,cifar100,pruning,mlp,protocol-v3,0.6,0,1,1,249,0.002718666975852102,0.0034610420116223395,691716096,0.109375
fa5121000052d01c,cifar100,pruning,mlp,protocol-v3,0.6,0,1,1,250,0.002735332993324846,0.0034671250032261014,691716096,0.125
fa5121000052d01c,cifar100,pruning,mlp,protocol-v3,0.6,0,1,1,251,0.0026797919999808073,0.0034659159719012678,691716096,0.09375
fa5121000052d01c,cifar100,pruning,mlp,protocol-v3,0.6,0,1,1,252,0.002731208980549127,0.003477666003163904,691716096,0.0859375
fa5121000052d01c,cifar100,pruning,mlp,protocol-v3,0.6,0,1,1,253,0.002677417011000216,0.003473999968264252,691716096,0.1171875
fa5121000052d01c,cifar100,pruning,mlp,protocol-v3,0.6,0,1,1,254,0.00273404095787555,0.003482750034891069,691716096,0.125
fa5121000052d01c,cifar100,pruning,mlp,protocol-v3,0.6,0,1,1,255,0.002723415964283049,0.0034728750470094383,691716096,0.1484375
fa5121000052d01c,cifar100,pruning,mlp,protocol-v3,0.6,0,1,1,256,0.0027510829968377948,0.003472624986898154,691716096,0.1015625
fa5121000052d01c,cifar100,pruning,mlp,protocol-v3,0.6,0,1,1,257,0.0027387500158511102,0.0034633749746717513,691716096,0.078125
fa5121000052d01c,cifar100,pruning,mlp,protocol-v3,0.6,0,1,1,258,0.0027329999720677733,0.0034777080290950835,691716096,0.109375
fa5121000052d01c,cifar100,pruning,mlp,protocol-v3,0.6,0,1,1,259,0.0027281250222586095,0.003489583032205701,691716096,0.0859375
fa5121000052d01c,cifar100,pruning,mlp,protocol-v3,0.6,0,1,1,260,0.002721875032875687,0.0034645829582586884,691716096,0.1171875
fa5121000052d01c,cifar100,pruning,mlp,protocol-v3,0.6,0,1,1,261,0.002724417019635439,0.0034760000417008996,691716096,0.1171875
fa5121000052d01c,cifar100,pruning,mlp,protocol-v3,0.6,0,1,1,262,0.0027290410362184048,0.0034803340095095336,691716096,0.0859375
fa5121000052d01c,cifar100,pruning,mlp,protocol-v3,0.6,0,1,1,263,0.0027237500180490315,0.003468165989033878,691716096,0.09375
fa5121000052d01c,cifar100,pruning,mlp,protocol-v3,0.6,0,1,1,264,0.002739583025686443,0.0035015419707633555,691716096,0.125
fa5121000052d01c,cifar100,pruning,mlp,protocol-v3,0.6,0,1,1,265,0.002724457997828722,0.0034592499723657966,691716096,0.1171875
fa5121000052d01c,cifar100,pruning,mlp,protocol-v3,0.6,0,1,1,266,0.0027426250162534416,0.003467500035185367,691716096,0.109375
fa5121000052d01c,cifar100,pruning,mlp,protocol-v3,0.6,0,1,1,267,0.0027290420257486403,0.0035448329872451723,691716096,0.109375
fa5121000052d01c,cifar100,pruning,mlp,protocol-v3,0.6,0,1,1,268,0.002723958983551711,0.003473082964774221,691716096,0.109375
fa5121000052d01c,cifar100,pruning,mlp,protocol-v3,0.6,0,1,1,269,0.0027204169891774654,0.003470625029876828,691716096,0.1484375
fa5121000052d01c,cifar100,pruning,mlp,protocol-v3,0.6,0,1,1,270,0.0027264999807812274,0.0034302910207770765,691716096,0.078125
fa5121000052d01c,cifar100,pruning,mlp,protocol-v3,0.6,0,1,1,271,0.0027246669633314013,0.0034353749942965806,691716096,0.125
fa5121000052d01c,cifar100,pruning,mlp,protocol-v3,0.6,0,1,1,272,0.002736707974690944,0.003486833011265844,691716096,0.1015625
fa5121000052d01c,cifar100,pruning,mlp,protocol-v3,0.6,0,1,1,273,0.0027307919808663428,0.003476125013548881,691716096,0.140625
fa5121000052d01c,cifar100,pruning,mlp,protocol-v3,0.6,0,1,1,274,0.002736166992690414,0.003467957954853773,691716096,0.1328125
fa5121000052d01c,cifar100,pruning,mlp,protocol-v3,0.6,0,1,1,275,0.0027352909673936665,0.0034787500044330955,691716096,0.1328125
fa5121000052d01c,cifar100,pruning,mlp,protocol-v3,0.6,0,1,1,276,0.0027435829979367554,0.003487874986603856,691716096,0.109375
fa5121000052d01c,cifar100,pruning,mlp,protocol-v3,0.6,0,1,1,277,0.0027295410400256515,0.0034937079763039947,691716096,0.1015625
fa5121000052d01c,cifar100,pruning,mlp,protocol-v3,0.6,0,1,1,278,0.002726375008933246,0.003534124989528209,691716096,0.1484375
fa5121000052d01c,cifar100,pruning,mlp,protocol-v3,0.6,0,1,1,279,0.002729667001403868,0.003476707963272929,691716096,0.09375
fa5121000052d01c,cifar100,pruning,mlp,protocol-v3,0.6,0,1,1,280,0.0027275829925201833,0.003414916980545968,691716096,0.1328125
fa5121000052d01c,cifar100,pruning,mlp,protocol-v3,0.6,0,1,1,281,0.0027526249759830534,0.0035452910233289003,691716096,0.0546875
fa5121000052d01c,cifar100,pruning,mlp,protocol-v3,0.6,0,1,1,282,0.002721458033192903,0.0034788750344887376,691716096,0.1015625
fa5121000052d01c,cifar100,pruning,mlp,protocol-v3,0.6,0,1,1,283,0.0027184169739484787,0.0034857080318033695,691716096,0.1171875
fa5121000052d01c,cifar100,pruning,mlp,protocol-v3,0.6,0,1,1,284,0.0027333340258337557,0.0034575830213725567,691716096,0.1328125
fa5121000052d01c,cifar100,pruning,mlp,protocol-v3,0.6,0,1,1,285,0.002727750048507005,0.0035334170097485185,691716096,0.125
fa5121000052d01c,cifar100,pruning,mlp,protocol-v3,0.6,0,1,1,286,0.002767374971881509,0.003470459021627903,691716096,0.1015625
fa5121000052d01c,cifar100,pruning,mlp,protocol-v3,0.6,0,1,1,287,0.002712665998842567,0.0034407080383971334,691716096,0.0859375
fa5121000052d01c,cifar100,pruning,mlp,protocol-v3,0.6,0,1,1,288,0.002672749978955835,0.0034604999818839133,691716096,0.109375
fa5121000052d01c,cifar100,pruning,mlp,protocol-v3,0.6,0,1,1,289,0.0027198750176467,0.0034782500006258488,691716096,0.1328125
fa5121000052d01c,cifar100,pruning,mlp,protocol-v3,0.6,0,1,1,290,0.002730000007431954,0.0035476249759085476,691716096,0.1171875
fa5121000052d01c,cifar100,pruning,mlp,protocol-v3,0.6,0,1,1,291,0.002733375004027039,0.0034715410438366234,691716096,0.1171875
fa5121000052d01c,cifar100,pruning,mlp,protocol-v3,0.6,0,1,1,292,0.0027183330385014415,0.0034769169869832695,691716096,0.15625
fa5121000052d01c,cifar100,pruning,mlp,protocol-v3,0.6,0,1,1,293,0.0027610830147750676,0.0035547909792512655,691716096,0.1328125
fa5121000052d01c,cifar100,pruning,mlp,protocol-v3,0.6,0,1,1,294,0.002725458994973451,0.0036125830374658108,691716096,0.1328125
fa5121000052d01c,cifar100,pruning,mlp,protocol-v3,0.6,0,1,1,295,0.002678458986338228,0.003474416967947036,691716096,0.125
fa5121000052d01c,cifar100,pruning,mlp,protocol-v3,0.6,0,1,1,296,0.0027244999655522406,0.003478041966445744,691716096,0.09375
fa5121000052d01c,cifar100,pruning,mlp,protocol-v3,0.6,0,1,1,297,0.002734124951530248,0.0034999580238945782,691716096,0.1171875
fa5121000052d01c,cifar100,pruning,mlp,protocol-v3,0.6,0,1,1,298,0.002730291977059096,0.003476542013231665,691716096,0.09375
fa5121000052d01c,cifar100,pruning,mlp,protocol-v3,0.6,0,1,1,299,0.002724457997828722,0.0034645000123418868,691716096,0.109375
fa5121000052d01c,cifar100,pruning,mlp,protocol-v3,0.6,0,1,1,300,0.0027369579765945673,0.003485208027996123,691716096,0.15625
fa5121000052d01c,cifar100,pruning,mlp,protocol-v3,0.6,0,1,1,301,0.0027158749871887267,0.003456417005509138,691716096,0.125
fa5121000052d01c,cifar100,pruning,mlp,protocol-v3,0.6,0,1,1,302,0.002682834048755467,0.003477749996818602,691716096,0.1015625
fa5121000052d01c,cifar100,pruning,mlp,protocol-v3,0.6,0,1,1,303,0.002739541989285499,0.003472333017271012,691716096,0.140625
fa5121000052d01c,cifar100,pruning,mlp,protocol-v3,0.6,0,1,1,304,0.002732041000854224,0.0034789160126820207,691716096,0.109375
fa5121000052d01c,cifar100,pruning,mlp,protocol-v3,0.6,0,1,1,305,0.0027344999834895134,0.0034843329922296107,691716096,0.078125
fa5121000052d01c,cifar100,pruning,mlp,protocol-v3,0.6,0,1,1,306,0.002723208046518266,0.0034717090311460197,691716096,0.1484375
fa5121000052d01c,cifar100,pruning,mlp,protocol-v3,0.6,0,1,1,307,0.002721249999012798,0.003462791966740042,691716096,0.1328125
fa5121000052d01c,cifar100,pruning,mlp,protocol-v3,0.6,0,1,1,308,0.002742790966294706,0.003466750029474497,691716096,0.1171875
fa5121000052d01c,cifar100,pruning,mlp,protocol-v3,0.6,0,1,1,309,0.0027277080225758255,0.003474834025837481,691716096,0.1015625
fa5121000052d01c,cifar100,pruning,mlp,protocol-v3,0.6,0,1,1,310,0.0027359160012565553,0.0034613750176504254,691716096,0.140625
fa5121000052d01c,cifar100,pruning,mlp,protocol-v3,0.6,0,1,1,311,0.002717291994486004,0.003462166991084814,691716096,0.1171875
fa5121000052d01c,cifar100,pruning,mlp,protocol-v3,0.6,0,1,1,312,0.002729209023527801,0.003585333004593849,691716096,0.1171875
fa5121000052d01c,cifar100,pruning,mlp,protocol-v3,0.6,0,1,1,313,0.0027321669622324407,0.003428916970733553,691716096,0.140625
fa5121000052d01c,cifar100,pruning,mlp,protocol-v3,0.6,0,1,1,314,0.0027283329982310534,0.003466458001639694,691716096,0.109375
fa5121000052d01c,cifar100,pruning,mlp,protocol-v3,0.6,0,1,1,315,0.002721457974985242,0.003417917003389448,691716096,0.1171875
fa5121000052d01c,cifar100,pruning,mlp,protocol-v3,0.6,0,1,1,316,0.002742416982073337,0.003472166950814426,691716096,0.0859375
fa5121000052d01c,cifar100,pruning,mlp,protocol-v3,0.6,0,1,1,317,0.002725958009250462,0.003469458024483174,691716096,0.1640625
fa5121000052d01c,cifar100,pruning,mlp,protocol-v3,0.6,0,1,1,318,0.0027290830039419234,0.0034713339991867542,691716096,0.15625
fa5121000052d01c,cifar100,pruning,mlp,protocol-v3,0.6,0,1,1,319,0.0027212919667363167,0.0034736250527203083,691716096,0.125
fa5121000052d01c,cifar100,pruning,mlp,protocol-v3,0.6,0,1,1,320,0.002730624983087182,0.0034542499925009906,691716096,0.1484375
fa5121000052d01c,cifar100,pruning,mlp,protocol-v3,0.6,0,1,1,321,0.0027753330068662763,0.0034784580348059535,691716096,0.1484375
fa5121000052d01c,cifar100,pruning,mlp,protocol-v3,0.6,0,1,1,322,0.0027398340171203017,0.003465334011707455,691716096,0.09375
fa5121000052d01c,cifar100,pruning,mlp,protocol-v3,0.6,0,1,1,323,0.0027156660216860473,0.003484582994133234,691716096,0.125
fa5121000052d01c,cifar100,pruning,mlp,protocol-v3,0.6,0,1,1,324,0.0027265000389888883,0.003462625027168542,691716096,0.0703125
fa5121000052d01c,cifar100,pruning,mlp,protocol-v3,0.6,0,1,1,325,0.002709916967432946,0.0034737500245682895,691716096,0.15625
fa5121000052d01c,cifar100,pruning,mlp,protocol-v3,0.6,0,1,1,326,0.0026876250049099326,0.0034815420513041317,691716096,0.125
fa5121000052d01c,cifar100,pruning,mlp,protocol-v3,0.6,0,1,1,327,0.0027240830240771174,0.003470167052000761,691716096,0.1015625
fa5121000052d01c,cifar100,pruning,mlp,protocol-v3,0.6,0,1,1,328,0.0027227919781580567,0.003470459021627903,691716096,0.109375
fa5121000052d01c,cifar100,pruning,mlp,protocol-v3,0.6,0,1,1,329,0.0027223749784752727,0.003482416970655322,691716096,0.109375
fa5121000052d01c,cifar100,pruning,mlp,protocol-v3,0.6,0,1,1,330,0.0027323749964125454,0.0034740829723887146,691716096,0.1484375
fa5121000052d01c,cifar100,pruning,mlp,protocol-v3,0.6,0,1,1,331,0.0027317500207573175,0.0034585840185172856,691716096,0.09375
fa5121000052d01c,cifar100,pruning,mlp,protocol-v3,0.6,0,1,1,332,0.0027183329802937806,0.003470375027973205,691716096,0.1484375
fa5121000052d01c,cifar100,pruning,mlp,protocol-v3,0.6,0,1,1,333,0.0027271669823676348,0.0034716250374913216,691716096,0.09375
fa5121000052d01c,cifar100,pruning,mlp,protocol-v3,0.6,0,1,1,334,0.0027237499598413706,0.0034804579918272793,691716096,0.125
fa5121000052d01c,cifar100,pruning,mlp,protocol-v3,0.6,0,1,1,335,0.0027200000477023423,0.003476291021797806,691716096,0.1328125
fa5121000052d01c,cifar100,pruning,mlp,protocol-v3,0.6,0,1,1,336,0.002744416007772088,0.003482625004835427,691716096,0.125
fa5121000052d01c,cifar100,pruning,mlp,protocol-v3,0.6,0,1,1,337,0.0027326670242473483,0.0034381659934297204,691716096,0.140625
fa5121000052d01c,cifar100,pruning,mlp,protocol-v3,0.6,0,1,1,338,0.0027408330352045596,0.003479583014268428,691716096,0.1015625
fa5121000052d01c,cifar100,pruning,mlp,protocol-v3,0.6,0,1,1,339,0.002741459000390023,0.0035823750076815486,691716096,0.0546875
fa5121000052d01c,cifar100,pruning,mlp,protocol-v3,0.6,0,1,1,340,0.0026812500436790287,0.003466833964921534,691716096,0.1171875
fa5121000052d01c,cifar100,pruning,mlp,protocol-v3,0.6,0,1,1,341,0.002731583022978157,0.0034840419539250433,691716096,0.171875
fa5121000052d01c,cifar100,pruning,mlp,protocol-v3,0.6,0,1,1,342,0.002742874959949404,0.0034924590145237744,691716096,0.125
fa5121000052d01c,cifar100,pruning,mlp,protocol-v3,0.6,0,1,1,343,0.0027314999606460333,0.0034807499614544213,691716096,0.1328125
fa5121000052d01c,cifar100,pruning,mlp,protocol-v3,0.6,0,1,1,344,0.0027199999894946814,0.0034769579651765525,691716096,0.125
fa5121000052d01c,cifar100,pruning,mlp,protocol-v3,0.6,0,1,1,345,0.002735207963269204,0.0034687499864958227,691716096,0.1484375
fa5121000052d01c,cifar100,pruning,mlp,protocol-v3,0.6,0,1,1,346,0.002724291989579797,0.0035089580342173576,691716096,0.125
fa5121000052d01c,cifar100,pruning,mlp,protocol-v3,0.6,0,1,1,347,0.002714750007726252,0.003472750016953796,691716096,0.15625
fa5121000052d01c,cifar100,pruning,mlp,protocol-v3,0.6,0,1,1,348,0.002714292029850185,0.0034712079796008766,691716096,0.078125
fa5121000052d01c,cifar100,pruning,mlp,protocol-v3,0.6,0,1,1,349,0.002716541988775134,0.0034818749991245568,691716096,0.1328125
fa5121000052d01c,cifar100,pruning,mlp,protocol-v3,0.6,0,1,1,350,0.0027167919906787574,0.003482666041236371,691716096,0.1171875
fa5121000052d01c,cifar100,pruning,mlp,protocol-v3,0.6,0,1,1,351,0.0027153330156579614,0.003478083002846688,691716096,0.0703125
fa5121000052d01c,cifar100,pruning,mlp,protocol-v3,0.6,0,1,1,352,0.002710500033572316,0.0034660829696804285,691716096,0.1015625
fa5121000052d01c,cifar100,pruning,mlp,protocol-v3,0.6,0,1,1,353,0.0027302089729346335,0.003462208027485758,691716096,0.1171875
fa5121000052d01c,cifar100,pruning,mlp,protocol-v3,0.6,0,1,1,354,0.0027257080073468387,0.0034775420208461583,691716096,0.09375
fa5121000052d01c,cifar100,pruning,mlp,protocol-v3,0.6,0,1,1,355,0.002716750022955239,0.0034846250200644135,691716096,0.0703125
fa5121000052d01c,cifar100,pruning,mlp,protocol-v3,0.6,0,1,1,356,0.0027230000123381615,0.0035420830245129764,691716096,0.109375
fa5121000052d01c,cifar100,pruning,mlp,protocol-v3,0.6,0,1,1,357,0.00276433298131451,0.0035192500217817724,691716096,0.125
fa5121000052d01c,cifar100,pruning,mlp,protocol-v3,0.6,0,1,1,358,0.0027222910430282354,0.003479750012047589,691716096,0.125
fa5121000052d01c,cifar100,pruning,mlp,protocol-v3,0.6,0,1,1,359,0.0027170419925823808,0.0034883749904111028,691716096,0.171875
fa5121000052d01c,cifar100,pruning,mlp,protocol-v3,0.6,0,1,1,360,0.0027336670318618417,0.0034794160164892673,691716096,0.1015625
fa5121000052d01c,cifar100,pruning,mlp,protocol-v3,0.6,0,1,1,361,0.0027274159947410226,0.003540666017215699,691716096,0.109375
fa5121000052d01c,cifar100,pruning,mlp,protocol-v3,0.6,0,1,1,362,0.0027316249907016754,0.003491540963295847,691716096,0.0859375
fa5121000052d01c,cifar100,pruning,mlp,protocol-v3,0.6,0,1,1,363,0.002757082984317094,0.00356512499274686,691716096,0.078125
fa5121000052d01c,cifar100,pruning,mlp,protocol-v3,0.6,0,1,1,364,0.0027254169690422714,0.003578707983251661,691716096,0.09375
fa5121000052d01c,cifar100,pruning,mlp,protocol-v3,0.6,0,1,1,365,0.002735332993324846,0.0034735840163193643,691716096,0.1015625
fa5121000052d01c,cifar100,pruning,mlp,protocol-v3,0.6,0,1,1,366,0.0027527500060386956,0.003470666997600347,691716096,0.078125
fa5121000052d01c,cifar100,pruning,mlp,protocol-v3,0.6,0,1,1,367,0.0027317499625496566,0.003536333970259875,691716096,0.0859375
fa5121000052d01c,cifar100,pruning,mlp,protocol-v3,0.6,0,1,1,368,0.00272808299632743,0.003490625007543713,691716096,0.0859375
fa5121000052d01c,cifar100,pruning,mlp,protocol-v3,0.6,0,1,1,369,0.002731374988798052,0.003470083000138402,691716096,0.09375
fa5121000052d01c,cifar100,pruning,mlp,protocol-v3,0.6,0,1,1,370,0.002729790983721614,0.0034722500131465495,691716096,0.1953125
fa5121000052d01c,cifar100,pruning,mlp,protocol-v3,0.6,0,1,1,371,0.002742999990005046,0.0034843329922296107,691716096,0.078125
fa5121000052d01c,cifar100,pruning,mlp,protocol-v3,0.6,0,1,1,372,0.0027347089489921927,0.0034282919950783253,691716096,0.1484375
fa5121000052d01c,cifar100,pruning,mlp,protocol-v3,0.6,0,1,1,373,0.0027192080160602927,0.003462958033196628,691716096,0.09375
fa5121000052d01c,cifar100,pruning,mlp,protocol-v3,0.6,0,1,1,374,0.0027261669747531414,0.003467041999101639,691716096,0.0859375
fa5121000052d01c,cifar100,pruning,mlp,protocol-v3,0.6,0,1,1,375,0.002725665981415659,0.003482625004835427,691716096,0.1328125
fa5121000052d01c,cifar100,pruning,mlp,protocol-v3,0.6,0,1,1,376,0.0027237089816480875,0.0034832499804906547,691732480,0.109375
fa5121000052d01c,cifar100,pruning,mlp,protocol-v3,0.6,0,1,1,377,0.002724542049691081,0.00347445800434798,691732480,0.15625
fa5121000052d01c,cifar100,pruning,mlp,protocol-v3,0.6,0,1,1,378,0.002724749967455864,0.0034811670193448663,691732480,0.140625
fa5121000052d01c,cifar100,pruning,mlp,protocol-v3,0.6,0,1,1,379,0.002727665996644646,0.0034280840191058815,691732480,0.1171875
fa5121000052d01c,cifar100,pruning,mlp,protocol-v3,0.6,0,1,1,380,0.002773249987512827,0.003568249987438321,691732480,0.1328125
fa5121000052d01c,cifar100,pruning,mlp,protocol-v3,0.6,0,1,1,381,0.0027467909967526793,0.0035464169923216105,691732480,0.171875
fa5121000052d01c,cifar100,pruning,mlp,protocol-v3,0.6,0,1,1,382,0.0027329580043442547,0.003475625009741634,691732480,0.15625
fa5121000052d01c,cifar100,pruning,mlp,protocol-v3,0.6,0,1,1,383,0.002734416048042476,0.003467625007033348,691732480,0.1171875
fa5121000052d01c,cifar100,pruning,mlp,protocol-v3,0.6,0,1,1,384,0.002727292012423277,0.003530791960656643,691732480,0.1171875
fa5121000052d01c,cifar100,pruning,mlp,protocol-v3,0.6,0,1,1,385,0.0026859999634325504,0.0034764159936457872,691732480,0.09375
fa5121000052d01c,cifar100,pruning,mlp,protocol-v3,0.6,0,1,1,386,0.0027257080073468387,0.003465707995928824,691732480,0.15625
fa5121000052d01c,cifar100,pruning,mlp,protocol-v3,0.6,0,1,1,387,0.002739374991506338,0.0034711670014075935,691732480,0.109375
fa5121000052d01c,cifar100,pruning,mlp,protocol-v3,0.6,0,1,1,388,0.0027276669861748815,0.0034782500006258488,691732480,0.140625
fa5121000052d01c,cifar100,pruning,mlp,protocol-v3,0.6,0,1,1,389,0.0027365830028429627,0.003517957986332476,691732480,0.171875
fa5121000052d01c,cifar100,pruning,mlp,protocol-v3,0.6,0,1,1,390,0.0049255830235779285,0.025164166989270598,697303040,0.1125
fa5121000052d01c,cifar100,pruning,mlp,protocol-v3,0.6,0,1,2,0,0.0027697499608621,0.0037065419601276517,702791680,0.140625
fa5121000052d01c,cifar100,pruning,mlp,protocol-v3,0.6,0,1,2,1,0.0033737089834176004,0.003672458988148719,704135168,0.140625
fa5121000052d01c,cifar100,pruning,mlp,protocol-v3,0.6,0,1,2,2,0.0027709169662557542,0.0035953339538536966,705200128,0.109375
fa5121000052d01c,cifar100,pruning,mlp,protocol-v3,0.6,0,1,2,3,0.0028062500059604645,0.003579624986741692,705200128,0.109375
fa5121000052d01c,cifar100,pruning,mlp,protocol-v3,0.6,0,1,2,4,0.0027750000008381903,0.0035949580487795174,705560576,0.15625
fa5121000052d01c,cifar100,pruning,mlp,protocol-v3,0.6,0,1,2,5,0.0027518339920789003,0.0035511249443516135,705560576,0.140625
fa5121000052d01c,cifar100,pruning,mlp,protocol-v3,0.6,0,1,2,6,0.002734707959461957,0.003568250045645982,707133440,0.1328125
fa5121000052d01c,cifar100,pruning,mlp,protocol-v3,0.6,0,1,2,7,0.0027044169837608933,0.0035548750311136246,707133440,0.140625
fa5121000052d01c,cifar100,pruning,mlp,protocol-v3,0.6,0,1,2,8,0.0027414170326665044,0.0035634589730761945,707133440,0.1484375
fa5121000052d01c,cifar100,pruning,mlp,protocol-v3,0.6,0,1,2,9,0.0027277920162305236,0.003545000043231994,707133440,0.125
fa5121000052d01c,cifar100,pruning,mlp,protocol-v3,0.6,0,1,2,10,0.002755667024757713,0.003558000025805086,707133440,0.1484375
fa5121000052d01c,cifar100,pruning,mlp,protocol-v3,0.6,0,1,2,11,0.0027431250200606883,0.0035518750082701445,707133440,0.1015625
fa5121000052d01c,cifar100,pruning,mlp,protocol-v3,0.6,0,1,2,12,0.002738791983574629,0.003558791009709239,707133440,0.125
fa5121000052d01c,cifar100,pruning,mlp,protocol-v3,0.6,0,1,2,13,0.002730665961280465,0.0034745829761959612,707133440,0.09375
fa5121000052d01c,cifar100,pruning,mlp,protocol-v3,0.6,0,1,2,14,0.0027336670318618417,0.0035493329633027315,707133440,0.125
fa5121000052d01c,cifar100,pruning,mlp,protocol-v3,0.6,0,1,2,15,0.0027320419903844595,0.003419457993004471,707133440,0.0625
fa5121000052d01c,cifar100,pruning,mlp,protocol-v3,0.6,0,1,2,16,0.002734833979047835,0.0035500000230968,707133440,0.1328125
fa5121000052d01c,cifar100,pruning,mlp,protocol-v3,0.6,0,1,2,17,0.0027500000433064997,0.003556624986231327,707133440,0.140625
fa5121000052d01c,cifar100,pruning,mlp,protocol-v3,0.6,0,1,2,18,0.0027558330330066383,0.003579124982934445,707133440,0.109375
fa5121000052d01c,cifar100,pruning,mlp,protocol-v3,0.6,0,1,2,19,0.00272995897103101,0.0034795409883372486,707133440,0.140625
fa5121000052d01c,cifar100,pruning,mlp,protocol-v3,0.6,0,1,2,20,0.002773667045403272,0.003602250013500452,707133440,0.15625
fa5121000052d01c,cifar100,pruning,mlp,protocol-v3,0.6,0,1,2,21,0.0027594580315053463,0.0035811670240946114,707133440,0.125
fa5121000052d01c,cifar100,pruning,mlp,protocol-v3,0.6,0,1,2,22,0.0027388749876990914,0.0035252500092610717,707133440,0.15625
fa5121000052d01c,cifar100,pruning,mlp,protocol-v3,0.6,0,1,2,23,0.0027614160208031535,0.003463749948423356,707133440,0.1015625
fa5121000052d01c,cifar100,pruning,mlp,protocol-v3,0.6,0,1,2,24,0.0027896660030819476,0.0035150409676134586,707133440,0.1015625
fa5121000052d01c,cifar100,pruning,mlp,protocol-v3,0.6,0,1,2,25,0.0028224579873494804,0.0035774169955402613,707133440,0.1640625
fa5121000052d01c,cifar100,pruning,mlp,protocol-v3,0.6,0,1,2,26,0.002768959035165608,0.0035216250107623637,707133440,0.1875
fa5121000052d01c,cifar100,pruning,mlp,protocol-v3,0.6,0,1,2,27,0.0027626659721136093,0.003510290989652276,707133440,0.1328125
fa5121000052d01c,cifar100,pruning,mlp,protocol-v3,0.6,0,1,2,28,0.0027486669714562595,0.003563417005352676,707133440,0.1484375
fa5121000052d01c,cifar100,pruning,mlp,protocol-v3,0.6,0,1,2,29,0.0027494169771671295,0.00356887502130121,707133440,0.1484375
fa5121000052d01c,cifar100,pruning,mlp,protocol-v3,0.6,0,1,2,30,0.0027785830316133797,0.0035134999779984355,707133440,0.1640625
fa5121000052d01c,cifar100,pruning,mlp,protocol-v3,0.6,0,1,2,31,0.0027652919525280595,0.0036011250340379775,707133440,0.171875
fa5121000052d01c,cifar100,pruning,mlp,protocol-v3,0.6,0,1,2,32,0.002763915981631726,0.0035709160147234797,707133440,0.171875
fa5121000052d01c,cifar100,pruning,mlp,protocol-v3,0.6,0,1,2,33,0.0027706249966286123,0.0035032500163652003,707133440,0.171875
fa5121000052d01c,cifar100,pruning,mlp,protocol-v3,0.6,0,1,2,34,0.002768124977592379,0.0035860839998349547,707133440,0.1328125
fa5121000052d01c,cifar100,pruning,mlp,protocol-v3,0.6,0,1,2,35,0.00287237495649606,0.0035980420070700347,707133440,0.140625
fa5121000052d01c,cifar100,pruning,mlp,protocol-v3,0.6,0,1,2,36,0.0028404169715940952,0.0036831250181421638,707133440,0.1171875
fa5121000052d01c,cifar100,pruning,mlp,protocol-v3,0.6,0,1,2,37,0.0029503750265575945,0.003833749971818179,707133440,0.1484375
fa5121000052d01c,cifar100,pruning,mlp,protocol-v3,0.6,0,1,2,38,0.002938500023446977,0.0038093329640105367,707133440,0.171875
fa5121000052d01c,cifar100,pruning,mlp,protocol-v3,0.6,0,1,2,39,0.0028010410023853183,0.0036427079467102885,707133440,0.1640625
fa5121000052d01c,cifar100,pruning,mlp,protocol-v3,0.6,0,1,2,40,0.003372875042259693,0.0035087079741060734,707133440,0.1640625
fa5121000052d01c,cifar100,pruning,mlp,protocol-v3,0.6,0,1,2,41,0.0028087919927202165,0.003488665970508009,707133440,0.1640625
fa5121000052d01c,cifar100,pruning,mlp,protocol-v3,0.6,0,1,2,42,0.0027577909640967846,0.003543625003658235,707133440,0.109375
fa5121000052d01c,cifar100,pruning,mlp,protocol-v3,0.6,0,1,2,43,0.002738167007919401,0.0036394160124473274,707133440,0.109375
fa5121000052d01c,cifar100,pruning,mlp,protocol-v3,0.6,0,1,2,44,0.0028478329768404365,0.003597249975427985,707133440,0.1796875
fa5121000052d01c,cifar100,pruning,mlp,protocol-v3,0.6,0,1,2,45,0.0027656250167638063,0.003585833008401096,707133440,0.109375
fa5121000052d01c,cifar100,pruning,mlp,protocol-v3,0.6,0,1,2,46,0.0027489159838296473,0.003592749999370426,707133440,0.1484375
fa5121000052d01c,cifar100,pruning,mlp,protocol-v3,0.6,0,1,2,47,0.002785499964375049,0.0035517499782145023,707133440,0.1875
fa5121000052d01c,cifar100,pruning,mlp,protocol-v3,0.6,0,1,2,48,0.0027868750039488077,0.0035445000394247472,707133440,0.125
fa5121000052d01c,cifar100,pruning,mlp,protocol-v3,0.6,0,1,2,49,0.0027701660292223096,0.003577791969291866,707133440,0.1171875
fa5121000052d01c,cifar100,pruning,mlp,protocol-v3,0.6,0,1,2,50,0.002775083004962653,0.0035742500331252813,707133440,0.1484375
fa5121000052d01c,cifar100,pruning,mlp,protocol-v3,0.6,0,1,2,51,0.00272454199148342,0.0035725830239243805,707133440,0.109375
fa5121000052d01c,cifar100,pruning,mlp,protocol-v3,0.6,0,1,2,52,0.0027531249797903,0.003510416019707918,707133440,0.140625
fa5121000052d01c,cifar100,pruning,mlp,protocol-v3,0.6,0,1,2,53,0.002790708967950195,0.0035677500418387353,707133440,0.1328125
fa5121000052d01c,cifar100,pruning,mlp,protocol-v3,0.6,0,1,2,54,0.002772541018202901,0.0035685000475496054,707133440,0.125
fa5121000052d01c,cifar100,pruning,mlp,protocol-v3,0.6,0,1,2,55,0.0027527500060386956,0.0035950839519500732,707133440,0.1484375
fa5121000052d01c,cifar100,pruning,mlp,protocol-v3,0.6,0,1,2,56,0.0028547089896164834,0.0035858339979313314,707133440,0.109375
fa5121000052d01c,cifar100,pruning,mlp,protocol-v3,0.6,0,1,2,57,0.002831582969520241,0.0035812919959425926,707133440,0.15625
fa5121000052d01c,cifar100,pruning,mlp,protocol-v3,0.6,0,1,2,58,0.002727625018451363,0.0035774160060100257,707133440,0.15625
fa5121000052d01c,cifar100,pruning,mlp,protocol-v3,0.6,0,1,2,59,0.0027452499489299953,0.0034703330020420253,707133440,0.109375
fa5121000052d01c,cifar100,pruning,mlp,protocol-v3,0.6,0,1,2,60,0.0027472079964354634,0.003470833005849272,707133440,0.1328125
fa5121000052d01c,cifar100,pruning,mlp,protocol-v3,0.6,0,1,2,61,0.00272154196863994,0.0034749170299619436,707133440,0.1015625
fa5121000052d01c,cifar100,pruning,mlp,protocol-v3,0.6,0,1,2,62,0.002770207996945828,0.0035070409649051726,707133440,0.1640625
fa5121000052d01c,cifar100,pruning,mlp,protocol-v3,0.6,0,1,2,63,0.0027770419837906957,0.0035896250046789646,707133440,0.1484375
fa5121000052d01c,cifar100,pruning,mlp,protocol-v3,0.6,0,1,2,64,0.0027676669997163117,0.0035618749679997563,707133440,0.1875
fa5121000052d01c,cifar100,pruning,mlp,protocol-v3,0.6,0,1,2,65,0.0027617919840849936,0.0035888340207748115,707133440,0.1875
fa5121000052d01c,cifar100,pruning,mlp,protocol-v3,0.6,0,1,2,66,0.0027604999486356974,0.0035136669757775962,707133440,0.1484375
fa5121000052d01c,cifar100,pruning,mlp,protocol-v3,0.6,0,1,2,67,0.0027635410078801215,0.003499208018183708,707133440,0.15625
fa5121000052d01c,cifar100,pruning,mlp,protocol-v3,0.6,0,1,2,68,0.0027475410024635494,0.003620291012339294,707133440,0.1171875
fa5121000052d01c,cifar100,pruning,mlp,protocol-v3,0.6,0,1,2,69,0.002781999995931983,0.0034885419881902635,707133440,0.1328125
fa5121000052d01c,cifar100,pruning,mlp,protocol-v3,0.6,0,1,2,70,0.0027585839852690697,0.003485332999844104,707133440,0.1328125
fa5121000052d01c,cifar100,pruning,mlp,protocol-v3,0.6,0,1,2,71,0.0027730409638024867,0.0035955419880338013,707133440,0.1171875
fa5121000052d01c,cifar100,pruning,mlp,protocol-v3,0.6,0,1,2,72,0.0027296249754726887,0.00349183299113065,707133440,0.140625
fa5121000052d01c,cifar100,pruning,mlp,protocol-v3,0.6,0,1,2,73,0.002776749955955893,0.0035006250254809856,707133440,0.09375
fa5121000052d01c,cifar100,pruning,mlp,protocol-v3,0.6,0,1,2,74,0.002768250007648021,0.0035073329927399755,707133440,0.1640625
fa5121000052d01c,cifar100,pruning,mlp,protocol-v3,0.6,0,1,2,75,0.0027703329687938094,0.003501833009067923,707133440,0.1484375
fa5121000052d01c,cifar100,pruning,mlp,protocol-v3,0.6,0,1,2,76,0.0027691670111380517,0.0035045410040766,707133440,0.15625
fa5121000052d01c,cifar100,pruning,mlp,protocol-v3,0.6,0,1,2,77,0.002709750027861446,0.003506665991153568,707133440,0.140625
fa5121000052d01c,cifar100,pruning,mlp,protocol-v3,0.6,0,1,2,78,0.0028937910101376474,0.003637709014583379,707133440,0.140625
fa5121000052d01c,cifar100,pruning,mlp,protocol-v3,0.6,0,1,2,79,0.002824625000357628,0.0035069999867118895,707133440,0.1484375
fa5121000052d01c,cifar100,pruning,mlp,protocol-v3,0.6,0,1,2,80,0.002768208971247077,0.0035187909961678088,707133440,0.203125
fa5121000052d01c,cifar100,pruning,mlp,protocol-v3,0.6,0,1,2,81,0.0027507919585332274,0.003509292029775679,707133440,0.078125
fa5121000052d01c,cifar100,pruning,mlp,protocol-v3,0.6,0,1,2,82,0.0027637919993139803,0.003579000011086464,707133440,0.125
fa5121000052d01c,cifar100,pruning,mlp,protocol-v3,0.6,0,1,2,83,0.002769333019386977,0.0035694579710252583,707133440,0.078125
fa5121000052d01c,cifar100,pruning,mlp,protocol-v3,0.6,0,1,2,84,0.002783667005132884,0.003504833031911403,707133440,0.0859375
fa5121000052d01c,cifar100,pruning,mlp,protocol-v3,0.6,0,1,2,85,0.002773874963168055,0.0035610420163720846,707133440,0.1796875
fa5121000052d01c,cifar100,pruning,mlp,protocol-v3,0.6,0,1,2,86,0.0027601250330917537,0.0035299999872222543,707133440,0.15625
fa5121000052d01c,cifar100,pruning,mlp,protocol-v3,0.6,0,1,2,87,0.002762083022389561,0.003451791009865701,707133440,0.1484375
fa5121000052d01c,cifar100,pruning,mlp,protocol-v3,0.6,0,1,2,88,0.002763417025562376,0.003502416016999632,707133440,0.09375
fa5121000052d01c,cifar100,pruning,mlp,protocol-v3,0.6,0,1,2,89,0.0027664590161293745,0.0035085410345345736,707133440,0.125
fa5121000052d01c,cifar100,pruning,mlp,protocol-v3,0.6,0,1,2,90,0.0027459579869173467,0.003508416994009167,707133440,0.109375
fa5121000052d01c,cifar100,pruning,mlp,protocol-v3,0.6,0,1,2,91,0.0027838749811053276,0.0034969999687746167,707133440,0.15625
fa5121000052d01c,cifar100,pruning,mlp,protocol-v3,0.6,0,1,2,92,0.002784874988719821,0.00357895897468552,707149824,0.09375
fa5121000052d01c,cifar100,pruning,mlp,protocol-v3,0.6,0,1,2,93,0.002785584016237408,0.0035200000274926424,707166208,0.125
fa5121000052d01c,cifar100,pruning,mlp,protocol-v3,0.6,0,1,2,94,0.002758709015324712,0.0035082079702988267,707166208,0.171875
fa5121000052d01c,cifar100,pruning,mlp,protocol-v3,0.6,0,1,2,95,0.0027787089929915965,0.0036098749842494726,707166208,0.1328125
fa5121000052d01c,cifar100,pruning,mlp,protocol-v3,0.6,0,1,2,96,0.002763458003755659,0.0035029170103371143,707166208,0.140625
fa5121000052d01c,cifar100,pruning,mlp,protocol-v3,0.6,0,1,2,97,0.0027712080045603216,0.0035683750174939632,707166208,0.109375
fa5121000052d01c,cifar100,pruning,mlp,protocol-v3,0.6,0,1,2,98,0.0027731669833883643,0.0034638330107554793,707166208,0.1171875
fa5121000052d01c,cifar100,pruning,mlp,protocol-v3,0.6,0,1,2,99,0.0027710419963113964,0.0034938340540975332,707166208,0.1015625
fa5121000052d01c,cifar100,pruning,mlp,protocol-v3,0.6,0,1,2,100,0.0027691659634001553,0.003567082982044667,707166208,0.1796875
fa5121000052d01c,cifar100,pruning,mlp,protocol-v3,0.6,0,1,2,101,0.0028362079756334424,0.003555874980520457,707166208,0.1015625
fa5121000052d01c,cifar100,pruning,mlp,protocol-v3,0.6,0,1,2,102,0.0027636250015348196,0.003506458015181124,707166208,0.1328125
fa5121000052d01c,cifar100,pruning,mlp,protocol-v3,0.6,0,1,2,103,0.002755416964646429,0.003508874971885234,707166208,0.1171875
fa5121000052d01c,cifar100,pruning,mlp,protocol-v3,0.6,0,1,2,104,0.0028013329720124602,0.0034910409594886005,707166208,0.09375
fa5121000052d01c,cifar100,pruning,mlp,protocol-v3,0.6,0,1,2,105,0.0027768330182880163,0.0036295419558882713,707166208,0.1640625
fa5121000052d01c,cifar100,pruning,mlp,protocol-v3,0.6,0,1,2,106,0.002771208994090557,0.003496291988994926,707166208,0.171875
fa5121000052d01c,cifar100,pruning,mlp,protocol-v3,0.6,0,1,2,107,0.002772167033981532,0.003574332979042083,707166208,0.1171875
fa5121000052d01c,cifar100,pruning,mlp,protocol-v3,0.6,0,1,2,108,0.0027357920189388096,0.0035173330106772482,707166208,0.125
fa5121000052d01c,cifar100,pruning,mlp,protocol-v3,0.6,0,1,2,109,0.0027770830201916397,0.0035026249825023115,707166208,0.1015625
fa5121000052d01c,cifar100,pruning,mlp,protocol-v3,0.6,0,1,2,110,0.002871875010896474,0.00358249997952953,707166208,0.1640625
fa5121000052d01c,cifar100,pruning,mlp,protocol-v3,0.6,0,1,2,111,0.0027491249493323267,0.003501208033412695,707166208,0.15625
fa5121000052d01c,cifar100,pruning,mlp,protocol-v3,0.6,0,1,2,112,0.002766083984170109,0.003503124986309558,707166208,0.140625
fa5121000052d01c,cifar100,pruning,mlp,protocol-v3,0.6,0,1,2,113,0.0027683329535648227,0.003567499981727451,707166208,0.15625
fa5121000052d01c,cifar100,pruning,mlp,protocol-v3,0.6,0,1,2,114,0.002786415978334844,0.003578707983251661,707166208,0.1171875
fa5121000052d01c,cifar100,pruning,mlp,protocol-v3,0.6,0,1,2,115,0.002762416028417647,0.003616917005274445,707166208,0.09375
fa5121000052d01c,cifar100,pruning,mlp,protocol-v3,0.6,0,1,2,116,0.0027504999889060855,0.0034628749708645046,707166208,0.171875
fa5121000052d01c,cifar100,pruning,mlp,protocol-v3,0.6,0,1,2,117,0.0027548749931156635,0.0034901669714599848,707166208,0.125
fa5121000052d01c,cifar100,pruning,mlp,protocol-v3,0.6,0,1,2,118,0.0027632919955067337,0.003500541963148862,707166208,0.1484375
fa5121000052d01c,cifar100,pruning,mlp,protocol-v3,0.6,0,1,2,119,0.002773582993540913,0.003572292043827474,707166208,0.0859375
fa5121000052d01c,cifar100,pruning,mlp,protocol-v3,0.6,0,1,2,120,0.002753541979473084,0.0034841670421883464,707166208,0.1171875
fa5121000052d01c,cifar100,pruning,mlp,protocol-v3,0.6,0,1,2,121,0.0027580829919315875,0.0034967500250786543,707166208,0.1015625
fa5121000052d01c,cifar100,pruning,mlp,protocol-v3,0.6,0,1,2,122,0.002747999969869852,0.003587457991670817,707166208,0.203125
fa5121000052d01c,cifar100,pruning,mlp,protocol-v3,0.6,0,1,2,123,0.0027402080013416708,0.003488000016659498,707166208,0.1328125
fa5121000052d01c,cifar100,pruning,mlp,protocol-v3,0.6,0,1,2,124,0.002807707991451025,0.003509292029775679,707166208,0.125
fa5121000052d01c,cifar100,pruning,mlp,protocol-v3,0.6,0,1,2,125,0.002787709003314376,0.00358158303424716,707166208,0.1484375
fa5121000052d01c,cifar100,pruning,mlp,protocol-v3,0.6,0,1,2,126,0.0028407920035533607,0.0035157909733243287,707166208,0.140625
fa5121000052d01c,cifar100,pruning,mlp,protocol-v3,0.6,0,1,2,127,0.0027394579956308007,0.00358775001950562,707166208,0.1015625
fa5121000052d01c,cifar100,pruning,mlp,protocol-v3,0.6,0,1,2,128,0.0027925000176765025,0.003583334037102759,707166208,0.1875
fa5121000052d01c,cifar100,pruning,mlp,protocol-v3,0.6,0,1,2,129,0.0027565420023165643,0.0034977920004166663,707166208,0.15625
fa5121000052d01c,cifar100,pruning,mlp,protocol-v3,0.6,0,1,2,130,0.002781833056360483,0.0035049589932896197,707166208,0.15625
fa5121000052d01c,cifar100,pruning,mlp,protocol-v3,0.6,0,1,2,131,0.002770083025097847,0.003494290984235704,707166208,0.09375
fa5121000052d01c,cifar100,pruning,mlp,protocol-v3,0.6,0,1,2,132,0.0027693750453181565,0.0035783330095000565,707166208,0.140625
fa5121000052d01c,cifar100,pruning,mlp,protocol-v3,0.6,0,1,2,133,0.002819207962602377,0.0035783330095000565,707166208,0.1328125
fa5121000052d01c,cifar100,pruning,mlp,protocol-v3,0.6,0,1,2,134,0.002755583031103015,0.003521041013300419,707166208,0.140625
fa5121000052d01c,cifar100,pruning,mlp,protocol-v3,0.6,0,1,2,135,0.0027660829946398735,0.0034997500479221344,707166208,0.15625
fa5121000052d01c,cifar100,pruning,mlp,protocol-v3,0.6,0,1,2,136,0.0027706249966286123,0.0035087080323137343,707166208,0.125
fa5121000052d01c,cifar100,pruning,mlp,protocol-v3,0.6,0,1,2,137,0.002761875046417117,0.0035781249753199518,707166208,0.1328125
fa5121000052d01c,cifar100,pruning,mlp,protocol-v3,0.6,0,1,2,138,0.002751583990175277,0.003500125021673739,707166208,0.09375
fa5121000052d01c,cifar100,pruning,mlp,protocol-v3,0.6,0,1,2,139,0.0027626670198515058,0.0035017500049434602,707166208,0.1015625
fa5121000052d01c,cifar100,pruning,mlp,protocol-v3,0.6,0,1,2,140,0.002760667004622519,0.0035059170331805944,707166208,0.15625
fa5121000052d01c,cifar100,pruning,mlp,protocol-v3,0.6,0,1,2,141,0.00276133295847103,0.0034479169989936054,707166208,0.1171875
fa5121000052d01c,cifar100,pruning,mlp,protocol-v3,0.6,0,1,2,142,0.0027662920183502138,0.0035824590013362467,707166208,0.1953125
fa5121000052d01c,cifar100,pruning,mlp,protocol-v3,0.6,0,1,2,143,0.0027641249471344054,0.003568416985217482,707166208,0.1484375
fa5121000052d01c,cifar100,pruning,mlp,protocol-v3,0.6,0,1,2,144,0.002724874997511506,0.0036024590372107923,707166208,0.1171875
fa5121000052d01c,cifar100,pruning,mlp,protocol-v3,0.6,0,1,2,145,0.0027587079675868154,0.0034984999801963568,707166208,0.1171875
fa5121000052d01c,cifar100,pruning,mlp,protocol-v3,0.6,0,1,2,146,0.002761542040389031,0.003497708006761968,707166208,0.140625
fa5121000052d01c,cifar100,pruning,mlp,protocol-v3,0.6,0,1,2,147,0.0027644169749692082,0.003507459012325853,707166208,0.15625
fa5121000052d01c,cifar100,pruning,mlp,protocol-v3,0.6,0,1,2,148,0.0027669999981299043,0.0035785420332103968,707166208,0.1328125
fa5121000052d01c,cifar100,pruning,mlp,protocol-v3,0.6,0,1,2,149,0.002768583013676107,0.003509709029458463,707166208,0.1484375
fa5121000052d01c,cifar100,pruning,mlp,protocol-v3,0.6,0,1,2,150,0.002752708038315177,0.0035180419799871743,707166208,0.21875
fa5121000052d01c,cifar100,pruning,mlp,protocol-v3,0.6,0,1,2,151,0.002762375050224364,0.0035020000068470836,707166208,0.125
fa5121000052d01c,cifar100,pruning,mlp,protocol-v3,0.6,0,1,2,152,0.002776084002107382,0.003529624955262989,707166208,0.125
fa5121000052d01c,cifar100,pruning,mlp,protocol-v3,0.6,0,1,2,153,0.002765375014860183,0.003586707985959947,707166208,0.15625
fa5121000052d01c,cifar100,pruning,mlp,protocol-v3,0.6,0,1,2,154,0.0027777079958468676,0.003513334027957171,707166208,0.140625
fa5121000052d01c,cifar100,pruning,mlp,protocol-v3,0.6,0,1,2,155,0.0027609580429270864,0.0035073329927399755,707166208,0.15625
fa5121000052d01c,cifar100,pruning,mlp,protocol-v3,0.6,0,1,2,156,0.0027626249939203262,0.003513749979902059,707166208,0.0859375
fa5121000052d01c,cifar100,pruning,mlp,protocol-v3,0.6,0,1,2,157,0.0027574170380830765,0.003505125001538545,707166208,0.1015625
fa5121000052d01c,cifar100,pruning,mlp,protocol-v3,0.6,0,1,2,158,0.002744500001426786,0.003460708016064018,707166208,0.09375
fa5121000052d01c,cifar100,pruning,mlp,protocol-v3,0.6,0,1,2,159,0.0027542919851839542,0.0035025420365855098,707166208,0.140625
fa5121000052d01c,cifar100,pruning,mlp,protocol-v3,0.6,0,1,2,160,0.0027659169863909483,0.003504791995510459,707166208,0.15625
fa5121000052d01c,cifar100,pruning,mlp,protocol-v3,0.6,0,1,2,161,0.002764750039204955,0.0035103330155834556,707166208,0.15625
fa5121000052d01c,cifar100,pruning,mlp,protocol-v3,0.6,0,1,2,162,0.002703874954022467,0.0035139579558745027,707166208,0.15625
fa5121000052d01c,cifar100,pruning,mlp,protocol-v3,0.6,0,1,2,163,0.0027545830234885216,0.0035068750148639083,707166208,0.09375
fa5121000052d01c,cifar100,pruning,mlp,protocol-v3,0.6,0,1,2,164,0.0027690830174833536,0.003502707986626774,707166208,0.09375
fa5121000052d01c,cifar100,pruning,mlp,protocol-v3,0.6,0,1,2,165,0.0027634160360321403,0.0034724579891189933,707166208,0.1875
fa5121000052d01c,cifar100,pruning,mlp,protocol-v3,0.6,0,1,2,166,0.002754207991529256,0.003491375013254583,707166208,0.1328125
fa5121000052d01c,cifar100,pruning,mlp,protocol-v3,0.6,0,1,2,167,0.0027600000030361116,0.003507499990519136,707166208,0.1328125
fa5121000052d01c,cifar100,pruning,mlp,protocol-v3,0.6,0,1,2,168,0.002764958015177399,0.0035838339827023447,707166208,0.1171875
fa5121000052d01c,cifar100,pruning,mlp,protocol-v3,0.6,0,1,2,169,0.002721333992667496,0.003500959021039307,707166208,0.109375
fa5121000052d01c,cifar100,pruning,mlp,protocol-v3,0.6,0,1,2,170,0.002766458026599139,0.003492875024676323,707166208,0.109375
fa5121000052d01c,cifar100,pruning,mlp,protocol-v3,0.6,0,1,2,171,0.002759208029601723,0.0035127500304952264,707166208,0.1953125
fa5121000052d01c,cifar100,pruning,mlp,protocol-v3,0.6,0,1,2,172,0.0027660829946398735,0.0035645420430228114,707166208,0.1328125
fa5121000052d01c,cifar100,pruning,mlp,protocol-v3,0.6,0,1,2,173,0.0027577499859035015,0.0034941670019179583,707166208,0.1484375
fa5121000052d01c,cifar100,pruning,mlp,protocol-v3,0.6,0,1,2,174,0.0027582920156419277,0.0035098750377073884,707166208,0.1171875
fa5121000052d01c,cifar100,pruning,mlp,protocol-v3,0.6,0,1,2,175,0.002771250030491501,0.0034964579972438514,707166208,0.1484375
fa5121000052d01c,cifar100,pruning,mlp,protocol-v3,0.6,0,1,2,176,0.0027616670122370124,0.003505249973386526,707166208,0.0703125
fa5121000052d01c,cifar100,pruning,mlp,protocol-v3,0.6,0,1,2,177,0.002759958035312593,0.003521332982927561,707166208,0.1484375
fa5121000052d01c,cifar100,pruning,mlp,protocol-v3,0.6,0,1,2,178,0.002778582973405719,0.003576875024009496,707182592,0.15625
fa5121000052d01c,cifar100,pruning,mlp,protocol-v3,0.6,0,1,2,179,0.0027480829739943147,0.0035736249992623925,707182592,0.09375
fa5121000052d01c,cifar100,pruning,mlp,protocol-v3,0.6,0,1,2,180,0.002763666969258338,0.0035072079626843333,707182592,0.1328125
fa5121000052d01c,cifar100,pruning,mlp,protocol-v3,0.6,0,1,2,181,0.0027687499532476068,0.003505334025248885,707182592,0.171875
fa5121000052d01c,cifar100,pruning,mlp,protocol-v3,0.6,0,1,2,182,0.002729457977693528,0.003520999976899475,707182592,0.203125
fa5121000052d01c,cifar100,pruning,mlp,protocol-v3,0.6,0,1,2,183,0.002759082999546081,0.0034999590134248137,707182592,0.1328125
fa5121000052d01c,cifar100,pruning,mlp,protocol-v3,0.6,0,1,2,184,0.002761790994554758,0.0035710420343093574,707182592,0.15625
fa5121000052d01c,cifar100,pruning,mlp,protocol-v3,0.6,0,1,2,185,0.0027624169597402215,0.003507999994326383,707182592,0.140625
fa5121000052d01c,cifar100,pruning,mlp,protocol-v3,0.6,0,1,2,186,0.0027639580075629056,0.003510916023515165,707182592,0.1796875
fa5121000052d01c,cifar100,pruning,mlp,protocol-v3,0.6,0,1,2,187,0.0027097080019302666,0.003565083025023341,707182592,0.1484375
fa5121000052d01c,cifar100,pruning,mlp,protocol-v3,0.6,0,1,2,188,0.002768457983620465,0.0035124580026604235,707182592,0.1875
fa5121000052d01c,cifar100,pruning,mlp,protocol-v3,0.6,0,1,2,189,0.002829332952387631,0.003517207980621606,707182592,0.1875
fa5121000052d01c,cifar100,pruning,mlp,protocol-v3,0.6,0,1,2,190,0.002771208994090557,0.0035764999920502305,707182592,0.1484375
fa5121000052d01c,cifar100,pruning,mlp,protocol-v3,0.6,0,1,2,191,0.002761457988526672,0.0035053750034421682,707182592,0.140625
fa5121000052d01c,cifar100,pruning,mlp,protocol-v3,0.6,0,1,2,192,0.0027697499608621,0.0035053339670412242,707182592,0.0859375
fa5121000052d01c,cifar100,pruning,mlp,protocol-v3,0.6,0,1,2,193,0.002762541000265628,0.0035009169951081276,707182592,0.171875
fa5121000052d01c,cifar100,pruning,mlp,protocol-v3,0.6,0,1,2,194,0.002758749993517995,0.003493958036415279,707182592,0.1328125
fa5121000052d01c,cifar100,pruning,mlp,protocol-v3,0.6,0,1,2,195,0.0027452080394141376,0.003436999977566302,707182592,0.15625
fa5121000052d01c,cifar100,pruning,mlp,protocol-v3,0.6,0,1,2,196,0.002755334018729627,0.0035020409850403666,707182592,0.1875
fa5121000052d01c,cifar100,pruning,mlp,protocol-v3,0.6,0,1,2,197,0.0027639580075629056,0.003504624997731298,707182592,0.109375
fa5121000052d01c,cifar100,pruning,mlp,protocol-v3,0.6,0,1,2,198,0.002756541012786329,0.0034967500250786543,707182592,0.1015625
fa5121000052d01c,cifar100,pruning,mlp,protocol-v3,0.6,0,1,2,199,0.002757832990027964,0.003503000014461577,707182592,0.0859375
fa5121000052d01c,cifar100,pruning,mlp,protocol-v3,0.6,0,1,2,200,0.0027611659606918693,0.0035114160273224115,707182592,0.1015625
fa5121000052d01c,cifar100,pruning,mlp,protocol-v3,0.6,0,1,2,201,0.0027569999801926315,0.0035787090309895575,707182592,0.109375
fa5121000052d01c,cifar100,pruning,mlp,protocol-v3,0.6,0,1,2,202,0.0027630830300040543,0.003544915991369635,707182592,0.1484375
fa5121000052d01c,cifar100,pruning,mlp,protocol-v3,0.6,0,1,2,203,0.0027387909940443933,0.0035480420337989926,707182592,0.1640625
fa5121000052d01c,cifar100,pruning,mlp,protocol-v3,0.6,0,1,2,204,0.0027423750143498182,0.003572333953343332,707182592,0.1796875
fa5121000052d01c,cifar100,pruning,mlp,protocol-v3,0.6,0,1,2,205,0.002721666998695582,0.0034816660336218774,707182592,0.1484375
fa5121000052d01c,cifar100,pruning,mlp,protocol-v3,0.6,0,1,2,206,0.0027229999541305006,0.0034785420284606516,707182592,0.140625
fa5121000052d01c,cifar100,pruning,mlp,protocol-v3,0.6,0,1,2,207,0.0028719580150209367,0.0035568749881349504,707182592,0.15625
fa5121000052d01c,cifar100,pruning,mlp,protocol-v3,0.6,0,1,2,208,0.0027444169973023236,0.0034765000455081463,707182592,0.1484375
fa5121000052d01c,cifar100,pruning,mlp,protocol-v3,0.6,0,1,2,209,0.002766874968074262,0.0035880409996025264,707182592,0.140625
fa5121000052d01c,cifar100,pruning,mlp,protocol-v3,0.6,0,1,2,210,0.002738500013947487,0.003471083997283131,707182592,0.140625
fa5121000052d01c,cifar100,pruning,mlp,protocol-v3,0.6,0,1,2,211,0.002729416999500245,0.0035630420316010714,707182592,0.203125
fa5121000052d01c,cifar100,pruning,mlp,protocol-v3,0.6,0,1,2,212,0.002732000022660941,0.0035515829804353416,707182592,0.125
fa5121000052d01c,cifar100,pruning,mlp,protocol-v3,0.6,0,1,2,213,0.0027427500463090837,0.0035869579878635705,707182592,0.125
fa5121000052d01c,cifar100,pruning,mlp,protocol-v3,0.6,0,1,2,214,0.00272658298490569,0.0034730000188574195,707182592,0.109375
fa5121000052d01c,cifar100,pruning,mlp,protocol-v3,0.6,0,1,2,215,0.0027457919786684215,0.0035598750109784305,707182592,0.140625
fa5121000052d01c,cifar100,pruning,mlp,protocol-v3,0.6,0,1,2,216,0.0026977499946951866,0.0035541250254027545,707182592,0.09375
fa5121000052d01c,cifar100,pruning,mlp,protocol-v3,0.6,0,1,2,217,0.0027429169858805835,0.0035506670246832073,707182592,0.125
fa5121000052d01c,cifar100,pruning,mlp,protocol-v3,0.6,0,1,2,218,0.002724915975704789,0.0034827920026145875,707182592,0.09375
fa5121000052d01c,cifar100,pruning,mlp,protocol-v3,0.6,0,1,2,219,0.0027267499826848507,0.0034884169581346214,707182592,0.1875
fa5121000052d01c,cifar100,pruning,mlp,protocol-v3,0.6,0,1,2,220,0.00273124995874241,0.003547291038557887,707182592,0.140625
fa5121000052d01c,cifar100,pruning,mlp,protocol-v3,0.6,0,1,2,221,0.002723500016145408,0.003486708039417863,707182592,0.1953125
fa5121000052d01c,cifar100,pruning,mlp,protocol-v3,0.6,0,1,2,222,0.002723458979744464,0.003456000005826354,707182592,0.171875
fa5121000052d01c,cifar100,pruning,mlp,protocol-v3,0.6,0,1,2,223,0.002752083004452288,0.003463375032879412,707182592,0.09375
fa5121000052d01c,cifar100,pruning,mlp,protocol-v3,0.6,0,1,2,224,0.0027239170158281922,0.0034181670052930713,707182592,0.1640625
fa5121000052d01c,cifar100,pruning,mlp,protocol-v3,0.6,0,1,2,225,0.0027313330210745335,0.0034651250462047756,707182592,0.171875
fa5121000052d01c,cifar100,pruning,mlp,protocol-v3,0.6,0,1,2,226,0.002764000033494085,0.0034621250233612955,707182592,0.15625
fa5121000052d01c,cifar100,pruning,mlp,protocol-v3,0.6,0,1,2,227,0.0026706670178100467,0.0034672910114750266,707182592,0.1796875
fa5121000052d01c,cifar100,pruning,mlp,protocol-v3,0.6,0,1,2,228,0.002718542004004121,0.0034499160246923566,707182592,0.1953125
fa5121000052d01c,cifar100,pruning,mlp,protocol-v3,0.6,0,1,2,229,0.0027332500321790576,0.003457500017248094,707182592,0.15625
fa5121000052d01c,cifar100,pruning,mlp,protocol-v3,0.6,0,1,2,230,0.0027255419990979135,0.0034651249879971147,707182592,0.15625
fa5121000052d01c,cifar100,pruning,mlp,protocol-v3,0.6,0,1,2,231,0.002716750022955239,0.0034747919999063015,707182592,0.1015625
fa5121000052d01c,cifar100,pruning,mlp,protocol-v3,0.6,0,1,2,232,0.0027191669796593487,0.0034612499875947833,707182592,0.15625
fa5121000052d01c,cifar100,pruning,mlp,protocol-v3,0.6,0,1,2,233,0.002722750010434538,0.003471874981187284,707182592,0.171875
fa5121000052d01c,cifar100,pruning,mlp,protocol-v3,0.6,0,1,2,234,0.002709082968067378,0.003468959010206163,707182592,0.1953125
fa5121000052d01c,cifar100,pruning,mlp,protocol-v3,0.6,0,1,2,235,0.0027186659863218665,0.0034641249803826213,707182592,0.125
fa5121000052d01c,cifar100,pruning,mlp,protocol-v3,0.6,0,1,2,236,0.0027307080454193056,0.0034550830023363233,707182592,0.1328125
fa5121000052d01c,cifar100,pruning,mlp,protocol-v3,0.6,0,1,2,237,0.0027160419849678874,0.0034712079796008766,707182592,0.109375
fa5121000052d01c,cifar100,pruning,mlp,protocol-v3,0.6,0,1,2,238,0.0027244159718975425,0.003403000009711832,707182592,0.1796875
fa5121000052d01c,cifar100,pruning,mlp,protocol-v3,0.6,0,1,2,239,0.0027173339622095227,0.003486042027361691,707182592,0.1484375
fa5121000052d01c,cifar100,pruning,mlp,protocol-v3,0.6,0,1,2,240,0.0027070410433225334,0.0034565420355647802,707182592,0.1484375
fa5121000052d01c,cifar100,pruning,mlp,protocol-v3,0.6,0,1,2,241,0.002726165985222906,0.003402833011932671,707182592,0.1171875
fa5121000052d01c,cifar100,pruning,mlp,protocol-v3,0.6,0,1,2,242,0.002678041986655444,0.0034532909630797803,707182592,0.140625
fa5121000052d01c,cifar100,pruning,mlp,protocol-v3,0.6,0,1,2,243,0.0027297079795971513,0.0034596670302562416,707198976,0.1953125
fa5121000052d01c,cifar100,pruning,mlp,protocol-v3,0.6,0,1,2,244,0.0026800829800777137,0.0034768329933285713,707198976,0.1328125
fa5121000052d01c,cifar100,pruning,mlp,protocol-v3,0.6,0,1,2,245,0.0027207499952055514,0.0034625420230440795,707198976,0.125
fa5121000052d01c,cifar100,pruning,mlp,protocol-v3,0.6,0,1,2,246,0.0027212079730816185,0.0034632919705472887,707198976,0.1328125
fa5121000052d01c,cifar100,pruning,mlp,protocol-v3,0.6,0,1,2,247,0.002723500016145408,0.003461790969595313,707198976,0.1328125
fa5121000052d01c,cifar100,pruning,mlp,protocol-v3,0.6,0,1,2,248,0.0027207499952055514,0.0034107500105164945,707198976,0.1484375
fa5121000052d01c,cifar100,pruning,mlp,protocol-v3,0.6,0,1,2,249,0.002735957968980074,0.00348733295686543,707198976,0.1171875
fa5121000052d01c,cifar100,pruning,mlp,protocol-v3,0.6,0,1,2,250,0.0027145000058226287,0.0035477500059641898,707198976,0.15625
fa5121000052d01c,cifar100,pruning,mlp,protocol-v3,0.6,0,1,2,251,0.0027192080160602927,0.0034792919759638608,707198976,0.1484375
fa5121000052d01c,cifar100,pruning,mlp,protocol-v3,0.6,0,1,2,252,0.0027198750176467,0.0034838750143535435,707198976,0.1015625
fa5121000052d01c,cifar100,pruning,mlp,protocol-v3,0.6,0,1,2,253,0.0027249170234426856,0.0034832090022973716,707198976,0.1484375
fa5121000052d01c,cifar100,pruning,mlp,protocol-v3,0.6,0,1,2,254,0.00272079196292907,0.003460667037870735,707198976,0.140625
fa5121000052d01c,cifar100,pruning,mlp,protocol-v3,0.6,0,1,2,255,0.0027166669606231153,0.003481041989289224,707198976,0.1015625
fa5121000052d01c,cifar100,pruning,mlp,protocol-v3,0.6,0,1,2,256,0.0027163749909959733,0.003445291018579155,707198976,0.171875
fa5121000052d01c,cifar100,pruning,mlp,protocol-v3,0.6,0,1,2,257,0.002713375026360154,0.003480207989923656,707198976,0.15625
fa5121000052d01c,cifar100,pruning,mlp,protocol-v3,0.6,0,1,2,258,0.002724458056036383,0.003483832988422364,707198976,0.140625
fa5121000052d01c,cifar100,pruning,mlp,protocol-v3,0.6,0,1,2,259,0.0027264170348644257,0.003473500022664666,707198976,0.1171875
fa5121000052d01c,cifar100,pruning,mlp,protocol-v3,0.6,0,1,2,260,0.0027152500115334988,0.003456790989730507,707198976,0.1953125
fa5121000052d01c,cifar100,pruning,mlp,protocol-v3,0.6,0,1,2,261,0.0027332910103723407,0.003490292001515627,707198976,0.15625
fa5121000052d01c,cifar100,pruning,mlp,protocol-v3,0.6,0,1,2,262,0.002723291050642729,0.003454624966252595,707198976,0.15625
fa5121000052d01c,cifar100,pruning,mlp,protocol-v3,0.6,0,1,2,263,0.002723667013924569,0.0034684999845921993,707198976,0.109375
fa5121000052d01c,cifar100,pruning,mlp,protocol-v3,0.6,0,1,2,264,0.0027287909761071205,0.0034491249825805426,707198976,0.125
fa5121000052d01c,cifar100,pruning,mlp,protocol-v3,0.6,0,1,2,265,0.0027216660091653466,0.0034645000123418868,707198976,0.1328125
fa5121000052d01c,cifar100,pruning,mlp,protocol-v3,0.6,0,1,2,266,0.002722625038586557,0.0034692910267040133,707198976,0.15625
fa5121000052d01c,cifar100,pruning,mlp,protocol-v3,0.6,0,1,2,267,0.0027156249852851033,0.0034420409938320518,707198976,0.15625
fa5121000052d01c,cifar100,pruning,mlp,protocol-v3,0.6,0,1,2,268,0.002711875014938414,0.003567832987755537,707198976,0.1171875
fa5121000052d01c,cifar100,pruning,mlp,protocol-v3,0.6,0,1,2,269,0.002719625015743077,0.0034261670080013573,707198976,0.1171875
fa5121000052d01c,cifar100,pruning,mlp,protocol-v3,0.6,0,1,2,270,0.002708875050302595,0.0034705830039456487,707198976,0.09375
fa5121000052d01c,cifar100,pruning,mlp,protocol-v3,0.6,0,1,2,271,0.00270866701612249,0.0034658339573070407,707198976,0.078125
fa5121000052d01c,cifar100,pruning,mlp,protocol-v3,0.6,0,1,2,272,0.0027157090371474624,0.003444666974246502,707198976,0.1640625
fa5121000052d01c,cifar100,pruning,mlp,protocol-v3,0.6,0,1,2,273,0.002692084002774209,0.003487124980892986,707198976,0.15625
fa5121000052d01c,cifar100,pruning,mlp,protocol-v3,0.6,0,1,2,274,0.002733584027737379,0.003467625007033348,707198976,0.1015625
fa5121000052d01c,cifar100,pruning,mlp,protocol-v3,0.6,0,1,2,275,0.002728042018134147,0.0034903339692391455,707198976,0.15625
fa5121000052d01c,cifar100,pruning,mlp,protocol-v3,0.6,0,1,2,276,0.0027205829974263906,0.0034637089702300727,707198976,0.1328125
fa5121000052d01c,cifar100,pruning,mlp,protocol-v3,0.6,0,1,2,277,0.0027296660118736327,0.003487124980892986,707198976,0.15625
fa5121000052d01c,cifar100,pruning,mlp,protocol-v3,0.6,0,1,2,278,0.0027175829745829105,0.0034530420089140534,707198976,0.125
fa5121000052d01c,cifar100,pruning,mlp,protocol-v3,0.6,0,1,2,279,0.002738791983574629,0.0034673340269364417,707198976,0.140625
fa5121000052d01c,cifar100,pruning,mlp,protocol-v3,0.6,0,1,2,280,0.0027243750519119203,0.00345799996284768,707198976,0.1484375
fa5121000052d01c,cifar100,pruning,mlp,protocol-v3,0.6,0,1,2,281,0.0027178750024177134,0.0034519589971750975,707198976,0.140625
fa5121000052d01c,cifar100,pruning,mlp,protocol-v3,0.6,0,1,2,282,0.002674790972378105,0.0034411250380799174,707198976,0.1640625
fa5121000052d01c,cifar100,pruning,mlp,protocol-v3,0.6,0,1,2,283,0.0027237500180490315,0.00344737502746284,707198976,0.1328125
fa5121000052d01c,cifar100,pruning,mlp,protocol-v3,0.6,0,1,2,284,0.002715167007409036,0.0034829169744625688,707198976,0.171875
fa5121000052d01c,cifar100,pruning,mlp,protocol-v3,0.6,0,1,2,285,0.0027420410187914968,0.003485417051706463,707198976,0.1796875
fa5121000052d01c,cifar100,pruning,mlp,protocol-v3,0.6,0,1,2,286,0.00272079196292907,0.003451916971243918,707198976,0.1328125
fa5121000052d01c,cifar100,pruning,mlp,protocol-v3,0.6,0,1,2,287,0.002722500008530915,0.0034491249825805426,707198976,0.15625
fa5121000052d01c,cifar100,pruning,mlp,protocol-v3,0.6,0,1,2,288,0.0027270829887129366,0.00346400000853464,707198976,0.109375
fa5121000052d01c,cifar100,pruning,mlp,protocol-v3,0.6,0,1,2,289,0.0026829589623957872,0.003460209001787007,707198976,0.125
fa5121000052d01c,cifar100,pruning,mlp,protocol-v3,0.6,0,1,2,290,0.002730750013142824,0.003487041045445949,707198976,0.140625
fa5121000052d01c,cifar100,pruning,mlp,protocol-v3,0.6,0,1,2,291,0.0027382909902371466,0.0034814170212484896,707198976,0.1484375
fa5121000052d01c,cifar100,pruning,mlp,protocol-v3,0.6,0,1,2,292,0.0027343749534338713,0.003491042007226497,707198976,0.15625
fa5121000052d01c,cifar100,pruning,mlp,protocol-v3,0.6,0,1,2,293,0.0027208750252611935,0.003456957987509668,707198976,0.1953125
fa5121000052d01c,cifar100,pruning,mlp,protocol-v3,0.6,0,1,2,294,0.00273274997016415,0.003480917017441243,707198976,0.1796875
fa5121000052d01c,cifar100,pruning,mlp,protocol-v3,0.6,0,1,2,295,0.0027311670128256083,0.003525167005136609,707198976,0.1796875
fa5121000052d01c,cifar100,pruning,mlp,protocol-v3,0.6,0,1,2,296,0.002729708037804812,0.0034628750290721655,707198976,0.125
fa5121000052d01c,cifar100,pruning,mlp,protocol-v3,0.6,0,1,2,297,0.002736833004746586,0.0034535410231910646,707198976,0.1953125
fa5121000052d01c,cifar100,pruning,mlp,protocol-v3,0.6,0,1,2,298,0.0027232079883106053,0.003455542027950287,707198976,0.125
fa5121000052d01c,cifar100,pruning,mlp,protocol-v3,0.6,0,1,2,299,0.0027188750100322068,0.0034532499848864973,707198976,0.1796875
fa5121000052d01c,cifar100,pruning,mlp,protocol-v3,0.6,0,1,2,300,0.002708125044591725,0.0034427500213496387,707198976,0.125
fa5121000052d01c,cifar100,pruning,mlp,protocol-v3,0.6,0,1,2,301,0.00272958300774917,0.0034170830040238798,707198976,0.15625
fa5121000052d01c,cifar100,pruning,mlp,protocol-v3,0.6,0,1,2,302,0.002740458003245294,0.0034703330020420253,707198976,0.1171875
fa5121000052d01c,cifar100,pruning,mlp,protocol-v3,0.6,0,1,2,303,0.0027036670362576842,0.0035432499716989696,707198976,0.1796875
fa5121000052d01c,cifar100,pruning,mlp,protocol-v3,0.6,0,1,2,304,0.0027246670215390623,0.003580541000701487,707198976,0.203125
fa5121000052d01c,cifar100,pruning,mlp,protocol-v3,0.6,0,1,2,305,0.0027531249797903,0.0034623340470716357,707198976,0.15625
fa5121000052d01c,cifar100,pruning,mlp,protocol-v3,0.6,0,1,2,306,0.0027170419925823808,0.003461665997747332,707198976,0.125
fa5121000052d01c,cifar100,pruning,mlp,protocol-v3,0.6,0,1,2,307,0.002725167025346309,0.0034549999982118607,707198976,0.140625
fa5121000052d01c,cifar100,pruning,mlp,protocol-v3,0.6,0,1,2,308,0.002719458017963916,0.0034723750432021916,707198976,0.1328125
fa5121000052d01c,cifar100,pruning,mlp,protocol-v3,0.6,0,1,2,309,0.0028047090163454413,0.0034662919933907688,707198976,0.125
fa5121000052d01c,cifar100,pruning,mlp,protocol-v3,0.6,0,1,2,310,0.00267708400497213,0.003465041983872652,707198976,0.1015625
fa5121000052d01c,cifar100,pruning,mlp,protocol-v3,0.6,0,1,2,311,0.0027322089881636202,0.0034718330134637654,707198976,0.1796875
fa5121000052d01c,cifar100,pruning,mlp,protocol-v3,0.6,0,1,2,312,0.0028325419989414513,0.003478042024653405,707198976,0.1953125
fa5121000052d01c,cifar100,pruning,mlp,protocol-v3,0.6,0,1,2,313,0.002765249984804541,0.003516624972689897,707198976,0.1015625
fa5121000052d01c,cifar100,pruning,mlp,protocol-v3,0.6,0,1,2,314,0.0027529579820111394,0.003498625010251999,707198976,0.1640625
fa5121000052d01c,cifar100,pruning,mlp,protocol-v3,0.6,0,1,2,315,0.002769750019069761,0.0035743750049732625,707198976,0.140625
fa5121000052d01c,cifar100,pruning,mlp,protocol-v3,0.6,0,1,2,316,0.0027607500087469816,0.003508333000354469,707215360,0.140625
fa5121000052d01c,cifar100,pruning,mlp,protocol-v3,0.6,0,1,2,317,0.0027141660102643073,0.003493665950372815,707215360,0.1640625
fa5121000052d01c,cifar100,pruning,mlp,protocol-v3,0.6,0,1,2,318,0.002753750013653189,0.0034539999905973673,707215360,0.1640625
fa5121000052d01c,cifar100,pruning,mlp,protocol-v3,0.6,0,1,2,319,0.002703125006519258,0.0035006669932045043,707215360,0.1484375
fa5121000052d01c,cifar100,pruning,mlp,protocol-v3,0.6,0,1,2,320,0.002751833002548665,0.003483166976366192,707215360,0.1328125
fa5121000052d01c,cifar100,pruning,mlp,protocol-v3,0.6,0,1,2,321,0.002760792034678161,0.003496207995340228,707215360,0.125
fa5121000052d01c,cifar100,pruning,mlp,protocol-v3,0.6,0,1,2,322,0.002768250007648021,0.003491708019282669,707215360,0.1171875
fa5121000052d01c,cifar100,pruning,mlp,protocol-v3,0.6,0,1,2,323,0.0027656250167638063,0.003504292049910873,707215360,0.09375
fa5121000052d01c,cifar100,pruning,mlp,protocol-v3,0.6,0,1,2,324,0.0027576250140555203,0.0035032089799642563,707215360,0.1328125
fa5121000052d01c,cifar100,pruning,mlp,protocol-v3,0.6,0,1,2,325,0.0027384170098230243,0.003480166953522712,707215360,0.140625
fa5121000052d01c,cifar100,pruning,mlp,protocol-v3,0.6,0,1,2,326,0.002740124997217208,0.0036061659920960665,707215360,0.1875
fa5121000052d01c,cifar100,pruning,mlp,protocol-v3,0.6,0,1,2,327,0.002847999974619597,0.0036834580241702497,707215360,0.1171875
fa5121000052d01c,cifar100,pruning,mlp,protocol-v3,0.6,0,1,2,328,0.0028356669936329126,0.0036595420097000897,707215360,0.15625
fa5121000052d01c,cifar100,pruning,mlp,protocol-v3,0.6,0,1,2,329,0.0027822499978356063,0.0035939160152338445,707215360,0.1328125
fa5121000052d01c,cifar100,pruning,mlp,protocol-v3,0.6,0,1,2,330,0.0028020000318065286,0.003593083005398512,707215360,0.125
fa5121000052d01c,cifar100,pruning,mlp,protocol-v3,0.6,0,1,2,331,0.0027595419669523835,0.003568749991245568,707215360,0.1171875
fa5121000052d01c,cifar100,pruning,mlp,protocol-v3,0.6,0,1,2,332,0.002726457954850048,0.0035994999925605953,707215360,0.125
fa5121000052d01c,cifar100,pruning,mlp,protocol-v3,0.6,0,1,2,333,0.0027731669833883643,0.0035384169896133244,707215360,0.1640625
fa5121000052d01c,cifar100,pruning,mlp,protocol-v3,0.6,0,1,2,334,0.0027919579879380763,0.0035890419967472553,707215360,0.109375
fa5121000052d01c,cifar100,pruning,mlp,protocol-v3,0.6,0,1,2,335,0.0027765409904532135,0.0035757499863393605,707215360,0.1328125
fa5121000052d01c,cifar100,pruning,mlp,protocol-v3,0.6,0,1,2,336,0.002697582996916026,0.0034977920004166663,707215360,0.1953125
fa5121000052d01c,cifar100,pruning,mlp,protocol-v3,0.6,0,1,2,337,0.0027643749490380287,0.0034994169836863875,707215360,0.171875
fa5121000052d01c,cifar100,pruning,mlp,protocol-v3,0.6,0,1,2,338,0.002868958981707692,0.0035813329741358757,707215360,0.1015625
fa5121000052d01c,cifar100,pruning,mlp,protocol-v3,0.6,0,1,2,339,0.0027587080257944763,0.0035147079615853727,707215360,0.171875
fa5121000052d01c,cifar100,pruning,mlp,protocol-v3,0.6,0,1,2,340,0.0027619999600574374,0.0035841670469380915,707215360,0.15625
fa5121000052d01c,cifar100,pruning,mlp,protocol-v3,0.6,0,1,2,341,0.00280979200033471,0.003490958013571799,707215360,0.171875
fa5121000052d01c,cifar100,pruning,mlp,protocol-v3,0.6,0,1,2,342,0.002770458988379687,0.00350641697878018,707215360,0.1015625
fa5121000052d01c,cifar100,pruning,mlp,protocol-v3,0.6,0,1,2,343,0.0027456249808892608,0.0035770839895121753,707215360,0.1484375
fa5121000052d01c,cifar100,pruning,mlp,protocol-v3,0.6,0,1,2,344,0.002762541000265628,0.0034663749975152314,707215360,0.1484375
fa5121000052d01c,cifar100,pruning,mlp,protocol-v3,0.6,0,1,2,345,0.002763417025562376,0.0035214999807067215,707215360,0.125
fa5121000052d01c,cifar100,pruning,mlp,protocol-v3,0.6,0,1,2,346,0.00276508298702538,0.003499333979561925,707215360,0.1171875
fa5121000052d01c,cifar100,pruning,mlp,protocol-v3,0.6,0,1,2,347,0.00274395797168836,0.0035024169483222067,707215360,0.1484375
fa5121000052d01c,cifar100,pruning,mlp,protocol-v3,0.6,0,1,2,348,0.0027630000258795917,0.003498625010251999,707215360,0.203125
fa5121000052d01c,cifar100,pruning,mlp,protocol-v3,0.6,0,1,2,349,0.0027673330041579902,0.0035071250167675316,707215360,0.140625
fa5121000052d01c,cifar100,pruning,mlp,protocol-v3,0.6,0,1,2,350,0.002725041995290667,0.00357241602614522,707215360,0.171875
fa5121000052d01c,cifar100,pruning,mlp,protocol-v3,0.6,0,1,2,351,0.0027569999801926315,0.0035084999981336296,707215360,0.171875
fa5121000052d01c,cifar100,pruning,mlp,protocol-v3,0.6,0,1,2,352,0.002758332993835211,0.003515582997351885,707215360,0.125
fa5121000052d01c,cifar100,pruning,mlp,protocol-v3,0.6,0,1,2,353,0.002752583008259535,0.0035466659464873374,707215360,0.1484375
fa5121000052d01c,cifar100,pruning,mlp,protocol-v3,0.6,0,1,2,354,0.002783792035188526,0.0034616669872775674,707215360,0.1328125
fa5121000052d01c,cifar100,pruning,mlp,protocol-v3,0.6,0,1,2,355,0.002724750025663525,0.003502999956253916,707215360,0.140625
fa5121000052d01c,cifar100,pruning,mlp,protocol-v3,0.6,0,1,2,356,0.0027640829794108868,0.003514208015985787,707215360,0.1953125
fa5121000052d01c,cifar100,pruning,mlp,protocol-v3,0.6,0,1,2,357,0.002766666002571583,0.003495084005407989,707215360,0.1171875
fa5121000052d01c,cifar100,pruning,mlp,protocol-v3,0.6,0,1,2,358,0.002770207996945828,0.003572291985619813,707215360,0.09375
fa5121000052d01c,cifar100,pruning,mlp,protocol-v3,0.6,0,1,2,359,0.002750582993030548,0.0035019160131923854,707215360,0.1875
fa5121000052d01c,cifar100,pruning,mlp,protocol-v3,0.6,0,1,2,360,0.0027516669942997396,0.003494791977573186,707215360,0.1640625
fa5121000052d01c,cifar100,pruning,mlp,protocol-v3,0.6,0,1,2,361,0.002746791986282915,0.0034784169984050095,707215360,0.15625
fa5121000052d01c,cifar100,pruning,mlp,protocol-v3,0.6,0,1,2,362,0.002760583010967821,0.003535000025294721,707215360,0.1328125
fa5121000052d01c,cifar100,pruning,mlp,protocol-v3,0.6,0,1,2,363,0.002813874976709485,0.003521041013300419,707215360,0.1796875
fa5121000052d01c,cifar100,pruning,mlp,protocol-v3,0.6,0,1,2,364,0.002763041004072875,0.0035188330220989883,707215360,0.1640625
fa5121000052d01c,cifar100,pruning,mlp,protocol-v3,0.6,0,1,2,365,0.002759709022939205,0.0035122919944114983,707215360,0.1015625
fa5121000052d01c,cifar100,pruning,mlp,protocol-v3,0.6,0,1,2,366,0.0027536670095287263,0.0035184170119464397,707215360,0.1171875
fa5121000052d01c,cifar100,pruning,mlp,protocol-v3,0.6,0,1,2,367,0.002759166993200779,0.003519125049933791,707231744,0.1171875
fa5121000052d01c,cifar100,pruning,mlp,protocol-v3,0.6,0,1,2,368,0.002763875003438443,0.003442959045059979,707231744,0.15625
fa5121000052d01c,cifar100,pruning,mlp,protocol-v3,0.6,0,1,2,369,0.0027775830239988863,0.0035053750034421682,707231744,0.203125
fa5121000052d01c,cifar100,pruning,mlp,protocol-v3,0.6,0,1,2,370,0.0027593749691732228,0.003521249978803098,707231744,0.15625
fa5121000052d01c,cifar100,pruning,mlp,protocol-v3,0.6,0,1,2,371,0.002779125003144145,0.0035738329752348363,707231744,0.1640625
fa5121000052d01c,cifar100,pruning,mlp,protocol-v3,0.6,0,1,2,372,0.0027198750176467,0.0035097500076517463,707231744,0.140625
fa5121000052d01c,cifar100,pruning,mlp,protocol-v3,0.6,0,1,2,373,0.002757042006123811,0.0035055839689448476,707231744,0.15625
fa5121000052d01c,cifar100,pruning,mlp,protocol-v3,0.6,0,1,2,374,0.002756084024440497,0.0035132920020259917,707231744,0.15625
fa5121000052d01c,cifar100,pruning,mlp,protocol-v3,0.6,0,1,2,375,0.002757375012151897,0.00350416696164757,707231744,0.203125
fa5121000052d01c,cifar100,pruning,mlp,protocol-v3,0.6,0,1,2,376,0.0027563339681364596,0.0035105840070173144,707231744,0.1328125
fa5121000052d01c,cifar100,pruning,mlp,protocol-v3,0.6,0,1,2,377,0.0027682079817168415,0.0034984590020030737,707231744,0.1796875
fa5121000052d01c,cifar100,pruning,mlp,protocol-v3,0.6,0,1,2,378,0.0027596669970080256,0.003512916970066726,707231744,0.171875
fa5121000052d01c,cifar100,pruning,mlp,protocol-v3,0.6,0,1,2,379,0.00275741599034518,0.0034977500326931477,707231744,0.1015625
fa5121000052d01c,cifar100,pruning,mlp,protocol-v3,0.6,0,1,2,380,0.002768208971247077,0.0034619170473888516,707231744,0.140625
fa5121000052d01c,cifar100,pruning,mlp,protocol-v3,0.6,0,1,2,381,0.0027664999943226576,0.0035216250107623637,707231744,0.1640625
fa5121000052d01c,cifar100,pruning,mlp,protocol-v3,0.6,0,1,2,382,0.002757167036179453,0.0036983340396545827,707231744,0.1640625
fa5121000052d01c,cifar100,pruning,mlp,protocol-v3,0.6,0,1,2,383,0.002753750013653189,0.0034996250178664923,707231744,0.2109375
fa5121000052d01c,cifar100,pruning,mlp,protocol-v3,0.6,0,1,2,384,0.0027419590041972697,0.0035220420104451478,707231744,0.1953125
fa5121000052d01c,cifar100,pruning,mlp,protocol-v3,0.6,0,1,2,385,0.0027607500087469816,0.0035119170206598938,707231744,0.140625
fa5121000052d01c,cifar100,pruning,mlp,protocol-v3,0.6,0,1,2,386,0.0027566669741645455,0.0035286250058561563,707231744,0.140625
fa5121000052d01c,cifar100,pruning,mlp,protocol-v3,0.6,0,1,2,387,0.0027617919840849936,0.0035670840297825634,707231744,0.1015625
fa5121000052d01c,cifar100,pruning,mlp,protocol-v3,0.6,0,1,2,388,0.0027515830006450415,0.003517083008773625,707231744,0.109375
fa5121000052d01c,cifar100,pruning,mlp,protocol-v3,0.6,0,1,2,389,0.0028820830048061907,0.003503124986309558,707231744,0.1171875
fa5121000052d01c,cifar100,pruning,mlp,protocol-v3,0.6,0,1,2,390,0.002473208005540073,0.0029497920186258852,707231744,0.1625
fa5121000052d01c,cifar100,pruning,mlp,protocol-v3,0.6,0,1,3,0,0.002724165969993919,0.0038374169962480664,707231744,0.203125
fa5121000052d01c,cifar100,pruning,mlp,protocol-v3,0.6,0,1,3,1,0.002836667001247406,0.0037612080341205,707248128,0.1796875
fa5121000052d01c,cifar100,pruning,mlp,protocol-v3,0.6,0,1,3,2,0.0027725830441340804,0.0035652080550789833,707248128,0.1875
fa5121000052d01c,cifar100,pruning,mlp,protocol-v3,0.6,0,1,3,3,0.0027677079779095948,0.0036189579986967146,707248128,0.15625
fa5121000052d01c,cifar100,pruning,mlp,protocol-v3,0.6,0,1,3,4,0.002772541018202901,0.003582749981433153,707248128,0.140625
fa5121000052d01c,cifar100,pruning,mlp,protocol-v3,0.6,0,1,3,5,0.0027556249988265336,0.0034762080176733434,707248128,0.25
fa5121000052d01c,cifar100,pruning,mlp,protocol-v3,0.6,0,1,3,6,0.002798417001031339,0.0035160830011591315,707248128,0.1171875
fa5121000052d01c,cifar100,pruning,mlp,protocol-v3,0.6,0,1,3,7,0.002755541994702071,0.0035798330209217966,707248128,0.140625
fa5121000052d01c,cifar100,pruning,mlp,protocol-v3,0.6,0,1,3,8,0.0028257500380277634,0.0035828329855576158,707248128,0.1328125
fa5121000052d01c,cifar100,pruning,mlp,protocol-v3,0.6,0,1,3,9,0.0027700000209733844,0.0034609169815666974,707264512,0.1875
fa5121000052d01c,cifar100,pruning,mlp,protocol-v3,0.6,0,1,3,10,0.002765415993053466,0.0035126250004395843,707264512,0.09375
fa5121000052d01c,cifar100,pruning,mlp,protocol-v3,0.6,0,1,3,11,0.002736333990469575,0.003508833993691951,707264512,0.2421875
fa5121000052d01c,cifar100,pruning,mlp,protocol-v3,0.6,0,1,3,12,0.0027597500011324883,0.003556000010576099,707264512,0.171875
fa5121000052d01c,cifar100,pruning,mlp,protocol-v3,0.6,0,1,3,13,0.002750833984464407,0.0035853750305250287,707264512,0.125
fa5121000052d01c,cifar100,pruning,mlp,protocol-v3,0.6,0,1,3,14,0.0027680830098688602,0.0035247920313850045,707264512,0.125
fa5121000052d01c,cifar100,pruning,mlp,protocol-v3,0.6,0,1,3,15,0.002709584019612521,0.0035151669871993363,707264512,0.1953125
fa5121000052d01c,cifar100,pruning,mlp,protocol-v3,0.6,0,1,3,16,0.0027680000057443976,0.0034950830158777535,707264512,0.171875
fa5121000052d01c,cifar100,pruning,mlp,protocol-v3,0.6,0,1,3,17,0.002759166993200779,0.003518250014167279,707264512,0.171875
fa5121000052d01c,cifar100,pruning,mlp,protocol-v3,0.6,0,1,3,18,0.0027699170168489218,0.0035885830293409526,707264512,0.1953125
fa5121000052d01c,cifar100,pruning,mlp,protocol-v3,0.6,0,1,3,19,0.0027517079724930227,0.0034991250140592456,707264512,0.109375
fa5121000052d01c,cifar100,pruning,mlp,protocol-v3,0.6,0,1,3,20,0.0027752500027418137,0.003584416990634054,707264512,0.1328125
fa5121000052d01c,cifar100,pruning,mlp,protocol-v3,0.6,0,1,3,21,0.002757042006123811,0.0035293749533593655,707264512,0.2109375
fa5121000052d01c,cifar100,pruning,mlp,protocol-v3,0.6,0,1,3,22,0.002717166964430362,0.0035127089940942824,707264512,0.09375
fa5121000052d01c,cifar100,pruning,mlp,protocol-v3,0.6,0,1,3,23,0.002757290960289538,0.003445249982178211,707264512,0.1171875
fa5121000052d01c,cifar100,pruning,mlp,protocol-v3,0.6,0,1,3,24,0.0027618330204859376,0.0035128750023432076,707264512,0.1484375
fa5121000052d01c,cifar100,pruning,mlp,protocol-v3,0.6,0,1,3,25,0.0027524170000106096,0.0035088330041617155,707280896,0.125
fa5121000052d01c,cifar100,pruning,mlp,protocol-v3,0.6,0,1,3,26,0.002760250004939735,0.0035790830152109265,707280896,0.171875
fa5121000052d01c,cifar100,pruning,mlp,protocol-v3,0.6,0,1,3,27,0.0027615000144578516,0.0035749999806284904,707280896,0.1640625
fa5121000052d01c,cifar100,pruning,mlp,protocol-v3,0.6,0,1,3,28,0.002759041963145137,0.0034922079648822546,707280896,0.125
fa5121000052d01c,cifar100,pruning,mlp,protocol-v3,0.6,0,1,3,29,0.002763833967037499,0.0035152079653926194,707280896,0.1171875
fa5121000052d01c,cifar100,pruning,mlp,protocol-v3,0.6,0,1,3,30,0.0027672500000335276,0.0035807499662041664,707280896,0.1953125
fa5121000052d01c,cifar100,pruning,mlp,protocol-v3,0.6,0,1,3,31,0.0027677500038407743,0.0035112500190734863,707280896,0.1328125
fa5121000052d01c,cifar100,pruning,mlp,protocol-v3,0.6,0,1,3,32,0.002765707962680608,0.0035201249993406236,707280896,0.171875
fa5121000052d01c,cifar100,pruning,mlp,protocol-v3,0.6,0,1,3,33,0.0027240419876761734,0.0035209159832447767,707280896,0.1640625
fa5121000052d01c,cifar100,pruning,mlp,protocol-v3,0.6,0,1,3,34,0.0027605840004980564,0.0035108329611830413,707297280,0.25
fa5121000052d01c,cifar100,pruning,mlp,protocol-v3,0.6,0,1,3,35,0.002752791973762214,0.0035929169971495867,707297280,0.125
fa5121000052d01c,cifar100,pruning,mlp,protocol-v3,0.6,0,1,3,36,0.002874416997656226,0.0037622080417349935,707297280,0.1484375
fa5121000052d01c,cifar100,pruning,mlp,protocol-v3,0.6,0,1,3,37,0.002927583991549909,0.0038235000101849437,707297280,0.140625
fa5121000052d01c,cifar100,pruning,mlp,protocol-v3,0.6,0,1,3,38,0.0029220000142231584,0.0037645830307155848,707297280,0.1640625
fa5121000052d01c,cifar100,pruning,mlp,protocol-v3,0.6,0,1,3,39,0.0028263749554753304,0.0036579580046236515,707297280,0.1953125
fa5121000052d01c,cifar100,pruning,mlp,protocol-v3,0.6,0,1,3,40,0.0027578340377658606,0.0035234999959357083,707297280,0.1640625
fa5121000052d01c,cifar100,pruning,mlp,protocol-v3,0.6,0,1,3,41,0.0027479580021463335,0.0034836670383810997,707297280,0.125
fa5121000052d01c,cifar100,pruning,mlp,protocol-v3,0.6,0,1,3,42,0.002760874980594963,0.0035091659519821405,707297280,0.1953125
fa5121000052d01c,cifar100,pruning,mlp,protocol-v3,0.6,0,1,3,43,0.002769207989331335,0.0035600420087575912,707297280,0.1484375
fa5121000052d01c,cifar100,pruning,mlp,protocol-v3,0.6,0,1,3,44,0.0027751249726861715,0.0036062499857507646,707297280,0.15625
fa5121000052d01c,cifar100,pruning,mlp,protocol-v3,0.6,0,1,3,45,0.0027844589785672724,0.0035354580031707883,707297280,0.1796875
fa5121000052d01c,cifar100,pruning,mlp,protocol-v3,0.6,0,1,3,46,0.002831666963174939,0.0035232919617556036,707297280,0.203125
fa5121000052d01c,cifar100,pruning,mlp,protocol-v3,0.6,0,1,3,47,0.0027507920167408884,0.0035064159892499447,707297280,0.15625
fa5121000052d01c,cifar100,pruning,mlp,protocol-v3,0.6,0,1,3,48,0.002768042031675577,0.003502708044834435,707297280,0.1640625
fa5121000052d01c,cifar100,pruning,mlp,protocol-v3,0.6,0,1,3,49,0.002753875043708831,0.0035314590204507113,707297280,0.15625
fa5121000052d01c,cifar100,pruning,mlp,protocol-v3,0.6,0,1,3,50,0.0027698749909177423,0.003562249999959022,707297280,0.21875
fa5121000052d01c,cifar100,pruning,mlp,protocol-v3,0.6,0,1,3,51,0.0027643750072456896,0.0035123330308124423,707297280,0.1484375
fa5121000052d01c,cifar100,pruning,mlp,protocol-v3,0.6,0,1,3,52,0.002781415998470038,0.003511207993142307,707297280,0.1640625
fa5121000052d01c,cifar100,pruning,mlp,protocol-v3,0.6,0,1,3,53,0.0028178750071674585,0.0035267089842818677,707297280,0.171875
fa5121000052d01c,cifar100,pruning,mlp,protocol-v3,0.6,0,1,3,54,0.0027560830349102616,0.0035825830418616533,707297280,0.15625
fa5121000052d01c,cifar100,pruning,mlp,protocol-v3,0.6,0,1,3,55,0.002768457983620465,0.003524416999425739,707297280,0.1640625
fa5121000052d01c,cifar100,pruning,mlp,protocol-v3,0.6,0,1,3,56,0.0027644159854389727,0.0035200000274926424,707297280,0.1953125
fa5121000052d01c,cifar100,pruning,mlp,protocol-v3,0.6,0,1,3,57,0.002738584007602185,0.0035139580140821636,707297280,0.203125
fa5121000052d01c,cifar100,pruning,mlp,protocol-v3,0.6,0,1,3,58,0.002751709020230919,0.003515582997351885,707297280,0.1796875
fa5121000052d01c,cifar100,pruning,mlp,protocol-v3,0.6,0,1,3,59,0.002789333986584097,0.0034780839923769236,707297280,0.1640625
fa5121000052d01c,cifar100,pruning,mlp,protocol-v3,0.6,0,1,3,60,0.0027383749838918447,0.0034727079910226166,707297280,0.1953125
fa5121000052d01c,cifar100,pruning,mlp,protocol-v3,0.6,0,1,3,61,0.0027657499886117876,0.003527417022269219,707297280,0.15625
fa5121000052d01c,cifar100,pruning,mlp,protocol-v3,0.6,0,1,3,62,0.0027744999970309436,0.003512916970066726,707297280,0.1171875
fa5121000052d01c,cifar100,pruning,mlp,protocol-v3,0.6,0,1,3,63,0.00288379198173061,0.003527167020365596,707313664,0.2109375
fa5121000052d01c,cifar100,pruning,mlp,protocol-v3,0.6,0,1,3,64,0.0028263329877518117,0.0035325830103829503,707313664,0.1875
fa5121000052d01c,cifar100,pruning,mlp,protocol-v3,0.6,0,1,3,65,0.0027633330319076777,0.0034440409508533776,707313664,0.1640625
fa5121000052d01c,cifar100,pruning,mlp,protocol-v3,0.6,0,1,3,66,0.0027672910364344716,0.0035104999551549554,707313664,0.171875
fa5121000052d01c,cifar100,pruning,mlp,protocol-v3,0.6,0,1,3,67,0.002773959015030414,0.003505749977193773,707313664,0.171875
fa5121000052d01c,cifar100,pruning,mlp,protocol-v3,0.6,0,1,3,68,0.0027653329889290035,0.0035390409757383168,707313664,0.125
fa5121000052d01c,cifar100,pruning,mlp,protocol-v3,0.6,0,1,3,69,0.0027568330406211317,0.003520041995216161,707313664,0.171875
fa5121000052d01c,cifar100,pruning,mlp,protocol-v3,0.6,0,1,3,70,0.0027537080459296703,0.0035147920134477317,707313664,0.1328125
fa5121000052d01c,cifar100,pruning,mlp,protocol-v3,0.6,0,1,3,71,0.002772166975773871,0.003507375018671155,707313664,0.1640625
fa5121000052d01c,cifar100,pruning,mlp,protocol-v3,0.6,0,1,3,72,0.0027474169619381428,0.0035136250080540776,707313664,0.15625
fa5121000052d01c,cifar100,pruning,mlp,protocol-v3,0.6,0,1,3,73,0.0027814580244012177,0.003503750020172447,707313664,0.0859375
fa5121000052d01c,cifar100,pruning,mlp,protocol-v3,0.6,0,1,3,74,0.0027777919895015657,0.003567833045963198,707313664,0.203125
fa5121000052d01c,cifar100,pruning,mlp,protocol-v3,0.6,0,1,3,75,0.002725665981415659,0.003567625011783093,707313664,0.2265625
fa5121000052d01c,cifar100,pruning,mlp,protocol-v3,0.6,0,1,3,76,0.0027790419990196824,0.003529709007125348,707313664,0.1484375
fa5121000052d01c,cifar100,pruning,mlp,protocol-v3,0.6,0,1,3,77,0.0027728750137612224,0.0035202080034650862,707313664,0.1875
fa5121000052d01c,cifar100,pruning,mlp,protocol-v3,0.6,0,1,3,78,0.002759624971076846,0.003525584004819393,707313664,0.140625
fa5121000052d01c,cifar100,pruning,mlp,protocol-v3,0.6,0,1,3,79,0.002765042008832097,0.0035237919655628502,707313664,0.140625
fa5121000052d01c,cifar100,pruning,mlp,protocol-v3,0.6,0,1,3,80,0.0027641249471344054,0.00349483301397413,707313664,0.1953125
fa5121000052d01c,cifar100,pruning,mlp,protocol-v3,0.6,0,1,3,81,0.002761333016678691,0.003516916010994464,707313664,0.109375
fa5121000052d01c,cifar100,pruning,mlp,protocol-v3,0.6,0,1,3,82,0.0028217920335009694,0.003695708990562707,707313664,0.1796875
fa5121000052d01c,cifar100,pruning,mlp,protocol-v3,0.6,0,1,3,83,0.002759709022939205,0.003474417026154697,707313664,0.1875
fa5121000052d01c,cifar100,pruning,mlp,protocol-v3,0.6,0,1,3,84,0.002773042011540383,0.0035159169929102063,707313664,0.1875
fa5121000052d01c,cifar100,pruning,mlp,protocol-v3,0.6,0,1,3,85,0.002754583954811096,0.0035134159843437374,707313664,0.09375
fa5121000052d01c,cifar100,pruning,mlp,protocol-v3,0.6,0,1,3,86,0.00276116601889953,0.0035037079942412674,707313664,0.1953125
fa5121000052d01c,cifar100,pruning,mlp,protocol-v3,0.6,0,1,3,87,0.002773249987512827,0.003538166987709701,707313664,0.1328125
fa5121000052d01c,cifar100,pruning,mlp,protocol-v3,0.6,0,1,3,88,0.002764958015177399,0.0035151669871993363,707313664,0.125
fa5121000052d01c,cifar100,pruning,mlp,protocol-v3,0.6,0,1,3,89,0.0027651250129565597,0.0035136250080540776,707313664,0.140625
fa5121000052d01c,cifar100,pruning,mlp,protocol-v3,0.6,0,1,3,90,0.0027642910135909915,0.003498332982417196,707313664,0.140625
fa5121000052d01c,cifar100,pruning,mlp,protocol-v3,0.6,0,1,3,91,0.0027733329916372895,0.003501791972666979,707313664,0.140625
fa5121000052d01c,cifar100,pruning,mlp,protocol-v3,0.6,0,1,3,92,0.0027726670377887785,0.0035312080290168524,707313664,0.1953125
fa5121000052d01c,cifar100,pruning,mlp,protocol-v3,0.6,0,1,3,93,0.002771125000435859,0.0035021670046262443,707313664,0.2109375
fa5121000052d01c,cifar100,pruning,mlp,protocol-v3,0.6,0,1,3,94,0.002772625011857599,0.0035177090321667492,707313664,0.1640625
fa5121000052d01c,cifar100,pruning,mlp,protocol-v3,0.6,0,1,3,95,0.0027145830099470913,0.003510542039293796,707313664,0.1171875
fa5121000052d01c,cifar100,pruning,mlp,protocol-v3,0.6,0,1,3,96,0.002744416007772088,0.0035351250553503633,707313664,0.1640625
fa5121000052d01c,cifar100,pruning,mlp,protocol-v3,0.6,0,1,3,97,0.0027779159718193114,0.0034965419908985496,707313664,0.1953125
fa5121000052d01c,cifar100,pruning,mlp,protocol-v3,0.6,0,1,3,98,0.002758416987489909,0.0035337910521775484,707313664,0.2109375
fa5121000052d01c,cifar100,pruning,mlp,protocol-v3,0.6,0,1,3,99,0.0028701669652946293,0.00351687497459352,707313664,0.1015625
fa5121000052d01c,cifar100,pruning,mlp,protocol-v3,0.6,0,1,3,100,0.0026829999987967312,0.003517792036291212,707313664,0.140625
fa5121000052d01c,cifar100,pruning,mlp,protocol-v3,0.6,0,1,3,101,0.002764916978776455,0.0034988329862244427,707313664,0.1796875
fa5121000052d01c,cifar100,pruning,mlp,protocol-v3,0.6,0,1,3,102,0.0027674169978126884,0.0035212080110795796,707313664,0.1953125
fa5121000052d01c,cifar100,pruning,mlp,protocol-v3,0.6,0,1,3,103,0.002780792012345046,0.003490458009764552,707313664,0.125
fa5121000052d01c,cifar100,pruning,mlp,protocol-v3,0.6,0,1,3,104,0.0027488750056363642,0.0034747919999063015,707313664,0.1328125
fa5121000052d01c,cifar100,pruning,mlp,protocol-v3,0.6,0,1,3,105,0.002763124997727573,0.003513583040330559,707313664,0.1796875
fa5121000052d01c,cifar100,pruning,mlp,protocol-v3,0.6,0,1,3,106,0.002756834030151367,0.0035048339632339776,707313664,0.1640625
fa5121000052d01c,cifar100,pruning,mlp,protocol-v3,0.6,0,1,3,107,0.0028301249840296805,0.0035155410296283662,707330048,0.1328125
fa5121000052d01c,cifar100,pruning,mlp,protocol-v3,0.6,0,1,3,108,0.0027727079577744007,0.0034628750290721655,707330048,0.234375
fa5121000052d01c,cifar100,pruning,mlp,protocol-v3,0.6,0,1,3,109,0.002772791951429099,0.003520082973409444,707330048,0.140625
fa5121000052d01c,cifar100,pruning,mlp,protocol-v3,0.6,0,1,3,110,0.002759665949270129,0.003509791975375265,707330048,0.1875
fa5121000052d01c,cifar100,pruning,mlp,protocol-v3,0.6,0,1,3,111,0.002744500001426786,0.0035133750061504543,707330048,0.15625
fa5121000052d01c,cifar100,pruning,mlp,protocol-v3,0.6,0,1,3,112,0.0027627089875750244,0.003489249967969954,707330048,0.1796875
fa5121000052d01c,cifar100,pruning,mlp,protocol-v3,0.6,0,1,3,113,0.0027659579645842314,0.003526417014654726,707330048,0.2265625
fa5121000052d01c,cifar100,pruning,mlp,protocol-v3,0.6,0,1,3,114,0.002762917021755129,0.003512458992190659,707330048,0.1796875
fa5121000052d01c,cifar100,pruning,mlp,protocol-v3,0.6,0,1,3,115,0.002765792014542967,0.003519000019878149,707330048,0.140625
fa5121000052d01c,cifar100,pruning,mlp,protocol-v3,0.6,0,1,3,116,0.002768541977275163,0.0035072920145466924,707330048,0.140625
fa5121000052d01c,cifar100,pruning,mlp,protocol-v3,0.6,0,1,3,117,0.002768792037386447,0.003538957971613854,707330048,0.140625
fa5121000052d01c,cifar100,pruning,mlp,protocol-v3,0.6,0,1,3,118,0.002757792011834681,0.003516166005283594,707330048,0.2109375
fa5121000052d01c,cifar100,pruning,mlp,protocol-v3,0.6,0,1,3,119,0.0027522920281626284,0.0035255419788882136,707330048,0.171875
fa5121000052d01c,cifar100,pruning,mlp,protocol-v3,0.6,0,1,3,120,0.0027662499924190342,0.003569292020983994,707330048,0.1796875
fa5121000052d01c,cifar100,pruning,mlp,protocol-v3,0.6,0,1,3,121,0.002764208009466529,0.003500124963466078,707330048,0.125
fa5121000052d01c,cifar100,pruning,mlp,protocol-v3,0.6,0,1,3,122,0.0027774589834734797,0.00348454195773229,707330048,0.140625
fa5121000052d01c,cifar100,pruning,mlp,protocol-v3,0.6,0,1,3,123,0.002753959037363529,0.003544375009369105,707330048,0.1484375
fa5121000052d01c,cifar100,pruning,mlp,protocol-v3,0.6,0,1,3,124,0.002774624968878925,0.003520082973409444,707330048,0.1171875
fa5121000052d01c,cifar100,pruning,mlp,protocol-v3,0.6,0,1,3,125,0.002817832981236279,0.0035011250292882323,707330048,0.1640625
fa5121000052d01c,cifar100,pruning,mlp,protocol-v3,0.6,0,1,3,126,0.0027504159952513874,0.0034619169891811907,707330048,0.1875
fa5121000052d01c,cifar100,pruning,mlp,protocol-v3,0.6,0,1,3,127,0.0027625830261968076,0.0035155420191586018,707346432,0.1640625
fa5121000052d01c,cifar100,pruning,mlp,protocol-v3,0.6,0,1,3,128,0.002761834010016173,0.0035101670073345304,707346432,0.125
fa5121000052d01c,cifar100,pruning,mlp,protocol-v3,0.6,0,1,3,129,0.0027672919677570462,0.003495665965601802,707346432,0.1640625
fa5121000052d01c,cifar100,pruning,mlp,protocol-v3,0.6,0,1,3,130,0.002763458003755659,0.0035335830179974437,707346432,0.140625
fa5121000052d01c,cifar100,pruning,mlp,protocol-v3,0.6,0,1,3,131,0.0027947499766014516,0.003507082990836352,707346432,0.140625
fa5121000052d01c,cifar100,pruning,mlp,protocol-v3,0.6,0,1,3,132,0.002748041006270796,0.0035260000149719417,707346432,0.171875
fa5121000052d01c,cifar100,pruning,mlp,protocol-v3,0.6,0,1,3,133,0.00275237497407943,0.0034773750230669975,707346432,0.1796875
fa5121000052d01c,cifar100,pruning,mlp,protocol-v3,0.6,0,1,3,134,0.0027663749642670155,0.00348287500673905,707346432,0.171875
fa5121000052d01c,cifar100,pruning,mlp,protocol-v3,0.6,0,1,3,135,0.0027636250015348196,0.0035250409855507314,707346432,0.09375
fa5121000052d01c,cifar100,pruning,mlp,protocol-v3,0.6,0,1,3,136,0.0027142500039190054,0.0035253330133855343,707346432,0.203125
fa5121000052d01c,cifar100,pruning,mlp,protocol-v3,0.6,0,1,3,137,0.0027633749996311963,0.0035288750077597797,707346432,0.1640625
fa5121000052d01c,cifar100,pruning,mlp,protocol-v3,0.6,0,1,3,138,0.002772292005829513,0.003504833031911403,707346432,0.1015625
fa5121000052d01c,cifar100,pruning,mlp,protocol-v3,0.6,0,1,3,139,0.0027680829516611993,0.0034940409823320806,707346432,0.140625
fa5121000052d01c,cifar100,pruning,mlp,protocol-v3,0.6,0,1,3,140,0.002771542000118643,0.0035395000013522804,707346432,0.1484375
fa5121000052d01c,cifar100,pruning,mlp,protocol-v3,0.6,0,1,3,141,0.0027619160246104,0.0035117919906042516,707346432,0.1328125
fa5121000052d01c,cifar100,pruning,mlp,protocol-v3,0.6,0,1,3,142,0.0027160830213688314,0.003576249990146607,707346432,0.09375
fa5121000052d01c,cifar100,pruning,mlp,protocol-v3,0.6,0,1,3,143,0.0027252500294707716,0.00350920797791332,707346432,0.1015625
fa5121000052d01c,cifar100,pruning,mlp,protocol-v3,0.6,0,1,3,144,0.002741415984928608,0.0035102919791825116,707346432,0.171875
fa5121000052d01c,cifar100,pruning,mlp,protocol-v3,0.6,0,1,3,145,0.0027510420186445117,0.0035000829957425594,707346432,0.1875
fa5121000052d01c,cifar100,pruning,mlp,protocol-v3,0.6,0,1,3,146,0.0027548750513233244,0.00348829198628664,707346432,0.2421875
fa5121000052d01c,cifar100,pruning,mlp,protocol-v3,0.6,0,1,3,147,0.002744500001426786,0.003451499971561134,707346432,0.21875
fa5121000052d01c,cifar100,pruning,mlp,protocol-v3,0.6,0,1,3,148,0.002753541979473084,0.003511625051032752,707346432,0.1796875
fa5121000052d01c,cifar100,pruning,mlp,protocol-v3,0.6,0,1,3,149,0.002763666969258338,0.003503124986309558,707346432,0.171875
fa5121000052d01c,cifar100,pruning,mlp,protocol-v3,0.6,0,1,3,150,0.0028085840167477727,0.003503000014461577,707346432,0.125
fa5121000052d01c,cifar100,pruning,mlp,protocol-v3,0.6,0,1,3,151,0.0027504590107128024,0.0034494579886086285,707346432,0.203125
fa5121000052d01c,cifar100,pruning,mlp,protocol-v3,0.6,0,1,3,152,0.0027589999954216182,0.0034930839901790023,707346432,0.1875
fa5121000052d01c,cifar100,pruning,mlp,protocol-v3,0.6,0,1,3,153,0.002763666969258338,0.00355933397077024,707362816,0.171875
fa5121000052d01c,cifar100,pruning,mlp,protocol-v3,0.6,0,1,3,154,0.002771749976091087,0.0035106660216115415,707362816,0.1796875
fa5121000052d01c,cifar100,pruning,mlp,protocol-v3,0.6,0,1,3,155,0.0027494169771671295,0.003520500031299889,707362816,0.1484375
fa5121000052d01c,cifar100,pruning,mlp,protocol-v3,0.6,0,1,3,156,0.0027589579694904387,0.003515167045406997,707362816,0.1875
fa5121000052d01c,cifar100,pruning,mlp,protocol-v3,0.6,0,1,3,157,0.0028142090304754674,0.003514082985930145,707362816,0.140625
fa5121000052d01c,cifar100,pruning,mlp,protocol-v3,0.6,0,1,3,158,0.0027216660091653466,0.00344962504459545,707362816,0.2265625
fa5121000052d01c,cifar100,pruning,mlp,protocol-v3,0.6,0,1,3,159,0.002752583008259535,0.003520375001244247,707362816,0.1484375
fa5121000052d01c,cifar100,pruning,mlp,protocol-v3,0.6,0,1,3,160,0.002769750019069761,0.0035147079615853727,707362816,0.1484375
fa5121000052d01c,cifar100,pruning,mlp,protocol-v3,0.6,0,1,3,161,0.0027555000269785523,0.0035768329980783165,707362816,0.1484375
fa5121000052d01c,cifar100,pruning,mlp,protocol-v3,0.6,0,1,3,162,0.0027606249786913395,0.0035158750251866877,707362816,0.1875
fa5121000052d01c,cifar100,pruning,mlp,protocol-v3,0.6,0,1,3,163,0.0027593339909799397,0.0035100000095553696,707362816,0.1640625
fa5121000052d01c,cifar100,pruning,mlp,protocol-v3,0.6,0,1,3,164,0.002757832990027964,0.003500875027384609,707362816,0.1484375
fa5121000052d01c,cifar100,pruning,mlp,protocol-v3,0.6,0,1,3,165,0.002750749990809709,0.0034586249967105687,707362816,0.1640625
fa5121000052d01c,cifar100,pruning,mlp,protocol-v3,0.6,0,1,3,166,0.002767792029771954,0.0035172500065527856,707362816,0.140625
fa5121000052d01c,cifar100,pruning,mlp,protocol-v3,0.6,0,1,3,167,0.0027602920308709145,0.0034723749849945307,707362816,0.171875
fa5121000052d01c,cifar100,pruning,mlp,protocol-v3,0.6,0,1,3,168,0.00277479097712785,0.0035062500392086804,707362816,0.125
fa5121000052d01c,cifar100,pruning,mlp,protocol-v3,0.6,0,1,3,169,0.002772332984022796,0.0034909159876406193,707362816,0.1328125
fa5121000052d01c,cifar100,pruning,mlp,protocol-v3,0.6,0,1,3,170,0.0027619170141406357,0.0035117919906042516,707362816,0.1328125
fa5121000052d01c,cifar100,pruning,mlp,protocol-v3,0.6,0,1,3,171,0.0027537079877220094,0.0034825000329874456,707362816,0.171875
fa5121000052d01c,cifar100,pruning,mlp,protocol-v3,0.6,0,1,3,172,0.002770667022559792,0.0034677499788813293,707362816,0.2265625
fa5121000052d01c,cifar100,pruning,mlp,protocol-v3,0.6,0,1,3,173,0.0027559169684536755,0.0035009169951081276,707379200,0.1953125
fa5121000052d01c,cifar100,pruning,mlp,protocol-v3,0.6,0,1,3,174,0.002760333998594433,0.0035749999806284904,707379200,0.1640625
fa5121000052d01c,cifar100,pruning,mlp,protocol-v3,0.6,0,1,3,175,0.0027663750224746764,0.003499832993838936,707379200,0.171875
fa5121000052d01c,cifar100,pruning,mlp,protocol-v3,0.6,0,1,3,176,0.002720082993619144,0.003506166976876557,707379200,0.125
fa5121000052d01c,cifar100,pruning,mlp,protocol-v3,0.6,0,1,3,177,0.0028270420152693987,0.003518874989822507,707379200,0.1875
fa5121000052d01c,cifar100,pruning,mlp,protocol-v3,0.6,0,1,3,178,0.002752416010480374,0.0035090000019408762,707379200,0.171875
fa5121000052d01c,cifar100,pruning,mlp,protocol-v3,0.6,0,1,3,179,0.002753084001597017,0.0034600000362843275,707379200,0.1953125
fa5121000052d01c,cifar100,pruning,mlp,protocol-v3,0.6,0,1,3,180,0.002732624998316169,0.0034754580119624734,707379200,0.09375
fa5121000052d01c,cifar100,pruning,mlp,protocol-v3,0.6,0,1,3,181,0.0027246670215390623,0.0034788749762810767,707379200,0.1484375
fa5121000052d01c,cifar100,pruning,mlp,protocol-v3,0.6,0,1,3,182,0.0026793750002980232,0.003486250003334135,707379200,0.1875
fa5121000052d01c,cifar100,pruning,mlp,protocol-v3,0.6,0,1,3,183,0.0027285830001346767,0.0034761670394800603,707379200,0.1640625
fa5121000052d01c,cifar100,pruning,mlp,protocol-v3,0.6,0,1,3,184,0.0027349170413799584,0.003481083025690168,707379200,0.21875
fa5121000052d01c,cifar100,pruning,mlp,protocol-v3,0.6,0,1,3,185,0.002750542014837265,0.0034840000444091856,707379200,0.1875
fa5121000052d01c,cifar100,pruning,mlp,protocol-v3,0.6,0,1,3,186,0.0027281249640509486,0.0034676670329645276,707379200,0.125
fa5121000052d01c,cifar100,pruning,mlp,protocol-v3,0.6,0,1,3,187,0.0027636250015348196,0.0034891670220531523,707379200,0.140625
fa5121000052d01c,cifar100,pruning,mlp,protocol-v3,0.6,0,1,3,188,0.002729332947637886,0.003494500007946044,707379200,0.1640625
fa5121000052d01c,cifar100,pruning,mlp,protocol-v3,0.6,0,1,3,189,0.002735584042966366,0.0034795840037986636,707379200,0.1171875
fa5121000052d01c,cifar100,pruning,mlp,protocol-v3,0.6,0,1,3,190,0.0027459170087240636,0.003448207979090512,707379200,0.1640625
fa5121000052d01c,cifar100,pruning,mlp,protocol-v3,0.6,0,1,3,191,0.002726666978560388,0.003495125041808933,707379200,0.109375
fa5121000052d01c,cifar100,pruning,mlp,protocol-v3,0.6,0,1,3,192,0.0027504999889060855,0.0034948749816976488,707379200,0.2109375
fa5121000052d01c,cifar100,pruning,mlp,protocol-v3,0.6,0,1,3,193,0.0026891249581240118,0.003492124960757792,707379200,0.1796875
fa5121000052d01c,cifar100,pruning,mlp,protocol-v3,0.6,0,1,3,194,0.002718208997976035,0.0034775829990394413,707379200,0.1484375
fa5121000052d01c,cifar100,pruning,mlp,protocol-v3,0.6,0,1,3,195,0.002734667039476335,0.0034728749888017774,707379200,0.171875
fa5121000052d01c,cifar100,pruning,mlp,protocol-v3,0.6,0,1,3,196,0.002747374994214624,0.0034737089881673455,707379200,0.1875
fa5121000052d01c,cifar100,pruning,mlp,protocol-v3,0.6,0,1,3,197,0.0027545829652808607,0.003553540969733149,707379200,0.1796875
fa5121000052d01c,cifar100,pruning,mlp,protocol-v3,0.6,0,1,3,198,0.0027449579793028533,0.0034885830245912075,707379200,0.1640625
fa5121000052d01c,cifar100,pruning,mlp,protocol-v3,0.6,0,1,3,199,0.002751499996520579,0.0034879160230048,707379200,0.1484375
fa5121000052d01c,cifar100,pruning,mlp,protocol-v3,0.6,0,1,3,200,0.002734959009103477,0.003488916961941868,707379200,0.203125
fa5121000052d01c,cifar100,pruning,mlp,protocol-v3,0.6,0,1,3,201,0.0027415420045144856,0.0036070410278625786,707379200,0.1328125
fa5121000052d01c,cifar100,pruning,mlp,protocol-v3,0.6,0,1,3,202,0.002742708020377904,0.0034916250151582062,707379200,0.1875
fa5121000052d01c,cifar100,pruning,mlp,protocol-v3,0.6,0,1,3,203,0.0027368749724701047,0.003492416988592595,707379200,0.109375
fa5121000052d01c,cifar100,pruning,mlp,protocol-v3,0.6,0,1,3,204,0.00269349996233359,0.003500582999549806,707379200,0.1640625
fa5121000052d01c,cifar100,pruning,mlp,protocol-v3,0.6,0,1,3,205,0.0027228749822825193,0.003498458012472838,707379200,0.1640625
fa5121000052d01c,cifar100,pruning,mlp,protocol-v3,0.6,0,1,3,206,0.002743458957411349,0.0034960840130224824,707379200,0.15625
fa5121000052d01c,cifar100,pruning,mlp,protocol-v3,0.6,0,1,3,207,0.00272958300774917,0.0034915829892270267,707379200,0.1484375
fa5121000052d01c,cifar100,pruning,mlp,protocol-v3,0.6,0,1,3,208,0.0027277080225758255,0.003481791995000094,707379200,0.171875
fa5121000052d01c,cifar100,pruning,mlp,protocol-v3,0.6,0,1,3,209,0.0027362920227460563,0.0034943330101668835,707379200,0.1171875
fa5121000052d01c,cifar100,pruning,mlp,protocol-v3,0.6,0,1,3,210,0.0027390840114094317,0.0035053750034421682,707379200,0.109375
fa5121000052d01c,cifar100,pruning,mlp,protocol-v3,0.6,0,1,3,211,0.002731667016632855,0.0034922920167446136,707379200,0.1640625
fa5121000052d01c,cifar100,pruning,mlp,protocol-v3,0.6,0,1,3,212,0.0027444579754956067,0.0035143750137649477,707379200,0.1796875
fa5121000052d01c,cifar100,pruning,mlp,protocol-v3,0.6,0,1,3,213,0.0027598750311881304,0.0035317500005476177,707379200,0.1953125
fa5121000052d01c,cifar100,pruning,mlp,protocol-v3,0.6,0,1,3,214,0.0027277920162305236,0.0034732079948298633,707379200,0.203125
fa5121000052d01c,cifar100,pruning,mlp,protocol-v3,0.6,0,1,3,215,0.0027267910190857947,0.003470625029876828,707379200,0.171875
fa5121000052d01c,cifar100,pruning,mlp,protocol-v3,0.6,0,1,3,216,0.002725499973166734,0.003426291048526764,707379200,0.15625
fa5121000052d01c,cifar100,pruning,mlp,protocol-v3,0.6,0,1,3,217,0.002749708015471697,0.003470083000138402,707379200,0.1640625
fa5121000052d01c,cifar100,pruning,mlp,protocol-v3,0.6,0,1,3,218,0.0027325840201228857,0.003567082982044667,707379200,0.2265625
fa5121000052d01c,cifar100,pruning,mlp,protocol-v3,0.6,0,1,3,219,0.002726583043113351,0.0035400420310907066,707379200,0.15625
fa5121000052d01c,cifar100,pruning,mlp,protocol-v3,0.6,0,1,3,220,0.0027278749621473253,0.0034853339893743396,707379200,0.1875
fa5121000052d01c,cifar100,pruning,mlp,protocol-v3,0.6,0,1,3,221,0.0027349580195732415,0.003488167014438659,707395584,0.1171875
fa5121000052d01c,cifar100,pruning,mlp,protocol-v3,0.6,0,1,3,222,0.0027243339573033154,0.0034596670302562416,707395584,0.140625
fa5121000052d01c,cifar100,pruning,mlp,protocol-v3,0.6,0,1,3,223,0.002724000019952655,0.0034226669813506305,707395584,0.1640625
fa5121000052d01c,cifar100,pruning,mlp,protocol-v3,0.6,0,1,3,224,0.0027337499777786434,0.003490916977170855,707395584,0.1875
fa5121000052d01c,cifar100,pruning,mlp,protocol-v3,0.6,0,1,3,225,0.0027290420257486403,0.003465250018052757,707395584,0.140625
fa5121000052d01c,cifar100,pruning,mlp,protocol-v3,0.6,0,1,3,226,0.0027344159898348153,0.003469624964054674,707411968,0.1796875
fa5121000052d01c,cifar100,pruning,mlp,protocol-v3,0.6,0,1,3,227,0.0027170830289833248,0.003468582988716662,707411968,0.1796875
fa5121000052d01c,cifar100,pruning,mlp,protocol-v3,0.6,0,1,3,228,0.002728208026383072,0.003491499985102564,707411968,0.1875
fa5121000052d01c,cifar100,pruning,mlp,protocol-v3,0.6,0,1,3,229,0.0027318749926052988,0.003491917042993009,707411968,0.1796875
fa5121000052d01c,cifar100,pruning,mlp,protocol-v3,0.6,0,1,3,230,0.002718792005907744,0.003493207972496748,707411968,0.1640625
fa5121000052d01c,cifar100,pruning,mlp,protocol-v3,0.6,0,1,3,231,0.002724834019318223,0.003473582968581468,707411968,0.15625
fa5121000052d01c,cifar100,pruning,mlp,protocol-v3,0.6,0,1,3,232,0.002729708969127387,0.0034929169923998415,707411968,0.1953125
fa5121000052d01c,cifar100,pruning,mlp,protocol-v3,0.6,0,1,3,233,0.0027137500001117587,0.0034844999900087714,707411968,0.171875
fa5121000052d01c,cifar100,pruning,mlp,protocol-v3,0.6,0,1,3,234,0.0027283329982310534,0.003464333014562726,707411968,0.1484375
fa5121000052d01c,cifar100,pruning,mlp,protocol-v3,0.6,0,1,3,235,0.002733416040427983,0.0034838749561458826,707411968,0.109375
fa5121000052d01c,cifar100,pruning,mlp,protocol-v3,0.6,0,1,3,236,0.0026786659727804363,0.003484958957415074,707411968,0.15625
fa5121000052d01c,cifar100,pruning,mlp,protocol-v3,0.6,0,1,3,237,0.0027277079643681645,0.0034792080405168235,707411968,0.1484375
fa5121000052d01c,cifar100,pruning,mlp,protocol-v3,0.6,0,1,3,238,0.002729542029555887,0.0034888749942183495,707411968,0.2265625
fa5121000052d01c,cifar100,pruning,mlp,protocol-v3,0.6,0,1,3,239,0.0027255419990979135,0.0034732079948298633,707411968,0.203125
fa5121000052d01c,cifar100,pruning,mlp,protocol-v3,0.6,0,1,3,240,0.0027289579738862813,0.0034757500397972763,707411968,0.140625
fa5121000052d01c,cifar100,pruning,mlp,protocol-v3,0.6,0,1,3,241,0.0027220830088481307,0.0034692500485107303,707411968,0.1640625
fa5121000052d01c,cifar100,pruning,mlp,protocol-v3,0.6,0,1,3,242,0.002722207980696112,0.0034659579978324473,707411968,0.1484375
fa5121000052d01c,cifar100,pruning,mlp,protocol-v3,0.6,0,1,3,243,0.0027734999894164503,0.003477916994597763,707411968,0.171875
fa5121000052d01c,cifar100,pruning,mlp,protocol-v3,0.6,0,1,3,244,0.0027381250401958823,0.003414583974517882,707411968,0.1015625
fa5121000052d01c,cifar100,pruning,mlp,protocol-v3,0.6,0,1,3,245,0.0027199159958399832,0.003488083020783961,707411968,0.1484375
fa5121000052d01c,cifar100,pruning,mlp,protocol-v3,0.6,0,1,3,246,0.0027178750024177134,0.0034806670155376196,707411968,0.1796875
fa5121000052d01c,cifar100,pruning,mlp,protocol-v3,0.6,0,1,3,247,0.002722167002502829,0.0034751250059343874,707411968,0.109375
fa5121000052d01c,cifar100,pruning,mlp,protocol-v3,0.6,0,1,3,248,0.0027277920162305236,0.003465041983872652,707411968,0.2109375
fa5121000052d01c,cifar100,pruning,mlp,protocol-v3,0.6,0,1,3,249,0.0027336669736541808,0.003458250022958964,707411968,0.125
fa5121000052d01c,cifar100,pruning,mlp,protocol-v3,0.6,0,1,3,250,0.002730207983404398,0.0034820829750970006,707411968,0.1796875
fa5121000052d01c,cifar100,pruning,mlp,protocol-v3,0.6,0,1,3,251,0.0027355420170351863,0.0034329170011915267,707411968,0.171875
fa5121000052d01c,cifar100,pruning,mlp,protocol-v3,0.6,0,1,3,252,0.0027426249580457807,0.0034913329873234034,707411968,0.1953125
fa5121000052d01c,cifar100,pruning,mlp,protocol-v3,0.6,0,1,3,253,0.0027222089702263474,0.0034860839950852096,707411968,0.15625
fa5121000052d01c,cifar100,pruning,mlp,protocol-v3,0.6,0,1,3,254,0.0027327919960953295,0.0034712919732555747,707411968,0.1015625
fa5121000052d01c,cifar100,pruning,mlp,protocol-v3,0.6,0,1,3,255,0.00272508297348395,0.0034743750002235174,707411968,0.21875
fa5121000052d01c,cifar100,pruning,mlp,protocol-v3,0.6,0,1,3,256,0.0027305830153636634,0.003479125036392361,707411968,0.2109375
fa5121000052d01c,cifar100,pruning,mlp,protocol-v3,0.6,0,1,3,257,0.0027255419990979135,0.0034650000161491334,707411968,0.1875
fa5121000052d01c,cifar100,pruning,mlp,protocol-v3,0.6,0,1,3,258,0.0027258750051259995,0.0035241669975221157,707411968,0.1875
fa5121000052d01c,cifar100,pruning,mlp,protocol-v3,0.6,0,1,3,259,0.0027211669948883355,0.003478166996501386,707411968,0.140625
fa5121000052d01c,cifar100,pruning,mlp,protocol-v3,0.6,0,1,3,260,0.0027257499750703573,0.003482834028545767,707411968,0.1640625
fa5121000052d01c,cifar100,pruning,mlp,protocol-v3,0.6,0,1,3,261,0.0027309589786455035,0.003480166953522712,707411968,0.109375
fa5121000052d01c,cifar100,pruning,mlp,protocol-v3,0.6,0,1,3,262,0.0027441250276751816,0.0034739170223474503,707411968,0.125
fa5121000052d01c,cifar100,pruning,mlp,protocol-v3,0.6,0,1,3,263,0.002727083978243172,0.0034861250314861536,707428352,0.1484375
fa5121000052d01c,cifar100,pruning,mlp,protocol-v3,0.6,0,1,3,264,0.0027835419750772417,0.003462540975306183,707428352,0.1171875
fa5121000052d01c,cifar100,pruning,mlp,protocol-v3,0.6,0,1,3,265,0.0027262920048087835,0.003446208022069186,707428352,0.1484375
fa5121000052d01c,cifar100,pruning,mlp,protocol-v3,0.6,0,1,3,266,0.0027179589960724115,0.0034758750116452575,707428352,0.2109375
fa5121000052d01c,cifar100,pruning,mlp,protocol-v3,0.6,0,1,3,267,0.0027353750192560256,0.003468375012744218,707428352,0.140625
fa5121000052d01c,cifar100,pruning,mlp,protocol-v3,0.6,0,1,3,268,0.0027200419572182,0.003467833041213453,707428352,0.1171875
fa5121000052d01c,cifar100,pruning,mlp,protocol-v3,0.6,0,1,3,269,0.0027349580195732415,0.0034777079708874226,707428352,0.1640625
fa5121000052d01c,cifar100,pruning,mlp,protocol-v3,0.6,0,1,3,270,0.002722041041124612,0.0034995829919353127,707428352,0.2578125
fa5121000052d01c,cifar100,pruning,mlp,protocol-v3,0.6,0,1,3,271,0.002770167018752545,0.0034731249907054007,707428352,0.1640625
fa5121000052d01c,cifar100,pruning,mlp,protocol-v3,0.6,0,1,3,272,0.002726290957070887,0.0034557919716462493,707428352,0.1484375
fa5121000052d01c,cifar100,pruning,mlp,protocol-v3,0.6,0,1,3,273,0.0027347090071998537,0.0034731249907054007,707428352,0.1640625
fa5121000052d01c,cifar100,pruning,mlp,protocol-v3,0.6,0,1,3,274,0.002722957986406982,0.003487750014755875,707428352,0.1484375
fa5121000052d01c,cifar100,pruning,mlp,protocol-v3,0.6,0,1,3,275,0.0027282910305075347,0.0034749580081552267,707428352,0.1640625
fa5121000052d01c,cifar100,pruning,mlp,protocol-v3,0.6,0,1,3,276,0.002736333990469575,0.003475665987934917,707428352,0.1796875
fa5121000052d01c,cifar100,pruning,mlp,protocol-v3,0.6,0,1,3,277,0.002721833996474743,0.003523999999742955,707428352,0.125
fa5121000052d01c,cifar100,pruning,mlp,protocol-v3,0.6,0,1,3,278,0.002780792012345046,0.003472917014732957,707428352,0.21875
fa5121000052d01c,cifar100,pruning,mlp,protocol-v3,0.6,0,1,3,279,0.002725499973166734,0.003472332959063351,707428352,0.109375
fa5121000052d01c,cifar100,pruning,mlp,protocol-v3,0.6,0,1,3,280,0.002720916992984712,0.003474208991974592,707428352,0.2265625
fa5121000052d01c,cifar100,pruning,mlp,protocol-v3,0.6,0,1,3,281,0.0027157089789398015,0.00347987498389557,707428352,0.1640625
fa5121000052d01c,cifar100,pruning,mlp,protocol-v3,0.6,0,1,3,282,0.0027355420170351863,0.0034782919683493674,707428352,0.171875
fa5121000052d01c,cifar100,pruning,mlp,protocol-v3,0.6,0,1,3,283,0.002738500013947487,0.003473832970485091,707428352,0.2265625
fa5121000052d01c,cifar100,pruning,mlp,protocol-v3,0.6,0,1,3,284,0.0027259999769739807,0.0034846659982576966,707428352,0.1796875
fa5121000052d01c,cifar100,pruning,mlp,protocol-v3,0.6,0,1,3,285,0.002777624991722405,0.0034888749942183495,707428352,0.171875
fa5121000052d01c,cifar100,pruning,mlp,protocol-v3,0.6,0,1,3,286,0.0027324160328134894,0.003430957964155823,707428352,0.1640625
fa5121000052d01c,cifar100,pruning,mlp,protocol-v3,0.6,0,1,3,287,0.0027179159806109965,0.0034801659639924765,707428352,0.125
fa5121000052d01c,cifar100,pruning,mlp,protocol-v3,0.6,0,1,3,288,0.002720375021453947,0.003462374967057258,707428352,0.21875
fa5121000052d01c,cifar100,pruning,mlp,protocol-v3,0.6,0,1,3,289,0.0027180829783901572,0.0034695420181378722,707428352,0.15625
fa5121000052d01c,cifar100,pruning,mlp,protocol-v3,0.6,0,1,3,290,0.0027223749784752727,0.003466000023763627,707428352,0.171875
fa5121000052d01c,cifar100,pruning,mlp,protocol-v3,0.6,0,1,3,291,0.00273725000442937,0.0034625830012373626,707428352,0.1875
fa5121000052d01c,cifar100,pruning,mlp,protocol-v3,0.6,0,1,3,292,0.0026805830420926213,0.003475166973657906,707428352,0.1796875
fa5121000052d01c,cifar100,pruning,mlp,protocol-v3,0.6,0,1,3,293,0.0027226670063100755,0.003481999970972538,707428352,0.1796875
fa5121000052d01c,cifar100,pruning,mlp,protocol-v3,0.6,0,1,3,294,0.002742458018474281,0.0034752910141833127,707428352,0.171875
fa5121000052d01c,cifar100,pruning,mlp,protocol-v3,0.6,0,1,3,295,0.002730540989432484,0.003474332974292338,707428352,0.1875
fa5121000052d01c,cifar100,pruning,mlp,protocol-v3,0.6,0,1,3,296,0.00271537498338148,0.0034888339578174055,707428352,0.1875
fa5121000052d01c,cifar100,pruning,mlp,protocol-v3,0.6,0,1,3,297,0.002737457980401814,0.0034952909918501973,707428352,0.1640625
fa5121000052d01c,cifar100,pruning,mlp,protocol-v3,0.6,0,1,3,298,0.0027304590330459177,0.0034766250173561275,707428352,0.2109375
fa5121000052d01c,cifar100,pruning,mlp,protocol-v3,0.6,0,1,3,299,0.0027346250135451555,0.003445458016358316,707428352,0.171875
fa5121000052d01c,cifar100,pruning,mlp,protocol-v3,0.6,0,1,3,300,0.0027295839972794056,0.003471458039712161,707444736,0.15625
fa5121000052d01c,cifar100,pruning,mlp,protocol-v3,0.6,0,1,3,301,0.0027223340002819896,0.0034769169869832695,707444736,0.203125
fa5121000052d01c,cifar100,pruning,mlp,protocol-v3,0.6,0,1,3,302,0.0027354999911040068,0.003480917017441243,707444736,0.1953125
fa5121000052d01c,cifar100,pruning,mlp,protocol-v3,0.6,0,1,3,303,0.0027231249841861427,0.003466000023763627,707444736,0.140625
fa5121000052d01c,cifar100,pruning,mlp,protocol-v3,0.6,0,1,3,304,0.0027303750393912196,0.0034802500158548355,707444736,0.1484375
fa5121000052d01c,cifar100,pruning,mlp,protocol-v3,0.6,0,1,3,305,0.0027228330145590007,0.0034690829925239086,707444736,0.15625
fa5121000052d01c,cifar100,pruning,mlp,protocol-v3,0.6,0,1,3,306,0.0026780000189319253,0.0034719579853117466,707444736,0.1484375
fa5121000052d01c,cifar100,pruning,mlp,protocol-v3,0.6,0,1,3,307,0.0027514579705893993,0.003487709036562592,707444736,0.109375
fa5121000052d01c,cifar100,pruning,mlp,protocol-v3,0.6,0,1,3,308,0.0028005840140394866,0.0034680410171858966,707444736,0.140625
fa5121000052d01c,cifar100,pruning,mlp,protocol-v3,0.6,0,1,3,309,0.002724834019318223,0.003490125003736466,707444736,0.1640625
fa5121000052d01c,cifar100,pruning,mlp,protocol-v3,0.6,0,1,3,310,0.002718666975852102,0.0035163339925929904,707444736,0.15625
fa5121000052d01c,cifar100,pruning,mlp,protocol-v3,0.6,0,1,3,311,0.002733625005930662,0.0034779160050675273,707444736,0.2421875
fa5121000052d01c,cifar100,pruning,mlp,protocol-v3,0.6,0,1,3,312,0.002736374968662858,0.0034710000036284328,707444736,0.171875
fa5121000052d01c,cifar100,pruning,mlp,protocol-v3,0.6,0,1,3,313,0.002730082953348756,0.0034835829865187407,707444736,0.078125
fa5121000052d01c,cifar100,pruning,mlp,protocol-v3,0.6,0,1,3,314,0.0027230000123381615,0.0035035419859923422,707444736,0.1484375
fa5121000052d01c,cifar100,pruning,mlp,protocol-v3,0.6,0,1,3,315,0.002725208003539592,0.0034802499576471746,707444736,0.15625
fa5121000052d01c,cifar100,pruning,mlp,protocol-v3,0.6,0,1,3,316,0.0027310000150464475,0.003505749977193773,707444736,0.1875
fa5121000052d01c,cifar100,pruning,mlp,protocol-v3,0.6,0,1,3,317,0.002729542029555887,0.0034970419947057962,707444736,0.25
fa5121000052d01c,cifar100,pruning,mlp,protocol-v3,0.6,0,1,3,318,0.0027232090360485017,0.0034743750002235174,707444736,0.2109375
fa5121000052d01c,cifar100,pruning,mlp,protocol-v3,0.6,0,1,3,319,0.002727916988078505,0.003456083999481052,707444736,0.1328125
fa5121000052d01c,cifar100,pruning,mlp,protocol-v3,0.6,0,1,3,320,0.0027257499750703573,0.003463583008851856,707444736,0.2265625
fa5121000052d01c,cifar100,pruning,mlp,protocol-v3,0.6,0,1,3,321,0.0027154170093126595,0.0034786249743774533,707444736,0.203125
fa5121000052d01c,cifar100,pruning,mlp,protocol-v3,0.6,0,1,3,322,0.0027200409676879644,0.0034774590167216957,707444736,0.15625
fa5121000052d01c,cifar100,pruning,mlp,protocol-v3,0.6,0,1,3,323,0.0027235420420765877,0.0034704169956967235,707444736,0.1640625
fa5121000052d01c,cifar100,pruning,mlp,protocol-v3,0.6,0,1,3,324,0.002720042015425861,0.0034773749648593366,707444736,0.1640625
fa5121000052d01c,cifar100,pruning,mlp,protocol-v3,0.6,0,1,3,325,0.0027188340318389237,0.003488624992314726,707444736,0.125
fa5121000052d01c,cifar100,pruning,mlp,protocol-v3,0.6,0,1,3,326,0.0027272499864920974,0.0034680829849094152,707444736,0.1796875
fa5121000052d01c,cifar100,pruning,mlp,protocol-v3,0.6,0,1,3,327,0.0026974999927915633,0.00346400000853464,707444736,0.1640625
fa5121000052d01c,cifar100,pruning,mlp,protocol-v3,0.6,0,1,3,328,0.002730000007431954,0.003459166968241334,707444736,0.1796875
fa5121000052d01c,cifar100,pruning,mlp,protocol-v3,0.6,0,1,3,329,0.0027230000123381615,0.003470375027973205,707444736,0.1796875
fa5121000052d01c,cifar100,pruning,mlp,protocol-v3,0.6,0,1,3,330,0.0027251249994151294,0.003480584011413157,707444736,0.109375
fa5121000052d01c,cifar100,pruning,mlp,protocol-v3,0.6,0,1,3,331,0.0027199589530937374,0.0035373339778743684,707444736,0.171875
fa5121000052d01c,cifar100,pruning,mlp,protocol-v3,0.6,0,1,3,332,0.002739958988968283,0.0034747080062516034,707461120,0.1875
fa5121000052d01c,cifar100,pruning,mlp,protocol-v3,0.6,0,1,3,333,0.0027225420344620943,0.0034728749888017774,707461120,0.1640625
fa5121000052d01c,cifar100,pruning,mlp,protocol-v3,0.6,0,1,3,334,0.0027270829887129366,0.003490625007543713,707461120,0.203125
fa5121000052d01c,cifar100,pruning,mlp,protocol-v3,0.6,0,1,3,335,0.00272958300774917,0.0034852499957196414,707461120,0.1796875
fa5121000052d01c,cifar100,pruning,mlp,protocol-v3,0.6,0,1,3,336,0.002721790981013328,0.0034740419941954315,707461120,0.25
fa5121000052d01c,cifar100,pruning,mlp,protocol-v3,0.6,0,1,3,337,0.0026904999976977706,0.0034915839787572622,707461120,0.1796875
fa5121000052d01c,cifar100,pruning,mlp,protocol-v3,0.6,0,1,3,338,0.0027381249819882214,0.003459082974586636,707461120,0.109375
fa5121000052d01c,cifar100,pruning,mlp,protocol-v3,0.6,0,1,3,339,0.0027266250108368695,0.0034772910294122994,707461120,0.2421875
fa5121000052d01c,cifar100,pruning,mlp,protocol-v3,0.6,0,1,3,340,0.002752999949734658,0.00346604100195691,707461120,0.171875
fa5121000052d01c,cifar100,pruning,mlp,protocol-v3,0.6,0,1,3,341,0.0027291669975966215,0.0034805419854819775,707461120,0.1953125
fa5121000052d01c,cifar100,pruning,mlp,protocol-v3,0.6,0,1,3,342,0.002744833007454872,0.003467625007033348,707461120,0.1171875
fa5121000052d01c,cifar100,pruning,mlp,protocol-v3,0.6,0,1,3,343,0.0027304170071147382,0.003484457964077592,707461120,0.1328125
fa5121000052d01c,cifar100,pruning,mlp,protocol-v3,0.6,0,1,3,344,0.002723707992117852,0.0034764169831760228,707461120,0.1328125
fa5121000052d01c,cifar100,pruning,mlp,protocol-v3,0.6,0,1,3,345,0.002733208006247878,0.0034296659869141877,707461120,0.1640625
fa5121000052d01c,cifar100,pruning,mlp,protocol-v3,0.6,0,1,3,346,0.0027271669823676348,0.003464417008217424,707461120,0.1484375
fa5121000052d01c,cifar100,pruning,mlp,protocol-v3,0.6,0,1,3,347,0.002732458000537008,0.003491208015475422,707461120,0.140625
fa5121000052d01c,cifar100,pruning,mlp,protocol-v3,0.6,0,1,3,348,0.0027367500006221235,0.0034728749888017774,707461120,0.2265625
fa5121000052d01c,cifar100,pruning,mlp,protocol-v3,0.6,0,1,3,349,0.0027361250249668956,0.0034839999862015247,707461120,0.234375
fa5121000052d01c,cifar100,pruning,mlp,protocol-v3,0.6,0,1,3,350,0.0027329580043442547,0.00347445800434798,707461120,0.1796875
fa5121000052d01c,cifar100,pruning,mlp,protocol-v3,0.6,0,1,3,351,0.0027228750404901803,0.0034627080312930048,707461120,0.2578125
fa5121000052d01c,cifar100,pruning,mlp,protocol-v3,0.6,0,1,3,352,0.0027257499750703573,0.0034348330227658153,707461120,0.171875
fa5121000052d01c,cifar100,pruning,mlp,protocol-v3,0.6,0,1,3,353,0.0027299170033074915,0.0034650000161491334,707461120,0.203125
fa5121000052d01c,cifar100,pruning,mlp,protocol-v3,0.6,0,1,3,354,0.0027306670090183616,0.00346920796437189,707461120,0.125
fa5121000052d01c,cifar100,pruning,mlp,protocol-v3,0.6,0,1,3,355,0.002724208985455334,0.0034763749572448432,707461120,0.171875
fa5121000052d01c,cifar100,pruning,mlp,protocol-v3,0.6,0,1,3,356,0.002733291999902576,0.0034805830218829215,707461120,0.171875
fa5121000052d01c,cifar100,pruning,mlp,protocol-v3,0.6,0,1,3,357,0.002734542009420693,0.003538832999765873,707461120,0.15625
fa5121000052d01c,cifar100,pruning,mlp,protocol-v3,0.6,0,1,3,358,0.0026833750307559967,0.0034793750382959843,707461120,0.171875
fa5121000052d01c,cifar100,pruning,mlp,protocol-v3,0.6,0,1,3,359,0.0027207090170122683,0.00347987498389557,707461120,0.140625
fa5121000052d01c,cifar100,pruning,mlp,protocol-v3,0.6,0,1,3,360,0.002724834019318223,0.00346566695952788,707461120,0.203125
fa5121000052d01c,cifar100,pruning,mlp,protocol-v3,0.6,0,1,3,361,0.0027222500066272914,0.0034738749964162707,707461120,0.1875
fa5121000052d01c,cifar100,pruning,mlp,protocol-v3,0.6,0,1,3,362,0.0027265839744359255,0.0034594169701449573,707461120,0.1875
fa5121000052d01c,cifar100,pruning,mlp,protocol-v3,0.6,0,1,3,363,0.0027342920075170696,0.0034722909913398325,707461120,0.1640625
fa5121000052d01c,cifar100,pruning,mlp,protocol-v3,0.6,0,1,3,364,0.0027154170093126595,0.0034790830104611814,707461120,0.1640625
fa5121000052d01c,cifar100,pruning,mlp,protocol-v3,0.6,0,1,3,365,0.0026801250060088933,0.0034767499892041087,707461120,0.2109375
fa5121000052d01c,cifar100,pruning,mlp,protocol-v3,0.6,0,1,3,366,0.002725792001001537,0.003486999950837344,707461120,0.1640625
fa5121000052d01c,cifar100,pruning,mlp,protocol-v3,0.6,0,1,3,367,0.0027231249841861427,0.0034771249629557133,707461120,0.1953125
fa5121000052d01c,cifar100,pruning,mlp,protocol-v3,0.6,0,1,3,368,0.002739999967161566,0.0034745840239338577,707461120,0.171875
fa5121000052d01c,cifar100,pruning,mlp,protocol-v3,0.6,0,1,3,369,0.0027322499663569033,0.0034202919923700392,707461120,0.1328125
fa5121000052d01c,cifar100,pruning,mlp,protocol-v3,0.6,0,1,3,370,0.002743917051702738,0.0034858330036513507,707461120,0.15625
fa5121000052d01c,cifar100,pruning,mlp,protocol-v3,0.6,0,1,3,371,0.002736249996814877,0.0034652910544537008,707461120,0.125
fa5121000052d01c,cifar100,pruning,mlp,protocol-v3,0.6,0,1,3,372,0.002739083021879196,0.003460708016064018,707461120,0.171875
fa5121000052d01c,cifar100,pruning,mlp,protocol-v3,0.6,0,1,3,373,0.0027286250260658562,0.0034751250059343874,707461120,0.140625
fa5121000052d01c,cifar100,pruning,mlp,protocol-v3,0.6,0,1,3,374,0.0027295000036247075,0.0034819580032490194,707461120,0.2109375
fa5121000052d01c,cifar100,pruning,mlp,protocol-v3,0.6,0,1,3,375,0.0027229999541305006,0.0034667919971980155,707461120,0.1484375
fa5121000052d01c,cifar100,pruning,mlp,protocol-v3,0.6,0,1,3,376,0.0027252909494563937,0.003422292007599026,707461120,0.1796875
fa5121000052d01c,cifar100,pruning,mlp,protocol-v3,0.6,0,1,3,377,0.0027319579967297614,0.0034619169891811907,707461120,0.1171875
fa5121000052d01c,cifar100,pruning,mlp,protocol-v3,0.6,0,1,3,378,0.0027467500185593963,0.003476457961369306,707461120,0.1171875
fa5121000052d01c,cifar100,pruning,mlp,protocol-v3,0.6,0,1,3,379,0.0027377919759601355,0.0034578340128064156,707477504,0.1484375
fa5121000052d01c,cifar100,pruning,mlp,protocol-v3,0.6,0,1,3,380,0.0027309999568387866,0.00348733295686543,707477504,0.09375
fa5121000052d01c,cifar100,pruning,mlp,protocol-v3,0.6,0,1,3,381,0.0027277920162305236,0.0034819580032490194,707477504,0.1875
fa5121000052d01c,cifar100,pruning,mlp,protocol-v3,0.6,0,1,3,382,0.0027236250462010503,0.003579624986741692,707477504,0.1484375
fa5121000052d01c,cifar100,pruning,mlp,protocol-v3,0.6,0,1,3,383,0.0027204580255784094,0.003474875004030764,707493888,0.1796875
fa5121000052d01c,cifar100,pruning,mlp,protocol-v3,0.6,0,1,3,384,0.0027281250222586095,0.003429749980568886,707493888,0.1484375
fa5121000052d01c,cifar100,pruning,mlp,protocol-v3,0.6,0,1,3,385,0.002739041985478252,0.0034952920395880938,707493888,0.140625
fa5121000052d01c,cifar100,pruning,mlp,protocol-v3,0.6,0,1,3,386,0.0027202499913983047,0.0034698329982347786,707493888,0.1640625
fa5121000052d01c,cifar100,pruning,mlp,protocol-v3,0.6,0,1,3,387,0.0027330410084687173,0.0034796670079231262,707493888,0.1171875
fa5121000052d01c,cifar100,pruning,mlp,protocol-v3,0.6,0,1,3,388,0.0027274999883957207,0.0034889589878730476,707493888,0.1640625
fa5121000052d01c,cifar100,pruning,mlp,protocol-v3,0.6,0,1,3,389,0.0026855830219574273,0.0034858330036513507,707493888,0.171875
fa5121000052d01c,cifar100,pruning,mlp,protocol-v3,0.6,0,1,3,390,0.002468792023137212,0.0028482499765232205,707493888,0.125
