run_id,dataset,model,architecture,protocol_version,keep_ratio,block_size,seed,epoch,batch,forward_time_s,backward_time_s,memory_bytes,batch_accuracy
fa60db52746b72ec,cifar10,ssb-v3-block,cnn,protocol-v3,1.0,64,3,1,0,0.09768612496554852,0.06657979200826958,717225984,0.125
fa60db52746b72ec,cifar10,ssb-v3-block,cnn,protocol-v3,1.0,64,3,1,1,0.012055708037223667,0.019424499943852425,737214464,0.109375
fa60db52746b72ec,cifar10,ssb-v3-block,cnn,protocol-v3,1.0,64,3,1,2,0.009574875002726912,0.014784208033233881,738852864,0.234375
fa60db52746b72ec,cifar10,ssb-v3-block,cnn,protocol-v3,1.0,64,3,1,3,0.009098374983295798,0.014736082986928523,740458496,0.1328125
fa60db52746b72ec,cifar10,ssb-v3-block,cnn,protocol-v3,1.0,64,3,1,4,0.009103125019464642,0.014683916000649333,740458496,0.0703125
fa60db52746b72ec,cifar10,ssb-v3-block,cnn,protocol-v3,1.0,64,3,1,5,0.007850709022022784,0.01446216698968783,743620608,0.1640625
fa60db52746b72ec,cifar10,ssb-v3-block,cnn,protocol-v3,1.0,64,3,1,6,0.007800915976986289,0.014424292021431029,743620608,0.1640625
fa60db52746b72ec,cifar10,ssb-v3-block,cnn,protocol-v3,1.0,64,3,1,7,0.007750749995466322,0.014445791020989418,745209856,0.234375
fa60db52746b72ec,cifar10,ssb-v3-block,cnn,protocol-v3,1.0,64,3,1,8,0.00781658396590501,0.014494958042632788,745209856,0.1640625
fa60db52746b72ec,cifar10,ssb-v3-block,cnn,protocol-v3,1.0,64,3,1,9,0.007778583967592567,0.01455187500687316,745226240,0.15625
fa60db52746b72ec,cifar10,ssb-v3-block,cnn,protocol-v3,1.0,64,3,1,10,0.008089834009297192,0.014466832973994315,745226240,0.25
fa60db52746b72ec,cifar10,ssb-v3-block,cnn,protocol-v3,1.0,64,3,1,11,0.00831266597378999,0.014456457982305437,745226240,0.2578125
fa60db52746b72ec,cifar10,ssb-v3-block,cnn,protocol-v3,1.0,64,3,1,12,0.008230332983657718,0.014470166992396116,745226240,0.2265625
fa60db52746b72ec,cifar10,ssb-v3-block,cnn,protocol-v3,1.0,64,3,1,13,0.008171334047801793,0.014427625050302595,745242624,0.2734375
fa60db52746b72ec,cifar10,ssb-v3-block,cnn,protocol-v3,1.0,64,3,1,14,0.008189624990336597,0.014475542004220188,745242624,0.28125
fa60db52746b72ec,cifar10,ssb-v3-block,cnn,protocol-v3,1.0,64,3,1,15,0.008832417021039873,0.014443915977608413,745242624,0.2109375
fa60db52746b72ec,cifar10,ssb-v3-block,cnn,protocol-v3,1.0,64,3,1,16,0.008107750036288053,0.014463250001426786,745242624,0.234375
fa60db52746b72ec,cifar10,ssb-v3-block,cnn,protocol-v3,1.0,64,3,1,17,0.008019707980565727,0.01443995803128928,745242624,0.2734375
fa60db52746b72ec,cifar10,ssb-v3-block,cnn,protocol-v3,1.0,64,3,1,18,0.008106916036922485,0.014455832948442549,745242624,0.296875
fa60db52746b72ec,cifar10,ssb-v3-block,cnn,protocol-v3,1.0,64,3,1,19,0.00840724998852238,0.014414999983273447,745242624,0.3125
fa60db52746b72ec,cifar10,ssb-v3-block,cnn,protocol-v3,1.0,64,3,1,20,0.008555624983273447,0.014470916998106986,745259008,0.328125
fa60db52746b72ec,cifar10,ssb-v3-block,cnn,protocol-v3,1.0,64,3,1,21,0.008587791002355516,0.014447166991885751,745259008,0.1875
fa60db52746b72ec,cifar10,ssb-v3-block,cnn,protocol-v3,1.0,64,3,1,22,0.008160625002346933,0.014448957983404398,745259008,0.21875
fa60db52746b72ec,cifar10,ssb-v3-block,cnn,protocol-v3,1.0,64,3,1,23,0.00776633300120011,0.014466541993897408,745275392,0.1953125
fa60db52746b72ec,cifar10,ssb-v3-block,cnn,protocol-v3,1.0,64,3,1,24,0.008154749986715615,0.014439333986956626,745275392,0.3203125
fa60db52746b72ec,cifar10,ssb-v3-block,cnn,protocol-v3,1.0,64,3,1,25,0.007785458001308143,0.014379541971720755,745275392,0.25
fa60db52746b72ec,cifar10,ssb-v3-block,cnn,protocol-v3,1.0,64,3,1,26,0.007995042018592358,0.014590209000743926,745275392,0.28125
fa60db52746b72ec,cifar10,ssb-v3-block,cnn,protocol-v3,1.0,64,3,1,27,0.007772166980430484,0.014354457962326705,745275392,0.34375
fa60db52746b72ec,cifar10,ssb-v3-block,cnn,protocol-v3,1.0,64,3,1,28,0.007715249957982451,0.014385625021532178,745275392,0.375
fa60db52746b72ec,cifar10,ssb-v3-block,cnn,protocol-v3,1.0,64,3,1,29,0.007727125019300729,0.014413165976293385,745275392,0.3203125
fa60db52746b72ec,cifar10,ssb-v3-block,cnn,protocol-v3,1.0,64,3,1,30,0.0077063749777153134,0.0144535829895176,745275392,0.3046875
fa60db52746b72ec,cifar10,ssb-v3-block,cnn,protocol-v3,1.0,64,3,1,31,0.00829625001642853,0.014444875007029623,745275392,0.234375
fa60db52746b72ec,cifar10,ssb-v3-block,cnn,protocol-v3,1.0,64,3,1,32,0.008140292018651962,0.014470375026576221,745275392,0.2734375
fa60db52746b72ec,cifar10,ssb-v3-block,cnn,protocol-v3,1.0,64,3,1,33,0.008155249990522861,0.01444120897212997,745275392,0.3203125
fa60db52746b72ec,cifar10,ssb-v3-block,cnn,protocol-v3,1.0,64,3,1,34,0.008177708019502461,0.01443504198687151,745275392,0.3671875
fa60db52746b72ec,cifar10,ssb-v3-block,cnn,protocol-v3,1.0,64,3,1,35,0.008086749992799014,0.014408999995794147,745275392,0.3671875
fa60db52746b72ec,cifar10,ssb-v3-block,cnn,protocol-v3,1.0,64,3,1,36,0.008753957983572036,0.014448124973569065,745275392,0.3125
fa60db52746b72ec,cifar10,ssb-v3-block,cnn,protocol-v3,1.0,64,3,1,37,0.008157458971254528,0.014453416981268674,745275392,0.3359375
fa60db52746b72ec,cifar10,ssb-v3-block,cnn,protocol-v3,1.0,64,3,1,38,0.008199459000024945,0.014437459001783282,745275392,0.3203125
fa60db52746b72ec,cifar10,ssb-v3-block,cnn,protocol-v3,1.0,64,3,1,39,0.0082940420252271,0.014433624979574233,745275392,0.3125
fa60db52746b72ec,cifar10,ssb-v3-block,cnn,protocol-v3,1.0,64,3,1,40,0.008115583972539753,0.014454916992690414,745275392,0.3828125
fa60db52746b72ec,cifar10,ssb-v3-block,cnn,protocol-v3,1.0,64,3,1,41,0.008369666989892721,0.014451540948357433,745275392,0.390625
fa60db52746b72ec,cifar10,ssb-v3-block,cnn,protocol-v3,1.0,64,3,1,42,0.00825291604269296,0.014458707999438047,745275392,0.359375
fa60db52746b72ec,cifar10,ssb-v3-block,cnn,protocol-v3,1.0,64,3,1,43,0.007778999977745116,0.014441291976254433,745275392,0.328125
fa60db52746b72ec,cifar10,ssb-v3-block,cnn,protocol-v3,1.0,64,3,1,44,0.0077748330077156425,0.014468250039499253,745275392,0.359375
fa60db52746b72ec,cifar10,ssb-v3-block,cnn,protocol-v3,1.0,64,3,1,45,0.007869584020227194,0.014400541957002133,745291776,0.4140625
fa60db52746b72ec,cifar10,ssb-v3-block,cnn,protocol-v3,1.0,64,3,1,46,0.007877749972976744,0.014468749985098839,745291776,0.34375
fa60db52746b72ec,cifar10,ssb-v3-block,cnn,protocol-v3,1.0,64,3,1,47,0.007727708027232438,0.014490999979898334,745291776,0.3359375
fa60db52746b72ec,cifar10,ssb-v3-block,cnn,protocol-v3,1.0,64,3,1,48,0.0077752089709974825,0.014451875002123415,745308160,0.3046875
fa60db52746b72ec,cifar10,ssb-v3-block,cnn,protocol-v3,1.0,64,3,1,49,0.008059291983954608,0.014441333012655377,745308160,0.390625
fa60db52746b72ec,cifar10,ssb-v3-block,cnn,protocol-v3,1.0,64,3,1,50,0.008142750011757016,0.014431249990593642,745308160,0.3515625
fa60db52746b72ec,cifar10,ssb-v3-block,cnn,protocol-v3,1.0,64,3,1,51,0.00826241698814556,0.01442424999549985,745308160,0.453125
fa60db52746b72ec,cifar10,ssb-v3-block,cnn,protocol-v3,1.0,64,3,1,52,0.008117875026073307,0.014456874981988221,745324544,0.390625
fa60db52746b72ec,cifar10,ssb-v3-block,cnn,protocol-v3,1.0,64,3,1,53,0.008186958963051438,0.014458707999438047,745357312,0.4296875
fa60db52746b72ec,cifar10,ssb-v3-block,cnn,protocol-v3,1.0,64,3,1,54,0.008083250024355948,0.014468582987319678,745357312,0.421875
fa60db52746b72ec,cifar10,ssb-v3-block,cnn,protocol-v3,1.0,64,3,1,55,0.008623500005342066,0.0144687500433065,745357312,0.4375
fa60db52746b72ec,cifar10,ssb-v3-block,cnn,protocol-v3,1.0,64,3,1,56,0.008297999971546233,0.014453542011324316,745357312,0.4140625
fa60db52746b72ec,cifar10,ssb-v3-block,cnn,protocol-v3,1.0,64,3,1,57,0.008440167002845556,0.014465749962255359,745357312,0.359375
fa60db52746b72ec,cifar10,ssb-v3-block,cnn,protocol-v3,1.0,64,3,1,58,0.008206291997339576,0.014441709034144878,746848256,0.40625
fa60db52746b72ec,cifar10,ssb-v3-block,cnn,protocol-v3,1.0,64,3,1,59,0.008249958977103233,0.014438250043895096,746864640,0.4296875
fa60db52746b72ec,cifar10,ssb-v3-block,cnn,protocol-v3,1.0,64,3,1,60,0.008075499965343624,0.014451333961915225,746864640,0.4140625
fa60db52746b72ec,cifar10,ssb-v3-block,cnn,protocol-v3,1.0,64,3,1,61,0.007783459033817053,0.014432458963710815,746864640,0.40625
fa60db52746b72ec,cifar10,ssb-v3-block,cnn,protocol-v3,1.0,64,3,1,62,0.007856415992137045,0.014447292021941394,746864640,0.375
fa60db52746b72ec,cifar10,ssb-v3-block,cnn,protocol-v3,1.0,64,3,1,63,0.007820332946721464,0.014383583038579673,746864640,0.3671875
fa60db52746b72ec,cifar10,ssb-v3-block,cnn,protocol-v3,1.0,64,3,1,64,0.007781082997098565,0.014470791968051344,746864640,0.453125
fa60db52746b72ec,cifar10,ssb-v3-block,cnn,protocol-v3,1.0,64,3,1,65,0.0077560420031659305,0.014476415992248803,746864640,0.4296875
fa60db52746b72ec,cifar10,ssb-v3-block,cnn,protocol-v3,1.0,64,3,1,66,0.008078792016021907,0.01445304200751707,746864640,0.3984375
fa60db52746b72ec,cifar10,ssb-v3-block,cnn,protocol-v3,1.0,64,3,1,67,0.008196584007237107,0.014466083026491106,746881024,0.4375
fa60db52746b72ec,cifar10,ssb-v3-block,cnn,protocol-v3,1.0,64,3,1,68,0.008167916035745293,0.014439249993301928,746881024,0.5078125
fa60db52746b72ec,cifar10,ssb-v3-block,cnn,protocol-v3,1.0,64,3,1,69,0.008082291984464973,0.014457209035754204,746881024,0.453125
fa60db52746b72ec,cifar10,ssb-v3-block,cnn,protocol-v3,1.0,64,3,1,70,0.008090707997325808,0.014414250035770237,746881024,0.3671875
fa60db52746b72ec,cifar10,ssb-v3-block,cnn,protocol-v3,1.0,64,3,1,71,0.007783582957927138,0.014434790995437652,746881024,0.4296875
fa60db52746b72ec,cifar10,ssb-v3-block,cnn,protocol-v3,1.0,64,3,1,72,0.007807584013789892,0.014447708032093942,746913792,0.3984375
fa60db52746b72ec,cifar10,ssb-v3-block,cnn,protocol-v3,1.0,64,3,1,73,0.008139333978760988,0.014583209005650133,746913792,0.484375
fa60db52746b72ec,cifar10,ssb-v3-block,cnn,protocol-v3,1.0,64,3,1,74,0.007884583028499037,0.014438249985687435,746913792,0.4140625
fa60db52746b72ec,cifar10,ssb-v3-block,cnn,protocol-v3,1.0,64,3,1,75,0.007748584030196071,0.014555250003468245,746913792,0.421875
fa60db52746b72ec,cifar10,ssb-v3-block,cnn,protocol-v3,1.0,64,3,1,76,0.007879250042606145,0.014456166012678295,746930176,0.375
fa60db52746b72ec,cifar10,ssb-v3-block,cnn,protocol-v3,1.0,64,3,1,77,0.00771887501468882,0.014413291995879263,746930176,0.4140625
fa60db52746b72ec,cifar10,ssb-v3-block,cnn,protocol-v3,1.0,64,3,1,78,0.007874917006120086,0.014455416006967425,746930176,0.359375
fa60db52746b72ec,cifar10,ssb-v3-block,cnn,protocol-v3,1.0,64,3,1,79,0.007786166970618069,0.014430916984565556,746930176,0.515625
fa60db52746b72ec,cifar10,ssb-v3-block,cnn,protocol-v3,1.0,64,3,1,80,0.007766709022689611,0.014449332957156003,746946560,0.4140625
fa60db52746b72ec,cifar10,ssb-v3-block,cnn,protocol-v3,1.0,64,3,1,81,0.007838666962925345,0.014452624949626625,746946560,0.40625
fa60db52746b72ec,cifar10,ssb-v3-block,cnn,protocol-v3,1.0,64,3,1,82,0.008225833997130394,0.01445595797849819,746946560,0.4375
fa60db52746b72ec,cifar10,ssb-v3-block,cnn,protocol-v3,1.0,64,3,1,83,0.008152750029694289,0.014405666966922581,746946560,0.4140625
fa60db52746b72ec,cifar10,ssb-v3-block,cnn,protocol-v3,1.0,64,3,1,84,0.008175291994120926,0.014448583009652793,746946560,0.4140625
fa60db52746b72ec,cifar10,ssb-v3-block,cnn,protocol-v3,1.0,64,3,1,85,0.008298916975036263,0.014399875013623387,746946560,0.5078125
fa60db52746b72ec,cifar10,ssb-v3-block,cnn,protocol-v3,1.0,64,3,1,86,0.007823457999620587,0.014426625042688102,746946560,0.453125
fa60db52746b72ec,cifar10,ssb-v3-block,cnn,protocol-v3,1.0,64,3,1,87,0.008187707979232073,0.014434457989409566,746946560,0.4296875
fa60db52746b72ec,cifar10,ssb-v3-block,cnn,protocol-v3,1.0,64,3,1,88,0.008317917003296316,0.014443624997511506,746946560,0.40625
fa60db52746b72ec,cifar10,ssb-v3-block,cnn,protocol-v3,1.0,64,3,1,89,0.008106666035018861,0.014432709023822099,746962944,0.421875
fa60db52746b72ec,cifar10,ssb-v3-block,cnn,protocol-v3,1.0,64,3,1,90,0.007919416995719075,0.014435541990678757,746979328,0.40625
fa60db52746b72ec,cifar10,ssb-v3-block,cnn,protocol-v3,1.0,64,3,1,91,0.007813916949089617,0.014439999999012798,746979328,0.4375
fa60db52746b72ec,cifar10,ssb-v3-block,cnn,protocol-v3,1.0,64,3,1,92,0.007775874983053654,0.014444291999097914,746979328,0.3671875
fa60db52746b72ec,cifar10,ssb-v3-block,cnn,protocol-v3,1.0,64,3,1,93,0.007769874995574355,0.014509916014503688,746979328,0.453125
fa60db52746b72ec,cifar10,ssb-v3-block,cnn,protocol-v3,1.0,64,3,1,94,0.007706333009991795,0.014467625005636364,746979328,0.421875
fa60db52746b72ec,cifar10,ssb-v3-block,cnn,protocol-v3,1.0,64,3,1,95,0.007905624981503934,0.01442962500732392,746979328,0.5234375
fa60db52746b72ec,cifar10,ssb-v3-block,cnn,protocol-v3,1.0,64,3,1,96,0.0077661669929511845,0.014435333956498653,746979328,0.390625
fa60db52746b72ec,cifar10,ssb-v3-block,cnn,protocol-v3,1.0,64,3,1,97,0.008175041992217302,0.01440612500300631,746979328,0.453125
fa60db52746b72ec,cifar10,ssb-v3-block,cnn,protocol-v3,1.0,64,3,1,98,0.008238458016421646,0.014433208969421685,746979328,0.3671875
fa60db52746b72ec,cifar10,ssb-v3-block,cnn,protocol-v3,1.0,64,3,1,99,0.00820187502540648,0.01444399997126311,746995712,0.4921875
fa60db52746b72ec,cifar10,ssb-v3-block,cnn,protocol-v3,1.0,64,3,1,100,0.008327707997523248,0.014444999978877604,746995712,0.453125
fa60db52746b72ec,cifar10,ssb-v3-block,cnn,protocol-v3,1.0,64,3,1,101,0.008179333002772182,0.014460916980169713,746995712,0.4609375
fa60db52746b72ec,cifar10,ssb-v3-block,cnn,protocol-v3,1.0,64,3,1,102,0.008181083016097546,0.014426707988604903,746995712,0.484375
fa60db52746b72ec,cifar10,ssb-v3-block,cnn,protocol-v3,1.0,64,3,1,103,0.008523709024302661,0.014445459004491568,746995712,0.4296875
fa60db52746b72ec,cifar10,ssb-v3-block,cnn,protocol-v3,1.0,64,3,1,104,0.008255540975369513,0.0144417499541305,746995712,0.3984375
fa60db52746b72ec,cifar10,ssb-v3-block,cnn,protocol-v3,1.0,64,3,1,105,0.008000709000043571,0.014423334039747715,747012096,0.40625
fa60db52746b72ec,cifar10,ssb-v3-block,cnn,protocol-v3,1.0,64,3,1,106,0.008226624981034547,0.014434875047300011,747012096,0.375
fa60db52746b72ec,cifar10,ssb-v3-block,cnn,protocol-v3,1.0,64,3,1,107,0.008262833987828344,0.014439791964832693,747012096,0.515625
fa60db52746b72ec,cifar10,ssb-v3-block,cnn,protocol-v3,1.0,64,3,1,108,0.007750542019493878,0.014440375030972064,747012096,0.484375
fa60db52746b72ec,cifar10,ssb-v3-block,cnn,protocol-v3,1.0,64,3,1,109,0.007712792023085058,0.01449974998831749,747012096,0.546875
fa60db52746b72ec,cifar10,ssb-v3-block,cnn,protocol-v3,1.0,64,3,1,110,0.007798458042088896,0.014450624992605299,747012096,0.4296875
fa60db52746b72ec,cifar10,ssb-v3-block,cnn,protocol-v3,1.0,64,3,1,111,0.007808041991665959,0.014452499977778643,747012096,0.5
fa60db52746b72ec,cifar10,ssb-v3-block,cnn,protocol-v3,1.0,64,3,1,112,0.007781916996464133,0.014410915959160775,747012096,0.4609375
fa60db52746b72ec,cifar10,ssb-v3-block,cnn,protocol-v3,1.0,64,3,1,113,0.007699334004428238,0.014439082995522767,747012096,0.4453125
fa60db52746b72ec,cifar10,ssb-v3-block,cnn,protocol-v3,1.0,64,3,1,114,0.00816933298483491,0.01445133297238499,747028480,0.46875
fa60db52746b72ec,cifar10,ssb-v3-block,cnn,protocol-v3,1.0,64,3,1,115,0.008186417049728334,0.014461499988101423,747044864,0.5703125
fa60db52746b72ec,cifar10,ssb-v3-block,cnn,protocol-v3,1.0,64,3,1,116,0.008175750030204654,0.014425749948713928,747044864,0.5234375
fa60db52746b72ec,cifar10,ssb-v3-block,cnn,protocol-v3,1.0,64,3,1,117,0.008581165981013328,0.014556917012669146,747044864,0.515625
fa60db52746b72ec,cifar10,ssb-v3-block,cnn,protocol-v3,1.0,64,3,1,118,0.008582792012020946,0.014761709026060998,747044864,0.5078125
fa60db52746b72ec,cifar10,ssb-v3-block,cnn,protocol-v3,1.0,64,3,1,119,0.009461959009058774,0.01522870798362419,747077632,0.4453125
fa60db52746b72ec,cifar10,ssb-v3-block,cnn,protocol-v3,1.0,64,3,1,120,0.008755374990869313,0.015307291992940009,747077632,0.4296875
fa60db52746b72ec,cifar10,ssb-v3-block,cnn,protocol-v3,1.0,64,3,1,121,0.007791707990691066,0.014580374991055578,747077632,0.4375
fa60db52746b72ec,cifar10,ssb-v3-block,cnn,protocol-v3,1.0,64,3,1,122,0.00784350000321865,0.014451167022343725,747077632,0.4921875
fa60db52746b72ec,cifar10,ssb-v3-block,cnn,protocol-v3,1.0,64,3,1,123,0.007755208003800362,0.01437437505228445,747077632,0.5546875
fa60db52746b72ec,cifar10,ssb-v3-block,cnn,protocol-v3,1.0,64,3,1,124,0.00781999999890104,0.014439707971177995,747094016,0.453125
fa60db52746b72ec,cifar10,ssb-v3-block,cnn,protocol-v3,1.0,64,3,1,125,0.007779000035952777,0.01446720800595358,747094016,0.4453125
fa60db52746b72ec,cifar10,ssb-v3-block,cnn,protocol-v3,1.0,64,3,1,126,0.007771791017148644,0.014461665996350348,747110400,0.46875
fa60db52746b72ec,cifar10,ssb-v3-block,cnn,protocol-v3,1.0,64,3,1,127,0.00822033395525068,0.01444083300884813,747110400,0.484375
fa60db52746b72ec,cifar10,ssb-v3-block,cnn,protocol-v3,1.0,64,3,1,128,0.008246374956797808,0.014422334032133222,747110400,0.53125
fa60db52746b72ec,cifar10,ssb-v3-block,cnn,protocol-v3,1.0,64,3,1,129,0.00826087495079264,0.01446345797739923,748683264,0.484375
fa60db52746b72ec,cifar10,ssb-v3-block,cnn,protocol-v3,1.0,64,3,1,130,0.008317667001392692,0.014445125008933246,748683264,0.5
fa60db52746b72ec,cifar10,ssb-v3-block,cnn,protocol-v3,1.0,64,3,1,131,0.008172417001333088,0.014415333978831768,748716032,0.5
fa60db52746b72ec,cifar10,ssb-v3-block,cnn,protocol-v3,1.0,64,3,1,132,0.008149125031195581,0.014426042034756392,748716032,0.515625
fa60db52746b72ec,cifar10,ssb-v3-block,cnn,protocol-v3,1.0,64,3,1,133,0.008658125007059425,0.0144072090042755,748732416,0.5546875
fa60db52746b72ec,cifar10,ssb-v3-block,cnn,protocol-v3,1.0,64,3,1,134,0.008349457988515496,0.014459417026955634,748732416,0.4765625
fa60db52746b72ec,cifar10,ssb-v3-block,cnn,protocol-v3,1.0,64,3,1,135,0.008281208982225507,0.014393582998309284,748732416,0.4375
fa60db52746b72ec,cifar10,ssb-v3-block,cnn,protocol-v3,1.0,64,3,1,136,0.008145625004544854,0.01437004201579839,748732416,0.4140625
fa60db52746b72ec,cifar10,ssb-v3-block,cnn,protocol-v3,1.0,64,3,1,137,0.008207332983147353,0.014427624992094934,748732416,0.5078125
fa60db52746b72ec,cifar10,ssb-v3-block,cnn,protocol-v3,1.0,64,3,1,138,0.008183958008885384,0.014401916007045656,748732416,0.578125
fa60db52746b72ec,cifar10,ssb-v3-block,cnn,protocol-v3,1.0,64,3,1,139,0.007800958992447704,0.01445604203036055,748748800,0.5
fa60db52746b72ec,cifar10,ssb-v3-block,cnn,protocol-v3,1.0,64,3,1,140,0.007746000017505139,0.014482790953479707,748748800,0.453125
fa60db52746b72ec,cifar10,ssb-v3-block,cnn,protocol-v3,1.0,64,3,1,141,0.007765666989143938,0.014391959004569799,748765184,0.53125
fa60db52746b72ec,cifar10,ssb-v3-block,cnn,protocol-v3,1.0,64,3,1,142,0.007784917019307613,0.014438542013522238,748765184,0.53125
fa60db52746b72ec,cifar10,ssb-v3-block,cnn,protocol-v3,1.0,64,3,1,143,0.0076753750327043235,0.014425041968934238,748765184,0.5859375
fa60db52746b72ec,cifar10,ssb-v3-block,cnn,protocol-v3,1.0,64,3,1,144,0.007651499996427447,0.014437457954045385,748765184,0.4453125
fa60db52746b72ec,cifar10,ssb-v3-block,cnn,protocol-v3,1.0,64,3,1,145,0.008098624995909631,0.014455500000622123,748765184,0.4921875
fa60db52746b72ec,cifar10,ssb-v3-block,cnn,protocol-v3,1.0,64,3,1,146,0.00822129100561142,0.01439395803026855,748716032,0.484375
fa60db52746b72ec,cifar10,ssb-v3-block,cnn,protocol-v3,1.0,64,3,1,147,0.008121916034724563,0.014402708038687706,748716032,0.4609375
fa60db52746b72ec,cifar10,ssb-v3-block,cnn,protocol-v3,1.0,64,3,1,148,0.008168165979441255,0.01443187502445653,748716032,0.4609375
fa60db52746b72ec,cifar10,ssb-v3-block,cnn,protocol-v3,1.0,64,3,1,149,0.00808954198146239,0.014434708980843425,748716032,0.4921875
fa60db52746b72ec,cifar10,ssb-v3-block,cnn,protocol-v3,1.0,64,3,1,150,0.008474166970700026,0.014474332972895354,748716032,0.484375
fa60db52746b72ec,cifar10,ssb-v3-block,cnn,protocol-v3,1.0,64,3,1,151,0.008656333026010543,0.014423208020161837,748732416,0.5234375
fa60db52746b72ec,cifar10,ssb-v3-block,cnn,protocol-v3,1.0,64,3,1,152,0.008751709014177322,0.014432166994083673,748732416,0.3984375
fa60db52746b72ec,cifar10,ssb-v3-block,cnn,protocol-v3,1.0,64,3,1,153,0.008118208032101393,0.014471957983914763,748748800,0.5859375
fa60db52746b72ec,cifar10,ssb-v3-block,cnn,protocol-v3,1.0,64,3,1,154,0.00829925003927201,0.014501333003863692,748765184,0.4609375
fa60db52746b72ec,cifar10,ssb-v3-block,cnn,protocol-v3,1.0,64,3,1,155,0.008135167008731514,0.014491165988147259,748765184,0.59375
fa60db52746b72ec,cifar10,ssb-v3-block,cnn,protocol-v3,1.0,64,3,1,156,0.007716750027611852,0.014446624962147325,748765184,0.59375
fa60db52746b72ec,cifar10,ssb-v3-block,cnn,protocol-v3,1.0,64,3,1,157,0.0077433339902199805,0.014492791029624641,748765184,0.5625
fa60db52746b72ec,cifar10,ssb-v3-block,cnn,protocol-v3,1.0,64,3,1,158,0.007715541985817254,0.014421291998587549,748765184,0.59375
fa60db52746b72ec,cifar10,ssb-v3-block,cnn,protocol-v3,1.0,64,3,1,159,0.007754083024337888,0.014438375015743077,748765184,0.5078125
fa60db52746b72ec,cifar10,ssb-v3-block,cnn,protocol-v3,1.0,64,3,1,160,0.007756458013318479,0.014419457991607487,748765184,0.53125
fa60db52746b72ec,cifar10,ssb-v3-block,cnn,protocol-v3,1.0,64,3,1,161,0.007764875015709549,0.014463374973274767,748765184,0.5078125
fa60db52746b72ec,cifar10,ssb-v3-block,cnn,protocol-v3,1.0,64,3,1,162,0.008156207972206175,0.014449582959059626,748765184,0.5
fa60db52746b72ec,cifar10,ssb-v3-block,cnn,protocol-v3,1.0,64,3,1,163,0.00814291596179828,0.014448958972934633,748765184,0.5390625
fa60db52746b72ec,cifar10,ssb-v3-block,cnn,protocol-v3,1.0,64,3,1,164,0.008145125000737607,0.01442741695791483,748765184,0.625
fa60db52746b72ec,cifar10,ssb-v3-block,cnn,protocol-v3,1.0,64,3,1,165,0.008257582958322018,0.014393416000530124,748765184,0.5234375
fa60db52746b72ec,cifar10,ssb-v3-block,cnn,protocol-v3,1.0,64,3,1,166,0.008221208001486957,0.014447125024162233,748765184,0.5625
fa60db52746b72ec,cifar10,ssb-v3-block,cnn,protocol-v3,1.0,64,3,1,167,0.008156750001944602,0.014381000015418977,748765184,0.5234375
fa60db52746b72ec,cifar10,ssb-v3-block,cnn,protocol-v3,1.0,64,3,1,168,0.007975957996677607,0.014458749967161566,748765184,0.578125
fa60db52746b72ec,cifar10,ssb-v3-block,cnn,protocol-v3,1.0,64,3,1,169,0.00783066701842472,0.014501584053505212,748781568,0.515625
fa60db52746b72ec,cifar10,ssb-v3-block,cnn,protocol-v3,1.0,64,3,1,170,0.0076862500282004476,0.014432833006139845,748797952,0.5234375
fa60db52746b72ec,cifar10,ssb-v3-block,cnn,protocol-v3,1.0,64,3,1,171,0.007774958037771285,0.014482082973700017,748797952,0.6328125
fa60db52746b72ec,cifar10,ssb-v3-block,cnn,protocol-v3,1.0,64,3,1,172,0.0076922919834032655,0.014442207990214229,748797952,0.5
fa60db52746b72ec,cifar10,ssb-v3-block,cnn,protocol-v3,1.0,64,3,1,173,0.007829000009223819,0.014444125001318753,748797952,0.5625
fa60db52746b72ec,cifar10,ssb-v3-block,cnn,protocol-v3,1.0,64,3,1,174,0.007755166036076844,0.014441542036365718,748797952,0.5234375
fa60db52746b72ec,cifar10,ssb-v3-block,cnn,protocol-v3,1.0,64,3,1,175,0.008239957969635725,0.0144582079956308,748797952,0.5
fa60db52746b72ec,cifar10,ssb-v3-block,cnn,protocol-v3,1.0,64,3,1,176,0.008193749992642552,0.014448750007431954,748797952,0.46875
fa60db52746b72ec,cifar10,ssb-v3-block,cnn,protocol-v3,1.0,64,3,1,177,0.008186875027604401,0.01442441699327901,748797952,0.5078125
fa60db52746b72ec,cifar10,ssb-v3-block,cnn,protocol-v3,1.0,64,3,1,178,0.008313749975059181,0.014461583981756121,748797952,0.4609375
fa60db52746b72ec,cifar10,ssb-v3-block,cnn,protocol-v3,1.0,64,3,1,179,0.008055916987359524,0.014430332987103611,748797952,0.609375
fa60db52746b72ec,cifar10,ssb-v3-block,cnn,protocol-v3,1.0,64,3,1,180,0.008099916973151267,0.014447249996010214,748797952,0.5234375
fa60db52746b72ec,cifar10,ssb-v3-block,cnn,protocol-v3,1.0,64,3,1,181,0.008649958006571978,0.014449042035266757,748797952,0.5390625
fa60db52746b72ec,cifar10,ssb-v3-block,cnn,protocol-v3,1.0,64,3,1,182,0.008278166002128273,0.014391500037163496,748814336,0.5859375
fa60db52746b72ec,cifar10,ssb-v3-block,cnn,protocol-v3,1.0,64,3,1,183,0.00833329203305766,0.014427333022467792,748814336,0.515625
fa60db52746b72ec,cifar10,ssb-v3-block,cnn,protocol-v3,1.0,64,3,1,184,0.008210500003769994,0.01444312499370426,748814336,0.5390625
fa60db52746b72ec,cifar10,ssb-v3-block,cnn,protocol-v3,1.0,64,3,1,185,0.00815116602461785,0.01441829203395173,748814336,0.5625
fa60db52746b72ec,cifar10,ssb-v3-block,cnn,protocol-v3,1.0,64,3,1,186,0.007763458008412272,0.014445208013057709,748814336,0.5859375
fa60db52746b72ec,cifar10,ssb-v3-block,cnn,protocol-v3,1.0,64,3,1,187,0.007718416978605092,0.014398125000298023,748814336,0.5078125
fa60db52746b72ec,cifar10,ssb-v3-block,cnn,protocol-v3,1.0,64,3,1,188,0.007742166984826326,0.014351541991345584,748830720,0.609375
fa60db52746b72ec,cifar10,ssb-v3-block,cnn,protocol-v3,1.0,64,3,1,189,0.007698583009187132,0.014414667035453022,748830720,0.5
fa60db52746b72ec,cifar10,ssb-v3-block,cnn,protocol-v3,1.0,64,3,1,190,0.007774292025715113,0.014435749966651201,748830720,0.6328125
fa60db52746b72ec,cifar10,ssb-v3-block,cnn,protocol-v3,1.0,64,3,1,191,0.007745459035504609,0.014440790982916951,748847104,0.578125
fa60db52746b72ec,cifar10,ssb-v3-block,cnn,protocol-v3,1.0,64,3,1,192,0.008299875014927238,0.014423915999941528,748847104,0.5703125
fa60db52746b72ec,cifar10,ssb-v3-block,cnn,protocol-v3,1.0,64,3,1,193,0.008152582973707467,0.01444083300884813,748847104,0.515625
fa60db52746b72ec,cifar10,ssb-v3-block,cnn,protocol-v3,1.0,64,3,1,194,0.00832558301044628,0.014437667035963386,748847104,0.5703125
fa60db52746b72ec,cifar10,ssb-v3-block,cnn,protocol-v3,1.0,64,3,1,195,0.008233125030528754,0.014444291999097914,748847104,0.578125
fa60db52746b72ec,cifar10,ssb-v3-block,cnn,protocol-v3,1.0,64,3,1,196,0.008165041042957455,0.014465834014117718,748847104,0.5625
fa60db52746b72ec,cifar10,ssb-v3-block,cnn,protocol-v3,1.0,64,3,1,197,0.008588041993789375,0.014449749956838787,748847104,0.5703125
fa60db52746b72ec,cifar10,ssb-v3-block,cnn,protocol-v3,1.0,64,3,1,198,0.008525291981641203,0.014392708020750433,748863488,0.5859375
fa60db52746b72ec,cifar10,ssb-v3-block,cnn,protocol-v3,1.0,64,3,1,199,0.00810975005151704,0.014441000006627291,748863488,0.5
fa60db52746b72ec,cifar10,ssb-v3-block,cnn,protocol-v3,1.0,64,3,1,200,0.008224832999985665,0.014425040979404002,748879872,0.5625
fa60db52746b72ec,cifar10,ssb-v3-block,cnn,protocol-v3,1.0,64,3,1,201,0.007870959001593292,0.01443804200971499,748879872,0.6015625
fa60db52746b72ec,cifar10,ssb-v3-block,cnn,protocol-v3,1.0,64,3,1,202,0.007749332988169044,0.014442583022173494,748879872,0.578125
fa60db52746b72ec,cifar10,ssb-v3-block,cnn,protocol-v3,1.0,64,3,1,203,0.00782591599272564,0.014434084005188197,748879872,0.5546875
fa60db52746b72ec,cifar10,ssb-v3-block,cnn,protocol-v3,1.0,64,3,1,204,0.007720292021986097,0.014492415997665375,748912640,0.6015625
fa60db52746b72ec,cifar10,ssb-v3-block,cnn,protocol-v3,1.0,64,3,1,205,0.0076789159793406725,0.014440250000916421,748912640,0.59375
fa60db52746b72ec,cifar10,ssb-v3-block,cnn,protocol-v3,1.0,64,3,1,206,0.0077817090204916894,0.014438792015425861,748929024,0.5703125
fa60db52746b72ec,cifar10,ssb-v3-block,cnn,protocol-v3,1.0,64,3,1,207,0.008152084017638117,0.01445058296667412,748945408,0.609375
fa60db52746b72ec,cifar10,ssb-v3-block,cnn,protocol-v3,1.0,64,3,1,208,0.008172250003553927,0.014424875029362738,748945408,0.578125
fa60db52746b72ec,cifar10,ssb-v3-block,cnn,protocol-v3,1.0,64,3,1,209,0.008228416030760854,0.014436790952458978,748961792,0.5234375
fa60db52746b72ec,cifar10,ssb-v3-block,cnn,protocol-v3,1.0,64,3,1,210,0.008152042049914598,0.014443583029787987,748961792,0.53125
fa60db52746b72ec,cifar10,ssb-v3-block,cnn,protocol-v3,1.0,64,3,1,211,0.008325334056280553,0.014431958028580993,748978176,0.5703125
fa60db52746b72ec,cifar10,ssb-v3-block,cnn,protocol-v3,1.0,64,3,1,212,0.007816166966222227,0.014468958019278944,748978176,0.5078125
fa60db52746b72ec,cifar10,ssb-v3-block,cnn,protocol-v3,1.0,64,3,1,213,0.008271624974440783,0.014458541991189122,748978176,0.6015625
fa60db52746b72ec,cifar10,ssb-v3-block,cnn,protocol-v3,1.0,64,3,1,214,0.008166041981894523,0.014415667043067515,748978176,0.6015625
fa60db52746b72ec,cifar10,ssb-v3-block,cnn,protocol-v3,1.0,64,3,1,215,0.007933166984003037,0.014440374972764403,748978176,0.5625
fa60db52746b72ec,cifar10,ssb-v3-block,cnn,protocol-v3,1.0,64,3,1,216,0.007740958011709154,0.014495749957859516,748978176,0.5
fa60db52746b72ec,cifar10,ssb-v3-block,cnn,protocol-v3,1.0,64,3,1,217,0.007754791004117578,0.014371042023412883,748994560,0.546875
fa60db52746b72ec,cifar10,ssb-v3-block,cnn,protocol-v3,1.0,64,3,1,218,0.007763333967886865,0.014498166972771287,748994560,0.59375
fa60db52746b72ec,cifar10,ssb-v3-block,cnn,protocol-v3,1.0,64,3,1,219,0.007700332964304835,0.014457582961767912,749027328,0.6015625
fa60db52746b72ec,cifar10,ssb-v3-block,cnn,protocol-v3,1.0,64,3,1,220,0.007808332971762866,0.014445959008298814,749027328,0.6171875
fa60db52746b72ec,cifar10,ssb-v3-block,cnn,protocol-v3,1.0,64,3,1,221,0.008057915954850614,0.014437459001783282,749027328,0.53125
fa60db52746b72ec,cifar10,ssb-v3-block,cnn,protocol-v3,1.0,64,3,1,222,0.00813024997478351,0.0144492500112392,749027328,0.4296875
fa60db52746b72ec,cifar10,ssb-v3-block,cnn,protocol-v3,1.0,64,3,1,223,0.008100542007014155,0.014453584037255496,749043712,0.5703125
fa60db52746b72ec,cifar10,ssb-v3-block,cnn,protocol-v3,1.0,64,3,1,224,0.0077745000016875565,0.01444854203145951,749043712,0.6328125
fa60db52746b72ec,cifar10,ssb-v3-block,cnn,protocol-v3,1.0,64,3,1,225,0.008204207988455892,0.014437709003686905,749043712,0.5625
fa60db52746b72ec,cifar10,ssb-v3-block,cnn,protocol-v3,1.0,64,3,1,226,0.008135040989145637,0.014457458979450166,749043712,0.5390625
fa60db52746b72ec,cifar10,ssb-v3-block,cnn,protocol-v3,1.0,64,3,1,227,0.008275625004898757,0.014445749984588474,749060096,0.4453125
fa60db52746b72ec,cifar10,ssb-v3-block,cnn,protocol-v3,1.0,64,3,1,228,0.008204457990359515,0.014425500005017966,749060096,0.5546875
fa60db52746b72ec,cifar10,ssb-v3-block,cnn,protocol-v3,1.0,64,3,1,229,0.007861917023546994,0.014397667022421956,749060096,0.59375
fa60db52746b72ec,cifar10,ssb-v3-block,cnn,protocol-v3,1.0,64,3,1,230,0.00781941699096933,0.014460542006418109,749076480,0.546875
fa60db52746b72ec,cifar10,ssb-v3-block,cnn,protocol-v3,1.0,64,3,1,231,0.007755999977234751,0.0144356670207344,749076480,0.546875
fa60db52746b72ec,cifar10,ssb-v3-block,cnn,protocol-v3,1.0,64,3,1,232,0.007817125006113201,0.014521958015393466,749076480,0.625
fa60db52746b72ec,cifar10,ssb-v3-block,cnn,protocol-v3,1.0,64,3,1,233,0.007679499976802617,0.014439709018915892,749092864,0.6171875
fa60db52746b72ec,cifar10,ssb-v3-block,cnn,protocol-v3,1.0,64,3,1,234,0.007828125031664968,0.01439391600433737,749092864,0.640625
fa60db52746b72ec,cifar10,ssb-v3-block,cnn,protocol-v3,1.0,64,3,1,235,0.008207458013202995,0.014445458014961332,749092864,0.6328125
fa60db52746b72ec,cifar10,ssb-v3-block,cnn,protocol-v3,1.0,64,3,1,236,0.00818000000435859,0.014429000031668693,749092864,0.59375
fa60db52746b72ec,cifar10,ssb-v3-block,cnn,protocol-v3,1.0,64,3,1,237,0.008186625025700778,0.014455917000304908,749092864,0.6796875
fa60db52746b72ec,cifar10,ssb-v3-block,cnn,protocol-v3,1.0,64,3,1,238,0.008208708022721112,0.01443808397743851,749092864,0.5625
fa60db52746b72ec,cifar10,ssb-v3-block,cnn,protocol-v3,1.0,64,3,1,239,0.00833787495503202,0.014449624984990805,749092864,0.5234375
fa60db52746b72ec,cifar10,ssb-v3-block,cnn,protocol-v3,1.0,64,3,1,240,0.008162124955561012,0.014370375021826476,749092864,0.5390625
fa60db52746b72ec,cifar10,ssb-v3-block,cnn,protocol-v3,1.0,64,3,1,241,0.008160792000126094,0.014452208008151501,749092864,0.578125
fa60db52746b72ec,cifar10,ssb-v3-block,cnn,protocol-v3,1.0,64,3,1,242,0.00826895801583305,0.014430499984882772,749092864,0.515625
fa60db52746b72ec,cifar10,ssb-v3-block,cnn,protocol-v3,1.0,64,3,1,243,0.008335000020451844,0.014442208979744464,749092864,0.5859375
fa60db52746b72ec,cifar10,ssb-v3-block,cnn,protocol-v3,1.0,64,3,1,244,0.007852084003388882,0.014457624987699091,749092864,0.5390625
fa60db52746b72ec,cifar10,ssb-v3-block,cnn,protocol-v3,1.0,64,3,1,245,0.007744083006400615,0.014435915974900126,749092864,0.5703125
fa60db52746b72ec,cifar10,ssb-v3-block,cnn,protocol-v3,1.0,64,3,1,246,0.007774625031743199,0.01449674996547401,749092864,0.625
fa60db52746b72ec,cifar10,ssb-v3-block,cnn,protocol-v3,1.0,64,3,1,247,0.007856332988012582,0.01448908302700147,749109248,0.59375
fa60db52746b72ec,cifar10,ssb-v3-block,cnn,protocol-v3,1.0,64,3,1,248,0.0077013749978505075,0.014447875029873103,749109248,0.578125
fa60db52746b72ec,cifar10,ssb-v3-block,cnn,protocol-v3,1.0,64,3,1,249,0.007763417030218989,0.014432709023822099,749109248,0.5625
fa60db52746b72ec,cifar10,ssb-v3-block,cnn,protocol-v3,1.0,64,3,1,250,0.007810499984771013,0.014431999996304512,749109248,0.578125
fa60db52746b72ec,cifar10,ssb-v3-block,cnn,protocol-v3,1.0,64,3,1,251,0.008126915956381708,0.014421667030546814,749109248,0.5234375
fa60db52746b72ec,cifar10,ssb-v3-block,cnn,protocol-v3,1.0,64,3,1,252,0.00814366596750915,0.014431959018111229,749109248,0.625
fa60db52746b72ec,cifar10,ssb-v3-block,cnn,protocol-v3,1.0,64,3,1,253,0.008171666995622218,0.01443091599503532,749125632,0.5546875
fa60db52746b72ec,cifar10,ssb-v3-block,cnn,protocol-v3,1.0,64,3,1,254,0.00830766698345542,0.014441541978158057,749125632,0.4921875
fa60db52746b72ec,cifar10,ssb-v3-block,cnn,protocol-v3,1.0,64,3,1,255,0.008258584013674408,0.014437041012570262,749125632,0.640625
fa60db52746b72ec,cifar10,ssb-v3-block,cnn,protocol-v3,1.0,64,3,1,256,0.008171374967787415,0.014433791977353394,749125632,0.5703125
fa60db52746b72ec,cifar10,ssb-v3-block,cnn,protocol-v3,1.0,64,3,1,257,0.008212832966819406,0.01443712500622496,749142016,0.609375
fa60db52746b72ec,cifar10,ssb-v3-block,cnn,protocol-v3,1.0,64,3,1,258,0.00817233300767839,0.014478999946732074,749142016,0.5625
fa60db52746b72ec,cifar10,ssb-v3-block,cnn,protocol-v3,1.0,64,3,1,259,0.007920833013486117,0.014410208037588745,749142016,0.5546875
fa60db52746b72ec,cifar10,ssb-v3-block,cnn,protocol-v3,1.0,64,3,1,260,0.007871625013649464,0.014566541998647153,749142016,0.5703125
fa60db52746b72ec,cifar10,ssb-v3-block,cnn,protocol-v3,1.0,64,3,1,261,0.007852458977140486,0.014454375021159649,749158400,0.546875
fa60db52746b72ec,cifar10,ssb-v3-block,cnn,protocol-v3,1.0,64,3,1,262,0.0077444170019589365,0.01437749998876825,749158400,0.5859375
fa60db52746b72ec,cifar10,ssb-v3-block,cnn,protocol-v3,1.0,64,3,1,263,0.00773104204563424,0.014441667008213699,749158400,0.609375
fa60db52746b72ec,cifar10,ssb-v3-block,cnn,protocol-v3,1.0,64,3,1,264,0.007695832988247275,0.014412749966140836,749158400,0.609375
fa60db52746b72ec,cifar10,ssb-v3-block,cnn,protocol-v3,1.0,64,3,1,265,0.007995583000592887,0.014442207990214229,749158400,0.7265625
fa60db52746b72ec,cifar10,ssb-v3-block,cnn,protocol-v3,1.0,64,3,1,266,0.00813774997368455,0.014428374997805804,749158400,0.5390625
fa60db52746b72ec,cifar10,ssb-v3-block,cnn,protocol-v3,1.0,64,3,1,267,0.008205457997974008,0.014439040969591588,749174784,0.6171875
fa60db52746b72ec,cifar10,ssb-v3-block,cnn,protocol-v3,1.0,64,3,1,268,0.008197624993044883,0.014445458014961332,749174784,0.53125
fa60db52746b72ec,cifar10,ssb-v3-block,cnn,protocol-v3,1.0,64,3,1,269,0.008373749966267496,0.014458291989285499,749174784,0.515625
fa60db52746b72ec,cifar10,ssb-v3-block,cnn,protocol-v3,1.0,64,3,1,270,0.008185499988030642,0.014415958023164421,749191168,0.6015625
fa60db52746b72ec,cifar10,ssb-v3-block,cnn,protocol-v3,1.0,64,3,1,271,0.008165500010363758,0.014499666984193027,749191168,0.609375
fa60db52746b72ec,cifar10,ssb-v3-block,cnn,protocol-v3,1.0,64,3,1,272,0.008598957967478782,0.014429792005103081,749191168,0.609375
fa60db52746b72ec,cifar10,ssb-v3-block,cnn,protocol-v3,1.0,64,3,1,273,0.008659874962177128,0.014492499991320074,749223936,0.6640625
fa60db52746b72ec,cifar10,ssb-v3-block,cnn,protocol-v3,1.0,64,3,1,274,0.008205457997974008,0.014423165994230658,749223936,0.59375
fa60db52746b72ec,cifar10,ssb-v3-block,cnn,protocol-v3,1.0,64,3,1,275,0.008135291980579495,0.014439040969591588,749223936,0.5546875
fa60db52746b72ec,cifar10,ssb-v3-block,cnn,protocol-v3,1.0,64,3,1,276,0.008306833973620087,0.014510667009744793,749223936,0.59375
fa60db52746b72ec,cifar10,ssb-v3-block,cnn,protocol-v3,1.0,64,3,1,277,0.007769957999698818,0.014461791957728565,749223936,0.59375
fa60db52746b72ec,cifar10,ssb-v3-block,cnn,protocol-v3,1.0,64,3,1,278,0.007855625008232892,0.014395166945178062,749223936,0.5546875
fa60db52746b72ec,cifar10,ssb-v3-block,cnn,protocol-v3,1.0,64,3,1,279,0.007885750033892691,0.01434833399252966,749223936,0.59375
fa60db52746b72ec,cifar10,ssb-v3-block,cnn,protocol-v3,1.0,64,3,1,280,0.007841499987989664,0.014453249983489513,749240320,0.5859375
fa60db52746b72ec,cifar10,ssb-v3-block,cnn,protocol-v3,1.0,64,3,1,281,0.007829374982975423,0.01448174996767193,749240320,0.625
fa60db52746b72ec,cifar10,ssb-v3-block,cnn,protocol-v3,1.0,64,3,1,282,0.008196583949029446,0.014434458978939801,749256704,0.59375
fa60db52746b72ec,cifar10,ssb-v3-block,cnn,protocol-v3,1.0,64,3,1,283,0.008116082986816764,0.01444479200290516,749273088,0.6796875
fa60db52746b72ec,cifar10,ssb-v3-block,cnn,protocol-v3,1.0,64,3,1,284,0.008242375042755157,0.014431332994718105,749273088,0.625
fa60db52746b72ec,cifar10,ssb-v3-block,cnn,protocol-v3,1.0,64,3,1,285,0.007995457970537245,0.014464541978668422,749289472,0.59375
fa60db52746b72ec,cifar10,ssb-v3-block,cnn,protocol-v3,1.0,64,3,1,286,0.008257040986791253,0.014448166999500245,749289472,0.671875
fa60db52746b72ec,cifar10,ssb-v3-block,cnn,protocol-v3,1.0,64,3,1,287,0.008273957995697856,0.014423958025872707,749289472,0.5625
fa60db52746b72ec,cifar10,ssb-v3-block,cnn,protocol-v3,1.0,64,3,1,288,0.008155292016454041,0.014436749974265695,749305856,0.671875
fa60db52746b72ec,cifar10,ssb-v3-block,cnn,protocol-v3,1.0,64,3,1,289,0.00826087495079264,0.01444233296206221,749305856,0.6796875
fa60db52746b72ec,cifar10,ssb-v3-block,cnn,protocol-v3,1.0,64,3,1,290,0.008204333018511534,0.014413875003810972,749305856,0.6015625
fa60db52746b72ec,cifar10,ssb-v3-block,cnn,protocol-v3,1.0,64,3,1,291,0.007761790999211371,0.014428458001930267,749305856,0.6171875
fa60db52746b72ec,cifar10,ssb-v3-block,cnn,protocol-v3,1.0,64,3,1,292,0.007749832991976291,0.014441417006310076,749305856,0.5234375
fa60db52746b72ec,cifar10,ssb-v3-block,cnn,protocol-v3,1.0,64,3,1,293,0.00776404095813632,0.014438290963880718,749305856,0.6015625
fa60db52746b72ec,cifar10,ssb-v3-block,cnn,protocol-v3,1.0,64,3,1,294,0.007742999994661659,0.014524875034112483,749305856,0.5703125
fa60db52746b72ec,cifar10,ssb-v3-block,cnn,protocol-v3,1.0,64,3,1,295,0.007712375023402274,0.014465874992311,749305856,0.5625
fa60db52746b72ec,cifar10,ssb-v3-block,cnn,protocol-v3,1.0,64,3,1,296,0.007794249977450818,0.014453499985393137,749305856,0.640625
fa60db52746b72ec,cifar10,ssb-v3-block,cnn,protocol-v3,1.0,64,3,1,297,0.007697583001572639,0.014481000020168722,749305856,0.6328125
fa60db52746b72ec,cifar10,ssb-v3-block,cnn,protocol-v3,1.0,64,3,1,298,0.008202707977034152,0.014452375005930662,749305856,0.65625
fa60db52746b72ec,cifar10,ssb-v3-block,cnn,protocol-v3,1.0,64,3,1,299,0.007773708028253168,0.014451083960011601,749305856,0.6328125
fa60db52746b72ec,cifar10,ssb-v3-block,cnn,protocol-v3,1.0,64,3,1,300,0.007739624998066574,0.014439749997109175,749305856,0.671875
fa60db52746b72ec,cifar10,ssb-v3-block,cnn,protocol-v3,1.0,64,3,1,301,0.0077744159498251975,0.01439654198475182,749322240,0.546875
fa60db52746b72ec,cifar10,ssb-v3-block,cnn,protocol-v3,1.0,64,3,1,302,0.0077557089971378446,0.014443291001953185,749322240,0.5703125
fa60db52746b72ec,cifar10,ssb-v3-block,cnn,protocol-v3,1.0,64,3,1,303,0.007822542043868452,0.014431959018111229,749322240,0.6484375
fa60db52746b72ec,cifar10,ssb-v3-block,cnn,protocol-v3,1.0,64,3,1,304,0.007681749993935227,0.014468208013568074,749322240,0.6015625
fa60db52746b72ec,cifar10,ssb-v3-block,cnn,protocol-v3,1.0,64,3,1,305,0.0078107090084813535,0.014429958013352007,749338624,0.6328125
fa60db52746b72ec,cifar10,ssb-v3-block,cnn,protocol-v3,1.0,64,3,1,306,0.007723833958152682,0.014408207964152098,749338624,0.6015625
fa60db52746b72ec,cifar10,ssb-v3-block,cnn,protocol-v3,1.0,64,3,1,307,0.0076640829793177545,0.014443708001635969,749338624,0.5625
fa60db52746b72ec,cifar10,ssb-v3-block,cnn,protocol-v3,1.0,64,3,1,308,0.007781249994877726,0.014429375005420297,749338624,0.5625
fa60db52746b72ec,cifar10,ssb-v3-block,cnn,protocol-v3,1.0,64,3,1,309,0.007799167011398822,0.014423292013816535,749338624,0.5859375
fa60db52746b72ec,cifar10,ssb-v3-block,cnn,protocol-v3,1.0,64,3,1,310,0.007827333989553154,0.014439625025261194,749338624,0.5234375
fa60db52746b72ec,cifar10,ssb-v3-block,cnn,protocol-v3,1.0,64,3,1,311,0.00809104199288413,0.0143752500298433,749338624,0.6796875
fa60db52746b72ec,cifar10,ssb-v3-block,cnn,protocol-v3,1.0,64,3,1,312,0.008179624972399324,0.01443708298029378,749338624,0.59375
fa60db52746b72ec,cifar10,ssb-v3-block,cnn,protocol-v3,1.0,64,3,1,313,0.008234334003645927,0.014456040982622653,749338624,0.609375
fa60db52746b72ec,cifar10,ssb-v3-block,cnn,protocol-v3,1.0,64,3,1,314,0.008251500024925917,0.014436041004955769,749355008,0.609375
fa60db52746b72ec,cifar10,ssb-v3-block,cnn,protocol-v3,1.0,64,3,1,315,0.008212834014557302,0.01445166696794331,749355008,0.625
fa60db52746b72ec,cifar10,ssb-v3-block,cnn,protocol-v3,1.0,64,3,1,316,0.00830537499859929,0.014434333017561585,749371392,0.6171875
fa60db52746b72ec,cifar10,ssb-v3-block,cnn,protocol-v3,1.0,64,3,1,317,0.008458041993435472,0.014448041969444603,749371392,0.484375
fa60db52746b72ec,cifar10,ssb-v3-block,cnn,protocol-v3,1.0,64,3,1,318,0.008187833009287715,0.014488707995042205,749371392,0.6328125
fa60db52746b72ec,cifar10,ssb-v3-block,cnn,protocol-v3,1.0,64,3,1,319,0.00826750003034249,0.014427499962039292,749371392,0.578125
fa60db52746b72ec,cifar10,ssb-v3-block,cnn,protocol-v3,1.0,64,3,1,320,0.008247541030868888,0.014460875012446195,749371392,0.609375
fa60db52746b72ec,cifar10,ssb-v3-block,cnn,protocol-v3,1.0,64,3,1,321,0.007769625051878393,0.014411874988581985,749371392,0.625
fa60db52746b72ec,cifar10,ssb-v3-block,cnn,protocol-v3,1.0,64,3,1,322,0.00780129199847579,0.014352999976836145,749371392,0.5703125
fa60db52746b72ec,cifar10,ssb-v3-block,cnn,protocol-v3,1.0,64,3,1,323,0.007820500002708286,0.014430332987103611,749371392,0.6796875
fa60db52746b72ec,cifar10,ssb-v3-block,cnn,protocol-v3,1.0,64,3,1,324,0.0077310840133577585,0.014445209002587944,749371392,0.640625
fa60db52746b72ec,cifar10,ssb-v3-block,cnn,protocol-v3,1.0,64,3,1,325,0.008195709029678255,0.014466416963841766,749371392,0.546875
fa60db52746b72ec,cifar10,ssb-v3-block,cnn,protocol-v3,1.0,64,3,1,326,0.008051041979342699,0.014421500032767653,749371392,0.671875
fa60db52746b72ec,cifar10,ssb-v3-block,cnn,protocol-v3,1.0,64,3,1,327,0.008108832989819348,0.014430166978854686,749371392,0.5859375
fa60db52746b72ec,cifar10,ssb-v3-block,cnn,protocol-v3,1.0,64,3,1,328,0.008171375025995076,0.014418625039979815,749371392,0.703125
fa60db52746b72ec,cifar10,ssb-v3-block,cnn,protocol-v3,1.0,64,3,1,329,0.008205124991945922,0.014432459021918476,749387776,0.578125
fa60db52746b72ec,cifar10,ssb-v3-block,cnn,protocol-v3,1.0,64,3,1,330,0.0081734589766711,0.01445466699078679,749387776,0.5625
fa60db52746b72ec,cifar10,ssb-v3-block,cnn,protocol-v3,1.0,64,3,1,331,0.008256166998762637,0.014420292049180716,749404160,0.640625
fa60db52746b72ec,cifar10,ssb-v3-block,cnn,protocol-v3,1.0,64,3,1,332,0.008658042002934963,0.014424209017306566,749420544,0.671875
fa60db52746b72ec,cifar10,ssb-v3-block,cnn,protocol-v3,1.0,64,3,1,333,0.008298708009533584,0.014461833983659744,749436928,0.5546875
fa60db52746b72ec,cifar10,ssb-v3-block,cnn,protocol-v3,1.0,64,3,1,334,0.008278833993244916,0.014449333015363663,749436928,0.640625
fa60db52746b72ec,cifar10,ssb-v3-block,cnn,protocol-v3,1.0,64,3,1,335,0.007997124979738146,0.014449124981183559,749453312,0.671875
fa60db52746b72ec,cifar10,ssb-v3-block,cnn,protocol-v3,1.0,64,3,1,336,0.007809041999280453,0.014428291993681341,749453312,0.65625
fa60db52746b72ec,cifar10,ssb-v3-block,cnn,protocol-v3,1.0,64,3,1,337,0.0077310409978963435,0.014447833993472159,749453312,0.6875
fa60db52746b72ec,cifar10,ssb-v3-block,cnn,protocol-v3,1.0,64,3,1,338,0.007765292015392333,0.014510457986034453,749453312,0.65625
fa60db52746b72ec,cifar10,ssb-v3-block,cnn,protocol-v3,1.0,64,3,1,339,0.007689457968808711,0.014431749994400889,749453312,0.5546875
fa60db52746b72ec,cifar10,ssb-v3-block,cnn,protocol-v3,1.0,64,3,1,340,0.00783812499139458,0.014448624977376312,749453312,0.625
fa60db52746b72ec,cifar10,ssb-v3-block,cnn,protocol-v3,1.0,64,3,1,341,0.007711040962021798,0.014446583983954042,749453312,0.5859375
fa60db52746b72ec,cifar10,ssb-v3-block,cnn,protocol-v3,1.0,64,3,1,342,0.007695292006246746,0.014448833011556417,749453312,0.578125
fa60db52746b72ec,cifar10,ssb-v3-block,cnn,protocol-v3,1.0,64,3,1,343,0.008092833973933011,0.014436458004638553,749469696,0.609375
fa60db52746b72ec,cifar10,ssb-v3-block,cnn,protocol-v3,1.0,64,3,1,344,0.00817099999403581,0.014424458029679954,749469696,0.609375
fa60db52746b72ec,cifar10,ssb-v3-block,cnn,protocol-v3,1.0,64,3,1,345,0.008154875016771257,0.014431249990593642,749486080,0.6171875
fa60db52746b72ec,cifar10,ssb-v3-block,cnn,protocol-v3,1.0,64,3,1,346,0.008368208014871925,0.014431832998525351,749486080,0.5390625
fa60db52746b72ec,cifar10,ssb-v3-block,cnn,protocol-v3,1.0,64,3,1,347,0.008186624967493117,0.014441416948102415,749486080,0.578125
fa60db52746b72ec,cifar10,ssb-v3-block,cnn,protocol-v3,1.0,64,3,1,348,0.008261792012490332,0.014443000021856278,749486080,0.5234375
fa60db52746b72ec,cifar10,ssb-v3-block,cnn,protocol-v3,1.0,64,3,1,349,0.008155749994330108,0.014435374992899597,749486080,0.6328125
fa60db52746b72ec,cifar10,ssb-v3-block,cnn,protocol-v3,1.0,64,3,1,350,0.008613416983280331,0.01444399997126311,749486080,0.640625
fa60db52746b72ec,cifar10,ssb-v3-block,cnn,protocol-v3,1.0,64,3,1,351,0.008505125006195158,0.01444983301917091,749486080,0.6328125
fa60db52746b72ec,cifar10,ssb-v3-block,cnn,protocol-v3,1.0,64,3,1,352,0.008484458026941866,0.014432875032071024,749502464,0.640625
fa60db52746b72ec,cifar10,ssb-v3-block,cnn,protocol-v3,1.0,64,3,1,353,0.007788707967847586,0.014605624950490892,749502464,0.5546875
fa60db52746b72ec,cifar10,ssb-v3-block,cnn,protocol-v3,1.0,64,3,1,354,0.0077766659669578075,0.014507790969219059,749518848,0.6328125
fa60db52746b72ec,cifar10,ssb-v3-block,cnn,protocol-v3,1.0,64,3,1,355,0.007780791027471423,0.014405250025447458,749518848,0.59375
fa60db52746b72ec,cifar10,ssb-v3-block,cnn,protocol-v3,1.0,64,3,1,356,0.007853167015127838,0.014424166991375387,749518848,0.609375
fa60db52746b72ec,cifar10,ssb-v3-block,cnn,protocol-v3,1.0,64,3,1,357,0.0077882499899715185,0.014441207982599735,749518848,0.6640625
fa60db52746b72ec,cifar10,ssb-v3-block,cnn,protocol-v3,1.0,64,3,1,358,0.008141041966155171,0.01442891702754423,749518848,0.5859375
fa60db52746b72ec,cifar10,ssb-v3-block,cnn,protocol-v3,1.0,64,3,1,359,0.00815137499012053,0.014444082975387573,749535232,0.5859375
fa60db52746b72ec,cifar10,ssb-v3-block,cnn,protocol-v3,1.0,64,3,1,360,0.007944917015265673,0.014410082949325442,749535232,0.59375
fa60db52746b72ec,cifar10,ssb-v3-block,cnn,protocol-v3,1.0,64,3,1,361,0.008098791004158556,0.014422375010326505,749535232,0.65625
fa60db52746b72ec,cifar10,ssb-v3-block,cnn,protocol-v3,1.0,64,3,1,362,0.00850295799318701,0.014403707988094538,749535232,0.6796875
fa60db52746b72ec,cifar10,ssb-v3-block,cnn,protocol-v3,1.0,64,3,1,363,0.008099082973785698,0.01439991599181667,749535232,0.6015625
fa60db52746b72ec,cifar10,ssb-v3-block,cnn,protocol-v3,1.0,64,3,1,364,0.008106249966658652,0.014445625012740493,749551616,0.609375
fa60db52746b72ec,cifar10,ssb-v3-block,cnn,protocol-v3,1.0,64,3,1,365,0.00814600003650412,0.014466083026491106,749568000,0.6640625
fa60db52746b72ec,cifar10,ssb-v3-block,cnn,protocol-v3,1.0,64,3,1,366,0.007759083993732929,0.01443191699218005,749568000,0.671875
fa60db52746b72ec,cifar10,ssb-v3-block,cnn,protocol-v3,1.0,64,3,1,367,0.0077622500248253345,0.014465334010310471,749568000,0.59375
fa60db52746b72ec,cifar10,ssb-v3-block,cnn,protocol-v3,1.0,64,3,1,368,0.007767375034745783,0.01438216696260497,749568000,0.6328125
fa60db52746b72ec,cifar10,ssb-v3-block,cnn,protocol-v3,1.0,64,3,1,369,0.007827208959497511,0.014425833011046052,749568000,0.640625
fa60db52746b72ec,cifar10,ssb-v3-block,cnn,protocol-v3,1.0,64,3,1,370,0.00785383302718401,0.014441208040807396,749568000,0.625
fa60db52746b72ec,cifar10,ssb-v3-block,cnn,protocol-v3,1.0,64,3,1,371,0.007759124971926212,0.014447833003941923,749584384,0.59375
fa60db52746b72ec,cifar10,ssb-v3-block,cnn,protocol-v3,1.0,64,3,1,372,0.007706624979618937,0.014415665995329618,749584384,0.59375
fa60db52746b72ec,cifar10,ssb-v3-block,cnn,protocol-v3,1.0,64,3,1,373,0.008161667035892606,0.01444774999981746,749584384,0.6171875
fa60db52746b72ec,cifar10,ssb-v3-block,cnn,protocol-v3,1.0,64,3,1,374,0.008280500012915581,0.014442040992435068,749584384,0.6640625
fa60db52746b72ec,cifar10,ssb-v3-block,cnn,protocol-v3,1.0,64,3,1,375,0.0081521249958314,0.014420375053305179,749600768,0.6015625
fa60db52746b72ec,cifar10,ssb-v3-block,cnn,protocol-v3,1.0,64,3,1,376,0.008060332969762385,0.014435124990995973,749600768,0.6171875
fa60db52746b72ec,cifar10,ssb-v3-block,cnn,protocol-v3,1.0,64,3,1,377,0.00810762500623241,0.014434333017561585,749600768,0.5859375
fa60db52746b72ec,cifar10,ssb-v3-block,cnn,protocol-v3,1.0,64,3,1,378,0.008435625000856817,0.01439708296675235,749600768,0.6171875
fa60db52746b72ec,cifar10,ssb-v3-block,cnn,protocol-v3,1.0,64,3,1,379,0.008479416952468455,0.014449124981183559,749600768,0.640625
fa60db52746b72ec,cifar10,ssb-v3-block,cnn,protocol-v3,1.0,64,3,1,380,0.008175458002369851,0.014572374988347292,749617152,0.6171875
fa60db52746b72ec,cifar10,ssb-v3-block,cnn,protocol-v3,1.0,64,3,1,381,0.007778165978379548,0.014429250033572316,749617152,0.7109375
fa60db52746b72ec,cifar10,ssb-v3-block,cnn,protocol-v3,1.0,64,3,1,382,0.0077553329756483436,0.01444087503477931,749617152,0.6640625
fa60db52746b72ec,cifar10,ssb-v3-block,cnn,protocol-v3,1.0,64,3,1,383,0.0077220419771038,0.014417125028558075,749617152,0.625
fa60db52746b72ec,cifar10,ssb-v3-block,cnn,protocol-v3,1.0,64,3,1,384,0.00786762498319149,0.014383375004399568,749617152,0.5546875
fa60db52746b72ec,cifar10,ssb-v3-block,cnn,protocol-v3,1.0,64,3,1,385,0.007828916946891695,0.014436875004321337,749617152,0.5859375
fa60db52746b72ec,cifar10,ssb-v3-block,cnn,protocol-v3,1.0,64,3,1,386,0.007863332983106375,0.014551375003065914,749617152,0.6328125
fa60db52746b72ec,cifar10,ssb-v3-block,cnn,protocol-v3,1.0,64,3,1,387,0.008230333041865379,0.014586124976631254,749617152,0.6640625
fa60db52746b72ec,cifar10,ssb-v3-block,cnn,protocol-v3,1.0,64,3,1,388,0.007912916014902294,0.014503417012747377,749617152,0.6171875
fa60db52746b72ec,cifar10,ssb-v3-block,cnn,protocol-v3,1.0,64,3,1,389,0.007884624996222556,0.0144960000179708,749633536,0.7109375
fa60db52746b72ec,cifar10,ssb-v3-block,cnn,protocol-v3,1.0,64,3,1,390,0.022243083047214895,0.05478908400982618,765149184,0.6375
fa60db52746b72ec,cifar10,ssb-v3-block,cnn,protocol-v3,1.0,64,3,2,0,0.009085250028874725,0.015385249978862703,777158656,0.640625
fa60db52746b72ec,cifar10,ssb-v3-block,cnn,protocol-v3,1.0,64,3,2,1,0.00791266601299867,0.01452166703529656,777175040,0.6875
fa60db52746b72ec,cifar10,ssb-v3-block,cnn,protocol-v3,1.0,64,3,2,2,0.007778666040394455,0.014497957949060947,777175040,0.640625
fa60db52746b72ec,cifar10,ssb-v3-block,cnn,protocol-v3,1.0,64,3,2,3,0.007889083994086832,0.014540167001541704,778780672,0.6875
fa60db52746b72ec,cifar10,ssb-v3-block,cnn,protocol-v3,1.0,64,3,2,4,0.007903208024799824,0.014505416969768703,778780672,0.6953125
fa60db52746b72ec,cifar10,ssb-v3-block,cnn,protocol-v3,1.0,64,3,2,5,0.008247749996371567,0.014479167002718896,778731520,0.703125
fa60db52746b72ec,cifar10,ssb-v3-block,cnn,protocol-v3,1.0,64,3,2,6,0.008232625026721507,0.014441124978475273,780304384,0.7109375
fa60db52746b72ec,cifar10,ssb-v3-block,cnn,protocol-v3,1.0,64,3,2,7,0.008137291995808482,0.01448870898457244,780320768,0.6875
fa60db52746b72ec,cifar10,ssb-v3-block,cnn,protocol-v3,1.0,64,3,2,8,0.00824937503784895,0.014482792001217604,780320768,0.65625
fa60db52746b72ec,cifar10,ssb-v3-block,cnn,protocol-v3,1.0,64,3,2,9,0.007792416960000992,0.014479000004939735,780320768,0.65625
fa60db52746b72ec,cifar10,ssb-v3-block,cnn,protocol-v3,1.0,64,3,2,10,0.008253000036347657,0.014473540999460965,780320768,0.671875
fa60db52746b72ec,cifar10,ssb-v3-block,cnn,protocol-v3,1.0,64,3,2,11,0.008204457990359515,0.014506832987535745,780320768,0.6640625
fa60db52746b72ec,cifar10,ssb-v3-block,cnn,protocol-v3,1.0,64,3,2,12,0.008167250023689121,0.014470750000327826,780320768,0.640625
fa60db52746b72ec,cifar10,ssb-v3-block,cnn,protocol-v3,1.0,64,3,2,13,0.008700375037733465,0.014485457970295101,780320768,0.65625
fa60db52746b72ec,cifar10,ssb-v3-block,cnn,protocol-v3,1.0,64,3,2,14,0.007843750005122274,0.014474582974798977,780320768,0.625
fa60db52746b72ec,cifar10,ssb-v3-block,cnn,protocol-v3,1.0,64,3,2,15,0.008249832957517356,0.01445987494662404,780320768,0.6484375
fa60db52746b72ec,cifar10,ssb-v3-block,cnn,protocol-v3,1.0,64,3,2,16,0.008116874960251153,0.01447470800485462,780320768,0.703125
fa60db52746b72ec,cifar10,ssb-v3-block,cnn,protocol-v3,1.0,64,3,2,17,0.0077929580002091825,0.01447566703427583,780320768,0.65625
fa60db52746b72ec,cifar10,ssb-v3-block,cnn,protocol-v3,1.0,64,3,2,18,0.007757666986435652,0.014538958959747106,780320768,0.6796875
fa60db52746b72ec,cifar10,ssb-v3-block,cnn,protocol-v3,1.0,64,3,2,19,0.007774416997563094,0.014476833981461823,780320768,0.6796875
fa60db52746b72ec,cifar10,ssb-v3-block,cnn,protocol-v3,1.0,64,3,2,20,0.007786999980453402,0.014463750005234033,780320768,0.7265625
fa60db52746b72ec,cifar10,ssb-v3-block,cnn,protocol-v3,1.0,64,3,2,21,0.007791833020746708,0.014469333982560784,780320768,0.671875
fa60db52746b72ec,cifar10,ssb-v3-block,cnn,protocol-v3,1.0,64,3,2,22,0.008096542034763843,0.014442500018049031,780337152,0.625
fa60db52746b72ec,cifar10,ssb-v3-block,cnn,protocol-v3,1.0,64,3,2,23,0.008193582994863391,0.014439542021136731,780337152,0.6484375
fa60db52746b72ec,cifar10,ssb-v3-block,cnn,protocol-v3,1.0,64,3,2,24,0.008169707958586514,0.014473500021267682,780337152,0.671875
fa60db52746b72ec,cifar10,ssb-v3-block,cnn,protocol-v3,1.0,64,3,2,25,0.00818841700674966,0.014451459050178528,780337152,0.671875
fa60db52746b72ec,cifar10,ssb-v3-block,cnn,protocol-v3,1.0,64,3,2,26,0.00811737502226606,0.014461708022281528,780337152,0.671875
fa60db52746b72ec,cifar10,ssb-v3-block,cnn,protocol-v3,1.0,64,3,2,27,0.008367625006940216,0.014457792043685913,780337152,0.6796875
fa60db52746b72ec,cifar10,ssb-v3-block,cnn,protocol-v3,1.0,64,3,2,28,0.00848804198903963,0.014456791977863759,780337152,0.7265625
fa60db52746b72ec,cifar10,ssb-v3-block,cnn,protocol-v3,1.0,64,3,2,29,0.008229416969697922,0.014445875014644116,780337152,0.6484375
fa60db52746b72ec,cifar10,ssb-v3-block,cnn,protocol-v3,1.0,64,3,2,30,0.008108541020192206,0.014469916000962257,780353536,0.6796875
fa60db52746b72ec,cifar10,ssb-v3-block,cnn,protocol-v3,1.0,64,3,2,31,0.008233292028307915,0.014619374996982515,780353536,0.6953125
fa60db52746b72ec,cifar10,ssb-v3-block,cnn,protocol-v3,1.0,64,3,2,32,0.008616625040303916,0.014532207977026701,780353536,0.6953125
fa60db52746b72ec,cifar10,ssb-v3-block,cnn,protocol-v3,1.0,64,3,2,33,0.009466541989240795,0.015111792017705739,780353536,0.6640625
fa60db52746b72ec,cifar10,ssb-v3-block,cnn,protocol-v3,1.0,64,3,2,34,0.008568791032303125,0.01510895899264142,780353536,0.6875
fa60db52746b72ec,cifar10,ssb-v3-block,cnn,protocol-v3,1.0,64,3,2,35,0.008806833007838577,0.014794042042922229,780353536,0.6484375
fa60db52746b72ec,cifar10,ssb-v3-block,cnn,protocol-v3,1.0,64,3,2,36,0.008294375031255186,0.014751709008123726,780353536,0.7734375
fa60db52746b72ec,cifar10,ssb-v3-block,cnn,protocol-v3,1.0,64,3,2,37,0.008384875021874905,0.014466791995801032,780353536,0.5859375
fa60db52746b72ec,cifar10,ssb-v3-block,cnn,protocol-v3,1.0,64,3,2,38,0.007735999999567866,0.014465042040683329,780353536,0.6640625
fa60db52746b72ec,cifar10,ssb-v3-block,cnn,protocol-v3,1.0,64,3,2,39,0.008109958027489483,0.014448457979597151,780353536,0.75
fa60db52746b72ec,cifar10,ssb-v3-block,cnn,protocol-v3,1.0,64,3,2,40,0.008171666006091982,0.014463583007454872,780353536,0.671875
fa60db52746b72ec,cifar10,ssb-v3-block,cnn,protocol-v3,1.0,64,3,2,41,0.008211957989260554,0.014459082973189652,780353536,0.671875
fa60db52746b72ec,cifar10,ssb-v3-block,cnn,protocol-v3,1.0,64,3,2,42,0.008182582969311625,0.014436124998610467,780353536,0.65625
fa60db52746b72ec,cifar10,ssb-v3-block,cnn,protocol-v3,1.0,64,3,2,43,0.00808037503156811,0.01444104197435081,780369920,0.7421875
fa60db52746b72ec,cifar10,ssb-v3-block,cnn,protocol-v3,1.0,64,3,2,44,0.00869175000116229,0.014446415996644646,780369920,0.6328125
fa60db52746b72ec,cifar10,ssb-v3-block,cnn,protocol-v3,1.0,64,3,2,45,0.00833641696954146,0.014446916989982128,780369920,0.71875
fa60db52746b72ec,cifar10,ssb-v3-block,cnn,protocol-v3,1.0,64,3,2,46,0.008509207982569933,0.014441083010751754,780369920,0.6640625
fa60db52746b72ec,cifar10,ssb-v3-block,cnn,protocol-v3,1.0,64,3,2,47,0.00836949999211356,0.014434708980843425,780369920,0.640625
fa60db52746b72ec,cifar10,ssb-v3-block,cnn,protocol-v3,1.0,64,3,2,48,0.008159000019077212,0.014453584037255496,780369920,0.765625
fa60db52746b72ec,cifar10,ssb-v3-block,cnn,protocol-v3,1.0,64,3,2,49,0.008249416016042233,0.01447766594355926,780369920,0.765625
fa60db52746b72ec,cifar10,ssb-v3-block,cnn,protocol-v3,1.0,64,3,2,50,0.008622375025879592,0.014431249990593642,780369920,0.75
fa60db52746b72ec,cifar10,ssb-v3-block,cnn,protocol-v3,1.0,64,3,2,51,0.008130000031087548,0.01444383297348395,780369920,0.7109375
fa60db52746b72ec,cifar10,ssb-v3-block,cnn,protocol-v3,1.0,64,3,2,52,0.008516083005815744,0.014410083007533103,780369920,0.6796875
fa60db52746b72ec,cifar10,ssb-v3-block,cnn,protocol-v3,1.0,64,3,2,53,0.00846820801962167,0.014479124976787716,780369920,0.671875
fa60db52746b72ec,cifar10,ssb-v3-block,cnn,protocol-v3,1.0,64,3,2,54,0.008196707989554852,0.014424082997720689,780369920,0.671875
fa60db52746b72ec,cifar10,ssb-v3-block,cnn,protocol-v3,1.0,64,3,2,55,0.008298749977257103,0.014482791011687368,780369920,0.71875
fa60db52746b72ec,cifar10,ssb-v3-block,cnn,protocol-v3,1.0,64,3,2,56,0.008275708998553455,0.014431249990593642,780369920,0.75
fa60db52746b72ec,cifar10,ssb-v3-block,cnn,protocol-v3,1.0,64,3,2,57,0.007933290966320783,0.014460249978583306,780386304,0.6875
fa60db52746b72ec,cifar10,ssb-v3-block,cnn,protocol-v3,1.0,64,3,2,58,0.007733666978310794,0.014514625014271587,780386304,0.671875
fa60db52746b72ec,cifar10,ssb-v3-block,cnn,protocol-v3,1.0,64,3,2,59,0.007762207998894155,0.014483542006928474,780386304,0.6640625
fa60db52746b72ec,cifar10,ssb-v3-block,cnn,protocol-v3,1.0,64,3,2,60,0.00782241695560515,0.014436500030569732,780386304,0.7734375
fa60db52746b72ec,cifar10,ssb-v3-block,cnn,protocol-v3,1.0,64,3,2,61,0.007845874992199242,0.014460792008321732,780386304,0.671875
fa60db52746b72ec,cifar10,ssb-v3-block,cnn,protocol-v3,1.0,64,3,2,62,0.007806124980561435,0.014497999974992126,780386304,0.6875
fa60db52746b72ec,cifar10,ssb-v3-block,cnn,protocol-v3,1.0,64,3,2,63,0.008211957989260554,0.014490000030491501,780386304,0.7578125
fa60db52746b72ec,cifar10,ssb-v3-block,cnn,protocol-v3,1.0,64,3,2,64,0.00868895894382149,0.014464124978985637,780386304,0.6953125
fa60db52746b72ec,cifar10,ssb-v3-block,cnn,protocol-v3,1.0,64,3,2,65,0.008201459015253931,0.014488249958958477,780386304,0.6796875
fa60db52746b72ec,cifar10,ssb-v3-block,cnn,protocol-v3,1.0,64,3,2,66,0.008182749967090786,0.014451458002440631,780386304,0.6328125
fa60db52746b72ec,cifar10,ssb-v3-block,cnn,protocol-v3,1.0,64,3,2,67,0.008125332999043167,0.01447016594465822,780386304,0.7265625
fa60db52746b72ec,cifar10,ssb-v3-block,cnn,protocol-v3,1.0,64,3,2,68,0.008287583012133837,0.014484749990515411,780386304,0.6640625
fa60db52746b72ec,cifar10,ssb-v3-block,cnn,protocol-v3,1.0,64,3,2,69,0.008623500005342066,0.014454582997132093,780386304,0.7578125
fa60db52746b72ec,cifar10,ssb-v3-block,cnn,protocol-v3,1.0,64,3,2,70,0.008140208024997264,0.014463750005234033,780402688,0.6796875
fa60db52746b72ec,cifar10,ssb-v3-block,cnn,protocol-v3,1.0,64,3,2,71,0.008100499981082976,0.014460542006418109,780402688,0.6953125
fa60db52746b72ec,cifar10,ssb-v3-block,cnn,protocol-v3,1.0,64,3,2,72,0.0082472920184955,0.014465458982158452,780402688,0.6328125
fa60db52746b72ec,cifar10,ssb-v3-block,cnn,protocol-v3,1.0,64,3,2,73,0.008564500021748245,0.014469207962974906,780402688,0.6875
fa60db52746b72ec,cifar10,ssb-v3-block,cnn,protocol-v3,1.0,64,3,2,74,0.008155999996233732,0.014456917007919401,780402688,0.703125
fa60db52746b72ec,cifar10,ssb-v3-block,cnn,protocol-v3,1.0,64,3,2,75,0.007812375028152019,0.014445083972532302,780402688,0.65625
fa60db52746b72ec,cifar10,ssb-v3-block,cnn,protocol-v3,1.0,64,3,2,76,0.00774691702099517,0.014445666980464011,780402688,0.8046875
fa60db52746b72ec,cifar10,ssb-v3-block,cnn,protocol-v3,1.0,64,3,2,77,0.007806250010617077,0.014544249977916479,780402688,0.6328125
fa60db52746b72ec,cifar10,ssb-v3-block,cnn,protocol-v3,1.0,64,3,2,78,0.007790333998855203,0.014469499990809709,780402688,0.6484375
fa60db52746b72ec,cifar10,ssb-v3-block,cnn,protocol-v3,1.0,64,3,2,79,0.007815625052899122,0.014452917035669088,780402688,0.7421875
fa60db52746b72ec,cifar10,ssb-v3-block,cnn,protocol-v3,1.0,64,3,2,80,0.00772279198281467,0.014448124973569065,780402688,0.640625
fa60db52746b72ec,cifar10,ssb-v3-block,cnn,protocol-v3,1.0,64,3,2,81,0.00823604199104011,0.014446374960243702,780419072,0.65625
fa60db52746b72ec,cifar10,ssb-v3-block,cnn,protocol-v3,1.0,64,3,2,82,0.008065625035669655,0.014450667018536478,780419072,0.6640625
fa60db52746b72ec,cifar10,ssb-v3-block,cnn,protocol-v3,1.0,64,3,2,83,0.008170499990228564,0.014447874971665442,780419072,0.703125
fa60db52746b72ec,cifar10,ssb-v3-block,cnn,protocol-v3,1.0,64,3,2,84,0.008122499973978847,0.01441595796495676,780419072,0.71875
fa60db52746b72ec,cifar10,ssb-v3-block,cnn,protocol-v3,1.0,64,3,2,85,0.008587791991885751,0.014452208008151501,780419072,0.6953125
fa60db52746b72ec,cifar10,ssb-v3-block,cnn,protocol-v3,1.0,64,3,2,86,0.008688875008374453,0.014447790978010744,780419072,0.703125
fa60db52746b72ec,cifar10,ssb-v3-block,cnn,protocol-v3,1.0,64,3,2,87,0.008185375016182661,0.014445792010519654,780419072,0.703125
fa60db52746b72ec,cifar10,ssb-v3-block,cnn,protocol-v3,1.0,64,3,2,88,0.00809629203286022,0.014449667010921985,780419072,0.7734375
fa60db52746b72ec,cifar10,ssb-v3-block,cnn,protocol-v3,1.0,64,3,2,89,0.008706583990715444,0.014427917019929737,780419072,0.7109375
fa60db52746b72ec,cifar10,ssb-v3-block,cnn,protocol-v3,1.0,64,3,2,90,0.008218208036851138,0.014450124988798052,780419072,0.734375
fa60db52746b72ec,cifar10,ssb-v3-block,cnn,protocol-v3,1.0,64,3,2,91,0.008671999967191368,0.014457417011726648,780435456,0.625
fa60db52746b72ec,cifar10,ssb-v3-block,cnn,protocol-v3,1.0,64,3,2,92,0.008149042027071118,0.01444854203145951,780451840,0.640625
fa60db52746b72ec,cifar10,ssb-v3-block,cnn,protocol-v3,1.0,64,3,2,93,0.008201916993129998,0.014443917025346309,780451840,0.6875
fa60db52746b72ec,cifar10,ssb-v3-block,cnn,protocol-v3,1.0,64,3,2,94,0.007770500029437244,0.014553665998391807,780451840,0.703125
fa60db52746b72ec,cifar10,ssb-v3-block,cnn,protocol-v3,1.0,64,3,2,95,0.007782708038575947,0.01446645800024271,780451840,0.640625
fa60db52746b72ec,cifar10,ssb-v3-block,cnn,protocol-v3,1.0,64,3,2,96,0.007776166021358222,0.014417625032365322,780451840,0.6953125
fa60db52746b72ec,cifar10,ssb-v3-block,cnn,protocol-v3,1.0,64,3,2,97,0.007738540996797383,0.01439504197333008,780451840,0.6953125
fa60db52746b72ec,cifar10,ssb-v3-block,cnn,protocol-v3,1.0,64,3,2,98,0.007830083020962775,0.014443374995607883,780451840,0.71875
fa60db52746b72ec,cifar10,ssb-v3-block,cnn,protocol-v3,1.0,64,3,2,99,0.008201332995668054,0.014462542021647096,780451840,0.734375
fa60db52746b72ec,cifar10,ssb-v3-block,cnn,protocol-v3,1.0,64,3,2,100,0.007823833031579852,0.014441957988310605,780451840,0.6640625
fa60db52746b72ec,cifar10,ssb-v3-block,cnn,protocol-v3,1.0,64,3,2,101,0.008079707971774042,0.014455917000304908,780451840,0.71875
fa60db52746b72ec,cifar10,ssb-v3-block,cnn,protocol-v3,1.0,64,3,2,102,0.008223042008467019,0.014459083962719887,780468224,0.703125
fa60db52746b72ec,cifar10,ssb-v3-block,cnn,protocol-v3,1.0,64,3,2,103,0.008341250009834766,0.014450333022978157,780484608,0.6796875
fa60db52746b72ec,cifar10,ssb-v3-block,cnn,protocol-v3,1.0,64,3,2,104,0.007755333965178579,0.014461749990005046,780484608,0.703125
fa60db52746b72ec,cifar10,ssb-v3-block,cnn,protocol-v3,1.0,64,3,2,105,0.007747416966594756,0.014448250003624707,780484608,0.6875
fa60db52746b72ec,cifar10,ssb-v3-block,cnn,protocol-v3,1.0,64,3,2,106,0.007778250030241907,0.014452167029958218,780484608,0.6953125
fa60db52746b72ec,cifar10,ssb-v3-block,cnn,protocol-v3,1.0,64,3,2,107,0.00786375004099682,0.014445209002587944,780484608,0.71875
fa60db52746b72ec,cifar10,ssb-v3-block,cnn,protocol-v3,1.0,64,3,2,108,0.007801041996572167,0.014503000013064593,780484608,0.7265625
fa60db52746b72ec,cifar10,ssb-v3-block,cnn,protocol-v3,1.0,64,3,2,109,0.007734666985925287,0.014447415946051478,780484608,0.6875
fa60db52746b72ec,cifar10,ssb-v3-block,cnn,protocol-v3,1.0,64,3,2,110,0.007832041999790817,0.014411834010388702,780484608,0.7265625
fa60db52746b72ec,cifar10,ssb-v3-block,cnn,protocol-v3,1.0,64,3,2,111,0.007798583013936877,0.014448833011556417,780484608,0.6875
fa60db52746b72ec,cifar10,ssb-v3-block,cnn,protocol-v3,1.0,64,3,2,112,0.0077498749596998096,0.014466041000559926,780500992,0.6015625
fa60db52746b72ec,cifar10,ssb-v3-block,cnn,protocol-v3,1.0,64,3,2,113,0.007812042022123933,0.014444707951042801,780533760,0.65625
fa60db52746b72ec,cifar10,ssb-v3-block,cnn,protocol-v3,1.0,64,3,2,114,0.007808959053363651,0.014468957961071283,780533760,0.7265625
fa60db52746b72ec,cifar10,ssb-v3-block,cnn,protocol-v3,1.0,64,3,2,115,0.008250958984717727,0.01443337503587827,780533760,0.671875
fa60db52746b72ec,cifar10,ssb-v3-block,cnn,protocol-v3,1.0,64,3,2,116,0.008152291993610561,0.014430207957047969,780533760,0.671875
fa60db52746b72ec,cifar10,ssb-v3-block,cnn,protocol-v3,1.0,64,3,2,117,0.008191666041966528,0.014451167022343725,780533760,0.6953125
fa60db52746b72ec,cifar10,ssb-v3-block,cnn,protocol-v3,1.0,64,3,2,118,0.008716584008652717,0.014451124996412545,780533760,0.6796875
fa60db52746b72ec,cifar10,ssb-v3-block,cnn,protocol-v3,1.0,64,3,2,119,0.008355541969649494,0.014435666031204164,780533760,0.703125
fa60db52746b72ec,cifar10,ssb-v3-block,cnn,protocol-v3,1.0,64,3,2,120,0.008318541978951544,0.014450666960328817,780533760,0.7421875
fa60db52746b72ec,cifar10,ssb-v3-block,cnn,protocol-v3,1.0,64,3,2,121,0.008175417024176568,0.01441679202252999,780533760,0.7421875
fa60db52746b72ec,cifar10,ssb-v3-block,cnn,protocol-v3,1.0,64,3,2,122,0.008164207974914461,0.014467749977484345,780533760,0.671875
fa60db52746b72ec,cifar10,ssb-v3-block,cnn,protocol-v3,1.0,64,3,2,123,0.008785167010501027,0.014456834003794938,780533760,0.7265625
fa60db52746b72ec,cifar10,ssb-v3-block,cnn,protocol-v3,1.0,64,3,2,124,0.0084343749913387,0.014384415990207344,780533760,0.671875
fa60db52746b72ec,cifar10,ssb-v3-block,cnn,protocol-v3,1.0,64,3,2,125,0.007877416966948658,0.014436041994486004,780533760,0.7265625
fa60db52746b72ec,cifar10,ssb-v3-block,cnn,protocol-v3,1.0,64,3,2,126,0.008132041024509817,0.014475208998192102,780533760,0.7109375
fa60db52746b72ec,cifar10,ssb-v3-block,cnn,protocol-v3,1.0,64,3,2,127,0.0077823749743402,0.014463750005234033,780550144,0.578125
fa60db52746b72ec,cifar10,ssb-v3-block,cnn,protocol-v3,1.0,64,3,2,128,0.007667166006285697,0.014437625010032207,780550144,0.71875
fa60db52746b72ec,cifar10,ssb-v3-block,cnn,protocol-v3,1.0,64,3,2,129,0.00782779196742922,0.014454459014814347,780550144,0.7109375
fa60db52746b72ec,cifar10,ssb-v3-block,cnn,protocol-v3,1.0,64,3,2,130,0.007754083024337888,0.014481207996141165,780550144,0.625
fa60db52746b72ec,cifar10,ssb-v3-block,cnn,protocol-v3,1.0,64,3,2,131,0.007835459022317082,0.01447845803340897,780550144,0.671875
fa60db52746b72ec,cifar10,ssb-v3-block,cnn,protocol-v3,1.0,64,3,2,132,0.00778783397981897,0.014456834003794938,780550144,0.65625
fa60db52746b72ec,cifar10,ssb-v3-block,cnn,protocol-v3,1.0,64,3,2,133,0.008294500003103167,0.01446866599144414,780566528,0.640625
fa60db52746b72ec,cifar10,ssb-v3-block,cnn,protocol-v3,1.0,64,3,2,134,0.008279083005618304,0.014460541016887873,780566528,0.6484375
fa60db52746b72ec,cifar10,ssb-v3-block,cnn,protocol-v3,1.0,64,3,2,135,0.008170042012352496,0.01444387499941513,780566528,0.6796875
fa60db52746b72ec,cifar10,ssb-v3-block,cnn,protocol-v3,1.0,64,3,2,136,0.008338458021171391,0.01441804098431021,780566528,0.640625
fa60db52746b72ec,cifar10,ssb-v3-block,cnn,protocol-v3,1.0,64,3,2,137,0.008099541009869426,0.014441707986406982,780566528,0.6796875
fa60db52746b72ec,cifar10,ssb-v3-block,cnn,protocol-v3,1.0,64,3,2,138,0.008076957950834185,0.014445791952311993,780566528,0.671875
fa60db52746b72ec,cifar10,ssb-v3-block,cnn,protocol-v3,1.0,64,3,2,139,0.008566250035073608,0.01442254101857543,780582912,0.6484375
fa60db52746b72ec,cifar10,ssb-v3-block,cnn,protocol-v3,1.0,64,3,2,140,0.008679666032548994,0.01447433396242559,780582912,0.6796875
fa60db52746b72ec,cifar10,ssb-v3-block,cnn,protocol-v3,1.0,64,3,2,141,0.008455541974399239,0.014452417031861842,780582912,0.7578125
fa60db52746b72ec,cifar10,ssb-v3-block,cnn,protocol-v3,1.0,64,3,2,142,0.008096625038888305,0.014455750002525747,780582912,0.6875
fa60db52746b72ec,cifar10,ssb-v3-block,cnn,protocol-v3,1.0,64,3,2,143,0.008243624994065613,0.014478666998911649,780582912,0.65625
fa60db52746b72ec,cifar10,ssb-v3-block,cnn,protocol-v3,1.0,64,3,2,144,0.008053999976255,0.014451500028371811,780582912,0.7421875
fa60db52746b72ec,cifar10,ssb-v3-block,cnn,protocol-v3,1.0,64,3,2,145,0.007893542002420872,0.014468499983195215,780582912,0.640625
fa60db52746b72ec,cifar10,ssb-v3-block,cnn,protocol-v3,1.0,64,3,2,146,0.007739624998066574,0.01444258401170373,780599296,0.7109375
fa60db52746b72ec,cifar10,ssb-v3-block,cnn,protocol-v3,1.0,64,3,2,147,0.007744333997834474,0.014483208011370152,780599296,0.7578125
fa60db52746b72ec,cifar10,ssb-v3-block,cnn,protocol-v3,1.0,64,3,2,148,0.007798957987688482,0.014444458007346839,780615680,0.640625
fa60db52746b72ec,cifar10,ssb-v3-block,cnn,protocol-v3,1.0,64,3,2,149,0.007624416961334646,0.014422415988519788,780615680,0.7421875
fa60db52746b72ec,cifar10,ssb-v3-block,cnn,protocol-v3,1.0,64,3,2,150,0.0077474170248024166,0.01442104100715369,780615680,0.75
fa60db52746b72ec,cifar10,ssb-v3-block,cnn,protocol-v3,1.0,64,3,2,151,0.007918708957731724,0.014312957995571196,780615680,0.6875
fa60db52746b72ec,cifar10,ssb-v3-block,cnn,protocol-v3,1.0,64,3,2,152,0.00821025000186637,0.01444983296096325,780615680,0.7109375
fa60db52746b72ec,cifar10,ssb-v3-block,cnn,protocol-v3,1.0,64,3,2,153,0.007774833997245878,0.014451583032496274,780615680,0.6953125
fa60db52746b72ec,cifar10,ssb-v3-block,cnn,protocol-v3,1.0,64,3,2,154,0.007793665979988873,0.01442362496163696,780615680,0.6796875
fa60db52746b72ec,cifar10,ssb-v3-block,cnn,protocol-v3,1.0,64,3,2,155,0.007939709001220763,0.01449320901883766,780615680,0.7109375
fa60db52746b72ec,cifar10,ssb-v3-block,cnn,protocol-v3,1.0,64,3,2,156,0.007825209002476186,0.01447041699429974,780632064,0.6484375
fa60db52746b72ec,cifar10,ssb-v3-block,cnn,protocol-v3,1.0,64,3,2,157,0.007810875016730279,0.014425667002797127,780632064,0.6953125
fa60db52746b72ec,cifar10,ssb-v3-block,cnn,protocol-v3,1.0,64,3,2,158,0.007850333000533283,0.014542249962687492,780648448,0.65625
fa60db52746b72ec,cifar10,ssb-v3-block,cnn,protocol-v3,1.0,64,3,2,159,0.007813374977558851,0.014392207958735526,780648448,0.703125
fa60db52746b72ec,cifar10,ssb-v3-block,cnn,protocol-v3,1.0,64,3,2,160,0.007774249999783933,0.014448834001086652,780648448,0.703125
fa60db52746b72ec,cifar10,ssb-v3-block,cnn,protocol-v3,1.0,64,3,2,161,0.007805916015058756,0.014459500031080097,780648448,0.7421875
fa60db52746b72ec,cifar10,ssb-v3-block,cnn,protocol-v3,1.0,64,3,2,162,0.007838915975298733,0.01445004198467359,780648448,0.7578125
fa60db52746b72ec,cifar10,ssb-v3-block,cnn,protocol-v3,1.0,64,3,2,163,0.00784487504279241,0.014465542044490576,780648448,0.7265625
fa60db52746b72ec,cifar10,ssb-v3-block,cnn,protocol-v3,1.0,64,3,2,164,0.008071749994996935,0.014451625000219792,780648448,0.703125
fa60db52746b72ec,cifar10,ssb-v3-block,cnn,protocol-v3,1.0,64,3,2,165,0.00825554202310741,0.014454166986979544,780648448,0.6640625
fa60db52746b72ec,cifar10,ssb-v3-block,cnn,protocol-v3,1.0,64,3,2,166,0.00812483305344358,0.014433707983698696,780648448,0.65625
fa60db52746b72ec,cifar10,ssb-v3-block,cnn,protocol-v3,1.0,64,3,2,167,0.00835962500423193,0.014476875017862767,780648448,0.7109375
fa60db52746b72ec,cifar10,ssb-v3-block,cnn,protocol-v3,1.0,64,3,2,168,0.008239292015787214,0.014461125014349818,780648448,0.703125
fa60db52746b72ec,cifar10,ssb-v3-block,cnn,protocol-v3,1.0,64,3,2,169,0.00826295797014609,0.01444699999410659,780648448,0.7265625
fa60db52746b72ec,cifar10,ssb-v3-block,cnn,protocol-v3,1.0,64,3,2,170,0.008586207986809313,0.01442050002515316,780648448,0.7265625
fa60db52746b72ec,cifar10,ssb-v3-block,cnn,protocol-v3,1.0,64,3,2,171,0.008193041023332626,0.014443166961427778,780648448,0.578125
fa60db52746b72ec,cifar10,ssb-v3-block,cnn,protocol-v3,1.0,64,3,2,172,0.008355207974091172,0.014471374975983053,780648448,0.671875
fa60db52746b72ec,cifar10,ssb-v3-block,cnn,protocol-v3,1.0,64,3,2,173,0.008330208016559482,0.014469707966782153,780648448,0.6796875
fa60db52746b72ec,cifar10,ssb-v3-block,cnn,protocol-v3,1.0,64,3,2,174,0.007872041023802012,0.014435416960623115,780648448,0.71875
fa60db52746b72ec,cifar10,ssb-v3-block,cnn,protocol-v3,1.0,64,3,2,175,0.007662208983674645,0.014478291966952384,780648448,0.71875
fa60db52746b72ec,cifar10,ssb-v3-block,cnn,protocol-v3,1.0,64,3,2,176,0.00774220802122727,0.014428499969653785,780648448,0.625
fa60db52746b72ec,cifar10,ssb-v3-block,cnn,protocol-v3,1.0,64,3,2,177,0.007804708962794393,0.014394624973647296,780648448,0.671875
fa60db52746b72ec,cifar10,ssb-v3-block,cnn,protocol-v3,1.0,64,3,2,178,0.007862375001423061,0.014445833978243172,780664832,0.65625
fa60db52746b72ec,cifar10,ssb-v3-block,cnn,protocol-v3,1.0,64,3,2,179,0.007819582999218255,0.014431792020332068,780664832,0.7265625
fa60db52746b72ec,cifar10,ssb-v3-block,cnn,protocol-v3,1.0,64,3,2,180,0.008241167000960559,0.01446575002046302,780681216,0.7265625
fa60db52746b72ec,cifar10,ssb-v3-block,cnn,protocol-v3,1.0,64,3,2,181,0.008229208004195243,0.014441541978158057,780713984,0.671875
fa60db52746b72ec,cifar10,ssb-v3-block,cnn,protocol-v3,1.0,64,3,2,182,0.008287624979857355,0.014462040970101953,780713984,0.6640625
fa60db52746b72ec,cifar10,ssb-v3-block,cnn,protocol-v3,1.0,64,3,2,183,0.008159375051036477,0.014449917012825608,780713984,0.7109375
fa60db52746b72ec,cifar10,ssb-v3-block,cnn,protocol-v3,1.0,64,3,2,184,0.00818150001578033,0.014445083972532302,780730368,0.703125
fa60db52746b72ec,cifar10,ssb-v3-block,cnn,protocol-v3,1.0,64,3,2,185,0.008581749978475273,0.014454625023063272,780730368,0.703125
fa60db52746b72ec,cifar10,ssb-v3-block,cnn,protocol-v3,1.0,64,3,2,186,0.008158290991559625,0.0144492500112392,780730368,0.7734375
fa60db52746b72ec,cifar10,ssb-v3-block,cnn,protocol-v3,1.0,64,3,2,187,0.00828391598770395,0.014449000009335577,780730368,0.6953125
fa60db52746b72ec,cifar10,ssb-v3-block,cnn,protocol-v3,1.0,64,3,2,188,0.008538583002518862,0.014459541998803616,780730368,0.71875
fa60db52746b72ec,cifar10,ssb-v3-block,cnn,protocol-v3,1.0,64,3,2,189,0.008182374993339181,0.014449374983087182,780730368,0.6953125
fa60db52746b72ec,cifar10,ssb-v3-block,cnn,protocol-v3,1.0,64,3,2,190,0.008218792034313083,0.014436124998610467,780730368,0.6328125
fa60db52746b72ec,cifar10,ssb-v3-block,cnn,protocol-v3,1.0,64,3,2,191,0.007815916964318603,0.014455457974690944,780730368,0.609375
fa60db52746b72ec,cifar10,ssb-v3-block,cnn,protocol-v3,1.0,64,3,2,192,0.007693542051129043,0.014402083004824817,780730368,0.765625
fa60db52746b72ec,cifar10,ssb-v3-block,cnn,protocol-v3,1.0,64,3,2,193,0.0077795840334147215,0.014432916010264307,780730368,0.609375
fa60db52746b72ec,cifar10,ssb-v3-block,cnn,protocol-v3,1.0,64,3,2,194,0.007806000008713454,0.014414167031645775,780730368,0.6484375
fa60db52746b72ec,cifar10,ssb-v3-block,cnn,protocol-v3,1.0,64,3,2,195,0.007914750021882355,0.014456624980084598,780730368,0.640625
fa60db52746b72ec,cifar10,ssb-v3-block,cnn,protocol-v3,1.0,64,3,2,196,0.007808999973349273,0.014435833028983325,780746752,0.734375
fa60db52746b72ec,cifar10,ssb-v3-block,cnn,protocol-v3,1.0,64,3,2,197,0.00818670802982524,0.01445208297809586,780746752,0.7265625
fa60db52746b72ec,cifar10,ssb-v3-block,cnn,protocol-v3,1.0,64,3,2,198,0.008149667002726346,0.014429249975364655,780746752,0.65625
fa60db52746b72ec,cifar10,ssb-v3-block,cnn,protocol-v3,1.0,64,3,2,199,0.008184499980416149,0.014445000037085265,780746752,0.7421875
fa60db52746b72ec,cifar10,ssb-v3-block,cnn,protocol-v3,1.0,64,3,2,200,0.008157000003848225,0.014456667006015778,780779520,0.7421875
fa60db52746b72ec,cifar10,ssb-v3-block,cnn,protocol-v3,1.0,64,3,2,201,0.007811292016413063,0.014439249993301928,780779520,0.578125
fa60db52746b72ec,cifar10,ssb-v3-block,cnn,protocol-v3,1.0,64,3,2,202,0.008257708046585321,0.014451750030275434,780779520,0.703125
fa60db52746b72ec,cifar10,ssb-v3-block,cnn,protocol-v3,1.0,64,3,2,203,0.008202542026992887,0.014442999963648617,780779520,0.7265625
fa60db52746b72ec,cifar10,ssb-v3-block,cnn,protocol-v3,1.0,64,3,2,204,0.00825866701779887,0.014447082998231053,780779520,0.71875
fa60db52746b72ec,cifar10,ssb-v3-block,cnn,protocol-v3,1.0,64,3,2,205,0.00781304098200053,0.014453084033448249,780779520,0.7421875
fa60db52746b72ec,cifar10,ssb-v3-block,cnn,protocol-v3,1.0,64,3,2,206,0.007706583011895418,0.014400332991499454,780779520,0.6796875
fa60db52746b72ec,cifar10,ssb-v3-block,cnn,protocol-v3,1.0,64,3,2,207,0.007738790998701006,0.014495709037873894,780779520,0.65625
fa60db52746b72ec,cifar10,ssb-v3-block,cnn,protocol-v3,1.0,64,3,2,208,0.0077270829933695495,0.01439691602718085,780779520,0.6953125
fa60db52746b72ec,cifar10,ssb-v3-block,cnn,protocol-v3,1.0,64,3,2,209,0.0077676670043729246,0.014428833033889532,780779520,0.765625
fa60db52746b72ec,cifar10,ssb-v3-block,cnn,protocol-v3,1.0,64,3,2,210,0.007777874998282641,0.014476000040303916,780795904,0.6015625
fa60db52746b72ec,cifar10,ssb-v3-block,cnn,protocol-v3,1.0,64,3,2,211,0.00783062499249354,0.014457958983257413,780795904,0.6796875
fa60db52746b72ec,cifar10,ssb-v3-block,cnn,protocol-v3,1.0,64,3,2,212,0.008102166990283877,0.014445709006395191,780812288,0.671875
fa60db52746b72ec,cifar10,ssb-v3-block,cnn,protocol-v3,1.0,64,3,2,213,0.008074207988101989,0.014421166968531907,780828672,0.6484375
fa60db52746b72ec,cifar10,ssb-v3-block,cnn,protocol-v3,1.0,64,3,2,214,0.008117708028294146,0.01444774999981746,780845056,0.6875
fa60db52746b72ec,cifar10,ssb-v3-block,cnn,protocol-v3,1.0,64,3,2,215,0.00812504201894626,0.014443916035816073,780845056,0.671875
fa60db52746b72ec,cifar10,ssb-v3-block,cnn,protocol-v3,1.0,64,3,2,216,0.008159166027326137,0.014437999983783811,780845056,0.625
fa60db52746b72ec,cifar10,ssb-v3-block,cnn,protocol-v3,1.0,64,3,2,217,0.008292582991998643,0.01446520903846249,780845056,0.671875
fa60db52746b72ec,cifar10,ssb-v3-block,cnn,protocol-v3,1.0,64,3,2,218,0.008196959039196372,0.014447499997913837,780845056,0.75
fa60db52746b72ec,cifar10,ssb-v3-block,cnn,protocol-v3,1.0,64,3,2,219,0.007942833006381989,0.01442570798099041,780845056,0.6796875
fa60db52746b72ec,cifar10,ssb-v3-block,cnn,protocol-v3,1.0,64,3,2,220,0.007887916988693178,0.014459375001024455,780845056,0.6328125
fa60db52746b72ec,cifar10,ssb-v3-block,cnn,protocol-v3,1.0,64,3,2,221,0.00784745899727568,0.014442041981965303,780861440,0.6640625
fa60db52746b72ec,cifar10,ssb-v3-block,cnn,protocol-v3,1.0,64,3,2,222,0.007805458968505263,0.014397165970876813,780861440,0.625
fa60db52746b72ec,cifar10,ssb-v3-block,cnn,protocol-v3,1.0,64,3,2,223,0.007799207989592105,0.014440583006944507,780861440,0.6953125
fa60db52746b72ec,cifar10,ssb-v3-block,cnn,protocol-v3,1.0,64,3,2,224,0.007752167002763599,0.014457916026003659,780894208,0.65625
fa60db52746b72ec,cifar10,ssb-v3-block,cnn,protocol-v3,1.0,64,3,2,225,0.0077914579887874424,0.014440042024943978,780894208,0.6484375
fa60db52746b72ec,cifar10,ssb-v3-block,cnn,protocol-v3,1.0,64,3,2,226,0.00779287499608472,0.014461082988418639,780894208,0.71875
fa60db52746b72ec,cifar10,ssb-v3-block,cnn,protocol-v3,1.0,64,3,2,227,0.00820187502540648,0.01444399997126311,780910592,0.6796875
fa60db52746b72ec,cifar10,ssb-v3-block,cnn,protocol-v3,1.0,64,3,2,228,0.008121582970488816,0.014448417001403868,780910592,0.734375
fa60db52746b72ec,cifar10,ssb-v3-block,cnn,protocol-v3,1.0,64,3,2,229,0.0082425830187276,0.014452666975557804,780910592,0.6328125
fa60db52746b72ec,cifar10,ssb-v3-block,cnn,protocol-v3,1.0,64,3,2,230,0.008158916025422513,0.014426124980673194,780910592,0.640625
fa60db52746b72ec,cifar10,ssb-v3-block,cnn,protocol-v3,1.0,64,3,2,231,0.008330750046297908,0.014444875007029623,780910592,0.65625
fa60db52746b72ec,cifar10,ssb-v3-block,cnn,protocol-v3,1.0,64,3,2,232,0.008483207959216088,0.014442917017731816,780926976,0.734375
fa60db52746b72ec,cifar10,ssb-v3-block,cnn,protocol-v3,1.0,64,3,2,233,0.008629458025097847,0.014443624997511506,780926976,0.7265625
fa60db52746b72ec,cifar10,ssb-v3-block,cnn,protocol-v3,1.0,64,3,2,234,0.008307334035634995,0.014453708019573241,780926976,0.6796875
fa60db52746b72ec,cifar10,ssb-v3-block,cnn,protocol-v3,1.0,64,3,2,235,0.008125374966766685,0.014529541949741542,780926976,0.671875
fa60db52746b72ec,cifar10,ssb-v3-block,cnn,protocol-v3,1.0,64,3,2,236,0.008174083952326328,0.01447654195362702,780926976,0.7109375
fa60db52746b72ec,cifar10,ssb-v3-block,cnn,protocol-v3,1.0,64,3,2,237,0.008509791980031878,0.014436124998610467,780926976,0.640625
fa60db52746b72ec,cifar10,ssb-v3-block,cnn,protocol-v3,1.0,64,3,2,238,0.007840999984182417,0.014462333987466991,780926976,0.7265625
fa60db52746b72ec,cifar10,ssb-v3-block,cnn,protocol-v3,1.0,64,3,2,239,0.007654250017367303,0.014393416000530124,780926976,0.7109375
fa60db52746b72ec,cifar10,ssb-v3-block,cnn,protocol-v3,1.0,64,3,2,240,0.007861874997615814,0.01446575002046302,780926976,0.6953125
fa60db52746b72ec,cifar10,ssb-v3-block,cnn,protocol-v3,1.0,64,3,2,241,0.007746791001409292,0.014462875027675182,780926976,0.7734375
fa60db52746b72ec,cifar10,ssb-v3-block,cnn,protocol-v3,1.0,64,3,2,242,0.007839333033189178,0.01447112497407943,780926976,0.6875
fa60db52746b72ec,cifar10,ssb-v3-block,cnn,protocol-v3,1.0,64,3,2,243,0.007803166983649135,0.014432292024139315,780926976,0.6484375
fa60db52746b72ec,cifar10,ssb-v3-block,cnn,protocol-v3,1.0,64,3,2,244,0.008259500027634203,0.014404667017515749,780926976,0.71875
fa60db52746b72ec,cifar10,ssb-v3-block,cnn,protocol-v3,1.0,64,3,2,245,0.008127540990244597,0.014454458025284111,780926976,0.734375
fa60db52746b72ec,cifar10,ssb-v3-block,cnn,protocol-v3,1.0,64,3,2,246,0.008372000011149794,0.014457083016168326,780926976,0.671875
fa60db52746b72ec,cifar10,ssb-v3-block,cnn,protocol-v3,1.0,64,3,2,247,0.00816804199712351,0.014450874994508922,780926976,0.75
fa60db52746b72ec,cifar10,ssb-v3-block,cnn,protocol-v3,1.0,64,3,2,248,0.008203334000427276,0.014397207996807992,780926976,0.71875
fa60db52746b72ec,cifar10,ssb-v3-block,cnn,protocol-v3,1.0,64,3,2,249,0.008182500023394823,0.014437541016377509,780943360,0.71875
fa60db52746b72ec,cifar10,ssb-v3-block,cnn,protocol-v3,1.0,64,3,2,250,0.008267082972452044,0.01445970794884488,780943360,0.703125
fa60db52746b72ec,cifar10,ssb-v3-block,cnn,protocol-v3,1.0,64,3,2,251,0.008007000025827438,0.014463833998888731,780943360,0.6875
fa60db52746b72ec,cifar10,ssb-v3-block,cnn,protocol-v3,1.0,64,3,2,252,0.007847582979593426,0.014424833003431559,780943360,0.7578125
fa60db52746b72ec,cifar10,ssb-v3-block,cnn,protocol-v3,1.0,64,3,2,253,0.007715917017776519,0.014496666030026972,780959744,0.6953125
fa60db52746b72ec,cifar10,ssb-v3-block,cnn,protocol-v3,1.0,64,3,2,254,0.007723291986621916,0.014425790985114872,780959744,0.6640625
fa60db52746b72ec,cifar10,ssb-v3-block,cnn,protocol-v3,1.0,64,3,2,255,0.007731541991233826,0.014408624963834882,780959744,0.6953125
fa60db52746b72ec,cifar10,ssb-v3-block,cnn,protocol-v3,1.0,64,3,2,256,0.007754457998089492,0.014460125006735325,780959744,0.734375
fa60db52746b72ec,cifar10,ssb-v3-block,cnn,protocol-v3,1.0,64,3,2,257,0.007771542004775256,0.014448457979597151,780976128,0.7421875
fa60db52746b72ec,cifar10,ssb-v3-block,cnn,protocol-v3,1.0,64,3,2,258,0.007821167004294693,0.014452208008151501,780976128,0.7421875
fa60db52746b72ec,cifar10,ssb-v3-block,cnn,protocol-v3,1.0,64,3,2,259,0.008094958029687405,0.014429915987420827,780976128,0.703125
fa60db52746b72ec,cifar10,ssb-v3-block,cnn,protocol-v3,1.0,64,3,2,260,0.008075583027675748,0.014443624997511506,780976128,0.734375
fa60db52746b72ec,cifar10,ssb-v3-block,cnn,protocol-v3,1.0,64,3,2,261,0.008432875038124621,0.014446583983954042,780976128,0.7421875
fa60db52746b72ec,cifar10,ssb-v3-block,cnn,protocol-v3,1.0,64,3,2,262,0.008261041017249227,0.014464041974861175,780976128,0.6640625
fa60db52746b72ec,cifar10,ssb-v3-block,cnn,protocol-v3,1.0,64,3,2,263,0.007840125006623566,0.014412624994292855,780976128,0.6953125
fa60db52746b72ec,cifar10,ssb-v3-block,cnn,protocol-v3,1.0,64,3,2,264,0.008305917028337717,0.014443791995290667,780976128,0.6875
fa60db52746b72ec,cifar10,ssb-v3-block,cnn,protocol-v3,1.0,64,3,2,265,0.008618291991297156,0.014435125049203634,780976128,0.6796875
fa60db52746b72ec,cifar10,ssb-v3-block,cnn,protocol-v3,1.0,64,3,2,266,0.008225416007917374,0.014558666967786849,780976128,0.6875
fa60db52746b72ec,cifar10,ssb-v3-block,cnn,protocol-v3,1.0,64,3,2,267,0.007718167034909129,0.014442833024077117,780976128,0.65625
fa60db52746b72ec,cifar10,ssb-v3-block,cnn,protocol-v3,1.0,64,3,2,268,0.007796708960086107,0.014523709018249065,780976128,0.6328125
fa60db52746b72ec,cifar10,ssb-v3-block,cnn,protocol-v3,1.0,64,3,2,269,0.007822333020158112,0.014440582948736846,781025280,0.625
fa60db52746b72ec,cifar10,ssb-v3-block,cnn,protocol-v3,1.0,64,3,2,270,0.007840000034775585,0.014380582957528532,781025280,0.7578125
fa60db52746b72ec,cifar10,ssb-v3-block,cnn,protocol-v3,1.0,64,3,2,271,0.007782625034451485,0.014469583984464407,781025280,0.7265625
fa60db52746b72ec,cifar10,ssb-v3-block,cnn,protocol-v3,1.0,64,3,2,272,0.00772799999685958,0.014461875020060688,781041664,0.734375
fa60db52746b72ec,cifar10,ssb-v3-block,cnn,protocol-v3,1.0,64,3,2,273,0.008106374996714294,0.014449791051447392,781041664,0.6796875
fa60db52746b72ec,cifar10,ssb-v3-block,cnn,protocol-v3,1.0,64,3,2,274,0.008076707948930562,0.01444624998839572,781041664,0.7265625
fa60db52746b72ec,cifar10,ssb-v3-block,cnn,protocol-v3,1.0,64,3,2,275,0.008118042023852468,0.014437375008128583,781041664,0.7421875
fa60db52746b72ec,cifar10,ssb-v3-block,cnn,protocol-v3,1.0,64,3,2,276,0.00824333296623081,0.014448749949224293,781041664,0.71875
fa60db52746b72ec,cifar10,ssb-v3-block,cnn,protocol-v3,1.0,64,3,2,277,0.008339749998413026,0.014447416993789375,781058048,0.71875
fa60db52746b72ec,cifar10,ssb-v3-block,cnn,protocol-v3,1.0,64,3,2,278,0.008119250007439405,0.014451791008468717,781074432,0.7578125
fa60db52746b72ec,cifar10,ssb-v3-block,cnn,protocol-v3,1.0,64,3,2,279,0.008172707981429994,0.014439874968957156,781074432,0.703125
fa60db52746b72ec,cifar10,ssb-v3-block,cnn,protocol-v3,1.0,64,3,2,280,0.0086970420088619,0.014446749992202967,781074432,0.7578125
fa60db52746b72ec,cifar10,ssb-v3-block,cnn,protocol-v3,1.0,64,3,2,281,0.00835062499390915,0.014463125029578805,781074432,0.7421875
fa60db52746b72ec,cifar10,ssb-v3-block,cnn,protocol-v3,1.0,64,3,2,282,0.008184791018720716,0.01446179096819833,781074432,0.7578125
fa60db52746b72ec,cifar10,ssb-v3-block,cnn,protocol-v3,1.0,64,3,2,283,0.008029583026655018,0.01444162498228252,781074432,0.7109375
fa60db52746b72ec,cifar10,ssb-v3-block,cnn,protocol-v3,1.0,64,3,2,284,0.00818070798413828,0.014460292004514486,781074432,0.7890625
fa60db52746b72ec,cifar10,ssb-v3-block,cnn,protocol-v3,1.0,64,3,2,285,0.007715249957982451,0.014402666012756526,781074432,0.7421875
fa60db52746b72ec,cifar10,ssb-v3-block,cnn,protocol-v3,1.0,64,3,2,286,0.00779341597808525,0.014457874989602715,781074432,0.6640625
fa60db52746b72ec,cifar10,ssb-v3-block,cnn,protocol-v3,1.0,64,3,2,287,0.007719959015958011,0.014437582984101027,781074432,0.703125
fa60db52746b72ec,cifar10,ssb-v3-block,cnn,protocol-v3,1.0,64,3,2,288,0.00776579201919958,0.014459875004831702,781090816,0.8046875
fa60db52746b72ec,cifar10,ssb-v3-block,cnn,protocol-v3,1.0,64,3,2,289,0.007778291997965425,0.0144296670332551,781090816,0.7734375
fa60db52746b72ec,cifar10,ssb-v3-block,cnn,protocol-v3,1.0,64,3,2,290,0.008128541987389326,0.014428374997805804,781090816,0.7578125
fa60db52746b72ec,cifar10,ssb-v3-block,cnn,protocol-v3,1.0,64,3,2,291,0.00819737499114126,0.014458499965257943,781107200,0.7421875
fa60db52746b72ec,cifar10,ssb-v3-block,cnn,protocol-v3,1.0,64,3,2,292,0.008158417011145502,0.014462916005868465,781107200,0.671875
fa60db52746b72ec,cifar10,ssb-v3-block,cnn,protocol-v3,1.0,64,3,2,293,0.008011375030037016,0.014431833988055587,781107200,0.765625
fa60db52746b72ec,cifar10,ssb-v3-block,cnn,protocol-v3,1.0,64,3,2,294,0.008173540991265327,0.014428791997488588,781107200,0.6640625
fa60db52746b72ec,cifar10,ssb-v3-block,cnn,protocol-v3,1.0,64,3,2,295,0.008217375027015805,0.014446624962147325,781107200,0.75
fa60db52746b72ec,cifar10,ssb-v3-block,cnn,protocol-v3,1.0,64,3,2,296,0.008174041984602809,0.014482084021437913,781107200,0.75
fa60db52746b72ec,cifar10,ssb-v3-block,cnn,protocol-v3,1.0,64,3,2,297,0.00776037503965199,0.014460041013080627,781123584,0.6953125
fa60db52746b72ec,cifar10,ssb-v3-block,cnn,protocol-v3,1.0,64,3,2,298,0.007888375024776906,0.01452645898098126,781123584,0.6953125
fa60db52746b72ec,cifar10,ssb-v3-block,cnn,protocol-v3,1.0,64,3,2,299,0.007824791013263166,0.014467708999291062,781123584,0.7578125
fa60db52746b72ec,cifar10,ssb-v3-block,cnn,protocol-v3,1.0,64,3,2,300,0.007873082999140024,0.014422292006202042,781139968,0.75
fa60db52746b72ec,cifar10,ssb-v3-block,cnn,protocol-v3,1.0,64,3,2,301,0.0078074579942040145,0.014424457971472293,781139968,0.6796875
fa60db52746b72ec,cifar10,ssb-v3-block,cnn,protocol-v3,1.0,64,3,2,302,0.0077817910350859165,0.01442350004799664,781139968,0.7265625
fa60db52746b72ec,cifar10,ssb-v3-block,cnn,protocol-v3,1.0,64,3,2,303,0.007941375020891428,0.014459417026955634,781156352,0.734375
fa60db52746b72ec,cifar10,ssb-v3-block,cnn,protocol-v3,1.0,64,3,2,304,0.007832458009943366,0.014471957983914763,781156352,0.75
fa60db52746b72ec,cifar10,ssb-v3-block,cnn,protocol-v3,1.0,64,3,2,305,0.008114083029795438,0.014431249990593642,781156352,0.6640625
fa60db52746b72ec,cifar10,ssb-v3-block,cnn,protocol-v3,1.0,64,3,2,306,0.008139625017065555,0.014477208023890853,781156352,0.6796875
fa60db52746b72ec,cifar10,ssb-v3-block,cnn,protocol-v3,1.0,64,3,2,307,0.008331375021953136,0.014457833021879196,781156352,0.75
fa60db52746b72ec,cifar10,ssb-v3-block,cnn,protocol-v3,1.0,64,3,2,308,0.008725374995265156,0.014465332962572575,781156352,0.75
fa60db52746b72ec,cifar10,ssb-v3-block,cnn,protocol-v3,1.0,64,3,2,309,0.008079374965745956,0.01445429096929729,781156352,0.7421875
fa60db52746b72ec,cifar10,ssb-v3-block,cnn,protocol-v3,1.0,64,3,2,310,0.008177958021406084,0.014436875004321337,781156352,0.7265625
fa60db52746b72ec,cifar10,ssb-v3-block,cnn,protocol-v3,1.0,64,3,2,311,0.008691916998941451,0.014449540991336107,781172736,0.75
fa60db52746b72ec,cifar10,ssb-v3-block,cnn,protocol-v3,1.0,64,3,2,312,0.00862454203888774,0.014437625010032207,781189120,0.765625
fa60db52746b72ec,cifar10,ssb-v3-block,cnn,protocol-v3,1.0,64,3,2,313,0.00819062499795109,0.014467333967331797,781189120,0.6875
fa60db52746b72ec,cifar10,ssb-v3-block,cnn,protocol-v3,1.0,64,3,2,314,0.007995040970854461,0.014537042006850243,781189120,0.7265625
fa60db52746b72ec,cifar10,ssb-v3-block,cnn,protocol-v3,1.0,64,3,2,315,0.008178334042895585,0.014428958005737513,781189120,0.7109375
fa60db52746b72ec,cifar10,ssb-v3-block,cnn,protocol-v3,1.0,64,3,2,316,0.008282250026240945,0.01440537499729544,781189120,0.71875
fa60db52746b72ec,cifar10,ssb-v3-block,cnn,protocol-v3,1.0,64,3,2,317,0.007851083006244153,0.014398125000298023,781189120,0.7109375
fa60db52746b72ec,cifar10,ssb-v3-block,cnn,protocol-v3,1.0,64,3,2,318,0.007735625025816262,0.014484749990515411,781189120,0.75
fa60db52746b72ec,cifar10,ssb-v3-block,cnn,protocol-v3,1.0,64,3,2,319,0.007801499974448234,0.014455458032898605,781205504,0.78125
fa60db52746b72ec,cifar10,ssb-v3-block,cnn,protocol-v3,1.0,64,3,2,320,0.007762708002701402,0.014446749992202967,781205504,0.7265625
fa60db52746b72ec,cifar10,ssb-v3-block,cnn,protocol-v3,1.0,64,3,2,321,0.007700207992456853,0.014446542016230524,781205504,0.734375
fa60db52746b72ec,cifar10,ssb-v3-block,cnn,protocol-v3,1.0,64,3,2,322,0.0077903749770484865,0.014457874989602715,781205504,0.7265625
fa60db52746b72ec,cifar10,ssb-v3-block,cnn,protocol-v3,1.0,64,3,2,323,0.008077499980572611,0.014451667026150972,781205504,0.7734375
fa60db52746b72ec,cifar10,ssb-v3-block,cnn,protocol-v3,1.0,64,3,2,324,0.00819137500366196,0.014450457994826138,781221888,0.7109375
fa60db52746b72ec,cifar10,ssb-v3-block,cnn,protocol-v3,1.0,64,3,2,325,0.008339708030689508,0.014441917010117322,781221888,0.765625
fa60db52746b72ec,cifar10,ssb-v3-block,cnn,protocol-v3,1.0,64,3,2,326,0.008057207975070924,0.014447624969761819,781221888,0.640625
fa60db52746b72ec,cifar10,ssb-v3-block,cnn,protocol-v3,1.0,64,3,2,327,0.008173874986823648,0.014463833998888731,781221888,0.6328125
fa60db52746b72ec,cifar10,ssb-v3-block,cnn,protocol-v3,1.0,64,3,2,328,0.008322417037561536,0.014455583004746586,781238272,0.7578125
fa60db52746b72ec,cifar10,ssb-v3-block,cnn,protocol-v3,1.0,64,3,2,329,0.008294833998661488,0.014461457962170243,781238272,0.75
fa60db52746b72ec,cifar10,ssb-v3-block,cnn,protocol-v3,1.0,64,3,2,330,0.007891457993537188,0.01448087499011308,781238272,0.8046875
fa60db52746b72ec,cifar10,ssb-v3-block,cnn,protocol-v3,1.0,64,3,2,331,0.007921583019196987,0.014450584014412016,781238272,0.75
fa60db52746b72ec,cifar10,ssb-v3-block,cnn,protocol-v3,1.0,64,3,2,332,0.007850499998312443,0.014402917004190385,781238272,0.7109375
fa60db52746b72ec,cifar10,ssb-v3-block,cnn,protocol-v3,1.0,64,3,2,333,0.007901916978880763,0.01438833400607109,781238272,0.71875
fa60db52746b72ec,cifar10,ssb-v3-block,cnn,protocol-v3,1.0,64,3,2,334,0.007753457990474999,0.0144464589538984,781238272,0.7421875
fa60db52746b72ec,cifar10,ssb-v3-block,cnn,protocol-v3,1.0,64,3,2,335,0.007739666034467518,0.014451042050495744,781254656,0.75
fa60db52746b72ec,cifar10,ssb-v3-block,cnn,protocol-v3,1.0,64,3,2,336,0.007794415985699743,0.014472541981376708,781254656,0.78125
fa60db52746b72ec,cifar10,ssb-v3-block,cnn,protocol-v3,1.0,64,3,2,337,0.007795540965162218,0.014462958031799644,781254656,0.6796875
fa60db52746b72ec,cifar10,ssb-v3-block,cnn,protocol-v3,1.0,64,3,2,338,0.00817174999974668,0.014424416003748775,781254656,0.7890625
fa60db52746b72ec,cifar10,ssb-v3-block,cnn,protocol-v3,1.0,64,3,2,339,0.008219500014092773,0.014465417014434934,781254656,0.7265625
fa60db52746b72ec,cifar10,ssb-v3-block,cnn,protocol-v3,1.0,64,3,2,340,0.0081669160281308,0.014434250013437122,781271040,0.7578125
fa60db52746b72ec,cifar10,ssb-v3-block,cnn,protocol-v3,1.0,64,3,2,341,0.008296917018014938,0.014445459004491568,781271040,0.8046875
fa60db52746b72ec,cifar10,ssb-v3-block,cnn,protocol-v3,1.0,64,3,2,342,0.008040625019930303,0.014447375026065856,781271040,0.734375
fa60db52746b72ec,cifar10,ssb-v3-block,cnn,protocol-v3,1.0,64,3,2,343,0.008185874961782247,0.014420166960917413,781271040,0.7109375
fa60db52746b72ec,cifar10,ssb-v3-block,cnn,protocol-v3,1.0,64,3,2,344,0.008168415981344879,0.01442945800954476,781271040,0.703125
fa60db52746b72ec,cifar10,ssb-v3-block,cnn,protocol-v3,1.0,64,3,2,345,0.007755625003483146,0.014440541039220989,781271040,0.8046875
fa60db52746b72ec,cifar10,ssb-v3-block,cnn,protocol-v3,1.0,64,3,2,346,0.007837750017642975,0.01444683299632743,781287424,0.75
fa60db52746b72ec,cifar10,ssb-v3-block,cnn,protocol-v3,1.0,64,3,2,347,0.007770749973133206,0.01441970799351111,781287424,0.7578125
fa60db52746b72ec,cifar10,ssb-v3-block,cnn,protocol-v3,1.0,64,3,2,348,0.007849333982449025,0.014419584011193365,781287424,0.71875
fa60db52746b72ec,cifar10,ssb-v3-block,cnn,protocol-v3,1.0,64,3,2,349,0.007771125005092472,0.014443499967455864,781287424,0.7109375
fa60db52746b72ec,cifar10,ssb-v3-block,cnn,protocol-v3,1.0,64,3,2,350,0.00768724997760728,0.014428083028178662,781287424,0.7109375
fa60db52746b72ec,cifar10,ssb-v3-block,cnn,protocol-v3,1.0,64,3,2,351,0.007770749973133206,0.014442457992117852,781287424,0.671875
fa60db52746b72ec,cifar10,ssb-v3-block,cnn,protocol-v3,1.0,64,3,2,352,0.007765542017295957,0.014449958049226552,781287424,0.796875
fa60db52746b72ec,cifar10,ssb-v3-block,cnn,protocol-v3,1.0,64,3,2,353,0.0077760000131092966,0.014424666005652398,781287424,0.6953125
fa60db52746b72ec,cifar10,ssb-v3-block,cnn,protocol-v3,1.0,64,3,2,354,0.007755375001579523,0.01443862495943904,781303808,0.7265625
fa60db52746b72ec,cifar10,ssb-v3-block,cnn,protocol-v3,1.0,64,3,2,355,0.007904500002041459,0.014437208010349423,781320192,0.7734375
fa60db52746b72ec,cifar10,ssb-v3-block,cnn,protocol-v3,1.0,64,3,2,356,0.00778895802795887,0.014428667025640607,781320192,0.7890625
fa60db52746b72ec,cifar10,ssb-v3-block,cnn,protocol-v3,1.0,64,3,2,357,0.007909458014182746,0.014436416968237609,781320192,0.7265625
fa60db52746b72ec,cifar10,ssb-v3-block,cnn,protocol-v3,1.0,64,3,2,358,0.0077918749884702265,0.014525000005960464,781320192,0.71875
fa60db52746b72ec,cifar10,ssb-v3-block,cnn,protocol-v3,1.0,64,3,2,359,0.007778083032462746,0.014383249974343926,781320192,0.6875
fa60db52746b72ec,cifar10,ssb-v3-block,cnn,protocol-v3,1.0,64,3,2,360,0.007752541976515204,0.014422416978050023,781336576,0.640625
fa60db52746b72ec,cifar10,ssb-v3-block,cnn,protocol-v3,1.0,64,3,2,361,0.007732375001069158,0.014422875014133751,781336576,0.71875
fa60db52746b72ec,cifar10,ssb-v3-block,cnn,protocol-v3,1.0,64,3,2,362,0.007789375027641654,0.014434959040954709,781336576,0.7421875
fa60db52746b72ec,cifar10,ssb-v3-block,cnn,protocol-v3,1.0,64,3,2,363,0.007806458976119757,0.014413124998100102,781336576,0.7265625
fa60db52746b72ec,cifar10,ssb-v3-block,cnn,protocol-v3,1.0,64,3,2,364,0.008220291987527162,0.014428165974095464,781336576,0.734375
fa60db52746b72ec,cifar10,ssb-v3-block,cnn,protocol-v3,1.0,64,3,2,365,0.008216333051677793,0.014424833003431559,781336576,0.7421875
fa60db52746b72ec,cifar10,ssb-v3-block,cnn,protocol-v3,1.0,64,3,2,366,0.008112833020277321,0.014450458984356374,781336576,0.71875
fa60db52746b72ec,cifar10,ssb-v3-block,cnn,protocol-v3,1.0,64,3,2,367,0.008313583966810256,0.014437416975852102,781352960,0.7109375
fa60db52746b72ec,cifar10,ssb-v3-block,cnn,protocol-v3,1.0,64,3,2,368,0.008079166989773512,0.014467875007539988,781352960,0.71875
fa60db52746b72ec,cifar10,ssb-v3-block,cnn,protocol-v3,1.0,64,3,2,369,0.008061833039391786,0.014437332982197404,781352960,0.7109375
fa60db52746b72ec,cifar10,ssb-v3-block,cnn,protocol-v3,1.0,64,3,2,370,0.008672250027302653,0.014420624997001141,781352960,0.734375
fa60db52746b72ec,cifar10,ssb-v3-block,cnn,protocol-v3,1.0,64,3,2,371,0.008581708010751754,0.014429125003516674,781369344,0.7265625
fa60db52746b72ec,cifar10,ssb-v3-block,cnn,protocol-v3,1.0,64,3,2,372,0.008497249975334853,0.014441249950323254,781369344,0.75
fa60db52746b72ec,cifar10,ssb-v3-block,cnn,protocol-v3,1.0,64,3,2,373,0.007750417047645897,0.014479292032774538,781369344,0.7265625
fa60db52746b72ec,cifar10,ssb-v3-block,cnn,protocol-v3,1.0,64,3,2,374,0.008269541955087334,0.014449332957156003,781385728,0.7421875
fa60db52746b72ec,cifar10,ssb-v3-block,cnn,protocol-v3,1.0,64,3,2,375,0.007763375004287809,0.01443616603501141,781385728,0.625
fa60db52746b72ec,cifar10,ssb-v3-block,cnn,protocol-v3,1.0,64,3,2,376,0.007860582962166518,0.014386791968718171,781336576,0.6875
fa60db52746b72ec,cifar10,ssb-v3-block,cnn,protocol-v3,1.0,64,3,2,377,0.007809125003404915,0.014457042037975043,781336576,0.7578125
fa60db52746b72ec,cifar10,ssb-v3-block,cnn,protocol-v3,1.0,64,3,2,378,0.007711582991760224,0.01441825000802055,781336576,0.6484375
fa60db52746b72ec,cifar10,ssb-v3-block,cnn,protocol-v3,1.0,64,3,2,379,0.007901542005129158,0.014484374958556145,781336576,0.7421875
fa60db52746b72ec,cifar10,ssb-v3-block,cnn,protocol-v3,1.0,64,3,2,380,0.007734875020105392,0.014479040983133018,781336576,0.75
fa60db52746b72ec,cifar10,ssb-v3-block,cnn,protocol-v3,1.0,64,3,2,381,0.007855584030039608,0.014429082977585495,781336576,0.6484375
fa60db52746b72ec,cifar10,ssb-v3-block,cnn,protocol-v3,1.0,64,3,2,382,0.007842125021852553,0.014399459003470838,781352960,0.6796875
fa60db52746b72ec,cifar10,ssb-v3-block,cnn,protocol-v3,1.0,64,3,2,383,0.008189457992557436,0.014465584012214094,781369344,0.6875
fa60db52746b72ec,cifar10,ssb-v3-block,cnn,protocol-v3,1.0,64,3,2,384,0.008467417035717517,0.014472999959252775,781369344,0.71875
fa60db52746b72ec,cifar10,ssb-v3-block,cnn,protocol-v3,1.0,64,3,2,385,0.008142708975356072,0.014460083039011806,781369344,0.6875
fa60db52746b72ec,cifar10,ssb-v3-block,cnn,protocol-v3,1.0,64,3,2,386,0.008259458001703024,0.014456291974056512,781369344,0.6875
fa60db52746b72ec,cifar10,ssb-v3-block,cnn,protocol-v3,1.0,64,3,2,387,0.008722708967979997,0.014451500028371811,781369344,0.7109375
fa60db52746b72ec,cifar10,ssb-v3-block,cnn,protocol-v3,1.0,64,3,2,388,0.008194874972105026,0.014460625010542572,781369344,0.6875
fa60db52746b72ec,cifar10,ssb-v3-block,cnn,protocol-v3,1.0,64,3,2,389,0.008111000002827495,0.014460208010859787,781385728,0.6953125
fa60db52746b72ec,cifar10,ssb-v3-block,cnn,protocol-v3,1.0,64,3,2,390,0.005935832974500954,0.01040454104077071,781385728,0.725
fa60db52746b72ec,cifar10,ssb-v3-block,cnn,protocol-v3,1.0,64,3,3,0,0.00812108302488923,0.014861165953334421,781402112,0.796875
fa60db52746b72ec,cifar10,ssb-v3-block,cnn,protocol-v3,1.0,64,3,3,1,0.00788424996426329,0.014506708015687764,781418496,0.796875
fa60db52746b72ec,cifar10,ssb-v3-block,cnn,protocol-v3,1.0,64,3,3,2,0.00778687495039776,0.014532333996612579,781418496,0.78125
fa60db52746b72ec,cifar10,ssb-v3-block,cnn,protocol-v3,1.0,64,3,3,3,0.007998750021215528,0.01450629101600498,781418496,0.828125
fa60db52746b72ec,cifar10,ssb-v3-block,cnn,protocol-v3,1.0,64,3,3,4,0.007821417006198317,0.01447991601889953,781434880,0.796875
fa60db52746b72ec,cifar10,ssb-v3-block,cnn,protocol-v3,1.0,64,3,3,5,0.008234207984060049,0.014451416966039687,781434880,0.7421875
fa60db52746b72ec,cifar10,ssb-v3-block,cnn,protocol-v3,1.0,64,3,3,6,0.00822354102274403,0.014424666995182633,783007744,0.734375
fa60db52746b72ec,cifar10,ssb-v3-block,cnn,protocol-v3,1.0,64,3,3,7,0.008177459007129073,0.014441709034144878,783007744,0.8125
fa60db52746b72ec,cifar10,ssb-v3-block,cnn,protocol-v3,1.0,64,3,3,8,0.008137124998029321,0.014468749985098839,783007744,0.7890625
fa60db52746b72ec,cifar10,ssb-v3-block,cnn,protocol-v3,1.0,64,3,3,9,0.008249209029600024,0.014463833009358495,783007744,0.8203125
fa60db52746b72ec,cifar10,ssb-v3-block,cnn,protocol-v3,1.0,64,3,3,10,0.008191749977413565,0.0144717080402188,783007744,0.734375
fa60db52746b72ec,cifar10,ssb-v3-block,cnn,protocol-v3,1.0,64,3,3,11,0.008178749994840473,0.014439833001233637,783007744,0.8359375
fa60db52746b72ec,cifar10,ssb-v3-block,cnn,protocol-v3,1.0,64,3,3,12,0.008276124950498343,0.014471250004135072,783024128,0.8046875
fa60db52746b72ec,cifar10,ssb-v3-block,cnn,protocol-v3,1.0,64,3,3,13,0.008001915994100273,0.014455375028774142,783040512,0.796875
fa60db52746b72ec,cifar10,ssb-v3-block,cnn,protocol-v3,1.0,64,3,3,14,0.008016165986191481,0.014477916003670543,783040512,0.7265625
fa60db52746b72ec,cifar10,ssb-v3-block,cnn,protocol-v3,1.0,64,3,3,15,0.007802707958035171,0.01452929200604558,783040512,0.8125
fa60db52746b72ec,cifar10,ssb-v3-block,cnn,protocol-v3,1.0,64,3,3,16,0.007708833960350603,0.014418374979868531,783040512,0.78125
fa60db52746b72ec,cifar10,ssb-v3-block,cnn,protocol-v3,1.0,64,3,3,17,0.007723999966401607,0.014387083007022738,783056896,0.75
fa60db52746b72ec,cifar10,ssb-v3-block,cnn,protocol-v3,1.0,64,3,3,18,0.007759124971926212,0.014457624987699091,783056896,0.7578125
fa60db52746b72ec,cifar10,ssb-v3-block,cnn,protocol-v3,1.0,64,3,3,19,0.00792124995496124,0.014453665993642062,783056896,0.7890625
fa60db52746b72ec,cifar10,ssb-v3-block,cnn,protocol-v3,1.0,64,3,3,20,0.007829333015251905,0.014442083018366247,783056896,0.6953125
fa60db52746b72ec,cifar10,ssb-v3-block,cnn,protocol-v3,1.0,64,3,3,21,0.008196124981623143,0.014455500000622123,783056896,0.75
fa60db52746b72ec,cifar10,ssb-v3-block,cnn,protocol-v3,1.0,64,3,3,22,0.008313417027238756,0.014430083043407649,783056896,0.828125
fa60db52746b72ec,cifar10,ssb-v3-block,cnn,protocol-v3,1.0,64,3,3,23,0.0080857920111157,0.014458667021244764,783056896,0.7265625
fa60db52746b72ec,cifar10,ssb-v3-block,cnn,protocol-v3,1.0,64,3,3,24,0.008263333002105355,0.014483792008832097,783056896,0.7578125
fa60db52746b72ec,cifar10,ssb-v3-block,cnn,protocol-v3,1.0,64,3,3,25,0.008338082989212126,0.014457417011726648,783056896,0.7890625
fa60db52746b72ec,cifar10,ssb-v3-block,cnn,protocol-v3,1.0,64,3,3,26,0.008348500006832182,0.014465166023001075,783056896,0.765625
fa60db52746b72ec,cifar10,ssb-v3-block,cnn,protocol-v3,1.0,64,3,3,27,0.008110207971185446,0.014446332992520183,783073280,0.734375
fa60db52746b72ec,cifar10,ssb-v3-block,cnn,protocol-v3,1.0,64,3,3,28,0.008766208018641919,0.014462666003964841,783073280,0.734375
fa60db52746b72ec,cifar10,ssb-v3-block,cnn,protocol-v3,1.0,64,3,3,29,0.008260041009634733,0.014444125001318753,783073280,0.8046875
fa60db52746b72ec,cifar10,ssb-v3-block,cnn,protocol-v3,1.0,64,3,3,30,0.00845120899612084,0.014449333015363663,783073280,0.7109375
fa60db52746b72ec,cifar10,ssb-v3-block,cnn,protocol-v3,1.0,64,3,3,31,0.008082667016424239,0.014533207984641194,783073280,0.765625
fa60db52746b72ec,cifar10,ssb-v3-block,cnn,protocol-v3,1.0,64,3,3,32,0.008185125014279038,0.014533708977978677,783073280,0.7109375
fa60db52746b72ec,cifar10,ssb-v3-block,cnn,protocol-v3,1.0,64,3,3,33,0.00838670798111707,0.0147148750256747,783073280,0.7890625
fa60db52746b72ec,cifar10,ssb-v3-block,cnn,protocol-v3,1.0,64,3,3,34,0.008924958005081862,0.015194749983493239,783073280,0.75
fa60db52746b72ec,cifar10,ssb-v3-block,cnn,protocol-v3,1.0,64,3,3,35,0.008157459029462188,0.014774582989048213,783089664,0.828125
fa60db52746b72ec,cifar10,ssb-v3-block,cnn,protocol-v3,1.0,64,3,3,36,0.008137249969877303,0.014580540999304503,783089664,0.78125
fa60db52746b72ec,cifar10,ssb-v3-block,cnn,protocol-v3,1.0,64,3,3,37,0.007751500001177192,0.014508499996736646,783106048,0.75
fa60db52746b72ec,cifar10,ssb-v3-block,cnn,protocol-v3,1.0,64,3,3,38,0.007761583954561502,0.01442045799922198,783106048,0.7265625
fa60db52746b72ec,cifar10,ssb-v3-block,cnn,protocol-v3,1.0,64,3,3,39,0.007985875010490417,0.014451625000219792,783106048,0.8359375
fa60db52746b72ec,cifar10,ssb-v3-block,cnn,protocol-v3,1.0,64,3,3,40,0.008245333970990032,0.014483749982900918,783106048,0.828125
fa60db52746b72ec,cifar10,ssb-v3-block,cnn,protocol-v3,1.0,64,3,3,41,0.008343041990883648,0.01447712501976639,783106048,0.6796875
fa60db52746b72ec,cifar10,ssb-v3-block,cnn,protocol-v3,1.0,64,3,3,42,0.00819266599137336,0.014476499985903502,783106048,0.765625
fa60db52746b72ec,cifar10,ssb-v3-block,cnn,protocol-v3,1.0,64,3,3,43,0.00820262503111735,0.014447499997913837,783138816,0.6875
fa60db52746b72ec,cifar10,ssb-v3-block,cnn,protocol-v3,1.0,64,3,3,44,0.008164707978721708,0.014513625006657094,783138816,0.734375
fa60db52746b72ec,cifar10,ssb-v3-block,cnn,protocol-v3,1.0,64,3,3,45,0.0077755830134265125,0.014471750007942319,783138816,0.7734375
fa60db52746b72ec,cifar10,ssb-v3-block,cnn,protocol-v3,1.0,64,3,3,46,0.007785000023432076,0.014458082965575159,783138816,0.7890625
fa60db52746b72ec,cifar10,ssb-v3-block,cnn,protocol-v3,1.0,64,3,3,47,0.007807124988175929,0.014415291021578014,783138816,0.7734375
fa60db52746b72ec,cifar10,ssb-v3-block,cnn,protocol-v3,1.0,64,3,3,48,0.007788332994095981,0.014418125036172569,783138816,0.7421875
fa60db52746b72ec,cifar10,ssb-v3-block,cnn,protocol-v3,1.0,64,3,3,49,0.007725458010099828,0.014430708019062877,783155200,0.734375
fa60db52746b72ec,cifar10,ssb-v3-block,cnn,protocol-v3,1.0,64,3,3,50,0.007851667003706098,0.014465457992628217,783155200,0.6953125
fa60db52746b72ec,cifar10,ssb-v3-block,cnn,protocol-v3,1.0,64,3,3,51,0.007776750018820167,0.01447487494442612,783155200,0.7109375
fa60db52746b72ec,cifar10,ssb-v3-block,cnn,protocol-v3,1.0,64,3,3,52,0.0077451670076698065,0.01445600000442937,783155200,0.8125
fa60db52746b72ec,cifar10,ssb-v3-block,cnn,protocol-v3,1.0,64,3,3,53,0.008171375025995076,0.014440292026847601,783171584,0.8203125
fa60db52746b72ec,cifar10,ssb-v3-block,cnn,protocol-v3,1.0,64,3,3,54,0.008125208027195185,0.014436166966333985,783171584,0.7421875
fa60db52746b72ec,cifar10,ssb-v3-block,cnn,protocol-v3,1.0,64,3,3,55,0.008316292020026594,0.014440333005040884,783171584,0.734375
fa60db52746b72ec,cifar10,ssb-v3-block,cnn,protocol-v3,1.0,64,3,3,56,0.00833083299221471,0.01446662499802187,783171584,0.7890625
fa60db52746b72ec,cifar10,ssb-v3-block,cnn,protocol-v3,1.0,64,3,3,57,0.008082250016741455,0.014447916008066386,783187968,0.8203125
fa60db52746b72ec,cifar10,ssb-v3-block,cnn,protocol-v3,1.0,64,3,3,58,0.008132832997944206,0.014458541991189122,783187968,0.7734375
fa60db52746b72ec,cifar10,ssb-v3-block,cnn,protocol-v3,1.0,64,3,3,59,0.008580709050875157,0.01448099996196106,783187968,0.7890625
fa60db52746b72ec,cifar10,ssb-v3-block,cnn,protocol-v3,1.0,64,3,3,60,0.008495084010064602,0.014451208990067244,783187968,0.7734375
fa60db52746b72ec,cifar10,ssb-v3-block,cnn,protocol-v3,1.0,64,3,3,61,0.0087467500125058,0.014446457964368165,783187968,0.8125
fa60db52746b72ec,cifar10,ssb-v3-block,cnn,protocol-v3,1.0,64,3,3,62,0.008133666007779539,0.014479250006843358,783204352,0.7890625
fa60db52746b72ec,cifar10,ssb-v3-block,cnn,protocol-v3,1.0,64,3,3,63,0.007996040978468955,0.014460999984294176,783204352,0.7890625
fa60db52746b72ec,cifar10,ssb-v3-block,cnn,protocol-v3,1.0,64,3,3,64,0.007801375002600253,0.014535374997649342,783220736,0.8359375
fa60db52746b72ec,cifar10,ssb-v3-block,cnn,protocol-v3,1.0,64,3,3,65,0.007783291046507657,0.014512208988890052,783220736,0.671875
fa60db52746b72ec,cifar10,ssb-v3-block,cnn,protocol-v3,1.0,64,3,3,66,0.007847792003303766,0.014441874984186143,783220736,0.828125
fa60db52746b72ec,cifar10,ssb-v3-block,cnn,protocol-v3,1.0,64,3,3,67,0.007827375025954098,0.01444008300313726,783220736,0.7421875
fa60db52746b72ec,cifar10,ssb-v3-block,cnn,protocol-v3,1.0,64,3,3,68,0.00775883300229907,0.014443917025346309,783220736,0.765625
fa60db52746b72ec,cifar10,ssb-v3-block,cnn,protocol-v3,1.0,64,3,3,69,0.008151000016368926,0.014432292024139315,783220736,0.7734375
fa60db52746b72ec,cifar10,ssb-v3-block,cnn,protocol-v3,1.0,64,3,3,70,0.008026499999687076,0.014444250031374395,783220736,0.8203125
fa60db52746b72ec,cifar10,ssb-v3-block,cnn,protocol-v3,1.0,64,3,3,71,0.008207166974898428,0.01443487498909235,783220736,0.7890625
fa60db52746b72ec,cifar10,ssb-v3-block,cnn,protocol-v3,1.0,64,3,3,72,0.008160708996001631,0.014438749989494681,783220736,0.7265625
fa60db52746b72ec,cifar10,ssb-v3-block,cnn,protocol-v3,1.0,64,3,3,73,0.008289999968837947,0.014445666980464011,783220736,0.8125
fa60db52746b72ec,cifar10,ssb-v3-block,cnn,protocol-v3,1.0,64,3,3,74,0.007832542003598064,0.014443417021539062,783220736,0.765625
fa60db52746b72ec,cifar10,ssb-v3-block,cnn,protocol-v3,1.0,64,3,3,75,0.008251458988524973,0.01445508300093934,783237120,0.703125
fa60db52746b72ec,cifar10,ssb-v3-block,cnn,protocol-v3,1.0,64,3,3,76,0.008064375026151538,0.0144535829895176,783237120,0.734375
fa60db52746b72ec,cifar10,ssb-v3-block,cnn,protocol-v3,1.0,64,3,3,77,0.00777570903301239,0.014430874958634377,783237120,0.78125
fa60db52746b72ec,cifar10,ssb-v3-block,cnn,protocol-v3,1.0,64,3,3,78,0.00782612501643598,0.014467458007857203,783237120,0.8046875
fa60db52746b72ec,cifar10,ssb-v3-block,cnn,protocol-v3,1.0,64,3,3,79,0.007806750014424324,0.014492042013444006,783253504,0.765625
fa60db52746b72ec,cifar10,ssb-v3-block,cnn,protocol-v3,1.0,64,3,3,80,0.007854374998714775,0.014396207989193499,783269888,0.703125
fa60db52746b72ec,cifar10,ssb-v3-block,cnn,protocol-v3,1.0,64,3,3,81,0.00778766704024747,0.014439749997109175,783286272,0.703125
fa60db52746b72ec,cifar10,ssb-v3-block,cnn,protocol-v3,1.0,64,3,3,82,0.007823582971468568,0.014426791982259601,783286272,0.7734375
fa60db52746b72ec,cifar10,ssb-v3-block,cnn,protocol-v3,1.0,64,3,3,83,0.007794207951519638,0.014401124964933842,783286272,0.703125
fa60db52746b72ec,cifar10,ssb-v3-block,cnn,protocol-v3,1.0,64,3,3,84,0.008186916005797684,0.014438082987908274,783286272,0.8125
fa60db52746b72ec,cifar10,ssb-v3-block,cnn,protocol-v3,1.0,64,3,3,85,0.008113957999739796,0.014432750002015382,783286272,0.796875
fa60db52746b72ec,cifar10,ssb-v3-block,cnn,protocol-v3,1.0,64,3,3,86,0.008128375047817826,0.014441374980378896,783286272,0.7734375
fa60db52746b72ec,cifar10,ssb-v3-block,cnn,protocol-v3,1.0,64,3,3,87,0.008709958987310529,0.014461582992225885,783286272,0.796875
fa60db52746b72ec,cifar10,ssb-v3-block,cnn,protocol-v3,1.0,64,3,3,88,0.008081124979071319,0.014456290984526277,783286272,0.765625
fa60db52746b72ec,cifar10,ssb-v3-block,cnn,protocol-v3,1.0,64,3,3,89,0.008065959031227976,0.014450292044784874,783286272,0.734375
fa60db52746b72ec,cifar10,ssb-v3-block,cnn,protocol-v3,1.0,64,3,3,90,0.008262916991952807,0.0144340829574503,783286272,0.796875
fa60db52746b72ec,cifar10,ssb-v3-block,cnn,protocol-v3,1.0,64,3,3,91,0.008083292050287127,0.014554249995853752,783286272,0.8046875
fa60db52746b72ec,cifar10,ssb-v3-block,cnn,protocol-v3,1.0,64,3,3,92,0.008005874988157302,0.014455959026236087,783286272,0.8046875
fa60db52746b72ec,cifar10,ssb-v3-block,cnn,protocol-v3,1.0,64,3,3,93,0.007803207961842418,0.01446962496265769,783302656,0.78125
fa60db52746b72ec,cifar10,ssb-v3-block,cnn,protocol-v3,1.0,64,3,3,94,0.00788183300755918,0.014472958981059492,783302656,0.7578125
fa60db52746b72ec,cifar10,ssb-v3-block,cnn,protocol-v3,1.0,64,3,3,95,0.007818625017534941,0.014402790984604508,783302656,0.7734375
fa60db52746b72ec,cifar10,ssb-v3-block,cnn,protocol-v3,1.0,64,3,3,96,0.00784541602479294,0.014455333992373198,783302656,0.8359375
fa60db52746b72ec,cifar10,ssb-v3-block,cnn,protocol-v3,1.0,64,3,3,97,0.007794624951202422,0.014447790978010744,783302656,0.8046875
fa60db52746b72ec,cifar10,ssb-v3-block,cnn,protocol-v3,1.0,64,3,3,98,0.0077357920235954225,0.014467875007539988,783302656,0.7109375
fa60db52746b72ec,cifar10,ssb-v3-block,cnn,protocol-v3,1.0,64,3,3,99,0.008248083002399653,0.014448666013777256,783302656,0.7890625
fa60db52746b72ec,cifar10,ssb-v3-block,cnn,protocol-v3,1.0,64,3,3,100,0.008232791034970433,0.014452792005613446,783302656,0.8125
fa60db52746b72ec,cifar10,ssb-v3-block,cnn,protocol-v3,1.0,64,3,3,101,0.0080841250019148,0.01445970800705254,783302656,0.765625
fa60db52746b72ec,cifar10,ssb-v3-block,cnn,protocol-v3,1.0,64,3,3,102,0.00858600001083687,0.014450624992605299,783302656,0.7421875
fa60db52746b72ec,cifar10,ssb-v3-block,cnn,protocol-v3,1.0,64,3,3,103,0.00827233400195837,0.014466791995801032,783319040,0.78125
fa60db52746b72ec,cifar10,ssb-v3-block,cnn,protocol-v3,1.0,64,3,3,104,0.007741375011391938,0.01444291596999392,783319040,0.71875
fa60db52746b72ec,cifar10,ssb-v3-block,cnn,protocol-v3,1.0,64,3,3,105,0.0078117920202203095,0.01443487498909235,783335424,0.75
fa60db52746b72ec,cifar10,ssb-v3-block,cnn,protocol-v3,1.0,64,3,3,106,0.007707708980888128,0.014424499997403473,783335424,0.7734375
fa60db52746b72ec,cifar10,ssb-v3-block,cnn,protocol-v3,1.0,64,3,3,107,0.007874000002630055,0.014457750017754734,783335424,0.7109375
fa60db52746b72ec,cifar10,ssb-v3-block,cnn,protocol-v3,1.0,64,3,3,108,0.007828708039596677,0.0144462920143269,783335424,0.734375
fa60db52746b72ec,cifar10,ssb-v3-block,cnn,protocol-v3,1.0,64,3,3,109,0.007787250040564686,0.014413625001907349,783335424,0.7734375
fa60db52746b72ec,cifar10,ssb-v3-block,cnn,protocol-v3,1.0,64,3,3,110,0.007749041018541902,0.014422083040699363,783351808,0.75
fa60db52746b72ec,cifar10,ssb-v3-block,cnn,protocol-v3,1.0,64,3,3,111,0.007812207972165197,0.014463207975495607,783351808,0.7890625
fa60db52746b72ec,cifar10,ssb-v3-block,cnn,protocol-v3,1.0,64,3,3,112,0.00780820898944512,0.014458666963037103,783351808,0.765625
fa60db52746b72ec,cifar10,ssb-v3-block,cnn,protocol-v3,1.0,64,3,3,113,0.007770584023091942,0.014448667003307492,783351808,0.75
fa60db52746b72ec,cifar10,ssb-v3-block,cnn,protocol-v3,1.0,64,3,3,114,0.0082622499903664,0.014446000044699758,783351808,0.8046875
fa60db52746b72ec,cifar10,ssb-v3-block,cnn,protocol-v3,1.0,64,3,3,115,0.008203167002648115,0.014477083983365446,783351808,0.7734375
fa60db52746b72ec,cifar10,ssb-v3-block,cnn,protocol-v3,1.0,64,3,3,116,0.008092082978691906,0.014484166982583702,783351808,0.796875
fa60db52746b72ec,cifar10,ssb-v3-block,cnn,protocol-v3,1.0,64,3,3,117,0.008346584043465555,0.014466541993897408,783351808,0.8203125
fa60db52746b72ec,cifar10,ssb-v3-block,cnn,protocol-v3,1.0,64,3,3,118,0.008350000018253922,0.014461708953604102,783368192,0.765625
fa60db52746b72ec,cifar10,ssb-v3-block,cnn,protocol-v3,1.0,64,3,3,119,0.00832879199879244,0.01444399997126311,783368192,0.7421875
fa60db52746b72ec,cifar10,ssb-v3-block,cnn,protocol-v3,1.0,64,3,3,120,0.008227999962400645,0.014420250023249537,783384576,0.8046875
fa60db52746b72ec,cifar10,ssb-v3-block,cnn,protocol-v3,1.0,64,3,3,121,0.008543875010218471,0.014467167027760297,783384576,0.8125
fa60db52746b72ec,cifar10,ssb-v3-block,cnn,protocol-v3,1.0,64,3,3,122,0.008079249993897974,0.014445166976656765,783384576,0.7734375
fa60db52746b72ec,cifar10,ssb-v3-block,cnn,protocol-v3,1.0,64,3,3,123,0.00843962503131479,0.014471332950051874,783384576,0.75
fa60db52746b72ec,cifar10,ssb-v3-block,cnn,protocol-v3,1.0,64,3,3,124,0.007735583989415318,0.014564249955583364,783384576,0.765625
fa60db52746b72ec,cifar10,ssb-v3-block,cnn,protocol-v3,1.0,64,3,3,125,0.007705666997935623,0.014521000033710152,783384576,0.7421875
fa60db52746b72ec,cifar10,ssb-v3-block,cnn,protocol-v3,1.0,64,3,3,126,0.00781695800833404,0.014474625000730157,783384576,0.7578125
fa60db52746b72ec,cifar10,ssb-v3-block,cnn,protocol-v3,1.0,64,3,3,127,0.0077589580323547125,0.014443708991166204,783384576,0.7890625
fa60db52746b72ec,cifar10,ssb-v3-block,cnn,protocol-v3,1.0,64,3,3,128,0.007799915969371796,0.014432374970056117,783400960,0.78125
fa60db52746b72ec,cifar10,ssb-v3-block,cnn,protocol-v3,1.0,64,3,3,129,0.007740375003777444,0.014452916046138853,783417344,0.796875
fa60db52746b72ec,cifar10,ssb-v3-block,cnn,protocol-v3,1.0,64,3,3,130,0.008141416008584201,0.01446575002046302,783417344,0.75
fa60db52746b72ec,cifar10,ssb-v3-block,cnn,protocol-v3,1.0,64,3,3,131,0.00816712505184114,0.014466082968283445,783417344,0.8203125
fa60db52746b72ec,cifar10,ssb-v3-block,cnn,protocol-v3,1.0,64,3,3,132,0.00816804199712351,0.014437333040405065,783417344,0.6953125
fa60db52746b72ec,cifar10,ssb-v3-block,cnn,protocol-v3,1.0,64,3,3,133,0.008355959027539939,0.014460999984294176,783417344,0.796875
fa60db52746b72ec,cifar10,ssb-v3-block,cnn,protocol-v3,1.0,64,3,3,134,0.0082094999961555,0.014467291999608278,783417344,0.765625
fa60db52746b72ec,cifar10,ssb-v3-block,cnn,protocol-v3,1.0,64,3,3,135,0.008165917010046542,0.014467082975897938,783417344,0.7421875
fa60db52746b72ec,cifar10,ssb-v3-block,cnn,protocol-v3,1.0,64,3,3,136,0.008371333999093622,0.014465708984062076,783417344,0.8203125
fa60db52746b72ec,cifar10,ssb-v3-block,cnn,protocol-v3,1.0,64,3,3,137,0.008333500009030104,0.014426458976231515,783417344,0.796875
fa60db52746b72ec,cifar10,ssb-v3-block,cnn,protocol-v3,1.0,64,3,3,138,0.008584583993069828,0.014453416981268674,783417344,0.7421875
fa60db52746b72ec,cifar10,ssb-v3-block,cnn,protocol-v3,1.0,64,3,3,139,0.008083165972493589,0.01446045801276341,783433728,0.8125
fa60db52746b72ec,cifar10,ssb-v3-block,cnn,protocol-v3,1.0,64,3,3,140,0.008185292012058198,0.014439999999012798,783433728,0.7890625
fa60db52746b72ec,cifar10,ssb-v3-block,cnn,protocol-v3,1.0,64,3,3,141,0.008079291961621493,0.014439833001233637,783433728,0.796875
fa60db52746b72ec,cifar10,ssb-v3-block,cnn,protocol-v3,1.0,64,3,3,142,0.007775291975121945,0.01452720898669213,783433728,0.75
fa60db52746b72ec,cifar10,ssb-v3-block,cnn,protocol-v3,1.0,64,3,3,143,0.007798750011716038,0.014378125022631139,783433728,0.78125
fa60db52746b72ec,cifar10,ssb-v3-block,cnn,protocol-v3,1.0,64,3,3,144,0.007898041978478432,0.014441833016462624,783450112,0.7734375
fa60db52746b72ec,cifar10,ssb-v3-block,cnn,protocol-v3,1.0,64,3,3,145,0.007824916974641383,0.014457707991823554,783450112,0.7734375
fa60db52746b72ec,cifar10,ssb-v3-block,cnn,protocol-v3,1.0,64,3,3,146,0.0077491659903898835,0.014437332982197404,783450112,0.8046875
fa60db52746b72ec,cifar10,ssb-v3-block,cnn,protocol-v3,1.0,64,3,3,147,0.007840124948415905,0.014460999984294176,783466496,0.703125
fa60db52746b72ec,cifar10,ssb-v3-block,cnn,protocol-v3,1.0,64,3,3,148,0.008084750035777688,0.014446624962147325,783466496,0.7890625
fa60db52746b72ec,cifar10,ssb-v3-block,cnn,protocol-v3,1.0,64,3,3,149,0.007750666991341859,0.014451084018219262,783482880,0.8046875
fa60db52746b72ec,cifar10,ssb-v3-block,cnn,protocol-v3,1.0,64,3,3,150,0.007775334001053125,0.014451625000219792,783482880,0.7578125
fa60db52746b72ec,cifar10,ssb-v3-block,cnn,protocol-v3,1.0,64,3,3,151,0.00780358404153958,0.014457291981671005,783482880,0.734375
fa60db52746b72ec,cifar10,ssb-v3-block,cnn,protocol-v3,1.0,64,3,3,152,0.007841917045880109,0.014600499998778105,783482880,0.765625
fa60db52746b72ec,cifar10,ssb-v3-block,cnn,protocol-v3,1.0,64,3,3,153,0.007809875009115785,0.014466874999925494,783482880,0.75
fa60db52746b72ec,cifar10,ssb-v3-block,cnn,protocol-v3,1.0,64,3,3,154,0.007735625025816262,0.014570166997145861,783482880,0.7421875
fa60db52746b72ec,cifar10,ssb-v3-block,cnn,protocol-v3,1.0,64,3,3,155,0.007760624983347952,0.014496416959445924,783482880,0.703125
fa60db52746b72ec,cifar10,ssb-v3-block,cnn,protocol-v3,1.0,64,3,3,156,0.007675042026676238,0.014409416005946696,783499264,0.6796875
fa60db52746b72ec,cifar10,ssb-v3-block,cnn,protocol-v3,1.0,64,3,3,157,0.007805208035279065,0.014453708019573241,783499264,0.7890625
fa60db52746b72ec,cifar10,ssb-v3-block,cnn,protocol-v3,1.0,64,3,3,158,0.007792583026457578,0.014456041040830314,783499264,0.78125
fa60db52746b72ec,cifar10,ssb-v3-block,cnn,protocol-v3,1.0,64,3,3,159,0.007839665981009603,0.014435167016927153,783499264,0.7421875
fa60db52746b72ec,cifar10,ssb-v3-block,cnn,protocol-v3,1.0,64,3,3,160,0.00819662498543039,0.014454832999035716,783499264,0.8359375
fa60db52746b72ec,cifar10,ssb-v3-block,cnn,protocol-v3,1.0,64,3,3,161,0.008160958008375019,0.01440987503156066,783515648,0.75
fa60db52746b72ec,cifar10,ssb-v3-block,cnn,protocol-v3,1.0,64,3,3,162,0.008131208014674485,0.014461291953921318,783515648,0.7265625
fa60db52746b72ec,cifar10,ssb-v3-block,cnn,protocol-v3,1.0,64,3,3,163,0.008302583999466151,0.014465290994849056,783532032,0.8046875
fa60db52746b72ec,cifar10,ssb-v3-block,cnn,protocol-v3,1.0,64,3,3,164,0.008197083952836692,0.014458874997217208,783532032,0.78125
fa60db52746b72ec,cifar10,ssb-v3-block,cnn,protocol-v3,1.0,64,3,3,165,0.008210375031922013,0.014420959050767124,783532032,0.7421875
fa60db52746b72ec,cifar10,ssb-v3-block,cnn,protocol-v3,1.0,64,3,3,166,0.008142000006046146,0.014589167025405914,783548416,0.8046875
fa60db52746b72ec,cifar10,ssb-v3-block,cnn,protocol-v3,1.0,64,3,3,167,0.007804666995070875,0.014427749963942915,783548416,0.71875
fa60db52746b72ec,cifar10,ssb-v3-block,cnn,protocol-v3,1.0,64,3,3,168,0.0077730409684590995,0.014445583045016974,783548416,0.7265625
fa60db52746b72ec,cifar10,ssb-v3-block,cnn,protocol-v3,1.0,64,3,3,169,0.007776915968861431,0.014512541994918138,783548416,0.78125
fa60db52746b72ec,cifar10,ssb-v3-block,cnn,protocol-v3,1.0,64,3,3,170,0.0077748330077156425,0.014451083960011601,783548416,0.703125
fa60db52746b72ec,cifar10,ssb-v3-block,cnn,protocol-v3,1.0,64,3,3,171,0.0078005410032346845,0.014404874993488193,783548416,0.7421875
fa60db52746b72ec,cifar10,ssb-v3-block,cnn,protocol-v3,1.0,64,3,3,172,0.007845457992516458,0.014464458043221384,783548416,0.7734375
fa60db52746b72ec,cifar10,ssb-v3-block,cnn,protocol-v3,1.0,64,3,3,173,0.007797416998073459,0.014452125004027039,783548416,0.734375
fa60db52746b72ec,cifar10,ssb-v3-block,cnn,protocol-v3,1.0,64,3,3,174,0.008085249981377274,0.014422415988519788,783548416,0.8359375
fa60db52746b72ec,cifar10,ssb-v3-block,cnn,protocol-v3,1.0,64,3,3,175,0.008084458007942885,0.01444474997697398,783564800,0.7890625
fa60db52746b72ec,cifar10,ssb-v3-block,cnn,protocol-v3,1.0,64,3,3,176,0.008088834001682699,0.014444250031374395,783564800,0.7421875
fa60db52746b72ec,cifar10,ssb-v3-block,cnn,protocol-v3,1.0,64,3,3,177,0.008690625021699816,0.01447337499121204,783564800,0.765625
fa60db52746b72ec,cifar10,ssb-v3-block,cnn,protocol-v3,1.0,64,3,3,178,0.008709457993973047,0.014428958005737513,783564800,0.765625
fa60db52746b72ec,cifar10,ssb-v3-block,cnn,protocol-v3,1.0,64,3,3,179,0.008305458002723753,0.014445916982367635,783564800,0.7265625
fa60db52746b72ec,cifar10,ssb-v3-block,cnn,protocol-v3,1.0,64,3,3,180,0.008166624989826232,0.014434416021686047,783564800,0.734375
fa60db52746b72ec,cifar10,ssb-v3-block,cnn,protocol-v3,1.0,64,3,3,181,0.008214458008296788,0.014465791988186538,783564800,0.6953125
fa60db52746b72ec,cifar10,ssb-v3-block,cnn,protocol-v3,1.0,64,3,3,182,0.008093709009699523,0.014457750017754734,783564800,0.765625
fa60db52746b72ec,cifar10,ssb-v3-block,cnn,protocol-v3,1.0,64,3,3,183,0.008415125019382685,0.014429541013669223,783564800,0.7890625
fa60db52746b72ec,cifar10,ssb-v3-block,cnn,protocol-v3,1.0,64,3,3,184,0.007793125056196004,0.014452875009737909,783564800,0.71875
fa60db52746b72ec,cifar10,ssb-v3-block,cnn,protocol-v3,1.0,64,3,3,185,0.007885584025643766,0.01451791700674221,783581184,0.7578125
fa60db52746b72ec,cifar10,ssb-v3-block,cnn,protocol-v3,1.0,64,3,3,186,0.007777124992571771,0.01437824999447912,783581184,0.7890625
fa60db52746b72ec,cifar10,ssb-v3-block,cnn,protocol-v3,1.0,64,3,3,187,0.007884666963946074,0.01445750001585111,783581184,0.7734375
fa60db52746b72ec,cifar10,ssb-v3-block,cnn,protocol-v3,1.0,64,3,3,188,0.007908458996098489,0.014443000021856278,783581184,0.8203125
fa60db52746b72ec,cifar10,ssb-v3-block,cnn,protocol-v3,1.0,64,3,3,189,0.00806525000371039,0.014454999996814877,783581184,0.7734375
fa60db52746b72ec,cifar10,ssb-v3-block,cnn,protocol-v3,1.0,64,3,3,190,0.007798834005370736,0.014431249990593642,783581184,0.8046875
fa60db52746b72ec,cifar10,ssb-v3-block,cnn,protocol-v3,1.0,64,3,3,191,0.008144958002958447,0.014469542016740888,783597568,0.7265625
fa60db52746b72ec,cifar10,ssb-v3-block,cnn,protocol-v3,1.0,64,3,3,192,0.008156416995916516,0.014472874987404794,783597568,0.71875
fa60db52746b72ec,cifar10,ssb-v3-block,cnn,protocol-v3,1.0,64,3,3,193,0.008116499986499548,0.01442725001834333,783597568,0.6875
fa60db52746b72ec,cifar10,ssb-v3-block,cnn,protocol-v3,1.0,64,3,3,194,0.007794000033754855,0.01446950004901737,783597568,0.8359375
fa60db52746b72ec,cifar10,ssb-v3-block,cnn,protocol-v3,1.0,64,3,3,195,0.00818845903268084,0.014428417023736984,783597568,0.7265625
fa60db52746b72ec,cifar10,ssb-v3-block,cnn,protocol-v3,1.0,64,3,3,196,0.008173124981112778,0.014435459044761956,783613952,0.8671875
fa60db52746b72ec,cifar10,ssb-v3-block,cnn,protocol-v3,1.0,64,3,3,197,0.008190708991605788,0.014513082976918668,783613952,0.7890625
fa60db52746b72ec,cifar10,ssb-v3-block,cnn,protocol-v3,1.0,64,3,3,198,0.007844624982681125,0.01445670798420906,783613952,0.75
fa60db52746b72ec,cifar10,ssb-v3-block,cnn,protocol-v3,1.0,64,3,3,199,0.007794042001478374,0.01454741699853912,783613952,0.8125
fa60db52746b72ec,cifar10,ssb-v3-block,cnn,protocol-v3,1.0,64,3,3,200,0.007679291011299938,0.014388584007974714,783613952,0.8203125
fa60db52746b72ec,cifar10,ssb-v3-block,cnn,protocol-v3,1.0,64,3,3,201,0.007743499998468906,0.014506625011563301,783613952,0.7421875
fa60db52746b72ec,cifar10,ssb-v3-block,cnn,protocol-v3,1.0,64,3,3,202,0.007802833046298474,0.01446800003759563,783613952,0.78125
fa60db52746b72ec,cifar10,ssb-v3-block,cnn,protocol-v3,1.0,64,3,3,203,0.007852834009099752,0.014486583007965237,783613952,0.765625
fa60db52746b72ec,cifar10,ssb-v3-block,cnn,protocol-v3,1.0,64,3,3,204,0.00784258299972862,0.014442416955716908,783613952,0.75
fa60db52746b72ec,cifar10,ssb-v3-block,cnn,protocol-v3,1.0,64,3,3,205,0.00786666601197794,0.014474708994384855,785186816,0.8203125
fa60db52746b72ec,cifar10,ssb-v3-block,cnn,protocol-v3,1.0,64,3,3,206,0.008194625028409064,0.014445082983002067,785186816,0.734375
fa60db52746b72ec,cifar10,ssb-v3-block,cnn,protocol-v3,1.0,64,3,3,207,0.008123875013552606,0.014441207982599735,785186816,0.8046875
fa60db52746b72ec,cifar10,ssb-v3-block,cnn,protocol-v3,1.0,64,3,3,208,0.008564332965761423,0.01445900002727285,785203200,0.78125
fa60db52746b72ec,cifar10,ssb-v3-block,cnn,protocol-v3,1.0,64,3,3,209,0.008350541000254452,0.014462333987466991,785203200,0.7109375
fa60db52746b72ec,cifar10,ssb-v3-block,cnn,protocol-v3,1.0,64,3,3,210,0.008342500019352883,0.014454707968980074,785203200,0.7890625
fa60db52746b72ec,cifar10,ssb-v3-block,cnn,protocol-v3,1.0,64,3,3,211,0.008140249992720783,0.014454165997449309,785235968,0.8046875
fa60db52746b72ec,cifar10,ssb-v3-block,cnn,protocol-v3,1.0,64,3,3,212,0.008101958024781197,0.01441529201110825,785235968,0.7890625
fa60db52746b72ec,cifar10,ssb-v3-block,cnn,protocol-v3,1.0,64,3,3,213,0.008720125013496727,0.01442870800383389,785235968,0.734375
fa60db52746b72ec,cifar10,ssb-v3-block,cnn,protocol-v3,1.0,64,3,3,214,0.008480958000291139,0.014439291961025447,785252352,0.78125
fa60db52746b72ec,cifar10,ssb-v3-block,cnn,protocol-v3,1.0,64,3,3,215,0.008756458992138505,0.01444779196754098,785252352,0.7265625
fa60db52746b72ec,cifar10,ssb-v3-block,cnn,protocol-v3,1.0,64,3,3,216,0.008101166982669383,0.014453999989200383,785252352,0.734375
fa60db52746b72ec,cifar10,ssb-v3-block,cnn,protocol-v3,1.0,64,3,3,217,0.008175082970410585,0.01445583300665021,785252352,0.734375
fa60db52746b72ec,cifar10,ssb-v3-block,cnn,protocol-v3,1.0,64,3,3,218,0.007863165985327214,0.01457137503894046,785268736,0.7109375
fa60db52746b72ec,cifar10,ssb-v3-block,cnn,protocol-v3,1.0,64,3,3,219,0.0077190829906612635,0.014509542030282319,785268736,0.7890625
fa60db52746b72ec,cifar10,ssb-v3-block,cnn,protocol-v3,1.0,64,3,3,220,0.0077400829759426415,0.014446833985857666,785268736,0.765625
fa60db52746b72ec,cifar10,ssb-v3-block,cnn,protocol-v3,1.0,64,3,3,221,0.007796332996804267,0.014428500027861446,785268736,0.7734375
fa60db52746b72ec,cifar10,ssb-v3-block,cnn,protocol-v3,1.0,64,3,3,222,0.007821874984074384,0.01444254198577255,785268736,0.8203125
fa60db52746b72ec,cifar10,ssb-v3-block,cnn,protocol-v3,1.0,64,3,3,223,0.00809758302057162,0.014446166984271258,785268736,0.75
fa60db52746b72ec,cifar10,ssb-v3-block,cnn,protocol-v3,1.0,64,3,3,224,0.007837040990125388,0.014460875012446195,785301504,0.78125
fa60db52746b72ec,cifar10,ssb-v3-block,cnn,protocol-v3,1.0,64,3,3,225,0.007735540973953903,0.01436833303887397,785301504,0.8046875
fa60db52746b72ec,cifar10,ssb-v3-block,cnn,protocol-v3,1.0,64,3,3,226,0.00816037500044331,0.014453708019573241,785301504,0.75
fa60db52746b72ec,cifar10,ssb-v3-block,cnn,protocol-v3,1.0,64,3,3,227,0.008127957989927381,0.014434957993216813,785301504,0.7421875
fa60db52746b72ec,cifar10,ssb-v3-block,cnn,protocol-v3,1.0,64,3,3,228,0.008648207993246615,0.014391041011549532,785317888,0.75
fa60db52746b72ec,cifar10,ssb-v3-block,cnn,protocol-v3,1.0,64,3,3,229,0.008600750006735325,0.014424833992961794,785317888,0.7578125
fa60db52746b72ec,cifar10,ssb-v3-block,cnn,protocol-v3,1.0,64,3,3,230,0.008210708037950099,0.014453124953433871,785317888,0.7734375
fa60db52746b72ec,cifar10,ssb-v3-block,cnn,protocol-v3,1.0,64,3,3,231,0.007714333012700081,0.014458582969382405,785317888,0.7578125
fa60db52746b72ec,cifar10,ssb-v3-block,cnn,protocol-v3,1.0,64,3,3,232,0.007791541982442141,0.01445004198467359,785334272,0.78125
fa60db52746b72ec,cifar10,ssb-v3-block,cnn,protocol-v3,1.0,64,3,3,233,0.007854833034798503,0.014514542010147125,785334272,0.7265625
fa60db52746b72ec,cifar10,ssb-v3-block,cnn,protocol-v3,1.0,64,3,3,234,0.00780429202131927,0.014445541019085795,785334272,0.7890625
fa60db52746b72ec,cifar10,ssb-v3-block,cnn,protocol-v3,1.0,64,3,3,235,0.007821540988516062,0.014411832962650806,785334272,0.828125
fa60db52746b72ec,cifar10,ssb-v3-block,cnn,protocol-v3,1.0,64,3,3,236,0.007725584029685706,0.01442891696933657,785334272,0.734375
fa60db52746b72ec,cifar10,ssb-v3-block,cnn,protocol-v3,1.0,64,3,3,237,0.007769957999698818,0.014438832993619144,785334272,0.8046875
fa60db52746b72ec,cifar10,ssb-v3-block,cnn,protocol-v3,1.0,64,3,3,238,0.007708750024903566,0.014343708986416459,785334272,0.75
fa60db52746b72ec,cifar10,ssb-v3-block,cnn,protocol-v3,1.0,64,3,3,239,0.007711666985414922,0.014424083987250924,785350656,0.78125
fa60db52746b72ec,cifar10,ssb-v3-block,cnn,protocol-v3,1.0,64,3,3,240,0.00818670797161758,0.014421667030546814,785350656,0.6875
fa60db52746b72ec,cifar10,ssb-v3-block,cnn,protocol-v3,1.0,64,3,3,241,0.008344917034264654,0.014419041981454939,785350656,0.7890625
fa60db52746b72ec,cifar10,ssb-v3-block,cnn,protocol-v3,1.0,64,3,3,242,0.008090832969173789,0.014439709018915892,785350656,0.7734375
fa60db52746b72ec,cifar10,ssb-v3-block,cnn,protocol-v3,1.0,64,3,3,243,0.008163916994817555,0.014414875011425465,785367040,0.703125
fa60db52746b72ec,cifar10,ssb-v3-block,cnn,protocol-v3,1.0,64,3,3,244,0.008151832967996597,0.01444687502225861,785367040,0.703125
fa60db52746b72ec,cifar10,ssb-v3-block,cnn,protocol-v3,1.0,64,3,3,245,0.008204541984014213,0.014441124978475273,785367040,0.7578125
fa60db52746b72ec,cifar10,ssb-v3-block,cnn,protocol-v3,1.0,64,3,3,246,0.008303792041260749,0.014411041978746653,785367040,0.78125
fa60db52746b72ec,cifar10,ssb-v3-block,cnn,protocol-v3,1.0,64,3,3,247,0.007760084001347423,0.014418999955523759,785383424,0.7265625
fa60db52746b72ec,cifar10,ssb-v3-block,cnn,protocol-v3,1.0,64,3,3,248,0.007703583978582174,0.014412457996513695,785399808,0.734375
fa60db52746b72ec,cifar10,ssb-v3-block,cnn,protocol-v3,1.0,64,3,3,249,0.0077198329963721335,0.014411584008485079,785399808,0.7734375
fa60db52746b72ec,cifar10,ssb-v3-block,cnn,protocol-v3,1.0,64,3,3,250,0.007816750032361597,0.01446274999761954,785416192,0.78125
fa60db52746b72ec,cifar10,ssb-v3-block,cnn,protocol-v3,1.0,64,3,3,251,0.007836500008124858,0.014458042045589536,785416192,0.8125
fa60db52746b72ec,cifar10,ssb-v3-block,cnn,protocol-v3,1.0,64,3,3,252,0.0077962499926798046,0.014450833026785403,785416192,0.78125
fa60db52746b72ec,cifar10,ssb-v3-block,cnn,protocol-v3,1.0,64,3,3,253,0.007779249979648739,0.014426834008190781,785416192,0.7421875
fa60db52746b72ec,cifar10,ssb-v3-block,cnn,protocol-v3,1.0,64,3,3,254,0.008204333018511534,0.014466208987869322,785416192,0.75
fa60db52746b72ec,cifar10,ssb-v3-block,cnn,protocol-v3,1.0,64,3,3,255,0.008029250020626932,0.014451999973971397,785416192,0.734375
fa60db52746b72ec,cifar10,ssb-v3-block,cnn,protocol-v3,1.0,64,3,3,256,0.007791791984345764,0.014464541978668422,785416192,0.7578125
fa60db52746b72ec,cifar10,ssb-v3-block,cnn,protocol-v3,1.0,64,3,3,257,0.008276000036858022,0.014453082985710353,785416192,0.71875
fa60db52746b72ec,cifar10,ssb-v3-block,cnn,protocol-v3,1.0,64,3,3,258,0.008286292024422437,0.014480749960057437,785416192,0.765625
fa60db52746b72ec,cifar10,ssb-v3-block,cnn,protocol-v3,1.0,64,3,3,259,0.008647791983094066,0.014462416991591454,785416192,0.75
fa60db52746b72ec,cifar10,ssb-v3-block,cnn,protocol-v3,1.0,64,3,3,260,0.0077302499557845294,0.014420624997001141,785416192,0.765625
fa60db52746b72ec,cifar10,ssb-v3-block,cnn,protocol-v3,1.0,64,3,3,261,0.00823233398841694,0.014430124952923506,785416192,0.734375
fa60db52746b72ec,cifar10,ssb-v3-block,cnn,protocol-v3,1.0,64,3,3,262,0.008158750017173588,0.014458332967478782,785416192,0.75
fa60db52746b72ec,cifar10,ssb-v3-block,cnn,protocol-v3,1.0,64,3,3,263,0.00792949995957315,0.01444158295635134,785432576,0.796875
fa60db52746b72ec,cifar10,ssb-v3-block,cnn,protocol-v3,1.0,64,3,3,264,0.007755583035759628,0.01458516699494794,785432576,0.8203125
fa60db52746b72ec,cifar10,ssb-v3-block,cnn,protocol-v3,1.0,64,3,3,265,0.007727165997494012,0.014477207965683192,785432576,0.7578125
fa60db52746b72ec,cifar10,ssb-v3-block,cnn,protocol-v3,1.0,64,3,3,266,0.007730832963716239,0.014448459027335048,785448960,0.7421875
fa60db52746b72ec,cifar10,ssb-v3-block,cnn,protocol-v3,1.0,64,3,3,267,0.007778249972034246,0.014437290956266224,785448960,0.7265625
fa60db52746b72ec,cifar10,ssb-v3-block,cnn,protocol-v3,1.0,64,3,3,268,0.007784207991790026,0.014467249973677099,785448960,0.8125
fa60db52746b72ec,cifar10,ssb-v3-block,cnn,protocol-v3,1.0,64,3,3,269,0.007805874978657812,0.014459833037108183,785448960,0.8046875
fa60db52746b72ec,cifar10,ssb-v3-block,cnn,protocol-v3,1.0,64,3,3,270,0.0078056249767541885,0.014450083021074533,785448960,0.8125
fa60db52746b72ec,cifar10,ssb-v3-block,cnn,protocol-v3,1.0,64,3,3,271,0.0081793749704957,0.014431499992497265,785448960,0.78125
fa60db52746b72ec,cifar10,ssb-v3-block,cnn,protocol-v3,1.0,64,3,3,272,0.008203624980524182,0.01441879104822874,785448960,0.8359375
fa60db52746b72ec,cifar10,ssb-v3-block,cnn,protocol-v3,1.0,64,3,3,273,0.008221582975238562,0.014468791021499783,785448960,0.71875
fa60db52746b72ec,cifar10,ssb-v3-block,cnn,protocol-v3,1.0,64,3,3,274,0.007785500027239323,0.01443916599964723,785465344,0.7890625
fa60db52746b72ec,cifar10,ssb-v3-block,cnn,protocol-v3,1.0,64,3,3,275,0.008074125042185187,0.014417583995964378,785465344,0.796875
fa60db52746b72ec,cifar10,ssb-v3-block,cnn,protocol-v3,1.0,64,3,3,276,0.008221082971431315,0.014540458971168846,785465344,0.7109375
fa60db52746b72ec,cifar10,ssb-v3-block,cnn,protocol-v3,1.0,64,3,3,277,0.00781870901118964,0.014470791968051344,785465344,0.734375
fa60db52746b72ec,cifar10,ssb-v3-block,cnn,protocol-v3,1.0,64,3,3,278,0.007749166979920119,0.01458725001430139,785481728,0.7734375
fa60db52746b72ec,cifar10,ssb-v3-block,cnn,protocol-v3,1.0,64,3,3,279,0.0077846249914728105,0.01450195797951892,785481728,0.71875
fa60db52746b72ec,cifar10,ssb-v3-block,cnn,protocol-v3,1.0,64,3,3,280,0.007812624971847981,0.014458457997534424,785498112,0.7421875
fa60db52746b72ec,cifar10,ssb-v3-block,cnn,protocol-v3,1.0,64,3,3,281,0.00782816600985825,0.014465207990724593,785498112,0.8671875
fa60db52746b72ec,cifar10,ssb-v3-block,cnn,protocol-v3,1.0,64,3,3,282,0.007784374989569187,0.014446375018451363,785498112,0.8359375
fa60db52746b72ec,cifar10,ssb-v3-block,cnn,protocol-v3,1.0,64,3,3,283,0.007719665998592973,0.014461832994129509,785498112,0.6875
fa60db52746b72ec,cifar10,ssb-v3-block,cnn,protocol-v3,1.0,64,3,3,284,0.0078439160133712,0.014442750019952655,785498112,0.796875
fa60db52746b72ec,cifar10,ssb-v3-block,cnn,protocol-v3,1.0,64,3,3,285,0.008153208997100592,0.014426374982576817,785498112,0.75
fa60db52746b72ec,cifar10,ssb-v3-block,cnn,protocol-v3,1.0,64,3,3,286,0.0085491249919869,0.014445749984588474,785498112,0.7734375
fa60db52746b72ec,cifar10,ssb-v3-block,cnn,protocol-v3,1.0,64,3,3,287,0.00816779100568965,0.014434958982747048,785514496,0.78125
fa60db52746b72ec,cifar10,ssb-v3-block,cnn,protocol-v3,1.0,64,3,3,288,0.0076876250095665455,0.014449167007114738,785514496,0.734375
fa60db52746b72ec,cifar10,ssb-v3-block,cnn,protocol-v3,1.0,64,3,3,289,0.007854875002522022,0.014460875012446195,785514496,0.734375
fa60db52746b72ec,cifar10,ssb-v3-block,cnn,protocol-v3,1.0,64,3,3,290,0.007900332973804325,0.014436082972679287,785514496,0.8125
fa60db52746b72ec,cifar10,ssb-v3-block,cnn,protocol-v3,1.0,64,3,3,291,0.007892583031207323,0.014439166989177465,785514496,0.8359375
fa60db52746b72ec,cifar10,ssb-v3-block,cnn,protocol-v3,1.0,64,3,3,292,0.0077741669956594706,0.01445299998158589,785514496,0.8203125
fa60db52746b72ec,cifar10,ssb-v3-block,cnn,protocol-v3,1.0,64,3,3,293,0.007824041997082531,0.014428499969653785,785514496,0.7265625
fa60db52746b72ec,cifar10,ssb-v3-block,cnn,protocol-v3,1.0,64,3,3,294,0.007743292022496462,0.014411000011023134,785514496,0.7890625
fa60db52746b72ec,cifar10,ssb-v3-block,cnn,protocol-v3,1.0,64,3,3,295,0.007787666982039809,0.014453083043918014,785514496,0.765625
fa60db52746b72ec,cifar10,ssb-v3-block,cnn,protocol-v3,1.0,64,3,3,296,0.007869708992075175,0.014487209031358361,785514496,0.78125
fa60db52746b72ec,cifar10,ssb-v3-block,cnn,protocol-v3,1.0,64,3,3,297,0.0077950829872861505,0.014436458994168788,785514496,0.75
fa60db52746b72ec,cifar10,ssb-v3-block,cnn,protocol-v3,1.0,64,3,3,298,0.007801041996572167,0.014460000034887344,785530880,0.7734375
fa60db52746b72ec,cifar10,ssb-v3-block,cnn,protocol-v3,1.0,64,3,3,299,0.008156042022164911,0.014441166014876217,785530880,0.765625
fa60db52746b72ec,cifar10,ssb-v3-block,cnn,protocol-v3,1.0,64,3,3,300,0.008111792034469545,0.014461625018157065,785530880,0.765625
fa60db52746b72ec,cifar10,ssb-v3-block,cnn,protocol-v3,1.0,64,3,3,301,0.008243707998190075,0.0144008329953067,785547264,0.8203125
fa60db52746b72ec,cifar10,ssb-v3-block,cnn,protocol-v3,1.0,64,3,3,302,0.008095874974969774,0.014442125044297427,785547264,0.796875
fa60db52746b72ec,cifar10,ssb-v3-block,cnn,protocol-v3,1.0,64,3,3,303,0.008130333968438208,0.014439791964832693,785547264,0.7890625
fa60db52746b72ec,cifar10,ssb-v3-block,cnn,protocol-v3,1.0,64,3,3,304,0.008278542023617774,0.014428459049668163,785547264,0.8125
fa60db52746b72ec,cifar10,ssb-v3-block,cnn,protocol-v3,1.0,64,3,3,305,0.00808949995553121,0.01449987496016547,785547264,0.8046875
fa60db52746b72ec,cifar10,ssb-v3-block,cnn,protocol-v3,1.0,64,3,3,306,0.007848208013456315,0.014444208005443215,785547264,0.8046875
fa60db52746b72ec,cifar10,ssb-v3-block,cnn,protocol-v3,1.0,64,3,3,307,0.007853708986658603,0.014428458991460502,785547264,0.734375
fa60db52746b72ec,cifar10,ssb-v3-block,cnn,protocol-v3,1.0,64,3,3,308,0.007807250018231571,0.014375624945387244,785547264,0.7265625
fa60db52746b72ec,cifar10,ssb-v3-block,cnn,protocol-v3,1.0,64,3,3,309,0.007778582978062332,0.014437458012253046,785547264,0.765625
fa60db52746b72ec,cifar10,ssb-v3-block,cnn,protocol-v3,1.0,64,3,3,310,0.0077932499698363245,0.014403667009901255,785563648,0.78125
fa60db52746b72ec,cifar10,ssb-v3-block,cnn,protocol-v3,1.0,64,3,3,311,0.007827125024050474,0.014396791986655444,785563648,0.8203125
fa60db52746b72ec,cifar10,ssb-v3-block,cnn,protocol-v3,1.0,64,3,3,312,0.007794958015438169,0.014455458032898605,785580032,0.734375
fa60db52746b72ec,cifar10,ssb-v3-block,cnn,protocol-v3,1.0,64,3,3,313,0.008183958008885384,0.014465958985965699,785580032,0.7890625
fa60db52746b72ec,cifar10,ssb-v3-block,cnn,protocol-v3,1.0,64,3,3,314,0.008108708017971367,0.014445000037085265,785596416,0.7578125
fa60db52746b72ec,cifar10,ssb-v3-block,cnn,protocol-v3,1.0,64,3,3,315,0.00822675001109019,0.014461000042501837,785596416,0.7734375
fa60db52746b72ec,cifar10,ssb-v3-block,cnn,protocol-v3,1.0,64,3,3,316,0.008195000002160668,0.014422125008422881,785596416,0.7734375
fa60db52746b72ec,cifar10,ssb-v3-block,cnn,protocol-v3,1.0,64,3,3,317,0.008095291967038065,0.014434791984967887,785596416,0.7734375
fa60db52746b72ec,cifar10,ssb-v3-block,cnn,protocol-v3,1.0,64,3,3,318,0.008129291993100196,0.014459666039329022,785596416,0.7734375
fa60db52746b72ec,cifar10,ssb-v3-block,cnn,protocol-v3,1.0,64,3,3,319,0.008173166948836297,0.014452375005930662,785596416,0.7578125
fa60db52746b72ec,cifar10,ssb-v3-block,cnn,protocol-v3,1.0,64,3,3,320,0.00820333301089704,0.014441124978475273,785612800,0.796875
fa60db52746b72ec,cifar10,ssb-v3-block,cnn,protocol-v3,1.0,64,3,3,321,0.007739708002191037,0.014397041988559067,785612800,0.78125
fa60db52746b72ec,cifar10,ssb-v3-block,cnn,protocol-v3,1.0,64,3,3,322,0.0078081670217216015,0.014355375024024397,785612800,0.78125
fa60db52746b72ec,cifar10,ssb-v3-block,cnn,protocol-v3,1.0,64,3,3,323,0.00785720901330933,0.01445466699078679,785612800,0.6328125
fa60db52746b72ec,cifar10,ssb-v3-block,cnn,protocol-v3,1.0,64,3,3,324,0.007797874975949526,0.014444166969042271,785612800,0.734375
fa60db52746b72ec,cifar10,ssb-v3-block,cnn,protocol-v3,1.0,64,3,3,325,0.00777829100843519,0.014460084028542042,785612800,0.828125
fa60db52746b72ec,cifar10,ssb-v3-block,cnn,protocol-v3,1.0,64,3,3,326,0.007862083031795919,0.014432333002332598,785612800,0.7421875
fa60db52746b72ec,cifar10,ssb-v3-block,cnn,protocol-v3,1.0,64,3,3,327,0.008189791988115758,0.014416791964322329,785612800,0.734375
fa60db52746b72ec,cifar10,ssb-v3-block,cnn,protocol-v3,1.0,64,3,3,328,0.008222624950576574,0.014430207957047969,785612800,0.7890625
fa60db52746b72ec,cifar10,ssb-v3-block,cnn,protocol-v3,1.0,64,3,3,329,0.008214082976337522,0.014444125001318753,785629184,0.71875
fa60db52746b72ec,cifar10,ssb-v3-block,cnn,protocol-v3,1.0,64,3,3,330,0.008202166995033622,0.01444774999981746,785678336,0.7734375
fa60db52746b72ec,cifar10,ssb-v3-block,cnn,protocol-v3,1.0,64,3,3,331,0.008130709000397474,0.014459291996899992,785694720,0.75
fa60db52746b72ec,cifar10,ssb-v3-block,cnn,protocol-v3,1.0,64,3,3,332,0.008243083022534847,0.014450124988798052,785694720,0.6953125
fa60db52746b72ec,cifar10,ssb-v3-block,cnn,protocol-v3,1.0,64,3,3,333,0.008326374983880669,0.014472333015874028,785694720,0.71875
fa60db52746b72ec,cifar10,ssb-v3-block,cnn,protocol-v3,1.0,64,3,3,334,0.008190207998268306,0.014572957996279001,785694720,0.8046875
fa60db52746b72ec,cifar10,ssb-v3-block,cnn,protocol-v3,1.0,64,3,3,335,0.007953874999657273,0.014459875004831702,785694720,0.671875
fa60db52746b72ec,cifar10,ssb-v3-block,cnn,protocol-v3,1.0,64,3,3,336,0.007899290998466313,0.01444312499370426,785694720,0.78125
fa60db52746b72ec,cifar10,ssb-v3-block,cnn,protocol-v3,1.0,64,3,3,337,0.0077314170193858445,0.014442500018049031,785694720,0.78125
fa60db52746b72ec,cifar10,ssb-v3-block,cnn,protocol-v3,1.0,64,3,3,338,0.00785716698737815,0.014441000006627291,785694720,0.78125
fa60db52746b72ec,cifar10,ssb-v3-block,cnn,protocol-v3,1.0,64,3,3,339,0.007791624986566603,0.014450500020757318,785694720,0.7109375
fa60db52746b72ec,cifar10,ssb-v3-block,cnn,protocol-v3,1.0,64,3,3,340,0.007728416007012129,0.01444849994732067,785694720,0.796875
fa60db52746b72ec,cifar10,ssb-v3-block,cnn,protocol-v3,1.0,64,3,3,341,0.007809207949321717,0.014421875006519258,785711104,0.71875
fa60db52746b72ec,cifar10,ssb-v3-block,cnn,protocol-v3,1.0,64,3,3,342,0.00819754198892042,0.014486916013993323,785711104,0.78125
fa60db52746b72ec,cifar10,ssb-v3-block,cnn,protocol-v3,1.0,64,3,3,343,0.008128250017762184,0.01442495797527954,785711104,0.7734375
fa60db52746b72ec,cifar10,ssb-v3-block,cnn,protocol-v3,1.0,64,3,3,344,0.008162209007423371,0.014446209010202438,785711104,0.734375
fa60db52746b72ec,cifar10,ssb-v3-block,cnn,protocol-v3,1.0,64,3,3,345,0.008338959014508873,0.01442962500732392,785711104,0.8203125
fa60db52746b72ec,cifar10,ssb-v3-block,cnn,protocol-v3,1.0,64,3,3,346,0.00859904196113348,0.014453458948992193,785711104,0.7265625
fa60db52746b72ec,cifar10,ssb-v3-block,cnn,protocol-v3,1.0,64,3,3,347,0.008330958022270352,0.014400666987057775,785711104,0.8359375
fa60db52746b72ec,cifar10,ssb-v3-block,cnn,protocol-v3,1.0,64,3,3,348,0.00823512498755008,0.014451541006565094,785727488,0.765625
fa60db52746b72ec,cifar10,ssb-v3-block,cnn,protocol-v3,1.0,64,3,3,349,0.008099458005744964,0.014443499967455864,785743872,0.7890625
fa60db52746b72ec,cifar10,ssb-v3-block,cnn,protocol-v3,1.0,64,3,3,350,0.008272833016235381,0.014445250038988888,785743872,0.7578125
fa60db52746b72ec,cifar10,ssb-v3-block,cnn,protocol-v3,1.0,64,3,3,351,0.008729959023185074,0.01444608299061656,785743872,0.7265625
fa60db52746b72ec,cifar10,ssb-v3-block,cnn,protocol-v3,1.0,64,3,3,352,0.008082750020548701,0.014435124990995973,785743872,0.765625
fa60db52746b72ec,cifar10,ssb-v3-block,cnn,protocol-v3,1.0,64,3,3,353,0.008189500018488616,0.014448000001721084,785743872,0.7734375
fa60db52746b72ec,cifar10,ssb-v3-block,cnn,protocol-v3,1.0,64,3,3,354,0.007839750032871962,0.014565124991349876,785743872,0.78125
fa60db52746b72ec,cifar10,ssb-v3-block,cnn,protocol-v3,1.0,64,3,3,355,0.0077416249550879,0.014471834001597017,785743872,0.7265625
fa60db52746b72ec,cifar10,ssb-v3-block,cnn,protocol-v3,1.0,64,3,3,356,0.007716874999459833,0.014433667005505413,785743872,0.734375
fa60db52746b72ec,cifar10,ssb-v3-block,cnn,protocol-v3,1.0,64,3,3,357,0.007807042042259127,0.014442667015828192,785743872,0.734375
fa60db52746b72ec,cifar10,ssb-v3-block,cnn,protocol-v3,1.0,64,3,3,358,0.007849458954297006,0.014441916951909661,785760256,0.828125
fa60db52746b72ec,cifar10,ssb-v3-block,cnn,protocol-v3,1.0,64,3,3,359,0.007807874993886799,0.014450500020757318,785760256,0.734375
fa60db52746b72ec,cifar10,ssb-v3-block,cnn,protocol-v3,1.0,64,3,3,360,0.008165458973962814,0.014442000014241785,785760256,0.703125
fa60db52746b72ec,cifar10,ssb-v3-block,cnn,protocol-v3,1.0,64,3,3,361,0.008087207970675081,0.01444233296206221,785760256,0.8125
fa60db52746b72ec,cifar10,ssb-v3-block,cnn,protocol-v3,1.0,64,3,3,362,0.00802450004266575,0.01444387499941513,785760256,0.75
fa60db52746b72ec,cifar10,ssb-v3-block,cnn,protocol-v3,1.0,64,3,3,363,0.00826595805119723,0.014448624977376312,785760256,0.765625
fa60db52746b72ec,cifar10,ssb-v3-block,cnn,protocol-v3,1.0,64,3,3,364,0.008201582997571677,0.014440583996474743,785760256,0.8203125
fa60db52746b72ec,cifar10,ssb-v3-block,cnn,protocol-v3,1.0,64,3,3,365,0.008287333010230213,0.014475125004537404,785760256,0.7578125
fa60db52746b72ec,cifar10,ssb-v3-block,cnn,protocol-v3,1.0,64,3,3,366,0.008180333999916911,0.014475541014689952,785760256,0.8046875
fa60db52746b72ec,cifar10,ssb-v3-block,cnn,protocol-v3,1.0,64,3,3,367,0.00802912499057129,0.01441900001373142,785776640,0.7734375
fa60db52746b72ec,cifar10,ssb-v3-block,cnn,protocol-v3,1.0,64,3,3,368,0.007760374981444329,0.014483083039522171,785776640,0.7890625
fa60db52746b72ec,cifar10,ssb-v3-block,cnn,protocol-v3,1.0,64,3,3,369,0.007745833019725978,0.014512499968986958,785793024,0.765625
fa60db52746b72ec,cifar10,ssb-v3-block,cnn,protocol-v3,1.0,64,3,3,370,0.007829500013031065,0.014379250002093613,785793024,0.78125
fa60db52746b72ec,cifar10,ssb-v3-block,cnn,protocol-v3,1.0,64,3,3,371,0.007782125030644238,0.014430875016842037,785793024,0.7109375
fa60db52746b72ec,cifar10,ssb-v3-block,cnn,protocol-v3,1.0,64,3,3,372,0.00779433298157528,0.014465791988186538,785809408,0.7421875
fa60db52746b72ec,cifar10,ssb-v3-block,cnn,protocol-v3,1.0,64,3,3,373,0.007815916964318603,0.014421415980905294,785809408,0.7421875
fa60db52746b72ec,cifar10,ssb-v3-block,cnn,protocol-v3,1.0,64,3,3,374,0.008140791032928973,0.014456250006332994,785809408,0.796875
fa60db52746b72ec,cifar10,ssb-v3-block,cnn,protocol-v3,1.0,64,3,3,375,0.008322875015437603,0.014400791958905756,785809408,0.7578125
fa60db52746b72ec,cifar10,ssb-v3-block,cnn,protocol-v3,1.0,64,3,3,376,0.008071292017120868,0.014414249977562577,785825792,0.8359375
fa60db52746b72ec,cifar10,ssb-v3-block,cnn,protocol-v3,1.0,64,3,3,377,0.00816316599957645,0.014480166020803154,785825792,0.7890625
fa60db52746b72ec,cifar10,ssb-v3-block,cnn,protocol-v3,1.0,64,3,3,378,0.008539667003788054,0.014428958005737513,785825792,0.734375
fa60db52746b72ec,cifar10,ssb-v3-block,cnn,protocol-v3,1.0,64,3,3,379,0.008616167004220188,0.014437499979976565,785825792,0.7578125
fa60db52746b72ec,cifar10,ssb-v3-block,cnn,protocol-v3,1.0,64,3,3,380,0.008016082982067019,0.014452625007834285,785825792,0.78125
fa60db52746b72ec,cifar10,ssb-v3-block,cnn,protocol-v3,1.0,64,3,3,381,0.008171374967787415,0.014436249970458448,785825792,0.7890625
fa60db52746b72ec,cifar10,ssb-v3-block,cnn,protocol-v3,1.0,64,3,3,382,0.007795959012582898,0.01443654199829325,785825792,0.765625
fa60db52746b72ec,cifar10,ssb-v3-block,cnn,protocol-v3,1.0,64,3,3,383,0.007940667041111737,0.01446212496375665,785842176,0.796875
fa60db52746b72ec,cifar10,ssb-v3-block,cnn,protocol-v3,1.0,64,3,3,384,0.007843374973163009,0.014453375013545156,785842176,0.8125
fa60db52746b72ec,cifar10,ssb-v3-block,cnn,protocol-v3,1.0,64,3,3,385,0.007717333966866136,0.014418750011827797,785842176,0.8125
fa60db52746b72ec,cifar10,ssb-v3-block,cnn,protocol-v3,1.0,64,3,3,386,0.007840208010748029,0.014442084007896483,785842176,0.8359375
fa60db52746b72ec,cifar10,ssb-v3-block,cnn,protocol-v3,1.0,64,3,3,387,0.007791042036842555,0.014437833975534886,785858560,0.796875
fa60db52746b72ec,cifar10,ssb-v3-block,cnn,protocol-v3,1.0,64,3,3,388,0.007835750002413988,0.014416790974792093,785858560,0.84375
fa60db52746b72ec,cifar10,ssb-v3-block,cnn,protocol-v3,1.0,64,3,3,389,0.007814124983269721,0.014427042042370886,785858560,0.8203125
fa60db52746b72ec,cifar10,ssb-v3-block,cnn,protocol-v3,1.0,64,3,3,390,0.007179874985013157,0.010242666001431644,785858560,0.8
