run_id,dataset,model,architecture,protocol_version,keep_ratio,block_size,seed,epoch,batch,forward_time_s,backward_time_s,memory_bytes,batch_accuracy
2c24b5ea51298616,svhn,dropout,cnn,protocol-v3,0.6,0,2,1,0,0.08353616698877886,0.07043999998131767,707117056,0.125
2c24b5ea51298616,svhn,dropout,cnn,protocol-v3,0.6,0,2,1,1,0.01084712496958673,0.021129291970282793,726335488,0.1875
2c24b5ea51298616,svhn,dropout,cnn,protocol-v3,0.6,0,2,1,2,0.006402166036423296,0.012437957979273051,726564864,0.2421875
2c24b5ea51298616,svhn,dropout,cnn,protocol-v3,0.6,0,2,1,3,0.0059001250192523,0.012451042013708502,729759744,0.203125
2c24b5ea51298616,svhn,dropout,cnn,protocol-v3,0.6,0,2,1,4,0.005947291967459023,0.012428041954990476,731348992,0.1953125
2c24b5ea51298616,svhn,dropout,cnn,protocol-v3,0.6,0,2,1,5,0.005885792023036629,0.0124219159479253,731348992,0.1875
2c24b5ea51298616,svhn,dropout,cnn,protocol-v3,0.6,0,2,1,6,0.005776916979812086,0.012407375033944845,731365376,0.1484375
2c24b5ea51298616,svhn,dropout,cnn,protocol-v3,0.6,0,2,1,7,0.005930749990511686,0.012534459005109966,731365376,0.1953125
2c24b5ea51298616,svhn,dropout,cnn,protocol-v3,0.6,0,2,1,8,0.0058499579899944365,0.012448166962713003,731365376,0.1875
2c24b5ea51298616,svhn,dropout,cnn,protocol-v3,0.6,0,2,1,9,0.005881333025172353,0.012463541002944112,731365376,0.1796875
2c24b5ea51298616,svhn,dropout,cnn,protocol-v3,0.6,0,2,1,10,0.005860375007614493,0.012455541989766061,731381760,0.1796875
2c24b5ea51298616,svhn,dropout,cnn,protocol-v3,0.6,0,2,1,11,0.005972416023723781,0.012589375022798777,731381760,0.171875
2c24b5ea51298616,svhn,dropout,cnn,protocol-v3,0.6,0,2,1,12,0.005973082967102528,0.012464625004213303,731381760,0.171875
2c24b5ea51298616,svhn,dropout,cnn,protocol-v3,0.6,0,2,1,13,0.005957166955340654,0.012500124983489513,732954624,0.1953125
2c24b5ea51298616,svhn,dropout,cnn,protocol-v3,0.6,0,2,1,14,0.005871666013263166,0.01248191698687151,732954624,0.2265625
2c24b5ea51298616,svhn,dropout,cnn,protocol-v3,0.6,0,2,1,15,0.005880624987185001,0.012440541991963983,732954624,0.2265625
2c24b5ea51298616,svhn,dropout,cnn,protocol-v3,0.6,0,2,1,16,0.005916125024668872,0.012415874982252717,732954624,0.171875
2c24b5ea51298616,svhn,dropout,cnn,protocol-v3,0.6,0,2,1,17,0.0059090830036439,0.012435915996320546,732954624,0.1953125
2c24b5ea51298616,svhn,dropout,cnn,protocol-v3,0.6,0,2,1,18,0.00591808301396668,0.012617125001270324,732971008,0.21875
2c24b5ea51298616,svhn,dropout,cnn,protocol-v3,0.6,0,2,1,19,0.005882792000193149,0.012448958004824817,732987392,0.1796875
2c24b5ea51298616,svhn,dropout,cnn,protocol-v3,0.6,0,2,1,20,0.0058937499998137355,0.012472125003114343,732987392,0.15625
2c24b5ea51298616,svhn,dropout,cnn,protocol-v3,0.6,0,2,1,21,0.005925790988840163,0.012477999960538,732987392,0.1875
2c24b5ea51298616,svhn,dropout,cnn,protocol-v3,0.6,0,2,1,22,0.005859291995875537,0.012589542020577937,732987392,0.234375
2c24b5ea51298616,svhn,dropout,cnn,protocol-v3,0.6,0,2,1,23,0.00603079202119261,0.012514834001194686,733003776,0.2265625
2c24b5ea51298616,svhn,dropout,cnn,protocol-v3,0.6,0,2,1,24,0.005854083981830627,0.012526250036899,733036544,0.1953125
2c24b5ea51298616,svhn,dropout,cnn,protocol-v3,0.6,0,2,1,25,0.0059458750183694065,0.012522167002316564,733036544,0.1640625
2c24b5ea51298616,svhn,dropout,cnn,protocol-v3,0.6,0,2,1,26,0.005872624984476715,0.012501457997132093,733052928,0.171875
2c24b5ea51298616,svhn,dropout,cnn,protocol-v3,0.6,0,2,1,27,0.00585566705558449,0.01242137502413243,733052928,0.1875
2c24b5ea51298616,svhn,dropout,cnn,protocol-v3,0.6,0,2,1,28,0.005919083021581173,0.012451165996026248,733052928,0.1640625
2c24b5ea51298616,svhn,dropout,cnn,protocol-v3,0.6,0,2,1,29,0.00587433303007856,0.012522041972260922,733052928,0.1875
2c24b5ea51298616,svhn,dropout,cnn,protocol-v3,0.6,0,2,1,30,0.005863207974471152,0.012514541973359883,734347264,0.1796875
2c24b5ea51298616,svhn,dropout,cnn,protocol-v3,0.6,0,2,1,31,0.005936250032391399,0.012420875020325184,734347264,0.1640625
2c24b5ea51298616,svhn,dropout,cnn,protocol-v3,0.6,0,2,1,32,0.005900749994907528,0.01252420898526907,734347264,0.1796875
2c24b5ea51298616,svhn,dropout,cnn,protocol-v3,0.6,0,2,1,33,0.005872500012628734,0.01248695800313726,734347264,0.1640625
2c24b5ea51298616,svhn,dropout,cnn,protocol-v3,0.6,0,2,1,34,0.005956124980002642,0.012466708023566753,734347264,0.1796875
2c24b5ea51298616,svhn,dropout,cnn,protocol-v3,0.6,0,2,1,35,0.005907667044084519,0.012443582993000746,734347264,0.1796875
2c24b5ea51298616,svhn,dropout,cnn,protocol-v3,0.6,0,2,1,36,0.005874249967746437,0.012383249995764345,734363648,0.1484375
2c24b5ea51298616,svhn,dropout,cnn,protocol-v3,0.6,0,2,1,37,0.005880791984964162,0.012384999950882047,734363648,0.171875
2c24b5ea51298616,svhn,dropout,cnn,protocol-v3,0.6,0,2,1,38,0.00580350001109764,0.012448124994989485,734363648,0.1953125
2c24b5ea51298616,svhn,dropout,cnn,protocol-v3,0.6,0,2,1,39,0.005822625011205673,0.012399750004988164,734363648,0.1953125
2c24b5ea51298616,svhn,dropout,cnn,protocol-v3,0.6,0,2,1,40,0.005815582990180701,0.012418708007317036,734363648,0.28125
2c24b5ea51298616,svhn,dropout,cnn,protocol-v3,0.6,0,2,1,41,0.005822500039357692,0.012326750031206757,734363648,0.1484375
2c24b5ea51298616,svhn,dropout,cnn,protocol-v3,0.6,0,2,1,42,0.005796833022031933,0.012386957998387516,734363648,0.109375
2c24b5ea51298616,svhn,dropout,cnn,protocol-v3,0.6,0,2,1,43,0.005839332996401936,0.012402541004121304,734380032,0.1328125
2c24b5ea51298616,svhn,dropout,cnn,protocol-v3,0.6,0,2,1,44,0.005729582975618541,0.012345292023383081,734396416,0.140625
2c24b5ea51298616,svhn,dropout,cnn,protocol-v3,0.6,0,2,1,45,0.005816207965835929,0.01234491600189358,734396416,0.171875
2c24b5ea51298616,svhn,dropout,cnn,protocol-v3,0.6,0,2,1,46,0.005814915988594294,0.012347749958280474,734396416,0.2109375
2c24b5ea51298616,svhn,dropout,cnn,protocol-v3,0.6,0,2,1,47,0.005788167007267475,0.012340917019173503,734396416,0.203125
2c24b5ea51298616,svhn,dropout,cnn,protocol-v3,0.6,0,2,1,48,0.00581504194997251,0.012346250005066395,734396416,0.234375
2c24b5ea51298616,svhn,dropout,cnn,protocol-v3,0.6,0,2,1,49,0.005805999971926212,0.01254754199180752,734396416,0.109375
2c24b5ea51298616,svhn,dropout,cnn,protocol-v3,0.6,0,2,1,50,0.0058369580074213445,0.01233537495136261,734396416,0.1953125
2c24b5ea51298616,svhn,dropout,cnn,protocol-v3,0.6,0,2,1,51,0.005782791995443404,0.012337249994743615,734396416,0.1875
2c24b5ea51298616,svhn,dropout,cnn,protocol-v3,0.6,0,2,1,52,0.005895500013139099,0.012442292005289346,734396416,0.1171875
2c24b5ea51298616,svhn,dropout,cnn,protocol-v3,0.6,0,2,1,53,0.005851500027347356,0.012404999986756593,734396416,0.2265625
2c24b5ea51298616,svhn,dropout,cnn,protocol-v3,0.6,0,2,1,54,0.005804125044960529,0.012387541006319225,734396416,0.1875
2c24b5ea51298616,svhn,dropout,cnn,protocol-v3,0.6,0,2,1,55,0.0058503750478848815,0.012355374987237155,734396416,0.1796875
2c24b5ea51298616,svhn,dropout,cnn,protocol-v3,0.6,0,2,1,56,0.005730834032874554,0.012358291016425937,734396416,0.234375
2c24b5ea51298616,svhn,dropout,cnn,protocol-v3,0.6,0,2,1,57,0.005845917039550841,0.012328583979979157,734396416,0.1796875
2c24b5ea51298616,svhn,dropout,cnn,protocol-v3,0.6,0,2,1,58,0.0058115830179303885,0.012417916965205222,734396416,0.1953125
2c24b5ea51298616,svhn,dropout,cnn,protocol-v3,0.6,0,2,1,59,0.005790291994344443,0.012342541012912989,734396416,0.15625
2c24b5ea51298616,svhn,dropout,cnn,protocol-v3,0.6,0,2,1,60,0.005788207985460758,0.012296458997298032,734396416,0.234375
2c24b5ea51298616,svhn,dropout,cnn,protocol-v3,0.6,0,2,1,61,0.005732291028834879,0.01237129099899903,734396416,0.2109375
2c24b5ea51298616,svhn,dropout,cnn,protocol-v3,0.6,0,2,1,62,0.005795417004264891,0.012346083007287234,734396416,0.1796875
2c24b5ea51298616,svhn,dropout,cnn,protocol-v3,0.6,0,2,1,63,0.005868291016668081,0.01231595897115767,734396416,0.1796875
2c24b5ea51298616,svhn,dropout,cnn,protocol-v3,0.6,0,2,1,64,0.005807667039334774,0.012344916991423815,734396416,0.171875
2c24b5ea51298616,svhn,dropout,cnn,protocol-v3,0.6,0,2,1,65,0.0058186249807477,0.012386750022415072,734412800,0.1796875
2c24b5ea51298616,svhn,dropout,cnn,protocol-v3,0.6,0,2,1,66,0.005782708001788706,0.012390916992444545,734412800,0.25
2c24b5ea51298616,svhn,dropout,cnn,protocol-v3,0.6,0,2,1,67,0.0057941669947467744,0.012348624994046986,734412800,0.1953125
2c24b5ea51298616,svhn,dropout,cnn,protocol-v3,0.6,0,2,1,68,0.005885540973395109,0.012593708001077175,734412800,0.2421875
2c24b5ea51298616,svhn,dropout,cnn,protocol-v3,0.6,0,2,1,69,0.005822166975121945,0.012333457998465747,734412800,0.1953125
2c24b5ea51298616,svhn,dropout,cnn,protocol-v3,0.6,0,2,1,70,0.005880165961571038,0.012340874993242323,734412800,0.2734375
2c24b5ea51298616,svhn,dropout,cnn,protocol-v3,0.6,0,2,1,71,0.005826917011290789,0.012341750029008836,734412800,0.1796875
2c24b5ea51298616,svhn,dropout,cnn,protocol-v3,0.6,0,2,1,72,0.005784209002740681,0.012386583024635911,734412800,0.25
2c24b5ea51298616,svhn,dropout,cnn,protocol-v3,0.6,0,2,1,73,0.005790708994027227,0.012396416976116598,734412800,0.1875
2c24b5ea51298616,svhn,dropout,cnn,protocol-v3,0.6,0,2,1,74,0.00580650003394112,0.012367624964099377,734412800,0.1640625
2c24b5ea51298616,svhn,dropout,cnn,protocol-v3,0.6,0,2,1,75,0.0058441670262254775,0.012418791011441499,734412800,0.1875
2c24b5ea51298616,svhn,dropout,cnn,protocol-v3,0.6,0,2,1,76,0.005772917007561773,0.012337000051047653,734412800,0.1875
2c24b5ea51298616,svhn,dropout,cnn,protocol-v3,0.6,0,2,1,77,0.00579916697461158,0.012337790976744145,734412800,0.203125
2c24b5ea51298616,svhn,dropout,cnn,protocol-v3,0.6,0,2,1,78,0.005847332999110222,0.01230958302039653,734412800,0.1328125
2c24b5ea51298616,svhn,dropout,cnn,protocol-v3,0.6,0,2,1,79,0.005801542021799833,0.012350041011814028,734412800,0.140625
2c24b5ea51298616,svhn,dropout,cnn,protocol-v3,0.6,0,2,1,80,0.005803791980724782,0.01244479202432558,734412800,0.203125
2c24b5ea51298616,svhn,dropout,cnn,protocol-v3,0.6,0,2,1,81,0.005807415989693254,0.012342625006567687,734412800,0.15625
2c24b5ea51298616,svhn,dropout,cnn,protocol-v3,0.6,0,2,1,82,0.005790333030745387,0.012390125019010156,734412800,0.203125
2c24b5ea51298616,svhn,dropout,cnn,protocol-v3,0.6,0,2,1,83,0.005796791985630989,0.01232174999313429,734412800,0.171875
2c24b5ea51298616,svhn,dropout,cnn,protocol-v3,0.6,0,2,1,84,0.00580570800229907,0.012343125010374933,734412800,0.1328125
2c24b5ea51298616,svhn,dropout,cnn,protocol-v3,0.6,0,2,1,85,0.005790167022496462,0.012337583990301937,734412800,0.171875
2c24b5ea51298616,svhn,dropout,cnn,protocol-v3,0.6,0,2,1,86,0.005791125004179776,0.012336457963101566,734412800,0.21875
2c24b5ea51298616,svhn,dropout,cnn,protocol-v3,0.6,0,2,1,87,0.006002749956678599,0.012617165979463607,734412800,0.1953125
2c24b5ea51298616,svhn,dropout,cnn,protocol-v3,0.6,0,2,1,88,0.005809833994135261,0.012372416036669165,734412800,0.171875
2c24b5ea51298616,svhn,dropout,cnn,protocol-v3,0.6,0,2,1,89,0.005814499978441745,0.012359208019915968,734429184,0.1875
2c24b5ea51298616,svhn,dropout,cnn,protocol-v3,0.6,0,2,1,90,0.005801540974061936,0.01236320799216628,734429184,0.1484375
2c24b5ea51298616,svhn,dropout,cnn,protocol-v3,0.6,0,2,1,91,0.005789750022813678,0.01232304103905335,734429184,0.203125
2c24b5ea51298616,svhn,dropout,cnn,protocol-v3,0.6,0,2,1,92,0.005885791033506393,0.012502833036705852,734429184,0.140625
2c24b5ea51298616,svhn,dropout,cnn,protocol-v3,0.6,0,2,1,93,0.005793999996967614,0.012457915989216417,734429184,0.1640625
2c24b5ea51298616,svhn,dropout,cnn,protocol-v3,0.6,0,2,1,94,0.005878666008356959,0.012465375009924173,734429184,0.1484375
2c24b5ea51298616,svhn,dropout,cnn,protocol-v3,0.6,0,2,1,95,0.005854666989762336,0.012440374994184822,734429184,0.1640625
2c24b5ea51298616,svhn,dropout,cnn,protocol-v3,0.6,0,2,1,96,0.005918290989939123,0.012411542003974319,734429184,0.1953125
2c24b5ea51298616,svhn,dropout,cnn,protocol-v3,0.6,0,2,1,97,0.005900958029087633,0.012441249971743673,734429184,0.1875
2c24b5ea51298616,svhn,dropout,cnn,protocol-v3,0.6,0,2,1,98,0.005859250028152019,0.012415124976541847,734429184,0.1796875
2c24b5ea51298616,svhn,dropout,cnn,protocol-v3,0.6,0,2,1,99,0.005902333010453731,0.012471374997403473,734429184,0.2734375
2c24b5ea51298616,svhn,dropout,cnn,protocol-v3,0.6,0,2,1,100,0.005908833001740277,0.01246283296495676,734429184,0.1875
2c24b5ea51298616,svhn,dropout,cnn,protocol-v3,0.6,0,2,1,101,0.005790875002276152,0.012454124982468784,734429184,0.1484375
2c24b5ea51298616,svhn,dropout,cnn,protocol-v3,0.6,0,2,1,102,0.0059256249805912375,0.01248179201502353,734429184,0.1640625
2c24b5ea51298616,svhn,dropout,cnn,protocol-v3,0.6,0,2,1,103,0.00586237502284348,0.012442958017345518,734429184,0.2109375
2c24b5ea51298616,svhn,dropout,cnn,protocol-v3,0.6,0,2,1,104,0.005863708967808634,0.012441708997357637,734429184,0.2109375
2c24b5ea51298616,svhn,dropout,cnn,protocol-v3,0.6,0,2,1,105,0.00584179098950699,0.01243729202542454,734429184,0.140625
2c24b5ea51298616,svhn,dropout,cnn,protocol-v3,0.6,0,2,1,106,0.006018916028551757,0.012439707992598414,734429184,0.125
2c24b5ea51298616,svhn,dropout,cnn,protocol-v3,0.6,0,2,1,107,0.005886459024623036,0.012460709025617689,734429184,0.25
2c24b5ea51298616,svhn,dropout,cnn,protocol-v3,0.6,0,2,1,108,0.005806499975733459,0.012328875018283725,734429184,0.21875
2c24b5ea51298616,svhn,dropout,cnn,protocol-v3,0.6,0,2,1,109,0.005805207998491824,0.012412458017934114,734429184,0.2109375
2c24b5ea51298616,svhn,dropout,cnn,protocol-v3,0.6,0,2,1,110,0.005828291992656887,0.012321875023189932,734429184,0.1875
2c24b5ea51298616,svhn,dropout,cnn,protocol-v3,0.6,0,2,1,111,0.005801667051855475,0.012383583001792431,734429184,0.1640625
2c24b5ea51298616,svhn,dropout,cnn,protocol-v3,0.6,0,2,1,112,0.005819750018417835,0.012399750004988164,734429184,0.2109375
2c24b5ea51298616,svhn,dropout,cnn,protocol-v3,0.6,0,2,1,113,0.00582387502072379,0.012377000006381422,734429184,0.15625
2c24b5ea51298616,svhn,dropout,cnn,protocol-v3,0.6,0,2,1,114,0.0057895409991033375,0.012356749968603253,734429184,0.28125
2c24b5ea51298616,svhn,dropout,cnn,protocol-v3,0.6,0,2,1,115,0.005793249991256744,0.012353208032436669,734429184,0.15625
2c24b5ea51298616,svhn,dropout,cnn,protocol-v3,0.6,0,2,1,116,0.00586779200239107,0.01241408399073407,734429184,0.1796875
2c24b5ea51298616,svhn,dropout,cnn,protocol-v3,0.6,0,2,1,117,0.005803625041153282,0.01236100000096485,734429184,0.2265625
2c24b5ea51298616,svhn,dropout,cnn,protocol-v3,0.6,0,2,1,118,0.005803040985483676,0.012339417007751763,734429184,0.2578125
2c24b5ea51298616,svhn,dropout,cnn,protocol-v3,0.6,0,2,1,119,0.005879542033653706,0.012418541009537876,734429184,0.21875
2c24b5ea51298616,svhn,dropout,cnn,protocol-v3,0.6,0,2,1,120,0.005850500019732863,0.012348625052254647,734429184,0.203125
2c24b5ea51298616,svhn,dropout,cnn,protocol-v3,0.6,0,2,1,121,0.005908042017836124,0.01244324998697266,734429184,0.1953125
2c24b5ea51298616,svhn,dropout,cnn,protocol-v3,0.6,0,2,1,122,0.005859832977876067,0.01241091697011143,734445568,0.265625
2c24b5ea51298616,svhn,dropout,cnn,protocol-v3,0.6,0,2,1,123,0.006032042030710727,0.012618749984540045,734445568,0.28125
2c24b5ea51298616,svhn,dropout,cnn,protocol-v3,0.6,0,2,1,124,0.005958124995231628,0.012567958969157189,734461952,0.28125
2c24b5ea51298616,svhn,dropout,cnn,protocol-v3,0.6,0,2,1,125,0.006019832973834127,0.012574375024996698,734461952,0.2109375
2c24b5ea51298616,svhn,dropout,cnn,protocol-v3,0.6,0,2,1,126,0.00615920900600031,0.012635999999474734,734478336,0.265625
2c24b5ea51298616,svhn,dropout,cnn,protocol-v3,0.6,0,2,1,127,0.006118291988968849,0.012557667039800435,734478336,0.2109375
2c24b5ea51298616,svhn,dropout,cnn,protocol-v3,0.6,0,2,1,128,0.005937208014074713,0.012477167008910328,734478336,0.2578125
2c24b5ea51298616,svhn,dropout,cnn,protocol-v3,0.6,0,2,1,129,0.005814208998344839,0.012413999997079372,734478336,0.2578125
2c24b5ea51298616,svhn,dropout,cnn,protocol-v3,0.6,0,2,1,130,0.0058763339766301215,0.012409708986524493,734478336,0.234375
2c24b5ea51298616,svhn,dropout,cnn,protocol-v3,0.6,0,2,1,131,0.005862209014594555,0.012448249966837466,734478336,0.3125
2c24b5ea51298616,svhn,dropout,cnn,protocol-v3,0.6,0,2,1,132,0.005926124984398484,0.012507916952017695,734478336,0.265625
2c24b5ea51298616,svhn,dropout,cnn,protocol-v3,0.6,0,2,1,133,0.0058857909752987325,0.012436666002031416,734478336,0.2421875
2c24b5ea51298616,svhn,dropout,cnn,protocol-v3,0.6,0,2,1,134,0.00587374996393919,0.01242420804919675,734478336,0.2109375
2c24b5ea51298616,svhn,dropout,cnn,protocol-v3,0.6,0,2,1,135,0.00581883400445804,0.012443667044863105,734478336,0.3046875
2c24b5ea51298616,svhn,dropout,cnn,protocol-v3,0.6,0,2,1,136,0.005845167033839971,0.012412832991685718,734478336,0.28125
2c24b5ea51298616,svhn,dropout,cnn,protocol-v3,0.6,0,2,1,137,0.005869750049896538,0.01246812497265637,734478336,0.2578125
2c24b5ea51298616,svhn,dropout,cnn,protocol-v3,0.6,0,2,1,138,0.005906584032345563,0.012427874957211316,734478336,0.203125
2c24b5ea51298616,svhn,dropout,cnn,protocol-v3,0.6,0,2,1,139,0.005829874949995428,0.012447624991182238,734478336,0.34375
2c24b5ea51298616,svhn,dropout,cnn,protocol-v3,0.6,0,2,1,140,0.005788374983239919,0.012348457996267825,734478336,0.3046875
2c24b5ea51298616,svhn,dropout,cnn,protocol-v3,0.6,0,2,1,141,0.005840249999891967,0.012421166989952326,734478336,0.359375
2c24b5ea51298616,svhn,dropout,cnn,protocol-v3,0.6,0,2,1,142,0.005832540977280587,0.012440624996088445,734478336,0.2890625
2c24b5ea51298616,svhn,dropout,cnn,protocol-v3,0.6,0,2,1,143,0.005863625032361597,0.012529750005342066,734478336,0.2578125
2c24b5ea51298616,svhn,dropout,cnn,protocol-v3,0.6,0,2,1,144,0.005918207985814661,0.012435125012416393,734478336,0.34375
2c24b5ea51298616,svhn,dropout,cnn,protocol-v3,0.6,0,2,1,145,0.005841707985382527,0.01247649994911626,734560256,0.3203125
2c24b5ea51298616,svhn,dropout,cnn,protocol-v3,0.6,0,2,1,146,0.005840625031851232,0.01242062501842156,734560256,0.3046875
2c24b5ea51298616,svhn,dropout,cnn,protocol-v3,0.6,0,2,1,147,0.005867417028639466,0.012424499960616231,734560256,0.359375
2c24b5ea51298616,svhn,dropout,cnn,protocol-v3,0.6,0,2,1,148,0.005849249952007085,0.012422707979567349,734560256,0.3359375
2c24b5ea51298616,svhn,dropout,cnn,protocol-v3,0.6,0,2,1,149,0.005908916005864739,0.012350041011814028,734576640,0.3125
2c24b5ea51298616,svhn,dropout,cnn,protocol-v3,0.6,0,2,1,150,0.005872500012628734,0.012434916978236288,734625792,0.3359375
2c24b5ea51298616,svhn,dropout,cnn,protocol-v3,0.6,0,2,1,151,0.005789124988950789,0.012329167046118528,734625792,0.3203125
2c24b5ea51298616,svhn,dropout,cnn,protocol-v3,0.6,0,2,1,152,0.00578908302122727,0.012326916970778257,734625792,0.34375
2c24b5ea51298616,svhn,dropout,cnn,protocol-v3,0.6,0,2,1,153,0.005831083049997687,0.012337666004896164,734642176,0.2890625
2c24b5ea51298616,svhn,dropout,cnn,protocol-v3,0.6,0,2,1,154,0.005777332989964634,0.012400583014823496,734642176,0.3671875
2c24b5ea51298616,svhn,dropout,cnn,protocol-v3,0.6,0,2,1,155,0.00579504098277539,0.012330083991400898,734642176,0.2421875
2c24b5ea51298616,svhn,dropout,cnn,protocol-v3,0.6,0,2,1,156,0.005768416041973978,0.01236979098757729,734642176,0.34375
2c24b5ea51298616,svhn,dropout,cnn,protocol-v3,0.6,0,2,1,157,0.005820000020321459,0.012421916995663196,734658560,0.3125
2c24b5ea51298616,svhn,dropout,cnn,protocol-v3,0.6,0,2,1,158,0.0058130419929511845,0.012328208948019892,736231424,0.3125
2c24b5ea51298616,svhn,dropout,cnn,protocol-v3,0.6,0,2,1,159,0.0058299999800510705,0.012325916963163763,736231424,0.359375
2c24b5ea51298616,svhn,dropout,cnn,protocol-v3,0.6,0,2,1,160,0.005784083041362464,0.012343541951850057,736231424,0.390625
2c24b5ea51298616,svhn,dropout,cnn,protocol-v3,0.6,0,2,1,161,0.005795499950181693,0.01235466601792723,736247808,0.3125
2c24b5ea51298616,svhn,dropout,cnn,protocol-v3,0.6,0,2,1,162,0.005774582969024777,0.012376040976960212,736247808,0.390625
2c24b5ea51298616,svhn,dropout,cnn,protocol-v3,0.6,0,2,1,163,0.005784875014796853,0.012326458003371954,736264192,0.40625
2c24b5ea51298616,svhn,dropout,cnn,protocol-v3,0.6,0,2,1,164,0.005801833001896739,0.012348084012046456,736264192,0.4453125
2c24b5ea51298616,svhn,dropout,cnn,protocol-v3,0.6,0,2,1,165,0.005799874954391271,0.012321625021286309,736264192,0.3125
2c24b5ea51298616,svhn,dropout,cnn,protocol-v3,0.6,0,2,1,166,0.005788874987047166,0.012406583002302796,736264192,0.3515625
2c24b5ea51298616,svhn,dropout,cnn,protocol-v3,0.6,0,2,1,167,0.00581695802975446,0.012337499996647239,736264192,0.4375
2c24b5ea51298616,svhn,dropout,cnn,protocol-v3,0.6,0,2,1,168,0.005796500016003847,0.012338000000454485,736264192,0.4140625
2c24b5ea51298616,svhn,dropout,cnn,protocol-v3,0.6,0,2,1,169,0.0058543329942040145,0.012356416962575167,736264192,0.34375
2c24b5ea51298616,svhn,dropout,cnn,protocol-v3,0.6,0,2,1,170,0.005811333016026765,0.012383916007820517,736264192,0.3203125
2c24b5ea51298616,svhn,dropout,cnn,protocol-v3,0.6,0,2,1,171,0.00579450000077486,0.012318291992414743,736264192,0.40625
2c24b5ea51298616,svhn,dropout,cnn,protocol-v3,0.6,0,2,1,172,0.0057949580368585885,0.01234158402075991,736280576,0.375
2c24b5ea51298616,svhn,dropout,cnn,protocol-v3,0.6,0,2,1,173,0.005787124973721802,0.012314708030316979,736280576,0.5390625
2c24b5ea51298616,svhn,dropout,cnn,protocol-v3,0.6,0,2,1,174,0.005796374985948205,0.012318124994635582,736280576,0.328125
2c24b5ea51298616,svhn,dropout,cnn,protocol-v3,0.6,0,2,1,175,0.0057866250281222165,0.012395666970405728,736280576,0.359375
2c24b5ea51298616,svhn,dropout,cnn,protocol-v3,0.6,0,2,1,176,0.005794708034954965,0.012341124995145947,736280576,0.46875
2c24b5ea51298616,svhn,dropout,cnn,protocol-v3,0.6,0,2,1,177,0.0057852500467561185,0.012325124989729375,736280576,0.515625
2c24b5ea51298616,svhn,dropout,cnn,protocol-v3,0.6,0,2,1,178,0.005815375014208257,0.012326332973316312,736280576,0.5
2c24b5ea51298616,svhn,dropout,cnn,protocol-v3,0.6,0,2,1,179,0.005769499985035509,0.012343832990154624,736280576,0.3984375
2c24b5ea51298616,svhn,dropout,cnn,protocol-v3,0.6,0,2,1,180,0.005840082943905145,0.012396249978337437,736280576,0.421875
2c24b5ea51298616,svhn,dropout,cnn,protocol-v3,0.6,0,2,1,181,0.005813458003103733,0.012544666999019682,736280576,0.4453125
2c24b5ea51298616,svhn,dropout,cnn,protocol-v3,0.6,0,2,1,182,0.005782417021691799,0.012329875025898218,736280576,0.46875
2c24b5ea51298616,svhn,dropout,cnn,protocol-v3,0.6,0,2,1,183,0.005760041996836662,0.012404542008880526,736280576,0.5
2c24b5ea51298616,svhn,dropout,cnn,protocol-v3,0.6,0,2,1,184,0.005801916995551437,0.012337708962149918,736280576,0.4375
2c24b5ea51298616,svhn,dropout,cnn,protocol-v3,0.6,0,2,1,185,0.005798499973025173,0.012322416005190462,736296960,0.5390625
2c24b5ea51298616,svhn,dropout,cnn,protocol-v3,0.6,0,2,1,186,0.005808792018797249,0.012342208006884903,736296960,0.5546875
2c24b5ea51298616,svhn,dropout,cnn,protocol-v3,0.6,0,2,1,187,0.005784665991086513,0.01233279099687934,736296960,0.4140625
2c24b5ea51298616,svhn,dropout,cnn,protocol-v3,0.6,0,2,1,188,0.0058554160059429705,0.01234512502560392,736296960,0.4765625
2c24b5ea51298616,svhn,dropout,cnn,protocol-v3,0.6,0,2,1,189,0.005795417004264891,0.01233162498101592,736296960,0.5546875
2c24b5ea51298616,svhn,dropout,cnn,protocol-v3,0.6,0,2,1,190,0.005813500029034913,0.012330291036050767,736296960,0.5546875
2c24b5ea51298616,svhn,dropout,cnn,protocol-v3,0.6,0,2,1,191,0.005796917015686631,0.012326167023275048,736296960,0.5234375
2c24b5ea51298616,svhn,dropout,cnn,protocol-v3,0.6,0,2,1,192,0.005846667045261711,0.012331374979112297,736296960,0.5234375
2c24b5ea51298616,svhn,dropout,cnn,protocol-v3,0.6,0,2,1,193,0.005780209030490369,0.012319375004153699,736313344,0.5546875
2c24b5ea51298616,svhn,dropout,cnn,protocol-v3,0.6,0,2,1,194,0.005795542034320533,0.01232679100940004,736313344,0.5703125
2c24b5ea51298616,svhn,dropout,cnn,protocol-v3,0.6,0,2,1,195,0.005730582983233035,0.012376083002891392,736313344,0.4375
2c24b5ea51298616,svhn,dropout,cnn,protocol-v3,0.6,0,2,1,196,0.005814959004055709,0.012320874957367778,736313344,0.578125
2c24b5ea51298616,svhn,dropout,cnn,protocol-v3,0.6,0,2,1,197,0.005772000004071742,0.012382249988149852,736313344,0.5078125
2c24b5ea51298616,svhn,dropout,cnn,protocol-v3,0.6,0,2,1,198,0.0057819170178845525,0.012323000002652407,736313344,0.5
2c24b5ea51298616,svhn,dropout,cnn,protocol-v3,0.6,0,2,1,199,0.005790083960164338,0.012391750002279878,736329728,0.6328125
2c24b5ea51298616,svhn,dropout,cnn,protocol-v3,0.6,0,2,1,200,0.0057834170293062925,0.01239183294819668,736329728,0.5234375
2c24b5ea51298616,svhn,dropout,cnn,protocol-v3,0.6,0,2,1,201,0.005772583012003452,0.0123269580071792,736329728,0.484375
2c24b5ea51298616,svhn,dropout,cnn,protocol-v3,0.6,0,2,1,202,0.00581187498755753,0.01241520798066631,736329728,0.609375
2c24b5ea51298616,svhn,dropout,cnn,protocol-v3,0.6,0,2,1,203,0.0058257500058971345,0.012343417038209736,736329728,0.6640625
2c24b5ea51298616,svhn,dropout,cnn,protocol-v3,0.6,0,2,1,204,0.005840249999891967,0.012422041967511177,736329728,0.6328125
2c24b5ea51298616,svhn,dropout,cnn,protocol-v3,0.6,0,2,1,205,0.0058758330415003,0.01240416697692126,736346112,0.5703125
2c24b5ea51298616,svhn,dropout,cnn,protocol-v3,0.6,0,2,1,206,0.005846792017109692,0.012423207983374596,736346112,0.5
2c24b5ea51298616,svhn,dropout,cnn,protocol-v3,0.6,0,2,1,207,0.005848375032655895,0.012414249998982996,736362496,0.5703125
2c24b5ea51298616,svhn,dropout,cnn,protocol-v3,0.6,0,2,1,208,0.005861749988980591,0.01241675001801923,736362496,0.640625
2c24b5ea51298616,svhn,dropout,cnn,protocol-v3,0.6,0,2,1,209,0.005850665969774127,0.012425500026438385,736362496,0.65625
2c24b5ea51298616,svhn,dropout,cnn,protocol-v3,0.6,0,2,1,210,0.005846459011081606,0.012416834011673927,736362496,0.640625
2c24b5ea51298616,svhn,dropout,cnn,protocol-v3,0.6,0,2,1,211,0.005853082984685898,0.012323457980528474,736362496,0.546875
2c24b5ea51298616,svhn,dropout,cnn,protocol-v3,0.6,0,2,1,212,0.005854040966369212,0.012535332993138582,736378880,0.65625
2c24b5ea51298616,svhn,dropout,cnn,protocol-v3,0.6,0,2,1,213,0.005849458044394851,0.01241000002482906,736378880,0.5546875
2c24b5ea51298616,svhn,dropout,cnn,protocol-v3,0.6,0,2,1,214,0.005824042018502951,0.012416541983839124,736378880,0.5390625
2c24b5ea51298616,svhn,dropout,cnn,protocol-v3,0.6,0,2,1,215,0.005861749988980591,0.012416208046488464,736378880,0.640625
2c24b5ea51298616,svhn,dropout,cnn,protocol-v3,0.6,0,2,1,216,0.005944167030975223,0.01242062501842156,736378880,0.6328125
2c24b5ea51298616,svhn,dropout,cnn,protocol-v3,0.6,0,2,1,217,0.005876582989003509,0.012423750013113022,736378880,0.6328125
2c24b5ea51298616,svhn,dropout,cnn,protocol-v3,0.6,0,2,1,218,0.005775875004474074,0.012679416977334768,736378880,0.6171875
2c24b5ea51298616,svhn,dropout,cnn,protocol-v3,0.6,0,2,1,219,0.005892582994420081,0.01233520801179111,736378880,0.6796875
2c24b5ea51298616,svhn,dropout,cnn,protocol-v3,0.6,0,2,1,220,0.005823042010888457,0.012351542012766004,736378880,0.546875
2c24b5ea51298616,svhn,dropout,cnn,protocol-v3,0.6,0,2,1,221,0.005831249989569187,0.01231654197908938,736378880,0.6640625
2c24b5ea51298616,svhn,dropout,cnn,protocol-v3,0.6,0,2,1,222,0.0058014169917441905,0.012385084002744406,736378880,0.625
2c24b5ea51298616,svhn,dropout,cnn,protocol-v3,0.6,0,2,1,223,0.005875332979485393,0.012369208037853241,736378880,0.640625
2c24b5ea51298616,svhn,dropout,cnn,protocol-v3,0.6,0,2,1,224,0.005790708004496992,0.012337375024799258,736378880,0.6015625
2c24b5ea51298616,svhn,dropout,cnn,protocol-v3,0.6,0,2,1,225,0.005778749997261912,0.012362249952275306,736395264,0.609375
2c24b5ea51298616,svhn,dropout,cnn,protocol-v3,0.6,0,2,1,226,0.005795500008389354,0.012343749986030161,736395264,0.6796875
2c24b5ea51298616,svhn,dropout,cnn,protocol-v3,0.6,0,2,1,227,0.005802125029731542,0.012338625034317374,736395264,0.59375
2c24b5ea51298616,svhn,dropout,cnn,protocol-v3,0.6,0,2,1,228,0.005795124976430088,0.012400707986671478,736395264,0.6953125
2c24b5ea51298616,svhn,dropout,cnn,protocol-v3,0.6,0,2,1,229,0.005863750004209578,0.012340040993876755,736395264,0.578125
2c24b5ea51298616,svhn,dropout,cnn,protocol-v3,0.6,0,2,1,230,0.0057819579960778356,0.012418958998750895,736395264,0.6328125
2c24b5ea51298616,svhn,dropout,cnn,protocol-v3,0.6,0,2,1,231,0.005858417018316686,0.012455791002139449,736395264,0.6328125
2c24b5ea51298616,svhn,dropout,cnn,protocol-v3,0.6,0,2,1,232,0.005831624963320792,0.012348333024419844,736411648,0.671875
2c24b5ea51298616,svhn,dropout,cnn,protocol-v3,0.6,0,2,1,233,0.005796957993879914,0.012406625028233975,736411648,0.6875
2c24b5ea51298616,svhn,dropout,cnn,protocol-v3,0.6,0,2,1,234,0.005873124988283962,0.012411916977725923,736411648,0.609375
2c24b5ea51298616,svhn,dropout,cnn,protocol-v3,0.6,0,2,1,235,0.005853375012520701,0.012364875001367182,736411648,0.6328125
2c24b5ea51298616,svhn,dropout,cnn,protocol-v3,0.6,0,2,1,236,0.005796582961920649,0.012419458013027906,736428032,0.671875
2c24b5ea51298616,svhn,dropout,cnn,protocol-v3,0.6,0,2,1,237,0.0058452090015634894,0.012418625003192574,736428032,0.6953125
2c24b5ea51298616,svhn,dropout,cnn,protocol-v3,0.6,0,2,1,238,0.005932291969656944,0.01241520803887397,736428032,0.671875
2c24b5ea51298616,svhn,dropout,cnn,protocol-v3,0.6,0,2,1,239,0.00584891700418666,0.012319792003836483,736428032,0.671875
2c24b5ea51298616,svhn,dropout,cnn,protocol-v3,0.6,0,2,1,240,0.005788624985143542,0.012319458997808397,736428032,0.7109375
2c24b5ea51298616,svhn,dropout,cnn,protocol-v3,0.6,0,2,1,241,0.0058018750278279185,0.012454750016331673,736428032,0.6953125
2c24b5ea51298616,svhn,dropout,cnn,protocol-v3,0.6,0,2,1,242,0.005779750004876405,0.012319416971877217,736428032,0.6015625
2c24b5ea51298616,svhn,dropout,cnn,protocol-v3,0.6,0,2,1,243,0.00577037496259436,0.012336791958659887,736428032,0.640625
2c24b5ea51298616,svhn,dropout,cnn,protocol-v3,0.6,0,2,1,244,0.005845375009812415,0.012317374988924712,736428032,0.671875
2c24b5ea51298616,svhn,dropout,cnn,protocol-v3,0.6,0,2,1,245,0.005773707991465926,0.01238758402178064,736428032,0.703125
2c24b5ea51298616,svhn,dropout,cnn,protocol-v3,0.6,0,2,1,246,0.0058934169937856495,0.012360625027213246,736428032,0.6875
2c24b5ea51298616,svhn,dropout,cnn,protocol-v3,0.6,0,2,1,247,0.0057999579585157335,0.012344458024017513,736428032,0.6484375
2c24b5ea51298616,svhn,dropout,cnn,protocol-v3,0.6,0,2,1,248,0.0058361669653095305,0.01235054200515151,736428032,0.7109375
2c24b5ea51298616,svhn,dropout,cnn,protocol-v3,0.6,0,2,1,249,0.005807542009279132,0.01232774998061359,736428032,0.7109375
2c24b5ea51298616,svhn,dropout,cnn,protocol-v3,0.6,0,2,1,250,0.005785042012576014,0.012311291007790715,736428032,0.65625
2c24b5ea51298616,svhn,dropout,cnn,protocol-v3,0.6,0,2,1,251,0.005798291997052729,0.012354583013802767,736444416,0.71875
2c24b5ea51298616,svhn,dropout,cnn,protocol-v3,0.6,0,2,1,252,0.005782624997664243,0.012337875028606504,736444416,0.703125
2c24b5ea51298616,svhn,dropout,cnn,protocol-v3,0.6,0,2,1,253,0.005848625034559518,0.01233595801750198,736444416,0.6953125
2c24b5ea51298616,svhn,dropout,cnn,protocol-v3,0.6,0,2,1,254,0.005800292012281716,0.012331083999015391,736444416,0.7734375
2c24b5ea51298616,svhn,dropout,cnn,protocol-v3,0.6,0,2,1,255,0.005767958995420486,0.012417083024047315,736444416,0.7265625
2c24b5ea51298616,svhn,dropout,cnn,protocol-v3,0.6,0,2,1,256,0.005775999976322055,0.012298624962568283,736444416,0.6796875
2c24b5ea51298616,svhn,dropout,cnn,protocol-v3,0.6,0,2,1,257,0.005840041965711862,0.01231854100478813,736444416,0.7265625
2c24b5ea51298616,svhn,dropout,cnn,protocol-v3,0.6,0,2,1,258,0.005807332985568792,0.012331291974987835,736444416,0.6796875
2c24b5ea51298616,svhn,dropout,cnn,protocol-v3,0.6,0,2,1,259,0.005884208017960191,0.012414209020789713,736444416,0.6640625
2c24b5ea51298616,svhn,dropout,cnn,protocol-v3,0.6,0,2,1,260,0.005813917028717697,0.012433333962690085,736444416,0.7578125
2c24b5ea51298616,svhn,dropout,cnn,protocol-v3,0.6,0,2,1,261,0.005769125011283904,0.012338833010289818,736460800,0.7109375
2c24b5ea51298616,svhn,dropout,cnn,protocol-v3,0.6,0,2,1,262,0.005813582974951714,0.01240549999056384,736460800,0.640625
2c24b5ea51298616,svhn,dropout,cnn,protocol-v3,0.6,0,2,1,263,0.005816332995891571,0.0123406249913387,736460800,0.7578125
2c24b5ea51298616,svhn,dropout,cnn,protocol-v3,0.6,0,2,1,264,0.00580445904051885,0.012486541992984712,736460800,0.6796875
2c24b5ea51298616,svhn,dropout,cnn,protocol-v3,0.6,0,2,1,265,0.005824125022627413,0.012320125009864569,736460800,0.6484375
2c24b5ea51298616,svhn,dropout,cnn,protocol-v3,0.6,0,2,1,266,0.005805958004202694,0.01231954200193286,736460800,0.75
2c24b5ea51298616,svhn,dropout,cnn,protocol-v3,0.6,0,2,1,267,0.005794124968815595,0.012393292039632797,736460800,0.7109375
2c24b5ea51298616,svhn,dropout,cnn,protocol-v3,0.6,0,2,1,268,0.005788208974990994,0.012316374981310219,736460800,0.71875
2c24b5ea51298616,svhn,dropout,cnn,protocol-v3,0.6,0,2,1,269,0.005797374993562698,0.01234887499595061,736460800,0.8125
2c24b5ea51298616,svhn,dropout,cnn,protocol-v3,0.6,0,2,1,270,0.00582779198884964,0.012308916950132698,736460800,0.7890625
2c24b5ea51298616,svhn,dropout,cnn,protocol-v3,0.6,0,2,1,271,0.005804582964628935,0.01236395799787715,736460800,0.6875
2c24b5ea51298616,svhn,dropout,cnn,protocol-v3,0.6,0,2,1,272,0.005794750002678484,0.012320833979174495,736460800,0.703125
2c24b5ea51298616,svhn,dropout,cnn,protocol-v3,0.6,0,2,1,273,0.005768958013504744,0.012332290993072093,736477184,0.765625
2c24b5ea51298616,svhn,dropout,cnn,protocol-v3,0.6,0,2,1,274,0.005773540993686765,0.012323209026362747,736477184,0.734375
2c24b5ea51298616,svhn,dropout,cnn,protocol-v3,0.6,0,2,1,275,0.005762582994066179,0.01238741702400148,736477184,0.65625
2c24b5ea51298616,svhn,dropout,cnn,protocol-v3,0.6,0,2,1,276,0.005854999995790422,0.01243574998807162,736477184,0.7578125
2c24b5ea51298616,svhn,dropout,cnn,protocol-v3,0.6,0,2,1,277,0.005797457997687161,0.012329666991718113,736509952,0.75
2c24b5ea51298616,svhn,dropout,cnn,protocol-v3,0.6,0,2,1,278,0.005861000041477382,0.012339291046373546,736509952,0.703125
2c24b5ea51298616,svhn,dropout,cnn,protocol-v3,0.6,0,2,1,279,0.0058405420277267694,0.012337957974523306,736509952,0.7109375
2c24b5ea51298616,svhn,dropout,cnn,protocol-v3,0.6,0,2,1,280,0.005798375001177192,0.012321542017161846,736509952,0.7265625
2c24b5ea51298616,svhn,dropout,cnn,protocol-v3,0.6,0,2,1,281,0.005830166977830231,0.012346624978818,736509952,0.6875
2c24b5ea51298616,svhn,dropout,cnn,protocol-v3,0.6,0,2,1,282,0.005820416030474007,0.012331250007264316,736509952,0.734375
2c24b5ea51298616,svhn,dropout,cnn,protocol-v3,0.6,0,2,1,283,0.0057941669947467744,0.012412832991685718,736526336,0.7578125
2c24b5ea51298616,svhn,dropout,cnn,protocol-v3,0.6,0,2,1,284,0.005792499985545874,0.012308791978284717,736526336,0.7265625
2c24b5ea51298616,svhn,dropout,cnn,protocol-v3,0.6,0,2,1,285,0.005796624987851828,0.01239258301211521,736526336,0.6875
2c24b5ea51298616,svhn,dropout,cnn,protocol-v3,0.6,0,2,1,286,0.0057775829918682575,0.012322040973231196,736526336,0.7734375
2c24b5ea51298616,svhn,dropout,cnn,protocol-v3,0.6,0,2,1,287,0.005779874976724386,0.012311665981542319,736526336,0.671875
2c24b5ea51298616,svhn,dropout,cnn,protocol-v3,0.6,0,2,1,288,0.005781166022643447,0.012311667029280216,736526336,0.7265625
2c24b5ea51298616,svhn,dropout,cnn,protocol-v3,0.6,0,2,1,289,0.005812874995172024,0.01233070797752589,736526336,0.7890625
2c24b5ea51298616,svhn,dropout,cnn,protocol-v3,0.6,0,2,1,290,0.005779667000751942,0.012335459003224969,736526336,0.7109375
2c24b5ea51298616,svhn,dropout,cnn,protocol-v3,0.6,0,2,1,291,0.005840291967615485,0.01231879199622199,736526336,0.75
2c24b5ea51298616,svhn,dropout,cnn,protocol-v3,0.6,0,2,1,292,0.005813084018882364,0.012350749981123954,736526336,0.7109375
2c24b5ea51298616,svhn,dropout,cnn,protocol-v3,0.6,0,2,1,293,0.005772250005975366,0.01235729199834168,736526336,0.7734375
2c24b5ea51298616,svhn,dropout,cnn,protocol-v3,0.6,0,2,1,294,0.005795416014734656,0.012316707987338305,736526336,0.7421875
2c24b5ea51298616,svhn,dropout,cnn,protocol-v3,0.6,0,2,1,295,0.0059465409722179174,0.012410915980581194,736526336,0.7421875
2c24b5ea51298616,svhn,dropout,cnn,protocol-v3,0.6,0,2,1,296,0.005804540996905416,0.0124208340421319,736526336,0.71875
2c24b5ea51298616,svhn,dropout,cnn,protocol-v3,0.6,0,2,1,297,0.0058702920214273036,0.012415624980349094,736526336,0.734375
2c24b5ea51298616,svhn,dropout,cnn,protocol-v3,0.6,0,2,1,298,0.005905000027269125,0.012648834032006562,736526336,0.7578125
2c24b5ea51298616,svhn,dropout,cnn,protocol-v3,0.6,0,2,1,299,0.005844334024004638,0.012439916958101094,736526336,0.8046875
2c24b5ea51298616,svhn,dropout,cnn,protocol-v3,0.6,0,2,1,300,0.005859999975655228,0.01241320901317522,736542720,0.765625
2c24b5ea51298616,svhn,dropout,cnn,protocol-v3,0.6,0,2,1,301,0.005826207983773202,0.012414124968927354,736559104,0.7578125
2c24b5ea51298616,svhn,dropout,cnn,protocol-v3,0.6,0,2,1,302,0.005958000023383647,0.012424167012795806,736559104,0.71875
2c24b5ea51298616,svhn,dropout,cnn,protocol-v3,0.6,0,2,1,303,0.005888792045880109,0.012427292007487267,736559104,0.71875
2c24b5ea51298616,svhn,dropout,cnn,protocol-v3,0.6,0,2,1,304,0.005763957975432277,0.012414540979079902,736559104,0.8046875
2c24b5ea51298616,svhn,dropout,cnn,protocol-v3,0.6,0,2,1,305,0.005843499966431409,0.01241837500128895,736559104,0.7421875
2c24b5ea51298616,svhn,dropout,cnn,protocol-v3,0.6,0,2,1,306,0.005846375017426908,0.012416084005963057,736559104,0.8203125
2c24b5ea51298616,svhn,dropout,cnn,protocol-v3,0.6,0,2,1,307,0.005858833959791809,0.012406624970026314,736559104,0.828125
2c24b5ea51298616,svhn,dropout,cnn,protocol-v3,0.6,0,2,1,308,0.005848416010849178,0.0124251670204103,736559104,0.7578125
2c24b5ea51298616,svhn,dropout,cnn,protocol-v3,0.6,0,2,1,309,0.005859708006028086,0.012394166958983988,736559104,0.828125
2c24b5ea51298616,svhn,dropout,cnn,protocol-v3,0.6,0,2,1,310,0.005847249994985759,0.012427209003362805,736559104,0.78125
2c24b5ea51298616,svhn,dropout,cnn,protocol-v3,0.6,0,2,1,311,0.005837459000758827,0.012412332987878472,736575488,0.75
2c24b5ea51298616,svhn,dropout,cnn,protocol-v3,0.6,0,2,1,312,0.00578329199925065,0.012330957979429513,736575488,0.796875
2c24b5ea51298616,svhn,dropout,cnn,protocol-v3,0.6,0,2,1,313,0.0058007090119645,0.012356000021100044,736575488,0.78125
2c24b5ea51298616,svhn,dropout,cnn,protocol-v3,0.6,0,2,1,314,0.005888874991796911,0.012338500004261732,736575488,0.78125
2c24b5ea51298616,svhn,dropout,cnn,protocol-v3,0.6,0,2,1,315,0.005799709004350007,0.012473208014853299,736591872,0.734375
2c24b5ea51298616,svhn,dropout,cnn,protocol-v3,0.6,0,2,1,316,0.005827457993291318,0.012378541985526681,736591872,0.71875
2c24b5ea51298616,svhn,dropout,cnn,protocol-v3,0.6,0,2,1,317,0.005790958006400615,0.01237895799567923,736591872,0.75
2c24b5ea51298616,svhn,dropout,cnn,protocol-v3,0.6,0,2,1,318,0.005803291976917535,0.012320666981395334,736591872,0.796875
2c24b5ea51298616,svhn,dropout,cnn,protocol-v3,0.6,0,2,1,319,0.0058615419548004866,0.012442333973012865,736591872,0.796875
2c24b5ea51298616,svhn,dropout,cnn,protocol-v3,0.6,0,2,1,320,0.005865665967576206,0.01233441598014906,736591872,0.7890625
2c24b5ea51298616,svhn,dropout,cnn,protocol-v3,0.6,0,2,1,321,0.0057767919497564435,0.012327625008765608,736591872,0.765625
2c24b5ea51298616,svhn,dropout,cnn,protocol-v3,0.6,0,2,1,322,0.005786707974039018,0.012405249988660216,736591872,0.7734375
2c24b5ea51298616,svhn,dropout,cnn,protocol-v3,0.6,0,2,1,323,0.005845792009495199,0.01234808302251622,736591872,0.7890625
2c24b5ea51298616,svhn,dropout,cnn,protocol-v3,0.6,0,2,1,324,0.005770040967036039,0.01241504104109481,736591872,0.7890625
2c24b5ea51298616,svhn,dropout,cnn,protocol-v3,0.6,0,2,1,325,0.005854499991983175,0.012412332987878472,736591872,0.7578125
2c24b5ea51298616,svhn,dropout,cnn,protocol-v3,0.6,0,2,1,326,0.005837625009007752,0.012415542034432292,736591872,0.7890625
2c24b5ea51298616,svhn,dropout,cnn,protocol-v3,0.6,0,2,1,327,0.005895000009331852,0.012460166006349027,736591872,0.7890625
2c24b5ea51298616,svhn,dropout,cnn,protocol-v3,0.6,0,2,1,328,0.005853749986272305,0.012373999983537942,736591872,0.7421875
2c24b5ea51298616,svhn,dropout,cnn,protocol-v3,0.6,0,2,1,329,0.005845500039868057,0.012423665961250663,736591872,0.84375
2c24b5ea51298616,svhn,dropout,cnn,protocol-v3,0.6,0,2,1,330,0.005853832990396768,0.012421542021911591,736591872,0.765625
2c24b5ea51298616,svhn,dropout,cnn,protocol-v3,0.6,0,2,1,331,0.005845583975315094,0.012410584022291005,736591872,0.8359375
2c24b5ea51298616,svhn,dropout,cnn,protocol-v3,0.6,0,2,1,332,0.005865750019438565,0.012438374978955835,736591872,0.765625
2c24b5ea51298616,svhn,dropout,cnn,protocol-v3,0.6,0,2,1,333,0.0059303329908289015,0.012425249966327101,736591872,0.7421875
2c24b5ea51298616,svhn,dropout,cnn,protocol-v3,0.6,0,2,1,334,0.0058198749902658165,0.012403333967085928,736591872,0.8671875
2c24b5ea51298616,svhn,dropout,cnn,protocol-v3,0.6,0,2,1,335,0.005847749998793006,0.012400958978105336,736591872,0.75
2c24b5ea51298616,svhn,dropout,cnn,protocol-v3,0.6,0,2,1,336,0.005846708023454994,0.012549957958981395,736591872,0.7734375
2c24b5ea51298616,svhn,dropout,cnn,protocol-v3,0.6,0,2,1,337,0.00586316705448553,0.01241695904172957,736591872,0.75
2c24b5ea51298616,svhn,dropout,cnn,protocol-v3,0.6,0,2,1,338,0.005866708001121879,0.012437957979273051,736591872,0.796875
2c24b5ea51298616,svhn,dropout,cnn,protocol-v3,0.6,0,2,1,339,0.00584895903011784,0.012423874984961003,736591872,0.796875
2c24b5ea51298616,svhn,dropout,cnn,protocol-v3,0.6,0,2,1,340,0.005868665990419686,0.012417915975674987,736608256,0.75
2c24b5ea51298616,svhn,dropout,cnn,protocol-v3,0.6,0,2,1,341,0.005851250025443733,0.012407332949806005,736608256,0.7421875
2c24b5ea51298616,svhn,dropout,cnn,protocol-v3,0.6,0,2,1,342,0.005856500007212162,0.012427832989487797,736608256,0.8046875
2c24b5ea51298616,svhn,dropout,cnn,protocol-v3,0.6,0,2,1,343,0.0058055000263266265,0.012393000011797994,736608256,0.7890625
2c24b5ea51298616,svhn,dropout,cnn,protocol-v3,0.6,0,2,1,344,0.005800459010060877,0.01239408296532929,736608256,0.75
2c24b5ea51298616,svhn,dropout,cnn,protocol-v3,0.6,0,2,1,345,0.005831125017721206,0.012405540968757123,736608256,0.734375
2c24b5ea51298616,svhn,dropout,cnn,protocol-v3,0.6,0,2,1,346,0.005832708033267409,0.012404500041157007,736608256,0.8359375
2c24b5ea51298616,svhn,dropout,cnn,protocol-v3,0.6,0,2,1,347,0.005862791964318603,0.012396625010296702,736608256,0.7578125
2c24b5ea51298616,svhn,dropout,cnn,protocol-v3,0.6,0,2,1,348,0.005869042011909187,0.012411792005877942,736608256,0.84375
2c24b5ea51298616,svhn,dropout,cnn,protocol-v3,0.6,0,2,1,349,0.005819500016514212,0.012436625023838133,736608256,0.765625
2c24b5ea51298616,svhn,dropout,cnn,protocol-v3,0.6,0,2,1,350,0.005867791944183409,0.012418708007317036,736624640,0.7265625
2c24b5ea51298616,svhn,dropout,cnn,protocol-v3,0.6,0,2,1,351,0.005781166022643447,0.012507292034570128,736624640,0.78125
2c24b5ea51298616,svhn,dropout,cnn,protocol-v3,0.6,0,2,1,352,0.005858832970261574,0.012369832955300808,736624640,0.8203125
2c24b5ea51298616,svhn,dropout,cnn,protocol-v3,0.6,0,2,1,353,0.005849333014339209,0.012395124998874962,736641024,0.796875
2c24b5ea51298616,svhn,dropout,cnn,protocol-v3,0.6,0,2,1,354,0.005879333009943366,0.012405665998812765,736641024,0.7734375
2c24b5ea51298616,svhn,dropout,cnn,protocol-v3,0.6,0,2,1,355,0.00576720800017938,0.012334541999734938,736657408,0.78125
2c24b5ea51298616,svhn,dropout,cnn,protocol-v3,0.6,0,2,1,356,0.005783915985375643,0.012323666014708579,736657408,0.8125
2c24b5ea51298616,svhn,dropout,cnn,protocol-v3,0.6,0,2,1,357,0.006005625007674098,0.012335625011473894,736673792,0.6953125
2c24b5ea51298616,svhn,dropout,cnn,protocol-v3,0.6,0,2,1,358,0.005811875045765191,0.01246379199437797,736673792,0.796875
2c24b5ea51298616,svhn,dropout,cnn,protocol-v3,0.6,0,2,1,359,0.00580049998825416,0.012366167036816478,736673792,0.796875
2c24b5ea51298616,svhn,dropout,cnn,protocol-v3,0.6,0,2,1,360,0.005799375008791685,0.012396832986269146,736673792,0.75
2c24b5ea51298616,svhn,dropout,cnn,protocol-v3,0.6,0,2,1,361,0.00582162500359118,0.012421040970366448,736673792,0.7890625
2c24b5ea51298616,svhn,dropout,cnn,protocol-v3,0.6,0,2,1,362,0.005772375036031008,0.012316291977185756,736673792,0.8046875
2c24b5ea51298616,svhn,dropout,cnn,protocol-v3,0.6,0,2,1,363,0.005824082996696234,0.012326791998930275,736673792,0.8671875
2c24b5ea51298616,svhn,dropout,cnn,protocol-v3,0.6,0,2,1,364,0.005804374988656491,0.012330624973401427,736673792,0.7578125
2c24b5ea51298616,svhn,dropout,cnn,protocol-v3,0.6,0,2,1,365,0.0057924590073525906,0.012356624996755272,736673792,0.8046875
2c24b5ea51298616,svhn,dropout,cnn,protocol-v3,0.6,0,2,1,366,0.005816125019919127,0.012356708000879735,736673792,0.78125
2c24b5ea51298616,svhn,dropout,cnn,protocol-v3,0.6,0,2,1,367,0.005782624997664243,0.012353416997939348,736673792,0.84375
2c24b5ea51298616,svhn,dropout,cnn,protocol-v3,0.6,0,2,1,368,0.005823332990985364,0.012386083020828664,736673792,0.828125
2c24b5ea51298616,svhn,dropout,cnn,protocol-v3,0.6,0,2,1,369,0.005786249996162951,0.01232099998742342,736673792,0.8125
2c24b5ea51298616,svhn,dropout,cnn,protocol-v3,0.6,0,2,1,370,0.005788209033198655,0.012446707987692207,736673792,0.8046875
2c24b5ea51298616,svhn,dropout,cnn,protocol-v3,0.6,0,2,1,371,0.0057797079789452255,0.012320375011768192,736690176,0.8125
2c24b5ea51298616,svhn,dropout,cnn,protocol-v3,0.6,0,2,1,372,0.0057884579873643816,0.012353333993814886,736706560,0.78125
2c24b5ea51298616,svhn,dropout,cnn,protocol-v3,0.6,0,2,1,373,0.005879833013750613,0.012402249965816736,736706560,0.8046875
2c24b5ea51298616,svhn,dropout,cnn,protocol-v3,0.6,0,2,1,374,0.005801916995551437,0.012380832980852574,736722944,0.8046875
2c24b5ea51298616,svhn,dropout,cnn,protocol-v3,0.6,0,2,1,375,0.005802708968985826,0.012328540964517742,736722944,0.78125
2c24b5ea51298616,svhn,dropout,cnn,protocol-v3,0.6,0,2,1,376,0.005791832983959466,0.01232345902826637,736722944,0.75
2c24b5ea51298616,svhn,dropout,cnn,protocol-v3,0.6,0,2,1,377,0.005784916051197797,0.012334791012108326,736722944,0.8359375
2c24b5ea51298616,svhn,dropout,cnn,protocol-v3,0.6,0,2,1,378,0.00578533299267292,0.012395165977068245,736722944,0.796875
2c24b5ea51298616,svhn,dropout,cnn,protocol-v3,0.6,0,2,1,379,0.005781000014394522,0.01232329203048721,736722944,0.734375
2c24b5ea51298616,svhn,dropout,cnn,protocol-v3,0.6,0,2,1,380,0.005830875015817583,0.012343042006250471,736722944,0.8359375
2c24b5ea51298616,svhn,dropout,cnn,protocol-v3,0.6,0,2,1,381,0.005803291976917535,0.012334792001638561,736722944,0.765625
2c24b5ea51298616,svhn,dropout,cnn,protocol-v3,0.6,0,2,1,382,0.005792457959614694,0.012401040992699564,736722944,0.796875
2c24b5ea51298616,svhn,dropout,cnn,protocol-v3,0.6,0,2,1,383,0.005815499986056238,0.012341124995145947,736722944,0.8359375
2c24b5ea51298616,svhn,dropout,cnn,protocol-v3,0.6,0,2,1,384,0.005789250019006431,0.012318665976636112,736722944,0.78125
2c24b5ea51298616,svhn,dropout,cnn,protocol-v3,0.6,0,2,1,385,0.0059248339966870844,0.012358125008177012,736739328,0.8359375
2c24b5ea51298616,svhn,dropout,cnn,protocol-v3,0.6,0,2,1,386,0.005784292006865144,0.012364167021587491,736755712,0.8046875
2c24b5ea51298616,svhn,dropout,cnn,protocol-v3,0.6,0,2,1,387,0.005779874976724386,0.012336832995060831,736755712,0.8046875
2c24b5ea51298616,svhn,dropout,cnn,protocol-v3,0.6,0,2,1,388,0.005789250019006431,0.012380041996948421,736755712,0.8125
2c24b5ea51298616,svhn,dropout,cnn,protocol-v3,0.6,0,2,1,389,0.005805583030451089,0.012406374968122691,736755712,0.8828125
2c24b5ea51298616,svhn,dropout,cnn,protocol-v3,0.6,0,2,1,390,0.005785749992355704,0.012334541999734938,736755712,0.7265625
2c24b5ea51298616,svhn,dropout,cnn,protocol-v3,0.6,0,2,1,391,0.005801749997772276,0.012314583000261337,736755712,0.796875
2c24b5ea51298616,svhn,dropout,cnn,protocol-v3,0.6,0,2,1,392,0.005860458011738956,0.012511375010944903,736755712,0.8125
2c24b5ea51298616,svhn,dropout,cnn,protocol-v3,0.6,0,2,1,393,0.00582479196600616,0.012317500018980354,736755712,0.7890625
2c24b5ea51298616,svhn,dropout,cnn,protocol-v3,0.6,0,2,1,394,0.00586216599913314,0.012370833021122962,736755712,0.8046875
2c24b5ea51298616,svhn,dropout,cnn,protocol-v3,0.6,0,2,1,395,0.005808959016576409,0.01235058403108269,736755712,0.7734375
2c24b5ea51298616,svhn,dropout,cnn,protocol-v3,0.6,0,2,1,396,0.005775375000666827,0.012410250026732683,736755712,0.859375
2c24b5ea51298616,svhn,dropout,cnn,protocol-v3,0.6,0,2,1,397,0.005798333033453673,0.012426166969817132,736755712,0.796875
2c24b5ea51298616,svhn,dropout,cnn,protocol-v3,0.6,0,2,1,398,0.005784749984741211,0.012415375036653131,736755712,0.8203125
2c24b5ea51298616,svhn,dropout,cnn,protocol-v3,0.6,0,2,1,399,0.005850166955497116,0.012322292022872716,736755712,0.7890625
2c24b5ea51298616,svhn,dropout,cnn,protocol-v3,0.6,0,2,1,400,0.0057659579906612635,0.012327917036600411,736755712,0.8046875
2c24b5ea51298616,svhn,dropout,cnn,protocol-v3,0.6,0,2,1,401,0.005853207956533879,0.01233241701265797,736755712,0.84375
2c24b5ea51298616,svhn,dropout,cnn,protocol-v3,0.6,0,2,1,402,0.005782791005913168,0.012406625028233975,736755712,0.8203125
2c24b5ea51298616,svhn,dropout,cnn,protocol-v3,0.6,0,2,1,403,0.0058981250040233135,0.012414666009135544,736755712,0.7890625
2c24b5ea51298616,svhn,dropout,cnn,protocol-v3,0.6,0,2,1,404,0.00581112498184666,0.012365249975118786,736755712,0.8203125
2c24b5ea51298616,svhn,dropout,cnn,protocol-v3,0.6,0,2,1,405,0.005794041964691132,0.012374292011372745,736755712,0.8046875
2c24b5ea51298616,svhn,dropout,cnn,protocol-v3,0.6,0,2,1,406,0.005774291988927871,0.012407417001668364,736755712,0.84375
2c24b5ea51298616,svhn,dropout,cnn,protocol-v3,0.6,0,2,1,407,0.005784916982520372,0.01237391697941348,736755712,0.7890625
2c24b5ea51298616,svhn,dropout,cnn,protocol-v3,0.6,0,2,1,408,0.00579299998935312,0.01239354204153642,736755712,0.8046875
2c24b5ea51298616,svhn,dropout,cnn,protocol-v3,0.6,0,2,1,409,0.005778792023193091,0.012330457975622267,736755712,0.8125
2c24b5ea51298616,svhn,dropout,cnn,protocol-v3,0.6,0,2,1,410,0.005821667029522359,0.012534166045952588,736755712,0.796875
2c24b5ea51298616,svhn,dropout,cnn,protocol-v3,0.6,0,2,1,411,0.005891665990930051,0.012396875012200326,736755712,0.8203125
2c24b5ea51298616,svhn,dropout,cnn,protocol-v3,0.6,0,2,1,412,0.00585245800903067,0.01241825002944097,736772096,0.8203125
2c24b5ea51298616,svhn,dropout,cnn,protocol-v3,0.6,0,2,1,413,0.005857249954715371,0.012427292007487267,736788480,0.78125
2c24b5ea51298616,svhn,dropout,cnn,protocol-v3,0.6,0,2,1,414,0.00583208299940452,0.0124175000237301,736788480,0.7890625
2c24b5ea51298616,svhn,dropout,cnn,protocol-v3,0.6,0,2,1,415,0.005881290999241173,0.012423290987499058,736804864,0.8125
2c24b5ea51298616,svhn,dropout,cnn,protocol-v3,0.6,0,2,1,416,0.0059078329941257834,0.012409750022925436,736804864,0.8359375
2c24b5ea51298616,svhn,dropout,cnn,protocol-v3,0.6,0,2,1,417,0.005855875031556934,0.012417040998116136,736804864,0.84375
2c24b5ea51298616,svhn,dropout,cnn,protocol-v3,0.6,0,2,1,418,0.0058502909960225224,0.012464666971936822,736804864,0.8359375
2c24b5ea51298616,svhn,dropout,cnn,protocol-v3,0.6,0,2,1,419,0.0058571670087985694,0.012379915977362543,736804864,0.84375
2c24b5ea51298616,svhn,dropout,cnn,protocol-v3,0.6,0,2,1,420,0.005853542010299861,0.012412292009685189,736804864,0.75
2c24b5ea51298616,svhn,dropout,cnn,protocol-v3,0.6,0,2,1,421,0.005867541010957211,0.01242062501842156,736804864,0.859375
2c24b5ea51298616,svhn,dropout,cnn,protocol-v3,0.6,0,2,1,422,0.0058328749728389084,0.012419375008903444,736804864,0.828125
2c24b5ea51298616,svhn,dropout,cnn,protocol-v3,0.6,0,2,1,423,0.005843584018293768,0.012420457962434739,736804864,0.796875
2c24b5ea51298616,svhn,dropout,cnn,protocol-v3,0.6,0,2,1,424,0.005855791969224811,0.01242491597076878,736804864,0.8359375
2c24b5ea51298616,svhn,dropout,cnn,protocol-v3,0.6,0,2,1,425,0.0058488750364631414,0.012551708961836994,736804864,0.671875
2c24b5ea51298616,svhn,dropout,cnn,protocol-v3,0.6,0,2,1,426,0.005903500015847385,0.012415583012625575,736804864,0.78125
2c24b5ea51298616,svhn,dropout,cnn,protocol-v3,0.6,0,2,1,427,0.0058325830032117665,0.012467166990973055,736804864,0.8125
2c24b5ea51298616,svhn,dropout,cnn,protocol-v3,0.6,0,2,1,428,0.0058440410066396,0.012367832998279482,736804864,0.8359375
2c24b5ea51298616,svhn,dropout,cnn,protocol-v3,0.6,0,2,1,429,0.005785666988231242,0.012322125025093555,736804864,0.8359375
2c24b5ea51298616,svhn,dropout,cnn,protocol-v3,0.6,0,2,1,430,0.005773790995590389,0.012348207994364202,736804864,0.75
2c24b5ea51298616,svhn,dropout,cnn,protocol-v3,0.6,0,2,1,431,0.005837834032718092,0.012416332960128784,736804864,0.8828125
2c24b5ea51298616,svhn,dropout,cnn,protocol-v3,0.6,0,2,1,432,0.005820708000101149,0.012343792011961341,736804864,0.875
2c24b5ea51298616,svhn,dropout,cnn,protocol-v3,0.6,0,2,1,433,0.005822582985274494,0.012363124988041818,736804864,0.7890625
2c24b5ea51298616,svhn,dropout,cnn,protocol-v3,0.6,0,2,1,434,0.005807999987155199,0.012413958960678428,736821248,0.7890625
2c24b5ea51298616,svhn,dropout,cnn,protocol-v3,0.6,0,2,1,435,0.005831790971569717,0.012338624976109713,736821248,0.8671875
2c24b5ea51298616,svhn,dropout,cnn,protocol-v3,0.6,0,2,1,436,0.005841167003381997,0.012337125022895634,736821248,0.8828125
2c24b5ea51298616,svhn,dropout,cnn,protocol-v3,0.6,0,2,1,437,0.005789042043033987,0.012419792008586228,736821248,0.7734375
2c24b5ea51298616,svhn,dropout,cnn,protocol-v3,0.6,0,2,1,438,0.005830916983541101,0.012344707967713475,736837632,0.78125
2c24b5ea51298616,svhn,dropout,cnn,protocol-v3,0.6,0,2,1,439,0.005786375026218593,0.012405334040522575,736837632,0.8125
2c24b5ea51298616,svhn,dropout,cnn,protocol-v3,0.6,0,2,1,440,0.005836416967213154,0.012419791019055992,736837632,0.84375
2c24b5ea51298616,svhn,dropout,cnn,protocol-v3,0.6,0,2,1,441,0.005862457968760282,0.012416958983521909,736837632,0.828125
2c24b5ea51298616,svhn,dropout,cnn,protocol-v3,0.6,0,2,1,442,0.005843249964527786,0.01249087497126311,736837632,0.8203125
2c24b5ea51298616,svhn,dropout,cnn,protocol-v3,0.6,0,2,1,443,0.005904165969695896,0.012406458030454814,736837632,0.8359375
2c24b5ea51298616,svhn,dropout,cnn,protocol-v3,0.6,0,2,1,444,0.006108124973252416,0.01242212497163564,736837632,0.84375
2c24b5ea51298616,svhn,dropout,cnn,protocol-v3,0.6,0,2,1,445,0.005889124993700534,0.012578999972902238,736837632,0.828125
2c24b5ea51298616,svhn,dropout,cnn,protocol-v3,0.6,0,2,1,446,0.0060342500219121575,0.012676459038630128,736837632,0.8203125
2c24b5ea51298616,svhn,dropout,cnn,protocol-v3,0.6,0,2,1,447,0.0058883329620584846,0.012425207998603582,736837632,0.8515625
2c24b5ea51298616,svhn,dropout,cnn,protocol-v3,0.6,0,2,1,448,0.0058102080365642905,0.012431124981958419,736837632,0.8359375
2c24b5ea51298616,svhn,dropout,cnn,protocol-v3,0.6,0,2,1,449,0.005782791995443404,0.012419542006682605,736854016,0.84375
2c24b5ea51298616,svhn,dropout,cnn,protocol-v3,0.6,0,2,1,450,0.0058890830259770155,0.012596875021699816,736854016,0.8046875
2c24b5ea51298616,svhn,dropout,cnn,protocol-v3,0.6,0,2,1,451,0.005865417013410479,0.012434709002263844,736854016,0.7890625
2c24b5ea51298616,svhn,dropout,cnn,protocol-v3,0.6,0,2,1,452,0.0058695420157164335,0.012520499993115664,736870400,0.8828125
2c24b5ea51298616,svhn,dropout,cnn,protocol-v3,0.6,0,2,1,453,0.005870791967026889,0.012428709014784545,736870400,0.8515625
2c24b5ea51298616,svhn,dropout,cnn,protocol-v3,0.6,0,2,1,454,0.005808625021018088,0.012425083026755601,736870400,0.859375
2c24b5ea51298616,svhn,dropout,cnn,protocol-v3,0.6,0,2,1,455,0.005868417036253959,0.012421542021911591,736870400,0.8984375
2c24b5ea51298616,svhn,dropout,cnn,protocol-v3,0.6,0,2,1,456,0.005839332996401936,0.012416667013894767,736870400,0.8125
2c24b5ea51298616,svhn,dropout,cnn,protocol-v3,0.6,0,2,1,457,0.005855290975887328,0.012414917000569403,736870400,0.8203125
2c24b5ea51298616,svhn,dropout,cnn,protocol-v3,0.6,0,2,1,458,0.005845459003467113,0.012407374975737184,736870400,0.8046875
2c24b5ea51298616,svhn,dropout,cnn,protocol-v3,0.6,0,2,1,459,0.005811832961626351,0.012345666997134686,736870400,0.828125
2c24b5ea51298616,svhn,dropout,cnn,protocol-v3,0.6,0,2,1,460,0.0058379999827593565,0.01241391699295491,736870400,0.8828125
2c24b5ea51298616,svhn,dropout,cnn,protocol-v3,0.6,0,2,1,461,0.005827708984725177,0.012415666016750038,736870400,0.828125
2c24b5ea51298616,svhn,dropout,cnn,protocol-v3,0.6,0,2,1,462,0.005861541023477912,0.012418582977261394,736870400,0.828125
2c24b5ea51298616,svhn,dropout,cnn,protocol-v3,0.6,0,2,1,463,0.0058538749581202865,0.012417332967743278,736870400,0.859375
2c24b5ea51298616,svhn,dropout,cnn,protocol-v3,0.6,0,2,1,464,0.005819041980430484,0.012404999986756593,736870400,0.8671875
2c24b5ea51298616,svhn,dropout,cnn,protocol-v3,0.6,0,2,1,465,0.005858707998413593,0.012638999964110553,736870400,0.8203125
2c24b5ea51298616,svhn,dropout,cnn,protocol-v3,0.6,0,2,1,466,0.005851833964698017,0.012417583027854562,736870400,0.828125
2c24b5ea51298616,svhn,dropout,cnn,protocol-v3,0.6,0,2,1,467,0.005886750004719943,0.012416790996212512,736870400,0.7734375
2c24b5ea51298616,svhn,dropout,cnn,protocol-v3,0.6,0,2,1,468,0.005837417033035308,0.01232849998632446,736870400,0.828125
2c24b5ea51298616,svhn,dropout,cnn,protocol-v3,0.6,0,2,1,469,0.005823959014378488,0.012397625017911196,736870400,0.859375
2c24b5ea51298616,svhn,dropout,cnn,protocol-v3,0.6,0,2,1,470,0.005759041989222169,0.012347000010777265,736870400,0.7890625
2c24b5ea51298616,svhn,dropout,cnn,protocol-v3,0.6,0,2,1,471,0.005789708986412734,0.01236845797393471,736870400,0.7734375
2c24b5ea51298616,svhn,dropout,cnn,protocol-v3,0.6,0,2,1,472,0.005818999954499304,0.012402833963278681,736870400,0.8125
2c24b5ea51298616,svhn,dropout,cnn,protocol-v3,0.6,0,2,1,473,0.005811083014123142,0.012336749990936369,736870400,0.875
2c24b5ea51298616,svhn,dropout,cnn,protocol-v3,0.6,0,2,1,474,0.0057718330062925816,0.01237745798425749,736870400,0.8515625
2c24b5ea51298616,svhn,dropout,cnn,protocol-v3,0.6,0,2,1,475,0.005785249988548458,0.012346167000941932,736870400,0.84375
2c24b5ea51298616,svhn,dropout,cnn,protocol-v3,0.6,0,2,1,476,0.005789874994661659,0.012345750001259148,736870400,0.8984375
2c24b5ea51298616,svhn,dropout,cnn,protocol-v3,0.6,0,2,1,477,0.005834874988067895,0.01236395799787715,736886784,0.890625
2c24b5ea51298616,svhn,dropout,cnn,protocol-v3,0.6,0,2,1,478,0.00582591601414606,0.012357375002466142,736886784,0.8828125
2c24b5ea51298616,svhn,dropout,cnn,protocol-v3,0.6,0,2,1,479,0.005822041013743728,0.01238529197871685,736886784,0.8984375
2c24b5ea51298616,svhn,dropout,cnn,protocol-v3,0.6,0,2,1,480,0.00581916602095589,0.012332583020906895,736886784,0.84375
2c24b5ea51298616,svhn,dropout,cnn,protocol-v3,0.6,0,2,1,481,0.00581541599240154,0.012366625014692545,736886784,0.8046875
2c24b5ea51298616,svhn,dropout,cnn,protocol-v3,0.6,0,2,1,482,0.005799542006570846,0.012384083995129913,736886784,0.890625
2c24b5ea51298616,svhn,dropout,cnn,protocol-v3,0.6,0,2,1,483,0.005813582974951714,0.01237316697370261,736886784,0.828125
2c24b5ea51298616,svhn,dropout,cnn,protocol-v3,0.6,0,2,1,484,0.005844208993948996,0.01254954095929861,736886784,0.8125
2c24b5ea51298616,svhn,dropout,cnn,protocol-v3,0.6,0,2,1,485,0.005911917018238455,0.012334332976024598,736886784,0.8203125
2c24b5ea51298616,svhn,dropout,cnn,protocol-v3,0.6,0,2,1,486,0.005882792000193149,0.012450457958038896,736886784,0.828125
2c24b5ea51298616,svhn,dropout,cnn,protocol-v3,0.6,0,2,1,487,0.005778375023510307,0.012423124979250133,736886784,0.890625
2c24b5ea51298616,svhn,dropout,cnn,protocol-v3,0.6,0,2,1,488,0.005766584014054388,0.012364415975753218,736903168,0.78125
2c24b5ea51298616,svhn,dropout,cnn,protocol-v3,0.6,0,2,1,489,0.005796415964141488,0.012418582977261394,736903168,0.71875
2c24b5ea51298616,svhn,dropout,cnn,protocol-v3,0.6,0,2,1,490,0.005913082975894213,0.01233741600299254,736903168,0.8125
2c24b5ea51298616,svhn,dropout,cnn,protocol-v3,0.6,0,2,1,491,0.005826000007800758,0.012336749990936369,736903168,0.8125
2c24b5ea51298616,svhn,dropout,cnn,protocol-v3,0.6,0,2,1,492,0.005765041045378894,0.012339000008068979,736903168,0.7421875
2c24b5ea51298616,svhn,dropout,cnn,protocol-v3,0.6,0,2,1,493,0.005796624987851828,0.012326458003371954,736919552,0.8515625
2c24b5ea51298616,svhn,dropout,cnn,protocol-v3,0.6,0,2,1,494,0.005798790953122079,0.012319999979808927,736919552,0.8515625
2c24b5ea51298616,svhn,dropout,cnn,protocol-v3,0.6,0,2,1,495,0.005839999997988343,0.01238829200156033,736919552,0.8125
2c24b5ea51298616,svhn,dropout,cnn,protocol-v3,0.6,0,2,1,496,0.005775958008598536,0.01230883301468566,736952320,0.8203125
2c24b5ea51298616,svhn,dropout,cnn,protocol-v3,0.6,0,2,1,497,0.005786707974039018,0.012388999981340021,736952320,0.828125
2c24b5ea51298616,svhn,dropout,cnn,protocol-v3,0.6,0,2,1,498,0.005815332988277078,0.01235425000777468,736968704,0.8984375
2c24b5ea51298616,svhn,dropout,cnn,protocol-v3,0.6,0,2,1,499,0.005788042035419494,0.01234962500166148,736968704,0.8125
2c24b5ea51298616,svhn,dropout,cnn,protocol-v3,0.6,0,2,1,500,0.0058176659513264894,0.012322583002969623,736968704,0.8203125
2c24b5ea51298616,svhn,dropout,cnn,protocol-v3,0.6,0,2,1,501,0.0057869579759426415,0.012333832972217351,736968704,0.78125
2c24b5ea51298616,svhn,dropout,cnn,protocol-v3,0.6,0,2,1,502,0.005830124951899052,0.01233708398649469,736968704,0.8359375
2c24b5ea51298616,svhn,dropout,cnn,protocol-v3,0.6,0,2,1,503,0.00583824998466298,0.012584500014781952,736968704,0.78125
2c24b5ea51298616,svhn,dropout,cnn,protocol-v3,0.6,0,2,1,504,0.0058597089955583215,0.012377250008285046,736968704,0.796875
2c24b5ea51298616,svhn,dropout,cnn,protocol-v3,0.6,0,2,1,505,0.005855541035998613,0.012342332978732884,736968704,0.8515625
2c24b5ea51298616,svhn,dropout,cnn,protocol-v3,0.6,0,2,1,506,0.005808665999211371,0.012329792021773756,736968704,0.8359375
2c24b5ea51298616,svhn,dropout,cnn,protocol-v3,0.6,0,2,1,507,0.005799999984446913,0.012308708974160254,736968704,0.84375
2c24b5ea51298616,svhn,dropout,cnn,protocol-v3,0.6,0,2,1,508,0.005789124988950789,0.012402916036080569,736968704,0.8203125
2c24b5ea51298616,svhn,dropout,cnn,protocol-v3,0.6,0,2,1,509,0.005838000040967017,0.012396833044476807,736968704,0.8125
2c24b5ea51298616,svhn,dropout,cnn,protocol-v3,0.6,0,2,1,510,0.005794083001092076,0.012414416996762156,736968704,0.828125
2c24b5ea51298616,svhn,dropout,cnn,protocol-v3,0.6,0,2,1,511,0.005833500006701797,0.012353707978036255,736985088,0.8359375
2c24b5ea51298616,svhn,dropout,cnn,protocol-v3,0.6,0,2,1,512,0.005813332973048091,0.01234416599618271,736985088,0.828125
2c24b5ea51298616,svhn,dropout,cnn,protocol-v3,0.6,0,2,1,513,0.005789791001006961,0.012322333001066,736985088,0.8671875
2c24b5ea51298616,svhn,dropout,cnn,protocol-v3,0.6,0,2,1,514,0.005778583989012986,0.012341291003394872,736985088,0.84375
2c24b5ea51298616,svhn,dropout,cnn,protocol-v3,0.6,0,2,1,515,0.0058000420103780925,0.012328959011938423,736985088,0.859375
2c24b5ea51298616,svhn,dropout,cnn,protocol-v3,0.6,0,2,1,516,0.0058354579959996045,0.01231575000565499,736985088,0.8515625
2c24b5ea51298616,svhn,dropout,cnn,protocol-v3,0.6,0,2,1,517,0.005846125015523285,0.01237479195697233,736985088,0.8828125
2c24b5ea51298616,svhn,dropout,cnn,protocol-v3,0.6,0,2,1,518,0.005793166987132281,0.012417999969329685,736985088,0.84375
2c24b5ea51298616,svhn,dropout,cnn,protocol-v3,0.6,0,2,1,519,0.005779874976724386,0.012333999969996512,737001472,0.828125
2c24b5ea51298616,svhn,dropout,cnn,protocol-v3,0.6,0,2,1,520,0.005801290972158313,0.012330459023360163,737001472,0.84375
2c24b5ea51298616,svhn,dropout,cnn,protocol-v3,0.6,0,2,1,521,0.005834457988385111,0.012344040966127068,737001472,0.875
2c24b5ea51298616,svhn,dropout,cnn,protocol-v3,0.6,0,2,1,522,0.00581508397590369,0.012611332989763469,737001472,0.8671875
2c24b5ea51298616,svhn,dropout,cnn,protocol-v3,0.6,0,2,1,523,0.0058348330203443766,0.012346167000941932,736952320,0.890625
2c24b5ea51298616,svhn,dropout,cnn,protocol-v3,0.6,0,2,1,524,0.005882999976165593,0.012616582971531898,736952320,0.8359375
2c24b5ea51298616,svhn,dropout,cnn,protocol-v3,0.6,0,2,1,525,0.005847540975082666,0.012539625051431358,736952320,0.8359375
2c24b5ea51298616,svhn,dropout,cnn,protocol-v3,0.6,0,2,1,526,0.005840291967615485,0.012435916985850781,736952320,0.8671875
2c24b5ea51298616,svhn,dropout,cnn,protocol-v3,0.6,0,2,1,527,0.005869249987881631,0.012427458015736192,736968704,0.875
2c24b5ea51298616,svhn,dropout,cnn,protocol-v3,0.6,0,2,1,528,0.005848792032338679,0.012421209015883505,736968704,0.8125
2c24b5ea51298616,svhn,dropout,cnn,protocol-v3,0.6,0,2,1,529,0.005917917005717754,0.012485041981562972,736968704,0.8046875
2c24b5ea51298616,svhn,dropout,cnn,protocol-v3,0.6,0,2,1,530,0.005870375025551766,0.012416625046171248,736968704,0.75
2c24b5ea51298616,svhn,dropout,cnn,protocol-v3,0.6,0,2,1,531,0.005866166029591113,0.01238804095191881,736968704,0.859375
2c24b5ea51298616,svhn,dropout,cnn,protocol-v3,0.6,0,2,1,532,0.005810042028315365,0.012358999985735863,736968704,0.8359375
2c24b5ea51298616,svhn,dropout,cnn,protocol-v3,0.6,0,2,1,533,0.00582162500359118,0.012416125042364001,736985088,0.8203125
2c24b5ea51298616,svhn,dropout,cnn,protocol-v3,0.6,0,2,1,534,0.005884667043574154,0.012456041993573308,736985088,0.796875
2c24b5ea51298616,svhn,dropout,cnn,protocol-v3,0.6,0,2,1,535,0.005875749979168177,0.012457792006898671,736985088,0.8671875
2c24b5ea51298616,svhn,dropout,cnn,protocol-v3,0.6,0,2,1,536,0.005873333022464067,0.012434332980774343,736985088,0.859375
2c24b5ea51298616,svhn,dropout,cnn,protocol-v3,0.6,0,2,1,537,0.005860874953214079,0.012424540997017175,736985088,0.75
2c24b5ea51298616,svhn,dropout,cnn,protocol-v3,0.6,0,2,1,538,0.005874916969332844,0.01252029201714322,736985088,0.8359375
2c24b5ea51298616,svhn,dropout,cnn,protocol-v3,0.6,0,2,1,539,0.005854291026480496,0.012466542015317827,736985088,0.84375
2c24b5ea51298616,svhn,dropout,cnn,protocol-v3,0.6,0,2,1,540,0.005861541023477912,0.012380083033349365,736985088,0.8046875
2c24b5ea51298616,svhn,dropout,cnn,protocol-v3,0.6,0,2,1,541,0.005859167024027556,0.012398291961289942,736985088,0.796875
2c24b5ea51298616,svhn,dropout,cnn,protocol-v3,0.6,0,2,1,542,0.005781250016298145,0.012423999956808984,736985088,0.859375
2c24b5ea51298616,svhn,dropout,cnn,protocol-v3,0.6,0,2,1,543,0.005876541952602565,0.01240945898462087,736985088,0.8515625
2c24b5ea51298616,svhn,dropout,cnn,protocol-v3,0.6,0,2,1,544,0.005848249944392592,0.012417374993674457,736985088,0.8359375
2c24b5ea51298616,svhn,dropout,cnn,protocol-v3,0.6,0,2,1,545,0.005832333001308143,0.012417958001606166,736985088,0.90625
2c24b5ea51298616,svhn,dropout,cnn,protocol-v3,0.6,0,2,1,546,0.005901249998714775,0.012533249973785132,736985088,0.84375
2c24b5ea51298616,svhn,dropout,cnn,protocol-v3,0.6,0,2,1,547,0.005870290973689407,0.012432499963324517,736985088,0.84375
2c24b5ea51298616,svhn,dropout,cnn,protocol-v3,0.6,0,2,1,548,0.005848042026627809,0.012436209013685584,736985088,0.7890625
2c24b5ea51298616,svhn,dropout,cnn,protocol-v3,0.6,0,2,1,549,0.005886083003133535,0.012363874993752688,736985088,0.828125
2c24b5ea51298616,svhn,dropout,cnn,protocol-v3,0.6,0,2,1,550,0.005895707989111543,0.01236716698622331,736985088,0.8203125
2c24b5ea51298616,svhn,dropout,cnn,protocol-v3,0.6,0,2,1,551,0.005825792031828314,0.012343958020210266,736985088,0.890625
2c24b5ea51298616,svhn,dropout,cnn,protocol-v3,0.6,0,2,1,552,0.005839625024236739,0.012399708037264645,736985088,0.8359375
2c24b5ea51298616,svhn,dropout,cnn,protocol-v3,0.6,0,2,1,553,0.005842584010679275,0.012330666009802371,736985088,0.875
2c24b5ea51298616,svhn,dropout,cnn,protocol-v3,0.6,0,2,1,554,0.005822749983053654,0.012406582944095135,736985088,0.84375
2c24b5ea51298616,svhn,dropout,cnn,protocol-v3,0.6,0,2,1,555,0.005846082989592105,0.012431374983862042,736985088,0.8984375
2c24b5ea51298616,svhn,dropout,cnn,protocol-v3,0.6,0,2,1,556,0.005888624989893287,0.012415249948389828,737001472,0.8671875
2c24b5ea51298616,svhn,dropout,cnn,protocol-v3,0.6,0,2,1,557,0.005844875006005168,0.012439750018529594,737001472,0.875
2c24b5ea51298616,svhn,dropout,cnn,protocol-v3,0.6,0,2,1,558,0.005794375028926879,0.01242304197512567,737001472,0.890625
2c24b5ea51298616,svhn,dropout,cnn,protocol-v3,0.6,0,2,1,559,0.005870124965440482,0.012431167007889599,737001472,0.859375
2c24b5ea51298616,svhn,dropout,cnn,protocol-v3,0.6,0,2,1,560,0.00593020801898092,0.012431207986082882,737001472,0.859375
2c24b5ea51298616,svhn,dropout,cnn,protocol-v3,0.6,0,2,1,561,0.005876125011127442,0.012419082981068641,737001472,0.8515625
2c24b5ea51298616,svhn,dropout,cnn,protocol-v3,0.6,0,2,1,562,0.005849833018146455,0.012381666980218142,737001472,0.828125
2c24b5ea51298616,svhn,dropout,cnn,protocol-v3,0.6,0,2,1,563,0.005840207973960787,0.012538458977360278,737001472,0.8203125
2c24b5ea51298616,svhn,dropout,cnn,protocol-v3,0.6,0,2,1,564,0.005859541997779161,0.012403084023389965,737001472,0.8359375
2c24b5ea51298616,svhn,dropout,cnn,protocol-v3,0.6,0,2,1,565,0.005815709009766579,0.012326625001151115,737017856,0.875
2c24b5ea51298616,svhn,dropout,cnn,protocol-v3,0.6,0,2,1,566,0.005882749974261969,0.012432167015504092,737017856,0.8359375
2c24b5ea51298616,svhn,dropout,cnn,protocol-v3,0.6,0,2,1,567,0.005871917004697025,0.012422250001691282,737017856,0.859375
2c24b5ea51298616,svhn,dropout,cnn,protocol-v3,0.6,0,2,1,568,0.005909083993174136,0.012451459013391286,737017856,0.8125
2c24b5ea51298616,svhn,dropout,cnn,protocol-v3,0.6,0,2,1,569,0.005840750003699213,0.012402208987623453,737017856,0.8125
2c24b5ea51298616,svhn,dropout,cnn,protocol-v3,0.6,0,2,1,570,0.005844000028446317,0.012470417015720159,737017856,0.8515625
2c24b5ea51298616,svhn,dropout,cnn,protocol-v3,0.6,0,2,1,571,0.005848250002600253,0.012430417002178729,737017856,0.84375
2c24b5ea51298616,svhn,dropout,cnn,protocol-v3,0.6,0,2,1,572,0.01740691700251773,0.051258415973279625,750141440,0.8292682926829268
2c24b5ea51298616,svhn,dropout,cnn,protocol-v3,0.6,0,2,2,0,0.006399374979082495,0.01260620797984302,759873536,0.8671875
2c24b5ea51298616,svhn,dropout,cnn,protocol-v3,0.6,0,2,2,1,0.005874666967429221,0.012560790986754,760643584,0.8046875
2c24b5ea51298616,svhn,dropout,cnn,protocol-v3,0.6,0,2,2,2,0.006301500019617379,0.012586875003762543,762216448,0.84375
2c24b5ea51298616,svhn,dropout,cnn,protocol-v3,0.6,0,2,2,3,0.005966665979940444,0.012523791985586286,762216448,0.8515625
2c24b5ea51298616,svhn,dropout,cnn,protocol-v3,0.6,0,2,2,4,0.0059278340195305645,0.012484666018281132,762216448,0.8203125
2c24b5ea51298616,svhn,dropout,cnn,protocol-v3,0.6,0,2,2,5,0.005885416001547128,0.012468458036892116,762937344,0.8515625
2c24b5ea51298616,svhn,dropout,cnn,protocol-v3,0.6,0,2,2,6,0.005887875042390078,0.01246437500230968,762937344,0.828125
2c24b5ea51298616,svhn,dropout,cnn,protocol-v3,0.6,0,2,2,7,0.005885666003450751,0.012464166968129575,762937344,0.84375
2c24b5ea51298616,svhn,dropout,cnn,protocol-v3,0.6,0,2,2,8,0.005845709005370736,0.012520332995336503,762937344,0.8828125
2c24b5ea51298616,svhn,dropout,cnn,protocol-v3,0.6,0,2,2,9,0.005879292031750083,0.012587000033818185,762937344,0.875
2c24b5ea51298616,svhn,dropout,cnn,protocol-v3,0.6,0,2,2,10,0.005869999993592501,0.01245245902100578,762937344,0.8125
2c24b5ea51298616,svhn,dropout,cnn,protocol-v3,0.6,0,2,2,11,0.005858292046468705,0.012428791960701346,762937344,0.8828125
2c24b5ea51298616,svhn,dropout,cnn,protocol-v3,0.6,0,2,2,12,0.005843167018610984,0.012403792003169656,762937344,0.8828125
2c24b5ea51298616,svhn,dropout,cnn,protocol-v3,0.6,0,2,2,13,0.005937166977673769,0.012461333011742681,762937344,0.9140625
2c24b5ea51298616,svhn,dropout,cnn,protocol-v3,0.6,0,2,2,14,0.005862540972884744,0.012406374968122691,762937344,0.859375
2c24b5ea51298616,svhn,dropout,cnn,protocol-v3,0.6,0,2,2,15,0.005810291972011328,0.012382582994177938,762937344,0.828125
2c24b5ea51298616,svhn,dropout,cnn,protocol-v3,0.6,0,2,2,16,0.005852625006809831,0.012396875012200326,762953728,0.8828125
2c24b5ea51298616,svhn,dropout,cnn,protocol-v3,0.6,0,2,2,17,0.005757958046160638,0.012417083024047315,762953728,0.875
2c24b5ea51298616,svhn,dropout,cnn,protocol-v3,0.6,0,2,2,18,0.005853084032423794,0.012442749983165413,762953728,0.8984375
2c24b5ea51298616,svhn,dropout,cnn,protocol-v3,0.6,0,2,2,19,0.0058713339967653155,0.012599167006555945,762970112,0.8125
2c24b5ea51298616,svhn,dropout,cnn,protocol-v3,0.6,0,2,2,20,0.005831249989569187,0.012497125018853694,762970112,0.875
2c24b5ea51298616,svhn,dropout,cnn,protocol-v3,0.6,0,2,2,21,0.0058304580161347985,0.012490666995290667,762970112,0.8828125
2c24b5ea51298616,svhn,dropout,cnn,protocol-v3,0.6,0,2,2,22,0.005863833008334041,0.012501166958827525,762970112,0.8671875
2c24b5ea51298616,svhn,dropout,cnn,protocol-v3,0.6,0,2,2,23,0.005981291993521154,0.012678625003900379,762970112,0.8203125
2c24b5ea51298616,svhn,dropout,cnn,protocol-v3,0.6,0,2,2,24,0.005880792043171823,0.012503167032264173,762970112,0.8203125
2c24b5ea51298616,svhn,dropout,cnn,protocol-v3,0.6,0,2,2,25,0.005842500017024577,0.012414207973051816,762970112,0.8359375
2c24b5ea51298616,svhn,dropout,cnn,protocol-v3,0.6,0,2,2,26,0.005929417035076767,0.012617499975021929,762970112,0.8515625
2c24b5ea51298616,svhn,dropout,cnn,protocol-v3,0.6,0,2,2,27,0.005914415989536792,0.012537249946035445,762970112,0.8828125
2c24b5ea51298616,svhn,dropout,cnn,protocol-v3,0.6,0,2,2,28,0.006023499998264015,0.012679375009611249,762970112,0.8671875
2c24b5ea51298616,svhn,dropout,cnn,protocol-v3,0.6,0,2,2,29,0.0058231669827364385,0.012577541987411678,762970112,0.796875
2c24b5ea51298616,svhn,dropout,cnn,protocol-v3,0.6,0,2,2,30,0.0059748750063590705,0.012640250031836331,762970112,0.8671875
2c24b5ea51298616,svhn,dropout,cnn,protocol-v3,0.6,0,2,2,31,0.00600575003772974,0.012503999983891845,762970112,0.859375
2c24b5ea51298616,svhn,dropout,cnn,protocol-v3,0.6,0,2,2,32,0.0059056669706478715,0.012523874989710748,762970112,0.8359375
2c24b5ea51298616,svhn,dropout,cnn,protocol-v3,0.6,0,2,2,33,0.005878166004549712,0.012467624968849123,764542976,0.8515625
2c24b5ea51298616,svhn,dropout,cnn,protocol-v3,0.6,0,2,2,34,0.005864707985892892,0.012388375005684793,764542976,0.859375
2c24b5ea51298616,svhn,dropout,cnn,protocol-v3,0.6,0,2,2,35,0.005867208994459361,0.01241841702722013,764542976,0.875
2c24b5ea51298616,svhn,dropout,cnn,protocol-v3,0.6,0,2,2,36,0.005851541005540639,0.012454167008399963,764542976,0.8515625
2c24b5ea51298616,svhn,dropout,cnn,protocol-v3,0.6,0,2,2,37,0.005813541996758431,0.012625375005882233,764542976,0.796875
2c24b5ea51298616,svhn,dropout,cnn,protocol-v3,0.6,0,2,2,38,0.006127458007540554,0.012657082988880575,764542976,0.875
2c24b5ea51298616,svhn,dropout,cnn,protocol-v3,0.6,0,2,2,39,0.006021707959007472,0.012591791979502887,764542976,0.8515625
2c24b5ea51298616,svhn,dropout,cnn,protocol-v3,0.6,0,2,2,40,0.006080416031181812,0.012667457980569452,764559360,0.8203125
2c24b5ea51298616,svhn,dropout,cnn,protocol-v3,0.6,0,2,2,41,0.006161291035823524,0.013120583025738597,764559360,0.8359375
2c24b5ea51298616,svhn,dropout,cnn,protocol-v3,0.6,0,2,2,42,0.007507499947678298,0.013616250013001263,766459904,0.859375
2c24b5ea51298616,svhn,dropout,cnn,protocol-v3,0.6,0,2,2,43,0.006326041999273002,0.012905290990602225,766492672,0.890625
2c24b5ea51298616,svhn,dropout,cnn,protocol-v3,0.6,0,2,2,44,0.006391333998180926,0.012905290990602225,767000576,0.890625
2c24b5ea51298616,svhn,dropout,cnn,protocol-v3,0.6,0,2,2,45,0.006271457998082042,0.013250375050120056,767361024,0.84375
2c24b5ea51298616,svhn,dropout,cnn,protocol-v3,0.6,0,2,2,46,0.0061989999958314,0.01306137494975701,767361024,0.8828125
2c24b5ea51298616,svhn,dropout,cnn,protocol-v3,0.6,0,2,2,47,0.006275499996263534,0.013084415986668319,767361024,0.90625
2c24b5ea51298616,svhn,dropout,cnn,protocol-v3,0.6,0,2,2,48,0.006229791033547372,0.013240625034086406,767361024,0.890625
2c24b5ea51298616,svhn,dropout,cnn,protocol-v3,0.6,0,2,2,49,0.00624800001969561,0.013427499972749501,767754240,0.8515625
2c24b5ea51298616,svhn,dropout,cnn,protocol-v3,0.6,0,2,2,50,0.0063034999766387045,0.013261332991532981,767754240,0.8828125
2c24b5ea51298616,svhn,dropout,cnn,protocol-v3,0.6,0,2,2,51,0.0066580839920789,0.013408540980890393,767754240,0.8671875
2c24b5ea51298616,svhn,dropout,cnn,protocol-v3,0.6,0,2,2,52,0.006544665957335383,0.013427082973066717,767754240,0.8984375
2c24b5ea51298616,svhn,dropout,cnn,protocol-v3,0.6,0,2,2,53,0.006100750004407018,0.012939207954332232,767754240,0.8984375
2c24b5ea51298616,svhn,dropout,cnn,protocol-v3,0.6,0,2,2,54,0.00606783403782174,0.012713083007838577,767754240,0.8203125
2c24b5ea51298616,svhn,dropout,cnn,protocol-v3,0.6,0,2,2,55,0.005870499997399747,0.012429082999005914,767754240,0.8515625
2c24b5ea51298616,svhn,dropout,cnn,protocol-v3,0.6,0,2,2,56,0.005865457991603762,0.01245708396891132,767754240,0.90625
2c24b5ea51298616,svhn,dropout,cnn,protocol-v3,0.6,0,2,2,57,0.005894667003303766,0.012450792011804879,767754240,0.8359375
2c24b5ea51298616,svhn,dropout,cnn,protocol-v3,0.6,0,2,2,58,0.005802624975331128,0.012429374968633056,767754240,0.890625
2c24b5ea51298616,svhn,dropout,cnn,protocol-v3,0.6,0,2,2,59,0.0059690410271286964,0.012516209040768445,767754240,0.8515625
2c24b5ea51298616,svhn,dropout,cnn,protocol-v3,0.6,0,2,2,60,0.005870666005648673,0.012447624991182238,767754240,0.8671875
2c24b5ea51298616,svhn,dropout,cnn,protocol-v3,0.6,0,2,2,61,0.005857333017047495,0.012402124993968755,767754240,0.8203125
2c24b5ea51298616,svhn,dropout,cnn,protocol-v3,0.6,0,2,2,62,0.005824499996379018,0.012324624985922128,767754240,0.84375
2c24b5ea51298616,svhn,dropout,cnn,protocol-v3,0.6,0,2,2,63,0.005789541988633573,0.012336084037087858,767754240,0.875
2c24b5ea51298616,svhn,dropout,cnn,protocol-v3,0.6,0,2,2,64,0.005900458025280386,0.01235166599508375,767754240,0.8515625
2c24b5ea51298616,svhn,dropout,cnn,protocol-v3,0.6,0,2,2,65,0.005790958006400615,0.012421666993759573,767754240,0.828125
2c24b5ea51298616,svhn,dropout,cnn,protocol-v3,0.6,0,2,2,66,0.00592516700271517,0.012566458026412874,767754240,0.8203125
2c24b5ea51298616,svhn,dropout,cnn,protocol-v3,0.6,0,2,2,67,0.005896083021070808,0.012422457977663726,767754240,0.8984375
2c24b5ea51298616,svhn,dropout,cnn,protocol-v3,0.6,0,2,2,68,0.005874208000022918,0.012407833011820912,767754240,0.90625
2c24b5ea51298616,svhn,dropout,cnn,protocol-v3,0.6,0,2,2,69,0.005896667018532753,0.01247704098932445,767754240,0.890625
2c24b5ea51298616,svhn,dropout,cnn,protocol-v3,0.6,0,2,2,70,0.0058340830146335065,0.0125008340110071,767754240,0.828125
2c24b5ea51298616,svhn,dropout,cnn,protocol-v3,0.6,0,2,2,71,0.005873332964256406,0.012434290954843163,767754240,0.90625
2c24b5ea51298616,svhn,dropout,cnn,protocol-v3,0.6,0,2,2,72,0.005922375014051795,0.012543499993626028,767754240,0.8984375
2c24b5ea51298616,svhn,dropout,cnn,protocol-v3,0.6,0,2,2,73,0.005937292007729411,0.012669958989135921,767754240,0.8828125
2c24b5ea51298616,svhn,dropout,cnn,protocol-v3,0.6,0,2,2,74,0.005869250046089292,0.012497958028689027,767754240,0.875
2c24b5ea51298616,svhn,dropout,cnn,protocol-v3,0.6,0,2,2,75,0.005876500043086708,0.012392874981742352,767754240,0.8359375
2c24b5ea51298616,svhn,dropout,cnn,protocol-v3,0.6,0,2,2,76,0.00585095799760893,0.012395625002682209,767754240,0.84375
2c24b5ea51298616,svhn,dropout,cnn,protocol-v3,0.6,0,2,2,77,0.005936665984336287,0.012498249998316169,767754240,0.8515625
2c24b5ea51298616,svhn,dropout,cnn,protocol-v3,0.6,0,2,2,78,0.005963833013083786,0.012518458999693394,767754240,0.8203125
2c24b5ea51298616,svhn,dropout,cnn,protocol-v3,0.6,0,2,2,79,0.005873124988283962,0.012566125020384789,767754240,0.859375
2c24b5ea51298616,svhn,dropout,cnn,protocol-v3,0.6,0,2,2,80,0.0059556670021265745,0.012426999979652464,767754240,0.8515625
2c24b5ea51298616,svhn,dropout,cnn,protocol-v3,0.6,0,2,2,81,0.005803584004752338,0.01239870797144249,767754240,0.875
2c24b5ea51298616,svhn,dropout,cnn,protocol-v3,0.6,0,2,2,82,0.005833250004798174,0.012455875054001808,767754240,0.90625
2c24b5ea51298616,svhn,dropout,cnn,protocol-v3,0.6,0,2,2,83,0.005833874980453402,0.012418416969012469,767754240,0.828125
2c24b5ea51298616,svhn,dropout,cnn,protocol-v3,0.6,0,2,2,84,0.005805207998491824,0.012475874973461032,767754240,0.8515625
2c24b5ea51298616,svhn,dropout,cnn,protocol-v3,0.6,0,2,2,85,0.005874667025636882,0.01248937495984137,767754240,0.8203125
2c24b5ea51298616,svhn,dropout,cnn,protocol-v3,0.6,0,2,2,86,0.005885792023036629,0.012408167007379234,767754240,0.8359375
2c24b5ea51298616,svhn,dropout,cnn,protocol-v3,0.6,0,2,2,87,0.005854082992300391,0.012411416973918676,767754240,0.84375
2c24b5ea51298616,svhn,dropout,cnn,protocol-v3,0.6,0,2,2,88,0.005847457970958203,0.012400832958519459,767754240,0.8515625
2c24b5ea51298616,svhn,dropout,cnn,protocol-v3,0.6,0,2,2,89,0.005892709014005959,0.012484708975534886,767754240,0.90625
2c24b5ea51298616,svhn,dropout,cnn,protocol-v3,0.6,0,2,2,90,0.005936749977990985,0.012597959022969007,767754240,0.9140625
2c24b5ea51298616,svhn,dropout,cnn,protocol-v3,0.6,0,2,2,91,0.0061044589965604246,0.01253841700963676,767754240,0.875
2c24b5ea51298616,svhn,dropout,cnn,protocol-v3,0.6,0,2,2,92,0.006099875026848167,0.012761374993715435,767770624,0.8671875
2c24b5ea51298616,svhn,dropout,cnn,protocol-v3,0.6,0,2,2,93,0.006021290959324688,0.012552708038128912,767770624,0.8828125
2c24b5ea51298616,svhn,dropout,cnn,protocol-v3,0.6,0,2,2,94,0.005820916965603828,0.012592875049449503,767787008,0.8671875
2c24b5ea51298616,svhn,dropout,cnn,protocol-v3,0.6,0,2,2,95,0.006061249994672835,0.012467124965041876,767803392,0.875
2c24b5ea51298616,svhn,dropout,cnn,protocol-v3,0.6,0,2,2,96,0.005833958042785525,0.012432250019628555,767803392,0.8828125
2c24b5ea51298616,svhn,dropout,cnn,protocol-v3,0.6,0,2,2,97,0.005962416995316744,0.012501250021159649,767803392,0.8828125
2c24b5ea51298616,svhn,dropout,cnn,protocol-v3,0.6,0,2,2,98,0.005809416004922241,0.012680499989073724,767803392,0.890625
2c24b5ea51298616,svhn,dropout,cnn,protocol-v3,0.6,0,2,2,99,0.005796500016003847,0.012542332988232374,767803392,0.828125
2c24b5ea51298616,svhn,dropout,cnn,protocol-v3,0.6,0,2,2,100,0.005882167024537921,0.01242216699756682,767803392,0.8828125
2c24b5ea51298616,svhn,dropout,cnn,protocol-v3,0.6,0,2,2,101,0.0059009589604102075,0.012413334043230861,767803392,0.875
2c24b5ea51298616,svhn,dropout,cnn,protocol-v3,0.6,0,2,2,102,0.005864250008016825,0.012517500028479844,767803392,0.8515625
2c24b5ea51298616,svhn,dropout,cnn,protocol-v3,0.6,0,2,2,103,0.005851833033375442,0.012413415999617428,767819776,0.8515625
2c24b5ea51298616,svhn,dropout,cnn,protocol-v3,0.6,0,2,2,104,0.005847208027262241,0.012481708021368831,767819776,0.8671875
2c24b5ea51298616,svhn,dropout,cnn,protocol-v3,0.6,0,2,2,105,0.005885833001229912,0.012420417042449117,767819776,0.8984375
2c24b5ea51298616,svhn,dropout,cnn,protocol-v3,0.6,0,2,2,106,0.005818999954499304,0.012438666017260402,767819776,0.8828125
2c24b5ea51298616,svhn,dropout,cnn,protocol-v3,0.6,0,2,2,107,0.005936582980211824,0.012404250039253384,767819776,0.8046875
2c24b5ea51298616,svhn,dropout,cnn,protocol-v3,0.6,0,2,2,108,0.005837749980855733,0.012384084053337574,767819776,0.8671875
2c24b5ea51298616,svhn,dropout,cnn,protocol-v3,0.6,0,2,2,109,0.005825416010338813,0.012443375017028302,767819776,0.8984375
2c24b5ea51298616,svhn,dropout,cnn,protocol-v3,0.6,0,2,2,110,0.005827708984725177,0.01242441701469943,767819776,0.875
2c24b5ea51298616,svhn,dropout,cnn,protocol-v3,0.6,0,2,2,111,0.005869999993592501,0.012407542031724006,767819776,0.828125
2c24b5ea51298616,svhn,dropout,cnn,protocol-v3,0.6,0,2,2,112,0.005846582993399352,0.012404667038936168,767819776,0.9140625
2c24b5ea51298616,svhn,dropout,cnn,protocol-v3,0.6,0,2,2,113,0.005879833945073187,0.012425458990037441,767819776,0.9140625
2c24b5ea51298616,svhn,dropout,cnn,protocol-v3,0.6,0,2,2,114,0.005851374997291714,0.012438082951121032,767819776,0.890625
2c24b5ea51298616,svhn,dropout,cnn,protocol-v3,0.6,0,2,2,115,0.005847332999110222,0.012400500010699034,767819776,0.8125
2c24b5ea51298616,svhn,dropout,cnn,protocol-v3,0.6,0,2,2,116,0.005845082981977612,0.012369541975203902,767819776,0.8359375
2c24b5ea51298616,svhn,dropout,cnn,protocol-v3,0.6,0,2,2,117,0.00583845900837332,0.012396250036545098,767819776,0.8515625
2c24b5ea51298616,svhn,dropout,cnn,protocol-v3,0.6,0,2,2,118,0.005823041952680796,0.012407875037752092,767819776,0.8125
2c24b5ea51298616,svhn,dropout,cnn,protocol-v3,0.6,0,2,2,119,0.005823375016916543,0.012352457968518138,767819776,0.8671875
2c24b5ea51298616,svhn,dropout,cnn,protocol-v3,0.6,0,2,2,120,0.0058307089493609965,0.012402042048051953,767819776,0.90625
2c24b5ea51298616,svhn,dropout,cnn,protocol-v3,0.6,0,2,2,121,0.005824666004627943,0.012404499982949346,767819776,0.8046875
2c24b5ea51298616,svhn,dropout,cnn,protocol-v3,0.6,0,2,2,122,0.005884542013518512,0.01238662499235943,767819776,0.8515625
2c24b5ea51298616,svhn,dropout,cnn,protocol-v3,0.6,0,2,2,123,0.00584720796905458,0.01237908296752721,767836160,0.8515625
2c24b5ea51298616,svhn,dropout,cnn,protocol-v3,0.6,0,2,2,124,0.005888041981961578,0.012489625019952655,767836160,0.8515625
2c24b5ea51298616,svhn,dropout,cnn,protocol-v3,0.6,0,2,2,125,0.005829167028423399,0.012411042000167072,767836160,0.890625
2c24b5ea51298616,svhn,dropout,cnn,protocol-v3,0.6,0,2,2,126,0.00582087499788031,0.012383874971419573,767852544,0.796875
2c24b5ea51298616,svhn,dropout,cnn,protocol-v3,0.6,0,2,2,127,0.005843374994583428,0.012440624996088445,767852544,0.9296875
2c24b5ea51298616,svhn,dropout,cnn,protocol-v3,0.6,0,2,2,128,0.005841415957547724,0.012424957996699959,767852544,0.8984375
2c24b5ea51298616,svhn,dropout,cnn,protocol-v3,0.6,0,2,2,129,0.005894457979593426,0.012382791028358042,767852544,0.90625
2c24b5ea51298616,svhn,dropout,cnn,protocol-v3,0.6,0,2,2,130,0.005772040982265025,0.012371084012556821,767852544,0.8515625
2c24b5ea51298616,svhn,dropout,cnn,protocol-v3,0.6,0,2,2,131,0.005806334025692195,0.012489083979744464,767852544,0.8203125
2c24b5ea51298616,svhn,dropout,cnn,protocol-v3,0.6,0,2,2,132,0.0058680829824879766,0.012419792008586228,767852544,0.8359375
2c24b5ea51298616,svhn,dropout,cnn,protocol-v3,0.6,0,2,2,133,0.0058828339679166675,0.012446332955732942,767852544,0.875
2c24b5ea51298616,svhn,dropout,cnn,protocol-v3,0.6,0,2,2,134,0.00592424999922514,0.012434541946277022,767852544,0.8671875
2c24b5ea51298616,svhn,dropout,cnn,protocol-v3,0.6,0,2,2,135,0.0058658329653553665,0.012448083027265966,767852544,0.828125
2c24b5ea51298616,svhn,dropout,cnn,protocol-v3,0.6,0,2,2,136,0.005841416015755385,0.012437957979273051,767852544,0.8828125
2c24b5ea51298616,svhn,dropout,cnn,protocol-v3,0.6,0,2,2,137,0.005859667027834803,0.012417750025633723,767868928,0.84375
2c24b5ea51298616,svhn,dropout,cnn,protocol-v3,0.6,0,2,2,138,0.005867250030860305,0.012455167016014457,767868928,0.8203125
2c24b5ea51298616,svhn,dropout,cnn,protocol-v3,0.6,0,2,2,139,0.005845375009812415,0.012403708999045193,767885312,0.828125
2c24b5ea51298616,svhn,dropout,cnn,protocol-v3,0.6,0,2,2,140,0.005790916969999671,0.012408958980813622,767885312,0.8671875
2c24b5ea51298616,svhn,dropout,cnn,protocol-v3,0.6,0,2,2,141,0.005855541967321187,0.012505667051300406,767885312,0.828125
2c24b5ea51298616,svhn,dropout,cnn,protocol-v3,0.6,0,2,2,142,0.005872124980669469,0.012505041959229857,767885312,0.8515625
2c24b5ea51298616,svhn,dropout,cnn,protocol-v3,0.6,0,2,2,143,0.0075395830208435655,0.01290512504056096,770408448,0.828125
2c24b5ea51298616,svhn,dropout,cnn,protocol-v3,0.6,0,2,2,144,0.006495250039733946,0.01381229201797396,770408448,0.9140625
2c24b5ea51298616,svhn,dropout,cnn,protocol-v3,0.6,0,2,2,145,0.006714249961078167,0.014422458014450967,770408448,0.890625
2c24b5ea51298616,svhn,dropout,cnn,protocol-v3,0.6,0,2,2,146,0.006930625007953495,0.014610750018619001,770408448,0.8984375
2c24b5ea51298616,svhn,dropout,cnn,protocol-v3,0.6,0,2,2,147,0.006884250033181161,0.014499708020593971,770424832,0.8828125
2c24b5ea51298616,svhn,dropout,cnn,protocol-v3,0.6,0,2,2,148,0.0064965839846991,0.013037000026088208,770424832,0.8515625
2c24b5ea51298616,svhn,dropout,cnn,protocol-v3,0.6,0,2,2,149,0.005885416001547128,0.012427666981238872,770424832,0.8984375
2c24b5ea51298616,svhn,dropout,cnn,protocol-v3,0.6,0,2,2,150,0.005832042021211237,0.012403708999045193,770424832,0.875
2c24b5ea51298616,svhn,dropout,cnn,protocol-v3,0.6,0,2,2,151,0.005839874967932701,0.012404375011101365,770441216,0.8671875
2c24b5ea51298616,svhn,dropout,cnn,protocol-v3,0.6,0,2,2,152,0.005873332964256406,0.012456749973352998,770441216,0.8984375
2c24b5ea51298616,svhn,dropout,cnn,protocol-v3,0.6,0,2,2,153,0.005895417009014636,0.012420792016200721,770441216,0.8515625
2c24b5ea51298616,svhn,dropout,cnn,protocol-v3,0.6,0,2,2,154,0.005869749991688877,0.01251666696043685,770457600,0.875
2c24b5ea51298616,svhn,dropout,cnn,protocol-v3,0.6,0,2,2,155,0.00586312502855435,0.012411958014126867,770457600,0.8515625
2c24b5ea51298616,svhn,dropout,cnn,protocol-v3,0.6,0,2,2,156,0.005896582966670394,0.012482916994486004,770457600,0.9453125
2c24b5ea51298616,svhn,dropout,cnn,protocol-v3,0.6,0,2,2,157,0.005883417034056038,0.012442791019566357,770457600,0.90625
2c24b5ea51298616,svhn,dropout,cnn,protocol-v3,0.6,0,2,2,158,0.005863625032361597,0.012459707970265299,770457600,0.84375
2c24b5ea51298616,svhn,dropout,cnn,protocol-v3,0.6,0,2,2,159,0.005802083993330598,0.01241929194657132,770457600,0.859375
2c24b5ea51298616,svhn,dropout,cnn,protocol-v3,0.6,0,2,2,160,0.00578908302122727,0.012359832995571196,770457600,0.8828125
2c24b5ea51298616,svhn,dropout,cnn,protocol-v3,0.6,0,2,2,161,0.005837166972924024,0.012434708012733608,770457600,0.8359375
2c24b5ea51298616,svhn,dropout,cnn,protocol-v3,0.6,0,2,2,162,0.005803832958918065,0.012327625008765608,770457600,0.859375
2c24b5ea51298616,svhn,dropout,cnn,protocol-v3,0.6,0,2,2,163,0.005829208006616682,0.012442000035662204,770457600,0.8515625
2c24b5ea51298616,svhn,dropout,cnn,protocol-v3,0.6,0,2,2,164,0.005840333004016429,0.012442375009413809,770473984,0.921875
2c24b5ea51298616,svhn,dropout,cnn,protocol-v3,0.6,0,2,2,165,0.00584591698134318,0.012553500011563301,770473984,0.9296875
2c24b5ea51298616,svhn,dropout,cnn,protocol-v3,0.6,0,2,2,166,0.005917250004131347,0.012605833995621651,770473984,0.9140625
2c24b5ea51298616,svhn,dropout,cnn,protocol-v3,0.6,0,2,2,167,0.005843750026542693,0.012424666027072817,770473984,0.8125
2c24b5ea51298616,svhn,dropout,cnn,protocol-v3,0.6,0,2,2,168,0.00588891701772809,0.012473208014853299,770473984,0.8515625
2c24b5ea51298616,svhn,dropout,cnn,protocol-v3,0.6,0,2,2,169,0.005897832976188511,0.012581666989717633,770473984,0.8828125
2c24b5ea51298616,svhn,dropout,cnn,protocol-v3,0.6,0,2,2,170,0.005834000010509044,0.012423374981153756,770490368,0.8828125
2c24b5ea51298616,svhn,dropout,cnn,protocol-v3,0.6,0,2,2,171,0.005781999963801354,0.012419500038959086,770490368,0.859375
2c24b5ea51298616,svhn,dropout,cnn,protocol-v3,0.6,0,2,2,172,0.005821750033646822,0.012368041032459587,770490368,0.8515625
2c24b5ea51298616,svhn,dropout,cnn,protocol-v3,0.6,0,2,2,173,0.005877792020328343,0.012557209003716707,770506752,0.8671875
2c24b5ea51298616,svhn,dropout,cnn,protocol-v3,0.6,0,2,2,174,0.005832792026922107,0.012335832987446338,770506752,0.8203125
2c24b5ea51298616,svhn,dropout,cnn,protocol-v3,0.6,0,2,2,175,0.005879417003598064,0.012422624975442886,770506752,0.875
2c24b5ea51298616,svhn,dropout,cnn,protocol-v3,0.6,0,2,2,176,0.005884999991394579,0.012412750045768917,770506752,0.8984375
2c24b5ea51298616,svhn,dropout,cnn,protocol-v3,0.6,0,2,2,177,0.0058597910101525486,0.012435041018761694,770506752,0.859375
2c24b5ea51298616,svhn,dropout,cnn,protocol-v3,0.6,0,2,2,178,0.005880167009308934,0.01244629203574732,770506752,0.859375
2c24b5ea51298616,svhn,dropout,cnn,protocol-v3,0.6,0,2,2,179,0.005827624991070479,0.012437166995368898,770506752,0.8984375
2c24b5ea51298616,svhn,dropout,cnn,protocol-v3,0.6,0,2,2,180,0.005873666959814727,0.012422833009622991,770523136,0.890625
2c24b5ea51298616,svhn,dropout,cnn,protocol-v3,0.6,0,2,2,181,0.005864124977961183,0.01242233399534598,770523136,0.90625
2c24b5ea51298616,svhn,dropout,cnn,protocol-v3,0.6,0,2,2,182,0.005848958971910179,0.012402874999679625,770523136,0.78125
2c24b5ea51298616,svhn,dropout,cnn,protocol-v3,0.6,0,2,2,183,0.005873000016435981,0.012434583040885627,770523136,0.875
2c24b5ea51298616,svhn,dropout,cnn,protocol-v3,0.6,0,2,2,184,0.005845250037964433,0.012346209026873112,770523136,0.8359375
2c24b5ea51298616,svhn,dropout,cnn,protocol-v3,0.6,0,2,2,185,0.005912166030611843,0.012355665967334062,770523136,0.8671875
2c24b5ea51298616,svhn,dropout,cnn,protocol-v3,0.6,0,2,2,186,0.005834541982039809,0.012380208005197346,770523136,0.8671875
2c24b5ea51298616,svhn,dropout,cnn,protocol-v3,0.6,0,2,2,187,0.005805666965898126,0.012413709016982466,770523136,0.8359375
2c24b5ea51298616,svhn,dropout,cnn,protocol-v3,0.6,0,2,2,188,0.005843207996804267,0.012525584024842829,770523136,0.8515625
2c24b5ea51298616,svhn,dropout,cnn,protocol-v3,0.6,0,2,2,189,0.0057955829543061554,0.012544459023047239,770539520,0.890625
2c24b5ea51298616,svhn,dropout,cnn,protocol-v3,0.6,0,2,2,190,0.005779624974820763,0.012407125032041222,770539520,0.90625
2c24b5ea51298616,svhn,dropout,cnn,protocol-v3,0.6,0,2,2,191,0.005774541990831494,0.012348916963674128,770539520,0.828125
2c24b5ea51298616,svhn,dropout,cnn,protocol-v3,0.6,0,2,2,192,0.005784708017017692,0.012343166978098452,770539520,0.90625
2c24b5ea51298616,svhn,dropout,cnn,protocol-v3,0.6,0,2,2,193,0.005802333995234221,0.012343583977781236,770539520,0.875
2c24b5ea51298616,svhn,dropout,cnn,protocol-v3,0.6,0,2,2,194,0.005824790976475924,0.012346541974693537,770539520,0.8828125
2c24b5ea51298616,svhn,dropout,cnn,protocol-v3,0.6,0,2,2,195,0.005822916980832815,0.012370457989163697,770539520,0.8671875
2c24b5ea51298616,svhn,dropout,cnn,protocol-v3,0.6,0,2,2,196,0.005830541020259261,0.012314290972426534,770539520,0.9140625
2c24b5ea51298616,svhn,dropout,cnn,protocol-v3,0.6,0,2,2,197,0.005824833991937339,0.012364542053546757,770539520,0.8671875
2c24b5ea51298616,svhn,dropout,cnn,protocol-v3,0.6,0,2,2,198,0.005787791043985635,0.012414458964485675,770539520,0.84375
2c24b5ea51298616,svhn,dropout,cnn,protocol-v3,0.6,0,2,2,199,0.005775500030722469,0.012375916994642466,770539520,0.9140625
2c24b5ea51298616,svhn,dropout,cnn,protocol-v3,0.6,0,2,2,200,0.005824874970130622,0.012337333988398314,770539520,0.875
2c24b5ea51298616,svhn,dropout,cnn,protocol-v3,0.6,0,2,2,201,0.00577691599028185,0.01233445800608024,770539520,0.859375
2c24b5ea51298616,svhn,dropout,cnn,protocol-v3,0.6,0,2,2,202,0.0058127500233240426,0.012398666003718972,770539520,0.8671875
2c24b5ea51298616,svhn,dropout,cnn,protocol-v3,0.6,0,2,2,203,0.0057945839944295585,0.012348415970336646,770539520,0.8671875
2c24b5ea51298616,svhn,dropout,cnn,protocol-v3,0.6,0,2,2,204,0.005927874997723848,0.012368375028017908,770539520,0.796875
2c24b5ea51298616,svhn,dropout,cnn,protocol-v3,0.6,0,2,2,205,0.005827707995194942,0.012406916997861117,770539520,0.859375
2c24b5ea51298616,svhn,dropout,cnn,protocol-v3,0.6,0,2,2,206,0.0058768330491147935,0.012362750014290214,770539520,0.8984375
2c24b5ea51298616,svhn,dropout,cnn,protocol-v3,0.6,0,2,2,207,0.0058289579465053976,0.012390125019010156,770555904,0.890625
2c24b5ea51298616,svhn,dropout,cnn,protocol-v3,0.6,0,2,2,208,0.005794165947008878,0.012346667004749179,770555904,0.875
2c24b5ea51298616,svhn,dropout,cnn,protocol-v3,0.6,0,2,2,209,0.005812749965116382,0.012342332978732884,770555904,0.875
2c24b5ea51298616,svhn,dropout,cnn,protocol-v3,0.6,0,2,2,210,0.005784292006865144,0.012365125003270805,770555904,0.8984375
2c24b5ea51298616,svhn,dropout,cnn,protocol-v3,0.6,0,2,2,211,0.00579954101704061,0.012343000038526952,770572288,0.8671875
2c24b5ea51298616,svhn,dropout,cnn,protocol-v3,0.6,0,2,2,212,0.005789584014564753,0.01234045799355954,770572288,0.8125
2c24b5ea51298616,svhn,dropout,cnn,protocol-v3,0.6,0,2,2,213,0.005852625006809831,0.01232850004453212,770572288,0.828125
2c24b5ea51298616,svhn,dropout,cnn,protocol-v3,0.6,0,2,2,214,0.005826584005262703,0.012362791982013732,770572288,0.8125
2c24b5ea51298616,svhn,dropout,cnn,protocol-v3,0.6,0,2,2,215,0.005795083998236805,0.01229541702196002,770572288,0.8515625
2c24b5ea51298616,svhn,dropout,cnn,protocol-v3,0.6,0,2,2,216,0.005789665970951319,0.012363709043711424,770572288,0.8984375
2c24b5ea51298616,svhn,dropout,cnn,protocol-v3,0.6,0,2,2,217,0.0057949170004576445,0.012332083017099649,770572288,0.8671875
2c24b5ea51298616,svhn,dropout,cnn,protocol-v3,0.6,0,2,2,218,0.005831125017721206,0.012415666016750038,770572288,0.8828125
2c24b5ea51298616,svhn,dropout,cnn,protocol-v3,0.6,0,2,2,219,0.005770666990429163,0.012348541989922523,770572288,0.8671875
2c24b5ea51298616,svhn,dropout,cnn,protocol-v3,0.6,0,2,2,220,0.005794124968815595,0.012315083004068583,770572288,0.890625
2c24b5ea51298616,svhn,dropout,cnn,protocol-v3,0.6,0,2,2,221,0.005786166992038488,0.012352708028629422,770572288,0.8671875
2c24b5ea51298616,svhn,dropout,cnn,protocol-v3,0.6,0,2,2,222,0.0058275419869460166,0.0123241669498384,770572288,0.8046875
2c24b5ea51298616,svhn,dropout,cnn,protocol-v3,0.6,0,2,2,223,0.005846334039233625,0.012340332963503897,770572288,0.921875
2c24b5ea51298616,svhn,dropout,cnn,protocol-v3,0.6,0,2,2,224,0.005858042044565082,0.012326458003371954,770572288,0.90625
2c24b5ea51298616,svhn,dropout,cnn,protocol-v3,0.6,0,2,2,225,0.005796499957796186,0.012322333990596235,770572288,0.890625
2c24b5ea51298616,svhn,dropout,cnn,protocol-v3,0.6,0,2,2,226,0.0058286249986849725,0.012397665996104479,770572288,0.828125
2c24b5ea51298616,svhn,dropout,cnn,protocol-v3,0.6,0,2,2,227,0.005786416004411876,0.01234962500166148,770572288,0.875
2c24b5ea51298616,svhn,dropout,cnn,protocol-v3,0.6,0,2,2,228,0.0057814999599941075,0.012458542012609541,770572288,0.859375
2c24b5ea51298616,svhn,dropout,cnn,protocol-v3,0.6,0,2,2,229,0.005824833002407104,0.012420750048477203,770572288,0.8828125
2c24b5ea51298616,svhn,dropout,cnn,protocol-v3,0.6,0,2,2,230,0.0057793339947238564,0.012334250030107796,770572288,0.8671875
2c24b5ea51298616,svhn,dropout,cnn,protocol-v3,0.6,0,2,2,231,0.0058482090244069695,0.012331874982919544,770588672,0.90625
2c24b5ea51298616,svhn,dropout,cnn,protocol-v3,0.6,0,2,2,232,0.005833834002260119,0.012389916984830052,770588672,0.8671875
2c24b5ea51298616,svhn,dropout,cnn,protocol-v3,0.6,0,2,2,233,0.005834583018440753,0.012347875046543777,770588672,0.90625
2c24b5ea51298616,svhn,dropout,cnn,protocol-v3,0.6,0,2,2,234,0.005787083995528519,0.012324041977990419,770588672,0.84375
2c24b5ea51298616,svhn,dropout,cnn,protocol-v3,0.6,0,2,2,235,0.005855499999597669,0.012329667049925774,770588672,0.8984375
2c24b5ea51298616,svhn,dropout,cnn,protocol-v3,0.6,0,2,2,236,0.005809583002701402,0.012342249974608421,770588672,0.8984375
2c24b5ea51298616,svhn,dropout,cnn,protocol-v3,0.6,0,2,2,237,0.005765874986536801,0.012336666986811906,770588672,0.859375
2c24b5ea51298616,svhn,dropout,cnn,protocol-v3,0.6,0,2,2,238,0.00585116702131927,0.012423332955222577,770605056,0.875
2c24b5ea51298616,svhn,dropout,cnn,protocol-v3,0.6,0,2,2,239,0.005801916006021202,0.012381499982438982,770605056,0.90625
2c24b5ea51298616,svhn,dropout,cnn,protocol-v3,0.6,0,2,2,240,0.005861707963049412,0.012430417002178729,770605056,0.8984375
2c24b5ea51298616,svhn,dropout,cnn,protocol-v3,0.6,0,2,2,241,0.005844416038598865,0.012394457997288555,770605056,0.859375
2c24b5ea51298616,svhn,dropout,cnn,protocol-v3,0.6,0,2,2,242,0.005837416974827647,0.012404415989294648,770605056,0.875
2c24b5ea51298616,svhn,dropout,cnn,protocol-v3,0.6,0,2,2,243,0.005827084009069949,0.012402416963595897,770605056,0.84375
2c24b5ea51298616,svhn,dropout,cnn,protocol-v3,0.6,0,2,2,244,0.005854916002135724,0.012421166989952326,770605056,0.90625
2c24b5ea51298616,svhn,dropout,cnn,protocol-v3,0.6,0,2,2,245,0.0058796670055016875,0.012453207978978753,770621440,0.8359375
2c24b5ea51298616,svhn,dropout,cnn,protocol-v3,0.6,0,2,2,246,0.005828458000905812,0.012391792028211057,770621440,0.9140625
2c24b5ea51298616,svhn,dropout,cnn,protocol-v3,0.6,0,2,2,247,0.005841042031534016,0.012431708979420364,770621440,0.859375
2c24b5ea51298616,svhn,dropout,cnn,protocol-v3,0.6,0,2,2,248,0.005860250035766512,0.0123572499724105,770621440,0.8125
2c24b5ea51298616,svhn,dropout,cnn,protocol-v3,0.6,0,2,2,249,0.005818167002871633,0.012424500018823892,770621440,0.8828125
2c24b5ea51298616,svhn,dropout,cnn,protocol-v3,0.6,0,2,2,250,0.005845040956046432,0.01237408397719264,770637824,0.90625
2c24b5ea51298616,svhn,dropout,cnn,protocol-v3,0.6,0,2,2,251,0.005831540969666094,0.012417000019922853,770654208,0.90625
2c24b5ea51298616,svhn,dropout,cnn,protocol-v3,0.6,0,2,2,252,0.005809207970742136,0.01240099995629862,770654208,0.859375
2c24b5ea51298616,svhn,dropout,cnn,protocol-v3,0.6,0,2,2,253,0.005833957984577864,0.012399833009112626,770654208,0.8984375
2c24b5ea51298616,svhn,dropout,cnn,protocol-v3,0.6,0,2,2,254,0.005822582985274494,0.012405874964315444,770654208,0.8828125
2c24b5ea51298616,svhn,dropout,cnn,protocol-v3,0.6,0,2,2,255,0.005845458013936877,0.01242604199796915,770654208,0.8984375
2c24b5ea51298616,svhn,dropout,cnn,protocol-v3,0.6,0,2,2,256,0.0058314999914728105,0.01237450004555285,770654208,0.84375
2c24b5ea51298616,svhn,dropout,cnn,protocol-v3,0.6,0,2,2,257,0.00586087501142174,0.01239108300069347,770654208,0.8671875
2c24b5ea51298616,svhn,dropout,cnn,protocol-v3,0.6,0,2,2,258,0.00584141694707796,0.012394624995067716,770654208,0.8515625
2c24b5ea51298616,svhn,dropout,cnn,protocol-v3,0.6,0,2,2,259,0.005826957989484072,0.01254191598854959,770654208,0.8828125
2c24b5ea51298616,svhn,dropout,cnn,protocol-v3,0.6,0,2,2,260,0.005840375029947609,0.012417916965205222,770654208,0.8828125
2c24b5ea51298616,svhn,dropout,cnn,protocol-v3,0.6,0,2,2,261,0.005918125039897859,0.012417874997481704,770654208,0.8671875
2c24b5ea51298616,svhn,dropout,cnn,protocol-v3,0.6,0,2,2,262,0.0058247080305591226,0.01238891703542322,770654208,0.9140625
2c24b5ea51298616,svhn,dropout,cnn,protocol-v3,0.6,0,2,2,263,0.005838125012814999,0.012373042001854628,770654208,0.8984375
2c24b5ea51298616,svhn,dropout,cnn,protocol-v3,0.6,0,2,2,264,0.005831582995597273,0.012374958023428917,770654208,0.890625
2c24b5ea51298616,svhn,dropout,cnn,protocol-v3,0.6,0,2,2,265,0.005841750011313707,0.012414999946486205,770654208,0.8203125
2c24b5ea51298616,svhn,dropout,cnn,protocol-v3,0.6,0,2,2,266,0.005821790953632444,0.012396875012200326,770654208,0.859375
2c24b5ea51298616,svhn,dropout,cnn,protocol-v3,0.6,0,2,2,267,0.005826457985676825,0.012401457992382348,770654208,0.8515625
2c24b5ea51298616,svhn,dropout,cnn,protocol-v3,0.6,0,2,2,268,0.005832084047142416,0.012531874992419034,770654208,0.84375
2c24b5ea51298616,svhn,dropout,cnn,protocol-v3,0.6,0,2,2,269,0.005827707995194942,0.01240154099650681,770670592,0.90625
2c24b5ea51298616,svhn,dropout,cnn,protocol-v3,0.6,0,2,2,270,0.005824499996379018,0.012413458956871182,770670592,0.9140625
2c24b5ea51298616,svhn,dropout,cnn,protocol-v3,0.6,0,2,2,271,0.005851583031471819,0.012415917008183897,770686976,0.8359375
2c24b5ea51298616,svhn,dropout,cnn,protocol-v3,0.6,0,2,2,272,0.005828334018588066,0.012408833019435406,770686976,0.8828125
2c24b5ea51298616,svhn,dropout,cnn,protocol-v3,0.6,0,2,2,273,0.005829083034768701,0.012393540993798524,770686976,0.8828125
2c24b5ea51298616,svhn,dropout,cnn,protocol-v3,0.6,0,2,2,274,0.005823416984640062,0.012413375021424145,770686976,0.875
2c24b5ea51298616,svhn,dropout,cnn,protocol-v3,0.6,0,2,2,275,0.005831874965224415,0.012376415950711817,770686976,0.8125
2c24b5ea51298616,svhn,dropout,cnn,protocol-v3,0.6,0,2,2,276,0.0058278749929741025,0.012421999999787658,770686976,0.8671875
2c24b5ea51298616,svhn,dropout,cnn,protocol-v3,0.6,0,2,2,277,0.005822582985274494,0.01242566603468731,770686976,0.9453125
2c24b5ea51298616,svhn,dropout,cnn,protocol-v3,0.6,0,2,2,278,0.005821332975756377,0.012394375051371753,770686976,0.8359375
2c24b5ea51298616,svhn,dropout,cnn,protocol-v3,0.6,0,2,2,279,0.005831250047776848,0.012406166002620012,770686976,0.8984375
2c24b5ea51298616,svhn,dropout,cnn,protocol-v3,0.6,0,2,2,280,0.005804082960821688,0.012418500031344593,770686976,0.859375
2c24b5ea51298616,svhn,dropout,cnn,protocol-v3,0.6,0,2,2,281,0.00582291599130258,0.012418499973136932,770686976,0.84375
2c24b5ea51298616,svhn,dropout,cnn,protocol-v3,0.6,0,2,2,282,0.005878041964024305,0.012370417010970414,770686976,0.8671875
2c24b5ea51298616,svhn,dropout,cnn,protocol-v3,0.6,0,2,2,283,0.005821499973535538,0.012380916974507272,770686976,0.859375
2c24b5ea51298616,svhn,dropout,cnn,protocol-v3,0.6,0,2,2,284,0.005813124997075647,0.012378582963719964,770686976,0.8515625
2c24b5ea51298616,svhn,dropout,cnn,protocol-v3,0.6,0,2,2,285,0.0058090409729629755,0.012371000018902123,770686976,0.875
2c24b5ea51298616,svhn,dropout,cnn,protocol-v3,0.6,0,2,2,286,0.005828665976878256,0.012536082998849452,770686976,0.8203125
2c24b5ea51298616,svhn,dropout,cnn,protocol-v3,0.6,0,2,2,287,0.0058198749902658165,0.012389875017106533,770686976,0.859375
2c24b5ea51298616,svhn,dropout,cnn,protocol-v3,0.6,0,2,2,288,0.005829749978147447,0.012384667003061622,770686976,0.8984375
2c24b5ea51298616,svhn,dropout,cnn,protocol-v3,0.6,0,2,2,289,0.0058525410131551325,0.012384874979034066,770686976,0.8671875
2c24b5ea51298616,svhn,dropout,cnn,protocol-v3,0.6,0,2,2,290,0.005821082973852754,0.012358207954093814,770686976,0.8671875
2c24b5ea51298616,svhn,dropout,cnn,protocol-v3,0.6,0,2,2,291,0.005822083039674908,0.012379207997582853,770686976,0.90625
2c24b5ea51298616,svhn,dropout,cnn,protocol-v3,0.6,0,2,2,292,0.005869042011909187,0.012396708014421165,770703360,0.875
2c24b5ea51298616,svhn,dropout,cnn,protocol-v3,0.6,0,2,2,293,0.0058412920334376395,0.012416500016115606,770703360,0.9140625
2c24b5ea51298616,svhn,dropout,cnn,protocol-v3,0.6,0,2,2,294,0.005788458976894617,0.012383874971419573,770719744,0.84375
2c24b5ea51298616,svhn,dropout,cnn,protocol-v3,0.6,0,2,2,295,0.005824166000820696,0.01238958298927173,770719744,0.796875
2c24b5ea51298616,svhn,dropout,cnn,protocol-v3,0.6,0,2,2,296,0.0058329159510321915,0.012356665974948555,770719744,0.8984375
2c24b5ea51298616,svhn,dropout,cnn,protocol-v3,0.6,0,2,2,297,0.005859291006345302,0.012390208023134619,770719744,0.875
2c24b5ea51298616,svhn,dropout,cnn,protocol-v3,0.6,0,2,2,298,0.005799833976197988,0.01243929099291563,770719744,0.9140625
2c24b5ea51298616,svhn,dropout,cnn,protocol-v3,0.6,0,2,2,299,0.005855208029970527,0.012400917010381818,770719744,0.9296875
2c24b5ea51298616,svhn,dropout,cnn,protocol-v3,0.6,0,2,2,300,0.005841583013534546,0.012374209007248282,770719744,0.90625
2c24b5ea51298616,svhn,dropout,cnn,protocol-v3,0.6,0,2,2,301,0.005810375034343451,0.01241600001230836,770719744,0.8515625
2c24b5ea51298616,svhn,dropout,cnn,protocol-v3,0.6,0,2,2,302,0.005796791985630989,0.012391042022500187,770719744,0.875
2c24b5ea51298616,svhn,dropout,cnn,protocol-v3,0.6,0,2,2,303,0.005845375009812415,0.01240770798176527,770736128,0.84375
2c24b5ea51298616,svhn,dropout,cnn,protocol-v3,0.6,0,2,2,304,0.005829458008520305,0.012393457989674062,770736128,0.8515625
2c24b5ea51298616,svhn,dropout,cnn,protocol-v3,0.6,0,2,2,305,0.0058372910134494305,0.012357458006590605,770736128,0.9140625
2c24b5ea51298616,svhn,dropout,cnn,protocol-v3,0.6,0,2,2,306,0.005831375019624829,0.012388999981340021,770736128,0.8984375
2c24b5ea51298616,svhn,dropout,cnn,protocol-v3,0.6,0,2,2,307,0.005837583972606808,0.01238808297784999,770736128,0.8359375
2c24b5ea51298616,svhn,dropout,cnn,protocol-v3,0.6,0,2,2,308,0.0058452499797567725,0.012415583012625575,770736128,0.84375
2c24b5ea51298616,svhn,dropout,cnn,protocol-v3,0.6,0,2,2,309,0.005850916961207986,0.012399166997056454,770736128,0.890625
2c24b5ea51298616,svhn,dropout,cnn,protocol-v3,0.6,0,2,2,310,0.005829208006616682,0.012374042009469122,770736128,0.796875
2c24b5ea51298616,svhn,dropout,cnn,protocol-v3,0.6,0,2,2,311,0.005804083019029349,0.012406124966219068,770736128,0.8515625
2c24b5ea51298616,svhn,dropout,cnn,protocol-v3,0.6,0,2,2,312,0.005807415989693254,0.012355875049252063,770736128,0.859375
2c24b5ea51298616,svhn,dropout,cnn,protocol-v3,0.6,0,2,2,313,0.005829165980685502,0.012383958033751696,770736128,0.921875
2c24b5ea51298616,svhn,dropout,cnn,protocol-v3,0.6,0,2,2,314,0.0058351249899715185,0.012356124992948025,770736128,0.890625
2c24b5ea51298616,svhn,dropout,cnn,protocol-v3,0.6,0,2,2,315,0.005869749991688877,0.012368333991616964,770736128,0.875
2c24b5ea51298616,svhn,dropout,cnn,protocol-v3,0.6,0,2,2,316,0.005834000010509044,0.012427083973307163,772325376,0.921875
2c24b5ea51298616,svhn,dropout,cnn,protocol-v3,0.6,0,2,2,317,0.0060005419654771686,0.012557625013869256,772325376,0.8671875
2c24b5ea51298616,svhn,dropout,cnn,protocol-v3,0.6,0,2,2,318,0.005839333985932171,0.012405374960508198,772325376,0.859375
2c24b5ea51298616,svhn,dropout,cnn,protocol-v3,0.6,0,2,2,319,0.005858791992068291,0.012372749974019825,772341760,0.8359375
2c24b5ea51298616,svhn,dropout,cnn,protocol-v3,0.6,0,2,2,320,0.005833750008605421,0.012431416020262986,772341760,0.875
2c24b5ea51298616,svhn,dropout,cnn,protocol-v3,0.6,0,2,2,321,0.005853083974216133,0.012401124986354262,772341760,0.796875
2c24b5ea51298616,svhn,dropout,cnn,protocol-v3,0.6,0,2,2,322,0.00581283395877108,0.012359874963294715,772341760,0.828125
2c24b5ea51298616,svhn,dropout,cnn,protocol-v3,0.6,0,2,2,323,0.005857083015143871,0.012408166949171573,772341760,0.8515625
2c24b5ea51298616,svhn,dropout,cnn,protocol-v3,0.6,0,2,2,324,0.00584125000750646,0.012419541017152369,772358144,0.875
2c24b5ea51298616,svhn,dropout,cnn,protocol-v3,0.6,0,2,2,325,0.005845458013936877,0.012381833977997303,772358144,0.8515625
2c24b5ea51298616,svhn,dropout,cnn,protocol-v3,0.6,0,2,2,326,0.005840875033754855,0.012388458009809256,772358144,0.90625
2c24b5ea51298616,svhn,dropout,cnn,protocol-v3,0.6,0,2,2,327,0.0058228750131092966,0.012371167016681284,772358144,0.8828125
2c24b5ea51298616,svhn,dropout,cnn,protocol-v3,0.6,0,2,2,328,0.005829291010741144,0.012381375010591,772374528,0.890625
2c24b5ea51298616,svhn,dropout,cnn,protocol-v3,0.6,0,2,2,329,0.0058572079869918525,0.01235258299857378,772374528,0.890625
2c24b5ea51298616,svhn,dropout,cnn,protocol-v3,0.6,0,2,2,330,0.0058134160353802145,0.012413625023327768,772374528,0.8984375
2c24b5ea51298616,svhn,dropout,cnn,protocol-v3,0.6,0,2,2,331,0.005827290995512158,0.012413999997079372,772374528,0.8984375
2c24b5ea51298616,svhn,dropout,cnn,protocol-v3,0.6,0,2,2,332,0.005843624996487051,0.012365332979243249,772374528,0.890625
2c24b5ea51298616,svhn,dropout,cnn,protocol-v3,0.6,0,2,2,333,0.0058412919752299786,0.012364624999463558,772374528,0.8984375
2c24b5ea51298616,svhn,dropout,cnn,protocol-v3,0.6,0,2,2,334,0.0058262919774279,0.012374292011372745,772374528,0.8671875
2c24b5ea51298616,svhn,dropout,cnn,protocol-v3,0.6,0,2,2,335,0.005834958050400019,0.012372875004075468,772374528,0.90625
2c24b5ea51298616,svhn,dropout,cnn,protocol-v3,0.6,0,2,2,336,0.005860999983269721,0.012441999977454543,772374528,0.8515625
2c24b5ea51298616,svhn,dropout,cnn,protocol-v3,0.6,0,2,2,337,0.005821999977342784,0.012391959025990218,772374528,0.8671875
2c24b5ea51298616,svhn,dropout,cnn,protocol-v3,0.6,0,2,2,338,0.005807375011499971,0.0124235829571262,772374528,0.8828125
2c24b5ea51298616,svhn,dropout,cnn,protocol-v3,0.6,0,2,2,339,0.005826624983455986,0.012354457983747125,772390912,0.8828125
2c24b5ea51298616,svhn,dropout,cnn,protocol-v3,0.6,0,2,2,340,0.005817457975354046,0.012364332971628755,772390912,0.859375
2c24b5ea51298616,svhn,dropout,cnn,protocol-v3,0.6,0,2,2,341,0.005872667010407895,0.012411791016347706,772390912,0.890625
2c24b5ea51298616,svhn,dropout,cnn,protocol-v3,0.6,0,2,2,342,0.005841417005285621,0.012403000029735267,772390912,0.859375
2c24b5ea51298616,svhn,dropout,cnn,protocol-v3,0.6,0,2,2,343,0.005858208052814007,0.012385333015117794,772390912,0.890625
2c24b5ea51298616,svhn,dropout,cnn,protocol-v3,0.6,0,2,2,344,0.005822959006763995,0.012391041964292526,772407296,0.890625
2c24b5ea51298616,svhn,dropout,cnn,protocol-v3,0.6,0,2,2,345,0.005825333995744586,0.01234120799927041,772407296,0.8828125
2c24b5ea51298616,svhn,dropout,cnn,protocol-v3,0.6,0,2,2,346,0.0058312080218456686,0.012385540991090238,772407296,0.8828125
2c24b5ea51298616,svhn,dropout,cnn,protocol-v3,0.6,0,2,2,347,0.0058282079990021884,0.012391917000059038,772407296,0.84375
2c24b5ea51298616,svhn,dropout,cnn,protocol-v3,0.6,0,2,2,348,0.005822500039357692,0.012386124988552183,772407296,0.8203125
2c24b5ea51298616,svhn,dropout,cnn,protocol-v3,0.6,0,2,2,349,0.00580516696209088,0.012366959010250866,772407296,0.8671875
2c24b5ea51298616,svhn,dropout,cnn,protocol-v3,0.6,0,2,2,350,0.00583058298798278,0.012390249990858138,772407296,0.875
2c24b5ea51298616,svhn,dropout,cnn,protocol-v3,0.6,0,2,2,351,0.005834749958012253,0.012379041989333928,772423680,0.8828125
2c24b5ea51298616,svhn,dropout,cnn,protocol-v3,0.6,0,2,2,352,0.005826583015732467,0.012340540997684002,772423680,0.9296875
2c24b5ea51298616,svhn,dropout,cnn,protocol-v3,0.6,0,2,2,353,0.005841583013534546,0.012365917034912854,772423680,0.9140625
2c24b5ea51298616,svhn,dropout,cnn,protocol-v3,0.6,0,2,2,354,0.00582237500930205,0.012420333980116993,772423680,0.890625
2c24b5ea51298616,svhn,dropout,cnn,protocol-v3,0.6,0,2,2,355,0.005863874976057559,0.01246870803879574,772440064,0.8671875
2c24b5ea51298616,svhn,dropout,cnn,protocol-v3,0.6,0,2,2,356,0.005824125022627413,0.012363540998194367,772440064,0.859375
2c24b5ea51298616,svhn,dropout,cnn,protocol-v3,0.6,0,2,2,357,0.0058350839535705745,0.012419042002875358,772440064,0.8515625
2c24b5ea51298616,svhn,dropout,cnn,protocol-v3,0.6,0,2,2,358,0.005870708962902427,0.01242366700898856,772440064,0.8671875
2c24b5ea51298616,svhn,dropout,cnn,protocol-v3,0.6,0,2,2,359,0.005843541992362589,0.012415250006597489,772440064,0.8203125
2c24b5ea51298616,svhn,dropout,cnn,protocol-v3,0.6,0,2,2,360,0.005869959015399218,0.012428958027157933,772440064,0.8359375
2c24b5ea51298616,svhn,dropout,cnn,protocol-v3,0.6,0,2,2,361,0.005860249977558851,0.012411999981850386,772456448,0.875
2c24b5ea51298616,svhn,dropout,cnn,protocol-v3,0.6,0,2,2,362,0.005836250027641654,0.012401167012285441,772456448,0.875
2c24b5ea51298616,svhn,dropout,cnn,protocol-v3,0.6,0,2,2,363,0.005864999955520034,0.012364083027932793,772456448,0.8828125
2c24b5ea51298616,svhn,dropout,cnn,protocol-v3,0.6,0,2,2,364,0.005830250040162355,0.01240116695407778,772456448,0.921875
2c24b5ea51298616,svhn,dropout,cnn,protocol-v3,0.6,0,2,2,365,0.005839375022333115,0.01253541698679328,772456448,0.8984375
2c24b5ea51298616,svhn,dropout,cnn,protocol-v3,0.6,0,2,2,366,0.005854415998328477,0.01240341697121039,772456448,0.9140625
2c24b5ea51298616,svhn,dropout,cnn,protocol-v3,0.6,0,2,2,367,0.005832750000990927,0.012409124989062548,772456448,0.84375
2c24b5ea51298616,svhn,dropout,cnn,protocol-v3,0.6,0,2,2,368,0.0058267919812351465,0.012424666027072817,772456448,0.9296875
2c24b5ea51298616,svhn,dropout,cnn,protocol-v3,0.6,0,2,2,369,0.0058328749728389084,0.012407291971612722,772456448,0.8671875
2c24b5ea51298616,svhn,dropout,cnn,protocol-v3,0.6,0,2,2,370,0.005843624996487051,0.012395915982779115,772456448,0.921875
2c24b5ea51298616,svhn,dropout,cnn,protocol-v3,0.6,0,2,2,371,0.005828541005030274,0.012368249997962266,772456448,0.9296875
2c24b5ea51298616,svhn,dropout,cnn,protocol-v3,0.6,0,2,2,372,0.005817542027216405,0.012403833970893174,772456448,0.890625
2c24b5ea51298616,svhn,dropout,cnn,protocol-v3,0.6,0,2,2,373,0.005858499964233488,0.012401290994603187,772505600,0.8828125
2c24b5ea51298616,svhn,dropout,cnn,protocol-v3,0.6,0,2,2,374,0.0059048340190202,0.012403750035446137,772505600,0.890625
2c24b5ea51298616,svhn,dropout,cnn,protocol-v3,0.6,0,2,2,375,0.0058557079755701125,0.012387749971821904,772505600,0.8984375
2c24b5ea51298616,svhn,dropout,cnn,protocol-v3,0.6,0,2,2,376,0.005817707977257669,0.01239483297104016,772505600,0.859375
2c24b5ea51298616,svhn,dropout,cnn,protocol-v3,0.6,0,2,2,377,0.005837082979269326,0.012370790995191783,772505600,0.859375
2c24b5ea51298616,svhn,dropout,cnn,protocol-v3,0.6,0,2,2,378,0.00583824998466298,0.012403167027514428,772505600,0.828125
2c24b5ea51298616,svhn,dropout,cnn,protocol-v3,0.6,0,2,2,379,0.0058372499770484865,0.012390042014885694,772505600,0.875
2c24b5ea51298616,svhn,dropout,cnn,protocol-v3,0.6,0,2,2,380,0.005815832992084324,0.012367624964099377,772505600,0.875
2c24b5ea51298616,svhn,dropout,cnn,protocol-v3,0.6,0,2,2,381,0.005852249974850565,0.012406125024426728,772505600,0.875
2c24b5ea51298616,svhn,dropout,cnn,protocol-v3,0.6,0,2,2,382,0.005814459000248462,0.012373291014228016,772505600,0.8359375
2c24b5ea51298616,svhn,dropout,cnn,protocol-v3,0.6,0,2,2,383,0.005824875028338283,0.012333250022493303,772521984,0.828125
2c24b5ea51298616,svhn,dropout,cnn,protocol-v3,0.6,0,2,2,384,0.005815042008180171,0.01234458398539573,772521984,0.84375
2c24b5ea51298616,svhn,dropout,cnn,protocol-v3,0.6,0,2,2,385,0.005837707954924554,0.012322083057370037,772521984,0.84375
2c24b5ea51298616,svhn,dropout,cnn,protocol-v3,0.6,0,2,2,386,0.005837207951117307,0.012356000021100044,772521984,0.8984375
2c24b5ea51298616,svhn,dropout,cnn,protocol-v3,0.6,0,2,2,387,0.0058195830206386745,0.012411749979946762,772521984,0.8984375
2c24b5ea51298616,svhn,dropout,cnn,protocol-v3,0.6,0,2,2,388,0.005844708997756243,0.01241837500128895,772521984,0.8828125
2c24b5ea51298616,svhn,dropout,cnn,protocol-v3,0.6,0,2,2,389,0.005831875023432076,0.012389167037326843,772521984,0.84375
2c24b5ea51298616,svhn,dropout,cnn,protocol-v3,0.6,0,2,2,390,0.0058271249872632325,0.012431166949681938,772521984,0.875
2c24b5ea51298616,svhn,dropout,cnn,protocol-v3,0.6,0,2,2,391,0.00590833299793303,0.012402582971844822,772521984,0.890625
2c24b5ea51298616,svhn,dropout,cnn,protocol-v3,0.6,0,2,2,392,0.005861249985173345,0.012400167004670948,772521984,0.890625
2c24b5ea51298616,svhn,dropout,cnn,protocol-v3,0.6,0,2,2,393,0.005735708051361144,0.01241370796924457,772538368,0.828125
2c24b5ea51298616,svhn,dropout,cnn,protocol-v3,0.6,0,2,2,394,0.00581695802975446,0.012412291020154953,772538368,0.8671875
2c24b5ea51298616,svhn,dropout,cnn,protocol-v3,0.6,0,2,2,395,0.005823915998917073,0.012397582991980016,772538368,0.9296875
2c24b5ea51298616,svhn,dropout,cnn,protocol-v3,0.6,0,2,2,396,0.005911249958444387,0.012419916980434209,772538368,0.8984375
2c24b5ea51298616,svhn,dropout,cnn,protocol-v3,0.6,0,2,2,397,0.005823624960612506,0.01234795805066824,772538368,0.875
2c24b5ea51298616,svhn,dropout,cnn,protocol-v3,0.6,0,2,2,398,0.005819334008265287,0.012383957975544035,772538368,0.8671875
2c24b5ea51298616,svhn,dropout,cnn,protocol-v3,0.6,0,2,2,399,0.00586479197954759,0.012408040987793356,772554752,0.84375
2c24b5ea51298616,svhn,dropout,cnn,protocol-v3,0.6,0,2,2,400,0.005838625016622245,0.012381666980218142,772554752,0.890625
2c24b5ea51298616,svhn,dropout,cnn,protocol-v3,0.6,0,2,2,401,0.005824292020406574,0.012378041981719434,772554752,0.9296875
2c24b5ea51298616,svhn,dropout,cnn,protocol-v3,0.6,0,2,2,402,0.005859084019903094,0.012588166981004179,772554752,0.90625
2c24b5ea51298616,svhn,dropout,cnn,protocol-v3,0.6,0,2,2,403,0.005812083021737635,0.012412915995810181,772554752,0.890625
2c24b5ea51298616,svhn,dropout,cnn,protocol-v3,0.6,0,2,2,404,0.0058228339767083526,0.012428166985046118,772554752,0.9140625
2c24b5ea51298616,svhn,dropout,cnn,protocol-v3,0.6,0,2,2,405,0.005791291012428701,0.012321292015258223,772554752,0.890625
2c24b5ea51298616,svhn,dropout,cnn,protocol-v3,0.6,0,2,2,406,0.005823083978611976,0.012405791960190982,772571136,0.8359375
2c24b5ea51298616,svhn,dropout,cnn,protocol-v3,0.6,0,2,2,407,0.005847749998793006,0.012381250038743019,772571136,0.8046875
2c24b5ea51298616,svhn,dropout,cnn,protocol-v3,0.6,0,2,2,408,0.005820040998514742,0.012373834033496678,772571136,0.859375
2c24b5ea51298616,svhn,dropout,cnn,protocol-v3,0.6,0,2,2,409,0.005853999988175929,0.01260608300799504,772571136,0.859375
2c24b5ea51298616,svhn,dropout,cnn,protocol-v3,0.6,0,2,2,410,0.005822583043482155,0.01233916700584814,772587520,0.921875
2c24b5ea51298616,svhn,dropout,cnn,protocol-v3,0.6,0,2,2,411,0.005813167023006827,0.012405250046867877,772587520,0.8203125
2c24b5ea51298616,svhn,dropout,cnn,protocol-v3,0.6,0,2,2,412,0.005851374997291714,0.012422416999470443,772587520,0.84375
2c24b5ea51298616,svhn,dropout,cnn,protocol-v3,0.6,0,2,2,413,0.005831540969666094,0.01234512502560392,772587520,0.84375
2c24b5ea51298616,svhn,dropout,cnn,protocol-v3,0.6,0,2,2,414,0.005822625011205673,0.012362417008262128,772587520,0.859375
2c24b5ea51298616,svhn,dropout,cnn,protocol-v3,0.6,0,2,2,415,0.005812292045447975,0.012414166005328298,772587520,0.8828125
2c24b5ea51298616,svhn,dropout,cnn,protocol-v3,0.6,0,2,2,416,0.005885165999643505,0.012376457976642996,772603904,0.8828125
2c24b5ea51298616,svhn,dropout,cnn,protocol-v3,0.6,0,2,2,417,0.005785416986327618,0.012314916995819658,772603904,0.9140625
2c24b5ea51298616,svhn,dropout,cnn,protocol-v3,0.6,0,2,2,418,0.005800625018309802,0.012353583995718509,772603904,0.828125
2c24b5ea51298616,svhn,dropout,cnn,protocol-v3,0.6,0,2,2,419,0.005842709040734917,0.012409457995090634,772603904,0.8515625
2c24b5ea51298616,svhn,dropout,cnn,protocol-v3,0.6,0,2,2,420,0.005964084004517645,0.012373915989883244,772603904,0.8359375
2c24b5ea51298616,svhn,dropout,cnn,protocol-v3,0.6,0,2,2,421,0.005855041032191366,0.012407874979544431,772603904,0.8984375
2c24b5ea51298616,svhn,dropout,cnn,protocol-v3,0.6,0,2,2,422,0.005843708000611514,0.012439707992598414,772603904,0.8671875
2c24b5ea51298616,svhn,dropout,cnn,protocol-v3,0.6,0,2,2,423,0.005838916986249387,0.012400000006891787,772603904,0.8671875
2c24b5ea51298616,svhn,dropout,cnn,protocol-v3,0.6,0,2,2,424,0.005835791991557926,0.012428417045157403,772603904,0.921875
2c24b5ea51298616,svhn,dropout,cnn,protocol-v3,0.6,0,2,2,425,0.005825250002089888,0.012418333033565432,772603904,0.875
2c24b5ea51298616,svhn,dropout,cnn,protocol-v3,0.6,0,2,2,426,0.005852999980561435,0.012412292009685189,772603904,0.8984375
2c24b5ea51298616,svhn,dropout,cnn,protocol-v3,0.6,0,2,2,427,0.005855459021404386,0.012399959028698504,772603904,0.859375
2c24b5ea51298616,svhn,dropout,cnn,protocol-v3,0.6,0,2,2,428,0.005815708020236343,0.012434084026608616,772603904,0.9140625
2c24b5ea51298616,svhn,dropout,cnn,protocol-v3,0.6,0,2,2,429,0.005812542047351599,0.012384583009406924,772603904,0.8828125
2c24b5ea51298616,svhn,dropout,cnn,protocol-v3,0.6,0,2,2,430,0.005839875026140362,0.012479124998208135,772603904,0.8515625
2c24b5ea51298616,svhn,dropout,cnn,protocol-v3,0.6,0,2,2,431,0.005852792004588991,0.012409749964717776,772603904,0.90625
2c24b5ea51298616,svhn,dropout,cnn,protocol-v3,0.6,0,2,2,432,0.005833833012729883,0.012401415966451168,772603904,0.9296875
2c24b5ea51298616,svhn,dropout,cnn,protocol-v3,0.6,0,2,2,433,0.005823625018820167,0.012418500031344593,772603904,0.8359375
2c24b5ea51298616,svhn,dropout,cnn,protocol-v3,0.6,0,2,2,434,0.005816792021505535,0.012423374981153756,772620288,0.8984375
2c24b5ea51298616,svhn,dropout,cnn,protocol-v3,0.6,0,2,2,435,0.005829749978147447,0.01241670799208805,772620288,0.8828125
2c24b5ea51298616,svhn,dropout,cnn,protocol-v3,0.6,0,2,2,436,0.005820749967824668,0.012422207975760102,772636672,0.8359375
2c24b5ea51298616,svhn,dropout,cnn,protocol-v3,0.6,0,2,2,437,0.005840666999574751,0.012402166030369699,772636672,0.8828125
2c24b5ea51298616,svhn,dropout,cnn,protocol-v3,0.6,0,2,2,438,0.005830125010106713,0.01242662500590086,772636672,0.8359375
2c24b5ea51298616,svhn,dropout,cnn,protocol-v3,0.6,0,2,2,439,0.005868624954018742,0.01241091697011143,772636672,0.8125
2c24b5ea51298616,svhn,dropout,cnn,protocol-v3,0.6,0,2,2,440,0.005836583964992315,0.012412874959409237,772636672,0.8671875
2c24b5ea51298616,svhn,dropout,cnn,protocol-v3,0.6,0,2,2,441,0.00583058298798278,0.012424207990989089,772636672,0.8359375
2c24b5ea51298616,svhn,dropout,cnn,protocol-v3,0.6,0,2,2,442,0.005838833982124925,0.01239129202440381,772636672,0.9140625
2c24b5ea51298616,svhn,dropout,cnn,protocol-v3,0.6,0,2,2,443,0.0057829589932225645,0.01239945797715336,772636672,0.8671875
2c24b5ea51298616,svhn,dropout,cnn,protocol-v3,0.6,0,2,2,444,0.00581395800691098,0.012439749960321933,772636672,0.890625
2c24b5ea51298616,svhn,dropout,cnn,protocol-v3,0.6,0,2,2,445,0.005847833992447704,0.012414459022693336,772636672,0.9375
2c24b5ea51298616,svhn,dropout,cnn,protocol-v3,0.6,0,2,2,446,0.005855540977790952,0.01236100000096485,772636672,0.859375
2c24b5ea51298616,svhn,dropout,cnn,protocol-v3,0.6,0,2,2,447,0.005860249977558851,0.012421999999787658,772636672,0.890625
2c24b5ea51298616,svhn,dropout,cnn,protocol-v3,0.6,0,2,2,448,0.0059049580013379455,0.01243220898322761,772636672,0.9296875
2c24b5ea51298616,svhn,dropout,cnn,protocol-v3,0.6,0,2,2,449,0.005862916994374245,0.012542209005914629,772636672,0.8515625
2c24b5ea51298616,svhn,dropout,cnn,protocol-v3,0.6,0,2,2,450,0.005825707979965955,0.012344708025921136,772636672,0.875
2c24b5ea51298616,svhn,dropout,cnn,protocol-v3,0.6,0,2,2,451,0.005872207984793931,0.012409416027367115,772636672,0.875
2c24b5ea51298616,svhn,dropout,cnn,protocol-v3,0.6,0,2,2,452,0.005882958008442074,0.012454333016648889,772636672,0.8671875
2c24b5ea51298616,svhn,dropout,cnn,protocol-v3,0.6,0,2,2,453,0.005884417041670531,0.01241745799779892,772636672,0.8671875
2c24b5ea51298616,svhn,dropout,cnn,protocol-v3,0.6,0,2,2,454,0.005845958017744124,0.012479208002332598,772636672,0.90625
2c24b5ea51298616,svhn,dropout,cnn,protocol-v3,0.6,0,2,2,455,0.005844375002197921,0.012416333018336445,772636672,0.90625
2c24b5ea51298616,svhn,dropout,cnn,protocol-v3,0.6,0,2,2,456,0.005864708044100553,0.012404999986756593,772653056,0.8984375
2c24b5ea51298616,svhn,dropout,cnn,protocol-v3,0.6,0,2,2,457,0.005862083053216338,0.012432083021849394,772653056,0.90625
2c24b5ea51298616,svhn,dropout,cnn,protocol-v3,0.6,0,2,2,458,0.0058767920127138495,0.012421125022228807,772653056,0.921875
2c24b5ea51298616,svhn,dropout,cnn,protocol-v3,0.6,0,2,2,459,0.005865833023563027,0.012461457983590662,772669440,0.84375
2c24b5ea51298616,svhn,dropout,cnn,protocol-v3,0.6,0,2,2,460,0.005783499975223094,0.012387957947794348,772669440,0.8671875
2c24b5ea51298616,svhn,dropout,cnn,protocol-v3,0.6,0,2,2,461,0.005790374998468906,0.012407666014041752,772669440,0.8515625
2c24b5ea51298616,svhn,dropout,cnn,protocol-v3,0.6,0,2,2,462,0.005854042014107108,0.012423875043168664,772669440,0.8046875
2c24b5ea51298616,svhn,dropout,cnn,protocol-v3,0.6,0,2,2,463,0.0058737919898703694,0.012405916000716388,772669440,0.84375
2c24b5ea51298616,svhn,dropout,cnn,protocol-v3,0.6,0,2,2,464,0.005869708023965359,0.01240791694726795,772669440,0.8984375
2c24b5ea51298616,svhn,dropout,cnn,protocol-v3,0.6,0,2,2,465,0.005859291995875537,0.012419999984558672,772669440,0.8359375
2c24b5ea51298616,svhn,dropout,cnn,protocol-v3,0.6,0,2,2,466,0.005868915992323309,0.012363209039904177,772669440,0.859375
2c24b5ea51298616,svhn,dropout,cnn,protocol-v3,0.6,0,2,2,467,0.00585412496002391,0.012414874974638224,772669440,0.9296875
2c24b5ea51298616,svhn,dropout,cnn,protocol-v3,0.6,0,2,2,468,0.005870791035704315,0.012544125027488917,772669440,0.8828125
2c24b5ea51298616,svhn,dropout,cnn,protocol-v3,0.6,0,2,2,469,0.005871957982890308,0.012421665946021676,772669440,0.828125
2c24b5ea51298616,svhn,dropout,cnn,protocol-v3,0.6,0,2,2,470,0.005917750007938594,0.012496416980866343,772669440,0.8671875
2c24b5ea51298616,svhn,dropout,cnn,protocol-v3,0.6,0,2,2,471,0.0057909159804694355,0.012422916013747454,772669440,0.8671875
2c24b5ea51298616,svhn,dropout,cnn,protocol-v3,0.6,0,2,2,472,0.005820541991852224,0.012419042002875358,772669440,0.890625
2c24b5ea51298616,svhn,dropout,cnn,protocol-v3,0.6,0,2,2,473,0.005898041999898851,0.012396375008393079,772669440,0.875
2c24b5ea51298616,svhn,dropout,cnn,protocol-v3,0.6,0,2,2,474,0.005816082993987948,0.012373042001854628,772685824,0.890625
2c24b5ea51298616,svhn,dropout,cnn,protocol-v3,0.6,0,2,2,475,0.005824957974255085,0.012440207996405661,772702208,0.890625
2c24b5ea51298616,svhn,dropout,cnn,protocol-v3,0.6,0,2,2,476,0.0057895000209100544,0.012353583006188273,772702208,0.8515625
2c24b5ea51298616,svhn,dropout,cnn,protocol-v3,0.6,0,2,2,477,0.005786040972452611,0.012330625031609088,772718592,0.8515625
2c24b5ea51298616,svhn,dropout,cnn,protocol-v3,0.6,0,2,2,478,0.005803708976600319,0.012353875034023076,772718592,0.90625
2c24b5ea51298616,svhn,dropout,cnn,protocol-v3,0.6,0,2,2,479,0.005844916042406112,0.012325582967605442,772751360,0.8984375
2c24b5ea51298616,svhn,dropout,cnn,protocol-v3,0.6,0,2,2,480,0.0057912920019589365,0.012344333052169532,772751360,0.890625
2c24b5ea51298616,svhn,dropout,cnn,protocol-v3,0.6,0,2,2,481,0.0057847920106723905,0.01233166694873944,772751360,0.8515625
2c24b5ea51298616,svhn,dropout,cnn,protocol-v3,0.6,0,2,2,482,0.005803375039249659,0.012429333990439773,772751360,0.859375
2c24b5ea51298616,svhn,dropout,cnn,protocol-v3,0.6,0,2,2,483,0.005788999958895147,0.012328166980296373,772751360,0.8671875
2c24b5ea51298616,svhn,dropout,cnn,protocol-v3,0.6,0,2,2,484,0.005793791962787509,0.01236624998273328,772751360,0.8984375
2c24b5ea51298616,svhn,dropout,cnn,protocol-v3,0.6,0,2,2,485,0.0057721249759197235,0.012336999992839992,772767744,0.875
2c24b5ea51298616,svhn,dropout,cnn,protocol-v3,0.6,0,2,2,486,0.005801499995868653,0.012361957982648164,772767744,0.9296875
2c24b5ea51298616,svhn,dropout,cnn,protocol-v3,0.6,0,2,2,487,0.005848291970323771,0.012374832993373275,772767744,0.859375
2c24b5ea51298616,svhn,dropout,cnn,protocol-v3,0.6,0,2,2,488,0.00580370903480798,0.012323500006459653,772767744,0.890625
2c24b5ea51298616,svhn,dropout,cnn,protocol-v3,0.6,0,2,2,489,0.005793499993160367,0.012388165981974453,772767744,0.859375
2c24b5ea51298616,svhn,dropout,cnn,protocol-v3,0.6,0,2,2,490,0.005809625028632581,0.012369333009701222,772767744,0.90625
2c24b5ea51298616,svhn,dropout,cnn,protocol-v3,0.6,0,2,2,491,0.005833917006384581,0.012351624958682805,772767744,0.84375
2c24b5ea51298616,svhn,dropout,cnn,protocol-v3,0.6,0,2,2,492,0.005819125042762607,0.012350875011179596,772767744,0.875
2c24b5ea51298616,svhn,dropout,cnn,protocol-v3,0.6,0,2,2,493,0.005874374997802079,0.012367333984002471,772784128,0.921875
2c24b5ea51298616,svhn,dropout,cnn,protocol-v3,0.6,0,2,2,494,0.005864917009603232,0.012361874978523701,772784128,0.8203125
2c24b5ea51298616,svhn,dropout,cnn,protocol-v3,0.6,0,2,2,495,0.005765874986536801,0.012369416013825685,772784128,0.890625
2c24b5ea51298616,svhn,dropout,cnn,protocol-v3,0.6,0,2,2,496,0.005782708001788706,0.012360875029116869,772784128,0.8515625
2c24b5ea51298616,svhn,dropout,cnn,protocol-v3,0.6,0,2,2,497,0.005809124966617674,0.01232924999203533,772784128,0.90625
2c24b5ea51298616,svhn,dropout,cnn,protocol-v3,0.6,0,2,2,498,0.005782124993856996,0.012379041989333928,772784128,0.9140625
2c24b5ea51298616,svhn,dropout,cnn,protocol-v3,0.6,0,2,2,499,0.005812292045447975,0.012346333998721093,772784128,0.8828125
2c24b5ea51298616,svhn,dropout,cnn,protocol-v3,0.6,0,2,2,500,0.005785958026535809,0.012339915963821113,772800512,0.890625
2c24b5ea51298616,svhn,dropout,cnn,protocol-v3,0.6,0,2,2,501,0.005831249989569187,0.012342458008788526,772800512,0.90625
2c24b5ea51298616,svhn,dropout,cnn,protocol-v3,0.6,0,2,2,502,0.005789707996882498,0.012322375026997179,772800512,0.890625
2c24b5ea51298616,svhn,dropout,cnn,protocol-v3,0.6,0,2,2,503,0.005824416992254555,0.012365708011202514,772800512,0.90625
2c24b5ea51298616,svhn,dropout,cnn,protocol-v3,0.6,0,2,2,504,0.005822000035550445,0.012374999991152436,772800512,0.875
2c24b5ea51298616,svhn,dropout,cnn,protocol-v3,0.6,0,2,2,505,0.005805084016174078,0.012453250004909933,772800512,0.859375
2c24b5ea51298616,svhn,dropout,cnn,protocol-v3,0.6,0,2,2,506,0.005893666995689273,0.012515084003098309,772800512,0.859375
2c24b5ea51298616,svhn,dropout,cnn,protocol-v3,0.6,0,2,2,507,0.00577733397949487,0.012391625030431896,772800512,0.84375
2c24b5ea51298616,svhn,dropout,cnn,protocol-v3,0.6,0,2,2,508,0.005781166022643447,0.012349541997537017,772800512,0.9140625
2c24b5ea51298616,svhn,dropout,cnn,protocol-v3,0.6,0,2,2,509,0.005800209008157253,0.01240604097256437,772800512,0.9375
2c24b5ea51298616,svhn,dropout,cnn,protocol-v3,0.6,0,2,2,510,0.005793375021312386,0.012332084006629884,772800512,0.8515625
2c24b5ea51298616,svhn,dropout,cnn,protocol-v3,0.6,0,2,2,511,0.005787917005363852,0.012354834005236626,772800512,0.90625
2c24b5ea51298616,svhn,dropout,cnn,protocol-v3,0.6,0,2,2,512,0.005832666007336229,0.012395666970405728,772800512,0.90625
2c24b5ea51298616,svhn,dropout,cnn,protocol-v3,0.6,0,2,2,513,0.0057783329975791276,0.012327249976806343,772800512,0.8984375
2c24b5ea51298616,svhn,dropout,cnn,protocol-v3,0.6,0,2,2,514,0.0057996659888885915,0.012317624990828335,772800512,0.890625
2c24b5ea51298616,svhn,dropout,cnn,protocol-v3,0.6,0,2,2,515,0.005806957953609526,0.012387958006002009,772800512,0.8984375
2c24b5ea51298616,svhn,dropout,cnn,protocol-v3,0.6,0,2,2,516,0.005780833016615361,0.012340207991655916,772800512,0.875
2c24b5ea51298616,svhn,dropout,cnn,protocol-v3,0.6,0,2,2,517,0.005902040982618928,0.012331791978795081,772800512,0.84375
2c24b5ea51298616,svhn,dropout,cnn,protocol-v3,0.6,0,2,2,518,0.0058630420244298875,0.012369333009701222,772800512,0.84375
2c24b5ea51298616,svhn,dropout,cnn,protocol-v3,0.6,0,2,2,519,0.005784166976809502,0.012363291985820979,772800512,0.8828125
2c24b5ea51298616,svhn,dropout,cnn,protocol-v3,0.6,0,2,2,520,0.005790084018371999,0.012411499978043139,772800512,0.921875
2c24b5ea51298616,svhn,dropout,cnn,protocol-v3,0.6,0,2,2,521,0.005797749967314303,0.012381082982756197,772800512,0.859375
2c24b5ea51298616,svhn,dropout,cnn,protocol-v3,0.6,0,2,2,522,0.005791708012111485,0.01234974997350946,772800512,0.8984375
2c24b5ea51298616,svhn,dropout,cnn,protocol-v3,0.6,0,2,2,523,0.005860499979462475,0.012339165958110243,772800512,0.8984375
2c24b5ea51298616,svhn,dropout,cnn,protocol-v3,0.6,0,2,2,524,0.00579995900625363,0.012440708000212908,772833280,0.8984375
2c24b5ea51298616,svhn,dropout,cnn,protocol-v3,0.6,0,2,2,525,0.00585116702131927,0.012583541974890977,772833280,0.921875
2c24b5ea51298616,svhn,dropout,cnn,protocol-v3,0.6,0,2,2,526,0.005827332963235676,0.012356958002783358,772833280,0.8984375
2c24b5ea51298616,svhn,dropout,cnn,protocol-v3,0.6,0,2,2,527,0.005777375015895814,0.012388041010126472,772833280,0.8671875
2c24b5ea51298616,svhn,dropout,cnn,protocol-v3,0.6,0,2,2,528,0.005859375,0.012438665959052742,772833280,0.828125
2c24b5ea51298616,svhn,dropout,cnn,protocol-v3,0.6,0,2,2,529,0.005834666022565216,0.012394583027344197,772833280,0.890625
2c24b5ea51298616,svhn,dropout,cnn,protocol-v3,0.6,0,2,2,530,0.00587058300152421,0.012422333005815744,772833280,0.875
2c24b5ea51298616,svhn,dropout,cnn,protocol-v3,0.6,0,2,2,531,0.005854832998011261,0.012413082993589342,772833280,0.890625
2c24b5ea51298616,svhn,dropout,cnn,protocol-v3,0.6,0,2,2,532,0.005805458000395447,0.01240620797034353,772833280,0.8046875
2c24b5ea51298616,svhn,dropout,cnn,protocol-v3,0.6,0,2,2,533,0.005809374968521297,0.012402417021803558,772833280,0.90625
2c24b5ea51298616,svhn,dropout,cnn,protocol-v3,0.6,0,2,2,534,0.005954209016636014,0.012396832986269146,772833280,0.875
2c24b5ea51298616,svhn,dropout,cnn,protocol-v3,0.6,0,2,2,535,0.005835917021613568,0.012412124953698367,772833280,0.84375
2c24b5ea51298616,svhn,dropout,cnn,protocol-v3,0.6,0,2,2,536,0.0058282079990021884,0.012432750023435801,772833280,0.921875
2c24b5ea51298616,svhn,dropout,cnn,protocol-v3,0.6,0,2,2,537,0.005847749998793006,0.012385374982841313,772833280,0.8203125
2c24b5ea51298616,svhn,dropout,cnn,protocol-v3,0.6,0,2,2,538,0.0058278749929741025,0.012377750012092292,772849664,0.90625
2c24b5ea51298616,svhn,dropout,cnn,protocol-v3,0.6,0,2,2,539,0.0058358340174891055,0.012411749979946762,772849664,0.859375
2c24b5ea51298616,svhn,dropout,cnn,protocol-v3,0.6,0,2,2,540,0.00585712498286739,0.012407333997543901,772849664,0.890625
2c24b5ea51298616,svhn,dropout,cnn,protocol-v3,0.6,0,2,2,541,0.005841667007189244,0.012427791021764278,772849664,0.8984375
2c24b5ea51298616,svhn,dropout,cnn,protocol-v3,0.6,0,2,2,542,0.005852000031154603,0.012425084016285837,772849664,0.890625
2c24b5ea51298616,svhn,dropout,cnn,protocol-v3,0.6,0,2,2,543,0.0058239169884473085,0.012399207975249738,772866048,0.90625
2c24b5ea51298616,svhn,dropout,cnn,protocol-v3,0.6,0,2,2,544,0.005851499969139695,0.012418625003192574,772866048,0.8359375
2c24b5ea51298616,svhn,dropout,cnn,protocol-v3,0.6,0,2,2,545,0.0058774579665623605,0.012398625025525689,772866048,0.828125
2c24b5ea51298616,svhn,dropout,cnn,protocol-v3,0.6,0,2,2,546,0.0058605000376701355,0.0124235829571262,772866048,0.90625
2c24b5ea51298616,svhn,dropout,cnn,protocol-v3,0.6,0,2,2,547,0.005807125009596348,0.012419458013027906,772866048,0.890625
2c24b5ea51298616,svhn,dropout,cnn,protocol-v3,0.6,0,2,2,548,0.00582441600272432,0.012369667005259544,772866048,0.8828125
2c24b5ea51298616,svhn,dropout,cnn,protocol-v3,0.6,0,2,2,549,0.005834208976011723,0.012401790998410434,772866048,0.828125
2c24b5ea51298616,svhn,dropout,cnn,protocol-v3,0.6,0,2,2,550,0.005815792013891041,0.012444957974366844,772866048,0.8828125
2c24b5ea51298616,svhn,dropout,cnn,protocol-v3,0.6,0,2,2,551,0.005871541041415185,0.012428792018909007,772866048,0.859375
2c24b5ea51298616,svhn,dropout,cnn,protocol-v3,0.6,0,2,2,552,0.005859124998096377,0.012422166008036584,772866048,0.8828125
2c24b5ea51298616,svhn,dropout,cnn,protocol-v3,0.6,0,2,2,553,0.005835624993778765,0.01240495900856331,772866048,0.8828125
2c24b5ea51298616,svhn,dropout,cnn,protocol-v3,0.6,0,2,2,554,0.0058408749755471945,0.012423000007402152,772866048,0.859375
2c24b5ea51298616,svhn,dropout,cnn,protocol-v3,0.6,0,2,2,555,0.005851041991263628,0.012413999997079372,772866048,0.890625
2c24b5ea51298616,svhn,dropout,cnn,protocol-v3,0.6,0,2,2,556,0.005861583980731666,0.01239879202330485,772866048,0.875
2c24b5ea51298616,svhn,dropout,cnn,protocol-v3,0.6,0,2,2,557,0.005872250010725111,0.012425417022313923,772866048,0.84375
2c24b5ea51298616,svhn,dropout,cnn,protocol-v3,0.6,0,2,2,558,0.005831666989251971,0.01240549999056384,772866048,0.8671875
2c24b5ea51298616,svhn,dropout,cnn,protocol-v3,0.6,0,2,2,559,0.005785082990769297,0.012396082980558276,772866048,0.8671875
2c24b5ea51298616,svhn,dropout,cnn,protocol-v3,0.6,0,2,2,560,0.005821165977977216,0.012361166998744011,772866048,0.8359375
2c24b5ea51298616,svhn,dropout,cnn,protocol-v3,0.6,0,2,2,561,0.005843208986334503,0.012403666973114014,772866048,0.9140625
2c24b5ea51298616,svhn,dropout,cnn,protocol-v3,0.6,0,2,2,562,0.0058605000376701355,0.012441249971743673,772882432,0.875
2c24b5ea51298616,svhn,dropout,cnn,protocol-v3,0.6,0,2,2,563,0.005929583043325692,0.012415875040460378,772898816,0.890625
2c24b5ea51298616,svhn,dropout,cnn,protocol-v3,0.6,0,2,2,564,0.005837749980855733,0.012398957973346114,772898816,0.8671875
2c24b5ea51298616,svhn,dropout,cnn,protocol-v3,0.6,0,2,2,565,0.005845459003467113,0.012413542019203305,772898816,0.90625
2c24b5ea51298616,svhn,dropout,cnn,protocol-v3,0.6,0,2,2,566,0.005864583014044911,0.01237633399432525,772898816,0.9296875
2c24b5ea51298616,svhn,dropout,cnn,protocol-v3,0.6,0,2,2,567,0.0058459999854676425,0.012376292026601732,772915200,0.859375
2c24b5ea51298616,svhn,dropout,cnn,protocol-v3,0.6,0,2,2,568,0.005819292040541768,0.012386665970552713,772915200,0.875
2c24b5ea51298616,svhn,dropout,cnn,protocol-v3,0.6,0,2,2,569,0.005894457979593426,0.012383957975544035,772931584,0.8359375
2c24b5ea51298616,svhn,dropout,cnn,protocol-v3,0.6,0,2,2,570,0.005827290995512158,0.012439167010597885,772931584,0.890625
2c24b5ea51298616,svhn,dropout,cnn,protocol-v3,0.6,0,2,2,571,0.005840666999574751,0.012449916044715792,772931584,0.890625
2c24b5ea51298616,svhn,dropout,cnn,protocol-v3,0.6,0,2,2,572,0.0024472089717164636,0.005221458966843784,773832704,0.8780487804878049
2c24b5ea51298616,svhn,dropout,cnn,protocol-v3,0.6,0,2,3,0,0.005848375032655895,0.012783833022695035,773898240,0.8828125
2c24b5ea51298616,svhn,dropout,cnn,protocol-v3,0.6,0,2,3,1,0.005919332965277135,0.012514417001511902,773898240,0.8984375
2c24b5ea51298616,svhn,dropout,cnn,protocol-v3,0.6,0,2,3,2,0.005843958002515137,0.012440167018212378,773914624,0.859375
2c24b5ea51298616,svhn,dropout,cnn,protocol-v3,0.6,0,2,3,3,0.005881792050786316,0.012443832994904369,773914624,0.8515625
2c24b5ea51298616,svhn,dropout,cnn,protocol-v3,0.6,0,2,3,4,0.005848375032655895,0.012414874974638224,773963776,0.875
2c24b5ea51298616,svhn,dropout,cnn,protocol-v3,0.6,0,2,3,5,0.005836374999489635,0.012393708049785346,773963776,0.8984375
2c24b5ea51298616,svhn,dropout,cnn,protocol-v3,0.6,0,2,3,6,0.005804083019029349,0.012372333032544702,773980160,0.921875
2c24b5ea51298616,svhn,dropout,cnn,protocol-v3,0.6,0,2,3,7,0.005810250004287809,0.012344874965492636,773980160,0.890625
2c24b5ea51298616,svhn,dropout,cnn,protocol-v3,0.6,0,2,3,8,0.0058094169944524765,0.012339833017904311,773980160,0.9140625
2c24b5ea51298616,svhn,dropout,cnn,protocol-v3,0.6,0,2,3,9,0.005861332989297807,0.012433958007022738,773980160,0.8515625
2c24b5ea51298616,svhn,dropout,cnn,protocol-v3,0.6,0,2,3,10,0.005781749961897731,0.01234908401966095,773980160,0.8828125
2c24b5ea51298616,svhn,dropout,cnn,protocol-v3,0.6,0,2,3,11,0.005837208998855203,0.012446874985471368,773980160,0.8828125
2c24b5ea51298616,svhn,dropout,cnn,protocol-v3,0.6,0,2,3,12,0.005814584030304104,0.012335249979514629,773980160,0.90625
2c24b5ea51298616,svhn,dropout,cnn,protocol-v3,0.6,0,2,3,13,0.005830832989886403,0.012410625000484288,773980160,0.90625
2c24b5ea51298616,svhn,dropout,cnn,protocol-v3,0.6,0,2,3,14,0.005799040955025703,0.012341667024884373,773980160,0.875
2c24b5ea51298616,svhn,dropout,cnn,protocol-v3,0.6,0,2,3,15,0.005781249958090484,0.012362583016511053,773980160,0.890625
2c24b5ea51298616,svhn,dropout,cnn,protocol-v3,0.6,0,2,3,16,0.005796833022031933,0.012350416975095868,773980160,0.890625
2c24b5ea51298616,svhn,dropout,cnn,protocol-v3,0.6,0,2,3,17,0.005785083048976958,0.012377290986478329,774012928,0.8671875
2c24b5ea51298616,svhn,dropout,cnn,protocol-v3,0.6,0,2,3,18,0.005798917030915618,0.012304333969950676,774012928,0.890625
2c24b5ea51298616,svhn,dropout,cnn,protocol-v3,0.6,0,2,3,19,0.0058337090304121375,0.012364624999463558,774012928,0.8828125
2c24b5ea51298616,svhn,dropout,cnn,protocol-v3,0.6,0,2,3,20,0.005888792045880109,0.012426416971720755,774012928,0.953125
2c24b5ea51298616,svhn,dropout,cnn,protocol-v3,0.6,0,2,3,21,0.005813625000882894,0.012362958979792893,774012928,0.90625
2c24b5ea51298616,svhn,dropout,cnn,protocol-v3,0.6,0,2,3,22,0.005789958988316357,0.012401499960105866,774012928,0.84375
2c24b5ea51298616,svhn,dropout,cnn,protocol-v3,0.6,0,2,3,23,0.005843249964527786,0.012351290963124484,774012928,0.875
2c24b5ea51298616,svhn,dropout,cnn,protocol-v3,0.6,0,2,3,24,0.005943749973084778,0.012408291979227215,774012928,0.875
2c24b5ea51298616,svhn,dropout,cnn,protocol-v3,0.6,0,2,3,25,0.005850457993801683,0.01242808299139142,774012928,0.890625
2c24b5ea51298616,svhn,dropout,cnn,protocol-v3,0.6,0,2,3,26,0.005881374992895871,0.012450249982066453,774029312,0.90625
2c24b5ea51298616,svhn,dropout,cnn,protocol-v3,0.6,0,2,3,27,0.005870459019206464,0.012390082993078977,774029312,0.890625
2c24b5ea51298616,svhn,dropout,cnn,protocol-v3,0.6,0,2,3,28,0.005763375025708228,0.01251262502046302,774029312,0.8515625
2c24b5ea51298616,svhn,dropout,cnn,protocol-v3,0.6,0,2,3,29,0.005859500030055642,0.012331917008850724,774029312,0.9296875
2c24b5ea51298616,svhn,dropout,cnn,protocol-v3,0.6,0,2,3,30,0.005824375024531037,0.012346667004749179,774029312,0.8828125
2c24b5ea51298616,svhn,dropout,cnn,protocol-v3,0.6,0,2,3,31,0.005847583001013845,0.01239408302353695,774029312,0.9296875
2c24b5ea51298616,svhn,dropout,cnn,protocol-v3,0.6,0,2,3,32,0.0057927920133806765,0.012415750010404736,774029312,0.8671875
2c24b5ea51298616,svhn,dropout,cnn,protocol-v3,0.6,0,2,3,33,0.005892208020668477,0.012382165994495153,774029312,0.875
2c24b5ea51298616,svhn,dropout,cnn,protocol-v3,0.6,0,2,3,34,0.005722415982745588,0.012342415982857347,774029312,0.890625
2c24b5ea51298616,svhn,dropout,cnn,protocol-v3,0.6,0,2,3,35,0.005810333008412272,0.012386500020511448,774029312,0.8984375
2c24b5ea51298616,svhn,dropout,cnn,protocol-v3,0.6,0,2,3,36,0.005868915992323309,0.01233666599728167,774029312,0.875
2c24b5ea51298616,svhn,dropout,cnn,protocol-v3,0.6,0,2,3,37,0.005897082970477641,0.012410416034981608,774029312,0.90625
2c24b5ea51298616,svhn,dropout,cnn,protocol-v3,0.6,0,2,3,38,0.005970666999928653,0.012702542007900774,774045696,0.9140625
2c24b5ea51298616,svhn,dropout,cnn,protocol-v3,0.6,0,2,3,39,0.005891083972528577,0.012479875003919005,774045696,0.8671875
2c24b5ea51298616,svhn,dropout,cnn,protocol-v3,0.6,0,2,3,40,0.006092249997891486,0.01259820896666497,774045696,0.890625
2c24b5ea51298616,svhn,dropout,cnn,protocol-v3,0.6,0,2,3,41,0.006737624993547797,0.012619624962098897,774045696,0.875
2c24b5ea51298616,svhn,dropout,cnn,protocol-v3,0.6,0,2,3,42,0.0064225419773720205,0.012966584006790072,774045696,0.8203125
2c24b5ea51298616,svhn,dropout,cnn,protocol-v3,0.6,0,2,3,43,0.006208334001712501,0.01295424997806549,774291456,0.890625
2c24b5ea51298616,svhn,dropout,cnn,protocol-v3,0.6,0,2,3,44,0.006228125013876706,0.01271745900157839,774307840,0.890625
2c24b5ea51298616,svhn,dropout,cnn,protocol-v3,0.6,0,2,3,45,0.006237457972019911,0.01274441700661555,774307840,0.8984375
2c24b5ea51298616,svhn,dropout,cnn,protocol-v3,0.6,0,2,3,46,0.006141583959106356,0.01252774999011308,774307840,0.9453125
2c24b5ea51298616,svhn,dropout,cnn,protocol-v3,0.6,0,2,3,47,0.005805875000078231,0.012419834034517407,774307840,0.8828125
2c24b5ea51298616,svhn,dropout,cnn,protocol-v3,0.6,0,2,3,48,0.005833458038978279,0.01241900003515184,774307840,0.9375
2c24b5ea51298616,svhn,dropout,cnn,protocol-v3,0.6,0,2,3,49,0.00590783404186368,0.012514417001511902,774307840,0.8984375
2c24b5ea51298616,svhn,dropout,cnn,protocol-v3,0.6,0,2,3,50,0.005838165991008282,0.012403375003486872,774307840,0.9375
2c24b5ea51298616,svhn,dropout,cnn,protocol-v3,0.6,0,2,3,51,0.005832166993059218,0.012447084009181708,774307840,0.921875
2c24b5ea51298616,svhn,dropout,cnn,protocol-v3,0.6,0,2,3,52,0.005886791972443461,0.012395917030517012,774307840,0.8515625
2c24b5ea51298616,svhn,dropout,cnn,protocol-v3,0.6,0,2,3,53,0.005835958989337087,0.01240920799318701,774307840,0.8671875
2c24b5ea51298616,svhn,dropout,cnn,protocol-v3,0.6,0,2,3,54,0.0058362920535728335,0.012431375042069703,774307840,0.90625
2c24b5ea51298616,svhn,dropout,cnn,protocol-v3,0.6,0,2,3,55,0.005819707992486656,0.012363124988041818,774307840,0.9296875
2c24b5ea51298616,svhn,dropout,cnn,protocol-v3,0.6,0,2,3,56,0.005825666012242436,0.012429167050868273,774307840,0.875
2c24b5ea51298616,svhn,dropout,cnn,protocol-v3,0.6,0,2,3,57,0.005835791991557926,0.012369499949272722,774307840,0.8984375
2c24b5ea51298616,svhn,dropout,cnn,protocol-v3,0.6,0,2,3,58,0.005822000035550445,0.012389207957312465,774307840,0.8828125
2c24b5ea51298616,svhn,dropout,cnn,protocol-v3,0.6,0,2,3,59,0.005826958047691733,0.012367708026431501,774307840,0.859375
2c24b5ea51298616,svhn,dropout,cnn,protocol-v3,0.6,0,2,3,60,0.005864874983672053,0.012384083005599678,774307840,0.921875
2c24b5ea51298616,svhn,dropout,cnn,protocol-v3,0.6,0,2,3,61,0.005831541959196329,0.012380666972603649,774307840,0.90625
2c24b5ea51298616,svhn,dropout,cnn,protocol-v3,0.6,0,2,3,62,0.005832916009239852,0.012343790964223444,774307840,0.8515625
2c24b5ea51298616,svhn,dropout,cnn,protocol-v3,0.6,0,2,3,63,0.005837542004883289,0.01241295802174136,774307840,0.8984375
2c24b5ea51298616,svhn,dropout,cnn,protocol-v3,0.6,0,2,3,64,0.005878624971956015,0.012405416986439377,774324224,0.8828125
2c24b5ea51298616,svhn,dropout,cnn,protocol-v3,0.6,0,2,3,65,0.005950291990302503,0.012403125001583248,774324224,0.90625
2c24b5ea51298616,svhn,dropout,cnn,protocol-v3,0.6,0,2,3,66,0.005822000035550445,0.012396125006489456,774324224,0.90625
2c24b5ea51298616,svhn,dropout,cnn,protocol-v3,0.6,0,2,3,67,0.005833541974425316,0.012388959003146738,774324224,0.921875
2c24b5ea51298616,svhn,dropout,cnn,protocol-v3,0.6,0,2,3,68,0.005854459013789892,0.012419958016835153,774324224,0.9296875
2c24b5ea51298616,svhn,dropout,cnn,protocol-v3,0.6,0,2,3,69,0.005871124973054975,0.012405125016812235,774324224,0.8828125
2c24b5ea51298616,svhn,dropout,cnn,protocol-v3,0.6,0,2,3,70,0.0058864589664153755,0.012367832998279482,774324224,0.875
2c24b5ea51298616,svhn,dropout,cnn,protocol-v3,0.6,0,2,3,71,0.005829624948091805,0.012436791963409632,774324224,0.8828125
2c24b5ea51298616,svhn,dropout,cnn,protocol-v3,0.6,0,2,3,72,0.005831916991155595,0.012383082997985184,774324224,0.875
2c24b5ea51298616,svhn,dropout,cnn,protocol-v3,0.6,0,2,3,73,0.00581766600953415,0.012385250010993332,774340608,0.9375
2c24b5ea51298616,svhn,dropout,cnn,protocol-v3,0.6,0,2,3,74,0.005773250013589859,0.012399667000863701,774340608,0.9453125
2c24b5ea51298616,svhn,dropout,cnn,protocol-v3,0.6,0,2,3,75,0.00586241704877466,0.012407583999447525,774340608,0.875
2c24b5ea51298616,svhn,dropout,cnn,protocol-v3,0.6,0,2,3,76,0.0058050419902428985,0.012404875014908612,774340608,0.8984375
2c24b5ea51298616,svhn,dropout,cnn,protocol-v3,0.6,0,2,3,77,0.005838375014718622,0.012401083949953318,774340608,0.8515625
2c24b5ea51298616,svhn,dropout,cnn,protocol-v3,0.6,0,2,3,78,0.005837375007104129,0.012406124966219068,774340608,0.9140625
2c24b5ea51298616,svhn,dropout,cnn,protocol-v3,0.6,0,2,3,79,0.00585116702131927,0.012383916997350752,774340608,0.9296875
2c24b5ea51298616,svhn,dropout,cnn,protocol-v3,0.6,0,2,3,80,0.005832750000990927,0.01239187503233552,774340608,0.8984375
2c24b5ea51298616,svhn,dropout,cnn,protocol-v3,0.6,0,2,3,81,0.005826207983773202,0.012412874959409237,774356992,0.875
2c24b5ea51298616,svhn,dropout,cnn,protocol-v3,0.6,0,2,3,82,0.005823332990985364,0.012387624999973923,774356992,0.90625
2c24b5ea51298616,svhn,dropout,cnn,protocol-v3,0.6,0,2,3,83,0.005797707999590784,0.012476792035158724,774356992,0.8828125
2c24b5ea51298616,svhn,dropout,cnn,protocol-v3,0.6,0,2,3,84,0.005824499996379018,0.012378333951346576,774356992,0.8828125
2c24b5ea51298616,svhn,dropout,cnn,protocol-v3,0.6,0,2,3,85,0.005811040988191962,0.01238749996991828,774356992,0.84375
2c24b5ea51298616,svhn,dropout,cnn,protocol-v3,0.6,0,2,3,86,0.005839417048264295,0.012350334029179066,774356992,0.8828125
2c24b5ea51298616,svhn,dropout,cnn,protocol-v3,0.6,0,2,3,87,0.005998499982524663,0.012380082975141704,774373376,0.8671875
2c24b5ea51298616,svhn,dropout,cnn,protocol-v3,0.6,0,2,3,88,0.00584941596025601,0.012369333009701222,774373376,0.8828125
2c24b5ea51298616,svhn,dropout,cnn,protocol-v3,0.6,0,2,3,89,0.0058202919899486005,0.01236941700335592,774373376,0.90625
2c24b5ea51298616,svhn,dropout,cnn,protocol-v3,0.6,0,2,3,90,0.005835624993778765,0.012371958000585437,774373376,0.8671875
2c24b5ea51298616,svhn,dropout,cnn,protocol-v3,0.6,0,2,3,91,0.005836124997586012,0.012374292011372745,774373376,0.9140625
2c24b5ea51298616,svhn,dropout,cnn,protocol-v3,0.6,0,2,3,92,0.005844792001880705,0.012414124968927354,774373376,0.875
2c24b5ea51298616,svhn,dropout,cnn,protocol-v3,0.6,0,2,3,93,0.005777249985840172,0.012384000001475215,774373376,0.8984375
2c24b5ea51298616,svhn,dropout,cnn,protocol-v3,0.6,0,2,3,94,0.005818541976623237,0.012371499964501709,774373376,0.9140625
2c24b5ea51298616,svhn,dropout,cnn,protocol-v3,0.6,0,2,3,95,0.005891749984584749,0.012350500037427992,774373376,0.90625
2c24b5ea51298616,svhn,dropout,cnn,protocol-v3,0.6,0,2,3,96,0.005829041008837521,0.01240754098398611,774373376,0.890625
2c24b5ea51298616,svhn,dropout,cnn,protocol-v3,0.6,0,2,3,97,0.005839790974278003,0.012378125044051558,774373376,0.8671875
2c24b5ea51298616,svhn,dropout,cnn,protocol-v3,0.6,0,2,3,98,0.005877791962120682,0.012413208023644984,774373376,0.90625
2c24b5ea51298616,svhn,dropout,cnn,protocol-v3,0.6,0,2,3,99,0.005836332973558456,0.012385667010676116,774373376,0.84375
2c24b5ea51298616,svhn,dropout,cnn,protocol-v3,0.6,0,2,3,100,0.005808542016893625,0.012380040949210525,774373376,0.8671875
2c24b5ea51298616,svhn,dropout,cnn,protocol-v3,0.6,0,2,3,101,0.005872709036339074,0.01235879200976342,774389760,0.921875
2c24b5ea51298616,svhn,dropout,cnn,protocol-v3,0.6,0,2,3,102,0.005822333041578531,0.012414333003107458,774389760,0.8828125
2c24b5ea51298616,svhn,dropout,cnn,protocol-v3,0.6,0,2,3,103,0.00587749999249354,0.012387791997753084,774389760,0.8828125
2c24b5ea51298616,svhn,dropout,cnn,protocol-v3,0.6,0,2,3,104,0.005838208016939461,0.012394207995384932,774389760,0.90625
2c24b5ea51298616,svhn,dropout,cnn,protocol-v3,0.6,0,2,3,105,0.005831749993376434,0.012370332959108055,774389760,0.8984375
2c24b5ea51298616,svhn,dropout,cnn,protocol-v3,0.6,0,2,3,106,0.0058369169710204005,0.01236716698622331,774389760,0.890625
2c24b5ea51298616,svhn,dropout,cnn,protocol-v3,0.6,0,2,3,107,0.005826750013511628,0.012384667003061622,774389760,0.8828125
2c24b5ea51298616,svhn,dropout,cnn,protocol-v3,0.6,0,2,3,108,0.005842457991093397,0.012371125048957765,774389760,0.8828125
2c24b5ea51298616,svhn,dropout,cnn,protocol-v3,0.6,0,2,3,109,0.0059445000370033085,0.01238191599259153,774389760,0.859375
2c24b5ea51298616,svhn,dropout,cnn,protocol-v3,0.6,0,2,3,110,0.005836999975144863,0.012384917004965246,774389760,0.8984375
2c24b5ea51298616,svhn,dropout,cnn,protocol-v3,0.6,0,2,3,111,0.0058727089781314135,0.012418291997164488,774389760,0.8515625
2c24b5ea51298616,svhn,dropout,cnn,protocol-v3,0.6,0,2,3,112,0.00584366696421057,0.012373082980047911,774389760,0.875
2c24b5ea51298616,svhn,dropout,cnn,protocol-v3,0.6,0,2,3,113,0.005823583982419223,0.012370791984722018,774389760,0.875
2c24b5ea51298616,svhn,dropout,cnn,protocol-v3,0.6,0,2,3,114,0.005853625014424324,0.012357958010397851,774389760,0.8984375
2c24b5ea51298616,svhn,dropout,cnn,protocol-v3,0.6,0,2,3,115,0.0058159169857390225,0.012385957990773022,774389760,0.859375
2c24b5ea51298616,svhn,dropout,cnn,protocol-v3,0.6,0,2,3,116,0.005821667029522359,0.012387958006002009,774389760,0.90625
2c24b5ea51298616,svhn,dropout,cnn,protocol-v3,0.6,0,2,3,117,0.005814292002469301,0.012379374995362014,774389760,0.9140625
2c24b5ea51298616,svhn,dropout,cnn,protocol-v3,0.6,0,2,3,118,0.005832541035488248,0.012411167030222714,774389760,0.890625
2c24b5ea51298616,svhn,dropout,cnn,protocol-v3,0.6,0,2,3,119,0.005801333987619728,0.012382375018205494,774389760,0.890625
2c24b5ea51298616,svhn,dropout,cnn,protocol-v3,0.6,0,2,3,120,0.005836124997586012,0.012405540968757123,774406144,0.8671875
2c24b5ea51298616,svhn,dropout,cnn,protocol-v3,0.6,0,2,3,121,0.00583620899124071,0.012455457996111363,774406144,0.84375
2c24b5ea51298616,svhn,dropout,cnn,protocol-v3,0.6,0,2,3,122,0.005854499991983175,0.012359915999695659,774422528,0.8984375
2c24b5ea51298616,svhn,dropout,cnn,protocol-v3,0.6,0,2,3,123,0.00585545803187415,0.012377040984574705,774422528,0.8671875
2c24b5ea51298616,svhn,dropout,cnn,protocol-v3,0.6,0,2,3,124,0.00582158297766,0.012420124956406653,774422528,0.8359375
2c24b5ea51298616,svhn,dropout,cnn,protocol-v3,0.6,0,2,3,125,0.005873457994312048,0.012371999968308955,774438912,0.890625
2c24b5ea51298616,svhn,dropout,cnn,protocol-v3,0.6,0,2,3,126,0.0058185000088997185,0.01237516599940136,774438912,0.859375
2c24b5ea51298616,svhn,dropout,cnn,protocol-v3,0.6,0,2,3,127,0.0058242499944753945,0.01237820798996836,774438912,0.8828125
2c24b5ea51298616,svhn,dropout,cnn,protocol-v3,0.6,0,2,3,128,0.005826917011290789,0.012388249975629151,774438912,0.9296875
2c24b5ea51298616,svhn,dropout,cnn,protocol-v3,0.6,0,2,3,129,0.005828667024616152,0.012373791949357837,774438912,0.90625
2c24b5ea51298616,svhn,dropout,cnn,protocol-v3,0.6,0,2,3,130,0.005865417013410479,0.01252404204569757,774438912,0.890625
2c24b5ea51298616,svhn,dropout,cnn,protocol-v3,0.6,0,2,3,131,0.005845041014254093,0.012413458025548607,774438912,0.953125
2c24b5ea51298616,svhn,dropout,cnn,protocol-v3,0.6,0,2,3,132,0.005836541997268796,0.01240945898462087,774438912,0.8515625
2c24b5ea51298616,svhn,dropout,cnn,protocol-v3,0.6,0,2,3,133,0.005766957998275757,0.012416667013894767,774438912,0.9140625
2c24b5ea51298616,svhn,dropout,cnn,protocol-v3,0.6,0,2,3,134,0.005851082969456911,0.012406374968122691,774438912,0.8828125
2c24b5ea51298616,svhn,dropout,cnn,protocol-v3,0.6,0,2,3,135,0.005865790997631848,0.012395541998557746,774438912,0.90625
2c24b5ea51298616,svhn,dropout,cnn,protocol-v3,0.6,0,2,3,136,0.005825583997648209,0.012391666998155415,774438912,0.890625
2c24b5ea51298616,svhn,dropout,cnn,protocol-v3,0.6,0,2,3,137,0.005833124974742532,0.012361500004772097,774438912,0.859375
2c24b5ea51298616,svhn,dropout,cnn,protocol-v3,0.6,0,2,3,138,0.005849290988408029,0.012380999978631735,774438912,0.9296875
2c24b5ea51298616,svhn,dropout,cnn,protocol-v3,0.6,0,2,3,139,0.005812500021420419,0.012394834018778056,774438912,0.8359375
2c24b5ea51298616,svhn,dropout,cnn,protocol-v3,0.6,0,2,3,140,0.005930040962994099,0.01248325000051409,774438912,0.9375
2c24b5ea51298616,svhn,dropout,cnn,protocol-v3,0.6,0,2,3,141,0.005843916966114193,0.012387999973725528,774455296,0.9140625
2c24b5ea51298616,svhn,dropout,cnn,protocol-v3,0.6,0,2,3,142,0.005882416968233883,0.012395415978971869,774455296,0.875
2c24b5ea51298616,svhn,dropout,cnn,protocol-v3,0.6,0,2,3,143,0.0058061250019818544,0.012380708009004593,774455296,0.921875
2c24b5ea51298616,svhn,dropout,cnn,protocol-v3,0.6,0,2,3,144,0.005840291967615485,0.012368958035949618,774455296,0.9375
2c24b5ea51298616,svhn,dropout,cnn,protocol-v3,0.6,0,2,3,145,0.0058134160353802145,0.012372083030641079,774455296,0.9296875
2c24b5ea51298616,svhn,dropout,cnn,protocol-v3,0.6,0,2,3,146,0.005833209026604891,0.012396749982144684,774455296,0.859375
2c24b5ea51298616,svhn,dropout,cnn,protocol-v3,0.6,0,2,3,147,0.005831875023432076,0.01237229205435142,774455296,0.875
2c24b5ea51298616,svhn,dropout,cnn,protocol-v3,0.6,0,2,3,148,0.005798041995149106,0.012376624974422157,774455296,0.8515625
2c24b5ea51298616,svhn,dropout,cnn,protocol-v3,0.6,0,2,3,149,0.0058459999854676425,0.01265129103558138,774455296,0.9140625
2c24b5ea51298616,svhn,dropout,cnn,protocol-v3,0.6,0,2,3,150,0.005826916953083128,0.012376166007015854,774471680,0.9296875
2c24b5ea51298616,svhn,dropout,cnn,protocol-v3,0.6,0,2,3,151,0.005805084016174078,0.012394124991260469,774471680,0.890625
2c24b5ea51298616,svhn,dropout,cnn,protocol-v3,0.6,0,2,3,152,0.005811832961626351,0.012393583019729704,774471680,0.8359375
2c24b5ea51298616,svhn,dropout,cnn,protocol-v3,0.6,0,2,3,153,0.005831750051584095,0.012396666978020221,774471680,0.9609375
2c24b5ea51298616,svhn,dropout,cnn,protocol-v3,0.6,0,2,3,154,0.005830290960147977,0.012405332992784679,774471680,0.9375
2c24b5ea51298616,svhn,dropout,cnn,protocol-v3,0.6,0,2,3,155,0.005852625006809831,0.012362040986772627,774471680,0.90625
2c24b5ea51298616,svhn,dropout,cnn,protocol-v3,0.6,0,2,3,156,0.005831833987031132,0.012428416986949742,774471680,0.921875
2c24b5ea51298616,svhn,dropout,cnn,protocol-v3,0.6,0,2,3,157,0.005869458022061735,0.012421916995663196,774471680,0.921875
2c24b5ea51298616,svhn,dropout,cnn,protocol-v3,0.6,0,2,3,158,0.005823791027069092,0.012363958987407386,774471680,0.90625
2c24b5ea51298616,svhn,dropout,cnn,protocol-v3,0.6,0,2,3,159,0.005857500014826655,0.012387583963572979,774471680,0.8671875
2c24b5ea51298616,svhn,dropout,cnn,protocol-v3,0.6,0,2,3,160,0.005842957994900644,0.012404125009197742,774471680,0.875
2c24b5ea51298616,svhn,dropout,cnn,protocol-v3,0.6,0,2,3,161,0.005833374976646155,0.012361791974399239,774471680,0.890625
2c24b5ea51298616,svhn,dropout,cnn,protocol-v3,0.6,0,2,3,162,0.005868333042599261,0.012510415981523693,774471680,0.921875
2c24b5ea51298616,svhn,dropout,cnn,protocol-v3,0.6,0,2,3,163,0.005819624988362193,0.012394708988722414,774471680,0.890625
2c24b5ea51298616,svhn,dropout,cnn,protocol-v3,0.6,0,2,3,164,0.005832916998770088,0.012355750019196421,774471680,0.9140625
2c24b5ea51298616,svhn,dropout,cnn,protocol-v3,0.6,0,2,3,165,0.005842082959134132,0.012367165996693075,774471680,0.8984375
2c24b5ea51298616,svhn,dropout,cnn,protocol-v3,0.6,0,2,3,166,0.005850500019732863,0.01241970801493153,774471680,0.921875
2c24b5ea51298616,svhn,dropout,cnn,protocol-v3,0.6,0,2,3,167,0.005892082990612835,0.012398625025525689,774471680,0.90625
2c24b5ea51298616,svhn,dropout,cnn,protocol-v3,0.6,0,2,3,168,0.0058246670523658395,0.012381167034618556,774471680,0.875
2c24b5ea51298616,svhn,dropout,cnn,protocol-v3,0.6,0,2,3,169,0.005819624988362193,0.012394667020998895,774471680,0.875
2c24b5ea51298616,svhn,dropout,cnn,protocol-v3,0.6,0,2,3,170,0.005831749993376434,0.012378499959595501,774471680,0.9375
2c24b5ea51298616,svhn,dropout,cnn,protocol-v3,0.6,0,2,3,171,0.005844125000294298,0.012371250020805746,774471680,0.9140625
2c24b5ea51298616,svhn,dropout,cnn,protocol-v3,0.6,0,2,3,172,0.005851083027664572,0.012368750001769513,774471680,0.890625
2c24b5ea51298616,svhn,dropout,cnn,protocol-v3,0.6,0,2,3,173,0.005835667019709945,0.012406166992150247,774471680,0.890625
2c24b5ea51298616,svhn,dropout,cnn,protocol-v3,0.6,0,2,3,174,0.005825416999869049,0.012414249998982996,774504448,0.875
2c24b5ea51298616,svhn,dropout,cnn,protocol-v3,0.6,0,2,3,175,0.005827415967360139,0.01238058297894895,774504448,0.90625
2c24b5ea51298616,svhn,dropout,cnn,protocol-v3,0.6,0,2,3,176,0.005833916016854346,0.012388707953505218,774504448,0.9140625
2c24b5ea51298616,svhn,dropout,cnn,protocol-v3,0.6,0,2,3,177,0.00579374999506399,0.012410124996677041,774504448,0.921875
2c24b5ea51298616,svhn,dropout,cnn,protocol-v3,0.6,0,2,3,178,0.005902958975639194,0.012322708033025265,774504448,0.890625
2c24b5ea51298616,svhn,dropout,cnn,protocol-v3,0.6,0,2,3,179,0.005841874983161688,0.01238958298927173,774504448,0.8984375
2c24b5ea51298616,svhn,dropout,cnn,protocol-v3,0.6,0,2,3,180,0.005818250006996095,0.012349416967481375,774520832,0.875
2c24b5ea51298616,svhn,dropout,cnn,protocol-v3,0.6,0,2,3,181,0.005832041963003576,0.012371833028737456,774520832,0.921875
2c24b5ea51298616,svhn,dropout,cnn,protocol-v3,0.6,0,2,3,182,0.0058210420538671315,0.012403208005707711,774520832,0.890625
2c24b5ea51298616,svhn,dropout,cnn,protocol-v3,0.6,0,2,3,183,0.005820916034281254,0.012349041004199535,774520832,0.8828125
2c24b5ea51298616,svhn,dropout,cnn,protocol-v3,0.6,0,2,3,184,0.005788500013295561,0.012360833992715925,774520832,0.9375
2c24b5ea51298616,svhn,dropout,cnn,protocol-v3,0.6,0,2,3,185,0.005817041965201497,0.012403750035446137,774520832,0.8671875
2c24b5ea51298616,svhn,dropout,cnn,protocol-v3,0.6,0,2,3,186,0.005833292030729353,0.012361083994619548,774520832,0.9140625
2c24b5ea51298616,svhn,dropout,cnn,protocol-v3,0.6,0,2,3,187,0.0057945409789681435,0.01238879095762968,774520832,0.8828125
2c24b5ea51298616,svhn,dropout,cnn,protocol-v3,0.6,0,2,3,188,0.005800708022434264,0.012387708993628621,774520832,0.890625
2c24b5ea51298616,svhn,dropout,cnn,protocol-v3,0.6,0,2,3,189,0.005868166976142675,0.012403582979459316,774537216,0.890625
2c24b5ea51298616,svhn,dropout,cnn,protocol-v3,0.6,0,2,3,190,0.00578104198211804,0.012361207976937294,774537216,0.9140625
2c24b5ea51298616,svhn,dropout,cnn,protocol-v3,0.6,0,2,3,191,0.005770124960690737,0.012346333998721093,774537216,0.8671875
2c24b5ea51298616,svhn,dropout,cnn,protocol-v3,0.6,0,2,3,192,0.005819084006361663,0.012399374973028898,774537216,0.9375
2c24b5ea51298616,svhn,dropout,cnn,protocol-v3,0.6,0,2,3,193,0.005828084016684443,0.012409500021021813,774537216,0.8828125
2c24b5ea51298616,svhn,dropout,cnn,protocol-v3,0.6,0,2,3,194,0.005820167018100619,0.012461708043701947,774537216,0.8984375
2c24b5ea51298616,svhn,dropout,cnn,protocol-v3,0.6,0,2,3,195,0.005831999995280057,0.012393915967550129,774537216,0.8671875
2c24b5ea51298616,svhn,dropout,cnn,protocol-v3,0.6,0,2,3,196,0.005839042016305029,0.012549249979201704,774537216,0.84375
2c24b5ea51298616,svhn,dropout,cnn,protocol-v3,0.6,0,2,3,197,0.005818041041493416,0.012406707974150777,774537216,0.8828125
2c24b5ea51298616,svhn,dropout,cnn,protocol-v3,0.6,0,2,3,198,0.005826917011290789,0.01246679201722145,774537216,0.90625
2c24b5ea51298616,svhn,dropout,cnn,protocol-v3,0.6,0,2,3,199,0.005854625022038817,0.012407666014041752,774537216,0.9375
2c24b5ea51298616,svhn,dropout,cnn,protocol-v3,0.6,0,2,3,200,0.005833584000356495,0.012388958013616502,774537216,0.921875
2c24b5ea51298616,svhn,dropout,cnn,protocol-v3,0.6,0,2,3,201,0.005849041976034641,0.012412166979629546,774553600,0.8515625
2c24b5ea51298616,svhn,dropout,cnn,protocol-v3,0.6,0,2,3,202,0.005839666002430022,0.012413207965437323,774553600,0.8671875
2c24b5ea51298616,svhn,dropout,cnn,protocol-v3,0.6,0,2,3,203,0.005831124959513545,0.012536333000753075,774553600,0.8984375
2c24b5ea51298616,svhn,dropout,cnn,protocol-v3,0.6,0,2,3,204,0.0058680420042946935,0.012400374980643392,774553600,0.8984375
2c24b5ea51298616,svhn,dropout,cnn,protocol-v3,0.6,0,2,3,205,0.0058279590448364615,0.012405042012687773,774553600,0.90625
2c24b5ea51298616,svhn,dropout,cnn,protocol-v3,0.6,0,2,3,206,0.005819207988679409,0.012384833011310548,774553600,0.90625
2c24b5ea51298616,svhn,dropout,cnn,protocol-v3,0.6,0,2,3,207,0.005834124982357025,0.01242733298568055,774553600,0.8671875
2c24b5ea51298616,svhn,dropout,cnn,protocol-v3,0.6,0,2,3,208,0.0058340830146335065,0.012353416008409113,774553600,0.9296875
2c24b5ea51298616,svhn,dropout,cnn,protocol-v3,0.6,0,2,3,209,0.00584125000750646,0.012413749995175749,774553600,0.921875
2c24b5ea51298616,svhn,dropout,cnn,protocol-v3,0.6,0,2,3,210,0.005837208998855203,0.012418124999385327,774553600,0.84375
2c24b5ea51298616,svhn,dropout,cnn,protocol-v3,0.6,0,2,3,211,0.00586329196812585,0.01242458401247859,774553600,0.9375
2c24b5ea51298616,svhn,dropout,cnn,protocol-v3,0.6,0,2,3,212,0.005814000032842159,0.012412832991685718,774553600,0.8984375
2c24b5ea51298616,svhn,dropout,cnn,protocol-v3,0.6,0,2,3,213,0.005827957997098565,0.01239483297104016,774553600,0.890625
2c24b5ea51298616,svhn,dropout,cnn,protocol-v3,0.6,0,2,3,214,0.005928792001213878,0.012405583984218538,774553600,0.8671875
2c24b5ea51298616,svhn,dropout,cnn,protocol-v3,0.6,0,2,3,215,0.005843417020514607,0.01242141705006361,774553600,0.859375
2c24b5ea51298616,svhn,dropout,cnn,protocol-v3,0.6,0,2,3,216,0.0058589999680407345,0.012410500028636307,774553600,0.890625
2c24b5ea51298616,svhn,dropout,cnn,protocol-v3,0.6,0,2,3,217,0.005828749970532954,0.012403125001583248,774553600,0.8203125
2c24b5ea51298616,svhn,dropout,cnn,protocol-v3,0.6,0,2,3,218,0.0058145420043729246,0.012416957993991673,774553600,0.9140625
2c24b5ea51298616,svhn,dropout,cnn,protocol-v3,0.6,0,2,3,219,0.005872875044588,0.012401833024341613,774553600,0.890625
2c24b5ea51298616,svhn,dropout,cnn,protocol-v3,0.6,0,2,3,220,0.005858332966454327,0.012469750014133751,774586368,0.8828125
2c24b5ea51298616,svhn,dropout,cnn,protocol-v3,0.6,0,2,3,221,0.00588179100304842,0.012551874970085919,774586368,0.9140625
2c24b5ea51298616,svhn,dropout,cnn,protocol-v3,0.6,0,2,3,222,0.0058440410066396,0.012331750011071563,774586368,0.921875
2c24b5ea51298616,svhn,dropout,cnn,protocol-v3,0.6,0,2,3,223,0.005829958012327552,0.012331167003139853,774586368,0.8828125
2c24b5ea51298616,svhn,dropout,cnn,protocol-v3,0.6,0,2,3,224,0.005850624991580844,0.01244329201290384,774586368,0.8984375
2c24b5ea51298616,svhn,dropout,cnn,protocol-v3,0.6,0,2,3,225,0.00582537503214553,0.012422791041899472,774602752,0.8984375
2c24b5ea51298616,svhn,dropout,cnn,protocol-v3,0.6,0,2,3,226,0.0058908750070258975,0.012424916960299015,774602752,0.8515625
2c24b5ea51298616,svhn,dropout,cnn,protocol-v3,0.6,0,2,3,227,0.005839792022015899,0.01242362498305738,774602752,0.8828125
2c24b5ea51298616,svhn,dropout,cnn,protocol-v3,0.6,0,2,3,228,0.005846832995302975,0.012441875005606562,774602752,0.90625
2c24b5ea51298616,svhn,dropout,cnn,protocol-v3,0.6,0,2,3,229,0.005828500026836991,0.01240533305099234,774602752,0.890625
2c24b5ea51298616,svhn,dropout,cnn,protocol-v3,0.6,0,2,3,230,0.005836791009642184,0.012412665993906558,774619136,0.921875
2c24b5ea51298616,svhn,dropout,cnn,protocol-v3,0.6,0,2,3,231,0.005854749993886799,0.012429417052771896,774619136,0.890625
2c24b5ea51298616,svhn,dropout,cnn,protocol-v3,0.6,0,2,3,232,0.005804374988656491,0.012435832992196083,774619136,0.8671875
2c24b5ea51298616,svhn,dropout,cnn,protocol-v3,0.6,0,2,3,233,0.005841042031534016,0.012457499979063869,774635520,0.8984375
2c24b5ea51298616,svhn,dropout,cnn,protocol-v3,0.6,0,2,3,234,0.005789457994978875,0.01265708397841081,774635520,0.8671875
2c24b5ea51298616,svhn,dropout,cnn,protocol-v3,0.6,0,2,3,235,0.005906332982704043,0.012474167044274509,774635520,0.9453125
2c24b5ea51298616,svhn,dropout,cnn,protocol-v3,0.6,0,2,3,236,0.005923582997638732,0.012476625037379563,774635520,0.8515625
2c24b5ea51298616,svhn,dropout,cnn,protocol-v3,0.6,0,2,3,237,0.005844875006005168,0.012445000000298023,774635520,0.9140625
2c24b5ea51298616,svhn,dropout,cnn,protocol-v3,0.6,0,2,3,238,0.005856000003404915,0.012443499988876283,774635520,0.890625
2c24b5ea51298616,svhn,dropout,cnn,protocol-v3,0.6,0,2,3,239,0.005897499970160425,0.012362750014290214,774635520,0.8984375
2c24b5ea51298616,svhn,dropout,cnn,protocol-v3,0.6,0,2,3,240,0.005845875013619661,0.012413582997396588,774635520,0.9140625
2c24b5ea51298616,svhn,dropout,cnn,protocol-v3,0.6,0,2,3,241,0.005849042034242302,0.012420374958310276,774635520,0.8671875
2c24b5ea51298616,svhn,dropout,cnn,protocol-v3,0.6,0,2,3,242,0.005857707990799099,0.012416999961715192,774635520,0.890625
2c24b5ea51298616,svhn,dropout,cnn,protocol-v3,0.6,0,2,3,243,0.005845084029715508,0.012410083960276097,774635520,0.921875
2c24b5ea51298616,svhn,dropout,cnn,protocol-v3,0.6,0,2,3,244,0.005858958000317216,0.012394417019095272,774635520,0.8671875
2c24b5ea51298616,svhn,dropout,cnn,protocol-v3,0.6,0,2,3,245,0.0058582499623298645,0.012383709021378309,774635520,0.8828125
2c24b5ea51298616,svhn,dropout,cnn,protocol-v3,0.6,0,2,3,246,0.005847499996889383,0.012404709006659687,774635520,0.890625
2c24b5ea51298616,svhn,dropout,cnn,protocol-v3,0.6,0,2,3,247,0.005785082990769297,0.012341875000856817,774635520,0.90625
2c24b5ea51298616,svhn,dropout,cnn,protocol-v3,0.6,0,2,3,248,0.00579041603486985,0.01246437500230968,774651904,0.9375
2c24b5ea51298616,svhn,dropout,cnn,protocol-v3,0.6,0,2,3,249,0.005818000005092472,0.012389333976898342,774651904,0.9375
2c24b5ea51298616,svhn,dropout,cnn,protocol-v3,0.6,0,2,3,250,0.005839624966029078,0.012351749988738447,774651904,0.8125
2c24b5ea51298616,svhn,dropout,cnn,protocol-v3,0.6,0,2,3,251,0.005804582964628935,0.012358875013887882,774651904,0.8984375
2c24b5ea51298616,svhn,dropout,cnn,protocol-v3,0.6,0,2,3,252,0.005807875015307218,0.012419749982655048,774651904,0.9140625
2c24b5ea51298616,svhn,dropout,cnn,protocol-v3,0.6,0,2,3,253,0.005872374982573092,0.012402750027831644,774651904,0.8984375
2c24b5ea51298616,svhn,dropout,cnn,protocol-v3,0.6,0,2,3,254,0.005800749990157783,0.012404625013004988,774651904,0.875
2c24b5ea51298616,svhn,dropout,cnn,protocol-v3,0.6,0,2,3,255,0.0058242910308763385,0.0123482919880189,774651904,0.8828125
2c24b5ea51298616,svhn,dropout,cnn,protocol-v3,0.6,0,2,3,256,0.0058137919986620545,0.012309666955843568,774651904,0.9375
2c24b5ea51298616,svhn,dropout,cnn,protocol-v3,0.6,0,2,3,257,0.005843791994266212,0.01232475001597777,774651904,0.921875
2c24b5ea51298616,svhn,dropout,cnn,protocol-v3,0.6,0,2,3,258,0.005791666975710541,0.012381832988467067,774651904,0.921875
2c24b5ea51298616,svhn,dropout,cnn,protocol-v3,0.6,0,2,3,259,0.005796541983727366,0.012389875017106533,774651904,0.875
2c24b5ea51298616,svhn,dropout,cnn,protocol-v3,0.6,0,2,3,260,0.005792291020043194,0.012339790991973132,774651904,0.8828125
2c24b5ea51298616,svhn,dropout,cnn,protocol-v3,0.6,0,2,3,261,0.005797375051770359,0.012326625001151115,774651904,0.921875
2c24b5ea51298616,svhn,dropout,cnn,protocol-v3,0.6,0,2,3,262,0.005825333995744586,0.012299082998652011,774651904,0.8515625
2c24b5ea51298616,svhn,dropout,cnn,protocol-v3,0.6,0,2,3,263,0.005782750027719885,0.012335667037405074,774651904,0.8828125
2c24b5ea51298616,svhn,dropout,cnn,protocol-v3,0.6,0,2,3,264,0.005786375026218593,0.012399791972711682,774651904,0.8984375
2c24b5ea51298616,svhn,dropout,cnn,protocol-v3,0.6,0,2,3,265,0.005827457993291318,0.012353250000160187,774651904,0.84375
2c24b5ea51298616,svhn,dropout,cnn,protocol-v3,0.6,0,2,3,266,0.0058206249959766865,0.012343334034085274,774651904,0.8984375
2c24b5ea51298616,svhn,dropout,cnn,protocol-v3,0.6,0,2,3,267,0.00578983302693814,0.012354166014119983,774684672,0.8828125
2c24b5ea51298616,svhn,dropout,cnn,protocol-v3,0.6,0,2,3,268,0.0057866250281222165,0.012332583020906895,774684672,0.921875
2c24b5ea51298616,svhn,dropout,cnn,protocol-v3,0.6,0,2,3,269,0.005800708022434264,0.012378792045637965,774684672,0.859375
2c24b5ea51298616,svhn,dropout,cnn,protocol-v3,0.6,0,2,3,270,0.005809957976453006,0.012336249987129122,774684672,0.8828125
2c24b5ea51298616,svhn,dropout,cnn,protocol-v3,0.6,0,2,3,271,0.005819457990583032,0.012407165952026844,774684672,0.90625
2c24b5ea51298616,svhn,dropout,cnn,protocol-v3,0.6,0,2,3,272,0.005828417022712529,0.01250608399277553,774684672,0.9140625
2c24b5ea51298616,svhn,dropout,cnn,protocol-v3,0.6,0,2,3,273,0.005816458025947213,0.012322916008997709,774684672,0.8828125
2c24b5ea51298616,svhn,dropout,cnn,protocol-v3,0.6,0,2,3,274,0.005828791996464133,0.01241316698724404,774684672,0.9296875
2c24b5ea51298616,svhn,dropout,cnn,protocol-v3,0.6,0,2,3,275,0.005844125000294298,0.012424666958395392,774684672,0.875
2c24b5ea51298616,svhn,dropout,cnn,protocol-v3,0.6,0,2,3,276,0.005806707951705903,0.01239279197761789,774684672,0.9296875
2c24b5ea51298616,svhn,dropout,cnn,protocol-v3,0.6,0,2,3,277,0.005800000042654574,0.012325332965701818,774701056,0.8671875
2c24b5ea51298616,svhn,dropout,cnn,protocol-v3,0.6,0,2,3,278,0.005848541972227395,0.01232345902826637,774701056,0.90625
2c24b5ea51298616,svhn,dropout,cnn,protocol-v3,0.6,0,2,3,279,0.005826083943247795,0.012562874995637685,774701056,0.9609375
2c24b5ea51298616,svhn,dropout,cnn,protocol-v3,0.6,0,2,3,280,0.005939791968557984,0.012329749995842576,774701056,0.8671875
2c24b5ea51298616,svhn,dropout,cnn,protocol-v3,0.6,0,2,3,281,0.005819292040541768,0.01236100000096485,774701056,0.921875
2c24b5ea51298616,svhn,dropout,cnn,protocol-v3,0.6,0,2,3,282,0.005807417037431151,0.012380791013129056,774701056,0.8359375
2c24b5ea51298616,svhn,dropout,cnn,protocol-v3,0.6,0,2,3,283,0.005797124991659075,0.012393874989356846,774701056,0.9140625
2c24b5ea51298616,svhn,dropout,cnn,protocol-v3,0.6,0,2,3,284,0.005822292005177587,0.012364833033643663,774701056,0.8671875
2c24b5ea51298616,svhn,dropout,cnn,protocol-v3,0.6,0,2,3,285,0.005793375021312386,0.012394207995384932,774717440,0.921875
2c24b5ea51298616,svhn,dropout,cnn,protocol-v3,0.6,0,2,3,286,0.005779250001069158,0.012366583046969026,774717440,0.859375
2c24b5ea51298616,svhn,dropout,cnn,protocol-v3,0.6,0,2,3,287,0.0057949580368585885,0.012375666992738843,774717440,0.9296875
2c24b5ea51298616,svhn,dropout,cnn,protocol-v3,0.6,0,2,3,288,0.005846124957315624,0.012335749983321875,774717440,0.9375
2c24b5ea51298616,svhn,dropout,cnn,protocol-v3,0.6,0,2,3,289,0.005794084048829973,0.012350125005468726,774717440,0.875
2c24b5ea51298616,svhn,dropout,cnn,protocol-v3,0.6,0,2,3,290,0.005807582987472415,0.01238083397038281,774717440,0.8984375
2c24b5ea51298616,svhn,dropout,cnn,protocol-v3,0.6,0,2,3,291,0.005895207985304296,0.012405125016812235,774717440,0.8828125
2c24b5ea51298616,svhn,dropout,cnn,protocol-v3,0.6,0,2,3,292,0.005781541985925287,0.012378624989651144,774717440,0.84375
2c24b5ea51298616,svhn,dropout,cnn,protocol-v3,0.6,0,2,3,293,0.0057899170205928385,0.012384249945171177,774717440,0.8984375
2c24b5ea51298616,svhn,dropout,cnn,protocol-v3,0.6,0,2,3,294,0.0057749999687075615,0.012370083015412092,774717440,0.9296875
2c24b5ea51298616,svhn,dropout,cnn,protocol-v3,0.6,0,2,3,295,0.005804916960187256,0.01239041704684496,774717440,0.90625
2c24b5ea51298616,svhn,dropout,cnn,protocol-v3,0.6,0,2,3,296,0.0058228339767083526,0.012377292034216225,774717440,0.8984375
2c24b5ea51298616,svhn,dropout,cnn,protocol-v3,0.6,0,2,3,297,0.005802125029731542,0.012393500015605241,774717440,0.8984375
2c24b5ea51298616,svhn,dropout,cnn,protocol-v3,0.6,0,2,3,298,0.005819832964334637,0.01233241701265797,774733824,0.8984375
2c24b5ea51298616,svhn,dropout,cnn,protocol-v3,0.6,0,2,3,299,0.005825374973937869,0.012343334034085274,774733824,0.9375
2c24b5ea51298616,svhn,dropout,cnn,protocol-v3,0.6,0,2,3,300,0.005788000009488314,0.01246658299351111,774733824,0.890625
2c24b5ea51298616,svhn,dropout,cnn,protocol-v3,0.6,0,2,3,301,0.005813333031255752,0.012332834012340754,774733824,0.9453125
2c24b5ea51298616,svhn,dropout,cnn,protocol-v3,0.6,0,2,3,302,0.005831791029777378,0.012431500013917685,774733824,0.9375
2c24b5ea51298616,svhn,dropout,cnn,protocol-v3,0.6,0,2,3,303,0.0057938750251196325,0.012390458025038242,774750208,0.828125
2c24b5ea51298616,svhn,dropout,cnn,protocol-v3,0.6,0,2,3,304,0.005845833045896143,0.012398666003718972,774750208,0.8984375
2c24b5ea51298616,svhn,dropout,cnn,protocol-v3,0.6,0,2,3,305,0.005837082979269326,0.01242216699756682,774750208,0.9453125
2c24b5ea51298616,svhn,dropout,cnn,protocol-v3,0.6,0,2,3,306,0.005890625005122274,0.012410417024511844,774750208,0.84375
2c24b5ea51298616,svhn,dropout,cnn,protocol-v3,0.6,0,2,3,307,0.005826915963552892,0.01242154196370393,774750208,0.921875
2c24b5ea51298616,svhn,dropout,cnn,protocol-v3,0.6,0,2,3,308,0.005865416023880243,0.012424832966644317,774750208,0.90625
2c24b5ea51298616,svhn,dropout,cnn,protocol-v3,0.6,0,2,3,309,0.005915792018640786,0.012487458996474743,774766592,0.9140625
2c24b5ea51298616,svhn,dropout,cnn,protocol-v3,0.6,0,2,3,310,0.006029416981618851,0.01273520797258243,774766592,0.890625
2c24b5ea51298616,svhn,dropout,cnn,protocol-v3,0.6,0,2,3,311,0.005925834004301578,0.012526042002718896,774766592,0.890625
2c24b5ea51298616,svhn,dropout,cnn,protocol-v3,0.6,0,2,3,312,0.005908124963752925,0.012569167010951787,774766592,0.8671875
2c24b5ea51298616,svhn,dropout,cnn,protocol-v3,0.6,0,2,3,313,0.0060591670335270464,0.012686542002484202,774766592,0.8984375
2c24b5ea51298616,svhn,dropout,cnn,protocol-v3,0.6,0,2,3,314,0.006057041988242418,0.012523750017862767,774766592,0.890625
2c24b5ea51298616,svhn,dropout,cnn,protocol-v3,0.6,0,2,3,315,0.005969499994534999,0.012495583039708436,774766592,0.8984375
2c24b5ea51298616,svhn,dropout,cnn,protocol-v3,0.6,0,2,3,316,0.005935041990596801,0.012457708013243973,774766592,0.8828125
2c24b5ea51298616,svhn,dropout,cnn,protocol-v3,0.6,0,2,3,317,0.005911458982154727,0.012489375018049031,774766592,0.875
2c24b5ea51298616,svhn,dropout,cnn,protocol-v3,0.6,0,2,3,318,0.00588816701201722,0.012488792010117322,774766592,0.8984375
2c24b5ea51298616,svhn,dropout,cnn,protocol-v3,0.6,0,2,3,319,0.005880334007088095,0.01247429201612249,774766592,0.8671875
2c24b5ea51298616,svhn,dropout,cnn,protocol-v3,0.6,0,2,3,320,0.005938332993537188,0.012579041998833418,774766592,0.8671875
2c24b5ea51298616,svhn,dropout,cnn,protocol-v3,0.6,0,2,3,321,0.005923125019762665,0.01259133400162682,774766592,0.890625
2c24b5ea51298616,svhn,dropout,cnn,protocol-v3,0.6,0,2,3,322,0.005992583988700062,0.01253933401312679,774766592,0.8984375
2c24b5ea51298616,svhn,dropout,cnn,protocol-v3,0.6,0,2,3,323,0.005920083029195666,0.012437042023520917,774766592,0.8984375
2c24b5ea51298616,svhn,dropout,cnn,protocol-v3,0.6,0,2,3,324,0.0058919580187648535,0.012443125015124679,774766592,0.9375
2c24b5ea51298616,svhn,dropout,cnn,protocol-v3,0.6,0,2,3,325,0.005959916044957936,0.012523792043793947,774766592,0.890625
2c24b5ea51298616,svhn,dropout,cnn,protocol-v3,0.6,0,2,3,326,0.005841083009727299,0.012608583027031273,774766592,0.921875
2c24b5ea51298616,svhn,dropout,cnn,protocol-v3,0.6,0,2,3,327,0.006022249988745898,0.012417957943398505,774766592,0.9296875
2c24b5ea51298616,svhn,dropout,cnn,protocol-v3,0.6,0,2,3,328,0.0058152080164290965,0.012452333001419902,774766592,0.875
2c24b5ea51298616,svhn,dropout,cnn,protocol-v3,0.6,0,2,3,329,0.005888791987672448,0.012422083003912121,774766592,0.90625
2c24b5ea51298616,svhn,dropout,cnn,protocol-v3,0.6,0,2,3,330,0.005843665974680334,0.01247429195791483,774766592,0.921875
2c24b5ea51298616,svhn,dropout,cnn,protocol-v3,0.6,0,2,3,331,0.005876125011127442,0.012405208020936698,774766592,0.890625
2c24b5ea51298616,svhn,dropout,cnn,protocol-v3,0.6,0,2,3,332,0.005838959012180567,0.012411207950208336,774766592,0.9375
2c24b5ea51298616,svhn,dropout,cnn,protocol-v3,0.6,0,2,3,333,0.005863542028237134,0.012441458005923778,774782976,0.90625
2c24b5ea51298616,svhn,dropout,cnn,protocol-v3,0.6,0,2,3,334,0.005876290961168706,0.012396999984048307,774782976,0.828125
2c24b5ea51298616,svhn,dropout,cnn,protocol-v3,0.6,0,2,3,335,0.0058184580411762,0.012409750022925436,774782976,0.921875
2c24b5ea51298616,svhn,dropout,cnn,protocol-v3,0.6,0,2,3,336,0.005840207973960787,0.012403167027514428,774782976,0.8984375
2c24b5ea51298616,svhn,dropout,cnn,protocol-v3,0.6,0,2,3,337,0.00584704102948308,0.012388750037644058,774799360,0.9140625
2c24b5ea51298616,svhn,dropout,cnn,protocol-v3,0.6,0,2,3,338,0.005836083961185068,0.012416916026268154,774799360,0.9296875
2c24b5ea51298616,svhn,dropout,cnn,protocol-v3,0.6,0,2,3,339,0.005838209006469697,0.012404999986756593,774799360,0.9375
2c24b5ea51298616,svhn,dropout,cnn,protocol-v3,0.6,0,2,3,340,0.005857083015143871,0.012381292006466538,774799360,0.8671875
2c24b5ea51298616,svhn,dropout,cnn,protocol-v3,0.6,0,2,3,341,0.005802833009511232,0.01243020803667605,774799360,0.8984375
2c24b5ea51298616,svhn,dropout,cnn,protocol-v3,0.6,0,2,3,342,0.0058634160086512566,0.0123649169690907,774799360,0.84375
2c24b5ea51298616,svhn,dropout,cnn,protocol-v3,0.6,0,2,3,343,0.0058470829972065985,0.01238212495809421,774799360,0.890625
2c24b5ea51298616,svhn,dropout,cnn,protocol-v3,0.6,0,2,3,344,0.005848250002600253,0.012381333974190056,774799360,0.84375
2c24b5ea51298616,svhn,dropout,cnn,protocol-v3,0.6,0,2,3,345,0.005880624987185001,0.012397416983731091,774799360,0.8671875
2c24b5ea51298616,svhn,dropout,cnn,protocol-v3,0.6,0,2,3,346,0.005913084023632109,0.012406666995957494,774799360,0.8984375
2c24b5ea51298616,svhn,dropout,cnn,protocol-v3,0.6,0,2,3,347,0.005833707982674241,0.012569749960675836,774799360,0.890625
2c24b5ea51298616,svhn,dropout,cnn,protocol-v3,0.6,0,2,3,348,0.00583545898552984,0.012422792031429708,774799360,0.921875
2c24b5ea51298616,svhn,dropout,cnn,protocol-v3,0.6,0,2,3,349,0.005892749992199242,0.012438624980859458,774799360,0.90625
2c24b5ea51298616,svhn,dropout,cnn,protocol-v3,0.6,0,2,3,350,0.005914875015150756,0.012457708013243973,774799360,0.90625
2c24b5ea51298616,svhn,dropout,cnn,protocol-v3,0.6,0,2,3,351,0.0059053340228274465,0.012436625023838133,774799360,0.8671875
2c24b5ea51298616,svhn,dropout,cnn,protocol-v3,0.6,0,2,3,352,0.0058690839796327055,0.012417707999702543,774799360,0.90625
2c24b5ea51298616,svhn,dropout,cnn,protocol-v3,0.6,0,2,3,353,0.005845375009812415,0.012418625003192574,774815744,0.90625
2c24b5ea51298616,svhn,dropout,cnn,protocol-v3,0.6,0,2,3,354,0.005873374990187585,0.012408167007379234,774815744,0.890625
2c24b5ea51298616,svhn,dropout,cnn,protocol-v3,0.6,0,2,3,355,0.00585545803187415,0.012485167011618614,774832128,0.8828125
2c24b5ea51298616,svhn,dropout,cnn,protocol-v3,0.6,0,2,3,356,0.005900665943045169,0.012401707994285971,774832128,0.921875
2c24b5ea51298616,svhn,dropout,cnn,protocol-v3,0.6,0,2,3,357,0.005817500001285225,0.012363124988041818,774848512,0.921875
2c24b5ea51298616,svhn,dropout,cnn,protocol-v3,0.6,0,2,3,358,0.005873915972188115,0.012417874997481704,774848512,0.9453125
2c24b5ea51298616,svhn,dropout,cnn,protocol-v3,0.6,0,2,3,359,0.005867249972652644,0.01241370796924457,774848512,0.9140625
2c24b5ea51298616,svhn,dropout,cnn,protocol-v3,0.6,0,2,3,360,0.005846083047799766,0.012508500018157065,774848512,0.96875
2c24b5ea51298616,svhn,dropout,cnn,protocol-v3,0.6,0,2,3,361,0.00586633401690051,0.012399166007526219,774848512,0.90625
2c24b5ea51298616,svhn,dropout,cnn,protocol-v3,0.6,0,2,3,362,0.005857790994923562,0.012423959036823362,774848512,0.9140625
2c24b5ea51298616,svhn,dropout,cnn,protocol-v3,0.6,0,2,3,363,0.005857333017047495,0.01241912500699982,774848512,0.859375
2c24b5ea51298616,svhn,dropout,cnn,protocol-v3,0.6,0,2,3,364,0.005862916994374245,0.012418249971233308,774848512,0.8671875
2c24b5ea51298616,svhn,dropout,cnn,protocol-v3,0.6,0,2,3,365,0.005852792004588991,0.012418500031344593,774848512,0.9140625
2c24b5ea51298616,svhn,dropout,cnn,protocol-v3,0.6,0,2,3,366,0.005873250018339604,0.012477625044994056,774848512,0.890625
2c24b5ea51298616,svhn,dropout,cnn,protocol-v3,0.6,0,2,3,367,0.00584591698134318,0.012360583990812302,774848512,0.9140625
2c24b5ea51298616,svhn,dropout,cnn,protocol-v3,0.6,0,2,3,368,0.005819499958306551,0.012384500005282462,774848512,0.8984375
2c24b5ea51298616,svhn,dropout,cnn,protocol-v3,0.6,0,2,3,369,0.005882665980607271,0.01241541700437665,774848512,0.9375
2c24b5ea51298616,svhn,dropout,cnn,protocol-v3,0.6,0,2,3,370,0.00584629102377221,0.012422291038092226,774848512,0.9296875
2c24b5ea51298616,svhn,dropout,cnn,protocol-v3,0.6,0,2,3,371,0.005870041961316019,0.012515083944890648,774848512,0.8671875
2c24b5ea51298616,svhn,dropout,cnn,protocol-v3,0.6,0,2,3,372,0.005867916974239051,0.012401165964547545,774848512,0.9453125
2c24b5ea51298616,svhn,dropout,cnn,protocol-v3,0.6,0,2,3,373,0.005839999997988343,0.012436749995686114,774848512,0.8828125
2c24b5ea51298616,svhn,dropout,cnn,protocol-v3,0.6,0,2,3,374,0.005847707972861826,0.012424291984643787,774848512,0.90625
2c24b5ea51298616,svhn,dropout,cnn,protocol-v3,0.6,0,2,3,375,0.005891125008929521,0.012429124966729432,774848512,0.9296875
2c24b5ea51298616,svhn,dropout,cnn,protocol-v3,0.6,0,2,3,376,0.005900832999031991,0.012419082981068641,774848512,0.90625
2c24b5ea51298616,svhn,dropout,cnn,protocol-v3,0.6,0,2,3,377,0.0058507079957053065,0.012406457972247154,774864896,0.90625
2c24b5ea51298616,svhn,dropout,cnn,protocol-v3,0.6,0,2,3,378,0.0058612500433810055,0.012370040989480913,774864896,0.890625
2c24b5ea51298616,svhn,dropout,cnn,protocol-v3,0.6,0,2,3,379,0.005803333013318479,0.012328875018283725,774864896,0.890625
2c24b5ea51298616,svhn,dropout,cnn,protocol-v3,0.6,0,2,3,380,0.005784666980616748,0.012440167018212378,774881280,0.8671875
2c24b5ea51298616,svhn,dropout,cnn,protocol-v3,0.6,0,2,3,381,0.005794875032734126,0.012340874993242323,774881280,0.8828125
2c24b5ea51298616,svhn,dropout,cnn,protocol-v3,0.6,0,2,3,382,0.005785708024632186,0.012335792009253055,774881280,0.890625
2c24b5ea51298616,svhn,dropout,cnn,protocol-v3,0.6,0,2,3,383,0.005811125040054321,0.012329749995842576,774881280,0.9296875
2c24b5ea51298616,svhn,dropout,cnn,protocol-v3,0.6,0,2,3,384,0.005812791991047561,0.01235354202799499,774881280,0.8828125
2c24b5ea51298616,svhn,dropout,cnn,protocol-v3,0.6,0,2,3,385,0.005847707972861826,0.01240420900285244,774881280,0.8984375
2c24b5ea51298616,svhn,dropout,cnn,protocol-v3,0.6,0,2,3,386,0.0058090409729629755,0.01234283298254013,774881280,0.8671875
2c24b5ea51298616,svhn,dropout,cnn,protocol-v3,0.6,0,2,3,387,0.005784416978713125,0.01233354100259021,774897664,0.9296875
2c24b5ea51298616,svhn,dropout,cnn,protocol-v3,0.6,0,2,3,388,0.005814042000565678,0.0123376669944264,774897664,0.90625
2c24b5ea51298616,svhn,dropout,cnn,protocol-v3,0.6,0,2,3,389,0.005790082970634103,0.01236774999415502,774897664,0.9296875
2c24b5ea51298616,svhn,dropout,cnn,protocol-v3,0.6,0,2,3,390,0.005825333995744586,0.012387458002194762,774897664,0.90625
2c24b5ea51298616,svhn,dropout,cnn,protocol-v3,0.6,0,2,3,391,0.0057988749467767775,0.012317207991145551,774897664,0.9296875
2c24b5ea51298616,svhn,dropout,cnn,protocol-v3,0.6,0,2,3,392,0.00580195797374472,0.012396459002047777,774897664,0.9296875
2c24b5ea51298616,svhn,dropout,cnn,protocol-v3,0.6,0,2,3,393,0.005806041008327156,0.012306458957027644,774897664,0.8671875
2c24b5ea51298616,svhn,dropout,cnn,protocol-v3,0.6,0,2,3,394,0.005779250001069158,0.012403208995237947,774897664,0.90625
2c24b5ea51298616,svhn,dropout,cnn,protocol-v3,0.6,0,2,3,395,0.005834917013999075,0.01231874997029081,774897664,0.9140625
2c24b5ea51298616,svhn,dropout,cnn,protocol-v3,0.6,0,2,3,396,0.00582237500930205,0.012314666993916035,774914048,0.8828125
2c24b5ea51298616,svhn,dropout,cnn,protocol-v3,0.6,0,2,3,397,0.005791208008304238,0.012325707997661084,774914048,0.8984375
2c24b5ea51298616,svhn,dropout,cnn,protocol-v3,0.6,0,2,3,398,0.005839375022333115,0.012331416015513241,774914048,0.90625
2c24b5ea51298616,svhn,dropout,cnn,protocol-v3,0.6,0,2,3,399,0.005803041975013912,0.012337833002675325,774914048,0.890625
2c24b5ea51298616,svhn,dropout,cnn,protocol-v3,0.6,0,2,3,400,0.005835500021930784,0.012339041975792497,774914048,0.90625
2c24b5ea51298616,svhn,dropout,cnn,protocol-v3,0.6,0,2,3,401,0.005864666018169373,0.012363541987724602,774914048,0.8828125
2c24b5ea51298616,svhn,dropout,cnn,protocol-v3,0.6,0,2,3,402,0.005813458003103733,0.012339458044152707,774914048,0.859375
2c24b5ea51298616,svhn,dropout,cnn,protocol-v3,0.6,0,2,3,403,0.005798082973342389,0.012401124986354262,774914048,0.921875
2c24b5ea51298616,svhn,dropout,cnn,protocol-v3,0.6,0,2,3,404,0.005884167039766908,0.012430041970219463,774914048,0.9296875
2c24b5ea51298616,svhn,dropout,cnn,protocol-v3,0.6,0,2,3,405,0.005813708005007356,0.01239874999737367,774914048,0.875
2c24b5ea51298616,svhn,dropout,cnn,protocol-v3,0.6,0,2,3,406,0.005793999996967614,0.012355584010947496,774914048,0.875
2c24b5ea51298616,svhn,dropout,cnn,protocol-v3,0.6,0,2,3,407,0.005801250052172691,0.012326665979344398,774914048,0.9140625
2c24b5ea51298616,svhn,dropout,cnn,protocol-v3,0.6,0,2,3,408,0.005817249999381602,0.012343541951850057,774914048,0.9140625
2c24b5ea51298616,svhn,dropout,cnn,protocol-v3,0.6,0,2,3,409,0.005808249989058822,0.012349708995316178,774914048,0.8984375
2c24b5ea51298616,svhn,dropout,cnn,protocol-v3,0.6,0,2,3,410,0.005839916004333645,0.012357458006590605,774914048,0.890625
2c24b5ea51298616,svhn,dropout,cnn,protocol-v3,0.6,0,2,3,411,0.0057996250106953084,0.012362624984234571,774914048,0.921875
2c24b5ea51298616,svhn,dropout,cnn,protocol-v3,0.6,0,2,3,412,0.005785792018286884,0.012386667018290609,774914048,0.8984375
2c24b5ea51298616,svhn,dropout,cnn,protocol-v3,0.6,0,2,3,413,0.005853665992617607,0.0124055000487715,774914048,0.9140625
2c24b5ea51298616,svhn,dropout,cnn,protocol-v3,0.6,0,2,3,414,0.0058133749989792705,0.01235574996098876,774914048,0.921875
2c24b5ea51298616,svhn,dropout,cnn,protocol-v3,0.6,0,2,3,415,0.0057946250308305025,0.012325834017246962,774914048,0.90625
2c24b5ea51298616,svhn,dropout,cnn,protocol-v3,0.6,0,2,3,416,0.005787541973404586,0.012386000016704202,774914048,0.8515625
2c24b5ea51298616,svhn,dropout,cnn,protocol-v3,0.6,0,2,3,417,0.005818292032927275,0.012403875007294118,774914048,0.875
2c24b5ea51298616,svhn,dropout,cnn,protocol-v3,0.6,0,2,3,418,0.005777832993771881,0.012319082976318896,774914048,0.9296875
2c24b5ea51298616,svhn,dropout,cnn,protocol-v3,0.6,0,2,3,419,0.005826874985359609,0.012322416994720697,774914048,0.9140625
2c24b5ea51298616,svhn,dropout,cnn,protocol-v3,0.6,0,2,3,420,0.005799250036943704,0.012399832950904965,774914048,0.90625
2c24b5ea51298616,svhn,dropout,cnn,protocol-v3,0.6,0,2,3,421,0.005846667045261711,0.012378667015582323,774914048,0.875
2c24b5ea51298616,svhn,dropout,cnn,protocol-v3,0.6,0,2,3,422,0.005780917010270059,0.012360875029116869,774930432,0.8984375
2c24b5ea51298616,svhn,dropout,cnn,protocol-v3,0.6,0,2,3,423,0.005944916047155857,0.012403208995237947,774930432,0.875
2c24b5ea51298616,svhn,dropout,cnn,protocol-v3,0.6,0,2,3,424,0.005847542022820562,0.012326082971412688,774930432,0.890625
2c24b5ea51298616,svhn,dropout,cnn,protocol-v3,0.6,0,2,3,425,0.005808916001114994,0.012353083991911262,774930432,0.8984375
2c24b5ea51298616,svhn,dropout,cnn,protocol-v3,0.6,0,2,3,426,0.005853709008079022,0.012376500002574176,774930432,0.8984375
2c24b5ea51298616,svhn,dropout,cnn,protocol-v3,0.6,0,2,3,427,0.005780040984973311,0.0123724170261994,774930432,0.921875
2c24b5ea51298616,svhn,dropout,cnn,protocol-v3,0.6,0,2,3,428,0.005784541019238532,0.012328208016697317,774930432,0.8828125
2c24b5ea51298616,svhn,dropout,cnn,protocol-v3,0.6,0,2,3,429,0.00583129096776247,0.012342249974608421,774930432,0.90625
2c24b5ea51298616,svhn,dropout,cnn,protocol-v3,0.6,0,2,3,430,0.005797040998004377,0.012398040969856083,774930432,0.9140625
2c24b5ea51298616,svhn,dropout,cnn,protocol-v3,0.6,0,2,3,431,0.005853709008079022,0.01233762496849522,774930432,0.921875
2c24b5ea51298616,svhn,dropout,cnn,protocol-v3,0.6,0,2,3,432,0.005819458980113268,0.012429415946826339,774930432,0.90625
2c24b5ea51298616,svhn,dropout,cnn,protocol-v3,0.6,0,2,3,433,0.005840792029630393,0.012447040993720293,774930432,0.921875
2c24b5ea51298616,svhn,dropout,cnn,protocol-v3,0.6,0,2,3,434,0.005822999984957278,0.012381749984342605,774946816,0.90625
2c24b5ea51298616,svhn,dropout,cnn,protocol-v3,0.6,0,2,3,435,0.0058379999827593565,0.01238566602114588,774946816,0.953125
2c24b5ea51298616,svhn,dropout,cnn,protocol-v3,0.6,0,2,3,436,0.005835290998220444,0.012396375008393079,774946816,0.9140625
2c24b5ea51298616,svhn,dropout,cnn,protocol-v3,0.6,0,2,3,437,0.0059183340054005384,0.012387041992042214,774946816,0.8984375
2c24b5ea51298616,svhn,dropout,cnn,protocol-v3,0.6,0,2,3,438,0.005829541012644768,0.012408582959324121,774946816,0.921875
2c24b5ea51298616,svhn,dropout,cnn,protocol-v3,0.6,0,2,3,439,0.005826624983455986,0.012380499974824488,774946816,0.8359375
2c24b5ea51298616,svhn,dropout,cnn,protocol-v3,0.6,0,2,3,440,0.005832666996866465,0.012366749986540526,774946816,0.9140625
2c24b5ea51298616,svhn,dropout,cnn,protocol-v3,0.6,0,2,3,441,0.005861083976924419,0.012426167028024793,774946816,0.9140625
2c24b5ea51298616,svhn,dropout,cnn,protocol-v3,0.6,0,2,3,442,0.005912749969866127,0.01240237505408004,774946816,0.8828125
2c24b5ea51298616,svhn,dropout,cnn,protocol-v3,0.6,0,2,3,443,0.005850874993484467,0.012408792041242123,774946816,0.9140625
2c24b5ea51298616,svhn,dropout,cnn,protocol-v3,0.6,0,2,3,444,0.005846959014888853,0.01237762498203665,774946816,0.8984375
2c24b5ea51298616,svhn,dropout,cnn,protocol-v3,0.6,0,2,3,445,0.005836625001393259,0.012386333022732288,774946816,0.90625
2c24b5ea51298616,svhn,dropout,cnn,protocol-v3,0.6,0,2,3,446,0.005832624970935285,0.01239724998595193,774946816,0.90625
2c24b5ea51298616,svhn,dropout,cnn,protocol-v3,0.6,0,2,3,447,0.005843915976583958,0.01240920799318701,774946816,0.921875
2c24b5ea51298616,svhn,dropout,cnn,protocol-v3,0.6,0,2,3,448,0.005861999990884215,0.012377165956422687,774946816,0.9140625
2c24b5ea51298616,svhn,dropout,cnn,protocol-v3,0.6,0,2,3,449,0.00581241596955806,0.012407374975737184,774946816,0.8515625
2c24b5ea51298616,svhn,dropout,cnn,protocol-v3,0.6,0,2,3,450,0.005824375024531037,0.012388417031615973,774963200,0.8984375
2c24b5ea51298616,svhn,dropout,cnn,protocol-v3,0.6,0,2,3,451,0.005824833002407104,0.012377291976008564,774963200,0.8671875
2c24b5ea51298616,svhn,dropout,cnn,protocol-v3,0.6,0,2,3,452,0.005824375024531037,0.012382542015984654,774979584,0.90625
2c24b5ea51298616,svhn,dropout,cnn,protocol-v3,0.6,0,2,3,453,0.005838708020746708,0.012413499993272126,774979584,0.9296875
2c24b5ea51298616,svhn,dropout,cnn,protocol-v3,0.6,0,2,3,454,0.005853459006175399,0.012426666973624378,774979584,0.90625
2c24b5ea51298616,svhn,dropout,cnn,protocol-v3,0.6,0,2,3,455,0.005898291012272239,0.012464583036489785,774979584,0.9140625
2c24b5ea51298616,svhn,dropout,cnn,protocol-v3,0.6,0,2,3,456,0.005848333006724715,0.012421666004229337,774979584,0.859375
2c24b5ea51298616,svhn,dropout,cnn,protocol-v3,0.6,0,2,3,457,0.005862458026967943,0.012380250031128526,774979584,0.8203125
2c24b5ea51298616,svhn,dropout,cnn,protocol-v3,0.6,0,2,3,458,0.005810040980577469,0.012432417017407715,774979584,0.859375
2c24b5ea51298616,svhn,dropout,cnn,protocol-v3,0.6,0,2,3,459,0.005840125028043985,0.01241783401928842,774979584,0.921875
2c24b5ea51298616,svhn,dropout,cnn,protocol-v3,0.6,0,2,3,460,0.005933959037065506,0.01270216703414917,774979584,0.90625
2c24b5ea51298616,svhn,dropout,cnn,protocol-v3,0.6,0,2,3,461,0.006265249976422638,0.012419208011124283,774979584,0.9296875
2c24b5ea51298616,svhn,dropout,cnn,protocol-v3,0.6,0,2,3,462,0.00586329196812585,0.012433249969035387,774979584,0.8984375
2c24b5ea51298616,svhn,dropout,cnn,protocol-v3,0.6,0,2,3,463,0.005828249966725707,0.012426332978066057,774995968,0.9375
2c24b5ea51298616,svhn,dropout,cnn,protocol-v3,0.6,0,2,3,464,0.005873290996532887,0.012434332980774343,774995968,0.921875
2c24b5ea51298616,svhn,dropout,cnn,protocol-v3,0.6,0,2,3,465,0.0058735000202432275,0.012446374981664121,774995968,0.890625
2c24b5ea51298616,svhn,dropout,cnn,protocol-v3,0.6,0,2,3,466,0.00585712498286739,0.012399333994835615,774995968,0.9296875
2c24b5ea51298616,svhn,dropout,cnn,protocol-v3,0.6,0,2,3,467,0.005797958991024643,0.012331834004726261,774995968,0.921875
2c24b5ea51298616,svhn,dropout,cnn,protocol-v3,0.6,0,2,3,468,0.005808458023238927,0.012445624975953251,775012352,0.890625
2c24b5ea51298616,svhn,dropout,cnn,protocol-v3,0.6,0,2,3,469,0.005856291973032057,0.01243054197402671,775012352,0.890625
2c24b5ea51298616,svhn,dropout,cnn,protocol-v3,0.6,0,2,3,470,0.005872791982255876,0.012414542026817799,775012352,0.859375
2c24b5ea51298616,svhn,dropout,cnn,protocol-v3,0.6,0,2,3,471,0.005850082961842418,0.012398957973346114,775012352,0.90625
2c24b5ea51298616,svhn,dropout,cnn,protocol-v3,0.6,0,2,3,472,0.005859667027834803,0.012421499995980412,775012352,0.875
2c24b5ea51298616,svhn,dropout,cnn,protocol-v3,0.6,0,2,3,473,0.00587208301294595,0.012414333003107458,775012352,0.828125
2c24b5ea51298616,svhn,dropout,cnn,protocol-v3,0.6,0,2,3,474,0.005851999972946942,0.012523874989710748,775012352,0.8984375
2c24b5ea51298616,svhn,dropout,cnn,protocol-v3,0.6,0,2,3,475,0.0059074999880976975,0.01241370796924457,775028736,0.9140625
2c24b5ea51298616,svhn,dropout,cnn,protocol-v3,0.6,0,2,3,476,0.005777541024144739,0.012380958010908216,775028736,0.8828125
2c24b5ea51298616,svhn,dropout,cnn,protocol-v3,0.6,0,2,3,477,0.005837042001076043,0.012310624995734543,775028736,0.8984375
2c24b5ea51298616,svhn,dropout,cnn,protocol-v3,0.6,0,2,3,478,0.005809375026728958,0.012409500021021813,775045120,0.9453125
2c24b5ea51298616,svhn,dropout,cnn,protocol-v3,0.6,0,2,3,479,0.005865000013727695,0.012404417037032545,775045120,0.8828125
2c24b5ea51298616,svhn,dropout,cnn,protocol-v3,0.6,0,2,3,480,0.005836166033986956,0.01233162498101592,775045120,0.8359375
2c24b5ea51298616,svhn,dropout,cnn,protocol-v3,0.6,0,2,3,481,0.0058786250301636755,0.012414042023010552,775045120,0.890625
2c24b5ea51298616,svhn,dropout,cnn,protocol-v3,0.6,0,2,3,482,0.0058640839997678995,0.012484833016060293,775045120,0.921875
2c24b5ea51298616,svhn,dropout,cnn,protocol-v3,0.6,0,2,3,483,0.005831458023749292,0.01240791700547561,775045120,0.90625
2c24b5ea51298616,svhn,dropout,cnn,protocol-v3,0.6,0,2,3,484,0.005847540975082666,0.012412915995810181,775045120,0.8984375
2c24b5ea51298616,svhn,dropout,cnn,protocol-v3,0.6,0,2,3,485,0.005856333009433001,0.012425958004314452,775045120,0.90625
2c24b5ea51298616,svhn,dropout,cnn,protocol-v3,0.6,0,2,3,486,0.005903499957639724,0.012425415974576026,775045120,0.8828125
2c24b5ea51298616,svhn,dropout,cnn,protocol-v3,0.6,0,2,3,487,0.005867250030860305,0.012550665996968746,775045120,0.8515625
2c24b5ea51298616,svhn,dropout,cnn,protocol-v3,0.6,0,2,3,488,0.005859917029738426,0.01237450004555285,775045120,0.890625
2c24b5ea51298616,svhn,dropout,cnn,protocol-v3,0.6,0,2,3,489,0.0058416660176590085,0.012349041004199535,775045120,0.9140625
2c24b5ea51298616,svhn,dropout,cnn,protocol-v3,0.6,0,2,3,490,0.005807209003251046,0.012392499949783087,775045120,0.9296875
2c24b5ea51298616,svhn,dropout,cnn,protocol-v3,0.6,0,2,3,491,0.005861500045284629,0.012385917012579739,775061504,0.8671875
2c24b5ea51298616,svhn,dropout,cnn,protocol-v3,0.6,0,2,3,492,0.005795750010292977,0.012392209027893841,775061504,0.8828125
2c24b5ea51298616,svhn,dropout,cnn,protocol-v3,0.6,0,2,3,493,0.005834584007970989,0.01240549999056384,775077888,0.9296875
2c24b5ea51298616,svhn,dropout,cnn,protocol-v3,0.6,0,2,3,494,0.005846249987371266,0.012425291002728045,775077888,0.9296875
2c24b5ea51298616,svhn,dropout,cnn,protocol-v3,0.6,0,2,3,495,0.005850916961207986,0.012414125027135015,775077888,0.90625
2c24b5ea51298616,svhn,dropout,cnn,protocol-v3,0.6,0,2,3,496,0.005854792019817978,0.012437750003300607,775077888,0.890625
2c24b5ea51298616,svhn,dropout,cnn,protocol-v3,0.6,0,2,3,497,0.00588666700059548,0.012425332970451564,775077888,0.9375
2c24b5ea51298616,svhn,dropout,cnn,protocol-v3,0.6,0,2,3,498,0.005963458039332181,0.012547000020276755,775077888,0.8828125
2c24b5ea51298616,svhn,dropout,cnn,protocol-v3,0.6,0,2,3,499,0.005930333980359137,0.01254041597712785,775077888,0.890625
2c24b5ea51298616,svhn,dropout,cnn,protocol-v3,0.6,0,2,3,500,0.005884999991394579,0.012446583015844226,775077888,0.890625
2c24b5ea51298616,svhn,dropout,cnn,protocol-v3,0.6,0,2,3,501,0.005862082995008677,0.012385790992993861,775077888,0.9140625
2c24b5ea51298616,svhn,dropout,cnn,protocol-v3,0.6,0,2,3,502,0.00579691695747897,0.0123720410047099,775077888,0.8984375
2c24b5ea51298616,svhn,dropout,cnn,protocol-v3,0.6,0,2,3,503,0.005841707985382527,0.012411125004291534,775077888,0.90625
2c24b5ea51298616,svhn,dropout,cnn,protocol-v3,0.6,0,2,3,504,0.005870125023648143,0.012501958990469575,775077888,0.9453125
2c24b5ea51298616,svhn,dropout,cnn,protocol-v3,0.6,0,2,3,505,0.005892665998544544,0.012479999975766987,775077888,0.90625
2c24b5ea51298616,svhn,dropout,cnn,protocol-v3,0.6,0,2,3,506,0.005876583978533745,0.01249162497697398,775077888,0.8984375
2c24b5ea51298616,svhn,dropout,cnn,protocol-v3,0.6,0,2,3,507,0.005881042045075446,0.012511915992945433,775077888,0.8515625
2c24b5ea51298616,svhn,dropout,cnn,protocol-v3,0.6,0,2,3,508,0.005901459022425115,0.012522874982096255,775094272,0.921875
2c24b5ea51298616,svhn,dropout,cnn,protocol-v3,0.6,0,2,3,509,0.005883875011932105,0.01239262503804639,775094272,0.9375
2c24b5ea51298616,svhn,dropout,cnn,protocol-v3,0.6,0,2,3,510,0.005854249990079552,0.01241837500128895,775094272,0.875
2c24b5ea51298616,svhn,dropout,cnn,protocol-v3,0.6,0,2,3,511,0.005863916012458503,0.012422083993442357,775094272,0.8984375
2c24b5ea51298616,svhn,dropout,cnn,protocol-v3,0.6,0,2,3,512,0.005879041971638799,0.012446625041775405,775094272,0.8984375
2c24b5ea51298616,svhn,dropout,cnn,protocol-v3,0.6,0,2,3,513,0.005877583986148238,0.01251408294774592,775094272,0.859375
2c24b5ea51298616,svhn,dropout,cnn,protocol-v3,0.6,0,2,3,514,0.0057931249612011015,0.012350666976999491,775110656,0.8828125
2c24b5ea51298616,svhn,dropout,cnn,protocol-v3,0.6,0,2,3,515,0.005860375007614493,0.012375666992738843,775110656,0.8828125
2c24b5ea51298616,svhn,dropout,cnn,protocol-v3,0.6,0,2,3,516,0.005754042009357363,0.012407041969709098,775110656,0.9453125
2c24b5ea51298616,svhn,dropout,cnn,protocol-v3,0.6,0,2,3,517,0.005861167039256543,0.01250587496906519,775110656,0.9140625
2c24b5ea51298616,svhn,dropout,cnn,protocol-v3,0.6,0,2,3,518,0.0058097089640796185,0.01236024999525398,775110656,0.90625
2c24b5ea51298616,svhn,dropout,cnn,protocol-v3,0.6,0,2,3,519,0.0058767920127138495,0.012444375024642795,775110656,0.890625
2c24b5ea51298616,svhn,dropout,cnn,protocol-v3,0.6,0,2,3,520,0.005768875009380281,0.01239508402068168,775110656,0.9296875
2c24b5ea51298616,svhn,dropout,cnn,protocol-v3,0.6,0,2,3,521,0.00579074997222051,0.012411249976139516,775110656,0.859375
2c24b5ea51298616,svhn,dropout,cnn,protocol-v3,0.6,0,2,3,522,0.005825790984090418,0.012400583014823496,775110656,0.859375
2c24b5ea51298616,svhn,dropout,cnn,protocol-v3,0.6,0,2,3,523,0.005784916982520372,0.012395458004903048,775110656,0.90625
2c24b5ea51298616,svhn,dropout,cnn,protocol-v3,0.6,0,2,3,524,0.005793499993160367,0.012320290959905833,775110656,0.96875
2c24b5ea51298616,svhn,dropout,cnn,protocol-v3,0.6,0,2,3,525,0.005793874966911972,0.012348167016170919,775110656,0.9453125
2c24b5ea51298616,svhn,dropout,cnn,protocol-v3,0.6,0,2,3,526,0.005774708988610655,0.012369000003673136,775110656,0.90625
2c24b5ea51298616,svhn,dropout,cnn,protocol-v3,0.6,0,2,3,527,0.005789792048744857,0.012353125028312206,775110656,0.921875
2c24b5ea51298616,svhn,dropout,cnn,protocol-v3,0.6,0,2,3,528,0.005777540965937078,0.01232491701375693,775110656,0.90625
2c24b5ea51298616,svhn,dropout,cnn,protocol-v3,0.6,0,2,3,529,0.005849375040270388,0.012349833967164159,775110656,0.9375
2c24b5ea51298616,svhn,dropout,cnn,protocol-v3,0.6,0,2,3,530,0.00587058300152421,0.012364916037768126,775110656,0.8828125
2c24b5ea51298616,svhn,dropout,cnn,protocol-v3,0.6,0,2,3,531,0.005823707964736968,0.01242658297996968,775110656,0.8515625
2c24b5ea51298616,svhn,dropout,cnn,protocol-v3,0.6,0,2,3,532,0.005780041974503547,0.012349665979854763,775110656,0.859375
2c24b5ea51298616,svhn,dropout,cnn,protocol-v3,0.6,0,2,3,533,0.005830916983541101,0.012325207993853837,775110656,0.8984375
2c24b5ea51298616,svhn,dropout,cnn,protocol-v3,0.6,0,2,3,534,0.00579354097135365,0.012350667035207152,775110656,0.890625
2c24b5ea51298616,svhn,dropout,cnn,protocol-v3,0.6,0,2,3,535,0.005805499968118966,0.012344415998086333,775110656,0.9140625
2c24b5ea51298616,svhn,dropout,cnn,protocol-v3,0.6,0,2,3,536,0.005811000009998679,0.012411416973918676,775110656,0.84375
2c24b5ea51298616,svhn,dropout,cnn,protocol-v3,0.6,0,2,3,537,0.00580345798516646,0.012374292011372745,775110656,0.9296875
2c24b5ea51298616,svhn,dropout,cnn,protocol-v3,0.6,0,2,3,538,0.005843624996487051,0.01243358402280137,775110656,0.90625
2c24b5ea51298616,svhn,dropout,cnn,protocol-v3,0.6,0,2,3,539,0.005788582959212363,0.012422333005815744,775110656,0.9140625
2c24b5ea51298616,svhn,dropout,cnn,protocol-v3,0.6,0,2,3,540,0.005775666970293969,0.012410374998580664,775110656,0.84375
2c24b5ea51298616,svhn,dropout,cnn,protocol-v3,0.6,0,2,3,541,0.00579450000077486,0.012370415963232517,775110656,0.890625
2c24b5ea51298616,svhn,dropout,cnn,protocol-v3,0.6,0,2,3,542,0.005883667035959661,0.01241670799208805,775127040,0.8515625
2c24b5ea51298616,svhn,dropout,cnn,protocol-v3,0.6,0,2,3,543,0.005832458031363785,0.012382666987832636,775143424,0.9375
2c24b5ea51298616,svhn,dropout,cnn,protocol-v3,0.6,0,2,3,544,0.005795707984361798,0.012344624963589013,775143424,0.8984375
2c24b5ea51298616,svhn,dropout,cnn,protocol-v3,0.6,0,2,3,545,0.005840625031851232,0.012345041963271797,775143424,0.8671875
2c24b5ea51298616,svhn,dropout,cnn,protocol-v3,0.6,0,2,3,546,0.005829625006299466,0.01232641696697101,775143424,0.890625
2c24b5ea51298616,svhn,dropout,cnn,protocol-v3,0.6,0,2,3,547,0.005841000005602837,0.01253466703929007,775159808,0.9140625
2c24b5ea51298616,svhn,dropout,cnn,protocol-v3,0.6,0,2,3,548,0.00578237499576062,0.012341458001174033,775159808,0.9296875
2c24b5ea51298616,svhn,dropout,cnn,protocol-v3,0.6,0,2,3,549,0.005789124988950789,0.012377959035802633,775159808,0.875
2c24b5ea51298616,svhn,dropout,cnn,protocol-v3,0.6,0,2,3,550,0.005895957991015166,0.012374249985441566,775159808,0.921875
2c24b5ea51298616,svhn,dropout,cnn,protocol-v3,0.6,0,2,3,551,0.005784833978395909,0.012352291960269213,775159808,0.875
2c24b5ea51298616,svhn,dropout,cnn,protocol-v3,0.6,0,2,3,552,0.0057714590220712125,0.012327083968557417,775159808,0.875
2c24b5ea51298616,svhn,dropout,cnn,protocol-v3,0.6,0,2,3,553,0.00579470896627754,0.012416041980031878,775159808,0.8671875
2c24b5ea51298616,svhn,dropout,cnn,protocol-v3,0.6,0,2,3,554,0.005896167014725506,0.012348417018074542,775159808,0.8984375
2c24b5ea51298616,svhn,dropout,cnn,protocol-v3,0.6,0,2,3,555,0.005907583050429821,0.012442959006875753,775176192,0.9140625
2c24b5ea51298616,svhn,dropout,cnn,protocol-v3,0.6,0,2,3,556,0.005789916031062603,0.012383292021695524,775176192,0.875
2c24b5ea51298616,svhn,dropout,cnn,protocol-v3,0.6,0,2,3,557,0.005834916024468839,0.012331999954767525,775176192,0.921875
2c24b5ea51298616,svhn,dropout,cnn,protocol-v3,0.6,0,2,3,558,0.005853082984685898,0.01242137502413243,775176192,0.8828125
2c24b5ea51298616,svhn,dropout,cnn,protocol-v3,0.6,0,2,3,559,0.005846708023454994,0.012537833012174815,775176192,0.921875
2c24b5ea51298616,svhn,dropout,cnn,protocol-v3,0.6,0,2,3,560,0.005905875004827976,0.012417374993674457,775176192,0.921875
2c24b5ea51298616,svhn,dropout,cnn,protocol-v3,0.6,0,2,3,561,0.0058282079990021884,0.012429958034772426,775176192,0.9140625
2c24b5ea51298616,svhn,dropout,cnn,protocol-v3,0.6,0,2,3,562,0.005832540977280587,0.01240554201649502,775176192,0.921875
2c24b5ea51298616,svhn,dropout,cnn,protocol-v3,0.6,0,2,3,563,0.005826541979331523,0.012362292036414146,775176192,0.9453125
2c24b5ea51298616,svhn,dropout,cnn,protocol-v3,0.6,0,2,3,564,0.005826624983455986,0.012411375006195158,775176192,0.9140625
2c24b5ea51298616,svhn,dropout,cnn,protocol-v3,0.6,0,2,3,565,0.00585412496002391,0.012402417021803558,775176192,0.9453125
2c24b5ea51298616,svhn,dropout,cnn,protocol-v3,0.6,0,2,3,566,0.005833291041199118,0.012377791979815811,775176192,0.8515625
2c24b5ea51298616,svhn,dropout,cnn,protocol-v3,0.6,0,2,3,567,0.005834416951984167,0.012407874979544431,775176192,0.9296875
2c24b5ea51298616,svhn,dropout,cnn,protocol-v3,0.6,0,2,3,568,0.005841583013534546,0.012379166961181909,775176192,0.90625
2c24b5ea51298616,svhn,dropout,cnn,protocol-v3,0.6,0,2,3,569,0.00583204097347334,0.012393249955493957,775176192,0.8828125
2c24b5ea51298616,svhn,dropout,cnn,protocol-v3,0.6,0,2,3,570,0.005862125020939857,0.012383875029627234,775176192,0.875
2c24b5ea51298616,svhn,dropout,cnn,protocol-v3,0.6,0,2,3,571,0.00584895903011784,0.012419459002558142,775176192,0.8828125
2c24b5ea51298616,svhn,dropout,cnn,protocol-v3,0.6,0,2,3,572,0.0024176669539883733,0.005007083993405104,775176192,0.8536585365853658
