run_id,dataset,model,architecture,protocol_version,keep_ratio,block_size,seed,epoch,batch,forward_time_s,backward_time_s,memory_bytes,batch_accuracy
7d43a6738de38655,kmnist,ssb-v1-block,mlp,protocol-v3,0.4,8,5,1,0,0.04952629201579839,0.03888220805674791,480591872,0.1171875
7d43a6738de38655,kmnist,ssb-v1-block,mlp,protocol-v3,0.4,8,5,1,1,0.0010497909970581532,0.014428417023736984,496418816,0.140625
7d43a6738de38655,kmnist,ssb-v1-block,mlp,protocol-v3,0.4,8,5,1,2,0.0013296249671839178,0.01370125001994893,500269056,0.1328125
7d43a6738de38655,kmnist,ssb-v1-block,mlp,protocol-v3,0.4,8,5,1,3,0.0012889589997939765,0.019946124986745417,505200640,0.140625
7d43a6738de38655,kmnist,ssb-v1-block,mlp,protocol-v3,0.4,8,5,1,4,0.0009843750158324838,0.013340417004656047,508346368,0.1953125
7d43a6738de38655,kmnist,ssb-v1-block,mlp,protocol-v3,0.4,8,5,1,5,0.0012192500289529562,0.004196333000436425,508608512,0.2578125
7d43a6738de38655,kmnist,ssb-v1-block,mlp,protocol-v3,0.4,8,5,1,6,0.000645708991214633,0.012942332949023694,511524864,0.2421875
7d43a6738de38655,kmnist,ssb-v1-block,mlp,protocol-v3,0.4,8,5,1,7,0.0006340410327538848,0.011533666984178126,514260992,0.28125
7d43a6738de38655,kmnist,ssb-v1-block,mlp,protocol-v3,0.4,8,5,1,8,0.0006215409957803786,0.012380000029224902,517537792,0.3515625
7d43a6738de38655,kmnist,ssb-v1-block,mlp,protocol-v3,0.4,8,5,1,9,0.0010315829422324896,0.01217316702241078,520585216,0.40625
7d43a6738de38655,kmnist,ssb-v1-block,mlp,protocol-v3,0.4,8,5,1,10,0.0006119169993326068,0.012341249966993928,523665408,0.4140625
7d43a6738de38655,kmnist,ssb-v1-block,mlp,protocol-v3,0.4,8,5,1,11,0.000915749988052994,0.018798125034663826,528809984,0.4765625
7d43a6738de38655,kmnist,ssb-v1-block,mlp,protocol-v3,0.4,8,5,1,12,0.0010170000023208559,0.012839250033721328,532414464,0.4296875
7d43a6738de38655,kmnist,ssb-v1-block,mlp,protocol-v3,0.4,8,5,1,13,0.0010461659985594451,0.008088666014373302,534036480,0.46875
7d43a6738de38655,kmnist,ssb-v1-block,mlp,protocol-v3,0.4,8,5,1,14,0.0006303330301307142,0.0019953750306740403,534446080,0.453125
7d43a6738de38655,kmnist,ssb-v1-block,mlp,protocol-v3,0.4,8,5,1,15,0.0006284580449573696,0.007169916003476828,535986176,0.3515625
7d43a6738de38655,kmnist,ssb-v1-block,mlp,protocol-v3,0.4,8,5,1,16,0.0006241670344024897,0.006785208999644965,537444352,0.5078125
7d43a6738de38655,kmnist,ssb-v1-block,mlp,protocol-v3,0.4,8,5,1,17,0.0005961250280961394,0.012237792019732296,540180480,0.5390625
7d43a6738de38655,kmnist,ssb-v1-block,mlp,protocol-v3,0.4,8,5,1,18,0.0006231670267879963,0.001980917004402727,540557312,0.65625
7d43a6738de38655,kmnist,ssb-v1-block,mlp,protocol-v3,0.4,8,5,1,19,0.0005976670072413981,0.006904208974447101,541900800,0.484375
7d43a6738de38655,kmnist,ssb-v1-block,mlp,protocol-v3,0.4,8,5,1,20,0.0005943329888395965,0.001947666984051466,542261248,0.6328125
7d43a6738de38655,kmnist,ssb-v1-block,mlp,protocol-v3,0.4,8,5,1,21,0.0006232080049812794,0.0021400830009952188,542261248,0.6484375
7d43a6738de38655,kmnist,ssb-v1-block,mlp,protocol-v3,0.4,8,5,1,22,0.0006078329752199352,0.002148833009414375,542261248,0.546875
7d43a6738de38655,kmnist,ssb-v1-block,mlp,protocol-v3,0.4,8,5,1,23,0.0006027499912306666,0.0019677079981192946,542261248,0.578125
7d43a6738de38655,kmnist,ssb-v1-block,mlp,protocol-v3,0.4,8,5,1,24,0.0005899170064367354,0.002032125019468367,542261248,0.484375
7d43a6738de38655,kmnist,ssb-v1-block,mlp,protocol-v3,0.4,8,5,1,25,0.0006157919997349381,0.007226499961689115,543375360,0.5859375
7d43a6738de38655,kmnist,ssb-v1-block,mlp,protocol-v3,0.4,8,5,1,26,0.0006233750027604401,0.007216583995614201,545062912,0.609375
7d43a6738de38655,kmnist,ssb-v1-block,mlp,protocol-v3,0.4,8,5,1,27,0.000649042020086199,0.0021277079940773547,545259520,0.5546875
7d43a6738de38655,kmnist,ssb-v1-block,mlp,protocol-v3,0.4,8,5,1,28,0.0006020829896442592,0.0023254170082509518,545603584,0.5859375
7d43a6738de38655,kmnist,ssb-v1-block,mlp,protocol-v3,0.4,8,5,1,29,0.0006062499596737325,0.0021198749891482294,545603584,0.59375
7d43a6738de38655,kmnist,ssb-v1-block,mlp,protocol-v3,0.4,8,5,1,30,0.0006044170004315674,0.0021317500504665077,545947648,0.7265625
7d43a6738de38655,kmnist,ssb-v1-block,mlp,protocol-v3,0.4,8,5,1,31,0.0005866250139661133,0.007703291950747371,546783232,0.671875
7d43a6738de38655,kmnist,ssb-v1-block,mlp,protocol-v3,0.4,8,5,1,32,0.0005857499781996012,0.007370041974354535,548454400,0.5625
7d43a6738de38655,kmnist,ssb-v1-block,mlp,protocol-v3,0.4,8,5,1,33,0.0006581250345334411,0.0021766669815406203,548503552,0.609375
7d43a6738de38655,kmnist,ssb-v1-block,mlp,protocol-v3,0.4,8,5,1,34,0.0005910840118303895,0.006972333008889109,549863424,0.5234375
7d43a6738de38655,kmnist,ssb-v1-block,mlp,protocol-v3,0.4,8,5,1,35,0.0006970000104047358,0.0021204169606789947,550223872,0.5
7d43a6738de38655,kmnist,ssb-v1-block,mlp,protocol-v3,0.4,8,5,1,36,0.0006176659953780472,0.0075572499772533774,551616512,0.546875
7d43a6738de38655,kmnist,ssb-v1-block,mlp,protocol-v3,0.4,8,5,1,37,0.000596166995819658,0.0019389170338399708,551976960,0.4296875
7d43a6738de38655,kmnist,ssb-v1-block,mlp,protocol-v3,0.4,8,5,1,38,0.000619333004578948,0.002159791998565197,551976960,0.4921875
7d43a6738de38655,kmnist,ssb-v1-block,mlp,protocol-v3,0.4,8,5,1,39,0.0005984580493532121,0.007631707994733006,552943616,0.3984375
7d43a6738de38655,kmnist,ssb-v1-block,mlp,protocol-v3,0.4,8,5,1,40,0.0006047089700587094,0.011629874992650002,556285952,0.421875
7d43a6738de38655,kmnist,ssb-v1-block,mlp,protocol-v3,0.4,8,5,1,41,0.0006244590040296316,0.002040749997831881,556793856,0.2734375
7d43a6738de38655,kmnist,ssb-v1-block,mlp,protocol-v3,0.4,8,5,1,42,0.0006171250133775175,0.006539584021084011,558055424,0.25
7d43a6738de38655,kmnist,ssb-v1-block,mlp,protocol-v3,0.4,8,5,1,43,0.0006002500304020941,0.0021046249894425273,558415872,0.265625
7d43a6738de38655,kmnist,ssb-v1-block,mlp,protocol-v3,0.4,8,5,1,44,0.0006187079707160592,0.0022236250224523246,558432256,0.328125
7d43a6738de38655,kmnist,ssb-v1-block,mlp,protocol-v3,0.4,8,5,1,45,0.0006313750054687262,0.002100542013067752,558432256,0.359375
7d43a6738de38655,kmnist,ssb-v1-block,mlp,protocol-v3,0.4,8,5,1,46,0.0006198330083861947,0.0023805000237189233,558776320,0.421875
7d43a6738de38655,kmnist,ssb-v1-block,mlp,protocol-v3,0.4,8,5,1,47,0.0006077909492887557,0.007020042045041919,559464448,0.4453125
7d43a6738de38655,kmnist,ssb-v1-block,mlp,protocol-v3,0.4,8,5,1,48,0.000612792035099119,0.0022185409907251596,559710208,0.359375
7d43a6738de38655,kmnist,ssb-v1-block,mlp,protocol-v3,0.4,8,5,1,49,0.0006157499738037586,0.007359209004789591,560627712,0.515625
7d43a6738de38655,kmnist,ssb-v1-block,mlp,protocol-v3,0.4,8,5,1,50,0.0006084999768063426,0.0020867499988526106,560857088,0.4921875
7d43a6738de38655,kmnist,ssb-v1-block,mlp,protocol-v3,0.4,8,5,1,51,0.0006082499749027193,0.005878750002011657,561938432,0.546875
7d43a6738de38655,kmnist,ssb-v1-block,mlp,protocol-v3,0.4,8,5,1,52,0.0005885830032639205,0.007118667010217905,563347456,0.640625
7d43a6738de38655,kmnist,ssb-v1-block,mlp,protocol-v3,0.4,8,5,1,53,0.0005977919790893793,0.007321665994822979,565116928,0.453125
7d43a6738de38655,kmnist,ssb-v1-block,mlp,protocol-v3,0.4,8,5,1,54,0.0005946250166743994,0.002218458044808358,565460992,0.4453125
7d43a6738de38655,kmnist,ssb-v1-block,mlp,protocol-v3,0.4,8,5,1,55,0.0006035839905962348,0.0021310419542714953,565477376,0.4140625
7d43a6738de38655,kmnist,ssb-v1-block,mlp,protocol-v3,0.4,8,5,1,56,0.0006192080327309668,0.0021655000164173543,565477376,0.4375
7d43a6738de38655,kmnist,ssb-v1-block,mlp,protocol-v3,0.4,8,5,1,57,0.0006143750506453216,0.0021764999837614596,565673984,0.453125
7d43a6738de38655,kmnist,ssb-v1-block,mlp,protocol-v3,0.4,8,5,1,58,0.0006057079881429672,0.0022600829834118485,565673984,0.4296875
7d43a6738de38655,kmnist,ssb-v1-block,mlp,protocol-v3,0.4,8,5,1,59,0.0006081669707782567,0.0020757910097017884,566034432,0.4921875
7d43a6738de38655,kmnist,ssb-v1-block,mlp,protocol-v3,0.4,8,5,1,60,0.0005908749881200492,0.0020524580031633377,566034432,0.40625
7d43a6738de38655,kmnist,ssb-v1-block,mlp,protocol-v3,0.4,8,5,1,61,0.0005974580417387187,0.002164416015148163,566034432,0.3515625
7d43a6738de38655,kmnist,ssb-v1-block,mlp,protocol-v3,0.4,8,5,1,62,0.0006193750305101275,0.0020230840309523046,566034432,0.3515625
7d43a6738de38655,kmnist,ssb-v1-block,mlp,protocol-v3,0.4,8,5,1,63,0.0006040410371497273,0.0020488750305958092,566034432,0.46875
7d43a6738de38655,kmnist,ssb-v1-block,mlp,protocol-v3,0.4,8,5,1,64,0.0006072079995647073,0.0021284170215949416,566444032,0.453125
7d43a6738de38655,kmnist,ssb-v1-block,mlp,protocol-v3,0.4,8,5,1,65,0.0005977079854346812,0.00234866701066494,566444032,0.6328125
7d43a6738de38655,kmnist,ssb-v1-block,mlp,protocol-v3,0.4,8,5,1,66,0.000606709043495357,0.0019600410014390945,566444032,0.6015625
7d43a6738de38655,kmnist,ssb-v1-block,mlp,protocol-v3,0.4,8,5,1,67,0.0006019999855197966,0.007532666029874235,567443456,0.609375
7d43a6738de38655,kmnist,ssb-v1-block,mlp,protocol-v3,0.4,8,5,1,68,0.0005941249546594918,0.0020398329943418503,567787520,0.5078125
7d43a6738de38655,kmnist,ssb-v1-block,mlp,protocol-v3,0.4,8,5,1,69,0.0006222089868970215,0.0022232080227695405,567803904,0.609375
7d43a6738de38655,kmnist,ssb-v1-block,mlp,protocol-v3,0.4,8,5,1,70,0.0006031670491211116,0.0021048749913461506,567803904,0.484375
7d43a6738de38655,kmnist,ssb-v1-block,mlp,protocol-v3,0.4,8,5,1,71,0.0006039159488864243,0.0023634579847566783,567836672,0.5078125
7d43a6738de38655,kmnist,ssb-v1-block,mlp,protocol-v3,0.4,8,5,1,72,0.000625082990154624,0.002181208983529359,567885824,0.4921875
7d43a6738de38655,kmnist,ssb-v1-block,mlp,protocol-v3,0.4,8,5,1,73,0.0005995830288156867,0.002054625016171485,567885824,0.484375
7d43a6738de38655,kmnist,ssb-v1-block,mlp,protocol-v3,0.4,8,5,1,74,0.0006059999577701092,0.005975708016194403,568475648,0.4921875
7d43a6738de38655,kmnist,ssb-v1-block,mlp,protocol-v3,0.4,8,5,1,75,0.0006105409702286124,0.0021096249693073332,568475648,0.4140625
7d43a6738de38655,kmnist,ssb-v1-block,mlp,protocol-v3,0.4,8,5,1,76,0.0006155419978313148,0.007234040996991098,569524224,0.5234375
7d43a6738de38655,kmnist,ssb-v1-block,mlp,protocol-v3,0.4,8,5,1,77,0.0006044579786248505,0.002247166004963219,569802752,0.46875
7d43a6738de38655,kmnist,ssb-v1-block,mlp,protocol-v3,0.4,8,5,1,78,0.0006126659573055804,0.0021607500384561718,569982976,0.484375
7d43a6738de38655,kmnist,ssb-v1-block,mlp,protocol-v3,0.4,8,5,1,79,0.0006130840047262609,0.0020751660340465605,569982976,0.546875
7d43a6738de38655,kmnist,ssb-v1-block,mlp,protocol-v3,0.4,8,5,1,80,0.0006069579976610839,0.007769791001919657,571359232,0.703125
7d43a6738de38655,kmnist,ssb-v1-block,mlp,protocol-v3,0.4,8,5,1,81,0.0006205830140970647,0.0020079580135643482,571359232,0.609375
7d43a6738de38655,kmnist,ssb-v1-block,mlp,protocol-v3,0.4,8,5,1,82,0.0006263329996727407,0.002199542010203004,571703296,0.4765625
7d43a6738de38655,kmnist,ssb-v1-block,mlp,protocol-v3,0.4,8,5,1,83,0.0005815830081701279,0.0021502500167116523,571719680,0.5390625
7d43a6738de38655,kmnist,ssb-v1-block,mlp,protocol-v3,0.4,8,5,1,84,0.0006027500494383276,0.002286417002324015,571719680,0.703125
7d43a6738de38655,kmnist,ssb-v1-block,mlp,protocol-v3,0.4,8,5,1,85,0.0006155419978313148,0.0020487080328166485,572211200,0.640625
7d43a6738de38655,kmnist,ssb-v1-block,mlp,protocol-v3,0.4,8,5,1,86,0.0005987919867038727,0.007959666021633893,573227008,0.609375
7d43a6738de38655,kmnist,ssb-v1-block,mlp,protocol-v3,0.4,8,5,1,87,0.0005886669969186187,0.0019234170322306454,573341696,0.625
7d43a6738de38655,kmnist,ssb-v1-block,mlp,protocol-v3,0.4,8,5,1,88,0.0006394159863702953,0.0021171250264160335,573341696,0.6015625
7d43a6738de38655,kmnist,ssb-v1-block,mlp,protocol-v3,0.4,8,5,1,89,0.0005808750283904374,0.007513292017392814,574390272,0.421875
7d43a6738de38655,kmnist,ssb-v1-block,mlp,protocol-v3,0.4,8,5,1,90,0.0005805000546388328,0.0021963329636491835,574406656,0.484375
7d43a6738de38655,kmnist,ssb-v1-block,mlp,protocol-v3,0.4,8,5,1,91,0.0006251250160858035,0.002103584003634751,574423040,0.5078125
7d43a6738de38655,kmnist,ssb-v1-block,mlp,protocol-v3,0.4,8,5,1,92,0.0006248329882510006,0.002153749985154718,574537728,0.4921875
7d43a6738de38655,kmnist,ssb-v1-block,mlp,protocol-v3,0.4,8,5,1,93,0.0006202920340001583,0.0021957920398563147,574849024,0.4921875
7d43a6738de38655,kmnist,ssb-v1-block,mlp,protocol-v3,0.4,8,5,1,94,0.0005717079620808363,0.0021385420113801956,574849024,0.4453125
7d43a6738de38655,kmnist,ssb-v1-block,mlp,protocol-v3,0.4,8,5,1,95,0.00059104198589921,0.007618540956173092,576290816,0.484375
7d43a6738de38655,kmnist,ssb-v1-block,mlp,protocol-v3,0.4,8,5,1,96,0.000616834033280611,0.0021668329718522727,576290816,0.5390625
7d43a6738de38655,kmnist,ssb-v1-block,mlp,protocol-v3,0.4,8,5,1,97,0.000629125046543777,0.0020041249808855355,576634880,0.59375
7d43a6738de38655,kmnist,ssb-v1-block,mlp,protocol-v3,0.4,8,5,1,98,0.0006147500243969262,0.002291542012244463,576634880,0.59375
7d43a6738de38655,kmnist,ssb-v1-block,mlp,protocol-v3,0.4,8,5,1,99,0.0006114169955253601,0.0022411670070141554,576634880,0.5546875
7d43a6738de38655,kmnist,ssb-v1-block,mlp,protocol-v3,0.4,8,5,1,100,0.0006042500026524067,0.006422000005841255,577191936,0.5390625
7d43a6738de38655,kmnist,ssb-v1-block,mlp,protocol-v3,0.4,8,5,1,101,0.0006019159918650985,0.007203917019069195,578240512,0.65625
7d43a6738de38655,kmnist,ssb-v1-block,mlp,protocol-v3,0.4,8,5,1,102,0.0006897080456838012,0.0019617920042946935,578306048,0.4921875
7d43a6738de38655,kmnist,ssb-v1-block,mlp,protocol-v3,0.4,8,5,1,103,0.0006082089967094362,0.002257583022583276,578748416,0.5546875
7d43a6738de38655,kmnist,ssb-v1-block,mlp,protocol-v3,0.4,8,5,1,104,0.0005725420196540654,0.007253625022713095,580042752,0.5234375
7d43a6738de38655,kmnist,ssb-v1-block,mlp,protocol-v3,0.4,8,5,1,105,0.0006169590051285923,0.002104833023622632,580288512,0.5703125
7d43a6738de38655,kmnist,ssb-v1-block,mlp,protocol-v3,0.4,8,5,1,106,0.0006041250308044255,0.002254666993394494,580648960,0.625
7d43a6738de38655,kmnist,ssb-v1-block,mlp,protocol-v3,0.4,8,5,1,107,0.000652582966722548,0.0023387910332530737,580648960,0.6171875
7d43a6738de38655,kmnist,ssb-v1-block,mlp,protocol-v3,0.4,8,5,1,108,0.0005987079930491745,0.00742687500314787,582057984,0.75
7d43a6738de38655,kmnist,ssb-v1-block,mlp,protocol-v3,0.4,8,5,1,109,0.0005872080218978226,0.002068915986455977,582057984,0.6796875
7d43a6738de38655,kmnist,ssb-v1-block,mlp,protocol-v3,0.4,8,5,1,110,0.0006091249524615705,0.0022386249620467424,582270976,0.7734375
7d43a6738de38655,kmnist,ssb-v1-block,mlp,protocol-v3,0.4,8,5,1,111,0.0006314580095931888,0.002219374990090728,582270976,0.765625
7d43a6738de38655,kmnist,ssb-v1-block,mlp,protocol-v3,0.4,8,5,1,112,0.0006083329790271819,0.0021764159901067615,582270976,0.7890625
7d43a6738de38655,kmnist,ssb-v1-block,mlp,protocol-v3,0.4,8,5,1,113,0.0005899999523535371,0.002267375006340444,582270976,0.671875
7d43a6738de38655,kmnist,ssb-v1-block,mlp,protocol-v3,0.4,8,5,1,114,0.0005927909514866769,0.0022187079885043204,582270976,0.75
7d43a6738de38655,kmnist,ssb-v1-block,mlp,protocol-v3,0.4,8,5,1,115,0.0006293340120464563,0.0020532499765977263,582270976,0.6796875
7d43a6738de38655,kmnist,ssb-v1-block,mlp,protocol-v3,0.4,8,5,1,116,0.0007388750091195107,0.0018688749987632036,582615040,0.71875
7d43a6738de38655,kmnist,ssb-v1-block,mlp,protocol-v3,0.4,8,5,1,117,0.0005987500189803541,0.0021136249997653067,582615040,0.671875
7d43a6738de38655,kmnist,ssb-v1-block,mlp,protocol-v3,0.4,8,5,1,118,0.0006054170080460608,0.002247875032480806,582615040,0.6953125
7d43a6738de38655,kmnist,ssb-v1-block,mlp,protocol-v3,0.4,8,5,1,119,0.0006140419864095747,0.002166834019590169,582615040,0.65625
7d43a6738de38655,kmnist,ssb-v1-block,mlp,protocol-v3,0.4,8,5,1,120,0.0006018750136718154,0.0022148749558255076,582615040,0.75
7d43a6738de38655,kmnist,ssb-v1-block,mlp,protocol-v3,0.4,8,5,1,121,0.000624709005933255,0.0020105000003241003,582615040,0.671875
7d43a6738de38655,kmnist,ssb-v1-block,mlp,protocol-v3,0.4,8,5,1,122,0.000586333975661546,0.0020194160169921815,582615040,0.7265625
7d43a6738de38655,kmnist,ssb-v1-block,mlp,protocol-v3,0.4,8,5,1,123,0.0006006250041536987,0.0020157500403001904,582631424,0.765625
7d43a6738de38655,kmnist,ssb-v1-block,mlp,protocol-v3,0.4,8,5,1,124,0.000599374994635582,0.007258499972522259,583221248,0.7578125
7d43a6738de38655,kmnist,ssb-v1-block,mlp,protocol-v3,0.4,8,5,1,125,0.00061645801179111,0.002221625007223338,583467008,0.6953125
7d43a6738de38655,kmnist,ssb-v1-block,mlp,protocol-v3,0.4,8,5,1,126,0.0005981670110486448,0.002168582985177636,583548928,0.7109375
7d43a6738de38655,kmnist,ssb-v1-block,mlp,protocol-v3,0.4,8,5,1,127,0.0005872090114280581,0.0021302920067682862,583548928,0.7734375
7d43a6738de38655,kmnist,ssb-v1-block,mlp,protocol-v3,0.4,8,5,1,128,0.0005823749816045165,0.0021534159895963967,583565312,0.828125
7d43a6738de38655,kmnist,ssb-v1-block,mlp,protocol-v3,0.4,8,5,1,129,0.0006138329626992345,0.002022333035711199,583565312,0.7578125
7d43a6738de38655,kmnist,ssb-v1-block,mlp,protocol-v3,0.4,8,5,1,130,0.0005857499781996012,0.0021325830020941794,583565312,0.6328125
7d43a6738de38655,kmnist,ssb-v1-block,mlp,protocol-v3,0.4,8,5,1,131,0.0007110830047167838,0.002099708013702184,583565312,0.7109375
7d43a6738de38655,kmnist,ssb-v1-block,mlp,protocol-v3,0.4,8,5,1,132,0.0006180410273373127,0.002069458016194403,583745536,0.6953125
7d43a6738de38655,kmnist,ssb-v1-block,mlp,protocol-v3,0.4,8,5,1,133,0.0006114999996498227,0.00212508300319314,583745536,0.703125
7d43a6738de38655,kmnist,ssb-v1-block,mlp,protocol-v3,0.4,8,5,1,134,0.0006097499863244593,0.002148625033441931,583745536,0.6796875
7d43a6738de38655,kmnist,ssb-v1-block,mlp,protocol-v3,0.4,8,5,1,135,0.0005996249965392053,0.0022048340179026127,583745536,0.671875
7d43a6738de38655,kmnist,ssb-v1-block,mlp,protocol-v3,0.4,8,5,1,136,0.0005899579846300185,0.0021914590033702552,583745536,0.828125
7d43a6738de38655,kmnist,ssb-v1-block,mlp,protocol-v3,0.4,8,5,1,137,0.0005877080257050693,0.008163166989106685,584646656,0.78125
7d43a6738de38655,kmnist,ssb-v1-block,mlp,protocol-v3,0.4,8,5,1,138,0.0005849170265719295,0.0020626659970730543,584646656,0.75
7d43a6738de38655,kmnist,ssb-v1-block,mlp,protocol-v3,0.4,8,5,1,139,0.0006182920187711716,0.002180374984163791,584646656,0.671875
7d43a6738de38655,kmnist,ssb-v1-block,mlp,protocol-v3,0.4,8,5,1,140,0.0006035830010659993,0.0021738329669460654,585007104,0.7890625
7d43a6738de38655,kmnist,ssb-v1-block,mlp,protocol-v3,0.4,8,5,1,141,0.0006020000437274575,0.0021412919741123915,585007104,0.7421875
7d43a6738de38655,kmnist,ssb-v1-block,mlp,protocol-v3,0.4,8,5,1,142,0.0005986249889247119,0.00764949998119846,586170368,0.7890625
7d43a6738de38655,kmnist,ssb-v1-block,mlp,protocol-v3,0.4,8,5,1,143,0.0006057089776732028,0.0019866660004481673,586170368,0.7421875
7d43a6738de38655,kmnist,ssb-v1-block,mlp,protocol-v3,0.4,8,5,1,144,0.0005842919927090406,0.007224083004985005,587579392,0.7265625
7d43a6738de38655,kmnist,ssb-v1-block,mlp,protocol-v3,0.4,8,5,1,145,0.000618209014646709,0.0021097499993629754,587841536,0.7421875
7d43a6738de38655,kmnist,ssb-v1-block,mlp,protocol-v3,0.4,8,5,1,146,0.0005952499923296273,0.0020192500087432563,588333056,0.7265625
7d43a6738de38655,kmnist,ssb-v1-block,mlp,protocol-v3,0.4,8,5,1,147,0.0006057500140741467,0.0020707090152427554,588333056,0.765625
7d43a6738de38655,kmnist,ssb-v1-block,mlp,protocol-v3,0.4,8,5,1,148,0.0006168750114738941,0.002089124987833202,588349440,0.734375
7d43a6738de38655,kmnist,ssb-v1-block,mlp,protocol-v3,0.4,8,5,1,149,0.0007218749960884452,0.0021430409979075193,588365824,0.7109375
7d43a6738de38655,kmnist,ssb-v1-block,mlp,protocol-v3,0.4,8,5,1,150,0.0006089169764891267,0.002054499986115843,588365824,0.7890625
7d43a6738de38655,kmnist,ssb-v1-block,mlp,protocol-v3,0.4,8,5,1,151,0.0006086670327931643,0.002158665971364826,588365824,0.8046875
7d43a6738de38655,kmnist,ssb-v1-block,mlp,protocol-v3,0.4,8,5,1,152,0.0005935840308666229,0.002119917015079409,588365824,0.6875
7d43a6738de38655,kmnist,ssb-v1-block,mlp,protocol-v3,0.4,8,5,1,153,0.0005995419924147427,0.002112083020620048,588365824,0.734375
7d43a6738de38655,kmnist,ssb-v1-block,mlp,protocol-v3,0.4,8,5,1,154,0.0006021669832989573,0.0021499170106835663,588365824,0.78125
7d43a6738de38655,kmnist,ssb-v1-block,mlp,protocol-v3,0.4,8,5,1,155,0.0005995410028845072,0.0021445839665830135,588365824,0.7734375
7d43a6738de38655,kmnist,ssb-v1-block,mlp,protocol-v3,0.4,8,5,1,156,0.0006050830124877393,0.002103750011883676,588365824,0.7578125
7d43a6738de38655,kmnist,ssb-v1-block,mlp,protocol-v3,0.4,8,5,1,157,0.0005917910020798445,0.0020263330079615116,588365824,0.6640625
7d43a6738de38655,kmnist,ssb-v1-block,mlp,protocol-v3,0.4,8,5,1,158,0.0006095420103520155,0.007961417024489492,589332480,0.7890625
7d43a6738de38655,kmnist,ssb-v1-block,mlp,protocol-v3,0.4,8,5,1,159,0.0006438749842345715,0.0019762919982895255,589398016,0.78125
7d43a6738de38655,kmnist,ssb-v1-block,mlp,protocol-v3,0.4,8,5,1,160,0.0006020410219207406,0.002174666034989059,589398016,0.7578125
7d43a6738de38655,kmnist,ssb-v1-block,mlp,protocol-v3,0.4,8,5,1,161,0.0005927919992245734,0.002186833997257054,589398016,0.8125
7d43a6738de38655,kmnist,ssb-v1-block,mlp,protocol-v3,0.4,8,5,1,162,0.0006215410539880395,0.0022256249794736505,589758464,0.765625
7d43a6738de38655,kmnist,ssb-v1-block,mlp,protocol-v3,0.4,8,5,1,163,0.0006247080164030194,0.00207708403468132,589758464,0.7734375
7d43a6738de38655,kmnist,ssb-v1-block,mlp,protocol-v3,0.4,8,5,1,164,0.0006017090054228902,0.0021307080169208348,589758464,0.734375
7d43a6738de38655,kmnist,ssb-v1-block,mlp,protocol-v3,0.4,8,5,1,165,0.0006020840373821557,0.002011457982007414,589987840,0.671875
7d43a6738de38655,kmnist,ssb-v1-block,mlp,protocol-v3,0.4,8,5,1,166,0.0005883749690838158,0.002267250034492463,590004224,0.703125
7d43a6738de38655,kmnist,ssb-v1-block,mlp,protocol-v3,0.4,8,5,1,167,0.0006174580194056034,0.0020583340083248913,590020608,0.71875
7d43a6738de38655,kmnist,ssb-v1-block,mlp,protocol-v3,0.4,8,5,1,168,0.0006004580063745379,0.0019940000493079424,590020608,0.734375
7d43a6738de38655,kmnist,ssb-v1-block,mlp,protocol-v3,0.4,8,5,1,169,0.0005864590057171881,0.0021482090232893825,590020608,0.7890625
7d43a6738de38655,kmnist,ssb-v1-block,mlp,protocol-v3,0.4,8,5,1,170,0.0006162079516798258,0.0021710830042138696,590020608,0.84375
7d43a6738de38655,kmnist,ssb-v1-block,mlp,protocol-v3,0.4,8,5,1,171,0.0005992919905111194,0.002212666964624077,590020608,0.7265625
7d43a6738de38655,kmnist,ssb-v1-block,mlp,protocol-v3,0.4,8,5,1,172,0.0006014590035192668,0.002080167003441602,590020608,0.796875
7d43a6738de38655,kmnist,ssb-v1-block,mlp,protocol-v3,0.4,8,5,1,173,0.0006257910281419754,0.0019393329857848585,590020608,0.78125
7d43a6738de38655,kmnist,ssb-v1-block,mlp,protocol-v3,0.4,8,5,1,174,0.0005831659655086696,0.0018681249930523336,590020608,0.65625
7d43a6738de38655,kmnist,ssb-v1-block,mlp,protocol-v3,0.4,8,5,1,175,0.0005781250074505806,0.0019001660402864218,590020608,0.7578125
7d43a6738de38655,kmnist,ssb-v1-block,mlp,protocol-v3,0.4,8,5,1,176,0.000584915978834033,0.0019247499876655638,590020608,0.7890625
7d43a6738de38655,kmnist,ssb-v1-block,mlp,protocol-v3,0.4,8,5,1,177,0.0005792910233139992,0.006323041976429522,590495744,0.6875
7d43a6738de38655,kmnist,ssb-v1-block,mlp,protocol-v3,0.4,8,5,1,178,0.0006432500085793436,0.001897416019346565,590708736,0.7734375
7d43a6738de38655,kmnist,ssb-v1-block,mlp,protocol-v3,0.4,8,5,1,179,0.0006422079750336707,0.002040125022176653,590757888,0.765625
7d43a6738de38655,kmnist,ssb-v1-block,mlp,protocol-v3,0.4,8,5,1,180,0.000950458983425051,0.0028923749923706055,590757888,0.828125
7d43a6738de38655,kmnist,ssb-v1-block,mlp,protocol-v3,0.4,8,5,1,181,0.0008765410166233778,0.0029747910448350012,590987264,0.765625
7d43a6738de38655,kmnist,ssb-v1-block,mlp,protocol-v3,0.4,8,5,1,182,0.00090170803014189,0.0028959999908693135,590987264,0.765625
7d43a6738de38655,kmnist,ssb-v1-block,mlp,protocol-v3,0.4,8,5,1,183,0.0009572909912094474,0.002490667044185102,590987264,0.8671875
7d43a6738de38655,kmnist,ssb-v1-block,mlp,protocol-v3,0.4,8,5,1,184,0.0006560829933732748,0.002276958024594933,590987264,0.78125
7d43a6738de38655,kmnist,ssb-v1-block,mlp,protocol-v3,0.4,8,5,1,185,0.0006188339903019369,0.002322374959476292,590987264,0.78125
7d43a6738de38655,kmnist,ssb-v1-block,mlp,protocol-v3,0.4,8,5,1,186,0.0006070410017855465,0.008177917043212801,591953920,0.75
7d43a6738de38655,kmnist,ssb-v1-block,mlp,protocol-v3,0.4,8,5,1,187,0.0005843749968335032,0.002090624999254942,591953920,0.7421875
7d43a6738de38655,kmnist,ssb-v1-block,mlp,protocol-v3,0.4,8,5,1,188,0.0006130830151960254,0.0020188339985907078,591953920,0.734375
7d43a6738de38655,kmnist,ssb-v1-block,mlp,protocol-v3,0.4,8,5,1,189,0.0006095420103520155,0.0022190000163391232,592265216,0.8515625
7d43a6738de38655,kmnist,ssb-v1-block,mlp,protocol-v3,0.4,8,5,1,190,0.0006042500026524067,0.002206958015449345,592265216,0.78125
7d43a6738de38655,kmnist,ssb-v1-block,mlp,protocol-v3,0.4,8,5,1,191,0.00061029102653265,0.0021951250382699072,592265216,0.7578125
7d43a6738de38655,kmnist,ssb-v1-block,mlp,protocol-v3,0.4,8,5,1,192,0.0005870830500498414,0.002199333976022899,592642048,0.765625
7d43a6738de38655,kmnist,ssb-v1-block,mlp,protocol-v3,0.4,8,5,1,193,0.0006205000099726021,0.0020373750012367964,592642048,0.6953125
7d43a6738de38655,kmnist,ssb-v1-block,mlp,protocol-v3,0.4,8,5,1,194,0.000627292029093951,0.002077917044516653,592642048,0.7421875
7d43a6738de38655,kmnist,ssb-v1-block,mlp,protocol-v3,0.4,8,5,1,195,0.0006040409789420664,0.00212583300890401,592642048,0.640625
7d43a6738de38655,kmnist,ssb-v1-block,mlp,protocol-v3,0.4,8,5,1,196,0.0006072079995647073,0.0021976670250296593,592642048,0.734375
7d43a6738de38655,kmnist,ssb-v1-block,mlp,protocol-v3,0.4,8,5,1,197,0.0005888330051675439,0.002084749983623624,592642048,0.7734375
7d43a6738de38655,kmnist,ssb-v1-block,mlp,protocol-v3,0.4,8,5,1,198,0.0006042500026524067,0.0022414170089177787,592642048,0.7578125
7d43a6738de38655,kmnist,ssb-v1-block,mlp,protocol-v3,0.4,8,5,1,199,0.0005981659633107483,0.008591958961915225,593412096,0.78125
7d43a6738de38655,kmnist,ssb-v1-block,mlp,protocol-v3,0.4,8,5,1,200,0.0006227920530363917,0.0020605410099960864,593772544,0.65625
7d43a6738de38655,kmnist,ssb-v1-block,mlp,protocol-v3,0.4,8,5,1,201,0.000601625011768192,0.002181999967433512,593772544,0.703125
7d43a6738de38655,kmnist,ssb-v1-block,mlp,protocol-v3,0.4,8,5,1,202,0.0006121249753050506,0.002286457980517298,593952768,0.6171875
7d43a6738de38655,kmnist,ssb-v1-block,mlp,protocol-v3,0.4,8,5,1,203,0.0006112499977461994,0.0021701250225305557,593952768,0.640625
7d43a6738de38655,kmnist,ssb-v1-block,mlp,protocol-v3,0.4,8,5,1,204,0.0006185409729368985,0.004138040996622294,594411520,0.7578125
7d43a6738de38655,kmnist,ssb-v1-block,mlp,protocol-v3,0.4,8,5,1,205,0.0006122079794295132,0.00211687502451241,594411520,0.7421875
7d43a6738de38655,kmnist,ssb-v1-block,mlp,protocol-v3,0.4,8,5,1,206,0.0005990420468151569,0.002149541978724301,594411520,0.7265625
7d43a6738de38655,kmnist,ssb-v1-block,mlp,protocol-v3,0.4,8,5,1,207,0.0005970829515717924,0.0021234590094536543,594411520,0.765625
7d43a6738de38655,kmnist,ssb-v1-block,mlp,protocol-v3,0.4,8,5,1,208,0.0005797090125270188,0.0021355830249376595,594411520,0.84375
7d43a6738de38655,kmnist,ssb-v1-block,mlp,protocol-v3,0.4,8,5,1,209,0.0005973329534754157,0.002138499985449016,594411520,0.6796875
7d43a6738de38655,kmnist,ssb-v1-block,mlp,protocol-v3,0.4,8,5,1,210,0.0006032499950379133,0.0023116249940358102,594427904,0.71875
7d43a6738de38655,kmnist,ssb-v1-block,mlp,protocol-v3,0.4,8,5,1,211,0.0006015829858370125,0.002165375044569373,594427904,0.7890625
7d43a6738de38655,kmnist,ssb-v1-block,mlp,protocol-v3,0.4,8,5,1,212,0.0005742499488405883,0.002162167045753449,594427904,0.671875
7d43a6738de38655,kmnist,ssb-v1-block,mlp,protocol-v3,0.4,8,5,1,213,0.0006215000175870955,0.002093958028126508,594771968,0.7109375
7d43a6738de38655,kmnist,ssb-v1-block,mlp,protocol-v3,0.4,8,5,1,214,0.0006045839982107282,0.00212733302032575,594771968,0.71875
7d43a6738de38655,kmnist,ssb-v1-block,mlp,protocol-v3,0.4,8,5,1,215,0.0006012910162098706,0.0019897500169463456,594771968,0.6953125
7d43a6738de38655,kmnist,ssb-v1-block,mlp,protocol-v3,0.4,8,5,1,216,0.0006029579672031105,0.0020554589573293924,594788352,0.65625
7d43a6738de38655,kmnist,ssb-v1-block,mlp,protocol-v3,0.4,8,5,1,217,0.0006134160212241113,0.0021046249894425273,594788352,0.6171875
7d43a6738de38655,kmnist,ssb-v1-block,mlp,protocol-v3,0.4,8,5,1,218,0.0006054580444470048,0.0019110830035060644,594804736,0.6328125
7d43a6738de38655,kmnist,ssb-v1-block,mlp,protocol-v3,0.4,8,5,1,219,0.0005954999942332506,0.0022428749944083393,594804736,0.6796875
7d43a6738de38655,kmnist,ssb-v1-block,mlp,protocol-v3,0.4,8,5,1,220,0.0006091250106692314,0.0020099160028621554,594804736,0.5859375
7d43a6738de38655,kmnist,ssb-v1-block,mlp,protocol-v3,0.4,8,5,1,221,0.0006030409713275731,0.0021074999822303653,594804736,0.7109375
7d43a6738de38655,kmnist,ssb-v1-block,mlp,protocol-v3,0.4,8,5,1,222,0.0006074590492062271,0.0022067499812692404,594804736,0.7109375
7d43a6738de38655,kmnist,ssb-v1-block,mlp,protocol-v3,0.4,8,5,1,223,0.0005949999904260039,0.002088540990371257,594804736,0.671875
7d43a6738de38655,kmnist,ssb-v1-block,mlp,protocol-v3,0.4,8,5,1,224,0.0006064589833840728,0.00206845800857991,594821120,0.7734375
7d43a6738de38655,kmnist,ssb-v1-block,mlp,protocol-v3,0.4,8,5,1,225,0.0005958750261925161,0.002040833991486579,594821120,0.796875
7d43a6738de38655,kmnist,ssb-v1-block,mlp,protocol-v3,0.4,8,5,1,226,0.0006005830364301801,0.0020890409941785038,594821120,0.8125
7d43a6738de38655,kmnist,ssb-v1-block,mlp,protocol-v3,0.4,8,5,1,227,0.0005968339974060655,0.002056957979220897,594821120,0.7421875
7d43a6738de38655,kmnist,ssb-v1-block,mlp,protocol-v3,0.4,8,5,1,228,0.0005942079587839544,0.0022823340259492397,594821120,0.671875
7d43a6738de38655,kmnist,ssb-v1-block,mlp,protocol-v3,0.4,8,5,1,229,0.0005989159690216184,0.0021606659865938127,594821120,0.4765625
7d43a6738de38655,kmnist,ssb-v1-block,mlp,protocol-v3,0.4,8,5,1,230,0.0006066669593565166,0.0022212499752640724,594821120,0.46875
7d43a6738de38655,kmnist,ssb-v1-block,mlp,protocol-v3,0.4,8,5,1,231,0.0005974160158075392,0.0020688329823315144,594821120,0.4609375
7d43a6738de38655,kmnist,ssb-v1-block,mlp,protocol-v3,0.4,8,5,1,232,0.0005974579835310578,0.008450332970824093,595869696,0.6640625
7d43a6738de38655,kmnist,ssb-v1-block,mlp,protocol-v3,0.4,8,5,1,233,0.0005935410154052079,0.001900582981761545,596033536,0.71875
7d43a6738de38655,kmnist,ssb-v1-block,mlp,protocol-v3,0.4,8,5,1,234,0.000592833966948092,0.002269916993100196,596033536,0.7265625
7d43a6738de38655,kmnist,ssb-v1-block,mlp,protocol-v3,0.4,8,5,1,235,0.0006026659975759685,0.002218541980255395,596410368,0.6953125
7d43a6738de38655,kmnist,ssb-v1-block,mlp,protocol-v3,0.4,8,5,1,236,0.0006186669925227761,0.0021435829694382846,596410368,0.6875
7d43a6738de38655,kmnist,ssb-v1-block,mlp,protocol-v3,0.4,8,5,1,237,0.0005990000208839774,0.0020775000448338687,596410368,0.703125
7d43a6738de38655,kmnist,ssb-v1-block,mlp,protocol-v3,0.4,8,5,1,238,0.0005882909754291177,0.002042750013060868,596410368,0.71875
7d43a6738de38655,kmnist,ssb-v1-block,mlp,protocol-v3,0.4,8,5,1,239,0.0006319159874692559,0.0021188330138102174,596410368,0.546875
7d43a6738de38655,kmnist,ssb-v1-block,mlp,protocol-v3,0.4,8,5,1,240,0.0005994170205667615,0.0021169169922359288,596410368,0.546875
7d43a6738de38655,kmnist,ssb-v1-block,mlp,protocol-v3,0.4,8,5,1,241,0.0006040409789420664,0.0022148750140331686,596410368,0.5546875
7d43a6738de38655,kmnist,ssb-v1-block,mlp,protocol-v3,0.4,8,5,1,242,0.0006098339799791574,0.0021382079576142132,596410368,0.5390625
7d43a6738de38655,kmnist,ssb-v1-block,mlp,protocol-v3,0.4,8,5,1,243,0.0006122089689597487,0.002162959019187838,596410368,0.625
7d43a6738de38655,kmnist,ssb-v1-block,mlp,protocol-v3,0.4,8,5,1,244,0.0006059579900465906,0.002166499965824187,596410368,0.6484375
7d43a6738de38655,kmnist,ssb-v1-block,mlp,protocol-v3,0.4,8,5,1,245,0.0005975000094622374,0.00217404100112617,596410368,0.71875
7d43a6738de38655,kmnist,ssb-v1-block,mlp,protocol-v3,0.4,8,5,1,246,0.000610334041994065,0.0020471669849939644,596410368,0.703125
7d43a6738de38655,kmnist,ssb-v1-block,mlp,protocol-v3,0.4,8,5,1,247,0.0005731669953092933,0.0021402499987743795,596410368,0.6171875
7d43a6738de38655,kmnist,ssb-v1-block,mlp,protocol-v3,0.4,8,5,1,248,0.000600916042458266,0.0020122500136494637,596410368,0.6328125
7d43a6738de38655,kmnist,ssb-v1-block,mlp,protocol-v3,0.4,8,5,1,249,0.0005979999550618231,0.0020236659911461174,596410368,0.5
7d43a6738de38655,kmnist,ssb-v1-block,mlp,protocol-v3,0.4,8,5,1,250,0.0006031660013832152,0.0020333330030553043,596410368,0.703125
7d43a6738de38655,kmnist,ssb-v1-block,mlp,protocol-v3,0.4,8,5,1,251,0.0006015830440446734,0.002105958992615342,596426752,0.7421875
7d43a6738de38655,kmnist,ssb-v1-block,mlp,protocol-v3,0.4,8,5,1,252,0.0005970830097794533,0.002241959038656205,596426752,0.7421875
7d43a6738de38655,kmnist,ssb-v1-block,mlp,protocol-v3,0.4,8,5,1,253,0.000596541038248688,0.0020068329758942127,596426752,0.7421875
7d43a6738de38655,kmnist,ssb-v1-block,mlp,protocol-v3,0.4,8,5,1,254,0.0005984170129522681,0.002170874970033765,596426752,0.7265625
7d43a6738de38655,kmnist,ssb-v1-block,mlp,protocol-v3,0.4,8,5,1,255,0.0005973340012133121,0.0021017499966546893,596426752,0.6875
7d43a6738de38655,kmnist,ssb-v1-block,mlp,protocol-v3,0.4,8,5,1,256,0.0005976250395178795,0.002066708984784782,596426752,0.7265625
7d43a6738de38655,kmnist,ssb-v1-block,mlp,protocol-v3,0.4,8,5,1,257,0.000599041988607496,0.002221292001195252,596426752,0.6875
7d43a6738de38655,kmnist,ssb-v1-block,mlp,protocol-v3,0.4,8,5,1,258,0.0005920420517213643,0.00226770801236853,596426752,0.71875
7d43a6738de38655,kmnist,ssb-v1-block,mlp,protocol-v3,0.4,8,5,1,259,0.0005970000056549907,0.002134000009391457,596426752,0.734375
7d43a6738de38655,kmnist,ssb-v1-block,mlp,protocol-v3,0.4,8,5,1,260,0.0006005000323057175,0.002190958010032773,596426752,0.703125
7d43a6738de38655,kmnist,ssb-v1-block,mlp,protocol-v3,0.4,8,5,1,261,0.0005882920231670141,0.0022302920115180314,596426752,0.7421875
7d43a6738de38655,kmnist,ssb-v1-block,mlp,protocol-v3,0.4,8,5,1,262,0.0005919999675825238,0.0021822910057380795,596426752,0.7265625
7d43a6738de38655,kmnist,ssb-v1-block,mlp,protocol-v3,0.4,8,5,1,263,0.0005964580341242254,0.0021190419793128967,596426752,0.625
7d43a6738de38655,kmnist,ssb-v1-block,mlp,protocol-v3,0.4,8,5,1,264,0.0005906249862164259,0.0072018749779090285,597065728,0.7734375
7d43a6738de38655,kmnist,ssb-v1-block,mlp,protocol-v3,0.4,8,5,1,265,0.0007985840202309191,0.0022265409934334457,597311488,0.7265625
7d43a6738de38655,kmnist,ssb-v1-block,mlp,protocol-v3,0.4,8,5,1,266,0.0006043749745003879,0.0020353340078145266,597327872,0.8203125
7d43a6738de38655,kmnist,ssb-v1-block,mlp,protocol-v3,0.4,8,5,1,267,0.000578792009036988,0.0022870409884490073,597327872,0.6796875
7d43a6738de38655,kmnist,ssb-v1-block,mlp,protocol-v3,0.4,8,5,1,268,0.0005793750169686973,0.002078792022075504,597327872,0.625
7d43a6738de38655,kmnist,ssb-v1-block,mlp,protocol-v3,0.4,8,5,1,269,0.0005865410203114152,0.002036582969594747,597327872,0.734375
7d43a6738de38655,kmnist,ssb-v1-block,mlp,protocol-v3,0.4,8,5,1,270,0.0005988749908283353,0.0021417910465970635,597344256,0.828125
7d43a6738de38655,kmnist,ssb-v1-block,mlp,protocol-v3,0.4,8,5,1,271,0.0006008329801261425,0.007468416006304324,598114304,0.7578125
7d43a6738de38655,kmnist,ssb-v1-block,mlp,protocol-v3,0.4,8,5,1,272,0.0006147079984657466,0.0021614169818349183,598114304,0.7421875
7d43a6738de38655,kmnist,ssb-v1-block,mlp,protocol-v3,0.4,8,5,1,273,0.0005981250433251262,0.0021378749515861273,598114304,0.671875
7d43a6738de38655,kmnist,ssb-v1-block,mlp,protocol-v3,0.4,8,5,1,274,0.0006365409935824573,0.002159374998882413,598409216,0.78125
7d43a6738de38655,kmnist,ssb-v1-block,mlp,protocol-v3,0.4,8,5,1,275,0.0005885419668629766,0.002118040982168168,598409216,0.7265625
7d43a6738de38655,kmnist,ssb-v1-block,mlp,protocol-v3,0.4,8,5,1,276,0.0005998329725116491,0.0021498340065591037,598409216,0.734375
7d43a6738de38655,kmnist,ssb-v1-block,mlp,protocol-v3,0.4,8,5,1,277,0.0006050420342944562,0.00204754201695323,598605824,0.7890625
7d43a6738de38655,kmnist,ssb-v1-block,mlp,protocol-v3,0.4,8,5,1,278,0.0005949580227024853,0.0019956249743700027,598605824,0.71875
7d43a6738de38655,kmnist,ssb-v1-block,mlp,protocol-v3,0.4,8,5,1,279,0.0005879160016775131,0.002141500008292496,598605824,0.7109375
7d43a6738de38655,kmnist,ssb-v1-block,mlp,protocol-v3,0.4,8,5,1,280,0.0005835419869981706,0.0022570829605683684,598605824,0.7109375
7d43a6738de38655,kmnist,ssb-v1-block,mlp,protocol-v3,0.4,8,5,1,281,0.0005968330078758299,0.002049083006568253,598605824,0.75
7d43a6738de38655,kmnist,ssb-v1-block,mlp,protocol-v3,0.4,8,5,1,282,0.0006074580014683306,0.002062999992631376,598605824,0.828125
7d43a6738de38655,kmnist,ssb-v1-block,mlp,protocol-v3,0.4,8,5,1,283,0.000600875006057322,0.002100125013384968,598605824,0.8671875
7d43a6738de38655,kmnist,ssb-v1-block,mlp,protocol-v3,0.4,8,5,1,284,0.0005958749679848552,0.0021299170330166817,598605824,0.828125
7d43a6738de38655,kmnist,ssb-v1-block,mlp,protocol-v3,0.4,8,5,1,285,0.000601625011768192,0.002163124969229102,598605824,0.8359375
7d43a6738de38655,kmnist,ssb-v1-block,mlp,protocol-v3,0.4,8,5,1,286,0.0006088330410420895,0.0021154169808141887,598605824,0.828125
7d43a6738de38655,kmnist,ssb-v1-block,mlp,protocol-v3,0.4,8,5,1,287,0.0006040000007487833,0.002039249986410141,598605824,0.7734375
7d43a6738de38655,kmnist,ssb-v1-block,mlp,protocol-v3,0.4,8,5,1,288,0.0006027090130373836,0.0019779170397669077,598622208,0.7578125
7d43a6738de38655,kmnist,ssb-v1-block,mlp,protocol-v3,0.4,8,5,1,289,0.0006042500026524067,0.0022830420057289302,598622208,0.7734375
7d43a6738de38655,kmnist,ssb-v1-block,mlp,protocol-v3,0.4,8,5,1,290,0.0005985419848002493,0.0021774579654447734,598622208,0.8125
7d43a6738de38655,kmnist,ssb-v1-block,mlp,protocol-v3,0.4,8,5,1,291,0.000595749996136874,0.0020820420468226075,598622208,0.8671875
7d43a6738de38655,kmnist,ssb-v1-block,mlp,protocol-v3,0.4,8,5,1,292,0.0005937079549767077,0.002058790996670723,598622208,0.84375
7d43a6738de38655,kmnist,ssb-v1-block,mlp,protocol-v3,0.4,8,5,1,293,0.000601916981395334,0.0020213329698890448,598622208,0.7890625
7d43a6738de38655,kmnist,ssb-v1-block,mlp,protocol-v3,0.4,8,5,1,294,0.0006062499596737325,0.0022777499980293214,598622208,0.7890625
7d43a6738de38655,kmnist,ssb-v1-block,mlp,protocol-v3,0.4,8,5,1,295,0.0005769160343334079,0.0020575839444063604,598622208,0.78125
7d43a6738de38655,kmnist,ssb-v1-block,mlp,protocol-v3,0.4,8,5,1,296,0.0006131670088507235,0.00210770801641047,598622208,0.8203125
7d43a6738de38655,kmnist,ssb-v1-block,mlp,protocol-v3,0.4,8,5,1,297,0.0005949170445092022,0.001952791993971914,598622208,0.7890625
7d43a6738de38655,kmnist,ssb-v1-block,mlp,protocol-v3,0.4,8,5,1,298,0.0006012090016156435,0.0024257919867523015,598622208,0.8828125
7d43a6738de38655,kmnist,ssb-v1-block,mlp,protocol-v3,0.4,8,5,1,299,0.0005974589730612934,0.002032749995123595,598638592,0.7421875
7d43a6738de38655,kmnist,ssb-v1-block,mlp,protocol-v3,0.4,8,5,1,300,0.0006013750098645687,0.002068542002234608,598638592,0.7890625
7d43a6738de38655,kmnist,ssb-v1-block,mlp,protocol-v3,0.4,8,5,1,301,0.0005929999751970172,0.002101208025123924,598638592,0.7265625
7d43a6738de38655,kmnist,ssb-v1-block,mlp,protocol-v3,0.4,8,5,1,302,0.000600875006057322,0.002151708002202213,598638592,0.8046875
7d43a6738de38655,kmnist,ssb-v1-block,mlp,protocol-v3,0.4,8,5,1,303,0.0006085410132072866,0.0021300409571267664,598638592,0.7734375
7d43a6738de38655,kmnist,ssb-v1-block,mlp,protocol-v3,0.4,8,5,1,304,0.0005872499896213412,0.00208829203620553,598638592,0.8125
7d43a6738de38655,kmnist,ssb-v1-block,mlp,protocol-v3,0.4,8,5,1,305,0.000697874987963587,0.0020990840275771916,598638592,0.7890625
7d43a6738de38655,kmnist,ssb-v1-block,mlp,protocol-v3,0.4,8,5,1,306,0.0006025829934515059,0.0020069589954800904,598638592,0.75
7d43a6738de38655,kmnist,ssb-v1-block,mlp,protocol-v3,0.4,8,5,1,307,0.0005969160120002925,0.0022259580437093973,598654976,0.734375
7d43a6738de38655,kmnist,ssb-v1-block,mlp,protocol-v3,0.4,8,5,1,308,0.00060450000455603,0.002030166971962899,598654976,0.7890625
7d43a6738de38655,kmnist,ssb-v1-block,mlp,protocol-v3,0.4,8,5,1,309,0.000600916042458266,0.0021056249970570207,598671360,0.828125
7d43a6738de38655,kmnist,ssb-v1-block,mlp,protocol-v3,0.4,8,5,1,310,0.0005942090065218508,0.0020340420305728912,598671360,0.765625
7d43a6738de38655,kmnist,ssb-v1-block,mlp,protocol-v3,0.4,8,5,1,311,0.0005782080115750432,0.0020522920531220734,598671360,0.7734375
7d43a6738de38655,kmnist,ssb-v1-block,mlp,protocol-v3,0.4,8,5,1,312,0.0005956249660812318,0.0020446659764274955,598671360,0.671875
7d43a6738de38655,kmnist,ssb-v1-block,mlp,protocol-v3,0.4,8,5,1,313,0.0005991249927319586,0.0021100829471834004,598671360,0.71875
7d43a6738de38655,kmnist,ssb-v1-block,mlp,protocol-v3,0.4,8,5,1,314,0.0005882499972358346,0.0021408330067060888,598687744,0.75
7d43a6738de38655,kmnist,ssb-v1-block,mlp,protocol-v3,0.4,8,5,1,315,0.0006095420103520155,0.002020791987888515,598687744,0.796875
7d43a6738de38655,kmnist,ssb-v1-block,mlp,protocol-v3,0.4,8,5,1,316,0.0005926250014454126,0.0021953750401735306,598687744,0.7109375
7d43a6738de38655,kmnist,ssb-v1-block,mlp,protocol-v3,0.4,8,5,1,317,0.0005808330024592578,0.002147416991647333,598687744,0.796875
7d43a6738de38655,kmnist,ssb-v1-block,mlp,protocol-v3,0.4,8,5,1,318,0.0005779589992016554,0.0021280840155668557,598687744,0.859375
7d43a6738de38655,kmnist,ssb-v1-block,mlp,protocol-v3,0.4,8,5,1,319,0.0005930000334046781,0.002144375001080334,598687744,0.7890625
7d43a6738de38655,kmnist,ssb-v1-block,mlp,protocol-v3,0.4,8,5,1,320,0.0005895840004086494,0.001979959022719413,598687744,0.8359375
7d43a6738de38655,kmnist,ssb-v1-block,mlp,protocol-v3,0.4,8,5,1,321,0.0005905419820919633,0.0020152500364929438,598687744,0.8203125
7d43a6738de38655,kmnist,ssb-v1-block,mlp,protocol-v3,0.4,8,5,1,322,0.0005956250242888927,0.0021009579650126398,598687744,0.7265625
7d43a6738de38655,kmnist,ssb-v1-block,mlp,protocol-v3,0.4,8,5,1,323,0.000589250004850328,0.0020908339647576213,598687744,0.7578125
7d43a6738de38655,kmnist,ssb-v1-block,mlp,protocol-v3,0.4,8,5,1,324,0.0006032079691067338,0.002175792003981769,598687744,0.65625
7d43a6738de38655,kmnist,ssb-v1-block,mlp,protocol-v3,0.4,8,5,1,325,0.0005955420201644301,0.0020554160000756383,598687744,0.6640625
7d43a6738de38655,kmnist,ssb-v1-block,mlp,protocol-v3,0.4,8,5,1,326,0.000588458962738514,0.001991958008147776,598687744,0.703125
7d43a6738de38655,kmnist,ssb-v1-block,mlp,protocol-v3,0.4,8,5,1,327,0.0005922080017626286,0.0020539590041153133,598687744,0.734375
7d43a6738de38655,kmnist,ssb-v1-block,mlp,protocol-v3,0.4,8,5,1,328,0.0005930840270593762,0.0021480420255102217,598687744,0.71875
7d43a6738de38655,kmnist,ssb-v1-block,mlp,protocol-v3,0.4,8,5,1,329,0.0005894169444218278,0.0020510420436039567,598687744,0.7265625
7d43a6738de38655,kmnist,ssb-v1-block,mlp,protocol-v3,0.4,8,5,1,330,0.0005794590106233954,0.0020032500033266842,598687744,0.7421875
7d43a6738de38655,kmnist,ssb-v1-block,mlp,protocol-v3,0.4,8,5,1,331,0.000582000007852912,0.002212708001025021,598687744,0.78125
7d43a6738de38655,kmnist,ssb-v1-block,mlp,protocol-v3,0.4,8,5,1,332,0.0005977909895591438,0.0022678750101476908,598687744,0.8125
7d43a6738de38655,kmnist,ssb-v1-block,mlp,protocol-v3,0.4,8,5,1,333,0.000594666984397918,0.0021545420167967677,598687744,0.84375
7d43a6738de38655,kmnist,ssb-v1-block,mlp,protocol-v3,0.4,8,5,1,334,0.0005671660182997584,0.0021622919593937695,598687744,0.84375
7d43a6738de38655,kmnist,ssb-v1-block,mlp,protocol-v3,0.4,8,5,1,335,0.0006101249600760639,0.0021649590344168246,598687744,0.8359375
7d43a6738de38655,kmnist,ssb-v1-block,mlp,protocol-v3,0.4,8,5,1,336,0.0005795829929411411,0.0022308750194497406,598687744,0.75
7d43a6738de38655,kmnist,ssb-v1-block,mlp,protocol-v3,0.4,8,5,1,337,0.0005876669893041253,0.002147582999896258,598687744,0.7890625
7d43a6738de38655,kmnist,ssb-v1-block,mlp,protocol-v3,0.4,8,5,1,338,0.0005990840145386755,0.0019417500006966293,598687744,0.8515625
7d43a6738de38655,kmnist,ssb-v1-block,mlp,protocol-v3,0.4,8,5,1,339,0.000712667009793222,0.002156957983970642,598687744,0.78125
7d43a6738de38655,kmnist,ssb-v1-block,mlp,protocol-v3,0.4,8,5,1,340,0.0006037909770384431,0.002108875021804124,598687744,0.828125
7d43a6738de38655,kmnist,ssb-v1-block,mlp,protocol-v3,0.4,8,5,1,341,0.00059029198018834,0.002126457984559238,598687744,0.796875
7d43a6738de38655,kmnist,ssb-v1-block,mlp,protocol-v3,0.4,8,5,1,342,0.0005912919878028333,0.002073250012472272,598687744,0.7109375
7d43a6738de38655,kmnist,ssb-v1-block,mlp,protocol-v3,0.4,8,5,1,343,0.0005919160321354866,0.002043040993157774,598687744,0.8046875
7d43a6738de38655,kmnist,ssb-v1-block,mlp,protocol-v3,0.4,8,5,1,344,0.00058637501206249,0.00224062503548339,598687744,0.8046875
7d43a6738de38655,kmnist,ssb-v1-block,mlp,protocol-v3,0.4,8,5,1,345,0.000595416990108788,0.00207091704942286,598687744,0.734375
7d43a6738de38655,kmnist,ssb-v1-block,mlp,protocol-v3,0.4,8,5,1,346,0.0005904589779675007,0.0021982499747537076,598687744,0.765625
7d43a6738de38655,kmnist,ssb-v1-block,mlp,protocol-v3,0.4,8,5,1,347,0.0006017090054228902,0.0020634159445762634,598687744,0.875
7d43a6738de38655,kmnist,ssb-v1-block,mlp,protocol-v3,0.4,8,5,1,348,0.0006054579862393439,0.002198625006712973,598687744,0.8515625
7d43a6738de38655,kmnist,ssb-v1-block,mlp,protocol-v3,0.4,8,5,1,349,0.0005964169977232814,0.002084875013679266,598687744,0.8671875
7d43a6738de38655,kmnist,ssb-v1-block,mlp,protocol-v3,0.4,8,5,1,350,0.0005995830288156867,0.002121624944265932,598687744,0.828125
7d43a6738de38655,kmnist,ssb-v1-block,mlp,protocol-v3,0.4,8,5,1,351,0.0005952499923296273,0.00208658300107345,598687744,0.875
7d43a6738de38655,kmnist,ssb-v1-block,mlp,protocol-v3,0.4,8,5,1,352,0.0005998329725116491,0.002009208023082465,598687744,0.8046875
7d43a6738de38655,kmnist,ssb-v1-block,mlp,protocol-v3,0.4,8,5,1,353,0.0005908330203965306,0.00213199999416247,598687744,0.859375
7d43a6738de38655,kmnist,ssb-v1-block,mlp,protocol-v3,0.4,8,5,1,354,0.0005932499771006405,0.0020582909928634763,598704128,0.75
7d43a6738de38655,kmnist,ssb-v1-block,mlp,protocol-v3,0.4,8,5,1,355,0.0005989579949527979,0.002096832962706685,598704128,0.8515625
7d43a6738de38655,kmnist,ssb-v1-block,mlp,protocol-v3,0.4,8,5,1,356,0.0005785420071333647,0.0019438340095803142,598704128,0.75
7d43a6738de38655,kmnist,ssb-v1-block,mlp,protocol-v3,0.4,8,5,1,357,0.0005961250280961394,0.002105750027112663,598704128,0.859375
7d43a6738de38655,kmnist,ssb-v1-block,mlp,protocol-v3,0.4,8,5,1,358,0.0005932499771006405,0.0020451669697649777,598704128,0.796875
7d43a6738de38655,kmnist,ssb-v1-block,mlp,protocol-v3,0.4,8,5,1,359,0.0005874590133316815,0.001978207961656153,598720512,0.828125
7d43a6738de38655,kmnist,ssb-v1-block,mlp,protocol-v3,0.4,8,5,1,360,0.0005942499847151339,0.0021064580068923533,598720512,0.8046875
7d43a6738de38655,kmnist,ssb-v1-block,mlp,protocol-v3,0.4,8,5,1,361,0.0005950829945504665,0.0021565830102190375,598720512,0.8046875
7d43a6738de38655,kmnist,ssb-v1-block,mlp,protocol-v3,0.4,8,5,1,362,0.0006026249611750245,0.0019545829854905605,598720512,0.8359375
7d43a6738de38655,kmnist,ssb-v1-block,mlp,protocol-v3,0.4,8,5,1,363,0.0005854579503647983,0.002079333004076034,598736896,0.7890625
7d43a6738de38655,kmnist,ssb-v1-block,mlp,protocol-v3,0.4,8,5,1,364,0.0007081670337356627,0.0019931670394726098,598736896,0.8515625
7d43a6738de38655,kmnist,ssb-v1-block,mlp,protocol-v3,0.4,8,5,1,365,0.00058245804393664,0.002265750023070723,598736896,0.7578125
7d43a6738de38655,kmnist,ssb-v1-block,mlp,protocol-v3,0.4,8,5,1,366,0.0005950839840807021,0.00238304102094844,598736896,0.828125
7d43a6738de38655,kmnist,ssb-v1-block,mlp,protocol-v3,0.4,8,5,1,367,0.0005906669539399445,0.002010791969951242,598753280,0.8203125
7d43a6738de38655,kmnist,ssb-v1-block,mlp,protocol-v3,0.4,8,5,1,368,0.0005952499923296273,0.0020740420441143215,598753280,0.8203125
7d43a6738de38655,kmnist,ssb-v1-block,mlp,protocol-v3,0.4,8,5,1,369,0.0005990000208839774,0.0020387080148793757,598753280,0.7890625
7d43a6738de38655,kmnist,ssb-v1-block,mlp,protocol-v3,0.4,8,5,1,370,0.0005918749957345426,0.0021600840264,598753280,0.890625
7d43a6738de38655,kmnist,ssb-v1-block,mlp,protocol-v3,0.4,8,5,1,371,0.000589708040934056,0.0021114589762873948,598753280,0.8359375
7d43a6738de38655,kmnist,ssb-v1-block,mlp,protocol-v3,0.4,8,5,1,372,0.0005876249633729458,0.0019637499935925007,598753280,0.8203125
7d43a6738de38655,kmnist,ssb-v1-block,mlp,protocol-v3,0.4,8,5,1,373,0.0005775419995188713,0.002139165997505188,598753280,0.84375
7d43a6738de38655,kmnist,ssb-v1-block,mlp,protocol-v3,0.4,8,5,1,374,0.000600875006057322,0.002178042021114379,598753280,0.8984375
7d43a6738de38655,kmnist,ssb-v1-block,mlp,protocol-v3,0.4,8,5,1,375,0.0005886250291951001,0.007061040960252285,599425024,0.7265625
7d43a6738de38655,kmnist,ssb-v1-block,mlp,protocol-v3,0.4,8,5,1,376,0.0005679589812643826,0.002026083995588124,599425024,0.8359375
7d43a6738de38655,kmnist,ssb-v1-block,mlp,protocol-v3,0.4,8,5,1,377,0.0006323750130832195,0.0020804170053452253,599621632,0.7734375
7d43a6738de38655,kmnist,ssb-v1-block,mlp,protocol-v3,0.4,8,5,1,378,0.0005954579683020711,0.002083916973788291,599621632,0.7421875
7d43a6738de38655,kmnist,ssb-v1-block,mlp,protocol-v3,0.4,8,5,1,379,0.000606333022005856,0.0022339169518090785,599851008,0.734375
7d43a6738de38655,kmnist,ssb-v1-block,mlp,protocol-v3,0.4,8,5,1,380,0.0006032919627614319,0.002073833020403981,599900160,0.796875
7d43a6738de38655,kmnist,ssb-v1-block,mlp,protocol-v3,0.4,8,5,1,381,0.0006089580128900707,0.0021820419933646917,599900160,0.796875
7d43a6738de38655,kmnist,ssb-v1-block,mlp,protocol-v3,0.4,8,5,1,382,0.0006002500304020941,0.0021013339865021408,599900160,0.8203125
7d43a6738de38655,kmnist,ssb-v1-block,mlp,protocol-v3,0.4,8,5,1,383,0.0006001670262776315,0.002184749988373369,599900160,0.8515625
7d43a6738de38655,kmnist,ssb-v1-block,mlp,protocol-v3,0.4,8,5,1,384,0.0005872919573448598,0.0020675830310210586,599900160,0.828125
7d43a6738de38655,kmnist,ssb-v1-block,mlp,protocol-v3,0.4,8,5,1,385,0.0005864589475095272,0.0020605000318028033,599900160,0.8203125
7d43a6738de38655,kmnist,ssb-v1-block,mlp,protocol-v3,0.4,8,5,1,386,0.0005918749957345426,0.002126750012394041,599900160,0.828125
7d43a6738de38655,kmnist,ssb-v1-block,mlp,protocol-v3,0.4,8,5,1,387,0.0005992919905111194,0.002138375013601035,599900160,0.796875
7d43a6738de38655,kmnist,ssb-v1-block,mlp,protocol-v3,0.4,8,5,1,388,0.0005860409582965076,0.0022442080080509186,599900160,0.859375
7d43a6738de38655,kmnist,ssb-v1-block,mlp,protocol-v3,0.4,8,5,1,389,0.0005957079702056944,0.0020195419783703983,599900160,0.84375
7d43a6738de38655,kmnist,ssb-v1-block,mlp,protocol-v3,0.4,8,5,1,390,0.0005998340202495456,0.002187790989410132,599900160,0.875
7d43a6738de38655,kmnist,ssb-v1-block,mlp,protocol-v3,0.4,8,5,1,391,0.0005897919763810933,0.002085291955154389,599900160,0.78125
7d43a6738de38655,kmnist,ssb-v1-block,mlp,protocol-v3,0.4,8,5,1,392,0.0005930410115979612,0.0020675829728133976,599900160,0.8515625
7d43a6738de38655,kmnist,ssb-v1-block,mlp,protocol-v3,0.4,8,5,1,393,0.0005897500086575747,0.0019983749953098595,599900160,0.828125
7d43a6738de38655,kmnist,ssb-v1-block,mlp,protocol-v3,0.4,8,5,1,394,0.0006216249894350767,0.0020175829995423555,599900160,0.7734375
7d43a6738de38655,kmnist,ssb-v1-block,mlp,protocol-v3,0.4,8,5,1,395,0.0006958329468034208,0.0021077090059407055,599900160,0.765625
7d43a6738de38655,kmnist,ssb-v1-block,mlp,protocol-v3,0.4,8,5,1,396,0.000621166022028774,0.00215833296533674,599900160,0.8203125
7d43a6738de38655,kmnist,ssb-v1-block,mlp,protocol-v3,0.4,8,5,1,397,0.0006041250308044255,0.002164207980968058,599900160,0.84375
7d43a6738de38655,kmnist,ssb-v1-block,mlp,protocol-v3,0.4,8,5,1,398,0.000593625009059906,0.002143916964996606,599900160,0.78125
7d43a6738de38655,kmnist,ssb-v1-block,mlp,protocol-v3,0.4,8,5,1,399,0.000606709043495357,0.002082584018353373,599900160,0.84375
7d43a6738de38655,kmnist,ssb-v1-block,mlp,protocol-v3,0.4,8,5,1,400,0.0006112499977461994,0.002114166971296072,599900160,0.859375
7d43a6738de38655,kmnist,ssb-v1-block,mlp,protocol-v3,0.4,8,5,1,401,0.0005656669964082539,0.0018939590081572533,599900160,0.796875
7d43a6738de38655,kmnist,ssb-v1-block,mlp,protocol-v3,0.4,8,5,1,402,0.0005627500358968973,0.002210916019976139,599900160,0.8359375
7d43a6738de38655,kmnist,ssb-v1-block,mlp,protocol-v3,0.4,8,5,1,403,0.0005937499809078872,0.002144458005204797,599900160,0.84375
7d43a6738de38655,kmnist,ssb-v1-block,mlp,protocol-v3,0.4,8,5,1,404,0.0005953749641776085,0.0020143750007264316,599900160,0.8359375
7d43a6738de38655,kmnist,ssb-v1-block,mlp,protocol-v3,0.4,8,5,1,405,0.000615666969679296,0.0021959590376354754,599916544,0.796875
7d43a6738de38655,kmnist,ssb-v1-block,mlp,protocol-v3,0.4,8,5,1,406,0.0005962090217508376,0.0021483339951373637,599916544,0.8359375
7d43a6738de38655,kmnist,ssb-v1-block,mlp,protocol-v3,0.4,8,5,1,407,0.0006004999740980566,0.002090541005600244,599916544,0.84375
7d43a6738de38655,kmnist,ssb-v1-block,mlp,protocol-v3,0.4,8,5,1,408,0.0006078340229578316,0.002109499997459352,599916544,0.875
7d43a6738de38655,kmnist,ssb-v1-block,mlp,protocol-v3,0.4,8,5,1,409,0.000604082946665585,0.0020086250151507556,599916544,0.90625
7d43a6738de38655,kmnist,ssb-v1-block,mlp,protocol-v3,0.4,8,5,1,410,0.0005841670208610594,0.0020896660280413926,599916544,0.8359375
7d43a6738de38655,kmnist,ssb-v1-block,mlp,protocol-v3,0.4,8,5,1,411,0.0005987919867038727,0.0020519999670796096,599916544,0.84375
7d43a6738de38655,kmnist,ssb-v1-block,mlp,protocol-v3,0.4,8,5,1,412,0.0005903750425204635,0.0021059999708086252,599916544,0.828125
7d43a6738de38655,kmnist,ssb-v1-block,mlp,protocol-v3,0.4,8,5,1,413,0.0006017499836161733,0.0023875839542597532,599916544,0.8359375
7d43a6738de38655,kmnist,ssb-v1-block,mlp,protocol-v3,0.4,8,5,1,414,0.0006119579775258899,0.002138333977200091,599916544,0.8203125
7d43a6738de38655,kmnist,ssb-v1-block,mlp,protocol-v3,0.4,8,5,1,415,0.0005950829945504665,0.002220667025540024,599916544,0.8203125
7d43a6738de38655,kmnist,ssb-v1-block,mlp,protocol-v3,0.4,8,5,1,416,0.0005922500276938081,0.002148625033441931,599916544,0.828125
7d43a6738de38655,kmnist,ssb-v1-block,mlp,protocol-v3,0.4,8,5,1,417,0.0006020420114509761,0.0021322090178728104,599932928,0.859375
7d43a6738de38655,kmnist,ssb-v1-block,mlp,protocol-v3,0.4,8,5,1,418,0.000596166995819658,0.002026583009865135,599932928,0.8203125
7d43a6738de38655,kmnist,ssb-v1-block,mlp,protocol-v3,0.4,8,5,1,419,0.0005790410214103758,0.0022930839913897216,599932928,0.8203125
7d43a6738de38655,kmnist,ssb-v1-block,mlp,protocol-v3,0.4,8,5,1,420,0.0005958330002613366,0.002148500003386289,599932928,0.859375
7d43a6738de38655,kmnist,ssb-v1-block,mlp,protocol-v3,0.4,8,5,1,421,0.0006077910074964166,0.0019729589694179595,599932928,0.859375
7d43a6738de38655,kmnist,ssb-v1-block,mlp,protocol-v3,0.4,8,5,1,422,0.0006076670251786709,0.002167708007618785,599932928,0.84375
7d43a6738de38655,kmnist,ssb-v1-block,mlp,protocol-v3,0.4,8,5,1,423,0.0005991249927319586,0.0020870830048806965,599932928,0.7890625
7d43a6738de38655,kmnist,ssb-v1-block,mlp,protocol-v3,0.4,8,5,1,424,0.0005840419908054173,0.002135624992661178,599932928,0.8125
7d43a6738de38655,kmnist,ssb-v1-block,mlp,protocol-v3,0.4,8,5,1,425,0.000619709026068449,0.0021455410169437528,599932928,0.828125
7d43a6738de38655,kmnist,ssb-v1-block,mlp,protocol-v3,0.4,8,5,1,426,0.0006017499836161733,0.0020221250015310943,599932928,0.796875
7d43a6738de38655,kmnist,ssb-v1-block,mlp,protocol-v3,0.4,8,5,1,427,0.0005962079740129411,0.002022166969254613,599932928,0.859375
7d43a6738de38655,kmnist,ssb-v1-block,mlp,protocol-v3,0.4,8,5,1,428,0.0006083329790271819,0.0020413330057635903,599932928,0.75
7d43a6738de38655,kmnist,ssb-v1-block,mlp,protocol-v3,0.4,8,5,1,429,0.0006278749788179994,0.0020249169901944697,599932928,0.8203125
7d43a6738de38655,kmnist,ssb-v1-block,mlp,protocol-v3,0.4,8,5,1,430,0.0005956669920124114,0.002015291014686227,599932928,0.875
7d43a6738de38655,kmnist,ssb-v1-block,mlp,protocol-v3,0.4,8,5,1,431,0.0005947499885223806,0.002127832965925336,599932928,0.8203125
7d43a6738de38655,kmnist,ssb-v1-block,mlp,protocol-v3,0.4,8,5,1,432,0.0006078329752199352,0.0022075840388424695,599932928,0.7890625
7d43a6738de38655,kmnist,ssb-v1-block,mlp,protocol-v3,0.4,8,5,1,433,0.0005978339468128979,0.0021497500129044056,599932928,0.8203125
7d43a6738de38655,kmnist,ssb-v1-block,mlp,protocol-v3,0.4,8,5,1,434,0.0006099579622969031,0.0021373340277932584,599932928,0.84375
7d43a6738de38655,kmnist,ssb-v1-block,mlp,protocol-v3,0.4,8,5,1,435,0.0005940410192124546,0.0021133330301381648,599932928,0.875
7d43a6738de38655,kmnist,ssb-v1-block,mlp,protocol-v3,0.4,8,5,1,436,0.0005876669893041253,0.0019586249836720526,599932928,0.859375
7d43a6738de38655,kmnist,ssb-v1-block,mlp,protocol-v3,0.4,8,5,1,437,0.0006009580101817846,0.0021085829939693213,599932928,0.8359375
7d43a6738de38655,kmnist,ssb-v1-block,mlp,protocol-v3,0.4,8,5,1,438,0.0005941250128671527,0.0021136249997653067,599932928,0.7890625
7d43a6738de38655,kmnist,ssb-v1-block,mlp,protocol-v3,0.4,8,5,1,439,0.0006034169928170741,0.0021405419684015214,599932928,0.859375
7d43a6738de38655,kmnist,ssb-v1-block,mlp,protocol-v3,0.4,8,5,1,440,0.0006006250041536987,0.0020825410028919578,599932928,0.78125
7d43a6738de38655,kmnist,ssb-v1-block,mlp,protocol-v3,0.4,8,5,1,441,0.0005996670224703848,0.002180999959819019,599932928,0.8359375
7d43a6738de38655,kmnist,ssb-v1-block,mlp,protocol-v3,0.4,8,5,1,442,0.0005952910287305713,0.0021187500096857548,599932928,0.8203125
7d43a6738de38655,kmnist,ssb-v1-block,mlp,protocol-v3,0.4,8,5,1,443,0.0005952499923296273,0.0020546249579638243,599932928,0.84375
7d43a6738de38655,kmnist,ssb-v1-block,mlp,protocol-v3,0.4,8,5,1,444,0.0005962919676676393,0.0020709579694084823,599932928,0.859375
7d43a6738de38655,kmnist,ssb-v1-block,mlp,protocol-v3,0.4,8,5,1,445,0.0005909580504521728,0.002006416965741664,599949312,0.8125
7d43a6738de38655,kmnist,ssb-v1-block,mlp,protocol-v3,0.4,8,5,1,446,0.0005987079930491745,0.00197199999820441,599965696,0.7890625
7d43a6738de38655,kmnist,ssb-v1-block,mlp,protocol-v3,0.4,8,5,1,447,0.0005924999713897705,0.0021632079733535647,599965696,0.7890625
7d43a6738de38655,kmnist,ssb-v1-block,mlp,protocol-v3,0.4,8,5,1,448,0.0005949169863015413,0.0020636250264942646,599965696,0.765625
7d43a6738de38655,kmnist,ssb-v1-block,mlp,protocol-v3,0.4,8,5,1,449,0.0006053750403225422,0.001987249997910112,599982080,0.796875
7d43a6738de38655,kmnist,ssb-v1-block,mlp,protocol-v3,0.4,8,5,1,450,0.0006054579862393439,0.00200358300935477,599982080,0.765625
7d43a6738de38655,kmnist,ssb-v1-block,mlp,protocol-v3,0.4,8,5,1,451,0.0005917079979553819,0.0020008329884149134,599982080,0.71875
7d43a6738de38655,kmnist,ssb-v1-block,mlp,protocol-v3,0.4,8,5,1,452,0.0005959999980404973,0.002014541008975357,599982080,0.7734375
7d43a6738de38655,kmnist,ssb-v1-block,mlp,protocol-v3,0.4,8,5,1,453,0.00059795897686854,0.0020710829994641244,599982080,0.7890625
7d43a6738de38655,kmnist,ssb-v1-block,mlp,protocol-v3,0.4,8,5,1,454,0.0005909579922445118,0.0022705839946866035,599982080,0.703125
7d43a6738de38655,kmnist,ssb-v1-block,mlp,protocol-v3,0.4,8,5,1,455,0.0006048750365152955,0.002197458001319319,599982080,0.8203125
7d43a6738de38655,kmnist,ssb-v1-block,mlp,protocol-v3,0.4,8,5,1,456,0.000620041973888874,0.002171291969716549,599982080,0.875
7d43a6738de38655,kmnist,ssb-v1-block,mlp,protocol-v3,0.4,8,5,1,457,0.0005985829629935324,0.0021472919615916908,600014848,0.8125
7d43a6738de38655,kmnist,ssb-v1-block,mlp,protocol-v3,0.4,8,5,1,458,0.0005890000029467046,0.002055542019661516,600014848,0.8515625
7d43a6738de38655,kmnist,ssb-v1-block,mlp,protocol-v3,0.4,8,5,1,459,0.0006080419989302754,0.0019615410128608346,600014848,0.828125
7d43a6738de38655,kmnist,ssb-v1-block,mlp,protocol-v3,0.4,8,5,1,460,0.0005760839558206499,0.009050583001226187,600981504,0.8125
7d43a6738de38655,kmnist,ssb-v1-block,mlp,protocol-v3,0.4,8,5,1,461,0.0005827079876326025,0.0020051669562235475,601358336,0.7109375
7d43a6738de38655,kmnist,ssb-v1-block,mlp,protocol-v3,0.4,8,5,1,462,0.0005983749870210886,0.002259582979604602,601358336,0.7734375
7d43a6738de38655,kmnist,ssb-v1-block,mlp,protocol-v3,0.4,8,5,1,463,0.0006000420544296503,0.002112041984219104,601358336,0.7578125
7d43a6738de38655,kmnist,ssb-v1-block,mlp,protocol-v3,0.4,8,5,1,464,0.0006320829852484167,0.0020472079631872475,601636864,0.8515625
7d43a6738de38655,kmnist,ssb-v1-block,mlp,protocol-v3,0.4,8,5,1,465,0.0006056250422261655,0.002129750035237521,601636864,0.7890625
7d43a6738de38655,kmnist,ssb-v1-block,mlp,protocol-v3,0.4,8,5,1,466,0.0005985000170767307,0.0020180839928798378,601636864,0.8359375
7d43a6738de38655,kmnist,ssb-v1-block,mlp,protocol-v3,0.4,8,5,1,467,0.0006055410485714674,0.002068375004455447,601636864,0.8671875
7d43a6738de38655,kmnist,ssb-v1-block,mlp,protocol-v3,0.4,8,5,1,468,0.00720895902486518,0.028183416987303644,610975744,0.8645833333333334
7d43a6738de38655,kmnist,ssb-v1-block,mlp,protocol-v3,0.4,8,5,2,0,0.0006281250389292836,0.0021771249594166875,618577920,0.8671875
7d43a6738de38655,kmnist,ssb-v1-block,mlp,protocol-v3,0.4,8,5,2,1,0.0007200830150395632,0.0030154999694786966,619266048,0.78125
7d43a6738de38655,kmnist,ssb-v1-block,mlp,protocol-v3,0.4,8,5,2,2,0.0010154169867746532,0.00279316701926291,619266048,0.8046875
7d43a6738de38655,kmnist,ssb-v1-block,mlp,protocol-v3,0.4,8,5,2,3,0.000830375007353723,0.002344416978303343,619266048,0.9140625
7d43a6738de38655,kmnist,ssb-v1-block,mlp,protocol-v3,0.4,8,5,2,4,0.000632665993180126,0.002097084012348205,619266048,0.8046875
7d43a6738de38655,kmnist,ssb-v1-block,mlp,protocol-v3,0.4,8,5,2,5,0.0006334999925456941,0.002069416979793459,619380736,0.7734375
7d43a6738de38655,kmnist,ssb-v1-block,mlp,protocol-v3,0.4,8,5,2,6,0.0006014590035192668,0.002065250009763986,619790336,0.734375
7d43a6738de38655,kmnist,ssb-v1-block,mlp,protocol-v3,0.4,8,5,2,7,0.0006220839568413794,0.0020640830043703318,620183552,0.7734375
7d43a6738de38655,kmnist,ssb-v1-block,mlp,protocol-v3,0.4,8,5,2,8,0.0006024999893270433,0.0019774999818764627,620183552,0.8046875
7d43a6738de38655,kmnist,ssb-v1-block,mlp,protocol-v3,0.4,8,5,2,9,0.0006020000437274575,0.008890166995115578,621101056,0.8203125
7d43a6738de38655,kmnist,ssb-v1-block,mlp,protocol-v3,0.4,8,5,2,10,0.0006085840286687016,0.002327582973521203,621199360,0.8203125
7d43a6738de38655,kmnist,ssb-v1-block,mlp,protocol-v3,0.4,8,5,2,11,0.0008522499701939523,0.0021502079907804728,621215744,0.8203125
7d43a6738de38655,kmnist,ssb-v1-block,mlp,protocol-v3,0.4,8,5,2,12,0.0005976249813102186,0.002125166996847838,621215744,0.796875
7d43a6738de38655,kmnist,ssb-v1-block,mlp,protocol-v3,0.4,8,5,2,13,0.0006300420500338078,0.002263292029965669,621576192,0.796875
7d43a6738de38655,kmnist,ssb-v1-block,mlp,protocol-v3,0.4,8,5,2,14,0.000618541962467134,0.002146707964129746,621592576,0.9140625
7d43a6738de38655,kmnist,ssb-v1-block,mlp,protocol-v3,0.4,8,5,2,15,0.0005730409757234156,0.0021689999848604202,621592576,0.859375
7d43a6738de38655,kmnist,ssb-v1-block,mlp,protocol-v3,0.4,8,5,2,16,0.0006052909884601831,0.002101082995068282,621592576,0.796875
7d43a6738de38655,kmnist,ssb-v1-block,mlp,protocol-v3,0.4,8,5,2,17,0.0006154170259833336,0.002066750021185726,621821952,0.8046875
7d43a6738de38655,kmnist,ssb-v1-block,mlp,protocol-v3,0.4,8,5,2,18,0.0006038339924998581,0.0021266660187393427,621821952,0.8671875
7d43a6738de38655,kmnist,ssb-v1-block,mlp,protocol-v3,0.4,8,5,2,19,0.0006183329969644547,0.0020865839906036854,621821952,0.828125
7d43a6738de38655,kmnist,ssb-v1-block,mlp,protocol-v3,0.4,8,5,2,20,0.0006193749723024666,0.0021855829982087016,621821952,0.8125
7d43a6738de38655,kmnist,ssb-v1-block,mlp,protocol-v3,0.4,8,5,2,21,0.0005941669805906713,0.0020057089859619737,621821952,0.8359375
7d43a6738de38655,kmnist,ssb-v1-block,mlp,protocol-v3,0.4,8,5,2,22,0.0005975420353934169,0.002347709028981626,621821952,0.7734375
7d43a6738de38655,kmnist,ssb-v1-block,mlp,protocol-v3,0.4,8,5,2,23,0.0006023329915478826,0.0021096669952385128,621821952,0.875
7d43a6738de38655,kmnist,ssb-v1-block,mlp,protocol-v3,0.4,8,5,2,24,0.000625500048045069,0.002012207987718284,621821952,0.8671875
7d43a6738de38655,kmnist,ssb-v1-block,mlp,protocol-v3,0.4,8,5,2,25,0.0006006250041536987,0.0021120840101502836,621821952,0.90625
7d43a6738de38655,kmnist,ssb-v1-block,mlp,protocol-v3,0.4,8,5,2,26,0.0005894170026294887,0.002085957967210561,621821952,0.796875
7d43a6738de38655,kmnist,ssb-v1-block,mlp,protocol-v3,0.4,8,5,2,27,0.0006013750098645687,0.0020145000307820737,621821952,0.8125
7d43a6738de38655,kmnist,ssb-v1-block,mlp,protocol-v3,0.4,8,5,2,28,0.0005952920182608068,0.002088666951749474,621821952,0.8125
7d43a6738de38655,kmnist,ssb-v1-block,mlp,protocol-v3,0.4,8,5,2,29,0.0005979999550618231,0.002024332992732525,621821952,0.859375
7d43a6738de38655,kmnist,ssb-v1-block,mlp,protocol-v3,0.4,8,5,2,30,0.0006018339772708714,0.0020765000372193754,621821952,0.8046875
7d43a6738de38655,kmnist,ssb-v1-block,mlp,protocol-v3,0.4,8,5,2,31,0.0006028750212863088,0.002172207983676344,621821952,0.765625
7d43a6738de38655,kmnist,ssb-v1-block,mlp,protocol-v3,0.4,8,5,2,32,0.0006022079614922404,0.00204729096731171,621821952,0.8671875
7d43a6738de38655,kmnist,ssb-v1-block,mlp,protocol-v3,0.4,8,5,2,33,0.0005995830288156867,0.002177499991375953,621821952,0.8359375
7d43a6738de38655,kmnist,ssb-v1-block,mlp,protocol-v3,0.4,8,5,2,34,0.0006053340039215982,0.0020095829968340695,621821952,0.828125
7d43a6738de38655,kmnist,ssb-v1-block,mlp,protocol-v3,0.4,8,5,2,35,0.0005967919714748859,0.002147334045730531,621821952,0.8671875
7d43a6738de38655,kmnist,ssb-v1-block,mlp,protocol-v3,0.4,8,5,2,36,0.0005898329545743763,0.002075791999232024,621821952,0.8515625
7d43a6738de38655,kmnist,ssb-v1-block,mlp,protocol-v3,0.4,8,5,2,37,0.000601625011768192,0.0020057919900864363,621821952,0.8203125
7d43a6738de38655,kmnist,ssb-v1-block,mlp,protocol-v3,0.4,8,5,2,38,0.0005969590274617076,0.0020725830108858645,621821952,0.8203125
7d43a6738de38655,kmnist,ssb-v1-block,mlp,protocol-v3,0.4,8,5,2,39,0.0006038339924998581,0.0021568749798461795,621821952,0.890625
7d43a6738de38655,kmnist,ssb-v1-block,mlp,protocol-v3,0.4,8,5,2,40,0.0006012920057401061,0.0020666670170612633,621821952,0.859375
7d43a6738de38655,kmnist,ssb-v1-block,mlp,protocol-v3,0.4,8,5,2,41,0.0006025829934515059,0.002063334046397358,621821952,0.8515625
7d43a6738de38655,kmnist,ssb-v1-block,mlp,protocol-v3,0.4,8,5,2,42,0.0006000830326229334,0.002004082954954356,621821952,0.8828125
7d43a6738de38655,kmnist,ssb-v1-block,mlp,protocol-v3,0.4,8,5,2,43,0.000601916981395334,0.0021352089825086296,621821952,0.8828125
7d43a6738de38655,kmnist,ssb-v1-block,mlp,protocol-v3,0.4,8,5,2,44,0.0005839170189574361,0.0021151669789105654,621821952,0.8359375
7d43a6738de38655,kmnist,ssb-v1-block,mlp,protocol-v3,0.4,8,5,2,45,0.0005996660329401493,0.002144250029232353,621821952,0.8828125
7d43a6738de38655,kmnist,ssb-v1-block,mlp,protocol-v3,0.4,8,5,2,46,0.0006052500102669001,0.0020718330051749945,621821952,0.796875
7d43a6738de38655,kmnist,ssb-v1-block,mlp,protocol-v3,0.4,8,5,2,47,0.0006025420152582228,0.002038624952547252,621821952,0.7578125
7d43a6738de38655,kmnist,ssb-v1-block,mlp,protocol-v3,0.4,8,5,2,48,0.0005939170368947089,0.0020707499934360385,621821952,0.8515625
7d43a6738de38655,kmnist,ssb-v1-block,mlp,protocol-v3,0.4,8,5,2,49,0.0005892919725738466,0.002190832979977131,621821952,0.765625
7d43a6738de38655,kmnist,ssb-v1-block,mlp,protocol-v3,0.4,8,5,2,50,0.0005930840270593762,0.0022457920131273568,621821952,0.8359375
7d43a6738de38655,kmnist,ssb-v1-block,mlp,protocol-v3,0.4,8,5,2,51,0.0006032499950379133,0.0021652920404449105,621821952,0.8828125
7d43a6738de38655,kmnist,ssb-v1-block,mlp,protocol-v3,0.4,8,5,2,52,0.000600457948166877,0.002001916989684105,621821952,0.8125
7d43a6738de38655,kmnist,ssb-v1-block,mlp,protocol-v3,0.4,8,5,2,53,0.0005843339604325593,0.0021042919834144413,621821952,0.796875
7d43a6738de38655,kmnist,ssb-v1-block,mlp,protocol-v3,0.4,8,5,2,54,0.0005912919878028333,0.0021548750228248537,621821952,0.84375
7d43a6738de38655,kmnist,ssb-v1-block,mlp,protocol-v3,0.4,8,5,2,55,0.0006041669985279441,0.0021513330284506083,621821952,0.7890625
7d43a6738de38655,kmnist,ssb-v1-block,mlp,protocol-v3,0.4,8,5,2,56,0.0005980419809930027,0.00213966699084267,621821952,0.828125
7d43a6738de38655,kmnist,ssb-v1-block,mlp,protocol-v3,0.4,8,5,2,57,0.0005995830288156867,0.002162874967325479,621821952,0.859375
7d43a6738de38655,kmnist,ssb-v1-block,mlp,protocol-v3,0.4,8,5,2,58,0.0006072079995647073,0.0020457080099731684,621821952,0.8515625
7d43a6738de38655,kmnist,ssb-v1-block,mlp,protocol-v3,0.4,8,5,2,59,0.0005909160245209932,0.0021307499846443534,621821952,0.8984375
7d43a6738de38655,kmnist,ssb-v1-block,mlp,protocol-v3,0.4,8,5,2,60,0.0005927499732933939,0.002047916001174599,621838336,0.828125
7d43a6738de38655,kmnist,ssb-v1-block,mlp,protocol-v3,0.4,8,5,2,61,0.0005950839840807021,0.002185666002333164,621838336,0.84375
7d43a6738de38655,kmnist,ssb-v1-block,mlp,protocol-v3,0.4,8,5,2,62,0.0005897500086575747,0.0020647079800255597,621838336,0.7734375
7d43a6738de38655,kmnist,ssb-v1-block,mlp,protocol-v3,0.4,8,5,2,63,0.0005966669996269047,0.0020148339681327343,621838336,0.828125
7d43a6738de38655,kmnist,ssb-v1-block,mlp,protocol-v3,0.4,8,5,2,64,0.0005959999980404973,0.0019859170424751937,621838336,0.8671875
7d43a6738de38655,kmnist,ssb-v1-block,mlp,protocol-v3,0.4,8,5,2,65,0.0005918749957345426,0.0019862500485032797,621838336,0.7890625
7d43a6738de38655,kmnist,ssb-v1-block,mlp,protocol-v3,0.4,8,5,2,66,0.0006110829999670386,0.0021019999985583127,621838336,0.8671875
7d43a6738de38655,kmnist,ssb-v1-block,mlp,protocol-v3,0.4,8,5,2,67,0.000588166993111372,0.002117666997946799,621838336,0.8125
7d43a6738de38655,kmnist,ssb-v1-block,mlp,protocol-v3,0.4,8,5,2,68,0.0006412079674191773,0.0020809999550692737,621838336,0.8359375
7d43a6738de38655,kmnist,ssb-v1-block,mlp,protocol-v3,0.4,8,5,2,69,0.0006497499998658895,0.0021943749743513763,621838336,0.8671875
7d43a6738de38655,kmnist,ssb-v1-block,mlp,protocol-v3,0.4,8,5,2,70,0.0005973330116830766,0.002160583040677011,621838336,0.84375
7d43a6738de38655,kmnist,ssb-v1-block,mlp,protocol-v3,0.4,8,5,2,71,0.0006186250247992575,0.0020308339735493064,621838336,0.875
7d43a6738de38655,kmnist,ssb-v1-block,mlp,protocol-v3,0.4,8,5,2,72,0.000591833028011024,0.002107667038217187,621838336,0.8515625
7d43a6738de38655,kmnist,ssb-v1-block,mlp,protocol-v3,0.4,8,5,2,73,0.0005977079854346812,0.0019702090066857636,621838336,0.859375
7d43a6738de38655,kmnist,ssb-v1-block,mlp,protocol-v3,0.4,8,5,2,74,0.0006012920057401061,0.002241792040877044,621838336,0.7890625
7d43a6738de38655,kmnist,ssb-v1-block,mlp,protocol-v3,0.4,8,5,2,75,0.000601958017796278,0.0021385419531725347,621838336,0.765625
7d43a6738de38655,kmnist,ssb-v1-block,mlp,protocol-v3,0.4,8,5,2,76,0.0006097919540479779,0.002158124989364296,621838336,0.7421875
7d43a6738de38655,kmnist,ssb-v1-block,mlp,protocol-v3,0.4,8,5,2,77,0.0005982500151731074,0.0020526659791357815,621838336,0.8203125
7d43a6738de38655,kmnist,ssb-v1-block,mlp,protocol-v3,0.4,8,5,2,78,0.0005586670013144612,0.0020848329877480865,621838336,0.8125
7d43a6738de38655,kmnist,ssb-v1-block,mlp,protocol-v3,0.4,8,5,2,79,0.0005716250161640346,0.002105958992615342,621838336,0.78125
7d43a6738de38655,kmnist,ssb-v1-block,mlp,protocol-v3,0.4,8,5,2,80,0.0005952090141363442,0.002027417009230703,621838336,0.7578125
7d43a6738de38655,kmnist,ssb-v1-block,mlp,protocol-v3,0.4,8,5,2,81,0.0006144170183688402,0.0021068330388516188,621789184,0.796875
7d43a6738de38655,kmnist,ssb-v1-block,mlp,protocol-v3,0.4,8,5,2,82,0.0005854159826412797,0.002185333985835314,621789184,0.828125
7d43a6738de38655,kmnist,ssb-v1-block,mlp,protocol-v3,0.4,8,5,2,83,0.0005792089505121112,0.0021458750125020742,621789184,0.84375
7d43a6738de38655,kmnist,ssb-v1-block,mlp,protocol-v3,0.4,8,5,2,84,0.0006045419722795486,0.002205833967309445,621789184,0.8515625
7d43a6738de38655,kmnist,ssb-v1-block,mlp,protocol-v3,0.4,8,5,2,85,0.0005817500059492886,0.0022026660153642297,621789184,0.8828125
7d43a6738de38655,kmnist,ssb-v1-block,mlp,protocol-v3,0.4,8,5,2,86,0.0006094169802963734,0.0021892910008318722,621789184,0.796875
7d43a6738de38655,kmnist,ssb-v1-block,mlp,protocol-v3,0.4,8,5,2,87,0.0006092500407248735,0.0021020409767515957,621789184,0.859375
7d43a6738de38655,kmnist,ssb-v1-block,mlp,protocol-v3,0.4,8,5,2,88,0.0007002080092206597,0.0020360829657875,621789184,0.84375
7d43a6738de38655,kmnist,ssb-v1-block,mlp,protocol-v3,0.4,8,5,2,89,0.00060841697268188,0.0020814999588765204,621789184,0.84375
7d43a6738de38655,kmnist,ssb-v1-block,mlp,protocol-v3,0.4,8,5,2,90,0.0006001670262776315,0.00226958398707211,621789184,0.859375
7d43a6738de38655,kmnist,ssb-v1-block,mlp,protocol-v3,0.4,8,5,2,91,0.000606333022005856,0.002181749965529889,621789184,0.8984375
7d43a6738de38655,kmnist,ssb-v1-block,mlp,protocol-v3,0.4,8,5,2,92,0.0006000419962219894,0.0021345000131987035,621789184,0.90625
7d43a6738de38655,kmnist,ssb-v1-block,mlp,protocol-v3,0.4,8,5,2,93,0.0005987500189803541,0.0020210000220686197,621789184,0.8671875
7d43a6738de38655,kmnist,ssb-v1-block,mlp,protocol-v3,0.4,8,5,2,94,0.0006381249986588955,0.002030625008046627,621789184,0.75
7d43a6738de38655,kmnist,ssb-v1-block,mlp,protocol-v3,0.4,8,5,2,95,0.0005901670083403587,0.0019102920196019113,621789184,0.7421875
7d43a6738de38655,kmnist,ssb-v1-block,mlp,protocol-v3,0.4,8,5,2,96,0.0005995829706080258,0.0020289589883759618,621789184,0.7890625
7d43a6738de38655,kmnist,ssb-v1-block,mlp,protocol-v3,0.4,8,5,2,97,0.0005877499934285879,0.0021652079885825515,621789184,0.765625
7d43a6738de38655,kmnist,ssb-v1-block,mlp,protocol-v3,0.4,8,5,2,98,0.0006019170396029949,0.0021000420092605054,621789184,0.8359375
7d43a6738de38655,kmnist,ssb-v1-block,mlp,protocol-v3,0.4,8,5,2,99,0.0006070840172469616,0.0020408330019563437,621789184,0.8828125
7d43a6738de38655,kmnist,ssb-v1-block,mlp,protocol-v3,0.4,8,5,2,100,0.0006088339723646641,0.002069458016194403,621789184,0.8046875
7d43a6738de38655,kmnist,ssb-v1-block,mlp,protocol-v3,0.4,8,5,2,101,0.0006006250041536987,0.0019869579700753093,621789184,0.859375
7d43a6738de38655,kmnist,ssb-v1-block,mlp,protocol-v3,0.4,8,5,2,102,0.0006134170107543468,0.0021747080027125776,621789184,0.828125
7d43a6738de38655,kmnist,ssb-v1-block,mlp,protocol-v3,0.4,8,5,2,103,0.0005945830489508808,0.0020178750273771584,621789184,0.84375
7d43a6738de38655,kmnist,ssb-v1-block,mlp,protocol-v3,0.4,8,5,2,104,0.0006024169852025807,0.0020536670344881713,621789184,0.8515625
7d43a6738de38655,kmnist,ssb-v1-block,mlp,protocol-v3,0.4,8,5,2,105,0.0005959589616395533,0.0020742500200867653,621789184,0.8046875
7d43a6738de38655,kmnist,ssb-v1-block,mlp,protocol-v3,0.4,8,5,2,106,0.0005973749794065952,0.0022567500127479434,621789184,0.8203125
7d43a6738de38655,kmnist,ssb-v1-block,mlp,protocol-v3,0.4,8,5,2,107,0.0005925000295974314,0.002092125010676682,621789184,0.828125
7d43a6738de38655,kmnist,ssb-v1-block,mlp,protocol-v3,0.4,8,5,2,108,0.0005925000295974314,0.002034250006545335,621789184,0.84375
7d43a6738de38655,kmnist,ssb-v1-block,mlp,protocol-v3,0.4,8,5,2,109,0.000599374994635582,0.002066333021502942,621789184,0.9140625
7d43a6738de38655,kmnist,ssb-v1-block,mlp,protocol-v3,0.4,8,5,2,110,0.0006157909519970417,0.002167041995562613,621805568,0.859375
7d43a6738de38655,kmnist,ssb-v1-block,mlp,protocol-v3,0.4,8,5,2,111,0.000611333001870662,0.0021397919626906514,621805568,0.8984375
7d43a6738de38655,kmnist,ssb-v1-block,mlp,protocol-v3,0.4,8,5,2,112,0.0006052920361980796,0.0021023329463787377,621805568,0.8359375
7d43a6738de38655,kmnist,ssb-v1-block,mlp,protocol-v3,0.4,8,5,2,113,0.0005879579694010317,0.00200208299793303,621805568,0.8359375
7d43a6738de38655,kmnist,ssb-v1-block,mlp,protocol-v3,0.4,8,5,2,114,0.0006028750212863088,0.001960500027053058,621805568,0.8828125
7d43a6738de38655,kmnist,ssb-v1-block,mlp,protocol-v3,0.4,8,5,2,115,0.0006027499912306666,0.00211966602364555,621805568,0.796875
7d43a6738de38655,kmnist,ssb-v1-block,mlp,protocol-v3,0.4,8,5,2,116,0.0005992910009808838,0.007223499997053295,622460928,0.8359375
7d43a6738de38655,kmnist,ssb-v1-block,mlp,protocol-v3,0.4,8,5,2,117,0.0007048330153338611,0.0021669590496458113,622460928,0.8046875
7d43a6738de38655,kmnist,ssb-v1-block,mlp,protocol-v3,0.4,8,5,2,118,0.0006163330399431288,0.00225295900600031,622460928,0.828125
7d43a6738de38655,kmnist,ssb-v1-block,mlp,protocol-v3,0.4,8,5,2,119,0.00084695901023224,0.0021314590121619403,622493696,0.8828125
7d43a6738de38655,kmnist,ssb-v1-block,mlp,protocol-v3,0.4,8,5,2,120,0.000601958017796278,0.0021312079625204206,622493696,0.796875
7d43a6738de38655,kmnist,ssb-v1-block,mlp,protocol-v3,0.4,8,5,2,121,0.0006009169737808406,0.002200957969762385,622493696,0.8515625
7d43a6738de38655,kmnist,ssb-v1-block,mlp,protocol-v3,0.4,8,5,2,122,0.0006042500026524067,0.002166665974073112,622493696,0.8671875
7d43a6738de38655,kmnist,ssb-v1-block,mlp,protocol-v3,0.4,8,5,2,123,0.000606333022005856,0.002032416989095509,622493696,0.84375
7d43a6738de38655,kmnist,ssb-v1-block,mlp,protocol-v3,0.4,8,5,2,124,0.000605165958404541,0.0020796250319108367,622493696,0.859375
7d43a6738de38655,kmnist,ssb-v1-block,mlp,protocol-v3,0.4,8,5,2,125,0.0005795409670099616,0.002197916037403047,622493696,0.8828125
7d43a6738de38655,kmnist,ssb-v1-block,mlp,protocol-v3,0.4,8,5,2,126,0.0006249580183066428,0.0020960409892722964,622493696,0.84375
7d43a6738de38655,kmnist,ssb-v1-block,mlp,protocol-v3,0.4,8,5,2,127,0.0006009169737808406,0.002245625015348196,622575616,0.8125
7d43a6738de38655,kmnist,ssb-v1-block,mlp,protocol-v3,0.4,8,5,2,128,0.0006101670442149043,0.0020535840303637087,622575616,0.796875
7d43a6738de38655,kmnist,ssb-v1-block,mlp,protocol-v3,0.4,8,5,2,129,0.0006083750049583614,0.0021912080119363964,622575616,0.8828125
7d43a6738de38655,kmnist,ssb-v1-block,mlp,protocol-v3,0.4,8,5,2,130,0.0006067919894121587,0.00221070897532627,622575616,0.8984375
7d43a6738de38655,kmnist,ssb-v1-block,mlp,protocol-v3,0.4,8,5,2,131,0.0005975830135867,0.0020988749456591904,622592000,0.90625
7d43a6738de38655,kmnist,ssb-v1-block,mlp,protocol-v3,0.4,8,5,2,132,0.0005908329621888697,0.002100874960888177,622592000,0.8515625
7d43a6738de38655,kmnist,ssb-v1-block,mlp,protocol-v3,0.4,8,5,2,133,0.0006017499836161733,0.0021887909970246255,622592000,0.7890625
7d43a6738de38655,kmnist,ssb-v1-block,mlp,protocol-v3,0.4,8,5,2,134,0.0005864999839104712,0.0021372910123318434,622592000,0.8125
7d43a6738de38655,kmnist,ssb-v1-block,mlp,protocol-v3,0.4,8,5,2,135,0.0005833749892190099,0.002093958028126508,622592000,0.8359375
7d43a6738de38655,kmnist,ssb-v1-block,mlp,protocol-v3,0.4,8,5,2,136,0.0006079160375520587,0.0019952080328948796,622592000,0.890625
7d43a6738de38655,kmnist,ssb-v1-block,mlp,protocol-v3,0.4,8,5,2,137,0.0005997910047881305,0.002261958026792854,622592000,0.8671875
7d43a6738de38655,kmnist,ssb-v1-block,mlp,protocol-v3,0.4,8,5,2,138,0.0005992919905111194,0.001999917032662779,622592000,0.890625
7d43a6738de38655,kmnist,ssb-v1-block,mlp,protocol-v3,0.4,8,5,2,139,0.0005941250128671527,0.002005457994528115,622592000,0.875
7d43a6738de38655,kmnist,ssb-v1-block,mlp,protocol-v3,0.4,8,5,2,140,0.0006057089776732028,0.002091041998937726,622592000,0.828125
7d43a6738de38655,kmnist,ssb-v1-block,mlp,protocol-v3,0.4,8,5,2,141,0.0006043339963071048,0.002177082991693169,622592000,0.8046875
7d43a6738de38655,kmnist,ssb-v1-block,mlp,protocol-v3,0.4,8,5,2,142,0.0006138330209068954,0.0021490000071935356,622592000,0.8515625
7d43a6738de38655,kmnist,ssb-v1-block,mlp,protocol-v3,0.4,8,5,2,143,0.0005910420441068709,0.0021007920149713755,622592000,0.78125
7d43a6738de38655,kmnist,ssb-v1-block,mlp,protocol-v3,0.4,8,5,2,144,0.0005954160005785525,0.0020975000225007534,622592000,0.890625
7d43a6738de38655,kmnist,ssb-v1-block,mlp,protocol-v3,0.4,8,5,2,145,0.0006022080196999013,0.002101082995068282,622592000,0.9140625
7d43a6738de38655,kmnist,ssb-v1-block,mlp,protocol-v3,0.4,8,5,2,146,0.0005905830184929073,0.0021577499574050307,622592000,0.875
7d43a6738de38655,kmnist,ssb-v1-block,mlp,protocol-v3,0.4,8,5,2,147,0.0006016249535605311,0.0021232920116744936,622592000,0.8984375
7d43a6738de38655,kmnist,ssb-v1-block,mlp,protocol-v3,0.4,8,5,2,148,0.0006102920160628855,0.0021589999669231474,622592000,0.8515625
7d43a6738de38655,kmnist,ssb-v1-block,mlp,protocol-v3,0.4,8,5,2,149,0.0005947499885223806,0.002007500035688281,622592000,0.8515625
7d43a6738de38655,kmnist,ssb-v1-block,mlp,protocol-v3,0.4,8,5,2,150,0.00058562500635162,0.0018636659951880574,622592000,0.7890625
7d43a6738de38655,kmnist,ssb-v1-block,mlp,protocol-v3,0.4,8,5,2,151,0.0005779170314781368,0.001974958984646946,622592000,0.859375
7d43a6738de38655,kmnist,ssb-v1-block,mlp,protocol-v3,0.4,8,5,2,152,0.0005999170243740082,0.0021040000137872994,622592000,0.8515625
7d43a6738de38655,kmnist,ssb-v1-block,mlp,protocol-v3,0.4,8,5,2,153,0.000601666048169136,0.0020210000220686197,622592000,0.8125
7d43a6738de38655,kmnist,ssb-v1-block,mlp,protocol-v3,0.4,8,5,2,154,0.0006079580052755773,0.0021547500509768724,622592000,0.8046875
7d43a6738de38655,kmnist,ssb-v1-block,mlp,protocol-v3,0.4,8,5,2,155,0.0005931670311838388,0.0021516659762710333,622592000,0.8125
7d43a6738de38655,kmnist,ssb-v1-block,mlp,protocol-v3,0.4,8,5,2,156,0.0006064579938538373,0.002082333026919514,622592000,0.7109375
7d43a6738de38655,kmnist,ssb-v1-block,mlp,protocol-v3,0.4,8,5,2,157,0.000599791994318366,0.002238291024696082,622592000,0.75
7d43a6738de38655,kmnist,ssb-v1-block,mlp,protocol-v3,0.4,8,5,2,158,0.000596500001847744,0.0020216249977238476,622592000,0.796875
7d43a6738de38655,kmnist,ssb-v1-block,mlp,protocol-v3,0.4,8,5,2,159,0.0006056249840185046,0.0020537080126814544,622592000,0.796875
7d43a6738de38655,kmnist,ssb-v1-block,mlp,protocol-v3,0.4,8,5,2,160,0.0005895410431548953,0.0020652920356951654,622592000,0.8203125
7d43a6738de38655,kmnist,ssb-v1-block,mlp,protocol-v3,0.4,8,5,2,161,0.0005980830173939466,0.0020448750001378357,622592000,0.828125
7d43a6738de38655,kmnist,ssb-v1-block,mlp,protocol-v3,0.4,8,5,2,162,0.0006156659801490605,0.00204979203408584,622592000,0.84375
7d43a6738de38655,kmnist,ssb-v1-block,mlp,protocol-v3,0.4,8,5,2,163,0.0005964169977232814,0.002059166959952563,622592000,0.828125
7d43a6738de38655,kmnist,ssb-v1-block,mlp,protocol-v3,0.4,8,5,2,164,0.0005944580188952386,0.0021736249909736216,622592000,0.84375
7d43a6738de38655,kmnist,ssb-v1-block,mlp,protocol-v3,0.4,8,5,2,165,0.0005937080131843686,0.002110375033225864,622592000,0.8515625
7d43a6738de38655,kmnist,ssb-v1-block,mlp,protocol-v3,0.4,8,5,2,166,0.0005896249786019325,0.0021362080005928874,622592000,0.859375
7d43a6738de38655,kmnist,ssb-v1-block,mlp,protocol-v3,0.4,8,5,2,167,0.0005728749674744904,0.002126750012394041,622592000,0.8359375
7d43a6738de38655,kmnist,ssb-v1-block,mlp,protocol-v3,0.4,8,5,2,168,0.0005999999702908099,0.002257124986499548,622592000,0.828125
7d43a6738de38655,kmnist,ssb-v1-block,mlp,protocol-v3,0.4,8,5,2,169,0.0007316250121220946,0.0021754580084234476,622592000,0.8515625
7d43a6738de38655,kmnist,ssb-v1-block,mlp,protocol-v3,0.4,8,5,2,170,0.0006069579976610839,0.002016749989707023,622592000,0.8828125
7d43a6738de38655,kmnist,ssb-v1-block,mlp,protocol-v3,0.4,8,5,2,171,0.0006023339810781181,0.0022298329859040678,622592000,0.828125
7d43a6738de38655,kmnist,ssb-v1-block,mlp,protocol-v3,0.4,8,5,2,172,0.000605874985922128,0.0021110830130055547,622608384,0.84375
7d43a6738de38655,kmnist,ssb-v1-block,mlp,protocol-v3,0.4,8,5,2,173,0.0006067919894121587,0.002198083035182208,622608384,0.8125
7d43a6738de38655,kmnist,ssb-v1-block,mlp,protocol-v3,0.4,8,5,2,174,0.0005916249938309193,0.0021712499437853694,622608384,0.8671875
7d43a6738de38655,kmnist,ssb-v1-block,mlp,protocol-v3,0.4,8,5,2,175,0.0005836249911226332,0.0022098749759607017,622608384,0.8671875
7d43a6738de38655,kmnist,ssb-v1-block,mlp,protocol-v3,0.4,8,5,2,176,0.000585292000323534,0.0022658329689875245,622608384,0.8515625
7d43a6738de38655,kmnist,ssb-v1-block,mlp,protocol-v3,0.4,8,5,2,177,0.0006002919981256127,0.002044041990302503,622608384,0.859375
7d43a6738de38655,kmnist,ssb-v1-block,mlp,protocol-v3,0.4,8,5,2,178,0.0005982500151731074,0.002089249959681183,622608384,0.828125
7d43a6738de38655,kmnist,ssb-v1-block,mlp,protocol-v3,0.4,8,5,2,179,0.0005937920068390667,0.0020759589970111847,622608384,0.8671875
7d43a6738de38655,kmnist,ssb-v1-block,mlp,protocol-v3,0.4,8,5,2,180,0.0006034579710103571,0.0023232499952428043,622608384,0.796875
7d43a6738de38655,kmnist,ssb-v1-block,mlp,protocol-v3,0.4,8,5,2,181,0.0006162089994177222,0.0021482910378836095,622608384,0.78125
7d43a6738de38655,kmnist,ssb-v1-block,mlp,protocol-v3,0.4,8,5,2,182,0.0005969580379314721,0.002153208013623953,622608384,0.8359375
7d43a6738de38655,kmnist,ssb-v1-block,mlp,protocol-v3,0.4,8,5,2,183,0.0006075410055927932,0.0021372500341385603,622608384,0.828125
7d43a6738de38655,kmnist,ssb-v1-block,mlp,protocol-v3,0.4,8,5,2,184,0.0005985419848002493,0.0021453749504871666,622608384,0.8359375
7d43a6738de38655,kmnist,ssb-v1-block,mlp,protocol-v3,0.4,8,5,2,185,0.0006089169764891267,0.0021585829672403634,622608384,0.796875
7d43a6738de38655,kmnist,ssb-v1-block,mlp,protocol-v3,0.4,8,5,2,186,0.0005895830108784139,0.0019455000292509794,622608384,0.75
7d43a6738de38655,kmnist,ssb-v1-block,mlp,protocol-v3,0.4,8,5,2,187,0.0007264160085469484,0.002037875005044043,622608384,0.7421875
7d43a6738de38655,kmnist,ssb-v1-block,mlp,protocol-v3,0.4,8,5,2,188,0.0005950420163571835,0.0020494170021265745,622608384,0.859375
7d43a6738de38655,kmnist,ssb-v1-block,mlp,protocol-v3,0.4,8,5,2,189,0.0005905420402996242,0.00210920802783221,622608384,0.8046875
7d43a6738de38655,kmnist,ssb-v1-block,mlp,protocol-v3,0.4,8,5,2,190,0.000593207951169461,0.0021265840041451156,622608384,0.8046875
7d43a6738de38655,kmnist,ssb-v1-block,mlp,protocol-v3,0.4,8,5,2,191,0.0005922089912928641,0.0021370829781517386,622608384,0.796875
7d43a6738de38655,kmnist,ssb-v1-block,mlp,protocol-v3,0.4,8,5,2,192,0.0005888750310987234,0.0020976669620722532,622608384,0.8828125
7d43a6738de38655,kmnist,ssb-v1-block,mlp,protocol-v3,0.4,8,5,2,193,0.0005964160081930459,0.002081208978779614,622608384,0.8515625
7d43a6738de38655,kmnist,ssb-v1-block,mlp,protocol-v3,0.4,8,5,2,194,0.0005827079876326025,0.0020956670050509274,622608384,0.8671875
7d43a6738de38655,kmnist,ssb-v1-block,mlp,protocol-v3,0.4,8,5,2,195,0.000580166990403086,0.002114541013725102,622608384,0.8515625
7d43a6738de38655,kmnist,ssb-v1-block,mlp,protocol-v3,0.4,8,5,2,196,0.0005917910020798445,0.0021941669983789325,622608384,0.8125
7d43a6738de38655,kmnist,ssb-v1-block,mlp,protocol-v3,0.4,8,5,2,197,0.0005981249851174653,0.0021370829781517386,622608384,0.890625
7d43a6738de38655,kmnist,ssb-v1-block,mlp,protocol-v3,0.4,8,5,2,198,0.0005884169950149953,0.0024155419669114053,622608384,0.890625
7d43a6738de38655,kmnist,ssb-v1-block,mlp,protocol-v3,0.4,8,5,2,199,0.0005994169623591006,0.0021335420315153897,622608384,0.890625
7d43a6738de38655,kmnist,ssb-v1-block,mlp,protocol-v3,0.4,8,5,2,200,0.0005830419831909239,0.0020607920014299452,622608384,0.828125
7d43a6738de38655,kmnist,ssb-v1-block,mlp,protocol-v3,0.4,8,5,2,201,0.0005978749832138419,0.0020837499760091305,622608384,0.8984375
7d43a6738de38655,kmnist,ssb-v1-block,mlp,protocol-v3,0.4,8,5,2,202,0.0005920829717069864,0.0021432089852169156,622608384,0.796875
7d43a6738de38655,kmnist,ssb-v1-block,mlp,protocol-v3,0.4,8,5,2,203,0.0005963750299997628,0.0020760000334121287,622608384,0.8359375
7d43a6738de38655,kmnist,ssb-v1-block,mlp,protocol-v3,0.4,8,5,2,204,0.0005948750185780227,0.0020849170396104455,622608384,0.8671875
7d43a6738de38655,kmnist,ssb-v1-block,mlp,protocol-v3,0.4,8,5,2,205,0.0007234169752337039,0.0022084999945946038,622608384,0.875
7d43a6738de38655,kmnist,ssb-v1-block,mlp,protocol-v3,0.4,8,5,2,206,0.0005955419619567692,0.002094374969601631,622608384,0.8359375
7d43a6738de38655,kmnist,ssb-v1-block,mlp,protocol-v3,0.4,8,5,2,207,0.0005780829815194011,0.002263875037897378,622608384,0.8203125
7d43a6738de38655,kmnist,ssb-v1-block,mlp,protocol-v3,0.4,8,5,2,208,0.000578042003326118,0.002063208958134055,622608384,0.828125
7d43a6738de38655,kmnist,ssb-v1-block,mlp,protocol-v3,0.4,8,5,2,209,0.0005887919687665999,0.0020593749941326678,622624768,0.8046875
7d43a6738de38655,kmnist,ssb-v1-block,mlp,protocol-v3,0.4,8,5,2,210,0.0005909590399824083,0.0019244169816374779,622641152,0.875
7d43a6738de38655,kmnist,ssb-v1-block,mlp,protocol-v3,0.4,8,5,2,211,0.0005830000154674053,0.0021290419972501695,622641152,0.8671875
7d43a6738de38655,kmnist,ssb-v1-block,mlp,protocol-v3,0.4,8,5,2,212,0.0005832500173710287,0.0021056669647805393,622641152,0.84375
7d43a6738de38655,kmnist,ssb-v1-block,mlp,protocol-v3,0.4,8,5,2,213,0.0006025000475347042,0.0019627909641712904,622641152,0.875
7d43a6738de38655,kmnist,ssb-v1-block,mlp,protocol-v3,0.4,8,5,2,214,0.00059104198589921,0.002275125007145107,622641152,0.828125
7d43a6738de38655,kmnist,ssb-v1-block,mlp,protocol-v3,0.4,8,5,2,215,0.0005890839966014028,0.002151374996174127,622641152,0.78125
7d43a6738de38655,kmnist,ssb-v1-block,mlp,protocol-v3,0.4,8,5,2,216,0.0005886249709874392,0.0020000420045107603,622641152,0.828125
7d43a6738de38655,kmnist,ssb-v1-block,mlp,protocol-v3,0.4,8,5,2,217,0.0005959590198472142,0.002030374947935343,622641152,0.875
7d43a6738de38655,kmnist,ssb-v1-block,mlp,protocol-v3,0.4,8,5,2,218,0.0005903749843128026,0.002065250009763986,622657536,0.8515625
7d43a6738de38655,kmnist,ssb-v1-block,mlp,protocol-v3,0.4,8,5,2,219,0.0005746249807998538,0.0020743749919347465,622657536,0.8671875
7d43a6738de38655,kmnist,ssb-v1-block,mlp,protocol-v3,0.4,8,5,2,220,0.0005953750223852694,0.0019467920064926147,622657536,0.84375
7d43a6738de38655,kmnist,ssb-v1-block,mlp,protocol-v3,0.4,8,5,2,221,0.0005984589806757867,0.0020992080098949373,622673920,0.8671875
7d43a6738de38655,kmnist,ssb-v1-block,mlp,protocol-v3,0.4,8,5,2,222,0.0005956660024821758,0.0021285839611664414,622673920,0.90625
7d43a6738de38655,kmnist,ssb-v1-block,mlp,protocol-v3,0.4,8,5,2,223,0.0005939159891568124,0.001965042029041797,622673920,0.8671875
7d43a6738de38655,kmnist,ssb-v1-block,mlp,protocol-v3,0.4,8,5,2,224,0.0005935410154052079,0.002113000024110079,622673920,0.8828125
7d43a6738de38655,kmnist,ssb-v1-block,mlp,protocol-v3,0.4,8,5,2,225,0.0005983329610899091,0.0019807499484159052,622673920,0.8515625
7d43a6738de38655,kmnist,ssb-v1-block,mlp,protocol-v3,0.4,8,5,2,226,0.0005936669767834246,0.0020953749772161245,622673920,0.875
7d43a6738de38655,kmnist,ssb-v1-block,mlp,protocol-v3,0.4,8,5,2,227,0.000610959017649293,0.002106791944243014,622673920,0.8359375
7d43a6738de38655,kmnist,ssb-v1-block,mlp,protocol-v3,0.4,8,5,2,228,0.0005887500010430813,0.001963999995496124,622673920,0.875
7d43a6738de38655,kmnist,ssb-v1-block,mlp,protocol-v3,0.4,8,5,2,229,0.0005986249889247119,0.0020463329856283963,622673920,0.8671875
7d43a6738de38655,kmnist,ssb-v1-block,mlp,protocol-v3,0.4,8,5,2,230,0.0005983749870210886,0.0021269170101732016,622673920,0.8515625
7d43a6738de38655,kmnist,ssb-v1-block,mlp,protocol-v3,0.4,8,5,2,231,0.0005905000143684447,0.0020571670029312372,622673920,0.890625
7d43a6738de38655,kmnist,ssb-v1-block,mlp,protocol-v3,0.4,8,5,2,232,0.00057591701624915,0.0022551669972017407,622673920,0.90625
7d43a6738de38655,kmnist,ssb-v1-block,mlp,protocol-v3,0.4,8,5,2,233,0.0005876669893041253,0.002058165962807834,622673920,0.8984375
7d43a6738de38655,kmnist,ssb-v1-block,mlp,protocol-v3,0.4,8,5,2,234,0.00058637501206249,0.002168417035136372,622673920,0.875
7d43a6738de38655,kmnist,ssb-v1-block,mlp,protocol-v3,0.4,8,5,2,235,0.0005875420174561441,0.00205483305035159,622673920,0.8984375
7d43a6738de38655,kmnist,ssb-v1-block,mlp,protocol-v3,0.4,8,5,2,236,0.0005846249987371266,0.002013707999140024,622673920,0.859375
7d43a6738de38655,kmnist,ssb-v1-block,mlp,protocol-v3,0.4,8,5,2,237,0.000598000013269484,0.0021689169807359576,622690304,0.84375
7d43a6738de38655,kmnist,ssb-v1-block,mlp,protocol-v3,0.4,8,5,2,238,0.0006002910085953772,0.0019407920190133154,622690304,0.84375
7d43a6738de38655,kmnist,ssb-v1-block,mlp,protocol-v3,0.4,8,5,2,239,0.0005898340023122728,0.0021358340163715184,622690304,0.8359375
7d43a6738de38655,kmnist,ssb-v1-block,mlp,protocol-v3,0.4,8,5,2,240,0.0005940839764662087,0.0020821670186705887,622690304,0.859375
7d43a6738de38655,kmnist,ssb-v1-block,mlp,protocol-v3,0.4,8,5,2,241,0.0005945829907432199,0.002050000010058284,622690304,0.8828125
7d43a6738de38655,kmnist,ssb-v1-block,mlp,protocol-v3,0.4,8,5,2,242,0.0005988749908283353,0.0021903750021010637,622690304,0.8828125
7d43a6738de38655,kmnist,ssb-v1-block,mlp,protocol-v3,0.4,8,5,2,243,0.0005861669778823853,0.001972292026039213,622690304,0.8671875
7d43a6738de38655,kmnist,ssb-v1-block,mlp,protocol-v3,0.4,8,5,2,244,0.0005990840145386755,0.001997250015847385,622690304,0.8515625
7d43a6738de38655,kmnist,ssb-v1-block,mlp,protocol-v3,0.4,8,5,2,245,0.0005973749794065952,0.0020533750066533685,622690304,0.875
7d43a6738de38655,kmnist,ssb-v1-block,mlp,protocol-v3,0.4,8,5,2,246,0.0005964169977232814,0.002154707966838032,622690304,0.8515625
7d43a6738de38655,kmnist,ssb-v1-block,mlp,protocol-v3,0.4,8,5,2,247,0.0005971249775029719,0.0021325830020941794,622690304,0.8515625
7d43a6738de38655,kmnist,ssb-v1-block,mlp,protocol-v3,0.4,8,5,2,248,0.0006006250041536987,0.002107999986037612,622690304,0.890625
7d43a6738de38655,kmnist,ssb-v1-block,mlp,protocol-v3,0.4,8,5,2,249,0.0005909170140512288,0.0021389999892562628,622690304,0.78125
7d43a6738de38655,kmnist,ssb-v1-block,mlp,protocol-v3,0.4,8,5,2,250,0.0005794999888166785,0.0019954589661210775,622690304,0.8984375
7d43a6738de38655,kmnist,ssb-v1-block,mlp,protocol-v3,0.4,8,5,2,251,0.0005916669615544379,0.0019690420012921095,622690304,0.828125
7d43a6738de38655,kmnist,ssb-v1-block,mlp,protocol-v3,0.4,8,5,2,252,0.0005973749794065952,0.002088167006149888,622690304,0.8515625
7d43a6738de38655,kmnist,ssb-v1-block,mlp,protocol-v3,0.4,8,5,2,253,0.000589582952670753,0.0021484169992618263,622706688,0.8359375
7d43a6738de38655,kmnist,ssb-v1-block,mlp,protocol-v3,0.4,8,5,2,254,0.0005956249660812318,0.0021234580199234188,622706688,0.8515625
7d43a6738de38655,kmnist,ssb-v1-block,mlp,protocol-v3,0.4,8,5,2,255,0.0005927919992245734,0.0020123330177739263,622706688,0.8515625
7d43a6738de38655,kmnist,ssb-v1-block,mlp,protocol-v3,0.4,8,5,2,256,0.0005926250014454126,0.002153625013306737,622706688,0.8203125
7d43a6738de38655,kmnist,ssb-v1-block,mlp,protocol-v3,0.4,8,5,2,257,0.0006064579938538373,0.001974417013116181,622706688,0.734375
7d43a6738de38655,kmnist,ssb-v1-block,mlp,protocol-v3,0.4,8,5,2,258,0.000601916981395334,0.0021337090292945504,622706688,0.71875
7d43a6738de38655,kmnist,ssb-v1-block,mlp,protocol-v3,0.4,8,5,2,259,0.0005883330013602972,0.0020366250537335873,622706688,0.8203125
7d43a6738de38655,kmnist,ssb-v1-block,mlp,protocol-v3,0.4,8,5,2,260,0.0005853329785168171,0.0020758750033564866,622706688,0.8125
7d43a6738de38655,kmnist,ssb-v1-block,mlp,protocol-v3,0.4,8,5,2,261,0.0006042920285835862,0.002094666997436434,622706688,0.8515625
7d43a6738de38655,kmnist,ssb-v1-block,mlp,protocol-v3,0.4,8,5,2,262,0.0006118330056779087,0.0022012499975971878,622706688,0.8515625
7d43a6738de38655,kmnist,ssb-v1-block,mlp,protocol-v3,0.4,8,5,2,263,0.0005965830059722066,0.002095458039548248,622706688,0.8515625
7d43a6738de38655,kmnist,ssb-v1-block,mlp,protocol-v3,0.4,8,5,2,264,0.0005912909982725978,0.0020589169580489397,622706688,0.7578125
7d43a6738de38655,kmnist,ssb-v1-block,mlp,protocol-v3,0.4,8,5,2,265,0.0006024579633958638,0.0021105410414747894,622723072,0.8046875
7d43a6738de38655,kmnist,ssb-v1-block,mlp,protocol-v3,0.4,8,5,2,266,0.0005782080115750432,0.002055542019661516,622723072,0.8046875
7d43a6738de38655,kmnist,ssb-v1-block,mlp,protocol-v3,0.4,8,5,2,267,0.0005944169824942946,0.002073582960292697,622723072,0.78125
7d43a6738de38655,kmnist,ssb-v1-block,mlp,protocol-v3,0.4,8,5,2,268,0.0005978749832138419,0.001996167004108429,622739456,0.71875
7d43a6738de38655,kmnist,ssb-v1-block,mlp,protocol-v3,0.4,8,5,2,269,0.0005878749652765691,0.0020907919970341027,622739456,0.75
7d43a6738de38655,kmnist,ssb-v1-block,mlp,protocol-v3,0.4,8,5,2,270,0.0005981670110486448,0.001995416998397559,622739456,0.734375
7d43a6738de38655,kmnist,ssb-v1-block,mlp,protocol-v3,0.4,8,5,2,271,0.0005996670224703848,0.0020157090038992465,622739456,0.6953125
7d43a6738de38655,kmnist,ssb-v1-block,mlp,protocol-v3,0.4,8,5,2,272,0.0005910829640924931,0.002107374952174723,622739456,0.7109375
7d43a6738de38655,kmnist,ssb-v1-block,mlp,protocol-v3,0.4,8,5,2,273,0.000583791988901794,0.0022964170202612877,622739456,0.8046875
7d43a6738de38655,kmnist,ssb-v1-block,mlp,protocol-v3,0.4,8,5,2,274,0.0005977500113658607,0.001991499972064048,622739456,0.7734375
7d43a6738de38655,kmnist,ssb-v1-block,mlp,protocol-v3,0.4,8,5,2,275,0.000592165975831449,0.0020872079767286777,622739456,0.7734375
7d43a6738de38655,kmnist,ssb-v1-block,mlp,protocol-v3,0.4,8,5,2,276,0.0006376659730449319,0.002162999997381121,622739456,0.8203125
7d43a6738de38655,kmnist,ssb-v1-block,mlp,protocol-v3,0.4,8,5,2,277,0.0005961250280961394,0.00209725002059713,622739456,0.8671875
7d43a6738de38655,kmnist,ssb-v1-block,mlp,protocol-v3,0.4,8,5,2,278,0.0005938749527558684,0.0019949580309912562,622739456,0.8828125
7d43a6738de38655,kmnist,ssb-v1-block,mlp,protocol-v3,0.4,8,5,2,279,0.0005950829945504665,0.0019349579815752804,622739456,0.7890625
7d43a6738de38655,kmnist,ssb-v1-block,mlp,protocol-v3,0.4,8,5,2,280,0.0005848330329172313,0.0022033749846741557,622739456,0.765625
7d43a6738de38655,kmnist,ssb-v1-block,mlp,protocol-v3,0.4,8,5,2,281,0.0005893330089747906,0.0021102080354467034,622739456,0.8125
7d43a6738de38655,kmnist,ssb-v1-block,mlp,protocol-v3,0.4,8,5,2,282,0.0005826250417158008,0.0022307909675873816,622739456,0.765625
7d43a6738de38655,kmnist,ssb-v1-block,mlp,protocol-v3,0.4,8,5,2,283,0.0005902500124648213,0.002027458045631647,622739456,0.828125
7d43a6738de38655,kmnist,ssb-v1-block,mlp,protocol-v3,0.4,8,5,2,284,0.0005954999942332506,0.0019629999878816307,622739456,0.7734375
7d43a6738de38655,kmnist,ssb-v1-block,mlp,protocol-v3,0.4,8,5,2,285,0.0005872919573448598,0.0022705000010319054,622739456,0.859375
7d43a6738de38655,kmnist,ssb-v1-block,mlp,protocol-v3,0.4,8,5,2,286,0.0005974170053377748,0.0020527500309981406,622739456,0.8046875
7d43a6738de38655,kmnist,ssb-v1-block,mlp,protocol-v3,0.4,8,5,2,287,0.0005826670094393194,0.0020857920171692967,622739456,0.7734375
7d43a6738de38655,kmnist,ssb-v1-block,mlp,protocol-v3,0.4,8,5,2,288,0.000591415970120579,0.002042541978880763,622755840,0.7421875
7d43a6738de38655,kmnist,ssb-v1-block,mlp,protocol-v3,0.4,8,5,2,289,0.0005845829728059471,0.002163416997063905,622755840,0.84375
7d43a6738de38655,kmnist,ssb-v1-block,mlp,protocol-v3,0.4,8,5,2,290,0.0005949999904260039,0.0021404580329544842,622755840,0.84375
7d43a6738de38655,kmnist,ssb-v1-block,mlp,protocol-v3,0.4,8,5,2,291,0.0005895000067539513,0.001979874970857054,622755840,0.78125
7d43a6738de38655,kmnist,ssb-v1-block,mlp,protocol-v3,0.4,8,5,2,292,0.0007158330408856273,0.0021815840154886246,622755840,0.8125
7d43a6738de38655,kmnist,ssb-v1-block,mlp,protocol-v3,0.4,8,5,2,293,0.0005905829602852464,0.0020564579754136503,622755840,0.8046875
7d43a6738de38655,kmnist,ssb-v1-block,mlp,protocol-v3,0.4,8,5,2,294,0.0005991670186631382,0.0020642909803427756,622755840,0.78125
7d43a6738de38655,kmnist,ssb-v1-block,mlp,protocol-v3,0.4,8,5,2,295,0.0005907920422032475,0.002069000038318336,622755840,0.828125
7d43a6738de38655,kmnist,ssb-v1-block,mlp,protocol-v3,0.4,8,5,2,296,0.0005896250368095934,0.0019727920298464596,622755840,0.8203125
7d43a6738de38655,kmnist,ssb-v1-block,mlp,protocol-v3,0.4,8,5,2,297,0.0006195000023581088,0.002048207970801741,622755840,0.84375
7d43a6738de38655,kmnist,ssb-v1-block,mlp,protocol-v3,0.4,8,5,2,298,0.0005844169645570219,0.0018974170088768005,622755840,0.84375
7d43a6738de38655,kmnist,ssb-v1-block,mlp,protocol-v3,0.4,8,5,2,299,0.0005890839966014028,0.00215087499236688,622755840,0.8359375
7d43a6738de38655,kmnist,ssb-v1-block,mlp,protocol-v3,0.4,8,5,2,300,0.0005891660111956298,0.0018797910306602716,622772224,0.8046875
7d43a6738de38655,kmnist,ssb-v1-block,mlp,protocol-v3,0.4,8,5,2,301,0.0005941250128671527,0.002147457969840616,622772224,0.7890625
7d43a6738de38655,kmnist,ssb-v1-block,mlp,protocol-v3,0.4,8,5,2,302,0.0005934590008109808,0.0020074170315638185,622772224,0.7890625
7d43a6738de38655,kmnist,ssb-v1-block,mlp,protocol-v3,0.4,8,5,2,303,0.0005896250368095934,0.0021681670332327485,622772224,0.8359375
7d43a6738de38655,kmnist,ssb-v1-block,mlp,protocol-v3,0.4,8,5,2,304,0.0005964589654468,0.002105208986904472,622772224,0.7265625
7d43a6738de38655,kmnist,ssb-v1-block,mlp,protocol-v3,0.4,8,5,2,305,0.0005935829831287265,0.0021140839671716094,622772224,0.7421875
7d43a6738de38655,kmnist,ssb-v1-block,mlp,protocol-v3,0.4,8,5,2,306,0.0005927089951001108,0.002097124990541488,622772224,0.875
7d43a6738de38655,kmnist,ssb-v1-block,mlp,protocol-v3,0.4,8,5,2,307,0.0005910000181756914,0.0021541659953072667,622772224,0.890625
7d43a6738de38655,kmnist,ssb-v1-block,mlp,protocol-v3,0.4,8,5,2,308,0.000599041988607496,0.0020818330231122673,622772224,0.8984375
7d43a6738de38655,kmnist,ssb-v1-block,mlp,protocol-v3,0.4,8,5,2,309,0.0006012920057401061,0.0021977080032229424,622788608,0.8984375
7d43a6738de38655,kmnist,ssb-v1-block,mlp,protocol-v3,0.4,8,5,2,310,0.0005979170091450214,0.006978499994147569,623575040,0.8125
7d43a6738de38655,kmnist,ssb-v1-block,mlp,protocol-v3,0.4,8,5,2,311,0.0006087919464334846,0.0020015420159325004,623722496,0.7734375
7d43a6738de38655,kmnist,ssb-v1-block,mlp,protocol-v3,0.4,8,5,2,312,0.0005989579949527979,0.0020127499592490494,623853568,0.734375
7d43a6738de38655,kmnist,ssb-v1-block,mlp,protocol-v3,0.4,8,5,2,313,0.0005917910020798445,0.001968541997484863,623853568,0.8515625
7d43a6738de38655,kmnist,ssb-v1-block,mlp,protocol-v3,0.4,8,5,2,314,0.0005893339985050261,0.002232917002402246,623853568,0.71875
7d43a6738de38655,kmnist,ssb-v1-block,mlp,protocol-v3,0.4,8,5,2,315,0.0005956660024821758,0.002156541042495519,623853568,0.7421875
7d43a6738de38655,kmnist,ssb-v1-block,mlp,protocol-v3,0.4,8,5,2,316,0.0005962079740129411,0.0020612499793060124,623853568,0.78125
7d43a6738de38655,kmnist,ssb-v1-block,mlp,protocol-v3,0.4,8,5,2,317,0.0006008749478496611,0.0021632499992847443,623853568,0.71875
7d43a6738de38655,kmnist,ssb-v1-block,mlp,protocol-v3,0.4,8,5,2,318,0.0006002499721944332,0.0021451659849844873,623853568,0.7578125
7d43a6738de38655,kmnist,ssb-v1-block,mlp,protocol-v3,0.4,8,5,2,319,0.0005912919878028333,0.0021451670327223837,623853568,0.8046875
7d43a6738de38655,kmnist,ssb-v1-block,mlp,protocol-v3,0.4,8,5,2,320,0.0005787499831058085,0.002149916021153331,623853568,0.8671875
7d43a6738de38655,kmnist,ssb-v1-block,mlp,protocol-v3,0.4,8,5,2,321,0.0005883340490981936,0.0019883750355802476,623853568,0.8515625
7d43a6738de38655,kmnist,ssb-v1-block,mlp,protocol-v3,0.4,8,5,2,322,0.0005927499732933939,0.0020130419870838523,623853568,0.859375
7d43a6738de38655,kmnist,ssb-v1-block,mlp,protocol-v3,0.4,8,5,2,323,0.0005967500037513673,0.0021557920263148844,623853568,0.7890625
7d43a6738de38655,kmnist,ssb-v1-block,mlp,protocol-v3,0.4,8,5,2,324,0.0005927079473622143,0.002155249996576458,623853568,0.859375
7d43a6738de38655,kmnist,ssb-v1-block,mlp,protocol-v3,0.4,8,5,2,325,0.0005933329812251031,0.002162707969546318,623853568,0.8984375
7d43a6738de38655,kmnist,ssb-v1-block,mlp,protocol-v3,0.4,8,5,2,326,0.00059570895973593,0.0020967499585822225,623853568,0.8125
7d43a6738de38655,kmnist,ssb-v1-block,mlp,protocol-v3,0.4,8,5,2,327,0.0005930829793214798,0.0020902499672956765,623853568,0.78125
7d43a6738de38655,kmnist,ssb-v1-block,mlp,protocol-v3,0.4,8,5,2,328,0.0005916669615544379,0.0020105000003241003,623853568,0.859375
7d43a6738de38655,kmnist,ssb-v1-block,mlp,protocol-v3,0.4,8,5,2,329,0.0005991660291329026,0.0022695420193485916,623853568,0.890625
7d43a6738de38655,kmnist,ssb-v1-block,mlp,protocol-v3,0.4,8,5,2,330,0.0006644169916398823,0.0021575840073637664,623853568,0.875
7d43a6738de38655,kmnist,ssb-v1-block,mlp,protocol-v3,0.4,8,5,2,331,0.0006656249752268195,0.002232459024526179,623853568,0.921875
7d43a6738de38655,kmnist,ssb-v1-block,mlp,protocol-v3,0.4,8,5,2,332,0.000644667015876621,0.0030543330358341336,623853568,0.859375
7d43a6738de38655,kmnist,ssb-v1-block,mlp,protocol-v3,0.4,8,5,2,333,0.0010427910019643605,0.0032103749690577388,623853568,0.8828125
7d43a6738de38655,kmnist,ssb-v1-block,mlp,protocol-v3,0.4,8,5,2,334,0.0005980419809930027,0.002176124951802194,623853568,0.875
7d43a6738de38655,kmnist,ssb-v1-block,mlp,protocol-v3,0.4,8,5,2,335,0.0006078750011511147,0.0021466249600052834,623869952,0.8671875
7d43a6738de38655,kmnist,ssb-v1-block,mlp,protocol-v3,0.4,8,5,2,336,0.0005954160005785525,0.0021727499552071095,623869952,0.7734375
7d43a6738de38655,kmnist,ssb-v1-block,mlp,protocol-v3,0.4,8,5,2,337,0.0006030829972587526,0.0020650000078603625,623869952,0.828125
7d43a6738de38655,kmnist,ssb-v1-block,mlp,protocol-v3,0.4,8,5,2,338,0.0006038330029696226,0.0020731670083478093,623869952,0.8125
7d43a6738de38655,kmnist,ssb-v1-block,mlp,protocol-v3,0.4,8,5,2,339,0.0005975000094622374,0.002265874994918704,623869952,0.875
7d43a6738de38655,kmnist,ssb-v1-block,mlp,protocol-v3,0.4,8,5,2,340,0.0006105410284362733,0.0020907919970341027,623869952,0.828125
7d43a6738de38655,kmnist,ssb-v1-block,mlp,protocol-v3,0.4,8,5,2,341,0.00059908302500844,0.002127666026353836,623869952,0.8984375
7d43a6738de38655,kmnist,ssb-v1-block,mlp,protocol-v3,0.4,8,5,2,342,0.0005926250014454126,0.0021422499557957053,623869952,0.8125
7d43a6738de38655,kmnist,ssb-v1-block,mlp,protocol-v3,0.4,8,5,2,343,0.0006268750294111669,0.0021402079728432,623869952,0.84375
7d43a6738de38655,kmnist,ssb-v1-block,mlp,protocol-v3,0.4,8,5,2,344,0.0005912919878028333,0.0019475410226732492,623886336,0.8671875
7d43a6738de38655,kmnist,ssb-v1-block,mlp,protocol-v3,0.4,8,5,2,345,0.0005853339680470526,0.0022150419536046684,623886336,0.9140625
7d43a6738de38655,kmnist,ssb-v1-block,mlp,protocol-v3,0.4,8,5,2,346,0.0005979170091450214,0.0021267079864628613,623886336,0.8046875
7d43a6738de38655,kmnist,ssb-v1-block,mlp,protocol-v3,0.4,8,5,2,347,0.000594375014770776,0.0020509999594651163,623902720,0.859375
7d43a6738de38655,kmnist,ssb-v1-block,mlp,protocol-v3,0.4,8,5,2,348,0.0005966669996269047,0.0020112080383114517,623902720,0.9140625
7d43a6738de38655,kmnist,ssb-v1-block,mlp,protocol-v3,0.4,8,5,2,349,0.0005931250052526593,0.00224137504119426,623902720,0.9296875
7d43a6738de38655,kmnist,ssb-v1-block,mlp,protocol-v3,0.4,8,5,2,350,0.0006034999969415367,0.002200083981733769,623902720,0.921875
7d43a6738de38655,kmnist,ssb-v1-block,mlp,protocol-v3,0.4,8,5,2,351,0.0005905830184929073,0.0019672500202432275,623902720,0.9140625
7d43a6738de38655,kmnist,ssb-v1-block,mlp,protocol-v3,0.4,8,5,2,352,0.0005838339566253126,0.0020395000465214252,623902720,0.8984375
7d43a6738de38655,kmnist,ssb-v1-block,mlp,protocol-v3,0.4,8,5,2,353,0.0005849999724887311,0.0019157499773427844,623902720,0.8671875
7d43a6738de38655,kmnist,ssb-v1-block,mlp,protocol-v3,0.4,8,5,2,354,0.0005728329997509718,0.002057958976365626,623902720,0.8515625
7d43a6738de38655,kmnist,ssb-v1-block,mlp,protocol-v3,0.4,8,5,2,355,0.0005968330078758299,0.0021168329985812306,623902720,0.9140625
7d43a6738de38655,kmnist,ssb-v1-block,mlp,protocol-v3,0.4,8,5,2,356,0.0006032080273143947,0.0021461250144056976,623902720,0.921875
7d43a6738de38655,kmnist,ssb-v1-block,mlp,protocol-v3,0.4,8,5,2,357,0.0006100420141592622,0.0020338749745860696,623902720,0.890625
7d43a6738de38655,kmnist,ssb-v1-block,mlp,protocol-v3,0.4,8,5,2,358,0.0005909579922445118,0.0020453750039450824,623902720,0.875
7d43a6738de38655,kmnist,ssb-v1-block,mlp,protocol-v3,0.4,8,5,2,359,0.0006091670366004109,0.0021267919801175594,623902720,0.8828125
7d43a6738de38655,kmnist,ssb-v1-block,mlp,protocol-v3,0.4,8,5,2,360,0.0005970830097794533,0.001958708046004176,623902720,0.8828125
7d43a6738de38655,kmnist,ssb-v1-block,mlp,protocol-v3,0.4,8,5,2,361,0.0005913330242037773,0.0022433330304920673,623902720,0.8671875
7d43a6738de38655,kmnist,ssb-v1-block,mlp,protocol-v3,0.4,8,5,2,362,0.0005947499885223806,0.0020169169874861836,623902720,0.9140625
7d43a6738de38655,kmnist,ssb-v1-block,mlp,protocol-v3,0.4,8,5,2,363,0.0006027500494383276,0.0020484579727053642,623902720,0.90625
7d43a6738de38655,kmnist,ssb-v1-block,mlp,protocol-v3,0.4,8,5,2,364,0.0005962920258753002,0.0021118749864399433,623902720,0.890625
7d43a6738de38655,kmnist,ssb-v1-block,mlp,protocol-v3,0.4,8,5,2,365,0.0005839579971507192,0.0021405419684015214,623919104,0.828125
7d43a6738de38655,kmnist,ssb-v1-block,mlp,protocol-v3,0.4,8,5,2,366,0.0006138329626992345,0.0019347500056028366,623919104,0.8828125
7d43a6738de38655,kmnist,ssb-v1-block,mlp,protocol-v3,0.4,8,5,2,367,0.0005917910020798445,0.0019684169674292207,623935488,0.90625
7d43a6738de38655,kmnist,ssb-v1-block,mlp,protocol-v3,0.4,8,5,2,368,0.0005958749679848552,0.00217745901318267,623935488,0.9296875
7d43a6738de38655,kmnist,ssb-v1-block,mlp,protocol-v3,0.4,8,5,2,369,0.0005931250052526593,0.0021228750119917095,623935488,0.8359375
7d43a6738de38655,kmnist,ssb-v1-block,mlp,protocol-v3,0.4,8,5,2,370,0.0005957090179435909,0.0020054589840583503,623935488,0.9140625
7d43a6738de38655,kmnist,ssb-v1-block,mlp,protocol-v3,0.4,8,5,2,371,0.0005895000067539513,0.002141041972208768,623935488,0.8203125
7d43a6738de38655,kmnist,ssb-v1-block,mlp,protocol-v3,0.4,8,5,2,372,0.0005989159690216184,0.00207537499954924,623935488,0.8671875
7d43a6738de38655,kmnist,ssb-v1-block,mlp,protocol-v3,0.4,8,5,2,373,0.0006009589997120202,0.002177665999624878,623935488,0.8671875
7d43a6738de38655,kmnist,ssb-v1-block,mlp,protocol-v3,0.4,8,5,2,374,0.0006022920133545995,0.0020642500021494925,623935488,0.8984375
7d43a6738de38655,kmnist,ssb-v1-block,mlp,protocol-v3,0.4,8,5,2,375,0.0006003339658491313,0.00217366695869714,623935488,0.890625
7d43a6738de38655,kmnist,ssb-v1-block,mlp,protocol-v3,0.4,8,5,2,376,0.0005903749843128026,0.0021011659991927445,623951872,0.8828125
7d43a6738de38655,kmnist,ssb-v1-block,mlp,protocol-v3,0.4,8,5,2,377,0.0005917079979553819,0.0022432089899666607,623951872,0.9140625
7d43a6738de38655,kmnist,ssb-v1-block,mlp,protocol-v3,0.4,8,5,2,378,0.0005932080093771219,0.002089666959363967,623951872,0.890625
7d43a6738de38655,kmnist,ssb-v1-block,mlp,protocol-v3,0.4,8,5,2,379,0.0005884999991394579,0.002187417005188763,623951872,0.90625
7d43a6738de38655,kmnist,ssb-v1-block,mlp,protocol-v3,0.4,8,5,2,380,0.0005919579998590052,0.0019764170283451676,623951872,0.8359375
7d43a6738de38655,kmnist,ssb-v1-block,mlp,protocol-v3,0.4,8,5,2,381,0.0005944170407019556,0.002202040981501341,623951872,0.859375
7d43a6738de38655,kmnist,ssb-v1-block,mlp,protocol-v3,0.4,8,5,2,382,0.0005962920258753002,0.0021754580084234476,623951872,0.8984375
7d43a6738de38655,kmnist,ssb-v1-block,mlp,protocol-v3,0.4,8,5,2,383,0.0005845829728059471,0.00213350000558421,623951872,0.890625
7d43a6738de38655,kmnist,ssb-v1-block,mlp,protocol-v3,0.4,8,5,2,384,0.0007005410152487457,0.00211929198121652,623951872,0.8984375
7d43a6738de38655,kmnist,ssb-v1-block,mlp,protocol-v3,0.4,8,5,2,385,0.0005959580303169787,0.0021706250263378024,623951872,0.8984375
7d43a6738de38655,kmnist,ssb-v1-block,mlp,protocol-v3,0.4,8,5,2,386,0.0005980830173939466,0.0022490419796667993,623951872,0.8828125
7d43a6738de38655,kmnist,ssb-v1-block,mlp,protocol-v3,0.4,8,5,2,387,0.0005876249633729458,0.0021369580063037574,623951872,0.9296875
7d43a6738de38655,kmnist,ssb-v1-block,mlp,protocol-v3,0.4,8,5,2,388,0.0005904170102439821,0.002012416021898389,623951872,0.8984375
7d43a6738de38655,kmnist,ssb-v1-block,mlp,protocol-v3,0.4,8,5,2,389,0.0005898330127820373,0.002090749971102923,623951872,0.90625
7d43a6738de38655,kmnist,ssb-v1-block,mlp,protocol-v3,0.4,8,5,2,390,0.0005908749881200492,0.002037749974988401,623951872,0.921875
7d43a6738de38655,kmnist,ssb-v1-block,mlp,protocol-v3,0.4,8,5,2,391,0.0005875419592484832,0.0020992080098949373,623951872,0.921875
7d43a6738de38655,kmnist,ssb-v1-block,mlp,protocol-v3,0.4,8,5,2,392,0.0005910829640924931,0.0021067909547127783,623951872,0.875
7d43a6738de38655,kmnist,ssb-v1-block,mlp,protocol-v3,0.4,8,5,2,393,0.0005939159891568124,0.0022487080423161387,623951872,0.8984375
7d43a6738de38655,kmnist,ssb-v1-block,mlp,protocol-v3,0.4,8,5,2,394,0.0006202919757924974,0.0019830000237561762,623951872,0.921875
7d43a6738de38655,kmnist,ssb-v1-block,mlp,protocol-v3,0.4,8,5,2,395,0.0005951670464128256,0.002090791007503867,623951872,0.8984375
7d43a6738de38655,kmnist,ssb-v1-block,mlp,protocol-v3,0.4,8,5,2,396,0.0005923749995417893,0.0021103330072946846,623951872,0.8828125
7d43a6738de38655,kmnist,ssb-v1-block,mlp,protocol-v3,0.4,8,5,2,397,0.0005992910009808838,0.002005542046390474,623951872,0.84375
7d43a6738de38655,kmnist,ssb-v1-block,mlp,protocol-v3,0.4,8,5,2,398,0.0005936670349910855,0.002024916000664234,623951872,0.875
7d43a6738de38655,kmnist,ssb-v1-block,mlp,protocol-v3,0.4,8,5,2,399,0.0005959999980404973,0.0021307499846443534,623951872,0.828125
7d43a6738de38655,kmnist,ssb-v1-block,mlp,protocol-v3,0.4,8,5,2,400,0.000575500016566366,0.0020847080159001052,623951872,0.890625
7d43a6738de38655,kmnist,ssb-v1-block,mlp,protocol-v3,0.4,8,5,2,401,0.0005976249813102186,0.0020336669986136258,623951872,0.875
7d43a6738de38655,kmnist,ssb-v1-block,mlp,protocol-v3,0.4,8,5,2,402,0.0005945829907432199,0.0019710829947143793,623984640,0.8359375
7d43a6738de38655,kmnist,ssb-v1-block,mlp,protocol-v3,0.4,8,5,2,403,0.0005937920068390667,0.0020641660084947944,623984640,0.8359375
7d43a6738de38655,kmnist,ssb-v1-block,mlp,protocol-v3,0.4,8,5,2,404,0.0005951669882051647,0.0020299999741837382,623984640,0.7890625
7d43a6738de38655,kmnist,ssb-v1-block,mlp,protocol-v3,0.4,8,5,2,405,0.0005897090304642916,0.0020804580417461693,623984640,0.765625
7d43a6738de38655,kmnist,ssb-v1-block,mlp,protocol-v3,0.4,8,5,2,406,0.0005792499869130552,0.0021417909883894026,623984640,0.7265625
7d43a6738de38655,kmnist,ssb-v1-block,mlp,protocol-v3,0.4,8,5,2,407,0.0006030829972587526,0.002014458004850894,623984640,0.8203125
7d43a6738de38655,kmnist,ssb-v1-block,mlp,protocol-v3,0.4,8,5,2,408,0.0005985840107314289,0.0020020840456709266,623984640,0.8359375
7d43a6738de38655,kmnist,ssb-v1-block,mlp,protocol-v3,0.4,8,5,2,409,0.0005883750272914767,0.0020870420266874135,623984640,0.8515625
7d43a6738de38655,kmnist,ssb-v1-block,mlp,protocol-v3,0.4,8,5,2,410,0.0005990829668007791,0.002087750006467104,623984640,0.921875
7d43a6738de38655,kmnist,ssb-v1-block,mlp,protocol-v3,0.4,8,5,2,411,0.0005920410039834678,0.0021633749711327255,623984640,0.8359375
7d43a6738de38655,kmnist,ssb-v1-block,mlp,protocol-v3,0.4,8,5,2,412,0.0005843749968335032,0.0020717080333270133,623984640,0.890625
7d43a6738de38655,kmnist,ssb-v1-block,mlp,protocol-v3,0.4,8,5,2,413,0.0005912090418860316,0.0021975000272504985,623984640,0.859375
7d43a6738de38655,kmnist,ssb-v1-block,mlp,protocol-v3,0.4,8,5,2,414,0.0006014580139890313,0.0020925410208292305,624001024,0.8984375
7d43a6738de38655,kmnist,ssb-v1-block,mlp,protocol-v3,0.4,8,5,2,415,0.0005930420011281967,0.0020598749979399145,624001024,0.8671875
7d43a6738de38655,kmnist,ssb-v1-block,mlp,protocol-v3,0.4,8,5,2,416,0.0005857910146005452,0.0020122919813729823,624001024,0.8828125
7d43a6738de38655,kmnist,ssb-v1-block,mlp,protocol-v3,0.4,8,5,2,417,0.0005868329899385571,0.001973083009943366,624001024,0.8671875
7d43a6738de38655,kmnist,ssb-v1-block,mlp,protocol-v3,0.4,8,5,2,418,0.0005911660264246166,0.0022272500209510326,624001024,0.84375
7d43a6738de38655,kmnist,ssb-v1-block,mlp,protocol-v3,0.4,8,5,2,419,0.0005885830032639205,0.0021163749624975026,624001024,0.8046875
7d43a6738de38655,kmnist,ssb-v1-block,mlp,protocol-v3,0.4,8,5,2,420,0.000598041049670428,0.0020480420207604766,624001024,0.90625
7d43a6738de38655,kmnist,ssb-v1-block,mlp,protocol-v3,0.4,8,5,2,421,0.0005880419630557299,0.0021216250024735928,624001024,0.8671875
7d43a6738de38655,kmnist,ssb-v1-block,mlp,protocol-v3,0.4,8,5,2,422,0.0005624999757856131,0.0020899170194752514,624017408,0.8515625
7d43a6738de38655,kmnist,ssb-v1-block,mlp,protocol-v3,0.4,8,5,2,423,0.000565374968573451,0.0020154580124653876,624017408,0.8671875
7d43a6738de38655,kmnist,ssb-v1-block,mlp,protocol-v3,0.4,8,5,2,424,0.0005836249911226332,0.0021188329556025565,624017408,0.8671875
7d43a6738de38655,kmnist,ssb-v1-block,mlp,protocol-v3,0.4,8,5,2,425,0.0006817089742980897,0.002100874960888177,624017408,0.8671875
7d43a6738de38655,kmnist,ssb-v1-block,mlp,protocol-v3,0.4,8,5,2,426,0.0005902499542571604,0.001926666998770088,624017408,0.828125
7d43a6738de38655,kmnist,ssb-v1-block,mlp,protocol-v3,0.4,8,5,2,427,0.0005853749462403357,0.002151500026229769,624017408,0.8203125
7d43a6738de38655,kmnist,ssb-v1-block,mlp,protocol-v3,0.4,8,5,2,428,0.0005929159815423191,0.0021227080142125487,624017408,0.84375
7d43a6738de38655,kmnist,ssb-v1-block,mlp,protocol-v3,0.4,8,5,2,429,0.0005935410154052079,0.0020499579841271043,624017408,0.9140625
7d43a6738de38655,kmnist,ssb-v1-block,mlp,protocol-v3,0.4,8,5,2,430,0.0005936659872531891,0.002147667051758617,624017408,0.8671875
7d43a6738de38655,kmnist,ssb-v1-block,mlp,protocol-v3,0.4,8,5,2,431,0.0005858330405317247,0.0020829159766435623,624017408,0.8515625
7d43a6738de38655,kmnist,ssb-v1-block,mlp,protocol-v3,0.4,8,5,2,432,0.0005862080142833292,0.0019705420127138495,624017408,0.8515625
7d43a6738de38655,kmnist,ssb-v1-block,mlp,protocol-v3,0.4,8,5,2,433,0.0005955420201644301,0.0020912500331178308,624017408,0.8671875
7d43a6738de38655,kmnist,ssb-v1-block,mlp,protocol-v3,0.4,8,5,2,434,0.0005815419717691839,0.0020627090125344694,624017408,0.8671875
7d43a6738de38655,kmnist,ssb-v1-block,mlp,protocol-v3,0.4,8,5,2,435,0.0005961249698884785,0.002018874976783991,624017408,0.7890625
7d43a6738de38655,kmnist,ssb-v1-block,mlp,protocol-v3,0.4,8,5,2,436,0.0005980829591862857,0.002107959007844329,624017408,0.859375
7d43a6738de38655,kmnist,ssb-v1-block,mlp,protocol-v3,0.4,8,5,2,437,0.0006030829972587526,0.0021864169975742698,624017408,0.8125
7d43a6738de38655,kmnist,ssb-v1-block,mlp,protocol-v3,0.4,8,5,2,438,0.0005915410001762211,0.0021224579541012645,624017408,0.8359375
7d43a6738de38655,kmnist,ssb-v1-block,mlp,protocol-v3,0.4,8,5,2,439,0.0005944169824942946,0.0020398329943418503,624017408,0.8125
7d43a6738de38655,kmnist,ssb-v1-block,mlp,protocol-v3,0.4,8,5,2,440,0.0005980840069241822,0.001992582983803004,624017408,0.875
7d43a6738de38655,kmnist,ssb-v1-block,mlp,protocol-v3,0.4,8,5,2,441,0.0005908330203965306,0.002102874976117164,624017408,0.8125
7d43a6738de38655,kmnist,ssb-v1-block,mlp,protocol-v3,0.4,8,5,2,442,0.0005967079778201878,0.002035957993939519,624017408,0.859375
7d43a6738de38655,kmnist,ssb-v1-block,mlp,protocol-v3,0.4,8,5,2,443,0.0005913340137340128,0.002136833965778351,624033792,0.8046875
7d43a6738de38655,kmnist,ssb-v1-block,mlp,protocol-v3,0.4,8,5,2,444,0.0005860840319655836,0.002116041025146842,624033792,0.8203125
7d43a6738de38655,kmnist,ssb-v1-block,mlp,protocol-v3,0.4,8,5,2,445,0.0005959580303169787,0.0020113750360906124,624050176,0.8359375
7d43a6738de38655,kmnist,ssb-v1-block,mlp,protocol-v3,0.4,8,5,2,446,0.00058637501206249,0.002036791993305087,624050176,0.875
7d43a6738de38655,kmnist,ssb-v1-block,mlp,protocol-v3,0.4,8,5,2,447,0.0005963750299997628,0.0020927079604007304,624050176,0.859375
7d43a6738de38655,kmnist,ssb-v1-block,mlp,protocol-v3,0.4,8,5,2,448,0.0005875829956494272,0.0020605000318028033,624066560,0.828125
7d43a6738de38655,kmnist,ssb-v1-block,mlp,protocol-v3,0.4,8,5,2,449,0.0005897090304642916,0.0020026660058647394,624066560,0.84375
7d43a6738de38655,kmnist,ssb-v1-block,mlp,protocol-v3,0.4,8,5,2,450,0.0007190000033006072,0.002046500041615218,624066560,0.8671875
7d43a6738de38655,kmnist,ssb-v1-block,mlp,protocol-v3,0.4,8,5,2,451,0.0005904170102439821,0.0020951659535057843,624066560,0.875
7d43a6738de38655,kmnist,ssb-v1-block,mlp,protocol-v3,0.4,8,5,2,452,0.0006009589997120202,0.0024066250189207494,624066560,0.859375
7d43a6738de38655,kmnist,ssb-v1-block,mlp,protocol-v3,0.4,8,5,2,453,0.0005882920231670141,0.0020185000030323863,624066560,0.8671875
7d43a6738de38655,kmnist,ssb-v1-block,mlp,protocol-v3,0.4,8,5,2,454,0.000594375014770776,0.0020590409985743463,624066560,0.828125
7d43a6738de38655,kmnist,ssb-v1-block,mlp,protocol-v3,0.4,8,5,2,455,0.0005862920079380274,0.0020829159766435623,624066560,0.78125
7d43a6738de38655,kmnist,ssb-v1-block,mlp,protocol-v3,0.4,8,5,2,456,0.0005938340327702463,0.002149209030903876,624066560,0.7421875
7d43a6738de38655,kmnist,ssb-v1-block,mlp,protocol-v3,0.4,8,5,2,457,0.0005973330116830766,0.0022201669635251164,624066560,0.8515625
7d43a6738de38655,kmnist,ssb-v1-block,mlp,protocol-v3,0.4,8,5,2,458,0.0005980830173939466,0.002104791987221688,624066560,0.84375
7d43a6738de38655,kmnist,ssb-v1-block,mlp,protocol-v3,0.4,8,5,2,459,0.0005987500189803541,0.0020460000378079712,624099328,0.8359375
7d43a6738de38655,kmnist,ssb-v1-block,mlp,protocol-v3,0.4,8,5,2,460,0.0005991249927319586,0.0020855829934589565,624099328,0.8515625
7d43a6738de38655,kmnist,ssb-v1-block,mlp,protocol-v3,0.4,8,5,2,461,0.0006039159488864243,0.0023174999514594674,624099328,0.828125
7d43a6738de38655,kmnist,ssb-v1-block,mlp,protocol-v3,0.4,8,5,2,462,0.0006028750212863088,0.002132416993845254,624099328,0.7890625
7d43a6738de38655,kmnist,ssb-v1-block,mlp,protocol-v3,0.4,8,5,2,463,0.0005888750310987234,0.0021325830020941794,624099328,0.8671875
7d43a6738de38655,kmnist,ssb-v1-block,mlp,protocol-v3,0.4,8,5,2,464,0.0005927080055698752,0.0021266249823383987,624099328,0.8203125
7d43a6738de38655,kmnist,ssb-v1-block,mlp,protocol-v3,0.4,8,5,2,465,0.0005933329812251031,0.001979959022719413,624099328,0.828125
7d43a6738de38655,kmnist,ssb-v1-block,mlp,protocol-v3,0.4,8,5,2,466,0.0005870830500498414,0.0020586249884217978,624099328,0.796875
7d43a6738de38655,kmnist,ssb-v1-block,mlp,protocol-v3,0.4,8,5,2,467,0.0005957919638603926,0.001987750001717359,624099328,0.7265625
7d43a6738de38655,kmnist,ssb-v1-block,mlp,protocol-v3,0.4,8,5,2,468,0.0006219999631866813,0.024590124958194792,629391360,0.8020833333333334
7d43a6738de38655,kmnist,ssb-v1-block,mlp,protocol-v3,0.4,8,5,3,0,0.0006470829830504954,0.0021322499960660934,630865920,0.7421875
7d43a6738de38655,kmnist,ssb-v1-block,mlp,protocol-v3,0.4,8,5,3,1,0.0006777500384487212,0.0023605420137755573,630865920,0.828125
7d43a6738de38655,kmnist,ssb-v1-block,mlp,protocol-v3,0.4,8,5,3,2,0.0005994999664835632,0.002330374962184578,630882304,0.828125
7d43a6738de38655,kmnist,ssb-v1-block,mlp,protocol-v3,0.4,8,5,3,3,0.0007252499926835299,0.002150209038518369,630882304,0.84375
7d43a6738de38655,kmnist,ssb-v1-block,mlp,protocol-v3,0.4,8,5,3,4,0.0006194160087034106,0.0022713750367984176,630882304,0.8515625
7d43a6738de38655,kmnist,ssb-v1-block,mlp,protocol-v3,0.4,8,5,3,5,0.0006093750125728548,0.0021318329963833094,630882304,0.8515625
7d43a6738de38655,kmnist,ssb-v1-block,mlp,protocol-v3,0.4,8,5,3,6,0.0006140000186860561,0.0020632080268114805,630882304,0.8046875
7d43a6738de38655,kmnist,ssb-v1-block,mlp,protocol-v3,0.4,8,5,3,7,0.0006017920095473528,0.002158624993171543,630898688,0.8671875
7d43a6738de38655,kmnist,ssb-v1-block,mlp,protocol-v3,0.4,8,5,3,8,0.000611709023360163,0.0021640000049956143,630898688,0.828125
7d43a6738de38655,kmnist,ssb-v1-block,mlp,protocol-v3,0.4,8,5,3,9,0.0006201249780133367,0.0020232080132700503,630898688,0.796875
7d43a6738de38655,kmnist,ssb-v1-block,mlp,protocol-v3,0.4,8,5,3,10,0.0006162080098874867,0.0021000830456614494,630898688,0.84375
7d43a6738de38655,kmnist,ssb-v1-block,mlp,protocol-v3,0.4,8,5,3,11,0.0006193749723024666,0.00209854100830853,630898688,0.859375
7d43a6738de38655,kmnist,ssb-v1-block,mlp,protocol-v3,0.4,8,5,3,12,0.0006790420156903565,0.0022183750406838953,630898688,0.875
7d43a6738de38655,kmnist,ssb-v1-block,mlp,protocol-v3,0.4,8,5,3,13,0.0006078750011511147,0.002195917011704296,630898688,0.890625
7d43a6738de38655,kmnist,ssb-v1-block,mlp,protocol-v3,0.4,8,5,3,14,0.0006085410132072866,0.00203758297720924,630898688,0.9140625
7d43a6738de38655,kmnist,ssb-v1-block,mlp,protocol-v3,0.4,8,5,3,15,0.0006224169628694654,0.0021739579970017076,630898688,0.890625
7d43a6738de38655,kmnist,ssb-v1-block,mlp,protocol-v3,0.4,8,5,3,16,0.0006068749935366213,0.0020962090347893536,630898688,0.8984375
7d43a6738de38655,kmnist,ssb-v1-block,mlp,protocol-v3,0.4,8,5,3,17,0.0005954999942332506,0.0022240409743972123,630915072,0.90625
7d43a6738de38655,kmnist,ssb-v1-block,mlp,protocol-v3,0.4,8,5,3,18,0.0006195419700816274,0.002041833009570837,631324672,0.859375
7d43a6738de38655,kmnist,ssb-v1-block,mlp,protocol-v3,0.4,8,5,3,19,0.0006162500358186662,0.002021124993916601,631324672,0.8046875
7d43a6738de38655,kmnist,ssb-v1-block,mlp,protocol-v3,0.4,8,5,3,20,0.0005911249900236726,0.0021829999750480056,631324672,0.828125
7d43a6738de38655,kmnist,ssb-v1-block,mlp,protocol-v3,0.4,8,5,3,21,0.0006062500178813934,0.0021831670310348272,631324672,0.796875
7d43a6738de38655,kmnist,ssb-v1-block,mlp,protocol-v3,0.4,8,5,3,22,0.000604041968472302,0.0021946249762549996,631324672,0.8359375
7d43a6738de38655,kmnist,ssb-v1-block,mlp,protocol-v3,0.4,8,5,3,23,0.0006078750011511147,0.0020839589997194707,631324672,0.84375
7d43a6738de38655,kmnist,ssb-v1-block,mlp,protocol-v3,0.4,8,5,3,24,0.0005938329850323498,0.0021402909769676626,631324672,0.8515625
7d43a6738de38655,kmnist,ssb-v1-block,mlp,protocol-v3,0.4,8,5,3,25,0.0005915829678997397,0.0020429579890333116,631324672,0.90625
7d43a6738de38655,kmnist,ssb-v1-block,mlp,protocol-v3,0.4,8,5,3,26,0.000593958015087992,0.0021777499932795763,631324672,0.875
7d43a6738de38655,kmnist,ssb-v1-block,mlp,protocol-v3,0.4,8,5,3,27,0.0006016670376993716,0.0021230829879641533,631324672,0.84375
7d43a6738de38655,kmnist,ssb-v1-block,mlp,protocol-v3,0.4,8,5,3,28,0.0006043750327080488,0.002203624986577779,631324672,0.8984375
7d43a6738de38655,kmnist,ssb-v1-block,mlp,protocol-v3,0.4,8,5,3,29,0.0005922910058870912,0.0021416249801404774,631324672,0.875
7d43a6738de38655,kmnist,ssb-v1-block,mlp,protocol-v3,0.4,8,5,3,30,0.0005850419984199107,0.002188041980843991,631324672,0.890625
7d43a6738de38655,kmnist,ssb-v1-block,mlp,protocol-v3,0.4,8,5,3,31,0.0006006249459460378,0.002117916999850422,631324672,0.90625
7d43a6738de38655,kmnist,ssb-v1-block,mlp,protocol-v3,0.4,8,5,3,32,0.0005998749984428287,0.0021404169965535402,631357440,0.90625
7d43a6738de38655,kmnist,ssb-v1-block,mlp,protocol-v3,0.4,8,5,3,33,0.0006010840297676623,0.002108749991748482,631357440,0.8671875
7d43a6738de38655,kmnist,ssb-v1-block,mlp,protocol-v3,0.4,8,5,3,34,0.0005960420239716768,0.002048624970484525,631357440,0.8828125
7d43a6738de38655,kmnist,ssb-v1-block,mlp,protocol-v3,0.4,8,5,3,35,0.0005963329458609223,0.0022449169773608446,631357440,0.890625
7d43a6738de38655,kmnist,ssb-v1-block,mlp,protocol-v3,0.4,8,5,3,36,0.000596208032220602,0.002104792045429349,631357440,0.8671875
7d43a6738de38655,kmnist,ssb-v1-block,mlp,protocol-v3,0.4,8,5,3,37,0.0005833329632878304,0.0021256249747239053,631357440,0.8984375
7d43a6738de38655,kmnist,ssb-v1-block,mlp,protocol-v3,0.4,8,5,3,38,0.000592124997638166,0.0021289580035954714,631357440,0.84375
7d43a6738de38655,kmnist,ssb-v1-block,mlp,protocol-v3,0.4,8,5,3,39,0.0005737920291721821,0.0020324159995652735,631357440,0.90625
7d43a6738de38655,kmnist,ssb-v1-block,mlp,protocol-v3,0.4,8,5,3,40,0.0005858750082552433,0.0020029579754918814,631357440,0.8828125
7d43a6738de38655,kmnist,ssb-v1-block,mlp,protocol-v3,0.4,8,5,3,41,0.0006175829912535846,0.0019664159626699984,631357440,0.8515625
7d43a6738de38655,kmnist,ssb-v1-block,mlp,protocol-v3,0.4,8,5,3,42,0.0005983749870210886,0.0020352089777588844,631357440,0.8515625
7d43a6738de38655,kmnist,ssb-v1-block,mlp,protocol-v3,0.4,8,5,3,43,0.0005967079778201878,0.0020613749511539936,631357440,0.890625
7d43a6738de38655,kmnist,ssb-v1-block,mlp,protocol-v3,0.4,8,5,3,44,0.0006017080158926547,0.0020116670057177544,631357440,0.796875
7d43a6738de38655,kmnist,ssb-v1-block,mlp,protocol-v3,0.4,8,5,3,45,0.0006150000263005495,0.0021203329670242965,631357440,0.7578125
7d43a6738de38655,kmnist,ssb-v1-block,mlp,protocol-v3,0.4,8,5,3,46,0.0006109169917181134,0.0020801249775104225,631357440,0.8359375
7d43a6738de38655,kmnist,ssb-v1-block,mlp,protocol-v3,0.4,8,5,3,47,0.0005986249889247119,0.002143416029866785,631357440,0.859375
7d43a6738de38655,kmnist,ssb-v1-block,mlp,protocol-v3,0.4,8,5,3,48,0.0005980840069241822,0.0020597499678842723,631357440,0.921875
7d43a6738de38655,kmnist,ssb-v1-block,mlp,protocol-v3,0.4,8,5,3,49,0.0005947500467300415,0.0021138330339454114,631357440,0.8671875
7d43a6738de38655,kmnist,ssb-v1-block,mlp,protocol-v3,0.4,8,5,3,50,0.0006117500015534461,0.0019071249989792705,631357440,0.8671875
7d43a6738de38655,kmnist,ssb-v1-block,mlp,protocol-v3,0.4,8,5,3,51,0.0005996659747324884,0.0022109579876996577,631357440,0.8515625
7d43a6738de38655,kmnist,ssb-v1-block,mlp,protocol-v3,0.4,8,5,3,52,0.0006012499798089266,0.0019715409725904465,631357440,0.796875
7d43a6738de38655,kmnist,ssb-v1-block,mlp,protocol-v3,0.4,8,5,3,53,0.0005898329545743763,0.0020853340392932296,631357440,0.765625
7d43a6738de38655,kmnist,ssb-v1-block,mlp,protocol-v3,0.4,8,5,3,54,0.0006086250068619847,0.0020984589937143028,631357440,0.8515625
7d43a6738de38655,kmnist,ssb-v1-block,mlp,protocol-v3,0.4,8,5,3,55,0.0005785000394098461,0.0019525410025380552,631357440,0.8515625
7d43a6738de38655,kmnist,ssb-v1-block,mlp,protocol-v3,0.4,8,5,3,56,0.000603791035246104,0.002138958021532744,631357440,0.828125
7d43a6738de38655,kmnist,ssb-v1-block,mlp,protocol-v3,0.4,8,5,3,57,0.0006012920057401061,0.002040457969997078,631357440,0.8515625
7d43a6738de38655,kmnist,ssb-v1-block,mlp,protocol-v3,0.4,8,5,3,58,0.0005982079892419279,0.0022191660245880485,631357440,0.8828125
7d43a6738de38655,kmnist,ssb-v1-block,mlp,protocol-v3,0.4,8,5,3,59,0.0006025839829817414,0.002207333978731185,631357440,0.8671875
7d43a6738de38655,kmnist,ssb-v1-block,mlp,protocol-v3,0.4,8,5,3,60,0.000596166995819658,0.002281834022141993,631357440,0.8046875
7d43a6738de38655,kmnist,ssb-v1-block,mlp,protocol-v3,0.4,8,5,3,61,0.0006036669947206974,0.002042542037088424,631357440,0.828125
7d43a6738de38655,kmnist,ssb-v1-block,mlp,protocol-v3,0.4,8,5,3,62,0.0006029169890098274,0.002094708033837378,631357440,0.8515625
7d43a6738de38655,kmnist,ssb-v1-block,mlp,protocol-v3,0.4,8,5,3,63,0.0006009169737808406,0.002117540978360921,631373824,0.9140625
7d43a6738de38655,kmnist,ssb-v1-block,mlp,protocol-v3,0.4,8,5,3,64,0.000597541977185756,0.0020530830370262265,631373824,0.9140625
7d43a6738de38655,kmnist,ssb-v1-block,mlp,protocol-v3,0.4,8,5,3,65,0.0006051660166122019,0.002132916997652501,631390208,0.8046875
7d43a6738de38655,kmnist,ssb-v1-block,mlp,protocol-v3,0.4,8,5,3,66,0.0006133330170996487,0.0019729590276256204,631390208,0.828125
7d43a6738de38655,kmnist,ssb-v1-block,mlp,protocol-v3,0.4,8,5,3,67,0.0006007920019328594,0.0023085420252755284,631390208,0.9140625
7d43a6738de38655,kmnist,ssb-v1-block,mlp,protocol-v3,0.4,8,5,3,68,0.000595791032537818,0.002135499962605536,631390208,0.9375
7d43a6738de38655,kmnist,ssb-v1-block,mlp,protocol-v3,0.4,8,5,3,69,0.0006275839987210929,0.0022271659690886736,631390208,0.8671875
7d43a6738de38655,kmnist,ssb-v1-block,mlp,protocol-v3,0.4,8,5,3,70,0.0005987079930491745,0.0020754170254804194,631390208,0.890625
7d43a6738de38655,kmnist,ssb-v1-block,mlp,protocol-v3,0.4,8,5,3,71,0.0005801249644719064,0.0022164590191096067,631390208,0.859375
7d43a6738de38655,kmnist,ssb-v1-block,mlp,protocol-v3,0.4,8,5,3,72,0.0006802499992772937,0.002101042016874999,631390208,0.921875
7d43a6738de38655,kmnist,ssb-v1-block,mlp,protocol-v3,0.4,8,5,3,73,0.0006052919779904187,0.0021183749777264893,631406592,0.9140625
7d43a6738de38655,kmnist,ssb-v1-block,mlp,protocol-v3,0.4,8,5,3,74,0.0006101249600760639,0.0020982089918106794,631406592,0.8828125
7d43a6738de38655,kmnist,ssb-v1-block,mlp,protocol-v3,0.4,8,5,3,75,0.0006070829695090652,0.002124749997165054,631406592,0.8984375
7d43a6738de38655,kmnist,ssb-v1-block,mlp,protocol-v3,0.4,8,5,3,76,0.0006054580444470048,0.0021488339989446104,631406592,0.875
7d43a6738de38655,kmnist,ssb-v1-block,mlp,protocol-v3,0.4,8,5,3,77,0.0006231669685803354,0.002147416991647333,631406592,0.8359375
7d43a6738de38655,kmnist,ssb-v1-block,mlp,protocol-v3,0.4,8,5,3,78,0.0006072919932194054,0.00222025002585724,631406592,0.8828125
7d43a6738de38655,kmnist,ssb-v1-block,mlp,protocol-v3,0.4,8,5,3,79,0.0005997910047881305,0.002034707984421402,631406592,0.8984375
7d43a6738de38655,kmnist,ssb-v1-block,mlp,protocol-v3,0.4,8,5,3,80,0.0006154999719001353,0.0021437079994939268,631422976,0.8515625
7d43a6738de38655,kmnist,ssb-v1-block,mlp,protocol-v3,0.4,8,5,3,81,0.0005826669512316585,0.002025791967753321,631422976,0.859375
7d43a6738de38655,kmnist,ssb-v1-block,mlp,protocol-v3,0.4,8,5,3,82,0.0005909170140512288,0.0020742499618791044,631422976,0.8046875
7d43a6738de38655,kmnist,ssb-v1-block,mlp,protocol-v3,0.4,8,5,3,83,0.0006065840134397149,0.0020591249922290444,631422976,0.8515625
7d43a6738de38655,kmnist,ssb-v1-block,mlp,protocol-v3,0.4,8,5,3,84,0.0006042090244591236,0.002070999995339662,631422976,0.8046875
7d43a6738de38655,kmnist,ssb-v1-block,mlp,protocol-v3,0.4,8,5,3,85,0.0006084589986130595,0.002096792042721063,631422976,0.8359375
7d43a6738de38655,kmnist,ssb-v1-block,mlp,protocol-v3,0.4,8,5,3,86,0.0006205000099726021,0.002003750007133931,631422976,0.84375
7d43a6738de38655,kmnist,ssb-v1-block,mlp,protocol-v3,0.4,8,5,3,87,0.0005957080284133554,0.0019723339937627316,631422976,0.8125
7d43a6738de38655,kmnist,ssb-v1-block,mlp,protocol-v3,0.4,8,5,3,88,0.0006225419929251075,0.002103000006172806,631422976,0.796875
7d43a6738de38655,kmnist,ssb-v1-block,mlp,protocol-v3,0.4,8,5,3,89,0.0005804169923067093,0.0020050830207765102,631422976,0.828125
7d43a6738de38655,kmnist,ssb-v1-block,mlp,protocol-v3,0.4,8,5,3,90,0.0005920840194448829,0.002029708994086832,631422976,0.8671875
7d43a6738de38655,kmnist,ssb-v1-block,mlp,protocol-v3,0.4,8,5,3,91,0.0006050000083632767,0.0019808750366792083,631422976,0.8828125
7d43a6738de38655,kmnist,ssb-v1-block,mlp,protocol-v3,0.4,8,5,3,92,0.0006044579786248505,0.002085208019707352,631422976,0.8515625
7d43a6738de38655,kmnist,ssb-v1-block,mlp,protocol-v3,0.4,8,5,3,93,0.0006123339990153909,0.0022447080118581653,631422976,0.8984375
7d43a6738de38655,kmnist,ssb-v1-block,mlp,protocol-v3,0.4,8,5,3,94,0.0006025000475347042,0.0021138329757377505,631422976,0.8671875
7d43a6738de38655,kmnist,ssb-v1-block,mlp,protocol-v3,0.4,8,5,3,95,0.0006020829896442592,0.0020940839895047247,631422976,0.90625
7d43a6738de38655,kmnist,ssb-v1-block,mlp,protocol-v3,0.4,8,5,3,96,0.0005687919910997152,0.0020345000084489584,631439360,0.9375
7d43a6738de38655,kmnist,ssb-v1-block,mlp,protocol-v3,0.4,8,5,3,97,0.0005848750006407499,0.002173416956793517,631439360,0.8515625
7d43a6738de38655,kmnist,ssb-v1-block,mlp,protocol-v3,0.4,8,5,3,98,0.000591500021982938,0.002065334003418684,631439360,0.859375
7d43a6738de38655,kmnist,ssb-v1-block,mlp,protocol-v3,0.4,8,5,3,99,0.0005942920106463134,0.0020307910162955523,631439360,0.8359375
7d43a6738de38655,kmnist,ssb-v1-block,mlp,protocol-v3,0.4,8,5,3,100,0.0006065830239094794,0.0019722500001080334,631439360,0.8359375
7d43a6738de38655,kmnist,ssb-v1-block,mlp,protocol-v3,0.4,8,5,3,101,0.0005991249927319586,0.0020337500027380884,631439360,0.8984375
7d43a6738de38655,kmnist,ssb-v1-block,mlp,protocol-v3,0.4,8,5,3,102,0.0005992500227876008,0.0021417909883894026,631439360,0.921875
7d43a6738de38655,kmnist,ssb-v1-block,mlp,protocol-v3,0.4,8,5,3,103,0.00060299999313429,0.0022414170089177787,631439360,0.8984375
7d43a6738de38655,kmnist,ssb-v1-block,mlp,protocol-v3,0.4,8,5,3,104,0.0006257920176722109,0.002161624957807362,631439360,0.90625
7d43a6738de38655,kmnist,ssb-v1-block,mlp,protocol-v3,0.4,8,5,3,105,0.0006057919817976654,0.002018874976783991,631439360,0.84375
7d43a6738de38655,kmnist,ssb-v1-block,mlp,protocol-v3,0.4,8,5,3,106,0.0005944999866187572,0.0021382910199463367,631439360,0.8671875
7d43a6738de38655,kmnist,ssb-v1-block,mlp,protocol-v3,0.4,8,5,3,107,0.000598000013269484,0.0020717079751193523,631439360,0.8828125
7d43a6738de38655,kmnist,ssb-v1-block,mlp,protocol-v3,0.4,8,5,3,108,0.0005966249736957252,0.002190625004004687,631439360,0.8984375
7d43a6738de38655,kmnist,ssb-v1-block,mlp,protocol-v3,0.4,8,5,3,109,0.0006202089716680348,0.002198374946601689,631439360,0.9375
7d43a6738de38655,kmnist,ssb-v1-block,mlp,protocol-v3,0.4,8,5,3,110,0.0005929580074734986,0.002193416003137827,631455744,0.890625
7d43a6738de38655,kmnist,ssb-v1-block,mlp,protocol-v3,0.4,8,5,3,111,0.0005937080131843686,0.0020674580009654164,631455744,0.875
7d43a6738de38655,kmnist,ssb-v1-block,mlp,protocol-v3,0.4,8,5,3,112,0.0005995410028845072,0.002039249986410141,631455744,0.9140625
7d43a6738de38655,kmnist,ssb-v1-block,mlp,protocol-v3,0.4,8,5,3,113,0.0005722919595427811,0.0020913329790346324,631455744,0.859375
7d43a6738de38655,kmnist,ssb-v1-block,mlp,protocol-v3,0.4,8,5,3,114,0.0006084170308895409,0.002248499949928373,631455744,0.9453125
7d43a6738de38655,kmnist,ssb-v1-block,mlp,protocol-v3,0.4,8,5,3,115,0.0006009159842506051,0.002092416980303824,631455744,0.90625
7d43a6738de38655,kmnist,ssb-v1-block,mlp,protocol-v3,0.4,8,5,3,116,0.0006021249573677778,0.0020450829761102796,631455744,0.9453125
7d43a6738de38655,kmnist,ssb-v1-block,mlp,protocol-v3,0.4,8,5,3,117,0.0005955000524409115,0.0020056249923072755,631455744,0.8984375
7d43a6738de38655,kmnist,ssb-v1-block,mlp,protocol-v3,0.4,8,5,3,118,0.0006064579938538373,0.002119167009368539,631455744,0.890625
7d43a6738de38655,kmnist,ssb-v1-block,mlp,protocol-v3,0.4,8,5,3,119,0.0006040000007487833,0.002144334022887051,631455744,0.8984375
7d43a6738de38655,kmnist,ssb-v1-block,mlp,protocol-v3,0.4,8,5,3,120,0.0006126250373199582,0.001959417015314102,631455744,0.8828125
7d43a6738de38655,kmnist,ssb-v1-block,mlp,protocol-v3,0.4,8,5,3,121,0.0005762910004705191,0.0021320839878171682,631455744,0.796875
7d43a6738de38655,kmnist,ssb-v1-block,mlp,protocol-v3,0.4,8,5,3,122,0.0005891670007258654,0.002082084014546126,631455744,0.8828125
7d43a6738de38655,kmnist,ssb-v1-block,mlp,protocol-v3,0.4,8,5,3,123,0.0005952080246061087,0.0020308750099502504,631455744,0.921875
7d43a6738de38655,kmnist,ssb-v1-block,mlp,protocol-v3,0.4,8,5,3,124,0.0006007499760016799,0.0023550419718958437,631455744,0.8984375
7d43a6738de38655,kmnist,ssb-v1-block,mlp,protocol-v3,0.4,8,5,3,125,0.0005974170053377748,0.0020099160028621554,631455744,0.9453125
7d43a6738de38655,kmnist,ssb-v1-block,mlp,protocol-v3,0.4,8,5,3,126,0.0005923749995417893,0.002017916995100677,631455744,0.8671875
7d43a6738de38655,kmnist,ssb-v1-block,mlp,protocol-v3,0.4,8,5,3,127,0.000603041029535234,0.0020177499973215163,631455744,0.890625
7d43a6738de38655,kmnist,ssb-v1-block,mlp,protocol-v3,0.4,8,5,3,128,0.0005900409887544811,0.007161125016864389,632225792,0.9140625
7d43a6738de38655,kmnist,ssb-v1-block,mlp,protocol-v3,0.4,8,5,3,129,0.0006112909759394825,0.002103499951772392,632225792,0.9375
7d43a6738de38655,kmnist,ssb-v1-block,mlp,protocol-v3,0.4,8,5,3,130,0.0006010840297676623,0.0021018749685026705,632225792,0.890625
7d43a6738de38655,kmnist,ssb-v1-block,mlp,protocol-v3,0.4,8,5,3,131,0.0006032919627614319,0.002172791981138289,632225792,0.8515625
7d43a6738de38655,kmnist,ssb-v1-block,mlp,protocol-v3,0.4,8,5,3,132,0.0006060830201022327,0.002054415992461145,632389632,0.890625
7d43a6738de38655,kmnist,ssb-v1-block,mlp,protocol-v3,0.4,8,5,3,133,0.0006128750392235816,0.002175291010644287,632389632,0.890625
7d43a6738de38655,kmnist,ssb-v1-block,mlp,protocol-v3,0.4,8,5,3,134,0.0005993340164422989,0.0020476250210776925,632389632,0.8515625
7d43a6738de38655,kmnist,ssb-v1-block,mlp,protocol-v3,0.4,8,5,3,135,0.0005911669577471912,0.002152999979443848,632635392,0.8671875
7d43a6738de38655,kmnist,ssb-v1-block,mlp,protocol-v3,0.4,8,5,3,136,0.0005956660024821758,0.0019725419697351754,632635392,0.890625
7d43a6738de38655,kmnist,ssb-v1-block,mlp,protocol-v3,0.4,8,5,3,137,0.0006061659660190344,0.0021567079820670187,632635392,0.859375
7d43a6738de38655,kmnist,ssb-v1-block,mlp,protocol-v3,0.4,8,5,3,138,0.0006002080044709146,0.002103917009662837,632651776,0.8515625
7d43a6738de38655,kmnist,ssb-v1-block,mlp,protocol-v3,0.4,8,5,3,139,0.0006106249638833106,0.0021626250236295164,632651776,0.90625
7d43a6738de38655,kmnist,ssb-v1-block,mlp,protocol-v3,0.4,8,5,3,140,0.0005958339897915721,0.0019873749697580934,632651776,0.8828125
7d43a6738de38655,kmnist,ssb-v1-block,mlp,protocol-v3,0.4,8,5,3,141,0.0005851670284755528,0.0021145420032553375,632651776,0.90625
7d43a6738de38655,kmnist,ssb-v1-block,mlp,protocol-v3,0.4,8,5,3,142,0.0005647079669870436,0.0020249999943189323,632651776,0.90625
7d43a6738de38655,kmnist,ssb-v1-block,mlp,protocol-v3,0.4,8,5,3,143,0.0005970830097794533,0.0020721250330097973,632651776,0.8515625
7d43a6738de38655,kmnist,ssb-v1-block,mlp,protocol-v3,0.4,8,5,3,144,0.0005869999877177179,0.0019750409992411733,632651776,0.90625
7d43a6738de38655,kmnist,ssb-v1-block,mlp,protocol-v3,0.4,8,5,3,145,0.0006241250084713101,0.002078833000268787,632651776,0.859375
7d43a6738de38655,kmnist,ssb-v1-block,mlp,protocol-v3,0.4,8,5,3,146,0.0005983340088278055,0.0020892919856123626,632651776,0.90625
7d43a6738de38655,kmnist,ssb-v1-block,mlp,protocol-v3,0.4,8,5,3,147,0.000596500001847744,0.002103332953993231,632651776,0.9375
7d43a6738de38655,kmnist,ssb-v1-block,mlp,protocol-v3,0.4,8,5,3,148,0.0006006669718772173,0.0021789580350741744,632651776,0.921875
7d43a6738de38655,kmnist,ssb-v1-block,mlp,protocol-v3,0.4,8,5,3,149,0.0005988340126350522,0.0021912079537287354,632651776,0.8984375
7d43a6738de38655,kmnist,ssb-v1-block,mlp,protocol-v3,0.4,8,5,3,150,0.0005920410039834678,0.0021432500216178596,632651776,0.9140625
7d43a6738de38655,kmnist,ssb-v1-block,mlp,protocol-v3,0.4,8,5,3,151,0.0005670419777743518,0.002032749995123595,632651776,0.921875
7d43a6738de38655,kmnist,ssb-v1-block,mlp,protocol-v3,0.4,8,5,3,152,0.0005873750196769834,0.0020077499793842435,632668160,0.921875
7d43a6738de38655,kmnist,ssb-v1-block,mlp,protocol-v3,0.4,8,5,3,153,0.0005879589589312673,0.0022112090373411775,632668160,0.8984375
7d43a6738de38655,kmnist,ssb-v1-block,mlp,protocol-v3,0.4,8,5,3,154,0.0006070419913157821,0.002076708013191819,632668160,0.8671875
7d43a6738de38655,kmnist,ssb-v1-block,mlp,protocol-v3,0.4,8,5,3,155,0.0006039579748176038,0.0022319999989122152,632668160,0.9140625
7d43a6738de38655,kmnist,ssb-v1-block,mlp,protocol-v3,0.4,8,5,3,156,0.0006059999577701092,0.0020605410099960864,632668160,0.8359375
7d43a6738de38655,kmnist,ssb-v1-block,mlp,protocol-v3,0.4,8,5,3,157,0.0005924580036662519,0.002088042034301907,632668160,0.859375
7d43a6738de38655,kmnist,ssb-v1-block,mlp,protocol-v3,0.4,8,5,3,158,0.0006108329980634153,0.002084999985527247,632668160,0.9140625
7d43a6738de38655,kmnist,ssb-v1-block,mlp,protocol-v3,0.4,8,5,3,159,0.0005871669854968786,0.002033374970778823,632668160,0.90625
7d43a6738de38655,kmnist,ssb-v1-block,mlp,protocol-v3,0.4,8,5,3,160,0.0006468750070780516,0.002042209031060338,632668160,0.9140625
7d43a6738de38655,kmnist,ssb-v1-block,mlp,protocol-v3,0.4,8,5,3,161,0.0005976670072413981,0.001984542002901435,632668160,0.9453125
7d43a6738de38655,kmnist,ssb-v1-block,mlp,protocol-v3,0.4,8,5,3,162,0.0006040410371497273,0.0021566670038737357,632668160,0.9375
7d43a6738de38655,kmnist,ssb-v1-block,mlp,protocol-v3,0.4,8,5,3,163,0.0005925410077907145,0.0021228750119917095,632668160,0.890625
7d43a6738de38655,kmnist,ssb-v1-block,mlp,protocol-v3,0.4,8,5,3,164,0.0005924169672653079,0.0021429999615065753,632668160,0.921875
7d43a6738de38655,kmnist,ssb-v1-block,mlp,protocol-v3,0.4,8,5,3,165,0.0006088750087656081,0.002276458020787686,632668160,0.859375
7d43a6738de38655,kmnist,ssb-v1-block,mlp,protocol-v3,0.4,8,5,3,166,0.0006194169982336462,0.0021042500156909227,632668160,0.875
7d43a6738de38655,kmnist,ssb-v1-block,mlp,protocol-v3,0.4,8,5,3,167,0.000570459000300616,0.0020148750045336783,632668160,0.8984375
7d43a6738de38655,kmnist,ssb-v1-block,mlp,protocol-v3,0.4,8,5,3,168,0.0006029580254107714,0.0020709579694084823,632668160,0.8984375
7d43a6738de38655,kmnist,ssb-v1-block,mlp,protocol-v3,0.4,8,5,3,169,0.0005912909982725978,0.002053332980722189,632668160,0.859375
7d43a6738de38655,kmnist,ssb-v1-block,mlp,protocol-v3,0.4,8,5,3,170,0.0005932089989073575,0.002129791013430804,632668160,0.8984375
7d43a6738de38655,kmnist,ssb-v1-block,mlp,protocol-v3,0.4,8,5,3,171,0.0005950410268269479,0.0020003750105388463,632668160,0.890625
7d43a6738de38655,kmnist,ssb-v1-block,mlp,protocol-v3,0.4,8,5,3,172,0.0006073330296203494,0.002069332986138761,632668160,0.8828125
7d43a6738de38655,kmnist,ssb-v1-block,mlp,protocol-v3,0.4,8,5,3,173,0.0005972079816274345,0.0021125420462340117,632668160,0.9140625
7d43a6738de38655,kmnist,ssb-v1-block,mlp,protocol-v3,0.4,8,5,3,174,0.0006005830364301801,0.00196674995822832,632668160,0.8671875
7d43a6738de38655,kmnist,ssb-v1-block,mlp,protocol-v3,0.4,8,5,3,175,0.0005900839460082352,0.002113541995640844,632668160,0.890625
7d43a6738de38655,kmnist,ssb-v1-block,mlp,protocol-v3,0.4,8,5,3,176,0.000599374994635582,0.00205520901363343,632668160,0.90625
7d43a6738de38655,kmnist,ssb-v1-block,mlp,protocol-v3,0.4,8,5,3,177,0.0006008340278640389,0.0021892909426242113,632668160,0.875
7d43a6738de38655,kmnist,ssb-v1-block,mlp,protocol-v3,0.4,8,5,3,178,0.0005987500189803541,0.0020999580156058073,632668160,0.9140625
7d43a6738de38655,kmnist,ssb-v1-block,mlp,protocol-v3,0.4,8,5,3,179,0.0006074169650673866,0.0020482500549405813,632668160,0.8984375
7d43a6738de38655,kmnist,ssb-v1-block,mlp,protocol-v3,0.4,8,5,3,180,0.0006289579905569553,0.0021754580084234476,632668160,0.890625
7d43a6738de38655,kmnist,ssb-v1-block,mlp,protocol-v3,0.4,8,5,3,181,0.0005902909906581044,0.002042958978563547,632668160,0.890625
7d43a6738de38655,kmnist,ssb-v1-block,mlp,protocol-v3,0.4,8,5,3,182,0.0005797090125270188,0.002045125002041459,632668160,0.90625
7d43a6738de38655,kmnist,ssb-v1-block,mlp,protocol-v3,0.4,8,5,3,183,0.0005988329648971558,0.0021084999898448586,632668160,0.890625
7d43a6738de38655,kmnist,ssb-v1-block,mlp,protocol-v3,0.4,8,5,3,184,0.0006060830201022327,0.0021095420233905315,632684544,0.8984375
7d43a6738de38655,kmnist,ssb-v1-block,mlp,protocol-v3,0.4,8,5,3,185,0.0005844580009579659,0.002183708013035357,632684544,0.875
7d43a6738de38655,kmnist,ssb-v1-block,mlp,protocol-v3,0.4,8,5,3,186,0.0005910000181756914,0.0020030830055475235,632684544,0.9296875
7d43a6738de38655,kmnist,ssb-v1-block,mlp,protocol-v3,0.4,8,5,3,187,0.0006112920236773789,0.0022145420080050826,632684544,0.890625
7d43a6738de38655,kmnist,ssb-v1-block,mlp,protocol-v3,0.4,8,5,3,188,0.0006095000426284969,0.002089166024234146,632684544,0.921875
7d43a6738de38655,kmnist,ssb-v1-block,mlp,protocol-v3,0.4,8,5,3,189,0.0006044170004315674,0.0020548750180751085,632684544,0.8828125
7d43a6738de38655,kmnist,ssb-v1-block,mlp,protocol-v3,0.4,8,5,3,190,0.000589250004850328,0.0020235839765518904,632684544,0.8984375
7d43a6738de38655,kmnist,ssb-v1-block,mlp,protocol-v3,0.4,8,5,3,191,0.0005833749892190099,0.001991958008147776,632684544,0.8984375
7d43a6738de38655,kmnist,ssb-v1-block,mlp,protocol-v3,0.4,8,5,3,192,0.0005836249911226332,0.001981459034141153,632684544,0.8671875
7d43a6738de38655,kmnist,ssb-v1-block,mlp,protocol-v3,0.4,8,5,3,193,0.0005919169634580612,0.002009958028793335,632684544,0.8828125
7d43a6738de38655,kmnist,ssb-v1-block,mlp,protocol-v3,0.4,8,5,3,194,0.0005899999523535371,0.002274208003655076,632684544,0.90625
7d43a6738de38655,kmnist,ssb-v1-block,mlp,protocol-v3,0.4,8,5,3,195,0.0005819579819217324,0.0021074999822303653,632684544,0.8984375
7d43a6738de38655,kmnist,ssb-v1-block,mlp,protocol-v3,0.4,8,5,3,196,0.0005900419782847166,0.001967292046174407,632684544,0.9609375
7d43a6738de38655,kmnist,ssb-v1-block,mlp,protocol-v3,0.4,8,5,3,197,0.0006104999920353293,0.002074791002087295,632684544,0.8828125
7d43a6738de38655,kmnist,ssb-v1-block,mlp,protocol-v3,0.4,8,5,3,198,0.0005915419897064567,0.002062415995169431,632684544,0.921875
7d43a6738de38655,kmnist,ssb-v1-block,mlp,protocol-v3,0.4,8,5,3,199,0.0005864580161869526,0.0019937080214731395,632684544,0.859375
7d43a6738de38655,kmnist,ssb-v1-block,mlp,protocol-v3,0.4,8,5,3,200,0.000579165993258357,0.0020731670083478093,632684544,0.9140625
7d43a6738de38655,kmnist,ssb-v1-block,mlp,protocol-v3,0.4,8,5,3,201,0.0006685840198770165,0.002036458987277001,632684544,0.8984375
7d43a6738de38655,kmnist,ssb-v1-block,mlp,protocol-v3,0.4,8,5,3,202,0.000596500001847744,0.0020955410436727107,632684544,0.90625
7d43a6738de38655,kmnist,ssb-v1-block,mlp,protocol-v3,0.4,8,5,3,203,0.0005993340164422989,0.00220529199577868,632684544,0.859375
7d43a6738de38655,kmnist,ssb-v1-block,mlp,protocol-v3,0.4,8,5,3,204,0.0005992079968564212,0.0020560419652611017,632684544,0.84375
7d43a6738de38655,kmnist,ssb-v1-block,mlp,protocol-v3,0.4,8,5,3,205,0.0005967090255580842,0.0021669159759767354,632684544,0.90625
7d43a6738de38655,kmnist,ssb-v1-block,mlp,protocol-v3,0.4,8,5,3,206,0.0005793750169686973,0.0021249160054139793,632684544,0.890625
7d43a6738de38655,kmnist,ssb-v1-block,mlp,protocol-v3,0.4,8,5,3,207,0.0005870830500498414,0.002158124989364296,632684544,0.890625
7d43a6738de38655,kmnist,ssb-v1-block,mlp,protocol-v3,0.4,8,5,3,208,0.0005859580123797059,0.0020592910004779696,632684544,0.9140625
7d43a6738de38655,kmnist,ssb-v1-block,mlp,protocol-v3,0.4,8,5,3,209,0.0005927080055698752,0.0020071250037290156,632684544,0.890625
7d43a6738de38655,kmnist,ssb-v1-block,mlp,protocol-v3,0.4,8,5,3,210,0.0008609590004198253,0.002020082960370928,632684544,0.8671875
7d43a6738de38655,kmnist,ssb-v1-block,mlp,protocol-v3,0.4,8,5,3,211,0.0006155000301077962,0.002021457999944687,632684544,0.8828125
7d43a6738de38655,kmnist,ssb-v1-block,mlp,protocol-v3,0.4,8,5,3,212,0.0006018750136718154,0.0023081250255927444,632684544,0.828125
7d43a6738de38655,kmnist,ssb-v1-block,mlp,protocol-v3,0.4,8,5,3,213,0.0005936670349910855,0.002190332976169884,632684544,0.8984375
7d43a6738de38655,kmnist,ssb-v1-block,mlp,protocol-v3,0.4,8,5,3,214,0.0005906249862164259,0.0020145419985055923,632684544,0.859375
7d43a6738de38655,kmnist,ssb-v1-block,mlp,protocol-v3,0.4,8,5,3,215,0.0005890420288778841,0.0021568340016528964,632684544,0.859375
7d43a6738de38655,kmnist,ssb-v1-block,mlp,protocol-v3,0.4,8,5,3,216,0.000583458982873708,0.0021530830417759717,632684544,0.875
7d43a6738de38655,kmnist,ssb-v1-block,mlp,protocol-v3,0.4,8,5,3,217,0.0005955829983577132,0.0021102079772390425,632684544,0.8515625
7d43a6738de38655,kmnist,ssb-v1-block,mlp,protocol-v3,0.4,8,5,3,218,0.0006036669947206974,0.0018823750433512032,632684544,0.8515625
7d43a6738de38655,kmnist,ssb-v1-block,mlp,protocol-v3,0.4,8,5,3,219,0.0005914579960517585,0.0023238330031745136,632684544,0.8671875
7d43a6738de38655,kmnist,ssb-v1-block,mlp,protocol-v3,0.4,8,5,3,220,0.0005981669528409839,0.002142915967851877,632684544,0.90625
7d43a6738de38655,kmnist,ssb-v1-block,mlp,protocol-v3,0.4,8,5,3,221,0.0006009580101817846,0.0021947919740341604,632684544,0.8828125
7d43a6738de38655,kmnist,ssb-v1-block,mlp,protocol-v3,0.4,8,5,3,222,0.0006025839829817414,0.002050874987617135,632684544,0.9140625
7d43a6738de38655,kmnist,ssb-v1-block,mlp,protocol-v3,0.4,8,5,3,223,0.000579125015065074,0.00200824998319149,632684544,0.890625
7d43a6738de38655,kmnist,ssb-v1-block,mlp,protocol-v3,0.4,8,5,3,224,0.0005967910401523113,0.0019995420007035136,632684544,0.8984375
7d43a6738de38655,kmnist,ssb-v1-block,mlp,protocol-v3,0.4,8,5,3,225,0.0005786250112578273,0.002084582985844463,632684544,0.90625
7d43a6738de38655,kmnist,ssb-v1-block,mlp,protocol-v3,0.4,8,5,3,226,0.0006011249497532845,0.002132583991624415,632684544,0.8828125
7d43a6738de38655,kmnist,ssb-v1-block,mlp,protocol-v3,0.4,8,5,3,227,0.0005969170015305281,0.002044833032414317,632684544,0.90625
7d43a6738de38655,kmnist,ssb-v1-block,mlp,protocol-v3,0.4,8,5,3,228,0.0005884590209461749,0.0022239579702727497,632684544,0.890625
7d43a6738de38655,kmnist,ssb-v1-block,mlp,protocol-v3,0.4,8,5,3,229,0.0005987920449115336,0.002048333000857383,632684544,0.9375
7d43a6738de38655,kmnist,ssb-v1-block,mlp,protocol-v3,0.4,8,5,3,230,0.00060224998742342,0.0020376250031404197,632700928,0.90625
7d43a6738de38655,kmnist,ssb-v1-block,mlp,protocol-v3,0.4,8,5,3,231,0.0005855000345036387,0.0021730829612351954,632700928,0.8984375
7d43a6738de38655,kmnist,ssb-v1-block,mlp,protocol-v3,0.4,8,5,3,232,0.0005807499983347952,0.0020840420038439333,632700928,0.8984375
7d43a6738de38655,kmnist,ssb-v1-block,mlp,protocol-v3,0.4,8,5,3,233,0.0006077089929021895,0.002155291032977402,632700928,0.8515625
7d43a6738de38655,kmnist,ssb-v1-block,mlp,protocol-v3,0.4,8,5,3,234,0.0005844999686814845,0.0020714999991469085,632700928,0.859375
7d43a6738de38655,kmnist,ssb-v1-block,mlp,protocol-v3,0.4,8,5,3,235,0.0008465839782729745,0.0020178750273771584,632700928,0.8984375
7d43a6738de38655,kmnist,ssb-v1-block,mlp,protocol-v3,0.4,8,5,3,236,0.0005948329926468432,0.002277540974318981,632700928,0.8671875
7d43a6738de38655,kmnist,ssb-v1-block,mlp,protocol-v3,0.4,8,5,3,237,0.0005929580074734986,0.0021641249768435955,632700928,0.828125
7d43a6738de38655,kmnist,ssb-v1-block,mlp,protocol-v3,0.4,8,5,3,238,0.0005959169939160347,0.00206920801429078,632700928,0.84375
7d43a6738de38655,kmnist,ssb-v1-block,mlp,protocol-v3,0.4,8,5,3,239,0.0006069579976610839,0.0020750410039909184,632700928,0.875
7d43a6738de38655,kmnist,ssb-v1-block,mlp,protocol-v3,0.4,8,5,3,240,0.0005982499569654465,0.0021193749853409827,632700928,0.8125
7d43a6738de38655,kmnist,ssb-v1-block,mlp,protocol-v3,0.4,8,5,3,241,0.0005842919927090406,0.0020021250238642097,632700928,0.84375
7d43a6738de38655,kmnist,ssb-v1-block,mlp,protocol-v3,0.4,8,5,3,242,0.0005950829945504665,0.0020839159842580557,632700928,0.8359375
7d43a6738de38655,kmnist,ssb-v1-block,mlp,protocol-v3,0.4,8,5,3,243,0.0005743329529650509,0.0020178749691694975,632700928,0.8515625
7d43a6738de38655,kmnist,ssb-v1-block,mlp,protocol-v3,0.4,8,5,3,244,0.0005813339957967401,0.0022674169740639627,632700928,0.84375
7d43a6738de38655,kmnist,ssb-v1-block,mlp,protocol-v3,0.4,8,5,3,245,0.0005889160092920065,0.0021281660301610827,632700928,0.9140625
7d43a6738de38655,kmnist,ssb-v1-block,mlp,protocol-v3,0.4,8,5,3,246,0.0005977909895591438,0.0023445000406354666,632700928,0.8984375
7d43a6738de38655,kmnist,ssb-v1-block,mlp,protocol-v3,0.4,8,5,3,247,0.0005907079903408885,0.0020453340257517993,632700928,0.921875
7d43a6738de38655,kmnist,ssb-v1-block,mlp,protocol-v3,0.4,8,5,3,248,0.000564292015042156,0.0020069589954800904,632700928,0.921875
7d43a6738de38655,kmnist,ssb-v1-block,mlp,protocol-v3,0.4,8,5,3,249,0.0005545829772017896,0.002133958972990513,632700928,0.859375
7d43a6738de38655,kmnist,ssb-v1-block,mlp,protocol-v3,0.4,8,5,3,250,0.0005849999724887311,0.001985916052944958,632700928,0.8671875
7d43a6738de38655,kmnist,ssb-v1-block,mlp,protocol-v3,0.4,8,5,3,251,0.0005876249633729458,0.0019749579951167107,632700928,0.8671875
7d43a6738de38655,kmnist,ssb-v1-block,mlp,protocol-v3,0.4,8,5,3,252,0.0005841670208610594,0.001972917001694441,632700928,0.9375
7d43a6738de38655,kmnist,ssb-v1-block,mlp,protocol-v3,0.4,8,5,3,253,0.0005987919867038727,0.002316625032108277,632700928,0.8515625
7d43a6738de38655,kmnist,ssb-v1-block,mlp,protocol-v3,0.4,8,5,3,254,0.000599374994635582,0.0020697080180980265,632700928,0.8359375
7d43a6738de38655,kmnist,ssb-v1-block,mlp,protocol-v3,0.4,8,5,3,255,0.0005912079941481352,0.0020350419799797237,632700928,0.828125
7d43a6738de38655,kmnist,ssb-v1-block,mlp,protocol-v3,0.4,8,5,3,256,0.0005946670426055789,0.0020779590122401714,632700928,0.84375
7d43a6738de38655,kmnist,ssb-v1-block,mlp,protocol-v3,0.4,8,5,3,257,0.0005918329698033631,0.002298999985214323,632700928,0.859375
7d43a6738de38655,kmnist,ssb-v1-block,mlp,protocol-v3,0.4,8,5,3,258,0.0005907499580644071,0.0020765410154126585,632700928,0.84375
7d43a6738de38655,kmnist,ssb-v1-block,mlp,protocol-v3,0.4,8,5,3,259,0.0005974579835310578,0.002204707998316735,632700928,0.8125
7d43a6738de38655,kmnist,ssb-v1-block,mlp,protocol-v3,0.4,8,5,3,260,0.0005992089863866568,0.002092791022732854,632700928,0.859375
7d43a6738de38655,kmnist,ssb-v1-block,mlp,protocol-v3,0.4,8,5,3,261,0.0005931250052526593,0.0020256669959053397,632700928,0.90625
7d43a6738de38655,kmnist,ssb-v1-block,mlp,protocol-v3,0.4,8,5,3,262,0.0005854580085724592,0.00426029198570177,632700928,0.828125
7d43a6738de38655,kmnist,ssb-v1-block,mlp,protocol-v3,0.4,8,5,3,263,0.0005932499771006405,0.002183249976951629,632700928,0.90625
7d43a6738de38655,kmnist,ssb-v1-block,mlp,protocol-v3,0.4,8,5,3,264,0.0005983749870210886,0.0023712089750915766,632700928,0.8515625
7d43a6738de38655,kmnist,ssb-v1-block,mlp,protocol-v3,0.4,8,5,3,265,0.0005850000306963921,0.0021705839899368584,632700928,0.9453125
7d43a6738de38655,kmnist,ssb-v1-block,mlp,protocol-v3,0.4,8,5,3,266,0.0005906249862164259,0.00212283298606053,632700928,0.875
7d43a6738de38655,kmnist,ssb-v1-block,mlp,protocol-v3,0.4,8,5,3,267,0.0005868750158697367,0.0019862920162267983,632717312,0.859375
7d43a6738de38655,kmnist,ssb-v1-block,mlp,protocol-v3,0.4,8,5,3,268,0.000571874959859997,0.0020920829847455025,632717312,0.8671875
7d43a6738de38655,kmnist,ssb-v1-block,mlp,protocol-v3,0.4,8,5,3,269,0.0005950839840807021,0.0020300840260460973,632717312,0.8515625
7d43a6738de38655,kmnist,ssb-v1-block,mlp,protocol-v3,0.4,8,5,3,270,0.0005959160043857992,0.0020950830075889826,632717312,0.875
7d43a6738de38655,kmnist,ssb-v1-block,mlp,protocol-v3,0.4,8,5,3,271,0.0005714159924536943,0.0021545839845202863,632717312,0.8671875
7d43a6738de38655,kmnist,ssb-v1-block,mlp,protocol-v3,0.4,8,5,3,272,0.0006221670191735029,0.002111125038936734,632717312,0.875
7d43a6738de38655,kmnist,ssb-v1-block,mlp,protocol-v3,0.4,8,5,3,273,0.0005972499493509531,0.0022899589966982603,632717312,0.8671875
7d43a6738de38655,kmnist,ssb-v1-block,mlp,protocol-v3,0.4,8,5,3,274,0.0005951669882051647,0.0021431249915622175,632717312,0.8984375
7d43a6738de38655,kmnist,ssb-v1-block,mlp,protocol-v3,0.4,8,5,3,275,0.0005879160016775131,0.0020336249726824462,632733696,0.84375
7d43a6738de38655,kmnist,ssb-v1-block,mlp,protocol-v3,0.4,8,5,3,276,0.0005990000208839774,0.0021167079685255885,632733696,0.8515625
7d43a6738de38655,kmnist,ssb-v1-block,mlp,protocol-v3,0.4,8,5,3,277,0.0005734169972129166,0.002136541996151209,632733696,0.859375
7d43a6738de38655,kmnist,ssb-v1-block,mlp,protocol-v3,0.4,8,5,3,278,0.0006087080109864473,0.0020825830288231373,632733696,0.875
7d43a6738de38655,kmnist,ssb-v1-block,mlp,protocol-v3,0.4,8,5,3,279,0.0005880829994566739,0.0020807500113733113,632733696,0.875
7d43a6738de38655,kmnist,ssb-v1-block,mlp,protocol-v3,0.4,8,5,3,280,0.0005913339555263519,0.0022524159867316484,632733696,0.8515625
7d43a6738de38655,kmnist,ssb-v1-block,mlp,protocol-v3,0.4,8,5,3,281,0.0005927919992245734,0.002049375034403056,632733696,0.9375
7d43a6738de38655,kmnist,ssb-v1-block,mlp,protocol-v3,0.4,8,5,3,282,0.000603041029535234,0.002092291950248182,632733696,0.8359375
7d43a6738de38655,kmnist,ssb-v1-block,mlp,protocol-v3,0.4,8,5,3,283,0.0005952919600531459,0.002148292027413845,632733696,0.890625
7d43a6738de38655,kmnist,ssb-v1-block,mlp,protocol-v3,0.4,8,5,3,284,0.0006028750212863088,0.002107500040438026,632733696,0.875
7d43a6738de38655,kmnist,ssb-v1-block,mlp,protocol-v3,0.4,8,5,3,285,0.0005865409621037543,0.0021505410550162196,632733696,0.9296875
7d43a6738de38655,kmnist,ssb-v1-block,mlp,protocol-v3,0.4,8,5,3,286,0.0005865829880349338,0.0020296659786254168,632733696,0.890625
7d43a6738de38655,kmnist,ssb-v1-block,mlp,protocol-v3,0.4,8,5,3,287,0.0005941250128671527,0.00201104098232463,632733696,0.8125
7d43a6738de38655,kmnist,ssb-v1-block,mlp,protocol-v3,0.4,8,5,3,288,0.0005863330443389714,0.0021106250351294875,632733696,0.875
7d43a6738de38655,kmnist,ssb-v1-block,mlp,protocol-v3,0.4,8,5,3,289,0.0005914169596508145,0.002314999990630895,632733696,0.8203125
7d43a6738de38655,kmnist,ssb-v1-block,mlp,protocol-v3,0.4,8,5,3,290,0.0006006250041536987,0.0020030420273542404,632733696,0.8828125
7d43a6738de38655,kmnist,ssb-v1-block,mlp,protocol-v3,0.4,8,5,3,291,0.0005913749919272959,0.002061292005237192,632733696,0.9296875
7d43a6738de38655,kmnist,ssb-v1-block,mlp,protocol-v3,0.4,8,5,3,292,0.0005984170129522681,0.0020530420006252825,632733696,0.875
7d43a6738de38655,kmnist,ssb-v1-block,mlp,protocol-v3,0.4,8,5,3,293,0.0005988340126350522,0.0019806670024991035,632733696,0.90625
7d43a6738de38655,kmnist,ssb-v1-block,mlp,protocol-v3,0.4,8,5,3,294,0.0005834579933434725,0.002096791984513402,632733696,0.9140625
7d43a6738de38655,kmnist,ssb-v1-block,mlp,protocol-v3,0.4,8,5,3,295,0.000606292043812573,0.002077291952446103,632733696,0.8671875
7d43a6738de38655,kmnist,ssb-v1-block,mlp,protocol-v3,0.4,8,5,3,296,0.0005923749995417893,0.0021777499932795763,632733696,0.8828125
7d43a6738de38655,kmnist,ssb-v1-block,mlp,protocol-v3,0.4,8,5,3,297,0.0006172909634187818,0.0021497500129044056,632733696,0.859375
7d43a6738de38655,kmnist,ssb-v1-block,mlp,protocol-v3,0.4,8,5,3,298,0.000604083004873246,0.002098958007991314,632733696,0.8671875
7d43a6738de38655,kmnist,ssb-v1-block,mlp,protocol-v3,0.4,8,5,3,299,0.0005991249927319586,0.0075841249781660736,633552896,0.9140625
7d43a6738de38655,kmnist,ssb-v1-block,mlp,protocol-v3,0.4,8,5,3,300,0.0005803329986520112,0.0020462910179048777,633765888,0.9140625
7d43a6738de38655,kmnist,ssb-v1-block,mlp,protocol-v3,0.4,8,5,3,301,0.0006067920476198196,0.0020912920008413494,633815040,0.953125
7d43a6738de38655,kmnist,ssb-v1-block,mlp,protocol-v3,0.4,8,5,3,302,0.0005992500227876008,0.0022499579936265945,633815040,0.875
7d43a6738de38655,kmnist,ssb-v1-block,mlp,protocol-v3,0.4,8,5,3,303,0.0005959169939160347,0.0020996250095777214,633815040,0.859375
7d43a6738de38655,kmnist,ssb-v1-block,mlp,protocol-v3,0.4,8,5,3,304,0.0005906660226173699,0.0020166250178590417,633815040,0.9140625
7d43a6738de38655,kmnist,ssb-v1-block,mlp,protocol-v3,0.4,8,5,3,305,0.0006166250095702708,0.0020947090233676136,633995264,0.875
7d43a6738de38655,kmnist,ssb-v1-block,mlp,protocol-v3,0.4,8,5,3,306,0.0006275419727899134,0.002069333044346422,633995264,0.8515625
7d43a6738de38655,kmnist,ssb-v1-block,mlp,protocol-v3,0.4,8,5,3,307,0.0006007920019328594,0.0020975410006940365,633995264,0.859375
7d43a6738de38655,kmnist,ssb-v1-block,mlp,protocol-v3,0.4,8,5,3,308,0.0005821249797008932,0.0019717499963007867,633995264,0.8515625
7d43a6738de38655,kmnist,ssb-v1-block,mlp,protocol-v3,0.4,8,5,3,309,0.0005982500151731074,0.0021560000022873282,633995264,0.890625
7d43a6738de38655,kmnist,ssb-v1-block,mlp,protocol-v3,0.4,8,5,3,310,0.0005973330116830766,0.0021254579769447446,633995264,0.8203125
7d43a6738de38655,kmnist,ssb-v1-block,mlp,protocol-v3,0.4,8,5,3,311,0.0006075419951230288,0.002233041974250227,633995264,0.8671875
7d43a6738de38655,kmnist,ssb-v1-block,mlp,protocol-v3,0.4,8,5,3,312,0.0005976249813102186,0.001982291985768825,633995264,0.921875
7d43a6738de38655,kmnist,ssb-v1-block,mlp,protocol-v3,0.4,8,5,3,313,0.0005991249927319586,0.0021931660012342036,633995264,0.90625
7d43a6738de38655,kmnist,ssb-v1-block,mlp,protocol-v3,0.4,8,5,3,314,0.0006094170385040343,0.0021647500107064843,633995264,0.84375
7d43a6738de38655,kmnist,ssb-v1-block,mlp,protocol-v3,0.4,8,5,3,315,0.0005862499820068479,0.0019661670085042715,633995264,0.8984375
7d43a6738de38655,kmnist,ssb-v1-block,mlp,protocol-v3,0.4,8,5,3,316,0.0005754170124419034,0.002174624998588115,633995264,0.8203125
7d43a6738de38655,kmnist,ssb-v1-block,mlp,protocol-v3,0.4,8,5,3,317,0.0005976670072413981,0.002210250007919967,633995264,0.8671875
7d43a6738de38655,kmnist,ssb-v1-block,mlp,protocol-v3,0.4,8,5,3,318,0.0006154170259833336,0.002164500008802861,633995264,0.8515625
7d43a6738de38655,kmnist,ssb-v1-block,mlp,protocol-v3,0.4,8,5,3,319,0.0005951659986749291,0.0021560839959420264,633995264,0.921875
7d43a6738de38655,kmnist,ssb-v1-block,mlp,protocol-v3,0.4,8,5,3,320,0.0006024580216035247,0.0022565419785678387,633995264,0.875
7d43a6738de38655,kmnist,ssb-v1-block,mlp,protocol-v3,0.4,8,5,3,321,0.0006078329752199352,0.0021407909807749093,633995264,0.8828125
7d43a6738de38655,kmnist,ssb-v1-block,mlp,protocol-v3,0.4,8,5,3,322,0.0005931250052526593,0.0021688329870812595,633995264,0.8671875
7d43a6738de38655,kmnist,ssb-v1-block,mlp,protocol-v3,0.4,8,5,3,323,0.0005983750452287495,0.00701100000878796,634519552,0.8359375
7d43a6738de38655,kmnist,ssb-v1-block,mlp,protocol-v3,0.4,8,5,3,324,0.0005717499880120158,0.001971582998521626,634716160,0.8359375
7d43a6738de38655,kmnist,ssb-v1-block,mlp,protocol-v3,0.4,8,5,3,325,0.0005925000295974314,0.0021639579790644348,634716160,0.9453125
7d43a6738de38655,kmnist,ssb-v1-block,mlp,protocol-v3,0.4,8,5,3,326,0.0005973750376142561,0.0023690839880146086,634716160,0.90625
7d43a6738de38655,kmnist,ssb-v1-block,mlp,protocol-v3,0.4,8,5,3,327,0.000632000039331615,0.0022188330185599625,635011072,0.8984375
7d43a6738de38655,kmnist,ssb-v1-block,mlp,protocol-v3,0.4,8,5,3,328,0.0005930829793214798,0.002038042002823204,635011072,0.9140625
7d43a6738de38655,kmnist,ssb-v1-block,mlp,protocol-v3,0.4,8,5,3,329,0.0005983749870210886,0.002160875010304153,635011072,0.90625
7d43a6738de38655,kmnist,ssb-v1-block,mlp,protocol-v3,0.4,8,5,3,330,0.0006155830342322588,0.0020429580472409725,635011072,0.8359375
7d43a6738de38655,kmnist,ssb-v1-block,mlp,protocol-v3,0.4,8,5,3,331,0.0006153750000521541,0.0021062499727122486,635011072,0.8515625
7d43a6738de38655,kmnist,ssb-v1-block,mlp,protocol-v3,0.4,8,5,3,332,0.000612416013609618,0.0023272919934242964,635011072,0.890625
7d43a6738de38655,kmnist,ssb-v1-block,mlp,protocol-v3,0.4,8,5,3,333,0.0005859590019099414,0.002031375013757497,635011072,0.8828125
7d43a6738de38655,kmnist,ssb-v1-block,mlp,protocol-v3,0.4,8,5,3,334,0.0005953750223852694,0.00204904202837497,635011072,0.90625
7d43a6738de38655,kmnist,ssb-v1-block,mlp,protocol-v3,0.4,8,5,3,335,0.0006100419559516013,0.0022334999521262944,635011072,0.859375
7d43a6738de38655,kmnist,ssb-v1-block,mlp,protocol-v3,0.4,8,5,3,336,0.0006237499765120447,0.002126416948158294,635011072,0.8984375
7d43a6738de38655,kmnist,ssb-v1-block,mlp,protocol-v3,0.4,8,5,3,337,0.0006130840047262609,0.00214545801281929,635011072,0.8671875
7d43a6738de38655,kmnist,ssb-v1-block,mlp,protocol-v3,0.4,8,5,3,338,0.000605874985922128,0.002150166023056954,635011072,0.890625
7d43a6738de38655,kmnist,ssb-v1-block,mlp,protocol-v3,0.4,8,5,3,339,0.0005910840118303895,0.0020825410028919578,635011072,0.8828125
7d43a6738de38655,kmnist,ssb-v1-block,mlp,protocol-v3,0.4,8,5,3,340,0.0006133749848231673,0.002164167002774775,635011072,0.84375
7d43a6738de38655,kmnist,ssb-v1-block,mlp,protocol-v3,0.4,8,5,3,341,0.0005850419984199107,0.0020900419913232327,635011072,0.9296875
7d43a6738de38655,kmnist,ssb-v1-block,mlp,protocol-v3,0.4,8,5,3,342,0.0006007080082781613,0.002153332985471934,635011072,0.875
7d43a6738de38655,kmnist,ssb-v1-block,mlp,protocol-v3,0.4,8,5,3,343,0.0005962079740129411,0.0020820830250158906,635011072,0.921875
7d43a6738de38655,kmnist,ssb-v1-block,mlp,protocol-v3,0.4,8,5,3,344,0.0005969590274617076,0.0020993329817429185,635011072,0.9296875
7d43a6738de38655,kmnist,ssb-v1-block,mlp,protocol-v3,0.4,8,5,3,345,0.0006140419864095747,0.0020825829706154764,635011072,0.875
7d43a6738de38655,kmnist,ssb-v1-block,mlp,protocol-v3,0.4,8,5,3,346,0.0005980419809930027,0.002331124967895448,635011072,0.859375
7d43a6738de38655,kmnist,ssb-v1-block,mlp,protocol-v3,0.4,8,5,3,347,0.0005992089863866568,0.001998416963033378,635011072,0.9375
7d43a6738de38655,kmnist,ssb-v1-block,mlp,protocol-v3,0.4,8,5,3,348,0.0006044170004315674,0.002098957949783653,635011072,0.859375
7d43a6738de38655,kmnist,ssb-v1-block,mlp,protocol-v3,0.4,8,5,3,349,0.0006006669718772173,0.002141667006071657,635011072,0.8671875
7d43a6738de38655,kmnist,ssb-v1-block,mlp,protocol-v3,0.4,8,5,3,350,0.0006030409713275731,0.0022761669824831188,635011072,0.8828125
7d43a6738de38655,kmnist,ssb-v1-block,mlp,protocol-v3,0.4,8,5,3,351,0.000596208032220602,0.0021074580145068467,635011072,0.8515625
7d43a6738de38655,kmnist,ssb-v1-block,mlp,protocol-v3,0.4,8,5,3,352,0.000608458009082824,0.002030332980211824,635011072,0.8515625
7d43a6738de38655,kmnist,ssb-v1-block,mlp,protocol-v3,0.4,8,5,3,353,0.0007592500187456608,0.0022041670163162053,635011072,0.90625
7d43a6738de38655,kmnist,ssb-v1-block,mlp,protocol-v3,0.4,8,5,3,354,0.0005932920030318201,0.0021102920291014016,635011072,0.875
7d43a6738de38655,kmnist,ssb-v1-block,mlp,protocol-v3,0.4,8,5,3,355,0.000595416990108788,0.002035207988228649,635011072,0.8984375
7d43a6738de38655,kmnist,ssb-v1-block,mlp,protocol-v3,0.4,8,5,3,356,0.0005987499607726932,0.002219083020463586,635011072,0.9453125
7d43a6738de38655,kmnist,ssb-v1-block,mlp,protocol-v3,0.4,8,5,3,357,0.000597250007558614,0.002029958995990455,635011072,0.8984375
7d43a6738de38655,kmnist,ssb-v1-block,mlp,protocol-v3,0.4,8,5,3,358,0.0005997500265948474,0.0021658330224454403,635011072,0.9140625
7d43a6738de38655,kmnist,ssb-v1-block,mlp,protocol-v3,0.4,8,5,3,359,0.0006056249840185046,0.002135291986633092,635011072,0.9296875
7d43a6738de38655,kmnist,ssb-v1-block,mlp,protocol-v3,0.4,8,5,3,360,0.0006268750294111669,0.0021586670191027224,635011072,0.8828125
7d43a6738de38655,kmnist,ssb-v1-block,mlp,protocol-v3,0.4,8,5,3,361,0.0005807080306112766,0.0022875419817864895,635011072,0.8515625
7d43a6738de38655,kmnist,ssb-v1-block,mlp,protocol-v3,0.4,8,5,3,362,0.0006013750098645687,0.001982874993700534,635011072,0.8828125
7d43a6738de38655,kmnist,ssb-v1-block,mlp,protocol-v3,0.4,8,5,3,363,0.0006070410017855465,0.002075167023576796,635011072,0.875
7d43a6738de38655,kmnist,ssb-v1-block,mlp,protocol-v3,0.4,8,5,3,364,0.0005947090103290975,0.0021022079745307565,635011072,0.9140625
7d43a6738de38655,kmnist,ssb-v1-block,mlp,protocol-v3,0.4,8,5,3,365,0.0006034590187482536,0.0020838750060647726,635011072,0.8984375
7d43a6738de38655,kmnist,ssb-v1-block,mlp,protocol-v3,0.4,8,5,3,366,0.0005988749908283353,0.0021393329952843487,635011072,0.921875
7d43a6738de38655,kmnist,ssb-v1-block,mlp,protocol-v3,0.4,8,5,3,367,0.0006017499836161733,0.0021017090184614062,635011072,0.875
7d43a6738de38655,kmnist,ssb-v1-block,mlp,protocol-v3,0.4,8,5,3,368,0.000579875020775944,0.0020778329926542938,635011072,0.8984375
7d43a6738de38655,kmnist,ssb-v1-block,mlp,protocol-v3,0.4,8,5,3,369,0.0006150000263005495,0.0021820419933646917,635011072,0.9375
7d43a6738de38655,kmnist,ssb-v1-block,mlp,protocol-v3,0.4,8,5,3,370,0.0006000000284984708,0.00211629195837304,635011072,0.953125
7d43a6738de38655,kmnist,ssb-v1-block,mlp,protocol-v3,0.4,8,5,3,371,0.0006275839987210929,0.0021560420282185078,635011072,0.8984375
7d43a6738de38655,kmnist,ssb-v1-block,mlp,protocol-v3,0.4,8,5,3,372,0.0006012910162098706,0.002176166046410799,635011072,0.953125
7d43a6738de38655,kmnist,ssb-v1-block,mlp,protocol-v3,0.4,8,5,3,373,0.000597250007558614,0.0023375420132651925,635011072,0.8515625
7d43a6738de38655,kmnist,ssb-v1-block,mlp,protocol-v3,0.4,8,5,3,374,0.0006109170499257743,0.002184749988373369,635011072,0.921875
7d43a6738de38655,kmnist,ssb-v1-block,mlp,protocol-v3,0.4,8,5,3,375,0.0006162499776110053,0.0020760420011356473,635011072,0.875
7d43a6738de38655,kmnist,ssb-v1-block,mlp,protocol-v3,0.4,8,5,3,376,0.0006024999893270433,0.002139125019311905,635011072,0.90625
7d43a6738de38655,kmnist,ssb-v1-block,mlp,protocol-v3,0.4,8,5,3,377,0.0005875829956494272,0.0021369170281104743,635011072,0.9296875
7d43a6738de38655,kmnist,ssb-v1-block,mlp,protocol-v3,0.4,8,5,3,378,0.0006076670251786709,0.0021909999777562916,635011072,0.8984375
7d43a6738de38655,kmnist,ssb-v1-block,mlp,protocol-v3,0.4,8,5,3,379,0.0006088339723646641,0.002127624989952892,635011072,0.9140625
7d43a6738de38655,kmnist,ssb-v1-block,mlp,protocol-v3,0.4,8,5,3,380,0.0007115420303307474,0.0022242499981075525,635011072,0.8984375
7d43a6738de38655,kmnist,ssb-v1-block,mlp,protocol-v3,0.4,8,5,3,381,0.0006075840210542083,0.0021784999989904463,635011072,0.9140625
7d43a6738de38655,kmnist,ssb-v1-block,mlp,protocol-v3,0.4,8,5,3,382,0.0005838340148329735,0.0021643750369548798,635011072,0.9375
7d43a6738de38655,kmnist,ssb-v1-block,mlp,protocol-v3,0.4,8,5,3,383,0.0005945409648120403,0.00213816697942093,635011072,0.8828125
7d43a6738de38655,kmnist,ssb-v1-block,mlp,protocol-v3,0.4,8,5,3,384,0.0006111660040915012,0.002132166991941631,635011072,0.8671875
7d43a6738de38655,kmnist,ssb-v1-block,mlp,protocol-v3,0.4,8,5,3,385,0.0005977909895591438,0.0021088329958729446,635011072,0.921875
7d43a6738de38655,kmnist,ssb-v1-block,mlp,protocol-v3,0.4,8,5,3,386,0.0005863330443389714,0.002072540984954685,635011072,0.90625
7d43a6738de38655,kmnist,ssb-v1-block,mlp,protocol-v3,0.4,8,5,3,387,0.000604083004873246,0.0021293750032782555,635011072,0.921875
7d43a6738de38655,kmnist,ssb-v1-block,mlp,protocol-v3,0.4,8,5,3,388,0.0005905409925617278,0.0021133749978616834,635011072,0.8828125
7d43a6738de38655,kmnist,ssb-v1-block,mlp,protocol-v3,0.4,8,5,3,389,0.0005971249775029719,0.0021294159814715385,635011072,0.875
7d43a6738de38655,kmnist,ssb-v1-block,mlp,protocol-v3,0.4,8,5,3,390,0.0006090420065447688,0.0021647909888997674,635011072,0.8671875
7d43a6738de38655,kmnist,ssb-v1-block,mlp,protocol-v3,0.4,8,5,3,391,0.0006117909797467291,0.0024157080333679914,635011072,0.875
7d43a6738de38655,kmnist,ssb-v1-block,mlp,protocol-v3,0.4,8,5,3,392,0.0006116660078987479,0.0020296659786254168,635011072,0.90625
7d43a6738de38655,kmnist,ssb-v1-block,mlp,protocol-v3,0.4,8,5,3,393,0.000607708003371954,0.002092875016387552,635011072,0.90625
7d43a6738de38655,kmnist,ssb-v1-block,mlp,protocol-v3,0.4,8,5,3,394,0.0005882499972358346,0.0021599589963443577,635011072,0.8671875
7d43a6738de38655,kmnist,ssb-v1-block,mlp,protocol-v3,0.4,8,5,3,395,0.0006017500418238342,0.0021603750064969063,635011072,0.875
7d43a6738de38655,kmnist,ssb-v1-block,mlp,protocol-v3,0.4,8,5,3,396,0.0006006669718772173,0.002149459032807499,635011072,0.9296875
7d43a6738de38655,kmnist,ssb-v1-block,mlp,protocol-v3,0.4,8,5,3,397,0.0006058750441297889,0.002037749974988401,635011072,0.9375
7d43a6738de38655,kmnist,ssb-v1-block,mlp,protocol-v3,0.4,8,5,3,398,0.0006017090054228902,0.002210417005699128,635011072,0.9453125
7d43a6738de38655,kmnist,ssb-v1-block,mlp,protocol-v3,0.4,8,5,3,399,0.0006021659937687218,0.0021230000420473516,635011072,0.9140625
7d43a6738de38655,kmnist,ssb-v1-block,mlp,protocol-v3,0.4,8,5,3,400,0.0005911670159548521,0.002362416998948902,635011072,0.9453125
7d43a6738de38655,kmnist,ssb-v1-block,mlp,protocol-v3,0.4,8,5,3,401,0.0005909999599680305,0.0021177500020712614,635011072,0.9140625
7d43a6738de38655,kmnist,ssb-v1-block,mlp,protocol-v3,0.4,8,5,3,402,0.0006020410219207406,0.0021577500156126916,635011072,0.90625
7d43a6738de38655,kmnist,ssb-v1-block,mlp,protocol-v3,0.4,8,5,3,403,0.0006082089967094362,0.002040624967776239,635011072,0.890625
7d43a6738de38655,kmnist,ssb-v1-block,mlp,protocol-v3,0.4,8,5,3,404,0.000589667004533112,0.0022252079797908664,635011072,0.8984375
7d43a6738de38655,kmnist,ssb-v1-block,mlp,protocol-v3,0.4,8,5,3,405,0.0005938329850323498,0.0019880419713445008,635011072,0.890625
7d43a6738de38655,kmnist,ssb-v1-block,mlp,protocol-v3,0.4,8,5,3,406,0.0006017920095473528,0.0020503340056166053,635011072,0.9296875
7d43a6738de38655,kmnist,ssb-v1-block,mlp,protocol-v3,0.4,8,5,3,407,0.0006150000263005495,0.002082584018353373,635011072,0.8984375
7d43a6738de38655,kmnist,ssb-v1-block,mlp,protocol-v3,0.4,8,5,3,408,0.0006109579699113965,0.002109792025294155,635011072,0.875
7d43a6738de38655,kmnist,ssb-v1-block,mlp,protocol-v3,0.4,8,5,3,409,0.0006153750000521541,0.0022700830013491213,635011072,0.8984375
7d43a6738de38655,kmnist,ssb-v1-block,mlp,protocol-v3,0.4,8,5,3,410,0.0005984170129522681,0.0019872919656336308,635011072,0.890625
7d43a6738de38655,kmnist,ssb-v1-block,mlp,protocol-v3,0.4,8,5,3,411,0.0005907079903408885,0.002241457987111062,635011072,0.890625
7d43a6738de38655,kmnist,ssb-v1-block,mlp,protocol-v3,0.4,8,5,3,412,0.0006043749745003879,0.0020987919997423887,635011072,0.90625
7d43a6738de38655,kmnist,ssb-v1-block,mlp,protocol-v3,0.4,8,5,3,413,0.0005968330078758299,0.0021011250209994614,635011072,0.875
7d43a6738de38655,kmnist,ssb-v1-block,mlp,protocol-v3,0.4,8,5,3,414,0.0005890419706702232,0.002020334010012448,635011072,0.8984375
7d43a6738de38655,kmnist,ssb-v1-block,mlp,protocol-v3,0.4,8,5,3,415,0.0006096249562688172,0.0020426660194061697,635011072,0.875
7d43a6738de38655,kmnist,ssb-v1-block,mlp,protocol-v3,0.4,8,5,3,416,0.0006102090119384229,0.0021537920110858977,635011072,0.90625
7d43a6738de38655,kmnist,ssb-v1-block,mlp,protocol-v3,0.4,8,5,3,417,0.0005984579911455512,0.002036791993305087,635011072,0.8671875
7d43a6738de38655,kmnist,ssb-v1-block,mlp,protocol-v3,0.4,8,5,3,418,0.00060224998742342,0.0023047089925967157,635011072,0.921875
7d43a6738de38655,kmnist,ssb-v1-block,mlp,protocol-v3,0.4,8,5,3,419,0.0006072079995647073,0.0021553750266321003,635011072,0.8984375
7d43a6738de38655,kmnist,ssb-v1-block,mlp,protocol-v3,0.4,8,5,3,420,0.0006123750354163349,0.0020414579776115716,635011072,0.890625
7d43a6738de38655,kmnist,ssb-v1-block,mlp,protocol-v3,0.4,8,5,3,421,0.0006084170308895409,0.002215999993495643,635011072,0.9140625
7d43a6738de38655,kmnist,ssb-v1-block,mlp,protocol-v3,0.4,8,5,3,422,0.0005973749794065952,0.0019398329895921052,635011072,0.890625
7d43a6738de38655,kmnist,ssb-v1-block,mlp,protocol-v3,0.4,8,5,3,423,0.0006041669985279441,0.002084125007968396,635011072,0.90625
7d43a6738de38655,kmnist,ssb-v1-block,mlp,protocol-v3,0.4,8,5,3,424,0.0005999159766361117,0.0019921669736504555,635011072,0.90625
7d43a6738de38655,kmnist,ssb-v1-block,mlp,protocol-v3,0.4,8,5,3,425,0.0005939159891568124,0.0023012919700704515,635011072,0.90625
7d43a6738de38655,kmnist,ssb-v1-block,mlp,protocol-v3,0.4,8,5,3,426,0.0005975000094622374,0.0020324159995652735,635011072,0.8828125
7d43a6738de38655,kmnist,ssb-v1-block,mlp,protocol-v3,0.4,8,5,3,427,0.0006024999893270433,0.002235415973700583,635011072,0.8984375
7d43a6738de38655,kmnist,ssb-v1-block,mlp,protocol-v3,0.4,8,5,3,428,0.0006042500026524067,0.002050250011961907,635011072,0.9140625
7d43a6738de38655,kmnist,ssb-v1-block,mlp,protocol-v3,0.4,8,5,3,429,0.0006071249954402447,0.002148041967302561,635011072,0.859375
7d43a6738de38655,kmnist,ssb-v1-block,mlp,protocol-v3,0.4,8,5,3,430,0.0005980419809930027,0.002118667005561292,635011072,0.9140625
7d43a6738de38655,kmnist,ssb-v1-block,mlp,protocol-v3,0.4,8,5,3,431,0.0005854170303791761,0.002026667003519833,635011072,0.921875
7d43a6738de38655,kmnist,ssb-v1-block,mlp,protocol-v3,0.4,8,5,3,432,0.0005930410115979612,0.002099167031701654,635011072,0.921875
7d43a6738de38655,kmnist,ssb-v1-block,mlp,protocol-v3,0.4,8,5,3,433,0.0006051670061424375,0.0019402920152060688,635011072,0.953125
7d43a6738de38655,kmnist,ssb-v1-block,mlp,protocol-v3,0.4,8,5,3,434,0.0006014999817125499,0.0021344589767977595,635011072,0.9296875
7d43a6738de38655,kmnist,ssb-v1-block,mlp,protocol-v3,0.4,8,5,3,435,0.0006032909732311964,0.0021997499861754477,635011072,0.9375
7d43a6738de38655,kmnist,ssb-v1-block,mlp,protocol-v3,0.4,8,5,3,436,0.0005857090000063181,0.0021586670191027224,635011072,0.90625
7d43a6738de38655,kmnist,ssb-v1-block,mlp,protocol-v3,0.4,8,5,3,437,0.0006024580216035247,0.0020964579889550805,635011072,0.8984375
7d43a6738de38655,kmnist,ssb-v1-block,mlp,protocol-v3,0.4,8,5,3,438,0.0006066670175641775,0.0020609579514712095,635011072,0.9140625
7d43a6738de38655,kmnist,ssb-v1-block,mlp,protocol-v3,0.4,8,5,3,439,0.000597250007558614,0.0020712920231744647,635011072,0.9140625
7d43a6738de38655,kmnist,ssb-v1-block,mlp,protocol-v3,0.4,8,5,3,440,0.0006017500418238342,0.0021247080294415355,635011072,0.84375
7d43a6738de38655,kmnist,ssb-v1-block,mlp,protocol-v3,0.4,8,5,3,441,0.00060224998742342,0.002198832982685417,635011072,0.921875
7d43a6738de38655,kmnist,ssb-v1-block,mlp,protocol-v3,0.4,8,5,3,442,0.0006087499787099659,0.002164207980968058,635011072,0.8984375
7d43a6738de38655,kmnist,ssb-v1-block,mlp,protocol-v3,0.4,8,5,3,443,0.0005939999828115106,0.0020902500255033374,635011072,0.8984375
7d43a6738de38655,kmnist,ssb-v1-block,mlp,protocol-v3,0.4,8,5,3,444,0.0006010420038364828,0.002112832968123257,635011072,0.9375
7d43a6738de38655,kmnist,ssb-v1-block,mlp,protocol-v3,0.4,8,5,3,445,0.0005971660139039159,0.0020743340137414634,635011072,0.875
7d43a6738de38655,kmnist,ssb-v1-block,mlp,protocol-v3,0.4,8,5,3,446,0.0006029159994795918,0.0021003340370953083,635011072,0.875
7d43a6738de38655,kmnist,ssb-v1-block,mlp,protocol-v3,0.4,8,5,3,447,0.0005970830097794533,0.002138499985449016,635011072,0.875
7d43a6738de38655,kmnist,ssb-v1-block,mlp,protocol-v3,0.4,8,5,3,448,0.0006044170004315674,0.0021517089917324483,635011072,0.921875
7d43a6738de38655,kmnist,ssb-v1-block,mlp,protocol-v3,0.4,8,5,3,449,0.0006015839753672481,0.002005374990403652,635011072,0.9375
7d43a6738de38655,kmnist,ssb-v1-block,mlp,protocol-v3,0.4,8,5,3,450,0.0007214579964056611,0.0021402089623734355,635011072,0.859375
7d43a6738de38655,kmnist,ssb-v1-block,mlp,protocol-v3,0.4,8,5,3,451,0.0006124579813331366,0.0020806670072488487,635011072,0.8828125
7d43a6738de38655,kmnist,ssb-v1-block,mlp,protocol-v3,0.4,8,5,3,452,0.0006011250079609454,0.002079916012007743,635011072,0.9375
7d43a6738de38655,kmnist,ssb-v1-block,mlp,protocol-v3,0.4,8,5,3,453,0.0006019159918650985,0.0019839159795083106,635011072,0.9453125
7d43a6738de38655,kmnist,ssb-v1-block,mlp,protocol-v3,0.4,8,5,3,454,0.0006044170004315674,0.0021111660171300173,635027456,0.90625
7d43a6738de38655,kmnist,ssb-v1-block,mlp,protocol-v3,0.4,8,5,3,455,0.0006027499912306666,0.002004042034968734,635027456,0.890625
7d43a6738de38655,kmnist,ssb-v1-block,mlp,protocol-v3,0.4,8,5,3,456,0.0005954999942332506,0.0020908329752273858,635027456,0.9140625
7d43a6738de38655,kmnist,ssb-v1-block,mlp,protocol-v3,0.4,8,5,3,457,0.0005952089559286833,0.002126875042449683,635027456,0.9140625
7d43a6738de38655,kmnist,ssb-v1-block,mlp,protocol-v3,0.4,8,5,3,458,0.0005795829929411411,0.002042750013060868,635027456,0.96875
7d43a6738de38655,kmnist,ssb-v1-block,mlp,protocol-v3,0.4,8,5,3,459,0.0005979160196147859,0.0020519999670796096,635027456,0.9140625
7d43a6738de38655,kmnist,ssb-v1-block,mlp,protocol-v3,0.4,8,5,3,460,0.0006046249764040112,0.0019862499902956188,635027456,0.8984375
7d43a6738de38655,kmnist,ssb-v1-block,mlp,protocol-v3,0.4,8,5,3,461,0.0006037079729139805,0.0021233749575912952,635043840,0.890625
7d43a6738de38655,kmnist,ssb-v1-block,mlp,protocol-v3,0.4,8,5,3,462,0.0006001669680699706,0.0020684999763034284,635043840,0.9140625
7d43a6738de38655,kmnist,ssb-v1-block,mlp,protocol-v3,0.4,8,5,3,463,0.0005857910146005452,0.002058834012132138,635043840,0.9140625
7d43a6738de38655,kmnist,ssb-v1-block,mlp,protocol-v3,0.4,8,5,3,464,0.0006018330459482968,0.002111125038936734,635043840,0.890625
7d43a6738de38655,kmnist,ssb-v1-block,mlp,protocol-v3,0.4,8,5,3,465,0.0005997089901939034,0.0021250840509310365,635043840,0.90625
7d43a6738de38655,kmnist,ssb-v1-block,mlp,protocol-v3,0.4,8,5,3,466,0.0007007080130279064,0.0021881249849684536,635043840,0.90625
7d43a6738de38655,kmnist,ssb-v1-block,mlp,protocol-v3,0.4,8,5,3,467,0.0006040420266799629,0.0020735840080305934,635043840,0.921875
7d43a6738de38655,kmnist,ssb-v1-block,mlp,protocol-v3,0.4,8,5,3,468,0.000623291009105742,0.02253116696374491,639320064,0.9270833333333334
