run_id,dataset,model,architecture,protocol_version,keep_ratio,block_size,child_refresh_steps,seed,epoch,batch,global_step,forward_time_s,backward_time_s,memory_bytes,batch_accuracy,child_refreshed,child_refresh_count,child_topology_before,child_topology_after
9bb35da1be21a3f8,cifar100,ssb-v5,mlp,protocol-v6,0.4,0,100,5,1,0,1,0.004686750005930662,0.03858808404766023,681918464,0.0,0,1,3ae3139e648d,3ae3139e648d
9bb35da1be21a3f8,cifar100,ssb-v5,mlp,protocol-v6,0.4,0,100,5,1,1,2,0.0012877079425379634,0.0015126250218600035,695123968,0.015625,0,1,3ae3139e648d,3ae3139e648d
9bb35da1be21a3f8,cifar100,ssb-v5,mlp,protocol-v6,0.4,0,100,5,1,2,3,0.0011825419496744871,0.001327625010162592,698286080,0.0234375,0,1,3ae3139e648d,3ae3139e648d
9bb35da1be21a3f8,cifar100,ssb-v5,mlp,protocol-v6,0.4,0,100,5,1,3,4,0.0013654590584337711,0.001388499978929758,699891712,0.015625,0,1,3ae3139e648d,3ae3139e648d
9bb35da1be21a3f8,cifar100,ssb-v5,mlp,protocol-v6,0.4,0,100,5,1,4,5,0.0011372079607099295,0.0013190830359235406,701464576,0.046875,0,1,3ae3139e648d,3ae3139e648d
9bb35da1be21a3f8,cifar100,ssb-v5,mlp,protocol-v6,0.4,0,100,5,1,5,6,0.0011035409988835454,0.001310042105615139,701464576,0.0234375,0,1,3ae3139e648d,3ae3139e648d
9bb35da1be21a3f8,cifar100,ssb-v5,mlp,protocol-v6,0.4,0,100,5,1,6,7,0.0011187089839950204,0.0012966250069439411,701513728,0.0390625,0,1,3ae3139e648d,3ae3139e648d
9bb35da1be21a3f8,cifar100,ssb-v5,mlp,protocol-v6,0.4,0,100,5,1,7,8,0.0011340000201016665,0.0013273329241201282,701513728,0.03125,0,1,3ae3139e648d,3ae3139e648d
9bb35da1be21a3f8,cifar100,ssb-v5,mlp,protocol-v6,0.4,0,100,5,1,8,9,0.0012280410155653954,0.001300083938986063,701513728,0.0390625,0,1,3ae3139e648d,3ae3139e648d
9bb35da1be21a3f8,cifar100,ssb-v5,mlp,protocol-v6,0.4,0,100,5,1,9,10,0.001207707915455103,0.0012882499722763896,701464576,0.0703125,0,1,3ae3139e648d,3ae3139e648d
9bb35da1be21a3f8,cifar100,ssb-v5,mlp,protocol-v6,0.4,0,100,5,1,10,11,0.0011994160013273358,0.0013566669076681137,701464576,0.0390625,0,1,3ae3139e648d,3ae3139e648d
9bb35da1be21a3f8,cifar100,ssb-v5,mlp,protocol-v6,0.4,0,100,5,1,11,12,0.0011924590216949582,0.0012892080703750253,701464576,0.046875,0,1,3ae3139e648d,3ae3139e648d
9bb35da1be21a3f8,cifar100,ssb-v5,mlp,protocol-v6,0.4,0,100,5,1,12,13,0.0011379170464351773,0.0012906669871881604,701464576,0.046875,0,1,3ae3139e648d,3ae3139e648d
9bb35da1be21a3f8,cifar100,ssb-v5,mlp,protocol-v6,0.4,0,100,5,1,13,14,0.0011296669254079461,0.0012772909831255674,701464576,0.046875,0,1,3ae3139e648d,3ae3139e648d
9bb35da1be21a3f8,cifar100,ssb-v5,mlp,protocol-v6,0.4,0,100,5,1,14,15,0.001105375005863607,0.0012715000193566084,701464576,0.0234375,0,1,3ae3139e648d,3ae3139e648d
9bb35da1be21a3f8,cifar100,ssb-v5,mlp,protocol-v6,0.4,0,100,5,1,15,16,0.0010959169594570994,0.0012614999432116747,701464576,0.0859375,0,1,3ae3139e648d,3ae3139e648d
9bb35da1be21a3f8,cifar100,ssb-v5,mlp,protocol-v6,0.4,0,100,5,1,16,17,0.0012019589776173234,0.0015122079057618976,701480960,0.03125,0,1,3ae3139e648d,3ae3139e648d
9bb35da1be21a3f8,cifar100,ssb-v5,mlp,protocol-v6,0.4,0,100,5,1,17,18,0.0011932910420000553,0.0012879170244559646,701480960,0.0859375,0,1,3ae3139e648d,3ae3139e648d
9bb35da1be21a3f8,cifar100,ssb-v5,mlp,protocol-v6,0.4,0,100,5,1,18,19,0.0011449579615145922,0.0013794159749522805,701480960,0.0703125,0,1,3ae3139e648d,3ae3139e648d
9bb35da1be21a3f8,cifar100,ssb-v5,mlp,protocol-v6,0.4,0,100,5,1,19,20,0.0011264999629929662,0.0012712499592453241,701480960,0.0546875,0,1,3ae3139e648d,3ae3139e648d
9bb35da1be21a3f8,cifar100,ssb-v5,mlp,protocol-v6,0.4,0,100,5,1,20,21,0.0011832499876618385,0.0012821670388802886,701480960,0.03125,0,1,3ae3139e648d,3ae3139e648d
9bb35da1be21a3f8,cifar100,ssb-v5,mlp,protocol-v6,0.4,0,100,5,1,21,22,0.0011925420258194208,0.0012799169635400176,701480960,0.078125,0,1,3ae3139e648d,3ae3139e648d
9bb35da1be21a3f8,cifar100,ssb-v5,mlp,protocol-v6,0.4,0,100,5,1,22,23,0.0010922919027507305,0.001269040978513658,701480960,0.0625,0,1,3ae3139e648d,3ae3139e648d
9bb35da1be21a3f8,cifar100,ssb-v5,mlp,protocol-v6,0.4,0,100,5,1,23,24,0.001155999954789877,0.0012627500109374523,701480960,0.046875,0,1,3ae3139e648d,3ae3139e648d
9bb35da1be21a3f8,cifar100,ssb-v5,mlp,protocol-v6,0.4,0,100,5,1,24,25,0.0011234160047024488,0.001274542068131268,701431808,0.0390625,0,1,3ae3139e648d,3ae3139e648d
9bb35da1be21a3f8,cifar100,ssb-v5,mlp,protocol-v6,0.4,0,100,5,1,25,26,0.001197375007905066,0.0012715000193566084,701431808,0.046875,0,1,3ae3139e648d,3ae3139e648d
9bb35da1be21a3f8,cifar100,ssb-v5,mlp,protocol-v6,0.4,0,100,5,1,26,27,0.0011843329994007945,0.0012790830805897713,701431808,0.0859375,0,1,3ae3139e648d,3ae3139e648d
9bb35da1be21a3f8,cifar100,ssb-v5,mlp,protocol-v6,0.4,0,100,5,1,27,28,0.0011714580468833447,0.0013894590083509684,701431808,0.078125,0,1,3ae3139e648d,3ae3139e648d
9bb35da1be21a3f8,cifar100,ssb-v5,mlp,protocol-v6,0.4,0,100,5,1,28,29,0.0011922500561922789,0.001264957943931222,701431808,0.0390625,0,1,3ae3139e648d,3ae3139e648d
9bb35da1be21a3f8,cifar100,ssb-v5,mlp,protocol-v6,0.4,0,100,5,1,29,30,0.0011991250794380903,0.001261125085875392,701431808,0.046875,0,1,3ae3139e648d,3ae3139e648d
9bb35da1be21a3f8,cifar100,ssb-v5,mlp,protocol-v6,0.4,0,100,5,1,30,31,0.0011334159644320607,0.0012672910233959556,701431808,0.0703125,0,1,3ae3139e648d,3ae3139e648d
9bb35da1be21a3f8,cifar100,ssb-v5,mlp,protocol-v6,0.4,0,100,5,1,31,32,0.0010781249729916453,0.0012651249999180436,701431808,0.0546875,0,1,3ae3139e648d,3ae3139e648d
9bb35da1be21a3f8,cifar100,ssb-v5,mlp,protocol-v6,0.4,0,100,5,1,32,33,0.0011244580382481217,0.0012633330188691616,701431808,0.109375,0,1,3ae3139e648d,3ae3139e648d
9bb35da1be21a3f8,cifar100,ssb-v5,mlp,protocol-v6,0.4,0,100,5,1,33,34,0.0011822079541161656,0.0013146669371053576,701431808,0.0859375,0,1,3ae3139e648d,3ae3139e648d
9bb35da1be21a3f8,cifar100,ssb-v5,mlp,protocol-v6,0.4,0,100,5,1,34,35,0.00112745794467628,0.0012796249939128757,703004672,0.0859375,0,1,3ae3139e648d,3ae3139e648d
9bb35da1be21a3f8,cifar100,ssb-v5,mlp,protocol-v6,0.4,0,100,5,1,35,36,0.0011035000206902623,0.001272207940928638,703004672,0.0390625,0,1,3ae3139e648d,3ae3139e648d
9bb35da1be21a3f8,cifar100,ssb-v5,mlp,protocol-v6,0.4,0,100,5,1,36,37,0.0011744159273803234,0.0012707910500466824,703004672,0.078125,0,1,3ae3139e648d,3ae3139e648d
9bb35da1be21a3f8,cifar100,ssb-v5,mlp,protocol-v6,0.4,0,100,5,1,37,38,0.0011264169588685036,0.0012627500109374523,703004672,0.0625,0,1,3ae3139e648d,3ae3139e648d
9bb35da1be21a3f8,cifar100,ssb-v5,mlp,protocol-v6,0.4,0,100,5,1,38,39,0.0011240000603720546,0.0012712080497294664,703004672,0.078125,0,1,3ae3139e648d,3ae3139e648d
9bb35da1be21a3f8,cifar100,ssb-v5,mlp,protocol-v6,0.4,0,100,5,1,39,40,0.0010973750613629818,0.0012735830387100577,703004672,0.140625,0,1,3ae3139e648d,3ae3139e648d
9bb35da1be21a3f8,cifar100,ssb-v5,mlp,protocol-v6,0.4,0,100,5,1,40,41,0.001178957987576723,0.001289708074182272,703004672,0.0859375,0,1,3ae3139e648d,3ae3139e648d
9bb35da1be21a3f8,cifar100,ssb-v5,mlp,protocol-v6,0.4,0,100,5,1,41,42,0.0011832499876618385,0.0012746659340336919,703004672,0.09375,0,1,3ae3139e648d,3ae3139e648d
9bb35da1be21a3f8,cifar100,ssb-v5,mlp,protocol-v6,0.4,0,100,5,1,42,43,0.0011817910708487034,0.0012640840141102672,703004672,0.078125,0,1,3ae3139e648d,3ae3139e648d
9bb35da1be21a3f8,cifar100,ssb-v5,mlp,protocol-v6,0.4,0,100,5,1,43,44,0.001200290978886187,0.001277750008739531,703004672,0.0859375,0,1,3ae3139e648d,3ae3139e648d
9bb35da1be21a3f8,cifar100,ssb-v5,mlp,protocol-v6,0.4,0,100,5,1,44,45,0.0011898339726030827,0.0012955839047208428,703004672,0.078125,0,1,3ae3139e648d,3ae3139e648d
9bb35da1be21a3f8,cifar100,ssb-v5,mlp,protocol-v6,0.4,0,100,5,1,45,46,0.0010877079330384731,0.0012708330759778619,703004672,0.109375,0,1,3ae3139e648d,3ae3139e648d
9bb35da1be21a3f8,cifar100,ssb-v5,mlp,protocol-v6,0.4,0,100,5,1,46,47,0.0010969170834869146,0.0012851250357925892,703004672,0.078125,0,1,3ae3139e648d,3ae3139e648d
9bb35da1be21a3f8,cifar100,ssb-v5,mlp,protocol-v6,0.4,0,100,5,1,47,48,0.0011102498974651098,0.001272207940928638,703004672,0.09375,0,1,3ae3139e648d,3ae3139e648d
9bb35da1be21a3f8,cifar100,ssb-v5,mlp,protocol-v6,0.4,0,100,5,1,48,49,0.0012022500159218907,0.0013250410556793213,703004672,0.0703125,0,1,3ae3139e648d,3ae3139e648d
9bb35da1be21a3f8,cifar100,ssb-v5,mlp,protocol-v6,0.4,0,100,5,1,49,50,0.0011761669302359223,0.0012923750327900052,703004672,0.109375,0,1,3ae3139e648d,3ae3139e648d
9bb35da1be21a3f8,cifar100,ssb-v5,mlp,protocol-v6,0.4,0,100,5,1,50,51,0.0011251659598201513,0.001280208001844585,703004672,0.1171875,0,1,3ae3139e648d,3ae3139e648d
9bb35da1be21a3f8,cifar100,ssb-v5,mlp,protocol-v6,0.4,0,100,5,1,51,52,0.0011367920087650418,0.0012848330661654472,703004672,0.1171875,0,1,3ae3139e648d,3ae3139e648d
9bb35da1be21a3f8,cifar100,ssb-v5,mlp,protocol-v6,0.4,0,100,5,1,52,53,0.001125624985434115,0.001283208024688065,703004672,0.109375,0,1,3ae3139e648d,3ae3139e648d
9bb35da1be21a3f8,cifar100,ssb-v5,mlp,protocol-v6,0.4,0,100,5,1,53,54,0.0011215419508516788,0.0012687499402090907,703004672,0.03125,0,1,3ae3139e648d,3ae3139e648d
9bb35da1be21a3f8,cifar100,ssb-v5,mlp,protocol-v6,0.4,0,100,5,1,54,55,0.0010882909409701824,0.0012747079599648714,703004672,0.1171875,0,1,3ae3139e648d,3ae3139e648d
9bb35da1be21a3f8,cifar100,ssb-v5,mlp,protocol-v6,0.4,0,100,5,1,55,56,0.0011424170807003975,0.00128670793492347,703004672,0.0625,0,1,3ae3139e648d,3ae3139e648d
9bb35da1be21a3f8,cifar100,ssb-v5,mlp,protocol-v6,0.4,0,100,5,1,56,57,0.0011042080586776137,0.0012774160131812096,703004672,0.09375,0,1,3ae3139e648d,3ae3139e648d
9bb35da1be21a3f8,cifar100,ssb-v5,mlp,protocol-v6,0.4,0,100,5,1,57,58,0.0011183330789208412,0.001285957987420261,703004672,0.0703125,0,1,3ae3139e648d,3ae3139e648d
9bb35da1be21a3f8,cifar100,ssb-v5,mlp,protocol-v6,0.4,0,100,5,1,58,59,0.0010921249631792307,0.001277000061236322,703004672,0.0625,0,1,3ae3139e648d,3ae3139e648d
9bb35da1be21a3f8,cifar100,ssb-v5,mlp,protocol-v6,0.4,0,100,5,1,59,60,0.0011828329879790545,0.001271541928872466,703004672,0.078125,0,1,3ae3139e648d,3ae3139e648d
9bb35da1be21a3f8,cifar100,ssb-v5,mlp,protocol-v6,0.4,0,100,5,1,60,61,0.0011749580735340714,0.0012805419974029064,703004672,0.0859375,0,1,3ae3139e648d,3ae3139e648d
9bb35da1be21a3f8,cifar100,ssb-v5,mlp,protocol-v6,0.4,0,100,5,1,61,62,0.00118041702080518,0.0012876669643446803,703004672,0.078125,0,1,3ae3139e648d,3ae3139e648d
9bb35da1be21a3f8,cifar100,ssb-v5,mlp,protocol-v6,0.4,0,100,5,1,62,63,0.0011853340547531843,0.0012644160306081176,703004672,0.078125,0,1,3ae3139e648d,3ae3139e648d
9bb35da1be21a3f8,cifar100,ssb-v5,mlp,protocol-v6,0.4,0,100,5,1,63,64,0.0011342919897288084,0.0012827080208808184,703004672,0.046875,0,1,3ae3139e648d,3ae3139e648d
9bb35da1be21a3f8,cifar100,ssb-v5,mlp,protocol-v6,0.4,0,100,5,1,64,65,0.0010880420450121164,0.001281667035073042,703004672,0.0859375,0,1,3ae3139e648d,3ae3139e648d
9bb35da1be21a3f8,cifar100,ssb-v5,mlp,protocol-v6,0.4,0,100,5,1,65,66,0.0011277080047875643,0.0012728340225294232,703004672,0.0703125,0,1,3ae3139e648d,3ae3139e648d
9bb35da1be21a3f8,cifar100,ssb-v5,mlp,protocol-v6,0.4,0,100,5,1,66,67,0.001181792002171278,0.001277333009056747,703004672,0.140625,0,1,3ae3139e648d,3ae3139e648d
9bb35da1be21a3f8,cifar100,ssb-v5,mlp,protocol-v6,0.4,0,100,5,1,67,68,0.0011193749960511923,0.0012727089924737811,703004672,0.0859375,0,1,3ae3139e648d,3ae3139e648d
9bb35da1be21a3f8,cifar100,ssb-v5,mlp,protocol-v6,0.4,0,100,5,1,68,69,0.0010919999331235886,0.0012703330721706152,703004672,0.109375,0,1,3ae3139e648d,3ae3139e648d
9bb35da1be21a3f8,cifar100,ssb-v5,mlp,protocol-v6,0.4,0,100,5,1,69,70,0.001180749968625605,0.0012772909831255674,703004672,0.1015625,0,1,3ae3139e648d,3ae3139e648d
9bb35da1be21a3f8,cifar100,ssb-v5,mlp,protocol-v6,0.4,0,100,5,1,70,71,0.001175166922621429,0.0012634589802473783,703004672,0.1015625,0,1,3ae3139e648d,3ae3139e648d
9bb35da1be21a3f8,cifar100,ssb-v5,mlp,protocol-v6,0.4,0,100,5,1,71,72,0.0011796669568866491,0.0012707499554380774,703004672,0.0625,0,1,3ae3139e648d,3ae3139e648d
9bb35da1be21a3f8,cifar100,ssb-v5,mlp,protocol-v6,0.4,0,100,5,1,72,73,0.0011256670113652945,0.001272166962735355,703004672,0.09375,0,1,3ae3139e648d,3ae3139e648d
9bb35da1be21a3f8,cifar100,ssb-v5,mlp,protocol-v6,0.4,0,100,5,1,73,74,0.0010923749068751931,0.001289375009946525,703004672,0.1640625,0,1,3ae3139e648d,3ae3139e648d
9bb35da1be21a3f8,cifar100,ssb-v5,mlp,protocol-v6,0.4,0,100,5,1,74,75,0.0011167919728904963,0.0012767919106408954,703004672,0.09375,0,1,3ae3139e648d,3ae3139e648d
9bb35da1be21a3f8,cifar100,ssb-v5,mlp,protocol-v6,0.4,0,100,5,1,75,76,0.001178208040073514,0.0012771249748766422,703004672,0.109375,0,1,3ae3139e648d,3ae3139e648d
9bb35da1be21a3f8,cifar100,ssb-v5,mlp,protocol-v6,0.4,0,100,5,1,76,77,0.0011218750150874257,0.0012740830425173044,703004672,0.0546875,0,1,3ae3139e648d,3ae3139e648d
9bb35da1be21a3f8,cifar100,ssb-v5,mlp,protocol-v6,0.4,0,100,5,1,77,78,0.0010827910155057907,0.001463291933760047,703004672,0.0546875,0,1,3ae3139e648d,3ae3139e648d
9bb35da1be21a3f8,cifar100,ssb-v5,mlp,protocol-v6,0.4,0,100,5,1,78,79,0.0010966670233756304,0.0012850830098614097,703004672,0.078125,0,1,3ae3139e648d,3ae3139e648d
9bb35da1be21a3f8,cifar100,ssb-v5,mlp,protocol-v6,0.4,0,100,5,1,79,80,0.0011108339531347156,0.0012732499744743109,703004672,0.1484375,0,1,3ae3139e648d,3ae3139e648d
9bb35da1be21a3f8,cifar100,ssb-v5,mlp,protocol-v6,0.4,0,100,5,1,80,81,0.00118041702080518,0.0012764160055667162,703004672,0.0859375,0,1,3ae3139e648d,3ae3139e648d
9bb35da1be21a3f8,cifar100,ssb-v5,mlp,protocol-v6,0.4,0,100,5,1,81,82,0.0011739169713109732,0.0012700840597972274,703004672,0.1328125,0,1,3ae3139e648d,3ae3139e648d
9bb35da1be21a3f8,cifar100,ssb-v5,mlp,protocol-v6,0.4,0,100,5,1,82,83,0.0011062499834224582,0.0012694579781964421,703004672,0.109375,0,1,3ae3139e648d,3ae3139e648d
9bb35da1be21a3f8,cifar100,ssb-v5,mlp,protocol-v6,0.4,0,100,5,1,83,84,0.001176374964416027,0.0012667080154642463,703004672,0.09375,0,1,3ae3139e648d,3ae3139e648d
9bb35da1be21a3f8,cifar100,ssb-v5,mlp,protocol-v6,0.4,0,100,5,1,84,85,0.0011212920071557164,0.0012734589399769902,703004672,0.09375,0,1,3ae3139e648d,3ae3139e648d
9bb35da1be21a3f8,cifar100,ssb-v5,mlp,protocol-v6,0.4,0,100,5,1,85,86,0.0011251670075580478,0.001285666017793119,703004672,0.109375,0,1,3ae3139e648d,3ae3139e648d
9bb35da1be21a3f8,cifar100,ssb-v5,mlp,protocol-v6,0.4,0,100,5,1,86,87,0.001088749966584146,0.001305249985307455,703004672,0.09375,0,1,3ae3139e648d,3ae3139e648d
9bb35da1be21a3f8,cifar100,ssb-v5,mlp,protocol-v6,0.4,0,100,5,1,87,88,0.001117332954891026,0.0012771249748766422,703004672,0.0859375,0,1,3ae3139e648d,3ae3139e648d
9bb35da1be21a3f8,cifar100,ssb-v5,mlp,protocol-v6,0.4,0,100,5,1,88,89,0.0011803340166807175,0.0012907079653814435,703004672,0.0703125,0,1,3ae3139e648d,3ae3139e648d
9bb35da1be21a3f8,cifar100,ssb-v5,mlp,protocol-v6,0.4,0,100,5,1,89,90,0.0011442090617492795,0.001282416982576251,703004672,0.1171875,0,1,3ae3139e648d,3ae3139e648d
9bb35da1be21a3f8,cifar100,ssb-v5,mlp,protocol-v6,0.4,0,100,5,1,90,91,0.0011317080352455378,0.0012811669148504734,703004672,0.125,0,1,3ae3139e648d,3ae3139e648d
9bb35da1be21a3f8,cifar100,ssb-v5,mlp,protocol-v6,0.4,0,100,5,1,91,92,0.001170916948467493,0.0012669590068981051,703004672,0.125,0,1,3ae3139e648d,3ae3139e648d
9bb35da1be21a3f8,cifar100,ssb-v5,mlp,protocol-v6,0.4,0,100,5,1,92,93,0.0011761250207200646,0.0012997080339118838,703004672,0.0625,0,1,3ae3139e648d,3ae3139e648d
9bb35da1be21a3f8,cifar100,ssb-v5,mlp,protocol-v6,0.4,0,100,5,1,93,94,0.0011326660169288516,0.0012689160648733377,703004672,0.1015625,0,1,3ae3139e648d,3ae3139e648d
9bb35da1be21a3f8,cifar100,ssb-v5,mlp,protocol-v6,0.4,0,100,5,1,94,95,0.0011249170638620853,0.001289666979573667,703004672,0.1015625,0,1,3ae3139e648d,3ae3139e648d
9bb35da1be21a3f8,cifar100,ssb-v5,mlp,protocol-v6,0.4,0,100,5,1,95,96,0.0010799580486491323,0.001267166924662888,703004672,0.0859375,0,1,3ae3139e648d,3ae3139e648d
9bb35da1be21a3f8,cifar100,ssb-v5,mlp,protocol-v6,0.4,0,100,5,1,96,97,0.0011751250131055713,0.001269040978513658,703004672,0.0703125,0,1,3ae3139e648d,3ae3139e648d
9bb35da1be21a3f8,cifar100,ssb-v5,mlp,protocol-v6,0.4,0,100,5,1,97,98,0.0011880409438163042,0.0012599999317899346,703004672,0.171875,0,1,3ae3139e648d,3ae3139e648d
9bb35da1be21a3f8,cifar100,ssb-v5,mlp,protocol-v6,0.4,0,100,5,1,98,99,0.0011707090307027102,0.0013123330427333713,703004672,0.1328125,0,1,3ae3139e648d,3ae3139e648d
9bb35da1be21a3f8,cifar100,ssb-v5,mlp,protocol-v6,0.4,0,100,5,1,99,100,0.0011182079324498773,0.001259499927982688,703004672,0.1015625,1,2,3ae3139e648d,6865b856cdde
9bb35da1be21a3f8,cifar100,ssb-v5,mlp,protocol-v6,0.4,0,100,5,1,100,101,0.001133000012487173,0.001272207940928638,703086592,0.0,0,2,6865b856cdde,6865b856cdde
9bb35da1be21a3f8,cifar100,ssb-v5,mlp,protocol-v6,0.4,0,100,5,1,101,102,0.0011669580126181245,0.00126866705249995,703086592,0.03125,0,2,6865b856cdde,6865b856cdde
9bb35da1be21a3f8,cifar100,ssb-v5,mlp,protocol-v6,0.4,0,100,5,1,102,103,0.0011149590136483312,0.001305249985307455,703086592,0.015625,0,2,6865b856cdde,6865b856cdde
9bb35da1be21a3f8,cifar100,ssb-v5,mlp,protocol-v6,0.4,0,100,5,1,103,104,0.0011634590337052941,0.0012829590123146772,703086592,0.0625,0,2,6865b856cdde,6865b856cdde
9bb35da1be21a3f8,cifar100,ssb-v5,mlp,protocol-v6,0.4,0,100,5,1,104,105,0.0010824159253388643,0.0012569590471684933,703086592,0.078125,0,2,6865b856cdde,6865b856cdde
9bb35da1be21a3f8,cifar100,ssb-v5,mlp,protocol-v6,0.4,0,100,5,1,105,106,0.0011646250495687127,0.0012612499995157123,703086592,0.0625,0,2,6865b856cdde,6865b856cdde
9bb35da1be21a3f8,cifar100,ssb-v5,mlp,protocol-v6,0.4,0,100,5,1,106,107,0.0011617500567808747,0.0013377090217545629,703086592,0.046875,0,2,6865b856cdde,6865b856cdde
9bb35da1be21a3f8,cifar100,ssb-v5,mlp,protocol-v6,0.4,0,100,5,1,107,108,0.001318249967880547,0.0013094160240143538,703086592,0.0546875,0,2,6865b856cdde,6865b856cdde
9bb35da1be21a3f8,cifar100,ssb-v5,mlp,protocol-v6,0.4,0,100,5,1,108,109,0.0011924590216949582,0.00129220902454108,703086592,0.109375,0,2,6865b856cdde,6865b856cdde
9bb35da1be21a3f8,cifar100,ssb-v5,mlp,protocol-v6,0.4,0,100,5,1,109,110,0.0011785830138251185,0.0012967080110684037,703086592,0.0703125,0,2,6865b856cdde,6865b856cdde
9bb35da1be21a3f8,cifar100,ssb-v5,mlp,protocol-v6,0.4,0,100,5,1,110,111,0.0011249580420553684,0.0012756249634549022,703086592,0.0546875,0,2,6865b856cdde,6865b856cdde
9bb35da1be21a3f8,cifar100,ssb-v5,mlp,protocol-v6,0.4,0,100,5,1,111,112,0.0011256668949499726,0.0012847920879721642,703086592,0.046875,0,2,6865b856cdde,6865b856cdde
9bb35da1be21a3f8,cifar100,ssb-v5,mlp,protocol-v6,0.4,0,100,5,1,112,113,0.001177457976154983,0.0012873749947175384,703086592,0.078125,0,2,6865b856cdde,6865b856cdde
9bb35da1be21a3f8,cifar100,ssb-v5,mlp,protocol-v6,0.4,0,100,5,1,113,114,0.001264292048290372,0.0012976250145584345,703086592,0.0546875,0,2,6865b856cdde,6865b856cdde
9bb35da1be21a3f8,cifar100,ssb-v5,mlp,protocol-v6,0.4,0,100,5,1,114,115,0.0012029580539092422,0.0012619170593097806,703086592,0.0625,0,2,6865b856cdde,6865b856cdde
9bb35da1be21a3f8,cifar100,ssb-v5,mlp,protocol-v6,0.4,0,100,5,1,115,116,0.0011800830252468586,0.0012758750235661864,703086592,0.03125,0,2,6865b856cdde,6865b856cdde
9bb35da1be21a3f8,cifar100,ssb-v5,mlp,protocol-v6,0.4,0,100,5,1,116,117,0.0011155420215800405,0.0012795838993042707,703086592,0.1015625,0,2,6865b856cdde,6865b856cdde
9bb35da1be21a3f8,cifar100,ssb-v5,mlp,protocol-v6,0.4,0,100,5,1,117,118,0.001080708927474916,0.0012898750137537718,703086592,0.046875,0,2,6865b856cdde,6865b856cdde
9bb35da1be21a3f8,cifar100,ssb-v5,mlp,protocol-v6,0.4,0,100,5,1,118,119,0.0010755839757621288,0.001260375021956861,703086592,0.046875,0,2,6865b856cdde,6865b856cdde
9bb35da1be21a3f8,cifar100,ssb-v5,mlp,protocol-v6,0.4,0,100,5,1,119,120,0.0011648329673334956,0.0013383330078795552,703086592,0.03125,0,2,6865b856cdde,6865b856cdde
9bb35da1be21a3f8,cifar100,ssb-v5,mlp,protocol-v6,0.4,0,100,5,1,120,121,0.0010835420107468963,0.0012688330607488751,703086592,0.1015625,0,2,6865b856cdde,6865b856cdde
9bb35da1be21a3f8,cifar100,ssb-v5,mlp,protocol-v6,0.4,0,100,5,1,121,122,0.0010857080342248082,0.0012791251065209508,703086592,0.0625,0,2,6865b856cdde,6865b856cdde
9bb35da1be21a3f8,cifar100,ssb-v5,mlp,protocol-v6,0.4,0,100,5,1,122,123,0.001167000038549304,0.0012664999812841415,703086592,0.0859375,0,2,6865b856cdde,6865b856cdde
9bb35da1be21a3f8,cifar100,ssb-v5,mlp,protocol-v6,0.4,0,100,5,1,123,124,0.0010901669738814235,0.0013626670697703958,703086592,0.0859375,0,2,6865b856cdde,6865b856cdde
9bb35da1be21a3f8,cifar100,ssb-v5,mlp,protocol-v6,0.4,0,100,5,1,124,125,0.00112129095941782,0.001264417078346014,703086592,0.109375,0,2,6865b856cdde,6865b856cdde
9bb35da1be21a3f8,cifar100,ssb-v5,mlp,protocol-v6,0.4,0,100,5,1,125,126,0.001079667010344565,0.0012610420817509294,703086592,0.09375,0,2,6865b856cdde,6865b856cdde
9bb35da1be21a3f8,cifar100,ssb-v5,mlp,protocol-v6,0.4,0,100,5,1,126,127,0.0011773339938372374,0.0012719170190393925,703086592,0.078125,0,2,6865b856cdde,6865b856cdde
9bb35da1be21a3f8,cifar100,ssb-v5,mlp,protocol-v6,0.4,0,100,5,1,127,128,0.001138332998380065,0.0012644169619306922,703086592,0.0625,0,2,6865b856cdde,6865b856cdde
9bb35da1be21a3f8,cifar100,ssb-v5,mlp,protocol-v6,0.4,0,100,5,1,128,129,0.001162957982160151,0.0012699579820036888,703086592,0.0625,0,2,6865b856cdde,6865b856cdde
9bb35da1be21a3f8,cifar100,ssb-v5,mlp,protocol-v6,0.4,0,100,5,1,129,130,0.001204958069138229,0.0012633329024538398,703086592,0.0703125,0,2,6865b856cdde,6865b856cdde
9bb35da1be21a3f8,cifar100,ssb-v5,mlp,protocol-v6,0.4,0,100,5,1,130,131,0.001136207953095436,0.0012583329807966948,703086592,0.140625,0,2,6865b856cdde,6865b856cdde
9bb35da1be21a3f8,cifar100,ssb-v5,mlp,protocol-v6,0.4,0,100,5,1,131,132,0.0011255829595029354,0.001261458033695817,703086592,0.03125,0,2,6865b856cdde,6865b856cdde
9bb35da1be21a3f8,cifar100,ssb-v5,mlp,protocol-v6,0.4,0,100,5,1,132,133,0.0011150420177727938,0.0012792079942300916,703086592,0.09375,0,2,6865b856cdde,6865b856cdde
9bb35da1be21a3f8,cifar100,ssb-v5,mlp,protocol-v6,0.4,0,100,5,1,133,134,0.0010898750042542815,0.001257374999113381,703086592,0.1015625,0,2,6865b856cdde,6865b856cdde
9bb35da1be21a3f8,cifar100,ssb-v5,mlp,protocol-v6,0.4,0,100,5,1,134,135,0.0011146670440211892,0.0012620420893654227,703086592,0.0859375,0,2,6865b856cdde,6865b856cdde
9bb35da1be21a3f8,cifar100,ssb-v5,mlp,protocol-v6,0.4,0,100,5,1,135,136,0.0011684580240398645,0.0013981249649077654,703086592,0.0625,0,2,6865b856cdde,6865b856cdde
9bb35da1be21a3f8,cifar100,ssb-v5,mlp,protocol-v6,0.4,0,100,5,1,136,137,0.0011158749694004655,0.001273042056709528,703086592,0.125,0,2,6865b856cdde,6865b856cdde
9bb35da1be21a3f8,cifar100,ssb-v5,mlp,protocol-v6,0.4,0,100,5,1,137,138,0.001176666934043169,0.0012720830272883177,703086592,0.09375,0,2,6865b856cdde,6865b856cdde
9bb35da1be21a3f8,cifar100,ssb-v5,mlp,protocol-v6,0.4,0,100,5,1,138,139,0.0011390839936211705,0.0012868749909102917,703086592,0.1171875,0,2,6865b856cdde,6865b856cdde
9bb35da1be21a3f8,cifar100,ssb-v5,mlp,protocol-v6,0.4,0,100,5,1,139,140,0.0010845420183613896,0.0012663330417126417,703086592,0.0625,0,2,6865b856cdde,6865b856cdde
9bb35da1be21a3f8,cifar100,ssb-v5,mlp,protocol-v6,0.4,0,100,5,1,140,141,0.001179208979010582,0.0012682090746238828,703086592,0.0859375,0,2,6865b856cdde,6865b856cdde
9bb35da1be21a3f8,cifar100,ssb-v5,mlp,protocol-v6,0.4,0,100,5,1,141,142,0.0011786660179495811,0.001266457955352962,703086592,0.0859375,0,2,6865b856cdde,6865b856cdde
9bb35da1be21a3f8,cifar100,ssb-v5,mlp,protocol-v6,0.4,0,100,5,1,142,143,0.0010966249974444509,0.0012655419996008277,703086592,0.125,0,2,6865b856cdde,6865b856cdde
9bb35da1be21a3f8,cifar100,ssb-v5,mlp,protocol-v6,0.4,0,100,5,1,143,144,0.0011128330370411277,0.0012581250630319118,703086592,0.125,0,2,6865b856cdde,6865b856cdde
9bb35da1be21a3f8,cifar100,ssb-v5,mlp,protocol-v6,0.4,0,100,5,1,144,145,0.0011796249309554696,0.00126866705249995,703086592,0.1171875,0,2,6865b856cdde,6865b856cdde
9bb35da1be21a3f8,cifar100,ssb-v5,mlp,protocol-v6,0.4,0,100,5,1,145,146,0.0011180839501321316,0.001274458016268909,703086592,0.109375,0,2,6865b856cdde,6865b856cdde
9bb35da1be21a3f8,cifar100,ssb-v5,mlp,protocol-v6,0.4,0,100,5,1,146,147,0.001169875031337142,0.0012669579591602087,703086592,0.1328125,0,2,6865b856cdde,6865b856cdde
9bb35da1be21a3f8,cifar100,ssb-v5,mlp,protocol-v6,0.4,0,100,5,1,147,148,0.0011805419344455004,0.0012671670410782099,703086592,0.140625,0,2,6865b856cdde,6865b856cdde
9bb35da1be21a3f8,cifar100,ssb-v5,mlp,protocol-v6,0.4,0,100,5,1,148,149,0.001175041077658534,0.0012684159446507692,703086592,0.1171875,0,2,6865b856cdde,6865b856cdde
9bb35da1be21a3f8,cifar100,ssb-v5,mlp,protocol-v6,0.4,0,100,5,1,149,150,0.001130416989326477,0.0012794589856639504,703086592,0.078125,0,2,6865b856cdde,6865b856cdde
9bb35da1be21a3f8,cifar100,ssb-v5,mlp,protocol-v6,0.4,0,100,5,1,150,151,0.001112166908569634,0.0012593750143423676,703086592,0.1875,0,2,6865b856cdde,6865b856cdde
9bb35da1be21a3f8,cifar100,ssb-v5,mlp,protocol-v6,0.4,0,100,5,1,151,152,0.0011410419829189777,0.0012697920901700854,703086592,0.1484375,0,2,6865b856cdde,6865b856cdde
9bb35da1be21a3f8,cifar100,ssb-v5,mlp,protocol-v6,0.4,0,100,5,1,152,153,0.0011262500192970037,0.0012944579357281327,703086592,0.0859375,0,2,6865b856cdde,6865b856cdde
9bb35da1be21a3f8,cifar100,ssb-v5,mlp,protocol-v6,0.4,0,100,5,1,153,154,0.0010845419019460678,0.0012805830920115113,703086592,0.09375,0,2,6865b856cdde,6865b856cdde
9bb35da1be21a3f8,cifar100,ssb-v5,mlp,protocol-v6,0.4,0,100,5,1,154,155,0.0011155829997733235,0.001272166962735355,703086592,0.0859375,0,2,6865b856cdde,6865b856cdde
9bb35da1be21a3f8,cifar100,ssb-v5,mlp,protocol-v6,0.4,0,100,5,1,155,156,0.001135417027398944,0.001276290975511074,703086592,0.0859375,0,2,6865b856cdde,6865b856cdde
9bb35da1be21a3f8,cifar100,ssb-v5,mlp,protocol-v6,0.4,0,100,5,1,156,157,0.001162957982160151,0.0012610829435288906,703086592,0.1484375,0,2,6865b856cdde,6865b856cdde
9bb35da1be21a3f8,cifar100,ssb-v5,mlp,protocol-v6,0.4,0,100,5,1,157,158,0.0010890410048887134,0.001271375105716288,703086592,0.09375,0,2,6865b856cdde,6865b856cdde
9bb35da1be21a3f8,cifar100,ssb-v5,mlp,protocol-v6,0.4,0,100,5,1,158,159,0.0011752909049391747,0.0012645830865949392,703086592,0.046875,0,2,6865b856cdde,6865b856cdde
9bb35da1be21a3f8,cifar100,ssb-v5,mlp,protocol-v6,0.4,0,100,5,1,159,160,0.0011788749834522605,0.0012668330455198884,703086592,0.140625,0,2,6865b856cdde,6865b856cdde
9bb35da1be21a3f8,cifar100,ssb-v5,mlp,protocol-v6,0.4,0,100,5,1,160,161,0.0011300831101834774,0.0012660829816013575,703086592,0.1328125,0,2,6865b856cdde,6865b856cdde
9bb35da1be21a3f8,cifar100,ssb-v5,mlp,protocol-v6,0.4,0,100,5,1,161,162,0.001176375080831349,0.0012827090686187148,703086592,0.1015625,0,2,6865b856cdde,6865b856cdde
9bb35da1be21a3f8,cifar100,ssb-v5,mlp,protocol-v6,0.4,0,100,5,1,162,163,0.0011710840044543147,0.0012649999698624015,703086592,0.1015625,0,2,6865b856cdde,6865b856cdde
9bb35da1be21a3f8,cifar100,ssb-v5,mlp,protocol-v6,0.4,0,100,5,1,163,164,0.0010867080418393016,0.0012616249732673168,703086592,0.078125,0,2,6865b856cdde,6865b856cdde
9bb35da1be21a3f8,cifar100,ssb-v5,mlp,protocol-v6,0.4,0,100,5,1,164,165,0.0011356669710949063,0.0012625829549506307,703086592,0.0703125,0,2,6865b856cdde,6865b856cdde
9bb35da1be21a3f8,cifar100,ssb-v5,mlp,protocol-v6,0.4,0,100,5,1,165,166,0.0011617919662967324,0.001261416939087212,703086592,0.1015625,0,2,6865b856cdde,6865b856cdde
9bb35da1be21a3f8,cifar100,ssb-v5,mlp,protocol-v6,0.4,0,100,5,1,166,167,0.0011745000956580043,0.0012694159522652626,703086592,0.078125,0,2,6865b856cdde,6865b856cdde
9bb35da1be21a3f8,cifar100,ssb-v5,mlp,protocol-v6,0.4,0,100,5,1,167,168,0.0011758330510929227,0.0012590410187840462,703086592,0.078125,0,2,6865b856cdde,6865b856cdde
9bb35da1be21a3f8,cifar100,ssb-v5,mlp,protocol-v6,0.4,0,100,5,1,168,169,0.0011407500132918358,0.0012656250037252903,703086592,0.078125,0,2,6865b856cdde,6865b856cdde
9bb35da1be21a3f8,cifar100,ssb-v5,mlp,protocol-v6,0.4,0,100,5,1,169,170,0.001082582981325686,0.0012590830447152257,703086592,0.1171875,0,2,6865b856cdde,6865b856cdde
9bb35da1be21a3f8,cifar100,ssb-v5,mlp,protocol-v6,0.4,0,100,5,1,170,171,0.001181459054350853,0.0012616249732673168,703086592,0.109375,0,2,6865b856cdde,6865b856cdde
9bb35da1be21a3f8,cifar100,ssb-v5,mlp,protocol-v6,0.4,0,100,5,1,171,172,0.0011847090208902955,0.0012725830310955644,703086592,0.1171875,0,2,6865b856cdde,6865b856cdde
9bb35da1be21a3f8,cifar100,ssb-v5,mlp,protocol-v6,0.4,0,100,5,1,172,173,0.0011315420269966125,0.0012746250722557306,703086592,0.109375,0,2,6865b856cdde,6865b856cdde
9bb35da1be21a3f8,cifar100,ssb-v5,mlp,protocol-v6,0.4,0,100,5,1,173,174,0.001112292055040598,0.0012620410416275263,703086592,0.0859375,0,2,6865b856cdde,6865b856cdde
9bb35da1be21a3f8,cifar100,ssb-v5,mlp,protocol-v6,0.4,0,100,5,1,174,175,0.0010876249289140105,0.0012737080687656999,703086592,0.1796875,0,2,6865b856cdde,6865b856cdde
9bb35da1be21a3f8,cifar100,ssb-v5,mlp,protocol-v6,0.4,0,100,5,1,175,176,0.0011313339928165078,0.0012724589323624969,703086592,0.0625,0,2,6865b856cdde,6865b856cdde
9bb35da1be21a3f8,cifar100,ssb-v5,mlp,protocol-v6,0.4,0,100,5,1,176,177,0.0011805830290541053,0.0012680420186370611,703086592,0.09375,0,2,6865b856cdde,6865b856cdde
9bb35da1be21a3f8,cifar100,ssb-v5,mlp,protocol-v6,0.4,0,100,5,1,177,178,0.0011727920500561595,0.001261417055502534,703086592,0.0859375,0,2,6865b856cdde,6865b856cdde
9bb35da1be21a3f8,cifar100,ssb-v5,mlp,protocol-v6,0.4,0,100,5,1,178,179,0.0011259169550612569,0.0012764170533046126,703086592,0.1015625,0,2,6865b856cdde,6865b856cdde
9bb35da1be21a3f8,cifar100,ssb-v5,mlp,protocol-v6,0.4,0,100,5,1,179,180,0.0010781249729916453,0.0012644169619306922,703086592,0.140625,0,2,6865b856cdde,6865b856cdde
9bb35da1be21a3f8,cifar100,ssb-v5,mlp,protocol-v6,0.4,0,100,5,1,180,181,0.001178540987893939,0.0012737499782815576,703086592,0.09375,0,2,6865b856cdde,6865b856cdde
9bb35da1be21a3f8,cifar100,ssb-v5,mlp,protocol-v6,0.4,0,100,5,1,181,182,0.0011743749491870403,0.0012789589818567038,703086592,0.0859375,0,2,6865b856cdde,6865b856cdde
9bb35da1be21a3f8,cifar100,ssb-v5,mlp,protocol-v6,0.4,0,100,5,1,182,183,0.0011199589353054762,0.0012740419479086995,703086592,0.1484375,0,2,6865b856cdde,6865b856cdde
9bb35da1be21a3f8,cifar100,ssb-v5,mlp,protocol-v6,0.4,0,100,5,1,183,184,0.001152832992374897,0.0012664999812841415,703086592,0.1328125,0,2,6865b856cdde,6865b856cdde
9bb35da1be21a3f8,cifar100,ssb-v5,mlp,protocol-v6,0.4,0,100,5,1,184,185,0.0010740419384092093,0.0012644999660551548,703086592,0.09375,0,2,6865b856cdde,6865b856cdde
9bb35da1be21a3f8,cifar100,ssb-v5,mlp,protocol-v6,0.4,0,100,5,1,185,186,0.0011796669568866491,0.0012822080170735717,703086592,0.0703125,0,2,6865b856cdde,6865b856cdde
9bb35da1be21a3f8,cifar100,ssb-v5,mlp,protocol-v6,0.4,0,100,5,1,186,187,0.0011792919831350446,0.001269708969630301,703086592,0.125,0,2,6865b856cdde,6865b856cdde
9bb35da1be21a3f8,cifar100,ssb-v5,mlp,protocol-v6,0.4,0,100,5,1,187,188,0.0011859580408781767,0.0012630000710487366,703086592,0.1484375,0,2,6865b856cdde,6865b856cdde
9bb35da1be21a3f8,cifar100,ssb-v5,mlp,protocol-v6,0.4,0,100,5,1,188,189,0.0011344579979777336,0.001283791963942349,703086592,0.140625,0,2,6865b856cdde,6865b856cdde
9bb35da1be21a3f8,cifar100,ssb-v5,mlp,protocol-v6,0.4,0,100,5,1,189,190,0.0011210829252377152,0.0013505000388249755,703086592,0.09375,0,2,6865b856cdde,6865b856cdde
9bb35da1be21a3f8,cifar100,ssb-v5,mlp,protocol-v6,0.4,0,100,5,1,190,191,0.0011829169234260917,0.0012629579287022352,703086592,0.0625,0,2,6865b856cdde,6865b856cdde
9bb35da1be21a3f8,cifar100,ssb-v5,mlp,protocol-v6,0.4,0,100,5,1,191,192,0.001091583981178701,0.0012595000443980098,703086592,0.078125,0,2,6865b856cdde,6865b856cdde
9bb35da1be21a3f8,cifar100,ssb-v5,mlp,protocol-v6,0.4,0,100,5,1,192,193,0.001120166969485581,0.0012650000862777233,703086592,0.1484375,0,2,6865b856cdde,6865b856cdde
9bb35da1be21a3f8,cifar100,ssb-v5,mlp,protocol-v6,0.4,0,100,5,1,193,194,0.0011838750215247273,0.0012682500528171659,703086592,0.109375,0,2,6865b856cdde,6865b856cdde
9bb35da1be21a3f8,cifar100,ssb-v5,mlp,protocol-v6,0.4,0,100,5,1,194,195,0.0011547079775482416,0.0012682080268859863,703086592,0.1171875,0,2,6865b856cdde,6865b856cdde
9bb35da1be21a3f8,cifar100,ssb-v5,mlp,protocol-v6,0.4,0,100,5,1,195,196,0.0010988749563694,0.0012584589421749115,703086592,0.09375,0,2,6865b856cdde,6865b856cdde
9bb35da1be21a3f8,cifar100,ssb-v5,mlp,protocol-v6,0.4,0,100,5,1,196,197,0.001091624959371984,0.0012865840690210462,703086592,0.0859375,0,2,6865b856cdde,6865b856cdde
9bb35da1be21a3f8,cifar100,ssb-v5,mlp,protocol-v6,0.4,0,100,5,1,197,198,0.0011737500317394733,0.0012759169330820441,703086592,0.15625,0,2,6865b856cdde,6865b856cdde
9bb35da1be21a3f8,cifar100,ssb-v5,mlp,protocol-v6,0.4,0,100,5,1,198,199,0.0011689160019159317,0.0012743750121444464,703086592,0.1015625,0,2,6865b856cdde,6865b856cdde
9bb35da1be21a3f8,cifar100,ssb-v5,mlp,protocol-v6,0.4,0,100,5,1,199,200,0.0011267089284956455,0.0012597080785781145,703086592,0.09375,1,3,6865b856cdde,a0e21518f438
9bb35da1be21a3f8,cifar100,ssb-v5,mlp,protocol-v6,0.4,0,100,5,1,200,201,0.0011400829534977674,0.00129370903596282,703086592,0.03125,0,3,a0e21518f438,a0e21518f438
9bb35da1be21a3f8,cifar100,ssb-v5,mlp,protocol-v6,0.4,0,100,5,1,201,202,0.0011467919684946537,0.0012877500848844647,703086592,0.0546875,0,3,a0e21518f438,a0e21518f438
9bb35da1be21a3f8,cifar100,ssb-v5,mlp,protocol-v6,0.4,0,100,5,1,202,203,0.0011002079118043184,0.0012818329269066453,703102976,0.0625,0,3,a0e21518f438,a0e21518f438
9bb35da1be21a3f8,cifar100,ssb-v5,mlp,protocol-v6,0.4,0,100,5,1,203,204,0.0011422079987823963,0.0012767500011250377,703102976,0.0390625,0,3,a0e21518f438,a0e21518f438
9bb35da1be21a3f8,cifar100,ssb-v5,mlp,protocol-v6,0.4,0,100,5,1,204,205,0.0011980830458924174,0.0012686250265687704,703102976,0.0546875,0,3,a0e21518f438,a0e21518f438
9bb35da1be21a3f8,cifar100,ssb-v5,mlp,protocol-v6,0.4,0,100,5,1,205,206,0.001131374971009791,0.0012770829489454627,703102976,0.078125,0,3,a0e21518f438,a0e21518f438
9bb35da1be21a3f8,cifar100,ssb-v5,mlp,protocol-v6,0.4,0,100,5,1,206,207,0.0011403750395402312,0.0012789579341188073,703102976,0.0625,0,3,a0e21518f438,a0e21518f438
9bb35da1be21a3f8,cifar100,ssb-v5,mlp,protocol-v6,0.4,0,100,5,1,207,208,0.001092833001166582,0.00128670793492347,703102976,0.0546875,0,3,a0e21518f438,a0e21518f438
9bb35da1be21a3f8,cifar100,ssb-v5,mlp,protocol-v6,0.4,0,100,5,1,208,209,0.0011771669378504157,0.0012789169559255242,703102976,0.0546875,0,3,a0e21518f438,a0e21518f438
9bb35da1be21a3f8,cifar100,ssb-v5,mlp,protocol-v6,0.4,0,100,5,1,209,210,0.0012639169581234455,0.0013367499923333526,703102976,0.0625,0,3,a0e21518f438,a0e21518f438
9bb35da1be21a3f8,cifar100,ssb-v5,mlp,protocol-v6,0.4,0,100,5,1,210,211,0.001154333003796637,0.0013897080207243562,703102976,0.046875,0,3,a0e21518f438,a0e21518f438
9bb35da1be21a3f8,cifar100,ssb-v5,mlp,protocol-v6,0.4,0,100,5,1,211,212,0.001155083067715168,0.0013191249454393983,703102976,0.0390625,0,3,a0e21518f438,a0e21518f438
9bb35da1be21a3f8,cifar100,ssb-v5,mlp,protocol-v6,0.4,0,100,5,1,212,213,0.0011852920288220048,0.0012935420963913202,703102976,0.1015625,0,3,a0e21518f438,a0e21518f438
9bb35da1be21a3f8,cifar100,ssb-v5,mlp,protocol-v6,0.4,0,100,5,1,213,214,0.0011892080074176192,0.001277291914448142,703102976,0.109375,0,3,a0e21518f438,a0e21518f438
9bb35da1be21a3f8,cifar100,ssb-v5,mlp,protocol-v6,0.4,0,100,5,1,214,215,0.001181208062916994,0.001286415965296328,703102976,0.078125,0,3,a0e21518f438,a0e21518f438
9bb35da1be21a3f8,cifar100,ssb-v5,mlp,protocol-v6,0.4,0,100,5,1,215,216,0.0011287919478490949,0.0012975420104339719,703102976,0.1171875,0,3,a0e21518f438,a0e21518f438
9bb35da1be21a3f8,cifar100,ssb-v5,mlp,protocol-v6,0.4,0,100,5,1,216,217,0.0011036659125238657,0.0012937498977407813,703102976,0.078125,0,3,a0e21518f438,a0e21518f438
9bb35da1be21a3f8,cifar100,ssb-v5,mlp,protocol-v6,0.4,0,100,5,1,217,218,0.0011314160656183958,0.0012882089940831065,703102976,0.140625,0,3,a0e21518f438,a0e21518f438
9bb35da1be21a3f8,cifar100,ssb-v5,mlp,protocol-v6,0.4,0,100,5,1,218,219,0.0010993750765919685,0.0012873329687863588,703102976,0.09375,0,3,a0e21518f438,a0e21518f438
9bb35da1be21a3f8,cifar100,ssb-v5,mlp,protocol-v6,0.4,0,100,5,1,219,220,0.0011409999569877982,0.0012856250395998359,703102976,0.1328125,0,3,a0e21518f438,a0e21518f438
9bb35da1be21a3f8,cifar100,ssb-v5,mlp,protocol-v6,0.4,0,100,5,1,220,221,0.001179375103674829,0.001278458978049457,703102976,0.0546875,0,3,a0e21518f438,a0e21518f438
9bb35da1be21a3f8,cifar100,ssb-v5,mlp,protocol-v6,0.4,0,100,5,1,221,222,0.001128584030084312,0.0012787500163540244,703119360,0.078125,0,3,a0e21518f438,a0e21518f438
9bb35da1be21a3f8,cifar100,ssb-v5,mlp,protocol-v6,0.4,0,100,5,1,222,223,0.0011155829997733235,0.0012803750578314066,703119360,0.1171875,0,3,a0e21518f438,a0e21518f438
9bb35da1be21a3f8,cifar100,ssb-v5,mlp,protocol-v6,0.4,0,100,5,1,223,224,0.0011261670151725411,0.001274458016268909,703119360,0.09375,0,3,a0e21518f438,a0e21518f438
9bb35da1be21a3f8,cifar100,ssb-v5,mlp,protocol-v6,0.4,0,100,5,1,224,225,0.0011161669390276074,0.0012817090610042214,703119360,0.09375,0,3,a0e21518f438,a0e21518f438
9bb35da1be21a3f8,cifar100,ssb-v5,mlp,protocol-v6,0.4,0,100,5,1,225,226,0.001199333113618195,0.0012694590259343386,703119360,0.09375,0,3,a0e21518f438,a0e21518f438
9bb35da1be21a3f8,cifar100,ssb-v5,mlp,protocol-v6,0.4,0,100,5,1,226,227,0.0011801249347627163,0.001283082994632423,703119360,0.0859375,0,3,a0e21518f438,a0e21518f438
9bb35da1be21a3f8,cifar100,ssb-v5,mlp,protocol-v6,0.4,0,100,5,1,227,228,0.0011315419105812907,0.001279250020161271,703119360,0.1171875,0,3,a0e21518f438,a0e21518f438
9bb35da1be21a3f8,cifar100,ssb-v5,mlp,protocol-v6,0.4,0,100,5,1,228,229,0.0010943750385195017,0.001282332930713892,703119360,0.078125,0,3,a0e21518f438,a0e21518f438
9bb35da1be21a3f8,cifar100,ssb-v5,mlp,protocol-v6,0.4,0,100,5,1,229,230,0.0011844589607790112,0.0012981669278815389,703119360,0.140625,0,3,a0e21518f438,a0e21518f438
9bb35da1be21a3f8,cifar100,ssb-v5,mlp,protocol-v6,0.4,0,100,5,1,230,231,0.0011217080755159259,0.0012727919965982437,703102976,0.09375,0,3,a0e21518f438,a0e21518f438
9bb35da1be21a3f8,cifar100,ssb-v5,mlp,protocol-v6,0.4,0,100,5,1,231,232,0.0011269999668002129,0.001282125012949109,703102976,0.125,0,3,a0e21518f438,a0e21518f438
9bb35da1be21a3f8,cifar100,ssb-v5,mlp,protocol-v6,0.4,0,100,5,1,232,233,0.0011376249603927135,0.0012847919715568423,703102976,0.1171875,0,3,a0e21518f438,a0e21518f438
9bb35da1be21a3f8,cifar100,ssb-v5,mlp,protocol-v6,0.4,0,100,5,1,233,234,0.0011896248906850815,0.0012836250243708491,703102976,0.1015625,0,3,a0e21518f438,a0e21518f438
9bb35da1be21a3f8,cifar100,ssb-v5,mlp,protocol-v6,0.4,0,100,5,1,234,235,0.0011335409944877028,0.001280499971471727,703102976,0.0859375,0,3,a0e21518f438,a0e21518f438
9bb35da1be21a3f8,cifar100,ssb-v5,mlp,protocol-v6,0.4,0,100,5,1,235,236,0.0012272079475224018,0.0012727499706670642,703102976,0.0859375,0,3,a0e21518f438,a0e21518f438
9bb35da1be21a3f8,cifar100,ssb-v5,mlp,protocol-v6,0.4,0,100,5,1,236,237,0.001101542031392455,0.0012719589285552502,703102976,0.09375,0,3,a0e21518f438,a0e21518f438
9bb35da1be21a3f8,cifar100,ssb-v5,mlp,protocol-v6,0.4,0,100,5,1,237,238,0.0011508750030770898,0.0012782089179381728,703102976,0.09375,0,3,a0e21518f438,a0e21518f438
9bb35da1be21a3f8,cifar100,ssb-v5,mlp,protocol-v6,0.4,0,100,5,1,238,239,0.0011833329917863011,0.0012844590237364173,703102976,0.0859375,0,3,a0e21518f438,a0e21518f438
9bb35da1be21a3f8,cifar100,ssb-v5,mlp,protocol-v6,0.4,0,100,5,1,239,240,0.0011440420057624578,0.0012826250167563558,703102976,0.1171875,0,3,a0e21518f438,a0e21518f438
9bb35da1be21a3f8,cifar100,ssb-v5,mlp,protocol-v6,0.4,0,100,5,1,240,241,0.0011237079743295908,0.0012795409420505166,703102976,0.078125,0,3,a0e21518f438,a0e21518f438
9bb35da1be21a3f8,cifar100,ssb-v5,mlp,protocol-v6,0.4,0,100,5,1,241,242,0.0011356249451637268,0.0012778750387951732,703102976,0.1015625,0,3,a0e21518f438,a0e21518f438
9bb35da1be21a3f8,cifar100,ssb-v5,mlp,protocol-v6,0.4,0,100,5,1,242,243,0.0011898339726030827,0.001298332936130464,703102976,0.109375,0,3,a0e21518f438,a0e21518f438
9bb35da1be21a3f8,cifar100,ssb-v5,mlp,protocol-v6,0.4,0,100,5,1,243,244,0.0011277500307187438,0.0012742909602820873,703102976,0.0546875,0,3,a0e21518f438,a0e21518f438
9bb35da1be21a3f8,cifar100,ssb-v5,mlp,protocol-v6,0.4,0,100,5,1,244,245,0.001187209039926529,0.0012680829968303442,703102976,0.0859375,0,3,a0e21518f438,a0e21518f438
9bb35da1be21a3f8,cifar100,ssb-v5,mlp,protocol-v6,0.4,0,100,5,1,245,246,0.0011860410450026393,0.0013250000774860382,703102976,0.0546875,0,3,a0e21518f438,a0e21518f438
9bb35da1be21a3f8,cifar100,ssb-v5,mlp,protocol-v6,0.4,0,100,5,1,246,247,0.0011768749682232738,0.0012566670775413513,703102976,0.09375,0,3,a0e21518f438,a0e21518f438
9bb35da1be21a3f8,cifar100,ssb-v5,mlp,protocol-v6,0.4,0,100,5,1,247,248,0.0012037920532748103,0.0013161249225959182,703102976,0.0546875,0,3,a0e21518f438,a0e21518f438
9bb35da1be21a3f8,cifar100,ssb-v5,mlp,protocol-v6,0.4,0,100,5,1,248,249,0.0010932909790426493,0.0012795410584658384,703102976,0.0859375,0,3,a0e21518f438,a0e21518f438
9bb35da1be21a3f8,cifar100,ssb-v5,mlp,protocol-v6,0.4,0,100,5,1,249,250,0.001179541926831007,0.0012707910500466824,703102976,0.0625,0,3,a0e21518f438,a0e21518f438
9bb35da1be21a3f8,cifar100,ssb-v5,mlp,protocol-v6,0.4,0,100,5,1,250,251,0.0011855410411953926,0.0012715000193566084,703102976,0.1171875,0,3,a0e21518f438,a0e21518f438
9bb35da1be21a3f8,cifar100,ssb-v5,mlp,protocol-v6,0.4,0,100,5,1,251,252,0.0011778329499065876,0.0012777919182553887,703102976,0.078125,0,3,a0e21518f438,a0e21518f438
9bb35da1be21a3f8,cifar100,ssb-v5,mlp,protocol-v6,0.4,0,100,5,1,252,253,0.0011337089817970991,0.0012756249634549022,703102976,0.1328125,0,3,a0e21518f438,a0e21518f438
9bb35da1be21a3f8,cifar100,ssb-v5,mlp,protocol-v6,0.4,0,100,5,1,253,254,0.0011696249712258577,0.0012765830615535378,703102976,0.140625,0,3,a0e21518f438,a0e21518f438
9bb35da1be21a3f8,cifar100,ssb-v5,mlp,protocol-v6,0.4,0,100,5,1,254,255,0.0011391669977456331,0.0012879580026492476,703102976,0.1328125,0,3,a0e21518f438,a0e21518f438
9bb35da1be21a3f8,cifar100,ssb-v5,mlp,protocol-v6,0.4,0,100,5,1,255,256,0.0011250829556956887,0.0012855420354753733,703102976,0.1328125,0,3,a0e21518f438,a0e21518f438
9bb35da1be21a3f8,cifar100,ssb-v5,mlp,protocol-v6,0.4,0,100,5,1,256,257,0.0011878750519827008,0.0012754579074680805,703102976,0.0703125,0,3,a0e21518f438,a0e21518f438
9bb35da1be21a3f8,cifar100,ssb-v5,mlp,protocol-v6,0.4,0,100,5,1,257,258,0.0011771670542657375,0.0012820420088246465,703102976,0.0859375,0,3,a0e21518f438,a0e21518f438
9bb35da1be21a3f8,cifar100,ssb-v5,mlp,protocol-v6,0.4,0,100,5,1,258,259,0.0011179579887539148,0.0012817500391975045,703102976,0.078125,0,3,a0e21518f438,a0e21518f438
9bb35da1be21a3f8,cifar100,ssb-v5,mlp,protocol-v6,0.4,0,100,5,1,259,260,0.0010752499802038074,0.001284874975681305,703102976,0.0703125,0,3,a0e21518f438,a0e21518f438
9bb35da1be21a3f8,cifar100,ssb-v5,mlp,protocol-v6,0.4,0,100,5,1,260,261,0.0011696669971570373,0.0012784580467268825,703102976,0.109375,0,3,a0e21518f438,a0e21518f438
9bb35da1be21a3f8,cifar100,ssb-v5,mlp,protocol-v6,0.4,0,100,5,1,261,262,0.0011356660397723317,0.0012860409915447235,703102976,0.15625,0,3,a0e21518f438,a0e21518f438
9bb35da1be21a3f8,cifar100,ssb-v5,mlp,protocol-v6,0.4,0,100,5,1,262,263,0.0011287089437246323,0.0012967080110684037,703102976,0.109375,0,3,a0e21518f438,a0e21518f438
9bb35da1be21a3f8,cifar100,ssb-v5,mlp,protocol-v6,0.4,0,100,5,1,263,264,0.0012028749333694577,0.0012759160017594695,703102976,0.15625,0,3,a0e21518f438,a0e21518f438
9bb35da1be21a3f8,cifar100,ssb-v5,mlp,protocol-v6,0.4,0,100,5,1,264,265,0.001204832922667265,0.0012686250265687704,703102976,0.09375,0,3,a0e21518f438,a0e21518f438
9bb35da1be21a3f8,cifar100,ssb-v5,mlp,protocol-v6,0.4,0,100,5,1,265,266,0.0011759590124711394,0.0012829999905079603,703102976,0.078125,0,3,a0e21518f438,a0e21518f438
9bb35da1be21a3f8,cifar100,ssb-v5,mlp,protocol-v6,0.4,0,100,5,1,266,267,0.001140875043347478,0.0012825829908251762,703102976,0.0859375,0,3,a0e21518f438,a0e21518f438
9bb35da1be21a3f8,cifar100,ssb-v5,mlp,protocol-v6,0.4,0,100,5,1,267,268,0.0011272919364273548,0.0012723340187221766,703119360,0.109375,0,3,a0e21518f438,a0e21518f438
9bb35da1be21a3f8,cifar100,ssb-v5,mlp,protocol-v6,0.4,0,100,5,1,268,269,0.0011625840561464429,0.001288583967834711,703119360,0.078125,0,3,a0e21518f438,a0e21518f438
9bb35da1be21a3f8,cifar100,ssb-v5,mlp,protocol-v6,0.4,0,100,5,1,269,270,0.0011482910485938191,0.00130845804233104,703119360,0.0625,0,3,a0e21518f438,a0e21518f438
9bb35da1be21a3f8,cifar100,ssb-v5,mlp,protocol-v6,0.4,0,100,5,1,270,271,0.0011308330576866865,0.0012985829962417483,703119360,0.125,0,3,a0e21518f438,a0e21518f438
9bb35da1be21a3f8,cifar100,ssb-v5,mlp,protocol-v6,0.4,0,100,5,1,271,272,0.0011869579320773482,0.0012902090093120933,703119360,0.15625,0,3,a0e21518f438,a0e21518f438
9bb35da1be21a3f8,cifar100,ssb-v5,mlp,protocol-v6,0.4,0,100,5,1,272,273,0.001171707990579307,0.0012787079904228449,703119360,0.1171875,0,3,a0e21518f438,a0e21518f438
9bb35da1be21a3f8,cifar100,ssb-v5,mlp,protocol-v6,0.4,0,100,5,1,273,274,0.001110958051867783,0.0012865830212831497,703119360,0.15625,0,3,a0e21518f438,a0e21518f438
9bb35da1be21a3f8,cifar100,ssb-v5,mlp,protocol-v6,0.4,0,100,5,1,274,275,0.0010971669107675552,0.0012836660025641322,703119360,0.140625,0,3,a0e21518f438,a0e21518f438
9bb35da1be21a3f8,cifar100,ssb-v5,mlp,protocol-v6,0.4,0,100,5,1,275,276,0.001121334033086896,0.0012727079447358847,703119360,0.0859375,0,3,a0e21518f438,a0e21518f438
9bb35da1be21a3f8,cifar100,ssb-v5,mlp,protocol-v6,0.4,0,100,5,1,276,277,0.0011315830051898956,0.0012836670503020287,703119360,0.1171875,0,3,a0e21518f438,a0e21518f438
9bb35da1be21a3f8,cifar100,ssb-v5,mlp,protocol-v6,0.4,0,100,5,1,277,278,0.0011243750341236591,0.0012666248949244618,703119360,0.1484375,0,3,a0e21518f438,a0e21518f438
9bb35da1be21a3f8,cifar100,ssb-v5,mlp,protocol-v6,0.4,0,100,5,1,278,279,0.00109970907215029,0.0012808340834453702,703119360,0.1171875,0,3,a0e21518f438,a0e21518f438
9bb35da1be21a3f8,cifar100,ssb-v5,mlp,protocol-v6,0.4,0,100,5,1,279,280,0.0011743750656023622,0.001287125051021576,703119360,0.1171875,0,3,a0e21518f438,a0e21518f438
9bb35da1be21a3f8,cifar100,ssb-v5,mlp,protocol-v6,0.4,0,100,5,1,280,281,0.0011657499708235264,0.0012723749969154596,703119360,0.078125,0,3,a0e21518f438,a0e21518f438
9bb35da1be21a3f8,cifar100,ssb-v5,mlp,protocol-v6,0.4,0,100,5,1,281,282,0.0011195410043001175,0.0012707499554380774,703119360,0.1328125,0,3,a0e21518f438,a0e21518f438
9bb35da1be21a3f8,cifar100,ssb-v5,mlp,protocol-v6,0.4,0,100,5,1,282,283,0.0011251670075580478,0.001279124990105629,703119360,0.0546875,0,3,a0e21518f438,a0e21518f438
9bb35da1be21a3f8,cifar100,ssb-v5,mlp,protocol-v6,0.4,0,100,5,1,283,284,0.0011496249353513122,0.001275583985261619,703119360,0.1484375,0,3,a0e21518f438,a0e21518f438
9bb35da1be21a3f8,cifar100,ssb-v5,mlp,protocol-v6,0.4,0,100,5,1,284,285,0.0010918750194832683,0.001268334104679525,703119360,0.1171875,0,3,a0e21518f438,a0e21518f438
9bb35da1be21a3f8,cifar100,ssb-v5,mlp,protocol-v6,0.4,0,100,5,1,285,286,0.0011288339737802744,0.0012814169749617577,703119360,0.1171875,0,3,a0e21518f438,a0e21518f438
9bb35da1be21a3f8,cifar100,ssb-v5,mlp,protocol-v6,0.4,0,100,5,1,286,287,0.001191916991956532,0.0012707089772447944,703119360,0.1171875,0,3,a0e21518f438,a0e21518f438
9bb35da1be21a3f8,cifar100,ssb-v5,mlp,protocol-v6,0.4,0,100,5,1,287,288,0.0011409579310566187,0.0013017080491408706,703119360,0.15625,0,3,a0e21518f438,a0e21518f438
9bb35da1be21a3f8,cifar100,ssb-v5,mlp,protocol-v6,0.4,0,100,5,1,288,289,0.001171667012386024,0.0012774579226970673,703119360,0.1328125,0,3,a0e21518f438,a0e21518f438
9bb35da1be21a3f8,cifar100,ssb-v5,mlp,protocol-v6,0.4,0,100,5,1,289,290,0.0011817080667242408,0.0012809160398319364,703119360,0.09375,0,3,a0e21518f438,a0e21518f438
9bb35da1be21a3f8,cifar100,ssb-v5,mlp,protocol-v6,0.4,0,100,5,1,290,291,0.001127165975049138,0.001345749944448471,703119360,0.1015625,0,3,a0e21518f438,a0e21518f438
9bb35da1be21a3f8,cifar100,ssb-v5,mlp,protocol-v6,0.4,0,100,5,1,291,292,0.001115916995331645,0.0012836660025641322,703119360,0.1015625,0,3,a0e21518f438,a0e21518f438
9bb35da1be21a3f8,cifar100,ssb-v5,mlp,protocol-v6,0.4,0,100,5,1,292,293,0.001169542083516717,0.0012687499402090907,703119360,0.1171875,0,3,a0e21518f438,a0e21518f438
9bb35da1be21a3f8,cifar100,ssb-v5,mlp,protocol-v6,0.4,0,100,5,1,293,294,0.0011312500573694706,0.0012851660139858723,703119360,0.171875,0,3,a0e21518f438,a0e21518f438
9bb35da1be21a3f8,cifar100,ssb-v5,mlp,protocol-v6,0.4,0,100,5,1,294,295,0.001137249986641109,0.0012664999812841415,703119360,0.0546875,0,3,a0e21518f438,a0e21518f438
9bb35da1be21a3f8,cifar100,ssb-v5,mlp,protocol-v6,0.4,0,100,5,1,295,296,0.0011991250794380903,0.0012780840042978525,703119360,0.0859375,0,3,a0e21518f438,a0e21518f438
9bb35da1be21a3f8,cifar100,ssb-v5,mlp,protocol-v6,0.4,0,100,5,1,296,297,0.0011401670053601265,0.0012777079828083515,703119360,0.140625,0,3,a0e21518f438,a0e21518f438
9bb35da1be21a3f8,cifar100,ssb-v5,mlp,protocol-v6,0.4,0,100,5,1,297,298,0.0011777920881286263,0.001284915953874588,703119360,0.1484375,0,3,a0e21518f438,a0e21518f438
9bb35da1be21a3f8,cifar100,ssb-v5,mlp,protocol-v6,0.4,0,100,5,1,298,299,0.001185875036753714,0.0012814590008929372,703119360,0.09375,0,3,a0e21518f438,a0e21518f438
9bb35da1be21a3f8,cifar100,ssb-v5,mlp,protocol-v6,0.4,0,100,5,1,299,300,0.0011737080058082938,0.0012695840559899807,703119360,0.1484375,1,4,a0e21518f438,cdbb74d7ba8a
9bb35da1be21a3f8,cifar100,ssb-v5,mlp,protocol-v6,0.4,0,100,5,1,300,301,0.0012465829495340586,0.0013461249182000756,706166784,0.03125,0,4,cdbb74d7ba8a,cdbb74d7ba8a
9bb35da1be21a3f8,cifar100,ssb-v5,mlp,protocol-v6,0.4,0,100,5,1,301,302,0.0011370000429451466,0.0013115840265527368,706199552,0.0546875,0,4,cdbb74d7ba8a,cdbb74d7ba8a
9bb35da1be21a3f8,cifar100,ssb-v5,mlp,protocol-v6,0.4,0,100,5,1,302,303,0.0012217499315738678,0.001304832985624671,706199552,0.046875,0,4,cdbb74d7ba8a,cdbb74d7ba8a
9bb35da1be21a3f8,cifar100,ssb-v5,mlp,protocol-v6,0.4,0,100,5,1,303,304,0.0011867500143125653,0.0012766249710693955,706199552,0.0703125,0,4,cdbb74d7ba8a,cdbb74d7ba8a
9bb35da1be21a3f8,cifar100,ssb-v5,mlp,protocol-v6,0.4,0,100,5,1,304,305,0.0011492089834064245,0.001487332978285849,706199552,0.078125,0,4,cdbb74d7ba8a,cdbb74d7ba8a
9bb35da1be21a3f8,cifar100,ssb-v5,mlp,protocol-v6,0.4,0,100,5,1,305,306,0.0011569580528885126,0.0013001670595258474,706199552,0.0625,0,4,cdbb74d7ba8a,cdbb74d7ba8a
9bb35da1be21a3f8,cifar100,ssb-v5,mlp,protocol-v6,0.4,0,100,5,1,306,307,0.0011378750205039978,0.0012853750959038734,706199552,0.078125,0,4,cdbb74d7ba8a,cdbb74d7ba8a
9bb35da1be21a3f8,cifar100,ssb-v5,mlp,protocol-v6,0.4,0,100,5,1,307,308,0.0010886250529438257,0.0012717919889837503,706199552,0.0625,0,4,cdbb74d7ba8a,cdbb74d7ba8a
9bb35da1be21a3f8,cifar100,ssb-v5,mlp,protocol-v6,0.4,0,100,5,1,308,309,0.0011919589014723897,0.0012802090495824814,706199552,0.109375,0,4,cdbb74d7ba8a,cdbb74d7ba8a
9bb35da1be21a3f8,cifar100,ssb-v5,mlp,protocol-v6,0.4,0,100,5,1,309,310,0.0011786669492721558,0.0012709590373560786,706199552,0.0625,0,4,cdbb74d7ba8a,cdbb74d7ba8a
9bb35da1be21a3f8,cifar100,ssb-v5,mlp,protocol-v6,0.4,0,100,5,1,310,311,0.0011847089044749737,0.0012729170266538858,706199552,0.0859375,0,4,cdbb74d7ba8a,cdbb74d7ba8a
9bb35da1be21a3f8,cifar100,ssb-v5,mlp,protocol-v6,0.4,0,100,5,1,311,312,0.0011667499784380198,0.0012592909624800086,707772416,0.0859375,0,4,cdbb74d7ba8a,cdbb74d7ba8a
9bb35da1be21a3f8,cifar100,ssb-v5,mlp,protocol-v6,0.4,0,100,5,1,312,313,0.0012078330619260669,0.001343625015579164,707772416,0.0859375,0,4,cdbb74d7ba8a,cdbb74d7ba8a
9bb35da1be21a3f8,cifar100,ssb-v5,mlp,protocol-v6,0.4,0,100,5,1,313,314,0.0011921669356524944,0.0013437500456348062,707788800,0.09375,0,4,cdbb74d7ba8a,cdbb74d7ba8a
9bb35da1be21a3f8,cifar100,ssb-v5,mlp,protocol-v6,0.4,0,100,5,1,314,315,0.0011598749551922083,0.001296791946515441,707788800,0.0859375,0,4,cdbb74d7ba8a,cdbb74d7ba8a
9bb35da1be21a3f8,cifar100,ssb-v5,mlp,protocol-v6,0.4,0,100,5,1,315,316,0.0011654580011963844,0.0012973330449312925,707788800,0.0625,0,4,cdbb74d7ba8a,cdbb74d7ba8a
9bb35da1be21a3f8,cifar100,ssb-v5,mlp,protocol-v6,0.4,0,100,5,1,316,317,0.0011565840104594827,0.0012902920134365559,707788800,0.09375,0,4,cdbb74d7ba8a,cdbb74d7ba8a
9bb35da1be21a3f8,cifar100,ssb-v5,mlp,protocol-v6,0.4,0,100,5,1,317,318,0.0011498340172693133,0.0013379169395193458,707788800,0.1015625,0,4,cdbb74d7ba8a,cdbb74d7ba8a
9bb35da1be21a3f8,cifar100,ssb-v5,mlp,protocol-v6,0.4,0,100,5,1,318,319,0.0011512089986354113,0.0012735830387100577,707788800,0.0859375,0,4,cdbb74d7ba8a,cdbb74d7ba8a
9bb35da1be21a3f8,cifar100,ssb-v5,mlp,protocol-v6,0.4,0,100,5,1,319,320,0.0011395419714972377,0.0012685830006375909,707788800,0.1171875,0,4,cdbb74d7ba8a,cdbb74d7ba8a
9bb35da1be21a3f8,cifar100,ssb-v5,mlp,protocol-v6,0.4,0,100,5,1,320,321,0.0010883749928325415,0.0012635409366339445,707788800,0.1484375,0,4,cdbb74d7ba8a,cdbb74d7ba8a
9bb35da1be21a3f8,cifar100,ssb-v5,mlp,protocol-v6,0.4,0,100,5,1,321,322,0.0011478749802336097,0.001264292048290372,707788800,0.140625,0,4,cdbb74d7ba8a,cdbb74d7ba8a
9bb35da1be21a3f8,cifar100,ssb-v5,mlp,protocol-v6,0.4,0,100,5,1,322,323,0.001184375025331974,0.0012974590063095093,707788800,0.03125,0,4,cdbb74d7ba8a,cdbb74d7ba8a
9bb35da1be21a3f8,cifar100,ssb-v5,mlp,protocol-v6,0.4,0,100,5,1,323,324,0.0011855839984491467,0.001265374943614006,707788800,0.0703125,0,4,cdbb74d7ba8a,cdbb74d7ba8a
9bb35da1be21a3f8,cifar100,ssb-v5,mlp,protocol-v6,0.4,0,100,5,1,324,325,0.0012079159496352077,0.0013011250412091613,707788800,0.0703125,0,4,cdbb74d7ba8a,cdbb74d7ba8a
9bb35da1be21a3f8,cifar100,ssb-v5,mlp,protocol-v6,0.4,0,100,5,1,325,326,0.001197999925352633,0.0012905000476166606,707788800,0.0546875,0,4,cdbb74d7ba8a,cdbb74d7ba8a
9bb35da1be21a3f8,cifar100,ssb-v5,mlp,protocol-v6,0.4,0,100,5,1,326,327,0.0011844999389722943,0.0012721250532194972,707788800,0.0234375,0,4,cdbb74d7ba8a,cdbb74d7ba8a
9bb35da1be21a3f8,cifar100,ssb-v5,mlp,protocol-v6,0.4,0,100,5,1,327,328,0.0011034169001504779,0.0013054580194875598,707788800,0.140625,0,4,cdbb74d7ba8a,cdbb74d7ba8a
9bb35da1be21a3f8,cifar100,ssb-v5,mlp,protocol-v6,0.4,0,100,5,1,328,329,0.0011798749910667539,0.0012947909999638796,707788800,0.09375,0,4,cdbb74d7ba8a,cdbb74d7ba8a
9bb35da1be21a3f8,cifar100,ssb-v5,mlp,protocol-v6,0.4,0,100,5,1,329,330,0.0011216250713914633,0.0013278339756652713,707788800,0.1171875,0,4,cdbb74d7ba8a,cdbb74d7ba8a
9bb35da1be21a3f8,cifar100,ssb-v5,mlp,protocol-v6,0.4,0,100,5,1,330,331,0.0011237080907449126,0.001272958004847169,707788800,0.0703125,0,4,cdbb74d7ba8a,cdbb74d7ba8a
9bb35da1be21a3f8,cifar100,ssb-v5,mlp,protocol-v6,0.4,0,100,5,1,331,332,0.0011059578973799944,0.0012701660161837935,707788800,0.125,0,4,cdbb74d7ba8a,cdbb74d7ba8a
9bb35da1be21a3f8,cifar100,ssb-v5,mlp,protocol-v6,0.4,0,100,5,1,332,333,0.0011898339726030827,0.0012611249694600701,707788800,0.0625,0,4,cdbb74d7ba8a,cdbb74d7ba8a
9bb35da1be21a3f8,cifar100,ssb-v5,mlp,protocol-v6,0.4,0,100,5,1,333,334,0.0011353750014677644,0.0012942920438945293,707788800,0.1015625,0,4,cdbb74d7ba8a,cdbb74d7ba8a
9bb35da1be21a3f8,cifar100,ssb-v5,mlp,protocol-v6,0.4,0,100,5,1,334,335,0.0011472500627860427,0.0012777080992236733,707788800,0.1640625,0,4,cdbb74d7ba8a,cdbb74d7ba8a
9bb35da1be21a3f8,cifar100,ssb-v5,mlp,protocol-v6,0.4,0,100,5,1,335,336,0.0011309579713270068,0.0012641249923035502,707788800,0.0859375,0,4,cdbb74d7ba8a,cdbb74d7ba8a
9bb35da1be21a3f8,cifar100,ssb-v5,mlp,protocol-v6,0.4,0,100,5,1,336,337,0.0011237500002607703,0.0012717080535367131,707788800,0.078125,0,4,cdbb74d7ba8a,cdbb74d7ba8a
9bb35da1be21a3f8,cifar100,ssb-v5,mlp,protocol-v6,0.4,0,100,5,1,337,338,0.0011366249527782202,0.001261750003322959,707788800,0.1484375,0,4,cdbb74d7ba8a,cdbb74d7ba8a
9bb35da1be21a3f8,cifar100,ssb-v5,mlp,protocol-v6,0.4,0,100,5,1,338,339,0.0011499160900712013,0.0012645419919863343,707788800,0.109375,0,4,cdbb74d7ba8a,cdbb74d7ba8a
9bb35da1be21a3f8,cifar100,ssb-v5,mlp,protocol-v6,0.4,0,100,5,1,339,340,0.0011587500339373946,0.0012603329960256815,707788800,0.125,0,4,cdbb74d7ba8a,cdbb74d7ba8a
9bb35da1be21a3f8,cifar100,ssb-v5,mlp,protocol-v6,0.4,0,100,5,1,340,341,0.0010893329745158553,0.0012566250516101718,707788800,0.109375,0,4,cdbb74d7ba8a,cdbb74d7ba8a
9bb35da1be21a3f8,cifar100,ssb-v5,mlp,protocol-v6,0.4,0,100,5,1,341,342,0.0011175000108778477,0.0012787500163540244,707788800,0.1171875,0,4,cdbb74d7ba8a,cdbb74d7ba8a
9bb35da1be21a3f8,cifar100,ssb-v5,mlp,protocol-v6,0.4,0,100,5,1,342,343,0.001167332986369729,0.0012687910348176956,707788800,0.1796875,0,4,cdbb74d7ba8a,cdbb74d7ba8a
9bb35da1be21a3f8,cifar100,ssb-v5,mlp,protocol-v6,0.4,0,100,5,1,343,344,0.0011871249880641699,0.001334124943241477,707788800,0.1015625,0,4,cdbb74d7ba8a,cdbb74d7ba8a
9bb35da1be21a3f8,cifar100,ssb-v5,mlp,protocol-v6,0.4,0,100,5,1,344,345,0.0011953329667448997,0.0012987919617444277,707788800,0.0859375,0,4,cdbb74d7ba8a,cdbb74d7ba8a
9bb35da1be21a3f8,cifar100,ssb-v5,mlp,protocol-v6,0.4,0,100,5,1,345,346,0.001178208040073514,0.0012947909999638796,707788800,0.140625,0,4,cdbb74d7ba8a,cdbb74d7ba8a
9bb35da1be21a3f8,cifar100,ssb-v5,mlp,protocol-v6,0.4,0,100,5,1,346,347,0.0011958329705521464,0.0012745419517159462,707788800,0.125,0,4,cdbb74d7ba8a,cdbb74d7ba8a
9bb35da1be21a3f8,cifar100,ssb-v5,mlp,protocol-v6,0.4,0,100,5,1,347,348,0.0011784170055761933,0.0012703750981017947,707788800,0.1015625,0,4,cdbb74d7ba8a,cdbb74d7ba8a
9bb35da1be21a3f8,cifar100,ssb-v5,mlp,protocol-v6,0.4,0,100,5,1,348,349,0.001147374976426363,0.001288958010263741,707788800,0.078125,0,4,cdbb74d7ba8a,cdbb74d7ba8a
9bb35da1be21a3f8,cifar100,ssb-v5,mlp,protocol-v6,0.4,0,100,5,1,349,350,0.0011097081005573273,0.001353750005364418,707788800,0.1484375,0,4,cdbb74d7ba8a,cdbb74d7ba8a
9bb35da1be21a3f8,cifar100,ssb-v5,mlp,protocol-v6,0.4,0,100,5,1,350,351,0.0011371669825166464,0.0013028749963268638,707788800,0.125,0,4,cdbb74d7ba8a,cdbb74d7ba8a
9bb35da1be21a3f8,cifar100,ssb-v5,mlp,protocol-v6,0.4,0,100,5,1,351,352,0.0010915410239249468,0.0012722080573439598,707788800,0.1171875,0,4,cdbb74d7ba8a,cdbb74d7ba8a
9bb35da1be21a3f8,cifar100,ssb-v5,mlp,protocol-v6,0.4,0,100,5,1,352,353,0.0011172500671818852,0.0012747920118272305,707788800,0.109375,0,4,cdbb74d7ba8a,cdbb74d7ba8a
9bb35da1be21a3f8,cifar100,ssb-v5,mlp,protocol-v6,0.4,0,100,5,1,353,354,0.0011261249892413616,0.001290790969505906,707788800,0.109375,0,4,cdbb74d7ba8a,cdbb74d7ba8a
9bb35da1be21a3f8,cifar100,ssb-v5,mlp,protocol-v6,0.4,0,100,5,1,354,355,0.0011254580458626151,0.0012902920134365559,707788800,0.1015625,0,4,cdbb74d7ba8a,cdbb74d7ba8a
9bb35da1be21a3f8,cifar100,ssb-v5,mlp,protocol-v6,0.4,0,100,5,1,355,356,0.0011565000750124454,0.0012739159865304828,707788800,0.078125,0,4,cdbb74d7ba8a,cdbb74d7ba8a
9bb35da1be21a3f8,cifar100,ssb-v5,mlp,protocol-v6,0.4,0,100,5,1,356,357,0.001160499989055097,0.0013033750001341105,707788800,0.140625,0,4,cdbb74d7ba8a,cdbb74d7ba8a
9bb35da1be21a3f8,cifar100,ssb-v5,mlp,protocol-v6,0.4,0,100,5,1,357,358,0.0011299579637125134,0.0012560830218717456,707788800,0.109375,0,4,cdbb74d7ba8a,cdbb74d7ba8a
9bb35da1be21a3f8,cifar100,ssb-v5,mlp,protocol-v6,0.4,0,100,5,1,358,359,0.0011081250850111246,0.001275166985578835,707788800,0.1328125,0,4,cdbb74d7ba8a,cdbb74d7ba8a
9bb35da1be21a3f8,cifar100,ssb-v5,mlp,protocol-v6,0.4,0,100,5,1,359,360,0.001104583963751793,0.001269665895961225,707788800,0.109375,0,4,cdbb74d7ba8a,cdbb74d7ba8a
9bb35da1be21a3f8,cifar100,ssb-v5,mlp,protocol-v6,0.4,0,100,5,1,360,361,0.0011433330364525318,0.0012795410584658384,707788800,0.140625,0,4,cdbb74d7ba8a,cdbb74d7ba8a
9bb35da1be21a3f8,cifar100,ssb-v5,mlp,protocol-v6,0.4,0,100,5,1,361,362,0.001085250056348741,0.0012659999774768949,707788800,0.0859375,0,4,cdbb74d7ba8a,cdbb74d7ba8a
9bb35da1be21a3f8,cifar100,ssb-v5,mlp,protocol-v6,0.4,0,100,5,1,362,363,0.0011269589886069298,0.0012585000367835164,707805184,0.1015625,0,4,cdbb74d7ba8a,cdbb74d7ba8a
9bb35da1be21a3f8,cifar100,ssb-v5,mlp,protocol-v6,0.4,0,100,5,1,363,364,0.001135875005275011,0.0012914169346913695,707805184,0.1015625,0,4,cdbb74d7ba8a,cdbb74d7ba8a
9bb35da1be21a3f8,cifar100,ssb-v5,mlp,protocol-v6,0.4,0,100,5,1,364,365,0.0011157920816913247,0.0012634999584406614,707805184,0.15625,0,4,cdbb74d7ba8a,cdbb74d7ba8a
9bb35da1be21a3f8,cifar100,ssb-v5,mlp,protocol-v6,0.4,0,100,5,1,365,366,0.001071374979801476,0.0012588329846039414,707805184,0.125,0,4,cdbb74d7ba8a,cdbb74d7ba8a
9bb35da1be21a3f8,cifar100,ssb-v5,mlp,protocol-v6,0.4,0,100,5,1,366,367,0.0010896670864894986,0.0012651249999180436,707805184,0.109375,0,4,cdbb74d7ba8a,cdbb74d7ba8a
9bb35da1be21a3f8,cifar100,ssb-v5,mlp,protocol-v6,0.4,0,100,5,1,367,368,0.0011296659940853715,0.0012636249884963036,707805184,0.1171875,0,4,cdbb74d7ba8a,cdbb74d7ba8a
9bb35da1be21a3f8,cifar100,ssb-v5,mlp,protocol-v6,0.4,0,100,5,1,368,369,0.0011357089970260859,0.0013029159745201468,707805184,0.1171875,0,4,cdbb74d7ba8a,cdbb74d7ba8a
9bb35da1be21a3f8,cifar100,ssb-v5,mlp,protocol-v6,0.4,0,100,5,1,369,370,0.0011478329543024302,0.0013182500842958689,707805184,0.0625,0,4,cdbb74d7ba8a,cdbb74d7ba8a
9bb35da1be21a3f8,cifar100,ssb-v5,mlp,protocol-v6,0.4,0,100,5,1,370,371,0.001154041034169495,0.0013418750604614615,707805184,0.1015625,0,4,cdbb74d7ba8a,cdbb74d7ba8a
9bb35da1be21a3f8,cifar100,ssb-v5,mlp,protocol-v6,0.4,0,100,5,1,371,372,0.00118695804849267,0.001293000066652894,707805184,0.0625,0,4,cdbb74d7ba8a,cdbb74d7ba8a
9bb35da1be21a3f8,cifar100,ssb-v5,mlp,protocol-v6,0.4,0,100,5,1,372,373,0.0011419170768931508,0.0012747920118272305,707805184,0.078125,0,4,cdbb74d7ba8a,cdbb74d7ba8a
9bb35da1be21a3f8,cifar100,ssb-v5,mlp,protocol-v6,0.4,0,100,5,1,373,374,0.001151458011008799,0.0012887080665677786,707805184,0.0703125,0,4,cdbb74d7ba8a,cdbb74d7ba8a
9bb35da1be21a3f8,cifar100,ssb-v5,mlp,protocol-v6,0.4,0,100,5,1,374,375,0.001138624968007207,0.0012824579607695341,707805184,0.109375,0,4,cdbb74d7ba8a,cdbb74d7ba8a
9bb35da1be21a3f8,cifar100,ssb-v5,mlp,protocol-v6,0.4,0,100,5,1,375,376,0.0010974169708788395,0.0012701250379905105,707805184,0.1484375,0,4,cdbb74d7ba8a,cdbb74d7ba8a
9bb35da1be21a3f8,cifar100,ssb-v5,mlp,protocol-v6,0.4,0,100,5,1,376,377,0.0011038751108571887,0.0012573330895975232,707805184,0.09375,0,4,cdbb74d7ba8a,cdbb74d7ba8a
9bb35da1be21a3f8,cifar100,ssb-v5,mlp,protocol-v6,0.4,0,100,5,1,377,378,0.001294667017646134,0.0012876670807600021,707805184,0.09375,0,4,cdbb74d7ba8a,cdbb74d7ba8a
9bb35da1be21a3f8,cifar100,ssb-v5,mlp,protocol-v6,0.4,0,100,5,1,378,379,0.0011307080276310444,0.0012865840690210462,707805184,0.109375,0,4,cdbb74d7ba8a,cdbb74d7ba8a
9bb35da1be21a3f8,cifar100,ssb-v5,mlp,protocol-v6,0.4,0,100,5,1,379,380,0.001119874999858439,0.0012587920064106584,707805184,0.1640625,0,4,cdbb74d7ba8a,cdbb74d7ba8a
9bb35da1be21a3f8,cifar100,ssb-v5,mlp,protocol-v6,0.4,0,100,5,1,380,381,0.0011107920436188579,0.0012612499995157123,707805184,0.09375,0,4,cdbb74d7ba8a,cdbb74d7ba8a
9bb35da1be21a3f8,cifar100,ssb-v5,mlp,protocol-v6,0.4,0,100,5,1,381,382,0.0011782499495893717,0.0012696669436991215,707805184,0.1015625,0,4,cdbb74d7ba8a,cdbb74d7ba8a
9bb35da1be21a3f8,cifar100,ssb-v5,mlp,protocol-v6,0.4,0,100,5,1,382,383,0.0011480419198051095,0.0012870419304817915,707805184,0.140625,0,4,cdbb74d7ba8a,cdbb74d7ba8a
9bb35da1be21a3f8,cifar100,ssb-v5,mlp,protocol-v6,0.4,0,100,5,1,383,384,0.001134042046032846,0.001283584046177566,707805184,0.0859375,0,4,cdbb74d7ba8a,cdbb74d7ba8a
9bb35da1be21a3f8,cifar100,ssb-v5,mlp,protocol-v6,0.4,0,100,5,1,384,385,0.0011849590810015798,0.0012622500071302056,707805184,0.09375,0,4,cdbb74d7ba8a,cdbb74d7ba8a
9bb35da1be21a3f8,cifar100,ssb-v5,mlp,protocol-v6,0.4,0,100,5,1,385,386,0.0011729169636964798,0.001300457981415093,707805184,0.1328125,0,4,cdbb74d7ba8a,cdbb74d7ba8a
9bb35da1be21a3f8,cifar100,ssb-v5,mlp,protocol-v6,0.4,0,100,5,1,386,387,0.001132291043177247,0.0012792920460924506,707805184,0.1015625,0,4,cdbb74d7ba8a,cdbb74d7ba8a
9bb35da1be21a3f8,cifar100,ssb-v5,mlp,protocol-v6,0.4,0,100,5,1,387,388,0.0011407079873606563,0.0012984999921172857,707805184,0.109375,0,4,cdbb74d7ba8a,cdbb74d7ba8a
9bb35da1be21a3f8,cifar100,ssb-v5,mlp,protocol-v6,0.4,0,100,5,1,388,389,0.0010889170225709677,0.0012582080671563745,707805184,0.1328125,0,4,cdbb74d7ba8a,cdbb74d7ba8a
9bb35da1be21a3f8,cifar100,ssb-v5,mlp,protocol-v6,0.4,0,100,5,1,389,390,0.0011864160187542439,0.0012678750790655613,707805184,0.1171875,0,4,cdbb74d7ba8a,cdbb74d7ba8a
9bb35da1be21a3f8,cifar100,ssb-v5,mlp,protocol-v6,0.4,0,100,5,1,390,391,0.0034846250200644135,0.033121207961812615,713637888,0.1,0,4,cdbb74d7ba8a,cdbb74d7ba8a
9bb35da1be21a3f8,cifar100,ssb-v5,mlp,protocol-v6,0.4,0,100,5,2,0,392,0.001357792061753571,0.0015347080770879984,719634432,0.09375,0,4,cdbb74d7ba8a,cdbb74d7ba8a
9bb35da1be21a3f8,cifar100,ssb-v5,mlp,protocol-v6,0.4,0,100,5,2,1,393,0.0012070840457454324,0.001495208009146154,721207296,0.0625,0,4,cdbb74d7ba8a,cdbb74d7ba8a
9bb35da1be21a3f8,cifar100,ssb-v5,mlp,protocol-v6,0.4,0,100,5,2,2,394,0.001249167020432651,0.0013710000785067677,721207296,0.109375,0,4,cdbb74d7ba8a,cdbb74d7ba8a
9bb35da1be21a3f8,cifar100,ssb-v5,mlp,protocol-v6,0.4,0,100,5,2,3,395,0.0012564590433612466,0.001331667066551745,721207296,0.1015625,0,4,cdbb74d7ba8a,cdbb74d7ba8a
9bb35da1be21a3f8,cifar100,ssb-v5,mlp,protocol-v6,0.4,0,100,5,2,4,396,0.0011591669172048569,0.0013197920052334666,721207296,0.09375,0,4,cdbb74d7ba8a,cdbb74d7ba8a
9bb35da1be21a3f8,cifar100,ssb-v5,mlp,protocol-v6,0.4,0,100,5,2,5,397,0.0011179998982697725,0.001301957992836833,721207296,0.109375,0,4,cdbb74d7ba8a,cdbb74d7ba8a
9bb35da1be21a3f8,cifar100,ssb-v5,mlp,protocol-v6,0.4,0,100,5,2,6,398,0.0011469169985502958,0.0014232499524950981,721207296,0.1484375,0,4,cdbb74d7ba8a,cdbb74d7ba8a
9bb35da1be21a3f8,cifar100,ssb-v5,mlp,protocol-v6,0.4,0,100,5,2,7,399,0.0011395839974284172,0.0012950830860063434,721207296,0.1484375,0,4,cdbb74d7ba8a,cdbb74d7ba8a
9bb35da1be21a3f8,cifar100,ssb-v5,mlp,protocol-v6,0.4,0,100,5,2,8,400,0.0010847910307347775,0.0012843749718740582,721207296,0.125,1,5,cdbb74d7ba8a,bf2b2d0a6a03
9bb35da1be21a3f8,cifar100,ssb-v5,mlp,protocol-v6,0.4,0,100,5,2,9,401,0.0011838750215247273,0.0012864170130342245,721207296,0.015625,0,5,bf2b2d0a6a03,bf2b2d0a6a03
9bb35da1be21a3f8,cifar100,ssb-v5,mlp,protocol-v6,0.4,0,100,5,2,10,402,0.0011909590102732182,0.0012998749734833837,721207296,0.0625,0,5,bf2b2d0a6a03,bf2b2d0a6a03
9bb35da1be21a3f8,cifar100,ssb-v5,mlp,protocol-v6,0.4,0,100,5,2,11,403,0.0011117920512333512,0.00128670793492347,721207296,0.0546875,0,5,bf2b2d0a6a03,bf2b2d0a6a03
9bb35da1be21a3f8,cifar100,ssb-v5,mlp,protocol-v6,0.4,0,100,5,2,12,404,0.0011486670700833201,0.001315249945037067,721207296,0.0703125,0,5,bf2b2d0a6a03,bf2b2d0a6a03
9bb35da1be21a3f8,cifar100,ssb-v5,mlp,protocol-v6,0.4,0,100,5,2,13,405,0.0011717500165104866,0.0013076249742880464,721207296,0.1171875,0,5,bf2b2d0a6a03,bf2b2d0a6a03
9bb35da1be21a3f8,cifar100,ssb-v5,mlp,protocol-v6,0.4,0,100,5,2,14,406,0.0011493329657241702,0.0013049159897491336,721207296,0.0703125,0,5,bf2b2d0a6a03,bf2b2d0a6a03
9bb35da1be21a3f8,cifar100,ssb-v5,mlp,protocol-v6,0.4,0,100,5,2,15,407,0.0011904590064659715,0.0012904589530080557,721207296,0.125,0,5,bf2b2d0a6a03,bf2b2d0a6a03
9bb35da1be21a3f8,cifar100,ssb-v5,mlp,protocol-v6,0.4,0,100,5,2,16,408,0.001154916943050921,0.001310999970883131,721207296,0.140625,0,5,bf2b2d0a6a03,bf2b2d0a6a03
9bb35da1be21a3f8,cifar100,ssb-v5,mlp,protocol-v6,0.4,0,100,5,2,17,409,0.0011999589623883367,0.001307375030592084,721207296,0.0859375,0,5,bf2b2d0a6a03,bf2b2d0a6a03
9bb35da1be21a3f8,cifar100,ssb-v5,mlp,protocol-v6,0.4,0,100,5,2,18,410,0.0011000409722328186,0.0012819590047001839,721240064,0.0859375,0,5,bf2b2d0a6a03,bf2b2d0a6a03
9bb35da1be21a3f8,cifar100,ssb-v5,mlp,protocol-v6,0.4,0,100,5,2,19,411,0.0011199580039829016,0.0012895000400021672,721240064,0.140625,0,5,bf2b2d0a6a03,bf2b2d0a6a03
9bb35da1be21a3f8,cifar100,ssb-v5,mlp,protocol-v6,0.4,0,100,5,2,20,412,0.0010968750575557351,0.0012796659721061587,721240064,0.03125,0,5,bf2b2d0a6a03,bf2b2d0a6a03
9bb35da1be21a3f8,cifar100,ssb-v5,mlp,protocol-v6,0.4,0,100,5,2,21,413,0.0011851249728351831,0.0012854170054197311,721240064,0.09375,0,5,bf2b2d0a6a03,bf2b2d0a6a03
9bb35da1be21a3f8,cifar100,ssb-v5,mlp,protocol-v6,0.4,0,100,5,2,22,414,0.0011590829817578197,0.0013286249013617635,721403904,0.078125,0,5,bf2b2d0a6a03,bf2b2d0a6a03
9bb35da1be21a3f8,cifar100,ssb-v5,mlp,protocol-v6,0.4,0,100,5,2,23,415,0.0012189170811325312,0.0013683750294148922,721403904,0.078125,0,5,bf2b2d0a6a03,bf2b2d0a6a03
9bb35da1be21a3f8,cifar100,ssb-v5,mlp,protocol-v6,0.4,0,100,5,2,24,416,0.0011685829376801848,0.0013049580156803131,721403904,0.1015625,0,5,bf2b2d0a6a03,bf2b2d0a6a03
9bb35da1be21a3f8,cifar100,ssb-v5,mlp,protocol-v6,0.4,0,100,5,2,25,417,0.0012197080068290234,0.0013123750686645508,721403904,0.1328125,0,5,bf2b2d0a6a03,bf2b2d0a6a03
9bb35da1be21a3f8,cifar100,ssb-v5,mlp,protocol-v6,0.4,0,100,5,2,26,418,0.0011360000353306532,0.0013379580341279507,721403904,0.1171875,0,5,bf2b2d0a6a03,bf2b2d0a6a03
9bb35da1be21a3f8,cifar100,ssb-v5,mlp,protocol-v6,0.4,0,100,5,2,27,419,0.0012224169913679361,0.00129725004080683,721403904,0.1171875,0,5,bf2b2d0a6a03,bf2b2d0a6a03
9bb35da1be21a3f8,cifar100,ssb-v5,mlp,protocol-v6,0.4,0,100,5,2,28,420,0.0011417500209063292,0.0012940409360453486,721403904,0.109375,0,5,bf2b2d0a6a03,bf2b2d0a6a03
9bb35da1be21a3f8,cifar100,ssb-v5,mlp,protocol-v6,0.4,0,100,5,2,29,421,0.001144707901403308,0.0012918340507894754,721403904,0.078125,0,5,bf2b2d0a6a03,bf2b2d0a6a03
9bb35da1be21a3f8,cifar100,ssb-v5,mlp,protocol-v6,0.4,0,100,5,2,30,422,0.0011451250175014138,0.0012836660025641322,721403904,0.0859375,0,5,bf2b2d0a6a03,bf2b2d0a6a03
9bb35da1be21a3f8,cifar100,ssb-v5,mlp,protocol-v6,0.4,0,100,5,2,31,423,0.0011839579092338681,0.0012823339784517884,721403904,0.0703125,0,5,bf2b2d0a6a03,bf2b2d0a6a03
9bb35da1be21a3f8,cifar100,ssb-v5,mlp,protocol-v6,0.4,0,100,5,2,32,424,0.0011877920478582382,0.0012770419707521796,721403904,0.1171875,0,5,bf2b2d0a6a03,bf2b2d0a6a03
9bb35da1be21a3f8,cifar100,ssb-v5,mlp,protocol-v6,0.4,0,100,5,2,33,425,0.0011839999351650476,0.0012931249802932143,721403904,0.1328125,0,5,bf2b2d0a6a03,bf2b2d0a6a03
9bb35da1be21a3f8,cifar100,ssb-v5,mlp,protocol-v6,0.4,0,100,5,2,34,426,0.0011911659967154264,0.0012840830022469163,721403904,0.0546875,0,5,bf2b2d0a6a03,bf2b2d0a6a03
9bb35da1be21a3f8,cifar100,ssb-v5,mlp,protocol-v6,0.4,0,100,5,2,35,427,0.0011928339954465628,0.001488375011831522,721403904,0.0703125,0,5,bf2b2d0a6a03,bf2b2d0a6a03
9bb35da1be21a3f8,cifar100,ssb-v5,mlp,protocol-v6,0.4,0,100,5,2,36,428,0.0011884579434990883,0.001267957966774702,721403904,0.0625,0,5,bf2b2d0a6a03,bf2b2d0a6a03
9bb35da1be21a3f8,cifar100,ssb-v5,mlp,protocol-v6,0.4,0,100,5,2,37,429,0.0011379579082131386,0.001274166046641767,721403904,0.0546875,0,5,bf2b2d0a6a03,bf2b2d0a6a03
9bb35da1be21a3f8,cifar100,ssb-v5,mlp,protocol-v6,0.4,0,100,5,2,38,430,0.001139082945883274,0.0012882500886917114,721403904,0.109375,0,5,bf2b2d0a6a03,bf2b2d0a6a03
9bb35da1be21a3f8,cifar100,ssb-v5,mlp,protocol-v6,0.4,0,100,5,2,39,431,0.0011232909746468067,0.0012860840652137995,721403904,0.1171875,0,5,bf2b2d0a6a03,bf2b2d0a6a03
9bb35da1be21a3f8,cifar100,ssb-v5,mlp,protocol-v6,0.4,0,100,5,2,40,432,0.0011819169158115983,0.0012963330373167992,721403904,0.09375,0,5,bf2b2d0a6a03,bf2b2d0a6a03
9bb35da1be21a3f8,cifar100,ssb-v5,mlp,protocol-v6,0.4,0,100,5,2,41,433,0.001099916989915073,0.0012832499342039227,721403904,0.1640625,0,5,bf2b2d0a6a03,bf2b2d0a6a03
9bb35da1be21a3f8,cifar100,ssb-v5,mlp,protocol-v6,0.4,0,100,5,2,42,434,0.0011297500459477305,0.0012704170076176524,721403904,0.1484375,0,5,bf2b2d0a6a03,bf2b2d0a6a03
9bb35da1be21a3f8,cifar100,ssb-v5,mlp,protocol-v6,0.4,0,100,5,2,43,435,0.0011378340423107147,0.0012585829244926572,721403904,0.078125,0,5,bf2b2d0a6a03,bf2b2d0a6a03
9bb35da1be21a3f8,cifar100,ssb-v5,mlp,protocol-v6,0.4,0,100,5,2,44,436,0.0011357920011505485,0.0012859581038355827,721403904,0.1796875,0,5,bf2b2d0a6a03,bf2b2d0a6a03
9bb35da1be21a3f8,cifar100,ssb-v5,mlp,protocol-v6,0.4,0,100,5,2,45,437,0.0011634579859673977,0.0012742909602820873,721403904,0.1015625,0,5,bf2b2d0a6a03,bf2b2d0a6a03
9bb35da1be21a3f8,cifar100,ssb-v5,mlp,protocol-v6,0.4,0,100,5,2,46,438,0.0011479170061647892,0.0012877089902758598,721403904,0.125,0,5,bf2b2d0a6a03,bf2b2d0a6a03
9bb35da1be21a3f8,cifar100,ssb-v5,mlp,protocol-v6,0.4,0,100,5,2,47,439,0.001110499957576394,0.0012830410851165652,721403904,0.1015625,0,5,bf2b2d0a6a03,bf2b2d0a6a03
9bb35da1be21a3f8,cifar100,ssb-v5,mlp,protocol-v6,0.4,0,100,5,2,48,440,0.0011500830296427011,0.0012969999806955457,721403904,0.1328125,0,5,bf2b2d0a6a03,bf2b2d0a6a03
9bb35da1be21a3f8,cifar100,ssb-v5,mlp,protocol-v6,0.4,0,100,5,2,49,441,0.0011505000293254852,0.0012818330433219671,721403904,0.078125,0,5,bf2b2d0a6a03,bf2b2d0a6a03
9bb35da1be21a3f8,cifar100,ssb-v5,mlp,protocol-v6,0.4,0,100,5,2,50,442,0.001088457996957004,0.0012859581038355827,721403904,0.1328125,0,5,bf2b2d0a6a03,bf2b2d0a6a03
9bb35da1be21a3f8,cifar100,ssb-v5,mlp,protocol-v6,0.4,0,100,5,2,51,443,0.001186167006380856,0.0012777079828083515,721403904,0.09375,0,5,bf2b2d0a6a03,bf2b2d0a6a03
9bb35da1be21a3f8,cifar100,ssb-v5,mlp,protocol-v6,0.4,0,100,5,2,52,444,0.001096708932891488,0.0012614999432116747,721403904,0.1171875,0,5,bf2b2d0a6a03,bf2b2d0a6a03
9bb35da1be21a3f8,cifar100,ssb-v5,mlp,protocol-v6,0.4,0,100,5,2,53,445,0.0011847499990835786,0.0012917499989271164,721403904,0.1640625,0,5,bf2b2d0a6a03,bf2b2d0a6a03
9bb35da1be21a3f8,cifar100,ssb-v5,mlp,protocol-v6,0.4,0,100,5,2,54,446,0.0010911669814959168,0.0012838750844821334,721403904,0.078125,0,5,bf2b2d0a6a03,bf2b2d0a6a03
9bb35da1be21a3f8,cifar100,ssb-v5,mlp,protocol-v6,0.4,0,100,5,2,55,447,0.0011375410249456763,0.0012751249596476555,721403904,0.109375,0,5,bf2b2d0a6a03,bf2b2d0a6a03
9bb35da1be21a3f8,cifar100,ssb-v5,mlp,protocol-v6,0.4,0,100,5,2,56,448,0.0011226249625906348,0.0012638330226764083,721403904,0.1015625,0,5,bf2b2d0a6a03,bf2b2d0a6a03
9bb35da1be21a3f8,cifar100,ssb-v5,mlp,protocol-v6,0.4,0,100,5,2,57,449,0.001088457996957004,0.0012753750197589397,721403904,0.09375,0,5,bf2b2d0a6a03,bf2b2d0a6a03
9bb35da1be21a3f8,cifar100,ssb-v5,mlp,protocol-v6,0.4,0,100,5,2,58,450,0.0011282910127192736,0.0012931249802932143,721420288,0.1171875,0,5,bf2b2d0a6a03,bf2b2d0a6a03
9bb35da1be21a3f8,cifar100,ssb-v5,mlp,protocol-v6,0.4,0,100,5,2,59,451,0.001125000067986548,0.0012801249977201223,721420288,0.1328125,0,5,bf2b2d0a6a03,bf2b2d0a6a03
9bb35da1be21a3f8,cifar100,ssb-v5,mlp,protocol-v6,0.4,0,100,5,2,60,452,0.001181500032544136,0.0012807500315830112,721420288,0.078125,0,5,bf2b2d0a6a03,bf2b2d0a6a03
9bb35da1be21a3f8,cifar100,ssb-v5,mlp,protocol-v6,0.4,0,100,5,2,61,453,0.0011299169855192304,0.0012750419555231929,721420288,0.125,0,5,bf2b2d0a6a03,bf2b2d0a6a03
9bb35da1be21a3f8,cifar100,ssb-v5,mlp,protocol-v6,0.4,0,100,5,2,62,454,0.0011734579456970096,0.0012713749893009663,721420288,0.078125,0,5,bf2b2d0a6a03,bf2b2d0a6a03
9bb35da1be21a3f8,cifar100,ssb-v5,mlp,protocol-v6,0.4,0,100,5,2,63,455,0.001137999934144318,0.0013058750191703439,721420288,0.1171875,0,5,bf2b2d0a6a03,bf2b2d0a6a03
9bb35da1be21a3f8,cifar100,ssb-v5,mlp,protocol-v6,0.4,0,100,5,2,64,456,0.0011244170600548387,0.001269875094294548,721420288,0.140625,0,5,bf2b2d0a6a03,bf2b2d0a6a03
9bb35da1be21a3f8,cifar100,ssb-v5,mlp,protocol-v6,0.4,0,100,5,2,65,457,0.001091292011551559,0.0012773749185726047,721420288,0.109375,0,5,bf2b2d0a6a03,bf2b2d0a6a03
9bb35da1be21a3f8,cifar100,ssb-v5,mlp,protocol-v6,0.4,0,100,5,2,66,458,0.0011794589227065444,0.0012748329900205135,721420288,0.140625,0,5,bf2b2d0a6a03,bf2b2d0a6a03
9bb35da1be21a3f8,cifar100,ssb-v5,mlp,protocol-v6,0.4,0,100,5,2,67,459,0.0011955000227317214,0.0012787500163540244,721420288,0.140625,0,5,bf2b2d0a6a03,bf2b2d0a6a03
9bb35da1be21a3f8,cifar100,ssb-v5,mlp,protocol-v6,0.4,0,100,5,2,68,460,0.0011238750303164124,0.0012824999867007136,721420288,0.1796875,0,5,bf2b2d0a6a03,bf2b2d0a6a03
9bb35da1be21a3f8,cifar100,ssb-v5,mlp,protocol-v6,0.4,0,100,5,2,69,461,0.001084082992747426,0.0012627500109374523,721420288,0.1328125,0,5,bf2b2d0a6a03,bf2b2d0a6a03
9bb35da1be21a3f8,cifar100,ssb-v5,mlp,protocol-v6,0.4,0,100,5,2,70,462,0.0011812499724328518,0.0012838339898735285,721420288,0.1171875,0,5,bf2b2d0a6a03,bf2b2d0a6a03
9bb35da1be21a3f8,cifar100,ssb-v5,mlp,protocol-v6,0.4,0,100,5,2,71,463,0.0010935000609606504,0.0012764580314978957,721420288,0.15625,0,5,bf2b2d0a6a03,bf2b2d0a6a03
9bb35da1be21a3f8,cifar100,ssb-v5,mlp,protocol-v6,0.4,0,100,5,2,72,464,0.0011876249918714166,0.001277000061236322,721436672,0.1484375,0,5,bf2b2d0a6a03,bf2b2d0a6a03
9bb35da1be21a3f8,cifar100,ssb-v5,mlp,protocol-v6,0.4,0,100,5,2,73,465,0.0011932080378755927,0.0012770409230142832,721436672,0.1640625,0,5,bf2b2d0a6a03,bf2b2d0a6a03
9bb35da1be21a3f8,cifar100,ssb-v5,mlp,protocol-v6,0.4,0,100,5,2,74,466,0.0011753749568015337,0.0012752499897032976,721436672,0.1015625,0,5,bf2b2d0a6a03,bf2b2d0a6a03
9bb35da1be21a3f8,cifar100,ssb-v5,mlp,protocol-v6,0.4,0,100,5,2,75,467,0.0011769579723477364,0.0012794160284101963,721436672,0.1015625,0,5,bf2b2d0a6a03,bf2b2d0a6a03
9bb35da1be21a3f8,cifar100,ssb-v5,mlp,protocol-v6,0.4,0,100,5,2,76,468,0.0011279589962214231,0.0012901249574497342,721436672,0.140625,0,5,bf2b2d0a6a03,bf2b2d0a6a03
9bb35da1be21a3f8,cifar100,ssb-v5,mlp,protocol-v6,0.4,0,100,5,2,77,469,0.0010883330833166838,0.0012738329824060202,721436672,0.1484375,0,5,bf2b2d0a6a03,bf2b2d0a6a03
9bb35da1be21a3f8,cifar100,ssb-v5,mlp,protocol-v6,0.4,0,100,5,2,78,470,0.0011389160063117743,0.0012762920232489705,721436672,0.109375,0,5,bf2b2d0a6a03,bf2b2d0a6a03
9bb35da1be21a3f8,cifar100,ssb-v5,mlp,protocol-v6,0.4,0,100,5,2,79,471,0.001179708051495254,0.0012755830539390445,721436672,0.1484375,0,5,bf2b2d0a6a03,bf2b2d0a6a03
9bb35da1be21a3f8,cifar100,ssb-v5,mlp,protocol-v6,0.4,0,100,5,2,80,472,0.0013007080415263772,0.0012704589171335101,721436672,0.1484375,0,5,bf2b2d0a6a03,bf2b2d0a6a03
9bb35da1be21a3f8,cifar100,ssb-v5,mlp,protocol-v6,0.4,0,100,5,2,81,473,0.0011266251094639301,0.001268541906028986,721436672,0.1484375,0,5,bf2b2d0a6a03,bf2b2d0a6a03
9bb35da1be21a3f8,cifar100,ssb-v5,mlp,protocol-v6,0.4,0,100,5,2,82,474,0.0010812919354066253,0.0012869170168414712,721436672,0.2109375,0,5,bf2b2d0a6a03,bf2b2d0a6a03
9bb35da1be21a3f8,cifar100,ssb-v5,mlp,protocol-v6,0.4,0,100,5,2,83,475,0.001091624959371984,0.0012644999660551548,721436672,0.1328125,0,5,bf2b2d0a6a03,bf2b2d0a6a03
9bb35da1be21a3f8,cifar100,ssb-v5,mlp,protocol-v6,0.4,0,100,5,2,84,476,0.001124541973695159,0.0012790840119123459,721436672,0.1171875,0,5,bf2b2d0a6a03,bf2b2d0a6a03
9bb35da1be21a3f8,cifar100,ssb-v5,mlp,protocol-v6,0.4,0,100,5,2,85,477,0.001120207947678864,0.0012783329002559185,721436672,0.125,0,5,bf2b2d0a6a03,bf2b2d0a6a03
9bb35da1be21a3f8,cifar100,ssb-v5,mlp,protocol-v6,0.4,0,100,5,2,86,478,0.0011825839756056666,0.0012752920156344771,721436672,0.125,0,5,bf2b2d0a6a03,bf2b2d0a6a03
9bb35da1be21a3f8,cifar100,ssb-v5,mlp,protocol-v6,0.4,0,100,5,2,87,479,0.0011327080428600311,0.0012677919585257769,721436672,0.125,0,5,bf2b2d0a6a03,bf2b2d0a6a03
9bb35da1be21a3f8,cifar100,ssb-v5,mlp,protocol-v6,0.4,0,100,5,2,88,480,0.0011753329308703542,0.0012780840042978525,721436672,0.109375,0,5,bf2b2d0a6a03,bf2b2d0a6a03
9bb35da1be21a3f8,cifar100,ssb-v5,mlp,protocol-v6,0.4,0,100,5,2,89,481,0.001169458031654358,0.001274749985896051,721436672,0.1328125,0,5,bf2b2d0a6a03,bf2b2d0a6a03
9bb35da1be21a3f8,cifar100,ssb-v5,mlp,protocol-v6,0.4,0,100,5,2,90,482,0.0010882919887080789,0.0013500840868800879,721436672,0.1484375,0,5,bf2b2d0a6a03,bf2b2d0a6a03
9bb35da1be21a3f8,cifar100,ssb-v5,mlp,protocol-v6,0.4,0,100,5,2,91,483,0.0011738750617951155,0.001284915953874588,721436672,0.1484375,0,5,bf2b2d0a6a03,bf2b2d0a6a03
9bb35da1be21a3f8,cifar100,ssb-v5,mlp,protocol-v6,0.4,0,100,5,2,92,484,0.0011817500926554203,0.0012653750600293279,721436672,0.1328125,0,5,bf2b2d0a6a03,bf2b2d0a6a03
9bb35da1be21a3f8,cifar100,ssb-v5,mlp,protocol-v6,0.4,0,100,5,2,93,485,0.0010707919718697667,0.0012622911017388105,721436672,0.140625,0,5,bf2b2d0a6a03,bf2b2d0a6a03
9bb35da1be21a3f8,cifar100,ssb-v5,mlp,protocol-v6,0.4,0,100,5,2,94,486,0.0011161250295117497,0.0012760830577462912,721436672,0.125,0,5,bf2b2d0a6a03,bf2b2d0a6a03
9bb35da1be21a3f8,cifar100,ssb-v5,mlp,protocol-v6,0.4,0,100,5,2,95,487,0.0011587920598685741,0.0012707500718533993,721436672,0.1640625,0,5,bf2b2d0a6a03,bf2b2d0a6a03
9bb35da1be21a3f8,cifar100,ssb-v5,mlp,protocol-v6,0.4,0,100,5,2,96,488,0.0010862910421565175,0.0012594159925356507,721436672,0.1484375,0,5,bf2b2d0a6a03,bf2b2d0a6a03
9bb35da1be21a3f8,cifar100,ssb-v5,mlp,protocol-v6,0.4,0,100,5,2,97,489,0.00116154202260077,0.001262958045117557,721436672,0.046875,0,5,bf2b2d0a6a03,bf2b2d0a6a03
9bb35da1be21a3f8,cifar100,ssb-v5,mlp,protocol-v6,0.4,0,100,5,2,98,490,0.001136499922722578,0.0013164581032469869,721436672,0.15625,0,5,bf2b2d0a6a03,bf2b2d0a6a03
9bb35da1be21a3f8,cifar100,ssb-v5,mlp,protocol-v6,0.4,0,100,5,2,99,491,0.0011426249984651804,0.0012602090137079358,721436672,0.0546875,0,5,bf2b2d0a6a03,bf2b2d0a6a03
9bb35da1be21a3f8,cifar100,ssb-v5,mlp,protocol-v6,0.4,0,100,5,2,100,492,0.0010947079863399267,0.0012785840081050992,721436672,0.109375,0,5,bf2b2d0a6a03,bf2b2d0a6a03
9bb35da1be21a3f8,cifar100,ssb-v5,mlp,protocol-v6,0.4,0,100,5,2,101,493,0.0011863750405609608,0.0012709159636870027,721436672,0.1171875,0,5,bf2b2d0a6a03,bf2b2d0a6a03
9bb35da1be21a3f8,cifar100,ssb-v5,mlp,protocol-v6,0.4,0,100,5,2,102,494,0.0011905829887837172,0.0012931660749018192,721436672,0.1328125,0,5,bf2b2d0a6a03,bf2b2d0a6a03
9bb35da1be21a3f8,cifar100,ssb-v5,mlp,protocol-v6,0.4,0,100,5,2,103,495,0.001132874982431531,0.0012785419821739197,721436672,0.09375,0,5,bf2b2d0a6a03,bf2b2d0a6a03
9bb35da1be21a3f8,cifar100,ssb-v5,mlp,protocol-v6,0.4,0,100,5,2,104,496,0.0012010829523205757,0.0012781668920069933,721436672,0.0859375,0,5,bf2b2d0a6a03,bf2b2d0a6a03
9bb35da1be21a3f8,cifar100,ssb-v5,mlp,protocol-v6,0.4,0,100,5,2,105,497,0.0011182079324498773,0.0013214580249041319,721436672,0.1015625,0,5,bf2b2d0a6a03,bf2b2d0a6a03
9bb35da1be21a3f8,cifar100,ssb-v5,mlp,protocol-v6,0.4,0,100,5,2,106,498,0.0011164579773321748,0.0012804589932784438,721436672,0.140625,0,5,bf2b2d0a6a03,bf2b2d0a6a03
9bb35da1be21a3f8,cifar100,ssb-v5,mlp,protocol-v6,0.4,0,100,5,2,107,499,0.0011104169534519315,0.0013165830168873072,721436672,0.0859375,0,5,bf2b2d0a6a03,bf2b2d0a6a03
9bb35da1be21a3f8,cifar100,ssb-v5,mlp,protocol-v6,0.4,0,100,5,2,108,500,0.0011547909816727042,0.0013767499476671219,721436672,0.171875,1,6,bf2b2d0a6a03,16f44e864bfa
9bb35da1be21a3f8,cifar100,ssb-v5,mlp,protocol-v6,0.4,0,100,5,2,109,501,0.0011128749465569854,0.0012829999905079603,721436672,0.0390625,0,6,16f44e864bfa,16f44e864bfa
9bb35da1be21a3f8,cifar100,ssb-v5,mlp,protocol-v6,0.4,0,100,5,2,110,502,0.0011586659820750356,0.0012826250167563558,721453056,0.09375,0,6,16f44e864bfa,16f44e864bfa
9bb35da1be21a3f8,cifar100,ssb-v5,mlp,protocol-v6,0.4,0,100,5,2,111,503,0.0011297909077256918,0.0012818750692531466,721453056,0.0859375,0,6,16f44e864bfa,16f44e864bfa
9bb35da1be21a3f8,cifar100,ssb-v5,mlp,protocol-v6,0.4,0,100,5,2,112,504,0.0011329589178785682,0.0012813750654459,721453056,0.0859375,0,6,16f44e864bfa,16f44e864bfa
9bb35da1be21a3f8,cifar100,ssb-v5,mlp,protocol-v6,0.4,0,100,5,2,113,505,0.0011796660255640745,0.0012677499325945973,721453056,0.109375,0,6,16f44e864bfa,16f44e864bfa
9bb35da1be21a3f8,cifar100,ssb-v5,mlp,protocol-v6,0.4,0,100,5,2,114,506,0.0011397500056773424,0.0012876669643446803,721453056,0.1015625,0,6,16f44e864bfa,16f44e864bfa
9bb35da1be21a3f8,cifar100,ssb-v5,mlp,protocol-v6,0.4,0,100,5,2,115,507,0.0011817080667242408,0.0012678749626502395,721453056,0.109375,0,6,16f44e864bfa,16f44e864bfa
9bb35da1be21a3f8,cifar100,ssb-v5,mlp,protocol-v6,0.4,0,100,5,2,116,508,0.0011769999982789159,0.0012794999638572335,721453056,0.1328125,0,6,16f44e864bfa,16f44e864bfa
9bb35da1be21a3f8,cifar100,ssb-v5,mlp,protocol-v6,0.4,0,100,5,2,117,509,0.00112241692841053,0.0012825420126318932,721453056,0.1015625,0,6,16f44e864bfa,16f44e864bfa
9bb35da1be21a3f8,cifar100,ssb-v5,mlp,protocol-v6,0.4,0,100,5,2,118,510,0.0011302910279482603,0.0012755000498145819,721453056,0.109375,0,6,16f44e864bfa,16f44e864bfa
9bb35da1be21a3f8,cifar100,ssb-v5,mlp,protocol-v6,0.4,0,100,5,2,119,511,0.0011529159964993596,0.00128791609313339,721453056,0.140625,0,6,16f44e864bfa,16f44e864bfa
9bb35da1be21a3f8,cifar100,ssb-v5,mlp,protocol-v6,0.4,0,100,5,2,120,512,0.001174874952994287,0.0012805829755961895,721453056,0.0859375,0,6,16f44e864bfa,16f44e864bfa
9bb35da1be21a3f8,cifar100,ssb-v5,mlp,protocol-v6,0.4,0,100,5,2,121,513,0.0011809580028057098,0.001274790964089334,721453056,0.1015625,0,6,16f44e864bfa,16f44e864bfa
9bb35da1be21a3f8,cifar100,ssb-v5,mlp,protocol-v6,0.4,0,100,5,2,122,514,0.0011957921087741852,0.0012938749277964234,721453056,0.109375,0,6,16f44e864bfa,16f44e864bfa
9bb35da1be21a3f8,cifar100,ssb-v5,mlp,protocol-v6,0.4,0,100,5,2,123,515,0.0011994169326499104,0.001289582927711308,721453056,0.109375,0,6,16f44e864bfa,16f44e864bfa
9bb35da1be21a3f8,cifar100,ssb-v5,mlp,protocol-v6,0.4,0,100,5,2,124,516,0.0011367499828338623,0.0012840830022469163,721453056,0.140625,0,6,16f44e864bfa,16f44e864bfa
9bb35da1be21a3f8,cifar100,ssb-v5,mlp,protocol-v6,0.4,0,100,5,2,125,517,0.0010906659299507737,0.001413875026628375,721453056,0.0703125,0,6,16f44e864bfa,16f44e864bfa
9bb35da1be21a3f8,cifar100,ssb-v5,mlp,protocol-v6,0.4,0,100,5,2,126,518,0.0012057499261572957,0.0013582919491454959,721453056,0.125,0,6,16f44e864bfa,16f44e864bfa
9bb35da1be21a3f8,cifar100,ssb-v5,mlp,protocol-v6,0.4,0,100,5,2,127,519,0.0011750840349122882,0.0013017909368500113,721453056,0.0703125,0,6,16f44e864bfa,16f44e864bfa
9bb35da1be21a3f8,cifar100,ssb-v5,mlp,protocol-v6,0.4,0,100,5,2,128,520,0.0011734169675037265,0.0012870000209659338,721453056,0.0703125,0,6,16f44e864bfa,16f44e864bfa
9bb35da1be21a3f8,cifar100,ssb-v5,mlp,protocol-v6,0.4,0,100,5,2,129,521,0.0011075829388573766,0.001285708975046873,721453056,0.078125,0,6,16f44e864bfa,16f44e864bfa
9bb35da1be21a3f8,cifar100,ssb-v5,mlp,protocol-v6,0.4,0,100,5,2,130,522,0.0011933330679312348,0.00131108402274549,721453056,0.09375,0,6,16f44e864bfa,16f44e864bfa
9bb35da1be21a3f8,cifar100,ssb-v5,mlp,protocol-v6,0.4,0,100,5,2,131,523,0.0011765829985961318,0.0012874170206487179,721453056,0.0859375,0,6,16f44e864bfa,16f44e864bfa
9bb35da1be21a3f8,cifar100,ssb-v5,mlp,protocol-v6,0.4,0,100,5,2,132,524,0.0011677499860525131,0.0012908329954370856,721453056,0.1171875,0,6,16f44e864bfa,16f44e864bfa
9bb35da1be21a3f8,cifar100,ssb-v5,mlp,protocol-v6,0.4,0,100,5,2,133,525,0.0011190830264240503,0.0012913340469822288,721453056,0.0703125,0,6,16f44e864bfa,16f44e864bfa
9bb35da1be21a3f8,cifar100,ssb-v5,mlp,protocol-v6,0.4,0,100,5,2,134,526,0.0010872089769691229,0.0012797910021618009,721453056,0.0546875,0,6,16f44e864bfa,16f44e864bfa
9bb35da1be21a3f8,cifar100,ssb-v5,mlp,protocol-v6,0.4,0,100,5,2,135,527,0.0011936670634895563,0.0012844160664826632,721453056,0.1015625,0,6,16f44e864bfa,16f44e864bfa
9bb35da1be21a3f8,cifar100,ssb-v5,mlp,protocol-v6,0.4,0,100,5,2,136,528,0.0011911250185221434,0.0012820829870179296,721453056,0.1328125,0,6,16f44e864bfa,16f44e864bfa
9bb35da1be21a3f8,cifar100,ssb-v5,mlp,protocol-v6,0.4,0,100,5,2,137,529,0.001139041967689991,0.0012950419913977385,721453056,0.09375,0,6,16f44e864bfa,16f44e864bfa
9bb35da1be21a3f8,cifar100,ssb-v5,mlp,protocol-v6,0.4,0,100,5,2,138,530,0.001188291935250163,0.0013162500690668821,721453056,0.09375,0,6,16f44e864bfa,16f44e864bfa
9bb35da1be21a3f8,cifar100,ssb-v5,mlp,protocol-v6,0.4,0,100,5,2,139,531,0.001208583009429276,0.0012892920058220625,721453056,0.140625,0,6,16f44e864bfa,16f44e864bfa
9bb35da1be21a3f8,cifar100,ssb-v5,mlp,protocol-v6,0.4,0,100,5,2,140,532,0.0011084580328315496,0.0012955410638824105,721453056,0.109375,0,6,16f44e864bfa,16f44e864bfa
9bb35da1be21a3f8,cifar100,ssb-v5,mlp,protocol-v6,0.4,0,100,5,2,141,533,0.001180000021122396,0.00131612503901124,721453056,0.140625,0,6,16f44e864bfa,16f44e864bfa
9bb35da1be21a3f8,cifar100,ssb-v5,mlp,protocol-v6,0.4,0,100,5,2,142,534,0.0011367920087650418,0.001302708056755364,722452480,0.078125,0,6,16f44e864bfa,16f44e864bfa
9bb35da1be21a3f8,cifar100,ssb-v5,mlp,protocol-v6,0.4,0,100,5,2,143,535,0.0011867500143125653,0.0013579579535871744,722452480,0.125,0,6,16f44e864bfa,16f44e864bfa
9bb35da1be21a3f8,cifar100,ssb-v5,mlp,protocol-v6,0.4,0,100,5,2,144,536,0.0011602919548749924,0.0013132080202922225,722452480,0.078125,0,6,16f44e864bfa,16f44e864bfa
9bb35da1be21a3f8,cifar100,ssb-v5,mlp,protocol-v6,0.4,0,100,5,2,145,537,0.0011477909283712506,0.001323290984146297,722452480,0.1015625,0,6,16f44e864bfa,16f44e864bfa
9bb35da1be21a3f8,cifar100,ssb-v5,mlp,protocol-v6,0.4,0,100,5,2,146,538,0.001172084012068808,0.0013091249857097864,722452480,0.1015625,0,6,16f44e864bfa,16f44e864bfa
9bb35da1be21a3f8,cifar100,ssb-v5,mlp,protocol-v6,0.4,0,100,5,2,147,539,0.001145250047557056,0.0012988339876756072,722452480,0.1328125,0,6,16f44e864bfa,16f44e864bfa
9bb35da1be21a3f8,cifar100,ssb-v5,mlp,protocol-v6,0.4,0,100,5,2,148,540,0.0011936250375583768,0.0013142499374225736,722452480,0.125,0,6,16f44e864bfa,16f44e864bfa
9bb35da1be21a3f8,cifar100,ssb-v5,mlp,protocol-v6,0.4,0,100,5,2,149,541,0.001152541022747755,0.0012935419799759984,722452480,0.1171875,0,6,16f44e864bfa,16f44e864bfa
9bb35da1be21a3f8,cifar100,ssb-v5,mlp,protocol-v6,0.4,0,100,5,2,150,542,0.0011317499447613955,0.0012957920553162694,722452480,0.109375,0,6,16f44e864bfa,16f44e864bfa
9bb35da1be21a3f8,cifar100,ssb-v5,mlp,protocol-v6,0.4,0,100,5,2,151,543,0.0011341669596731663,0.0013052079593762755,722452480,0.109375,0,6,16f44e864bfa,16f44e864bfa
9bb35da1be21a3f8,cifar100,ssb-v5,mlp,protocol-v6,0.4,0,100,5,2,152,544,0.0011062918929383159,0.0012804169673472643,722452480,0.1171875,0,6,16f44e864bfa,16f44e864bfa
9bb35da1be21a3f8,cifar100,ssb-v5,mlp,protocol-v6,0.4,0,100,5,2,153,545,0.0011732500279322267,0.0012828749604523182,722468864,0.140625,0,6,16f44e864bfa,16f44e864bfa
9bb35da1be21a3f8,cifar100,ssb-v5,mlp,protocol-v6,0.4,0,100,5,2,154,546,0.0011291250120848417,0.0012757499935105443,722468864,0.109375,0,6,16f44e864bfa,16f44e864bfa
9bb35da1be21a3f8,cifar100,ssb-v5,mlp,protocol-v6,0.4,0,100,5,2,155,547,0.0011794170131906867,0.0013205419527366757,722468864,0.1015625,0,6,16f44e864bfa,16f44e864bfa
9bb35da1be21a3f8,cifar100,ssb-v5,mlp,protocol-v6,0.4,0,100,5,2,156,548,0.00111158296931535,0.001287457998842001,722468864,0.140625,0,6,16f44e864bfa,16f44e864bfa
9bb35da1be21a3f8,cifar100,ssb-v5,mlp,protocol-v6,0.4,0,100,5,2,157,549,0.001180000021122396,0.0012914169346913695,722468864,0.1171875,0,6,16f44e864bfa,16f44e864bfa
9bb35da1be21a3f8,cifar100,ssb-v5,mlp,protocol-v6,0.4,0,100,5,2,158,550,0.0011270829709246755,0.0012870419304817915,722468864,0.1953125,0,6,16f44e864bfa,16f44e864bfa
9bb35da1be21a3f8,cifar100,ssb-v5,mlp,protocol-v6,0.4,0,100,5,2,159,551,0.0012337079970166087,0.0013295829994603992,722468864,0.171875,0,6,16f44e864bfa,16f44e864bfa
9bb35da1be21a3f8,cifar100,ssb-v5,mlp,protocol-v6,0.4,0,100,5,2,160,552,0.001085583004169166,0.0012997080339118838,722468864,0.15625,0,6,16f44e864bfa,16f44e864bfa
9bb35da1be21a3f8,cifar100,ssb-v5,mlp,protocol-v6,0.4,0,100,5,2,161,553,0.0011533329961821437,0.0013097499031573534,722468864,0.1015625,0,6,16f44e864bfa,16f44e864bfa
9bb35da1be21a3f8,cifar100,ssb-v5,mlp,protocol-v6,0.4,0,100,5,2,162,554,0.001139917061664164,0.0013209170429036021,722468864,0.1796875,0,6,16f44e864bfa,16f44e864bfa
9bb35da1be21a3f8,cifar100,ssb-v5,mlp,protocol-v6,0.4,0,100,5,2,163,555,0.0012862499570474029,0.0013058329932391644,722485248,0.171875,0,6,16f44e864bfa,16f44e864bfa
9bb35da1be21a3f8,cifar100,ssb-v5,mlp,protocol-v6,0.4,0,100,5,2,164,556,0.0011510419426485896,0.0013007079251110554,722485248,0.125,0,6,16f44e864bfa,16f44e864bfa
9bb35da1be21a3f8,cifar100,ssb-v5,mlp,protocol-v6,0.4,0,100,5,2,165,557,0.00114716705866158,0.0013038750039413571,722485248,0.1015625,0,6,16f44e864bfa,16f44e864bfa
9bb35da1be21a3f8,cifar100,ssb-v5,mlp,protocol-v6,0.4,0,100,5,2,166,558,0.0011347500840201974,0.00127987505402416,722485248,0.1015625,0,6,16f44e864bfa,16f44e864bfa
9bb35da1be21a3f8,cifar100,ssb-v5,mlp,protocol-v6,0.4,0,100,5,2,167,559,0.0011913329362869263,0.001323582953773439,722485248,0.125,0,6,16f44e864bfa,16f44e864bfa
9bb35da1be21a3f8,cifar100,ssb-v5,mlp,protocol-v6,0.4,0,100,5,2,168,560,0.0011297910241410136,0.0013217499945312738,722485248,0.125,0,6,16f44e864bfa,16f44e864bfa
9bb35da1be21a3f8,cifar100,ssb-v5,mlp,protocol-v6,0.4,0,100,5,2,169,561,0.0011282500345259905,0.001362500013783574,722485248,0.125,0,6,16f44e864bfa,16f44e864bfa
9bb35da1be21a3f8,cifar100,ssb-v5,mlp,protocol-v6,0.4,0,100,5,2,170,562,0.0011969170300289989,0.0013149580918252468,722485248,0.140625,0,6,16f44e864bfa,16f44e864bfa
9bb35da1be21a3f8,cifar100,ssb-v5,mlp,protocol-v6,0.4,0,100,5,2,171,563,0.001166708068922162,0.0012883329764008522,722485248,0.078125,0,6,16f44e864bfa,16f44e864bfa
9bb35da1be21a3f8,cifar100,ssb-v5,mlp,protocol-v6,0.4,0,100,5,2,172,564,0.0011886660940945148,0.001284874975681305,722485248,0.109375,0,6,16f44e864bfa,16f44e864bfa
9bb35da1be21a3f8,cifar100,ssb-v5,mlp,protocol-v6,0.4,0,100,5,2,173,565,0.001196166966110468,0.0012877089902758598,722485248,0.15625,0,6,16f44e864bfa,16f44e864bfa
9bb35da1be21a3f8,cifar100,ssb-v5,mlp,protocol-v6,0.4,0,100,5,2,174,566,0.0012029579374939203,0.0012999579776078463,722485248,0.09375,0,6,16f44e864bfa,16f44e864bfa
9bb35da1be21a3f8,cifar100,ssb-v5,mlp,protocol-v6,0.4,0,100,5,2,175,567,0.0011581250000745058,0.0012802919372916222,722485248,0.1328125,0,6,16f44e864bfa,16f44e864bfa
9bb35da1be21a3f8,cifar100,ssb-v5,mlp,protocol-v6,0.4,0,100,5,2,176,568,0.0011342080542817712,0.0012805419974029064,722485248,0.0859375,0,6,16f44e864bfa,16f44e864bfa
9bb35da1be21a3f8,cifar100,ssb-v5,mlp,protocol-v6,0.4,0,100,5,2,177,569,0.0011326249223202467,0.0012914169346913695,722485248,0.125,0,6,16f44e864bfa,16f44e864bfa
9bb35da1be21a3f8,cifar100,ssb-v5,mlp,protocol-v6,0.4,0,100,5,2,178,570,0.0010801670141518116,0.0012725000269711018,722485248,0.109375,0,6,16f44e864bfa,16f44e864bfa
9bb35da1be21a3f8,cifar100,ssb-v5,mlp,protocol-v6,0.4,0,100,5,2,179,571,0.0011863330146297812,0.0012594170402735472,722485248,0.1171875,0,6,16f44e864bfa,16f44e864bfa
9bb35da1be21a3f8,cifar100,ssb-v5,mlp,protocol-v6,0.4,0,100,5,2,180,572,0.0012372089549899101,0.0012712919851765037,722485248,0.1796875,0,6,16f44e864bfa,16f44e864bfa
9bb35da1be21a3f8,cifar100,ssb-v5,mlp,protocol-v6,0.4,0,100,5,2,181,573,0.0012018750421702862,0.001272791065275669,722485248,0.15625,0,6,16f44e864bfa,16f44e864bfa
9bb35da1be21a3f8,cifar100,ssb-v5,mlp,protocol-v6,0.4,0,100,5,2,182,574,0.0011949579929932952,0.0012723340187221766,722485248,0.125,0,6,16f44e864bfa,16f44e864bfa
9bb35da1be21a3f8,cifar100,ssb-v5,mlp,protocol-v6,0.4,0,100,5,2,183,575,0.0011847499990835786,0.0012920830631628633,722485248,0.171875,0,6,16f44e864bfa,16f44e864bfa
9bb35da1be21a3f8,cifar100,ssb-v5,mlp,protocol-v6,0.4,0,100,5,2,184,576,0.0011697500012814999,0.0012748329900205135,722485248,0.1015625,0,6,16f44e864bfa,16f44e864bfa
9bb35da1be21a3f8,cifar100,ssb-v5,mlp,protocol-v6,0.4,0,100,5,2,185,577,0.0010930829448625445,0.0012715000193566084,722485248,0.1484375,0,6,16f44e864bfa,16f44e864bfa
9bb35da1be21a3f8,cifar100,ssb-v5,mlp,protocol-v6,0.4,0,100,5,2,186,578,0.001197666977532208,0.0013176249340176582,722485248,0.1015625,0,6,16f44e864bfa,16f44e864bfa
9bb35da1be21a3f8,cifar100,ssb-v5,mlp,protocol-v6,0.4,0,100,5,2,187,579,0.00119329197332263,0.0012801670236513019,722485248,0.125,0,6,16f44e864bfa,16f44e864bfa
9bb35da1be21a3f8,cifar100,ssb-v5,mlp,protocol-v6,0.4,0,100,5,2,188,580,0.0011429579462856054,0.001296208007261157,722485248,0.15625,0,6,16f44e864bfa,16f44e864bfa
9bb35da1be21a3f8,cifar100,ssb-v5,mlp,protocol-v6,0.4,0,100,5,2,189,581,0.0011392910964787006,0.0012915420811623335,722485248,0.1328125,0,6,16f44e864bfa,16f44e864bfa
9bb35da1be21a3f8,cifar100,ssb-v5,mlp,protocol-v6,0.4,0,100,5,2,190,582,0.0011377079645171762,0.0012865000171586871,722485248,0.1171875,0,6,16f44e864bfa,16f44e864bfa
9bb35da1be21a3f8,cifar100,ssb-v5,mlp,protocol-v6,0.4,0,100,5,2,191,583,0.001124582951888442,0.0012499159201979637,722485248,0.171875,0,6,16f44e864bfa,16f44e864bfa
9bb35da1be21a3f8,cifar100,ssb-v5,mlp,protocol-v6,0.4,0,100,5,2,192,584,0.0010855419095605612,0.0014039169764146209,722485248,0.1484375,0,6,16f44e864bfa,16f44e864bfa
9bb35da1be21a3f8,cifar100,ssb-v5,mlp,protocol-v6,0.4,0,100,5,2,193,585,0.0010969589930027723,0.0012890000361949205,722485248,0.1484375,0,6,16f44e864bfa,16f44e864bfa
9bb35da1be21a3f8,cifar100,ssb-v5,mlp,protocol-v6,0.4,0,100,5,2,194,586,0.0011058750096708536,0.0012887909542769194,722485248,0.140625,0,6,16f44e864bfa,16f44e864bfa
9bb35da1be21a3f8,cifar100,ssb-v5,mlp,protocol-v6,0.4,0,100,5,2,195,587,0.001093166065402329,0.001257041934877634,722485248,0.140625,0,6,16f44e864bfa,16f44e864bfa
9bb35da1be21a3f8,cifar100,ssb-v5,mlp,protocol-v6,0.4,0,100,5,2,196,588,0.0011223750188946724,0.001288166968151927,722485248,0.1484375,0,6,16f44e864bfa,16f44e864bfa
9bb35da1be21a3f8,cifar100,ssb-v5,mlp,protocol-v6,0.4,0,100,5,2,197,589,0.0011673750123009086,0.0012868329649791121,722485248,0.171875,0,6,16f44e864bfa,16f44e864bfa
9bb35da1be21a3f8,cifar100,ssb-v5,mlp,protocol-v6,0.4,0,100,5,2,198,590,0.0011253750417381525,0.001262374920770526,722485248,0.1484375,0,6,16f44e864bfa,16f44e864bfa
9bb35da1be21a3f8,cifar100,ssb-v5,mlp,protocol-v6,0.4,0,100,5,2,199,591,0.001137958955951035,0.0012916669948026538,722485248,0.125,0,6,16f44e864bfa,16f44e864bfa
9bb35da1be21a3f8,cifar100,ssb-v5,mlp,protocol-v6,0.4,0,100,5,2,200,592,0.0010941250948235393,0.0012782090343534946,722485248,0.1171875,0,6,16f44e864bfa,16f44e864bfa
9bb35da1be21a3f8,cifar100,ssb-v5,mlp,protocol-v6,0.4,0,100,5,2,201,593,0.0011443339753895998,0.0012839999981224537,722485248,0.09375,0,6,16f44e864bfa,16f44e864bfa
9bb35da1be21a3f8,cifar100,ssb-v5,mlp,protocol-v6,0.4,0,100,5,2,202,594,0.0011329998960718513,0.0012602910865098238,722485248,0.15625,0,6,16f44e864bfa,16f44e864bfa
9bb35da1be21a3f8,cifar100,ssb-v5,mlp,protocol-v6,0.4,0,100,5,2,203,595,0.0011687499936670065,0.001283541088923812,722485248,0.078125,0,6,16f44e864bfa,16f44e864bfa
9bb35da1be21a3f8,cifar100,ssb-v5,mlp,protocol-v6,0.4,0,100,5,2,204,596,0.0011302499333396554,0.0012861250434070826,722485248,0.15625,0,6,16f44e864bfa,16f44e864bfa
9bb35da1be21a3f8,cifar100,ssb-v5,mlp,protocol-v6,0.4,0,100,5,2,205,597,0.0010809999657794833,0.0012759169330820441,722485248,0.15625,0,6,16f44e864bfa,16f44e864bfa
9bb35da1be21a3f8,cifar100,ssb-v5,mlp,protocol-v6,0.4,0,100,5,2,206,598,0.0011114159133285284,0.0012659589992836118,722485248,0.109375,0,6,16f44e864bfa,16f44e864bfa
9bb35da1be21a3f8,cifar100,ssb-v5,mlp,protocol-v6,0.4,0,100,5,2,207,599,0.0011325000086799264,0.001299499999731779,722485248,0.0859375,0,6,16f44e864bfa,16f44e864bfa
9bb35da1be21a3f8,cifar100,ssb-v5,mlp,protocol-v6,0.4,0,100,5,2,208,600,0.0011203750036656857,0.0012644589878618717,722485248,0.1015625,1,7,16f44e864bfa,d171e9a6392b
9bb35da1be21a3f8,cifar100,ssb-v5,mlp,protocol-v6,0.4,0,100,5,2,209,601,0.0011297500459477305,0.0012789580505341291,722501632,0.0859375,0,7,d171e9a6392b,d171e9a6392b
9bb35da1be21a3f8,cifar100,ssb-v5,mlp,protocol-v6,0.4,0,100,5,2,210,602,0.0011320840567350388,0.0012638329062610865,722501632,0.0703125,0,7,d171e9a6392b,d171e9a6392b
9bb35da1be21a3f8,cifar100,ssb-v5,mlp,protocol-v6,0.4,0,100,5,2,211,603,0.0010866658994928002,0.0012950829695910215,722501632,0.125,0,7,d171e9a6392b,d171e9a6392b
9bb35da1be21a3f8,cifar100,ssb-v5,mlp,protocol-v6,0.4,0,100,5,2,212,604,0.0011659999145194888,0.0013020000187680125,722501632,0.1328125,0,7,d171e9a6392b,d171e9a6392b
9bb35da1be21a3f8,cifar100,ssb-v5,mlp,protocol-v6,0.4,0,100,5,2,213,605,0.0011485000140964985,0.001300874981097877,722501632,0.1015625,0,7,d171e9a6392b,d171e9a6392b
9bb35da1be21a3f8,cifar100,ssb-v5,mlp,protocol-v6,0.4,0,100,5,2,214,606,0.0011652500834316015,0.0012879159767180681,722501632,0.09375,0,7,d171e9a6392b,d171e9a6392b
9bb35da1be21a3f8,cifar100,ssb-v5,mlp,protocol-v6,0.4,0,100,5,2,215,607,0.0011790829012170434,0.0012643750524148345,722501632,0.1171875,0,7,d171e9a6392b,d171e9a6392b
9bb35da1be21a3f8,cifar100,ssb-v5,mlp,protocol-v6,0.4,0,100,5,2,216,608,0.0011782500660046935,0.0012735830387100577,722501632,0.1015625,0,7,d171e9a6392b,d171e9a6392b
9bb35da1be21a3f8,cifar100,ssb-v5,mlp,protocol-v6,0.4,0,100,5,2,217,609,0.0012430830392986536,0.00126279192045331,722501632,0.1484375,0,7,d171e9a6392b,d171e9a6392b
9bb35da1be21a3f8,cifar100,ssb-v5,mlp,protocol-v6,0.4,0,100,5,2,218,610,0.001206749933771789,0.001260999939404428,722501632,0.1015625,0,7,d171e9a6392b,d171e9a6392b
9bb35da1be21a3f8,cifar100,ssb-v5,mlp,protocol-v6,0.4,0,100,5,2,219,611,0.001174542005173862,0.0012632079888135195,722501632,0.125,0,7,d171e9a6392b,d171e9a6392b
9bb35da1be21a3f8,cifar100,ssb-v5,mlp,protocol-v6,0.4,0,100,5,2,220,612,0.0011371250730007887,0.001265833037905395,722501632,0.0625,0,7,d171e9a6392b,d171e9a6392b
9bb35da1be21a3f8,cifar100,ssb-v5,mlp,protocol-v6,0.4,0,100,5,2,221,613,0.0011670830426737666,0.0012539590243250132,722501632,0.0859375,0,7,d171e9a6392b,d171e9a6392b
9bb35da1be21a3f8,cifar100,ssb-v5,mlp,protocol-v6,0.4,0,100,5,2,222,614,0.001231707981787622,0.001266874955035746,722501632,0.0703125,0,7,d171e9a6392b,d171e9a6392b
9bb35da1be21a3f8,cifar100,ssb-v5,mlp,protocol-v6,0.4,0,100,5,2,223,615,0.0011380419600754976,0.0012618330074474216,722501632,0.09375,0,7,d171e9a6392b,d171e9a6392b
9bb35da1be21a3f8,cifar100,ssb-v5,mlp,protocol-v6,0.4,0,100,5,2,224,616,0.0011152909137308598,0.0012731249444186687,722501632,0.0859375,0,7,d171e9a6392b,d171e9a6392b
9bb35da1be21a3f8,cifar100,ssb-v5,mlp,protocol-v6,0.4,0,100,5,2,225,617,0.001157292048446834,0.0012639579363167286,722501632,0.09375,0,7,d171e9a6392b,d171e9a6392b
9bb35da1be21a3f8,cifar100,ssb-v5,mlp,protocol-v6,0.4,0,100,5,2,226,618,0.001131791970692575,0.0012802910059690475,722501632,0.140625,0,7,d171e9a6392b,d171e9a6392b
9bb35da1be21a3f8,cifar100,ssb-v5,mlp,protocol-v6,0.4,0,100,5,2,227,619,0.0011666250647976995,0.0013115420006215572,722501632,0.0859375,0,7,d171e9a6392b,d171e9a6392b
9bb35da1be21a3f8,cifar100,ssb-v5,mlp,protocol-v6,0.4,0,100,5,2,228,620,0.001167583977803588,0.0012498750584200025,722501632,0.09375,0,7,d171e9a6392b,d171e9a6392b
9bb35da1be21a3f8,cifar100,ssb-v5,mlp,protocol-v6,0.4,0,100,5,2,229,621,0.0012172500137239695,0.0013565410627052188,722501632,0.1953125,0,7,d171e9a6392b,d171e9a6392b
9bb35da1be21a3f8,cifar100,ssb-v5,mlp,protocol-v6,0.4,0,100,5,2,230,622,0.0011308749672025442,0.0012968749506399035,722501632,0.1015625,0,7,d171e9a6392b,d171e9a6392b
9bb35da1be21a3f8,cifar100,ssb-v5,mlp,protocol-v6,0.4,0,100,5,2,231,623,0.0011483340058475733,0.0013346249470487237,722501632,0.09375,0,7,d171e9a6392b,d171e9a6392b
9bb35da1be21a3f8,cifar100,ssb-v5,mlp,protocol-v6,0.4,0,100,5,2,232,624,0.0011574580566957593,0.001288958010263741,722501632,0.1015625,0,7,d171e9a6392b,d171e9a6392b
9bb35da1be21a3f8,cifar100,ssb-v5,mlp,protocol-v6,0.4,0,100,5,2,233,625,0.0011157500557601452,0.00133516697678715,722501632,0.1328125,0,7,d171e9a6392b,d171e9a6392b
9bb35da1be21a3f8,cifar100,ssb-v5,mlp,protocol-v6,0.4,0,100,5,2,234,626,0.0011218750150874257,0.0013027919922024012,722501632,0.09375,0,7,d171e9a6392b,d171e9a6392b
9bb35da1be21a3f8,cifar100,ssb-v5,mlp,protocol-v6,0.4,0,100,5,2,235,627,0.001137999934144318,0.0012733329785987735,722501632,0.1171875,0,7,d171e9a6392b,d171e9a6392b
9bb35da1be21a3f8,cifar100,ssb-v5,mlp,protocol-v6,0.4,0,100,5,2,236,628,0.0011573750525712967,0.00130491703748703,722501632,0.1015625,0,7,d171e9a6392b,d171e9a6392b
9bb35da1be21a3f8,cifar100,ssb-v5,mlp,protocol-v6,0.4,0,100,5,2,237,629,0.001179915969260037,0.0012717080535367131,722501632,0.1484375,0,7,d171e9a6392b,d171e9a6392b
9bb35da1be21a3f8,cifar100,ssb-v5,mlp,protocol-v6,0.4,0,100,5,2,238,630,0.0011731249978765845,0.0012724580010399222,722501632,0.1328125,0,7,d171e9a6392b,d171e9a6392b
9bb35da1be21a3f8,cifar100,ssb-v5,mlp,protocol-v6,0.4,0,100,5,2,239,631,0.0011620000004768372,0.001280333031900227,722501632,0.125,0,7,d171e9a6392b,d171e9a6392b
9bb35da1be21a3f8,cifar100,ssb-v5,mlp,protocol-v6,0.4,0,100,5,2,240,632,0.0011304579675197601,0.001270083012059331,722518016,0.09375,0,7,d171e9a6392b,d171e9a6392b
9bb35da1be21a3f8,cifar100,ssb-v5,mlp,protocol-v6,0.4,0,100,5,2,241,633,0.0011434579500928521,0.0012672500452026725,722518016,0.109375,0,7,d171e9a6392b,d171e9a6392b
9bb35da1be21a3f8,cifar100,ssb-v5,mlp,protocol-v6,0.4,0,100,5,2,242,634,0.0011359589407220483,0.0012939999578520656,722518016,0.1015625,0,7,d171e9a6392b,d171e9a6392b
9bb35da1be21a3f8,cifar100,ssb-v5,mlp,protocol-v6,0.4,0,100,5,2,243,635,0.0010845420183613896,0.0012741249520331621,722518016,0.0859375,0,7,d171e9a6392b,d171e9a6392b
9bb35da1be21a3f8,cifar100,ssb-v5,mlp,protocol-v6,0.4,0,100,5,2,244,636,0.0011702500050887465,0.0012786659644916654,722518016,0.1015625,0,7,d171e9a6392b,d171e9a6392b
9bb35da1be21a3f8,cifar100,ssb-v5,mlp,protocol-v6,0.4,0,100,5,2,245,637,0.0010794999543577433,0.0012794160284101963,722518016,0.1171875,0,7,d171e9a6392b,d171e9a6392b
9bb35da1be21a3f8,cifar100,ssb-v5,mlp,protocol-v6,0.4,0,100,5,2,246,638,0.001123499940149486,0.0012679999927058816,722518016,0.1171875,0,7,d171e9a6392b,d171e9a6392b
9bb35da1be21a3f8,cifar100,ssb-v5,mlp,protocol-v6,0.4,0,100,5,2,247,639,0.0011454999912530184,0.0012647920520976186,722518016,0.1484375,0,7,d171e9a6392b,d171e9a6392b
9bb35da1be21a3f8,cifar100,ssb-v5,mlp,protocol-v6,0.4,0,100,5,2,248,640,0.0011653329711407423,0.0012639999622479081,722518016,0.140625,0,7,d171e9a6392b,d171e9a6392b
9bb35da1be21a3f8,cifar100,ssb-v5,mlp,protocol-v6,0.4,0,100,5,2,249,641,0.0011377079645171762,0.0012954999692738056,722518016,0.0859375,0,7,d171e9a6392b,d171e9a6392b
9bb35da1be21a3f8,cifar100,ssb-v5,mlp,protocol-v6,0.4,0,100,5,2,250,642,0.0011088330065831542,0.0012820829870179296,722518016,0.0859375,0,7,d171e9a6392b,d171e9a6392b
9bb35da1be21a3f8,cifar100,ssb-v5,mlp,protocol-v6,0.4,0,100,5,2,251,643,0.0010890839621424675,0.0013955410104244947,722518016,0.1015625,0,7,d171e9a6392b,d171e9a6392b
9bb35da1be21a3f8,cifar100,ssb-v5,mlp,protocol-v6,0.4,0,100,5,2,252,644,0.0011172500671818852,0.0012702910462394357,722518016,0.1171875,0,7,d171e9a6392b,d171e9a6392b
9bb35da1be21a3f8,cifar100,ssb-v5,mlp,protocol-v6,0.4,0,100,5,2,253,645,0.0011714999563992023,0.0012642500223591924,722518016,0.1484375,0,7,d171e9a6392b,d171e9a6392b
9bb35da1be21a3f8,cifar100,ssb-v5,mlp,protocol-v6,0.4,0,100,5,2,254,646,0.001159709063358605,0.0012807500315830112,722518016,0.1328125,0,7,d171e9a6392b,d171e9a6392b
9bb35da1be21a3f8,cifar100,ssb-v5,mlp,protocol-v6,0.4,0,100,5,2,255,647,0.0011142920702695847,0.0012663749512284994,722518016,0.1328125,0,7,d171e9a6392b,d171e9a6392b
9bb35da1be21a3f8,cifar100,ssb-v5,mlp,protocol-v6,0.4,0,100,5,2,256,648,0.0011204580077901483,0.0012801660923287272,722518016,0.1953125,0,7,d171e9a6392b,d171e9a6392b
9bb35da1be21a3f8,cifar100,ssb-v5,mlp,protocol-v6,0.4,0,100,5,2,257,649,0.001118791988119483,0.0013028340181335807,722518016,0.1015625,0,7,d171e9a6392b,d171e9a6392b
9bb35da1be21a3f8,cifar100,ssb-v5,mlp,protocol-v6,0.4,0,100,5,2,258,650,0.0011453329352661967,0.0012742090038955212,722534400,0.1015625,0,7,d171e9a6392b,d171e9a6392b
9bb35da1be21a3f8,cifar100,ssb-v5,mlp,protocol-v6,0.4,0,100,5,2,259,651,0.0011565419845283031,0.0012888330966234207,722534400,0.1015625,0,7,d171e9a6392b,d171e9a6392b
9bb35da1be21a3f8,cifar100,ssb-v5,mlp,protocol-v6,0.4,0,100,5,2,260,652,0.0011429579462856054,0.0012934580445289612,722534400,0.0703125,0,7,d171e9a6392b,d171e9a6392b
9bb35da1be21a3f8,cifar100,ssb-v5,mlp,protocol-v6,0.4,0,100,5,2,261,653,0.0011457080254331231,0.001266874955035746,722534400,0.0703125,0,7,d171e9a6392b,d171e9a6392b
9bb35da1be21a3f8,cifar100,ssb-v5,mlp,protocol-v6,0.4,0,100,5,2,262,654,0.0011413329048082232,0.0013227920280769467,722534400,0.109375,0,7,d171e9a6392b,d171e9a6392b
9bb35da1be21a3f8,cifar100,ssb-v5,mlp,protocol-v6,0.4,0,100,5,2,263,655,0.0011215830454602838,0.001301291980780661,722534400,0.1328125,0,7,d171e9a6392b,d171e9a6392b
9bb35da1be21a3f8,cifar100,ssb-v5,mlp,protocol-v6,0.4,0,100,5,2,264,656,0.0011909590102732182,0.0012852089712396264,722534400,0.1171875,0,7,d171e9a6392b,d171e9a6392b
9bb35da1be21a3f8,cifar100,ssb-v5,mlp,protocol-v6,0.4,0,100,5,2,265,657,0.0011833339231088758,0.0012820829870179296,722534400,0.1015625,0,7,d171e9a6392b,d171e9a6392b
9bb35da1be21a3f8,cifar100,ssb-v5,mlp,protocol-v6,0.4,0,100,5,2,266,658,0.0011618750868365169,0.001280665979720652,722534400,0.1015625,0,7,d171e9a6392b,d171e9a6392b
9bb35da1be21a3f8,cifar100,ssb-v5,mlp,protocol-v6,0.4,0,100,5,2,267,659,0.0010895420564338565,0.001274083973839879,722534400,0.140625,0,7,d171e9a6392b,d171e9a6392b
9bb35da1be21a3f8,cifar100,ssb-v5,mlp,protocol-v6,0.4,0,100,5,2,268,660,0.0011826249537989497,0.0012890830403193831,722534400,0.1328125,0,7,d171e9a6392b,d171e9a6392b
9bb35da1be21a3f8,cifar100,ssb-v5,mlp,protocol-v6,0.4,0,100,5,2,269,661,0.0011870829621329904,0.0012861669529229403,722534400,0.046875,0,7,d171e9a6392b,d171e9a6392b
9bb35da1be21a3f8,cifar100,ssb-v5,mlp,protocol-v6,0.4,0,100,5,2,270,662,0.001181584084406495,0.0012816250091418624,722534400,0.15625,0,7,d171e9a6392b,d171e9a6392b
9bb35da1be21a3f8,cifar100,ssb-v5,mlp,protocol-v6,0.4,0,100,5,2,271,663,0.0011179170105606318,0.0013358340365812182,722534400,0.09375,0,7,d171e9a6392b,d171e9a6392b
9bb35da1be21a3f8,cifar100,ssb-v5,mlp,protocol-v6,0.4,0,100,5,2,272,664,0.00115687504876405,0.0013210420729592443,722534400,0.1875,0,7,d171e9a6392b,d171e9a6392b
9bb35da1be21a3f8,cifar100,ssb-v5,mlp,protocol-v6,0.4,0,100,5,2,273,665,0.0010908329859375954,0.0012847919715568423,722534400,0.109375,0,7,d171e9a6392b,d171e9a6392b
9bb35da1be21a3f8,cifar100,ssb-v5,mlp,protocol-v6,0.4,0,100,5,2,274,666,0.0011150829959660769,0.0012873330852016807,722534400,0.1875,0,7,d171e9a6392b,d171e9a6392b
9bb35da1be21a3f8,cifar100,ssb-v5,mlp,protocol-v6,0.4,0,100,5,2,275,667,0.00108804099727422,0.001266209059394896,722534400,0.15625,0,7,d171e9a6392b,d171e9a6392b
9bb35da1be21a3f8,cifar100,ssb-v5,mlp,protocol-v6,0.4,0,100,5,2,276,668,0.0012096250429749489,0.0012822499265894294,722534400,0.078125,0,7,d171e9a6392b,d171e9a6392b
9bb35da1be21a3f8,cifar100,ssb-v5,mlp,protocol-v6,0.4,0,100,5,2,277,669,0.0011380829382687807,0.001269458094611764,722534400,0.1015625,0,7,d171e9a6392b,d171e9a6392b
9bb35da1be21a3f8,cifar100,ssb-v5,mlp,protocol-v6,0.4,0,100,5,2,278,670,0.0011684579076245427,0.001257791998796165,722534400,0.171875,0,7,d171e9a6392b,d171e9a6392b
9bb35da1be21a3f8,cifar100,ssb-v5,mlp,protocol-v6,0.4,0,100,5,2,279,671,0.0011144590098410845,0.001425167080014944,722534400,0.1328125,0,7,d171e9a6392b,d171e9a6392b
9bb35da1be21a3f8,cifar100,ssb-v5,mlp,protocol-v6,0.4,0,100,5,2,280,672,0.0011788330739364028,0.0012747080763801932,722534400,0.15625,0,7,d171e9a6392b,d171e9a6392b
9bb35da1be21a3f8,cifar100,ssb-v5,mlp,protocol-v6,0.4,0,100,5,2,281,673,0.0011454169871285558,0.001282749930396676,722534400,0.125,0,7,d171e9a6392b,d171e9a6392b
9bb35da1be21a3f8,cifar100,ssb-v5,mlp,protocol-v6,0.4,0,100,5,2,282,674,0.0011392090236768126,0.0012750410242006183,722534400,0.1484375,0,7,d171e9a6392b,d171e9a6392b
9bb35da1be21a3f8,cifar100,ssb-v5,mlp,protocol-v6,0.4,0,100,5,2,283,675,0.001120624947361648,0.0012639579363167286,722534400,0.1640625,0,7,d171e9a6392b,d171e9a6392b
9bb35da1be21a3f8,cifar100,ssb-v5,mlp,protocol-v6,0.4,0,100,5,2,284,676,0.0010792081011459231,0.001267333049327135,722534400,0.1484375,0,7,d171e9a6392b,d171e9a6392b
9bb35da1be21a3f8,cifar100,ssb-v5,mlp,protocol-v6,0.4,0,100,5,2,285,677,0.0011733329156413674,0.0012917499989271164,722534400,0.09375,0,7,d171e9a6392b,d171e9a6392b
9bb35da1be21a3f8,cifar100,ssb-v5,mlp,protocol-v6,0.4,0,100,5,2,286,678,0.0011240839958190918,0.001267499988898635,722534400,0.125,0,7,d171e9a6392b,d171e9a6392b
9bb35da1be21a3f8,cifar100,ssb-v5,mlp,protocol-v6,0.4,0,100,5,2,287,679,0.0011968329781666398,0.0012611669953912497,722534400,0.109375,0,7,d171e9a6392b,d171e9a6392b
9bb35da1be21a3f8,cifar100,ssb-v5,mlp,protocol-v6,0.4,0,100,5,2,288,680,0.0011309160618111491,0.0012724170228466392,722534400,0.1328125,0,7,d171e9a6392b,d171e9a6392b
9bb35da1be21a3f8,cifar100,ssb-v5,mlp,protocol-v6,0.4,0,100,5,2,289,681,0.0011227920185774565,0.0013357920106500387,722534400,0.0859375,0,7,d171e9a6392b,d171e9a6392b
9bb35da1be21a3f8,cifar100,ssb-v5,mlp,protocol-v6,0.4,0,100,5,2,290,682,0.0010904170339927077,0.0012789580505341291,722534400,0.125,0,7,d171e9a6392b,d171e9a6392b
9bb35da1be21a3f8,cifar100,ssb-v5,mlp,protocol-v6,0.4,0,100,5,2,291,683,0.0011845410335808992,0.0012668329291045666,722534400,0.125,0,7,d171e9a6392b,d171e9a6392b
9bb35da1be21a3f8,cifar100,ssb-v5,mlp,protocol-v6,0.4,0,100,5,2,292,684,0.0011135420063510537,0.0012895420659333467,722534400,0.0859375,0,7,d171e9a6392b,d171e9a6392b
9bb35da1be21a3f8,cifar100,ssb-v5,mlp,protocol-v6,0.4,0,100,5,2,293,685,0.0011009169975295663,0.0012854168890044093,722534400,0.09375,0,7,d171e9a6392b,d171e9a6392b
9bb35da1be21a3f8,cifar100,ssb-v5,mlp,protocol-v6,0.4,0,100,5,2,294,686,0.0010892500868067145,0.001279833959415555,722534400,0.15625,0,7,d171e9a6392b,d171e9a6392b
9bb35da1be21a3f8,cifar100,ssb-v5,mlp,protocol-v6,0.4,0,100,5,2,295,687,0.001181083032861352,0.0012714170152321458,722534400,0.125,0,7,d171e9a6392b,d171e9a6392b
9bb35da1be21a3f8,cifar100,ssb-v5,mlp,protocol-v6,0.4,0,100,5,2,296,688,0.0011835000477731228,0.0012634170707315207,722534400,0.1171875,0,7,d171e9a6392b,d171e9a6392b
9bb35da1be21a3f8,cifar100,ssb-v5,mlp,protocol-v6,0.4,0,100,5,2,297,689,0.001186666078865528,0.0013109169667586684,722534400,0.1328125,0,7,d171e9a6392b,d171e9a6392b
9bb35da1be21a3f8,cifar100,ssb-v5,mlp,protocol-v6,0.4,0,100,5,2,298,690,0.00112979207187891,0.0012841250281780958,722534400,0.1015625,0,7,d171e9a6392b,d171e9a6392b
9bb35da1be21a3f8,cifar100,ssb-v5,mlp,protocol-v6,0.4,0,100,5,2,299,691,0.0010774580296128988,0.001270584063604474,722534400,0.140625,0,7,d171e9a6392b,d171e9a6392b
9bb35da1be21a3f8,cifar100,ssb-v5,mlp,protocol-v6,0.4,0,100,5,2,300,692,0.0011173749808222055,0.0012624169467017055,722534400,0.1328125,0,7,d171e9a6392b,d171e9a6392b
9bb35da1be21a3f8,cifar100,ssb-v5,mlp,protocol-v6,0.4,0,100,5,2,301,693,0.0011095000663772225,0.001274583046324551,722534400,0.15625,0,7,d171e9a6392b,d171e9a6392b
9bb35da1be21a3f8,cifar100,ssb-v5,mlp,protocol-v6,0.4,0,100,5,2,302,694,0.0011716249864548445,0.0012834579683840275,722534400,0.1328125,0,7,d171e9a6392b,d171e9a6392b
9bb35da1be21a3f8,cifar100,ssb-v5,mlp,protocol-v6,0.4,0,100,5,2,303,695,0.001174582983367145,0.001268708030693233,722534400,0.2109375,0,7,d171e9a6392b,d171e9a6392b
9bb35da1be21a3f8,cifar100,ssb-v5,mlp,protocol-v6,0.4,0,100,5,2,304,696,0.001134666963480413,0.0012627500109374523,722534400,0.1328125,0,7,d171e9a6392b,d171e9a6392b
9bb35da1be21a3f8,cifar100,ssb-v5,mlp,protocol-v6,0.4,0,100,5,2,305,697,0.0011244169436395168,0.0012962089385837317,722534400,0.140625,0,7,d171e9a6392b,d171e9a6392b
9bb35da1be21a3f8,cifar100,ssb-v5,mlp,protocol-v6,0.4,0,100,5,2,306,698,0.0011417079949751496,0.001289375009946525,722534400,0.15625,0,7,d171e9a6392b,d171e9a6392b
9bb35da1be21a3f8,cifar100,ssb-v5,mlp,protocol-v6,0.4,0,100,5,2,307,699,0.001212583971209824,0.0012842909200116992,722534400,0.1875,0,7,d171e9a6392b,d171e9a6392b
9bb35da1be21a3f8,cifar100,ssb-v5,mlp,protocol-v6,0.4,0,100,5,2,308,700,0.0011422500247135758,0.0012957500293850899,722534400,0.1640625,1,8,d171e9a6392b,ed76be5984ce
9bb35da1be21a3f8,cifar100,ssb-v5,mlp,protocol-v6,0.4,0,100,5,2,309,701,0.0012198330368846655,0.0013249999610707164,722534400,0.09375,0,8,ed76be5984ce,ed76be5984ce
9bb35da1be21a3f8,cifar100,ssb-v5,mlp,protocol-v6,0.4,0,100,5,2,310,702,0.001140541979111731,0.0012852500658482313,722534400,0.1015625,0,8,ed76be5984ce,ed76be5984ce
9bb35da1be21a3f8,cifar100,ssb-v5,mlp,protocol-v6,0.4,0,100,5,2,311,703,0.0011380829382687807,0.0013010839466005564,722534400,0.125,0,8,ed76be5984ce,ed76be5984ce
9bb35da1be21a3f8,cifar100,ssb-v5,mlp,protocol-v6,0.4,0,100,5,2,312,704,0.0011743750656023622,0.0012785419821739197,722534400,0.0859375,0,8,ed76be5984ce,ed76be5984ce
9bb35da1be21a3f8,cifar100,ssb-v5,mlp,protocol-v6,0.4,0,100,5,2,313,705,0.0011432500323280692,0.0012870830250903964,722534400,0.1015625,0,8,ed76be5984ce,ed76be5984ce
9bb35da1be21a3f8,cifar100,ssb-v5,mlp,protocol-v6,0.4,0,100,5,2,314,706,0.0012441669823601842,0.00129070901311934,722534400,0.109375,0,8,ed76be5984ce,ed76be5984ce
9bb35da1be21a3f8,cifar100,ssb-v5,mlp,protocol-v6,0.4,0,100,5,2,315,707,0.0010977500351145864,0.0012811669148504734,722534400,0.078125,0,8,ed76be5984ce,ed76be5984ce
9bb35da1be21a3f8,cifar100,ssb-v5,mlp,protocol-v6,0.4,0,100,5,2,316,708,0.0010869590332731605,0.0012630409328266978,722534400,0.09375,0,8,ed76be5984ce,ed76be5984ce
9bb35da1be21a3f8,cifar100,ssb-v5,mlp,protocol-v6,0.4,0,100,5,2,317,709,0.0011711249826475978,0.0012782500125467777,722534400,0.15625,0,8,ed76be5984ce,ed76be5984ce
9bb35da1be21a3f8,cifar100,ssb-v5,mlp,protocol-v6,0.4,0,100,5,2,318,710,0.0011139579582959414,0.0012748329900205135,722534400,0.1171875,0,8,ed76be5984ce,ed76be5984ce
9bb35da1be21a3f8,cifar100,ssb-v5,mlp,protocol-v6,0.4,0,100,5,2,319,711,0.0011658750008791685,0.0012790829641744494,722534400,0.109375,0,8,ed76be5984ce,ed76be5984ce
9bb35da1be21a3f8,cifar100,ssb-v5,mlp,protocol-v6,0.4,0,100,5,2,320,712,0.001114833983592689,0.001273042056709528,722534400,0.140625,0,8,ed76be5984ce,ed76be5984ce
9bb35da1be21a3f8,cifar100,ssb-v5,mlp,protocol-v6,0.4,0,100,5,2,321,713,0.0011015840573236346,0.0012617079773917794,722534400,0.09375,0,8,ed76be5984ce,ed76be5984ce
9bb35da1be21a3f8,cifar100,ssb-v5,mlp,protocol-v6,0.4,0,100,5,2,322,714,0.0011950409971177578,0.0012965000933036208,722534400,0.1328125,0,8,ed76be5984ce,ed76be5984ce
9bb35da1be21a3f8,cifar100,ssb-v5,mlp,protocol-v6,0.4,0,100,5,2,323,715,0.001081415917724371,0.001298708957619965,722534400,0.1328125,0,8,ed76be5984ce,ed76be5984ce
9bb35da1be21a3f8,cifar100,ssb-v5,mlp,protocol-v6,0.4,0,100,5,2,324,716,0.0011634579859673977,0.0012738750083371997,722550784,0.0546875,0,8,ed76be5984ce,ed76be5984ce
9bb35da1be21a3f8,cifar100,ssb-v5,mlp,protocol-v6,0.4,0,100,5,2,325,717,0.0011204580077901483,0.0012968330411240458,722550784,0.1015625,0,8,ed76be5984ce,ed76be5984ce
9bb35da1be21a3f8,cifar100,ssb-v5,mlp,protocol-v6,0.4,0,100,5,2,326,718,0.0011451670434325933,0.001272000023163855,722550784,0.140625,0,8,ed76be5984ce,ed76be5984ce
9bb35da1be21a3f8,cifar100,ssb-v5,mlp,protocol-v6,0.4,0,100,5,2,327,719,0.0011767499381676316,0.0012842919677495956,722550784,0.15625,0,8,ed76be5984ce,ed76be5984ce
9bb35da1be21a3f8,cifar100,ssb-v5,mlp,protocol-v6,0.4,0,100,5,2,328,720,0.001173958065919578,0.0012797919334843755,722550784,0.109375,0,8,ed76be5984ce,ed76be5984ce
9bb35da1be21a3f8,cifar100,ssb-v5,mlp,protocol-v6,0.4,0,100,5,2,329,721,0.001136958017013967,0.0012918340507894754,722550784,0.109375,0,8,ed76be5984ce,ed76be5984ce
9bb35da1be21a3f8,cifar100,ssb-v5,mlp,protocol-v6,0.4,0,100,5,2,330,722,0.0011314579751342535,0.0013008329551666975,722550784,0.15625,0,8,ed76be5984ce,ed76be5984ce
9bb35da1be21a3f8,cifar100,ssb-v5,mlp,protocol-v6,0.4,0,100,5,2,331,723,0.0011414160253480077,0.0012791668996214867,722567168,0.140625,0,8,ed76be5984ce,ed76be5984ce
9bb35da1be21a3f8,cifar100,ssb-v5,mlp,protocol-v6,0.4,0,100,5,2,332,724,0.0012047919444739819,0.0013780409935861826,722567168,0.09375,0,8,ed76be5984ce,ed76be5984ce
9bb35da1be21a3f8,cifar100,ssb-v5,mlp,protocol-v6,0.4,0,100,5,2,333,725,0.0011482079280540347,0.001329749939031899,722567168,0.125,0,8,ed76be5984ce,ed76be5984ce
9bb35da1be21a3f8,cifar100,ssb-v5,mlp,protocol-v6,0.4,0,100,5,2,334,726,0.001149957999587059,0.0013072500005364418,722567168,0.1484375,0,8,ed76be5984ce,ed76be5984ce
9bb35da1be21a3f8,cifar100,ssb-v5,mlp,protocol-v6,0.4,0,100,5,2,335,727,0.0011269579408690333,0.0012898329878225923,722567168,0.1171875,0,8,ed76be5984ce,ed76be5984ce
9bb35da1be21a3f8,cifar100,ssb-v5,mlp,protocol-v6,0.4,0,100,5,2,336,728,0.0011363329831510782,0.0013102499069646,722567168,0.1640625,0,8,ed76be5984ce,ed76be5984ce
9bb35da1be21a3f8,cifar100,ssb-v5,mlp,protocol-v6,0.4,0,100,5,2,337,729,0.0011189579963684082,0.0012817919487133622,722567168,0.09375,0,8,ed76be5984ce,ed76be5984ce
9bb35da1be21a3f8,cifar100,ssb-v5,mlp,protocol-v6,0.4,0,100,5,2,338,730,0.0011718750465661287,0.0012699579820036888,722567168,0.1328125,0,8,ed76be5984ce,ed76be5984ce
9bb35da1be21a3f8,cifar100,ssb-v5,mlp,protocol-v6,0.4,0,100,5,2,339,731,0.0012310410384088755,0.0012834580847993493,722567168,0.09375,0,8,ed76be5984ce,ed76be5984ce
9bb35da1be21a3f8,cifar100,ssb-v5,mlp,protocol-v6,0.4,0,100,5,2,340,732,0.0011684999335557222,0.0012620839988812804,722567168,0.078125,0,8,ed76be5984ce,ed76be5984ce
9bb35da1be21a3f8,cifar100,ssb-v5,mlp,protocol-v6,0.4,0,100,5,2,341,733,0.0011002080282196403,0.001288958010263741,722567168,0.1171875,0,8,ed76be5984ce,ed76be5984ce
9bb35da1be21a3f8,cifar100,ssb-v5,mlp,protocol-v6,0.4,0,100,5,2,342,734,0.0011438330402597785,0.001297083916142583,722567168,0.09375,0,8,ed76be5984ce,ed76be5984ce
9bb35da1be21a3f8,cifar100,ssb-v5,mlp,protocol-v6,0.4,0,100,5,2,343,735,0.001186082954518497,0.0012625419767573476,722567168,0.15625,0,8,ed76be5984ce,ed76be5984ce
9bb35da1be21a3f8,cifar100,ssb-v5,mlp,protocol-v6,0.4,0,100,5,2,344,736,0.001101000001654029,0.0012846250319853425,722567168,0.1015625,0,8,ed76be5984ce,ed76be5984ce
9bb35da1be21a3f8,cifar100,ssb-v5,mlp,protocol-v6,0.4,0,100,5,2,345,737,0.001189833041280508,0.0012993329437449574,722567168,0.1015625,0,8,ed76be5984ce,ed76be5984ce
9bb35da1be21a3f8,cifar100,ssb-v5,mlp,protocol-v6,0.4,0,100,5,2,346,738,0.001175625016912818,0.0012803749414160848,722567168,0.140625,0,8,ed76be5984ce,ed76be5984ce
9bb35da1be21a3f8,cifar100,ssb-v5,mlp,protocol-v6,0.4,0,100,5,2,347,739,0.0011578749399632215,0.0012689580908045173,722567168,0.1328125,0,8,ed76be5984ce,ed76be5984ce
9bb35da1be21a3f8,cifar100,ssb-v5,mlp,protocol-v6,0.4,0,100,5,2,348,740,0.0011793749872595072,0.0012912079691886902,722567168,0.0859375,0,8,ed76be5984ce,ed76be5984ce
9bb35da1be21a3f8,cifar100,ssb-v5,mlp,protocol-v6,0.4,0,100,5,2,349,741,0.001214749994687736,0.0012764999410137534,722567168,0.140625,0,8,ed76be5984ce,ed76be5984ce
9bb35da1be21a3f8,cifar100,ssb-v5,mlp,protocol-v6,0.4,0,100,5,2,350,742,0.0011292919516563416,0.0012702499516308308,722567168,0.1328125,0,8,ed76be5984ce,ed76be5984ce
9bb35da1be21a3f8,cifar100,ssb-v5,mlp,protocol-v6,0.4,0,100,5,2,351,743,0.001179124927148223,0.0012680420186370611,722567168,0.0625,0,8,ed76be5984ce,ed76be5984ce
9bb35da1be21a3f8,cifar100,ssb-v5,mlp,protocol-v6,0.4,0,100,5,2,352,744,0.0011813329765573144,0.0012606660602614284,722567168,0.1640625,0,8,ed76be5984ce,ed76be5984ce
9bb35da1be21a3f8,cifar100,ssb-v5,mlp,protocol-v6,0.4,0,100,5,2,353,745,0.0010837080189958215,0.0012729590525850654,722567168,0.1484375,0,8,ed76be5984ce,ed76be5984ce
9bb35da1be21a3f8,cifar100,ssb-v5,mlp,protocol-v6,0.4,0,100,5,2,354,746,0.001148166018538177,0.0012799579417333007,722567168,0.09375,0,8,ed76be5984ce,ed76be5984ce
9bb35da1be21a3f8,cifar100,ssb-v5,mlp,protocol-v6,0.4,0,100,5,2,355,747,0.0011410420993342996,0.0012664159294217825,722567168,0.1015625,0,8,ed76be5984ce,ed76be5984ce
9bb35da1be21a3f8,cifar100,ssb-v5,mlp,protocol-v6,0.4,0,100,5,2,356,748,0.0010820830939337611,0.001263250014744699,722567168,0.1484375,0,8,ed76be5984ce,ed76be5984ce
9bb35da1be21a3f8,cifar100,ssb-v5,mlp,protocol-v6,0.4,0,100,5,2,357,749,0.0011315830051898956,0.001260666991584003,722567168,0.140625,0,8,ed76be5984ce,ed76be5984ce
9bb35da1be21a3f8,cifar100,ssb-v5,mlp,protocol-v6,0.4,0,100,5,2,358,750,0.0011465830029919744,0.001274875015951693,722567168,0.0859375,0,8,ed76be5984ce,ed76be5984ce
9bb35da1be21a3f8,cifar100,ssb-v5,mlp,protocol-v6,0.4,0,100,5,2,359,751,0.0010834999848157167,0.0012753329938277602,722567168,0.078125,0,8,ed76be5984ce,ed76be5984ce
9bb35da1be21a3f8,cifar100,ssb-v5,mlp,protocol-v6,0.4,0,100,5,2,360,752,0.0011799579951912165,0.0012998329475522041,722567168,0.1796875,0,8,ed76be5984ce,ed76be5984ce
9bb35da1be21a3f8,cifar100,ssb-v5,mlp,protocol-v6,0.4,0,100,5,2,361,753,0.0011392079759389162,0.0012845840537920594,722567168,0.09375,0,8,ed76be5984ce,ed76be5984ce
9bb35da1be21a3f8,cifar100,ssb-v5,mlp,protocol-v6,0.4,0,100,5,2,362,754,0.0010780420852825046,0.0012823750730603933,722567168,0.1328125,0,8,ed76be5984ce,ed76be5984ce
9bb35da1be21a3f8,cifar100,ssb-v5,mlp,protocol-v6,0.4,0,100,5,2,363,755,0.001171249896287918,0.0013061669887974858,722567168,0.1796875,0,8,ed76be5984ce,ed76be5984ce
9bb35da1be21a3f8,cifar100,ssb-v5,mlp,protocol-v6,0.4,0,100,5,2,364,756,0.0011337919859215617,0.0012753329938277602,722567168,0.109375,0,8,ed76be5984ce,ed76be5984ce
9bb35da1be21a3f8,cifar100,ssb-v5,mlp,protocol-v6,0.4,0,100,5,2,365,757,0.0011363329831510782,0.0012965829810127616,722567168,0.15625,0,8,ed76be5984ce,ed76be5984ce
9bb35da1be21a3f8,cifar100,ssb-v5,mlp,protocol-v6,0.4,0,100,5,2,366,758,0.0011352499714121222,0.0012947909999638796,722567168,0.1875,0,8,ed76be5984ce,ed76be5984ce
9bb35da1be21a3f8,cifar100,ssb-v5,mlp,protocol-v6,0.4,0,100,5,2,367,759,0.0011539170518517494,0.0013005000073462725,722567168,0.1875,0,8,ed76be5984ce,ed76be5984ce
9bb35da1be21a3f8,cifar100,ssb-v5,mlp,protocol-v6,0.4,0,100,5,2,368,760,0.001166291069239378,0.0012796660885214806,722567168,0.0703125,0,8,ed76be5984ce,ed76be5984ce
9bb35da1be21a3f8,cifar100,ssb-v5,mlp,protocol-v6,0.4,0,100,5,2,369,761,0.001139792031608522,0.0012934589758515358,722567168,0.125,0,8,ed76be5984ce,ed76be5984ce
9bb35da1be21a3f8,cifar100,ssb-v5,mlp,protocol-v6,0.4,0,100,5,2,370,762,0.0011414579348638654,0.0012951659737154841,722567168,0.1328125,0,8,ed76be5984ce,ed76be5984ce
9bb35da1be21a3f8,cifar100,ssb-v5,mlp,protocol-v6,0.4,0,100,5,2,371,763,0.0011378750205039978,0.0012851660139858723,722567168,0.1328125,0,8,ed76be5984ce,ed76be5984ce
9bb35da1be21a3f8,cifar100,ssb-v5,mlp,protocol-v6,0.4,0,100,5,2,372,764,0.0011244170600548387,0.001268708030693233,722567168,0.1953125,0,8,ed76be5984ce,ed76be5984ce
9bb35da1be21a3f8,cifar100,ssb-v5,mlp,protocol-v6,0.4,0,100,5,2,373,765,0.0011183329625055194,0.0012781670084223151,722567168,0.1171875,0,8,ed76be5984ce,ed76be5984ce
9bb35da1be21a3f8,cifar100,ssb-v5,mlp,protocol-v6,0.4,0,100,5,2,374,766,0.0010984169784933329,0.0012721250532194972,722567168,0.109375,0,8,ed76be5984ce,ed76be5984ce
9bb35da1be21a3f8,cifar100,ssb-v5,mlp,protocol-v6,0.4,0,100,5,2,375,767,0.0011811669683083892,0.0012756249634549022,722567168,0.1171875,0,8,ed76be5984ce,ed76be5984ce
9bb35da1be21a3f8,cifar100,ssb-v5,mlp,protocol-v6,0.4,0,100,5,2,376,768,0.0011802089866250753,0.001271542045287788,722567168,0.1484375,0,8,ed76be5984ce,ed76be5984ce
9bb35da1be21a3f8,cifar100,ssb-v5,mlp,protocol-v6,0.4,0,100,5,2,377,769,0.0011781250359490514,0.0012688330607488751,722567168,0.1171875,0,8,ed76be5984ce,ed76be5984ce
9bb35da1be21a3f8,cifar100,ssb-v5,mlp,protocol-v6,0.4,0,100,5,2,378,770,0.0011748750694096088,0.0012683749664574862,722567168,0.125,0,8,ed76be5984ce,ed76be5984ce
9bb35da1be21a3f8,cifar100,ssb-v5,mlp,protocol-v6,0.4,0,100,5,2,379,771,0.0011417909990996122,0.0013099160278216004,722567168,0.109375,0,8,ed76be5984ce,ed76be5984ce
9bb35da1be21a3f8,cifar100,ssb-v5,mlp,protocol-v6,0.4,0,100,5,2,380,772,0.0011240000603720546,0.0012730419402942061,722567168,0.1484375,0,8,ed76be5984ce,ed76be5984ce
9bb35da1be21a3f8,cifar100,ssb-v5,mlp,protocol-v6,0.4,0,100,5,2,381,773,0.0011743330396711826,0.0012705420376732945,722567168,0.171875,0,8,ed76be5984ce,ed76be5984ce
9bb35da1be21a3f8,cifar100,ssb-v5,mlp,protocol-v6,0.4,0,100,5,2,382,774,0.0011570830829441547,0.0012708749854937196,722567168,0.1328125,0,8,ed76be5984ce,ed76be5984ce
9bb35da1be21a3f8,cifar100,ssb-v5,mlp,protocol-v6,0.4,0,100,5,2,383,775,0.0011198329739272594,0.0012616660678759217,722567168,0.125,0,8,ed76be5984ce,ed76be5984ce
9bb35da1be21a3f8,cifar100,ssb-v5,mlp,protocol-v6,0.4,0,100,5,2,384,776,0.001115292077884078,0.001269875094294548,722583552,0.1015625,0,8,ed76be5984ce,ed76be5984ce
9bb35da1be21a3f8,cifar100,ssb-v5,mlp,protocol-v6,0.4,0,100,5,2,385,777,0.0011134579544886947,0.0012576669687405229,722583552,0.1015625,0,8,ed76be5984ce,ed76be5984ce
9bb35da1be21a3f8,cifar100,ssb-v5,mlp,protocol-v6,0.4,0,100,5,2,386,778,0.0010762499878183007,0.0012566670775413513,722583552,0.1328125,0,8,ed76be5984ce,ed76be5984ce
9bb35da1be21a3f8,cifar100,ssb-v5,mlp,protocol-v6,0.4,0,100,5,2,387,779,0.0011699170572683215,0.0012815420050173998,722583552,0.1328125,0,8,ed76be5984ce,ed76be5984ce
9bb35da1be21a3f8,cifar100,ssb-v5,mlp,protocol-v6,0.4,0,100,5,2,388,780,0.0011277080047875643,0.0012740829261019826,722583552,0.109375,0,8,ed76be5984ce,ed76be5984ce
9bb35da1be21a3f8,cifar100,ssb-v5,mlp,protocol-v6,0.4,0,100,5,2,389,781,0.001163249951787293,0.0012728750007227063,722583552,0.171875,0,8,ed76be5984ce,ed76be5984ce
9bb35da1be21a3f8,cifar100,ssb-v5,mlp,protocol-v6,0.4,0,100,5,2,390,782,0.000980124925263226,0.0011614999966695905,722583552,0.0875,0,8,ed76be5984ce,ed76be5984ce
9bb35da1be21a3f8,cifar100,ssb-v5,mlp,protocol-v6,0.4,0,100,5,3,0,783,0.0014261670876294374,0.0015868330374360085,722599936,0.1328125,0,8,ed76be5984ce,ed76be5984ce
9bb35da1be21a3f8,cifar100,ssb-v5,mlp,protocol-v6,0.4,0,100,5,3,1,784,0.0012084590271115303,0.0013740001013502479,722599936,0.15625,0,8,ed76be5984ce,ed76be5984ce
9bb35da1be21a3f8,cifar100,ssb-v5,mlp,protocol-v6,0.4,0,100,5,3,2,785,0.0012320830719545484,0.0013495419407263398,722616320,0.140625,0,8,ed76be5984ce,ed76be5984ce
9bb35da1be21a3f8,cifar100,ssb-v5,mlp,protocol-v6,0.4,0,100,5,3,3,786,0.0012951670214533806,0.001324750017374754,722616320,0.2265625,0,8,ed76be5984ce,ed76be5984ce
9bb35da1be21a3f8,cifar100,ssb-v5,mlp,protocol-v6,0.4,0,100,5,3,4,787,0.0011607910273596644,0.0013160420348867774,722616320,0.2265625,0,8,ed76be5984ce,ed76be5984ce
9bb35da1be21a3f8,cifar100,ssb-v5,mlp,protocol-v6,0.4,0,100,5,3,5,788,0.001174582983367145,0.0012967499205842614,722616320,0.125,0,8,ed76be5984ce,ed76be5984ce
9bb35da1be21a3f8,cifar100,ssb-v5,mlp,protocol-v6,0.4,0,100,5,3,6,789,0.001159750041551888,0.001361000002361834,722616320,0.15625,0,8,ed76be5984ce,ed76be5984ce
9bb35da1be21a3f8,cifar100,ssb-v5,mlp,protocol-v6,0.4,0,100,5,3,7,790,0.0011454169871285558,0.001355457934550941,722616320,0.109375,0,8,ed76be5984ce,ed76be5984ce
9bb35da1be21a3f8,cifar100,ssb-v5,mlp,protocol-v6,0.4,0,100,5,3,8,791,0.0011335409944877028,0.0013080000644549727,722616320,0.109375,0,8,ed76be5984ce,ed76be5984ce
9bb35da1be21a3f8,cifar100,ssb-v5,mlp,protocol-v6,0.4,0,100,5,3,9,792,0.0011487080482766032,0.0013083330122753978,722616320,0.1640625,0,8,ed76be5984ce,ed76be5984ce
9bb35da1be21a3f8,cifar100,ssb-v5,mlp,protocol-v6,0.4,0,100,5,3,10,793,0.0011494579957798123,0.0013078339397907257,722616320,0.125,0,8,ed76be5984ce,ed76be5984ce
9bb35da1be21a3f8,cifar100,ssb-v5,mlp,protocol-v6,0.4,0,100,5,3,11,794,0.0011650410015136003,0.0012937079882249236,722632704,0.1328125,0,8,ed76be5984ce,ed76be5984ce
9bb35da1be21a3f8,cifar100,ssb-v5,mlp,protocol-v6,0.4,0,100,5,3,12,795,0.0012034999672323465,0.0012968750670552254,722632704,0.1171875,0,8,ed76be5984ce,ed76be5984ce
9bb35da1be21a3f8,cifar100,ssb-v5,mlp,protocol-v6,0.4,0,100,5,3,13,796,0.0011915410868823528,0.0012762920232489705,722632704,0.140625,0,8,ed76be5984ce,ed76be5984ce
9bb35da1be21a3f8,cifar100,ssb-v5,mlp,protocol-v6,0.4,0,100,5,3,14,797,0.0011488751042634249,0.0012740000383928418,722632704,0.125,0,8,ed76be5984ce,ed76be5984ce
9bb35da1be21a3f8,cifar100,ssb-v5,mlp,protocol-v6,0.4,0,100,5,3,15,798,0.0011948749888688326,0.0012912079691886902,722632704,0.1796875,0,8,ed76be5984ce,ed76be5984ce
9bb35da1be21a3f8,cifar100,ssb-v5,mlp,protocol-v6,0.4,0,100,5,3,16,799,0.0011309171095490456,0.0012817089445888996,722632704,0.1796875,0,8,ed76be5984ce,ed76be5984ce
9bb35da1be21a3f8,cifar100,ssb-v5,mlp,protocol-v6,0.4,0,100,5,3,17,800,0.0012025829637423158,0.0012592090060934424,722632704,0.1328125,1,9,ed76be5984ce,81ac4d9df923
9bb35da1be21a3f8,cifar100,ssb-v5,mlp,protocol-v6,0.4,0,100,5,3,18,801,0.0011280410690233111,0.0012955829733982682,722632704,0.125,0,9,81ac4d9df923,81ac4d9df923
9bb35da1be21a3f8,cifar100,ssb-v5,mlp,protocol-v6,0.4,0,100,5,3,19,802,0.0010925419628620148,0.0012633750448003411,722632704,0.09375,0,9,81ac4d9df923,81ac4d9df923
9bb35da1be21a3f8,cifar100,ssb-v5,mlp,protocol-v6,0.4,0,100,5,3,20,803,0.0011990839848294854,0.001274749985896051,722632704,0.0703125,0,9,81ac4d9df923,81ac4d9df923
9bb35da1be21a3f8,cifar100,ssb-v5,mlp,protocol-v6,0.4,0,100,5,3,21,804,0.0011441659880802035,0.0013033750001341105,722632704,0.0703125,0,9,81ac4d9df923,81ac4d9df923
9bb35da1be21a3f8,cifar100,ssb-v5,mlp,protocol-v6,0.4,0,100,5,3,22,805,0.0011862909886986017,0.0012783330166712403,722632704,0.0859375,0,9,81ac4d9df923,81ac4d9df923
9bb35da1be21a3f8,cifar100,ssb-v5,mlp,protocol-v6,0.4,0,100,5,3,23,806,0.0010718329576775432,0.0012687910348176956,722632704,0.140625,0,9,81ac4d9df923,81ac4d9df923
9bb35da1be21a3f8,cifar100,ssb-v5,mlp,protocol-v6,0.4,0,100,5,3,24,807,0.0011274170828983188,0.0012724169064313173,722632704,0.1328125,0,9,81ac4d9df923,81ac4d9df923
9bb35da1be21a3f8,cifar100,ssb-v5,mlp,protocol-v6,0.4,0,100,5,3,25,808,0.0011687499936670065,0.0012746250722557306,722632704,0.1171875,0,9,81ac4d9df923,81ac4d9df923
9bb35da1be21a3f8,cifar100,ssb-v5,mlp,protocol-v6,0.4,0,100,5,3,26,809,0.001190875074826181,0.0012726669665426016,722632704,0.1015625,0,9,81ac4d9df923,81ac4d9df923
9bb35da1be21a3f8,cifar100,ssb-v5,mlp,protocol-v6,0.4,0,100,5,3,27,810,0.0011775830062106252,0.0012669170973822474,722649088,0.09375,0,9,81ac4d9df923,81ac4d9df923
9bb35da1be21a3f8,cifar100,ssb-v5,mlp,protocol-v6,0.4,0,100,5,3,28,811,0.0011396660702303052,0.0012696250341832638,722649088,0.125,0,9,81ac4d9df923,81ac4d9df923
9bb35da1be21a3f8,cifar100,ssb-v5,mlp,protocol-v6,0.4,0,100,5,3,29,812,0.001088458113372326,0.0012953750556334853,722649088,0.15625,0,9,81ac4d9df923,81ac4d9df923
9bb35da1be21a3f8,cifar100,ssb-v5,mlp,protocol-v6,0.4,0,100,5,3,30,813,0.001101457979530096,0.0012881670845672488,722649088,0.1484375,0,9,81ac4d9df923,81ac4d9df923
9bb35da1be21a3f8,cifar100,ssb-v5,mlp,protocol-v6,0.4,0,100,5,3,31,814,0.0010787500068545341,0.0012690420262515545,722649088,0.125,0,9,81ac4d9df923,81ac4d9df923
9bb35da1be21a3f8,cifar100,ssb-v5,mlp,protocol-v6,0.4,0,100,5,3,32,815,0.001145959016866982,0.0013093330198898911,722649088,0.109375,0,9,81ac4d9df923,81ac4d9df923
9bb35da1be21a3f8,cifar100,ssb-v5,mlp,protocol-v6,0.4,0,100,5,3,33,816,0.001129249925725162,0.0012849580962210894,722649088,0.078125,0,9,81ac4d9df923,81ac4d9df923
9bb35da1be21a3f8,cifar100,ssb-v5,mlp,protocol-v6,0.4,0,100,5,3,34,817,0.0011412499006837606,0.0012938750442117453,722649088,0.1171875,0,9,81ac4d9df923,81ac4d9df923
9bb35da1be21a3f8,cifar100,ssb-v5,mlp,protocol-v6,0.4,0,100,5,3,35,818,0.0011255830759182572,0.001299167051911354,722649088,0.125,0,9,81ac4d9df923,81ac4d9df923
9bb35da1be21a3f8,cifar100,ssb-v5,mlp,protocol-v6,0.4,0,100,5,3,36,819,0.0011555410455912352,0.0012781249824911356,722649088,0.125,0,9,81ac4d9df923,81ac4d9df923
9bb35da1be21a3f8,cifar100,ssb-v5,mlp,protocol-v6,0.4,0,100,5,3,37,820,0.0011855829507112503,0.001263250014744699,722649088,0.09375,0,9,81ac4d9df923,81ac4d9df923
9bb35da1be21a3f8,cifar100,ssb-v5,mlp,protocol-v6,0.4,0,100,5,3,38,821,0.0011479579843580723,0.0012913750251755118,722649088,0.1171875,0,9,81ac4d9df923,81ac4d9df923
9bb35da1be21a3f8,cifar100,ssb-v5,mlp,protocol-v6,0.4,0,100,5,3,39,822,0.0011208750074729323,0.001264957943931222,722649088,0.0859375,0,9,81ac4d9df923,81ac4d9df923
9bb35da1be21a3f8,cifar100,ssb-v5,mlp,protocol-v6,0.4,0,100,5,3,40,823,0.0011514589423313737,0.0012760829413309693,722649088,0.125,0,9,81ac4d9df923,81ac4d9df923
9bb35da1be21a3f8,cifar100,ssb-v5,mlp,protocol-v6,0.4,0,100,5,3,41,824,0.0011216670973226428,0.001271874993108213,722649088,0.078125,0,9,81ac4d9df923,81ac4d9df923
9bb35da1be21a3f8,cifar100,ssb-v5,mlp,protocol-v6,0.4,0,100,5,3,42,825,0.0011690420797094703,0.0013471669517457485,722649088,0.1484375,0,9,81ac4d9df923,81ac4d9df923
9bb35da1be21a3f8,cifar100,ssb-v5,mlp,protocol-v6,0.4,0,100,5,3,43,826,0.0011080000549554825,0.0012981250183656812,722665472,0.1171875,0,9,81ac4d9df923,81ac4d9df923
9bb35da1be21a3f8,cifar100,ssb-v5,mlp,protocol-v6,0.4,0,100,5,3,44,827,0.0011637909337878227,0.0012796659721061587,722665472,0.078125,0,9,81ac4d9df923,81ac4d9df923
9bb35da1be21a3f8,cifar100,ssb-v5,mlp,protocol-v6,0.4,0,100,5,3,45,828,0.0011332089779898524,0.001282332930713892,722665472,0.109375,0,9,81ac4d9df923,81ac4d9df923
9bb35da1be21a3f8,cifar100,ssb-v5,mlp,protocol-v6,0.4,0,100,5,3,46,829,0.0011528340401127934,0.0013049580156803131,722665472,0.078125,0,9,81ac4d9df923,81ac4d9df923
9bb35da1be21a3f8,cifar100,ssb-v5,mlp,protocol-v6,0.4,0,100,5,3,47,830,0.001102500013075769,0.0012940829619765282,722681856,0.1015625,0,9,81ac4d9df923,81ac4d9df923
9bb35da1be21a3f8,cifar100,ssb-v5,mlp,protocol-v6,0.4,0,100,5,3,48,831,0.0011438330402597785,0.0013046249514445662,722681856,0.0703125,0,9,81ac4d9df923,81ac4d9df923
9bb35da1be21a3f8,cifar100,ssb-v5,mlp,protocol-v6,0.4,0,100,5,3,49,832,0.00109270797111094,0.001279124990105629,722681856,0.171875,0,9,81ac4d9df923,81ac4d9df923
9bb35da1be21a3f8,cifar100,ssb-v5,mlp,protocol-v6,0.4,0,100,5,3,50,833,0.0011295839212834835,0.0012752920156344771,722681856,0.140625,0,9,81ac4d9df923,81ac4d9df923
9bb35da1be21a3f8,cifar100,ssb-v5,mlp,protocol-v6,0.4,0,100,5,3,51,834,0.0011277919402346015,0.0012815409572795033,722681856,0.15625,0,9,81ac4d9df923,81ac4d9df923
9bb35da1be21a3f8,cifar100,ssb-v5,mlp,protocol-v6,0.4,0,100,5,3,52,835,0.0011772919679060578,0.0013093330198898911,722681856,0.1171875,0,9,81ac4d9df923,81ac4d9df923
9bb35da1be21a3f8,cifar100,ssb-v5,mlp,protocol-v6,0.4,0,100,5,3,53,836,0.0011814170284196734,0.001315707922913134,722681856,0.1875,0,9,81ac4d9df923,81ac4d9df923
9bb35da1be21a3f8,cifar100,ssb-v5,mlp,protocol-v6,0.4,0,100,5,3,54,837,0.0011653330875560641,0.001306957914493978,722681856,0.1328125,0,9,81ac4d9df923,81ac4d9df923
9bb35da1be21a3f8,cifar100,ssb-v5,mlp,protocol-v6,0.4,0,100,5,3,55,838,0.0011915420182049274,0.001307375030592084,722681856,0.1171875,0,9,81ac4d9df923,81ac4d9df923
9bb35da1be21a3f8,cifar100,ssb-v5,mlp,protocol-v6,0.4,0,100,5,3,56,839,0.00112212507519871,0.0012843329459428787,722681856,0.1328125,0,9,81ac4d9df923,81ac4d9df923
9bb35da1be21a3f8,cifar100,ssb-v5,mlp,protocol-v6,0.4,0,100,5,3,57,840,0.001197083038277924,0.0012824160512536764,722681856,0.109375,0,9,81ac4d9df923,81ac4d9df923
9bb35da1be21a3f8,cifar100,ssb-v5,mlp,protocol-v6,0.4,0,100,5,3,58,841,0.00119012501090765,0.0012726250570267439,722681856,0.1640625,0,9,81ac4d9df923,81ac4d9df923
9bb35da1be21a3f8,cifar100,ssb-v5,mlp,protocol-v6,0.4,0,100,5,3,59,842,0.001108707976527512,0.001300874981097877,722681856,0.1640625,0,9,81ac4d9df923,81ac4d9df923
9bb35da1be21a3f8,cifar100,ssb-v5,mlp,protocol-v6,0.4,0,100,5,3,60,843,0.0011434579500928521,0.0012886669719591737,722681856,0.1171875,0,9,81ac4d9df923,81ac4d9df923
9bb35da1be21a3f8,cifar100,ssb-v5,mlp,protocol-v6,0.4,0,100,5,3,61,844,0.0011279999744147062,0.00128670793492347,722681856,0.1484375,0,9,81ac4d9df923,81ac4d9df923
9bb35da1be21a3f8,cifar100,ssb-v5,mlp,protocol-v6,0.4,0,100,5,3,62,845,0.0010880420450121164,0.0012796249939128757,722681856,0.15625,0,9,81ac4d9df923,81ac4d9df923
9bb35da1be21a3f8,cifar100,ssb-v5,mlp,protocol-v6,0.4,0,100,5,3,63,846,0.001101084053516388,0.0012875419342890382,722681856,0.140625,0,9,81ac4d9df923,81ac4d9df923
9bb35da1be21a3f8,cifar100,ssb-v5,mlp,protocol-v6,0.4,0,100,5,3,64,847,0.0011331660207360983,0.0012827919563278556,722681856,0.1171875,0,9,81ac4d9df923,81ac4d9df923
9bb35da1be21a3f8,cifar100,ssb-v5,mlp,protocol-v6,0.4,0,100,5,3,65,848,0.0011739999754354358,0.0012806670274585485,722681856,0.109375,0,9,81ac4d9df923,81ac4d9df923
9bb35da1be21a3f8,cifar100,ssb-v5,mlp,protocol-v6,0.4,0,100,5,3,66,849,0.0011764579685404897,0.0012726670829579234,722681856,0.0625,0,9,81ac4d9df923,81ac4d9df923
9bb35da1be21a3f8,cifar100,ssb-v5,mlp,protocol-v6,0.4,0,100,5,3,67,850,0.001168500049971044,0.0013065410312265158,722681856,0.15625,0,9,81ac4d9df923,81ac4d9df923
9bb35da1be21a3f8,cifar100,ssb-v5,mlp,protocol-v6,0.4,0,100,5,3,68,851,0.001190542010590434,0.0012894170358777046,722681856,0.125,0,9,81ac4d9df923,81ac4d9df923
9bb35da1be21a3f8,cifar100,ssb-v5,mlp,protocol-v6,0.4,0,100,5,3,69,852,0.0011701249750331044,0.0012724589323624969,722681856,0.1484375,0,9,81ac4d9df923,81ac4d9df923
9bb35da1be21a3f8,cifar100,ssb-v5,mlp,protocol-v6,0.4,0,100,5,3,70,853,0.001127209048718214,0.001264333026483655,722681856,0.125,0,9,81ac4d9df923,81ac4d9df923
9bb35da1be21a3f8,cifar100,ssb-v5,mlp,protocol-v6,0.4,0,100,5,3,71,854,0.0010778330033645034,0.0012757079675793648,722681856,0.1171875,0,9,81ac4d9df923,81ac4d9df923
9bb35da1be21a3f8,cifar100,ssb-v5,mlp,protocol-v6,0.4,0,100,5,3,72,855,0.0011785420356318355,0.001350458012893796,722681856,0.125,0,9,81ac4d9df923,81ac4d9df923
9bb35da1be21a3f8,cifar100,ssb-v5,mlp,protocol-v6,0.4,0,100,5,3,73,856,0.001210958929732442,0.0013035419397056103,722681856,0.125,0,9,81ac4d9df923,81ac4d9df923
9bb35da1be21a3f8,cifar100,ssb-v5,mlp,protocol-v6,0.4,0,100,5,3,74,857,0.0012141671031713486,0.0013231660705059767,722681856,0.109375,0,9,81ac4d9df923,81ac4d9df923
9bb35da1be21a3f8,cifar100,ssb-v5,mlp,protocol-v6,0.4,0,100,5,3,75,858,0.001194584066979587,0.0012839999981224537,722681856,0.140625,0,9,81ac4d9df923,81ac4d9df923
9bb35da1be21a3f8,cifar100,ssb-v5,mlp,protocol-v6,0.4,0,100,5,3,76,859,0.0011311669368296862,0.0013172500766813755,722681856,0.1015625,0,9,81ac4d9df923,81ac4d9df923
9bb35da1be21a3f8,cifar100,ssb-v5,mlp,protocol-v6,0.4,0,100,5,3,77,860,0.0011534580262377858,0.0013065410312265158,722681856,0.1171875,0,9,81ac4d9df923,81ac4d9df923
9bb35da1be21a3f8,cifar100,ssb-v5,mlp,protocol-v6,0.4,0,100,5,3,78,861,0.001171375042758882,0.0012957500293850899,722681856,0.125,0,9,81ac4d9df923,81ac4d9df923
9bb35da1be21a3f8,cifar100,ssb-v5,mlp,protocol-v6,0.4,0,100,5,3,79,862,0.001157791935838759,0.0013067080872133374,722681856,0.125,0,9,81ac4d9df923,81ac4d9df923
9bb35da1be21a3f8,cifar100,ssb-v5,mlp,protocol-v6,0.4,0,100,5,3,80,863,0.0011604169849306345,0.0013036249438300729,722681856,0.0859375,0,9,81ac4d9df923,81ac4d9df923
9bb35da1be21a3f8,cifar100,ssb-v5,mlp,protocol-v6,0.4,0,100,5,3,81,864,0.0011499590473249555,0.0013002080377191305,722681856,0.1328125,0,9,81ac4d9df923,81ac4d9df923
9bb35da1be21a3f8,cifar100,ssb-v5,mlp,protocol-v6,0.4,0,100,5,3,82,865,0.0011377909686416388,0.0013072919100522995,722681856,0.125,0,9,81ac4d9df923,81ac4d9df923
9bb35da1be21a3f8,cifar100,ssb-v5,mlp,protocol-v6,0.4,0,100,5,3,83,866,0.0010957500198855996,0.0012688749702647328,722681856,0.140625,0,9,81ac4d9df923,81ac4d9df923
9bb35da1be21a3f8,cifar100,ssb-v5,mlp,protocol-v6,0.4,0,100,5,3,84,867,0.0010895829182118177,0.001262167003005743,722681856,0.125,0,9,81ac4d9df923,81ac4d9df923
9bb35da1be21a3f8,cifar100,ssb-v5,mlp,protocol-v6,0.4,0,100,5,3,85,868,0.001138041028752923,0.0012675420148298144,722681856,0.171875,0,9,81ac4d9df923,81ac4d9df923
9bb35da1be21a3f8,cifar100,ssb-v5,mlp,protocol-v6,0.4,0,100,5,3,86,869,0.0010926249669864774,0.0012660420034080744,722681856,0.109375,0,9,81ac4d9df923,81ac4d9df923
9bb35da1be21a3f8,cifar100,ssb-v5,mlp,protocol-v6,0.4,0,100,5,3,87,870,0.001170791918411851,0.0013167919823899865,722681856,0.1640625,0,9,81ac4d9df923,81ac4d9df923
9bb35da1be21a3f8,cifar100,ssb-v5,mlp,protocol-v6,0.4,0,100,5,3,88,871,0.0011882500257343054,0.0012888748897239566,722681856,0.1171875,0,9,81ac4d9df923,81ac4d9df923
9bb35da1be21a3f8,cifar100,ssb-v5,mlp,protocol-v6,0.4,0,100,5,3,89,872,0.0011430829763412476,0.0012958749430254102,722681856,0.0859375,0,9,81ac4d9df923,81ac4d9df923
9bb35da1be21a3f8,cifar100,ssb-v5,mlp,protocol-v6,0.4,0,100,5,3,90,873,0.0011466670548543334,0.001287874998524785,722681856,0.1015625,0,9,81ac4d9df923,81ac4d9df923
9bb35da1be21a3f8,cifar100,ssb-v5,mlp,protocol-v6,0.4,0,100,5,3,91,874,0.001093209022656083,0.0012858329573646188,722681856,0.09375,0,9,81ac4d9df923,81ac4d9df923
9bb35da1be21a3f8,cifar100,ssb-v5,mlp,protocol-v6,0.4,0,100,5,3,92,875,0.0011825839756056666,0.0012865000171586871,722681856,0.0859375,0,9,81ac4d9df923,81ac4d9df923
9bb35da1be21a3f8,cifar100,ssb-v5,mlp,protocol-v6,0.4,0,100,5,3,93,876,0.0012021249858662486,0.0012634160229936242,722681856,0.1796875,0,9,81ac4d9df923,81ac4d9df923
9bb35da1be21a3f8,cifar100,ssb-v5,mlp,protocol-v6,0.4,0,100,5,3,94,877,0.0011625000042840838,0.00127520808018744,722681856,0.140625,0,9,81ac4d9df923,81ac4d9df923
9bb35da1be21a3f8,cifar100,ssb-v5,mlp,protocol-v6,0.4,0,100,5,3,95,878,0.0011577500263229012,0.0012891669757664204,722681856,0.125,0,9,81ac4d9df923,81ac4d9df923
9bb35da1be21a3f8,cifar100,ssb-v5,mlp,protocol-v6,0.4,0,100,5,3,96,879,0.0011620000004768372,0.0012781670084223151,722681856,0.140625,0,9,81ac4d9df923,81ac4d9df923
9bb35da1be21a3f8,cifar100,ssb-v5,mlp,protocol-v6,0.4,0,100,5,3,97,880,0.00125195796135813,0.0013035000301897526,722681856,0.1875,0,9,81ac4d9df923,81ac4d9df923
9bb35da1be21a3f8,cifar100,ssb-v5,mlp,protocol-v6,0.4,0,100,5,3,98,881,0.0011500000255182385,0.0014757500030100346,722681856,0.125,0,9,81ac4d9df923,81ac4d9df923
9bb35da1be21a3f8,cifar100,ssb-v5,mlp,protocol-v6,0.4,0,100,5,3,99,882,0.0011334590381011367,0.0012801670236513019,722681856,0.1484375,0,9,81ac4d9df923,81ac4d9df923
9bb35da1be21a3f8,cifar100,ssb-v5,mlp,protocol-v6,0.4,0,100,5,3,100,883,0.0011486660223454237,0.0012912909733131528,722681856,0.1484375,0,9,81ac4d9df923,81ac4d9df923
9bb35da1be21a3f8,cifar100,ssb-v5,mlp,protocol-v6,0.4,0,100,5,3,101,884,0.00109420798253268,0.0012790419859811664,722681856,0.1171875,0,9,81ac4d9df923,81ac4d9df923
9bb35da1be21a3f8,cifar100,ssb-v5,mlp,protocol-v6,0.4,0,100,5,3,102,885,0.001156458049081266,0.0012852499494329095,722681856,0.109375,0,9,81ac4d9df923,81ac4d9df923
9bb35da1be21a3f8,cifar100,ssb-v5,mlp,protocol-v6,0.4,0,100,5,3,103,886,0.0011891250032931566,0.0012803339632228017,722681856,0.1640625,0,9,81ac4d9df923,81ac4d9df923
9bb35da1be21a3f8,cifar100,ssb-v5,mlp,protocol-v6,0.4,0,100,5,3,104,887,0.0011851669987663627,0.0014991250354796648,722681856,0.1640625,0,9,81ac4d9df923,81ac4d9df923
9bb35da1be21a3f8,cifar100,ssb-v5,mlp,protocol-v6,0.4,0,100,5,3,105,888,0.0011213329853489995,0.001271416898816824,722681856,0.1484375,0,9,81ac4d9df923,81ac4d9df923
9bb35da1be21a3f8,cifar100,ssb-v5,mlp,protocol-v6,0.4,0,100,5,3,106,889,0.0011388750281184912,0.001291041960939765,722698240,0.140625,0,9,81ac4d9df923,81ac4d9df923
9bb35da1be21a3f8,cifar100,ssb-v5,mlp,protocol-v6,0.4,0,100,5,3,107,890,0.0011487089795991778,0.001271542045287788,722698240,0.15625,0,9,81ac4d9df923,81ac4d9df923
9bb35da1be21a3f8,cifar100,ssb-v5,mlp,protocol-v6,0.4,0,100,5,3,108,891,0.0011468329466879368,0.0013018329627811909,722698240,0.125,0,9,81ac4d9df923,81ac4d9df923
9bb35da1be21a3f8,cifar100,ssb-v5,mlp,protocol-v6,0.4,0,100,5,3,109,892,0.00114733399823308,0.0012966669164597988,722698240,0.15625,0,9,81ac4d9df923,81ac4d9df923
9bb35da1be21a3f8,cifar100,ssb-v5,mlp,protocol-v6,0.4,0,100,5,3,110,893,0.0011525829322636127,0.0012981249019503593,722698240,0.140625,0,9,81ac4d9df923,81ac4d9df923
9bb35da1be21a3f8,cifar100,ssb-v5,mlp,protocol-v6,0.4,0,100,5,3,111,894,0.0011534999357536435,0.0012786670122295618,722698240,0.15625,0,9,81ac4d9df923,81ac4d9df923
9bb35da1be21a3f8,cifar100,ssb-v5,mlp,protocol-v6,0.4,0,100,5,3,112,895,0.0010960419895127416,0.0012775419745594263,722698240,0.1328125,0,9,81ac4d9df923,81ac4d9df923
9bb35da1be21a3f8,cifar100,ssb-v5,mlp,protocol-v6,0.4,0,100,5,3,113,896,0.0011591659858822823,0.0012932081008329988,722698240,0.140625,0,9,81ac4d9df923,81ac4d9df923
9bb35da1be21a3f8,cifar100,ssb-v5,mlp,protocol-v6,0.4,0,100,5,3,114,897,0.0011598330456763506,0.0012784169521182775,722698240,0.1796875,0,9,81ac4d9df923,81ac4d9df923
9bb35da1be21a3f8,cifar100,ssb-v5,mlp,protocol-v6,0.4,0,100,5,3,115,898,0.0011702500050887465,0.0012792079942300916,722698240,0.15625,0,9,81ac4d9df923,81ac4d9df923
9bb35da1be21a3f8,cifar100,ssb-v5,mlp,protocol-v6,0.4,0,100,5,3,116,899,0.001088624936528504,0.001277624978683889,722698240,0.1015625,0,9,81ac4d9df923,81ac4d9df923
9bb35da1be21a3f8,cifar100,ssb-v5,mlp,protocol-v6,0.4,0,100,5,3,117,900,0.0011814170284196734,0.0012788749299943447,722698240,0.1328125,1,10,81ac4d9df923,e9d649ae77df
9bb35da1be21a3f8,cifar100,ssb-v5,mlp,protocol-v6,0.4,0,100,5,3,118,901,0.0011012909235432744,0.0012712499592453241,722714624,0.0703125,0,10,e9d649ae77df,e9d649ae77df
9bb35da1be21a3f8,cifar100,ssb-v5,mlp,protocol-v6,0.4,0,100,5,3,119,902,0.0010732499649748206,0.0012796249939128757,722714624,0.1171875,0,10,e9d649ae77df,e9d649ae77df
9bb35da1be21a3f8,cifar100,ssb-v5,mlp,protocol-v6,0.4,0,100,5,3,120,903,0.0011357920011505485,0.0012945829657837749,722731008,0.09375,0,10,e9d649ae77df,e9d649ae77df
9bb35da1be21a3f8,cifar100,ssb-v5,mlp,protocol-v6,0.4,0,100,5,3,121,904,0.0011600409634411335,0.0012959589948877692,722731008,0.09375,0,10,e9d649ae77df,e9d649ae77df
9bb35da1be21a3f8,cifar100,ssb-v5,mlp,protocol-v6,0.4,0,100,5,3,122,905,0.001131374971009791,0.0013225829461589456,722731008,0.1328125,0,10,e9d649ae77df,e9d649ae77df
9bb35da1be21a3f8,cifar100,ssb-v5,mlp,protocol-v6,0.4,0,100,5,3,123,906,0.0011121249990537763,0.001306332997046411,722731008,0.1171875,0,10,e9d649ae77df,e9d649ae77df
9bb35da1be21a3f8,cifar100,ssb-v5,mlp,protocol-v6,0.4,0,100,5,3,124,907,0.0011711670085787773,0.0013183749979361892,722731008,0.1328125,0,10,e9d649ae77df,e9d649ae77df
9bb35da1be21a3f8,cifar100,ssb-v5,mlp,protocol-v6,0.4,0,100,5,3,125,908,0.001112291938625276,0.001309499959461391,722731008,0.1171875,0,10,e9d649ae77df,e9d649ae77df
9bb35da1be21a3f8,cifar100,ssb-v5,mlp,protocol-v6,0.4,0,100,5,3,126,909,0.0011024579871445894,0.0012982920743525028,722731008,0.0859375,0,10,e9d649ae77df,e9d649ae77df
9bb35da1be21a3f8,cifar100,ssb-v5,mlp,protocol-v6,0.4,0,100,5,3,127,910,0.0011754590086638927,0.0012880000285804272,722731008,0.203125,0,10,e9d649ae77df,e9d649ae77df
9bb35da1be21a3f8,cifar100,ssb-v5,mlp,protocol-v6,0.4,0,100,5,3,128,911,0.0011511669727042317,0.0012872499646618962,722731008,0.1171875,0,10,e9d649ae77df,e9d649ae77df
9bb35da1be21a3f8,cifar100,ssb-v5,mlp,protocol-v6,0.4,0,100,5,3,129,912,0.0011601250153034925,0.0013187079457566142,722731008,0.1328125,0,10,e9d649ae77df,e9d649ae77df
9bb35da1be21a3f8,cifar100,ssb-v5,mlp,protocol-v6,0.4,0,100,5,3,130,913,0.0011334159644320607,0.0012784170685335994,722731008,0.140625,0,10,e9d649ae77df,e9d649ae77df
9bb35da1be21a3f8,cifar100,ssb-v5,mlp,protocol-v6,0.4,0,100,5,3,131,914,0.0011108750477433205,0.0012838749680668116,722731008,0.1015625,0,10,e9d649ae77df,e9d649ae77df
9bb35da1be21a3f8,cifar100,ssb-v5,mlp,protocol-v6,0.4,0,100,5,3,132,915,0.0011276250006631017,0.0012847089674323797,722731008,0.0703125,0,10,e9d649ae77df,e9d649ae77df
9bb35da1be21a3f8,cifar100,ssb-v5,mlp,protocol-v6,0.4,0,100,5,3,133,916,0.0011415419867262244,0.0012956659775227308,722731008,0.125,0,10,e9d649ae77df,e9d649ae77df
9bb35da1be21a3f8,cifar100,ssb-v5,mlp,protocol-v6,0.4,0,100,5,3,134,917,0.0011123329168185592,0.0012683330569416285,722731008,0.1875,0,10,e9d649ae77df,e9d649ae77df
9bb35da1be21a3f8,cifar100,ssb-v5,mlp,protocol-v6,0.4,0,100,5,3,135,918,0.0012005420867353678,0.001296832924708724,722731008,0.1171875,0,10,e9d649ae77df,e9d649ae77df
9bb35da1be21a3f8,cifar100,ssb-v5,mlp,protocol-v6,0.4,0,100,5,3,136,919,0.0011863330146297812,0.0012814579531550407,722731008,0.1171875,0,10,e9d649ae77df,e9d649ae77df
9bb35da1be21a3f8,cifar100,ssb-v5,mlp,protocol-v6,0.4,0,100,5,3,137,920,0.0011703749187290668,0.0012760419631376863,722731008,0.1953125,0,10,e9d649ae77df,e9d649ae77df
9bb35da1be21a3f8,cifar100,ssb-v5,mlp,protocol-v6,0.4,0,100,5,3,138,921,0.0010747909545898438,0.0012637500185519457,722731008,0.1171875,0,10,e9d649ae77df,e9d649ae77df
9bb35da1be21a3f8,cifar100,ssb-v5,mlp,protocol-v6,0.4,0,100,5,3,139,922,0.0011621249141171575,0.0012984579661861062,722731008,0.1328125,0,10,e9d649ae77df,e9d649ae77df
9bb35da1be21a3f8,cifar100,ssb-v5,mlp,protocol-v6,0.4,0,100,5,3,140,923,0.0011546669993549585,0.0013424589997157454,722731008,0.125,0,10,e9d649ae77df,e9d649ae77df
9bb35da1be21a3f8,cifar100,ssb-v5,mlp,protocol-v6,0.4,0,100,5,3,141,924,0.0011507500894367695,0.0013310000067576766,722731008,0.1171875,0,10,e9d649ae77df,e9d649ae77df
9bb35da1be21a3f8,cifar100,ssb-v5,mlp,protocol-v6,0.4,0,100,5,3,142,925,0.0011402920354157686,0.0013061660574749112,722731008,0.1796875,0,10,e9d649ae77df,e9d649ae77df
9bb35da1be21a3f8,cifar100,ssb-v5,mlp,protocol-v6,0.4,0,100,5,3,143,926,0.001152500044554472,0.0012786249862983823,722731008,0.0546875,0,10,e9d649ae77df,e9d649ae77df
9bb35da1be21a3f8,cifar100,ssb-v5,mlp,protocol-v6,0.4,0,100,5,3,144,927,0.0011319590266793966,0.0012781249824911356,722731008,0.140625,0,10,e9d649ae77df,e9d649ae77df
9bb35da1be21a3f8,cifar100,ssb-v5,mlp,protocol-v6,0.4,0,100,5,3,145,928,0.0011964170262217522,0.0013666250742971897,722763776,0.125,0,10,e9d649ae77df,e9d649ae77df
9bb35da1be21a3f8,cifar100,ssb-v5,mlp,protocol-v6,0.4,0,100,5,3,146,929,0.0011888750595971942,0.0013088330160826445,722763776,0.1640625,0,10,e9d649ae77df,e9d649ae77df
9bb35da1be21a3f8,cifar100,ssb-v5,mlp,protocol-v6,0.4,0,100,5,3,147,930,0.001173041993752122,0.0012898750137537718,722763776,0.0859375,0,10,e9d649ae77df,e9d649ae77df
9bb35da1be21a3f8,cifar100,ssb-v5,mlp,protocol-v6,0.4,0,100,5,3,148,931,0.0011293329298496246,0.001272958004847169,722763776,0.125,0,10,e9d649ae77df,e9d649ae77df
9bb35da1be21a3f8,cifar100,ssb-v5,mlp,protocol-v6,0.4,0,100,5,3,149,932,0.001143916044384241,0.0012825829908251762,722763776,0.140625,0,10,e9d649ae77df,e9d649ae77df
9bb35da1be21a3f8,cifar100,ssb-v5,mlp,protocol-v6,0.4,0,100,5,3,150,933,0.0011326659005135298,0.001328249927610159,722763776,0.109375,0,10,e9d649ae77df,e9d649ae77df
9bb35da1be21a3f8,cifar100,ssb-v5,mlp,protocol-v6,0.4,0,100,5,3,151,934,0.0011438330402597785,0.0013128749560564756,722763776,0.1484375,0,10,e9d649ae77df,e9d649ae77df
9bb35da1be21a3f8,cifar100,ssb-v5,mlp,protocol-v6,0.4,0,100,5,3,152,935,0.0011368339182808995,0.0012897920096293092,722763776,0.1171875,0,10,e9d649ae77df,e9d649ae77df
9bb35da1be21a3f8,cifar100,ssb-v5,mlp,protocol-v6,0.4,0,100,5,3,153,936,0.0011519999243319035,0.0013142080279067159,722763776,0.1328125,0,10,e9d649ae77df,e9d649ae77df
9bb35da1be21a3f8,cifar100,ssb-v5,mlp,protocol-v6,0.4,0,100,5,3,154,937,0.001185750006698072,0.0013137080240994692,722763776,0.1015625,0,10,e9d649ae77df,e9d649ae77df
9bb35da1be21a3f8,cifar100,ssb-v5,mlp,protocol-v6,0.4,0,100,5,3,155,938,0.0011399999493733048,0.001346041914075613,722763776,0.15625,0,10,e9d649ae77df,e9d649ae77df
9bb35da1be21a3f8,cifar100,ssb-v5,mlp,protocol-v6,0.4,0,100,5,3,156,939,0.0011488329619169235,0.001316417008638382,722763776,0.1171875,0,10,e9d649ae77df,e9d649ae77df
9bb35da1be21a3f8,cifar100,ssb-v5,mlp,protocol-v6,0.4,0,100,5,3,157,940,0.0011962499702349305,0.0013085419777780771,722763776,0.171875,0,10,e9d649ae77df,e9d649ae77df
9bb35da1be21a3f8,cifar100,ssb-v5,mlp,protocol-v6,0.4,0,100,5,3,158,941,0.001131208031438291,0.0012819160474464297,722763776,0.1328125,0,10,e9d649ae77df,e9d649ae77df
9bb35da1be21a3f8,cifar100,ssb-v5,mlp,protocol-v6,0.4,0,100,5,3,159,942,0.0011602089507505298,0.001301666023209691,722763776,0.1328125,0,10,e9d649ae77df,e9d649ae77df
9bb35da1be21a3f8,cifar100,ssb-v5,mlp,protocol-v6,0.4,0,100,5,3,160,943,0.0011627499479800463,0.0012760410318151116,722763776,0.140625,0,10,e9d649ae77df,e9d649ae77df
9bb35da1be21a3f8,cifar100,ssb-v5,mlp,protocol-v6,0.4,0,100,5,3,161,944,0.0011603329330682755,0.0013882919447496533,722763776,0.1796875,0,10,e9d649ae77df,e9d649ae77df
9bb35da1be21a3f8,cifar100,ssb-v5,mlp,protocol-v6,0.4,0,100,5,3,162,945,0.0011909169843420386,0.0012719169026240706,722763776,0.125,0,10,e9d649ae77df,e9d649ae77df
9bb35da1be21a3f8,cifar100,ssb-v5,mlp,protocol-v6,0.4,0,100,5,3,163,946,0.0011340409982949495,0.001287457998842001,722763776,0.1015625,0,10,e9d649ae77df,e9d649ae77df
9bb35da1be21a3f8,cifar100,ssb-v5,mlp,protocol-v6,0.4,0,100,5,3,164,947,0.0011475000064820051,0.001290665939450264,722763776,0.140625,0,10,e9d649ae77df,e9d649ae77df
9bb35da1be21a3f8,cifar100,ssb-v5,mlp,protocol-v6,0.4,0,100,5,3,165,948,0.0011436659842729568,0.0012903340393677354,722763776,0.15625,0,10,e9d649ae77df,e9d649ae77df
9bb35da1be21a3f8,cifar100,ssb-v5,mlp,protocol-v6,0.4,0,100,5,3,166,949,0.0011190000222995877,0.0013013749849051237,722763776,0.1328125,0,10,e9d649ae77df,e9d649ae77df
9bb35da1be21a3f8,cifar100,ssb-v5,mlp,protocol-v6,0.4,0,100,5,3,167,950,0.0011142499279230833,0.0013039170298725367,722763776,0.1328125,0,10,e9d649ae77df,e9d649ae77df
9bb35da1be21a3f8,cifar100,ssb-v5,mlp,protocol-v6,0.4,0,100,5,3,168,951,0.0011212920071557164,0.0013214170467108488,722763776,0.1015625,0,10,e9d649ae77df,e9d649ae77df
9bb35da1be21a3f8,cifar100,ssb-v5,mlp,protocol-v6,0.4,0,100,5,3,169,952,0.0011964578879997134,0.0013079158961772919,722763776,0.09375,0,10,e9d649ae77df,e9d649ae77df
9bb35da1be21a3f8,cifar100,ssb-v5,mlp,protocol-v6,0.4,0,100,5,3,170,953,0.0011386669939383864,0.001287125051021576,722763776,0.171875,0,10,e9d649ae77df,e9d649ae77df
9bb35da1be21a3f8,cifar100,ssb-v5,mlp,protocol-v6,0.4,0,100,5,3,171,954,0.0012083329493179917,0.0012844590237364173,722763776,0.0859375,0,10,e9d649ae77df,e9d649ae77df
9bb35da1be21a3f8,cifar100,ssb-v5,mlp,protocol-v6,0.4,0,100,5,3,172,955,0.0011779579799622297,0.0012877919944003224,722763776,0.140625,0,10,e9d649ae77df,e9d649ae77df
9bb35da1be21a3f8,cifar100,ssb-v5,mlp,protocol-v6,0.4,0,100,5,3,173,956,0.0012613750295713544,0.0012807499151676893,722763776,0.140625,0,10,e9d649ae77df,e9d649ae77df
9bb35da1be21a3f8,cifar100,ssb-v5,mlp,protocol-v6,0.4,0,100,5,3,174,957,0.0011817909544333816,0.0012817090610042214,722763776,0.125,0,10,e9d649ae77df,e9d649ae77df
9bb35da1be21a3f8,cifar100,ssb-v5,mlp,protocol-v6,0.4,0,100,5,3,175,958,0.001179708051495254,0.0012685830006375909,722763776,0.109375,0,10,e9d649ae77df,e9d649ae77df
9bb35da1be21a3f8,cifar100,ssb-v5,mlp,protocol-v6,0.4,0,100,5,3,176,959,0.0011287080124020576,0.0012713329633697867,722763776,0.15625,0,10,e9d649ae77df,e9d649ae77df
9bb35da1be21a3f8,cifar100,ssb-v5,mlp,protocol-v6,0.4,0,100,5,3,177,960,0.0011539580300450325,0.0012628749245777726,722763776,0.1640625,0,10,e9d649ae77df,e9d649ae77df
9bb35da1be21a3f8,cifar100,ssb-v5,mlp,protocol-v6,0.4,0,100,5,3,178,961,0.0011682499898597598,0.0012767920270562172,722763776,0.1171875,0,10,e9d649ae77df,e9d649ae77df
9bb35da1be21a3f8,cifar100,ssb-v5,mlp,protocol-v6,0.4,0,100,5,3,179,962,0.00107999995816499,0.0013054999290034175,722763776,0.125,0,10,e9d649ae77df,e9d649ae77df
9bb35da1be21a3f8,cifar100,ssb-v5,mlp,protocol-v6,0.4,0,100,5,3,180,963,0.0011746250092983246,0.0013018330791965127,722763776,0.1171875,0,10,e9d649ae77df,e9d649ae77df
9bb35da1be21a3f8,cifar100,ssb-v5,mlp,protocol-v6,0.4,0,100,5,3,181,964,0.001120000029914081,0.001296791946515441,722763776,0.1640625,0,10,e9d649ae77df,e9d649ae77df
9bb35da1be21a3f8,cifar100,ssb-v5,mlp,protocol-v6,0.4,0,100,5,3,182,965,0.0011720829643309116,0.001304333913139999,722780160,0.125,0,10,e9d649ae77df,e9d649ae77df
9bb35da1be21a3f8,cifar100,ssb-v5,mlp,protocol-v6,0.4,0,100,5,3,183,966,0.0010834999848157167,0.0012721660314127803,722780160,0.171875,0,10,e9d649ae77df,e9d649ae77df
9bb35da1be21a3f8,cifar100,ssb-v5,mlp,protocol-v6,0.4,0,100,5,3,184,967,0.0011268750531598926,0.001260666991584003,722780160,0.1328125,0,10,e9d649ae77df,e9d649ae77df
9bb35da1be21a3f8,cifar100,ssb-v5,mlp,protocol-v6,0.4,0,100,5,3,185,968,0.0011352499714121222,0.0014082080451771617,722796544,0.1171875,0,10,e9d649ae77df,e9d649ae77df
9bb35da1be21a3f8,cifar100,ssb-v5,mlp,protocol-v6,0.4,0,100,5,3,186,969,0.0011331670684739947,0.001273666974157095,722796544,0.140625,0,10,e9d649ae77df,e9d649ae77df
9bb35da1be21a3f8,cifar100,ssb-v5,mlp,protocol-v6,0.4,0,100,5,3,187,970,0.001175625016912818,0.001283459016121924,722796544,0.1640625,0,10,e9d649ae77df,e9d649ae77df
9bb35da1be21a3f8,cifar100,ssb-v5,mlp,protocol-v6,0.4,0,100,5,3,188,971,0.0011266249930486083,0.0012804579455405474,722796544,0.0625,0,10,e9d649ae77df,e9d649ae77df
9bb35da1be21a3f8,cifar100,ssb-v5,mlp,protocol-v6,0.4,0,100,5,3,189,972,0.0010889580007642508,0.00125979189760983,722796544,0.1796875,0,10,e9d649ae77df,e9d649ae77df
9bb35da1be21a3f8,cifar100,ssb-v5,mlp,protocol-v6,0.4,0,100,5,3,190,973,0.0010838749585673213,0.0012635840103030205,722796544,0.0859375,0,10,e9d649ae77df,e9d649ae77df
9bb35da1be21a3f8,cifar100,ssb-v5,mlp,protocol-v6,0.4,0,100,5,3,191,974,0.0011699580354616046,0.001283499994315207,722796544,0.1015625,0,10,e9d649ae77df,e9d649ae77df
9bb35da1be21a3f8,cifar100,ssb-v5,mlp,protocol-v6,0.4,0,100,5,3,192,975,0.0011771669378504157,0.001278041978366673,722796544,0.15625,0,10,e9d649ae77df,e9d649ae77df
9bb35da1be21a3f8,cifar100,ssb-v5,mlp,protocol-v6,0.4,0,100,5,3,193,976,0.0011489170137792826,0.0013490410055965185,722796544,0.1796875,0,10,e9d649ae77df,e9d649ae77df
9bb35da1be21a3f8,cifar100,ssb-v5,mlp,protocol-v6,0.4,0,100,5,3,194,977,0.0011063748970627785,0.0013141249073669314,722796544,0.109375,0,10,e9d649ae77df,e9d649ae77df
9bb35da1be21a3f8,cifar100,ssb-v5,mlp,protocol-v6,0.4,0,100,5,3,195,978,0.0011382920201867819,0.001294500078074634,722796544,0.1640625,0,10,e9d649ae77df,e9d649ae77df
9bb35da1be21a3f8,cifar100,ssb-v5,mlp,protocol-v6,0.4,0,100,5,3,196,979,0.001116124913096428,0.0012938339496031404,722796544,0.15625,0,10,e9d649ae77df,e9d649ae77df
9bb35da1be21a3f8,cifar100,ssb-v5,mlp,protocol-v6,0.4,0,100,5,3,197,980,0.0011777079198509455,0.0012985420180484653,722796544,0.1328125,0,10,e9d649ae77df,e9d649ae77df
9bb35da1be21a3f8,cifar100,ssb-v5,mlp,protocol-v6,0.4,0,100,5,3,198,981,0.0012037080014124513,0.0012947499053552747,722796544,0.125,0,10,e9d649ae77df,e9d649ae77df
9bb35da1be21a3f8,cifar100,ssb-v5,mlp,protocol-v6,0.4,0,100,5,3,199,982,0.0011802080553025007,0.0012903340393677354,722796544,0.125,0,10,e9d649ae77df,e9d649ae77df
9bb35da1be21a3f8,cifar100,ssb-v5,mlp,protocol-v6,0.4,0,100,5,3,200,983,0.0011639579897746444,0.0012803750578314066,722812928,0.125,0,10,e9d649ae77df,e9d649ae77df
9bb35da1be21a3f8,cifar100,ssb-v5,mlp,protocol-v6,0.4,0,100,5,3,201,984,0.001140124979428947,0.001289375009946525,722812928,0.1171875,0,10,e9d649ae77df,e9d649ae77df
9bb35da1be21a3f8,cifar100,ssb-v5,mlp,protocol-v6,0.4,0,100,5,3,202,985,0.0010962500236928463,0.0012937920400872827,722812928,0.1796875,0,10,e9d649ae77df,e9d649ae77df
9bb35da1be21a3f8,cifar100,ssb-v5,mlp,protocol-v6,0.4,0,100,5,3,203,986,0.0011044580023735762,0.0012739159865304828,722812928,0.21875,0,10,e9d649ae77df,e9d649ae77df
9bb35da1be21a3f8,cifar100,ssb-v5,mlp,protocol-v6,0.4,0,100,5,3,204,987,0.0011543750297278166,0.0013220419641584158,722812928,0.140625,0,10,e9d649ae77df,e9d649ae77df
9bb35da1be21a3f8,cifar100,ssb-v5,mlp,protocol-v6,0.4,0,100,5,3,205,988,0.0011334579903632402,0.001300583011470735,722812928,0.078125,0,10,e9d649ae77df,e9d649ae77df
9bb35da1be21a3f8,cifar100,ssb-v5,mlp,protocol-v6,0.4,0,100,5,3,206,989,0.0011316660093143582,0.001292250002734363,722812928,0.1015625,0,10,e9d649ae77df,e9d649ae77df
9bb35da1be21a3f8,cifar100,ssb-v5,mlp,protocol-v6,0.4,0,100,5,3,207,990,0.001097499975003302,0.001282125012949109,722812928,0.109375,0,10,e9d649ae77df,e9d649ae77df
9bb35da1be21a3f8,cifar100,ssb-v5,mlp,protocol-v6,0.4,0,100,5,3,208,991,0.001158915925770998,0.0013592500472441316,722812928,0.1484375,0,10,e9d649ae77df,e9d649ae77df
9bb35da1be21a3f8,cifar100,ssb-v5,mlp,protocol-v6,0.4,0,100,5,3,209,992,0.0011602499289438128,0.001294333953410387,722812928,0.1484375,0,10,e9d649ae77df,e9d649ae77df
9bb35da1be21a3f8,cifar100,ssb-v5,mlp,protocol-v6,0.4,0,100,5,3,210,993,0.0011571669019758701,0.001309624989517033,722812928,0.15625,0,10,e9d649ae77df,e9d649ae77df
9bb35da1be21a3f8,cifar100,ssb-v5,mlp,protocol-v6,0.4,0,100,5,3,211,994,0.0011884169653058052,0.0012790000764653087,722812928,0.125,0,10,e9d649ae77df,e9d649ae77df
9bb35da1be21a3f8,cifar100,ssb-v5,mlp,protocol-v6,0.4,0,100,5,3,212,995,0.0010956251062452793,0.001270917011424899,722812928,0.1328125,0,10,e9d649ae77df,e9d649ae77df
9bb35da1be21a3f8,cifar100,ssb-v5,mlp,protocol-v6,0.4,0,100,5,3,213,996,0.001117291976697743,0.001270791981369257,722812928,0.1171875,0,10,e9d649ae77df,e9d649ae77df
9bb35da1be21a3f8,cifar100,ssb-v5,mlp,protocol-v6,0.4,0,100,5,3,214,997,0.001161125022917986,0.0012629159027710557,722812928,0.078125,0,10,e9d649ae77df,e9d649ae77df
9bb35da1be21a3f8,cifar100,ssb-v5,mlp,protocol-v6,0.4,0,100,5,3,215,998,0.001093583065085113,0.0012647919356822968,722812928,0.1328125,0,10,e9d649ae77df,e9d649ae77df
9bb35da1be21a3f8,cifar100,ssb-v5,mlp,protocol-v6,0.4,0,100,5,3,216,999,0.0011692499974742532,0.0012572919949889183,722812928,0.15625,0,10,e9d649ae77df,e9d649ae77df
9bb35da1be21a3f8,cifar100,ssb-v5,mlp,protocol-v6,0.4,0,100,5,3,217,1000,0.0011229580268263817,0.0012919580331072211,722812928,0.171875,1,11,e9d649ae77df,28102f3c31fe
9bb35da1be21a3f8,cifar100,ssb-v5,mlp,protocol-v6,0.4,0,100,5,3,218,1001,0.0011958329705521464,0.001284667057916522,722829312,0.0859375,0,11,28102f3c31fe,28102f3c31fe
9bb35da1be21a3f8,cifar100,ssb-v5,mlp,protocol-v6,0.4,0,100,5,3,219,1002,0.001153209013864398,0.0012767909793183208,722829312,0.078125,0,11,28102f3c31fe,28102f3c31fe
9bb35da1be21a3f8,cifar100,ssb-v5,mlp,protocol-v6,0.4,0,100,5,3,220,1003,0.001147083006799221,0.0012866249307990074,722829312,0.0625,0,11,28102f3c31fe,28102f3c31fe
9bb35da1be21a3f8,cifar100,ssb-v5,mlp,protocol-v6,0.4,0,100,5,3,221,1004,0.001167207956314087,0.0012688329443335533,722829312,0.1171875,0,11,28102f3c31fe,28102f3c31fe
9bb35da1be21a3f8,cifar100,ssb-v5,mlp,protocol-v6,0.4,0,100,5,3,222,1005,0.001143084024079144,0.0014080830151215196,722829312,0.109375,0,11,28102f3c31fe,28102f3c31fe
9bb35da1be21a3f8,cifar100,ssb-v5,mlp,protocol-v6,0.4,0,100,5,3,223,1006,0.0011280420003458858,0.0012719169026240706,722829312,0.1640625,0,11,28102f3c31fe,28102f3c31fe
9bb35da1be21a3f8,cifar100,ssb-v5,mlp,protocol-v6,0.4,0,100,5,3,224,1007,0.001167292008176446,0.001265082973986864,722829312,0.1484375,0,11,28102f3c31fe,28102f3c31fe
9bb35da1be21a3f8,cifar100,ssb-v5,mlp,protocol-v6,0.4,0,100,5,3,225,1008,0.0011396249756217003,0.0012737499782815576,722829312,0.1171875,0,11,28102f3c31fe,28102f3c31fe
9bb35da1be21a3f8,cifar100,ssb-v5,mlp,protocol-v6,0.4,0,100,5,3,226,1009,0.0011436659842729568,0.0012853750959038734,722829312,0.1171875,0,11,28102f3c31fe,28102f3c31fe
9bb35da1be21a3f8,cifar100,ssb-v5,mlp,protocol-v6,0.4,0,100,5,3,227,1010,0.0010872500715777278,0.0012667500413954258,722829312,0.125,0,11,28102f3c31fe,28102f3c31fe
9bb35da1be21a3f8,cifar100,ssb-v5,mlp,protocol-v6,0.4,0,100,5,3,228,1011,0.001129667041823268,0.0012652090517804027,722829312,0.1328125,0,11,28102f3c31fe,28102f3c31fe
9bb35da1be21a3f8,cifar100,ssb-v5,mlp,protocol-v6,0.4,0,100,5,3,229,1012,0.001179375103674829,0.0012728750007227063,722829312,0.125,0,11,28102f3c31fe,28102f3c31fe
9bb35da1be21a3f8,cifar100,ssb-v5,mlp,protocol-v6,0.4,0,100,5,3,230,1013,0.001173082971945405,0.0012654999736696482,722829312,0.1015625,0,11,28102f3c31fe,28102f3c31fe
9bb35da1be21a3f8,cifar100,ssb-v5,mlp,protocol-v6,0.4,0,100,5,3,231,1014,0.0011764159426093102,0.0013127080164849758,722829312,0.1171875,0,11,28102f3c31fe,28102f3c31fe
9bb35da1be21a3f8,cifar100,ssb-v5,mlp,protocol-v6,0.4,0,100,5,3,232,1015,0.0010752500966191292,0.0012652090517804027,722829312,0.09375,0,11,28102f3c31fe,28102f3c31fe
9bb35da1be21a3f8,cifar100,ssb-v5,mlp,protocol-v6,0.4,0,100,5,3,233,1016,0.0011834589531645179,0.0012836669338867068,722829312,0.125,0,11,28102f3c31fe,28102f3c31fe
9bb35da1be21a3f8,cifar100,ssb-v5,mlp,protocol-v6,0.4,0,100,5,3,234,1017,0.0011793749872595072,0.0012650000862777233,722829312,0.109375,0,11,28102f3c31fe,28102f3c31fe
9bb35da1be21a3f8,cifar100,ssb-v5,mlp,protocol-v6,0.4,0,100,5,3,235,1018,0.0011057499796152115,0.001274458016268909,722829312,0.109375,0,11,28102f3c31fe,28102f3c31fe
9bb35da1be21a3f8,cifar100,ssb-v5,mlp,protocol-v6,0.4,0,100,5,3,236,1019,0.0011825409019365907,0.0012746249558404088,722829312,0.109375,0,11,28102f3c31fe,28102f3c31fe
9bb35da1be21a3f8,cifar100,ssb-v5,mlp,protocol-v6,0.4,0,100,5,3,237,1020,0.0011279999744147062,0.0012659589992836118,722829312,0.1328125,0,11,28102f3c31fe,28102f3c31fe
9bb35da1be21a3f8,cifar100,ssb-v5,mlp,protocol-v6,0.4,0,100,5,3,238,1021,0.0010792079847306013,0.0012683749664574862,722829312,0.171875,0,11,28102f3c31fe,28102f3c31fe
9bb35da1be21a3f8,cifar100,ssb-v5,mlp,protocol-v6,0.4,0,100,5,3,239,1022,0.0011190840741619468,0.0012794160284101963,722829312,0.0859375,0,11,28102f3c31fe,28102f3c31fe
9bb35da1be21a3f8,cifar100,ssb-v5,mlp,protocol-v6,0.4,0,100,5,3,240,1023,0.001133750076405704,0.0012689169961959124,722829312,0.078125,0,11,28102f3c31fe,28102f3c31fe
9bb35da1be21a3f8,cifar100,ssb-v5,mlp,protocol-v6,0.4,0,100,5,3,241,1024,0.001088332966901362,0.0012648330302909017,722829312,0.109375,0,11,28102f3c31fe,28102f3c31fe
9bb35da1be21a3f8,cifar100,ssb-v5,mlp,protocol-v6,0.4,0,100,5,3,242,1025,0.001120958011597395,0.0012777920346707106,722829312,0.1015625,0,11,28102f3c31fe,28102f3c31fe
9bb35da1be21a3f8,cifar100,ssb-v5,mlp,protocol-v6,0.4,0,100,5,3,243,1026,0.00118395802564919,0.0012629999546334147,722829312,0.1171875,0,11,28102f3c31fe,28102f3c31fe
9bb35da1be21a3f8,cifar100,ssb-v5,mlp,protocol-v6,0.4,0,100,5,3,244,1027,0.0011345420498400927,0.001276999944821,722829312,0.171875,0,11,28102f3c31fe,28102f3c31fe
9bb35da1be21a3f8,cifar100,ssb-v5,mlp,protocol-v6,0.4,0,100,5,3,245,1028,0.0010893340222537518,0.001260666991584003,722829312,0.140625,0,11,28102f3c31fe,28102f3c31fe
9bb35da1be21a3f8,cifar100,ssb-v5,mlp,protocol-v6,0.4,0,100,5,3,246,1029,0.0011824999237433076,0.0012552500702440739,722845696,0.140625,0,11,28102f3c31fe,28102f3c31fe
9bb35da1be21a3f8,cifar100,ssb-v5,mlp,protocol-v6,0.4,0,100,5,3,247,1030,0.0011359170312061906,0.0012774589704349637,722845696,0.1015625,0,11,28102f3c31fe,28102f3c31fe
9bb35da1be21a3f8,cifar100,ssb-v5,mlp,protocol-v6,0.4,0,100,5,3,248,1031,0.0011586669133976102,0.0013587090652436018,722845696,0.1015625,0,11,28102f3c31fe,28102f3c31fe
9bb35da1be21a3f8,cifar100,ssb-v5,mlp,protocol-v6,0.4,0,100,5,3,249,1032,0.001249499968253076,0.0013222920242697,722845696,0.0703125,0,11,28102f3c31fe,28102f3c31fe
9bb35da1be21a3f8,cifar100,ssb-v5,mlp,protocol-v6,0.4,0,100,5,3,250,1033,0.001191916991956532,0.0012821670388802886,722845696,0.125,0,11,28102f3c31fe,28102f3c31fe
9bb35da1be21a3f8,cifar100,ssb-v5,mlp,protocol-v6,0.4,0,100,5,3,251,1034,0.0012196250027045608,0.0012914169346913695,722845696,0.125,0,11,28102f3c31fe,28102f3c31fe
9bb35da1be21a3f8,cifar100,ssb-v5,mlp,protocol-v6,0.4,0,100,5,3,252,1035,0.0012036249972879887,0.0012919169384986162,722845696,0.0859375,0,11,28102f3c31fe,28102f3c31fe
9bb35da1be21a3f8,cifar100,ssb-v5,mlp,protocol-v6,0.4,0,100,5,3,253,1036,0.001215500058606267,0.001283958088606596,722845696,0.1171875,0,11,28102f3c31fe,28102f3c31fe
9bb35da1be21a3f8,cifar100,ssb-v5,mlp,protocol-v6,0.4,0,100,5,3,254,1037,0.0011819580104202032,0.0012785409344360232,722845696,0.125,0,11,28102f3c31fe,28102f3c31fe
9bb35da1be21a3f8,cifar100,ssb-v5,mlp,protocol-v6,0.4,0,100,5,3,255,1038,0.0011335000162944198,0.0012813749490305781,722845696,0.109375,0,11,28102f3c31fe,28102f3c31fe
9bb35da1be21a3f8,cifar100,ssb-v5,mlp,protocol-v6,0.4,0,100,5,3,256,1039,0.0011334579903632402,0.001278791925869882,722845696,0.09375,0,11,28102f3c31fe,28102f3c31fe
9bb35da1be21a3f8,cifar100,ssb-v5,mlp,protocol-v6,0.4,0,100,5,3,257,1040,0.0011261670151725411,0.0012829579645767808,722845696,0.1640625,0,11,28102f3c31fe,28102f3c31fe
9bb35da1be21a3f8,cifar100,ssb-v5,mlp,protocol-v6,0.4,0,100,5,3,258,1041,0.0011254580458626151,0.0012665829854086041,722845696,0.109375,0,11,28102f3c31fe,28102f3c31fe
9bb35da1be21a3f8,cifar100,ssb-v5,mlp,protocol-v6,0.4,0,100,5,3,259,1042,0.001124708098359406,0.0012586250668391585,722845696,0.203125,0,11,28102f3c31fe,28102f3c31fe
9bb35da1be21a3f8,cifar100,ssb-v5,mlp,protocol-v6,0.4,0,100,5,3,260,1043,0.0011967089958488941,0.0012817500391975045,722845696,0.1015625,0,11,28102f3c31fe,28102f3c31fe
9bb35da1be21a3f8,cifar100,ssb-v5,mlp,protocol-v6,0.4,0,100,5,3,261,1044,0.0011927079176530242,0.0012743329862132668,722845696,0.078125,0,11,28102f3c31fe,28102f3c31fe
9bb35da1be21a3f8,cifar100,ssb-v5,mlp,protocol-v6,0.4,0,100,5,3,262,1045,0.0011695000575855374,0.0012995409779250622,722845696,0.1171875,0,11,28102f3c31fe,28102f3c31fe
9bb35da1be21a3f8,cifar100,ssb-v5,mlp,protocol-v6,0.4,0,100,5,3,263,1046,0.0011432500323280692,0.0012789579341188073,722845696,0.171875,0,11,28102f3c31fe,28102f3c31fe
9bb35da1be21a3f8,cifar100,ssb-v5,mlp,protocol-v6,0.4,0,100,5,3,264,1047,0.0011222499888390303,0.0012630419805645943,722845696,0.09375,0,11,28102f3c31fe,28102f3c31fe
9bb35da1be21a3f8,cifar100,ssb-v5,mlp,protocol-v6,0.4,0,100,5,3,265,1048,0.001183292013593018,0.0012734169140458107,722878464,0.15625,0,11,28102f3c31fe,28102f3c31fe
9bb35da1be21a3f8,cifar100,ssb-v5,mlp,protocol-v6,0.4,0,100,5,3,266,1049,0.0011436250060796738,0.0013500410132110119,722878464,0.15625,0,11,28102f3c31fe,28102f3c31fe
9bb35da1be21a3f8,cifar100,ssb-v5,mlp,protocol-v6,0.4,0,100,5,3,267,1050,0.00118695804849267,0.0012669590068981051,722878464,0.1875,0,11,28102f3c31fe,28102f3c31fe
9bb35da1be21a3f8,cifar100,ssb-v5,mlp,protocol-v6,0.4,0,100,5,3,268,1051,0.0011874999618157744,0.0012790840119123459,722894848,0.109375,0,11,28102f3c31fe,28102f3c31fe
9bb35da1be21a3f8,cifar100,ssb-v5,mlp,protocol-v6,0.4,0,100,5,3,269,1052,0.0011009169975295663,0.0012816250091418624,722894848,0.125,0,11,28102f3c31fe,28102f3c31fe
9bb35da1be21a3f8,cifar100,ssb-v5,mlp,protocol-v6,0.4,0,100,5,3,270,1053,0.0011792919831350446,0.0012855000095441937,722894848,0.1484375,0,11,28102f3c31fe,28102f3c31fe
9bb35da1be21a3f8,cifar100,ssb-v5,mlp,protocol-v6,0.4,0,100,5,3,271,1054,0.0011906670406460762,0.0012767500011250377,722894848,0.1171875,0,11,28102f3c31fe,28102f3c31fe
9bb35da1be21a3f8,cifar100,ssb-v5,mlp,protocol-v6,0.4,0,100,5,3,272,1055,0.0011287909001111984,0.0013883330393582582,722894848,0.1484375,0,11,28102f3c31fe,28102f3c31fe
9bb35da1be21a3f8,cifar100,ssb-v5,mlp,protocol-v6,0.4,0,100,5,3,273,1056,0.0010879159672185779,0.001268915948458016,722894848,0.140625,0,11,28102f3c31fe,28102f3c31fe
9bb35da1be21a3f8,cifar100,ssb-v5,mlp,protocol-v6,0.4,0,100,5,3,274,1057,0.001178208040073514,0.0012684580869972706,722894848,0.1015625,0,11,28102f3c31fe,28102f3c31fe
9bb35da1be21a3f8,cifar100,ssb-v5,mlp,protocol-v6,0.4,0,100,5,3,275,1058,0.0011915829963982105,0.0012903750175610185,722894848,0.15625,0,11,28102f3c31fe,28102f3c31fe
9bb35da1be21a3f8,cifar100,ssb-v5,mlp,protocol-v6,0.4,0,100,5,3,276,1059,0.0011172500671818852,0.0012836669338867068,722894848,0.1328125,0,11,28102f3c31fe,28102f3c31fe
9bb35da1be21a3f8,cifar100,ssb-v5,mlp,protocol-v6,0.4,0,100,5,3,277,1060,0.0011012080358341336,0.0012732091126963496,722894848,0.140625,0,11,28102f3c31fe,28102f3c31fe
9bb35da1be21a3f8,cifar100,ssb-v5,mlp,protocol-v6,0.4,0,100,5,3,278,1061,0.0011842090170830488,0.0012732499744743109,722894848,0.1796875,0,11,28102f3c31fe,28102f3c31fe
9bb35da1be21a3f8,cifar100,ssb-v5,mlp,protocol-v6,0.4,0,100,5,3,279,1062,0.0011996249668300152,0.0012693330645561218,722894848,0.1796875,0,11,28102f3c31fe,28102f3c31fe
9bb35da1be21a3f8,cifar100,ssb-v5,mlp,protocol-v6,0.4,0,100,5,3,280,1063,0.0011194580001756549,0.001272958004847169,722911232,0.1328125,0,11,28102f3c31fe,28102f3c31fe
9bb35da1be21a3f8,cifar100,ssb-v5,mlp,protocol-v6,0.4,0,100,5,3,281,1064,0.0011197919957339764,0.0012767910957336426,722911232,0.1484375,0,11,28102f3c31fe,28102f3c31fe
9bb35da1be21a3f8,cifar100,ssb-v5,mlp,protocol-v6,0.4,0,100,5,3,282,1065,0.0011325000086799264,0.0012625420931726694,722911232,0.1640625,0,11,28102f3c31fe,28102f3c31fe
9bb35da1be21a3f8,cifar100,ssb-v5,mlp,protocol-v6,0.4,0,100,5,3,283,1066,0.0011859579244628549,0.0012621659552678466,722911232,0.09375,0,11,28102f3c31fe,28102f3c31fe
9bb35da1be21a3f8,cifar100,ssb-v5,mlp,protocol-v6,0.4,0,100,5,3,284,1067,0.0011287078959867358,0.0012593750143423676,722911232,0.1328125,0,11,28102f3c31fe,28102f3c31fe
9bb35da1be21a3f8,cifar100,ssb-v5,mlp,protocol-v6,0.4,0,100,5,3,285,1068,0.0011768749682232738,0.0012702910462394357,722927616,0.1015625,0,11,28102f3c31fe,28102f3c31fe
9bb35da1be21a3f8,cifar100,ssb-v5,mlp,protocol-v6,0.4,0,100,5,3,286,1069,0.0011210410157218575,0.0012649170821532607,722927616,0.1328125,0,11,28102f3c31fe,28102f3c31fe
9bb35da1be21a3f8,cifar100,ssb-v5,mlp,protocol-v6,0.4,0,100,5,3,287,1070,0.0011338329641148448,0.00125962495803833,722927616,0.15625,0,11,28102f3c31fe,28102f3c31fe
9bb35da1be21a3f8,cifar100,ssb-v5,mlp,protocol-v6,0.4,0,100,5,3,288,1071,0.0011276669101789594,0.0012904159957543015,722927616,0.1640625,0,11,28102f3c31fe,28102f3c31fe
9bb35da1be21a3f8,cifar100,ssb-v5,mlp,protocol-v6,0.4,0,100,5,3,289,1072,0.0011271670227870345,0.001262041972950101,722927616,0.109375,0,11,28102f3c31fe,28102f3c31fe
9bb35da1be21a3f8,cifar100,ssb-v5,mlp,protocol-v6,0.4,0,100,5,3,290,1073,0.0010929169366136193,0.001263667014427483,722927616,0.2421875,0,11,28102f3c31fe,28102f3c31fe
9bb35da1be21a3f8,cifar100,ssb-v5,mlp,protocol-v6,0.4,0,100,5,3,291,1074,0.001164417015388608,0.001293624984100461,722927616,0.1171875,0,11,28102f3c31fe,28102f3c31fe
9bb35da1be21a3f8,cifar100,ssb-v5,mlp,protocol-v6,0.4,0,100,5,3,292,1075,0.0011292500421404839,0.0012808339670300484,722927616,0.1328125,0,11,28102f3c31fe,28102f3c31fe
9bb35da1be21a3f8,cifar100,ssb-v5,mlp,protocol-v6,0.4,0,100,5,3,293,1076,0.0012019160203635693,0.0012733329785987735,722927616,0.15625,0,11,28102f3c31fe,28102f3c31fe
9bb35da1be21a3f8,cifar100,ssb-v5,mlp,protocol-v6,0.4,0,100,5,3,294,1077,0.0011790420394390821,0.0012667910195887089,722927616,0.171875,0,11,28102f3c31fe,28102f3c31fe
9bb35da1be21a3f8,cifar100,ssb-v5,mlp,protocol-v6,0.4,0,100,5,3,295,1078,0.0011785830138251185,0.0012659159256145358,722927616,0.1171875,0,11,28102f3c31fe,28102f3c31fe
9bb35da1be21a3f8,cifar100,ssb-v5,mlp,protocol-v6,0.4,0,100,5,3,296,1079,0.0011730000842362642,0.0012814999790862203,722927616,0.15625,0,11,28102f3c31fe,28102f3c31fe
9bb35da1be21a3f8,cifar100,ssb-v5,mlp,protocol-v6,0.4,0,100,5,3,297,1080,0.00112829206045717,0.0012708340073004365,722927616,0.171875,0,11,28102f3c31fe,28102f3c31fe
9bb35da1be21a3f8,cifar100,ssb-v5,mlp,protocol-v6,0.4,0,100,5,3,298,1081,0.0010886250529438257,0.0012899159919470549,722927616,0.109375,0,11,28102f3c31fe,28102f3c31fe
9bb35da1be21a3f8,cifar100,ssb-v5,mlp,protocol-v6,0.4,0,100,5,3,299,1082,0.0011187089839950204,0.001272624940611422,722927616,0.1953125,0,11,28102f3c31fe,28102f3c31fe
9bb35da1be21a3f8,cifar100,ssb-v5,mlp,protocol-v6,0.4,0,100,5,3,300,1083,0.0011377079645171762,0.0012712919851765037,722927616,0.1171875,0,11,28102f3c31fe,28102f3c31fe
9bb35da1be21a3f8,cifar100,ssb-v5,mlp,protocol-v6,0.4,0,100,5,3,301,1084,0.0011227080831304193,0.0012727499706670642,722927616,0.1171875,0,11,28102f3c31fe,28102f3c31fe
9bb35da1be21a3f8,cifar100,ssb-v5,mlp,protocol-v6,0.4,0,100,5,3,302,1085,0.0011192919919267297,0.001267916988581419,722927616,0.09375,0,11,28102f3c31fe,28102f3c31fe
9bb35da1be21a3f8,cifar100,ssb-v5,mlp,protocol-v6,0.4,0,100,5,3,303,1086,0.001170791918411851,0.0012558340094983578,722927616,0.109375,0,11,28102f3c31fe,28102f3c31fe
9bb35da1be21a3f8,cifar100,ssb-v5,mlp,protocol-v6,0.4,0,100,5,3,304,1087,0.0012720419326797128,0.0013567080022767186,722927616,0.1171875,0,11,28102f3c31fe,28102f3c31fe
9bb35da1be21a3f8,cifar100,ssb-v5,mlp,protocol-v6,0.4,0,100,5,3,305,1088,0.0011144590098410845,0.0012634159065783024,722944000,0.1484375,0,11,28102f3c31fe,28102f3c31fe
9bb35da1be21a3f8,cifar100,ssb-v5,mlp,protocol-v6,0.4,0,100,5,3,306,1089,0.0011812499724328518,0.0012620839988812804,722944000,0.1015625,0,11,28102f3c31fe,28102f3c31fe
9bb35da1be21a3f8,cifar100,ssb-v5,mlp,protocol-v6,0.4,0,100,5,3,307,1090,0.0011725829681381583,0.0012720840750262141,722944000,0.109375,0,11,28102f3c31fe,28102f3c31fe
9bb35da1be21a3f8,cifar100,ssb-v5,mlp,protocol-v6,0.4,0,100,5,3,308,1091,0.0011822080705314875,0.0012826669262722135,722944000,0.1484375,0,11,28102f3c31fe,28102f3c31fe
9bb35da1be21a3f8,cifar100,ssb-v5,mlp,protocol-v6,0.4,0,100,5,3,309,1092,0.0011616660049185157,0.0012647089315578341,722944000,0.125,0,11,28102f3c31fe,28102f3c31fe
9bb35da1be21a3f8,cifar100,ssb-v5,mlp,protocol-v6,0.4,0,100,5,3,310,1093,0.0011236249702051282,0.0013141250237822533,722944000,0.125,0,11,28102f3c31fe,28102f3c31fe
9bb35da1be21a3f8,cifar100,ssb-v5,mlp,protocol-v6,0.4,0,100,5,3,311,1094,0.0011335000162944198,0.0012865840690210462,722944000,0.125,0,11,28102f3c31fe,28102f3c31fe
9bb35da1be21a3f8,cifar100,ssb-v5,mlp,protocol-v6,0.4,0,100,5,3,312,1095,0.0011713749263435602,0.0012680409708991647,722944000,0.125,0,11,28102f3c31fe,28102f3c31fe
9bb35da1be21a3f8,cifar100,ssb-v5,mlp,protocol-v6,0.4,0,100,5,3,313,1096,0.001135834027081728,0.0013462499482557178,722944000,0.140625,0,11,28102f3c31fe,28102f3c31fe
9bb35da1be21a3f8,cifar100,ssb-v5,mlp,protocol-v6,0.4,0,100,5,3,314,1097,0.0011709589743986726,0.0012694590259343386,722944000,0.1484375,0,11,28102f3c31fe,28102f3c31fe
9bb35da1be21a3f8,cifar100,ssb-v5,mlp,protocol-v6,0.4,0,100,5,3,315,1098,0.001184666994959116,0.0012625830713659525,722944000,0.125,0,11,28102f3c31fe,28102f3c31fe
9bb35da1be21a3f8,cifar100,ssb-v5,mlp,protocol-v6,0.4,0,100,5,3,316,1099,0.0011724999640136957,0.001269791042432189,722944000,0.1328125,0,11,28102f3c31fe,28102f3c31fe
9bb35da1be21a3f8,cifar100,ssb-v5,mlp,protocol-v6,0.4,0,100,5,3,317,1100,0.0011417499044910073,0.0012629579287022352,722944000,0.15625,1,12,28102f3c31fe,97c7faa54e9c
9bb35da1be21a3f8,cifar100,ssb-v5,mlp,protocol-v6,0.4,0,100,5,3,318,1101,0.0011817080667242408,0.0012735000345855951,722960384,0.1171875,0,12,97c7faa54e9c,97c7faa54e9c
9bb35da1be21a3f8,cifar100,ssb-v5,mlp,protocol-v6,0.4,0,100,5,3,319,1102,0.0011816670885309577,0.0012652500299736857,722960384,0.078125,0,12,97c7faa54e9c,97c7faa54e9c
9bb35da1be21a3f8,cifar100,ssb-v5,mlp,protocol-v6,0.4,0,100,5,3,320,1103,0.0010804589837789536,0.0012673749588429928,722960384,0.03125,0,12,97c7faa54e9c,97c7faa54e9c
9bb35da1be21a3f8,cifar100,ssb-v5,mlp,protocol-v6,0.4,0,100,5,3,321,1104,0.0011345000239089131,0.001264957943931222,722960384,0.1171875,0,12,97c7faa54e9c,97c7faa54e9c
9bb35da1be21a3f8,cifar100,ssb-v5,mlp,protocol-v6,0.4,0,100,5,3,322,1105,0.0011304999934509397,0.0012544579803943634,722960384,0.1015625,0,12,97c7faa54e9c,97c7faa54e9c
9bb35da1be21a3f8,cifar100,ssb-v5,mlp,protocol-v6,0.4,0,100,5,3,323,1106,0.0010814580600708723,0.0012754159979522228,722960384,0.1171875,0,12,97c7faa54e9c,97c7faa54e9c
9bb35da1be21a3f8,cifar100,ssb-v5,mlp,protocol-v6,0.4,0,100,5,3,324,1107,0.001174959004856646,0.0012620000634342432,722960384,0.0703125,0,12,97c7faa54e9c,97c7faa54e9c
9bb35da1be21a3f8,cifar100,ssb-v5,mlp,protocol-v6,0.4,0,100,5,3,325,1108,0.001118832966312766,0.0012927079806104302,722960384,0.1875,0,12,97c7faa54e9c,97c7faa54e9c
9bb35da1be21a3f8,cifar100,ssb-v5,mlp,protocol-v6,0.4,0,100,5,3,326,1109,0.0011285420041531324,0.0012544579803943634,722960384,0.1015625,0,12,97c7faa54e9c,97c7faa54e9c
9bb35da1be21a3f8,cifar100,ssb-v5,mlp,protocol-v6,0.4,0,100,5,3,327,1110,0.0011224999325349927,0.00126466597430408,722960384,0.09375,0,12,97c7faa54e9c,97c7faa54e9c
9bb35da1be21a3f8,cifar100,ssb-v5,mlp,protocol-v6,0.4,0,100,5,3,328,1111,0.0010887079406529665,0.0012787500163540244,722960384,0.09375,0,12,97c7faa54e9c,97c7faa54e9c
9bb35da1be21a3f8,cifar100,ssb-v5,mlp,protocol-v6,0.4,0,100,5,3,329,1112,0.0011279999744147062,0.0012742079561576247,722960384,0.1171875,0,12,97c7faa54e9c,97c7faa54e9c
9bb35da1be21a3f8,cifar100,ssb-v5,mlp,protocol-v6,0.4,0,100,5,3,330,1113,0.0010875420412048697,0.0012699170038104057,722960384,0.125,0,12,97c7faa54e9c,97c7faa54e9c
9bb35da1be21a3f8,cifar100,ssb-v5,mlp,protocol-v6,0.4,0,100,5,3,331,1114,0.0011730000842362642,0.0012659580679610372,722976768,0.109375,0,12,97c7faa54e9c,97c7faa54e9c
9bb35da1be21a3f8,cifar100,ssb-v5,mlp,protocol-v6,0.4,0,100,5,3,332,1115,0.0011775410966947675,0.0012757920194417238,722976768,0.0625,0,12,97c7faa54e9c,97c7faa54e9c
9bb35da1be21a3f8,cifar100,ssb-v5,mlp,protocol-v6,0.4,0,100,5,3,333,1116,0.0011865829583257437,0.0012669590068981051,722976768,0.1328125,0,12,97c7faa54e9c,97c7faa54e9c
9bb35da1be21a3f8,cifar100,ssb-v5,mlp,protocol-v6,0.4,0,100,5,3,334,1117,0.0011407089186832309,0.001267166924662888,722976768,0.1328125,0,12,97c7faa54e9c,97c7faa54e9c
9bb35da1be21a3f8,cifar100,ssb-v5,mlp,protocol-v6,0.4,0,100,5,3,335,1118,0.0010818330338224769,0.0012645829701796174,722976768,0.0703125,0,12,97c7faa54e9c,97c7faa54e9c
9bb35da1be21a3f8,cifar100,ssb-v5,mlp,protocol-v6,0.4,0,100,5,3,336,1119,0.0011740420013666153,0.0012659579515457153,722976768,0.1640625,0,12,97c7faa54e9c,97c7faa54e9c
9bb35da1be21a3f8,cifar100,ssb-v5,mlp,protocol-v6,0.4,0,100,5,3,337,1120,0.0011756670428439975,0.0012636249884963036,722976768,0.1328125,0,12,97c7faa54e9c,97c7faa54e9c
9bb35da1be21a3f8,cifar100,ssb-v5,mlp,protocol-v6,0.4,0,100,5,3,338,1121,0.001121375011280179,0.0012667920673266053,722976768,0.1015625,0,12,97c7faa54e9c,97c7faa54e9c
9bb35da1be21a3f8,cifar100,ssb-v5,mlp,protocol-v6,0.4,0,100,5,3,339,1122,0.0011270829709246755,0.0013416250003501773,722976768,0.140625,0,12,97c7faa54e9c,97c7faa54e9c
9bb35da1be21a3f8,cifar100,ssb-v5,mlp,protocol-v6,0.4,0,100,5,3,340,1123,0.0011733330320566893,0.0012582920026034117,722976768,0.171875,0,12,97c7faa54e9c,97c7faa54e9c
9bb35da1be21a3f8,cifar100,ssb-v5,mlp,protocol-v6,0.4,0,100,5,3,341,1124,0.0011664580088108778,0.0012829999905079603,722976768,0.09375,0,12,97c7faa54e9c,97c7faa54e9c
9bb35da1be21a3f8,cifar100,ssb-v5,mlp,protocol-v6,0.4,0,100,5,3,342,1125,0.0010860830079764128,0.001262374920770526,722976768,0.1328125,0,12,97c7faa54e9c,97c7faa54e9c
9bb35da1be21a3f8,cifar100,ssb-v5,mlp,protocol-v6,0.4,0,100,5,3,343,1126,0.0010867079254239798,0.0012633750448003411,722976768,0.125,0,12,97c7faa54e9c,97c7faa54e9c
9bb35da1be21a3f8,cifar100,ssb-v5,mlp,protocol-v6,0.4,0,100,5,3,344,1127,0.001205792068503797,0.0012626249808818102,722976768,0.1171875,0,12,97c7faa54e9c,97c7faa54e9c
9bb35da1be21a3f8,cifar100,ssb-v5,mlp,protocol-v6,0.4,0,100,5,3,345,1128,0.0011823329841718078,0.0012883750023320317,722976768,0.1015625,0,12,97c7faa54e9c,97c7faa54e9c
9bb35da1be21a3f8,cifar100,ssb-v5,mlp,protocol-v6,0.4,0,100,5,3,346,1129,0.0010814579436555505,0.0012556669535115361,722993152,0.1640625,0,12,97c7faa54e9c,97c7faa54e9c
9bb35da1be21a3f8,cifar100,ssb-v5,mlp,protocol-v6,0.4,0,100,5,3,347,1130,0.0010929580312222242,0.0012699590297415853,722993152,0.1796875,0,12,97c7faa54e9c,97c7faa54e9c
9bb35da1be21a3f8,cifar100,ssb-v5,mlp,protocol-v6,0.4,0,100,5,3,348,1131,0.001185416942462325,0.0012630419805645943,722993152,0.109375,0,12,97c7faa54e9c,97c7faa54e9c
9bb35da1be21a3f8,cifar100,ssb-v5,mlp,protocol-v6,0.4,0,100,5,3,349,1132,0.0011687919031828642,0.0012595410225912929,722993152,0.1171875,0,12,97c7faa54e9c,97c7faa54e9c
9bb35da1be21a3f8,cifar100,ssb-v5,mlp,protocol-v6,0.4,0,100,5,3,350,1133,0.0011782090878114104,0.0012876669643446803,722993152,0.1484375,0,12,97c7faa54e9c,97c7faa54e9c
9bb35da1be21a3f8,cifar100,ssb-v5,mlp,protocol-v6,0.4,0,100,5,3,351,1134,0.0012051250087097287,0.001342874951660633,722993152,0.1171875,0,12,97c7faa54e9c,97c7faa54e9c
9bb35da1be21a3f8,cifar100,ssb-v5,mlp,protocol-v6,0.4,0,100,5,3,352,1135,0.0011922079138457775,0.0013141250237822533,722993152,0.1796875,0,12,97c7faa54e9c,97c7faa54e9c
9bb35da1be21a3f8,cifar100,ssb-v5,mlp,protocol-v6,0.4,0,100,5,3,353,1136,0.0011300418991595507,0.001302290940657258,722993152,0.1171875,0,12,97c7faa54e9c,97c7faa54e9c
9bb35da1be21a3f8,cifar100,ssb-v5,mlp,protocol-v6,0.4,0,100,5,3,354,1137,0.0011595000978559256,0.0012779169483110309,722993152,0.1484375,0,12,97c7faa54e9c,97c7faa54e9c
9bb35da1be21a3f8,cifar100,ssb-v5,mlp,protocol-v6,0.4,0,100,5,3,355,1138,0.0011312499409541488,0.0012959999730810523,722993152,0.15625,0,12,97c7faa54e9c,97c7faa54e9c
9bb35da1be21a3f8,cifar100,ssb-v5,mlp,protocol-v6,0.4,0,100,5,3,356,1139,0.0012041670270264149,0.0012667500413954258,722993152,0.1015625,0,12,97c7faa54e9c,97c7faa54e9c
9bb35da1be21a3f8,cifar100,ssb-v5,mlp,protocol-v6,0.4,0,100,5,3,357,1140,0.0011669169180095196,0.00130341702606529,722993152,0.109375,0,12,97c7faa54e9c,97c7faa54e9c
9bb35da1be21a3f8,cifar100,ssb-v5,mlp,protocol-v6,0.4,0,100,5,3,358,1141,0.0011887920554727316,0.0012677080230787396,722993152,0.1171875,0,12,97c7faa54e9c,97c7faa54e9c
9bb35da1be21a3f8,cifar100,ssb-v5,mlp,protocol-v6,0.4,0,100,5,3,359,1142,0.0011532079661265016,0.0012639169581234455,722993152,0.1953125,0,12,97c7faa54e9c,97c7faa54e9c
9bb35da1be21a3f8,cifar100,ssb-v5,mlp,protocol-v6,0.4,0,100,5,3,360,1143,0.0011122500291094184,0.0012744589475914836,722993152,0.125,0,12,97c7faa54e9c,97c7faa54e9c
9bb35da1be21a3f8,cifar100,ssb-v5,mlp,protocol-v6,0.4,0,100,5,3,361,1144,0.00108766695484519,0.0012669579591602087,722993152,0.1484375,0,12,97c7faa54e9c,97c7faa54e9c
9bb35da1be21a3f8,cifar100,ssb-v5,mlp,protocol-v6,0.4,0,100,5,3,362,1145,0.0011515840888023376,0.0014770000707358122,722993152,0.15625,0,12,97c7faa54e9c,97c7faa54e9c
9bb35da1be21a3f8,cifar100,ssb-v5,mlp,protocol-v6,0.4,0,100,5,3,363,1146,0.0011334170121699572,0.0013409160310402513,722993152,0.1796875,0,12,97c7faa54e9c,97c7faa54e9c
9bb35da1be21a3f8,cifar100,ssb-v5,mlp,protocol-v6,0.4,0,100,5,3,364,1147,0.0011962910648435354,0.0012985420180484653,722993152,0.1875,0,12,97c7faa54e9c,97c7faa54e9c
9bb35da1be21a3f8,cifar100,ssb-v5,mlp,protocol-v6,0.4,0,100,5,3,365,1148,0.0011839579092338681,0.0013084589736536145,723009536,0.1171875,0,12,97c7faa54e9c,97c7faa54e9c
9bb35da1be21a3f8,cifar100,ssb-v5,mlp,protocol-v6,0.4,0,100,5,3,366,1149,0.0011687090154737234,0.0013009579852223396,723009536,0.09375,0,12,97c7faa54e9c,97c7faa54e9c
9bb35da1be21a3f8,cifar100,ssb-v5,mlp,protocol-v6,0.4,0,100,5,3,367,1150,0.0011393330059945583,0.0013435420114547014,723009536,0.0859375,0,12,97c7faa54e9c,97c7faa54e9c
9bb35da1be21a3f8,cifar100,ssb-v5,mlp,protocol-v6,0.4,0,100,5,3,368,1151,0.001158915925770998,0.001312499982304871,723009536,0.0859375,0,12,97c7faa54e9c,97c7faa54e9c
9bb35da1be21a3f8,cifar100,ssb-v5,mlp,protocol-v6,0.4,0,100,5,3,369,1152,0.0011287919478490949,0.0012926249764859676,723009536,0.140625,0,12,97c7faa54e9c,97c7faa54e9c
9bb35da1be21a3f8,cifar100,ssb-v5,mlp,protocol-v6,0.4,0,100,5,3,370,1153,0.0011904999846592546,0.0012760419631376863,723025920,0.09375,0,12,97c7faa54e9c,97c7faa54e9c
9bb35da1be21a3f8,cifar100,ssb-v5,mlp,protocol-v6,0.4,0,100,5,3,371,1154,0.001201750012114644,0.001278041978366673,723025920,0.1015625,0,12,97c7faa54e9c,97c7faa54e9c
9bb35da1be21a3f8,cifar100,ssb-v5,mlp,protocol-v6,0.4,0,100,5,3,372,1155,0.001134374993853271,0.0012944579357281327,723025920,0.125,0,12,97c7faa54e9c,97c7faa54e9c
9bb35da1be21a3f8,cifar100,ssb-v5,mlp,protocol-v6,0.4,0,100,5,3,373,1156,0.0010970410658046603,0.0012912079691886902,723025920,0.171875,0,12,97c7faa54e9c,97c7faa54e9c
9bb35da1be21a3f8,cifar100,ssb-v5,mlp,protocol-v6,0.4,0,100,5,3,374,1157,0.0011898749507963657,0.0012738339137285948,723025920,0.125,0,12,97c7faa54e9c,97c7faa54e9c
9bb35da1be21a3f8,cifar100,ssb-v5,mlp,protocol-v6,0.4,0,100,5,3,375,1158,0.0011711670085787773,0.0012600410263985395,723025920,0.0859375,0,12,97c7faa54e9c,97c7faa54e9c
9bb35da1be21a3f8,cifar100,ssb-v5,mlp,protocol-v6,0.4,0,100,5,3,376,1159,0.001106458017602563,0.0012714170152321458,723025920,0.1640625,0,12,97c7faa54e9c,97c7faa54e9c
9bb35da1be21a3f8,cifar100,ssb-v5,mlp,protocol-v6,0.4,0,100,5,3,377,1160,0.001135834027081728,0.0012815410736948252,723025920,0.140625,0,12,97c7faa54e9c,97c7faa54e9c
9bb35da1be21a3f8,cifar100,ssb-v5,mlp,protocol-v6,0.4,0,100,5,3,378,1161,0.0011927089653909206,0.0012987080262973905,723025920,0.1328125,0,12,97c7faa54e9c,97c7faa54e9c
9bb35da1be21a3f8,cifar100,ssb-v5,mlp,protocol-v6,0.4,0,100,5,3,379,1162,0.001192249939776957,0.001280625001527369,723025920,0.15625,0,12,97c7faa54e9c,97c7faa54e9c
9bb35da1be21a3f8,cifar100,ssb-v5,mlp,protocol-v6,0.4,0,100,5,3,380,1163,0.001093916012905538,0.0012675001053139567,723025920,0.1484375,0,12,97c7faa54e9c,97c7faa54e9c
9bb35da1be21a3f8,cifar100,ssb-v5,mlp,protocol-v6,0.4,0,100,5,3,381,1164,0.0011768341064453125,0.001287125051021576,723025920,0.15625,0,12,97c7faa54e9c,97c7faa54e9c
9bb35da1be21a3f8,cifar100,ssb-v5,mlp,protocol-v6,0.4,0,100,5,3,382,1165,0.0011750840349122882,0.0012692080345004797,723025920,0.1484375,0,12,97c7faa54e9c,97c7faa54e9c
9bb35da1be21a3f8,cifar100,ssb-v5,mlp,protocol-v6,0.4,0,100,5,3,383,1166,0.0011849579168483615,0.0012852089712396264,723025920,0.15625,0,12,97c7faa54e9c,97c7faa54e9c
9bb35da1be21a3f8,cifar100,ssb-v5,mlp,protocol-v6,0.4,0,100,5,3,384,1167,0.001136917038820684,0.0013182919938117266,723025920,0.1640625,0,12,97c7faa54e9c,97c7faa54e9c
9bb35da1be21a3f8,cifar100,ssb-v5,mlp,protocol-v6,0.4,0,100,5,3,385,1168,0.00118041702080518,0.0012642090441659093,723025920,0.1171875,0,12,97c7faa54e9c,97c7faa54e9c
9bb35da1be21a3f8,cifar100,ssb-v5,mlp,protocol-v6,0.4,0,100,5,3,386,1169,0.001173167023807764,0.0013010830152779818,723042304,0.1015625,0,12,97c7faa54e9c,97c7faa54e9c
9bb35da1be21a3f8,cifar100,ssb-v5,mlp,protocol-v6,0.4,0,100,5,3,387,1170,0.0010920829372480512,0.0012607499957084656,723042304,0.125,0,12,97c7faa54e9c,97c7faa54e9c
9bb35da1be21a3f8,cifar100,ssb-v5,mlp,protocol-v6,0.4,0,100,5,3,388,1171,0.0010931671131402254,0.0012662910157814622,723042304,0.125,0,12,97c7faa54e9c,97c7faa54e9c
9bb35da1be21a3f8,cifar100,ssb-v5,mlp,protocol-v6,0.4,0,100,5,3,389,1172,0.0011818340281024575,0.0012700000079348683,723042304,0.15625,0,12,97c7faa54e9c,97c7faa54e9c
9bb35da1be21a3f8,cifar100,ssb-v5,mlp,protocol-v6,0.4,0,100,5,3,390,1173,0.0010408330708742142,0.0010787500068545341,723042304,0.15,0,12,97c7faa54e9c,97c7faa54e9c
