run_id,dataset,model,architecture,protocol_version,keep_ratio,block_size,seed,epoch,batch,forward_time_s,backward_time_s,memory_bytes,batch_accuracy
c420aa264acece14,cifar10,pruning,mlp,protocol-v3,0.6,0,5,1,0,0.029912208032328635,0.029110000003129244,703922176,0.046875
c420aa264acece14,cifar10,pruning,mlp,protocol-v3,0.6,0,5,1,1,0.002823334012646228,0.003098500019405037,720240640,0.125
c420aa264acece14,cifar10,pruning,mlp,protocol-v3,0.6,0,5,1,2,0.0023636670084670186,0.0019955839961767197,723419136,0.1953125
c420aa264acece14,cifar10,pruning,mlp,protocol-v3,0.6,0,5,1,3,0.0014347090036608279,0.0019977919873781502,724992000,0.1796875
c420aa264acece14,cifar10,pruning,mlp,protocol-v3,0.6,0,5,1,4,0.0014245419879443944,0.001558583986479789,724992000,0.1484375
c420aa264acece14,cifar10,pruning,mlp,protocol-v3,0.6,0,5,1,5,0.0014321249909698963,0.0015440830029547215,724992000,0.1328125
c420aa264acece14,cifar10,pruning,mlp,protocol-v3,0.6,0,5,1,6,0.0014223749749362469,0.0016310419887304306,724992000,0.234375
c420aa264acece14,cifar10,pruning,mlp,protocol-v3,0.6,0,5,1,7,0.0014689590316265821,0.001626624958589673,724992000,0.234375
c420aa264acece14,cifar10,pruning,mlp,protocol-v3,0.6,0,5,1,8,0.0014804169768467546,0.0016466670203953981,724992000,0.2109375
c420aa264acece14,cifar10,pruning,mlp,protocol-v3,0.6,0,5,1,9,0.0013928330154158175,0.0016365410410799086,724992000,0.3359375
c420aa264acece14,cifar10,pruning,mlp,protocol-v3,0.6,0,5,1,10,0.001471749972552061,0.0015974590205587447,725024768,0.2890625
c420aa264acece14,cifar10,pruning,mlp,protocol-v3,0.6,0,5,1,11,0.0013897920143790543,0.0016319169662892818,726614016,0.328125
c420aa264acece14,cifar10,pruning,mlp,protocol-v3,0.6,0,5,1,12,0.0014787919935770333,0.0016666250303387642,726614016,0.2734375
c420aa264acece14,cifar10,pruning,mlp,protocol-v3,0.6,0,5,1,13,0.0014451669994741678,0.0015099580050446093,726630400,0.25
c420aa264acece14,cifar10,pruning,mlp,protocol-v3,0.6,0,5,1,14,0.001422458968590945,0.0015681670047342777,726630400,0.234375
c420aa264acece14,cifar10,pruning,mlp,protocol-v3,0.6,0,5,1,15,0.0014817499904893339,0.0016709589981473982,728203264,0.2578125
c420aa264acece14,cifar10,pruning,mlp,protocol-v3,0.6,0,5,1,16,0.0014995000092312694,0.0016496659955009818,728203264,0.234375
c420aa264acece14,cifar10,pruning,mlp,protocol-v3,0.6,0,5,1,17,0.0014227920328266919,0.0015149170067161322,728203264,0.3046875
c420aa264acece14,cifar10,pruning,mlp,protocol-v3,0.6,0,5,1,18,0.0014136669924482703,0.0016282920259982347,728203264,0.3515625
c420aa264acece14,cifar10,pruning,mlp,protocol-v3,0.6,0,5,1,19,0.0014345410163514316,0.0016373750404454768,728203264,0.3203125
c420aa264acece14,cifar10,pruning,mlp,protocol-v3,0.6,0,5,1,20,0.0014752499992027879,0.0016298749833367765,728203264,0.3046875
c420aa264acece14,cifar10,pruning,mlp,protocol-v3,0.6,0,5,1,21,0.001393207989167422,0.0016264170408248901,728203264,0.25
c420aa264acece14,cifar10,pruning,mlp,protocol-v3,0.6,0,5,1,22,0.0014173329691402614,0.0015592919662594795,728203264,0.2890625
c420aa264acece14,cifar10,pruning,mlp,protocol-v3,0.6,0,5,1,23,0.001422833011019975,0.0015605419757775962,728203264,0.2578125
c420aa264acece14,cifar10,pruning,mlp,protocol-v3,0.6,0,5,1,24,0.001947042008396238,0.0016400000313296914,728203264,0.2421875
c420aa264acece14,cifar10,pruning,mlp,protocol-v3,0.6,0,5,1,25,0.0013937499606981874,0.00153645797399804,728203264,0.2890625
c420aa264acece14,cifar10,pruning,mlp,protocol-v3,0.6,0,5,1,26,0.0013759160065092146,0.0016082919901236892,728203264,0.25
c420aa264acece14,cifar10,pruning,mlp,protocol-v3,0.6,0,5,1,27,0.0018705000402405858,0.001552083995193243,728203264,0.2578125
c420aa264acece14,cifar10,pruning,mlp,protocol-v3,0.6,0,5,1,28,0.0018945420160889626,0.001615457993466407,728203264,0.3125
c420aa264acece14,cifar10,pruning,mlp,protocol-v3,0.6,0,5,1,29,0.0014192500384524465,0.001537292031571269,728203264,0.2578125
c420aa264acece14,cifar10,pruning,mlp,protocol-v3,0.6,0,5,1,30,0.001405458024237305,0.0015236659673973918,728203264,0.25
c420aa264acece14,cifar10,pruning,mlp,protocol-v3,0.6,0,5,1,31,0.001352708030026406,0.001617959002032876,728203264,0.265625
c420aa264acece14,cifar10,pruning,mlp,protocol-v3,0.6,0,5,1,32,0.0014018749934621155,0.0015302079846151173,728203264,0.3359375
c420aa264acece14,cifar10,pruning,mlp,protocol-v3,0.6,0,5,1,33,0.0014181670267134905,0.0015451660146936774,728203264,0.3046875
c420aa264acece14,cifar10,pruning,mlp,protocol-v3,0.6,0,5,1,34,0.0014098749961704016,0.001623332966119051,728203264,0.3359375
c420aa264acece14,cifar10,pruning,mlp,protocol-v3,0.6,0,5,1,35,0.0014516250230371952,0.001634958025533706,728203264,0.3203125
c420aa264acece14,cifar10,pruning,mlp,protocol-v3,0.6,0,5,1,36,0.0014122080174274743,0.0016310829669237137,728203264,0.3515625
c420aa264acece14,cifar10,pruning,mlp,protocol-v3,0.6,0,5,1,37,0.0014620840083807707,0.0016229160246439278,728203264,0.2734375
c420aa264acece14,cifar10,pruning,mlp,protocol-v3,0.6,0,5,1,38,0.001456082973163575,0.001535042014438659,728203264,0.296875
c420aa264acece14,cifar10,pruning,mlp,protocol-v3,0.6,0,5,1,39,0.0014258339651860297,0.0015163749922066927,728203264,0.296875
c420aa264acece14,cifar10,pruning,mlp,protocol-v3,0.6,0,5,1,40,0.0014446250279434025,0.0016235830262303352,728203264,0.3359375
c420aa264acece14,cifar10,pruning,mlp,protocol-v3,0.6,0,5,1,41,0.0014172910014167428,0.0015968329971656203,728203264,0.2890625
c420aa264acece14,cifar10,pruning,mlp,protocol-v3,0.6,0,5,1,42,0.0014104170259088278,0.0015992909902706742,728203264,0.25
c420aa264acece14,cifar10,pruning,mlp,protocol-v3,0.6,0,5,1,43,0.001400000008288771,0.0016104590031318367,728203264,0.3125
c420aa264acece14,cifar10,pruning,mlp,protocol-v3,0.6,0,5,1,44,0.0014556249952875078,0.0016248340252786875,728203264,0.328125
c420aa264acece14,cifar10,pruning,mlp,protocol-v3,0.6,0,5,1,45,0.0014605839969590306,0.0016092080040834844,728203264,0.3828125
c420aa264acece14,cifar10,pruning,mlp,protocol-v3,0.6,0,5,1,46,0.0014138749684207141,0.0015899579739198089,728203264,0.296875
c420aa264acece14,cifar10,pruning,mlp,protocol-v3,0.6,0,5,1,47,0.001414917001966387,0.0015113750123418868,728203264,0.328125
c420aa264acece14,cifar10,pruning,mlp,protocol-v3,0.6,0,5,1,48,0.001397875021211803,0.001614707987755537,728203264,0.3828125
c420aa264acece14,cifar10,pruning,mlp,protocol-v3,0.6,0,5,1,49,0.0014088749885559082,0.0015705840196460485,728203264,0.3515625
c420aa264acece14,cifar10,pruning,mlp,protocol-v3,0.6,0,5,1,50,0.0013958750059828162,0.0015994170098565519,728203264,0.3359375
c420aa264acece14,cifar10,pruning,mlp,protocol-v3,0.6,0,5,1,51,0.0014005840057507157,0.0016300000133924186,728203264,0.2890625
c420aa264acece14,cifar10,pruning,mlp,protocol-v3,0.6,0,5,1,52,0.0014124169829301536,0.0015134579734876752,728203264,0.3203125
c420aa264acece14,cifar10,pruning,mlp,protocol-v3,0.6,0,5,1,53,0.0014219579752534628,0.0015629580011591315,728203264,0.3203125
c420aa264acece14,cifar10,pruning,mlp,protocol-v3,0.6,0,5,1,54,0.0014074170030653477,0.001623040996491909,728203264,0.359375
c420aa264acece14,cifar10,pruning,mlp,protocol-v3,0.6,0,5,1,55,0.0014052080223336816,0.001666415948420763,728203264,0.296875
c420aa264acece14,cifar10,pruning,mlp,protocol-v3,0.6,0,5,1,56,0.001411958015523851,0.0016205409774556756,728203264,0.2890625
c420aa264acece14,cifar10,pruning,mlp,protocol-v3,0.6,0,5,1,57,0.0014058329979889095,0.0016037499881349504,728203264,0.296875
c420aa264acece14,cifar10,pruning,mlp,protocol-v3,0.6,0,5,1,58,0.001371124992147088,0.001530667010229081,728203264,0.34375
c420aa264acece14,cifar10,pruning,mlp,protocol-v3,0.6,0,5,1,59,0.0014006670098751783,0.0015514999977312982,728203264,0.2734375
c420aa264acece14,cifar10,pruning,mlp,protocol-v3,0.6,0,5,1,60,0.0014088750467635691,0.0015144170029088855,728203264,0.3515625
c420aa264acece14,cifar10,pruning,mlp,protocol-v3,0.6,0,5,1,61,0.0018526669591665268,0.0016051660059019923,728203264,0.3359375
c420aa264acece14,cifar10,pruning,mlp,protocol-v3,0.6,0,5,1,62,0.0014194170362316072,0.0016385839553549886,728203264,0.3046875
c420aa264acece14,cifar10,pruning,mlp,protocol-v3,0.6,0,5,1,63,0.0014148339978419244,0.0016120409709401429,728203264,0.2890625
c420aa264acece14,cifar10,pruning,mlp,protocol-v3,0.6,0,5,1,64,0.0014584999880753458,0.0015109580126591027,728219648,0.3203125
c420aa264acece14,cifar10,pruning,mlp,protocol-v3,0.6,0,5,1,65,0.0014241249882616103,0.0016209159512072802,728219648,0.390625
c420aa264acece14,cifar10,pruning,mlp,protocol-v3,0.6,0,5,1,66,0.0014158330159261823,0.0015168749960139394,728219648,0.3203125
c420aa264acece14,cifar10,pruning,mlp,protocol-v3,0.6,0,5,1,67,0.0013983329990878701,0.0017426249687559903,728219648,0.3359375
c420aa264acece14,cifar10,pruning,mlp,protocol-v3,0.6,0,5,1,68,0.001472083036787808,0.0017366669490002096,728219648,0.3359375
c420aa264acece14,cifar10,pruning,mlp,protocol-v3,0.6,0,5,1,69,0.0014491670299321413,0.0017751670093275607,728219648,0.3671875
c420aa264acece14,cifar10,pruning,mlp,protocol-v3,0.6,0,5,1,70,0.0014031250029802322,0.0015945420018397272,728219648,0.3359375
c420aa264acece14,cifar10,pruning,mlp,protocol-v3,0.6,0,5,1,71,0.0014791670255362988,0.0016068749828264117,728219648,0.296875
c420aa264acece14,cifar10,pruning,mlp,protocol-v3,0.6,0,5,1,72,0.0014548749895766377,0.0016319999704137444,728219648,0.3671875
c420aa264acece14,cifar10,pruning,mlp,protocol-v3,0.6,0,5,1,73,0.0014004589756950736,0.0015370420296676457,728219648,0.34375
c420aa264acece14,cifar10,pruning,mlp,protocol-v3,0.6,0,5,1,74,0.0014638749998994172,0.0016280420240946114,728219648,0.34375
c420aa264acece14,cifar10,pruning,mlp,protocol-v3,0.6,0,5,1,75,0.0014709170209243894,0.0016178750083781779,728219648,0.28125
c420aa264acece14,cifar10,pruning,mlp,protocol-v3,0.6,0,5,1,76,0.0014061250258237123,0.001616499968804419,728219648,0.390625
c420aa264acece14,cifar10,pruning,mlp,protocol-v3,0.6,0,5,1,77,0.0014680829481221735,0.0016265419544652104,728219648,0.28125
c420aa264acece14,cifar10,pruning,mlp,protocol-v3,0.6,0,5,1,78,0.0014569999766536057,0.0016055000014603138,728219648,0.296875
c420aa264acece14,cifar10,pruning,mlp,protocol-v3,0.6,0,5,1,79,0.0014106659800745547,0.0016066249809227884,728219648,0.3125
c420aa264acece14,cifar10,pruning,mlp,protocol-v3,0.6,0,5,1,80,0.0014644580078311265,0.0016032920102588832,728219648,0.296875
c420aa264acece14,cifar10,pruning,mlp,protocol-v3,0.6,0,5,1,81,0.0013794999686069787,0.0016244170255959034,728219648,0.3671875
c420aa264acece14,cifar10,pruning,mlp,protocol-v3,0.6,0,5,1,82,0.0013984999968670309,0.0016421250184066594,728219648,0.3046875
c420aa264acece14,cifar10,pruning,mlp,protocol-v3,0.6,0,5,1,83,0.0014620000147260725,0.0016145000117830932,728219648,0.3125
c420aa264acece14,cifar10,pruning,mlp,protocol-v3,0.6,0,5,1,84,0.001370707992464304,0.00161500001559034,728219648,0.3671875
c420aa264acece14,cifar10,pruning,mlp,protocol-v3,0.6,0,5,1,85,0.0013995420304127038,0.001621584000531584,728219648,0.2578125
c420aa264acece14,cifar10,pruning,mlp,protocol-v3,0.6,0,5,1,86,0.0014617500128224492,0.0016308749909512699,728219648,0.3359375
c420aa264acece14,cifar10,pruning,mlp,protocol-v3,0.6,0,5,1,87,0.0014764999505132437,0.001605333003681153,728219648,0.3828125
c420aa264acece14,cifar10,pruning,mlp,protocol-v3,0.6,0,5,1,88,0.0014192499802447855,0.0016222079866565764,728219648,0.265625
c420aa264acece14,cifar10,pruning,mlp,protocol-v3,0.6,0,5,1,89,0.0013740829890593886,0.00163033400895074,728219648,0.3359375
c420aa264acece14,cifar10,pruning,mlp,protocol-v3,0.6,0,5,1,90,0.0013662920100614429,0.0016049999976530671,728219648,0.3515625
c420aa264acece14,cifar10,pruning,mlp,protocol-v3,0.6,0,5,1,91,0.0013709590421058238,0.0016196669894270599,728219648,0.3203125
c420aa264acece14,cifar10,pruning,mlp,protocol-v3,0.6,0,5,1,92,0.001430083008017391,0.0015179589972831309,728219648,0.359375
c420aa264acece14,cifar10,pruning,mlp,protocol-v3,0.6,0,5,1,93,0.0013664999860338867,0.0016481250058859587,728219648,0.328125
c420aa264acece14,cifar10,pruning,mlp,protocol-v3,0.6,0,5,1,94,0.0013635000213980675,0.0017075839568860829,728219648,0.34375
c420aa264acece14,cifar10,pruning,mlp,protocol-v3,0.6,0,5,1,95,0.0013772090314887464,0.0016021659830585122,728219648,0.3359375
c420aa264acece14,cifar10,pruning,mlp,protocol-v3,0.6,0,5,1,96,0.00149200001033023,0.0016363330068998039,728219648,0.40625
c420aa264acece14,cifar10,pruning,mlp,protocol-v3,0.6,0,5,1,97,0.0013913330039940774,0.0016062500071711838,728219648,0.328125
c420aa264acece14,cifar10,pruning,mlp,protocol-v3,0.6,0,5,1,98,0.0014802080113440752,0.0014886659919284284,728219648,0.375
c420aa264acece14,cifar10,pruning,mlp,protocol-v3,0.6,0,5,1,99,0.0014801250072196126,0.001588291022926569,728219648,0.3515625
c420aa264acece14,cifar10,pruning,mlp,protocol-v3,0.6,0,5,1,100,0.0014703330234624445,0.0016285830060951412,728219648,0.40625
c420aa264acece14,cifar10,pruning,mlp,protocol-v3,0.6,0,5,1,101,0.0014810410211794078,0.001626292010769248,728219648,0.265625
c420aa264acece14,cifar10,pruning,mlp,protocol-v3,0.6,0,5,1,102,0.0014639170258305967,0.0015972499968484044,728219648,0.34375
c420aa264acece14,cifar10,pruning,mlp,protocol-v3,0.6,0,5,1,103,0.0014134999946691096,0.0016220829566009343,728219648,0.46875
c420aa264acece14,cifar10,pruning,mlp,protocol-v3,0.6,0,5,1,104,0.0014673340483568609,0.0016392079996876419,728219648,0.3515625
c420aa264acece14,cifar10,pruning,mlp,protocol-v3,0.6,0,5,1,105,0.0014784589875489473,0.0016274169902317226,728219648,0.375
c420aa264acece14,cifar10,pruning,mlp,protocol-v3,0.6,0,5,1,106,0.0014228340005502105,0.001637458975892514,728219648,0.3203125
c420aa264acece14,cifar10,pruning,mlp,protocol-v3,0.6,0,5,1,107,0.0014668750227428973,0.001631749968510121,728219648,0.3359375
c420aa264acece14,cifar10,pruning,mlp,protocol-v3,0.6,0,5,1,108,0.001464082975871861,0.001627374964300543,728219648,0.2890625
c420aa264acece14,cifar10,pruning,mlp,protocol-v3,0.6,0,5,1,109,0.0013542079832404852,0.0016040410264395177,728219648,0.40625
c420aa264acece14,cifar10,pruning,mlp,protocol-v3,0.6,0,5,1,110,0.001361624978017062,0.0016210000030696392,728219648,0.328125
c420aa264acece14,cifar10,pruning,mlp,protocol-v3,0.6,0,5,1,111,0.0014599999994970858,0.0034101249766536057,728219648,0.296875
c420aa264acece14,cifar10,pruning,mlp,protocol-v3,0.6,0,5,1,112,0.0013992920285090804,0.0016122919623740017,728219648,0.2578125
c420aa264acece14,cifar10,pruning,mlp,protocol-v3,0.6,0,5,1,113,0.001409082964528352,0.0016086659743450582,728219648,0.34375
c420aa264acece14,cifar10,pruning,mlp,protocol-v3,0.6,0,5,1,114,0.0014535000082105398,0.0016061670030467212,728219648,0.390625
c420aa264acece14,cifar10,pruning,mlp,protocol-v3,0.6,0,5,1,115,0.0014694579876959324,0.001630667014978826,728219648,0.390625
c420aa264acece14,cifar10,pruning,mlp,protocol-v3,0.6,0,5,1,116,0.0014019579975865781,0.0016116669867187738,728219648,0.4375
c420aa264acece14,cifar10,pruning,mlp,protocol-v3,0.6,0,5,1,117,0.0014581659925170243,0.0016287919715978205,728219648,0.3203125
c420aa264acece14,cifar10,pruning,mlp,protocol-v3,0.6,0,5,1,118,0.0014006660203449428,0.0014905830030329525,728219648,0.3984375
c420aa264acece14,cifar10,pruning,mlp,protocol-v3,0.6,0,5,1,119,0.0015110420063138008,0.0015546249924227595,728236032,0.4609375
c420aa264acece14,cifar10,pruning,mlp,protocol-v3,0.6,0,5,1,120,0.0019145839614793658,0.0016297920374199748,728236032,0.40625
c420aa264acece14,cifar10,pruning,mlp,protocol-v3,0.6,0,5,1,121,0.0014121249550953507,0.0016205840511247516,728236032,0.328125
c420aa264acece14,cifar10,pruning,mlp,protocol-v3,0.6,0,5,1,122,0.0014660840388387442,0.0016067919787019491,728236032,0.3828125
c420aa264acece14,cifar10,pruning,mlp,protocol-v3,0.6,0,5,1,123,0.0014525839942507446,0.0016306249890476465,728236032,0.40625
c420aa264acece14,cifar10,pruning,mlp,protocol-v3,0.6,0,5,1,124,0.0013629170134663582,0.001618625014089048,728236032,0.3515625
c420aa264acece14,cifar10,pruning,mlp,protocol-v3,0.6,0,5,1,125,0.0013609579764306545,0.0016239170217886567,728236032,0.359375
c420aa264acece14,cifar10,pruning,mlp,protocol-v3,0.6,0,5,1,126,0.0013909999979659915,0.001497833989560604,728236032,0.375
c420aa264acece14,cifar10,pruning,mlp,protocol-v3,0.6,0,5,1,127,0.0014242500183172524,0.0015150000108405948,728236032,0.3359375
c420aa264acece14,cifar10,pruning,mlp,protocol-v3,0.6,0,5,1,128,0.001406166993547231,0.0015154580469243228,728236032,0.3125
c420aa264acece14,cifar10,pruning,mlp,protocol-v3,0.6,0,5,1,129,0.0014123329892754555,0.0016304590390063822,728236032,0.2734375
c420aa264acece14,cifar10,pruning,mlp,protocol-v3,0.6,0,5,1,130,0.0013885420048609376,0.0016007499652914703,728236032,0.3515625
c420aa264acece14,cifar10,pruning,mlp,protocol-v3,0.6,0,5,1,131,0.0014254170237109065,0.0016150419833138585,728252416,0.40625
c420aa264acece14,cifar10,pruning,mlp,protocol-v3,0.6,0,5,1,132,0.001468457980081439,0.0016310419887304306,728252416,0.359375
c420aa264acece14,cifar10,pruning,mlp,protocol-v3,0.6,0,5,1,133,0.0014748339890502393,0.0016208330052904785,728252416,0.3828125
c420aa264acece14,cifar10,pruning,mlp,protocol-v3,0.6,0,5,1,134,0.0013742079609073699,0.001603499986231327,728252416,0.375
c420aa264acece14,cifar10,pruning,mlp,protocol-v3,0.6,0,5,1,135,0.0014045419520698488,0.0016212919726967812,728252416,0.3984375
c420aa264acece14,cifar10,pruning,mlp,protocol-v3,0.6,0,5,1,136,0.001405875023920089,0.0016222079866565764,728252416,0.3359375
c420aa264acece14,cifar10,pruning,mlp,protocol-v3,0.6,0,5,1,137,0.0013640830293297768,0.0016033329884521663,728252416,0.328125
c420aa264acece14,cifar10,pruning,mlp,protocol-v3,0.6,0,5,1,138,0.0013556249905377626,0.0015935000265017152,728252416,0.3828125
c420aa264acece14,cifar10,pruning,mlp,protocol-v3,0.6,0,5,1,139,0.0014675839920528233,0.0016248750034719706,728252416,0.296875
c420aa264acece14,cifar10,pruning,mlp,protocol-v3,0.6,0,5,1,140,0.0013876250013709068,0.0015358749660663307,728252416,0.3515625
c420aa264acece14,cifar10,pruning,mlp,protocol-v3,0.6,0,5,1,141,0.0014576669782400131,0.0016167500289157033,728252416,0.40625
c420aa264acece14,cifar10,pruning,mlp,protocol-v3,0.6,0,5,1,142,0.0014836249756626785,0.0015992089756764472,728252416,0.2734375
c420aa264acece14,cifar10,pruning,mlp,protocol-v3,0.6,0,5,1,143,0.0014024169649928808,0.0015985000063665211,728252416,0.3515625
c420aa264acece14,cifar10,pruning,mlp,protocol-v3,0.6,0,5,1,144,0.0014621660229749978,0.0016087919939309359,728252416,0.421875
c420aa264acece14,cifar10,pruning,mlp,protocol-v3,0.6,0,5,1,145,0.0014502499834634364,0.0015889580245129764,728252416,0.375
c420aa264acece14,cifar10,pruning,mlp,protocol-v3,0.6,0,5,1,146,0.0014506669831462204,0.001602709002327174,728252416,0.375
c420aa264acece14,cifar10,pruning,mlp,protocol-v3,0.6,0,5,1,147,0.0014437499921768904,0.0016007079975679517,728252416,0.296875
c420aa264acece14,cifar10,pruning,mlp,protocol-v3,0.6,0,5,1,148,0.0014552499633282423,0.0014778749900870025,728252416,0.34375
c420aa264acece14,cifar10,pruning,mlp,protocol-v3,0.6,0,5,1,149,0.0013954169698990881,0.0015429589548148215,728252416,0.328125
c420aa264acece14,cifar10,pruning,mlp,protocol-v3,0.6,0,5,1,150,0.001409041986335069,0.0015534170088358223,728252416,0.3828125
c420aa264acece14,cifar10,pruning,mlp,protocol-v3,0.6,0,5,1,151,0.0013654170325025916,0.0015186659875325859,728252416,0.3203125
c420aa264acece14,cifar10,pruning,mlp,protocol-v3,0.6,0,5,1,152,0.0013624580460600555,0.0015076250419951975,728252416,0.359375
c420aa264acece14,cifar10,pruning,mlp,protocol-v3,0.6,0,5,1,153,0.001391707977745682,0.0016167499707080424,728252416,0.3515625
c420aa264acece14,cifar10,pruning,mlp,protocol-v3,0.6,0,5,1,154,0.0014581659925170243,0.001607874990440905,728252416,0.296875
c420aa264acece14,cifar10,pruning,mlp,protocol-v3,0.6,0,5,1,155,0.001388499978929758,0.0016277909744530916,728252416,0.2734375
c420aa264acece14,cifar10,pruning,mlp,protocol-v3,0.6,0,5,1,156,0.0014067910378798842,0.0016288330079987645,728252416,0.3359375
c420aa264acece14,cifar10,pruning,mlp,protocol-v3,0.6,0,5,1,157,0.0013564580003730953,0.0016163749969564378,728252416,0.3828125
c420aa264acece14,cifar10,pruning,mlp,protocol-v3,0.6,0,5,1,158,0.0014301249757409096,0.001605625031515956,728252416,0.3984375
c420aa264acece14,cifar10,pruning,mlp,protocol-v3,0.6,0,5,1,159,0.001363084011245519,0.0016005830257199705,728252416,0.390625
c420aa264acece14,cifar10,pruning,mlp,protocol-v3,0.6,0,5,1,160,0.0013980829971842468,0.00149125000461936,728252416,0.3046875
c420aa264acece14,cifar10,pruning,mlp,protocol-v3,0.6,0,5,1,161,0.0013780830195173621,0.0015004999586381018,728252416,0.3359375
c420aa264acece14,cifar10,pruning,mlp,protocol-v3,0.6,0,5,1,162,0.0014222500030882657,0.0015627089887857437,728252416,0.359375
c420aa264acece14,cifar10,pruning,mlp,protocol-v3,0.6,0,5,1,163,0.0013560000224970281,0.001572792010847479,728252416,0.3828125
c420aa264acece14,cifar10,pruning,mlp,protocol-v3,0.6,0,5,1,164,0.0013890420086681843,0.0016120420186780393,728252416,0.3828125
c420aa264acece14,cifar10,pruning,mlp,protocol-v3,0.6,0,5,1,165,0.0013977090129628778,0.0016205830033868551,728252416,0.3671875
c420aa264acece14,cifar10,pruning,mlp,protocol-v3,0.6,0,5,1,166,0.0014665420167148113,0.0015802920097485185,728252416,0.390625
c420aa264acece14,cifar10,pruning,mlp,protocol-v3,0.6,0,5,1,167,0.001359958027023822,0.0015922500169835985,728252416,0.328125
c420aa264acece14,cifar10,pruning,mlp,protocol-v3,0.6,0,5,1,168,0.0013509170385077596,0.0016203750274144113,728252416,0.4609375
c420aa264acece14,cifar10,pruning,mlp,protocol-v3,0.6,0,5,1,169,0.0013656250084750354,0.0015997919836081564,728252416,0.3671875
c420aa264acece14,cifar10,pruning,mlp,protocol-v3,0.6,0,5,1,170,0.0014073749771341681,0.0015973339905031025,728252416,0.421875
c420aa264acece14,cifar10,pruning,mlp,protocol-v3,0.6,0,5,1,171,0.0013702089781872928,0.0016171250026673079,728252416,0.4140625
c420aa264acece14,cifar10,pruning,mlp,protocol-v3,0.6,0,5,1,172,0.0013600839884020388,0.0017421660013496876,728252416,0.359375
c420aa264acece14,cifar10,pruning,mlp,protocol-v3,0.6,0,5,1,173,0.001365291012916714,0.001632792002055794,728252416,0.3515625
c420aa264acece14,cifar10,pruning,mlp,protocol-v3,0.6,0,5,1,174,0.0013666669838130474,0.0016041250200942159,728252416,0.3515625
c420aa264acece14,cifar10,pruning,mlp,protocol-v3,0.6,0,5,1,175,0.001474624965339899,0.001595082983840257,728252416,0.34375
c420aa264acece14,cifar10,pruning,mlp,protocol-v3,0.6,0,5,1,176,0.0014005420380271971,0.0016000000177882612,728252416,0.40625
c420aa264acece14,cifar10,pruning,mlp,protocol-v3,0.6,0,5,1,177,0.0013967499835416675,0.00149741698987782,728252416,0.2890625
c420aa264acece14,cifar10,pruning,mlp,protocol-v3,0.6,0,5,1,178,0.0014077920350246131,0.0016153340111486614,728252416,0.3203125
c420aa264acece14,cifar10,pruning,mlp,protocol-v3,0.6,0,5,1,179,0.001472042000386864,0.0016062079812400043,728252416,0.375
c420aa264acece14,cifar10,pruning,mlp,protocol-v3,0.6,0,5,1,180,0.001461957988794893,0.001617582980543375,728252416,0.3046875
c420aa264acece14,cifar10,pruning,mlp,protocol-v3,0.6,0,5,1,181,0.0014039169764146209,0.0016102499794214964,728252416,0.296875
c420aa264acece14,cifar10,pruning,mlp,protocol-v3,0.6,0,5,1,182,0.0014234579866752028,0.0016224579885601997,728252416,0.34375
c420aa264acece14,cifar10,pruning,mlp,protocol-v3,0.6,0,5,1,183,0.0015156250447034836,0.001617583038751036,728301568,0.4296875
c420aa264acece14,cifar10,pruning,mlp,protocol-v3,0.6,0,5,1,184,0.001409500022418797,0.0016212910413742065,728301568,0.3515625
c420aa264acece14,cifar10,pruning,mlp,protocol-v3,0.6,0,5,1,185,0.0013583329855464399,0.0016173329786397517,728334336,0.359375
c420aa264acece14,cifar10,pruning,mlp,protocol-v3,0.6,0,5,1,186,0.0013789160293526947,0.0016141670057550073,728334336,0.296875
c420aa264acece14,cifar10,pruning,mlp,protocol-v3,0.6,0,5,1,187,0.0014111659838818014,0.0016313749947585166,728334336,0.3671875
c420aa264acece14,cifar10,pruning,mlp,protocol-v3,0.6,0,5,1,188,0.0013702500145882368,0.0016027080127969384,728334336,0.3359375
c420aa264acece14,cifar10,pruning,mlp,protocol-v3,0.6,0,5,1,189,0.0014769589761272073,0.0016024999786168337,728334336,0.3359375
c420aa264acece14,cifar10,pruning,mlp,protocol-v3,0.6,0,5,1,190,0.0013897499884478748,0.0016102910158224404,728334336,0.3359375
c420aa264acece14,cifar10,pruning,mlp,protocol-v3,0.6,0,5,1,191,0.0014700840110890567,0.0016112499870359898,728334336,0.25
c420aa264acece14,cifar10,pruning,mlp,protocol-v3,0.6,0,5,1,192,0.0014474589843302965,0.0016117909690365195,728334336,0.4375
c420aa264acece14,cifar10,pruning,mlp,protocol-v3,0.6,0,5,1,193,0.001414833008311689,0.0016320839640684426,728334336,0.296875
c420aa264acece14,cifar10,pruning,mlp,protocol-v3,0.6,0,5,1,194,0.0014611250371672213,0.0016150419833138585,728334336,0.375
c420aa264acece14,cifar10,pruning,mlp,protocol-v3,0.6,0,5,1,195,0.001483250001911074,0.001612916006706655,728334336,0.34375
c420aa264acece14,cifar10,pruning,mlp,protocol-v3,0.6,0,5,1,196,0.0013923750375397503,0.0016126669943332672,728334336,0.3515625
c420aa264acece14,cifar10,pruning,mlp,protocol-v3,0.6,0,5,1,197,0.0014655000413767993,0.0016301670111715794,728334336,0.4296875
c420aa264acece14,cifar10,pruning,mlp,protocol-v3,0.6,0,5,1,198,0.0014636660343967378,0.001612125022802502,728334336,0.3359375
c420aa264acece14,cifar10,pruning,mlp,protocol-v3,0.6,0,5,1,199,0.0014167079934850335,0.0016112080193124712,728334336,0.3671875
c420aa264acece14,cifar10,pruning,mlp,protocol-v3,0.6,0,5,1,200,0.0014606670010834932,0.0016063329530879855,728334336,0.3515625
c420aa264acece14,cifar10,pruning,mlp,protocol-v3,0.6,0,5,1,201,0.0014493750059045851,0.0016254590009339154,728350720,0.3984375
c420aa264acece14,cifar10,pruning,mlp,protocol-v3,0.6,0,5,1,202,0.0013954589958302677,0.0014945000293664634,728350720,0.4140625
c420aa264acece14,cifar10,pruning,mlp,protocol-v3,0.6,0,5,1,203,0.0014495830400846899,0.0016011249972507358,728350720,0.296875
c420aa264acece14,cifar10,pruning,mlp,protocol-v3,0.6,0,5,1,204,0.0014472500188276172,0.0015891660004854202,728350720,0.3046875
c420aa264acece14,cifar10,pruning,mlp,protocol-v3,0.6,0,5,1,205,0.0014645830378867686,0.0015036669792607427,728350720,0.359375
c420aa264acece14,cifar10,pruning,mlp,protocol-v3,0.6,0,5,1,206,0.0014079590328037739,0.0016080000204965472,728350720,0.375
c420aa264acece14,cifar10,pruning,mlp,protocol-v3,0.6,0,5,1,207,0.001396459003444761,0.0016065830131992698,728350720,0.265625
c420aa264acece14,cifar10,pruning,mlp,protocol-v3,0.6,0,5,1,208,0.0013901249621994793,0.0016102090012282133,728350720,0.3828125
c420aa264acece14,cifar10,pruning,mlp,protocol-v3,0.6,0,5,1,209,0.0014071669429540634,0.0016267920145764947,728350720,0.3984375
c420aa264acece14,cifar10,pruning,mlp,protocol-v3,0.6,0,5,1,210,0.001400875044055283,0.0015425829915329814,728367104,0.34375
c420aa264acece14,cifar10,pruning,mlp,protocol-v3,0.6,0,5,1,211,0.0013994580367580056,0.0015937919961288571,728367104,0.3828125
c420aa264acece14,cifar10,pruning,mlp,protocol-v3,0.6,0,5,1,212,0.0014017500216141343,0.0015709170256741345,728383488,0.40625
c420aa264acece14,cifar10,pruning,mlp,protocol-v3,0.6,0,5,1,213,0.0013597910292446613,0.0015135830035433173,728383488,0.296875
c420aa264acece14,cifar10,pruning,mlp,protocol-v3,0.6,0,5,1,214,0.0013578750076703727,0.0015623329672962427,728383488,0.3359375
c420aa264acece14,cifar10,pruning,mlp,protocol-v3,0.6,0,5,1,215,0.0013649999746121466,0.0016127079725265503,728383488,0.3515625
c420aa264acece14,cifar10,pruning,mlp,protocol-v3,0.6,0,5,1,216,0.001400665962137282,0.0016099579515866935,728383488,0.3203125
c420aa264acece14,cifar10,pruning,mlp,protocol-v3,0.6,0,5,1,217,0.0014532909845001996,0.0016197080258280039,728383488,0.3046875
c420aa264acece14,cifar10,pruning,mlp,protocol-v3,0.6,0,5,1,218,0.0013760830042883754,0.001605291967280209,728383488,0.3359375
c420aa264acece14,cifar10,pruning,mlp,protocol-v3,0.6,0,5,1,219,0.0014134999946691096,0.001492291979957372,728383488,0.328125
c420aa264acece14,cifar10,pruning,mlp,protocol-v3,0.6,0,5,1,220,0.0013455419684760273,0.0016086669638752937,728383488,0.390625
c420aa264acece14,cifar10,pruning,mlp,protocol-v3,0.6,0,5,1,221,0.0013597499928437173,0.0014983750297687948,728383488,0.3046875
c420aa264acece14,cifar10,pruning,mlp,protocol-v3,0.6,0,5,1,222,0.0014072919730097055,0.001565125014167279,728383488,0.375
c420aa264acece14,cifar10,pruning,mlp,protocol-v3,0.6,0,5,1,223,0.0014595409738831222,0.0016061659553088248,728383488,0.40625
c420aa264acece14,cifar10,pruning,mlp,protocol-v3,0.6,0,5,1,224,0.0013394169509410858,0.0016181250102818012,728383488,0.390625
c420aa264acece14,cifar10,pruning,mlp,protocol-v3,0.6,0,5,1,225,0.0013919589691795409,0.0015055830008350313,728383488,0.3203125
c420aa264acece14,cifar10,pruning,mlp,protocol-v3,0.6,0,5,1,226,0.001402208989020437,0.0015729159931652248,728383488,0.3125
c420aa264acece14,cifar10,pruning,mlp,protocol-v3,0.6,0,5,1,227,0.00139291601954028,0.0015084170154295862,728383488,0.3828125
c420aa264acece14,cifar10,pruning,mlp,protocol-v3,0.6,0,5,1,228,0.0014049999881535769,0.0015019169659353793,728383488,0.4296875
c420aa264acece14,cifar10,pruning,mlp,protocol-v3,0.6,0,5,1,229,0.0014346669777296484,0.0015309579903259873,728383488,0.34375
c420aa264acece14,cifar10,pruning,mlp,protocol-v3,0.6,0,5,1,230,0.0013915000017732382,0.0014980409760028124,728383488,0.3203125
c420aa264acece14,cifar10,pruning,mlp,protocol-v3,0.6,0,5,1,231,0.001394291000906378,0.0015990000101737678,728383488,0.3828125
c420aa264acece14,cifar10,pruning,mlp,protocol-v3,0.6,0,5,1,232,0.001360666996333748,0.0015981250326149166,728383488,0.5
c420aa264acece14,cifar10,pruning,mlp,protocol-v3,0.6,0,5,1,233,0.0013650829787366092,0.0016008749953471124,728383488,0.3671875
c420aa264acece14,cifar10,pruning,mlp,protocol-v3,0.6,0,5,1,234,0.0014698749873787165,0.0015965840429998934,728383488,0.34375
c420aa264acece14,cifar10,pruning,mlp,protocol-v3,0.6,0,5,1,235,0.0013647910091094673,0.0015959590091370046,728383488,0.3515625
c420aa264acece14,cifar10,pruning,mlp,protocol-v3,0.6,0,5,1,236,0.0013960000360384583,0.0015943750040605664,728383488,0.359375
c420aa264acece14,cifar10,pruning,mlp,protocol-v3,0.6,0,5,1,237,0.0014085419825278223,0.0016149170114658773,728383488,0.3828125
c420aa264acece14,cifar10,pruning,mlp,protocol-v3,0.6,0,5,1,238,0.001459707971662283,0.0016146249836310744,728383488,0.3984375
c420aa264acece14,cifar10,pruning,mlp,protocol-v3,0.6,0,5,1,239,0.0014058329979889095,0.0016078329645097256,728383488,0.3046875
c420aa264acece14,cifar10,pruning,mlp,protocol-v3,0.6,0,5,1,240,0.0014538329560309649,0.0016002499614842236,728383488,0.328125
c420aa264acece14,cifar10,pruning,mlp,protocol-v3,0.6,0,5,1,241,0.0014540840056724846,0.001602624950464815,728383488,0.359375
c420aa264acece14,cifar10,pruning,mlp,protocol-v3,0.6,0,5,1,242,0.0014585409662686288,0.0015902500017546117,728383488,0.34375
c420aa264acece14,cifar10,pruning,mlp,protocol-v3,0.6,0,5,1,243,0.001454667013604194,0.0016017500311136246,728383488,0.3515625
c420aa264acece14,cifar10,pruning,mlp,protocol-v3,0.6,0,5,1,244,0.0014584999880753458,0.001601708005182445,728383488,0.265625
c420aa264acece14,cifar10,pruning,mlp,protocol-v3,0.6,0,5,1,245,0.001411332981660962,0.0015969579690136015,728383488,0.328125
c420aa264acece14,cifar10,pruning,mlp,protocol-v3,0.6,0,5,1,246,0.0014794999733567238,0.0015771660255268216,728399872,0.390625
c420aa264acece14,cifar10,pruning,mlp,protocol-v3,0.6,0,5,1,247,0.0014588749618269503,0.001626332988962531,728399872,0.390625
c420aa264acece14,cifar10,pruning,mlp,protocol-v3,0.6,0,5,1,248,0.001448499970138073,0.0015140000032261014,728399872,0.3828125
c420aa264acece14,cifar10,pruning,mlp,protocol-v3,0.6,0,5,1,249,0.0013996249763295054,0.0016057500033639371,728399872,0.3203125
c420aa264acece14,cifar10,pruning,mlp,protocol-v3,0.6,0,5,1,250,0.001385208044666797,0.0015513329999521375,728399872,0.34375
c420aa264acece14,cifar10,pruning,mlp,protocol-v3,0.6,0,5,1,251,0.0014096249942667782,0.0017281670006923378,728399872,0.3125
c420aa264acece14,cifar10,pruning,mlp,protocol-v3,0.6,0,5,1,252,0.0018349579768255353,0.0019387499778531492,728399872,0.421875
c420aa264acece14,cifar10,pruning,mlp,protocol-v3,0.6,0,5,1,253,0.0022600420052185655,0.002156625036150217,728399872,0.328125
c420aa264acece14,cifar10,pruning,mlp,protocol-v3,0.6,0,5,1,254,0.0017422920209355652,0.001884666969999671,728399872,0.2890625
c420aa264acece14,cifar10,pruning,mlp,protocol-v3,0.6,0,5,1,255,0.001761708001140505,0.0019495839951559901,728399872,0.3515625
c420aa264acece14,cifar10,pruning,mlp,protocol-v3,0.6,0,5,1,256,0.0014504159917123616,0.0015696669579483569,728399872,0.328125
c420aa264acece14,cifar10,pruning,mlp,protocol-v3,0.6,0,5,1,257,0.0013640420511364937,0.0016146250418387353,728399872,0.2734375
c420aa264acece14,cifar10,pruning,mlp,protocol-v3,0.6,0,5,1,258,0.0013952499721199274,0.0016199999954551458,728399872,0.359375
c420aa264acece14,cifar10,pruning,mlp,protocol-v3,0.6,0,5,1,259,0.0013657090021297336,0.0016357499989680946,728399872,0.4453125
c420aa264acece14,cifar10,pruning,mlp,protocol-v3,0.6,0,5,1,260,0.001390957972034812,0.0015008329646661878,728399872,0.3671875
c420aa264acece14,cifar10,pruning,mlp,protocol-v3,0.6,0,5,1,261,0.0018573330016806722,0.0016115830512717366,728399872,0.375
c420aa264acece14,cifar10,pruning,mlp,protocol-v3,0.6,0,5,1,262,0.0015140000032261014,0.0016030410188250244,728399872,0.34375
c420aa264acece14,cifar10,pruning,mlp,protocol-v3,0.6,0,5,1,263,0.0013959169737063348,0.0015102080069482327,728399872,0.3125
c420aa264acece14,cifar10,pruning,mlp,protocol-v3,0.6,0,5,1,264,0.0014045829884707928,0.0016019170288927853,728399872,0.359375
c420aa264acece14,cifar10,pruning,mlp,protocol-v3,0.6,0,5,1,265,0.0014589169877581298,0.001620166003704071,728399872,0.3984375
c420aa264acece14,cifar10,pruning,mlp,protocol-v3,0.6,0,5,1,266,0.001473209005780518,0.0015982909826561809,728399872,0.3984375
c420aa264acece14,cifar10,pruning,mlp,protocol-v3,0.6,0,5,1,267,0.001404375012498349,0.001595500041730702,728399872,0.3359375
c420aa264acece14,cifar10,pruning,mlp,protocol-v3,0.6,0,5,1,268,0.0014041250105947256,0.0015175829757936299,728399872,0.3125
c420aa264acece14,cifar10,pruning,mlp,protocol-v3,0.6,0,5,1,269,0.0013923749793320894,0.0015951250097714365,728399872,0.3359375
c420aa264acece14,cifar10,pruning,mlp,protocol-v3,0.6,0,5,1,270,0.0014035000349394977,0.0015975420246832073,728399872,0.3984375
c420aa264acece14,cifar10,pruning,mlp,protocol-v3,0.6,0,5,1,271,0.0013909580302424729,0.0016233749920502305,728399872,0.40625
c420aa264acece14,cifar10,pruning,mlp,protocol-v3,0.6,0,5,1,272,0.0014016249915584922,0.0015196669846773148,728399872,0.3828125
c420aa264acece14,cifar10,pruning,mlp,protocol-v3,0.6,0,5,1,273,0.0014583750162273645,0.0015125420177355409,728399872,0.3515625
c420aa264acece14,cifar10,pruning,mlp,protocol-v3,0.6,0,5,1,274,0.0014754169969819486,0.0015937500284053385,728416256,0.390625
c420aa264acece14,cifar10,pruning,mlp,protocol-v3,0.6,0,5,1,275,0.0013885829830542207,0.0016046669916249812,728416256,0.359375
c420aa264acece14,cifar10,pruning,mlp,protocol-v3,0.6,0,5,1,276,0.0014044580166228116,0.0016117090126499534,728416256,0.421875
c420aa264acece14,cifar10,pruning,mlp,protocol-v3,0.6,0,5,1,277,0.0014576249523088336,0.0015863750013522804,728416256,0.3359375
c420aa264acece14,cifar10,pruning,mlp,protocol-v3,0.6,0,5,1,278,0.0013976669870316982,0.0015975419664755464,728416256,0.390625
c420aa264acece14,cifar10,pruning,mlp,protocol-v3,0.6,0,5,1,279,0.001388042001053691,0.0015427499893121421,728416256,0.375
c420aa264acece14,cifar10,pruning,mlp,protocol-v3,0.6,0,5,1,280,0.0014139589620754123,0.0015215830062516034,728416256,0.3359375
c420aa264acece14,cifar10,pruning,mlp,protocol-v3,0.6,0,5,1,281,0.0014567089965566993,0.0015070000081323087,728416256,0.4140625
c420aa264acece14,cifar10,pruning,mlp,protocol-v3,0.6,0,5,1,282,0.0013639589888043702,0.0016267920145764947,728416256,0.4140625
c420aa264acece14,cifar10,pruning,mlp,protocol-v3,0.6,0,5,1,283,0.0013553330209106207,0.0016037080204114318,728416256,0.3671875
c420aa264acece14,cifar10,pruning,mlp,protocol-v3,0.6,0,5,1,284,0.00145145901478827,0.0014979160041548312,728416256,0.359375
c420aa264acece14,cifar10,pruning,mlp,protocol-v3,0.6,0,5,1,285,0.0013767089694738388,0.0015054999967105687,728416256,0.359375
c420aa264acece14,cifar10,pruning,mlp,protocol-v3,0.6,0,5,1,286,0.001401791989337653,0.001488792011514306,728416256,0.4375
c420aa264acece14,cifar10,pruning,mlp,protocol-v3,0.6,0,5,1,287,0.001353665953502059,0.0016003749915398657,728416256,0.3984375
c420aa264acece14,cifar10,pruning,mlp,protocol-v3,0.6,0,5,1,288,0.0014594169915653765,0.001610750041436404,728432640,0.3671875
c420aa264acece14,cifar10,pruning,mlp,protocol-v3,0.6,0,5,1,289,0.001454667013604194,0.0016212910413742065,728432640,0.3671875
c420aa264acece14,cifar10,pruning,mlp,protocol-v3,0.6,0,5,1,290,0.001362042035907507,0.0015821250271983445,728432640,0.390625
c420aa264acece14,cifar10,pruning,mlp,protocol-v3,0.6,0,5,1,291,0.0014150420320220292,0.001603791955858469,728432640,0.375
c420aa264acece14,cifar10,pruning,mlp,protocol-v3,0.6,0,5,1,292,0.0013744159950874746,0.0015724169788882136,728432640,0.3515625
c420aa264acece14,cifar10,pruning,mlp,protocol-v3,0.6,0,5,1,293,0.0013919589691795409,0.0015507499920204282,728432640,0.2734375
c420aa264acece14,cifar10,pruning,mlp,protocol-v3,0.6,0,5,1,294,0.0013902499922551215,0.0015297079808078706,728432640,0.4296875
c420aa264acece14,cifar10,pruning,mlp,protocol-v3,0.6,0,5,1,295,0.001389542012475431,0.001491165952757001,728432640,0.390625
c420aa264acece14,cifar10,pruning,mlp,protocol-v3,0.6,0,5,1,296,0.0014089170144870877,0.0015203329967334867,728432640,0.4765625
c420aa264acece14,cifar10,pruning,mlp,protocol-v3,0.6,0,5,1,297,0.001424624992068857,0.0015949579537846148,728432640,0.40625
c420aa264acece14,cifar10,pruning,mlp,protocol-v3,0.6,0,5,1,298,0.0013708329643122852,0.0014797920011915267,728432640,0.390625
c420aa264acece14,cifar10,pruning,mlp,protocol-v3,0.6,0,5,1,299,0.001392124977428466,0.0015999170136637986,728432640,0.3046875
c420aa264acece14,cifar10,pruning,mlp,protocol-v3,0.6,0,5,1,300,0.0014670839882455766,0.0016080000204965472,728432640,0.328125
c420aa264acece14,cifar10,pruning,mlp,protocol-v3,0.6,0,5,1,301,0.0013498750049620867,0.0015985420322977006,728432640,0.3984375
c420aa264acece14,cifar10,pruning,mlp,protocol-v3,0.6,0,5,1,302,0.001404042006470263,0.001496375014539808,728449024,0.4140625
c420aa264acece14,cifar10,pruning,mlp,protocol-v3,0.6,0,5,1,303,0.0014017920475453138,0.0016069579869508743,728449024,0.328125
c420aa264acece14,cifar10,pruning,mlp,protocol-v3,0.6,0,5,1,304,0.0013943749945610762,0.0016052499995566905,728449024,0.3046875
c420aa264acece14,cifar10,pruning,mlp,protocol-v3,0.6,0,5,1,305,0.0013967080158181489,0.0016043750219978392,728449024,0.3671875
c420aa264acece14,cifar10,pruning,mlp,protocol-v3,0.6,0,5,1,306,0.0014047090080566704,0.0015373339992947876,728449024,0.3828125
c420aa264acece14,cifar10,pruning,mlp,protocol-v3,0.6,0,5,1,307,0.0013896250165998936,0.0015954580157995224,728449024,0.3515625
c420aa264acece14,cifar10,pruning,mlp,protocol-v3,0.6,0,5,1,308,0.0014190839719958603,0.0015110420063138008,728449024,0.3125
c420aa264acece14,cifar10,pruning,mlp,protocol-v3,0.6,0,5,1,309,0.001396791951265186,0.001502166036516428,728449024,0.3828125
c420aa264acece14,cifar10,pruning,mlp,protocol-v3,0.6,0,5,1,310,0.0013526660040952265,0.0015944999759085476,728449024,0.359375
c420aa264acece14,cifar10,pruning,mlp,protocol-v3,0.6,0,5,1,311,0.001472792006097734,0.001621540985070169,728449024,0.3125
c420aa264acece14,cifar10,pruning,mlp,protocol-v3,0.6,0,5,1,312,0.0013552919845096767,0.001604291028343141,728449024,0.296875
c420aa264acece14,cifar10,pruning,mlp,protocol-v3,0.6,0,5,1,313,0.0014049169840291142,0.0015866659814491868,728465408,0.359375
c420aa264acece14,cifar10,pruning,mlp,protocol-v3,0.6,0,5,1,314,0.0014505420112982392,0.001597041031345725,728465408,0.375
c420aa264acece14,cifar10,pruning,mlp,protocol-v3,0.6,0,5,1,315,0.0014584999880753458,0.0016005419893190265,728465408,0.4140625
c420aa264acece14,cifar10,pruning,mlp,protocol-v3,0.6,0,5,1,316,0.001409500022418797,0.0016045839875005186,728465408,0.375
c420aa264acece14,cifar10,pruning,mlp,protocol-v3,0.6,0,5,1,317,0.0014542089775204659,0.0016070000128820539,728465408,0.34375
c420aa264acece14,cifar10,pruning,mlp,protocol-v3,0.6,0,5,1,318,0.001391375029925257,0.0015979580348357558,728465408,0.3984375
c420aa264acece14,cifar10,pruning,mlp,protocol-v3,0.6,0,5,1,319,0.0014059579698368907,0.0016101659857667983,728465408,0.390625
c420aa264acece14,cifar10,pruning,mlp,protocol-v3,0.6,0,5,1,320,0.0021408339962363243,0.001602000033017248,728465408,0.2890625
c420aa264acece14,cifar10,pruning,mlp,protocol-v3,0.6,0,5,1,321,0.0014052909682504833,0.001509415975306183,728465408,0.4375
c420aa264acece14,cifar10,pruning,mlp,protocol-v3,0.6,0,5,1,322,0.0013973749591968954,0.001486875000409782,728465408,0.3828125
c420aa264acece14,cifar10,pruning,mlp,protocol-v3,0.6,0,5,1,323,0.0014075419749133289,0.0015032499795779586,728465408,0.375
c420aa264acece14,cifar10,pruning,mlp,protocol-v3,0.6,0,5,1,324,0.0013933329610154033,0.001598833012394607,728465408,0.4453125
c420aa264acece14,cifar10,pruning,mlp,protocol-v3,0.6,0,5,1,325,0.001399792032316327,0.0015940419980324805,728465408,0.3359375
c420aa264acece14,cifar10,pruning,mlp,protocol-v3,0.6,0,5,1,326,0.0013858749880455434,0.0014897090150043368,728465408,0.453125
c420aa264acece14,cifar10,pruning,mlp,protocol-v3,0.6,0,5,1,327,0.001458749989978969,0.0016075829626061022,728465408,0.3125
c420aa264acece14,cifar10,pruning,mlp,protocol-v3,0.6,0,5,1,328,0.001401791989337653,0.0016309160273522139,728465408,0.4375
c420aa264acece14,cifar10,pruning,mlp,protocol-v3,0.6,0,5,1,329,0.00147033401299268,0.0016249589971266687,728465408,0.4140625
c420aa264acece14,cifar10,pruning,mlp,protocol-v3,0.6,0,5,1,330,0.0014617090346291661,0.0016062920331023633,728465408,0.3125
c420aa264acece14,cifar10,pruning,mlp,protocol-v3,0.6,0,5,1,331,0.0014671669923700392,0.0016086669638752937,728465408,0.4296875
c420aa264acece14,cifar10,pruning,mlp,protocol-v3,0.6,0,5,1,332,0.0014599160058423877,0.0016060000052675605,728465408,0.3515625
c420aa264acece14,cifar10,pruning,mlp,protocol-v3,0.6,0,5,1,333,0.001400125038344413,0.0016185420099645853,728465408,0.390625
c420aa264acece14,cifar10,pruning,mlp,protocol-v3,0.6,0,5,1,334,0.001452583004720509,0.0016001249896362424,728481792,0.3125
c420aa264acece14,cifar10,pruning,mlp,protocol-v3,0.6,0,5,1,335,0.0019265830051153898,0.001598374976310879,728481792,0.40625
c420aa264acece14,cifar10,pruning,mlp,protocol-v3,0.6,0,5,1,336,0.001394583028741181,0.0015087919891811907,728481792,0.421875
c420aa264acece14,cifar10,pruning,mlp,protocol-v3,0.6,0,5,1,337,0.0014005419798195362,0.001604833989404142,728481792,0.3984375
c420aa264acece14,cifar10,pruning,mlp,protocol-v3,0.6,0,5,1,338,0.00135629199212417,0.0015892499941401184,728481792,0.3203125
c420aa264acece14,cifar10,pruning,mlp,protocol-v3,0.6,0,5,1,339,0.0013987920247018337,0.0016086249961517751,728481792,0.3828125
c420aa264acece14,cifar10,pruning,mlp,protocol-v3,0.6,0,5,1,340,0.0014555830275639892,0.001608167018275708,728481792,0.40625
c420aa264acece14,cifar10,pruning,mlp,protocol-v3,0.6,0,5,1,341,0.0014545000158250332,0.0016109580174088478,728481792,0.390625
c420aa264acece14,cifar10,pruning,mlp,protocol-v3,0.6,0,5,1,342,0.0013996660127304494,0.0015906250337138772,728481792,0.3359375
c420aa264acece14,cifar10,pruning,mlp,protocol-v3,0.6,0,5,1,343,0.0014574580127373338,0.0016033750143833458,728481792,0.3203125
c420aa264acece14,cifar10,pruning,mlp,protocol-v3,0.6,0,5,1,344,0.0014429999864660203,0.0016159999649971724,728481792,0.421875
c420aa264acece14,cifar10,pruning,mlp,protocol-v3,0.6,0,5,1,345,0.0014064579736441374,0.0016063330112956464,728481792,0.3671875
c420aa264acece14,cifar10,pruning,mlp,protocol-v3,0.6,0,5,1,346,0.0014563329750671983,0.0014823329984210432,728481792,0.3515625
c420aa264acece14,cifar10,pruning,mlp,protocol-v3,0.6,0,5,1,347,0.001387416967190802,0.0016003749915398657,728481792,0.34375
c420aa264acece14,cifar10,pruning,mlp,protocol-v3,0.6,0,5,1,348,0.0013793749967589974,0.0016017919988371432,728481792,0.34375
c420aa264acece14,cifar10,pruning,mlp,protocol-v3,0.6,0,5,1,349,0.001438416016753763,0.001598083006683737,728481792,0.4296875
c420aa264acece14,cifar10,pruning,mlp,protocol-v3,0.6,0,5,1,350,0.0014037920045666397,0.0015924579929560423,728481792,0.40625
c420aa264acece14,cifar10,pruning,mlp,protocol-v3,0.6,0,5,1,351,0.0014569589984603226,0.0015115420101210475,728481792,0.3984375
c420aa264acece14,cifar10,pruning,mlp,protocol-v3,0.6,0,5,1,352,0.0013962080120109022,0.0016028749523684382,728481792,0.328125
c420aa264acece14,cifar10,pruning,mlp,protocol-v3,0.6,0,5,1,353,0.0014055409701541066,0.0016017500311136246,728481792,0.3671875
c420aa264acece14,cifar10,pruning,mlp,protocol-v3,0.6,0,5,1,354,0.001396415987983346,0.0015957079594954848,728481792,0.3984375
c420aa264acece14,cifar10,pruning,mlp,protocol-v3,0.6,0,5,1,355,0.0013860840117558837,0.0015377089730463922,728481792,0.484375
c420aa264acece14,cifar10,pruning,mlp,protocol-v3,0.6,0,5,1,356,0.0014021249953657389,0.0016015840228646994,728481792,0.375
c420aa264acece14,cifar10,pruning,mlp,protocol-v3,0.6,0,5,1,357,0.0013857079902663827,0.0015971669927239418,728481792,0.34375
c420aa264acece14,cifar10,pruning,mlp,protocol-v3,0.6,0,5,1,358,0.0013967080158181489,0.0015966250211931765,728481792,0.421875
c420aa264acece14,cifar10,pruning,mlp,protocol-v3,0.6,0,5,1,359,0.0014064590213820338,0.0015406250022351742,728481792,0.390625
c420aa264acece14,cifar10,pruning,mlp,protocol-v3,0.6,0,5,1,360,0.0013900840422138572,0.0015605840017087758,728481792,0.453125
c420aa264acece14,cifar10,pruning,mlp,protocol-v3,0.6,0,5,1,361,0.0013946249964646995,0.001606041972991079,728481792,0.328125
c420aa264acece14,cifar10,pruning,mlp,protocol-v3,0.6,0,5,1,362,0.0013981249649077654,0.0015502909664064646,728481792,0.3671875
c420aa264acece14,cifar10,pruning,mlp,protocol-v3,0.6,0,5,1,363,0.0014063750277273357,0.0014902910334058106,728481792,0.3828125
c420aa264acece14,cifar10,pruning,mlp,protocol-v3,0.6,0,5,1,364,0.0014327920507639647,0.0014914169441908598,728481792,0.375
c420aa264acece14,cifar10,pruning,mlp,protocol-v3,0.6,0,5,1,365,0.0013527919654734433,0.0016053339932113886,728498176,0.40625
c420aa264acece14,cifar10,pruning,mlp,protocol-v3,0.6,0,5,1,366,0.0013569170259870589,0.0015897920238785446,728498176,0.4375
c420aa264acece14,cifar10,pruning,mlp,protocol-v3,0.6,0,5,1,367,0.001411166973412037,0.0016062920331023633,728498176,0.3515625
c420aa264acece14,cifar10,pruning,mlp,protocol-v3,0.6,0,5,1,368,0.0014415420009754598,0.0015084579936228693,728498176,0.34375
c420aa264acece14,cifar10,pruning,mlp,protocol-v3,0.6,0,5,1,369,0.0014593329979106784,0.0015995409921742976,728498176,0.4296875
c420aa264acece14,cifar10,pruning,mlp,protocol-v3,0.6,0,5,1,370,0.001411624951288104,0.001501458988059312,728498176,0.34375
c420aa264acece14,cifar10,pruning,mlp,protocol-v3,0.6,0,5,1,371,0.0014612500090152025,0.001605333003681153,728498176,0.40625
c420aa264acece14,cifar10,pruning,mlp,protocol-v3,0.6,0,5,1,372,0.0013901249621994793,0.0015982500044628978,728498176,0.4140625
c420aa264acece14,cifar10,pruning,mlp,protocol-v3,0.6,0,5,1,373,0.0014190839719958603,0.0014907910372130573,728498176,0.34375
c420aa264acece14,cifar10,pruning,mlp,protocol-v3,0.6,0,5,1,374,0.0013994159526191652,0.0014920830144546926,728498176,0.421875
c420aa264acece14,cifar10,pruning,mlp,protocol-v3,0.6,0,5,1,375,0.0013883339706808329,0.0015974580310285091,728498176,0.4140625
c420aa264acece14,cifar10,pruning,mlp,protocol-v3,0.6,0,5,1,376,0.0014024159754626453,0.0015061660087667406,728498176,0.3125
c420aa264acece14,cifar10,pruning,mlp,protocol-v3,0.6,0,5,1,377,0.0013990000006742775,0.0015197499888017774,728498176,0.390625
c420aa264acece14,cifar10,pruning,mlp,protocol-v3,0.6,0,5,1,378,0.00135441601742059,0.0015988749801181257,728498176,0.46875
c420aa264acece14,cifar10,pruning,mlp,protocol-v3,0.6,0,5,1,379,0.001382625021506101,0.0015999169554561377,728498176,0.3984375
c420aa264acece14,cifar10,pruning,mlp,protocol-v3,0.6,0,5,1,380,0.001462416024878621,0.001608500024303794,728498176,0.3984375
c420aa264acece14,cifar10,pruning,mlp,protocol-v3,0.6,0,5,1,381,0.0014632919919677079,0.0014985419693402946,728498176,0.328125
c420aa264acece14,cifar10,pruning,mlp,protocol-v3,0.6,0,5,1,382,0.0014452500035986304,0.0015990419778972864,728498176,0.3515625
c420aa264acece14,cifar10,pruning,mlp,protocol-v3,0.6,0,5,1,383,0.0013922919752076268,0.0015927500207908452,728498176,0.328125
c420aa264acece14,cifar10,pruning,mlp,protocol-v3,0.6,0,5,1,384,0.0013722919975407422,0.0015993750421330333,728498176,0.3671875
c420aa264acece14,cifar10,pruning,mlp,protocol-v3,0.6,0,5,1,385,0.001411958015523851,0.0015211249701678753,728498176,0.3671875
c420aa264acece14,cifar10,pruning,mlp,protocol-v3,0.6,0,5,1,386,0.0013835409772582352,0.0015909579815343022,728498176,0.4296875
c420aa264acece14,cifar10,pruning,mlp,protocol-v3,0.6,0,5,1,387,0.0014160419814288616,0.0015572909615002573,728498176,0.3515625
c420aa264acece14,cifar10,pruning,mlp,protocol-v3,0.6,0,5,1,388,0.0014011249877512455,0.0015414170338772237,728498176,0.34375
c420aa264acece14,cifar10,pruning,mlp,protocol-v3,0.6,0,5,1,389,0.0014094170182943344,0.0015852500218898058,728498176,0.296875
c420aa264acece14,cifar10,pruning,mlp,protocol-v3,0.6,0,5,1,390,0.003556625044438988,0.023094459029380232,733773824,0.3625
c420aa264acece14,cifar10,pruning,mlp,protocol-v3,0.6,0,5,2,0,0.0013688750332221389,0.0017888330039568245,740933632,0.34375
c420aa264acece14,cifar10,pruning,mlp,protocol-v3,0.6,0,5,2,1,0.001429416995961219,0.00275162496836856,740933632,0.4296875
c420aa264acece14,cifar10,pruning,mlp,protocol-v3,0.6,0,5,2,2,0.001746084017213434,0.001635707973036915,740950016,0.421875
c420aa264acece14,cifar10,pruning,mlp,protocol-v3,0.6,0,5,2,3,0.0015123749617487192,0.0016378340078517795,740950016,0.4140625
c420aa264acece14,cifar10,pruning,mlp,protocol-v3,0.6,0,5,2,4,0.0014950829790905118,0.0016581660020165145,741294080,0.3828125
c420aa264acece14,cifar10,pruning,mlp,protocol-v3,0.6,0,5,2,5,0.0014402499655261636,0.0016342499875463545,742866944,0.3671875
c420aa264acece14,cifar10,pruning,mlp,protocol-v3,0.6,0,5,2,6,0.0014333330327644944,0.0015980000025592744,742866944,0.3203125
c420aa264acece14,cifar10,pruning,mlp,protocol-v3,0.6,0,5,2,7,0.0014820410287939012,0.0016587920254096389,742866944,0.484375
c420aa264acece14,cifar10,pruning,mlp,protocol-v3,0.6,0,5,2,8,0.001440499967429787,0.0015235840110108256,742866944,0.4296875
c420aa264acece14,cifar10,pruning,mlp,protocol-v3,0.6,0,5,2,9,0.0013959580101072788,0.0016144580440595746,742866944,0.4375
c420aa264acece14,cifar10,pruning,mlp,protocol-v3,0.6,0,5,2,10,0.0013589579612016678,0.0016434999997727573,742866944,0.4296875
c420aa264acece14,cifar10,pruning,mlp,protocol-v3,0.6,0,5,2,11,0.0013589579612016678,0.0016496669850312173,742866944,0.4453125
c420aa264acece14,cifar10,pruning,mlp,protocol-v3,0.6,0,5,2,12,0.0013942919904366136,0.0015569999814033508,742883328,0.4296875
c420aa264acece14,cifar10,pruning,mlp,protocol-v3,0.6,0,5,2,13,0.0014046250144019723,0.0015066249761730433,742883328,0.3828125
c420aa264acece14,cifar10,pruning,mlp,protocol-v3,0.6,0,5,2,14,0.0013854170101694763,0.001543042017146945,742899712,0.4140625
c420aa264acece14,cifar10,pruning,mlp,protocol-v3,0.6,0,5,2,15,0.0013923750375397503,0.0015627090469934046,742899712,0.3515625
c420aa264acece14,cifar10,pruning,mlp,protocol-v3,0.6,0,5,2,16,0.0019420830067247152,0.0016026669763959944,742899712,0.40625
c420aa264acece14,cifar10,pruning,mlp,protocol-v3,0.6,0,5,2,17,0.0013869169633835554,0.0016143330140039325,742899712,0.3671875
c420aa264acece14,cifar10,pruning,mlp,protocol-v3,0.6,0,5,2,18,0.0014100000262260437,0.0016051660059019923,742899712,0.3203125
c420aa264acece14,cifar10,pruning,mlp,protocol-v3,0.6,0,5,2,19,0.0014540000120177865,0.0016127499984577298,742899712,0.390625
c420aa264acece14,cifar10,pruning,mlp,protocol-v3,0.6,0,5,2,20,0.001393540995195508,0.0015985000063665211,742899712,0.296875
c420aa264acece14,cifar10,pruning,mlp,protocol-v3,0.6,0,5,2,21,0.00144679204095155,0.0016053329454734921,742899712,0.453125
c420aa264acece14,cifar10,pruning,mlp,protocol-v3,0.6,0,5,2,22,0.0014044169802218676,0.0014952089986763895,742899712,0.3515625
c420aa264acece14,cifar10,pruning,mlp,protocol-v3,0.6,0,5,2,23,0.00138487498043105,0.001490625028964132,742899712,0.3515625
c420aa264acece14,cifar10,pruning,mlp,protocol-v3,0.6,0,5,2,24,0.0013929579872637987,0.0015857910038903356,742899712,0.4296875
c420aa264acece14,cifar10,pruning,mlp,protocol-v3,0.6,0,5,2,25,0.0014032499748282135,0.0016208330052904785,742899712,0.3828125
c420aa264acece14,cifar10,pruning,mlp,protocol-v3,0.6,0,5,2,26,0.001384040981065482,0.0016181250102818012,742899712,0.4375
c420aa264acece14,cifar10,pruning,mlp,protocol-v3,0.6,0,5,2,27,0.0013841670006513596,0.001609249971807003,742899712,0.421875
c420aa264acece14,cifar10,pruning,mlp,protocol-v3,0.6,0,5,2,28,0.0013952089939266443,0.0015982500044628978,742899712,0.390625
c420aa264acece14,cifar10,pruning,mlp,protocol-v3,0.6,0,5,2,29,0.0015161250485107303,0.0016003749915398657,742899712,0.4375
c420aa264acece14,cifar10,pruning,mlp,protocol-v3,0.6,0,5,2,30,0.0015741249662823975,0.0016131250304169953,742916096,0.453125
c420aa264acece14,cifar10,pruning,mlp,protocol-v3,0.6,0,5,2,31,0.0014170409995131195,0.0015031249495223165,742916096,0.4375
c420aa264acece14,cifar10,pruning,mlp,protocol-v3,0.6,0,5,2,32,0.0014420420047827065,0.0015920419828034937,742916096,0.3125
c420aa264acece14,cifar10,pruning,mlp,protocol-v3,0.6,0,5,2,33,0.0014440410304814577,0.0015881669824011624,742916096,0.3125
c420aa264acece14,cifar10,pruning,mlp,protocol-v3,0.6,0,5,2,34,0.001457959006074816,0.0016208330052904785,742916096,0.4140625
c420aa264acece14,cifar10,pruning,mlp,protocol-v3,0.6,0,5,2,35,0.0013448749668896198,0.0015914590330794454,742916096,0.3203125
c420aa264acece14,cifar10,pruning,mlp,protocol-v3,0.6,0,5,2,36,0.0013911250280216336,0.0015897909761406481,742916096,0.3984375
c420aa264acece14,cifar10,pruning,mlp,protocol-v3,0.6,0,5,2,37,0.0013938749907538295,0.001496249984484166,742916096,0.3671875
c420aa264acece14,cifar10,pruning,mlp,protocol-v3,0.6,0,5,2,38,0.001379708992317319,0.001535333984065801,742916096,0.375
c420aa264acece14,cifar10,pruning,mlp,protocol-v3,0.6,0,5,2,39,0.0013843339984305203,0.001557125011458993,742916096,0.375
c420aa264acece14,cifar10,pruning,mlp,protocol-v3,0.6,0,5,2,40,0.0014001249801367521,0.0014834579778835177,742916096,0.4140625
c420aa264acece14,cifar10,pruning,mlp,protocol-v3,0.6,0,5,2,41,0.0013933749869465828,0.0015424169832840562,742916096,0.4375
c420aa264acece14,cifar10,pruning,mlp,protocol-v3,0.6,0,5,2,42,0.0013977920170873404,0.001511583977844566,742916096,0.375
c420aa264acece14,cifar10,pruning,mlp,protocol-v3,0.6,0,5,2,43,0.0014287910307757556,0.001504666986875236,742916096,0.421875
c420aa264acece14,cifar10,pruning,mlp,protocol-v3,0.6,0,5,2,44,0.0013541659573093057,0.0015962920151650906,742916096,0.359375
c420aa264acece14,cifar10,pruning,mlp,protocol-v3,0.6,0,5,2,45,0.0014477919903583825,0.0016135000041685998,742916096,0.46875
c420aa264acece14,cifar10,pruning,mlp,protocol-v3,0.6,0,5,2,46,0.0013983339886181056,0.0016329580103047192,742916096,0.328125
c420aa264acece14,cifar10,pruning,mlp,protocol-v3,0.6,0,5,2,47,0.0014422499807551503,0.0015540840104222298,742916096,0.421875
c420aa264acece14,cifar10,pruning,mlp,protocol-v3,0.6,0,5,2,48,0.0013796249986626208,0.0016047499957494438,742916096,0.4296875
c420aa264acece14,cifar10,pruning,mlp,protocol-v3,0.6,0,5,2,49,0.001451792020816356,0.0016008749953471124,742916096,0.34375
c420aa264acece14,cifar10,pruning,mlp,protocol-v3,0.6,0,5,2,50,0.0014454590273089707,0.0016097499756142497,742916096,0.4609375
c420aa264acece14,cifar10,pruning,mlp,protocol-v3,0.6,0,5,2,51,0.0014003749820403755,0.0016192080220207572,742916096,0.40625
c420aa264acece14,cifar10,pruning,mlp,protocol-v3,0.6,0,5,2,52,0.001437333005014807,0.0016198340454138815,742916096,0.4453125
c420aa264acece14,cifar10,pruning,mlp,protocol-v3,0.6,0,5,2,53,0.001462374988477677,0.0016192499897442758,742932480,0.3984375
c420aa264acece14,cifar10,pruning,mlp,protocol-v3,0.6,0,5,2,54,0.0014493750059045851,0.0016032909625209868,742932480,0.3359375
c420aa264acece14,cifar10,pruning,mlp,protocol-v3,0.6,0,5,2,55,0.001442332984879613,0.0016134590259753168,742932480,0.4140625
c420aa264acece14,cifar10,pruning,mlp,protocol-v3,0.6,0,5,2,56,0.0014325420488603413,0.001578458002768457,742932480,0.4375
c420aa264acece14,cifar10,pruning,mlp,protocol-v3,0.6,0,5,2,57,0.0013770409859716892,0.001590833009686321,742948864,0.375
c420aa264acece14,cifar10,pruning,mlp,protocol-v3,0.6,0,5,2,58,0.0013842079788446426,0.0016199999954551458,742948864,0.40625
c420aa264acece14,cifar10,pruning,mlp,protocol-v3,0.6,0,5,2,59,0.0013864170177839696,0.0014976660022512078,742965248,0.453125
c420aa264acece14,cifar10,pruning,mlp,protocol-v3,0.6,0,5,2,60,0.0013832910335622728,0.0015298749785870314,742965248,0.3359375
c420aa264acece14,cifar10,pruning,mlp,protocol-v3,0.6,0,5,2,61,0.0014154170057736337,0.0014933330239728093,742965248,0.5
c420aa264acece14,cifar10,pruning,mlp,protocol-v3,0.6,0,5,2,62,0.001387416967190802,0.0014913749764673412,742965248,0.4140625
c420aa264acece14,cifar10,pruning,mlp,protocol-v3,0.6,0,5,2,63,0.0013869579997844994,0.0015171669656410813,742965248,0.3984375
c420aa264acece14,cifar10,pruning,mlp,protocol-v3,0.6,0,5,2,64,0.0013838750310242176,0.0016335829859599471,742965248,0.421875
c420aa264acece14,cifar10,pruning,mlp,protocol-v3,0.6,0,5,2,65,0.001452541968319565,0.0016021250048652291,742965248,0.390625
c420aa264acece14,cifar10,pruning,mlp,protocol-v3,0.6,0,5,2,66,0.0013867499656043947,0.0015898750280030072,742965248,0.453125
c420aa264acece14,cifar10,pruning,mlp,protocol-v3,0.6,0,5,2,67,0.0014039590023458004,0.001613583997823298,742965248,0.3671875
c420aa264acece14,cifar10,pruning,mlp,protocol-v3,0.6,0,5,2,68,0.0014473340124823153,0.0015833749785088003,742965248,0.421875
c420aa264acece14,cifar10,pruning,mlp,protocol-v3,0.6,0,5,2,69,0.00134041701676324,0.0016134590259753168,742965248,0.3515625
c420aa264acece14,cifar10,pruning,mlp,protocol-v3,0.6,0,5,2,70,0.0014430839801207185,0.001606375037226826,742965248,0.4921875
c420aa264acece14,cifar10,pruning,mlp,protocol-v3,0.6,0,5,2,71,0.0014495409559458494,0.0016036670422181487,742965248,0.3671875
c420aa264acece14,cifar10,pruning,mlp,protocol-v3,0.6,0,5,2,72,0.0013807499781250954,0.0015812500496394932,742965248,0.453125
c420aa264acece14,cifar10,pruning,mlp,protocol-v3,0.6,0,5,2,73,0.0013777079875580966,0.0015911670052446425,742965248,0.484375
c420aa264acece14,cifar10,pruning,mlp,protocol-v3,0.6,0,5,2,74,0.0014042090042494237,0.0015287499991245568,742965248,0.390625
c420aa264acece14,cifar10,pruning,mlp,protocol-v3,0.6,0,5,2,75,0.00138337496900931,0.0015947920037433505,742965248,0.2734375
c420aa264acece14,cifar10,pruning,mlp,protocol-v3,0.6,0,5,2,76,0.0013510410208255053,0.0016076660249382257,742965248,0.3828125
c420aa264acece14,cifar10,pruning,mlp,protocol-v3,0.6,0,5,2,77,0.0014784170198254287,0.0014860840165056288,742965248,0.4296875
c420aa264acece14,cifar10,pruning,mlp,protocol-v3,0.6,0,5,2,78,0.0013999579823575914,0.0014863329706713557,742965248,0.3671875
c420aa264acece14,cifar10,pruning,mlp,protocol-v3,0.6,0,5,2,79,0.0014382079825736582,0.0015080829616636038,742965248,0.390625
c420aa264acece14,cifar10,pruning,mlp,protocol-v3,0.6,0,5,2,80,0.0013615000061690807,0.0016302919830195606,742965248,0.359375
c420aa264acece14,cifar10,pruning,mlp,protocol-v3,0.6,0,5,2,81,0.0014139999984763563,0.0016065419767983258,742965248,0.4140625
c420aa264acece14,cifar10,pruning,mlp,protocol-v3,0.6,0,5,2,82,0.0014362080255523324,0.0017761659692041576,742965248,0.4140625
c420aa264acece14,cifar10,pruning,mlp,protocol-v3,0.6,0,5,2,83,0.0014418330392800272,0.0015001670108176768,742965248,0.4375
c420aa264acece14,cifar10,pruning,mlp,protocol-v3,0.6,0,5,2,84,0.001404333976097405,0.0016112080193124712,742965248,0.3046875
c420aa264acece14,cifar10,pruning,mlp,protocol-v3,0.6,0,5,2,85,0.001423874986357987,0.0016285000019706786,742965248,0.4921875
c420aa264acece14,cifar10,pruning,mlp,protocol-v3,0.6,0,5,2,86,0.0014148750342428684,0.0016223329585045576,742965248,0.375
c420aa264acece14,cifar10,pruning,mlp,protocol-v3,0.6,0,5,2,87,0.0014624170144088566,0.0016039590118452907,742965248,0.3828125
c420aa264acece14,cifar10,pruning,mlp,protocol-v3,0.6,0,5,2,88,0.00139308295911178,0.0016022089985199273,742965248,0.328125
c420aa264acece14,cifar10,pruning,mlp,protocol-v3,0.6,0,5,2,89,0.001397875021211803,0.001593374996446073,742965248,0.4375
c420aa264acece14,cifar10,pruning,mlp,protocol-v3,0.6,0,5,2,90,0.0014550419873557985,0.0017323749489150941,742916096,0.3359375
c420aa264acece14,cifar10,pruning,mlp,protocol-v3,0.6,0,5,2,91,0.0014560000272467732,0.0017281249747611582,742916096,0.3984375
c420aa264acece14,cifar10,pruning,mlp,protocol-v3,0.6,0,5,2,92,0.0014625000185333192,0.001628750003874302,742916096,0.4765625
c420aa264acece14,cifar10,pruning,mlp,protocol-v3,0.6,0,5,2,93,0.0014079170068725944,0.0015807499876245856,742916096,0.3671875
c420aa264acece14,cifar10,pruning,mlp,protocol-v3,0.6,0,5,2,94,0.0013435000437311828,0.0016419590101577342,742916096,0.40625
c420aa264acece14,cifar10,pruning,mlp,protocol-v3,0.6,0,5,2,95,0.0014429999864660203,0.0015885000466369092,742916096,0.4296875
c420aa264acece14,cifar10,pruning,mlp,protocol-v3,0.6,0,5,2,96,0.0014019579975865781,0.0015847500180825591,742916096,0.328125
c420aa264acece14,cifar10,pruning,mlp,protocol-v3,0.6,0,5,2,97,0.0013865419896319509,0.001591583015397191,742916096,0.40625
c420aa264acece14,cifar10,pruning,mlp,protocol-v3,0.6,0,5,2,98,0.0013763330061919987,0.0015941249439492822,742916096,0.3984375
c420aa264acece14,cifar10,pruning,mlp,protocol-v3,0.6,0,5,2,99,0.0013854170101694763,0.0015835000085644424,742916096,0.4296875
c420aa264acece14,cifar10,pruning,mlp,protocol-v3,0.6,0,5,2,100,0.0014009999576956034,0.0015365409781225026,742916096,0.40625
c420aa264acece14,cifar10,pruning,mlp,protocol-v3,0.6,0,5,2,101,0.0014243749901652336,0.0016197499935515225,742916096,0.3671875
c420aa264acece14,cifar10,pruning,mlp,protocol-v3,0.6,0,5,2,102,0.0013780419831164181,0.001623791002202779,742916096,0.28125
c420aa264acece14,cifar10,pruning,mlp,protocol-v3,0.6,0,5,2,103,0.001390583987813443,0.00148004200309515,742916096,0.359375
c420aa264acece14,cifar10,pruning,mlp,protocol-v3,0.6,0,5,2,104,0.0013671250198967755,0.0016163749969564378,742916096,0.3984375
c420aa264acece14,cifar10,pruning,mlp,protocol-v3,0.6,0,5,2,105,0.0013488329714164138,0.0015940419980324805,742916096,0.4140625
c420aa264acece14,cifar10,pruning,mlp,protocol-v3,0.6,0,5,2,106,0.0014067920274101198,0.001622250012587756,742916096,0.34375
c420aa264acece14,cifar10,pruning,mlp,protocol-v3,0.6,0,5,2,107,0.001442125008907169,0.0015858749975450337,742916096,0.3203125
c420aa264acece14,cifar10,pruning,mlp,protocol-v3,0.6,0,5,2,108,0.001382957969326526,0.0015931660309433937,742916096,0.3671875
c420aa264acece14,cifar10,pruning,mlp,protocol-v3,0.6,0,5,2,109,0.0014438749640248716,0.0015878750127740204,742916096,0.375
c420aa264acece14,cifar10,pruning,mlp,protocol-v3,0.6,0,5,2,110,0.001374332990963012,0.001584625046234578,742916096,0.375
c420aa264acece14,cifar10,pruning,mlp,protocol-v3,0.6,0,5,2,111,0.0013775000115856528,0.001586834026966244,742916096,0.484375
c420aa264acece14,cifar10,pruning,mlp,protocol-v3,0.6,0,5,2,112,0.0020102079724892974,0.0016075000166893005,742916096,0.3671875
c420aa264acece14,cifar10,pruning,mlp,protocol-v3,0.6,0,5,2,113,0.0013928749831393361,0.0015843749861232936,742916096,0.4140625
c420aa264acece14,cifar10,pruning,mlp,protocol-v3,0.6,0,5,2,114,0.0014545830199494958,0.0015975830028764904,742916096,0.4140625
c420aa264acece14,cifar10,pruning,mlp,protocol-v3,0.6,0,5,2,115,0.0014632500242441893,0.0015837500104680657,742932480,0.4453125
c420aa264acece14,cifar10,pruning,mlp,protocol-v3,0.6,0,5,2,116,0.0014563330332748592,0.0016094580059871078,742932480,0.359375
c420aa264acece14,cifar10,pruning,mlp,protocol-v3,0.6,0,5,2,117,0.0013458339963108301,0.0015902080340310931,742932480,0.4609375
c420aa264acece14,cifar10,pruning,mlp,protocol-v3,0.6,0,5,2,118,0.0014480000245384872,0.0016071669524535537,742932480,0.3984375
c420aa264acece14,cifar10,pruning,mlp,protocol-v3,0.6,0,5,2,119,0.0013839169987477362,0.00156879099085927,742932480,0.40625
c420aa264acece14,cifar10,pruning,mlp,protocol-v3,0.6,0,5,2,120,0.0014455420314334333,0.001584291981998831,742932480,0.3984375
c420aa264acece14,cifar10,pruning,mlp,protocol-v3,0.6,0,5,2,121,0.0014649169752374291,0.0015818750252947211,742932480,0.421875
c420aa264acece14,cifar10,pruning,mlp,protocol-v3,0.6,0,5,2,122,0.0013899169862270355,0.0016011249972507358,742932480,0.40625
c420aa264acece14,cifar10,pruning,mlp,protocol-v3,0.6,0,5,2,123,0.0014485000283457339,0.0016042080242186785,742932480,0.40625
c420aa264acece14,cifar10,pruning,mlp,protocol-v3,0.6,0,5,2,124,0.0014485000283457339,0.0014929170138202608,742932480,0.3515625
c420aa264acece14,cifar10,pruning,mlp,protocol-v3,0.6,0,5,2,125,0.0013854160206392407,0.0015851249918341637,742932480,0.4609375
c420aa264acece14,cifar10,pruning,mlp,protocol-v3,0.6,0,5,2,126,0.0013893749564886093,0.001603208016604185,742932480,0.359375
c420aa264acece14,cifar10,pruning,mlp,protocol-v3,0.6,0,5,2,127,0.0013987090205773711,0.0015659580240026116,742932480,0.390625
c420aa264acece14,cifar10,pruning,mlp,protocol-v3,0.6,0,5,2,128,0.0013870420516468585,0.001492624985985458,742932480,0.3515625
c420aa264acece14,cifar10,pruning,mlp,protocol-v3,0.6,0,5,2,129,0.001337125024292618,0.0015972090186551213,742932480,0.359375
c420aa264acece14,cifar10,pruning,mlp,protocol-v3,0.6,0,5,2,130,0.001455124991480261,0.0014982499997131526,742948864,0.3671875
c420aa264acece14,cifar10,pruning,mlp,protocol-v3,0.6,0,5,2,131,0.001392790989484638,0.0016064169467426836,742965248,0.40625
c420aa264acece14,cifar10,pruning,mlp,protocol-v3,0.6,0,5,2,132,0.0014629169600084424,0.001599874987732619,742965248,0.3203125
c420aa264acece14,cifar10,pruning,mlp,protocol-v3,0.6,0,5,2,133,0.0014394170138984919,0.001578416966367513,742965248,0.5078125
c420aa264acece14,cifar10,pruning,mlp,protocol-v3,0.6,0,5,2,134,0.0013954999740235507,0.0016365000046789646,742965248,0.4609375
c420aa264acece14,cifar10,pruning,mlp,protocol-v3,0.6,0,5,2,135,0.0013480419875122607,0.0016058330074883997,742965248,0.46875
c420aa264acece14,cifar10,pruning,mlp,protocol-v3,0.6,0,5,2,136,0.001440292049665004,0.001596999994944781,742965248,0.40625
c420aa264acece14,cifar10,pruning,mlp,protocol-v3,0.6,0,5,2,137,0.0013889589463360608,0.001587832986842841,742965248,0.375
c420aa264acece14,cifar10,pruning,mlp,protocol-v3,0.6,0,5,2,138,0.0013973749591968954,0.001608917023986578,742965248,0.5
c420aa264acece14,cifar10,pruning,mlp,protocol-v3,0.6,0,5,2,139,0.0013905420200899243,0.0015455420361831784,742965248,0.46875
c420aa264acece14,cifar10,pruning,mlp,protocol-v3,0.6,0,5,2,140,0.0013553749886341393,0.0015002500149421394,742965248,0.4453125
c420aa264acece14,cifar10,pruning,mlp,protocol-v3,0.6,0,5,2,141,0.0013586659915745258,0.001487750036176294,742965248,0.5
c420aa264acece14,cifar10,pruning,mlp,protocol-v3,0.6,0,5,2,142,0.0013914169976487756,0.0016148340073414147,742965248,0.390625
c420aa264acece14,cifar10,pruning,mlp,protocol-v3,0.6,0,5,2,143,0.0014689159579575062,0.0015880829887464643,742965248,0.34375
c420aa264acece14,cifar10,pruning,mlp,protocol-v3,0.6,0,5,2,144,0.0014565829769708216,0.001471291994675994,742965248,0.390625
c420aa264acece14,cifar10,pruning,mlp,protocol-v3,0.6,0,5,2,145,0.0013929590350016952,0.0015959159936755896,742965248,0.375
c420aa264acece14,cifar10,pruning,mlp,protocol-v3,0.6,0,5,2,146,0.0014597090194001794,0.0015058339922688901,742965248,0.3984375
c420aa264acece14,cifar10,pruning,mlp,protocol-v3,0.6,0,5,2,147,0.0013920000055804849,0.0015671669971197844,742965248,0.40625
c420aa264acece14,cifar10,pruning,mlp,protocol-v3,0.6,0,5,2,148,0.0016268750187009573,0.0027423750143498182,742965248,0.421875
c420aa264acece14,cifar10,pruning,mlp,protocol-v3,0.6,0,5,2,149,0.0020087080192752182,0.002071249997243285,742965248,0.359375
c420aa264acece14,cifar10,pruning,mlp,protocol-v3,0.6,0,5,2,150,0.0022360419970937073,0.0023152910289354622,742965248,0.390625
c420aa264acece14,cifar10,pruning,mlp,protocol-v3,0.6,0,5,2,151,0.0017675419803708792,0.0019701250130310655,742965248,0.40625
c420aa264acece14,cifar10,pruning,mlp,protocol-v3,0.6,0,5,2,152,0.0014720839681103826,0.0016005420475266874,742981632,0.421875
c420aa264acece14,cifar10,pruning,mlp,protocol-v3,0.6,0,5,2,153,0.0014095840160734951,0.0015268339775502682,742981632,0.40625
c420aa264acece14,cifar10,pruning,mlp,protocol-v3,0.6,0,5,2,154,0.0013951250002719462,0.0016025830409489572,742981632,0.375
c420aa264acece14,cifar10,pruning,mlp,protocol-v3,0.6,0,5,2,155,0.0013930000131949782,0.0015537499566562474,742981632,0.3515625
c420aa264acece14,cifar10,pruning,mlp,protocol-v3,0.6,0,5,2,156,0.0013880000333301723,0.0017328750109300017,742981632,0.359375
c420aa264acece14,cifar10,pruning,mlp,protocol-v3,0.6,0,5,2,157,0.0014437499921768904,0.0015937909483909607,742981632,0.40625
c420aa264acece14,cifar10,pruning,mlp,protocol-v3,0.6,0,5,2,158,0.0013968749553896487,0.0015940000303089619,742998016,0.3515625
c420aa264acece14,cifar10,pruning,mlp,protocol-v3,0.6,0,5,2,159,0.0014708329690620303,0.001604209013748914,742998016,0.3671875
c420aa264acece14,cifar10,pruning,mlp,protocol-v3,0.6,0,5,2,160,0.001488666981458664,0.001606334000825882,742998016,0.3984375
c420aa264acece14,cifar10,pruning,mlp,protocol-v3,0.6,0,5,2,161,0.0013483749935403466,0.0016003749915398657,742998016,0.359375
c420aa264acece14,cifar10,pruning,mlp,protocol-v3,0.6,0,5,2,162,0.0013952500303275883,0.00150712497998029,742998016,0.3203125
c420aa264acece14,cifar10,pruning,mlp,protocol-v3,0.6,0,5,2,163,0.0013470830162987113,0.001592917018570006,742998016,0.3671875
c420aa264acece14,cifar10,pruning,mlp,protocol-v3,0.6,0,5,2,164,0.0014027080032974482,0.0015008339541964233,742998016,0.3515625
c420aa264acece14,cifar10,pruning,mlp,protocol-v3,0.6,0,5,2,165,0.0013889579568058252,0.0014922500122338533,742998016,0.390625
c420aa264acece14,cifar10,pruning,mlp,protocol-v3,0.6,0,5,2,166,0.001432000019121915,0.0014936660300008953,742998016,0.390625
c420aa264acece14,cifar10,pruning,mlp,protocol-v3,0.6,0,5,2,167,0.0013547500129789114,0.0015956670395098627,742998016,0.375
c420aa264acece14,cifar10,pruning,mlp,protocol-v3,0.6,0,5,2,168,0.0014218749711290002,0.0015363749698735774,743014400,0.375
c420aa264acece14,cifar10,pruning,mlp,protocol-v3,0.6,0,5,2,169,0.0013673750218003988,0.001589332998264581,743014400,0.4140625
c420aa264acece14,cifar10,pruning,mlp,protocol-v3,0.6,0,5,2,170,0.001363541989121586,0.0014792499714531004,743014400,0.375
c420aa264acece14,cifar10,pruning,mlp,protocol-v3,0.6,0,5,2,171,0.0014026249991729856,0.0016033330466598272,743014400,0.3828125
c420aa264acece14,cifar10,pruning,mlp,protocol-v3,0.6,0,5,2,172,0.0014523749705404043,0.0016069590346887708,743014400,0.515625
c420aa264acece14,cifar10,pruning,mlp,protocol-v3,0.6,0,5,2,173,0.0013716670218855143,0.0015862080035731196,743014400,0.3828125
c420aa264acece14,cifar10,pruning,mlp,protocol-v3,0.6,0,5,2,174,0.0014063750277273357,0.0016061250353232026,743014400,0.34375
c420aa264acece14,cifar10,pruning,mlp,protocol-v3,0.6,0,5,2,175,0.0014587920159101486,0.0016016659792512655,743014400,0.3515625
c420aa264acece14,cifar10,pruning,mlp,protocol-v3,0.6,0,5,2,176,0.0013245829613879323,0.0016289579798467457,743014400,0.4296875
c420aa264acece14,cifar10,pruning,mlp,protocol-v3,0.6,0,5,2,177,0.001438041974324733,0.0016358750290237367,743014400,0.40625
c420aa264acece14,cifar10,pruning,mlp,protocol-v3,0.6,0,5,2,178,0.0014517089584842324,0.0015974579728208482,743014400,0.4375
c420aa264acece14,cifar10,pruning,mlp,protocol-v3,0.6,0,5,2,179,0.0014855839544907212,0.0016318749985657632,743014400,0.3984375
c420aa264acece14,cifar10,pruning,mlp,protocol-v3,0.6,0,5,2,180,0.0013665829901583493,0.00163462501950562,743014400,0.359375
c420aa264acece14,cifar10,pruning,mlp,protocol-v3,0.6,0,5,2,181,0.0015053750248625875,0.00148620898835361,743014400,0.4453125
c420aa264acece14,cifar10,pruning,mlp,protocol-v3,0.6,0,5,2,182,0.0013915419694967568,0.0014950840268284082,743014400,0.421875
c420aa264acece14,cifar10,pruning,mlp,protocol-v3,0.6,0,5,2,183,0.0013653330388478935,0.001516958000138402,743014400,0.4453125
c420aa264acece14,cifar10,pruning,mlp,protocol-v3,0.6,0,5,2,184,0.0013638330274261534,0.0016421659965999424,743014400,0.40625
c420aa264acece14,cifar10,pruning,mlp,protocol-v3,0.6,0,5,2,185,0.0013719170237891376,0.0015618749894201756,743014400,0.2890625
c420aa264acece14,cifar10,pruning,mlp,protocol-v3,0.6,0,5,2,186,0.0013799580046907067,0.0016218750388361514,743014400,0.3984375
c420aa264acece14,cifar10,pruning,mlp,protocol-v3,0.6,0,5,2,187,0.001445000001695007,0.0014877499779686332,743014400,0.3515625
c420aa264acece14,cifar10,pruning,mlp,protocol-v3,0.6,0,5,2,188,0.0014347079559229314,0.0016039579641073942,743014400,0.4765625
c420aa264acece14,cifar10,pruning,mlp,protocol-v3,0.6,0,5,2,189,0.0013867500238120556,0.0015967499930411577,743014400,0.3671875
c420aa264acece14,cifar10,pruning,mlp,protocol-v3,0.6,0,5,2,190,0.0013849170063622296,0.0016315410030074418,743014400,0.4609375
c420aa264acece14,cifar10,pruning,mlp,protocol-v3,0.6,0,5,2,191,0.0013652500347234309,0.001629957987461239,743014400,0.3515625
c420aa264acece14,cifar10,pruning,mlp,protocol-v3,0.6,0,5,2,192,0.001469917013309896,0.0015240419888868928,743014400,0.3984375
c420aa264acece14,cifar10,pruning,mlp,protocol-v3,0.6,0,5,2,193,0.0013988750288262963,0.001487750036176294,743014400,0.4296875
c420aa264acece14,cifar10,pruning,mlp,protocol-v3,0.6,0,5,2,194,0.0014074590289965272,0.0014992919750511646,743014400,0.3984375
c420aa264acece14,cifar10,pruning,mlp,protocol-v3,0.6,0,5,2,195,0.001402250025421381,0.0015931249945424497,743014400,0.375
c420aa264acece14,cifar10,pruning,mlp,protocol-v3,0.6,0,5,2,196,0.001410250028129667,0.0015193750150501728,743014400,0.34375
c420aa264acece14,cifar10,pruning,mlp,protocol-v3,0.6,0,5,2,197,0.0014428750146180391,0.001488375011831522,743014400,0.4140625
c420aa264acece14,cifar10,pruning,mlp,protocol-v3,0.6,0,5,2,198,0.001346459030173719,0.0015946660423651338,743014400,0.3203125
c420aa264acece14,cifar10,pruning,mlp,protocol-v3,0.6,0,5,2,199,0.0014512499910779297,0.001605957979336381,743014400,0.4140625
c420aa264acece14,cifar10,pruning,mlp,protocol-v3,0.6,0,5,2,200,0.0014626249903813004,0.0015953750116750598,743030784,0.4375
c420aa264acece14,cifar10,pruning,mlp,protocol-v3,0.6,0,5,2,201,0.0013825829955749214,0.001566916995216161,743030784,0.3984375
c420aa264acece14,cifar10,pruning,mlp,protocol-v3,0.6,0,5,2,202,0.001457999984268099,0.0015916659613139927,743030784,0.3828125
c420aa264acece14,cifar10,pruning,mlp,protocol-v3,0.6,0,5,2,203,0.0014556670212186873,0.0015841670101508498,743030784,0.3671875
c420aa264acece14,cifar10,pruning,mlp,protocol-v3,0.6,0,5,2,204,0.0013734580134041607,0.001632833038456738,743030784,0.453125
c420aa264acece14,cifar10,pruning,mlp,protocol-v3,0.6,0,5,2,205,0.0014464169507846236,0.0014890420134179294,743030784,0.4140625
c420aa264acece14,cifar10,pruning,mlp,protocol-v3,0.6,0,5,2,206,0.0013707499601878226,0.0014808750129304826,743030784,0.34375
c420aa264acece14,cifar10,pruning,mlp,protocol-v3,0.6,0,5,2,207,0.001388499978929758,0.0015717089991085231,743030784,0.3984375
c420aa264acece14,cifar10,pruning,mlp,protocol-v3,0.6,0,5,2,208,0.001400084001943469,0.0015467499615624547,743030784,0.3671875
c420aa264acece14,cifar10,pruning,mlp,protocol-v3,0.6,0,5,2,209,0.0013899579644203186,0.001590541040059179,743030784,0.4140625
c420aa264acece14,cifar10,pruning,mlp,protocol-v3,0.6,0,5,2,210,0.001393167010974139,0.0016087919939309359,743047168,0.4296875
c420aa264acece14,cifar10,pruning,mlp,protocol-v3,0.6,0,5,2,211,0.001470250019337982,0.0016335000400431454,743047168,0.4140625
c420aa264acece14,cifar10,pruning,mlp,protocol-v3,0.6,0,5,2,212,0.0013741250149905682,0.0016362500027753413,743047168,0.3828125
c420aa264acece14,cifar10,pruning,mlp,protocol-v3,0.6,0,5,2,213,0.0014587079640477896,0.0015808339812792838,743047168,0.4140625
c420aa264acece14,cifar10,pruning,mlp,protocol-v3,0.6,0,5,2,214,0.0014787500258535147,0.0015123339835554361,743047168,0.40625
c420aa264acece14,cifar10,pruning,mlp,protocol-v3,0.6,0,5,2,215,0.0013855830184184015,0.0015636669704690576,743047168,0.421875
c420aa264acece14,cifar10,pruning,mlp,protocol-v3,0.6,0,5,2,216,0.0014028340228833258,0.001613207976333797,743047168,0.375
c420aa264acece14,cifar10,pruning,mlp,protocol-v3,0.6,0,5,2,217,0.001466000045184046,0.0014807080151513219,743047168,0.3828125
c420aa264acece14,cifar10,pruning,mlp,protocol-v3,0.6,0,5,2,218,0.0013872089912183583,0.001626665994990617,743047168,0.359375
c420aa264acece14,cifar10,pruning,mlp,protocol-v3,0.6,0,5,2,219,0.0014548330218531191,0.0016082910005934536,743047168,0.3125
c420aa264acece14,cifar10,pruning,mlp,protocol-v3,0.6,0,5,2,220,0.0014423340326175094,0.0016075000166893005,743047168,0.3671875
c420aa264acece14,cifar10,pruning,mlp,protocol-v3,0.6,0,5,2,221,0.0014056249638088048,0.0017068329616449773,743047168,0.46875
c420aa264acece14,cifar10,pruning,mlp,protocol-v3,0.6,0,5,2,222,0.0014696660218760371,0.0016260420088656247,743047168,0.375
c420aa264acece14,cifar10,pruning,mlp,protocol-v3,0.6,0,5,2,223,0.0014727080124430358,0.001598833012394607,743047168,0.375
c420aa264acece14,cifar10,pruning,mlp,protocol-v3,0.6,0,5,2,224,0.0014555829693563282,0.001601416035555303,743047168,0.421875
c420aa264acece14,cifar10,pruning,mlp,protocol-v3,0.6,0,5,2,225,0.0013502500369213521,0.001582166994921863,743047168,0.3203125
c420aa264acece14,cifar10,pruning,mlp,protocol-v3,0.6,0,5,2,226,0.0014732920099049807,0.0016103749512694776,743047168,0.40625
c420aa264acece14,cifar10,pruning,mlp,protocol-v3,0.6,0,5,2,227,0.0014515420189127326,0.001595791953150183,743047168,0.4609375
c420aa264acece14,cifar10,pruning,mlp,protocol-v3,0.6,0,5,2,228,0.001402250025421381,0.0016145830159075558,743047168,0.4453125
c420aa264acece14,cifar10,pruning,mlp,protocol-v3,0.6,0,5,2,229,0.0014085000148043036,0.0015826250310055912,743047168,0.359375
c420aa264acece14,cifar10,pruning,mlp,protocol-v3,0.6,0,5,2,230,0.0013987920247018337,0.001595499983523041,743047168,0.453125
c420aa264acece14,cifar10,pruning,mlp,protocol-v3,0.6,0,5,2,231,0.001375499996356666,0.0015972079709172249,743047168,0.4140625
c420aa264acece14,cifar10,pruning,mlp,protocol-v3,0.6,0,5,2,232,0.0014687089715152979,0.0016296249814331532,743047168,0.3828125
c420aa264acece14,cifar10,pruning,mlp,protocol-v3,0.6,0,5,2,233,0.0014684580382891,0.0016165419947355986,743047168,0.4375
c420aa264acece14,cifar10,pruning,mlp,protocol-v3,0.6,0,5,2,234,0.0013885829830542207,0.0016049999976530671,743047168,0.484375
c420aa264acece14,cifar10,pruning,mlp,protocol-v3,0.6,0,5,2,235,0.0014799589989706874,0.0016261250129900873,743047168,0.3828125
c420aa264acece14,cifar10,pruning,mlp,protocol-v3,0.6,0,5,2,236,0.001360666996333748,0.0016157079953700304,743047168,0.3828125
c420aa264acece14,cifar10,pruning,mlp,protocol-v3,0.6,0,5,2,237,0.0014058329979889095,0.001621207979042083,743047168,0.375
c420aa264acece14,cifar10,pruning,mlp,protocol-v3,0.6,0,5,2,238,0.0013837080332450569,0.0015960830496624112,743047168,0.46875
c420aa264acece14,cifar10,pruning,mlp,protocol-v3,0.6,0,5,2,239,0.0014654169790446758,0.0014958749525249004,743047168,0.4140625
c420aa264acece14,cifar10,pruning,mlp,protocol-v3,0.6,0,5,2,240,0.0014098339597694576,0.0016053749714046717,743047168,0.40625
c420aa264acece14,cifar10,pruning,mlp,protocol-v3,0.6,0,5,2,241,0.0013892080169171095,0.0016228340100497007,743047168,0.421875
c420aa264acece14,cifar10,pruning,mlp,protocol-v3,0.6,0,5,2,242,0.0014734580181539059,0.0016224999562837183,743047168,0.453125
c420aa264acece14,cifar10,pruning,mlp,protocol-v3,0.6,0,5,2,243,0.0013915000017732382,0.0015929589862935245,743047168,0.390625
c420aa264acece14,cifar10,pruning,mlp,protocol-v3,0.6,0,5,2,244,0.001481416984461248,0.0016238749958574772,743047168,0.3671875
c420aa264acece14,cifar10,pruning,mlp,protocol-v3,0.6,0,5,2,245,0.0015782080008648336,0.001586416969075799,743047168,0.4375
c420aa264acece14,cifar10,pruning,mlp,protocol-v3,0.6,0,5,2,246,0.0013868329697288573,0.0015865839668549597,743047168,0.359375
c420aa264acece14,cifar10,pruning,mlp,protocol-v3,0.6,0,5,2,247,0.0014636249979957938,0.0016210419707931578,743047168,0.3046875
c420aa264acece14,cifar10,pruning,mlp,protocol-v3,0.6,0,5,2,248,0.001465582987293601,0.0016411669785156846,743047168,0.4453125
c420aa264acece14,cifar10,pruning,mlp,protocol-v3,0.6,0,5,2,249,0.0014124999870546162,0.0015870420029386878,743047168,0.375
c420aa264acece14,cifar10,pruning,mlp,protocol-v3,0.6,0,5,2,250,0.0013576250057667494,0.0016273329965770245,743047168,0.4609375
c420aa264acece14,cifar10,pruning,mlp,protocol-v3,0.6,0,5,2,251,0.0014022079994902015,0.0016180420061573386,743047168,0.421875
c420aa264acece14,cifar10,pruning,mlp,protocol-v3,0.6,0,5,2,252,0.0014678330044262111,0.0015708340215496719,743047168,0.3515625
c420aa264acece14,cifar10,pruning,mlp,protocol-v3,0.6,0,5,2,253,0.0014473749906755984,0.0015977079747244716,743047168,0.3828125
c420aa264acece14,cifar10,pruning,mlp,protocol-v3,0.6,0,5,2,254,0.0014493750059045851,0.0016254999791271985,743047168,0.328125
c420aa264acece14,cifar10,pruning,mlp,protocol-v3,0.6,0,5,2,255,0.0014662499888800085,0.0015975839924067259,743047168,0.4765625
c420aa264acece14,cifar10,pruning,mlp,protocol-v3,0.6,0,5,2,256,0.00139533297624439,0.0016313340165652335,743047168,0.328125
c420aa264acece14,cifar10,pruning,mlp,protocol-v3,0.6,0,5,2,257,0.0014360420173034072,0.0015921249869279563,743047168,0.40625
c420aa264acece14,cifar10,pruning,mlp,protocol-v3,0.6,0,5,2,258,0.0014595829998143017,0.0016204999992623925,743047168,0.4453125
c420aa264acece14,cifar10,pruning,mlp,protocol-v3,0.6,0,5,2,259,0.0014388340059667826,0.001692499965429306,743047168,0.3671875
c420aa264acece14,cifar10,pruning,mlp,protocol-v3,0.6,0,5,2,260,0.0014117499813437462,0.0016329159843735397,743047168,0.5
c420aa264acece14,cifar10,pruning,mlp,protocol-v3,0.6,0,5,2,261,0.0013617079821415246,0.0015937919961288571,743047168,0.40625
c420aa264acece14,cifar10,pruning,mlp,protocol-v3,0.6,0,5,2,262,0.0014935829676687717,0.0016018330352380872,743047168,0.4765625
c420aa264acece14,cifar10,pruning,mlp,protocol-v3,0.6,0,5,2,263,0.0013461249764077365,0.0015963749610818923,743047168,0.375
c420aa264acece14,cifar10,pruning,mlp,protocol-v3,0.6,0,5,2,264,0.001480459002777934,0.0014922920381650329,743047168,0.453125
c420aa264acece14,cifar10,pruning,mlp,protocol-v3,0.6,0,5,2,265,0.0013929159613326192,0.0015882919542491436,743047168,0.421875
c420aa264acece14,cifar10,pruning,mlp,protocol-v3,0.6,0,5,2,266,0.0013912499998696148,0.0016132919699884951,743047168,0.421875
c420aa264acece14,cifar10,pruning,mlp,protocol-v3,0.6,0,5,2,267,0.0014577499823644757,0.001625582983251661,743047168,0.3984375
c420aa264acece14,cifar10,pruning,mlp,protocol-v3,0.6,0,5,2,268,0.001364166964776814,0.0015930410008877516,743047168,0.3359375
c420aa264acece14,cifar10,pruning,mlp,protocol-v3,0.6,0,5,2,269,0.001336999994236976,0.0016135420300997794,743047168,0.3671875
c420aa264acece14,cifar10,pruning,mlp,protocol-v3,0.6,0,5,2,270,0.001354833017103374,0.0015954580157995224,743047168,0.3671875
c420aa264acece14,cifar10,pruning,mlp,protocol-v3,0.6,0,5,2,271,0.0013638329692184925,0.0015982500044628978,743047168,0.53125
c420aa264acece14,cifar10,pruning,mlp,protocol-v3,0.6,0,5,2,272,0.0013848329544998705,0.0016096250037662685,743047168,0.390625
c420aa264acece14,cifar10,pruning,mlp,protocol-v3,0.6,0,5,2,273,0.0014685410424135625,0.0016079169581644237,743047168,0.3828125
c420aa264acece14,cifar10,pruning,mlp,protocol-v3,0.6,0,5,2,274,0.001453584001865238,0.0016036669840104878,743047168,0.3984375
c420aa264acece14,cifar10,pruning,mlp,protocol-v3,0.6,0,5,2,275,0.0013683329452760518,0.0016142089734785259,743047168,0.4140625
c420aa264acece14,cifar10,pruning,mlp,protocol-v3,0.6,0,5,2,276,0.0014041250105947256,0.001609999977517873,743047168,0.375
c420aa264acece14,cifar10,pruning,mlp,protocol-v3,0.6,0,5,2,277,0.0013967080158181489,0.0015906250337138772,743047168,0.375
c420aa264acece14,cifar10,pruning,mlp,protocol-v3,0.6,0,5,2,278,0.0014157090336084366,0.0016210000030696392,743047168,0.3671875
c420aa264acece14,cifar10,pruning,mlp,protocol-v3,0.6,0,5,2,279,0.0014122079592198133,0.0015254159807227552,743063552,0.421875
c420aa264acece14,cifar10,pruning,mlp,protocol-v3,0.6,0,5,2,280,0.0014685830101370811,0.0014944999711588025,743063552,0.421875
c420aa264acece14,cifar10,pruning,mlp,protocol-v3,0.6,0,5,2,281,0.0014517499948851764,0.0015902909799478948,743063552,0.3828125
c420aa264acece14,cifar10,pruning,mlp,protocol-v3,0.6,0,5,2,282,0.001402541995048523,0.001623125048354268,743063552,0.3203125
c420aa264acece14,cifar10,pruning,mlp,protocol-v3,0.6,0,5,2,283,0.0014742090133950114,0.001625583041459322,743063552,0.4765625
c420aa264acece14,cifar10,pruning,mlp,protocol-v3,0.6,0,5,2,284,0.0014503339771181345,0.0015990000101737678,743063552,0.3984375
c420aa264acece14,cifar10,pruning,mlp,protocol-v3,0.6,0,5,2,285,0.001409791992045939,0.0015958750154823065,743063552,0.4609375
c420aa264acece14,cifar10,pruning,mlp,protocol-v3,0.6,0,5,2,286,0.0014571250067092478,0.0015978749725036323,743063552,0.4453125
c420aa264acece14,cifar10,pruning,mlp,protocol-v3,0.6,0,5,2,287,0.001448499970138073,0.0015953330439515412,743079936,0.3984375
c420aa264acece14,cifar10,pruning,mlp,protocol-v3,0.6,0,5,2,288,0.0013944589882157743,0.0016111250151880085,743079936,0.421875
c420aa264acece14,cifar10,pruning,mlp,protocol-v3,0.6,0,5,2,289,0.001444541965611279,0.0014847920392639935,743079936,0.4765625
c420aa264acece14,cifar10,pruning,mlp,protocol-v3,0.6,0,5,2,290,0.001439124986063689,0.0016236249939538538,743079936,0.4296875
c420aa264acece14,cifar10,pruning,mlp,protocol-v3,0.6,0,5,2,291,0.0014359999913722277,0.0016184999840334058,743079936,0.5078125
c420aa264acece14,cifar10,pruning,mlp,protocol-v3,0.6,0,5,2,292,0.001480500039178878,0.0015932920505292714,743079936,0.453125
c420aa264acece14,cifar10,pruning,mlp,protocol-v3,0.6,0,5,2,293,0.0014367499970830977,0.0015927919885143638,743079936,0.4921875
c420aa264acece14,cifar10,pruning,mlp,protocol-v3,0.6,0,5,2,294,0.0013732920051552355,0.001598083006683737,743079936,0.375
c420aa264acece14,cifar10,pruning,mlp,protocol-v3,0.6,0,5,2,295,0.0014057499938644469,0.0016026250086724758,743079936,0.4609375
c420aa264acece14,cifar10,pruning,mlp,protocol-v3,0.6,0,5,2,296,0.0015345420106314123,0.00164004199905321,743079936,0.4453125
c420aa264acece14,cifar10,pruning,mlp,protocol-v3,0.6,0,5,2,297,0.0014752079732716084,0.0015925829648040235,743096320,0.3515625
c420aa264acece14,cifar10,pruning,mlp,protocol-v3,0.6,0,5,2,298,0.0013507920084521174,0.001587832986842841,743096320,0.3828125
c420aa264acece14,cifar10,pruning,mlp,protocol-v3,0.6,0,5,2,299,0.0014652080135419965,0.0016240000259131193,743096320,0.3828125
c420aa264acece14,cifar10,pruning,mlp,protocol-v3,0.6,0,5,2,300,0.0013948330306448042,0.0016141249798238277,743096320,0.40625
c420aa264acece14,cifar10,pruning,mlp,protocol-v3,0.6,0,5,2,301,0.00146116700489074,0.0015896250260993838,743096320,0.4453125
c420aa264acece14,cifar10,pruning,mlp,protocol-v3,0.6,0,5,2,302,0.0013804580084979534,0.0014849160215817392,743096320,0.421875
c420aa264acece14,cifar10,pruning,mlp,protocol-v3,0.6,0,5,2,303,0.001446374983061105,0.0015845830203033984,743096320,0.3671875
c420aa264acece14,cifar10,pruning,mlp,protocol-v3,0.6,0,5,2,304,0.0014477089862339199,0.0016044170479290187,743096320,0.515625
c420aa264acece14,cifar10,pruning,mlp,protocol-v3,0.6,0,5,2,305,0.0014482089900411665,0.0015869999770075083,743096320,0.40625
c420aa264acece14,cifar10,pruning,mlp,protocol-v3,0.6,0,5,2,306,0.0014465419808402658,0.001591916021425277,743096320,0.4609375
c420aa264acece14,cifar10,pruning,mlp,protocol-v3,0.6,0,5,2,307,0.001475792028941214,0.0016307079931721091,743096320,0.46875
c420aa264acece14,cifar10,pruning,mlp,protocol-v3,0.6,0,5,2,308,0.001412375015206635,0.0016014580032788217,743096320,0.421875
c420aa264acece14,cifar10,pruning,mlp,protocol-v3,0.6,0,5,2,309,0.0014613330131396651,0.0016151249874383211,743096320,0.4140625
c420aa264acece14,cifar10,pruning,mlp,protocol-v3,0.6,0,5,2,310,0.0014526660088449717,0.0016995000187307596,743096320,0.4453125
c420aa264acece14,cifar10,pruning,mlp,protocol-v3,0.6,0,5,2,311,0.0014651250094175339,0.0016358329448848963,743096320,0.40625
c420aa264acece14,cifar10,pruning,mlp,protocol-v3,0.6,0,5,2,312,0.0014457080396823585,0.001481165993027389,743096320,0.4140625
c420aa264acece14,cifar10,pruning,mlp,protocol-v3,0.6,0,5,2,313,0.00137720798375085,0.0015830419724807143,743096320,0.3984375
c420aa264acece14,cifar10,pruning,mlp,protocol-v3,0.6,0,5,2,314,0.0014085419825278223,0.0014878750080242753,743096320,0.3671875
c420aa264acece14,cifar10,pruning,mlp,protocol-v3,0.6,0,5,2,315,0.0013899999903514981,0.001608541002497077,743096320,0.34375
c420aa264acece14,cifar10,pruning,mlp,protocol-v3,0.6,0,5,2,316,0.0013905420200899243,0.0015927499625831842,743096320,0.390625
c420aa264acece14,cifar10,pruning,mlp,protocol-v3,0.6,0,5,2,317,0.0014075840008445084,0.001582374970894307,743096320,0.4296875
c420aa264acece14,cifar10,pruning,mlp,protocol-v3,0.6,0,5,2,318,0.0013823750196024776,0.0016289590275846422,743096320,0.4140625
c420aa264acece14,cifar10,pruning,mlp,protocol-v3,0.6,0,5,2,319,0.0013774579856544733,0.0015899169957265258,743096320,0.4609375
c420aa264acece14,cifar10,pruning,mlp,protocol-v3,0.6,0,5,2,320,0.001377499953377992,0.001582500000949949,743096320,0.46875
c420aa264acece14,cifar10,pruning,mlp,protocol-v3,0.6,0,5,2,321,0.001462374988477677,0.0016154160257428885,743096320,0.3671875
c420aa264acece14,cifar10,pruning,mlp,protocol-v3,0.6,0,5,2,322,0.0014744159998372197,0.0016058330074883997,743096320,0.390625
c420aa264acece14,cifar10,pruning,mlp,protocol-v3,0.6,0,5,2,323,0.0014700409956276417,0.0016140000079758465,743112704,0.4375
c420aa264acece14,cifar10,pruning,mlp,protocol-v3,0.6,0,5,2,324,0.0014704589848406613,0.0015914160176180303,743112704,0.3671875
c420aa264acece14,cifar10,pruning,mlp,protocol-v3,0.6,0,5,2,325,0.0014502920093946159,0.0015963329933583736,743112704,0.375
c420aa264acece14,cifar10,pruning,mlp,protocol-v3,0.6,0,5,2,326,0.0013912499998696148,0.0016355419647879899,743112704,0.3203125
c420aa264acece14,cifar10,pruning,mlp,protocol-v3,0.6,0,5,2,327,0.0014580420101992786,0.0015797080122865736,743112704,0.4453125
c420aa264acece14,cifar10,pruning,mlp,protocol-v3,0.6,0,5,2,328,0.0014515829971060157,0.0016243749996647239,743112704,0.421875
c420aa264acece14,cifar10,pruning,mlp,protocol-v3,0.6,0,5,2,329,0.0013979999930597842,0.0015979589661583304,743112704,0.5
c420aa264acece14,cifar10,pruning,mlp,protocol-v3,0.6,0,5,2,330,0.0013875000295229256,0.0015821249689906836,743112704,0.4453125
c420aa264acece14,cifar10,pruning,mlp,protocol-v3,0.6,0,5,2,331,0.0013896249583922327,0.0015696249902248383,743112704,0.3671875
c420aa264acece14,cifar10,pruning,mlp,protocol-v3,0.6,0,5,2,332,0.001607916026841849,0.0016239589895121753,743178240,0.421875
c420aa264acece14,cifar10,pruning,mlp,protocol-v3,0.6,0,5,2,333,0.0014391670119948685,0.0017704580095596611,743178240,0.375
c420aa264acece14,cifar10,pruning,mlp,protocol-v3,0.6,0,5,2,334,0.0014465000131167471,0.001662541995756328,743178240,0.390625
c420aa264acece14,cifar10,pruning,mlp,protocol-v3,0.6,0,5,2,335,0.0014328340184874833,0.0016895419685170054,743178240,0.3125
c420aa264acece14,cifar10,pruning,mlp,protocol-v3,0.6,0,5,2,336,0.0014711670228280127,0.0016555829788558185,743178240,0.4140625
c420aa264acece14,cifar10,pruning,mlp,protocol-v3,0.6,0,5,2,337,0.001398540975060314,0.0015087500214576721,743178240,0.4296875
c420aa264acece14,cifar10,pruning,mlp,protocol-v3,0.6,0,5,2,338,0.0014473749906755984,0.0016482080100104213,743178240,0.4765625
c420aa264acece14,cifar10,pruning,mlp,protocol-v3,0.6,0,5,2,339,0.0014185410109348595,0.0016840000171214342,743178240,0.4375
c420aa264acece14,cifar10,pruning,mlp,protocol-v3,0.6,0,5,2,340,0.0014030829770490527,0.001543082995340228,743178240,0.375
c420aa264acece14,cifar10,pruning,mlp,protocol-v3,0.6,0,5,2,341,0.001406583993230015,0.0015698749921284616,743178240,0.3515625
c420aa264acece14,cifar10,pruning,mlp,protocol-v3,0.6,0,5,2,342,0.0014914590283297002,0.0016012500273063779,743178240,0.5078125
c420aa264acece14,cifar10,pruning,mlp,protocol-v3,0.6,0,5,2,343,0.0013728750054724514,0.0015011249925009906,743178240,0.3359375
c420aa264acece14,cifar10,pruning,mlp,protocol-v3,0.6,0,5,2,344,0.0014566250029020011,0.0014893749612383544,743178240,0.40625
c420aa264acece14,cifar10,pruning,mlp,protocol-v3,0.6,0,5,2,345,0.0014801250072196126,0.0015959159936755896,743178240,0.375
c420aa264acece14,cifar10,pruning,mlp,protocol-v3,0.6,0,5,2,346,0.0014585840399377048,0.0016107920091599226,743178240,0.4296875
c420aa264acece14,cifar10,pruning,mlp,protocol-v3,0.6,0,5,2,347,0.0013980420189909637,0.0016032920102588832,743178240,0.375
c420aa264acece14,cifar10,pruning,mlp,protocol-v3,0.6,0,5,2,348,0.0013990000006742775,0.0015397919923998415,743178240,0.359375
c420aa264acece14,cifar10,pruning,mlp,protocol-v3,0.6,0,5,2,349,0.0013978340430185199,0.0015998330200091004,743178240,0.34375
c420aa264acece14,cifar10,pruning,mlp,protocol-v3,0.6,0,5,2,350,0.0014676250284537673,0.001629917009267956,743178240,0.5078125
c420aa264acece14,cifar10,pruning,mlp,protocol-v3,0.6,0,5,2,351,0.0013792079989798367,0.0015932919923216105,743178240,0.40625
c420aa264acece14,cifar10,pruning,mlp,protocol-v3,0.6,0,5,2,352,0.001458749989978969,0.0017409159918315709,743178240,0.40625
c420aa264acece14,cifar10,pruning,mlp,protocol-v3,0.6,0,5,2,353,0.001396500039845705,0.0015997500158846378,743178240,0.4375
c420aa264acece14,cifar10,pruning,mlp,protocol-v3,0.6,0,5,2,354,0.0014532500063069165,0.0015942499740049243,743178240,0.453125
c420aa264acece14,cifar10,pruning,mlp,protocol-v3,0.6,0,5,2,355,0.0014469580492004752,0.0015950830420479178,743178240,0.4140625
c420aa264acece14,cifar10,pruning,mlp,protocol-v3,0.6,0,5,2,356,0.0018873329972848296,0.0014987500035203993,743178240,0.3984375
c420aa264acece14,cifar10,pruning,mlp,protocol-v3,0.6,0,5,2,357,0.0013806249480694532,0.00148695899406448,743178240,0.46875
c420aa264acece14,cifar10,pruning,mlp,protocol-v3,0.6,0,5,2,358,0.0013918749755248427,0.001534084032755345,743178240,0.4296875
c420aa264acece14,cifar10,pruning,mlp,protocol-v3,0.6,0,5,2,359,0.0013498750049620867,0.0015927079948596656,743178240,0.4453125
c420aa264acece14,cifar10,pruning,mlp,protocol-v3,0.6,0,5,2,360,0.0014067910378798842,0.0015222089714370668,743178240,0.3984375
c420aa264acece14,cifar10,pruning,mlp,protocol-v3,0.6,0,5,2,361,0.0014172919909469783,0.0015928330249153078,743178240,0.5078125
c420aa264acece14,cifar10,pruning,mlp,protocol-v3,0.6,0,5,2,362,0.001369333011098206,0.0015954159898683429,743178240,0.40625
c420aa264acece14,cifar10,pruning,mlp,protocol-v3,0.6,0,5,2,363,0.0013708339538425207,0.0016458749887533486,743178240,0.4296875
c420aa264acece14,cifar10,pruning,mlp,protocol-v3,0.6,0,5,2,364,0.0015354999923147261,0.001617582980543375,743178240,0.4453125
c420aa264acece14,cifar10,pruning,mlp,protocol-v3,0.6,0,5,2,365,0.0014037499786354601,0.0015940419980324805,743194624,0.375
c420aa264acece14,cifar10,pruning,mlp,protocol-v3,0.6,0,5,2,366,0.0014039169764146209,0.0015619169571436942,743194624,0.3828125
c420aa264acece14,cifar10,pruning,mlp,protocol-v3,0.6,0,5,2,367,0.0014016659697517753,0.0015096659772098064,743194624,0.4609375
c420aa264acece14,cifar10,pruning,mlp,protocol-v3,0.6,0,5,2,368,0.0013845840003341436,0.0014959590043872595,743194624,0.34375
c420aa264acece14,cifar10,pruning,mlp,protocol-v3,0.6,0,5,2,369,0.0013637089869007468,0.0016079170163720846,743194624,0.4140625
c420aa264acece14,cifar10,pruning,mlp,protocol-v3,0.6,0,5,2,370,0.0013582499814219773,0.0015052499948069453,743194624,0.484375
c420aa264acece14,cifar10,pruning,mlp,protocol-v3,0.6,0,5,2,371,0.0013734159874729812,0.0016401250031776726,743194624,0.3359375
c420aa264acece14,cifar10,pruning,mlp,protocol-v3,0.6,0,5,2,372,0.0013977080234326422,0.0016261250129900873,743194624,0.4375
c420aa264acece14,cifar10,pruning,mlp,protocol-v3,0.6,0,5,2,373,0.0014056249638088048,0.0015953750116750598,743194624,0.4375
c420aa264acece14,cifar10,pruning,mlp,protocol-v3,0.6,0,5,2,374,0.0014013330219313502,0.0015938750002533197,743194624,0.4140625
c420aa264acece14,cifar10,pruning,mlp,protocol-v3,0.6,0,5,2,375,0.0014260000316426158,0.001593249966390431,743194624,0.3984375
c420aa264acece14,cifar10,pruning,mlp,protocol-v3,0.6,0,5,2,376,0.0014604169991798699,0.0016286250320263207,743194624,0.4453125
c420aa264acece14,cifar10,pruning,mlp,protocol-v3,0.6,0,5,2,377,0.0014591669896617532,0.0017556250095367432,743194624,0.375
c420aa264acece14,cifar10,pruning,mlp,protocol-v3,0.6,0,5,2,378,0.0013876250013709068,0.0016007089870981872,743194624,0.46875
c420aa264acece14,cifar10,pruning,mlp,protocol-v3,0.6,0,5,2,379,0.0014530839980579913,0.0016057920292951167,743194624,0.4140625
c420aa264acece14,cifar10,pruning,mlp,protocol-v3,0.6,0,5,2,380,0.0014917920343577862,0.0016347079654224217,743194624,0.4296875
c420aa264acece14,cifar10,pruning,mlp,protocol-v3,0.6,0,5,2,381,0.0014035829808562994,0.0015782919945195317,743211008,0.40625
c420aa264acece14,cifar10,pruning,mlp,protocol-v3,0.6,0,5,2,382,0.0014487090520560741,0.0014982499997131526,743211008,0.34375
c420aa264acece14,cifar10,pruning,mlp,protocol-v3,0.6,0,5,2,383,0.0013844589702785015,0.001587832986842841,743211008,0.453125
c420aa264acece14,cifar10,pruning,mlp,protocol-v3,0.6,0,5,2,384,0.001393957994878292,0.00157670903718099,743211008,0.28125
c420aa264acece14,cifar10,pruning,mlp,protocol-v3,0.6,0,5,2,385,0.0014755839947611094,0.0016141250380314887,743211008,0.4140625
c420aa264acece14,cifar10,pruning,mlp,protocol-v3,0.6,0,5,2,386,0.0014161249855533242,0.0016295419773086905,743211008,0.453125
c420aa264acece14,cifar10,pruning,mlp,protocol-v3,0.6,0,5,2,387,0.001382625021506101,0.0015687919803895056,743211008,0.421875
c420aa264acece14,cifar10,pruning,mlp,protocol-v3,0.6,0,5,2,388,0.0014059579698368907,0.0015763749834150076,743211008,0.4609375
c420aa264acece14,cifar10,pruning,mlp,protocol-v3,0.6,0,5,2,389,0.0013950419961474836,0.0015476249973289669,743211008,0.3515625
c420aa264acece14,cifar10,pruning,mlp,protocol-v3,0.6,0,5,2,390,0.001207082998007536,0.001264708989765495,743735296,0.45
c420aa264acece14,cifar10,pruning,mlp,protocol-v3,0.6,0,5,3,0,0.0013647910091094673,0.0016384169575758278,743735296,0.4765625
c420aa264acece14,cifar10,pruning,mlp,protocol-v3,0.6,0,5,3,1,0.0014627500204369426,0.0016712499782443047,743735296,0.421875
c420aa264acece14,cifar10,pruning,mlp,protocol-v3,0.6,0,5,3,2,0.0014772919821552932,0.0016690409975126386,743735296,0.375
c420aa264acece14,cifar10,pruning,mlp,protocol-v3,0.6,0,5,3,3,0.0014020000235177577,0.001626000041142106,743735296,0.4609375
c420aa264acece14,cifar10,pruning,mlp,protocol-v3,0.6,0,5,3,4,0.0013920829514972866,0.001558207964990288,743735296,0.5234375
c420aa264acece14,cifar10,pruning,mlp,protocol-v3,0.6,0,5,3,5,0.0013740839785896242,0.0016014589928090572,743735296,0.484375
c420aa264acece14,cifar10,pruning,mlp,protocol-v3,0.6,0,5,3,6,0.0014017909998074174,0.0016477080062031746,743735296,0.453125
c420aa264acece14,cifar10,pruning,mlp,protocol-v3,0.6,0,5,3,7,0.0014668329968117177,0.0016409159870818257,743751680,0.4609375
c420aa264acece14,cifar10,pruning,mlp,protocol-v3,0.6,0,5,3,8,0.0013894999865442514,0.0016166669665835798,743751680,0.375
c420aa264acece14,cifar10,pruning,mlp,protocol-v3,0.6,0,5,3,9,0.0013924589729867876,0.001610000035725534,743751680,0.4375
c420aa264acece14,cifar10,pruning,mlp,protocol-v3,0.6,0,5,3,10,0.0014825830003246665,0.0016375829582102597,743751680,0.3671875
c420aa264acece14,cifar10,pruning,mlp,protocol-v3,0.6,0,5,3,11,0.0014517910312861204,0.0016143330140039325,743751680,0.3984375
c420aa264acece14,cifar10,pruning,mlp,protocol-v3,0.6,0,5,3,12,0.0014097499661147594,0.001583916018716991,743751680,0.515625
c420aa264acece14,cifar10,pruning,mlp,protocol-v3,0.6,0,5,3,13,0.0013576250057667494,0.001593083026818931,743751680,0.4453125
c420aa264acece14,cifar10,pruning,mlp,protocol-v3,0.6,0,5,3,14,0.0014544579898938537,0.0016343750176019967,743751680,0.3828125
c420aa264acece14,cifar10,pruning,mlp,protocol-v3,0.6,0,5,3,15,0.0014661659952253103,0.0016325840260833502,743751680,0.515625
c420aa264acece14,cifar10,pruning,mlp,protocol-v3,0.6,0,5,3,16,0.0014516249648295343,0.0016004170174710453,743751680,0.484375
c420aa264acece14,cifar10,pruning,mlp,protocol-v3,0.6,0,5,3,17,0.0014591660001315176,0.0015835000085644424,743751680,0.4140625
c420aa264acece14,cifar10,pruning,mlp,protocol-v3,0.6,0,5,3,18,0.001401207991875708,0.0015909170033410192,743751680,0.4296875
c420aa264acece14,cifar10,pruning,mlp,protocol-v3,0.6,0,5,3,19,0.0014642080059275031,0.0015973749686963856,743751680,0.4765625
c420aa264acece14,cifar10,pruning,mlp,protocol-v3,0.6,0,5,3,20,0.001461208041291684,0.0015931669622659683,743751680,0.4609375
c420aa264acece14,cifar10,pruning,mlp,protocol-v3,0.6,0,5,3,21,0.0014596250257454813,0.0015468749916180968,743751680,0.4609375
c420aa264acece14,cifar10,pruning,mlp,protocol-v3,0.6,0,5,3,22,0.0014015830238349736,0.001597292022779584,743751680,0.375
c420aa264acece14,cifar10,pruning,mlp,protocol-v3,0.6,0,5,3,23,0.00145725003676489,0.00164583302102983,743751680,0.375
c420aa264acece14,cifar10,pruning,mlp,protocol-v3,0.6,0,5,3,24,0.0014607920311391354,0.001596542017068714,743751680,0.3828125
c420aa264acece14,cifar10,pruning,mlp,protocol-v3,0.6,0,5,3,25,0.0014184170286171138,0.0016099169733934104,743751680,0.46875
c420aa264acece14,cifar10,pruning,mlp,protocol-v3,0.6,0,5,3,26,0.001349333964753896,0.001622208976186812,743751680,0.5078125
c420aa264acece14,cifar10,pruning,mlp,protocol-v3,0.6,0,5,3,27,0.0014556249952875078,0.0016036669840104878,743751680,0.4765625
c420aa264acece14,cifar10,pruning,mlp,protocol-v3,0.6,0,5,3,28,0.0014578329864889383,0.0015923749888315797,743751680,0.4140625
c420aa264acece14,cifar10,pruning,mlp,protocol-v3,0.6,0,5,3,29,0.0014530419721268117,0.0015896250260993838,743751680,0.4375
c420aa264acece14,cifar10,pruning,mlp,protocol-v3,0.6,0,5,3,30,0.001364167022984475,0.0015993750421330333,743751680,0.46875
c420aa264acece14,cifar10,pruning,mlp,protocol-v3,0.6,0,5,3,31,0.001346415956504643,0.0015292909811250865,743751680,0.5390625
c420aa264acece14,cifar10,pruning,mlp,protocol-v3,0.6,0,5,3,32,0.001355834014248103,0.0015989579842425883,743768064,0.4375
c420aa264acece14,cifar10,pruning,mlp,protocol-v3,0.6,0,5,3,33,0.001357290952000767,0.0015904169995337725,743768064,0.4921875
c420aa264acece14,cifar10,pruning,mlp,protocol-v3,0.6,0,5,3,34,0.0019417500006966293,0.0015303330146707594,743768064,0.46875
c420aa264acece14,cifar10,pruning,mlp,protocol-v3,0.6,0,5,3,35,0.00150433398084715,0.0016279169940389693,743768064,0.453125
c420aa264acece14,cifar10,pruning,mlp,protocol-v3,0.6,0,5,3,36,0.0013832080294378102,0.0015232919831760228,743768064,0.46875
c420aa264acece14,cifar10,pruning,mlp,protocol-v3,0.6,0,5,3,37,0.0013896669843234122,0.001608167018275708,743768064,0.5078125
c420aa264acece14,cifar10,pruning,mlp,protocol-v3,0.6,0,5,3,38,0.0013842919724993408,0.0015957500436343253,743768064,0.390625
c420aa264acece14,cifar10,pruning,mlp,protocol-v3,0.6,0,5,3,39,0.0013877080054953694,0.001612125022802502,743768064,0.34375
c420aa264acece14,cifar10,pruning,mlp,protocol-v3,0.6,0,5,3,40,0.0013788749929517508,0.0015965410275384784,743768064,0.4296875
c420aa264acece14,cifar10,pruning,mlp,protocol-v3,0.6,0,5,3,41,0.0014015419874340296,0.001517666969448328,743768064,0.421875
c420aa264acece14,cifar10,pruning,mlp,protocol-v3,0.6,0,5,3,42,0.0013754169922322035,0.0016329159843735397,743768064,0.3984375
c420aa264acece14,cifar10,pruning,mlp,protocol-v3,0.6,0,5,3,43,0.0013788749929517508,0.0015891249640844762,743768064,0.4453125
c420aa264acece14,cifar10,pruning,mlp,protocol-v3,0.6,0,5,3,44,0.0014375419705174863,0.001610749983228743,743768064,0.453125
c420aa264acece14,cifar10,pruning,mlp,protocol-v3,0.6,0,5,3,45,0.001453583943657577,0.0015900410362519324,743768064,0.390625
c420aa264acece14,cifar10,pruning,mlp,protocol-v3,0.6,0,5,3,46,0.0013955410104244947,0.0016149170114658773,743768064,0.3984375
c420aa264acece14,cifar10,pruning,mlp,protocol-v3,0.6,0,5,3,47,0.0014763749786652625,0.0015906670014373958,743768064,0.4296875
c420aa264acece14,cifar10,pruning,mlp,protocol-v3,0.6,0,5,3,48,0.0014592079678550363,0.0016016250010579824,743768064,0.375
c420aa264acece14,cifar10,pruning,mlp,protocol-v3,0.6,0,5,3,49,0.0014112500357441604,0.0015899579739198089,743768064,0.40625
c420aa264acece14,cifar10,pruning,mlp,protocol-v3,0.6,0,5,3,50,0.001367459015455097,0.0015874169766902924,743768064,0.4921875
c420aa264acece14,cifar10,pruning,mlp,protocol-v3,0.6,0,5,3,51,0.001455124991480261,0.0016257499810308218,743768064,0.4921875
c420aa264acece14,cifar10,pruning,mlp,protocol-v3,0.6,0,5,3,52,0.0013920000055804849,0.0016400840249843895,743768064,0.4609375
c420aa264acece14,cifar10,pruning,mlp,protocol-v3,0.6,0,5,3,53,0.0013597089564427733,0.0015957499854266644,743768064,0.453125
c420aa264acece14,cifar10,pruning,mlp,protocol-v3,0.6,0,5,3,54,0.001443166984245181,0.0015769589808769524,743768064,0.3984375
c420aa264acece14,cifar10,pruning,mlp,protocol-v3,0.6,0,5,3,55,0.0013986669946461916,0.0015813750214874744,743768064,0.5
c420aa264acece14,cifar10,pruning,mlp,protocol-v3,0.6,0,5,3,56,0.0014353329897858202,0.0016057500033639371,743768064,0.390625
c420aa264acece14,cifar10,pruning,mlp,protocol-v3,0.6,0,5,3,57,0.0014510840410366654,0.0016246250015683472,743768064,0.3671875
c420aa264acece14,cifar10,pruning,mlp,protocol-v3,0.6,0,5,3,58,0.0014436659985221922,0.0015950830420479178,743768064,0.4453125
c420aa264acece14,cifar10,pruning,mlp,protocol-v3,0.6,0,5,3,59,0.0014334589941427112,0.0015874169766902924,743768064,0.46875
c420aa264acece14,cifar10,pruning,mlp,protocol-v3,0.6,0,5,3,60,0.0014013750478625298,0.001593083026818931,743768064,0.421875
c420aa264acece14,cifar10,pruning,mlp,protocol-v3,0.6,0,5,3,61,0.0015073340036906302,0.001586916041560471,743768064,0.34375
c420aa264acece14,cifar10,pruning,mlp,protocol-v3,0.6,0,5,3,62,0.0014309999532997608,0.0014920830144546926,743768064,0.4921875
c420aa264acece14,cifar10,pruning,mlp,protocol-v3,0.6,0,5,3,63,0.001386250020004809,0.00156149995746091,743768064,0.390625
c420aa264acece14,cifar10,pruning,mlp,protocol-v3,0.6,0,5,3,64,0.0014523750287480652,0.001620875031221658,743768064,0.4375
c420aa264acece14,cifar10,pruning,mlp,protocol-v3,0.6,0,5,3,65,0.001362500013783574,0.0015407910104840994,743768064,0.3828125
c420aa264acece14,cifar10,pruning,mlp,protocol-v3,0.6,0,5,3,66,0.0014027089928276837,0.0015743750263936818,743718912,0.3515625
c420aa264acece14,cifar10,pruning,mlp,protocol-v3,0.6,0,5,3,67,0.0016525000100955367,0.0017850000294856727,743718912,0.46875
c420aa264acece14,cifar10,pruning,mlp,protocol-v3,0.6,0,5,3,68,0.0017973329522646964,0.002035624987911433,743718912,0.46875
c420aa264acece14,cifar10,pruning,mlp,protocol-v3,0.6,0,5,3,69,0.0019707499886862934,0.0020987919997423887,743718912,0.3828125
c420aa264acece14,cifar10,pruning,mlp,protocol-v3,0.6,0,5,3,70,0.0016691670170985162,0.0018336659995839,743718912,0.421875
c420aa264acece14,cifar10,pruning,mlp,protocol-v3,0.6,0,5,3,71,0.0015381250414066017,0.0015896250260993838,743718912,0.4296875
c420aa264acece14,cifar10,pruning,mlp,protocol-v3,0.6,0,5,3,72,0.001397209009155631,0.0016043750219978392,743718912,0.375
c420aa264acece14,cifar10,pruning,mlp,protocol-v3,0.6,0,5,3,73,0.00138841598527506,0.0015957499854266644,743718912,0.421875
c420aa264acece14,cifar10,pruning,mlp,protocol-v3,0.6,0,5,3,74,0.0013842079788446426,0.0015993749839253724,743718912,0.4609375
c420aa264acece14,cifar10,pruning,mlp,protocol-v3,0.6,0,5,3,75,0.0014875829801894724,0.0015935830306261778,743718912,0.421875
c420aa264acece14,cifar10,pruning,mlp,protocol-v3,0.6,0,5,3,76,0.0013539590290747583,0.0015929999644868076,743718912,0.484375
c420aa264acece14,cifar10,pruning,mlp,protocol-v3,0.6,0,5,3,77,0.001375499996356666,0.0015809169854037464,743718912,0.375
c420aa264acece14,cifar10,pruning,mlp,protocol-v3,0.6,0,5,3,78,0.0013887500390410423,0.0014874580083414912,743718912,0.515625
c420aa264acece14,cifar10,pruning,mlp,protocol-v3,0.6,0,5,3,79,0.0019057919853366911,0.0015479169669561088,743718912,0.453125
c420aa264acece14,cifar10,pruning,mlp,protocol-v3,0.6,0,5,3,80,0.0014021249953657389,0.0017389170243404806,743718912,0.4296875
c420aa264acece14,cifar10,pruning,mlp,protocol-v3,0.6,0,5,3,81,0.0014019579975865781,0.0015428340411745012,743718912,0.4375
c420aa264acece14,cifar10,pruning,mlp,protocol-v3,0.6,0,5,3,82,0.0013987079728394747,0.001526458014268428,743718912,0.4140625
c420aa264acece14,cifar10,pruning,mlp,protocol-v3,0.6,0,5,3,83,0.0013560840161517262,0.0015968750230967999,743718912,0.46875
c420aa264acece14,cifar10,pruning,mlp,protocol-v3,0.6,0,5,3,84,0.0013745420146733522,0.0015894999960437417,743718912,0.46875
c420aa264acece14,cifar10,pruning,mlp,protocol-v3,0.6,0,5,3,85,0.0014020830276422203,0.0015207499964162707,743718912,0.4609375
c420aa264acece14,cifar10,pruning,mlp,protocol-v3,0.6,0,5,3,86,0.0014496250078082085,0.0016022080089896917,743718912,0.3359375
c420aa264acece14,cifar10,pruning,mlp,protocol-v3,0.6,0,5,3,87,0.0014429999864660203,0.0015892500523477793,743718912,0.4296875
c420aa264acece14,cifar10,pruning,mlp,protocol-v3,0.6,0,5,3,88,0.0013992079766467214,0.001593249966390431,743718912,0.3828125
c420aa264acece14,cifar10,pruning,mlp,protocol-v3,0.6,0,5,3,89,0.0014511659974232316,0.0016332499799318612,743718912,0.4140625
c420aa264acece14,cifar10,pruning,mlp,protocol-v3,0.6,0,5,3,90,0.0014007079880684614,0.0016000409959815443,743718912,0.4609375
c420aa264acece14,cifar10,pruning,mlp,protocol-v3,0.6,0,5,3,91,0.0015222919755615294,0.0016033750143833458,743718912,0.3984375
c420aa264acece14,cifar10,pruning,mlp,protocol-v3,0.6,0,5,3,92,0.0014693330158479512,0.0015015830285847187,743718912,0.390625
c420aa264acece14,cifar10,pruning,mlp,protocol-v3,0.6,0,5,3,93,0.0014401659718714654,0.0015887500485405326,743718912,0.4296875
c420aa264acece14,cifar10,pruning,mlp,protocol-v3,0.6,0,5,3,94,0.0014173750532791018,0.0015899999998509884,743718912,0.4140625
c420aa264acece14,cifar10,pruning,mlp,protocol-v3,0.6,0,5,3,95,0.0014484579442068934,0.001592499960679561,743718912,0.3828125
c420aa264acece14,cifar10,pruning,mlp,protocol-v3,0.6,0,5,3,96,0.001379749970510602,0.0014881250099278986,743718912,0.3671875
c420aa264acece14,cifar10,pruning,mlp,protocol-v3,0.6,0,5,3,97,0.0013862919877283275,0.0015967090148478746,743718912,0.4609375
c420aa264acece14,cifar10,pruning,mlp,protocol-v3,0.6,0,5,3,98,0.0013825830537825823,0.0014697500155307353,743718912,0.4609375
c420aa264acece14,cifar10,pruning,mlp,protocol-v3,0.6,0,5,3,99,0.0013988330028951168,0.0014806250110268593,743718912,0.4296875
c420aa264acece14,cifar10,pruning,mlp,protocol-v3,0.6,0,5,3,100,0.001349999976810068,0.001592957996763289,743718912,0.40625
c420aa264acece14,cifar10,pruning,mlp,protocol-v3,0.6,0,5,3,101,0.001359459012746811,0.0016043329960666597,743718912,0.4140625
c420aa264acece14,cifar10,pruning,mlp,protocol-v3,0.6,0,5,3,102,0.0014576659887097776,0.0016035419539548457,743718912,0.4375
c420aa264acece14,cifar10,pruning,mlp,protocol-v3,0.6,0,5,3,103,0.0014142920263111591,0.0014823750243522227,743735296,0.4296875
c420aa264acece14,cifar10,pruning,mlp,protocol-v3,0.6,0,5,3,104,0.0014490419998764992,0.0015932919923216105,743735296,0.4296875
c420aa264acece14,cifar10,pruning,mlp,protocol-v3,0.6,0,5,3,105,0.0013991669984534383,0.0016111250151880085,743735296,0.3671875
c420aa264acece14,cifar10,pruning,mlp,protocol-v3,0.6,0,5,3,106,0.00134937500115484,0.0016113750170916319,743751680,0.4296875
c420aa264acece14,cifar10,pruning,mlp,protocol-v3,0.6,0,5,3,107,0.001391374971717596,0.0015525839990004897,743751680,0.4296875
c420aa264acece14,cifar10,pruning,mlp,protocol-v3,0.6,0,5,3,108,0.0013773749815300107,0.001497875025961548,743751680,0.40625
c420aa264acece14,cifar10,pruning,mlp,protocol-v3,0.6,0,5,3,109,0.0013970000436529517,0.0014987079775892198,743751680,0.4140625
c420aa264acece14,cifar10,pruning,mlp,protocol-v3,0.6,0,5,3,110,0.0013454590225592256,0.0015919579891487956,743751680,0.40625
c420aa264acece14,cifar10,pruning,mlp,protocol-v3,0.6,0,5,3,111,0.0013443749630823731,0.0016088749980553985,743751680,0.53125
c420aa264acece14,cifar10,pruning,mlp,protocol-v3,0.6,0,5,3,112,0.0014039170346222818,0.001604959019459784,743751680,0.453125
c420aa264acece14,cifar10,pruning,mlp,protocol-v3,0.6,0,5,3,113,0.0014825420221313834,0.001587208011187613,743751680,0.375
c420aa264acece14,cifar10,pruning,mlp,protocol-v3,0.6,0,5,3,114,0.0014375410391949117,0.0014834590256214142,743751680,0.421875
c420aa264acece14,cifar10,pruning,mlp,protocol-v3,0.6,0,5,3,115,0.0014343340299092233,0.0015957499854266644,743751680,0.453125
c420aa264acece14,cifar10,pruning,mlp,protocol-v3,0.6,0,5,3,116,0.0014533339999616146,0.0015090410015545785,743751680,0.4296875
c420aa264acece14,cifar10,pruning,mlp,protocol-v3,0.6,0,5,3,117,0.0013924160157330334,0.0015598330064676702,743751680,0.3828125
c420aa264acece14,cifar10,pruning,mlp,protocol-v3,0.6,0,5,3,118,0.0013917089672759175,0.0015142909833230078,743751680,0.4609375
c420aa264acece14,cifar10,pruning,mlp,protocol-v3,0.6,0,5,3,119,0.001360541966278106,0.0016014580032788217,743751680,0.4375
c420aa264acece14,cifar10,pruning,mlp,protocol-v3,0.6,0,5,3,120,0.001378374989144504,0.0015915000112727284,743751680,0.453125
c420aa264acece14,cifar10,pruning,mlp,protocol-v3,0.6,0,5,3,121,0.0013757499982602894,0.0015877920086495578,743751680,0.4453125
c420aa264acece14,cifar10,pruning,mlp,protocol-v3,0.6,0,5,3,122,0.0014745410298928618,0.001583250006660819,743751680,0.375
c420aa264acece14,cifar10,pruning,mlp,protocol-v3,0.6,0,5,3,123,0.0014646250056102872,0.001607124984730035,743751680,0.390625
c420aa264acece14,cifar10,pruning,mlp,protocol-v3,0.6,0,5,3,124,0.0014459999511018395,0.0016052909777499735,743751680,0.484375
c420aa264acece14,cifar10,pruning,mlp,protocol-v3,0.6,0,5,3,125,0.0013909580302424729,0.0015879999846220016,743751680,0.453125
c420aa264acece14,cifar10,pruning,mlp,protocol-v3,0.6,0,5,3,126,0.0014548749895766377,0.001606083009392023,743751680,0.4609375
c420aa264acece14,cifar10,pruning,mlp,protocol-v3,0.6,0,5,3,127,0.0013901250204071403,0.0016003750497475266,743751680,0.421875
c420aa264acece14,cifar10,pruning,mlp,protocol-v3,0.6,0,5,3,128,0.0013574580079875886,0.0015987089718692005,743751680,0.4765625
c420aa264acece14,cifar10,pruning,mlp,protocol-v3,0.6,0,5,3,129,0.0014060420216992497,0.001489125017542392,743768064,0.3828125
c420aa264acece14,cifar10,pruning,mlp,protocol-v3,0.6,0,5,3,130,0.001390625024214387,0.001478915975894779,743768064,0.4765625
c420aa264acece14,cifar10,pruning,mlp,protocol-v3,0.6,0,5,3,131,0.0014107910101301968,0.0014896249631419778,743768064,0.46875
c420aa264acece14,cifar10,pruning,mlp,protocol-v3,0.6,0,5,3,132,0.001391374971717596,0.0014863749966025352,743768064,0.4375
c420aa264acece14,cifar10,pruning,mlp,protocol-v3,0.6,0,5,3,133,0.001349999976810068,0.001606707985047251,743768064,0.453125
c420aa264acece14,cifar10,pruning,mlp,protocol-v3,0.6,0,5,3,134,0.0013466250384226441,0.0015934580005705357,743768064,0.3515625
c420aa264acece14,cifar10,pruning,mlp,protocol-v3,0.6,0,5,3,135,0.0014631660305894911,0.0016016250010579824,743768064,0.4453125
c420aa264acece14,cifar10,pruning,mlp,protocol-v3,0.6,0,5,3,136,0.0013780830195173621,0.0015861669671721756,743768064,0.4765625
c420aa264acece14,cifar10,pruning,mlp,protocol-v3,0.6,0,5,3,137,0.001455040997825563,0.001606334000825882,743768064,0.4296875
c420aa264acece14,cifar10,pruning,mlp,protocol-v3,0.6,0,5,3,138,0.0014410419971682131,0.001607749960385263,743768064,0.3984375
c420aa264acece14,cifar10,pruning,mlp,protocol-v3,0.6,0,5,3,139,0.0013474159641191363,0.0015856660320423543,743768064,0.4453125
c420aa264acece14,cifar10,pruning,mlp,protocol-v3,0.6,0,5,3,140,0.0013977920170873404,0.0015105410129763186,743768064,0.5625
c420aa264acece14,cifar10,pruning,mlp,protocol-v3,0.6,0,5,3,141,0.0013962090015411377,0.001579208008479327,743768064,0.3984375
c420aa264acece14,cifar10,pruning,mlp,protocol-v3,0.6,0,5,3,142,0.001436874968931079,0.0014628749922849238,743768064,0.4296875
c420aa264acece14,cifar10,pruning,mlp,protocol-v3,0.6,0,5,3,143,0.0013573329779319465,0.0016092919977381825,743768064,0.421875
c420aa264acece14,cifar10,pruning,mlp,protocol-v3,0.6,0,5,3,144,0.0013430000399239361,0.0015972079709172249,743768064,0.390625
c420aa264acece14,cifar10,pruning,mlp,protocol-v3,0.6,0,5,3,145,0.0014070000033825636,0.0015912080416455865,743768064,0.453125
c420aa264acece14,cifar10,pruning,mlp,protocol-v3,0.6,0,5,3,146,0.0014589159982278943,0.0015974999987520278,743768064,0.4453125
c420aa264acece14,cifar10,pruning,mlp,protocol-v3,0.6,0,5,3,147,0.0014570420025847852,0.001618625014089048,743768064,0.3828125
c420aa264acece14,cifar10,pruning,mlp,protocol-v3,0.6,0,5,3,148,0.0014090840122662485,0.0015960000455379486,743768064,0.4296875
c420aa264acece14,cifar10,pruning,mlp,protocol-v3,0.6,0,5,3,149,0.001396083040162921,0.0015895420219749212,743768064,0.5234375
c420aa264acece14,cifar10,pruning,mlp,protocol-v3,0.6,0,5,3,150,0.0014439999940805137,0.0016000420437194407,743768064,0.4296875
c420aa264acece14,cifar10,pruning,mlp,protocol-v3,0.6,0,5,3,151,0.0014382919762283564,0.0016002500196918845,743768064,0.5234375
c420aa264acece14,cifar10,pruning,mlp,protocol-v3,0.6,0,5,3,152,0.0019253749633207917,0.0014867910067550838,743768064,0.4296875
c420aa264acece14,cifar10,pruning,mlp,protocol-v3,0.6,0,5,3,153,0.0013563749962486327,0.0016337499837391078,743768064,0.3671875
c420aa264acece14,cifar10,pruning,mlp,protocol-v3,0.6,0,5,3,154,0.0013970420113764703,0.001603459008038044,743768064,0.421875
c420aa264acece14,cifar10,pruning,mlp,protocol-v3,0.6,0,5,3,155,0.001447084010578692,0.0015909999492578208,743768064,0.34375
c420aa264acece14,cifar10,pruning,mlp,protocol-v3,0.6,0,5,3,156,0.0014422499807551503,0.0016092919977381825,743768064,0.359375
c420aa264acece14,cifar10,pruning,mlp,protocol-v3,0.6,0,5,3,157,0.001383082999382168,0.0016049170517362654,743768064,0.421875
c420aa264acece14,cifar10,pruning,mlp,protocol-v3,0.6,0,5,3,158,0.001459374965634197,0.0015836249804124236,743768064,0.453125
c420aa264acece14,cifar10,pruning,mlp,protocol-v3,0.6,0,5,3,159,0.0015579580212943256,0.0014919160166755319,743768064,0.3828125
c420aa264acece14,cifar10,pruning,mlp,protocol-v3,0.6,0,5,3,160,0.0013882080093026161,0.0015880839782766998,743768064,0.4375
c420aa264acece14,cifar10,pruning,mlp,protocol-v3,0.6,0,5,3,161,0.0013940830249339342,0.0015086670173332095,743768064,0.453125
c420aa264acece14,cifar10,pruning,mlp,protocol-v3,0.6,0,5,3,162,0.0013929589767940342,0.0015015829703770578,743768064,0.4375
c420aa264acece14,cifar10,pruning,mlp,protocol-v3,0.6,0,5,3,163,0.001349999976810068,0.001596291025634855,743768064,0.3671875
c420aa264acece14,cifar10,pruning,mlp,protocol-v3,0.6,0,5,3,164,0.0013518339837901294,0.0015884580207057297,743768064,0.390625
c420aa264acece14,cifar10,pruning,mlp,protocol-v3,0.6,0,5,3,165,0.00146266701631248,0.0015786660369485617,743768064,0.4375
c420aa264acece14,cifar10,pruning,mlp,protocol-v3,0.6,0,5,3,166,0.001411665987689048,0.0016018330352380872,743768064,0.359375
c420aa264acece14,cifar10,pruning,mlp,protocol-v3,0.6,0,5,3,167,0.0014552500215359032,0.0016015419969335198,743768064,0.40625
c420aa264acece14,cifar10,pruning,mlp,protocol-v3,0.6,0,5,3,168,0.001459082996007055,0.0015905420295894146,743768064,0.4765625
c420aa264acece14,cifar10,pruning,mlp,protocol-v3,0.6,0,5,3,169,0.0013860000181011856,0.0015796669758856297,743768064,0.3671875
c420aa264acece14,cifar10,pruning,mlp,protocol-v3,0.6,0,5,3,170,0.0019280840060673654,0.001580999989528209,743768064,0.421875
c420aa264acece14,cifar10,pruning,mlp,protocol-v3,0.6,0,5,3,171,0.001447124988771975,0.0015914590330794454,743768064,0.4140625
c420aa264acece14,cifar10,pruning,mlp,protocol-v3,0.6,0,5,3,172,0.0014047910226508975,0.0014911670004948974,743768064,0.390625
c420aa264acece14,cifar10,pruning,mlp,protocol-v3,0.6,0,5,3,173,0.0014479579986073077,0.0015979580348357558,743768064,0.390625
c420aa264acece14,cifar10,pruning,mlp,protocol-v3,0.6,0,5,3,174,0.0013997090281918645,0.001591542037203908,743768064,0.3828125
c420aa264acece14,cifar10,pruning,mlp,protocol-v3,0.6,0,5,3,175,0.0014515829971060157,0.0016185420099645853,743768064,0.46875
c420aa264acece14,cifar10,pruning,mlp,protocol-v3,0.6,0,5,3,176,0.0014503750135190785,0.0016356249689124525,743768064,0.359375
c420aa264acece14,cifar10,pruning,mlp,protocol-v3,0.6,0,5,3,177,0.0014737499877810478,0.001489416987169534,743768064,0.3984375
c420aa264acece14,cifar10,pruning,mlp,protocol-v3,0.6,0,5,3,178,0.0013994579785503447,0.0016186670400202274,743768064,0.328125
c420aa264acece14,cifar10,pruning,mlp,protocol-v3,0.6,0,5,3,179,0.0014476669603027403,0.0015914589748717844,743768064,0.4453125
c420aa264acece14,cifar10,pruning,mlp,protocol-v3,0.6,0,5,3,180,0.0014607500052079558,0.0015822499990463257,743768064,0.40625
c420aa264acece14,cifar10,pruning,mlp,protocol-v3,0.6,0,5,3,181,0.0013876250013709068,0.0014851249870844185,743768064,0.4375
c420aa264acece14,cifar10,pruning,mlp,protocol-v3,0.6,0,5,3,182,0.0013961669756099582,0.001610749983228743,743768064,0.4765625
c420aa264acece14,cifar10,pruning,mlp,protocol-v3,0.6,0,5,3,183,0.0013983329990878701,0.0015952910180203617,743768064,0.453125
c420aa264acece14,cifar10,pruning,mlp,protocol-v3,0.6,0,5,3,184,0.0014028329751454294,0.0015962080215103924,743768064,0.484375
c420aa264acece14,cifar10,pruning,mlp,protocol-v3,0.6,0,5,3,185,0.0013961250078864396,0.0015910000074654818,743768064,0.390625
c420aa264acece14,cifar10,pruning,mlp,protocol-v3,0.6,0,5,3,186,0.0013893750146962702,0.0015082499594427645,743768064,0.3984375
c420aa264acece14,cifar10,pruning,mlp,protocol-v3,0.6,0,5,3,187,0.001336375018581748,0.0015870839706622064,743784448,0.375
c420aa264acece14,cifar10,pruning,mlp,protocol-v3,0.6,0,5,3,188,0.0013974159955978394,0.0015945840277709067,743784448,0.4296875
c420aa264acece14,cifar10,pruning,mlp,protocol-v3,0.6,0,5,3,189,0.001449291012249887,0.0015865829773247242,743784448,0.4140625
c420aa264acece14,cifar10,pruning,mlp,protocol-v3,0.6,0,5,3,190,0.0014709579991176724,0.0015870420029386878,743784448,0.4375
c420aa264acece14,cifar10,pruning,mlp,protocol-v3,0.6,0,5,3,191,0.0013958329800516367,0.0015885839820839465,743784448,0.5
c420aa264acece14,cifar10,pruning,mlp,protocol-v3,0.6,0,5,3,192,0.0014447499997913837,0.0015910409856587648,743784448,0.4296875
c420aa264acece14,cifar10,pruning,mlp,protocol-v3,0.6,0,5,3,193,0.0014542920398525894,0.0016095409519039094,743784448,0.4296875
c420aa264acece14,cifar10,pruning,mlp,protocol-v3,0.6,0,5,3,194,0.0019846250070258975,0.0015058749704621732,743784448,0.4375
c420aa264acece14,cifar10,pruning,mlp,protocol-v3,0.6,0,5,3,195,0.0013561670202761889,0.001596582995261997,743784448,0.4453125
c420aa264acece14,cifar10,pruning,mlp,protocol-v3,0.6,0,5,3,196,0.00134712498402223,0.0014790830318816006,743784448,0.375
c420aa264acece14,cifar10,pruning,mlp,protocol-v3,0.6,0,5,3,197,0.0014047499862499535,0.0015435419627465308,743784448,0.4453125
c420aa264acece14,cifar10,pruning,mlp,protocol-v3,0.6,0,5,3,198,0.001355250016786158,0.0016117500490508974,743784448,0.390625
c420aa264acece14,cifar10,pruning,mlp,protocol-v3,0.6,0,5,3,199,0.001347541983705014,0.0016126669943332672,743784448,0.3984375
c420aa264acece14,cifar10,pruning,mlp,protocol-v3,0.6,0,5,3,200,0.0014420830411836505,0.0015997919836081564,743784448,0.453125
c420aa264acece14,cifar10,pruning,mlp,protocol-v3,0.6,0,5,3,201,0.0014573339722119272,0.0015811669873073697,743784448,0.46875
c420aa264acece14,cifar10,pruning,mlp,protocol-v3,0.6,0,5,3,202,0.0014502500416710973,0.001611082989256829,743784448,0.4375
c420aa264acece14,cifar10,pruning,mlp,protocol-v3,0.6,0,5,3,203,0.0014464589767158031,0.0014859160291962326,743784448,0.390625
c420aa264acece14,cifar10,pruning,mlp,protocol-v3,0.6,0,5,3,204,0.0013851250405423343,0.001597750000655651,743784448,0.421875
c420aa264acece14,cifar10,pruning,mlp,protocol-v3,0.6,0,5,3,205,0.0013873330317437649,0.0015844160225242376,743784448,0.3828125
c420aa264acece14,cifar10,pruning,mlp,protocol-v3,0.6,0,5,3,206,0.001393958053085953,0.0015976669965311885,743784448,0.3671875
c420aa264acece14,cifar10,pruning,mlp,protocol-v3,0.6,0,5,3,207,0.001386667019687593,0.0017067089793272316,743784448,0.40625
c420aa264acece14,cifar10,pruning,mlp,protocol-v3,0.6,0,5,3,208,0.0013872919953428209,0.0015634580049663782,743784448,0.4453125
c420aa264acece14,cifar10,pruning,mlp,protocol-v3,0.6,0,5,3,209,0.0013940419885329902,0.0015057919663377106,743784448,0.328125
c420aa264acece14,cifar10,pruning,mlp,protocol-v3,0.6,0,5,3,210,0.0013466249802149832,0.0015952079556882381,743784448,0.3984375
c420aa264acece14,cifar10,pruning,mlp,protocol-v3,0.6,0,5,3,211,0.0013918749755248427,0.001582791970577091,743784448,0.3828125
c420aa264acece14,cifar10,pruning,mlp,protocol-v3,0.6,0,5,3,212,0.0014614579849876463,0.0015842499560676515,743784448,0.4140625
c420aa264acece14,cifar10,pruning,mlp,protocol-v3,0.6,0,5,3,213,0.001467375026550144,0.0016012080013751984,743784448,0.40625
c420aa264acece14,cifar10,pruning,mlp,protocol-v3,0.6,0,5,3,214,0.0014654580154456198,0.0016235419898293912,743784448,0.34375
c420aa264acece14,cifar10,pruning,mlp,protocol-v3,0.6,0,5,3,215,0.0014529579784721136,0.001601582975126803,743784448,0.4296875
c420aa264acece14,cifar10,pruning,mlp,protocol-v3,0.6,0,5,3,216,0.0013957920018583536,0.001611415995284915,743784448,0.375
c420aa264acece14,cifar10,pruning,mlp,protocol-v3,0.6,0,5,3,217,0.00138487498043105,0.0015865830355323851,743784448,0.375
c420aa264acece14,cifar10,pruning,mlp,protocol-v3,0.6,0,5,3,218,0.0015616249875165522,0.0015956250135786831,743784448,0.3828125
c420aa264acece14,cifar10,pruning,mlp,protocol-v3,0.6,0,5,3,219,0.0014610420330427587,0.0014720840263180435,743784448,0.3828125
c420aa264acece14,cifar10,pruning,mlp,protocol-v3,0.6,0,5,3,220,0.0014372090226970613,0.001614999957382679,743784448,0.359375
c420aa264acece14,cifar10,pruning,mlp,protocol-v3,0.6,0,5,3,221,0.0014545000158250332,0.00156879099085927,743784448,0.4375
c420aa264acece14,cifar10,pruning,mlp,protocol-v3,0.6,0,5,3,222,0.0013487079995684326,0.001576291979290545,743784448,0.40625
c420aa264acece14,cifar10,pruning,mlp,protocol-v3,0.6,0,5,3,223,0.0013915000017732382,0.001591457985341549,743784448,0.4296875
c420aa264acece14,cifar10,pruning,mlp,protocol-v3,0.6,0,5,3,224,0.001383833005093038,0.0015277499915100634,743784448,0.375
c420aa264acece14,cifar10,pruning,mlp,protocol-v3,0.6,0,5,3,225,0.0014071250334382057,0.001529333007056266,743784448,0.4453125
c420aa264acece14,cifar10,pruning,mlp,protocol-v3,0.6,0,5,3,226,0.0013882499770261347,0.0014775839517824352,743784448,0.4296875
c420aa264acece14,cifar10,pruning,mlp,protocol-v3,0.6,0,5,3,227,0.0013647919986397028,0.0016029580147005618,743784448,0.4140625
c420aa264acece14,cifar10,pruning,mlp,protocol-v3,0.6,0,5,3,228,0.0013557080528698862,0.0015800410183146596,743784448,0.3359375
c420aa264acece14,cifar10,pruning,mlp,protocol-v3,0.6,0,5,3,229,0.0013856669538654387,0.0015925420448184013,743784448,0.3828125
c420aa264acece14,cifar10,pruning,mlp,protocol-v3,0.6,0,5,3,230,0.0014262920012697577,0.0015860830317251384,743784448,0.3671875
c420aa264acece14,cifar10,pruning,mlp,protocol-v3,0.6,0,5,3,231,0.0014538329560309649,0.0016170000308193266,743784448,0.46875
c420aa264acece14,cifar10,pruning,mlp,protocol-v3,0.6,0,5,3,232,0.0014652920071966946,0.0016246659797616303,743784448,0.4375
c420aa264acece14,cifar10,pruning,mlp,protocol-v3,0.6,0,5,3,233,0.0014494169736281037,0.0015735420165583491,743784448,0.3984375
c420aa264acece14,cifar10,pruning,mlp,protocol-v3,0.6,0,5,3,234,0.0014006249839439988,0.0016044580261223018,743784448,0.46875
c420aa264acece14,cifar10,pruning,mlp,protocol-v3,0.6,0,5,3,235,0.0014500420074909925,0.001594791014213115,743784448,0.3828125
c420aa264acece14,cifar10,pruning,mlp,protocol-v3,0.6,0,5,3,236,0.0014517499948851764,0.001591915963217616,743784448,0.3671875
c420aa264acece14,cifar10,pruning,mlp,protocol-v3,0.6,0,5,3,237,0.0013951660366728902,0.0015909590292721987,743784448,0.4296875
c420aa264acece14,cifar10,pruning,mlp,protocol-v3,0.6,0,5,3,238,0.0013892080169171095,0.0015871659852564335,743784448,0.4296875
c420aa264acece14,cifar10,pruning,mlp,protocol-v3,0.6,0,5,3,239,0.00138841598527506,0.0016149170114658773,743784448,0.4453125
c420aa264acece14,cifar10,pruning,mlp,protocol-v3,0.6,0,5,3,240,0.0014009589795023203,0.0015805000439286232,743784448,0.3828125
c420aa264acece14,cifar10,pruning,mlp,protocol-v3,0.6,0,5,3,241,0.0014425420085899532,0.001602750038728118,743784448,0.4296875
c420aa264acece14,cifar10,pruning,mlp,protocol-v3,0.6,0,5,3,242,0.0014508749591186643,0.0015003340085968375,743784448,0.4921875
c420aa264acece14,cifar10,pruning,mlp,protocol-v3,0.6,0,5,3,243,0.0014154160162433982,0.0015814159996807575,743784448,0.4375
c420aa264acece14,cifar10,pruning,mlp,protocol-v3,0.6,0,5,3,244,0.0013845840003341436,0.0016042909701354802,743784448,0.4375
c420aa264acece14,cifar10,pruning,mlp,protocol-v3,0.6,0,5,3,245,0.0014523339923471212,0.0015229170094244182,743800832,0.3828125
c420aa264acece14,cifar10,pruning,mlp,protocol-v3,0.6,0,5,3,246,0.001391374971717596,0.0014892080216668546,743800832,0.453125
c420aa264acece14,cifar10,pruning,mlp,protocol-v3,0.6,0,5,3,247,0.0013557079946622252,0.0015872500371187925,743800832,0.40625
c420aa264acece14,cifar10,pruning,mlp,protocol-v3,0.6,0,5,3,248,0.0013875829754397273,0.0015907500055618584,743800832,0.4453125
c420aa264acece14,cifar10,pruning,mlp,protocol-v3,0.6,0,5,3,249,0.001468124974053353,0.0015888750203885138,743800832,0.4296875
c420aa264acece14,cifar10,pruning,mlp,protocol-v3,0.6,0,5,3,250,0.0013903750223107636,0.0016123749664984643,743800832,0.4375
c420aa264acece14,cifar10,pruning,mlp,protocol-v3,0.6,0,5,3,251,0.0014492080081254244,0.0015800829860381782,743800832,0.40625
c420aa264acece14,cifar10,pruning,mlp,protocol-v3,0.6,0,5,3,252,0.001449874951504171,0.001585791993420571,743817216,0.453125
c420aa264acece14,cifar10,pruning,mlp,protocol-v3,0.6,0,5,3,253,0.0013890839763917029,0.001466292014811188,743817216,0.421875
c420aa264acece14,cifar10,pruning,mlp,protocol-v3,0.6,0,5,3,254,0.0013896659947931767,0.0015458330162800848,743817216,0.4453125
c420aa264acece14,cifar10,pruning,mlp,protocol-v3,0.6,0,5,3,255,0.001401540997903794,0.0015015409444458783,743817216,0.3984375
c420aa264acece14,cifar10,pruning,mlp,protocol-v3,0.6,0,5,3,256,0.001355583022814244,0.0015134160057641566,743817216,0.390625
c420aa264acece14,cifar10,pruning,mlp,protocol-v3,0.6,0,5,3,257,0.0014085830189287663,0.0016383330221287906,743817216,0.4140625
c420aa264acece14,cifar10,pruning,mlp,protocol-v3,0.6,0,5,3,258,0.0014495000359602273,0.0015990419778972864,743817216,0.4140625
c420aa264acece14,cifar10,pruning,mlp,protocol-v3,0.6,0,5,3,259,0.001410166034474969,0.0015855410019867122,743817216,0.453125
c420aa264acece14,cifar10,pruning,mlp,protocol-v3,0.6,0,5,3,260,0.0014798750053159893,0.0016184169799089432,743817216,0.46875
c420aa264acece14,cifar10,pruning,mlp,protocol-v3,0.6,0,5,3,261,0.0014542089775204659,0.0016217909869737923,743817216,0.453125
c420aa264acece14,cifar10,pruning,mlp,protocol-v3,0.6,0,5,3,262,0.0013957920018583536,0.0015935839619487524,743817216,0.375
c420aa264acece14,cifar10,pruning,mlp,protocol-v3,0.6,0,5,3,263,0.0014657920110039413,0.0016158329672180116,743817216,0.40625
c420aa264acece14,cifar10,pruning,mlp,protocol-v3,0.6,0,5,3,264,0.001454707991797477,0.0016027080127969384,743817216,0.4765625
c420aa264acece14,cifar10,pruning,mlp,protocol-v3,0.6,0,5,3,265,0.001391374971717596,0.0016082090442068875,743817216,0.4140625
c420aa264acece14,cifar10,pruning,mlp,protocol-v3,0.6,0,5,3,266,0.0014557079994119704,0.001600499963387847,743817216,0.390625
c420aa264acece14,cifar10,pruning,mlp,protocol-v3,0.6,0,5,3,267,0.0013964999816380441,0.0016209169989451766,743817216,0.5078125
c420aa264acece14,cifar10,pruning,mlp,protocol-v3,0.6,0,5,3,268,0.0014131249627098441,0.0016129169962368906,743817216,0.4296875
c420aa264acece14,cifar10,pruning,mlp,protocol-v3,0.6,0,5,3,269,0.0013979169889353216,0.0015277499915100634,743817216,0.4296875
c420aa264acece14,cifar10,pruning,mlp,protocol-v3,0.6,0,5,3,270,0.001395791012328118,0.0015659159980714321,743817216,0.5078125
c420aa264acece14,cifar10,pruning,mlp,protocol-v3,0.6,0,5,3,271,0.0013956250040791929,0.00152299995534122,743817216,0.375
c420aa264acece14,cifar10,pruning,mlp,protocol-v3,0.6,0,5,3,272,0.0014458750374615192,0.0014921249821782112,743817216,0.4921875
c420aa264acece14,cifar10,pruning,mlp,protocol-v3,0.6,0,5,3,273,0.0014610840007662773,0.0014790419954806566,743817216,0.46875
c420aa264acece14,cifar10,pruning,mlp,protocol-v3,0.6,0,5,3,274,0.0013325420441105962,0.001622250012587756,743817216,0.484375
c420aa264acece14,cifar10,pruning,mlp,protocol-v3,0.6,0,5,3,275,0.0014698340091854334,0.001598707982338965,743817216,0.421875
c420aa264acece14,cifar10,pruning,mlp,protocol-v3,0.6,0,5,3,276,0.0014491249457933009,0.0016005829675123096,743817216,0.4296875
c420aa264acece14,cifar10,pruning,mlp,protocol-v3,0.6,0,5,3,277,0.0013803330366499722,0.0016161249950528145,743817216,0.4453125
c420aa264acece14,cifar10,pruning,mlp,protocol-v3,0.6,0,5,3,278,0.0014620829606428742,0.0015952500398270786,743817216,0.4453125
c420aa264acece14,cifar10,pruning,mlp,protocol-v3,0.6,0,5,3,279,0.001396792009472847,0.0016044999938458204,743817216,0.4140625
c420aa264acece14,cifar10,pruning,mlp,protocol-v3,0.6,0,5,3,280,0.0013920000055804849,0.0015292080352082849,743817216,0.484375
c420aa264acece14,cifar10,pruning,mlp,protocol-v3,0.6,0,5,3,281,0.0014502910198643804,0.0016047499957494438,743817216,0.46875
c420aa264acece14,cifar10,pruning,mlp,protocol-v3,0.6,0,5,3,282,0.001397124957293272,0.0015995409921742976,743817216,0.359375
c420aa264acece14,cifar10,pruning,mlp,protocol-v3,0.6,0,5,3,283,0.0014502499834634364,0.001593708002474159,743817216,0.4453125
c420aa264acece14,cifar10,pruning,mlp,protocol-v3,0.6,0,5,3,284,0.001442125008907169,0.0014867499703541398,743817216,0.390625
c420aa264acece14,cifar10,pruning,mlp,protocol-v3,0.6,0,5,3,285,0.0013976669870316982,0.001590500003658235,743817216,0.390625
c420aa264acece14,cifar10,pruning,mlp,protocol-v3,0.6,0,5,3,286,0.0013973329914733768,0.0016005420475266874,743817216,0.453125
c420aa264acece14,cifar10,pruning,mlp,protocol-v3,0.6,0,5,3,287,0.0013983749668113887,0.0017336669843643904,743817216,0.4140625
c420aa264acece14,cifar10,pruning,mlp,protocol-v3,0.6,0,5,3,288,0.0013838750310242176,0.0015823750291019678,743817216,0.4609375
c420aa264acece14,cifar10,pruning,mlp,protocol-v3,0.6,0,5,3,289,0.0013992500025779009,0.0015364169958047569,743817216,0.390625
c420aa264acece14,cifar10,pruning,mlp,protocol-v3,0.6,0,5,3,290,0.0013937089825049043,0.0015004999586381018,743817216,0.40625
c420aa264acece14,cifar10,pruning,mlp,protocol-v3,0.6,0,5,3,291,0.0013576250057667494,0.0015925000188872218,743817216,0.390625
c420aa264acece14,cifar10,pruning,mlp,protocol-v3,0.6,0,5,3,292,0.0014047499862499535,0.0015920420410111547,743817216,0.3828125
c420aa264acece14,cifar10,pruning,mlp,protocol-v3,0.6,0,5,3,293,0.001342416973784566,0.0016070000128820539,743817216,0.421875
c420aa264acece14,cifar10,pruning,mlp,protocol-v3,0.6,0,5,3,294,0.0014553749933838844,0.0016296670073643327,743817216,0.484375
c420aa264acece14,cifar10,pruning,mlp,protocol-v3,0.6,0,5,3,295,0.0013857079902663827,0.0016120420186780393,743817216,0.4140625
c420aa264acece14,cifar10,pruning,mlp,protocol-v3,0.6,0,5,3,296,0.0014716670266352594,0.0016004579956643283,743817216,0.3828125
c420aa264acece14,cifar10,pruning,mlp,protocol-v3,0.6,0,5,3,297,0.0013972499873489141,0.001599166018422693,743817216,0.4140625
c420aa264acece14,cifar10,pruning,mlp,protocol-v3,0.6,0,5,3,298,0.0015673749730922282,0.0015984170022420585,743817216,0.390625
c420aa264acece14,cifar10,pruning,mlp,protocol-v3,0.6,0,5,3,299,0.0013903339859098196,0.0016068749828264117,743817216,0.4296875
c420aa264acece14,cifar10,pruning,mlp,protocol-v3,0.6,0,5,3,300,0.001448958006221801,0.0015997089794836938,743817216,0.390625
c420aa264acece14,cifar10,pruning,mlp,protocol-v3,0.6,0,5,3,301,0.0014581670402549207,0.0015855839592404664,743817216,0.3515625
c420aa264acece14,cifar10,pruning,mlp,protocol-v3,0.6,0,5,3,302,0.0013563749962486327,0.001583874982316047,743817216,0.4921875
c420aa264acece14,cifar10,pruning,mlp,protocol-v3,0.6,0,5,3,303,0.001449999981559813,0.001582083001267165,743817216,0.4296875
c420aa264acece14,cifar10,pruning,mlp,protocol-v3,0.6,0,5,3,304,0.001367832999676466,0.0016198340454138815,743817216,0.3671875
c420aa264acece14,cifar10,pruning,mlp,protocol-v3,0.6,0,5,3,305,0.0013962080120109022,0.001601416035555303,743817216,0.453125
c420aa264acece14,cifar10,pruning,mlp,protocol-v3,0.6,0,5,3,306,0.0014524590224027634,0.0014944589929655194,743817216,0.421875
c420aa264acece14,cifar10,pruning,mlp,protocol-v3,0.6,0,5,3,307,0.0014689579838886857,0.0015975409769453108,743817216,0.4140625
c420aa264acece14,cifar10,pruning,mlp,protocol-v3,0.6,0,5,3,308,0.0013961669756099582,0.0016007079975679517,743817216,0.4453125
c420aa264acece14,cifar10,pruning,mlp,protocol-v3,0.6,0,5,3,309,0.0013805829803459346,0.001620542025193572,743817216,0.4453125
c420aa264acece14,cifar10,pruning,mlp,protocol-v3,0.6,0,5,3,310,0.0014657499850727618,0.0015996249858289957,743817216,0.4765625
c420aa264acece14,cifar10,pruning,mlp,protocol-v3,0.6,0,5,3,311,0.001454249955713749,0.0017326250090263784,743817216,0.3984375
c420aa264acece14,cifar10,pruning,mlp,protocol-v3,0.6,0,5,3,312,0.001407250005286187,0.0015937090502120554,743817216,0.4609375
c420aa264acece14,cifar10,pruning,mlp,protocol-v3,0.6,0,5,3,313,0.0014586669858545065,0.001613917003851384,743817216,0.5078125
c420aa264acece14,cifar10,pruning,mlp,protocol-v3,0.6,0,5,3,314,0.0014579169801436365,0.0015952499816194177,743817216,0.546875
c420aa264acece14,cifar10,pruning,mlp,protocol-v3,0.6,0,5,3,315,0.0013849590322934091,0.0015836249804124236,743817216,0.421875
c420aa264acece14,cifar10,pruning,mlp,protocol-v3,0.6,0,5,3,316,0.0014478330267593265,0.0014741250197403133,743817216,0.5
c420aa264acece14,cifar10,pruning,mlp,protocol-v3,0.6,0,5,3,317,0.0013843339984305203,0.0015852910000830889,743817216,0.4296875
c420aa264acece14,cifar10,pruning,mlp,protocol-v3,0.6,0,5,3,318,0.0013969999854452908,0.001596124959178269,743817216,0.453125
c420aa264acece14,cifar10,pruning,mlp,protocol-v3,0.6,0,5,3,319,0.0013886659871786833,0.0015209170524030924,743817216,0.453125
c420aa264acece14,cifar10,pruning,mlp,protocol-v3,0.6,0,5,3,320,0.0013954589958302677,0.001613292028196156,743833600,0.40625
c420aa264acece14,cifar10,pruning,mlp,protocol-v3,0.6,0,5,3,321,0.0014048750163055956,0.001608499966096133,743833600,0.375
c420aa264acece14,cifar10,pruning,mlp,protocol-v3,0.6,0,5,3,322,0.001405834045726806,0.001567375031299889,743833600,0.453125
c420aa264acece14,cifar10,pruning,mlp,protocol-v3,0.6,0,5,3,323,0.001392875041346997,0.0014929160242900252,743833600,0.4140625
c420aa264acece14,cifar10,pruning,mlp,protocol-v3,0.6,0,5,3,324,0.0013478340115398169,0.001594125002156943,743833600,0.453125
c420aa264acece14,cifar10,pruning,mlp,protocol-v3,0.6,0,5,3,325,0.0014439160004258156,0.0015967499930411577,743833600,0.515625
c420aa264acece14,cifar10,pruning,mlp,protocol-v3,0.6,0,5,3,326,0.001391374971717596,0.0016217079828493297,743833600,0.421875
c420aa264acece14,cifar10,pruning,mlp,protocol-v3,0.6,0,5,3,327,0.0014030830352567136,0.0014935419894754887,743833600,0.421875
c420aa264acece14,cifar10,pruning,mlp,protocol-v3,0.6,0,5,3,328,0.0014426669804379344,0.0016159579972736537,743833600,0.4296875
c420aa264acece14,cifar10,pruning,mlp,protocol-v3,0.6,0,5,3,329,0.0014508750173263252,0.0014800409553572536,743833600,0.4765625
c420aa264acece14,cifar10,pruning,mlp,protocol-v3,0.6,0,5,3,330,0.0013967090053483844,0.001603459008038044,743833600,0.46875
c420aa264acece14,cifar10,pruning,mlp,protocol-v3,0.6,0,5,3,331,0.0013818329898640513,0.0016090410063043237,743833600,0.515625
c420aa264acece14,cifar10,pruning,mlp,protocol-v3,0.6,0,5,3,332,0.001384875038638711,0.0015431669889949262,743833600,0.390625
c420aa264acece14,cifar10,pruning,mlp,protocol-v3,0.6,0,5,3,333,0.001376583008095622,0.001486959052272141,743833600,0.3515625
c420aa264acece14,cifar10,pruning,mlp,protocol-v3,0.6,0,5,3,334,0.0013453749706968665,0.001618207956198603,743833600,0.421875
c420aa264acece14,cifar10,pruning,mlp,protocol-v3,0.6,0,5,3,335,0.001352666993625462,0.0015917500131763518,743833600,0.46875
c420aa264acece14,cifar10,pruning,mlp,protocol-v3,0.6,0,5,3,336,0.0013868749956600368,0.001588999992236495,743833600,0.40625
c420aa264acece14,cifar10,pruning,mlp,protocol-v3,0.6,0,5,3,337,0.001457582984585315,0.001586083963047713,743833600,0.46875
c420aa264acece14,cifar10,pruning,mlp,protocol-v3,0.6,0,5,3,338,0.0013981250231154263,0.0014933750499039888,743833600,0.515625
c420aa264acece14,cifar10,pruning,mlp,protocol-v3,0.6,0,5,3,339,0.0014461670070886612,0.001603541022632271,743833600,0.3671875
c420aa264acece14,cifar10,pruning,mlp,protocol-v3,0.6,0,5,3,340,0.0013887090026400983,0.0015939580043777823,743833600,0.3984375
c420aa264acece14,cifar10,pruning,mlp,protocol-v3,0.6,0,5,3,341,0.0013861249899491668,0.0015937919961288571,743833600,0.3125
c420aa264acece14,cifar10,pruning,mlp,protocol-v3,0.6,0,5,3,342,0.001407708041369915,0.0015308749862015247,743833600,0.4765625
c420aa264acece14,cifar10,pruning,mlp,protocol-v3,0.6,0,5,3,343,0.001391333993524313,0.0015046659973450005,743833600,0.5390625
c420aa264acece14,cifar10,pruning,mlp,protocol-v3,0.6,0,5,3,344,0.0015091670211404562,0.0015047910274006426,743833600,0.4296875
c420aa264acece14,cifar10,pruning,mlp,protocol-v3,0.6,0,5,3,345,0.0013502920046448708,0.0015957090072333813,743833600,0.46875
c420aa264acece14,cifar10,pruning,mlp,protocol-v3,0.6,0,5,3,346,0.0013492919970303774,0.0015973750269040465,743833600,0.4765625
c420aa264acece14,cifar10,pruning,mlp,protocol-v3,0.6,0,5,3,347,0.00136208301410079,0.0015914580435492098,743833600,0.3828125
c420aa264acece14,cifar10,pruning,mlp,protocol-v3,0.6,0,5,3,348,0.0013514170423150063,0.0016104160458780825,743833600,0.4453125
c420aa264acece14,cifar10,pruning,mlp,protocol-v3,0.6,0,5,3,349,0.001447749964427203,0.0014802499790675938,743833600,0.46875
c420aa264acece14,cifar10,pruning,mlp,protocol-v3,0.6,0,5,3,350,0.0013903750223107636,0.0015927909989841282,743833600,0.4140625
c420aa264acece14,cifar10,pruning,mlp,protocol-v3,0.6,0,5,3,351,0.0014649169752374291,0.0015871250070631504,743833600,0.4375
c420aa264acece14,cifar10,pruning,mlp,protocol-v3,0.6,0,5,3,352,0.0014523330028168857,0.0015907500055618584,743833600,0.4296875
c420aa264acece14,cifar10,pruning,mlp,protocol-v3,0.6,0,5,3,353,0.0013857079902663827,0.0014771249843761325,743833600,0.515625
c420aa264acece14,cifar10,pruning,mlp,protocol-v3,0.6,0,5,3,354,0.0013867910020053387,0.0016004579956643283,743833600,0.3515625
c420aa264acece14,cifar10,pruning,mlp,protocol-v3,0.6,0,5,3,355,0.0013864160282537341,0.0015408750041387975,743833600,0.4375
c420aa264acece14,cifar10,pruning,mlp,protocol-v3,0.6,0,5,3,356,0.001386707997880876,0.0015075000119395554,743833600,0.4140625
c420aa264acece14,cifar10,pruning,mlp,protocol-v3,0.6,0,5,3,357,0.0013860409962944686,0.0015987909864634275,743833600,0.3671875
c420aa264acece14,cifar10,pruning,mlp,protocol-v3,0.6,0,5,3,358,0.0013904169900342822,0.0015913340030238032,743833600,0.484375
c420aa264acece14,cifar10,pruning,mlp,protocol-v3,0.6,0,5,3,359,0.0013938749907538295,0.001598833012394607,743833600,0.484375
c420aa264acece14,cifar10,pruning,mlp,protocol-v3,0.6,0,5,3,360,0.0014617079868912697,0.0015160409966483712,743833600,0.4140625
c420aa264acece14,cifar10,pruning,mlp,protocol-v3,0.6,0,5,3,361,0.0014557079994119704,0.0015936249983496964,743833600,0.421875
c420aa264acece14,cifar10,pruning,mlp,protocol-v3,0.6,0,5,3,362,0.0014538749819621444,0.0016328749479725957,743833600,0.484375
c420aa264acece14,cifar10,pruning,mlp,protocol-v3,0.6,0,5,3,363,0.0014470000169239938,0.0015973750269040465,743833600,0.4375
c420aa264acece14,cifar10,pruning,mlp,protocol-v3,0.6,0,5,3,364,0.0014019579975865781,0.0015942499740049243,743833600,0.421875
c420aa264acece14,cifar10,pruning,mlp,protocol-v3,0.6,0,5,3,365,0.001458041020669043,0.001599834009539336,743833600,0.390625
c420aa264acece14,cifar10,pruning,mlp,protocol-v3,0.6,0,5,3,366,0.0014594579697586596,0.0015851660282351077,743833600,0.4375
c420aa264acece14,cifar10,pruning,mlp,protocol-v3,0.6,0,5,3,367,0.0013976250193081796,0.0015982499462552369,743833600,0.453125
c420aa264acece14,cifar10,pruning,mlp,protocol-v3,0.6,0,5,3,368,0.001437666011042893,0.001588582992553711,743833600,0.4296875
c420aa264acece14,cifar10,pruning,mlp,protocol-v3,0.6,0,5,3,369,0.0013941669603809714,0.0015996249858289957,743833600,0.4375
c420aa264acece14,cifar10,pruning,mlp,protocol-v3,0.6,0,5,3,370,0.0014027919969521463,0.001581332995556295,743833600,0.390625
c420aa264acece14,cifar10,pruning,mlp,protocol-v3,0.6,0,5,3,371,0.0013879169709980488,0.001600957999471575,743833600,0.4453125
c420aa264acece14,cifar10,pruning,mlp,protocol-v3,0.6,0,5,3,372,0.0013952089939266443,0.0014908339944668114,743833600,0.4296875
c420aa264acece14,cifar10,pruning,mlp,protocol-v3,0.6,0,5,3,373,0.001396374951582402,0.0014860840165056288,743833600,0.4921875
c420aa264acece14,cifar10,pruning,mlp,protocol-v3,0.6,0,5,3,374,0.0013875410077162087,0.0015917079872451723,743833600,0.421875
c420aa264acece14,cifar10,pruning,mlp,protocol-v3,0.6,0,5,3,375,0.0013565410044975579,0.0015908339992165565,743833600,0.2890625
c420aa264acece14,cifar10,pruning,mlp,protocol-v3,0.6,0,5,3,376,0.001450750045478344,0.001590666943229735,743833600,0.4375
c420aa264acece14,cifar10,pruning,mlp,protocol-v3,0.6,0,5,3,377,0.0013896250165998936,0.0015985840000212193,743833600,0.46875
c420aa264acece14,cifar10,pruning,mlp,protocol-v3,0.6,0,5,3,378,0.001444874971639365,0.0015972080291248858,743849984,0.4296875
c420aa264acece14,cifar10,pruning,mlp,protocol-v3,0.6,0,5,3,379,0.0013888340326957405,0.001636750006582588,743849984,0.46875
c420aa264acece14,cifar10,pruning,mlp,protocol-v3,0.6,0,5,3,380,0.001449250034056604,0.0016334999818354845,743866368,0.4375
c420aa264acece14,cifar10,pruning,mlp,protocol-v3,0.6,0,5,3,381,0.0014528330066241324,0.001595208013895899,743866368,0.4375
c420aa264acece14,cifar10,pruning,mlp,protocol-v3,0.6,0,5,3,382,0.0013806250062771142,0.0016089589917100966,743866368,0.4296875
c420aa264acece14,cifar10,pruning,mlp,protocol-v3,0.6,0,5,3,383,0.001395000028423965,0.001477832964155823,743866368,0.4609375
c420aa264acece14,cifar10,pruning,mlp,protocol-v3,0.6,0,5,3,384,0.0014029580052010715,0.001503333041910082,743866368,0.4921875
c420aa264acece14,cifar10,pruning,mlp,protocol-v3,0.6,0,5,3,385,0.0013866249937564135,0.0014968339819461107,743866368,0.3046875
c420aa264acece14,cifar10,pruning,mlp,protocol-v3,0.6,0,5,3,386,0.0013658339739777148,0.0015881669824011624,743866368,0.484375
c420aa264acece14,cifar10,pruning,mlp,protocol-v3,0.6,0,5,3,387,0.0013437090092338622,0.0016019169706851244,743866368,0.421875
c420aa264acece14,cifar10,pruning,mlp,protocol-v3,0.6,0,5,3,388,0.001394667022395879,0.00159483402967453,743866368,0.3359375
c420aa264acece14,cifar10,pruning,mlp,protocol-v3,0.6,0,5,3,389,0.0015691660228185356,0.0015815830556675792,743866368,0.3203125
c420aa264acece14,cifar10,pruning,mlp,protocol-v3,0.6,0,5,3,390,0.001189290953334421,0.0012288749567233026,743866368,0.4375
