run_id,dataset,model,architecture,protocol_version,keep_ratio,block_size,seed,epoch,batch,forward_time_s,backward_time_s,memory_bytes,batch_accuracy
76ba8a78acd91bf5,svhn,ssb-v1-block,cnn,protocol-v3,1.0,128,1,1,0,0.08168262499384582,0.07140491699101403,712146944,0.09375
76ba8a78acd91bf5,svhn,ssb-v1-block,cnn,protocol-v3,1.0,128,1,1,1,0.010722625011112541,0.02633191697532311,732299264,0.1171875
76ba8a78acd91bf5,svhn,ssb-v1-block,cnn,protocol-v3,1.0,128,1,1,2,0.006917249993421137,0.0190662500099279,733954048,0.1953125
76ba8a78acd91bf5,svhn,ssb-v1-block,cnn,protocol-v3,1.0,128,1,1,3,0.006361541978549212,0.017319291015155613,735526912,0.1953125
76ba8a78acd91bf5,svhn,ssb-v1-block,cnn,protocol-v3,1.0,128,1,1,4,0.00611379201291129,0.015635915973689407,735526912,0.234375
76ba8a78acd91bf5,svhn,ssb-v1-block,cnn,protocol-v3,1.0,128,1,1,5,0.0057634999975562096,0.016179875005036592,735526912,0.171875
76ba8a78acd91bf5,svhn,ssb-v1-block,cnn,protocol-v3,1.0,128,1,1,6,0.0060588339692913,0.016555249982047826,735526912,0.1875
76ba8a78acd91bf5,svhn,ssb-v1-block,cnn,protocol-v3,1.0,128,1,1,7,0.006057708989828825,0.015534250007476658,735543296,0.1484375
76ba8a78acd91bf5,svhn,ssb-v1-block,cnn,protocol-v3,1.0,128,1,1,8,0.005722583970054984,0.01635170797817409,737116160,0.234375
76ba8a78acd91bf5,svhn,ssb-v1-block,cnn,protocol-v3,1.0,128,1,1,9,0.00573191704461351,0.015524665999691933,737132544,0.140625
76ba8a78acd91bf5,svhn,ssb-v1-block,cnn,protocol-v3,1.0,128,1,1,10,0.00574591604527086,0.01552033395273611,737148928,0.1875
76ba8a78acd91bf5,svhn,ssb-v1-block,cnn,protocol-v3,1.0,128,1,1,11,0.005847291962709278,0.0156296250061132,737148928,0.1875
76ba8a78acd91bf5,svhn,ssb-v1-block,cnn,protocol-v3,1.0,128,1,1,12,0.0058470829972065985,0.01554350001970306,737148928,0.125
76ba8a78acd91bf5,svhn,ssb-v1-block,cnn,protocol-v3,1.0,128,1,1,13,0.005762625019997358,0.01568270899588242,737181696,0.171875
76ba8a78acd91bf5,svhn,ssb-v1-block,cnn,protocol-v3,1.0,128,1,1,14,0.005733541038352996,0.01568441599374637,737181696,0.171875
76ba8a78acd91bf5,svhn,ssb-v1-block,cnn,protocol-v3,1.0,128,1,1,15,0.005724625021684915,0.015521750028710812,738607104,0.171875
76ba8a78acd91bf5,svhn,ssb-v1-block,cnn,protocol-v3,1.0,128,1,1,16,0.005744458001572639,0.01566799997817725,738738176,0.203125
76ba8a78acd91bf5,svhn,ssb-v1-block,cnn,protocol-v3,1.0,128,1,1,17,0.005716082989238203,0.016219832992646843,738738176,0.2109375
76ba8a78acd91bf5,svhn,ssb-v1-block,cnn,protocol-v3,1.0,128,1,1,18,0.005848624976351857,0.015697625000029802,738738176,0.25
76ba8a78acd91bf5,svhn,ssb-v1-block,cnn,protocol-v3,1.0,128,1,1,19,0.005735457991249859,0.01595925004221499,738770944,0.1640625
76ba8a78acd91bf5,svhn,ssb-v1-block,cnn,protocol-v3,1.0,128,1,1,20,0.005721958004869521,0.015650083019863814,738770944,0.2578125
76ba8a78acd91bf5,svhn,ssb-v1-block,cnn,protocol-v3,1.0,128,1,1,21,0.0057490000035613775,0.01561374997254461,738770944,0.1796875
76ba8a78acd91bf5,svhn,ssb-v1-block,cnn,protocol-v3,1.0,128,1,1,22,0.006367499998304993,0.015990541025530547,738770944,0.2109375
76ba8a78acd91bf5,svhn,ssb-v1-block,cnn,protocol-v3,1.0,128,1,1,23,0.005858125048689544,0.015562332991976291,738770944,0.1640625
76ba8a78acd91bf5,svhn,ssb-v1-block,cnn,protocol-v3,1.0,128,1,1,24,0.005723584035877138,0.016410165990237147,738770944,0.171875
76ba8a78acd91bf5,svhn,ssb-v1-block,cnn,protocol-v3,1.0,128,1,1,25,0.005702708964236081,0.0156083750189282,738770944,0.1640625
76ba8a78acd91bf5,svhn,ssb-v1-block,cnn,protocol-v3,1.0,128,1,1,26,0.005733832949772477,0.01562800002284348,738770944,0.15625
76ba8a78acd91bf5,svhn,ssb-v1-block,cnn,protocol-v3,1.0,128,1,1,27,0.005719124979805201,0.0156368330353871,738770944,0.203125
76ba8a78acd91bf5,svhn,ssb-v1-block,cnn,protocol-v3,1.0,128,1,1,28,0.005706083029508591,0.015544500027317554,738770944,0.15625
76ba8a78acd91bf5,svhn,ssb-v1-block,cnn,protocol-v3,1.0,128,1,1,29,0.006086832960136235,0.015964958001859486,738770944,0.21875
76ba8a78acd91bf5,svhn,ssb-v1-block,cnn,protocol-v3,1.0,128,1,1,30,0.005728125048335642,0.015560999978333712,738770944,0.171875
76ba8a78acd91bf5,svhn,ssb-v1-block,cnn,protocol-v3,1.0,128,1,1,31,0.005745791015215218,0.015518334053922445,738770944,0.140625
76ba8a78acd91bf5,svhn,ssb-v1-block,cnn,protocol-v3,1.0,128,1,1,32,0.00574104196857661,0.015700708026997745,738787328,0.2265625
76ba8a78acd91bf5,svhn,ssb-v1-block,cnn,protocol-v3,1.0,128,1,1,33,0.005981583031825721,0.015697250026278198,738787328,0.1953125
76ba8a78acd91bf5,svhn,ssb-v1-block,cnn,protocol-v3,1.0,128,1,1,34,0.005782415973953903,0.01568750001024455,738787328,0.203125
76ba8a78acd91bf5,svhn,ssb-v1-block,cnn,protocol-v3,1.0,128,1,1,35,0.0057004999835044146,0.01553466694895178,738787328,0.2265625
76ba8a78acd91bf5,svhn,ssb-v1-block,cnn,protocol-v3,1.0,128,1,1,36,0.005709792021661997,0.01561825000680983,738803712,0.25
76ba8a78acd91bf5,svhn,ssb-v1-block,cnn,protocol-v3,1.0,128,1,1,37,0.005741457978729159,0.015608083980623633,738820096,0.2421875
76ba8a78acd91bf5,svhn,ssb-v1-block,cnn,protocol-v3,1.0,128,1,1,38,0.006053082994185388,0.01558466604910791,738820096,0.203125
76ba8a78acd91bf5,svhn,ssb-v1-block,cnn,protocol-v3,1.0,128,1,1,39,0.005715707957278937,0.015656790987122804,738820096,0.2109375
76ba8a78acd91bf5,svhn,ssb-v1-block,cnn,protocol-v3,1.0,128,1,1,40,0.005754916986916214,0.015647166990675032,738820096,0.21875
76ba8a78acd91bf5,svhn,ssb-v1-block,cnn,protocol-v3,1.0,128,1,1,41,0.0057315409649163485,0.01560983300441876,738820096,0.1640625
76ba8a78acd91bf5,svhn,ssb-v1-block,cnn,protocol-v3,1.0,128,1,1,42,0.005730625009164214,0.015489708981476724,738820096,0.203125
76ba8a78acd91bf5,svhn,ssb-v1-block,cnn,protocol-v3,1.0,128,1,1,43,0.005692999984603375,0.016076791973318905,738820096,0.21875
76ba8a78acd91bf5,svhn,ssb-v1-block,cnn,protocol-v3,1.0,128,1,1,44,0.0057630829978734255,0.015660000033676624,738836480,0.1953125
76ba8a78acd91bf5,svhn,ssb-v1-block,cnn,protocol-v3,1.0,128,1,1,45,0.005704207986127585,0.015539125015493482,738836480,0.1640625
76ba8a78acd91bf5,svhn,ssb-v1-block,cnn,protocol-v3,1.0,128,1,1,46,0.005730667035095394,0.0155195840052329,738852864,0.1953125
76ba8a78acd91bf5,svhn,ssb-v1-block,cnn,protocol-v3,1.0,128,1,1,47,0.005726083007175475,0.015586416993755847,738852864,0.1953125
76ba8a78acd91bf5,svhn,ssb-v1-block,cnn,protocol-v3,1.0,128,1,1,48,0.005741790984757245,0.015585583983920515,738852864,0.1953125
76ba8a78acd91bf5,svhn,ssb-v1-block,cnn,protocol-v3,1.0,128,1,1,49,0.005718209024053067,0.016434624965768307,738852864,0.1953125
76ba8a78acd91bf5,svhn,ssb-v1-block,cnn,protocol-v3,1.0,128,1,1,50,0.005747125018388033,0.015594875032547861,738852864,0.234375
76ba8a78acd91bf5,svhn,ssb-v1-block,cnn,protocol-v3,1.0,128,1,1,51,0.005733042024075985,0.015518333006184548,738852864,0.2109375
76ba8a78acd91bf5,svhn,ssb-v1-block,cnn,protocol-v3,1.0,128,1,1,52,0.005740041029639542,0.015603042033035308,738852864,0.2421875
76ba8a78acd91bf5,svhn,ssb-v1-block,cnn,protocol-v3,1.0,128,1,1,53,0.0057185409823432565,0.015654791030101478,738852864,0.1796875
76ba8a78acd91bf5,svhn,ssb-v1-block,cnn,protocol-v3,1.0,128,1,1,54,0.005733041034545749,0.015585375018417835,738852864,0.265625
76ba8a78acd91bf5,svhn,ssb-v1-block,cnn,protocol-v3,1.0,128,1,1,55,0.005744749971199781,0.015503666014410555,738852864,0.171875
76ba8a78acd91bf5,svhn,ssb-v1-block,cnn,protocol-v3,1.0,128,1,1,56,0.005711957986932248,0.015586957975756377,738852864,0.1875
76ba8a78acd91bf5,svhn,ssb-v1-block,cnn,protocol-v3,1.0,128,1,1,57,0.005721458001062274,0.015484915988054127,738852864,0.21875
76ba8a78acd91bf5,svhn,ssb-v1-block,cnn,protocol-v3,1.0,128,1,1,58,0.005725166003685445,0.015667958999983966,738852864,0.1640625
76ba8a78acd91bf5,svhn,ssb-v1-block,cnn,protocol-v3,1.0,128,1,1,59,0.0057381250080652535,0.015609625028446317,738852864,0.140625
76ba8a78acd91bf5,svhn,ssb-v1-block,cnn,protocol-v3,1.0,128,1,1,60,0.005729499971494079,0.015557500009890646,738852864,0.1796875
76ba8a78acd91bf5,svhn,ssb-v1-block,cnn,protocol-v3,1.0,128,1,1,61,0.0057453750050626695,0.015515791019424796,738852864,0.1953125
76ba8a78acd91bf5,svhn,ssb-v1-block,cnn,protocol-v3,1.0,128,1,1,62,0.0057084159925580025,0.015596499957609922,738852864,0.3046875
76ba8a78acd91bf5,svhn,ssb-v1-block,cnn,protocol-v3,1.0,128,1,1,63,0.005751584016252309,0.015763250004965812,738852864,0.2109375
76ba8a78acd91bf5,svhn,ssb-v1-block,cnn,protocol-v3,1.0,128,1,1,64,0.0057076659868471324,0.015458792040590197,738852864,0.140625
76ba8a78acd91bf5,svhn,ssb-v1-block,cnn,protocol-v3,1.0,128,1,1,65,0.005732999998144805,0.015610209025908262,738852864,0.1796875
76ba8a78acd91bf5,svhn,ssb-v1-block,cnn,protocol-v3,1.0,128,1,1,66,0.005716999992728233,0.015489000012166798,738852864,0.171875
76ba8a78acd91bf5,svhn,ssb-v1-block,cnn,protocol-v3,1.0,128,1,1,67,0.005775875004474074,0.01557283301372081,738852864,0.1796875
76ba8a78acd91bf5,svhn,ssb-v1-block,cnn,protocol-v3,1.0,128,1,1,68,0.005752375000156462,0.015581666026264429,738852864,0.2265625
76ba8a78acd91bf5,svhn,ssb-v1-block,cnn,protocol-v3,1.0,128,1,1,69,0.005722708010580391,0.015580667008180171,738852864,0.2265625
76ba8a78acd91bf5,svhn,ssb-v1-block,cnn,protocol-v3,1.0,128,1,1,70,0.005858791002538055,0.015540958964265883,738852864,0.21875
76ba8a78acd91bf5,svhn,ssb-v1-block,cnn,protocol-v3,1.0,128,1,1,71,0.005729457945562899,0.01549208298092708,738852864,0.1640625
76ba8a78acd91bf5,svhn,ssb-v1-block,cnn,protocol-v3,1.0,128,1,1,72,0.0057023330009542406,0.015676125010941178,738852864,0.2265625
76ba8a78acd91bf5,svhn,ssb-v1-block,cnn,protocol-v3,1.0,128,1,1,73,0.005729958997108042,0.015573250013403594,738852864,0.2265625
76ba8a78acd91bf5,svhn,ssb-v1-block,cnn,protocol-v3,1.0,128,1,1,74,0.00582008296623826,0.015615916985552758,738852864,0.140625
76ba8a78acd91bf5,svhn,ssb-v1-block,cnn,protocol-v3,1.0,128,1,1,75,0.005808749992866069,0.015652000030968338,738869248,0.1171875
76ba8a78acd91bf5,svhn,ssb-v1-block,cnn,protocol-v3,1.0,128,1,1,76,0.0057152920053340495,0.01557975000469014,738869248,0.1953125
76ba8a78acd91bf5,svhn,ssb-v1-block,cnn,protocol-v3,1.0,128,1,1,77,0.005705582967493683,0.015596458979416639,738869248,0.2265625
76ba8a78acd91bf5,svhn,ssb-v1-block,cnn,protocol-v3,1.0,128,1,1,78,0.0057160420110449195,0.015479124966077507,738869248,0.21875
76ba8a78acd91bf5,svhn,ssb-v1-block,cnn,protocol-v3,1.0,128,1,1,79,0.005728083022404462,0.015572874981444329,738869248,0.1328125
76ba8a78acd91bf5,svhn,ssb-v1-block,cnn,protocol-v3,1.0,128,1,1,80,0.0057138329721055925,0.015475458989385515,738869248,0.203125
76ba8a78acd91bf5,svhn,ssb-v1-block,cnn,protocol-v3,1.0,128,1,1,81,0.005737832980230451,0.015718291979283094,738869248,0.3203125
76ba8a78acd91bf5,svhn,ssb-v1-block,cnn,protocol-v3,1.0,128,1,1,82,0.005731084034778178,0.015585375018417835,738869248,0.1640625
76ba8a78acd91bf5,svhn,ssb-v1-block,cnn,protocol-v3,1.0,128,1,1,83,0.00573391595389694,0.015561499982140958,738869248,0.140625
76ba8a78acd91bf5,svhn,ssb-v1-block,cnn,protocol-v3,1.0,128,1,1,84,0.005729832977522165,0.015634084003977478,738885632,0.25
76ba8a78acd91bf5,svhn,ssb-v1-block,cnn,protocol-v3,1.0,128,1,1,85,0.005738291016314179,0.01553116599097848,738885632,0.2421875
76ba8a78acd91bf5,svhn,ssb-v1-block,cnn,protocol-v3,1.0,128,1,1,86,0.0057287500239908695,0.015610417001880705,738885632,0.15625
76ba8a78acd91bf5,svhn,ssb-v1-block,cnn,protocol-v3,1.0,128,1,1,87,0.005718416010495275,0.01551020797342062,738885632,0.234375
76ba8a78acd91bf5,svhn,ssb-v1-block,cnn,protocol-v3,1.0,128,1,1,88,0.005735124985221773,0.015578624967020005,738885632,0.3046875
76ba8a78acd91bf5,svhn,ssb-v1-block,cnn,protocol-v3,1.0,128,1,1,89,0.005680041038431227,0.015532374964095652,738885632,0.21875
76ba8a78acd91bf5,svhn,ssb-v1-block,cnn,protocol-v3,1.0,128,1,1,90,0.0057189579820260406,0.015595791977830231,738885632,0.1953125
76ba8a78acd91bf5,svhn,ssb-v1-block,cnn,protocol-v3,1.0,128,1,1,91,0.00574066600529477,0.015479041961953044,738885632,0.25
76ba8a78acd91bf5,svhn,ssb-v1-block,cnn,protocol-v3,1.0,128,1,1,92,0.005712584010325372,0.015604124986566603,738885632,0.2734375
76ba8a78acd91bf5,svhn,ssb-v1-block,cnn,protocol-v3,1.0,128,1,1,93,0.005732749996241182,0.015555916994344443,738902016,0.2734375
76ba8a78acd91bf5,svhn,ssb-v1-block,cnn,protocol-v3,1.0,128,1,1,94,0.005716332991141826,0.015660208999179304,738902016,0.2578125
76ba8a78acd91bf5,svhn,ssb-v1-block,cnn,protocol-v3,1.0,128,1,1,95,0.005732791963964701,0.015505791991017759,738951168,0.203125
76ba8a78acd91bf5,svhn,ssb-v1-block,cnn,protocol-v3,1.0,128,1,1,96,0.005719208973459899,0.01557887502713129,738951168,0.296875
76ba8a78acd91bf5,svhn,ssb-v1-block,cnn,protocol-v3,1.0,128,1,1,97,0.0057130829663947225,0.015556250000372529,738951168,0.34375
76ba8a78acd91bf5,svhn,ssb-v1-block,cnn,protocol-v3,1.0,128,1,1,98,0.005736083956435323,0.015583583037368953,738951168,0.2734375
76ba8a78acd91bf5,svhn,ssb-v1-block,cnn,protocol-v3,1.0,128,1,1,99,0.005711125035304576,0.015613249968737364,738967552,0.265625
76ba8a78acd91bf5,svhn,ssb-v1-block,cnn,protocol-v3,1.0,128,1,1,100,0.005714833969250321,0.015608875022735447,738967552,0.28125
76ba8a78acd91bf5,svhn,ssb-v1-block,cnn,protocol-v3,1.0,128,1,1,101,0.0057157500414177775,0.015601999999489635,738967552,0.3203125
76ba8a78acd91bf5,svhn,ssb-v1-block,cnn,protocol-v3,1.0,128,1,1,102,0.005712915968615562,0.015591625007800758,738967552,0.2890625
76ba8a78acd91bf5,svhn,ssb-v1-block,cnn,protocol-v3,1.0,128,1,1,103,0.0057265000068582594,0.01557658304227516,738967552,0.3203125
76ba8a78acd91bf5,svhn,ssb-v1-block,cnn,protocol-v3,1.0,128,1,1,104,0.006047167000360787,0.016492041992023587,738983936,0.3203125
76ba8a78acd91bf5,svhn,ssb-v1-block,cnn,protocol-v3,1.0,128,1,1,105,0.005730957956984639,0.01559562498005107,738983936,0.265625
76ba8a78acd91bf5,svhn,ssb-v1-block,cnn,protocol-v3,1.0,128,1,1,106,0.005686790973413736,0.015433125023264438,738983936,0.296875
76ba8a78acd91bf5,svhn,ssb-v1-block,cnn,protocol-v3,1.0,128,1,1,107,0.0057381250080652535,0.015589124988764524,738983936,0.328125
76ba8a78acd91bf5,svhn,ssb-v1-block,cnn,protocol-v3,1.0,128,1,1,108,0.005716916988603771,0.015501959016546607,739000320,0.3203125
76ba8a78acd91bf5,svhn,ssb-v1-block,cnn,protocol-v3,1.0,128,1,1,109,0.005740083986893296,0.015711292042396963,739000320,0.3828125
76ba8a78acd91bf5,svhn,ssb-v1-block,cnn,protocol-v3,1.0,128,1,1,110,0.005712041980586946,0.015563459019176662,739000320,0.2734375
76ba8a78acd91bf5,svhn,ssb-v1-block,cnn,protocol-v3,1.0,128,1,1,111,0.00572125002508983,0.015478292014449835,739000320,0.40625
76ba8a78acd91bf5,svhn,ssb-v1-block,cnn,protocol-v3,1.0,128,1,1,112,0.005719541979487985,0.015595417004078627,739000320,0.2890625
76ba8a78acd91bf5,svhn,ssb-v1-block,cnn,protocol-v3,1.0,128,1,1,113,0.005931625026278198,0.01578345795860514,739000320,0.265625
76ba8a78acd91bf5,svhn,ssb-v1-block,cnn,protocol-v3,1.0,128,1,1,114,0.005842832964845002,0.01632979098940268,739000320,0.5
76ba8a78acd91bf5,svhn,ssb-v1-block,cnn,protocol-v3,1.0,128,1,1,115,0.0058923750184476376,0.01598366699181497,739000320,0.375
76ba8a78acd91bf5,svhn,ssb-v1-block,cnn,protocol-v3,1.0,128,1,1,116,0.005828291992656887,0.015737249981611967,739000320,0.3515625
76ba8a78acd91bf5,svhn,ssb-v1-block,cnn,protocol-v3,1.0,128,1,1,117,0.005762791959568858,0.015640457975678146,739016704,0.4296875
76ba8a78acd91bf5,svhn,ssb-v1-block,cnn,protocol-v3,1.0,128,1,1,118,0.005781665968243033,0.015521334018558264,739016704,0.4609375
76ba8a78acd91bf5,svhn,ssb-v1-block,cnn,protocol-v3,1.0,128,1,1,119,0.005751875054556876,0.015602583007421345,739016704,0.40625
76ba8a78acd91bf5,svhn,ssb-v1-block,cnn,protocol-v3,1.0,128,1,1,120,0.005733333004172891,0.015610666945576668,739016704,0.46875
76ba8a78acd91bf5,svhn,ssb-v1-block,cnn,protocol-v3,1.0,128,1,1,121,0.005746375012677163,0.015608416986651719,739016704,0.4140625
76ba8a78acd91bf5,svhn,ssb-v1-block,cnn,protocol-v3,1.0,128,1,1,122,0.005723209003917873,0.015602041967213154,739016704,0.3203125
76ba8a78acd91bf5,svhn,ssb-v1-block,cnn,protocol-v3,1.0,128,1,1,123,0.00576216698391363,0.016113124962430447,739033088,0.4375
76ba8a78acd91bf5,svhn,ssb-v1-block,cnn,protocol-v3,1.0,128,1,1,124,0.005753917037509382,0.015594333002809435,739033088,0.4921875
76ba8a78acd91bf5,svhn,ssb-v1-block,cnn,protocol-v3,1.0,128,1,1,125,0.005720957997255027,0.016819250013213605,739033088,0.4921875
76ba8a78acd91bf5,svhn,ssb-v1-block,cnn,protocol-v3,1.0,128,1,1,126,0.005678499990608543,0.015483791998121887,739033088,0.4765625
76ba8a78acd91bf5,svhn,ssb-v1-block,cnn,protocol-v3,1.0,128,1,1,127,0.005784292006865144,0.01539304101606831,739033088,0.5
76ba8a78acd91bf5,svhn,ssb-v1-block,cnn,protocol-v3,1.0,128,1,1,128,0.005726042028982192,0.015600624959915876,739033088,0.5078125
76ba8a78acd91bf5,svhn,ssb-v1-block,cnn,protocol-v3,1.0,128,1,1,129,0.005728207994252443,0.015613833034876734,739033088,0.453125
76ba8a78acd91bf5,svhn,ssb-v1-block,cnn,protocol-v3,1.0,128,1,1,130,0.006068040966056287,0.016172542003914714,739033088,0.5703125
76ba8a78acd91bf5,svhn,ssb-v1-block,cnn,protocol-v3,1.0,128,1,1,131,0.0057272499543614686,0.01562275004107505,739033088,0.484375
76ba8a78acd91bf5,svhn,ssb-v1-block,cnn,protocol-v3,1.0,128,1,1,132,0.005738624953664839,0.015501625020988286,739049472,0.5546875
76ba8a78acd91bf5,svhn,ssb-v1-block,cnn,protocol-v3,1.0,128,1,1,133,0.005740083986893296,0.015591625007800758,739049472,0.46875
76ba8a78acd91bf5,svhn,ssb-v1-block,cnn,protocol-v3,1.0,128,1,1,134,0.0057177909766323864,0.015675125003326684,739049472,0.59375
76ba8a78acd91bf5,svhn,ssb-v1-block,cnn,protocol-v3,1.0,128,1,1,135,0.005725375027395785,0.01678037497913465,739065856,0.53125
76ba8a78acd91bf5,svhn,ssb-v1-block,cnn,protocol-v3,1.0,128,1,1,136,0.005720124987419695,0.015583625005092472,739065856,0.4765625
76ba8a78acd91bf5,svhn,ssb-v1-block,cnn,protocol-v3,1.0,128,1,1,137,0.005720624991226941,0.015467541990801692,739082240,0.53125
76ba8a78acd91bf5,svhn,ssb-v1-block,cnn,protocol-v3,1.0,128,1,1,138,0.005735540995374322,0.015567167021799833,739082240,0.5625
76ba8a78acd91bf5,svhn,ssb-v1-block,cnn,protocol-v3,1.0,128,1,1,139,0.005777207959908992,0.015616459015291184,739082240,0.6171875
76ba8a78acd91bf5,svhn,ssb-v1-block,cnn,protocol-v3,1.0,128,1,1,140,0.005683917028363794,0.016081749985460192,739098624,0.578125
76ba8a78acd91bf5,svhn,ssb-v1-block,cnn,protocol-v3,1.0,128,1,1,141,0.005719457985833287,0.01552258396986872,739098624,0.640625
76ba8a78acd91bf5,svhn,ssb-v1-block,cnn,protocol-v3,1.0,128,1,1,142,0.005693415994755924,0.015387707971967757,739115008,0.53125
76ba8a78acd91bf5,svhn,ssb-v1-block,cnn,protocol-v3,1.0,128,1,1,143,0.0057315839803777635,0.015575041994452477,739115008,0.6328125
76ba8a78acd91bf5,svhn,ssb-v1-block,cnn,protocol-v3,1.0,128,1,1,144,0.005712957994546741,0.015598082973156124,739115008,0.5703125
76ba8a78acd91bf5,svhn,ssb-v1-block,cnn,protocol-v3,1.0,128,1,1,145,0.0057308749528601766,0.015587500005494803,739115008,0.65625
76ba8a78acd91bf5,svhn,ssb-v1-block,cnn,protocol-v3,1.0,128,1,1,146,0.005735125043429434,0.015558290993794799,739115008,0.546875
76ba8a78acd91bf5,svhn,ssb-v1-block,cnn,protocol-v3,1.0,128,1,1,147,0.005737999978009611,0.015608082991093397,739115008,0.5859375
76ba8a78acd91bf5,svhn,ssb-v1-block,cnn,protocol-v3,1.0,128,1,1,148,0.005735584010835737,0.015579041966702789,739115008,0.6015625
76ba8a78acd91bf5,svhn,ssb-v1-block,cnn,protocol-v3,1.0,128,1,1,149,0.0057475829962641,0.015710333012975752,739131392,0.6171875
76ba8a78acd91bf5,svhn,ssb-v1-block,cnn,protocol-v3,1.0,128,1,1,150,0.005728833028115332,0.015476333966944367,739131392,0.53125
76ba8a78acd91bf5,svhn,ssb-v1-block,cnn,protocol-v3,1.0,128,1,1,151,0.005739042011555284,0.01560983300441876,739131392,0.671875
76ba8a78acd91bf5,svhn,ssb-v1-block,cnn,protocol-v3,1.0,128,1,1,152,0.0057295000297017395,0.015467750024981797,739147776,0.6015625
76ba8a78acd91bf5,svhn,ssb-v1-block,cnn,protocol-v3,1.0,128,1,1,153,0.0057326669921167195,0.015601833001710474,739147776,0.5625
76ba8a78acd91bf5,svhn,ssb-v1-block,cnn,protocol-v3,1.0,128,1,1,154,0.005736750026699156,0.015593083982821554,739164160,0.5625
76ba8a78acd91bf5,svhn,ssb-v1-block,cnn,protocol-v3,1.0,128,1,1,155,0.0057257909793406725,0.015576166973914951,739164160,0.6640625
76ba8a78acd91bf5,svhn,ssb-v1-block,cnn,protocol-v3,1.0,128,1,1,156,0.005773832963313907,0.015586124965921044,739164160,0.515625
76ba8a78acd91bf5,svhn,ssb-v1-block,cnn,protocol-v3,1.0,128,1,1,157,0.005710791971068829,0.015608291025273502,739164160,0.6015625
76ba8a78acd91bf5,svhn,ssb-v1-block,cnn,protocol-v3,1.0,128,1,1,158,0.005716166982892901,0.015592916985042393,739115008,0.6328125
76ba8a78acd91bf5,svhn,ssb-v1-block,cnn,protocol-v3,1.0,128,1,1,159,0.005704041046556085,0.015574415971059352,739115008,0.65625
76ba8a78acd91bf5,svhn,ssb-v1-block,cnn,protocol-v3,1.0,128,1,1,160,0.005707166041247547,0.01564612495712936,739147776,0.6953125
76ba8a78acd91bf5,svhn,ssb-v1-block,cnn,protocol-v3,1.0,128,1,1,161,0.005725833005271852,0.015667125000618398,739147776,0.6171875
76ba8a78acd91bf5,svhn,ssb-v1-block,cnn,protocol-v3,1.0,128,1,1,162,0.0057580420398153365,0.015499499975703657,739147776,0.609375
76ba8a78acd91bf5,svhn,ssb-v1-block,cnn,protocol-v3,1.0,128,1,1,163,0.0057124170125462115,0.01557379198493436,739164160,0.703125
76ba8a78acd91bf5,svhn,ssb-v1-block,cnn,protocol-v3,1.0,128,1,1,164,0.005726708041038364,0.015510291967075318,739164160,0.6640625
76ba8a78acd91bf5,svhn,ssb-v1-block,cnn,protocol-v3,1.0,128,1,1,165,0.005741166998632252,0.015599875012412667,739164160,0.6171875
76ba8a78acd91bf5,svhn,ssb-v1-block,cnn,protocol-v3,1.0,128,1,1,166,0.0057352500152774155,0.01567104202695191,739164160,0.6328125
76ba8a78acd91bf5,svhn,ssb-v1-block,cnn,protocol-v3,1.0,128,1,1,167,0.006093667005188763,0.01564120897091925,739164160,0.640625
76ba8a78acd91bf5,svhn,ssb-v1-block,cnn,protocol-v3,1.0,128,1,1,168,0.005726333009079099,0.01546799996867776,739180544,0.6171875
76ba8a78acd91bf5,svhn,ssb-v1-block,cnn,protocol-v3,1.0,128,1,1,169,0.005751749966293573,0.015558917017187923,739180544,0.6640625
76ba8a78acd91bf5,svhn,ssb-v1-block,cnn,protocol-v3,1.0,128,1,1,170,0.005724916991312057,0.015882167033851147,739180544,0.65625
76ba8a78acd91bf5,svhn,ssb-v1-block,cnn,protocol-v3,1.0,128,1,1,171,0.005690791003871709,0.01550291699822992,739196928,0.6484375
76ba8a78acd91bf5,svhn,ssb-v1-block,cnn,protocol-v3,1.0,128,1,1,172,0.0057276670122519135,0.015615792013704777,739196928,0.6796875
76ba8a78acd91bf5,svhn,ssb-v1-block,cnn,protocol-v3,1.0,128,1,1,173,0.005706083960831165,0.015591458999551833,739196928,0.65625
76ba8a78acd91bf5,svhn,ssb-v1-block,cnn,protocol-v3,1.0,128,1,1,174,0.0057402499951422215,0.015576291014440358,739196928,0.65625
76ba8a78acd91bf5,svhn,ssb-v1-block,cnn,protocol-v3,1.0,128,1,1,175,0.005716125015169382,0.015523333044257015,739196928,0.671875
76ba8a78acd91bf5,svhn,ssb-v1-block,cnn,protocol-v3,1.0,128,1,1,176,0.00574924994725734,0.015601584047544748,739196928,0.6640625
76ba8a78acd91bf5,svhn,ssb-v1-block,cnn,protocol-v3,1.0,128,1,1,177,0.005723167036194354,0.01547079102601856,739196928,0.6484375
76ba8a78acd91bf5,svhn,ssb-v1-block,cnn,protocol-v3,1.0,128,1,1,178,0.005722041998524219,0.015592832991387695,739196928,0.5625
76ba8a78acd91bf5,svhn,ssb-v1-block,cnn,protocol-v3,1.0,128,1,1,179,0.0057120409910567105,0.015484958013985306,739196928,0.6640625
76ba8a78acd91bf5,svhn,ssb-v1-block,cnn,protocol-v3,1.0,128,1,1,180,0.0057243339833803475,0.015600708022248,739196928,0.703125
76ba8a78acd91bf5,svhn,ssb-v1-block,cnn,protocol-v3,1.0,128,1,1,181,0.005732583056669682,0.015616541029885411,739196928,0.6328125
76ba8a78acd91bf5,svhn,ssb-v1-block,cnn,protocol-v3,1.0,128,1,1,182,0.005741792032495141,0.015480834001209587,739213312,0.640625
76ba8a78acd91bf5,svhn,ssb-v1-block,cnn,protocol-v3,1.0,128,1,1,183,0.005722499976400286,0.01561079197563231,739213312,0.6484375
76ba8a78acd91bf5,svhn,ssb-v1-block,cnn,protocol-v3,1.0,128,1,1,184,0.005745833041146398,0.015501582995057106,739229696,0.7109375
76ba8a78acd91bf5,svhn,ssb-v1-block,cnn,protocol-v3,1.0,128,1,1,185,0.005753125005867332,0.01561449997825548,739229696,0.6953125
76ba8a78acd91bf5,svhn,ssb-v1-block,cnn,protocol-v3,1.0,128,1,1,186,0.005744708993006498,0.015518374973908067,739229696,0.7265625
76ba8a78acd91bf5,svhn,ssb-v1-block,cnn,protocol-v3,1.0,128,1,1,187,0.005715916980989277,0.015577208017930388,739229696,0.609375
76ba8a78acd91bf5,svhn,ssb-v1-block,cnn,protocol-v3,1.0,128,1,1,188,0.005711167003028095,0.015517040970735252,739229696,0.7109375
76ba8a78acd91bf5,svhn,ssb-v1-block,cnn,protocol-v3,1.0,128,1,1,189,0.005796624987851828,0.015655499999411404,739229696,0.7109375
76ba8a78acd91bf5,svhn,ssb-v1-block,cnn,protocol-v3,1.0,128,1,1,190,0.005751791992224753,0.015525499999057502,739229696,0.6484375
76ba8a78acd91bf5,svhn,ssb-v1-block,cnn,protocol-v3,1.0,128,1,1,191,0.00572495796950534,0.015573083015624434,739229696,0.7578125
76ba8a78acd91bf5,svhn,ssb-v1-block,cnn,protocol-v3,1.0,128,1,1,192,0.005743625049944967,0.015611250011716038,739229696,0.75
76ba8a78acd91bf5,svhn,ssb-v1-block,cnn,protocol-v3,1.0,128,1,1,193,0.00572270795237273,0.015504290990065783,739246080,0.671875
76ba8a78acd91bf5,svhn,ssb-v1-block,cnn,protocol-v3,1.0,128,1,1,194,0.005726250004954636,0.015605291991960257,739246080,0.765625
76ba8a78acd91bf5,svhn,ssb-v1-block,cnn,protocol-v3,1.0,128,1,1,195,0.005721749970689416,0.015550707990769297,739246080,0.65625
76ba8a78acd91bf5,svhn,ssb-v1-block,cnn,protocol-v3,1.0,128,1,1,196,0.005746166978497058,0.015590000024531037,739246080,0.734375
76ba8a78acd91bf5,svhn,ssb-v1-block,cnn,protocol-v3,1.0,128,1,1,197,0.005739125015679747,0.015654125018045306,739246080,0.671875
76ba8a78acd91bf5,svhn,ssb-v1-block,cnn,protocol-v3,1.0,128,1,1,198,0.00572666700463742,0.015586875029839575,739246080,0.6484375
76ba8a78acd91bf5,svhn,ssb-v1-block,cnn,protocol-v3,1.0,128,1,1,199,0.0057391669834032655,0.01568541704909876,739262464,0.7734375
76ba8a78acd91bf5,svhn,ssb-v1-block,cnn,protocol-v3,1.0,128,1,1,200,0.0057294589933007956,0.015590875002089888,739278848,0.703125
76ba8a78acd91bf5,svhn,ssb-v1-block,cnn,protocol-v3,1.0,128,1,1,201,0.005741874978411943,0.015490000019781291,739278848,0.7421875
76ba8a78acd91bf5,svhn,ssb-v1-block,cnn,protocol-v3,1.0,128,1,1,202,0.005710584053304046,0.015606999979354441,739278848,0.71875
76ba8a78acd91bf5,svhn,ssb-v1-block,cnn,protocol-v3,1.0,128,1,1,203,0.005717833002563566,0.01559341698884964,739311616,0.7890625
76ba8a78acd91bf5,svhn,ssb-v1-block,cnn,protocol-v3,1.0,128,1,1,204,0.005755541962571442,0.016693292011041194,739311616,0.6953125
76ba8a78acd91bf5,svhn,ssb-v1-block,cnn,protocol-v3,1.0,128,1,1,205,0.005723542009945959,0.015625457977876067,739344384,0.6796875
76ba8a78acd91bf5,svhn,ssb-v1-block,cnn,protocol-v3,1.0,128,1,1,206,0.005710125027690083,0.015507916978094727,739344384,0.8046875
76ba8a78acd91bf5,svhn,ssb-v1-block,cnn,protocol-v3,1.0,128,1,1,207,0.005713791993912309,0.015562166983727366,739344384,0.7421875
76ba8a78acd91bf5,svhn,ssb-v1-block,cnn,protocol-v3,1.0,128,1,1,208,0.005764166999142617,0.01543470798060298,739344384,0.796875
76ba8a78acd91bf5,svhn,ssb-v1-block,cnn,protocol-v3,1.0,128,1,1,209,0.005735916958656162,0.015523749985732138,739344384,0.765625
76ba8a78acd91bf5,svhn,ssb-v1-block,cnn,protocol-v3,1.0,128,1,1,210,0.00573433400131762,0.01558200002182275,739360768,0.6875
76ba8a78acd91bf5,svhn,ssb-v1-block,cnn,protocol-v3,1.0,128,1,1,211,0.005843584018293768,0.01562258304329589,739377152,0.765625
76ba8a78acd91bf5,svhn,ssb-v1-block,cnn,protocol-v3,1.0,128,1,1,212,0.005727750016376376,0.015613291994668543,739377152,0.7265625
76ba8a78acd91bf5,svhn,ssb-v1-block,cnn,protocol-v3,1.0,128,1,1,213,0.005724374961573631,0.015586624969728291,739377152,0.8203125
76ba8a78acd91bf5,svhn,ssb-v1-block,cnn,protocol-v3,1.0,128,1,1,214,0.0057272909907624125,0.015474082960281521,739377152,0.8125
76ba8a78acd91bf5,svhn,ssb-v1-block,cnn,protocol-v3,1.0,128,1,1,215,0.005730667035095394,0.015612416027579457,739377152,0.7265625
76ba8a78acd91bf5,svhn,ssb-v1-block,cnn,protocol-v3,1.0,128,1,1,216,0.005731375014875084,0.015573290991596878,739377152,0.6640625
76ba8a78acd91bf5,svhn,ssb-v1-block,cnn,protocol-v3,1.0,128,1,1,217,0.005732958030421287,0.015569999988656491,739377152,0.734375
76ba8a78acd91bf5,svhn,ssb-v1-block,cnn,protocol-v3,1.0,128,1,1,218,0.0057497090310789645,0.01693270803662017,739377152,0.828125
76ba8a78acd91bf5,svhn,ssb-v1-block,cnn,protocol-v3,1.0,128,1,1,219,0.005717916996218264,0.015557291975710541,739377152,0.7421875
76ba8a78acd91bf5,svhn,ssb-v1-block,cnn,protocol-v3,1.0,128,1,1,220,0.005745625006966293,0.015610541042406112,739377152,0.7890625
76ba8a78acd91bf5,svhn,ssb-v1-block,cnn,protocol-v3,1.0,128,1,1,221,0.005728249961975962,0.01590712502365932,739377152,0.734375
76ba8a78acd91bf5,svhn,ssb-v1-block,cnn,protocol-v3,1.0,128,1,1,222,0.005739749991334975,0.016348457953426987,739377152,0.734375
76ba8a78acd91bf5,svhn,ssb-v1-block,cnn,protocol-v3,1.0,128,1,1,223,0.0057315409649163485,0.015973582980223,739393536,0.7734375
76ba8a78acd91bf5,svhn,ssb-v1-block,cnn,protocol-v3,1.0,128,1,1,224,0.005748207971919328,0.015593792020808905,739409920,0.7421875
76ba8a78acd91bf5,svhn,ssb-v1-block,cnn,protocol-v3,1.0,128,1,1,225,0.005727375042624772,0.01556150004034862,739409920,0.7890625
76ba8a78acd91bf5,svhn,ssb-v1-block,cnn,protocol-v3,1.0,128,1,1,226,0.0057323750224895775,0.015568749979138374,739409920,0.7421875
76ba8a78acd91bf5,svhn,ssb-v1-block,cnn,protocol-v3,1.0,128,1,1,227,0.005720792047213763,0.015595082950312644,739409920,0.7265625
76ba8a78acd91bf5,svhn,ssb-v1-block,cnn,protocol-v3,1.0,128,1,1,228,0.005731499986723065,0.01629587501520291,739409920,0.7421875
76ba8a78acd91bf5,svhn,ssb-v1-block,cnn,protocol-v3,1.0,128,1,1,229,0.0057272909907624125,0.015470500045921654,739409920,0.796875
76ba8a78acd91bf5,svhn,ssb-v1-block,cnn,protocol-v3,1.0,128,1,1,230,0.005723208014387637,0.015575041994452477,739409920,0.796875
76ba8a78acd91bf5,svhn,ssb-v1-block,cnn,protocol-v3,1.0,128,1,1,231,0.005718709027860314,0.015483499970287085,739409920,0.796875
76ba8a78acd91bf5,svhn,ssb-v1-block,cnn,protocol-v3,1.0,128,1,1,232,0.00569583399919793,0.015629125002305955,739409920,0.765625
76ba8a78acd91bf5,svhn,ssb-v1-block,cnn,protocol-v3,1.0,128,1,1,233,0.0057170839863829315,0.015583458996843547,739409920,0.7421875
76ba8a78acd91bf5,svhn,ssb-v1-block,cnn,protocol-v3,1.0,128,1,1,234,0.0057366249966435134,0.015557458973489702,739409920,0.7734375
76ba8a78acd91bf5,svhn,ssb-v1-block,cnn,protocol-v3,1.0,128,1,1,235,0.005722749978303909,0.015461625007446855,739409920,0.75
76ba8a78acd91bf5,svhn,ssb-v1-block,cnn,protocol-v3,1.0,128,1,1,236,0.00573025003541261,0.015566541987936944,739409920,0.8125
76ba8a78acd91bf5,svhn,ssb-v1-block,cnn,protocol-v3,1.0,128,1,1,237,0.005739042011555284,0.015585667046252638,739426304,0.7890625
76ba8a78acd91bf5,svhn,ssb-v1-block,cnn,protocol-v3,1.0,128,1,1,238,0.005707125004846603,0.015547165996395051,739442688,0.765625
76ba8a78acd91bf5,svhn,ssb-v1-block,cnn,protocol-v3,1.0,128,1,1,239,0.005712832964491099,0.015609084046445787,739442688,0.8359375
76ba8a78acd91bf5,svhn,ssb-v1-block,cnn,protocol-v3,1.0,128,1,1,240,0.005707083968445659,0.015547666000202298,739442688,0.7734375
76ba8a78acd91bf5,svhn,ssb-v1-block,cnn,protocol-v3,1.0,128,1,1,241,0.005730249977204949,0.015557791979517788,739442688,0.8125
76ba8a78acd91bf5,svhn,ssb-v1-block,cnn,protocol-v3,1.0,128,1,1,242,0.005722458008676767,0.015517207968514413,739442688,0.734375
76ba8a78acd91bf5,svhn,ssb-v1-block,cnn,protocol-v3,1.0,128,1,1,243,0.005720250017475337,0.015578709018882364,739442688,0.8046875
76ba8a78acd91bf5,svhn,ssb-v1-block,cnn,protocol-v3,1.0,128,1,1,244,0.005703957984223962,0.015438083035405725,739442688,0.765625
76ba8a78acd91bf5,svhn,ssb-v1-block,cnn,protocol-v3,1.0,128,1,1,245,0.0057438749936409295,0.015476999979000539,739442688,0.75
76ba8a78acd91bf5,svhn,ssb-v1-block,cnn,protocol-v3,1.0,128,1,1,246,0.005733457976020873,0.015457041969057173,739442688,0.8203125
76ba8a78acd91bf5,svhn,ssb-v1-block,cnn,protocol-v3,1.0,128,1,1,247,0.005743500019889325,0.015503166010603309,739442688,0.6953125
76ba8a78acd91bf5,svhn,ssb-v1-block,cnn,protocol-v3,1.0,128,1,1,248,0.00574216601671651,0.015387749997898936,739442688,0.8046875
76ba8a78acd91bf5,svhn,ssb-v1-block,cnn,protocol-v3,1.0,128,1,1,249,0.005718874977901578,0.015489292040001601,739459072,0.765625
76ba8a78acd91bf5,svhn,ssb-v1-block,cnn,protocol-v3,1.0,128,1,1,250,0.005729582975618541,0.015558208047877997,739475456,0.7890625
76ba8a78acd91bf5,svhn,ssb-v1-block,cnn,protocol-v3,1.0,128,1,1,251,0.005699999979697168,0.015533750003669411,739475456,0.7734375
76ba8a78acd91bf5,svhn,ssb-v1-block,cnn,protocol-v3,1.0,128,1,1,252,0.005713417020160705,0.01558441697852686,739475456,0.7734375
76ba8a78acd91bf5,svhn,ssb-v1-block,cnn,protocol-v3,1.0,128,1,1,253,0.005708916985895485,0.015583582979161292,739491840,0.78125
76ba8a78acd91bf5,svhn,ssb-v1-block,cnn,protocol-v3,1.0,128,1,1,254,0.0058065830380655825,0.015496500011067837,739491840,0.765625
76ba8a78acd91bf5,svhn,ssb-v1-block,cnn,protocol-v3,1.0,128,1,1,255,0.005707915988750756,0.016680542030371726,739491840,0.765625
76ba8a78acd91bf5,svhn,ssb-v1-block,cnn,protocol-v3,1.0,128,1,1,256,0.005732416000682861,0.015579124970827252,739491840,0.7578125
76ba8a78acd91bf5,svhn,ssb-v1-block,cnn,protocol-v3,1.0,128,1,1,257,0.005803334002848715,0.01559341698884964,739491840,0.7421875
76ba8a78acd91bf5,svhn,ssb-v1-block,cnn,protocol-v3,1.0,128,1,1,258,0.005722082976717502,0.015572750009596348,739491840,0.75
76ba8a78acd91bf5,svhn,ssb-v1-block,cnn,protocol-v3,1.0,128,1,1,259,0.0057189580402337015,0.015600999991875142,739508224,0.7890625
76ba8a78acd91bf5,svhn,ssb-v1-block,cnn,protocol-v3,1.0,128,1,1,260,0.005724708025809377,0.016657000000122935,739508224,0.78125
76ba8a78acd91bf5,svhn,ssb-v1-block,cnn,protocol-v3,1.0,128,1,1,261,0.005719082953874022,0.015607332985382527,739508224,0.7890625
76ba8a78acd91bf5,svhn,ssb-v1-block,cnn,protocol-v3,1.0,128,1,1,262,0.005705915973521769,0.015567124995868653,739508224,0.7734375
76ba8a78acd91bf5,svhn,ssb-v1-block,cnn,protocol-v3,1.0,128,1,1,263,0.0057215000269934535,0.01594945800025016,739508224,0.828125
76ba8a78acd91bf5,svhn,ssb-v1-block,cnn,protocol-v3,1.0,128,1,1,264,0.005733624973800033,0.015896167024038732,739524608,0.8046875
76ba8a78acd91bf5,svhn,ssb-v1-block,cnn,protocol-v3,1.0,128,1,1,265,0.005723166977986693,0.016049458004999906,739524608,0.7890625
76ba8a78acd91bf5,svhn,ssb-v1-block,cnn,protocol-v3,1.0,128,1,1,266,0.005731832992751151,0.015481291979085654,739524608,0.8125
76ba8a78acd91bf5,svhn,ssb-v1-block,cnn,protocol-v3,1.0,128,1,1,267,0.005728084011934698,0.015596707991790026,739524608,0.7265625
76ba8a78acd91bf5,svhn,ssb-v1-block,cnn,protocol-v3,1.0,128,1,1,268,0.0057215000269934535,0.01554345799377188,739524608,0.7890625
76ba8a78acd91bf5,svhn,ssb-v1-block,cnn,protocol-v3,1.0,128,1,1,269,0.006331541982945055,0.015599792008288205,739524608,0.796875
76ba8a78acd91bf5,svhn,ssb-v1-block,cnn,protocol-v3,1.0,128,1,1,270,0.0063183329766616225,0.01596375001827255,739540992,0.7265625
76ba8a78acd91bf5,svhn,ssb-v1-block,cnn,protocol-v3,1.0,128,1,1,271,0.005715250037610531,0.015596665965858847,739540992,0.8125
76ba8a78acd91bf5,svhn,ssb-v1-block,cnn,protocol-v3,1.0,128,1,1,272,0.005747209012042731,0.015494874969590455,739540992,0.7734375
76ba8a78acd91bf5,svhn,ssb-v1-block,cnn,protocol-v3,1.0,128,1,1,273,0.005902958975639194,0.01573870802531019,739573760,0.8125
76ba8a78acd91bf5,svhn,ssb-v1-block,cnn,protocol-v3,1.0,128,1,1,274,0.005730499979108572,0.015499332977924496,739573760,0.8125
76ba8a78acd91bf5,svhn,ssb-v1-block,cnn,protocol-v3,1.0,128,1,1,275,0.005721458001062274,0.015595333010423928,739573760,0.8515625
76ba8a78acd91bf5,svhn,ssb-v1-block,cnn,protocol-v3,1.0,128,1,1,276,0.005709625023882836,0.015381457982584834,739573760,0.8203125
76ba8a78acd91bf5,svhn,ssb-v1-block,cnn,protocol-v3,1.0,128,1,1,277,0.005718832951970398,0.015597667021211237,739573760,0.7578125
76ba8a78acd91bf5,svhn,ssb-v1-block,cnn,protocol-v3,1.0,128,1,1,278,0.005707625008653849,0.01557062502251938,739606528,0.8125
76ba8a78acd91bf5,svhn,ssb-v1-block,cnn,protocol-v3,1.0,128,1,1,279,0.005754833982791752,0.015603166015353054,739622912,0.828125
76ba8a78acd91bf5,svhn,ssb-v1-block,cnn,protocol-v3,1.0,128,1,1,280,0.005730707955081016,0.015530542004853487,739639296,0.8046875
76ba8a78acd91bf5,svhn,ssb-v1-block,cnn,protocol-v3,1.0,128,1,1,281,0.005716875020880252,0.01555845799157396,739639296,0.8125
76ba8a78acd91bf5,svhn,ssb-v1-block,cnn,protocol-v3,1.0,128,1,1,282,0.00572066695895046,0.015552332974039018,739639296,0.75
76ba8a78acd91bf5,svhn,ssb-v1-block,cnn,protocol-v3,1.0,128,1,1,283,0.005706458992790431,0.01557587500428781,739655680,0.78125
76ba8a78acd91bf5,svhn,ssb-v1-block,cnn,protocol-v3,1.0,128,1,1,284,0.005738958017900586,0.01628054096363485,739655680,0.8515625
76ba8a78acd91bf5,svhn,ssb-v1-block,cnn,protocol-v3,1.0,128,1,1,285,0.005722708010580391,0.015580167004372925,739655680,0.7734375
76ba8a78acd91bf5,svhn,ssb-v1-block,cnn,protocol-v3,1.0,128,1,1,286,0.005711125035304576,0.015554041019640863,739655680,0.7890625
76ba8a78acd91bf5,svhn,ssb-v1-block,cnn,protocol-v3,1.0,128,1,1,287,0.005715707957278937,0.015487083001062274,739672064,0.7578125
76ba8a78acd91bf5,svhn,ssb-v1-block,cnn,protocol-v3,1.0,128,1,1,288,0.005735917016863823,0.01558354200096801,739672064,0.8046875
76ba8a78acd91bf5,svhn,ssb-v1-block,cnn,protocol-v3,1.0,128,1,1,289,0.005703417002223432,0.01548104197718203,739672064,0.8671875
76ba8a78acd91bf5,svhn,ssb-v1-block,cnn,protocol-v3,1.0,128,1,1,290,0.005717166990507394,0.015585999994073063,739672064,0.7578125
76ba8a78acd91bf5,svhn,ssb-v1-block,cnn,protocol-v3,1.0,128,1,1,291,0.0057239579618908465,0.015572209027595818,739672064,0.8203125
76ba8a78acd91bf5,svhn,ssb-v1-block,cnn,protocol-v3,1.0,128,1,1,292,0.005718166008591652,0.015694583009462804,739672064,0.890625
76ba8a78acd91bf5,svhn,ssb-v1-block,cnn,protocol-v3,1.0,128,1,1,293,0.005728833959437907,0.015474915970116854,739672064,0.8046875
76ba8a78acd91bf5,svhn,ssb-v1-block,cnn,protocol-v3,1.0,128,1,1,294,0.005726833012886345,0.015543541987426579,739688448,0.859375
76ba8a78acd91bf5,svhn,ssb-v1-block,cnn,protocol-v3,1.0,128,1,1,295,0.005740166991017759,0.015545499976724386,739688448,0.8203125
76ba8a78acd91bf5,svhn,ssb-v1-block,cnn,protocol-v3,1.0,128,1,1,296,0.005720624991226941,0.015564459026791155,739704832,0.8203125
76ba8a78acd91bf5,svhn,ssb-v1-block,cnn,protocol-v3,1.0,128,1,1,297,0.005735790997277945,0.015597834018990397,739704832,0.8125
76ba8a78acd91bf5,svhn,ssb-v1-block,cnn,protocol-v3,1.0,128,1,1,298,0.0057254579733125865,0.01553208299446851,739704832,0.8359375
76ba8a78acd91bf5,svhn,ssb-v1-block,cnn,protocol-v3,1.0,128,1,1,299,0.005732833000365645,0.015587000001687557,739704832,0.828125
76ba8a78acd91bf5,svhn,ssb-v1-block,cnn,protocol-v3,1.0,128,1,1,300,0.005727625044528395,0.015563624969217926,739704832,0.8203125
76ba8a78acd91bf5,svhn,ssb-v1-block,cnn,protocol-v3,1.0,128,1,1,301,0.005727583018597215,0.015617040975484997,739704832,0.8203125
76ba8a78acd91bf5,svhn,ssb-v1-block,cnn,protocol-v3,1.0,128,1,1,302,0.005723290960304439,0.016257959010545164,739721216,0.7734375
76ba8a78acd91bf5,svhn,ssb-v1-block,cnn,protocol-v3,1.0,128,1,1,303,0.005709916993509978,0.015579583996441215,739737600,0.765625
76ba8a78acd91bf5,svhn,ssb-v1-block,cnn,protocol-v3,1.0,128,1,1,304,0.005727291980292648,0.015589832968544215,739737600,0.8671875
76ba8a78acd91bf5,svhn,ssb-v1-block,cnn,protocol-v3,1.0,128,1,1,305,0.005709791032131761,0.015517791965976357,739737600,0.84375
76ba8a78acd91bf5,svhn,ssb-v1-block,cnn,protocol-v3,1.0,128,1,1,306,0.0057884579873643816,0.016307583020534366,739737600,0.734375
76ba8a78acd91bf5,svhn,ssb-v1-block,cnn,protocol-v3,1.0,128,1,1,307,0.005798334022983909,0.01598804199602455,739737600,0.78125
76ba8a78acd91bf5,svhn,ssb-v1-block,cnn,protocol-v3,1.0,128,1,1,308,0.005700584035366774,0.015548541967291385,739737600,0.828125
76ba8a78acd91bf5,svhn,ssb-v1-block,cnn,protocol-v3,1.0,128,1,1,309,0.005780999956186861,0.015524999995250255,739737600,0.796875
76ba8a78acd91bf5,svhn,ssb-v1-block,cnn,protocol-v3,1.0,128,1,1,310,0.00573808402987197,0.015492834034375846,739737600,0.8203125
76ba8a78acd91bf5,svhn,ssb-v1-block,cnn,protocol-v3,1.0,128,1,1,311,0.005811708979308605,0.015434333006851375,739737600,0.828125
76ba8a78acd91bf5,svhn,ssb-v1-block,cnn,protocol-v3,1.0,128,1,1,312,0.005723583046346903,0.015608874964527786,739737600,0.8515625
76ba8a78acd91bf5,svhn,ssb-v1-block,cnn,protocol-v3,1.0,128,1,1,313,0.00572291697608307,0.015441499999724329,739737600,0.78125
76ba8a78acd91bf5,svhn,ssb-v1-block,cnn,protocol-v3,1.0,128,1,1,314,0.005821541999466717,0.015584832988679409,739737600,0.7734375
76ba8a78acd91bf5,svhn,ssb-v1-block,cnn,protocol-v3,1.0,128,1,1,315,0.005735333019401878,0.015471208025701344,739737600,0.8515625
76ba8a78acd91bf5,svhn,ssb-v1-block,cnn,protocol-v3,1.0,128,1,1,316,0.005729374999646097,0.015630042005795985,739737600,0.8671875
76ba8a78acd91bf5,svhn,ssb-v1-block,cnn,protocol-v3,1.0,128,1,1,317,0.005711125035304576,0.015469333040528,739737600,0.7734375
76ba8a78acd91bf5,svhn,ssb-v1-block,cnn,protocol-v3,1.0,128,1,1,318,0.005723874957766384,0.015574417018797249,739737600,0.7734375
76ba8a78acd91bf5,svhn,ssb-v1-block,cnn,protocol-v3,1.0,128,1,1,319,0.0057362919906154275,0.015473124978598207,739737600,0.796875
76ba8a78acd91bf5,svhn,ssb-v1-block,cnn,protocol-v3,1.0,128,1,1,320,0.005722499976400286,0.015569874958600849,739753984,0.8359375
76ba8a78acd91bf5,svhn,ssb-v1-block,cnn,protocol-v3,1.0,128,1,1,321,0.005709625023882836,0.01557208300800994,739753984,0.828125
76ba8a78acd91bf5,svhn,ssb-v1-block,cnn,protocol-v3,1.0,128,1,1,322,0.005724542017560452,0.015589790942613035,739753984,0.8359375
76ba8a78acd91bf5,svhn,ssb-v1-block,cnn,protocol-v3,1.0,128,1,1,323,0.005713124992325902,0.015589874994475394,739753984,0.84375
76ba8a78acd91bf5,svhn,ssb-v1-block,cnn,protocol-v3,1.0,128,1,1,324,0.005742625042330474,0.015632125025149435,739786752,0.84375
76ba8a78acd91bf5,svhn,ssb-v1-block,cnn,protocol-v3,1.0,128,1,1,325,0.005730415985453874,0.015588791982736439,739786752,0.8046875
76ba8a78acd91bf5,svhn,ssb-v1-block,cnn,protocol-v3,1.0,128,1,1,326,0.005711416015401483,0.015589167014695704,739786752,0.828125
76ba8a78acd91bf5,svhn,ssb-v1-block,cnn,protocol-v3,1.0,128,1,1,327,0.00570908299414441,0.015583875006996095,739786752,0.8671875
76ba8a78acd91bf5,svhn,ssb-v1-block,cnn,protocol-v3,1.0,128,1,1,328,0.005745957954786718,0.01559937500860542,739786752,0.7265625
76ba8a78acd91bf5,svhn,ssb-v1-block,cnn,protocol-v3,1.0,128,1,1,329,0.005713125050533563,0.015564042027108371,739803136,0.8203125
76ba8a78acd91bf5,svhn,ssb-v1-block,cnn,protocol-v3,1.0,128,1,1,330,0.005715208011679351,0.015602083993144333,739819520,0.8203125
76ba8a78acd91bf5,svhn,ssb-v1-block,cnn,protocol-v3,1.0,128,1,1,331,0.005708916985895485,0.015475958993192762,739819520,0.875
76ba8a78acd91bf5,svhn,ssb-v1-block,cnn,protocol-v3,1.0,128,1,1,332,0.005731749988626689,0.015515249979216605,739819520,0.875
76ba8a78acd91bf5,svhn,ssb-v1-block,cnn,protocol-v3,1.0,128,1,1,333,0.005707667034585029,0.015549792035017163,739819520,0.859375
76ba8a78acd91bf5,svhn,ssb-v1-block,cnn,protocol-v3,1.0,128,1,1,334,0.005725666007492691,0.016194500029087067,739819520,0.8203125
76ba8a78acd91bf5,svhn,ssb-v1-block,cnn,protocol-v3,1.0,128,1,1,335,0.005731249984819442,0.01558466604910791,739819520,0.8125
76ba8a78acd91bf5,svhn,ssb-v1-block,cnn,protocol-v3,1.0,128,1,1,336,0.005720084009226412,0.015567332971841097,739819520,0.8515625
76ba8a78acd91bf5,svhn,ssb-v1-block,cnn,protocol-v3,1.0,128,1,1,337,0.005723958020098507,0.01557674998184666,739819520,0.828125
76ba8a78acd91bf5,svhn,ssb-v1-block,cnn,protocol-v3,1.0,128,1,1,338,0.0057182079763151705,0.015574833960272372,739835904,0.8515625
76ba8a78acd91bf5,svhn,ssb-v1-block,cnn,protocol-v3,1.0,128,1,1,339,0.005720334011130035,0.015956874995026737,739835904,0.8125
76ba8a78acd91bf5,svhn,ssb-v1-block,cnn,protocol-v3,1.0,128,1,1,340,0.0057106250314973295,0.01556012500077486,739835904,0.7734375
76ba8a78acd91bf5,svhn,ssb-v1-block,cnn,protocol-v3,1.0,128,1,1,341,0.0058032500091940165,0.015587333007715642,739835904,0.8203125
76ba8a78acd91bf5,svhn,ssb-v1-block,cnn,protocol-v3,1.0,128,1,1,342,0.005699250032193959,0.015460124996025115,739835904,0.7890625
76ba8a78acd91bf5,svhn,ssb-v1-block,cnn,protocol-v3,1.0,128,1,1,343,0.005716291954740882,0.015537083032540977,739852288,0.84375
76ba8a78acd91bf5,svhn,ssb-v1-block,cnn,protocol-v3,1.0,128,1,1,344,0.0056624169810675085,0.015385666978545487,739868672,0.8515625
76ba8a78acd91bf5,svhn,ssb-v1-block,cnn,protocol-v3,1.0,128,1,1,345,0.005729000025894493,0.015583625005092472,739885056,0.8203125
76ba8a78acd91bf5,svhn,ssb-v1-block,cnn,protocol-v3,1.0,128,1,1,346,0.005710166005883366,0.015493832994252443,739885056,0.765625
76ba8a78acd91bf5,svhn,ssb-v1-block,cnn,protocol-v3,1.0,128,1,1,347,0.005721291003283113,0.01568324997788295,739885056,0.8671875
76ba8a78acd91bf5,svhn,ssb-v1-block,cnn,protocol-v3,1.0,128,1,1,348,0.00570441602030769,0.015577250043861568,739885056,0.765625
76ba8a78acd91bf5,svhn,ssb-v1-block,cnn,protocol-v3,1.0,128,1,1,349,0.0057171250227838755,0.015551291988231242,739885056,0.8359375
76ba8a78acd91bf5,svhn,ssb-v1-block,cnn,protocol-v3,1.0,128,1,1,350,0.005715166043955833,0.015570999996270984,739885056,0.828125
76ba8a78acd91bf5,svhn,ssb-v1-block,cnn,protocol-v3,1.0,128,1,1,351,0.005717166990507394,0.01560166699346155,739885056,0.8125
76ba8a78acd91bf5,svhn,ssb-v1-block,cnn,protocol-v3,1.0,128,1,1,352,0.006121000042185187,0.015656957984901965,739885056,0.8671875
76ba8a78acd91bf5,svhn,ssb-v1-block,cnn,protocol-v3,1.0,128,1,1,353,0.005709666002076119,0.015484333038330078,739901440,0.8359375
76ba8a78acd91bf5,svhn,ssb-v1-block,cnn,protocol-v3,1.0,128,1,1,354,0.005729750031605363,0.015528541000094265,739901440,0.8515625
76ba8a78acd91bf5,svhn,ssb-v1-block,cnn,protocol-v3,1.0,128,1,1,355,0.005734416947234422,0.015489333018194884,739901440,0.8984375
76ba8a78acd91bf5,svhn,ssb-v1-block,cnn,protocol-v3,1.0,128,1,1,356,0.0057105839950963855,0.015674458991270512,739917824,0.7890625
76ba8a78acd91bf5,svhn,ssb-v1-block,cnn,protocol-v3,1.0,128,1,1,357,0.005722458998207003,0.01546366699039936,739917824,0.8671875
76ba8a78acd91bf5,svhn,ssb-v1-block,cnn,protocol-v3,1.0,128,1,1,358,0.005715333973057568,0.015552499971818179,739917824,0.78125
76ba8a78acd91bf5,svhn,ssb-v1-block,cnn,protocol-v3,1.0,128,1,1,359,0.005727874988224357,0.015587500005494803,739934208,0.859375
76ba8a78acd91bf5,svhn,ssb-v1-block,cnn,protocol-v3,1.0,128,1,1,360,0.0057004999835044146,0.016238708049058914,739934208,0.796875
76ba8a78acd91bf5,svhn,ssb-v1-block,cnn,protocol-v3,1.0,128,1,1,361,0.006090915994718671,0.015622250037267804,739934208,0.78125
76ba8a78acd91bf5,svhn,ssb-v1-block,cnn,protocol-v3,1.0,128,1,1,362,0.005795500008389354,0.01636783400317654,739950592,0.8359375
76ba8a78acd91bf5,svhn,ssb-v1-block,cnn,protocol-v3,1.0,128,1,1,363,0.005703750008251518,0.015481083013582975,739950592,0.796875
76ba8a78acd91bf5,svhn,ssb-v1-block,cnn,protocol-v3,1.0,128,1,1,364,0.005725167051423341,0.015553667035419494,739950592,0.7890625
76ba8a78acd91bf5,svhn,ssb-v1-block,cnn,protocol-v3,1.0,128,1,1,365,0.0057221669703722,0.015459417016245425,739950592,0.859375
76ba8a78acd91bf5,svhn,ssb-v1-block,cnn,protocol-v3,1.0,128,1,1,366,0.005722875008359551,0.015688540996052325,739950592,0.8046875
76ba8a78acd91bf5,svhn,ssb-v1-block,cnn,protocol-v3,1.0,128,1,1,367,0.005738500040024519,0.015558040991891176,739950592,0.828125
76ba8a78acd91bf5,svhn,ssb-v1-block,cnn,protocol-v3,1.0,128,1,1,368,0.005739499989431351,0.015598375000990927,739950592,0.796875
76ba8a78acd91bf5,svhn,ssb-v1-block,cnn,protocol-v3,1.0,128,1,1,369,0.005720374989323318,0.015474375046323985,739950592,0.7578125
76ba8a78acd91bf5,svhn,ssb-v1-block,cnn,protocol-v3,1.0,128,1,1,370,0.005720124987419695,0.015573541983030736,739950592,0.8671875
76ba8a78acd91bf5,svhn,ssb-v1-block,cnn,protocol-v3,1.0,128,1,1,371,0.0057041660184040666,0.015573250013403594,739950592,0.8203125
76ba8a78acd91bf5,svhn,ssb-v1-block,cnn,protocol-v3,1.0,128,1,1,372,0.005710791971068829,0.015544416033662856,739950592,0.8359375
76ba8a78acd91bf5,svhn,ssb-v1-block,cnn,protocol-v3,1.0,128,1,1,373,0.005698458000551909,0.015573667013086379,739950592,0.828125
76ba8a78acd91bf5,svhn,ssb-v1-block,cnn,protocol-v3,1.0,128,1,1,374,0.005719834007322788,0.015611667011398822,739966976,0.7578125
76ba8a78acd91bf5,svhn,ssb-v1-block,cnn,protocol-v3,1.0,128,1,1,375,0.005715209001209587,0.015562875021714717,739966976,0.8125
76ba8a78acd91bf5,svhn,ssb-v1-block,cnn,protocol-v3,1.0,128,1,1,376,0.005717749998439103,0.01559454103698954,739966976,0.8671875
76ba8a78acd91bf5,svhn,ssb-v1-block,cnn,protocol-v3,1.0,128,1,1,377,0.005715250037610531,0.015452665975317359,739966976,0.8125
76ba8a78acd91bf5,svhn,ssb-v1-block,cnn,protocol-v3,1.0,128,1,1,378,0.005731208017095923,0.015552333032246679,739966976,0.828125
76ba8a78acd91bf5,svhn,ssb-v1-block,cnn,protocol-v3,1.0,128,1,1,379,0.005724875023588538,0.015594916010741144,739983360,0.875
76ba8a78acd91bf5,svhn,ssb-v1-block,cnn,protocol-v3,1.0,128,1,1,380,0.005716624960768968,0.016233709000516683,739999744,0.7890625
76ba8a78acd91bf5,svhn,ssb-v1-block,cnn,protocol-v3,1.0,128,1,1,381,0.00571975001366809,0.015487874974496663,739999744,0.8125
76ba8a78acd91bf5,svhn,ssb-v1-block,cnn,protocol-v3,1.0,128,1,1,382,0.005729124997742474,0.015575625002384186,739999744,0.859375
76ba8a78acd91bf5,svhn,ssb-v1-block,cnn,protocol-v3,1.0,128,1,1,383,0.0057214159751310945,0.015571042022202164,739999744,0.859375
76ba8a78acd91bf5,svhn,ssb-v1-block,cnn,protocol-v3,1.0,128,1,1,384,0.00573937501758337,0.01622504199622199,739999744,0.7578125
76ba8a78acd91bf5,svhn,ssb-v1-block,cnn,protocol-v3,1.0,128,1,1,385,0.005705834017135203,0.01620579103473574,740016128,0.828125
76ba8a78acd91bf5,svhn,ssb-v1-block,cnn,protocol-v3,1.0,128,1,1,386,0.005724624963477254,0.015600209007970989,740016128,0.8359375
76ba8a78acd91bf5,svhn,ssb-v1-block,cnn,protocol-v3,1.0,128,1,1,387,0.00570608297130093,0.01554816699353978,740032512,0.84375
76ba8a78acd91bf5,svhn,ssb-v1-block,cnn,protocol-v3,1.0,128,1,1,388,0.0057337500038556755,0.015581540996208787,740048896,0.8515625
76ba8a78acd91bf5,svhn,ssb-v1-block,cnn,protocol-v3,1.0,128,1,1,389,0.0057262080372311175,0.015481707989238203,740048896,0.8046875
76ba8a78acd91bf5,svhn,ssb-v1-block,cnn,protocol-v3,1.0,128,1,1,390,0.005723125010263175,0.016711125033907592,740048896,0.8671875
76ba8a78acd91bf5,svhn,ssb-v1-block,cnn,protocol-v3,1.0,128,1,1,391,0.005707292002625763,0.015563833992928267,740048896,0.859375
76ba8a78acd91bf5,svhn,ssb-v1-block,cnn,protocol-v3,1.0,128,1,1,392,0.005705707997549325,0.01550049998331815,740048896,0.8515625
76ba8a78acd91bf5,svhn,ssb-v1-block,cnn,protocol-v3,1.0,128,1,1,393,0.005719291977584362,0.015573624987155199,740065280,0.90625
76ba8a78acd91bf5,svhn,ssb-v1-block,cnn,protocol-v3,1.0,128,1,1,394,0.0057406669948250055,0.015544624999165535,740081664,0.859375
76ba8a78acd91bf5,svhn,ssb-v1-block,cnn,protocol-v3,1.0,128,1,1,395,0.0057218329748138785,0.01586737495381385,740081664,0.8203125
76ba8a78acd91bf5,svhn,ssb-v1-block,cnn,protocol-v3,1.0,128,1,1,396,0.0058430840144865215,0.015516875020693988,740098048,0.8203125
76ba8a78acd91bf5,svhn,ssb-v1-block,cnn,protocol-v3,1.0,128,1,1,397,0.005833582952618599,0.01546891697216779,740098048,0.8359375
76ba8a78acd91bf5,svhn,ssb-v1-block,cnn,protocol-v3,1.0,128,1,1,398,0.005711874982807785,0.015666250023059547,740114432,0.828125
76ba8a78acd91bf5,svhn,ssb-v1-block,cnn,protocol-v3,1.0,128,1,1,399,0.005748707975726575,0.01558854104951024,740114432,0.859375
76ba8a78acd91bf5,svhn,ssb-v1-block,cnn,protocol-v3,1.0,128,1,1,400,0.005719084001611918,0.01536929199937731,740130816,0.796875
76ba8a78acd91bf5,svhn,ssb-v1-block,cnn,protocol-v3,1.0,128,1,1,401,0.005714999977499247,0.015583416970912367,740130816,0.7890625
76ba8a78acd91bf5,svhn,ssb-v1-block,cnn,protocol-v3,1.0,128,1,1,402,0.005755291029345244,0.015492749982513487,740130816,0.8125
76ba8a78acd91bf5,svhn,ssb-v1-block,cnn,protocol-v3,1.0,128,1,1,403,0.00578687503002584,0.01559345901478082,740130816,0.8203125
76ba8a78acd91bf5,svhn,ssb-v1-block,cnn,protocol-v3,1.0,128,1,1,404,0.005724874965380877,0.015595916018355638,740147200,0.8671875
76ba8a78acd91bf5,svhn,ssb-v1-block,cnn,protocol-v3,1.0,128,1,1,405,0.005715917039196938,0.015574292046949267,740147200,0.8125
76ba8a78acd91bf5,svhn,ssb-v1-block,cnn,protocol-v3,1.0,128,1,1,406,0.005779208964668214,0.015566957998089492,740147200,0.8515625
76ba8a78acd91bf5,svhn,ssb-v1-block,cnn,protocol-v3,1.0,128,1,1,407,0.005729875003453344,0.015564957982860506,740147200,0.84375
76ba8a78acd91bf5,svhn,ssb-v1-block,cnn,protocol-v3,1.0,128,1,1,408,0.005811000009998679,0.015710416017100215,740147200,0.875
76ba8a78acd91bf5,svhn,ssb-v1-block,cnn,protocol-v3,1.0,128,1,1,409,0.005707375006750226,0.015545208007097244,740147200,0.7578125
76ba8a78acd91bf5,svhn,ssb-v1-block,cnn,protocol-v3,1.0,128,1,1,410,0.005705458985175937,0.015579542028717697,740147200,0.84375
76ba8a78acd91bf5,svhn,ssb-v1-block,cnn,protocol-v3,1.0,128,1,1,411,0.005731084034778178,0.01557679200777784,740147200,0.796875
76ba8a78acd91bf5,svhn,ssb-v1-block,cnn,protocol-v3,1.0,128,1,1,412,0.005712208047043532,0.015600707964040339,740147200,0.8515625
76ba8a78acd91bf5,svhn,ssb-v1-block,cnn,protocol-v3,1.0,128,1,1,413,0.005719167005736381,0.015581957995891571,740163584,0.890625
76ba8a78acd91bf5,svhn,ssb-v1-block,cnn,protocol-v3,1.0,128,1,1,414,0.005718458036426455,0.01557599997613579,740163584,0.8828125
76ba8a78acd91bf5,svhn,ssb-v1-block,cnn,protocol-v3,1.0,128,1,1,415,0.0057312920107506216,0.01564174995291978,740163584,0.8671875
76ba8a78acd91bf5,svhn,ssb-v1-block,cnn,protocol-v3,1.0,128,1,1,416,0.005697708984371275,0.015470165992155671,740163584,0.875
76ba8a78acd91bf5,svhn,ssb-v1-block,cnn,protocol-v3,1.0,128,1,1,417,0.005720207991544157,0.015548292023595423,740179968,0.828125
76ba8a78acd91bf5,svhn,ssb-v1-block,cnn,protocol-v3,1.0,128,1,1,418,0.0057052079937420785,0.015585541957989335,740179968,0.9140625
76ba8a78acd91bf5,svhn,ssb-v1-block,cnn,protocol-v3,1.0,128,1,1,419,0.005727999960072339,0.015570707968436182,740179968,0.8359375
76ba8a78acd91bf5,svhn,ssb-v1-block,cnn,protocol-v3,1.0,128,1,1,420,0.005723249982111156,0.015578209015075117,740179968,0.84375
76ba8a78acd91bf5,svhn,ssb-v1-block,cnn,protocol-v3,1.0,128,1,1,421,0.005745500035118312,0.015680500015150756,740179968,0.875
76ba8a78acd91bf5,svhn,ssb-v1-block,cnn,protocol-v3,1.0,128,1,1,422,0.005727000010665506,0.015608625020831823,740196352,0.84375
76ba8a78acd91bf5,svhn,ssb-v1-block,cnn,protocol-v3,1.0,128,1,1,423,0.005697624990716577,0.01555716700386256,740196352,0.8203125
76ba8a78acd91bf5,svhn,ssb-v1-block,cnn,protocol-v3,1.0,128,1,1,424,0.0057189170038327575,0.015590749972034246,740196352,0.890625
76ba8a78acd91bf5,svhn,ssb-v1-block,cnn,protocol-v3,1.0,128,1,1,425,0.005763125023804605,0.015581000014208257,740196352,0.84375
76ba8a78acd91bf5,svhn,ssb-v1-block,cnn,protocol-v3,1.0,128,1,1,426,0.005719541979487985,0.015589459042530507,740196352,0.8203125
76ba8a78acd91bf5,svhn,ssb-v1-block,cnn,protocol-v3,1.0,128,1,1,427,0.005716582993045449,0.015473832958377898,740196352,0.828125
76ba8a78acd91bf5,svhn,ssb-v1-block,cnn,protocol-v3,1.0,128,1,1,428,0.005742583016399294,0.01557379204314202,740196352,0.8203125
76ba8a78acd91bf5,svhn,ssb-v1-block,cnn,protocol-v3,1.0,128,1,1,429,0.00570904096821323,0.015482624992728233,740196352,0.84375
76ba8a78acd91bf5,svhn,ssb-v1-block,cnn,protocol-v3,1.0,128,1,1,430,0.0057113340008072555,0.015580000006593764,740196352,0.8828125
76ba8a78acd91bf5,svhn,ssb-v1-block,cnn,protocol-v3,1.0,128,1,1,431,0.005725832947064191,0.015454208012670279,740196352,0.8125
76ba8a78acd91bf5,svhn,ssb-v1-block,cnn,protocol-v3,1.0,128,1,1,432,0.0057953750365413725,0.015587959031108767,740212736,0.875
76ba8a78acd91bf5,svhn,ssb-v1-block,cnn,protocol-v3,1.0,128,1,1,433,0.005735333019401878,0.01547187496908009,740212736,0.8828125
76ba8a78acd91bf5,svhn,ssb-v1-block,cnn,protocol-v3,1.0,128,1,1,434,0.005742792040109634,0.015590124996379018,740212736,0.8125
76ba8a78acd91bf5,svhn,ssb-v1-block,cnn,protocol-v3,1.0,128,1,1,435,0.005732542020268738,0.015488707984331995,740245504,0.8671875
76ba8a78acd91bf5,svhn,ssb-v1-block,cnn,protocol-v3,1.0,128,1,1,436,0.00573041703319177,0.01553216704633087,740245504,0.8203125
76ba8a78acd91bf5,svhn,ssb-v1-block,cnn,protocol-v3,1.0,128,1,1,437,0.0057157500414177775,0.015540125023107976,740245504,0.875
76ba8a78acd91bf5,svhn,ssb-v1-block,cnn,protocol-v3,1.0,128,1,1,438,0.005731999990530312,0.015571124968118966,740245504,0.859375
76ba8a78acd91bf5,svhn,ssb-v1-block,cnn,protocol-v3,1.0,128,1,1,439,0.0057366249966435134,0.015551874996162951,740245504,0.828125
76ba8a78acd91bf5,svhn,ssb-v1-block,cnn,protocol-v3,1.0,128,1,1,440,0.005690791993401945,0.015595041972119361,740245504,0.8515625
76ba8a78acd91bf5,svhn,ssb-v1-block,cnn,protocol-v3,1.0,128,1,1,441,0.0057204170152544975,0.015413457993417978,740245504,0.8203125
76ba8a78acd91bf5,svhn,ssb-v1-block,cnn,protocol-v3,1.0,128,1,1,442,0.0057106660096906126,0.015587166999466717,740245504,0.875
76ba8a78acd91bf5,svhn,ssb-v1-block,cnn,protocol-v3,1.0,128,1,1,443,0.005741833010688424,0.015664500009734184,740245504,0.828125
76ba8a78acd91bf5,svhn,ssb-v1-block,cnn,protocol-v3,1.0,128,1,1,444,0.00571054097963497,0.01600599999073893,740245504,0.84375
76ba8a78acd91bf5,svhn,ssb-v1-block,cnn,protocol-v3,1.0,128,1,1,445,0.005719500011764467,0.015449416008777916,740245504,0.8125
76ba8a78acd91bf5,svhn,ssb-v1-block,cnn,protocol-v3,1.0,128,1,1,446,0.005719584005419165,0.015553457953501493,740245504,0.828125
76ba8a78acd91bf5,svhn,ssb-v1-block,cnn,protocol-v3,1.0,128,1,1,447,0.005715540959499776,0.01545395900029689,740245504,0.84375
76ba8a78acd91bf5,svhn,ssb-v1-block,cnn,protocol-v3,1.0,128,1,1,448,0.005717458960134536,0.015592708019539714,740245504,0.84375
76ba8a78acd91bf5,svhn,ssb-v1-block,cnn,protocol-v3,1.0,128,1,1,449,0.005715625011362135,0.015580458042677492,740245504,0.8828125
76ba8a78acd91bf5,svhn,ssb-v1-block,cnn,protocol-v3,1.0,128,1,1,450,0.005724124959670007,0.01545358297880739,740245504,0.84375
76ba8a78acd91bf5,svhn,ssb-v1-block,cnn,protocol-v3,1.0,128,1,1,451,0.005716458021197468,0.015549207979347557,740245504,0.8203125
76ba8a78acd91bf5,svhn,ssb-v1-block,cnn,protocol-v3,1.0,128,1,1,452,0.005736667022574693,0.015578499995172024,740278272,0.84375
76ba8a78acd91bf5,svhn,ssb-v1-block,cnn,protocol-v3,1.0,128,1,1,453,0.005707749980501831,0.016223250015173107,740278272,0.7890625
76ba8a78acd91bf5,svhn,ssb-v1-block,cnn,protocol-v3,1.0,128,1,1,454,0.005725542025174946,0.015576125006191432,740294656,0.8046875
76ba8a78acd91bf5,svhn,ssb-v1-block,cnn,protocol-v3,1.0,128,1,1,455,0.0057106250314973295,0.015433500055223703,740294656,0.859375
76ba8a78acd91bf5,svhn,ssb-v1-block,cnn,protocol-v3,1.0,128,1,1,456,0.005707958014681935,0.015855916019063443,740311040,0.8046875
76ba8a78acd91bf5,svhn,ssb-v1-block,cnn,protocol-v3,1.0,128,1,1,457,0.0057215000269934535,0.016191833012271672,740311040,0.8671875
76ba8a78acd91bf5,svhn,ssb-v1-block,cnn,protocol-v3,1.0,128,1,1,458,0.005718500004149973,0.01627554203150794,740311040,0.8515625
76ba8a78acd91bf5,svhn,ssb-v1-block,cnn,protocol-v3,1.0,128,1,1,459,0.00572666700463742,0.015600792015902698,740311040,0.859375
76ba8a78acd91bf5,svhn,ssb-v1-block,cnn,protocol-v3,1.0,128,1,1,460,0.005729917029384524,0.015571916999761015,740311040,0.7734375
76ba8a78acd91bf5,svhn,ssb-v1-block,cnn,protocol-v3,1.0,128,1,1,461,0.0057139170239679515,0.015490584017243236,740311040,0.8515625
76ba8a78acd91bf5,svhn,ssb-v1-block,cnn,protocol-v3,1.0,128,1,1,462,0.005734833015594631,0.015694083005655557,740311040,0.875
76ba8a78acd91bf5,svhn,ssb-v1-block,cnn,protocol-v3,1.0,128,1,1,463,0.0057175420224666595,0.015550832962617278,740311040,0.859375
76ba8a78acd91bf5,svhn,ssb-v1-block,cnn,protocol-v3,1.0,128,1,1,464,0.005730291013605893,0.015541166998445988,740311040,0.875
76ba8a78acd91bf5,svhn,ssb-v1-block,cnn,protocol-v3,1.0,128,1,1,465,0.005719333013985306,0.015501334040891379,740311040,0.8984375
76ba8a78acd91bf5,svhn,ssb-v1-block,cnn,protocol-v3,1.0,128,1,1,466,0.005712207988835871,0.01568033400690183,740327424,0.796875
76ba8a78acd91bf5,svhn,ssb-v1-block,cnn,protocol-v3,1.0,128,1,1,467,0.0057207909994758666,0.015503000002354383,740343808,0.859375
76ba8a78acd91bf5,svhn,ssb-v1-block,cnn,protocol-v3,1.0,128,1,1,468,0.005735500017181039,0.015500084031373262,740343808,0.8125
76ba8a78acd91bf5,svhn,ssb-v1-block,cnn,protocol-v3,1.0,128,1,1,469,0.005723499984014779,0.015581208979710937,740360192,0.84375
76ba8a78acd91bf5,svhn,ssb-v1-block,cnn,protocol-v3,1.0,128,1,1,470,0.005727000010665506,0.015445666969753802,740360192,0.859375
76ba8a78acd91bf5,svhn,ssb-v1-block,cnn,protocol-v3,1.0,128,1,1,471,0.005717249994631857,0.015459124988410622,740360192,0.8828125
76ba8a78acd91bf5,svhn,ssb-v1-block,cnn,protocol-v3,1.0,128,1,1,472,0.0057015420170500875,0.015569249982945621,740360192,0.828125
76ba8a78acd91bf5,svhn,ssb-v1-block,cnn,protocol-v3,1.0,128,1,1,473,0.005735499958973378,0.015602625033352524,740360192,0.828125
76ba8a78acd91bf5,svhn,ssb-v1-block,cnn,protocol-v3,1.0,128,1,1,474,0.005696750013157725,0.01560291595524177,740360192,0.8125
76ba8a78acd91bf5,svhn,ssb-v1-block,cnn,protocol-v3,1.0,128,1,1,475,0.005724292015656829,0.015732625033706427,740392960,0.84375
76ba8a78acd91bf5,svhn,ssb-v1-block,cnn,protocol-v3,1.0,128,1,1,476,0.005697834014426917,0.015562416985630989,740392960,0.8671875
76ba8a78acd91bf5,svhn,ssb-v1-block,cnn,protocol-v3,1.0,128,1,1,477,0.005703750008251518,0.015530459000729024,740392960,0.90625
76ba8a78acd91bf5,svhn,ssb-v1-block,cnn,protocol-v3,1.0,128,1,1,478,0.00571079202927649,0.015482874994631857,740392960,0.8984375
76ba8a78acd91bf5,svhn,ssb-v1-block,cnn,protocol-v3,1.0,128,1,1,479,0.005739959015045315,0.015590041992254555,740392960,0.8203125
76ba8a78acd91bf5,svhn,ssb-v1-block,cnn,protocol-v3,1.0,128,1,1,480,0.005720624991226941,0.015458917012438178,740409344,0.8828125
76ba8a78acd91bf5,svhn,ssb-v1-block,cnn,protocol-v3,1.0,128,1,1,481,0.005728916963562369,0.015571874973829836,740409344,0.8359375
76ba8a78acd91bf5,svhn,ssb-v1-block,cnn,protocol-v3,1.0,128,1,1,482,0.005720333021599799,0.015535957994870842,740409344,0.859375
76ba8a78acd91bf5,svhn,ssb-v1-block,cnn,protocol-v3,1.0,128,1,1,483,0.0057106250314973295,0.016367292031645775,740409344,0.859375
76ba8a78acd91bf5,svhn,ssb-v1-block,cnn,protocol-v3,1.0,128,1,1,484,0.005710125027690083,0.01600216596852988,740409344,0.8359375
76ba8a78acd91bf5,svhn,ssb-v1-block,cnn,protocol-v3,1.0,128,1,1,485,0.005690500023774803,0.015378750045783818,740409344,0.8515625
76ba8a78acd91bf5,svhn,ssb-v1-block,cnn,protocol-v3,1.0,128,1,1,486,0.005682084010913968,0.015421041985973716,740409344,0.84375
76ba8a78acd91bf5,svhn,ssb-v1-block,cnn,protocol-v3,1.0,128,1,1,487,0.005682375049218535,0.01541954098502174,740425728,0.8046875
76ba8a78acd91bf5,svhn,ssb-v1-block,cnn,protocol-v3,1.0,128,1,1,488,0.00584045797586441,0.015533291967585683,740442112,0.7890625
76ba8a78acd91bf5,svhn,ssb-v1-block,cnn,protocol-v3,1.0,128,1,1,489,0.005731666984502226,0.01552633399842307,740442112,0.8515625
76ba8a78acd91bf5,svhn,ssb-v1-block,cnn,protocol-v3,1.0,128,1,1,490,0.005714499973692,0.015557625039946288,740442112,0.875
76ba8a78acd91bf5,svhn,ssb-v1-block,cnn,protocol-v3,1.0,128,1,1,491,0.00577262497972697,0.01544012496015057,740458496,0.8828125
76ba8a78acd91bf5,svhn,ssb-v1-block,cnn,protocol-v3,1.0,128,1,1,492,0.005718915956094861,0.015594249998684973,740474880,0.84375
76ba8a78acd91bf5,svhn,ssb-v1-block,cnn,protocol-v3,1.0,128,1,1,493,0.005714625003747642,0.01559787499718368,740474880,0.84375
76ba8a78acd91bf5,svhn,ssb-v1-block,cnn,protocol-v3,1.0,128,1,1,494,0.00574162503471598,0.015571583004202694,740474880,0.8828125
76ba8a78acd91bf5,svhn,ssb-v1-block,cnn,protocol-v3,1.0,128,1,1,495,0.005724458023905754,0.015454415988642722,740474880,0.8828125
76ba8a78acd91bf5,svhn,ssb-v1-block,cnn,protocol-v3,1.0,128,1,1,496,0.005702915950678289,0.015549707983154804,740474880,0.84375
76ba8a78acd91bf5,svhn,ssb-v1-block,cnn,protocol-v3,1.0,128,1,1,497,0.005733957979828119,0.015564042027108371,740474880,0.8984375
76ba8a78acd91bf5,svhn,ssb-v1-block,cnn,protocol-v3,1.0,128,1,1,498,0.005716000043321401,0.015556083992123604,740474880,0.8515625
76ba8a78acd91bf5,svhn,ssb-v1-block,cnn,protocol-v3,1.0,128,1,1,499,0.005707499978598207,0.01556220802012831,740474880,0.8125
76ba8a78acd91bf5,svhn,ssb-v1-block,cnn,protocol-v3,1.0,128,1,1,500,0.005735750019084662,0.015530166041571647,740474880,0.8671875
76ba8a78acd91bf5,svhn,ssb-v1-block,cnn,protocol-v3,1.0,128,1,1,501,0.0057214589905925095,0.015647124964743853,740474880,0.8828125
76ba8a78acd91bf5,svhn,ssb-v1-block,cnn,protocol-v3,1.0,128,1,1,502,0.00573208398418501,0.015562333050183952,740474880,0.890625
76ba8a78acd91bf5,svhn,ssb-v1-block,cnn,protocol-v3,1.0,128,1,1,503,0.005721624998841435,0.015519500011578202,740491264,0.8828125
76ba8a78acd91bf5,svhn,ssb-v1-block,cnn,protocol-v3,1.0,128,1,1,504,0.005717917054425925,0.015529708005487919,740491264,0.8515625
76ba8a78acd91bf5,svhn,ssb-v1-block,cnn,protocol-v3,1.0,128,1,1,505,0.005723542009945959,0.015566000016406178,740491264,0.84375
76ba8a78acd91bf5,svhn,ssb-v1-block,cnn,protocol-v3,1.0,128,1,1,506,0.005737832980230451,0.015486000047530979,740491264,0.890625
76ba8a78acd91bf5,svhn,ssb-v1-block,cnn,protocol-v3,1.0,128,1,1,507,0.0057084159925580025,0.015568041009828448,740491264,0.8125
76ba8a78acd91bf5,svhn,ssb-v1-block,cnn,protocol-v3,1.0,128,1,1,508,0.005733000056352466,0.01554483303334564,740491264,0.9296875
76ba8a78acd91bf5,svhn,ssb-v1-block,cnn,protocol-v3,1.0,128,1,1,509,0.005690124991815537,0.015550917014479637,740491264,0.8515625
76ba8a78acd91bf5,svhn,ssb-v1-block,cnn,protocol-v3,1.0,128,1,1,510,0.00574104196857661,0.015541750006377697,740491264,0.8359375
76ba8a78acd91bf5,svhn,ssb-v1-block,cnn,protocol-v3,1.0,128,1,1,511,0.005699083034414798,0.015562541026156396,740491264,0.8125
76ba8a78acd91bf5,svhn,ssb-v1-block,cnn,protocol-v3,1.0,128,1,1,512,0.0057301250053569674,0.01546799996867776,740524032,0.7890625
76ba8a78acd91bf5,svhn,ssb-v1-block,cnn,protocol-v3,1.0,128,1,1,513,0.00574608298484236,0.015583165979478508,740524032,0.890625
76ba8a78acd91bf5,svhn,ssb-v1-block,cnn,protocol-v3,1.0,128,1,1,514,0.005732709018047899,0.015594333002809435,740524032,0.828125
76ba8a78acd91bf5,svhn,ssb-v1-block,cnn,protocol-v3,1.0,128,1,1,515,0.006055250007193536,0.01644833298632875,740524032,0.84375
76ba8a78acd91bf5,svhn,ssb-v1-block,cnn,protocol-v3,1.0,128,1,1,516,0.005711584002710879,0.015460832975804806,740524032,0.8984375
76ba8a78acd91bf5,svhn,ssb-v1-block,cnn,protocol-v3,1.0,128,1,1,517,0.005714916973374784,0.015602459025103599,740524032,0.8359375
76ba8a78acd91bf5,svhn,ssb-v1-block,cnn,protocol-v3,1.0,128,1,1,518,0.005735000013373792,0.015953499998431653,740524032,0.859375
76ba8a78acd91bf5,svhn,ssb-v1-block,cnn,protocol-v3,1.0,128,1,1,519,0.00571599998511374,0.01641795801697299,740556800,0.7890625
76ba8a78acd91bf5,svhn,ssb-v1-block,cnn,protocol-v3,1.0,128,1,1,520,0.005734957987442613,0.016063750023022294,740556800,0.875
76ba8a78acd91bf5,svhn,ssb-v1-block,cnn,protocol-v3,1.0,128,1,1,521,0.005733833007980138,0.015586292021907866,740573184,0.90625
76ba8a78acd91bf5,svhn,ssb-v1-block,cnn,protocol-v3,1.0,128,1,1,522,0.005730249977204949,0.015415417030453682,740573184,0.828125
76ba8a78acd91bf5,svhn,ssb-v1-block,cnn,protocol-v3,1.0,128,1,1,523,0.005725541966967285,0.015559291990939528,740589568,0.859375
76ba8a78acd91bf5,svhn,ssb-v1-block,cnn,protocol-v3,1.0,128,1,1,524,0.005718374974094331,0.015433625027071685,740589568,0.84375
76ba8a78acd91bf5,svhn,ssb-v1-block,cnn,protocol-v3,1.0,128,1,1,525,0.0057417500065639615,0.015572791977319866,740589568,0.859375
76ba8a78acd91bf5,svhn,ssb-v1-block,cnn,protocol-v3,1.0,128,1,1,526,0.005721332971006632,0.015598333033267409,740589568,0.84375
76ba8a78acd91bf5,svhn,ssb-v1-block,cnn,protocol-v3,1.0,128,1,1,527,0.005728832969907671,0.01534479099791497,740589568,0.9140625
76ba8a78acd91bf5,svhn,ssb-v1-block,cnn,protocol-v3,1.0,128,1,1,528,0.005715375009458512,0.015498917025979608,740589568,0.828125
76ba8a78acd91bf5,svhn,ssb-v1-block,cnn,protocol-v3,1.0,128,1,1,529,0.005730834032874554,0.015519457985647023,740589568,0.859375
76ba8a78acd91bf5,svhn,ssb-v1-block,cnn,protocol-v3,1.0,128,1,1,530,0.005719417007640004,0.015604040992911905,740589568,0.8828125
76ba8a78acd91bf5,svhn,ssb-v1-block,cnn,protocol-v3,1.0,128,1,1,531,0.005731582990847528,0.015561542008072138,740589568,0.8515625
76ba8a78acd91bf5,svhn,ssb-v1-block,cnn,protocol-v3,1.0,128,1,1,532,0.005751291988417506,0.01557283301372081,740589568,0.8671875
76ba8a78acd91bf5,svhn,ssb-v1-block,cnn,protocol-v3,1.0,128,1,1,533,0.005720333021599799,0.01552758296020329,740589568,0.8671875
76ba8a78acd91bf5,svhn,ssb-v1-block,cnn,protocol-v3,1.0,128,1,1,534,0.005706583964638412,0.015564166009426117,740589568,0.8125
76ba8a78acd91bf5,svhn,ssb-v1-block,cnn,protocol-v3,1.0,128,1,1,535,0.005719125038012862,0.015558207989670336,740605952,0.7890625
76ba8a78acd91bf5,svhn,ssb-v1-block,cnn,protocol-v3,1.0,128,1,1,536,0.005723875015974045,0.015580207982566208,740605952,0.8671875
76ba8a78acd91bf5,svhn,ssb-v1-block,cnn,protocol-v3,1.0,128,1,1,537,0.0057366249966435134,0.015585624962113798,740605952,0.8984375
76ba8a78acd91bf5,svhn,ssb-v1-block,cnn,protocol-v3,1.0,128,1,1,538,0.005749083997216076,0.016321499948389828,740605952,0.8984375
76ba8a78acd91bf5,svhn,ssb-v1-block,cnn,protocol-v3,1.0,128,1,1,539,0.00573025003541261,0.01548929198179394,740605952,0.796875
76ba8a78acd91bf5,svhn,ssb-v1-block,cnn,protocol-v3,1.0,128,1,1,540,0.005730208999011666,0.015593708027154207,740605952,0.8984375
76ba8a78acd91bf5,svhn,ssb-v1-block,cnn,protocol-v3,1.0,128,1,1,541,0.005847708962392062,0.015471833001356572,740605952,0.921875
76ba8a78acd91bf5,svhn,ssb-v1-block,cnn,protocol-v3,1.0,128,1,1,542,0.005720665969420224,0.015598208992742002,740605952,0.8125
76ba8a78acd91bf5,svhn,ssb-v1-block,cnn,protocol-v3,1.0,128,1,1,543,0.005793999996967614,0.015642999962437898,740605952,0.8046875
76ba8a78acd91bf5,svhn,ssb-v1-block,cnn,protocol-v3,1.0,128,1,1,544,0.005762375018093735,0.015496624982915819,740605952,0.90625
76ba8a78acd91bf5,svhn,ssb-v1-block,cnn,protocol-v3,1.0,128,1,1,545,0.005816082993987948,0.015573750017210841,740622336,0.859375
76ba8a78acd91bf5,svhn,ssb-v1-block,cnn,protocol-v3,1.0,128,1,1,546,0.005701290967408568,0.015596792043652385,740622336,0.8359375
76ba8a78acd91bf5,svhn,ssb-v1-block,cnn,protocol-v3,1.0,128,1,1,547,0.005724709015339613,0.015570959018077701,740622336,0.875
76ba8a78acd91bf5,svhn,ssb-v1-block,cnn,protocol-v3,1.0,128,1,1,548,0.0057319579645991325,0.016355125000700355,740622336,0.84375
76ba8a78acd91bf5,svhn,ssb-v1-block,cnn,protocol-v3,1.0,128,1,1,549,0.005731582990847528,0.015575625002384186,740622336,0.84375
76ba8a78acd91bf5,svhn,ssb-v1-block,cnn,protocol-v3,1.0,128,1,1,550,0.0057366659748367965,0.015467500023078173,740622336,0.8828125
76ba8a78acd91bf5,svhn,ssb-v1-block,cnn,protocol-v3,1.0,128,1,1,551,0.00572704104706645,0.015574999968521297,740622336,0.8046875
76ba8a78acd91bf5,svhn,ssb-v1-block,cnn,protocol-v3,1.0,128,1,1,552,0.005698083026800305,0.015477542008738965,740638720,0.8671875
76ba8a78acd91bf5,svhn,ssb-v1-block,cnn,protocol-v3,1.0,128,1,1,553,0.005718583008274436,0.015919124998617917,740638720,0.8515625
76ba8a78acd91bf5,svhn,ssb-v1-block,cnn,protocol-v3,1.0,128,1,1,554,0.0057331250282004476,0.015523916983511299,740638720,0.828125
76ba8a78acd91bf5,svhn,ssb-v1-block,cnn,protocol-v3,1.0,128,1,1,555,0.005721332971006632,0.01549583300948143,740638720,0.8125
76ba8a78acd91bf5,svhn,ssb-v1-block,cnn,protocol-v3,1.0,128,1,1,556,0.005737666971981525,0.015580291976220906,740655104,0.8984375
76ba8a78acd91bf5,svhn,ssb-v1-block,cnn,protocol-v3,1.0,128,1,1,557,0.005722083034925163,0.015547125018201768,740655104,0.90625
76ba8a78acd91bf5,svhn,ssb-v1-block,cnn,protocol-v3,1.0,128,1,1,558,0.005725375027395785,0.015573750017210841,740655104,0.875
76ba8a78acd91bf5,svhn,ssb-v1-block,cnn,protocol-v3,1.0,128,1,1,559,0.0057323750224895775,0.015520417015068233,740671488,0.859375
76ba8a78acd91bf5,svhn,ssb-v1-block,cnn,protocol-v3,1.0,128,1,1,560,0.00569712498690933,0.015725834004115313,740671488,0.8828125
76ba8a78acd91bf5,svhn,ssb-v1-block,cnn,protocol-v3,1.0,128,1,1,561,0.005712375044822693,0.015503583010286093,740671488,0.859375
76ba8a78acd91bf5,svhn,ssb-v1-block,cnn,protocol-v3,1.0,128,1,1,562,0.005723499984014779,0.015565917012281716,740671488,0.859375
76ba8a78acd91bf5,svhn,ssb-v1-block,cnn,protocol-v3,1.0,128,1,1,563,0.005715958017390221,0.015533500001765788,740671488,0.84375
76ba8a78acd91bf5,svhn,ssb-v1-block,cnn,protocol-v3,1.0,128,1,1,564,0.0057373750023543835,0.01559712499147281,740687872,0.828125
76ba8a78acd91bf5,svhn,ssb-v1-block,cnn,protocol-v3,1.0,128,1,1,565,0.00573412497760728,0.015600042010191828,740687872,0.84375
76ba8a78acd91bf5,svhn,ssb-v1-block,cnn,protocol-v3,1.0,128,1,1,566,0.005710040975827724,0.01557358301943168,740687872,0.8359375
76ba8a78acd91bf5,svhn,ssb-v1-block,cnn,protocol-v3,1.0,128,1,1,567,0.005723499984014779,0.015582083025947213,740687872,0.8515625
76ba8a78acd91bf5,svhn,ssb-v1-block,cnn,protocol-v3,1.0,128,1,1,568,0.0057073329808190465,0.015578166989143938,740687872,0.8671875
76ba8a78acd91bf5,svhn,ssb-v1-block,cnn,protocol-v3,1.0,128,1,1,569,0.005708167038392276,0.015465999953448772,740687872,0.890625
76ba8a78acd91bf5,svhn,ssb-v1-block,cnn,protocol-v3,1.0,128,1,1,570,0.005702583002857864,0.015608458023052663,740687872,0.8671875
76ba8a78acd91bf5,svhn,ssb-v1-block,cnn,protocol-v3,1.0,128,1,1,571,0.0057268329546786845,0.015574041986837983,740687872,0.9140625
76ba8a78acd91bf5,svhn,ssb-v1-block,cnn,protocol-v3,1.0,128,1,1,572,0.01568012498319149,0.05277804197976366,757022720,0.8292682926829268
76ba8a78acd91bf5,svhn,ssb-v1-block,cnn,protocol-v3,1.0,128,1,2,0,0.005980583024211228,0.01631716702831909,771342336,0.8828125
76ba8a78acd91bf5,svhn,ssb-v1-block,cnn,protocol-v3,1.0,128,1,2,1,0.005802916013635695,0.01576537499204278,772833280,0.8984375
76ba8a78acd91bf5,svhn,ssb-v1-block,cnn,protocol-v3,1.0,128,1,2,2,0.005786083987914026,0.015656584000680596,772849664,0.84375
76ba8a78acd91bf5,svhn,ssb-v1-block,cnn,protocol-v3,1.0,128,1,2,3,0.00576425000326708,0.015531749988440424,772849664,0.90625
76ba8a78acd91bf5,svhn,ssb-v1-block,cnn,protocol-v3,1.0,128,1,2,4,0.005778290971647948,0.0156777499942109,772849664,0.890625
76ba8a78acd91bf5,svhn,ssb-v1-block,cnn,protocol-v3,1.0,128,1,2,5,0.006011624995153397,0.016477583965752274,772849664,0.8671875
76ba8a78acd91bf5,svhn,ssb-v1-block,cnn,protocol-v3,1.0,128,1,2,6,0.005756292026489973,0.015600332990288734,772849664,0.9140625
76ba8a78acd91bf5,svhn,ssb-v1-block,cnn,protocol-v3,1.0,128,1,2,7,0.005787916015833616,0.015524457965511829,772849664,0.8671875
76ba8a78acd91bf5,svhn,ssb-v1-block,cnn,protocol-v3,1.0,128,1,2,8,0.005774291988927871,0.015638375014532357,772849664,0.828125
76ba8a78acd91bf5,svhn,ssb-v1-block,cnn,protocol-v3,1.0,128,1,2,9,0.00571825000224635,0.015544415975455195,772849664,0.921875
76ba8a78acd91bf5,svhn,ssb-v1-block,cnn,protocol-v3,1.0,128,1,2,10,0.005732916004490107,0.01594266702886671,772849664,0.9375
76ba8a78acd91bf5,svhn,ssb-v1-block,cnn,protocol-v3,1.0,128,1,2,11,0.005744583031628281,0.015629167028237134,772849664,0.828125
76ba8a78acd91bf5,svhn,ssb-v1-block,cnn,protocol-v3,1.0,128,1,2,12,0.005742707988247275,0.01557887502713129,772849664,0.90625
76ba8a78acd91bf5,svhn,ssb-v1-block,cnn,protocol-v3,1.0,128,1,2,13,0.005738999985624105,0.015597207995597273,772849664,0.8828125
76ba8a78acd91bf5,svhn,ssb-v1-block,cnn,protocol-v3,1.0,128,1,2,14,0.005724040966015309,0.015637083968613297,772849664,0.8671875
76ba8a78acd91bf5,svhn,ssb-v1-block,cnn,protocol-v3,1.0,128,1,2,15,0.005750124983023852,0.01565804099664092,772866048,0.8515625
76ba8a78acd91bf5,svhn,ssb-v1-block,cnn,protocol-v3,1.0,128,1,2,16,0.005747666000388563,0.015536958002485335,772882432,0.90625
76ba8a78acd91bf5,svhn,ssb-v1-block,cnn,protocol-v3,1.0,128,1,2,17,0.005863624974153936,0.0156190000125207,772898816,0.859375
76ba8a78acd91bf5,svhn,ssb-v1-block,cnn,protocol-v3,1.0,128,1,2,18,0.0057775829918682575,0.015564417000859976,772898816,0.8515625
76ba8a78acd91bf5,svhn,ssb-v1-block,cnn,protocol-v3,1.0,128,1,2,19,0.005750750016886741,0.0155782499932684,772931584,0.9140625
76ba8a78acd91bf5,svhn,ssb-v1-block,cnn,protocol-v3,1.0,128,1,2,20,0.005773166019935161,0.015602624975144863,772931584,0.8671875
76ba8a78acd91bf5,svhn,ssb-v1-block,cnn,protocol-v3,1.0,128,1,2,21,0.0057417089701630175,0.015432916989084333,772931584,0.9140625
76ba8a78acd91bf5,svhn,ssb-v1-block,cnn,protocol-v3,1.0,128,1,2,22,0.005757707986049354,0.01562816696241498,772931584,0.8828125
76ba8a78acd91bf5,svhn,ssb-v1-block,cnn,protocol-v3,1.0,128,1,2,23,0.005721499968785793,0.015666374994907528,772931584,0.859375
76ba8a78acd91bf5,svhn,ssb-v1-block,cnn,protocol-v3,1.0,128,1,2,24,0.0057634999975562096,0.015655625029467046,772947968,0.9140625
76ba8a78acd91bf5,svhn,ssb-v1-block,cnn,protocol-v3,1.0,128,1,2,25,0.005720083019696176,0.015662624966353178,772947968,0.890625
76ba8a78acd91bf5,svhn,ssb-v1-block,cnn,protocol-v3,1.0,128,1,2,26,0.005828417022712529,0.01554345799377188,772947968,0.8828125
76ba8a78acd91bf5,svhn,ssb-v1-block,cnn,protocol-v3,1.0,128,1,2,27,0.005738165986258537,0.015651041001547128,772947968,0.9375
76ba8a78acd91bf5,svhn,ssb-v1-block,cnn,protocol-v3,1.0,128,1,2,28,0.005736541992519051,0.015477416978683323,772947968,0.8671875
76ba8a78acd91bf5,svhn,ssb-v1-block,cnn,protocol-v3,1.0,128,1,2,29,0.005715167033486068,0.015583665983285755,772947968,0.84375
76ba8a78acd91bf5,svhn,ssb-v1-block,cnn,protocol-v3,1.0,128,1,2,30,0.005710416997317225,0.015473290986847132,772964352,0.8671875
76ba8a78acd91bf5,svhn,ssb-v1-block,cnn,protocol-v3,1.0,128,1,2,31,0.005746000038925558,0.015578542021103203,772964352,0.859375
76ba8a78acd91bf5,svhn,ssb-v1-block,cnn,protocol-v3,1.0,128,1,2,32,0.005708958022296429,0.015568833972793072,772964352,0.8203125
76ba8a78acd91bf5,svhn,ssb-v1-block,cnn,protocol-v3,1.0,128,1,2,33,0.005815500044263899,0.01574037497630343,772964352,0.84375
76ba8a78acd91bf5,svhn,ssb-v1-block,cnn,protocol-v3,1.0,128,1,2,34,0.005986250005662441,0.01851016702130437,772964352,0.859375
76ba8a78acd91bf5,svhn,ssb-v1-block,cnn,protocol-v3,1.0,128,1,2,35,0.006596958031877875,0.018674666003789753,772964352,0.9140625
76ba8a78acd91bf5,svhn,ssb-v1-block,cnn,protocol-v3,1.0,128,1,2,36,0.006640084029641002,0.01858016598271206,772964352,0.8671875
76ba8a78acd91bf5,svhn,ssb-v1-block,cnn,protocol-v3,1.0,128,1,2,37,0.008099333965219557,0.02109858300536871,773210112,0.890625
76ba8a78acd91bf5,svhn,ssb-v1-block,cnn,protocol-v3,1.0,128,1,2,38,0.00800279201939702,0.021745042002294213,776519680,0.859375
76ba8a78acd91bf5,svhn,ssb-v1-block,cnn,protocol-v3,1.0,128,1,2,39,0.007399709022138268,0.021956416021566838,778158080,0.8984375
76ba8a78acd91bf5,svhn,ssb-v1-block,cnn,protocol-v3,1.0,128,1,2,40,0.008079208026174456,0.02369995805202052,781451264,0.859375
76ba8a78acd91bf5,svhn,ssb-v1-block,cnn,protocol-v3,1.0,128,1,2,41,0.007796499994583428,0.023673292016610503,781451264,0.890625
76ba8a78acd91bf5,svhn,ssb-v1-block,cnn,protocol-v3,1.0,128,1,2,42,0.008219041978009045,0.024475959013216197,781451264,0.8671875
76ba8a78acd91bf5,svhn,ssb-v1-block,cnn,protocol-v3,1.0,128,1,2,43,0.007725666975602508,0.02264354203362018,781451264,0.8671875
76ba8a78acd91bf5,svhn,ssb-v1-block,cnn,protocol-v3,1.0,128,1,2,44,0.007703792012762278,0.02105425001354888,781451264,0.859375
76ba8a78acd91bf5,svhn,ssb-v1-block,cnn,protocol-v3,1.0,128,1,2,45,0.0063335419981740415,0.016122000000905246,781451264,0.8046875
76ba8a78acd91bf5,svhn,ssb-v1-block,cnn,protocol-v3,1.0,128,1,2,46,0.00576125003863126,0.01555925002321601,781451264,0.859375
76ba8a78acd91bf5,svhn,ssb-v1-block,cnn,protocol-v3,1.0,128,1,2,47,0.005731665994971991,0.015480791975278407,781451264,0.8828125
76ba8a78acd91bf5,svhn,ssb-v1-block,cnn,protocol-v3,1.0,128,1,2,48,0.005771208030637354,0.01558579201810062,781451264,0.8671875
76ba8a78acd91bf5,svhn,ssb-v1-block,cnn,protocol-v3,1.0,128,1,2,49,0.005726874980609864,0.015655416005756706,781467648,0.8671875
76ba8a78acd91bf5,svhn,ssb-v1-block,cnn,protocol-v3,1.0,128,1,2,50,0.005731707962695509,0.01561754196882248,781467648,0.875
76ba8a78acd91bf5,svhn,ssb-v1-block,cnn,protocol-v3,1.0,128,1,2,51,0.005732916994020343,0.015622458013240248,781467648,0.828125
76ba8a78acd91bf5,svhn,ssb-v1-block,cnn,protocol-v3,1.0,128,1,2,52,0.0057240420137532055,0.015474791987799108,781467648,0.8984375
76ba8a78acd91bf5,svhn,ssb-v1-block,cnn,protocol-v3,1.0,128,1,2,53,0.006002457987051457,0.015608957968652248,781467648,0.8984375
76ba8a78acd91bf5,svhn,ssb-v1-block,cnn,protocol-v3,1.0,128,1,2,54,0.0057308339746668935,0.015584582986775786,781467648,0.8671875
76ba8a78acd91bf5,svhn,ssb-v1-block,cnn,protocol-v3,1.0,128,1,2,55,0.00572441698750481,0.016536915965843946,781467648,0.9375
76ba8a78acd91bf5,svhn,ssb-v1-block,cnn,protocol-v3,1.0,128,1,2,56,0.0057247920194640756,0.01561154203955084,781467648,0.859375
76ba8a78acd91bf5,svhn,ssb-v1-block,cnn,protocol-v3,1.0,128,1,2,57,0.005734041973482817,0.015607749985065311,781467648,0.8828125
76ba8a78acd91bf5,svhn,ssb-v1-block,cnn,protocol-v3,1.0,128,1,2,58,0.00573262496618554,0.015484542003832757,783040512,0.84375
76ba8a78acd91bf5,svhn,ssb-v1-block,cnn,protocol-v3,1.0,128,1,2,59,0.005719499953556806,0.015595417004078627,783040512,0.875
76ba8a78acd91bf5,svhn,ssb-v1-block,cnn,protocol-v3,1.0,128,1,2,60,0.005687040975317359,0.01559470797656104,783040512,0.8984375
76ba8a78acd91bf5,svhn,ssb-v1-block,cnn,protocol-v3,1.0,128,1,2,61,0.005727083014789969,0.01542275003157556,783056896,0.8046875
76ba8a78acd91bf5,svhn,ssb-v1-block,cnn,protocol-v3,1.0,128,1,2,62,0.005797124991659075,0.015612207993399352,783056896,0.8984375
76ba8a78acd91bf5,svhn,ssb-v1-block,cnn,protocol-v3,1.0,128,1,2,63,0.005728999967686832,0.015534750011283904,783056896,0.84375
76ba8a78acd91bf5,svhn,ssb-v1-block,cnn,protocol-v3,1.0,128,1,2,64,0.005761958018410951,0.01565974997356534,783056896,0.9140625
76ba8a78acd91bf5,svhn,ssb-v1-block,cnn,protocol-v3,1.0,128,1,2,65,0.0057171250227838755,0.015486999996937811,783056896,0.859375
76ba8a78acd91bf5,svhn,ssb-v1-block,cnn,protocol-v3,1.0,128,1,2,66,0.005712750018574297,0.015571125026326627,783073280,0.8515625
76ba8a78acd91bf5,svhn,ssb-v1-block,cnn,protocol-v3,1.0,128,1,2,67,0.005737000028602779,0.01562408305471763,783073280,0.8671875
76ba8a78acd91bf5,svhn,ssb-v1-block,cnn,protocol-v3,1.0,128,1,2,68,0.005721084016840905,0.015534042031504214,783073280,0.8984375
76ba8a78acd91bf5,svhn,ssb-v1-block,cnn,protocol-v3,1.0,128,1,2,69,0.005724708025809377,0.01671616599196568,783073280,0.8671875
76ba8a78acd91bf5,svhn,ssb-v1-block,cnn,protocol-v3,1.0,128,1,2,70,0.005719584005419165,0.015557333012111485,783073280,0.8984375
76ba8a78acd91bf5,svhn,ssb-v1-block,cnn,protocol-v3,1.0,128,1,2,71,0.005742000008467585,0.015484750038012862,783073280,0.890625
76ba8a78acd91bf5,svhn,ssb-v1-block,cnn,protocol-v3,1.0,128,1,2,72,0.005740166991017759,0.015610166999977082,783073280,0.90625
76ba8a78acd91bf5,svhn,ssb-v1-block,cnn,protocol-v3,1.0,128,1,2,73,0.006335208017844707,0.01590033300453797,783073280,0.890625
76ba8a78acd91bf5,svhn,ssb-v1-block,cnn,protocol-v3,1.0,128,1,2,74,0.0057030420284718275,0.015936417039483786,783073280,0.890625
76ba8a78acd91bf5,svhn,ssb-v1-block,cnn,protocol-v3,1.0,128,1,2,75,0.005725791968870908,0.015594583004713058,783073280,0.859375
76ba8a78acd91bf5,svhn,ssb-v1-block,cnn,protocol-v3,1.0,128,1,2,76,0.00573412497760728,0.015576459001749754,783089664,0.90625
76ba8a78acd91bf5,svhn,ssb-v1-block,cnn,protocol-v3,1.0,128,1,2,77,0.005730499979108572,0.015509208024013788,783089664,0.859375
76ba8a78acd91bf5,svhn,ssb-v1-block,cnn,protocol-v3,1.0,128,1,2,78,0.0057898329687304795,0.015617624972946942,783089664,0.8671875
76ba8a78acd91bf5,svhn,ssb-v1-block,cnn,protocol-v3,1.0,128,1,2,79,0.005699458008166403,0.015494958031922579,783106048,0.8359375
76ba8a78acd91bf5,svhn,ssb-v1-block,cnn,protocol-v3,1.0,128,1,2,80,0.005721624998841435,0.01555420900695026,783106048,0.890625
76ba8a78acd91bf5,svhn,ssb-v1-block,cnn,protocol-v3,1.0,128,1,2,81,0.005722417030483484,0.015486749995034188,783106048,0.90625
76ba8a78acd91bf5,svhn,ssb-v1-block,cnn,protocol-v3,1.0,128,1,2,82,0.0057264589704573154,0.015607375011313707,783106048,0.9375
76ba8a78acd91bf5,svhn,ssb-v1-block,cnn,protocol-v3,1.0,128,1,2,83,0.005728457996156067,0.015653207956347615,783106048,0.875
76ba8a78acd91bf5,svhn,ssb-v1-block,cnn,protocol-v3,1.0,128,1,2,84,0.0057243750197812915,0.015466792043298483,783106048,0.859375
76ba8a78acd91bf5,svhn,ssb-v1-block,cnn,protocol-v3,1.0,128,1,2,85,0.005746499984525144,0.015541290980763733,783106048,0.8515625
76ba8a78acd91bf5,svhn,ssb-v1-block,cnn,protocol-v3,1.0,128,1,2,86,0.005723375012166798,0.015588416950777173,783106048,0.8515625
76ba8a78acd91bf5,svhn,ssb-v1-block,cnn,protocol-v3,1.0,128,1,2,87,0.0056950419675558805,0.01556908298516646,783106048,0.90625
76ba8a78acd91bf5,svhn,ssb-v1-block,cnn,protocol-v3,1.0,128,1,2,88,0.005718457978218794,0.0162333749467507,783106048,0.890625
76ba8a78acd91bf5,svhn,ssb-v1-block,cnn,protocol-v3,1.0,128,1,2,89,0.005721374996937811,0.01559862500289455,783106048,0.8671875
76ba8a78acd91bf5,svhn,ssb-v1-block,cnn,protocol-v3,1.0,128,1,2,90,0.005707499978598207,0.01558499998645857,783106048,0.875
76ba8a78acd91bf5,svhn,ssb-v1-block,cnn,protocol-v3,1.0,128,1,2,91,0.005716916988603771,0.015567458001896739,783106048,0.8984375
76ba8a78acd91bf5,svhn,ssb-v1-block,cnn,protocol-v3,1.0,128,1,2,92,0.005750165961217135,0.015699249983299524,783106048,0.921875
76ba8a78acd91bf5,svhn,ssb-v1-block,cnn,protocol-v3,1.0,128,1,2,93,0.00574220804264769,0.015507709002122283,783106048,0.9140625
76ba8a78acd91bf5,svhn,ssb-v1-block,cnn,protocol-v3,1.0,128,1,2,94,0.0057287089875899255,0.015561750042252243,783106048,0.84375
76ba8a78acd91bf5,svhn,ssb-v1-block,cnn,protocol-v3,1.0,128,1,2,95,0.005717583000659943,0.015782375005073845,783122432,0.84375
76ba8a78acd91bf5,svhn,ssb-v1-block,cnn,protocol-v3,1.0,128,1,2,96,0.005694416991900653,0.015585415996611118,783122432,0.8671875
76ba8a78acd91bf5,svhn,ssb-v1-block,cnn,protocol-v3,1.0,128,1,2,97,0.005731125012971461,0.015517416002694517,783122432,0.8515625
76ba8a78acd91bf5,svhn,ssb-v1-block,cnn,protocol-v3,1.0,128,1,2,98,0.005715915991459042,0.015472999948542565,783122432,0.890625
76ba8a78acd91bf5,svhn,ssb-v1-block,cnn,protocol-v3,1.0,128,1,2,99,0.00572479102993384,0.015575333964079618,783122432,0.8828125
76ba8a78acd91bf5,svhn,ssb-v1-block,cnn,protocol-v3,1.0,128,1,2,100,0.0057053750497289,0.015585665998514742,783122432,0.84375
76ba8a78acd91bf5,svhn,ssb-v1-block,cnn,protocol-v3,1.0,128,1,2,101,0.0057344589731656015,0.015444874996319413,783122432,0.8671875
76ba8a78acd91bf5,svhn,ssb-v1-block,cnn,protocol-v3,1.0,128,1,2,102,0.005727750016376376,0.015577707963529974,783122432,0.90625
76ba8a78acd91bf5,svhn,ssb-v1-block,cnn,protocol-v3,1.0,128,1,2,103,0.005779207975137979,0.015441875031683594,783138816,0.8671875
76ba8a78acd91bf5,svhn,ssb-v1-block,cnn,protocol-v3,1.0,128,1,2,104,0.005713833030313253,0.015570208022836596,783138816,0.8671875
76ba8a78acd91bf5,svhn,ssb-v1-block,cnn,protocol-v3,1.0,128,1,2,105,0.005718416010495275,0.015698749979492277,783138816,0.875
76ba8a78acd91bf5,svhn,ssb-v1-block,cnn,protocol-v3,1.0,128,1,2,106,0.005709458026103675,0.015919750032480806,783138816,0.921875
76ba8a78acd91bf5,svhn,ssb-v1-block,cnn,protocol-v3,1.0,128,1,2,107,0.005729166965465993,0.015550082956906408,783138816,0.890625
76ba8a78acd91bf5,svhn,ssb-v1-block,cnn,protocol-v3,1.0,128,1,2,108,0.005742666020523757,0.015590458002407104,783138816,0.90625
76ba8a78acd91bf5,svhn,ssb-v1-block,cnn,protocol-v3,1.0,128,1,2,109,0.005698000022675842,0.015510917000938207,783138816,0.859375
76ba8a78acd91bf5,svhn,ssb-v1-block,cnn,protocol-v3,1.0,128,1,2,110,0.005723708018194884,0.015576207952108234,783138816,0.875
76ba8a78acd91bf5,svhn,ssb-v1-block,cnn,protocol-v3,1.0,128,1,2,111,0.005690791003871709,0.015460124996025115,783155200,0.890625
76ba8a78acd91bf5,svhn,ssb-v1-block,cnn,protocol-v3,1.0,128,1,2,112,0.005722709000110626,0.015735333028715104,783155200,0.84375
76ba8a78acd91bf5,svhn,ssb-v1-block,cnn,protocol-v3,1.0,128,1,2,113,0.005703958973754197,0.015444208984263241,783155200,0.8203125
76ba8a78acd91bf5,svhn,ssb-v1-block,cnn,protocol-v3,1.0,128,1,2,114,0.005703542032279074,0.01566633296897635,783155200,0.8671875
76ba8a78acd91bf5,svhn,ssb-v1-block,cnn,protocol-v3,1.0,128,1,2,115,0.005725041963160038,0.015476457949262112,783155200,0.8984375
76ba8a78acd91bf5,svhn,ssb-v1-block,cnn,protocol-v3,1.0,128,1,2,116,0.005705000017769635,0.015571666008327156,783171584,0.9453125
76ba8a78acd91bf5,svhn,ssb-v1-block,cnn,protocol-v3,1.0,128,1,2,117,0.005737291998229921,0.015566666959784925,783187968,0.9140625
76ba8a78acd91bf5,svhn,ssb-v1-block,cnn,protocol-v3,1.0,128,1,2,118,0.005723540962208062,0.015529834025073797,783187968,0.8359375
76ba8a78acd91bf5,svhn,ssb-v1-block,cnn,protocol-v3,1.0,128,1,2,119,0.005719167005736381,0.01555508398450911,783187968,0.8828125
76ba8a78acd91bf5,svhn,ssb-v1-block,cnn,protocol-v3,1.0,128,1,2,120,0.005699832981918007,0.015549041971098632,783204352,0.8671875
76ba8a78acd91bf5,svhn,ssb-v1-block,cnn,protocol-v3,1.0,128,1,2,121,0.005717208026908338,0.01552929199533537,783204352,0.921875
76ba8a78acd91bf5,svhn,ssb-v1-block,cnn,protocol-v3,1.0,128,1,2,122,0.005731709010433406,0.015558541985228658,783204352,0.8359375
76ba8a78acd91bf5,svhn,ssb-v1-block,cnn,protocol-v3,1.0,128,1,2,123,0.005716832994949073,0.015580167004372925,783204352,0.875
76ba8a78acd91bf5,svhn,ssb-v1-block,cnn,protocol-v3,1.0,128,1,2,124,0.005704042036086321,0.01540145801845938,783204352,0.859375
76ba8a78acd91bf5,svhn,ssb-v1-block,cnn,protocol-v3,1.0,128,1,2,125,0.005710249999538064,0.015564166998956352,783204352,0.828125
76ba8a78acd91bf5,svhn,ssb-v1-block,cnn,protocol-v3,1.0,128,1,2,126,0.005714749975595623,0.015549416013527662,783204352,0.8515625
76ba8a78acd91bf5,svhn,ssb-v1-block,cnn,protocol-v3,1.0,128,1,2,127,0.005715832987334579,0.015536457998678088,783204352,0.796875
76ba8a78acd91bf5,svhn,ssb-v1-block,cnn,protocol-v3,1.0,128,1,2,128,0.005716292012948543,0.015588165959343314,783204352,0.8515625
76ba8a78acd91bf5,svhn,ssb-v1-block,cnn,protocol-v3,1.0,128,1,2,129,0.005719250009860843,0.015604083018843085,783204352,0.9140625
76ba8a78acd91bf5,svhn,ssb-v1-block,cnn,protocol-v3,1.0,128,1,2,130,0.005739832995459437,0.01560816599521786,783204352,0.828125
76ba8a78acd91bf5,svhn,ssb-v1-block,cnn,protocol-v3,1.0,128,1,2,131,0.005694749997928739,0.015389084001071751,783204352,0.828125
76ba8a78acd91bf5,svhn,ssb-v1-block,cnn,protocol-v3,1.0,128,1,2,132,0.005679791036527604,0.01556841703131795,783204352,0.875
76ba8a78acd91bf5,svhn,ssb-v1-block,cnn,protocol-v3,1.0,128,1,2,133,0.005704250012058765,0.015543332963716239,783237120,0.84375
76ba8a78acd91bf5,svhn,ssb-v1-block,cnn,protocol-v3,1.0,128,1,2,134,0.0057298330357298255,0.01558870798908174,783237120,0.90625
76ba8a78acd91bf5,svhn,ssb-v1-block,cnn,protocol-v3,1.0,128,1,2,135,0.005717958032619208,0.01557979203062132,783237120,0.8515625
76ba8a78acd91bf5,svhn,ssb-v1-block,cnn,protocol-v3,1.0,128,1,2,136,0.005710166995413601,0.015593874966725707,783237120,0.8515625
76ba8a78acd91bf5,svhn,ssb-v1-block,cnn,protocol-v3,1.0,128,1,2,137,0.005708457960281521,0.015578749997075647,783253504,0.7890625
76ba8a78acd91bf5,svhn,ssb-v1-block,cnn,protocol-v3,1.0,128,1,2,138,0.005715415987651795,0.015560790954623371,783253504,0.9140625
76ba8a78acd91bf5,svhn,ssb-v1-block,cnn,protocol-v3,1.0,128,1,2,139,0.005735333019401878,0.015579083992633969,783253504,0.90625
76ba8a78acd91bf5,svhn,ssb-v1-block,cnn,protocol-v3,1.0,128,1,2,140,0.005720499961171299,0.015601459017489105,783269888,0.828125
76ba8a78acd91bf5,svhn,ssb-v1-block,cnn,protocol-v3,1.0,128,1,2,141,0.005705583025701344,0.016006375022698194,783269888,0.8671875
76ba8a78acd91bf5,svhn,ssb-v1-block,cnn,protocol-v3,1.0,128,1,2,142,0.005708166980184615,0.015598582976963371,783269888,0.8828125
76ba8a78acd91bf5,svhn,ssb-v1-block,cnn,protocol-v3,1.0,128,1,2,143,0.005737208004575223,0.015605624997988343,783269888,0.8515625
76ba8a78acd91bf5,svhn,ssb-v1-block,cnn,protocol-v3,1.0,128,1,2,144,0.0057204170152544975,0.0155510000186041,783269888,0.90625
76ba8a78acd91bf5,svhn,ssb-v1-block,cnn,protocol-v3,1.0,128,1,2,145,0.005714083032216877,0.015570832998491824,783269888,0.9140625
76ba8a78acd91bf5,svhn,ssb-v1-block,cnn,protocol-v3,1.0,128,1,2,146,0.005720499961171299,0.0156372920027934,783302656,0.8515625
76ba8a78acd91bf5,svhn,ssb-v1-block,cnn,protocol-v3,1.0,128,1,2,147,0.0057171250227838755,0.015505791991017759,783319040,0.875
76ba8a78acd91bf5,svhn,ssb-v1-block,cnn,protocol-v3,1.0,128,1,2,148,0.005729000025894493,0.01550870802020654,783335424,0.875
76ba8a78acd91bf5,svhn,ssb-v1-block,cnn,protocol-v3,1.0,128,1,2,149,0.00572479102993384,0.01548237499082461,783335424,0.890625
76ba8a78acd91bf5,svhn,ssb-v1-block,cnn,protocol-v3,1.0,128,1,2,150,0.005710750003345311,0.015576916979625821,783335424,0.8828125
76ba8a78acd91bf5,svhn,ssb-v1-block,cnn,protocol-v3,1.0,128,1,2,151,0.0057220000308007,0.015448333986569196,783335424,0.875
76ba8a78acd91bf5,svhn,ssb-v1-block,cnn,protocol-v3,1.0,128,1,2,152,0.005784874956589192,0.015542417007964104,783351808,0.8515625
76ba8a78acd91bf5,svhn,ssb-v1-block,cnn,protocol-v3,1.0,128,1,2,153,0.005717833002563566,0.015416082984302193,783351808,0.8828125
76ba8a78acd91bf5,svhn,ssb-v1-block,cnn,protocol-v3,1.0,128,1,2,154,0.005722208006773144,0.015589540998917073,783351808,0.890625
76ba8a78acd91bf5,svhn,ssb-v1-block,cnn,protocol-v3,1.0,128,1,2,155,0.005723375012166798,0.015568125003483146,783351808,0.875
76ba8a78acd91bf5,svhn,ssb-v1-block,cnn,protocol-v3,1.0,128,1,2,156,0.005728125048335642,0.015559708001092076,783351808,0.875
76ba8a78acd91bf5,svhn,ssb-v1-block,cnn,protocol-v3,1.0,128,1,2,157,0.005718457978218794,0.015541874978225678,783351808,0.875
76ba8a78acd91bf5,svhn,ssb-v1-block,cnn,protocol-v3,1.0,128,1,2,158,0.005733832949772477,0.015592375013511628,783368192,0.8671875
76ba8a78acd91bf5,svhn,ssb-v1-block,cnn,protocol-v3,1.0,128,1,2,159,0.005724875023588538,0.016301625000778586,783368192,0.9453125
76ba8a78acd91bf5,svhn,ssb-v1-block,cnn,protocol-v3,1.0,128,1,2,160,0.005720042041502893,0.01546870800666511,783368192,0.875
76ba8a78acd91bf5,svhn,ssb-v1-block,cnn,protocol-v3,1.0,128,1,2,161,0.005712500016670674,0.015543625049758703,783368192,0.8828125
76ba8a78acd91bf5,svhn,ssb-v1-block,cnn,protocol-v3,1.0,128,1,2,162,0.005714500031899661,0.01546633301768452,783368192,0.8828125
76ba8a78acd91bf5,svhn,ssb-v1-block,cnn,protocol-v3,1.0,128,1,2,163,0.005746916984207928,0.015614999982062727,783368192,0.84375
76ba8a78acd91bf5,svhn,ssb-v1-block,cnn,protocol-v3,1.0,128,1,2,164,0.005729625001549721,0.01551808399381116,783368192,0.890625
76ba8a78acd91bf5,svhn,ssb-v1-block,cnn,protocol-v3,1.0,128,1,2,165,0.005721249966882169,0.015530332981143147,783368192,0.8984375
76ba8a78acd91bf5,svhn,ssb-v1-block,cnn,protocol-v3,1.0,128,1,2,166,0.005945749988313764,0.015602750005200505,783368192,0.890625
76ba8a78acd91bf5,svhn,ssb-v1-block,cnn,protocol-v3,1.0,128,1,2,167,0.005718708969652653,0.015561792009975761,783368192,0.890625
76ba8a78acd91bf5,svhn,ssb-v1-block,cnn,protocol-v3,1.0,128,1,2,168,0.005714000028092414,0.016368709038943052,783368192,0.859375
76ba8a78acd91bf5,svhn,ssb-v1-block,cnn,protocol-v3,1.0,128,1,2,169,0.005718500004149973,0.015564333007205278,783368192,0.9296875
76ba8a78acd91bf5,svhn,ssb-v1-block,cnn,protocol-v3,1.0,128,1,2,170,0.005724832997657359,0.015476249973289669,783384576,0.84375
76ba8a78acd91bf5,svhn,ssb-v1-block,cnn,protocol-v3,1.0,128,1,2,171,0.005715041013900191,0.015585582994390279,783384576,0.9140625
76ba8a78acd91bf5,svhn,ssb-v1-block,cnn,protocol-v3,1.0,128,1,2,172,0.005699625005945563,0.015494292019866407,783400960,0.890625
76ba8a78acd91bf5,svhn,ssb-v1-block,cnn,protocol-v3,1.0,128,1,2,173,0.0063390000141225755,0.016428291972260922,783417344,0.8984375
76ba8a78acd91bf5,svhn,ssb-v1-block,cnn,protocol-v3,1.0,128,1,2,174,0.00571729097282514,0.015565583016723394,783450112,0.8828125
76ba8a78acd91bf5,svhn,ssb-v1-block,cnn,protocol-v3,1.0,128,1,2,175,0.005703500006347895,0.015530082979239523,783450112,0.921875
76ba8a78acd91bf5,svhn,ssb-v1-block,cnn,protocol-v3,1.0,128,1,2,176,0.005716665997169912,0.015799832995980978,783450112,0.875
76ba8a78acd91bf5,svhn,ssb-v1-block,cnn,protocol-v3,1.0,128,1,2,177,0.0057113340008072555,0.015539291023742408,783450112,0.890625
76ba8a78acd91bf5,svhn,ssb-v1-block,cnn,protocol-v3,1.0,128,1,2,178,0.005699832981918007,0.015446166973561049,783450112,0.8671875
76ba8a78acd91bf5,svhn,ssb-v1-block,cnn,protocol-v3,1.0,128,1,2,179,0.005725166003685445,0.015531999990344048,783450112,0.875
76ba8a78acd91bf5,svhn,ssb-v1-block,cnn,protocol-v3,1.0,128,1,2,180,0.005810625036247075,0.015417624963447452,783450112,0.8671875
76ba8a78acd91bf5,svhn,ssb-v1-block,cnn,protocol-v3,1.0,128,1,2,181,0.005729208991397172,0.015582499967422336,783450112,0.8828125
76ba8a78acd91bf5,svhn,ssb-v1-block,cnn,protocol-v3,1.0,128,1,2,182,0.0057295000297017395,0.015562832995783538,783450112,0.875
76ba8a78acd91bf5,svhn,ssb-v1-block,cnn,protocol-v3,1.0,128,1,2,183,0.005679416994098574,0.015511790988966823,783450112,0.875
76ba8a78acd91bf5,svhn,ssb-v1-block,cnn,protocol-v3,1.0,128,1,2,184,0.005736415972933173,0.01549604203319177,783450112,0.8671875
76ba8a78acd91bf5,svhn,ssb-v1-block,cnn,protocol-v3,1.0,128,1,2,185,0.005711750010959804,0.015610000002197921,783450112,0.8828125
76ba8a78acd91bf5,svhn,ssb-v1-block,cnn,protocol-v3,1.0,128,1,2,186,0.005749625037424266,0.01564012502785772,783450112,0.875
76ba8a78acd91bf5,svhn,ssb-v1-block,cnn,protocol-v3,1.0,128,1,2,187,0.005714875005651265,0.015572207979857922,783466496,0.8671875
76ba8a78acd91bf5,svhn,ssb-v1-block,cnn,protocol-v3,1.0,128,1,2,188,0.005720208981074393,0.015564083005301654,783466496,0.84375
76ba8a78acd91bf5,svhn,ssb-v1-block,cnn,protocol-v3,1.0,128,1,2,189,0.006029709009453654,0.015516624960582703,783466496,0.8828125
76ba8a78acd91bf5,svhn,ssb-v1-block,cnn,protocol-v3,1.0,128,1,2,190,0.0057135000242851675,0.015617791039403528,783466496,0.859375
76ba8a78acd91bf5,svhn,ssb-v1-block,cnn,protocol-v3,1.0,128,1,2,191,0.005734040983952582,0.015497834014240652,783466496,0.859375
76ba8a78acd91bf5,svhn,ssb-v1-block,cnn,protocol-v3,1.0,128,1,2,192,0.0057167920167557895,0.01551170798484236,783466496,0.8828125
76ba8a78acd91bf5,svhn,ssb-v1-block,cnn,protocol-v3,1.0,128,1,2,193,0.005697291984688491,0.015459833026397973,783466496,0.8515625
76ba8a78acd91bf5,svhn,ssb-v1-block,cnn,protocol-v3,1.0,128,1,2,194,0.005699666042346507,0.015576083038467914,783466496,0.90625
76ba8a78acd91bf5,svhn,ssb-v1-block,cnn,protocol-v3,1.0,128,1,2,195,0.005736583028919995,0.015566542046144605,783466496,0.890625
76ba8a78acd91bf5,svhn,ssb-v1-block,cnn,protocol-v3,1.0,128,1,2,196,0.005713374994229525,0.015575625002384186,783466496,0.8984375
76ba8a78acd91bf5,svhn,ssb-v1-block,cnn,protocol-v3,1.0,128,1,2,197,0.005857624986674637,0.01546483300626278,783482880,0.84375
76ba8a78acd91bf5,svhn,ssb-v1-block,cnn,protocol-v3,1.0,128,1,2,198,0.005714999977499247,0.015649624983780086,783482880,0.8671875
76ba8a78acd91bf5,svhn,ssb-v1-block,cnn,protocol-v3,1.0,128,1,2,199,0.005723832990042865,0.015607249981258065,783482880,0.875
76ba8a78acd91bf5,svhn,ssb-v1-block,cnn,protocol-v3,1.0,128,1,2,200,0.0057280000182799995,0.016597790992818773,783482880,0.890625
76ba8a78acd91bf5,svhn,ssb-v1-block,cnn,protocol-v3,1.0,128,1,2,201,0.0057529580080881715,0.01550670899450779,783482880,0.90625
76ba8a78acd91bf5,svhn,ssb-v1-block,cnn,protocol-v3,1.0,128,1,2,202,0.0057228749501518905,0.015561208012513816,783482880,0.8125
76ba8a78acd91bf5,svhn,ssb-v1-block,cnn,protocol-v3,1.0,128,1,2,203,0.0057051670155487955,0.015470209007617086,783482880,0.890625
76ba8a78acd91bf5,svhn,ssb-v1-block,cnn,protocol-v3,1.0,128,1,2,204,0.00571825000224635,0.015619250014424324,783499264,0.8828125
76ba8a78acd91bf5,svhn,ssb-v1-block,cnn,protocol-v3,1.0,128,1,2,205,0.005717416002880782,0.015610915957950056,783515648,0.890625
76ba8a78acd91bf5,svhn,ssb-v1-block,cnn,protocol-v3,1.0,128,1,2,206,0.005720167013350874,0.015537125000264496,783515648,0.7890625
76ba8a78acd91bf5,svhn,ssb-v1-block,cnn,protocol-v3,1.0,128,1,2,207,0.0057019160012714565,0.015467749966774136,783515648,0.84375
76ba8a78acd91bf5,svhn,ssb-v1-block,cnn,protocol-v3,1.0,128,1,2,208,0.005707875010557473,0.01559941697632894,783515648,0.890625
76ba8a78acd91bf5,svhn,ssb-v1-block,cnn,protocol-v3,1.0,128,1,2,209,0.005722875008359551,0.015619708981830627,783515648,0.9296875
76ba8a78acd91bf5,svhn,ssb-v1-block,cnn,protocol-v3,1.0,128,1,2,210,0.005721124995034188,0.015572750009596348,783532032,0.875
76ba8a78acd91bf5,svhn,ssb-v1-block,cnn,protocol-v3,1.0,128,1,2,211,0.005716708023101091,0.015585084038320929,783532032,0.8984375
76ba8a78acd91bf5,svhn,ssb-v1-block,cnn,protocol-v3,1.0,128,1,2,212,0.005698749970179051,0.015545125002972782,783532032,0.8828125
76ba8a78acd91bf5,svhn,ssb-v1-block,cnn,protocol-v3,1.0,128,1,2,213,0.005720166955143213,0.015597374993376434,783532032,0.9140625
76ba8a78acd91bf5,svhn,ssb-v1-block,cnn,protocol-v3,1.0,128,1,2,214,0.005683957948349416,0.015458667010534555,783532032,0.8984375
76ba8a78acd91bf5,svhn,ssb-v1-block,cnn,protocol-v3,1.0,128,1,2,215,0.005726583010982722,0.015552499971818179,783548416,0.90625
76ba8a78acd91bf5,svhn,ssb-v1-block,cnn,protocol-v3,1.0,128,1,2,216,0.005732582998462021,0.015585167042445391,783564800,0.8828125
76ba8a78acd91bf5,svhn,ssb-v1-block,cnn,protocol-v3,1.0,128,1,2,217,0.005727833020500839,0.01569691696204245,783564800,0.90625
76ba8a78acd91bf5,svhn,ssb-v1-block,cnn,protocol-v3,1.0,128,1,2,218,0.005690584017429501,0.01635283400537446,783581184,0.8515625
76ba8a78acd91bf5,svhn,ssb-v1-block,cnn,protocol-v3,1.0,128,1,2,219,0.005714208004064858,0.015657250012736768,783581184,0.8515625
76ba8a78acd91bf5,svhn,ssb-v1-block,cnn,protocol-v3,1.0,128,1,2,220,0.0057218330330215394,0.01545737503329292,783581184,0.8828125
76ba8a78acd91bf5,svhn,ssb-v1-block,cnn,protocol-v3,1.0,128,1,2,221,0.005732042016461492,0.015579166007228196,783581184,0.8828125
76ba8a78acd91bf5,svhn,ssb-v1-block,cnn,protocol-v3,1.0,128,1,2,222,0.005707999982405454,0.015515290957409889,783581184,0.8828125
76ba8a78acd91bf5,svhn,ssb-v1-block,cnn,protocol-v3,1.0,128,1,2,223,0.0057210829691030085,0.016774334013462067,783581184,0.8828125
76ba8a78acd91bf5,svhn,ssb-v1-block,cnn,protocol-v3,1.0,128,1,2,224,0.005701040965504944,0.015555082994978875,783581184,0.8125
76ba8a78acd91bf5,svhn,ssb-v1-block,cnn,protocol-v3,1.0,128,1,2,225,0.0057029579766094685,0.015583082975354046,783581184,0.90625
76ba8a78acd91bf5,svhn,ssb-v1-block,cnn,protocol-v3,1.0,128,1,2,226,0.005734207981731743,0.01549974997760728,783597568,0.8671875
76ba8a78acd91bf5,svhn,ssb-v1-block,cnn,protocol-v3,1.0,128,1,2,227,0.005732833000365645,0.015560500032734126,783597568,0.8984375
76ba8a78acd91bf5,svhn,ssb-v1-block,cnn,protocol-v3,1.0,128,1,2,228,0.005730541015509516,0.015566207992378622,783597568,0.84375
76ba8a78acd91bf5,svhn,ssb-v1-block,cnn,protocol-v3,1.0,128,1,2,229,0.005725791968870908,0.015588666952680796,783597568,0.8984375
76ba8a78acd91bf5,svhn,ssb-v1-block,cnn,protocol-v3,1.0,128,1,2,230,0.005709499993827194,0.015647542022634298,783597568,0.8671875
76ba8a78acd91bf5,svhn,ssb-v1-block,cnn,protocol-v3,1.0,128,1,2,231,0.005701292015146464,0.015554832993075252,783597568,0.890625
76ba8a78acd91bf5,svhn,ssb-v1-block,cnn,protocol-v3,1.0,128,1,2,232,0.005737541010603309,0.015583084023091942,783597568,0.9140625
76ba8a78acd91bf5,svhn,ssb-v1-block,cnn,protocol-v3,1.0,128,1,2,233,0.005725166003685445,0.015421042044181377,783597568,0.8828125
76ba8a78acd91bf5,svhn,ssb-v1-block,cnn,protocol-v3,1.0,128,1,2,234,0.005731041950639337,0.015608499990776181,783613952,0.859375
76ba8a78acd91bf5,svhn,ssb-v1-block,cnn,protocol-v3,1.0,128,1,2,235,0.005731125012971461,0.015580875042360276,783613952,0.8984375
76ba8a78acd91bf5,svhn,ssb-v1-block,cnn,protocol-v3,1.0,128,1,2,236,0.005761958018410951,0.01570029102731496,783613952,0.84375
76ba8a78acd91bf5,svhn,ssb-v1-block,cnn,protocol-v3,1.0,128,1,2,237,0.005715915991459042,0.015581500018015504,783613952,0.9140625
76ba8a78acd91bf5,svhn,ssb-v1-block,cnn,protocol-v3,1.0,128,1,2,238,0.005701374961063266,0.015536457998678088,783613952,0.8125
76ba8a78acd91bf5,svhn,ssb-v1-block,cnn,protocol-v3,1.0,128,1,2,239,0.0057200000155717134,0.015459916030522436,783630336,0.828125
76ba8a78acd91bf5,svhn,ssb-v1-block,cnn,protocol-v3,1.0,128,1,2,240,0.00580291694495827,0.015559749968815595,783630336,0.8828125
76ba8a78acd91bf5,svhn,ssb-v1-block,cnn,protocol-v3,1.0,128,1,2,241,0.005709916993509978,0.015580250008497387,783630336,0.9140625
76ba8a78acd91bf5,svhn,ssb-v1-block,cnn,protocol-v3,1.0,128,1,2,242,0.0057225829805247486,0.015541374974418432,783630336,0.8984375
76ba8a78acd91bf5,svhn,ssb-v1-block,cnn,protocol-v3,1.0,128,1,2,243,0.005704541981685907,0.015560959000140429,783630336,0.890625
76ba8a78acd91bf5,svhn,ssb-v1-block,cnn,protocol-v3,1.0,128,1,2,244,0.005692792008630931,0.01556533295661211,783630336,0.7734375
76ba8a78acd91bf5,svhn,ssb-v1-block,cnn,protocol-v3,1.0,128,1,2,245,0.005732791963964701,0.015718459035269916,783646720,0.8984375
76ba8a78acd91bf5,svhn,ssb-v1-block,cnn,protocol-v3,1.0,128,1,2,246,0.005695957981515676,0.01546141697326675,783646720,0.8828125
76ba8a78acd91bf5,svhn,ssb-v1-block,cnn,protocol-v3,1.0,128,1,2,247,0.005729708005674183,0.01554799999576062,783646720,0.890625
76ba8a78acd91bf5,svhn,ssb-v1-block,cnn,protocol-v3,1.0,128,1,2,248,0.005710041034035385,0.015442667005117983,783646720,0.9140625
76ba8a78acd91bf5,svhn,ssb-v1-block,cnn,protocol-v3,1.0,128,1,2,249,0.005726999952457845,0.015621792001184076,783663104,0.890625
76ba8a78acd91bf5,svhn,ssb-v1-block,cnn,protocol-v3,1.0,128,1,2,250,0.005713541992008686,0.015467750024981797,783663104,0.890625
76ba8a78acd91bf5,svhn,ssb-v1-block,cnn,protocol-v3,1.0,128,1,2,251,0.005723667040001601,0.015521875000558794,783679488,0.875
76ba8a78acd91bf5,svhn,ssb-v1-block,cnn,protocol-v3,1.0,128,1,2,252,0.005709749995730817,0.015598708007019013,783679488,0.890625
76ba8a78acd91bf5,svhn,ssb-v1-block,cnn,protocol-v3,1.0,128,1,2,253,0.005745291011407971,0.015602209023199975,783695872,0.8515625
76ba8a78acd91bf5,svhn,ssb-v1-block,cnn,protocol-v3,1.0,128,1,2,254,0.005725542025174946,0.015611334005370736,783712256,0.8984375
76ba8a78acd91bf5,svhn,ssb-v1-block,cnn,protocol-v3,1.0,128,1,2,255,0.005713291990105063,0.01556758297374472,783728640,0.84375
76ba8a78acd91bf5,svhn,ssb-v1-block,cnn,protocol-v3,1.0,128,1,2,256,0.005700208945199847,0.015546834038104862,783728640,0.8515625
76ba8a78acd91bf5,svhn,ssb-v1-block,cnn,protocol-v3,1.0,128,1,2,257,0.00571825000224635,0.015566957998089492,783728640,0.8515625
76ba8a78acd91bf5,svhn,ssb-v1-block,cnn,protocol-v3,1.0,128,1,2,258,0.005723458016291261,0.015580875042360276,783745024,0.8828125
76ba8a78acd91bf5,svhn,ssb-v1-block,cnn,protocol-v3,1.0,128,1,2,259,0.005703833012375981,0.015644332976080477,783745024,0.875
76ba8a78acd91bf5,svhn,ssb-v1-block,cnn,protocol-v3,1.0,128,1,2,260,0.005723541020415723,0.015517875028308481,783745024,0.890625
76ba8a78acd91bf5,svhn,ssb-v1-block,cnn,protocol-v3,1.0,128,1,2,261,0.0057282919879071414,0.015569916984532028,783745024,0.84375
76ba8a78acd91bf5,svhn,ssb-v1-block,cnn,protocol-v3,1.0,128,1,2,262,0.005692749982699752,0.015778208035044372,783745024,0.875
76ba8a78acd91bf5,svhn,ssb-v1-block,cnn,protocol-v3,1.0,128,1,2,263,0.006229459017049521,0.015942124999128282,783745024,0.8828125
76ba8a78acd91bf5,svhn,ssb-v1-block,cnn,protocol-v3,1.0,128,1,2,264,0.005714332975912839,0.015450833016075194,783745024,0.8984375
76ba8a78acd91bf5,svhn,ssb-v1-block,cnn,protocol-v3,1.0,128,1,2,265,0.005735124985221773,0.015575124998576939,783745024,0.8671875
76ba8a78acd91bf5,svhn,ssb-v1-block,cnn,protocol-v3,1.0,128,1,2,266,0.00572595902485773,0.015529750031419098,783745024,0.8359375
76ba8a78acd91bf5,svhn,ssb-v1-block,cnn,protocol-v3,1.0,128,1,2,267,0.0057580420398153365,0.015512291982304305,783745024,0.921875
76ba8a78acd91bf5,svhn,ssb-v1-block,cnn,protocol-v3,1.0,128,1,2,268,0.005715166043955833,0.015618167002685368,783745024,0.890625
76ba8a78acd91bf5,svhn,ssb-v1-block,cnn,protocol-v3,1.0,128,1,2,269,0.005721042049117386,0.015534167003352195,783745024,0.8984375
76ba8a78acd91bf5,svhn,ssb-v1-block,cnn,protocol-v3,1.0,128,1,2,270,0.005704917013645172,0.015576542005874217,783745024,0.875
76ba8a78acd91bf5,svhn,ssb-v1-block,cnn,protocol-v3,1.0,128,1,2,271,0.005715499981306493,0.015568583039566875,783761408,0.8828125
76ba8a78acd91bf5,svhn,ssb-v1-block,cnn,protocol-v3,1.0,128,1,2,272,0.0057177909766323864,0.015518416999839246,783777792,0.8125
76ba8a78acd91bf5,svhn,ssb-v1-block,cnn,protocol-v3,1.0,128,1,2,273,0.005720249959267676,0.015600375016219914,783777792,0.8671875
76ba8a78acd91bf5,svhn,ssb-v1-block,cnn,protocol-v3,1.0,128,1,2,274,0.005714708007872105,0.015510166995227337,783777792,0.8515625
76ba8a78acd91bf5,svhn,ssb-v1-block,cnn,protocol-v3,1.0,128,1,2,275,0.005718041036743671,0.015549040981568396,783777792,0.921875
76ba8a78acd91bf5,svhn,ssb-v1-block,cnn,protocol-v3,1.0,128,1,2,276,0.005707457952667028,0.01567620801506564,783777792,0.8515625
76ba8a78acd91bf5,svhn,ssb-v1-block,cnn,protocol-v3,1.0,128,1,2,277,0.005744499969296157,0.015909959038253874,783794176,0.890625
76ba8a78acd91bf5,svhn,ssb-v1-block,cnn,protocol-v3,1.0,128,1,2,278,0.00571991695323959,0.015538709005340934,783794176,0.9140625
76ba8a78acd91bf5,svhn,ssb-v1-block,cnn,protocol-v3,1.0,128,1,2,279,0.005836582975462079,0.015437791997101158,783810560,0.859375
76ba8a78acd91bf5,svhn,ssb-v1-block,cnn,protocol-v3,1.0,128,1,2,280,0.005726374976802617,0.015577208017930388,783810560,0.8984375
76ba8a78acd91bf5,svhn,ssb-v1-block,cnn,protocol-v3,1.0,128,1,2,281,0.0058097909786738455,0.015567875001579523,783810560,0.8984375
76ba8a78acd91bf5,svhn,ssb-v1-block,cnn,protocol-v3,1.0,128,1,2,282,0.0056885830126702785,0.015557083010207862,783810560,0.90625
76ba8a78acd91bf5,svhn,ssb-v1-block,cnn,protocol-v3,1.0,128,1,2,283,0.005723125010263175,0.01546270796097815,783810560,0.8515625
76ba8a78acd91bf5,svhn,ssb-v1-block,cnn,protocol-v3,1.0,128,1,2,284,0.005722374946344644,0.01559937500860542,783810560,0.8671875
76ba8a78acd91bf5,svhn,ssb-v1-block,cnn,protocol-v3,1.0,128,1,2,285,0.0057414170005358756,0.015649374981876463,783826944,0.859375
76ba8a78acd91bf5,svhn,ssb-v1-block,cnn,protocol-v3,1.0,128,1,2,286,0.005734958976972848,0.015582667023409158,783843328,0.84375
76ba8a78acd91bf5,svhn,ssb-v1-block,cnn,protocol-v3,1.0,128,1,2,287,0.005710917001124471,0.015445541008375585,783843328,0.8984375
76ba8a78acd91bf5,svhn,ssb-v1-block,cnn,protocol-v3,1.0,128,1,2,288,0.005725207971408963,0.015607542009092867,783843328,0.90625
76ba8a78acd91bf5,svhn,ssb-v1-block,cnn,protocol-v3,1.0,128,1,2,289,0.005715291015803814,0.015449874976184219,783843328,0.9296875
76ba8a78acd91bf5,svhn,ssb-v1-block,cnn,protocol-v3,1.0,128,1,2,290,0.005729208001866937,0.015491167025174946,783859712,0.9375
76ba8a78acd91bf5,svhn,ssb-v1-block,cnn,protocol-v3,1.0,128,1,2,291,0.005712250014767051,0.015573790995404124,783859712,0.859375
76ba8a78acd91bf5,svhn,ssb-v1-block,cnn,protocol-v3,1.0,128,1,2,292,0.005700457957573235,0.015576999983750284,783859712,0.875
76ba8a78acd91bf5,svhn,ssb-v1-block,cnn,protocol-v3,1.0,128,1,2,293,0.005719541979487985,0.015572834003251046,783859712,0.859375
76ba8a78acd91bf5,svhn,ssb-v1-block,cnn,protocol-v3,1.0,128,1,2,294,0.005720208981074393,0.015565208974294364,783892480,0.9140625
76ba8a78acd91bf5,svhn,ssb-v1-block,cnn,protocol-v3,1.0,128,1,2,295,0.005723040958400816,0.015538625011686236,783892480,0.8828125
76ba8a78acd91bf5,svhn,ssb-v1-block,cnn,protocol-v3,1.0,128,1,2,296,0.005803917010780424,0.015548333991318941,783892480,0.9296875
76ba8a78acd91bf5,svhn,ssb-v1-block,cnn,protocol-v3,1.0,128,1,2,297,0.005699291999917477,0.015940707991831005,783892480,0.8984375
76ba8a78acd91bf5,svhn,ssb-v1-block,cnn,protocol-v3,1.0,128,1,2,298,0.005808125017210841,0.015592166979331523,783892480,0.921875
76ba8a78acd91bf5,svhn,ssb-v1-block,cnn,protocol-v3,1.0,128,1,2,299,0.005708958022296429,0.01561729097738862,783892480,0.90625
76ba8a78acd91bf5,svhn,ssb-v1-block,cnn,protocol-v3,1.0,128,1,2,300,0.00570329197216779,0.015562749991659075,783892480,0.8515625
76ba8a78acd91bf5,svhn,ssb-v1-block,cnn,protocol-v3,1.0,128,1,2,301,0.005726959032472223,0.015577708021737635,783892480,0.921875
76ba8a78acd91bf5,svhn,ssb-v1-block,cnn,protocol-v3,1.0,128,1,2,302,0.0057410000008530915,0.015536374994553626,783892480,0.90625
76ba8a78acd91bf5,svhn,ssb-v1-block,cnn,protocol-v3,1.0,128,1,2,303,0.00572816701605916,0.015482124988920987,783892480,0.9140625
76ba8a78acd91bf5,svhn,ssb-v1-block,cnn,protocol-v3,1.0,128,1,2,304,0.00570312503259629,0.015585415996611118,783892480,0.8125
76ba8a78acd91bf5,svhn,ssb-v1-block,cnn,protocol-v3,1.0,128,1,2,305,0.0057220000308007,0.015598833037074655,783892480,0.90625
76ba8a78acd91bf5,svhn,ssb-v1-block,cnn,protocol-v3,1.0,128,1,2,306,0.005730708013288677,0.015574042045045644,783908864,0.90625
76ba8a78acd91bf5,svhn,ssb-v1-block,cnn,protocol-v3,1.0,128,1,2,307,0.005710500001441687,0.0156202910002321,783908864,0.9296875
76ba8a78acd91bf5,svhn,ssb-v1-block,cnn,protocol-v3,1.0,128,1,2,308,0.005727874988224357,0.015557667007669806,783908864,0.9375
76ba8a78acd91bf5,svhn,ssb-v1-block,cnn,protocol-v3,1.0,128,1,2,309,0.005715041013900191,0.015474041982088238,783908864,0.8671875
76ba8a78acd91bf5,svhn,ssb-v1-block,cnn,protocol-v3,1.0,128,1,2,310,0.0056975840125232935,0.01554574997862801,783908864,0.875
76ba8a78acd91bf5,svhn,ssb-v1-block,cnn,protocol-v3,1.0,128,1,2,311,0.005761332984548062,0.01550145901273936,783908864,0.828125
76ba8a78acd91bf5,svhn,ssb-v1-block,cnn,protocol-v3,1.0,128,1,2,312,0.005709791032131761,0.016680582950357348,783908864,0.8671875
76ba8a78acd91bf5,svhn,ssb-v1-block,cnn,protocol-v3,1.0,128,1,2,313,0.0057099160039797425,0.016571042011491954,783908864,0.9140625
76ba8a78acd91bf5,svhn,ssb-v1-block,cnn,protocol-v3,1.0,128,1,2,314,0.005733791971579194,0.016361374990083277,783908864,0.8671875
76ba8a78acd91bf5,svhn,ssb-v1-block,cnn,protocol-v3,1.0,128,1,2,315,0.006138666998594999,0.016313624975737184,783908864,0.8984375
76ba8a78acd91bf5,svhn,ssb-v1-block,cnn,protocol-v3,1.0,128,1,2,316,0.005708749988116324,0.016276750015094876,783908864,0.9140625
76ba8a78acd91bf5,svhn,ssb-v1-block,cnn,protocol-v3,1.0,128,1,2,317,0.00610987504478544,0.015906625019852072,783908864,0.8671875
76ba8a78acd91bf5,svhn,ssb-v1-block,cnn,protocol-v3,1.0,128,1,2,318,0.005728040996473283,0.016772500006482005,783908864,0.921875
76ba8a78acd91bf5,svhn,ssb-v1-block,cnn,protocol-v3,1.0,128,1,2,319,0.0057189170038327575,0.015590249968226999,783941632,0.8984375
76ba8a78acd91bf5,svhn,ssb-v1-block,cnn,protocol-v3,1.0,128,1,2,320,0.005718959029763937,0.015621000027749687,783908864,0.9609375
76ba8a78acd91bf5,svhn,ssb-v1-block,cnn,protocol-v3,1.0,128,1,2,321,0.005720209039282054,0.015569916984532028,783908864,0.8515625
76ba8a78acd91bf5,svhn,ssb-v1-block,cnn,protocol-v3,1.0,128,1,2,322,0.005716582993045449,0.015548916009720415,783908864,0.921875
76ba8a78acd91bf5,svhn,ssb-v1-block,cnn,protocol-v3,1.0,128,1,2,323,0.006244292017072439,0.01648441597353667,783908864,0.8984375
76ba8a78acd91bf5,svhn,ssb-v1-block,cnn,protocol-v3,1.0,128,1,2,324,0.005726707982830703,0.015450500010047108,783908864,0.8671875
76ba8a78acd91bf5,svhn,ssb-v1-block,cnn,protocol-v3,1.0,128,1,2,325,0.005723208014387637,0.01558199996361509,783908864,0.8984375
76ba8a78acd91bf5,svhn,ssb-v1-block,cnn,protocol-v3,1.0,128,1,2,326,0.005751749966293573,0.015605708002112806,783925248,0.875
76ba8a78acd91bf5,svhn,ssb-v1-block,cnn,protocol-v3,1.0,128,1,2,327,0.00571358302840963,0.015632833004929125,783941632,0.8671875
76ba8a78acd91bf5,svhn,ssb-v1-block,cnn,protocol-v3,1.0,128,1,2,328,0.006080124992877245,0.01595637499121949,783941632,0.84375
76ba8a78acd91bf5,svhn,ssb-v1-block,cnn,protocol-v3,1.0,128,1,2,329,0.005719292035792023,0.015554832993075252,783958016,0.8203125
76ba8a78acd91bf5,svhn,ssb-v1-block,cnn,protocol-v3,1.0,128,1,2,330,0.005736749968491495,0.015606583037879318,783958016,0.8984375
76ba8a78acd91bf5,svhn,ssb-v1-block,cnn,protocol-v3,1.0,128,1,2,331,0.005713000020477921,0.015605834021698684,783958016,0.890625
76ba8a78acd91bf5,svhn,ssb-v1-block,cnn,protocol-v3,1.0,128,1,2,332,0.005721624998841435,0.015543832967523485,783958016,0.875
76ba8a78acd91bf5,svhn,ssb-v1-block,cnn,protocol-v3,1.0,128,1,2,333,0.00572291697608307,0.01560166699346155,783958016,0.875
76ba8a78acd91bf5,svhn,ssb-v1-block,cnn,protocol-v3,1.0,128,1,2,334,0.005725166003685445,0.015552958007901907,783958016,0.9140625
76ba8a78acd91bf5,svhn,ssb-v1-block,cnn,protocol-v3,1.0,128,1,2,335,0.00586387503426522,0.015594458032865077,783958016,0.9140625
76ba8a78acd91bf5,svhn,ssb-v1-block,cnn,protocol-v3,1.0,128,1,2,336,0.005711208970751613,0.015538415987975895,783958016,0.8203125
76ba8a78acd91bf5,svhn,ssb-v1-block,cnn,protocol-v3,1.0,128,1,2,337,0.005718458036426455,0.015603041974827647,783958016,0.90625
76ba8a78acd91bf5,svhn,ssb-v1-block,cnn,protocol-v3,1.0,128,1,2,338,0.005707707954570651,0.015513583028223366,783958016,0.8359375
76ba8a78acd91bf5,svhn,ssb-v1-block,cnn,protocol-v3,1.0,128,1,2,339,0.00574179197428748,0.015580916951876134,783958016,0.796875
76ba8a78acd91bf5,svhn,ssb-v1-block,cnn,protocol-v3,1.0,128,1,2,340,0.005704249953851104,0.015577999991364777,783958016,0.875
76ba8a78acd91bf5,svhn,ssb-v1-block,cnn,protocol-v3,1.0,128,1,2,341,0.005723208014387637,0.015614833042491227,783958016,0.921875
76ba8a78acd91bf5,svhn,ssb-v1-block,cnn,protocol-v3,1.0,128,1,2,342,0.005721958004869521,0.015598082973156124,783958016,0.875
76ba8a78acd91bf5,svhn,ssb-v1-block,cnn,protocol-v3,1.0,128,1,2,343,0.005716332991141826,0.015538291016127914,783974400,0.90625
76ba8a78acd91bf5,svhn,ssb-v1-block,cnn,protocol-v3,1.0,128,1,2,344,0.00570633402094245,0.015572915959637612,783974400,0.8984375
76ba8a78acd91bf5,svhn,ssb-v1-block,cnn,protocol-v3,1.0,128,1,2,345,0.005724875023588538,0.01560441602487117,783974400,0.890625
76ba8a78acd91bf5,svhn,ssb-v1-block,cnn,protocol-v3,1.0,128,1,2,346,0.006052333978004754,0.01586949999909848,783974400,0.875
76ba8a78acd91bf5,svhn,ssb-v1-block,cnn,protocol-v3,1.0,128,1,2,347,0.005710750003345311,0.015472625032998621,783974400,0.859375
76ba8a78acd91bf5,svhn,ssb-v1-block,cnn,protocol-v3,1.0,128,1,2,348,0.005738666048273444,0.015475541003979743,783974400,0.890625
76ba8a78acd91bf5,svhn,ssb-v1-block,cnn,protocol-v3,1.0,128,1,2,349,0.005715666979085654,0.01546279201284051,783974400,0.921875
76ba8a78acd91bf5,svhn,ssb-v1-block,cnn,protocol-v3,1.0,128,1,2,350,0.0057004999835044146,0.015584165987093002,783974400,0.9140625
76ba8a78acd91bf5,svhn,ssb-v1-block,cnn,protocol-v3,1.0,128,1,2,351,0.005715666979085654,0.01546520896954462,783974400,0.9140625
76ba8a78acd91bf5,svhn,ssb-v1-block,cnn,protocol-v3,1.0,128,1,2,352,0.005723209003917873,0.015581375046167523,783990784,0.9140625
76ba8a78acd91bf5,svhn,ssb-v1-block,cnn,protocol-v3,1.0,128,1,2,353,0.005733666999731213,0.01550179102923721,783990784,0.8828125
76ba8a78acd91bf5,svhn,ssb-v1-block,cnn,protocol-v3,1.0,128,1,2,354,0.005708790966309607,0.01557904202491045,783990784,0.8984375
76ba8a78acd91bf5,svhn,ssb-v1-block,cnn,protocol-v3,1.0,128,1,2,355,0.005709708028007299,0.015463415998965502,784007168,0.8828125
76ba8a78acd91bf5,svhn,ssb-v1-block,cnn,protocol-v3,1.0,128,1,2,356,0.005735375045333058,0.01556966599309817,784007168,0.921875
76ba8a78acd91bf5,svhn,ssb-v1-block,cnn,protocol-v3,1.0,128,1,2,357,0.0057837910135276616,0.01721420796820894,784007168,0.875
76ba8a78acd91bf5,svhn,ssb-v1-block,cnn,protocol-v3,1.0,128,1,2,358,0.005838166980538517,0.015720374998636544,784007168,0.8671875
76ba8a78acd91bf5,svhn,ssb-v1-block,cnn,protocol-v3,1.0,128,1,2,359,0.006358833983540535,0.015989749983418733,784007168,0.890625
76ba8a78acd91bf5,svhn,ssb-v1-block,cnn,protocol-v3,1.0,128,1,2,360,0.0058242089580744505,0.016321417002473027,784007168,0.8828125
76ba8a78acd91bf5,svhn,ssb-v1-block,cnn,protocol-v3,1.0,128,1,2,361,0.00572666700463742,0.016017041984014213,784007168,0.84375
76ba8a78acd91bf5,svhn,ssb-v1-block,cnn,protocol-v3,1.0,128,1,2,362,0.005741207976825535,0.015471833001356572,784007168,0.875
76ba8a78acd91bf5,svhn,ssb-v1-block,cnn,protocol-v3,1.0,128,1,2,363,0.0057265000068582594,0.01553304202388972,784023552,0.8828125
76ba8a78acd91bf5,svhn,ssb-v1-block,cnn,protocol-v3,1.0,128,1,2,364,0.005727084004320204,0.015566916030365974,784023552,0.875
76ba8a78acd91bf5,svhn,ssb-v1-block,cnn,protocol-v3,1.0,128,1,2,365,0.005768500035628676,0.01559083303436637,784039936,0.890625
76ba8a78acd91bf5,svhn,ssb-v1-block,cnn,protocol-v3,1.0,128,1,2,366,0.005722458008676767,0.015801082947291434,784039936,0.8984375
76ba8a78acd91bf5,svhn,ssb-v1-block,cnn,protocol-v3,1.0,128,1,2,367,0.005845875013619661,0.015492957958485931,784056320,0.875
76ba8a78acd91bf5,svhn,ssb-v1-block,cnn,protocol-v3,1.0,128,1,2,368,0.005726042028982192,0.015583832981064916,784056320,0.8515625
76ba8a78acd91bf5,svhn,ssb-v1-block,cnn,protocol-v3,1.0,128,1,2,369,0.005757834005635232,0.015596249955706298,784056320,0.890625
76ba8a78acd91bf5,svhn,ssb-v1-block,cnn,protocol-v3,1.0,128,1,2,370,0.005761042004451156,0.015648791973944753,784056320,0.8828125
76ba8a78acd91bf5,svhn,ssb-v1-block,cnn,protocol-v3,1.0,128,1,2,371,0.00572066695895046,0.015494083985686302,784056320,0.90625
76ba8a78acd91bf5,svhn,ssb-v1-block,cnn,protocol-v3,1.0,128,1,2,372,0.00572945800377056,0.01563116698525846,784056320,0.8984375
76ba8a78acd91bf5,svhn,ssb-v1-block,cnn,protocol-v3,1.0,128,1,2,373,0.005729834025260061,0.015502833004575223,784072704,0.8515625
76ba8a78acd91bf5,svhn,ssb-v1-block,cnn,protocol-v3,1.0,128,1,2,374,0.005717583000659943,0.015580291976220906,784072704,0.8671875
76ba8a78acd91bf5,svhn,ssb-v1-block,cnn,protocol-v3,1.0,128,1,2,375,0.005720791989006102,0.015576667035929859,784072704,0.890625
76ba8a78acd91bf5,svhn,ssb-v1-block,cnn,protocol-v3,1.0,128,1,2,376,0.005726542032789439,0.015564542030915618,784072704,0.890625
76ba8a78acd91bf5,svhn,ssb-v1-block,cnn,protocol-v3,1.0,128,1,2,377,0.005727374984417111,0.015490458987187594,784105472,0.9140625
76ba8a78acd91bf5,svhn,ssb-v1-block,cnn,protocol-v3,1.0,128,1,2,378,0.00573545804945752,0.015591250034049153,784105472,0.8515625
76ba8a78acd91bf5,svhn,ssb-v1-block,cnn,protocol-v3,1.0,128,1,2,379,0.005720540997572243,0.015565707988571376,784105472,0.890625
76ba8a78acd91bf5,svhn,ssb-v1-block,cnn,protocol-v3,1.0,128,1,2,380,0.0057222089963033795,0.015595375036355108,784105472,0.8828125
76ba8a78acd91bf5,svhn,ssb-v1-block,cnn,protocol-v3,1.0,128,1,2,381,0.005731249984819442,0.015455708024092019,784105472,0.9140625
76ba8a78acd91bf5,svhn,ssb-v1-block,cnn,protocol-v3,1.0,128,1,2,382,0.005699333036318421,0.015571333991829306,784121856,0.8984375
76ba8a78acd91bf5,svhn,ssb-v1-block,cnn,protocol-v3,1.0,128,1,2,383,0.005722999980207533,0.015524875023402274,784121856,0.9296875
76ba8a78acd91bf5,svhn,ssb-v1-block,cnn,protocol-v3,1.0,128,1,2,384,0.005723999987822026,0.01635412499308586,784121856,0.875
76ba8a78acd91bf5,svhn,ssb-v1-block,cnn,protocol-v3,1.0,128,1,2,385,0.005706583964638412,0.015524792019277811,784121856,0.8984375
76ba8a78acd91bf5,svhn,ssb-v1-block,cnn,protocol-v3,1.0,128,1,2,386,0.005727041978389025,0.015609916008543223,784121856,0.9296875
76ba8a78acd91bf5,svhn,ssb-v1-block,cnn,protocol-v3,1.0,128,1,2,387,0.005736749968491495,0.015556333004496992,784121856,0.8515625
76ba8a78acd91bf5,svhn,ssb-v1-block,cnn,protocol-v3,1.0,128,1,2,388,0.005809916998259723,0.015581708983518183,784138240,0.875
76ba8a78acd91bf5,svhn,ssb-v1-block,cnn,protocol-v3,1.0,128,1,2,389,0.005716165993362665,0.015565624984446913,784138240,0.9375
76ba8a78acd91bf5,svhn,ssb-v1-block,cnn,protocol-v3,1.0,128,1,2,390,0.005720209039282054,0.015490917023271322,784138240,0.890625
76ba8a78acd91bf5,svhn,ssb-v1-block,cnn,protocol-v3,1.0,128,1,2,391,0.005716667044907808,0.015574874996673316,784154624,0.90625
76ba8a78acd91bf5,svhn,ssb-v1-block,cnn,protocol-v3,1.0,128,1,2,392,0.005715875013265759,0.015458583016879857,784154624,0.8828125
76ba8a78acd91bf5,svhn,ssb-v1-block,cnn,protocol-v3,1.0,128,1,2,393,0.005735083017498255,0.015601541963405907,784154624,0.9296875
76ba8a78acd91bf5,svhn,ssb-v1-block,cnn,protocol-v3,1.0,128,1,2,394,0.005695625033695251,0.015595750010106713,784171008,0.890625
76ba8a78acd91bf5,svhn,ssb-v1-block,cnn,protocol-v3,1.0,128,1,2,395,0.005729374999646097,0.015580957988277078,784171008,0.90625
76ba8a78acd91bf5,svhn,ssb-v1-block,cnn,protocol-v3,1.0,128,1,2,396,0.005730082979425788,0.015468625002540648,784171008,0.8671875
76ba8a78acd91bf5,svhn,ssb-v1-block,cnn,protocol-v3,1.0,128,1,2,397,0.005793957971036434,0.015557708975393325,784171008,0.9140625
76ba8a78acd91bf5,svhn,ssb-v1-block,cnn,protocol-v3,1.0,128,1,2,398,0.005718458967749029,0.015506334020756185,784171008,0.8828125
76ba8a78acd91bf5,svhn,ssb-v1-block,cnn,protocol-v3,1.0,128,1,2,399,0.0056993329781107605,0.015507082978729159,784171008,0.8125
76ba8a78acd91bf5,svhn,ssb-v1-block,cnn,protocol-v3,1.0,128,1,2,400,0.005840750003699213,0.015588083013426512,784171008,0.90625
76ba8a78acd91bf5,svhn,ssb-v1-block,cnn,protocol-v3,1.0,128,1,2,401,0.0057171250227838755,0.01558037503855303,784171008,0.9140625
76ba8a78acd91bf5,svhn,ssb-v1-block,cnn,protocol-v3,1.0,128,1,2,402,0.0057464580168016255,0.015584583976306021,784171008,0.9296875
76ba8a78acd91bf5,svhn,ssb-v1-block,cnn,protocol-v3,1.0,128,1,2,403,0.005717958963941783,0.015524291957262903,784171008,0.8984375
76ba8a78acd91bf5,svhn,ssb-v1-block,cnn,protocol-v3,1.0,128,1,2,404,0.005720624991226941,0.015595958044286817,784171008,0.8671875
76ba8a78acd91bf5,svhn,ssb-v1-block,cnn,protocol-v3,1.0,128,1,2,405,0.005720334011130035,0.015481833019293845,784171008,0.8828125
76ba8a78acd91bf5,svhn,ssb-v1-block,cnn,protocol-v3,1.0,128,1,2,406,0.00572141696466133,0.0155842499807477,784171008,0.859375
76ba8a78acd91bf5,svhn,ssb-v1-block,cnn,protocol-v3,1.0,128,1,2,407,0.005706583964638412,0.015469333040528,784187392,0.90625
76ba8a78acd91bf5,svhn,ssb-v1-block,cnn,protocol-v3,1.0,128,1,2,408,0.005725750001147389,0.01555791700957343,784203776,0.8671875
76ba8a78acd91bf5,svhn,ssb-v1-block,cnn,protocol-v3,1.0,128,1,2,409,0.005719874985516071,0.01548316702246666,784203776,0.8828125
76ba8a78acd91bf5,svhn,ssb-v1-block,cnn,protocol-v3,1.0,128,1,2,410,0.0057222500327043235,0.015546249982435256,784203776,0.875
76ba8a78acd91bf5,svhn,ssb-v1-block,cnn,protocol-v3,1.0,128,1,2,411,0.005718709027860314,0.015455083979759365,784203776,0.90625
76ba8a78acd91bf5,svhn,ssb-v1-block,cnn,protocol-v3,1.0,128,1,2,412,0.005728874995838851,0.015569415991194546,784203776,0.921875
76ba8a78acd91bf5,svhn,ssb-v1-block,cnn,protocol-v3,1.0,128,1,2,413,0.005726915958803147,0.01547695801127702,784220160,0.8828125
76ba8a78acd91bf5,svhn,ssb-v1-block,cnn,protocol-v3,1.0,128,1,2,414,0.005719041044358164,0.015535250015091151,784220160,0.859375
76ba8a78acd91bf5,svhn,ssb-v1-block,cnn,protocol-v3,1.0,128,1,2,415,0.005739791027735919,0.01562954200198874,784220160,0.8984375
76ba8a78acd91bf5,svhn,ssb-v1-block,cnn,protocol-v3,1.0,128,1,2,416,0.005695625033695251,0.015601499995682389,784220160,0.8984375
76ba8a78acd91bf5,svhn,ssb-v1-block,cnn,protocol-v3,1.0,128,1,2,417,0.00572870799805969,0.015475708991289139,784236544,0.8828125
76ba8a78acd91bf5,svhn,ssb-v1-block,cnn,protocol-v3,1.0,128,1,2,418,0.005726459028664976,0.015476041997317225,784236544,0.859375
76ba8a78acd91bf5,svhn,ssb-v1-block,cnn,protocol-v3,1.0,128,1,2,419,0.005702666996512562,0.015494416002184153,784236544,0.875
76ba8a78acd91bf5,svhn,ssb-v1-block,cnn,protocol-v3,1.0,128,1,2,420,0.0057547499891370535,0.015578291960991919,784252928,0.859375
76ba8a78acd91bf5,svhn,ssb-v1-block,cnn,protocol-v3,1.0,128,1,2,421,0.005740749998949468,0.0154137919889763,784252928,0.8828125
76ba8a78acd91bf5,svhn,ssb-v1-block,cnn,protocol-v3,1.0,128,1,2,422,0.0057153329835273325,0.015572540985886008,784252928,0.8671875
76ba8a78acd91bf5,svhn,ssb-v1-block,cnn,protocol-v3,1.0,128,1,2,423,0.005723499984014779,0.015559708001092076,784252928,0.890625
76ba8a78acd91bf5,svhn,ssb-v1-block,cnn,protocol-v3,1.0,128,1,2,424,0.005757000006269664,0.01564220804721117,784252928,0.8984375
76ba8a78acd91bf5,svhn,ssb-v1-block,cnn,protocol-v3,1.0,128,1,2,425,0.005722416972275823,0.015559874998871237,784252928,0.890625
76ba8a78acd91bf5,svhn,ssb-v1-block,cnn,protocol-v3,1.0,128,1,2,426,0.005717749998439103,0.015591958013828844,784252928,0.8203125
76ba8a78acd91bf5,svhn,ssb-v1-block,cnn,protocol-v3,1.0,128,1,2,427,0.005722708010580391,0.015554791025351733,784252928,0.8828125
76ba8a78acd91bf5,svhn,ssb-v1-block,cnn,protocol-v3,1.0,128,1,2,428,0.0057142500299960375,0.015579542028717697,784269312,0.890625
76ba8a78acd91bf5,svhn,ssb-v1-block,cnn,protocol-v3,1.0,128,1,2,429,0.005738291016314179,0.015608416986651719,784285696,0.875
76ba8a78acd91bf5,svhn,ssb-v1-block,cnn,protocol-v3,1.0,128,1,2,430,0.0057207909994758666,0.015563958964776248,784302080,0.8671875
76ba8a78acd91bf5,svhn,ssb-v1-block,cnn,protocol-v3,1.0,128,1,2,431,0.005722458008676767,0.01555925002321601,784302080,0.8828125
76ba8a78acd91bf5,svhn,ssb-v1-block,cnn,protocol-v3,1.0,128,1,2,432,0.005708709009923041,0.015599707956425846,784302080,0.921875
76ba8a78acd91bf5,svhn,ssb-v1-block,cnn,protocol-v3,1.0,128,1,2,433,0.005700042005628347,0.015624709019903094,784302080,0.890625
76ba8a78acd91bf5,svhn,ssb-v1-block,cnn,protocol-v3,1.0,128,1,2,434,0.00573691597674042,0.015516875020693988,784318464,0.8359375
76ba8a78acd91bf5,svhn,ssb-v1-block,cnn,protocol-v3,1.0,128,1,2,435,0.005720917019061744,0.015558541985228658,784318464,0.875
76ba8a78acd91bf5,svhn,ssb-v1-block,cnn,protocol-v3,1.0,128,1,2,436,0.005709208955522627,0.015546125010587275,784318464,0.875
76ba8a78acd91bf5,svhn,ssb-v1-block,cnn,protocol-v3,1.0,128,1,2,437,0.005721083958633244,0.015576000034343451,784318464,0.875
76ba8a78acd91bf5,svhn,ssb-v1-block,cnn,protocol-v3,1.0,128,1,2,438,0.00573716702638194,0.015551041986327618,784318464,0.828125
76ba8a78acd91bf5,svhn,ssb-v1-block,cnn,protocol-v3,1.0,128,1,2,439,0.005722208006773144,0.015395792026538402,784318464,0.8984375
76ba8a78acd91bf5,svhn,ssb-v1-block,cnn,protocol-v3,1.0,128,1,2,440,0.0057880840031430125,0.015539166983217001,784318464,0.8828125
76ba8a78acd91bf5,svhn,ssb-v1-block,cnn,protocol-v3,1.0,128,1,2,441,0.005723042006138712,0.015572167001664639,784318464,0.8984375
76ba8a78acd91bf5,svhn,ssb-v1-block,cnn,protocol-v3,1.0,128,1,2,442,0.005770084040705115,0.015541000000666827,784318464,0.8828125
76ba8a78acd91bf5,svhn,ssb-v1-block,cnn,protocol-v3,1.0,128,1,2,443,0.005713791993912309,0.015442874981090426,784334848,0.90625
76ba8a78acd91bf5,svhn,ssb-v1-block,cnn,protocol-v3,1.0,128,1,2,444,0.005726207979023457,0.015576125006191432,784334848,0.90625
76ba8a78acd91bf5,svhn,ssb-v1-block,cnn,protocol-v3,1.0,128,1,2,445,0.005713624996133149,0.015556625032331795,784334848,0.875
76ba8a78acd91bf5,svhn,ssb-v1-block,cnn,protocol-v3,1.0,128,1,2,446,0.005714082974009216,0.01570112502668053,784351232,0.921875
76ba8a78acd91bf5,svhn,ssb-v1-block,cnn,protocol-v3,1.0,128,1,2,447,0.005717833002563566,0.016344332951121032,784351232,0.8671875
76ba8a78acd91bf5,svhn,ssb-v1-block,cnn,protocol-v3,1.0,128,1,2,448,0.005719500011764467,0.015581624989863485,784351232,0.84375
76ba8a78acd91bf5,svhn,ssb-v1-block,cnn,protocol-v3,1.0,128,1,2,449,0.005713791993912309,0.015621124999597669,784351232,0.8125
76ba8a78acd91bf5,svhn,ssb-v1-block,cnn,protocol-v3,1.0,128,1,2,450,0.005704917013645172,0.015554999990854412,784367616,0.859375
76ba8a78acd91bf5,svhn,ssb-v1-block,cnn,protocol-v3,1.0,128,1,2,451,0.005704083014279604,0.015560625004582107,784367616,0.90625
76ba8a78acd91bf5,svhn,ssb-v1-block,cnn,protocol-v3,1.0,128,1,2,452,0.005729749973397702,0.015590374998282641,784367616,0.9140625
76ba8a78acd91bf5,svhn,ssb-v1-block,cnn,protocol-v3,1.0,128,1,2,453,0.005712208047043532,0.015676832990720868,784367616,0.90625
76ba8a78acd91bf5,svhn,ssb-v1-block,cnn,protocol-v3,1.0,128,1,2,454,0.005715875013265759,0.015604459040332586,784367616,0.875
76ba8a78acd91bf5,svhn,ssb-v1-block,cnn,protocol-v3,1.0,128,1,2,455,0.005732292018365115,0.01542720798170194,784367616,0.8984375
76ba8a78acd91bf5,svhn,ssb-v1-block,cnn,protocol-v3,1.0,128,1,2,456,0.005716833984479308,0.016669874952640384,784367616,0.8984375
76ba8a78acd91bf5,svhn,ssb-v1-block,cnn,protocol-v3,1.0,128,1,2,457,0.00570833298843354,0.015469332982320338,784367616,0.90625
76ba8a78acd91bf5,svhn,ssb-v1-block,cnn,protocol-v3,1.0,128,1,2,458,0.005729250027798116,0.015585458953864872,784367616,0.8984375
76ba8a78acd91bf5,svhn,ssb-v1-block,cnn,protocol-v3,1.0,128,1,2,459,0.005731832992751151,0.015507082978729159,784367616,0.9296875
76ba8a78acd91bf5,svhn,ssb-v1-block,cnn,protocol-v3,1.0,128,1,2,460,0.005717042018659413,0.015667499974370003,784367616,0.875
76ba8a78acd91bf5,svhn,ssb-v1-block,cnn,protocol-v3,1.0,128,1,2,461,0.005708250042516738,0.015478917048312724,784367616,0.8828125
76ba8a78acd91bf5,svhn,ssb-v1-block,cnn,protocol-v3,1.0,128,1,2,462,0.005742542038206011,0.015563166001811624,784367616,0.8671875
76ba8a78acd91bf5,svhn,ssb-v1-block,cnn,protocol-v3,1.0,128,1,2,463,0.005727457988541573,0.015536624996457249,784367616,0.859375
76ba8a78acd91bf5,svhn,ssb-v1-block,cnn,protocol-v3,1.0,128,1,2,464,0.005707458010874689,0.015613667026627809,784367616,0.90625
76ba8a78acd91bf5,svhn,ssb-v1-block,cnn,protocol-v3,1.0,128,1,2,465,0.00572050001937896,0.015486582997255027,784367616,0.890625
76ba8a78acd91bf5,svhn,ssb-v1-block,cnn,protocol-v3,1.0,128,1,2,466,0.005725333990994841,0.015560499974526465,784367616,0.890625
76ba8a78acd91bf5,svhn,ssb-v1-block,cnn,protocol-v3,1.0,128,1,2,467,0.005738916981499642,0.015457041037734598,784384000,0.8671875
76ba8a78acd91bf5,svhn,ssb-v1-block,cnn,protocol-v3,1.0,128,1,2,468,0.0057160420110449195,0.015581957995891571,784400384,0.8828125
76ba8a78acd91bf5,svhn,ssb-v1-block,cnn,protocol-v3,1.0,128,1,2,469,0.005765332956798375,0.015601875027641654,784416768,0.9140625
76ba8a78acd91bf5,svhn,ssb-v1-block,cnn,protocol-v3,1.0,128,1,2,470,0.00570633402094245,0.015581082960125059,784416768,0.921875
76ba8a78acd91bf5,svhn,ssb-v1-block,cnn,protocol-v3,1.0,128,1,2,471,0.005725874972995371,0.015574083023238927,784416768,0.9296875
76ba8a78acd91bf5,svhn,ssb-v1-block,cnn,protocol-v3,1.0,128,1,2,472,0.005732749996241182,0.015547082992270589,784416768,0.8984375
76ba8a78acd91bf5,svhn,ssb-v1-block,cnn,protocol-v3,1.0,128,1,2,473,0.005793082993477583,0.01557770901126787,784416768,0.875
76ba8a78acd91bf5,svhn,ssb-v1-block,cnn,protocol-v3,1.0,128,1,2,474,0.005716874962672591,0.01560312497895211,784416768,0.921875
76ba8a78acd91bf5,svhn,ssb-v1-block,cnn,protocol-v3,1.0,128,1,2,475,0.005728082964196801,0.01556483400054276,784449536,0.890625
76ba8a78acd91bf5,svhn,ssb-v1-block,cnn,protocol-v3,1.0,128,1,2,476,0.0058462919550947845,0.015567374997772276,784449536,0.8671875
76ba8a78acd91bf5,svhn,ssb-v1-block,cnn,protocol-v3,1.0,128,1,2,477,0.005708249984309077,0.015521875000558794,784449536,0.9140625
76ba8a78acd91bf5,svhn,ssb-v1-block,cnn,protocol-v3,1.0,128,1,2,478,0.0057189580402337015,0.015684958023484796,784449536,0.875
76ba8a78acd91bf5,svhn,ssb-v1-block,cnn,protocol-v3,1.0,128,1,2,479,0.005721667024772614,0.015486458025407046,784449536,0.90625
76ba8a78acd91bf5,svhn,ssb-v1-block,cnn,protocol-v3,1.0,128,1,2,480,0.005719833017792553,0.015564332948997617,784449536,0.8671875
76ba8a78acd91bf5,svhn,ssb-v1-block,cnn,protocol-v3,1.0,128,1,2,481,0.005716791958548129,0.015497874992433935,784449536,0.9140625
76ba8a78acd91bf5,svhn,ssb-v1-block,cnn,protocol-v3,1.0,128,1,2,482,0.005734332953579724,0.015580833016429096,784449536,0.90625
76ba8a78acd91bf5,svhn,ssb-v1-block,cnn,protocol-v3,1.0,128,1,2,483,0.005722749978303909,0.015595124976243824,784449536,0.9296875
76ba8a78acd91bf5,svhn,ssb-v1-block,cnn,protocol-v3,1.0,128,1,2,484,0.00572066695895046,0.015550500014796853,784449536,0.8984375
76ba8a78acd91bf5,svhn,ssb-v1-block,cnn,protocol-v3,1.0,128,1,2,485,0.005720624991226941,0.0155811250442639,784482304,0.9453125
76ba8a78acd91bf5,svhn,ssb-v1-block,cnn,protocol-v3,1.0,128,1,2,486,0.005724999995436519,0.015519499953370541,784482304,0.9140625
76ba8a78acd91bf5,svhn,ssb-v1-block,cnn,protocol-v3,1.0,128,1,2,487,0.005739333049859852,0.016300999966915697,784498688,0.890625
76ba8a78acd91bf5,svhn,ssb-v1-block,cnn,protocol-v3,1.0,128,1,2,488,0.005709624965675175,0.01553062500897795,784515072,0.9609375
76ba8a78acd91bf5,svhn,ssb-v1-block,cnn,protocol-v3,1.0,128,1,2,489,0.005708625016268343,0.015594417054671794,784515072,0.875
76ba8a78acd91bf5,svhn,ssb-v1-block,cnn,protocol-v3,1.0,128,1,2,490,0.005715374951250851,0.016314542037434876,784515072,0.921875
76ba8a78acd91bf5,svhn,ssb-v1-block,cnn,protocol-v3,1.0,128,1,2,491,0.005701708025299013,0.01590054197004065,784515072,0.8359375
76ba8a78acd91bf5,svhn,ssb-v1-block,cnn,protocol-v3,1.0,128,1,2,492,0.006050541996955872,0.01600991701707244,784515072,0.890625
76ba8a78acd91bf5,svhn,ssb-v1-block,cnn,protocol-v3,1.0,128,1,2,493,0.005727000010665506,0.015467874996829778,784515072,0.8515625
76ba8a78acd91bf5,svhn,ssb-v1-block,cnn,protocol-v3,1.0,128,1,2,494,0.005717957974411547,0.01556108397198841,784515072,0.8359375
76ba8a78acd91bf5,svhn,ssb-v1-block,cnn,protocol-v3,1.0,128,1,2,495,0.005717042018659413,0.015468665980733931,784515072,0.90625
76ba8a78acd91bf5,svhn,ssb-v1-block,cnn,protocol-v3,1.0,128,1,2,496,0.005805875000078231,0.01558875001501292,784531456,0.875
76ba8a78acd91bf5,svhn,ssb-v1-block,cnn,protocol-v3,1.0,128,1,2,497,0.0057370419963262975,0.015459708985872567,784531456,0.8984375
76ba8a78acd91bf5,svhn,ssb-v1-block,cnn,protocol-v3,1.0,128,1,2,498,0.0057048340095207095,0.015531416982412338,784531456,0.90625
76ba8a78acd91bf5,svhn,ssb-v1-block,cnn,protocol-v3,1.0,128,1,2,499,0.005741959030274302,0.01548216602532193,784531456,0.859375
76ba8a78acd91bf5,svhn,ssb-v1-block,cnn,protocol-v3,1.0,128,1,2,500,0.005798875004984438,0.01563754101516679,784564224,0.84375
76ba8a78acd91bf5,svhn,ssb-v1-block,cnn,protocol-v3,1.0,128,1,2,501,0.005741250002756715,0.015586833003908396,784564224,0.9296875
76ba8a78acd91bf5,svhn,ssb-v1-block,cnn,protocol-v3,1.0,128,1,2,502,0.005700709007214755,0.015616332995705307,784564224,0.875
76ba8a78acd91bf5,svhn,ssb-v1-block,cnn,protocol-v3,1.0,128,1,2,503,0.005723082984331995,0.015595250006299466,784580608,0.9375
76ba8a78acd91bf5,svhn,ssb-v1-block,cnn,protocol-v3,1.0,128,1,2,504,0.005722499976400286,0.015585374960210174,784580608,0.8515625
76ba8a78acd91bf5,svhn,ssb-v1-block,cnn,protocol-v3,1.0,128,1,2,505,0.005776666977908462,0.01556687499396503,784580608,0.90625
76ba8a78acd91bf5,svhn,ssb-v1-block,cnn,protocol-v3,1.0,128,1,2,506,0.005695416999515146,0.016673500009346753,784580608,0.9140625
76ba8a78acd91bf5,svhn,ssb-v1-block,cnn,protocol-v3,1.0,128,1,2,507,0.00569991598604247,0.015595124976243824,784596992,0.859375
76ba8a78acd91bf5,svhn,ssb-v1-block,cnn,protocol-v3,1.0,128,1,2,508,0.005710917001124471,0.015462666982784867,784613376,0.9140625
76ba8a78acd91bf5,svhn,ssb-v1-block,cnn,protocol-v3,1.0,128,1,2,509,0.005719834007322788,0.015589999966323376,784613376,0.859375
76ba8a78acd91bf5,svhn,ssb-v1-block,cnn,protocol-v3,1.0,128,1,2,510,0.005701875023078173,0.015565750014502555,784613376,0.9375
76ba8a78acd91bf5,svhn,ssb-v1-block,cnn,protocol-v3,1.0,128,1,2,511,0.005720917019061744,0.01559283398091793,784613376,0.8515625
76ba8a78acd91bf5,svhn,ssb-v1-block,cnn,protocol-v3,1.0,128,1,2,512,0.005708166980184615,0.015448708028998226,784613376,0.921875
76ba8a78acd91bf5,svhn,ssb-v1-block,cnn,protocol-v3,1.0,128,1,2,513,0.005716625018976629,0.015572500007692724,784613376,0.8984375
76ba8a78acd91bf5,svhn,ssb-v1-block,cnn,protocol-v3,1.0,128,1,2,514,0.005726417002733797,0.015442000003531575,784613376,0.9296875
76ba8a78acd91bf5,svhn,ssb-v1-block,cnn,protocol-v3,1.0,128,1,2,515,0.005728958989493549,0.015586416993755847,784613376,0.8984375
76ba8a78acd91bf5,svhn,ssb-v1-block,cnn,protocol-v3,1.0,128,1,2,516,0.005709249991923571,0.015500625013373792,784613376,0.9140625
76ba8a78acd91bf5,svhn,ssb-v1-block,cnn,protocol-v3,1.0,128,1,2,517,0.00580479099880904,0.015534583013504744,784613376,0.9375
76ba8a78acd91bf5,svhn,ssb-v1-block,cnn,protocol-v3,1.0,128,1,2,518,0.005713999969884753,0.015536542050540447,784613376,0.8828125
76ba8a78acd91bf5,svhn,ssb-v1-block,cnn,protocol-v3,1.0,128,1,2,519,0.005699832981918007,0.015597374993376434,784629760,0.90625
76ba8a78acd91bf5,svhn,ssb-v1-block,cnn,protocol-v3,1.0,128,1,2,520,0.005707957956474274,0.015564250003080815,784629760,0.90625
76ba8a78acd91bf5,svhn,ssb-v1-block,cnn,protocol-v3,1.0,128,1,2,521,0.005711833015084267,0.015578541962895542,784629760,0.84375
76ba8a78acd91bf5,svhn,ssb-v1-block,cnn,protocol-v3,1.0,128,1,2,522,0.005727374984417111,0.01562125002965331,784646144,0.890625
76ba8a78acd91bf5,svhn,ssb-v1-block,cnn,protocol-v3,1.0,128,1,2,523,0.005721624998841435,0.015462249983102083,784646144,0.9296875
76ba8a78acd91bf5,svhn,ssb-v1-block,cnn,protocol-v3,1.0,128,1,2,524,0.005717957974411547,0.015589166956488043,784646144,0.8984375
76ba8a78acd91bf5,svhn,ssb-v1-block,cnn,protocol-v3,1.0,128,1,2,525,0.005712540994863957,0.015593082993291318,784646144,0.828125
76ba8a78acd91bf5,svhn,ssb-v1-block,cnn,protocol-v3,1.0,128,1,2,526,0.005722625006455928,0.01557383401086554,784646144,0.875
76ba8a78acd91bf5,svhn,ssb-v1-block,cnn,protocol-v3,1.0,128,1,2,527,0.005748540977947414,0.01546929101459682,784646144,0.875
76ba8a78acd91bf5,svhn,ssb-v1-block,cnn,protocol-v3,1.0,128,1,2,528,0.005708666983991861,0.015591249975841492,784646144,0.875
76ba8a78acd91bf5,svhn,ssb-v1-block,cnn,protocol-v3,1.0,128,1,2,529,0.0057095420197583735,0.015621417027432472,784646144,0.875
76ba8a78acd91bf5,svhn,ssb-v1-block,cnn,protocol-v3,1.0,128,1,2,530,0.005719374981708825,0.015606208005920053,784662528,0.8984375
76ba8a78acd91bf5,svhn,ssb-v1-block,cnn,protocol-v3,1.0,128,1,2,531,0.005731250043027103,0.015468915982637554,784662528,0.9296875
76ba8a78acd91bf5,svhn,ssb-v1-block,cnn,protocol-v3,1.0,128,1,2,532,0.0056867910316213965,0.015575250028632581,784662528,0.875
76ba8a78acd91bf5,svhn,ssb-v1-block,cnn,protocol-v3,1.0,128,1,2,533,0.005698416964150965,0.01551566697889939,784662528,0.890625
76ba8a78acd91bf5,svhn,ssb-v1-block,cnn,protocol-v3,1.0,128,1,2,534,0.005700250039808452,0.015491875004954636,784662528,0.9453125
76ba8a78acd91bf5,svhn,ssb-v1-block,cnn,protocol-v3,1.0,128,1,2,535,0.005724166985601187,0.015597958001308143,784662528,0.875
76ba8a78acd91bf5,svhn,ssb-v1-block,cnn,protocol-v3,1.0,128,1,2,536,0.0057264589704573154,0.015607375011313707,784662528,0.8984375
76ba8a78acd91bf5,svhn,ssb-v1-block,cnn,protocol-v3,1.0,128,1,2,537,0.005750875046942383,0.015592165989801288,784662528,0.875
76ba8a78acd91bf5,svhn,ssb-v1-block,cnn,protocol-v3,1.0,128,1,2,538,0.005728417017962784,0.015580417006276548,784662528,0.9296875
76ba8a78acd91bf5,svhn,ssb-v1-block,cnn,protocol-v3,1.0,128,1,2,539,0.005722791014704853,0.015517541964072734,784662528,0.8828125
76ba8a78acd91bf5,svhn,ssb-v1-block,cnn,protocol-v3,1.0,128,1,2,540,0.005720540997572243,0.015594207972753793,784662528,0.8671875
76ba8a78acd91bf5,svhn,ssb-v1-block,cnn,protocol-v3,1.0,128,1,2,541,0.005732499994337559,0.015569624956697226,784662528,0.921875
76ba8a78acd91bf5,svhn,ssb-v1-block,cnn,protocol-v3,1.0,128,1,2,542,0.005723999987822026,0.01679716701619327,784662528,0.8671875
76ba8a78acd91bf5,svhn,ssb-v1-block,cnn,protocol-v3,1.0,128,1,2,543,0.005739708023611456,0.015496667008846998,784662528,0.890625
76ba8a78acd91bf5,svhn,ssb-v1-block,cnn,protocol-v3,1.0,128,1,2,544,0.005718624975997955,0.015608707966748625,784678912,0.890625
76ba8a78acd91bf5,svhn,ssb-v1-block,cnn,protocol-v3,1.0,128,1,2,545,0.005744458991102874,0.015555416990537196,784678912,0.9140625
76ba8a78acd91bf5,svhn,ssb-v1-block,cnn,protocol-v3,1.0,128,1,2,546,0.005738209001719952,0.015628082968760282,784678912,0.8984375
76ba8a78acd91bf5,svhn,ssb-v1-block,cnn,protocol-v3,1.0,128,1,2,547,0.0057171250227838755,0.015724708035122603,784678912,0.9453125
76ba8a78acd91bf5,svhn,ssb-v1-block,cnn,protocol-v3,1.0,128,1,2,548,0.005688041972462088,0.015556666010525078,784695296,0.8671875
76ba8a78acd91bf5,svhn,ssb-v1-block,cnn,protocol-v3,1.0,128,1,2,549,0.005734417005442083,0.015767332981340587,784695296,0.859375
76ba8a78acd91bf5,svhn,ssb-v1-block,cnn,protocol-v3,1.0,128,1,2,550,0.0064059590222314,0.01605283300159499,786169856,0.9140625
76ba8a78acd91bf5,svhn,ssb-v1-block,cnn,protocol-v3,1.0,128,1,2,551,0.005791458999738097,0.015672250010538846,786169856,0.8984375
76ba8a78acd91bf5,svhn,ssb-v1-block,cnn,protocol-v3,1.0,128,1,2,552,0.006220208015292883,0.015675332979299128,786186240,0.875
76ba8a78acd91bf5,svhn,ssb-v1-block,cnn,protocol-v3,1.0,128,1,2,553,0.005737999978009611,0.016155082965269685,786186240,0.8828125
76ba8a78acd91bf5,svhn,ssb-v1-block,cnn,protocol-v3,1.0,128,1,2,554,0.005721875000745058,0.015927542001008987,786186240,0.8984375
76ba8a78acd91bf5,svhn,ssb-v1-block,cnn,protocol-v3,1.0,128,1,2,555,0.005734499951358885,0.01676395902177319,786186240,0.875
76ba8a78acd91bf5,svhn,ssb-v1-block,cnn,protocol-v3,1.0,128,1,2,556,0.005754209007136524,0.015627666958607733,786186240,0.9140625
76ba8a78acd91bf5,svhn,ssb-v1-block,cnn,protocol-v3,1.0,128,1,2,557,0.005735374987125397,0.015619834011886269,786202624,0.9140625
76ba8a78acd91bf5,svhn,ssb-v1-block,cnn,protocol-v3,1.0,128,1,2,558,0.0057246669894084334,0.015639959019608796,786202624,0.8671875
76ba8a78acd91bf5,svhn,ssb-v1-block,cnn,protocol-v3,1.0,128,1,2,559,0.00574012502329424,0.016303792013786733,786202624,0.8515625
76ba8a78acd91bf5,svhn,ssb-v1-block,cnn,protocol-v3,1.0,128,1,2,560,0.0057511659688316286,0.016082749993074685,786202624,0.890625
76ba8a78acd91bf5,svhn,ssb-v1-block,cnn,protocol-v3,1.0,128,1,2,561,0.005750000011175871,0.015483915980439633,786219008,0.8671875
76ba8a78acd91bf5,svhn,ssb-v1-block,cnn,protocol-v3,1.0,128,1,2,562,0.00577262497972697,0.015625333006028086,786219008,0.8984375
76ba8a78acd91bf5,svhn,ssb-v1-block,cnn,protocol-v3,1.0,128,1,2,563,0.005732166988309473,0.015585874964017421,786235392,0.90625
76ba8a78acd91bf5,svhn,ssb-v1-block,cnn,protocol-v3,1.0,128,1,2,564,0.005753417033702135,0.015580583014525473,786235392,0.875
76ba8a78acd91bf5,svhn,ssb-v1-block,cnn,protocol-v3,1.0,128,1,2,565,0.005753958015702665,0.016075416991952807,786235392,0.9140625
76ba8a78acd91bf5,svhn,ssb-v1-block,cnn,protocol-v3,1.0,128,1,2,566,0.005711624980904162,0.015537915984168649,786235392,0.9140625
76ba8a78acd91bf5,svhn,ssb-v1-block,cnn,protocol-v3,1.0,128,1,2,567,0.005836334021296352,0.015713167027570307,786235392,0.890625
76ba8a78acd91bf5,svhn,ssb-v1-block,cnn,protocol-v3,1.0,128,1,2,568,0.005717292020563036,0.015590332972351462,786235392,0.90625
76ba8a78acd91bf5,svhn,ssb-v1-block,cnn,protocol-v3,1.0,128,1,2,569,0.005710500001441687,0.015588375041261315,786235392,0.9296875
76ba8a78acd91bf5,svhn,ssb-v1-block,cnn,protocol-v3,1.0,128,1,2,570,0.0057309159892611206,0.016292666958179325,786235392,0.90625
76ba8a78acd91bf5,svhn,ssb-v1-block,cnn,protocol-v3,1.0,128,1,2,571,0.005723499984014779,0.015603707986883819,786235392,0.90625
76ba8a78acd91bf5,svhn,ssb-v1-block,cnn,protocol-v3,1.0,128,1,2,572,0.0023230420192703605,0.008038000029046088,785203200,0.8780487804878049
76ba8a78acd91bf5,svhn,ssb-v1-block,cnn,protocol-v3,1.0,128,1,3,0,0.0057894589845091105,0.015881291998084635,786448384,0.9375
76ba8a78acd91bf5,svhn,ssb-v1-block,cnn,protocol-v3,1.0,128,1,3,1,0.005910457985009998,0.01583083305740729,786464768,0.9375
76ba8a78acd91bf5,svhn,ssb-v1-block,cnn,protocol-v3,1.0,128,1,3,2,0.0062495830352418125,0.01571329199941829,788037632,0.890625
76ba8a78acd91bf5,svhn,ssb-v1-block,cnn,protocol-v3,1.0,128,1,3,3,0.005809874972328544,0.016234791022725403,788054016,0.9140625
76ba8a78acd91bf5,svhn,ssb-v1-block,cnn,protocol-v3,1.0,128,1,3,4,0.005770042014773935,0.016329584002960473,788054016,0.9140625
76ba8a78acd91bf5,svhn,ssb-v1-block,cnn,protocol-v3,1.0,128,1,3,5,0.005739542015362531,0.015652417030651122,788054016,0.8984375
76ba8a78acd91bf5,svhn,ssb-v1-block,cnn,protocol-v3,1.0,128,1,3,6,0.005723165988456458,0.015613875002600253,788054016,0.890625
76ba8a78acd91bf5,svhn,ssb-v1-block,cnn,protocol-v3,1.0,128,1,3,7,0.00572179100709036,0.01561812503496185,788054016,0.859375
76ba8a78acd91bf5,svhn,ssb-v1-block,cnn,protocol-v3,1.0,128,1,3,8,0.005730625009164214,0.015492750040721148,788054016,0.8828125
76ba8a78acd91bf5,svhn,ssb-v1-block,cnn,protocol-v3,1.0,128,1,3,9,0.005732916994020343,0.01557437505107373,788070400,0.875
76ba8a78acd91bf5,svhn,ssb-v1-block,cnn,protocol-v3,1.0,128,1,3,10,0.005729334021452814,0.015572542033623904,788070400,0.90625
76ba8a78acd91bf5,svhn,ssb-v1-block,cnn,protocol-v3,1.0,128,1,3,11,0.0057236250140704215,0.015587125031743199,788070400,0.9296875
76ba8a78acd91bf5,svhn,ssb-v1-block,cnn,protocol-v3,1.0,128,1,3,12,0.005724875023588538,0.015564958972390741,788070400,0.9140625
76ba8a78acd91bf5,svhn,ssb-v1-block,cnn,protocol-v3,1.0,128,1,3,13,0.005742791050579399,0.015567584021482617,788070400,0.9375
76ba8a78acd91bf5,svhn,ssb-v1-block,cnn,protocol-v3,1.0,128,1,3,14,0.0057587079936638474,0.01565958297578618,788070400,0.921875
76ba8a78acd91bf5,svhn,ssb-v1-block,cnn,protocol-v3,1.0,128,1,3,15,0.005733624973800033,0.01561287499498576,788070400,0.90625
76ba8a78acd91bf5,svhn,ssb-v1-block,cnn,protocol-v3,1.0,128,1,3,16,0.005721665977034718,0.015594333002809435,788070400,0.9453125
76ba8a78acd91bf5,svhn,ssb-v1-block,cnn,protocol-v3,1.0,128,1,3,17,0.005781249958090484,0.015629375004209578,788070400,0.921875
76ba8a78acd91bf5,svhn,ssb-v1-block,cnn,protocol-v3,1.0,128,1,3,18,0.005776625010184944,0.0167858749628067,788070400,0.890625
76ba8a78acd91bf5,svhn,ssb-v1-block,cnn,protocol-v3,1.0,128,1,3,19,0.005757457984145731,0.015575750032439828,788070400,0.9296875
76ba8a78acd91bf5,svhn,ssb-v1-block,cnn,protocol-v3,1.0,128,1,3,20,0.00575133302481845,0.015555458958260715,788070400,0.8828125
76ba8a78acd91bf5,svhn,ssb-v1-block,cnn,protocol-v3,1.0,128,1,3,21,0.005727000010665506,0.015532916993834078,788070400,0.9296875
76ba8a78acd91bf5,svhn,ssb-v1-block,cnn,protocol-v3,1.0,128,1,3,22,0.005722208006773144,0.015613833034876734,788086784,0.9453125
76ba8a78acd91bf5,svhn,ssb-v1-block,cnn,protocol-v3,1.0,128,1,3,23,0.0057464580168016255,0.015589041984640062,788086784,0.890625
76ba8a78acd91bf5,svhn,ssb-v1-block,cnn,protocol-v3,1.0,128,1,3,24,0.005716582993045449,0.01558579201810062,788086784,0.8828125
76ba8a78acd91bf5,svhn,ssb-v1-block,cnn,protocol-v3,1.0,128,1,3,25,0.0057518749963492155,0.015583749976940453,788086784,0.890625
76ba8a78acd91bf5,svhn,ssb-v1-block,cnn,protocol-v3,1.0,128,1,3,26,0.005714040948078036,0.015631999995093793,788086784,0.9375
76ba8a78acd91bf5,svhn,ssb-v1-block,cnn,protocol-v3,1.0,128,1,3,27,0.005780250008683652,0.015684915997553617,788086784,0.8671875
76ba8a78acd91bf5,svhn,ssb-v1-block,cnn,protocol-v3,1.0,128,1,3,28,0.005701792018953711,0.015597458987031132,788086784,0.9375
76ba8a78acd91bf5,svhn,ssb-v1-block,cnn,protocol-v3,1.0,128,1,3,29,0.005726750008761883,0.015500832989346236,788103168,0.921875
76ba8a78acd91bf5,svhn,ssb-v1-block,cnn,protocol-v3,1.0,128,1,3,30,0.0057420829543843865,0.015618458040989935,788103168,0.9296875
76ba8a78acd91bf5,svhn,ssb-v1-block,cnn,protocol-v3,1.0,128,1,3,31,0.00573487498331815,0.015628458990249783,788103168,0.9453125
76ba8a78acd91bf5,svhn,ssb-v1-block,cnn,protocol-v3,1.0,128,1,3,32,0.005781249958090484,0.01632633397821337,788103168,0.8984375
76ba8a78acd91bf5,svhn,ssb-v1-block,cnn,protocol-v3,1.0,128,1,3,33,0.005722415982745588,0.015646374959032983,788103168,0.921875
76ba8a78acd91bf5,svhn,ssb-v1-block,cnn,protocol-v3,1.0,128,1,3,34,0.005907375016249716,0.015687832958064973,788103168,0.90625
76ba8a78acd91bf5,svhn,ssb-v1-block,cnn,protocol-v3,1.0,128,1,3,35,0.00586329196812585,0.015878750011324883,788103168,0.90625
76ba8a78acd91bf5,svhn,ssb-v1-block,cnn,protocol-v3,1.0,128,1,3,36,0.00596179103013128,0.016177832963876426,788103168,0.8828125
76ba8a78acd91bf5,svhn,ssb-v1-block,cnn,protocol-v3,1.0,128,1,3,37,0.007084832992404699,0.018506541964598,788119552,0.90625
76ba8a78acd91bf5,svhn,ssb-v1-block,cnn,protocol-v3,1.0,128,1,3,38,0.006423791986890137,0.017700458003673702,788168704,0.8828125
76ba8a78acd91bf5,svhn,ssb-v1-block,cnn,protocol-v3,1.0,128,1,3,39,0.006351666001137346,0.017393457994330674,790986752,0.8984375
76ba8a78acd91bf5,svhn,ssb-v1-block,cnn,protocol-v3,1.0,128,1,3,40,0.006378874997608364,0.01723341702017933,791265280,0.8671875
76ba8a78acd91bf5,svhn,ssb-v1-block,cnn,protocol-v3,1.0,128,1,3,41,0.006588792020920664,0.018137708015274256,791265280,0.8828125
76ba8a78acd91bf5,svhn,ssb-v1-block,cnn,protocol-v3,1.0,128,1,3,42,0.006913458986673504,0.01788970798952505,791265280,0.9296875
76ba8a78acd91bf5,svhn,ssb-v1-block,cnn,protocol-v3,1.0,128,1,3,43,0.006394124997314066,0.017894875025376678,791265280,0.9609375
76ba8a78acd91bf5,svhn,ssb-v1-block,cnn,protocol-v3,1.0,128,1,3,44,0.006490500003565103,0.01779250003164634,791265280,0.953125
76ba8a78acd91bf5,svhn,ssb-v1-block,cnn,protocol-v3,1.0,128,1,3,45,0.006010791985318065,0.016416249971371144,791281664,0.90625
76ba8a78acd91bf5,svhn,ssb-v1-block,cnn,protocol-v3,1.0,128,1,3,46,0.005730707955081016,0.01565587497316301,791298048,0.90625
76ba8a78acd91bf5,svhn,ssb-v1-block,cnn,protocol-v3,1.0,128,1,3,47,0.005706209049094468,0.015736125002149493,791298048,0.9140625
76ba8a78acd91bf5,svhn,ssb-v1-block,cnn,protocol-v3,1.0,128,1,3,48,0.005717916996218264,0.015641125035472214,791298048,0.8984375
76ba8a78acd91bf5,svhn,ssb-v1-block,cnn,protocol-v3,1.0,128,1,3,49,0.0057475829962641,0.015589165966957808,791298048,0.8828125
76ba8a78acd91bf5,svhn,ssb-v1-block,cnn,protocol-v3,1.0,128,1,3,50,0.005736457998864353,0.015491875004954636,791314432,0.9296875
76ba8a78acd91bf5,svhn,ssb-v1-block,cnn,protocol-v3,1.0,128,1,3,51,0.0057203329633921385,0.015644833038095385,791314432,0.8984375
76ba8a78acd91bf5,svhn,ssb-v1-block,cnn,protocol-v3,1.0,128,1,3,52,0.005720415967516601,0.015517916996032,791314432,0.921875
76ba8a78acd91bf5,svhn,ssb-v1-block,cnn,protocol-v3,1.0,128,1,3,53,0.005735916027333587,0.015585292014293373,791314432,0.90625
76ba8a78acd91bf5,svhn,ssb-v1-block,cnn,protocol-v3,1.0,128,1,3,54,0.005745875008869916,0.015413707995321602,791314432,0.8828125
76ba8a78acd91bf5,svhn,ssb-v1-block,cnn,protocol-v3,1.0,128,1,3,55,0.0057142500299960375,0.015588166017550975,791314432,0.9609375
76ba8a78acd91bf5,svhn,ssb-v1-block,cnn,protocol-v3,1.0,128,1,3,56,0.005674874992109835,0.015476125001441687,791314432,0.921875
76ba8a78acd91bf5,svhn,ssb-v1-block,cnn,protocol-v3,1.0,128,1,3,57,0.005699792003724724,0.015556833008304238,791330816,0.921875
76ba8a78acd91bf5,svhn,ssb-v1-block,cnn,protocol-v3,1.0,128,1,3,58,0.005818250006996095,0.015472957980819046,791330816,0.90625
76ba8a78acd91bf5,svhn,ssb-v1-block,cnn,protocol-v3,1.0,128,1,3,59,0.00574108399450779,0.015585333982016891,791330816,0.9453125
76ba8a78acd91bf5,svhn,ssb-v1-block,cnn,protocol-v3,1.0,128,1,3,60,0.0057370420545339584,0.015460374997928739,791330816,0.84375
76ba8a78acd91bf5,svhn,ssb-v1-block,cnn,protocol-v3,1.0,128,1,3,61,0.005727500014472753,0.015569874958600849,791330816,0.9296875
76ba8a78acd91bf5,svhn,ssb-v1-block,cnn,protocol-v3,1.0,128,1,3,62,0.005724208022002131,0.01548329199431464,791330816,0.890625
76ba8a78acd91bf5,svhn,ssb-v1-block,cnn,protocol-v3,1.0,128,1,3,63,0.005715582985430956,0.015571166994050145,791330816,0.84375
76ba8a78acd91bf5,svhn,ssb-v1-block,cnn,protocol-v3,1.0,128,1,3,64,0.0057127499603666365,0.015456166991498321,791330816,0.9296875
76ba8a78acd91bf5,svhn,ssb-v1-block,cnn,protocol-v3,1.0,128,1,3,65,0.005734707985538989,0.016585458011832088,791330816,0.875
76ba8a78acd91bf5,svhn,ssb-v1-block,cnn,protocol-v3,1.0,128,1,3,66,0.005724249989725649,0.015463791962247342,791330816,0.9375
76ba8a78acd91bf5,svhn,ssb-v1-block,cnn,protocol-v3,1.0,128,1,3,67,0.005729874945245683,0.015563791966997087,791347200,0.921875
76ba8a78acd91bf5,svhn,ssb-v1-block,cnn,protocol-v3,1.0,128,1,3,68,0.005755374964792281,0.015573874989058822,791347200,0.90625
76ba8a78acd91bf5,svhn,ssb-v1-block,cnn,protocol-v3,1.0,128,1,3,69,0.005731832992751151,0.015532374964095652,791347200,0.8984375
76ba8a78acd91bf5,svhn,ssb-v1-block,cnn,protocol-v3,1.0,128,1,3,70,0.005732416000682861,0.016390583012253046,791347200,0.9453125
76ba8a78acd91bf5,svhn,ssb-v1-block,cnn,protocol-v3,1.0,128,1,3,71,0.0057033750344999135,0.015567584021482617,791347200,0.8828125
76ba8a78acd91bf5,svhn,ssb-v1-block,cnn,protocol-v3,1.0,128,1,3,72,0.005717833002563566,0.015544207999482751,791363584,0.8984375
76ba8a78acd91bf5,svhn,ssb-v1-block,cnn,protocol-v3,1.0,128,1,3,73,0.005726792034693062,0.01558725000359118,791363584,0.859375
76ba8a78acd91bf5,svhn,ssb-v1-block,cnn,protocol-v3,1.0,128,1,3,74,0.005720999964978546,0.015549915959127247,791363584,0.8984375
76ba8a78acd91bf5,svhn,ssb-v1-block,cnn,protocol-v3,1.0,128,1,3,75,0.005699542001821101,0.015568125003483146,791363584,0.90625
76ba8a78acd91bf5,svhn,ssb-v1-block,cnn,protocol-v3,1.0,128,1,3,76,0.005729291995521635,0.015470875019673258,791363584,0.921875
76ba8a78acd91bf5,svhn,ssb-v1-block,cnn,protocol-v3,1.0,128,1,3,77,0.005704209033865482,0.015583959000650793,791363584,0.90625
76ba8a78acd91bf5,svhn,ssb-v1-block,cnn,protocol-v3,1.0,128,1,3,78,0.005716958025004715,0.016005624958779663,791363584,0.9296875
76ba8a78acd91bf5,svhn,ssb-v1-block,cnn,protocol-v3,1.0,128,1,3,79,0.005711125035304576,0.016672957979608327,791363584,0.8984375
76ba8a78acd91bf5,svhn,ssb-v1-block,cnn,protocol-v3,1.0,128,1,3,80,0.005742583016399294,0.015589165966957808,791379968,0.875
76ba8a78acd91bf5,svhn,ssb-v1-block,cnn,protocol-v3,1.0,128,1,3,81,0.005731792014557868,0.015663832949940115,791396352,0.9140625
76ba8a78acd91bf5,svhn,ssb-v1-block,cnn,protocol-v3,1.0,128,1,3,82,0.0057326669921167195,0.015450375038199127,791396352,0.8984375
76ba8a78acd91bf5,svhn,ssb-v1-block,cnn,protocol-v3,1.0,128,1,3,83,0.0057156659895554185,0.015598416037391871,791396352,0.8984375
76ba8a78acd91bf5,svhn,ssb-v1-block,cnn,protocol-v3,1.0,128,1,3,84,0.005725625029299408,0.015568666975013912,791396352,0.8984375
76ba8a78acd91bf5,svhn,ssb-v1-block,cnn,protocol-v3,1.0,128,1,3,85,0.005712250014767051,0.015585458022542298,791396352,0.9140625
76ba8a78acd91bf5,svhn,ssb-v1-block,cnn,protocol-v3,1.0,128,1,3,86,0.005729958007577807,0.015574082965031266,791396352,0.8984375
76ba8a78acd91bf5,svhn,ssb-v1-block,cnn,protocol-v3,1.0,128,1,3,87,0.005725459021050483,0.015568000031635165,791396352,0.9375
76ba8a78acd91bf5,svhn,ssb-v1-block,cnn,protocol-v3,1.0,128,1,3,88,0.005739959015045315,0.015625457977876067,791396352,0.9296875
76ba8a78acd91bf5,svhn,ssb-v1-block,cnn,protocol-v3,1.0,128,1,3,89,0.005717208026908338,0.01557662500999868,791396352,0.90625
76ba8a78acd91bf5,svhn,ssb-v1-block,cnn,protocol-v3,1.0,128,1,3,90,0.005730332981329411,0.015575416968204081,791396352,0.90625
76ba8a78acd91bf5,svhn,ssb-v1-block,cnn,protocol-v3,1.0,128,1,3,91,0.005713333026506007,0.01567708299262449,791396352,0.8359375
76ba8a78acd91bf5,svhn,ssb-v1-block,cnn,protocol-v3,1.0,128,1,3,92,0.005694666993804276,0.015638707962352782,791396352,0.875
76ba8a78acd91bf5,svhn,ssb-v1-block,cnn,protocol-v3,1.0,128,1,3,93,0.0057536669773980975,0.015534915961325169,791396352,0.890625
76ba8a78acd91bf5,svhn,ssb-v1-block,cnn,protocol-v3,1.0,128,1,3,94,0.00572591699892655,0.015523458016104996,791429120,0.921875
76ba8a78acd91bf5,svhn,ssb-v1-block,cnn,protocol-v3,1.0,128,1,3,95,0.005719166016206145,0.015570999996270984,791429120,0.90625
76ba8a78acd91bf5,svhn,ssb-v1-block,cnn,protocol-v3,1.0,128,1,3,96,0.00574308296199888,0.015598916972521693,791429120,0.8828125
76ba8a78acd91bf5,svhn,ssb-v1-block,cnn,protocol-v3,1.0,128,1,3,97,0.005740916007198393,0.015681916964240372,791429120,0.921875
76ba8a78acd91bf5,svhn,ssb-v1-block,cnn,protocol-v3,1.0,128,1,3,98,0.005718000000342727,0.01559395797085017,791429120,0.8671875
76ba8a78acd91bf5,svhn,ssb-v1-block,cnn,protocol-v3,1.0,128,1,3,99,0.0057113340008072555,0.015589832968544215,791429120,0.921875
76ba8a78acd91bf5,svhn,ssb-v1-block,cnn,protocol-v3,1.0,128,1,3,100,0.005726833012886345,0.015451417013537139,791429120,0.9140625
76ba8a78acd91bf5,svhn,ssb-v1-block,cnn,protocol-v3,1.0,128,1,3,101,0.00573562498902902,0.015634374984074384,791429120,0.921875
76ba8a78acd91bf5,svhn,ssb-v1-block,cnn,protocol-v3,1.0,128,1,3,102,0.005724958027713001,0.015478041023015976,791429120,0.890625
76ba8a78acd91bf5,svhn,ssb-v1-block,cnn,protocol-v3,1.0,128,1,3,103,0.005723791022319347,0.01555170799838379,791429120,0.921875
76ba8a78acd91bf5,svhn,ssb-v1-block,cnn,protocol-v3,1.0,128,1,3,104,0.005713333026506007,0.01547566702356562,791429120,0.9140625
76ba8a78acd91bf5,svhn,ssb-v1-block,cnn,protocol-v3,1.0,128,1,3,105,0.005723167036194354,0.015570125018712133,791445504,0.8984375
76ba8a78acd91bf5,svhn,ssb-v1-block,cnn,protocol-v3,1.0,128,1,3,106,0.005742790992371738,0.015660208009649068,791445504,0.890625
76ba8a78acd91bf5,svhn,ssb-v1-block,cnn,protocol-v3,1.0,128,1,3,107,0.005700958019588143,0.015462332987226546,791445504,0.8828125
76ba8a78acd91bf5,svhn,ssb-v1-block,cnn,protocol-v3,1.0,128,1,3,108,0.005724749993532896,0.015565250010695308,791445504,0.890625
76ba8a78acd91bf5,svhn,ssb-v1-block,cnn,protocol-v3,1.0,128,1,3,109,0.005749415955506265,0.015531125012785196,791445504,0.921875
76ba8a78acd91bf5,svhn,ssb-v1-block,cnn,protocol-v3,1.0,128,1,3,110,0.00574999995296821,0.015572957985568792,791445504,0.8359375
76ba8a78acd91bf5,svhn,ssb-v1-block,cnn,protocol-v3,1.0,128,1,3,111,0.005733166995923966,0.015481999958865345,791445504,0.8671875
76ba8a78acd91bf5,svhn,ssb-v1-block,cnn,protocol-v3,1.0,128,1,3,112,0.0057432500179857016,0.015547625022009015,791445504,0.859375
76ba8a78acd91bf5,svhn,ssb-v1-block,cnn,protocol-v3,1.0,128,1,3,113,0.005714249971788377,0.015490958001464605,791445504,0.921875
76ba8a78acd91bf5,svhn,ssb-v1-block,cnn,protocol-v3,1.0,128,1,3,114,0.005725583003368229,0.015618207980878651,791478272,0.9375
76ba8a78acd91bf5,svhn,ssb-v1-block,cnn,protocol-v3,1.0,128,1,3,115,0.005707999982405454,0.015463749994523823,791478272,0.875
76ba8a78acd91bf5,svhn,ssb-v1-block,cnn,protocol-v3,1.0,128,1,3,116,0.005739249987527728,0.01546554098604247,791478272,0.921875
76ba8a78acd91bf5,svhn,ssb-v1-block,cnn,protocol-v3,1.0,128,1,3,117,0.005724875023588538,0.015593667048960924,791478272,0.8984375
76ba8a78acd91bf5,svhn,ssb-v1-block,cnn,protocol-v3,1.0,128,1,3,118,0.0057305420050397515,0.0154771669767797,791478272,0.8515625
76ba8a78acd91bf5,svhn,ssb-v1-block,cnn,protocol-v3,1.0,128,1,3,119,0.005730415985453874,0.015650957997422665,791478272,0.8671875
76ba8a78acd91bf5,svhn,ssb-v1-block,cnn,protocol-v3,1.0,128,1,3,120,0.005718208965845406,0.015476582979317755,791478272,0.9375
76ba8a78acd91bf5,svhn,ssb-v1-block,cnn,protocol-v3,1.0,128,1,3,121,0.005720957997255027,0.015583541011437774,791494656,0.9453125
76ba8a78acd91bf5,svhn,ssb-v1-block,cnn,protocol-v3,1.0,128,1,3,122,0.005735332961194217,0.015489582961890846,791494656,0.9140625
76ba8a78acd91bf5,svhn,ssb-v1-block,cnn,protocol-v3,1.0,128,1,3,123,0.005710582947358489,0.015530167031101882,791511040,0.890625
76ba8a78acd91bf5,svhn,ssb-v1-block,cnn,protocol-v3,1.0,128,1,3,124,0.005709958961233497,0.015590374998282641,791511040,0.921875
76ba8a78acd91bf5,svhn,ssb-v1-block,cnn,protocol-v3,1.0,128,1,3,125,0.0057142500299960375,0.015492375008761883,791511040,0.8359375
76ba8a78acd91bf5,svhn,ssb-v1-block,cnn,protocol-v3,1.0,128,1,3,126,0.005758584011346102,0.015511459030676633,791527424,0.90625
76ba8a78acd91bf5,svhn,ssb-v1-block,cnn,protocol-v3,1.0,128,1,3,127,0.005729584023356438,0.015599792008288205,791543808,0.9375
76ba8a78acd91bf5,svhn,ssb-v1-block,cnn,protocol-v3,1.0,128,1,3,128,0.005734750011470169,0.015543833025731146,791543808,0.9140625
76ba8a78acd91bf5,svhn,ssb-v1-block,cnn,protocol-v3,1.0,128,1,3,129,0.005713916034437716,0.015546333976089954,791560192,0.8984375
76ba8a78acd91bf5,svhn,ssb-v1-block,cnn,protocol-v3,1.0,128,1,3,130,0.0057330839917995036,0.015581957995891571,791560192,0.9140625
76ba8a78acd91bf5,svhn,ssb-v1-block,cnn,protocol-v3,1.0,128,1,3,131,0.005741875036619604,0.015584875014610589,791560192,0.875
76ba8a78acd91bf5,svhn,ssb-v1-block,cnn,protocol-v3,1.0,128,1,3,132,0.005725333001464605,0.015592915995512158,791576576,0.9375
76ba8a78acd91bf5,svhn,ssb-v1-block,cnn,protocol-v3,1.0,128,1,3,133,0.0057054999633692205,0.016259249998256564,791576576,0.921875
76ba8a78acd91bf5,svhn,ssb-v1-block,cnn,protocol-v3,1.0,128,1,3,134,0.005724749993532896,0.015599332982674241,791576576,0.9140625
76ba8a78acd91bf5,svhn,ssb-v1-block,cnn,protocol-v3,1.0,128,1,3,135,0.005738332984037697,0.015562416985630989,791576576,0.90625
76ba8a78acd91bf5,svhn,ssb-v1-block,cnn,protocol-v3,1.0,128,1,3,136,0.005725082999560982,0.015554041019640863,791592960,0.9375
76ba8a78acd91bf5,svhn,ssb-v1-block,cnn,protocol-v3,1.0,128,1,3,137,0.005830624955706298,0.016371792007703334,791592960,0.9296875
76ba8a78acd91bf5,svhn,ssb-v1-block,cnn,protocol-v3,1.0,128,1,3,138,0.005724999995436519,0.015926374995615333,791592960,0.90625
76ba8a78acd91bf5,svhn,ssb-v1-block,cnn,protocol-v3,1.0,128,1,3,139,0.005736207996960729,0.015568667033221573,791592960,0.90625
76ba8a78acd91bf5,svhn,ssb-v1-block,cnn,protocol-v3,1.0,128,1,3,140,0.005704915965907276,0.015589042042847723,791592960,0.9140625
76ba8a78acd91bf5,svhn,ssb-v1-block,cnn,protocol-v3,1.0,128,1,3,141,0.0059788330108858645,0.01589979202253744,791592960,0.8828125
76ba8a78acd91bf5,svhn,ssb-v1-block,cnn,protocol-v3,1.0,128,1,3,142,0.006066708010621369,0.01570799999171868,791592960,0.9140625
76ba8a78acd91bf5,svhn,ssb-v1-block,cnn,protocol-v3,1.0,128,1,3,143,0.0057616669801063836,0.016121874970849603,791592960,0.8984375
76ba8a78acd91bf5,svhn,ssb-v1-block,cnn,protocol-v3,1.0,128,1,3,144,0.00572720798663795,0.01590487500652671,791592960,0.859375
76ba8a78acd91bf5,svhn,ssb-v1-block,cnn,protocol-v3,1.0,128,1,3,145,0.005709916993509978,0.01552612503292039,791592960,0.9375
76ba8a78acd91bf5,svhn,ssb-v1-block,cnn,protocol-v3,1.0,128,1,3,146,0.005722875008359551,0.01546179101569578,791592960,0.921875
76ba8a78acd91bf5,svhn,ssb-v1-block,cnn,protocol-v3,1.0,128,1,3,147,0.005733291967771947,0.015521000022999942,791609344,0.875
76ba8a78acd91bf5,svhn,ssb-v1-block,cnn,protocol-v3,1.0,128,1,3,148,0.005735041981097311,0.015888082969468087,791625728,0.9296875
76ba8a78acd91bf5,svhn,ssb-v1-block,cnn,protocol-v3,1.0,128,1,3,149,0.005718374974094331,0.015587834001053125,791625728,0.921875
76ba8a78acd91bf5,svhn,ssb-v1-block,cnn,protocol-v3,1.0,128,1,3,150,0.005708209006115794,0.015570167044643313,791642112,0.921875
76ba8a78acd91bf5,svhn,ssb-v1-block,cnn,protocol-v3,1.0,128,1,3,151,0.005725791968870908,0.015474667015951127,791642112,0.90625
76ba8a78acd91bf5,svhn,ssb-v1-block,cnn,protocol-v3,1.0,128,1,3,152,0.005721875000745058,0.015572209027595818,791642112,0.9296875
76ba8a78acd91bf5,svhn,ssb-v1-block,cnn,protocol-v3,1.0,128,1,3,153,0.005718083004467189,0.015548166004009545,791642112,0.90625
76ba8a78acd91bf5,svhn,ssb-v1-block,cnn,protocol-v3,1.0,128,1,3,154,0.005729832977522165,0.015565791982226074,791642112,0.9296875
76ba8a78acd91bf5,svhn,ssb-v1-block,cnn,protocol-v3,1.0,128,1,3,155,0.005741583008784801,0.01557041599880904,791642112,0.875
76ba8a78acd91bf5,svhn,ssb-v1-block,cnn,protocol-v3,1.0,128,1,3,156,0.005726290983147919,0.01557566603878513,791642112,0.8828125
76ba8a78acd91bf5,svhn,ssb-v1-block,cnn,protocol-v3,1.0,128,1,3,157,0.005680041969753802,0.015540666994638741,791642112,0.9453125
76ba8a78acd91bf5,svhn,ssb-v1-block,cnn,protocol-v3,1.0,128,1,3,158,0.005694499996025115,0.015525875031016767,791642112,0.953125
76ba8a78acd91bf5,svhn,ssb-v1-block,cnn,protocol-v3,1.0,128,1,3,159,0.005807792011182755,0.015567167021799833,791642112,0.9140625
76ba8a78acd91bf5,svhn,ssb-v1-block,cnn,protocol-v3,1.0,128,1,3,160,0.005708667042199522,0.01559937500860542,791642112,0.90625
76ba8a78acd91bf5,svhn,ssb-v1-block,cnn,protocol-v3,1.0,128,1,3,161,0.005752791010309011,0.015581374987959862,791658496,0.90625
76ba8a78acd91bf5,svhn,ssb-v1-block,cnn,protocol-v3,1.0,128,1,3,162,0.006311582983471453,0.01559320802334696,791674880,0.9140625
76ba8a78acd91bf5,svhn,ssb-v1-block,cnn,protocol-v3,1.0,128,1,3,163,0.005720541987102479,0.015549291973002255,791674880,0.8984375
76ba8a78acd91bf5,svhn,ssb-v1-block,cnn,protocol-v3,1.0,128,1,3,164,0.005732250050641596,0.015570125018712133,791674880,0.9375
76ba8a78acd91bf5,svhn,ssb-v1-block,cnn,protocol-v3,1.0,128,1,3,165,0.0057134999660775065,0.015583332977257669,791674880,0.90625
76ba8a78acd91bf5,svhn,ssb-v1-block,cnn,protocol-v3,1.0,128,1,3,166,0.005717957974411547,0.015452624997124076,791674880,0.9296875
76ba8a78acd91bf5,svhn,ssb-v1-block,cnn,protocol-v3,1.0,128,1,3,167,0.005713708000257611,0.015577167039737105,791674880,0.8984375
76ba8a78acd91bf5,svhn,ssb-v1-block,cnn,protocol-v3,1.0,128,1,3,168,0.005712041980586946,0.015483083028811961,791674880,0.921875
76ba8a78acd91bf5,svhn,ssb-v1-block,cnn,protocol-v3,1.0,128,1,3,169,0.005741792032495141,0.015546916984021664,791674880,0.921875
76ba8a78acd91bf5,svhn,ssb-v1-block,cnn,protocol-v3,1.0,128,1,3,170,0.005735167011152953,0.015536416962277144,791691264,0.9296875
76ba8a78acd91bf5,svhn,ssb-v1-block,cnn,protocol-v3,1.0,128,1,3,171,0.005729334021452814,0.015556250000372529,791691264,0.953125
76ba8a78acd91bf5,svhn,ssb-v1-block,cnn,protocol-v3,1.0,128,1,3,172,0.005727082956582308,0.015448874968569726,791691264,0.9140625
76ba8a78acd91bf5,svhn,ssb-v1-block,cnn,protocol-v3,1.0,128,1,3,173,0.0057319169864058495,0.015592665993608534,791691264,0.9296875
76ba8a78acd91bf5,svhn,ssb-v1-block,cnn,protocol-v3,1.0,128,1,3,174,0.005720208981074393,0.015447417041286826,791707648,0.921875
76ba8a78acd91bf5,svhn,ssb-v1-block,cnn,protocol-v3,1.0,128,1,3,175,0.005742625042330474,0.015530499978922307,791707648,0.921875
76ba8a78acd91bf5,svhn,ssb-v1-block,cnn,protocol-v3,1.0,128,1,3,176,0.005692375008948147,0.015421291987877339,791707648,0.921875
76ba8a78acd91bf5,svhn,ssb-v1-block,cnn,protocol-v3,1.0,128,1,3,177,0.005722917034290731,0.01552441599778831,791724032,0.921875
76ba8a78acd91bf5,svhn,ssb-v1-block,cnn,protocol-v3,1.0,128,1,3,178,0.00571695901453495,0.015563749999273568,791740416,0.921875
76ba8a78acd91bf5,svhn,ssb-v1-block,cnn,protocol-v3,1.0,128,1,3,179,0.005742000008467585,0.015602917002979666,791740416,0.875
76ba8a78acd91bf5,svhn,ssb-v1-block,cnn,protocol-v3,1.0,128,1,3,180,0.005708749988116324,0.015608874964527786,791740416,0.9453125
76ba8a78acd91bf5,svhn,ssb-v1-block,cnn,protocol-v3,1.0,128,1,3,181,0.005735209037084132,0.015572583011817187,791740416,0.90625
76ba8a78acd91bf5,svhn,ssb-v1-block,cnn,protocol-v3,1.0,128,1,3,182,0.005714749975595623,0.015588459034916013,791740416,0.890625
76ba8a78acd91bf5,svhn,ssb-v1-block,cnn,protocol-v3,1.0,128,1,3,183,0.0057384580140933394,0.015512374986428767,791740416,0.8828125
76ba8a78acd91bf5,svhn,ssb-v1-block,cnn,protocol-v3,1.0,128,1,3,184,0.005732791963964701,0.016186624998226762,791740416,0.8984375
76ba8a78acd91bf5,svhn,ssb-v1-block,cnn,protocol-v3,1.0,128,1,3,185,0.00571900000795722,0.015547958959359676,791740416,0.9296875
76ba8a78acd91bf5,svhn,ssb-v1-block,cnn,protocol-v3,1.0,128,1,3,186,0.005716499988920987,0.015514291997533292,791740416,0.9296875
76ba8a78acd91bf5,svhn,ssb-v1-block,cnn,protocol-v3,1.0,128,1,3,187,0.005714375001844019,0.015568583970889449,791740416,0.9296875
76ba8a78acd91bf5,svhn,ssb-v1-block,cnn,protocol-v3,1.0,128,1,3,188,0.005726916948333383,0.015638166049029678,791740416,0.8671875
76ba8a78acd91bf5,svhn,ssb-v1-block,cnn,protocol-v3,1.0,128,1,3,189,0.005720582965295762,0.015575416968204081,791740416,0.9140625
76ba8a78acd91bf5,svhn,ssb-v1-block,cnn,protocol-v3,1.0,128,1,3,190,0.0057395409676246345,0.015533708967268467,791773184,0.875
76ba8a78acd91bf5,svhn,ssb-v1-block,cnn,protocol-v3,1.0,128,1,3,191,0.005723125010263175,0.015555958030745387,791773184,0.875
76ba8a78acd91bf5,svhn,ssb-v1-block,cnn,protocol-v3,1.0,128,1,3,192,0.005701000045519322,0.015565999958198518,791773184,0.8828125
76ba8a78acd91bf5,svhn,ssb-v1-block,cnn,protocol-v3,1.0,128,1,3,193,0.0057195829576812685,0.015568499977234751,791773184,0.921875
76ba8a78acd91bf5,svhn,ssb-v1-block,cnn,protocol-v3,1.0,128,1,3,194,0.005716208019293845,0.01552166702458635,791773184,0.90625
76ba8a78acd91bf5,svhn,ssb-v1-block,cnn,protocol-v3,1.0,128,1,3,195,0.00573020800948143,0.015645916981156915,791773184,0.875
76ba8a78acd91bf5,svhn,ssb-v1-block,cnn,protocol-v3,1.0,128,1,3,196,0.005694292020052671,0.015581791987642646,791773184,0.90625
76ba8a78acd91bf5,svhn,ssb-v1-block,cnn,protocol-v3,1.0,128,1,3,197,0.005741124972701073,0.015664916951209307,791789568,0.921875
76ba8a78acd91bf5,svhn,ssb-v1-block,cnn,protocol-v3,1.0,128,1,3,198,0.0057280000182799995,0.015567333030048758,791789568,0.921875
76ba8a78acd91bf5,svhn,ssb-v1-block,cnn,protocol-v3,1.0,128,1,3,199,0.005707999982405454,0.015597291989251971,791789568,0.8828125
76ba8a78acd91bf5,svhn,ssb-v1-block,cnn,protocol-v3,1.0,128,1,3,200,0.005732541962061077,0.01559266698313877,791789568,0.8671875
76ba8a78acd91bf5,svhn,ssb-v1-block,cnn,protocol-v3,1.0,128,1,3,201,0.005729374999646097,0.01551433396525681,791805952,0.859375
76ba8a78acd91bf5,svhn,ssb-v1-block,cnn,protocol-v3,1.0,128,1,3,202,0.005726624978706241,0.016111332981381565,791805952,0.875
76ba8a78acd91bf5,svhn,ssb-v1-block,cnn,protocol-v3,1.0,128,1,3,203,0.005723165988456458,0.015603584004566073,791805952,0.8984375
76ba8a78acd91bf5,svhn,ssb-v1-block,cnn,protocol-v3,1.0,128,1,3,204,0.005710582947358489,0.015567250025924295,791805952,0.90625
76ba8a78acd91bf5,svhn,ssb-v1-block,cnn,protocol-v3,1.0,128,1,3,205,0.0057240420137532055,0.01558204198954627,791805952,0.9140625
76ba8a78acd91bf5,svhn,ssb-v1-block,cnn,protocol-v3,1.0,128,1,3,206,0.005705041985493153,0.015572957985568792,791805952,0.9140625
76ba8a78acd91bf5,svhn,ssb-v1-block,cnn,protocol-v3,1.0,128,1,3,207,0.005723249982111156,0.015822292014490813,791822336,0.921875
76ba8a78acd91bf5,svhn,ssb-v1-block,cnn,protocol-v3,1.0,128,1,3,208,0.005749666015617549,0.015542375040240586,791838720,0.8984375
76ba8a78acd91bf5,svhn,ssb-v1-block,cnn,protocol-v3,1.0,128,1,3,209,0.005761584034189582,0.015536833961959928,791838720,0.9140625
76ba8a78acd91bf5,svhn,ssb-v1-block,cnn,protocol-v3,1.0,128,1,3,210,0.005725666997022927,0.015597541991155595,791838720,0.8984375
76ba8a78acd91bf5,svhn,ssb-v1-block,cnn,protocol-v3,1.0,128,1,3,211,0.005713750026188791,0.016255749971605837,791855104,0.9609375
76ba8a78acd91bf5,svhn,ssb-v1-block,cnn,protocol-v3,1.0,128,1,3,212,0.005724625021684915,0.015465458040125668,791855104,0.953125
76ba8a78acd91bf5,svhn,ssb-v1-block,cnn,protocol-v3,1.0,128,1,3,213,0.005721166962757707,0.015593707968946546,791855104,0.8984375
76ba8a78acd91bf5,svhn,ssb-v1-block,cnn,protocol-v3,1.0,128,1,3,214,0.005719916021917015,0.01549416600028053,791855104,0.9375
76ba8a78acd91bf5,svhn,ssb-v1-block,cnn,protocol-v3,1.0,128,1,3,215,0.005713375052437186,0.015516875020693988,791871488,0.890625
76ba8a78acd91bf5,svhn,ssb-v1-block,cnn,protocol-v3,1.0,128,1,3,216,0.005735916027333587,0.015545083035249263,791871488,0.8671875
76ba8a78acd91bf5,svhn,ssb-v1-block,cnn,protocol-v3,1.0,128,1,3,217,0.005728916963562369,0.015493332990445197,791871488,0.9453125
76ba8a78acd91bf5,svhn,ssb-v1-block,cnn,protocol-v3,1.0,128,1,3,218,0.0057056250516325235,0.015591625007800758,791871488,0.8984375
76ba8a78acd91bf5,svhn,ssb-v1-block,cnn,protocol-v3,1.0,128,1,3,219,0.005713542050216347,0.015597583027556539,791871488,0.890625
76ba8a78acd91bf5,svhn,ssb-v1-block,cnn,protocol-v3,1.0,128,1,3,220,0.005732165998779237,0.015551791002508253,791871488,0.9375
76ba8a78acd91bf5,svhn,ssb-v1-block,cnn,protocol-v3,1.0,128,1,3,221,0.005716417043004185,0.015572667005471885,791887872,0.875
76ba8a78acd91bf5,svhn,ssb-v1-block,cnn,protocol-v3,1.0,128,1,3,222,0.005706708994694054,0.015517458028625697,791887872,0.953125
76ba8a78acd91bf5,svhn,ssb-v1-block,cnn,protocol-v3,1.0,128,1,3,223,0.005729958007577807,0.015562415996100754,791904256,0.8984375
76ba8a78acd91bf5,svhn,ssb-v1-block,cnn,protocol-v3,1.0,128,1,3,224,0.005727334006223828,0.015590291994158179,791920640,0.8671875
76ba8a78acd91bf5,svhn,ssb-v1-block,cnn,protocol-v3,1.0,128,1,3,225,0.005721708002965897,0.01593962503829971,791920640,0.8984375
76ba8a78acd91bf5,svhn,ssb-v1-block,cnn,protocol-v3,1.0,128,1,3,226,0.0057102920254692435,0.015538042003754526,791920640,0.8828125
76ba8a78acd91bf5,svhn,ssb-v1-block,cnn,protocol-v3,1.0,128,1,3,227,0.005711458041332662,0.015569624956697226,791920640,0.8984375
76ba8a78acd91bf5,svhn,ssb-v1-block,cnn,protocol-v3,1.0,128,1,3,228,0.005705875053536147,0.015448582998942584,791920640,0.90625
76ba8a78acd91bf5,svhn,ssb-v1-block,cnn,protocol-v3,1.0,128,1,3,229,0.005724624963477254,0.015598499972838908,791920640,0.9140625
76ba8a78acd91bf5,svhn,ssb-v1-block,cnn,protocol-v3,1.0,128,1,3,230,0.00571900000795722,0.015578791033476591,791920640,0.9140625
76ba8a78acd91bf5,svhn,ssb-v1-block,cnn,protocol-v3,1.0,128,1,3,231,0.0057171250227838755,0.015621458005625755,791920640,0.9296875
76ba8a78acd91bf5,svhn,ssb-v1-block,cnn,protocol-v3,1.0,128,1,3,232,0.005727209034375846,0.015576999983750284,791920640,0.8984375
76ba8a78acd91bf5,svhn,ssb-v1-block,cnn,protocol-v3,1.0,128,1,3,233,0.005728916963562369,0.015570082992780954,791937024,0.921875
76ba8a78acd91bf5,svhn,ssb-v1-block,cnn,protocol-v3,1.0,128,1,3,234,0.005737083964049816,0.01556516601704061,791937024,0.9140625
76ba8a78acd91bf5,svhn,ssb-v1-block,cnn,protocol-v3,1.0,128,1,3,235,0.005700582987628877,0.0156100420281291,791953408,0.8984375
76ba8a78acd91bf5,svhn,ssb-v1-block,cnn,protocol-v3,1.0,128,1,3,236,0.005718624975997955,0.015482249960768968,791953408,0.921875
76ba8a78acd91bf5,svhn,ssb-v1-block,cnn,protocol-v3,1.0,128,1,3,237,0.005903917015530169,0.015653416980057955,791953408,0.8828125
76ba8a78acd91bf5,svhn,ssb-v1-block,cnn,protocol-v3,1.0,128,1,3,238,0.005961832997854799,0.015771583013702184,791953408,0.890625
76ba8a78acd91bf5,svhn,ssb-v1-block,cnn,protocol-v3,1.0,128,1,3,239,0.006407500011846423,0.01608299999497831,791953408,0.8984375
76ba8a78acd91bf5,svhn,ssb-v1-block,cnn,protocol-v3,1.0,128,1,3,240,0.0057757499744184315,0.01567024999530986,791953408,0.90625
76ba8a78acd91bf5,svhn,ssb-v1-block,cnn,protocol-v3,1.0,128,1,3,241,0.00572591699892655,0.015504124981816858,791953408,0.9296875
76ba8a78acd91bf5,svhn,ssb-v1-block,cnn,protocol-v3,1.0,128,1,3,242,0.0057295000297017395,0.015650584013201296,791953408,0.8984375
76ba8a78acd91bf5,svhn,ssb-v1-block,cnn,protocol-v3,1.0,128,1,3,243,0.005742457986343652,0.015556666010525078,791969792,0.8828125
76ba8a78acd91bf5,svhn,ssb-v1-block,cnn,protocol-v3,1.0,128,1,3,244,0.0057160420110449195,0.015483374998439103,791969792,0.90625
76ba8a78acd91bf5,svhn,ssb-v1-block,cnn,protocol-v3,1.0,128,1,3,245,0.00576520903268829,0.015643791004549712,791969792,0.8671875
76ba8a78acd91bf5,svhn,ssb-v1-block,cnn,protocol-v3,1.0,128,1,3,246,0.005779290979262441,0.015572374977637082,791969792,0.90625
76ba8a78acd91bf5,svhn,ssb-v1-block,cnn,protocol-v3,1.0,128,1,3,247,0.005725541966967285,0.015593708027154207,791969792,0.875
76ba8a78acd91bf5,svhn,ssb-v1-block,cnn,protocol-v3,1.0,128,1,3,248,0.005718290980439633,0.015603458974510431,791969792,0.8984375
76ba8a78acd91bf5,svhn,ssb-v1-block,cnn,protocol-v3,1.0,128,1,3,249,0.005714000028092414,0.016419041028711945,791969792,0.890625
76ba8a78acd91bf5,svhn,ssb-v1-block,cnn,protocol-v3,1.0,128,1,3,250,0.005734750011470169,0.015555583988316357,791969792,0.890625
76ba8a78acd91bf5,svhn,ssb-v1-block,cnn,protocol-v3,1.0,128,1,3,251,0.005725624971091747,0.01559320802334696,791969792,0.9140625
76ba8a78acd91bf5,svhn,ssb-v1-block,cnn,protocol-v3,1.0,128,1,3,252,0.005742209032177925,0.015598750032950193,792002560,0.9296875
76ba8a78acd91bf5,svhn,ssb-v1-block,cnn,protocol-v3,1.0,128,1,3,253,0.005771541967988014,0.015578833990730345,792018944,0.9140625
76ba8a78acd91bf5,svhn,ssb-v1-block,cnn,protocol-v3,1.0,128,1,3,254,0.005718208965845406,0.015601416991557926,792035328,0.9453125
76ba8a78acd91bf5,svhn,ssb-v1-block,cnn,protocol-v3,1.0,128,1,3,255,0.005717375024687499,0.015529625001363456,792035328,0.9296875
76ba8a78acd91bf5,svhn,ssb-v1-block,cnn,protocol-v3,1.0,128,1,3,256,0.0057610830408521,0.015559166960883886,792035328,0.890625
76ba8a78acd91bf5,svhn,ssb-v1-block,cnn,protocol-v3,1.0,128,1,3,257,0.005716625018976629,0.0157018750323914,792035328,0.90625
76ba8a78acd91bf5,svhn,ssb-v1-block,cnn,protocol-v3,1.0,128,1,3,258,0.006033957994077355,0.015911374997813255,792051712,0.921875
76ba8a78acd91bf5,svhn,ssb-v1-block,cnn,protocol-v3,1.0,128,1,3,259,0.005718791973777115,0.015509042015764862,792051712,0.8984375
76ba8a78acd91bf5,svhn,ssb-v1-block,cnn,protocol-v3,1.0,128,1,3,260,0.005812416959088296,0.015511374978814274,792051712,0.9140625
76ba8a78acd91bf5,svhn,ssb-v1-block,cnn,protocol-v3,1.0,128,1,3,261,0.005720917019061744,0.015560332976747304,792051712,0.9453125
76ba8a78acd91bf5,svhn,ssb-v1-block,cnn,protocol-v3,1.0,128,1,3,262,0.005722500034607947,0.015586624969728291,792051712,0.90625
76ba8a78acd91bf5,svhn,ssb-v1-block,cnn,protocol-v3,1.0,128,1,3,263,0.005737499974202365,0.015875916986260563,792051712,0.90625
76ba8a78acd91bf5,svhn,ssb-v1-block,cnn,protocol-v3,1.0,128,1,3,264,0.005754042009357363,0.015542334003839642,792051712,0.90625
76ba8a78acd91bf5,svhn,ssb-v1-block,cnn,protocol-v3,1.0,128,1,3,265,0.005727333016693592,0.015582291991449893,792051712,0.9296875
76ba8a78acd91bf5,svhn,ssb-v1-block,cnn,protocol-v3,1.0,128,1,3,266,0.005719500011764467,0.015588791982736439,792051712,0.9296875
76ba8a78acd91bf5,svhn,ssb-v1-block,cnn,protocol-v3,1.0,128,1,3,267,0.00575845898129046,0.015579083003103733,792051712,0.9140625
76ba8a78acd91bf5,svhn,ssb-v1-block,cnn,protocol-v3,1.0,128,1,3,268,0.005728667019866407,0.015471792023163289,792051712,0.9140625
76ba8a78acd91bf5,svhn,ssb-v1-block,cnn,protocol-v3,1.0,128,1,3,269,0.005714916973374784,0.015588874986860901,792051712,0.9296875
76ba8a78acd91bf5,svhn,ssb-v1-block,cnn,protocol-v3,1.0,128,1,3,270,0.005702792026568204,0.01546908396994695,792051712,0.9375
76ba8a78acd91bf5,svhn,ssb-v1-block,cnn,protocol-v3,1.0,128,1,3,271,0.005724166985601187,0.015592416981235147,792068096,0.8671875
76ba8a78acd91bf5,svhn,ssb-v1-block,cnn,protocol-v3,1.0,128,1,3,272,0.0057257909793406725,0.015524874965194613,792068096,0.9140625
76ba8a78acd91bf5,svhn,ssb-v1-block,cnn,protocol-v3,1.0,128,1,3,273,0.0057283329661004245,0.015541708969976753,792068096,0.859375
76ba8a78acd91bf5,svhn,ssb-v1-block,cnn,protocol-v3,1.0,128,1,3,274,0.005719167005736381,0.01549095899099484,792068096,0.8515625
76ba8a78acd91bf5,svhn,ssb-v1-block,cnn,protocol-v3,1.0,128,1,3,275,0.005714792001526803,0.015602667001076043,792084480,0.90625
76ba8a78acd91bf5,svhn,ssb-v1-block,cnn,protocol-v3,1.0,128,1,3,276,0.005740166001487523,0.015774917032103986,792100864,0.9453125
76ba8a78acd91bf5,svhn,ssb-v1-block,cnn,protocol-v3,1.0,128,1,3,277,0.005709459015633911,0.015481000009458512,792100864,0.9375
76ba8a78acd91bf5,svhn,ssb-v1-block,cnn,protocol-v3,1.0,128,1,3,278,0.005702542024664581,0.015610958042088896,792100864,0.8828125
76ba8a78acd91bf5,svhn,ssb-v1-block,cnn,protocol-v3,1.0,128,1,3,279,0.005715458013582975,0.015574874996673316,792100864,0.9296875
76ba8a78acd91bf5,svhn,ssb-v1-block,cnn,protocol-v3,1.0,128,1,3,280,0.0057287089875899255,0.015597624995280057,792100864,0.8984375
76ba8a78acd91bf5,svhn,ssb-v1-block,cnn,protocol-v3,1.0,128,1,3,281,0.005722083034925163,0.016739082988351583,792100864,0.921875
76ba8a78acd91bf5,svhn,ssb-v1-block,cnn,protocol-v3,1.0,128,1,3,282,0.005725791968870908,0.015600915998220444,792100864,0.921875
76ba8a78acd91bf5,svhn,ssb-v1-block,cnn,protocol-v3,1.0,128,1,3,283,0.005729124997742474,0.015548583003692329,792100864,0.859375
76ba8a78acd91bf5,svhn,ssb-v1-block,cnn,protocol-v3,1.0,128,1,3,284,0.005723958020098507,0.015546291950158775,792100864,0.9140625
76ba8a78acd91bf5,svhn,ssb-v1-block,cnn,protocol-v3,1.0,128,1,3,285,0.00573545804945752,0.015708374965470284,792100864,0.921875
76ba8a78acd91bf5,svhn,ssb-v1-block,cnn,protocol-v3,1.0,128,1,3,286,0.0057217919966205955,0.01556616701418534,792100864,0.90625
76ba8a78acd91bf5,svhn,ssb-v1-block,cnn,protocol-v3,1.0,128,1,3,287,0.005713332968298346,0.015452375053428113,792100864,0.9140625
76ba8a78acd91bf5,svhn,ssb-v1-block,cnn,protocol-v3,1.0,128,1,3,288,0.0057424589758738875,0.01558891701279208,792117248,0.875
76ba8a78acd91bf5,svhn,ssb-v1-block,cnn,protocol-v3,1.0,128,1,3,289,0.006160291959531605,0.01556616701418534,792117248,0.9453125
76ba8a78acd91bf5,svhn,ssb-v1-block,cnn,protocol-v3,1.0,128,1,3,290,0.0057380409562028944,0.016574457986280322,792117248,0.9296875
76ba8a78acd91bf5,svhn,ssb-v1-block,cnn,protocol-v3,1.0,128,1,3,291,0.0057164159952662885,0.015539082989562303,792117248,0.875
76ba8a78acd91bf5,svhn,ssb-v1-block,cnn,protocol-v3,1.0,128,1,3,292,0.0057272499543614686,0.015482124988920987,792117248,0.90625
76ba8a78acd91bf5,svhn,ssb-v1-block,cnn,protocol-v3,1.0,128,1,3,293,0.005719917011447251,0.01566333300434053,792117248,0.9296875
76ba8a78acd91bf5,svhn,ssb-v1-block,cnn,protocol-v3,1.0,128,1,3,294,0.005691375001333654,0.015554082987364382,792117248,0.90625
76ba8a78acd91bf5,svhn,ssb-v1-block,cnn,protocol-v3,1.0,128,1,3,295,0.005699208006262779,0.015586959023494273,792117248,0.953125
76ba8a78acd91bf5,svhn,ssb-v1-block,cnn,protocol-v3,1.0,128,1,3,296,0.005713334016036242,0.01545679196715355,792117248,0.921875
76ba8a78acd91bf5,svhn,ssb-v1-block,cnn,protocol-v3,1.0,128,1,3,297,0.005729708005674183,0.015606667031534016,792133632,0.8984375
76ba8a78acd91bf5,svhn,ssb-v1-block,cnn,protocol-v3,1.0,128,1,3,298,0.005715500039514154,0.015454916981980205,792133632,0.890625
76ba8a78acd91bf5,svhn,ssb-v1-block,cnn,protocol-v3,1.0,128,1,3,299,0.005718707980122417,0.01566949998959899,792133632,0.796875
76ba8a78acd91bf5,svhn,ssb-v1-block,cnn,protocol-v3,1.0,128,1,3,300,0.005722708010580391,0.015596833021845669,792133632,0.9375
76ba8a78acd91bf5,svhn,ssb-v1-block,cnn,protocol-v3,1.0,128,1,3,301,0.005741207976825535,0.015597999969031662,792150016,0.953125
76ba8a78acd91bf5,svhn,ssb-v1-block,cnn,protocol-v3,1.0,128,1,3,302,0.005720375047530979,0.0155132079962641,792166400,0.9375
76ba8a78acd91bf5,svhn,ssb-v1-block,cnn,protocol-v3,1.0,128,1,3,303,0.005819416954182088,0.015586832945700735,792166400,0.9296875
76ba8a78acd91bf5,svhn,ssb-v1-block,cnn,protocol-v3,1.0,128,1,3,304,0.005723792011849582,0.015548625029623508,792166400,0.8984375
76ba8a78acd91bf5,svhn,ssb-v1-block,cnn,protocol-v3,1.0,128,1,3,305,0.005711583013180643,0.015520166023634374,792166400,0.8828125
76ba8a78acd91bf5,svhn,ssb-v1-block,cnn,protocol-v3,1.0,128,1,3,306,0.005720540997572243,0.01544012501835823,792166400,0.921875
76ba8a78acd91bf5,svhn,ssb-v1-block,cnn,protocol-v3,1.0,128,1,3,307,0.005731249984819442,0.015586083056405187,792166400,0.9453125
76ba8a78acd91bf5,svhn,ssb-v1-block,cnn,protocol-v3,1.0,128,1,3,308,0.005722167028579861,0.015570999996270984,792166400,0.90625
76ba8a78acd91bf5,svhn,ssb-v1-block,cnn,protocol-v3,1.0,128,1,3,309,0.005724625021684915,0.015577083046082407,792166400,0.953125
76ba8a78acd91bf5,svhn,ssb-v1-block,cnn,protocol-v3,1.0,128,1,3,310,0.005729291005991399,0.015564000001177192,792166400,0.9140625
76ba8a78acd91bf5,svhn,ssb-v1-block,cnn,protocol-v3,1.0,128,1,3,311,0.005727000010665506,0.01558720797766,792182784,0.8671875
76ba8a78acd91bf5,svhn,ssb-v1-block,cnn,protocol-v3,1.0,128,1,3,312,0.005723750044126064,0.015581499959807843,792182784,0.9140625
76ba8a78acd91bf5,svhn,ssb-v1-block,cnn,protocol-v3,1.0,128,1,3,313,0.005732834048103541,0.01617074996465817,792199168,0.8359375
76ba8a78acd91bf5,svhn,ssb-v1-block,cnn,protocol-v3,1.0,128,1,3,314,0.00571733305696398,0.015507832984440029,792199168,0.890625
76ba8a78acd91bf5,svhn,ssb-v1-block,cnn,protocol-v3,1.0,128,1,3,315,0.00572104100137949,0.015583999978844076,792199168,0.8671875
76ba8a78acd91bf5,svhn,ssb-v1-block,cnn,protocol-v3,1.0,128,1,3,316,0.005888084007892758,0.01537154195830226,792199168,0.875
76ba8a78acd91bf5,svhn,ssb-v1-block,cnn,protocol-v3,1.0,128,1,3,317,0.005736334016546607,0.01580079202540219,792199168,0.8828125
76ba8a78acd91bf5,svhn,ssb-v1-block,cnn,protocol-v3,1.0,128,1,3,318,0.005721417022868991,0.015568792005069554,792199168,0.9375
76ba8a78acd91bf5,svhn,ssb-v1-block,cnn,protocol-v3,1.0,128,1,3,319,0.0057316250167787075,0.015604000014718622,792215552,0.8984375
76ba8a78acd91bf5,svhn,ssb-v1-block,cnn,protocol-v3,1.0,128,1,3,320,0.005721083027310669,0.015604082960635424,792215552,0.8671875
76ba8a78acd91bf5,svhn,ssb-v1-block,cnn,protocol-v3,1.0,128,1,3,321,0.00575679203029722,0.015460749971680343,792215552,0.859375
76ba8a78acd91bf5,svhn,ssb-v1-block,cnn,protocol-v3,1.0,128,1,3,322,0.005719208042137325,0.015541667002253234,792215552,0.90625
76ba8a78acd91bf5,svhn,ssb-v1-block,cnn,protocol-v3,1.0,128,1,3,323,0.005716459010727704,0.015533083002083004,792215552,0.8828125
76ba8a78acd91bf5,svhn,ssb-v1-block,cnn,protocol-v3,1.0,128,1,3,324,0.005729084019549191,0.015445791999809444,792215552,0.8828125
76ba8a78acd91bf5,svhn,ssb-v1-block,cnn,protocol-v3,1.0,128,1,3,325,0.0057199999573640525,0.015637458011042327,792215552,0.9375
76ba8a78acd91bf5,svhn,ssb-v1-block,cnn,protocol-v3,1.0,128,1,3,326,0.00570908299414441,0.015608957968652248,792215552,0.8671875
76ba8a78acd91bf5,svhn,ssb-v1-block,cnn,protocol-v3,1.0,128,1,3,327,0.005710500001441687,0.015562415996100754,792215552,0.953125
76ba8a78acd91bf5,svhn,ssb-v1-block,cnn,protocol-v3,1.0,128,1,3,328,0.005724542017560452,0.015466374985408038,792215552,0.8984375
76ba8a78acd91bf5,svhn,ssb-v1-block,cnn,protocol-v3,1.0,128,1,3,329,0.005738082982134074,0.015563792025204748,792248320,0.921875
76ba8a78acd91bf5,svhn,ssb-v1-block,cnn,protocol-v3,1.0,128,1,3,330,0.005763124965596944,0.015394375019241124,792281088,0.875
76ba8a78acd91bf5,svhn,ssb-v1-block,cnn,protocol-v3,1.0,128,1,3,331,0.005730291013605893,0.015489207988139242,792281088,0.8828125
76ba8a78acd91bf5,svhn,ssb-v1-block,cnn,protocol-v3,1.0,128,1,3,332,0.005718583008274436,0.015524292015470564,792281088,0.953125
76ba8a78acd91bf5,svhn,ssb-v1-block,cnn,protocol-v3,1.0,128,1,3,333,0.005785999994259328,0.015629541012458503,792281088,0.921875
76ba8a78acd91bf5,svhn,ssb-v1-block,cnn,protocol-v3,1.0,128,1,3,334,0.005725916009396315,0.015438540955074131,792281088,0.921875
76ba8a78acd91bf5,svhn,ssb-v1-block,cnn,protocol-v3,1.0,128,1,3,335,0.005732833000365645,0.015569500043056905,792281088,0.921875
76ba8a78acd91bf5,svhn,ssb-v1-block,cnn,protocol-v3,1.0,128,1,3,336,0.005712665966711938,0.015492000035010278,792281088,0.9140625
76ba8a78acd91bf5,svhn,ssb-v1-block,cnn,protocol-v3,1.0,128,1,3,337,0.005745500035118312,0.01556741597596556,792281088,0.9453125
76ba8a78acd91bf5,svhn,ssb-v1-block,cnn,protocol-v3,1.0,128,1,3,338,0.005721209046896547,0.015467541990801692,792297472,0.8984375
76ba8a78acd91bf5,svhn,ssb-v1-block,cnn,protocol-v3,1.0,128,1,3,339,0.005720124987419695,0.015688958985265344,792297472,0.90625
76ba8a78acd91bf5,svhn,ssb-v1-block,cnn,protocol-v3,1.0,128,1,3,340,0.00575841695535928,0.015589416958391666,792297472,0.9375
76ba8a78acd91bf5,svhn,ssb-v1-block,cnn,protocol-v3,1.0,128,1,3,341,0.005711791978683323,0.015564500004984438,792297472,0.9453125
76ba8a78acd91bf5,svhn,ssb-v1-block,cnn,protocol-v3,1.0,128,1,3,342,0.005724875023588538,0.015573708980809897,792313856,0.9140625
76ba8a78acd91bf5,svhn,ssb-v1-block,cnn,protocol-v3,1.0,128,1,3,343,0.005697541986592114,0.015591832983773202,792313856,0.921875
76ba8a78acd91bf5,svhn,ssb-v1-block,cnn,protocol-v3,1.0,128,1,3,344,0.005730083037633449,0.016609417041763663,792313856,0.9609375
76ba8a78acd91bf5,svhn,ssb-v1-block,cnn,protocol-v3,1.0,128,1,3,345,0.005737874947953969,0.015479124966077507,792313856,0.8984375
76ba8a78acd91bf5,svhn,ssb-v1-block,cnn,protocol-v3,1.0,128,1,3,346,0.005729374999646097,0.015527124982327223,792313856,0.921875
76ba8a78acd91bf5,svhn,ssb-v1-block,cnn,protocol-v3,1.0,128,1,3,347,0.00571583304554224,0.015471374965272844,792313856,0.9375
76ba8a78acd91bf5,svhn,ssb-v1-block,cnn,protocol-v3,1.0,128,1,3,348,0.005784665991086513,0.015514291997533292,792313856,0.9140625
76ba8a78acd91bf5,svhn,ssb-v1-block,cnn,protocol-v3,1.0,128,1,3,349,0.005724458023905754,0.01544858398847282,792313856,0.8828125
76ba8a78acd91bf5,svhn,ssb-v1-block,cnn,protocol-v3,1.0,128,1,3,350,0.005704833019990474,0.015564457979053259,792313856,0.8984375
76ba8a78acd91bf5,svhn,ssb-v1-block,cnn,protocol-v3,1.0,128,1,3,351,0.005719207983929664,0.015484959003515542,792313856,0.921875
76ba8a78acd91bf5,svhn,ssb-v1-block,cnn,protocol-v3,1.0,128,1,3,352,0.0057171250227838755,0.015572917007375509,792330240,0.9296875
76ba8a78acd91bf5,svhn,ssb-v1-block,cnn,protocol-v3,1.0,128,1,3,353,0.005704707989934832,0.0155586670152843,792330240,0.9296875
76ba8a78acd91bf5,svhn,ssb-v1-block,cnn,protocol-v3,1.0,128,1,3,354,0.005725708964746445,0.0156025419710204,792330240,0.9375
76ba8a78acd91bf5,svhn,ssb-v1-block,cnn,protocol-v3,1.0,128,1,3,355,0.005718458967749029,0.01558649999788031,792330240,0.921875
76ba8a78acd91bf5,svhn,ssb-v1-block,cnn,protocol-v3,1.0,128,1,3,356,0.005715209001209587,0.015596874989569187,792330240,0.875
76ba8a78acd91bf5,svhn,ssb-v1-block,cnn,protocol-v3,1.0,128,1,3,357,0.0057461660471744835,0.01568479201523587,792330240,0.90625
76ba8a78acd91bf5,svhn,ssb-v1-block,cnn,protocol-v3,1.0,128,1,3,358,0.005719624983612448,0.015555458958260715,792330240,0.921875
76ba8a78acd91bf5,svhn,ssb-v1-block,cnn,protocol-v3,1.0,128,1,3,359,0.005819790996611118,0.015565792040433735,792330240,0.8984375
76ba8a78acd91bf5,svhn,ssb-v1-block,cnn,protocol-v3,1.0,128,1,3,360,0.005817374971229583,0.015584958018735051,792346624,0.9375
76ba8a78acd91bf5,svhn,ssb-v1-block,cnn,protocol-v3,1.0,128,1,3,361,0.005765250010881573,0.01560933399014175,792346624,0.90625
76ba8a78acd91bf5,svhn,ssb-v1-block,cnn,protocol-v3,1.0,128,1,3,362,0.00571524997940287,0.015619666955899447,792346624,0.8828125
76ba8a78acd91bf5,svhn,ssb-v1-block,cnn,protocol-v3,1.0,128,1,3,363,0.005713332968298346,0.015523416979704052,792346624,0.8828125
76ba8a78acd91bf5,svhn,ssb-v1-block,cnn,protocol-v3,1.0,128,1,3,364,0.005771209020167589,0.015560291998554021,792346624,0.9140625
76ba8a78acd91bf5,svhn,ssb-v1-block,cnn,protocol-v3,1.0,128,1,3,365,0.005711749952752143,0.015524208021815866,792346624,0.90625
76ba8a78acd91bf5,svhn,ssb-v1-block,cnn,protocol-v3,1.0,128,1,3,366,0.005721291003283113,0.01561304199276492,792346624,0.9375
76ba8a78acd91bf5,svhn,ssb-v1-block,cnn,protocol-v3,1.0,128,1,3,367,0.005698666034732014,0.015566249960102141,792346624,0.90625
76ba8a78acd91bf5,svhn,ssb-v1-block,cnn,protocol-v3,1.0,128,1,3,368,0.005731582990847528,0.015443417010828853,792379392,0.890625
76ba8a78acd91bf5,svhn,ssb-v1-block,cnn,protocol-v3,1.0,128,1,3,369,0.00571695901453495,0.015556125028524548,792379392,0.921875
76ba8a78acd91bf5,svhn,ssb-v1-block,cnn,protocol-v3,1.0,128,1,3,370,0.005697583022993058,0.01545508299022913,792379392,0.9296875
76ba8a78acd91bf5,svhn,ssb-v1-block,cnn,protocol-v3,1.0,128,1,3,371,0.005755083984695375,0.015578042017295957,792395776,0.9296875
76ba8a78acd91bf5,svhn,ssb-v1-block,cnn,protocol-v3,1.0,128,1,3,372,0.005709499993827194,0.015552250028122216,792412160,0.90625
76ba8a78acd91bf5,svhn,ssb-v1-block,cnn,protocol-v3,1.0,128,1,3,373,0.005747749994043261,0.015542124980129302,792412160,0.8984375
76ba8a78acd91bf5,svhn,ssb-v1-block,cnn,protocol-v3,1.0,128,1,3,374,0.00571749999653548,0.015568709000945091,792412160,0.9296875
76ba8a78acd91bf5,svhn,ssb-v1-block,cnn,protocol-v3,1.0,128,1,3,375,0.005720374989323318,0.015571500000078231,792412160,0.9140625
76ba8a78acd91bf5,svhn,ssb-v1-block,cnn,protocol-v3,1.0,128,1,3,376,0.0057189170038327575,0.015581749961711466,792428544,0.9140625
76ba8a78acd91bf5,svhn,ssb-v1-block,cnn,protocol-v3,1.0,128,1,3,377,0.005711166013497859,0.01557304197922349,792428544,0.890625
76ba8a78acd91bf5,svhn,ssb-v1-block,cnn,protocol-v3,1.0,128,1,3,378,0.0057269580429419875,0.015570666000712663,792428544,0.9140625
76ba8a78acd91bf5,svhn,ssb-v1-block,cnn,protocol-v3,1.0,128,1,3,379,0.005715542007237673,0.015721082978416234,792428544,0.90625
76ba8a78acd91bf5,svhn,ssb-v1-block,cnn,protocol-v3,1.0,128,1,3,380,0.00572050001937896,0.015590958995744586,792428544,0.9140625
76ba8a78acd91bf5,svhn,ssb-v1-block,cnn,protocol-v3,1.0,128,1,3,381,0.005723750044126064,0.015527916955761611,792428544,0.875
76ba8a78acd91bf5,svhn,ssb-v1-block,cnn,protocol-v3,1.0,128,1,3,382,0.005726041039451957,0.015609791968017817,792428544,0.9140625
76ba8a78acd91bf5,svhn,ssb-v1-block,cnn,protocol-v3,1.0,128,1,3,383,0.005713041988201439,0.015608082991093397,792428544,0.921875
76ba8a78acd91bf5,svhn,ssb-v1-block,cnn,protocol-v3,1.0,128,1,3,384,0.005723375012166798,0.0155752919963561,792428544,0.8828125
76ba8a78acd91bf5,svhn,ssb-v1-block,cnn,protocol-v3,1.0,128,1,3,385,0.0057337500038556755,0.015539291955064982,792428544,0.9375
76ba8a78acd91bf5,svhn,ssb-v1-block,cnn,protocol-v3,1.0,128,1,3,386,0.0057384580140933394,0.01558124995790422,792444928,0.890625
76ba8a78acd91bf5,svhn,ssb-v1-block,cnn,protocol-v3,1.0,128,1,3,387,0.005724208022002131,0.015521749970503151,792444928,0.9453125
76ba8a78acd91bf5,svhn,ssb-v1-block,cnn,protocol-v3,1.0,128,1,3,388,0.005721834022551775,0.015579917002469301,792444928,0.8984375
76ba8a78acd91bf5,svhn,ssb-v1-block,cnn,protocol-v3,1.0,128,1,3,389,0.0057254579733125865,0.015475750027690083,792444928,0.90625
76ba8a78acd91bf5,svhn,ssb-v1-block,cnn,protocol-v3,1.0,128,1,3,390,0.005715416045859456,0.015584165987093002,792444928,0.8984375
76ba8a78acd91bf5,svhn,ssb-v1-block,cnn,protocol-v3,1.0,128,1,3,391,0.0057092090137302876,0.015546583046671003,792444928,0.890625
76ba8a78acd91bf5,svhn,ssb-v1-block,cnn,protocol-v3,1.0,128,1,3,392,0.005717249994631857,0.015454875014256686,792461312,0.875
76ba8a78acd91bf5,svhn,ssb-v1-block,cnn,protocol-v3,1.0,128,1,3,393,0.0056943329982459545,0.01557304203743115,792461312,0.90625
76ba8a78acd91bf5,svhn,ssb-v1-block,cnn,protocol-v3,1.0,128,1,3,394,0.005847917054779828,0.015400333038996905,792461312,0.890625
76ba8a78acd91bf5,svhn,ssb-v1-block,cnn,protocol-v3,1.0,128,1,3,395,0.005799459002446383,0.015668416977860034,792461312,0.8984375
76ba8a78acd91bf5,svhn,ssb-v1-block,cnn,protocol-v3,1.0,128,1,3,396,0.00569862499833107,0.015519999957177788,792461312,0.8828125
76ba8a78acd91bf5,svhn,ssb-v1-block,cnn,protocol-v3,1.0,128,1,3,397,0.005727375042624772,0.015544333029538393,792461312,0.8828125
76ba8a78acd91bf5,svhn,ssb-v1-block,cnn,protocol-v3,1.0,128,1,3,398,0.005727457988541573,0.015443000011146069,792477696,0.9609375
76ba8a78acd91bf5,svhn,ssb-v1-block,cnn,protocol-v3,1.0,128,1,3,399,0.005712542042601854,0.01555316598387435,792477696,0.8984375
76ba8a78acd91bf5,svhn,ssb-v1-block,cnn,protocol-v3,1.0,128,1,3,400,0.005718875036109239,0.015538042003754526,792494080,0.8828125
76ba8a78acd91bf5,svhn,ssb-v1-block,cnn,protocol-v3,1.0,128,1,3,401,0.005735457991249859,0.015706915990449488,792494080,0.9453125
76ba8a78acd91bf5,svhn,ssb-v1-block,cnn,protocol-v3,1.0,128,1,3,402,0.005719916021917015,0.015572375035844743,792494080,0.8828125
76ba8a78acd91bf5,svhn,ssb-v1-block,cnn,protocol-v3,1.0,128,1,3,403,0.005724874965380877,0.01548220799304545,792494080,0.8671875
76ba8a78acd91bf5,svhn,ssb-v1-block,cnn,protocol-v3,1.0,128,1,3,404,0.0060539580299519,0.015563833003398031,792510464,0.890625
76ba8a78acd91bf5,svhn,ssb-v1-block,cnn,protocol-v3,1.0,128,1,3,405,0.005718000000342727,0.015482708986382931,792510464,0.9140625
76ba8a78acd91bf5,svhn,ssb-v1-block,cnn,protocol-v3,1.0,128,1,3,406,0.005733290978241712,0.01559866697061807,792526848,0.921875
76ba8a78acd91bf5,svhn,ssb-v1-block,cnn,protocol-v3,1.0,128,1,3,407,0.005725207971408963,0.015433792024850845,792543232,0.875
76ba8a78acd91bf5,svhn,ssb-v1-block,cnn,protocol-v3,1.0,128,1,3,408,0.0057272499543614686,0.015571957977954298,792559616,0.8671875
76ba8a78acd91bf5,svhn,ssb-v1-block,cnn,protocol-v3,1.0,128,1,3,409,0.005717207968700677,0.015466291049961,792559616,0.8984375
76ba8a78acd91bf5,svhn,ssb-v1-block,cnn,protocol-v3,1.0,128,1,3,410,0.0057300839689560235,0.015607166045811027,792559616,0.90625
76ba8a78acd91bf5,svhn,ssb-v1-block,cnn,protocol-v3,1.0,128,1,3,411,0.005713874998036772,0.015580124978441745,792559616,0.9375
76ba8a78acd91bf5,svhn,ssb-v1-block,cnn,protocol-v3,1.0,128,1,3,412,0.005817583005409688,0.015598375000990927,792559616,0.8828125
76ba8a78acd91bf5,svhn,ssb-v1-block,cnn,protocol-v3,1.0,128,1,3,413,0.005714292055927217,0.015593708027154207,792559616,0.9140625
76ba8a78acd91bf5,svhn,ssb-v1-block,cnn,protocol-v3,1.0,128,1,3,414,0.005713333026506007,0.015531082986854017,792559616,0.859375
76ba8a78acd91bf5,svhn,ssb-v1-block,cnn,protocol-v3,1.0,128,1,3,415,0.005723499984014779,0.015564374974928796,792559616,0.9140625
76ba8a78acd91bf5,svhn,ssb-v1-block,cnn,protocol-v3,1.0,128,1,3,416,0.005722167028579861,0.01555566699244082,792559616,0.9296875
76ba8a78acd91bf5,svhn,ssb-v1-block,cnn,protocol-v3,1.0,128,1,3,417,0.005711917008738965,0.01545362500473857,792559616,0.9140625
76ba8a78acd91bf5,svhn,ssb-v1-block,cnn,protocol-v3,1.0,128,1,3,418,0.0057211670209653676,0.015591082978062332,792576000,0.875
76ba8a78acd91bf5,svhn,ssb-v1-block,cnn,protocol-v3,1.0,128,1,3,419,0.005728375050239265,0.01557754201348871,792576000,0.921875
76ba8a78acd91bf5,svhn,ssb-v1-block,cnn,protocol-v3,1.0,128,1,3,420,0.0057236249558627605,0.015557333012111485,792576000,0.9140625
76ba8a78acd91bf5,svhn,ssb-v1-block,cnn,protocol-v3,1.0,128,1,3,421,0.005712374986615032,0.015541333006694913,792576000,0.9375
76ba8a78acd91bf5,svhn,ssb-v1-block,cnn,protocol-v3,1.0,128,1,3,422,0.005736083025112748,0.015571207972243428,792576000,0.90625
76ba8a78acd91bf5,svhn,ssb-v1-block,cnn,protocol-v3,1.0,128,1,3,423,0.00578987505286932,0.015593541029375046,792576000,0.9140625
76ba8a78acd91bf5,svhn,ssb-v1-block,cnn,protocol-v3,1.0,128,1,3,424,0.005715792009141296,0.01659808401018381,792576000,0.8984375
76ba8a78acd91bf5,svhn,ssb-v1-block,cnn,protocol-v3,1.0,128,1,3,425,0.005722375004552305,0.015487208031117916,792576000,0.8828125
76ba8a78acd91bf5,svhn,ssb-v1-block,cnn,protocol-v3,1.0,128,1,3,426,0.005727500014472753,0.015559832972940058,792592384,0.9296875
76ba8a78acd91bf5,svhn,ssb-v1-block,cnn,protocol-v3,1.0,128,1,3,427,0.00571079202927649,0.015581667015794665,792592384,0.8984375
76ba8a78acd91bf5,svhn,ssb-v1-block,cnn,protocol-v3,1.0,128,1,3,428,0.005799374950584024,0.015615041018463671,792608768,0.890625
76ba8a78acd91bf5,svhn,ssb-v1-block,cnn,protocol-v3,1.0,128,1,3,429,0.0057007919531315565,0.01579208398470655,792641536,0.8828125
76ba8a78acd91bf5,svhn,ssb-v1-block,cnn,protocol-v3,1.0,128,1,3,430,0.005720584013033658,0.015473334002308547,792641536,0.9140625
76ba8a78acd91bf5,svhn,ssb-v1-block,cnn,protocol-v3,1.0,128,1,3,431,0.005727041978389025,0.015648416010662913,792641536,0.9140625
76ba8a78acd91bf5,svhn,ssb-v1-block,cnn,protocol-v3,1.0,128,1,3,432,0.0057160830474458635,0.015471540973521769,792641536,0.921875
76ba8a78acd91bf5,svhn,ssb-v1-block,cnn,protocol-v3,1.0,128,1,3,433,0.0057345410459674895,0.015699499985203147,792641536,0.890625
76ba8a78acd91bf5,svhn,ssb-v1-block,cnn,protocol-v3,1.0,128,1,3,434,0.005712374986615032,0.015567334019578993,792641536,0.9296875
76ba8a78acd91bf5,svhn,ssb-v1-block,cnn,protocol-v3,1.0,128,1,3,435,0.005711459030862898,0.015597207995597273,792641536,0.921875
76ba8a78acd91bf5,svhn,ssb-v1-block,cnn,protocol-v3,1.0,128,1,3,436,0.005725207971408963,0.015573874989058822,792657920,0.9375
76ba8a78acd91bf5,svhn,ssb-v1-block,cnn,protocol-v3,1.0,128,1,3,437,0.005723082984331995,0.015616374963428825,792657920,0.9296875
76ba8a78acd91bf5,svhn,ssb-v1-block,cnn,protocol-v3,1.0,128,1,3,438,0.005711250007152557,0.016227542015258223,792657920,0.9140625
76ba8a78acd91bf5,svhn,ssb-v1-block,cnn,protocol-v3,1.0,128,1,3,439,0.0057355419849045575,0.015530666976701468,792657920,0.953125
76ba8a78acd91bf5,svhn,ssb-v1-block,cnn,protocol-v3,1.0,128,1,3,440,0.00571224995655939,0.015492459002416581,792657920,0.875
76ba8a78acd91bf5,svhn,ssb-v1-block,cnn,protocol-v3,1.0,128,1,3,441,0.005714124999940395,0.015545917034614831,792674304,0.9140625
76ba8a78acd91bf5,svhn,ssb-v1-block,cnn,protocol-v3,1.0,128,1,3,442,0.005734750011470169,0.015596333018038422,792674304,0.890625
76ba8a78acd91bf5,svhn,ssb-v1-block,cnn,protocol-v3,1.0,128,1,3,443,0.0057286659721285105,0.015581957995891571,792674304,0.8984375
76ba8a78acd91bf5,svhn,ssb-v1-block,cnn,protocol-v3,1.0,128,1,3,444,0.005714749975595623,0.015461499977391213,792674304,0.90625
76ba8a78acd91bf5,svhn,ssb-v1-block,cnn,protocol-v3,1.0,128,1,3,445,0.00574183400021866,0.015807375020813197,792674304,0.9140625
76ba8a78acd91bf5,svhn,ssb-v1-block,cnn,protocol-v3,1.0,128,1,3,446,0.0057145419996231794,0.01548458298202604,792674304,0.9140625
76ba8a78acd91bf5,svhn,ssb-v1-block,cnn,protocol-v3,1.0,128,1,3,447,0.005708999990019947,0.015577458019834012,792674304,0.890625
76ba8a78acd91bf5,svhn,ssb-v1-block,cnn,protocol-v3,1.0,128,1,3,448,0.005704166949726641,0.015603915962856263,792690688,0.921875
76ba8a78acd91bf5,svhn,ssb-v1-block,cnn,protocol-v3,1.0,128,1,3,449,0.005722458998207003,0.01556987501680851,792707072,0.9375
76ba8a78acd91bf5,svhn,ssb-v1-block,cnn,protocol-v3,1.0,128,1,3,450,0.0057070000329986215,0.015620374993886799,792707072,0.9609375
76ba8a78acd91bf5,svhn,ssb-v1-block,cnn,protocol-v3,1.0,128,1,3,451,0.005721624998841435,0.015656584000680596,792707072,0.90625
76ba8a78acd91bf5,svhn,ssb-v1-block,cnn,protocol-v3,1.0,128,1,3,452,0.005739959015045315,0.01560316700488329,792707072,0.8671875
76ba8a78acd91bf5,svhn,ssb-v1-block,cnn,protocol-v3,1.0,128,1,3,453,0.005718624975997955,0.015552374999970198,792723456,0.9140625
76ba8a78acd91bf5,svhn,ssb-v1-block,cnn,protocol-v3,1.0,128,1,3,454,0.005723708018194884,0.015529374999459833,792723456,0.890625
76ba8a78acd91bf5,svhn,ssb-v1-block,cnn,protocol-v3,1.0,128,1,3,455,0.0057295000297017395,0.015668291016481817,792723456,0.8984375
76ba8a78acd91bf5,svhn,ssb-v1-block,cnn,protocol-v3,1.0,128,1,3,456,0.005724833987187594,0.015589417016599327,792723456,0.9375
76ba8a78acd91bf5,svhn,ssb-v1-block,cnn,protocol-v3,1.0,128,1,3,457,0.005729708005674183,0.015419917006511241,792723456,0.9296875
76ba8a78acd91bf5,svhn,ssb-v1-block,cnn,protocol-v3,1.0,128,1,3,458,0.005714792001526803,0.015580374980345368,792723456,0.921875
76ba8a78acd91bf5,svhn,ssb-v1-block,cnn,protocol-v3,1.0,128,1,3,459,0.005723041016608477,0.015488083008676767,792723456,0.8515625
76ba8a78acd91bf5,svhn,ssb-v1-block,cnn,protocol-v3,1.0,128,1,3,460,0.005723332986235619,0.015581499959807843,792723456,0.890625
76ba8a78acd91bf5,svhn,ssb-v1-block,cnn,protocol-v3,1.0,128,1,3,461,0.005725625029299408,0.015464750002138317,792723456,0.90625
76ba8a78acd91bf5,svhn,ssb-v1-block,cnn,protocol-v3,1.0,128,1,3,462,0.005718458036426455,0.015623916988261044,792723456,0.9375
76ba8a78acd91bf5,svhn,ssb-v1-block,cnn,protocol-v3,1.0,128,1,3,463,0.00572516699321568,0.015481166017707437,792739840,0.890625
76ba8a78acd91bf5,svhn,ssb-v1-block,cnn,protocol-v3,1.0,128,1,3,464,0.005767624999862164,0.015509000048041344,792739840,0.8828125
76ba8a78acd91bf5,svhn,ssb-v1-block,cnn,protocol-v3,1.0,128,1,3,465,0.005731416982598603,0.01563400001032278,792739840,0.890625
76ba8a78acd91bf5,svhn,ssb-v1-block,cnn,protocol-v3,1.0,128,1,3,466,0.0057163750170730054,0.015547500050161034,792739840,0.8984375
76ba8a78acd91bf5,svhn,ssb-v1-block,cnn,protocol-v3,1.0,128,1,3,467,0.005743084009736776,0.015488041972275823,792739840,0.953125
76ba8a78acd91bf5,svhn,ssb-v1-block,cnn,protocol-v3,1.0,128,1,3,468,0.005737750034313649,0.015581000014208257,792739840,0.9140625
76ba8a78acd91bf5,svhn,ssb-v1-block,cnn,protocol-v3,1.0,128,1,3,469,0.005726000003051013,0.015558250015601516,792739840,0.921875
76ba8a78acd91bf5,svhn,ssb-v1-block,cnn,protocol-v3,1.0,128,1,3,470,0.005716166982892901,0.015585457964334637,792739840,0.8984375
76ba8a78acd91bf5,svhn,ssb-v1-block,cnn,protocol-v3,1.0,128,1,3,471,0.0057211670209653676,0.015562915999908,792739840,0.9375
76ba8a78acd91bf5,svhn,ssb-v1-block,cnn,protocol-v3,1.0,128,1,3,472,0.005698749970179051,0.015586249995976686,792756224,0.953125
76ba8a78acd91bf5,svhn,ssb-v1-block,cnn,protocol-v3,1.0,128,1,3,473,0.005716583982575685,0.015892457973677665,792756224,0.921875
76ba8a78acd91bf5,svhn,ssb-v1-block,cnn,protocol-v3,1.0,128,1,3,474,0.005721166962757707,0.016749083006288856,792756224,0.890625
76ba8a78acd91bf5,svhn,ssb-v1-block,cnn,protocol-v3,1.0,128,1,3,475,0.005727124982513487,0.015570416988339275,792756224,0.8984375
76ba8a78acd91bf5,svhn,ssb-v1-block,cnn,protocol-v3,1.0,128,1,3,476,0.005716167041100562,0.015438082977198064,792756224,0.9140625
76ba8a78acd91bf5,svhn,ssb-v1-block,cnn,protocol-v3,1.0,128,1,3,477,0.005695291969459504,0.015502833994105458,792788992,0.921875
76ba8a78acd91bf5,svhn,ssb-v1-block,cnn,protocol-v3,1.0,128,1,3,478,0.005828749970532954,0.015472583996597677,792788992,0.8671875
76ba8a78acd91bf5,svhn,ssb-v1-block,cnn,protocol-v3,1.0,128,1,3,479,0.005712124984711409,0.015549083007499576,792788992,0.9453125
76ba8a78acd91bf5,svhn,ssb-v1-block,cnn,protocol-v3,1.0,128,1,3,480,0.005725333001464605,0.015474957996048033,792788992,0.875
76ba8a78acd91bf5,svhn,ssb-v1-block,cnn,protocol-v3,1.0,128,1,3,481,0.005702209018636495,0.015574040997307748,792788992,0.921875
76ba8a78acd91bf5,svhn,ssb-v1-block,cnn,protocol-v3,1.0,128,1,3,482,0.005713334016036242,0.015488750010263175,792805376,0.9375
76ba8a78acd91bf5,svhn,ssb-v1-block,cnn,protocol-v3,1.0,128,1,3,483,0.0057438749936409295,0.015697625000029802,792805376,0.890625
76ba8a78acd91bf5,svhn,ssb-v1-block,cnn,protocol-v3,1.0,128,1,3,484,0.00570029194932431,0.015493333979975432,792805376,0.9296875
76ba8a78acd91bf5,svhn,ssb-v1-block,cnn,protocol-v3,1.0,128,1,3,485,0.005732291960157454,0.015586124965921044,792805376,0.9140625
76ba8a78acd91bf5,svhn,ssb-v1-block,cnn,protocol-v3,1.0,128,1,3,486,0.0057295000297017395,0.01559862500289455,792838144,0.8984375
76ba8a78acd91bf5,svhn,ssb-v1-block,cnn,protocol-v3,1.0,128,1,3,487,0.005723792011849582,0.015577042009681463,792838144,0.9296875
76ba8a78acd91bf5,svhn,ssb-v1-block,cnn,protocol-v3,1.0,128,1,3,488,0.005720374989323318,0.015539708023425192,792838144,0.9453125
76ba8a78acd91bf5,svhn,ssb-v1-block,cnn,protocol-v3,1.0,128,1,3,489,0.005725666997022927,0.015571457974147052,792838144,0.9140625
76ba8a78acd91bf5,svhn,ssb-v1-block,cnn,protocol-v3,1.0,128,1,3,490,0.005710166995413601,0.015457292029168457,792838144,0.9296875
76ba8a78acd91bf5,svhn,ssb-v1-block,cnn,protocol-v3,1.0,128,1,3,491,0.005714999977499247,0.015610250004101545,792838144,0.9453125
76ba8a78acd91bf5,svhn,ssb-v1-block,cnn,protocol-v3,1.0,128,1,3,492,0.005716667044907808,0.015508082986343652,792838144,0.9296875
76ba8a78acd91bf5,svhn,ssb-v1-block,cnn,protocol-v3,1.0,128,1,3,493,0.005713750026188791,0.015560458006802946,792838144,0.90625
76ba8a78acd91bf5,svhn,ssb-v1-block,cnn,protocol-v3,1.0,128,1,3,494,0.0057586669572629035,0.015569749986752868,792838144,0.890625
76ba8a78acd91bf5,svhn,ssb-v1-block,cnn,protocol-v3,1.0,128,1,3,495,0.005697374988812953,0.015495874977204949,792838144,0.9140625
76ba8a78acd91bf5,svhn,ssb-v1-block,cnn,protocol-v3,1.0,128,1,3,496,0.005760332976933569,0.0157094580354169,792838144,0.921875
76ba8a78acd91bf5,svhn,ssb-v1-block,cnn,protocol-v3,1.0,128,1,3,497,0.005726332950871438,0.015486666990909725,792854528,0.9375
76ba8a78acd91bf5,svhn,ssb-v1-block,cnn,protocol-v3,1.0,128,1,3,498,0.005730666976887733,0.015569458017125726,792854528,0.890625
76ba8a78acd91bf5,svhn,ssb-v1-block,cnn,protocol-v3,1.0,128,1,3,499,0.005710916011594236,0.01561662502354011,792870912,0.9296875
76ba8a78acd91bf5,svhn,ssb-v1-block,cnn,protocol-v3,1.0,128,1,3,500,0.005815375014208257,0.015589124988764524,792870912,0.8671875
76ba8a78acd91bf5,svhn,ssb-v1-block,cnn,protocol-v3,1.0,128,1,3,501,0.0057112499489448965,0.016488874971400946,792887296,0.859375
76ba8a78acd91bf5,svhn,ssb-v1-block,cnn,protocol-v3,1.0,128,1,3,502,0.005708249984309077,0.015577374957501888,792887296,0.890625
76ba8a78acd91bf5,svhn,ssb-v1-block,cnn,protocol-v3,1.0,128,1,3,503,0.005709583987481892,0.015479166992008686,792887296,0.921875
76ba8a78acd91bf5,svhn,ssb-v1-block,cnn,protocol-v3,1.0,128,1,3,504,0.005739874963182956,0.015980334021151066,792887296,0.9296875
76ba8a78acd91bf5,svhn,ssb-v1-block,cnn,protocol-v3,1.0,128,1,3,505,0.005768915987573564,0.016343209019396454,792887296,0.9453125
76ba8a78acd91bf5,svhn,ssb-v1-block,cnn,protocol-v3,1.0,128,1,3,506,0.005706499970983714,0.015981165983248502,792887296,0.9140625
76ba8a78acd91bf5,svhn,ssb-v1-block,cnn,protocol-v3,1.0,128,1,3,507,0.005709958029910922,0.01549095899099484,792887296,0.9296875
76ba8a78acd91bf5,svhn,ssb-v1-block,cnn,protocol-v3,1.0,128,1,3,508,0.005732833000365645,0.015583291999064386,792887296,0.9296875
76ba8a78acd91bf5,svhn,ssb-v1-block,cnn,protocol-v3,1.0,128,1,3,509,0.005728416959755123,0.015483541996218264,792887296,0.8828125
76ba8a78acd91bf5,svhn,ssb-v1-block,cnn,protocol-v3,1.0,128,1,3,510,0.0058818329707719386,0.015573874989058822,792903680,0.890625
76ba8a78acd91bf5,svhn,ssb-v1-block,cnn,protocol-v3,1.0,128,1,3,511,0.005718083993997425,0.015597833029460162,792903680,0.921875
76ba8a78acd91bf5,svhn,ssb-v1-block,cnn,protocol-v3,1.0,128,1,3,512,0.005718458036426455,0.015566000016406178,792903680,0.8984375
76ba8a78acd91bf5,svhn,ssb-v1-block,cnn,protocol-v3,1.0,128,1,3,513,0.005782583029940724,0.01546579203568399,792920064,0.9140625
76ba8a78acd91bf5,svhn,ssb-v1-block,cnn,protocol-v3,1.0,128,1,3,514,0.005716249987017363,0.015599041013047099,792920064,0.8984375
76ba8a78acd91bf5,svhn,ssb-v1-block,cnn,protocol-v3,1.0,128,1,3,515,0.005715791950933635,0.015495208033826202,792920064,0.8828125
76ba8a78acd91bf5,svhn,ssb-v1-block,cnn,protocol-v3,1.0,128,1,3,516,0.005718042026273906,0.015555916994344443,792920064,0.9453125
76ba8a78acd91bf5,svhn,ssb-v1-block,cnn,protocol-v3,1.0,128,1,3,517,0.005781500018201768,0.01551620801910758,792920064,0.90625
76ba8a78acd91bf5,svhn,ssb-v1-block,cnn,protocol-v3,1.0,128,1,3,518,0.005727374984417111,0.015555583988316357,792936448,0.90625
76ba8a78acd91bf5,svhn,ssb-v1-block,cnn,protocol-v3,1.0,128,1,3,519,0.005752375000156462,0.015515374951064587,792936448,0.921875
76ba8a78acd91bf5,svhn,ssb-v1-block,cnn,protocol-v3,1.0,128,1,3,520,0.005721708002965897,0.015577582991681993,792936448,0.8984375
76ba8a78acd91bf5,svhn,ssb-v1-block,cnn,protocol-v3,1.0,128,1,3,521,0.0057171250227838755,0.015526540984865278,792936448,0.9140625
76ba8a78acd91bf5,svhn,ssb-v1-block,cnn,protocol-v3,1.0,128,1,3,522,0.0061875839601270854,0.015582249965518713,792936448,0.9375
76ba8a78acd91bf5,svhn,ssb-v1-block,cnn,protocol-v3,1.0,128,1,3,523,0.005706458003260195,0.01560933399014175,792936448,0.8828125
76ba8a78acd91bf5,svhn,ssb-v1-block,cnn,protocol-v3,1.0,128,1,3,524,0.005739458021707833,0.016385667026042938,792936448,0.921875
76ba8a78acd91bf5,svhn,ssb-v1-block,cnn,protocol-v3,1.0,128,1,3,525,0.005693207960575819,0.015470165992155671,792936448,0.8359375
76ba8a78acd91bf5,svhn,ssb-v1-block,cnn,protocol-v3,1.0,128,1,3,526,0.005719666951335967,0.015586707973852754,792936448,0.8984375
76ba8a78acd91bf5,svhn,ssb-v1-block,cnn,protocol-v3,1.0,128,1,3,527,0.006305874965619296,0.015513916965574026,792936448,0.875
76ba8a78acd91bf5,svhn,ssb-v1-block,cnn,protocol-v3,1.0,128,1,3,528,0.005684125004336238,0.015560375002678484,792952832,0.890625
76ba8a78acd91bf5,svhn,ssb-v1-block,cnn,protocol-v3,1.0,128,1,3,529,0.005725624971091747,0.015522125002462417,792952832,0.8515625
76ba8a78acd91bf5,svhn,ssb-v1-block,cnn,protocol-v3,1.0,128,1,3,530,0.0057044579880312085,0.015501625020988286,792952832,0.8984375
76ba8a78acd91bf5,svhn,ssb-v1-block,cnn,protocol-v3,1.0,128,1,3,531,0.005714458005968481,0.015469542006030679,792969216,0.890625
76ba8a78acd91bf5,svhn,ssb-v1-block,cnn,protocol-v3,1.0,128,1,3,532,0.005692957958672196,0.015552291995845735,792969216,0.9140625
76ba8a78acd91bf5,svhn,ssb-v1-block,cnn,protocol-v3,1.0,128,1,3,533,0.005729749973397702,0.015570458024740219,792969216,0.8984375
76ba8a78acd91bf5,svhn,ssb-v1-block,cnn,protocol-v3,1.0,128,1,3,534,0.005719415959902108,0.015591832983773202,792969216,0.9296875
76ba8a78acd91bf5,svhn,ssb-v1-block,cnn,protocol-v3,1.0,128,1,3,535,0.005711624980904162,0.01561454200418666,792969216,0.9296875
76ba8a78acd91bf5,svhn,ssb-v1-block,cnn,protocol-v3,1.0,128,1,3,536,0.005717916006688029,0.015648000000510365,792969216,0.921875
76ba8a78acd91bf5,svhn,ssb-v1-block,cnn,protocol-v3,1.0,128,1,3,537,0.0057088329922407866,0.015612416027579457,792969216,0.8828125
76ba8a78acd91bf5,svhn,ssb-v1-block,cnn,protocol-v3,1.0,128,1,3,538,0.005713874998036772,0.015602791972924024,792969216,0.8828125
76ba8a78acd91bf5,svhn,ssb-v1-block,cnn,protocol-v3,1.0,128,1,3,539,0.005728040996473283,0.015468208002857864,792985600,0.9375
76ba8a78acd91bf5,svhn,ssb-v1-block,cnn,protocol-v3,1.0,128,1,3,540,0.005723083973862231,0.015564541972707957,792985600,0.921875
76ba8a78acd91bf5,svhn,ssb-v1-block,cnn,protocol-v3,1.0,128,1,3,541,0.005718999949749559,0.01553604198852554,792985600,0.875
76ba8a78acd91bf5,svhn,ssb-v1-block,cnn,protocol-v3,1.0,128,1,3,542,0.005720916960854083,0.01558779104379937,792985600,0.9140625
76ba8a78acd91bf5,svhn,ssb-v1-block,cnn,protocol-v3,1.0,128,1,3,543,0.005736041988711804,0.015598665981087834,792985600,0.90625
76ba8a78acd91bf5,svhn,ssb-v1-block,cnn,protocol-v3,1.0,128,1,3,544,0.0057381660444661975,0.01558050001040101,792985600,0.921875
76ba8a78acd91bf5,svhn,ssb-v1-block,cnn,protocol-v3,1.0,128,1,3,545,0.005737625004258007,0.015570458024740219,793001984,0.8671875
76ba8a78acd91bf5,svhn,ssb-v1-block,cnn,protocol-v3,1.0,128,1,3,546,0.00571020896313712,0.015520833956543356,793001984,0.921875
76ba8a78acd91bf5,svhn,ssb-v1-block,cnn,protocol-v3,1.0,128,1,3,547,0.005697415967006236,0.015585666988044977,793001984,0.8984375
76ba8a78acd91bf5,svhn,ssb-v1-block,cnn,protocol-v3,1.0,128,1,3,548,0.005715042003430426,0.015614541014656425,793001984,0.9140625
76ba8a78acd91bf5,svhn,ssb-v1-block,cnn,protocol-v3,1.0,128,1,3,549,0.006252708029933274,0.015557291975710541,793001984,0.9296875
76ba8a78acd91bf5,svhn,ssb-v1-block,cnn,protocol-v3,1.0,128,1,3,550,0.005719500011764467,0.015595584001857787,793001984,0.9375
76ba8a78acd91bf5,svhn,ssb-v1-block,cnn,protocol-v3,1.0,128,1,3,551,0.0057326669921167195,0.016410416981671005,793001984,0.9140625
76ba8a78acd91bf5,svhn,ssb-v1-block,cnn,protocol-v3,1.0,128,1,3,552,0.005721333960536867,0.015484125004149973,793001984,0.9140625
76ba8a78acd91bf5,svhn,ssb-v1-block,cnn,protocol-v3,1.0,128,1,3,553,0.005714499973692,0.015704166959039867,793001984,0.9375
76ba8a78acd91bf5,svhn,ssb-v1-block,cnn,protocol-v3,1.0,128,1,3,554,0.006334082980174571,0.015584208013024181,793001984,0.9375
76ba8a78acd91bf5,svhn,ssb-v1-block,cnn,protocol-v3,1.0,128,1,3,555,0.005721124995034188,0.015623250044882298,793001984,0.9609375
76ba8a78acd91bf5,svhn,ssb-v1-block,cnn,protocol-v3,1.0,128,1,3,556,0.005712832964491099,0.015543624991551042,793018368,0.9140625
76ba8a78acd91bf5,svhn,ssb-v1-block,cnn,protocol-v3,1.0,128,1,3,557,0.005709791963454336,0.015606749977450818,793034752,0.9296875
76ba8a78acd91bf5,svhn,ssb-v1-block,cnn,protocol-v3,1.0,128,1,3,558,0.0057153330417349935,0.015491625003051013,793034752,0.875
76ba8a78acd91bf5,svhn,ssb-v1-block,cnn,protocol-v3,1.0,128,1,3,559,0.0057214159751310945,0.01557683403370902,793034752,0.8828125
76ba8a78acd91bf5,svhn,ssb-v1-block,cnn,protocol-v3,1.0,128,1,3,560,0.005739791027735919,0.015604749962221831,793034752,0.8984375
76ba8a78acd91bf5,svhn,ssb-v1-block,cnn,protocol-v3,1.0,128,1,3,561,0.005737249972298741,0.015600375016219914,793034752,0.8828125
76ba8a78acd91bf5,svhn,ssb-v1-block,cnn,protocol-v3,1.0,128,1,3,562,0.005718792031984776,0.015465957985725254,793034752,0.9140625
76ba8a78acd91bf5,svhn,ssb-v1-block,cnn,protocol-v3,1.0,128,1,3,563,0.005703124974388629,0.01563904096838087,793051136,0.90625
76ba8a78acd91bf5,svhn,ssb-v1-block,cnn,protocol-v3,1.0,128,1,3,564,0.005703624978195876,0.01548537501366809,793067520,0.953125
76ba8a78acd91bf5,svhn,ssb-v1-block,cnn,protocol-v3,1.0,128,1,3,565,0.005726958974264562,0.016141209052875638,793083904,0.8984375
76ba8a78acd91bf5,svhn,ssb-v1-block,cnn,protocol-v3,1.0,128,1,3,566,0.005703916016500443,0.015414665977004915,793083904,0.9453125
76ba8a78acd91bf5,svhn,ssb-v1-block,cnn,protocol-v3,1.0,128,1,3,567,0.005739125015679747,0.015582499967422336,793083904,0.9375
76ba8a78acd91bf5,svhn,ssb-v1-block,cnn,protocol-v3,1.0,128,1,3,568,0.005720249959267676,0.015512583020608872,793083904,0.90625
76ba8a78acd91bf5,svhn,ssb-v1-block,cnn,protocol-v3,1.0,128,1,3,569,0.005717957974411547,0.015557000006083399,793083904,0.921875
76ba8a78acd91bf5,svhn,ssb-v1-block,cnn,protocol-v3,1.0,128,1,3,570,0.005710500001441687,0.015557166014332324,793100288,0.90625
76ba8a78acd91bf5,svhn,ssb-v1-block,cnn,protocol-v3,1.0,128,1,3,571,0.005725291033741087,0.015556457976344973,793100288,0.9140625
76ba8a78acd91bf5,svhn,ssb-v1-block,cnn,protocol-v3,1.0,128,1,3,572,0.002306500042323023,0.007999750028830022,793362432,0.8292682926829268
