run_id,dataset,model,architecture,protocol_version,keep_ratio,block_size,seed,epoch,batch,forward_time_s,backward_time_s,memory_bytes,batch_accuracy
b4510cca2b29d002,cifar10,ssb-v2-block,mlp,protocol-v3,0.6,128,2,1,0,0.053896958008408546,0.04367212497163564,715915264,0.09375
b4510cca2b29d002,cifar10,ssb-v2-block,mlp,protocol-v3,0.6,128,2,1,1,0.0028507920214906335,0.02620333299273625,733577216,0.125
b4510cca2b29d002,cifar10,ssb-v2-block,mlp,protocol-v3,0.6,128,2,1,2,0.0019475420122034848,0.012243000033777207,736149504,0.1953125
b4510cca2b29d002,cifar10,ssb-v2-block,mlp,protocol-v3,0.6,128,2,1,3,0.001902374962810427,0.016231500019785017,739246080,0.171875
b4510cca2b29d002,cifar10,ssb-v2-block,mlp,protocol-v3,0.6,128,2,1,4,0.0015380409895442426,0.007615334005095065,741277696,0.1640625
b4510cca2b29d002,cifar10,ssb-v2-block,mlp,protocol-v3,0.6,128,2,1,5,0.0015119999879971147,0.007201416010502726,742277120,0.1640625
b4510cca2b29d002,cifar10,ssb-v2-block,mlp,protocol-v3,0.6,128,2,1,6,0.0013752919621765614,0.013237915991339833,744603648,0.15625
b4510cca2b29d002,cifar10,ssb-v2-block,mlp,protocol-v3,0.6,128,2,1,7,0.0014021249953657389,0.010335291968658566,745390080,0.203125
b4510cca2b29d002,cifar10,ssb-v2-block,mlp,protocol-v3,0.6,128,2,1,8,0.0021091660019010305,0.011635625036433339,746536960,0.1640625
b4510cca2b29d002,cifar10,ssb-v2-block,mlp,protocol-v3,0.6,128,2,1,9,0.0015187080134637654,0.006959207996260375,746536960,0.2109375
b4510cca2b29d002,cifar10,ssb-v2-block,mlp,protocol-v3,0.6,128,2,1,10,0.0013919579796493053,0.006155500013846904,748044288,0.2421875
b4510cca2b29d002,cifar10,ssb-v2-block,mlp,protocol-v3,0.6,128,2,1,11,0.0014986250316724181,0.006822834024205804,748044288,0.1796875
b4510cca2b29d002,cifar10,ssb-v2-block,mlp,protocol-v3,0.6,128,2,1,12,0.0018190839909948409,0.011177374981343746,748863488,0.21875
b4510cca2b29d002,cifar10,ssb-v2-block,mlp,protocol-v3,0.6,128,2,1,13,0.001416000013705343,0.006643667002208531,748863488,0.1328125
b4510cca2b29d002,cifar10,ssb-v2-block,mlp,protocol-v3,0.6,128,2,1,14,0.001432000019121915,0.005625999998301268,748863488,0.2265625
b4510cca2b29d002,cifar10,ssb-v2-block,mlp,protocol-v3,0.6,128,2,1,15,0.0014431249583140016,0.005594707967247814,749174784,0.1796875
b4510cca2b29d002,cifar10,ssb-v2-block,mlp,protocol-v3,0.6,128,2,1,16,0.0013785419869236648,0.01099499996053055,749764608,0.203125
b4510cca2b29d002,cifar10,ssb-v2-block,mlp,protocol-v3,0.6,128,2,1,17,0.0015242500230669975,0.005715125007554889,751304704,0.1171875
b4510cca2b29d002,cifar10,ssb-v2-block,mlp,protocol-v3,0.6,128,2,1,18,0.0014951249468140304,0.011596292024478316,752336896,0.0859375
b4510cca2b29d002,cifar10,ssb-v2-block,mlp,protocol-v3,0.6,128,2,1,19,0.0020142499706707895,0.005925708042923361,752336896,0.125
b4510cca2b29d002,cifar10,ssb-v2-block,mlp,protocol-v3,0.6,128,2,1,20,0.0013746250187978148,0.005302458012010902,752336896,0.1015625
b4510cca2b29d002,cifar10,ssb-v2-block,mlp,protocol-v3,0.6,128,2,1,21,0.0014898329973220825,0.006213791959453374,752697344,0.1484375
b4510cca2b29d002,cifar10,ssb-v2-block,mlp,protocol-v3,0.6,128,2,1,22,0.001428375020623207,0.007930541003588587,752697344,0.203125
b4510cca2b29d002,cifar10,ssb-v2-block,mlp,protocol-v3,0.6,128,2,1,23,0.0014202500460669398,0.006122582999523729,752697344,0.203125
b4510cca2b29d002,cifar10,ssb-v2-block,mlp,protocol-v3,0.6,128,2,1,24,0.0014768330147489905,0.0056571249733679,752697344,0.140625
b4510cca2b29d002,cifar10,ssb-v2-block,mlp,protocol-v3,0.6,128,2,1,25,0.0014086249866522849,0.0057526250020600855,752697344,0.09375
b4510cca2b29d002,cifar10,ssb-v2-block,mlp,protocol-v3,0.6,128,2,1,26,0.0014167909976094961,0.006422707985620946,753074176,0.1328125
b4510cca2b29d002,cifar10,ssb-v2-block,mlp,protocol-v3,0.6,128,2,1,27,0.0014804169768467546,0.005857083015143871,753074176,0.1171875
b4510cca2b29d002,cifar10,ssb-v2-block,mlp,protocol-v3,0.6,128,2,1,28,0.0014706249930895865,0.006074459000956267,753074176,0.140625
b4510cca2b29d002,cifar10,ssb-v2-block,mlp,protocol-v3,0.6,128,2,1,29,0.0013904160005040467,0.006177707982715219,753074176,0.15625
b4510cca2b29d002,cifar10,ssb-v2-block,mlp,protocol-v3,0.6,128,2,1,30,0.0015029999776743352,0.010133709001820534,753680384,0.1875
b4510cca2b29d002,cifar10,ssb-v2-block,mlp,protocol-v3,0.6,128,2,1,31,0.0014982919674366713,0.00619374995585531,753680384,0.1875
b4510cca2b29d002,cifar10,ssb-v2-block,mlp,protocol-v3,0.6,128,2,1,32,0.0013980839867144823,0.008530874969437718,754450432,0.265625
b4510cca2b29d002,cifar10,ssb-v2-block,mlp,protocol-v3,0.6,128,2,1,33,0.0014255000278353691,0.0055672909948043525,754450432,0.21875
b4510cca2b29d002,cifar10,ssb-v2-block,mlp,protocol-v3,0.6,128,2,1,34,0.0013987909769639373,0.006154666014481336,754696192,0.15625
b4510cca2b29d002,cifar10,ssb-v2-block,mlp,protocol-v3,0.6,128,2,1,35,0.0014192500384524465,0.006323667010292411,754696192,0.234375
b4510cca2b29d002,cifar10,ssb-v2-block,mlp,protocol-v3,0.6,128,2,1,36,0.0014221660094335675,0.005602333054412156,754696192,0.1796875
b4510cca2b29d002,cifar10,ssb-v2-block,mlp,protocol-v3,0.6,128,2,1,37,0.001425666967406869,0.0054622499737888575,754696192,0.265625
b4510cca2b29d002,cifar10,ssb-v2-block,mlp,protocol-v3,0.6,128,2,1,38,0.0013589579612016678,0.0057619999861344695,754712576,0.1640625
b4510cca2b29d002,cifar10,ssb-v2-block,mlp,protocol-v3,0.6,128,2,1,39,0.0013812920078635216,0.006047083006706089,754712576,0.1640625
b4510cca2b29d002,cifar10,ssb-v2-block,mlp,protocol-v3,0.6,128,2,1,40,0.0013748749624937773,0.009873000031802803,755302400,0.1171875
b4510cca2b29d002,cifar10,ssb-v2-block,mlp,protocol-v3,0.6,128,2,1,41,0.0015011659706942737,0.00493487500352785,755302400,0.1796875
b4510cca2b29d002,cifar10,ssb-v2-block,mlp,protocol-v3,0.6,128,2,1,42,0.0015073330141603947,0.005968709010630846,755531776,0.1796875
b4510cca2b29d002,cifar10,ssb-v2-block,mlp,protocol-v3,0.6,128,2,1,43,0.0014830000000074506,0.01036654197378084,756006912,0.21875
b4510cca2b29d002,cifar10,ssb-v2-block,mlp,protocol-v3,0.6,128,2,1,44,0.0015060839941725135,0.005715125007554889,756383744,0.1640625
b4510cca2b29d002,cifar10,ssb-v2-block,mlp,protocol-v3,0.6,128,2,1,45,0.001492417010013014,0.005077167006675154,756383744,0.234375
b4510cca2b29d002,cifar10,ssb-v2-block,mlp,protocol-v3,0.6,128,2,1,46,0.0015696670161560178,0.005063124990556389,756383744,0.15625
b4510cca2b29d002,cifar10,ssb-v2-block,mlp,protocol-v3,0.6,128,2,1,47,0.001413040969055146,0.006161333003547043,756383744,0.1171875
b4510cca2b29d002,cifar10,ssb-v2-block,mlp,protocol-v3,0.6,128,2,1,48,0.0014979580300860107,0.005813499970827252,756383744,0.1953125
b4510cca2b29d002,cifar10,ssb-v2-block,mlp,protocol-v3,0.6,128,2,1,49,0.0014830419677309692,0.006157333962619305,756383744,0.234375
b4510cca2b29d002,cifar10,ssb-v2-block,mlp,protocol-v3,0.6,128,2,1,50,0.001468875037971884,0.00542629201663658,756383744,0.1875
b4510cca2b29d002,cifar10,ssb-v2-block,mlp,protocol-v3,0.6,128,2,1,51,0.0014718329766765237,0.005816959019284695,756383744,0.25
b4510cca2b29d002,cifar10,ssb-v2-block,mlp,protocol-v3,0.6,128,2,1,52,0.0014084579888731241,0.005790833034552634,756383744,0.1875
b4510cca2b29d002,cifar10,ssb-v2-block,mlp,protocol-v3,0.6,128,2,1,53,0.0014165419852361083,0.0054800829966552556,756383744,0.21875
b4510cca2b29d002,cifar10,ssb-v2-block,mlp,protocol-v3,0.6,128,2,1,54,0.0014074170030653477,0.005334709014277905,756400128,0.203125
b4510cca2b29d002,cifar10,ssb-v2-block,mlp,protocol-v3,0.6,128,2,1,55,0.0013875000295229256,0.00890879100188613,756973568,0.25
b4510cca2b29d002,cifar10,ssb-v2-block,mlp,protocol-v3,0.6,128,2,1,56,0.0014379579806700349,0.004972417023964226,758120448,0.1875
b4510cca2b29d002,cifar10,ssb-v2-block,mlp,protocol-v3,0.6,128,2,1,57,0.0014816669863648713,0.006253624975215644,758120448,0.1875
b4510cca2b29d002,cifar10,ssb-v2-block,mlp,protocol-v3,0.6,128,2,1,58,0.0014343329821713269,0.005603166995570064,758120448,0.1953125
b4510cca2b29d002,cifar10,ssb-v2-block,mlp,protocol-v3,0.6,128,2,1,59,0.0014020839589647949,0.005087499972432852,758317056,0.2109375
b4510cca2b29d002,cifar10,ssb-v2-block,mlp,protocol-v3,0.6,128,2,1,60,0.0014700419851578772,0.005690167017746717,758317056,0.1953125
b4510cca2b29d002,cifar10,ssb-v2-block,mlp,protocol-v3,0.6,128,2,1,61,0.0014657910214737058,0.005920625000726432,758317056,0.234375
b4510cca2b29d002,cifar10,ssb-v2-block,mlp,protocol-v3,0.6,128,2,1,62,0.0013785419869236648,0.006378082965966314,758317056,0.2421875
b4510cca2b29d002,cifar10,ssb-v2-block,mlp,protocol-v3,0.6,128,2,1,63,0.00147387501783669,0.005404833005741239,758317056,0.2890625
b4510cca2b29d002,cifar10,ssb-v2-block,mlp,protocol-v3,0.6,128,2,1,64,0.0014662499888800085,0.005429166019894183,758317056,0.234375
b4510cca2b29d002,cifar10,ssb-v2-block,mlp,protocol-v3,0.6,128,2,1,65,0.0013764169998466969,0.005141832982189953,758317056,0.2421875
b4510cca2b29d002,cifar10,ssb-v2-block,mlp,protocol-v3,0.6,128,2,1,66,0.0013897910248488188,0.005633916996885091,758317056,0.1875
b4510cca2b29d002,cifar10,ssb-v2-block,mlp,protocol-v3,0.6,128,2,1,67,0.001418834028299898,0.006686999986413866,759889920,0.25
b4510cca2b29d002,cifar10,ssb-v2-block,mlp,protocol-v3,0.6,128,2,1,68,0.0014287499943748116,0.0057511659688316286,759889920,0.2578125
b4510cca2b29d002,cifar10,ssb-v2-block,mlp,protocol-v3,0.6,128,2,1,69,0.0014150839997455478,0.005396375025156885,759889920,0.234375
b4510cca2b29d002,cifar10,ssb-v2-block,mlp,protocol-v3,0.6,128,2,1,70,0.0013922910438850522,0.006416584015823901,759889920,0.3046875
b4510cca2b29d002,cifar10,ssb-v2-block,mlp,protocol-v3,0.6,128,2,1,71,0.001418542000465095,0.0050700000138022006,759889920,0.2734375
b4510cca2b29d002,cifar10,ssb-v2-block,mlp,protocol-v3,0.6,128,2,1,72,0.0014545840094797313,0.006661666033323854,759889920,0.265625
b4510cca2b29d002,cifar10,ssb-v2-block,mlp,protocol-v3,0.6,128,2,1,73,0.0014266669750213623,0.005487124959472567,759906304,0.203125
b4510cca2b29d002,cifar10,ssb-v2-block,mlp,protocol-v3,0.6,128,2,1,74,0.0013913330039940774,0.005457666993606836,759906304,0.265625
b4510cca2b29d002,cifar10,ssb-v2-block,mlp,protocol-v3,0.6,128,2,1,75,0.0014782079961150885,0.006277167005464435,759906304,0.1875
b4510cca2b29d002,cifar10,ssb-v2-block,mlp,protocol-v3,0.6,128,2,1,76,0.0014129580231383443,0.005666790995746851,759906304,0.25
b4510cca2b29d002,cifar10,ssb-v2-block,mlp,protocol-v3,0.6,128,2,1,77,0.0013530839933082461,0.006248374993447214,759922688,0.25
b4510cca2b29d002,cifar10,ssb-v2-block,mlp,protocol-v3,0.6,128,2,1,78,0.0013791669625788927,0.005823167040944099,759922688,0.1640625
b4510cca2b29d002,cifar10,ssb-v2-block,mlp,protocol-v3,0.6,128,2,1,79,0.0014903330011293292,0.005678832996636629,759922688,0.109375
b4510cca2b29d002,cifar10,ssb-v2-block,mlp,protocol-v3,0.6,128,2,1,80,0.0014789170236326754,0.00513487501302734,759922688,0.2109375
b4510cca2b29d002,cifar10,ssb-v2-block,mlp,protocol-v3,0.6,128,2,1,81,0.0014135829987935722,0.010104832996148616,760528896,0.21875
b4510cca2b29d002,cifar10,ssb-v2-block,mlp,protocol-v3,0.6,128,2,1,82,0.0014171669608913362,0.005933333013672382,760528896,0.15625
b4510cca2b29d002,cifar10,ssb-v2-block,mlp,protocol-v3,0.6,128,2,1,83,0.0014142909785732627,0.005451332952361554,760528896,0.171875
b4510cca2b29d002,cifar10,ssb-v2-block,mlp,protocol-v3,0.6,128,2,1,84,0.0014322089846245944,0.005307457991875708,760774656,0.2421875
b4510cca2b29d002,cifar10,ssb-v2-block,mlp,protocol-v3,0.6,128,2,1,85,0.0014982499997131526,0.005611959029920399,760774656,0.28125
b4510cca2b29d002,cifar10,ssb-v2-block,mlp,protocol-v3,0.6,128,2,1,86,0.0014635419938713312,0.004984250001143664,760791040,0.2421875
b4510cca2b29d002,cifar10,ssb-v2-block,mlp,protocol-v3,0.6,128,2,1,87,0.001426125003490597,0.005661958013661206,760791040,0.25
b4510cca2b29d002,cifar10,ssb-v2-block,mlp,protocol-v3,0.6,128,2,1,88,0.001414917001966387,0.005740207969211042,760791040,0.2578125
b4510cca2b29d002,cifar10,ssb-v2-block,mlp,protocol-v3,0.6,128,2,1,89,0.0013944170204922557,0.005518875026609749,760791040,0.25
b4510cca2b29d002,cifar10,ssb-v2-block,mlp,protocol-v3,0.6,128,2,1,90,0.00148154201451689,0.005717000050935894,760791040,0.25
b4510cca2b29d002,cifar10,ssb-v2-block,mlp,protocol-v3,0.6,128,2,1,91,0.0015517090214416385,0.005819417012389749,761954304,0.171875
b4510cca2b29d002,cifar10,ssb-v2-block,mlp,protocol-v3,0.6,128,2,1,92,0.001411625009495765,0.0051332919974811375,761954304,0.2734375
b4510cca2b29d002,cifar10,ssb-v2-block,mlp,protocol-v3,0.6,128,2,1,93,0.0014645420014858246,0.005932500003837049,761954304,0.2265625
b4510cca2b29d002,cifar10,ssb-v2-block,mlp,protocol-v3,0.6,128,2,1,94,0.0014764160150662065,0.005181417043786496,761954304,0.2421875
b4510cca2b29d002,cifar10,ssb-v2-block,mlp,protocol-v3,0.6,128,2,1,95,0.001352582999970764,0.0060143329901620746,761954304,0.2890625
b4510cca2b29d002,cifar10,ssb-v2-block,mlp,protocol-v3,0.6,128,2,1,96,0.0014791249996051192,0.006520833005197346,761954304,0.203125
b4510cca2b29d002,cifar10,ssb-v2-block,mlp,protocol-v3,0.6,128,2,1,97,0.0015986249782145023,0.00592495797900483,761954304,0.3046875
b4510cca2b29d002,cifar10,ssb-v2-block,mlp,protocol-v3,0.6,128,2,1,98,0.0014662499888800085,0.005577957956120372,761954304,0.296875
b4510cca2b29d002,cifar10,ssb-v2-block,mlp,protocol-v3,0.6,128,2,1,99,0.0014788749977014959,0.006307667004875839,761954304,0.1484375
b4510cca2b29d002,cifar10,ssb-v2-block,mlp,protocol-v3,0.6,128,2,1,100,0.0014227500068955123,0.005736582970712334,761954304,0.1953125
b4510cca2b29d002,cifar10,ssb-v2-block,mlp,protocol-v3,0.6,128,2,1,101,0.001474624965339899,0.005763332999777049,761954304,0.171875
b4510cca2b29d002,cifar10,ssb-v2-block,mlp,protocol-v3,0.6,128,2,1,102,0.0014671660028398037,0.005767999973613769,761954304,0.203125
b4510cca2b29d002,cifar10,ssb-v2-block,mlp,protocol-v3,0.6,128,2,1,103,0.0014278329908847809,0.006763624958693981,762216448,0.2421875
b4510cca2b29d002,cifar10,ssb-v2-block,mlp,protocol-v3,0.6,128,2,1,104,0.0014466670108959079,0.006007582996971905,762216448,0.2421875
b4510cca2b29d002,cifar10,ssb-v2-block,mlp,protocol-v3,0.6,128,2,1,105,0.0013712919899262488,0.005946874967776239,762216448,0.2578125
b4510cca2b29d002,cifar10,ssb-v2-block,mlp,protocol-v3,0.6,128,2,1,106,0.001405916002113372,0.005400875001214445,762216448,0.15625
b4510cca2b29d002,cifar10,ssb-v2-block,mlp,protocol-v3,0.6,128,2,1,107,0.0014722080086357892,0.005366500001400709,762216448,0.1875
b4510cca2b29d002,cifar10,ssb-v2-block,mlp,protocol-v3,0.6,128,2,1,108,0.0014903330011293292,0.005283540987875313,762216448,0.1796875
b4510cca2b29d002,cifar10,ssb-v2-block,mlp,protocol-v3,0.6,128,2,1,109,0.0014141250285319984,0.006439209042582661,762216448,0.2734375
b4510cca2b29d002,cifar10,ssb-v2-block,mlp,protocol-v3,0.6,128,2,1,110,0.0014766669482924044,0.005814250034745783,762216448,0.3046875
b4510cca2b29d002,cifar10,ssb-v2-block,mlp,protocol-v3,0.6,128,2,1,111,0.0014643750037066638,0.005961417045909911,762232832,0.2734375
b4510cca2b29d002,cifar10,ssb-v2-block,mlp,protocol-v3,0.6,128,2,1,112,0.0013972910237498581,0.005832541035488248,762249216,0.2109375
b4510cca2b29d002,cifar10,ssb-v2-block,mlp,protocol-v3,0.6,128,2,1,113,0.001408332958817482,0.00540104100946337,762249216,0.1796875
b4510cca2b29d002,cifar10,ssb-v2-block,mlp,protocol-v3,0.6,128,2,1,114,0.0013976249611005187,0.005373459018301219,762249216,0.21875
b4510cca2b29d002,cifar10,ssb-v2-block,mlp,protocol-v3,0.6,128,2,1,115,0.0013739580172114074,0.005854249990079552,762249216,0.1875
b4510cca2b29d002,cifar10,ssb-v2-block,mlp,protocol-v3,0.6,128,2,1,116,0.0014249999658204615,0.005935167020652443,762249216,0.2734375
b4510cca2b29d002,cifar10,ssb-v2-block,mlp,protocol-v3,0.6,128,2,1,117,0.0014711249968968332,0.005730792006943375,762249216,0.171875
b4510cca2b29d002,cifar10,ssb-v2-block,mlp,protocol-v3,0.6,128,2,1,118,0.0015049579669721425,0.005867417028639466,762249216,0.2890625
b4510cca2b29d002,cifar10,ssb-v2-block,mlp,protocol-v3,0.6,128,2,1,119,0.0014708749949932098,0.005935208988375962,762249216,0.2421875
b4510cca2b29d002,cifar10,ssb-v2-block,mlp,protocol-v3,0.6,128,2,1,120,0.001503499981481582,0.005069750011898577,762249216,0.28125
b4510cca2b29d002,cifar10,ssb-v2-block,mlp,protocol-v3,0.6,128,2,1,121,0.0014085419825278223,0.00650704198051244,762249216,0.2109375
b4510cca2b29d002,cifar10,ssb-v2-block,mlp,protocol-v3,0.6,128,2,1,122,0.0014761670026928186,0.005782624997664243,762249216,0.2734375
b4510cca2b29d002,cifar10,ssb-v2-block,mlp,protocol-v3,0.6,128,2,1,123,0.0014737910241819918,0.0042150000226683915,762249216,0.25
b4510cca2b29d002,cifar10,ssb-v2-block,mlp,protocol-v3,0.6,128,2,1,124,0.0014579170383512974,0.005584458005614579,762249216,0.265625
b4510cca2b29d002,cifar10,ssb-v2-block,mlp,protocol-v3,0.6,128,2,1,125,0.001480500039178878,0.009357958973851055,762560512,0.21875
b4510cca2b29d002,cifar10,ssb-v2-block,mlp,protocol-v3,0.6,128,2,1,126,0.0014337499742396176,0.0063160829595290124,762773504,0.1953125
b4510cca2b29d002,cifar10,ssb-v2-block,mlp,protocol-v3,0.6,128,2,1,127,0.0014669999945908785,0.006237875029910356,762773504,0.203125
b4510cca2b29d002,cifar10,ssb-v2-block,mlp,protocol-v3,0.6,128,2,1,128,0.0014777079923078418,0.0061192919965833426,762789888,0.3203125
b4510cca2b29d002,cifar10,ssb-v2-block,mlp,protocol-v3,0.6,128,2,1,129,0.0015011250507086515,0.0076441660057753325,762789888,0.3125
b4510cca2b29d002,cifar10,ssb-v2-block,mlp,protocol-v3,0.6,128,2,1,130,0.0014772089780308306,0.013380874996073544,763609088,0.2734375
b4510cca2b29d002,cifar10,ssb-v2-block,mlp,protocol-v3,0.6,128,2,1,131,0.0013922910438850522,0.0049570000264793634,763625472,0.2734375
b4510cca2b29d002,cifar10,ssb-v2-block,mlp,protocol-v3,0.6,128,2,1,132,0.001468417001888156,0.00589791702805087,764002304,0.296875
b4510cca2b29d002,cifar10,ssb-v2-block,mlp,protocol-v3,0.6,128,2,1,133,0.0014682919718325138,0.007557625009212643,764002304,0.2734375
b4510cca2b29d002,cifar10,ssb-v2-block,mlp,protocol-v3,0.6,128,2,1,134,0.001423874986357987,0.006557375018019229,764018688,0.2734375
b4510cca2b29d002,cifar10,ssb-v2-block,mlp,protocol-v3,0.6,128,2,1,135,0.001478582969866693,0.007046165992505848,764018688,0.265625
b4510cca2b29d002,cifar10,ssb-v2-block,mlp,protocol-v3,0.6,128,2,1,136,0.0014054159983061254,0.005386165983509272,764018688,0.2578125
b4510cca2b29d002,cifar10,ssb-v2-block,mlp,protocol-v3,0.6,128,2,1,137,0.001449249975848943,0.005444791982881725,764362752,0.2265625
b4510cca2b29d002,cifar10,ssb-v2-block,mlp,protocol-v3,0.6,128,2,1,138,0.0013913329457864165,0.005926000012550503,764362752,0.1953125
b4510cca2b29d002,cifar10,ssb-v2-block,mlp,protocol-v3,0.6,128,2,1,139,0.0014554160297848284,0.006185917009133846,764362752,0.3046875
b4510cca2b29d002,cifar10,ssb-v2-block,mlp,protocol-v3,0.6,128,2,1,140,0.0014030829770490527,0.006259999994654208,764362752,0.3125
b4510cca2b29d002,cifar10,ssb-v2-block,mlp,protocol-v3,0.6,128,2,1,141,0.0014892920153215528,0.006300041975919157,764362752,0.359375
b4510cca2b29d002,cifar10,ssb-v2-block,mlp,protocol-v3,0.6,128,2,1,142,0.0014657499850727618,0.006151375011540949,764379136,0.296875
b4510cca2b29d002,cifar10,ssb-v2-block,mlp,protocol-v3,0.6,128,2,1,143,0.001478250022046268,0.007281541998963803,764379136,0.3046875
b4510cca2b29d002,cifar10,ssb-v2-block,mlp,protocol-v3,0.6,128,2,1,144,0.001448541006539017,0.0059303330490365624,764379136,0.265625
b4510cca2b29d002,cifar10,ssb-v2-block,mlp,protocol-v3,0.6,128,2,1,145,0.001462250016629696,0.0057308750110678375,764379136,0.3359375
b4510cca2b29d002,cifar10,ssb-v2-block,mlp,protocol-v3,0.6,128,2,1,146,0.0014762089704163373,0.005377791007049382,764379136,0.296875
b4510cca2b29d002,cifar10,ssb-v2-block,mlp,protocol-v3,0.6,128,2,1,147,0.001402582973241806,0.005485208006575704,764379136,0.28125
b4510cca2b29d002,cifar10,ssb-v2-block,mlp,protocol-v3,0.6,128,2,1,148,0.0013869169633835554,0.004621375002898276,764379136,0.3359375
b4510cca2b29d002,cifar10,ssb-v2-block,mlp,protocol-v3,0.6,128,2,1,149,0.0014081660192459822,0.005435707978904247,764395520,0.2421875
b4510cca2b29d002,cifar10,ssb-v2-block,mlp,protocol-v3,0.6,128,2,1,150,0.0013902499922551215,0.005318167037330568,764411904,0.21875
b4510cca2b29d002,cifar10,ssb-v2-block,mlp,protocol-v3,0.6,128,2,1,151,0.0013745419564656913,0.005679583991877735,764411904,0.2890625
b4510cca2b29d002,cifar10,ssb-v2-block,mlp,protocol-v3,0.6,128,2,1,152,0.0014674999983981252,0.006642125023063272,764411904,0.2421875
b4510cca2b29d002,cifar10,ssb-v2-block,mlp,protocol-v3,0.6,128,2,1,153,0.0014527080347761512,0.005684249976184219,764411904,0.3203125
b4510cca2b29d002,cifar10,ssb-v2-block,mlp,protocol-v3,0.6,128,2,1,154,0.0014688330120407045,0.005594249989371747,764428288,0.3671875
b4510cca2b29d002,cifar10,ssb-v2-block,mlp,protocol-v3,0.6,128,2,1,155,0.0014563750009983778,0.004905458015855402,764428288,0.25
b4510cca2b29d002,cifar10,ssb-v2-block,mlp,protocol-v3,0.6,128,2,1,156,0.0013829169911332428,0.0054883750271983445,764428288,0.296875
b4510cca2b29d002,cifar10,ssb-v2-block,mlp,protocol-v3,0.6,128,2,1,157,0.0014708749949932098,0.005616874957922846,764428288,0.2890625
b4510cca2b29d002,cifar10,ssb-v2-block,mlp,protocol-v3,0.6,128,2,1,158,0.0014596669934689999,0.006239250011276454,764428288,0.2734375
b4510cca2b29d002,cifar10,ssb-v2-block,mlp,protocol-v3,0.6,128,2,1,159,0.0015239169588312507,0.005653125001117587,764428288,0.2421875
b4510cca2b29d002,cifar10,ssb-v2-block,mlp,protocol-v3,0.6,128,2,1,160,0.0014674999983981252,0.0052223330130800605,764428288,0.28125
b4510cca2b29d002,cifar10,ssb-v2-block,mlp,protocol-v3,0.6,128,2,1,161,0.0014142920263111591,0.004923792032059282,764428288,0.34375
b4510cca2b29d002,cifar10,ssb-v2-block,mlp,protocol-v3,0.6,128,2,1,162,0.0014880000380799174,0.005320208962075412,764428288,0.3125
b4510cca2b29d002,cifar10,ssb-v2-block,mlp,protocol-v3,0.6,128,2,1,163,0.00148079200880602,0.0048600829904899,764428288,0.359375
b4510cca2b29d002,cifar10,ssb-v2-block,mlp,protocol-v3,0.6,128,2,1,164,0.0014384170062839985,0.005712000012863427,764428288,0.359375
b4510cca2b29d002,cifar10,ssb-v2-block,mlp,protocol-v3,0.6,128,2,1,165,0.0013818750157952309,0.005895750015042722,764428288,0.34375
b4510cca2b29d002,cifar10,ssb-v2-block,mlp,protocol-v3,0.6,128,2,1,166,0.001379834022372961,0.006705000007059425,764428288,0.390625
b4510cca2b29d002,cifar10,ssb-v2-block,mlp,protocol-v3,0.6,128,2,1,167,0.0014147500041872263,0.005892625020351261,764428288,0.3046875
b4510cca2b29d002,cifar10,ssb-v2-block,mlp,protocol-v3,0.6,128,2,1,168,0.0014207920175977051,0.006222957978025079,764428288,0.328125
b4510cca2b29d002,cifar10,ssb-v2-block,mlp,protocol-v3,0.6,128,2,1,169,0.0013856670120730996,0.005386167031247169,764428288,0.234375
b4510cca2b29d002,cifar10,ssb-v2-block,mlp,protocol-v3,0.6,128,2,1,170,0.001415958977304399,0.005600832984782755,764428288,0.390625
b4510cca2b29d002,cifar10,ssb-v2-block,mlp,protocol-v3,0.6,128,2,1,171,0.0013842919724993408,0.0064870830392464995,764428288,0.296875
b4510cca2b29d002,cifar10,ssb-v2-block,mlp,protocol-v3,0.6,128,2,1,172,0.001380499976221472,0.00628887495258823,764428288,0.3671875
b4510cca2b29d002,cifar10,ssb-v2-block,mlp,protocol-v3,0.6,128,2,1,173,0.0014683749759569764,0.006181500037200749,764428288,0.296875
b4510cca2b29d002,cifar10,ssb-v2-block,mlp,protocol-v3,0.6,128,2,1,174,0.0014830000000074506,0.006095833028666675,764428288,0.3828125
b4510cca2b29d002,cifar10,ssb-v2-block,mlp,protocol-v3,0.6,128,2,1,175,0.0014727499801665545,0.006310209049843252,764428288,0.2265625
b4510cca2b29d002,cifar10,ssb-v2-block,mlp,protocol-v3,0.6,128,2,1,176,0.0013593750190921128,0.0053906249813735485,764428288,0.296875
b4510cca2b29d002,cifar10,ssb-v2-block,mlp,protocol-v3,0.6,128,2,1,177,0.0014657910214737058,0.005118915985804051,764428288,0.3203125
b4510cca2b29d002,cifar10,ssb-v2-block,mlp,protocol-v3,0.6,128,2,1,178,0.0014027500292286277,0.004747667000629008,764428288,0.2890625
b4510cca2b29d002,cifar10,ssb-v2-block,mlp,protocol-v3,0.6,128,2,1,179,0.0014587920159101486,0.006271833030041307,764428288,0.328125
b4510cca2b29d002,cifar10,ssb-v2-block,mlp,protocol-v3,0.6,128,2,1,180,0.0013894160510972142,0.006537041976116598,764428288,0.25
b4510cca2b29d002,cifar10,ssb-v2-block,mlp,protocol-v3,0.6,128,2,1,181,0.001407582953106612,0.005655999993905425,764428288,0.2578125
b4510cca2b29d002,cifar10,ssb-v2-block,mlp,protocol-v3,0.6,128,2,1,182,0.001454666955396533,0.005190292024053633,764428288,0.2734375
b4510cca2b29d002,cifar10,ssb-v2-block,mlp,protocol-v3,0.6,128,2,1,183,0.001458665996324271,0.00551154202548787,764428288,0.2734375
b4510cca2b29d002,cifar10,ssb-v2-block,mlp,protocol-v3,0.6,128,2,1,184,0.0014490410103462636,0.006283207971137017,764428288,0.25
b4510cca2b29d002,cifar10,ssb-v2-block,mlp,protocol-v3,0.6,128,2,1,185,0.0014530409825965762,0.006175874965265393,764428288,0.3046875
b4510cca2b29d002,cifar10,ssb-v2-block,mlp,protocol-v3,0.6,128,2,1,186,0.001462707994505763,0.005922165990341455,764428288,0.34375
b4510cca2b29d002,cifar10,ssb-v2-block,mlp,protocol-v3,0.6,128,2,1,187,0.0014635840198025107,0.005383957992307842,764428288,0.2578125
b4510cca2b29d002,cifar10,ssb-v2-block,mlp,protocol-v3,0.6,128,2,1,188,0.0014693750417791307,0.005694749997928739,764428288,0.234375
b4510cca2b29d002,cifar10,ssb-v2-block,mlp,protocol-v3,0.6,128,2,1,189,0.001470582967158407,0.006130125024355948,764428288,0.25
b4510cca2b29d002,cifar10,ssb-v2-block,mlp,protocol-v3,0.6,128,2,1,190,0.0015153749845921993,0.006129582994617522,764428288,0.25
b4510cca2b29d002,cifar10,ssb-v2-block,mlp,protocol-v3,0.6,128,2,1,191,0.002441875054500997,0.00643058295827359,764444672,0.328125
b4510cca2b29d002,cifar10,ssb-v2-block,mlp,protocol-v3,0.6,128,2,1,192,0.0021466249600052834,0.008911042008548975,764461056,0.3515625
b4510cca2b29d002,cifar10,ssb-v2-block,mlp,protocol-v3,0.6,128,2,1,193,0.002451875014230609,0.008010083984117955,764461056,0.2421875
b4510cca2b29d002,cifar10,ssb-v2-block,mlp,protocol-v3,0.6,128,2,1,194,0.0017494999920018017,0.005718083004467189,764461056,0.15625
b4510cca2b29d002,cifar10,ssb-v2-block,mlp,protocol-v3,0.6,128,2,1,195,0.0014799999771639705,0.006555915984790772,764461056,0.2734375
b4510cca2b29d002,cifar10,ssb-v2-block,mlp,protocol-v3,0.6,128,2,1,196,0.0014607500052079558,0.005511791969183832,764461056,0.2265625
b4510cca2b29d002,cifar10,ssb-v2-block,mlp,protocol-v3,0.6,128,2,1,197,0.0014209580258466303,0.006918540981132537,764477440,0.2734375
b4510cca2b29d002,cifar10,ssb-v2-block,mlp,protocol-v3,0.6,128,2,1,198,0.001471041003242135,0.0053192919585853815,764477440,0.2890625
b4510cca2b29d002,cifar10,ssb-v2-block,mlp,protocol-v3,0.6,128,2,1,199,0.0014685830101370811,0.005738708947319537,764477440,0.2421875
b4510cca2b29d002,cifar10,ssb-v2-block,mlp,protocol-v3,0.6,128,2,1,200,0.0014646670315414667,0.00565170799382031,764477440,0.2734375
b4510cca2b29d002,cifar10,ssb-v2-block,mlp,protocol-v3,0.6,128,2,1,201,0.0014205420156940818,0.005709709017537534,764477440,0.3125
b4510cca2b29d002,cifar10,ssb-v2-block,mlp,protocol-v3,0.6,128,2,1,202,0.0014085419825278223,0.005911291984375566,764493824,0.2265625
b4510cca2b29d002,cifar10,ssb-v2-block,mlp,protocol-v3,0.6,128,2,1,203,0.001406583993230015,0.005601749988272786,764493824,0.3125
b4510cca2b29d002,cifar10,ssb-v2-block,mlp,protocol-v3,0.6,128,2,1,204,0.001383707975037396,0.00560875004157424,764493824,0.28125
b4510cca2b29d002,cifar10,ssb-v2-block,mlp,protocol-v3,0.6,128,2,1,205,0.0015017910045571625,0.005475499958265573,764493824,0.203125
b4510cca2b29d002,cifar10,ssb-v2-block,mlp,protocol-v3,0.6,128,2,1,206,0.0014650000375695527,0.005365082994103432,764493824,0.28125
b4510cca2b29d002,cifar10,ssb-v2-block,mlp,protocol-v3,0.6,128,2,1,207,0.0014053329941816628,0.004945583990775049,764510208,0.3359375
b4510cca2b29d002,cifar10,ssb-v2-block,mlp,protocol-v3,0.6,128,2,1,208,0.0014674579724669456,0.006058082974050194,764510208,0.2890625
b4510cca2b29d002,cifar10,ssb-v2-block,mlp,protocol-v3,0.6,128,2,1,209,0.0014066249714232981,0.006540833972394466,764526592,0.3515625
b4510cca2b29d002,cifar10,ssb-v2-block,mlp,protocol-v3,0.6,128,2,1,210,0.0014389999560080469,0.006074582983274013,764526592,0.265625
b4510cca2b29d002,cifar10,ssb-v2-block,mlp,protocol-v3,0.6,128,2,1,211,0.00140804098919034,0.006226999976206571,764542976,0.328125
b4510cca2b29d002,cifar10,ssb-v2-block,mlp,protocol-v3,0.6,128,2,1,212,0.0014065419672988355,0.005715666979085654,764559360,0.3046875
b4510cca2b29d002,cifar10,ssb-v2-block,mlp,protocol-v3,0.6,128,2,1,213,0.0013899169862270355,0.006579583045095205,764559360,0.3671875
b4510cca2b29d002,cifar10,ssb-v2-block,mlp,protocol-v3,0.6,128,2,1,214,0.0014631670201197267,0.00551454204833135,764575744,0.203125
b4510cca2b29d002,cifar10,ssb-v2-block,mlp,protocol-v3,0.6,128,2,1,215,0.0014607080374844372,0.004510333004873246,764575744,0.2890625
b4510cca2b29d002,cifar10,ssb-v2-block,mlp,protocol-v3,0.6,128,2,1,216,0.0015991670079529285,0.005740916996728629,764575744,0.34375
b4510cca2b29d002,cifar10,ssb-v2-block,mlp,protocol-v3,0.6,128,2,1,217,0.0014712089905515313,0.00450845796149224,764592128,0.2734375
b4510cca2b29d002,cifar10,ssb-v2-block,mlp,protocol-v3,0.6,128,2,1,218,0.001401041983626783,0.0067545420024544,764592128,0.3359375
b4510cca2b29d002,cifar10,ssb-v2-block,mlp,protocol-v3,0.6,128,2,1,219,0.0014075409853830934,0.006368833943270147,764592128,0.3203125
b4510cca2b29d002,cifar10,ssb-v2-block,mlp,protocol-v3,0.6,128,2,1,220,0.0014975000522099435,0.0055589170078746974,764592128,0.25
b4510cca2b29d002,cifar10,ssb-v2-block,mlp,protocol-v3,0.6,128,2,1,221,0.001465582987293601,0.005450957978609949,764592128,0.390625
b4510cca2b29d002,cifar10,ssb-v2-block,mlp,protocol-v3,0.6,128,2,1,222,0.0013824159977957606,0.006435332994442433,764592128,0.296875
b4510cca2b29d002,cifar10,ssb-v2-block,mlp,protocol-v3,0.6,128,2,1,223,0.001479665981605649,0.006592541991267353,764592128,0.28125
b4510cca2b29d002,cifar10,ssb-v2-block,mlp,protocol-v3,0.6,128,2,1,224,0.001383791968692094,0.005000916018616408,764592128,0.3203125
b4510cca2b29d002,cifar10,ssb-v2-block,mlp,protocol-v3,0.6,128,2,1,225,0.001446707989089191,0.006309791002422571,764592128,0.3515625
b4510cca2b29d002,cifar10,ssb-v2-block,mlp,protocol-v3,0.6,128,2,1,226,0.0014622919843532145,0.00609037495451048,764608512,0.25
b4510cca2b29d002,cifar10,ssb-v2-block,mlp,protocol-v3,0.6,128,2,1,227,0.0016188329900614917,0.005921666976064444,764608512,0.3359375
b4510cca2b29d002,cifar10,ssb-v2-block,mlp,protocol-v3,0.6,128,2,1,228,0.0014589999918825924,0.0062965829856693745,764608512,0.34375
b4510cca2b29d002,cifar10,ssb-v2-block,mlp,protocol-v3,0.6,128,2,1,229,0.0014718330348841846,0.00643658300396055,764608512,0.3984375
b4510cca2b29d002,cifar10,ssb-v2-block,mlp,protocol-v3,0.6,128,2,1,230,0.0013819579617120326,0.005756917002145201,764608512,0.3203125
b4510cca2b29d002,cifar10,ssb-v2-block,mlp,protocol-v3,0.6,128,2,1,231,0.0013873749994672835,0.005721875000745058,764608512,0.3125
b4510cca2b29d002,cifar10,ssb-v2-block,mlp,protocol-v3,0.6,128,2,1,232,0.001478667021729052,0.0055850420030765235,764608512,0.3515625
b4510cca2b29d002,cifar10,ssb-v2-block,mlp,protocol-v3,0.6,128,2,1,233,0.0014698749873787165,0.006567542033735663,764608512,0.3671875
b4510cca2b29d002,cifar10,ssb-v2-block,mlp,protocol-v3,0.6,128,2,1,234,0.001486541994381696,0.005999457964207977,764608512,0.34375
b4510cca2b29d002,cifar10,ssb-v2-block,mlp,protocol-v3,0.6,128,2,1,235,0.0013787499628961086,0.004430375003721565,764608512,0.3046875
b4510cca2b29d002,cifar10,ssb-v2-block,mlp,protocol-v3,0.6,128,2,1,236,0.0014232920366339386,0.004446582985110581,764608512,0.328125
b4510cca2b29d002,cifar10,ssb-v2-block,mlp,protocol-v3,0.6,128,2,1,237,0.0014712910051457584,0.006483708042651415,764608512,0.3046875
b4510cca2b29d002,cifar10,ssb-v2-block,mlp,protocol-v3,0.6,128,2,1,238,0.0014694579876959324,0.005700625013560057,764608512,0.296875
b4510cca2b29d002,cifar10,ssb-v2-block,mlp,protocol-v3,0.6,128,2,1,239,0.0016051249695010483,0.005984583054669201,764608512,0.3359375
b4510cca2b29d002,cifar10,ssb-v2-block,mlp,protocol-v3,0.6,128,2,1,240,0.001502749975770712,0.00759379199007526,764608512,0.3125
b4510cca2b29d002,cifar10,ssb-v2-block,mlp,protocol-v3,0.6,128,2,1,241,0.001417041989043355,0.005995624989736825,764608512,0.453125
b4510cca2b29d002,cifar10,ssb-v2-block,mlp,protocol-v3,0.6,128,2,1,242,0.0014305419754236937,0.006270041980315,764608512,0.3203125
b4510cca2b29d002,cifar10,ssb-v2-block,mlp,protocol-v3,0.6,128,2,1,243,0.0014995420351624489,0.00492908398155123,764624896,0.328125
b4510cca2b29d002,cifar10,ssb-v2-block,mlp,protocol-v3,0.6,128,2,1,244,0.0013512920122593641,0.005291541980113834,764624896,0.3203125
b4510cca2b29d002,cifar10,ssb-v2-block,mlp,protocol-v3,0.6,128,2,1,245,0.0014704579953104258,0.005236500001046807,764624896,0.3125
b4510cca2b29d002,cifar10,ssb-v2-block,mlp,protocol-v3,0.6,128,2,1,246,0.001414833008311689,0.005926957994233817,764624896,0.265625
b4510cca2b29d002,cifar10,ssb-v2-block,mlp,protocol-v3,0.6,128,2,1,247,0.0014116670354269445,0.006740666984114796,764624896,0.34375
b4510cca2b29d002,cifar10,ssb-v2-block,mlp,protocol-v3,0.6,128,2,1,248,0.0014346659881994128,0.006918042025063187,764624896,0.34375
b4510cca2b29d002,cifar10,ssb-v2-block,mlp,protocol-v3,0.6,128,2,1,249,0.0013787909992970526,0.005725958035327494,764624896,0.3828125
b4510cca2b29d002,cifar10,ssb-v2-block,mlp,protocol-v3,0.6,128,2,1,250,0.0014834160101599991,0.006500417017377913,764641280,0.2734375
b4510cca2b29d002,cifar10,ssb-v2-block,mlp,protocol-v3,0.6,128,2,1,251,0.0013666250160895288,0.0053489579586312175,764641280,0.3515625
b4510cca2b29d002,cifar10,ssb-v2-block,mlp,protocol-v3,0.6,128,2,1,252,0.0014733340358361602,0.006568416021764278,764641280,0.34375
b4510cca2b29d002,cifar10,ssb-v2-block,mlp,protocol-v3,0.6,128,2,1,253,0.001385957992170006,0.005639832990709692,764641280,0.34375
b4510cca2b29d002,cifar10,ssb-v2-block,mlp,protocol-v3,0.6,128,2,1,254,0.0013992080348543823,0.006108500005211681,764641280,0.2578125
b4510cca2b29d002,cifar10,ssb-v2-block,mlp,protocol-v3,0.6,128,2,1,255,0.0015196249587461352,0.005230083945207298,764641280,0.359375
b4510cca2b29d002,cifar10,ssb-v2-block,mlp,protocol-v3,0.6,128,2,1,256,0.0014642499736510217,0.005667333025485277,764641280,0.2734375
b4510cca2b29d002,cifar10,ssb-v2-block,mlp,protocol-v3,0.6,128,2,1,257,0.0014672499964945018,0.005415291991084814,764641280,0.328125
b4510cca2b29d002,cifar10,ssb-v2-block,mlp,protocol-v3,0.6,128,2,1,258,0.0014079170068725944,0.006077875033952296,764641280,0.3984375
b4510cca2b29d002,cifar10,ssb-v2-block,mlp,protocol-v3,0.6,128,2,1,259,0.0014334999723359942,0.005520957987755537,764674048,0.3984375
b4510cca2b29d002,cifar10,ssb-v2-block,mlp,protocol-v3,0.6,128,2,1,260,0.0014682910405099392,0.005578209005761892,764674048,0.34375
b4510cca2b29d002,cifar10,ssb-v2-block,mlp,protocol-v3,0.6,128,2,1,261,0.0016065419767983258,0.005029166990425438,764674048,0.3203125
b4510cca2b29d002,cifar10,ssb-v2-block,mlp,protocol-v3,0.6,128,2,1,262,0.0014186250045895576,0.00618933403166011,764674048,0.359375
b4510cca2b29d002,cifar10,ssb-v2-block,mlp,protocol-v3,0.6,128,2,1,263,0.001400041044689715,0.006501666968688369,764674048,0.28125
b4510cca2b29d002,cifar10,ssb-v2-block,mlp,protocol-v3,0.6,128,2,1,264,0.0014942919951863587,0.005502625019289553,764674048,0.28125
b4510cca2b29d002,cifar10,ssb-v2-block,mlp,protocol-v3,0.6,128,2,1,265,0.0014709170209243894,0.006113208015449345,764674048,0.3515625
b4510cca2b29d002,cifar10,ssb-v2-block,mlp,protocol-v3,0.6,128,2,1,266,0.001465583045501262,0.006394875003024936,764690432,0.3359375
b4510cca2b29d002,cifar10,ssb-v2-block,mlp,protocol-v3,0.6,128,2,1,267,0.001468542031943798,0.0050442079664207995,764690432,0.296875
b4510cca2b29d002,cifar10,ssb-v2-block,mlp,protocol-v3,0.6,128,2,1,268,0.0014251659740693867,0.006775083020329475,764690432,0.390625
b4510cca2b29d002,cifar10,ssb-v2-block,mlp,protocol-v3,0.6,128,2,1,269,0.0014687080401927233,0.006461791985202581,764690432,0.2734375
b4510cca2b29d002,cifar10,ssb-v2-block,mlp,protocol-v3,0.6,128,2,1,270,0.0013473330182023346,0.0052606670069508255,764690432,0.4140625
b4510cca2b29d002,cifar10,ssb-v2-block,mlp,protocol-v3,0.6,128,2,1,271,0.001413708960171789,0.005551250011194497,764690432,0.359375
b4510cca2b29d002,cifar10,ssb-v2-block,mlp,protocol-v3,0.6,128,2,1,272,0.0014095830265432596,0.00502624997170642,764706816,0.28125
b4510cca2b29d002,cifar10,ssb-v2-block,mlp,protocol-v3,0.6,128,2,1,273,0.0014863340184092522,0.005165208014659584,764706816,0.390625
b4510cca2b29d002,cifar10,ssb-v2-block,mlp,protocol-v3,0.6,128,2,1,274,0.0014663749607279897,0.006546457996591926,764706816,0.2734375
b4510cca2b29d002,cifar10,ssb-v2-block,mlp,protocol-v3,0.6,128,2,1,275,0.0014674169942736626,0.005879583011846989,764706816,0.3359375
b4510cca2b29d002,cifar10,ssb-v2-block,mlp,protocol-v3,0.6,128,2,1,276,0.0014650000375695527,0.006809625017922372,764706816,0.328125
b4510cca2b29d002,cifar10,ssb-v2-block,mlp,protocol-v3,0.6,128,2,1,277,0.0013799169682897627,0.005434249993413687,764706816,0.3203125
b4510cca2b29d002,cifar10,ssb-v2-block,mlp,protocol-v3,0.6,128,2,1,278,0.0014690409880131483,0.00556200003484264,764706816,0.4140625
b4510cca2b29d002,cifar10,ssb-v2-block,mlp,protocol-v3,0.6,128,2,1,279,0.0014347920077852905,0.006485834019258618,764706816,0.3984375
b4510cca2b29d002,cifar10,ssb-v2-block,mlp,protocol-v3,0.6,128,2,1,280,0.0014748339890502393,0.005854833987541497,764706816,0.28125
b4510cca2b29d002,cifar10,ssb-v2-block,mlp,protocol-v3,0.6,128,2,1,281,0.0014711249968968332,0.005821624945383519,764706816,0.3203125
b4510cca2b29d002,cifar10,ssb-v2-block,mlp,protocol-v3,0.6,128,2,1,282,0.0014780000201426446,0.005402082984801382,764706816,0.3359375
b4510cca2b29d002,cifar10,ssb-v2-block,mlp,protocol-v3,0.6,128,2,1,283,0.0014520420227199793,0.005404249997809529,764706816,0.3359375
b4510cca2b29d002,cifar10,ssb-v2-block,mlp,protocol-v3,0.6,128,2,1,284,0.0014075000071898103,0.006209000013768673,764706816,0.3203125
b4510cca2b29d002,cifar10,ssb-v2-block,mlp,protocol-v3,0.6,128,2,1,285,0.0014028329751454294,0.007019084005150944,764706816,0.3515625
b4510cca2b29d002,cifar10,ssb-v2-block,mlp,protocol-v3,0.6,128,2,1,286,0.0014674580306746066,0.005750540993176401,764706816,0.34375
b4510cca2b29d002,cifar10,ssb-v2-block,mlp,protocol-v3,0.6,128,2,1,287,0.0014117499813437462,0.00651824998203665,764723200,0.3515625
b4510cca2b29d002,cifar10,ssb-v2-block,mlp,protocol-v3,0.6,128,2,1,288,0.0013814580161124468,0.005088792007882148,764739584,0.453125
b4510cca2b29d002,cifar10,ssb-v2-block,mlp,protocol-v3,0.6,128,2,1,289,0.0014657920110039413,0.0060457499930635095,764739584,0.328125
b4510cca2b29d002,cifar10,ssb-v2-block,mlp,protocol-v3,0.6,128,2,1,290,0.0014589159982278943,0.006478667026385665,764739584,0.328125
b4510cca2b29d002,cifar10,ssb-v2-block,mlp,protocol-v3,0.6,128,2,1,291,0.0014636249979957938,0.006096041004639119,764739584,0.359375
b4510cca2b29d002,cifar10,ssb-v2-block,mlp,protocol-v3,0.6,128,2,1,292,0.0014074579812586308,0.0056849169777706265,764739584,0.2890625
b4510cca2b29d002,cifar10,ssb-v2-block,mlp,protocol-v3,0.6,128,2,1,293,0.0013867910020053387,0.005530624999664724,764739584,0.3515625
b4510cca2b29d002,cifar10,ssb-v2-block,mlp,protocol-v3,0.6,128,2,1,294,0.0014248749939724803,0.005363916978240013,764706816,0.359375
b4510cca2b29d002,cifar10,ssb-v2-block,mlp,protocol-v3,0.6,128,2,1,295,0.001386375050060451,0.00639283302007243,764706816,0.375
b4510cca2b29d002,cifar10,ssb-v2-block,mlp,protocol-v3,0.6,128,2,1,296,0.0014306670054793358,0.006060166982933879,764706816,0.390625
b4510cca2b29d002,cifar10,ssb-v2-block,mlp,protocol-v3,0.6,128,2,1,297,0.0014090839540585876,0.005993833008687943,764706816,0.359375
b4510cca2b29d002,cifar10,ssb-v2-block,mlp,protocol-v3,0.6,128,2,1,298,0.001404792012181133,0.005212792020756751,764706816,0.3515625
b4510cca2b29d002,cifar10,ssb-v2-block,mlp,protocol-v3,0.6,128,2,1,299,0.001409167016390711,0.00532962498255074,764706816,0.3046875
b4510cca2b29d002,cifar10,ssb-v2-block,mlp,protocol-v3,0.6,128,2,1,300,0.00146658398443833,0.00517416704678908,764723200,0.375
b4510cca2b29d002,cifar10,ssb-v2-block,mlp,protocol-v3,0.6,128,2,1,301,0.0014034159830771387,0.006301208981312811,764723200,0.40625
b4510cca2b29d002,cifar10,ssb-v2-block,mlp,protocol-v3,0.6,128,2,1,302,0.0014077500090934336,0.005724124959670007,764723200,0.3984375
b4510cca2b29d002,cifar10,ssb-v2-block,mlp,protocol-v3,0.6,128,2,1,303,0.0014240829623304307,0.005676750035490841,764723200,0.3046875
b4510cca2b29d002,cifar10,ssb-v2-block,mlp,protocol-v3,0.6,128,2,1,304,0.0013885420048609376,0.006093875039368868,764723200,0.3671875
b4510cca2b29d002,cifar10,ssb-v2-block,mlp,protocol-v3,0.6,128,2,1,305,0.001405833987519145,0.005274666997138411,764723200,0.4296875
b4510cca2b29d002,cifar10,ssb-v2-block,mlp,protocol-v3,0.6,128,2,1,306,0.0014746669912710786,0.004810624988749623,764723200,0.2578125
b4510cca2b29d002,cifar10,ssb-v2-block,mlp,protocol-v3,0.6,128,2,1,307,0.001380499976221472,0.005815749987959862,764723200,0.328125
b4510cca2b29d002,cifar10,ssb-v2-block,mlp,protocol-v3,0.6,128,2,1,308,0.0013955419999547303,0.004805166972801089,764723200,0.390625
b4510cca2b29d002,cifar10,ssb-v2-block,mlp,protocol-v3,0.6,128,2,1,309,0.0014747090172022581,0.005570667039137334,764723200,0.3125
b4510cca2b29d002,cifar10,ssb-v2-block,mlp,protocol-v3,0.6,128,2,1,310,0.0014122499851509929,0.006366833986248821,764739584,0.328125
b4510cca2b29d002,cifar10,ssb-v2-block,mlp,protocol-v3,0.6,128,2,1,311,0.0014551670174114406,0.006586167030036449,764739584,0.3984375
b4510cca2b29d002,cifar10,ssb-v2-block,mlp,protocol-v3,0.6,128,2,1,312,0.0014820409705862403,0.005772417003754526,764739584,0.3359375
b4510cca2b29d002,cifar10,ssb-v2-block,mlp,protocol-v3,0.6,128,2,1,313,0.0014986660098657012,0.005728667019866407,764739584,0.3671875
b4510cca2b29d002,cifar10,ssb-v2-block,mlp,protocol-v3,0.6,128,2,1,314,0.0014788749977014959,0.005433458019979298,764755968,0.3515625
b4510cca2b29d002,cifar10,ssb-v2-block,mlp,protocol-v3,0.6,128,2,1,315,0.0014169170171953738,0.005202582979109138,764755968,0.3359375
b4510cca2b29d002,cifar10,ssb-v2-block,mlp,protocol-v3,0.6,128,2,1,316,0.0013912090216763318,0.005332582979463041,764755968,0.3515625
b4510cca2b29d002,cifar10,ssb-v2-block,mlp,protocol-v3,0.6,128,2,1,317,0.0014834169996902347,0.0065152079914696515,764755968,0.28125
b4510cca2b29d002,cifar10,ssb-v2-block,mlp,protocol-v3,0.6,128,2,1,318,0.001389583048876375,0.006082499981857836,764772352,0.21875
b4510cca2b29d002,cifar10,ssb-v2-block,mlp,protocol-v3,0.6,128,2,1,319,0.0014867499703541398,0.0056476659956388175,764772352,0.2734375
b4510cca2b29d002,cifar10,ssb-v2-block,mlp,protocol-v3,0.6,128,2,1,320,0.001407667004968971,0.005655791028402746,764772352,0.2578125
b4510cca2b29d002,cifar10,ssb-v2-block,mlp,protocol-v3,0.6,128,2,1,321,0.0014789580018259585,0.0057228339719586074,764772352,0.2734375
b4510cca2b29d002,cifar10,ssb-v2-block,mlp,protocol-v3,0.6,128,2,1,322,0.0014747079694643617,0.005255583033431321,764772352,0.3046875
b4510cca2b29d002,cifar10,ssb-v2-block,mlp,protocol-v3,0.6,128,2,1,323,0.0014800000353716314,0.006416542048100382,764772352,0.28125
b4510cca2b29d002,cifar10,ssb-v2-block,mlp,protocol-v3,0.6,128,2,1,324,0.0015009160269983113,0.004586499999277294,764772352,0.25
b4510cca2b29d002,cifar10,ssb-v2-block,mlp,protocol-v3,0.6,128,2,1,325,0.0013594580232165754,0.005711500009056181,764772352,0.3046875
b4510cca2b29d002,cifar10,ssb-v2-block,mlp,protocol-v3,0.6,128,2,1,326,0.0014770419802516699,0.006548082979861647,764772352,0.3515625
b4510cca2b29d002,cifar10,ssb-v2-block,mlp,protocol-v3,0.6,128,2,1,327,0.0014423750108107924,0.00575954100349918,764772352,0.3515625
b4510cca2b29d002,cifar10,ssb-v2-block,mlp,protocol-v3,0.6,128,2,1,328,0.0013803750043734908,0.005217375000938773,764772352,0.359375
b4510cca2b29d002,cifar10,ssb-v2-block,mlp,protocol-v3,0.6,128,2,1,329,0.0014720840263180435,0.006102375045884401,764772352,0.328125
b4510cca2b29d002,cifar10,ssb-v2-block,mlp,protocol-v3,0.6,128,2,1,330,0.0014692500117234886,0.00710087496554479,764772352,0.3359375
b4510cca2b29d002,cifar10,ssb-v2-block,mlp,protocol-v3,0.6,128,2,1,331,0.0014233340043574572,0.0053921249927952886,764772352,0.2890625
b4510cca2b29d002,cifar10,ssb-v2-block,mlp,protocol-v3,0.6,128,2,1,332,0.0013720419956371188,0.006486499973107129,764772352,0.3515625
b4510cca2b29d002,cifar10,ssb-v2-block,mlp,protocol-v3,0.6,128,2,1,333,0.0014230409869924188,0.00442683300934732,764772352,0.375
b4510cca2b29d002,cifar10,ssb-v2-block,mlp,protocol-v3,0.6,128,2,1,334,0.001479625003412366,0.006605834001675248,764772352,0.3359375
b4510cca2b29d002,cifar10,ssb-v2-block,mlp,protocol-v3,0.6,128,2,1,335,0.0014780829660594463,0.005181749991606921,764772352,0.2890625
b4510cca2b29d002,cifar10,ssb-v2-block,mlp,protocol-v3,0.6,128,2,1,336,0.0014693749835714698,0.006114375020842999,764772352,0.3046875
b4510cca2b29d002,cifar10,ssb-v2-block,mlp,protocol-v3,0.6,128,2,1,337,0.0014927499578334391,0.005787416943348944,764772352,0.2890625
b4510cca2b29d002,cifar10,ssb-v2-block,mlp,protocol-v3,0.6,128,2,1,338,0.0014739999896846712,0.006309833028353751,764788736,0.375
b4510cca2b29d002,cifar10,ssb-v2-block,mlp,protocol-v3,0.6,128,2,1,339,0.0014685419737361372,0.006311916979029775,764788736,0.3359375
b4510cca2b29d002,cifar10,ssb-v2-block,mlp,protocol-v3,0.6,128,2,1,340,0.001380541012622416,0.0060629160143435,764788736,0.296875
b4510cca2b29d002,cifar10,ssb-v2-block,mlp,protocol-v3,0.6,128,2,1,341,0.00138487498043105,0.005864124977961183,764788736,0.3125
b4510cca2b29d002,cifar10,ssb-v2-block,mlp,protocol-v3,0.6,128,2,1,342,0.001366084034088999,0.00593487499281764,764788736,0.375
b4510cca2b29d002,cifar10,ssb-v2-block,mlp,protocol-v3,0.6,128,2,1,343,0.0013660839758813381,0.006369000009726733,764805120,0.296875
b4510cca2b29d002,cifar10,ssb-v2-block,mlp,protocol-v3,0.6,128,2,1,344,0.0014161249855533242,0.005733250000048429,764805120,0.375
b4510cca2b29d002,cifar10,ssb-v2-block,mlp,protocol-v3,0.6,128,2,1,345,0.001387332973536104,0.005681625043507665,764805120,0.28125
b4510cca2b29d002,cifar10,ssb-v2-block,mlp,protocol-v3,0.6,128,2,1,346,0.0013785000192001462,0.005154167010914534,764805120,0.359375
b4510cca2b29d002,cifar10,ssb-v2-block,mlp,protocol-v3,0.6,128,2,1,347,0.0014739579637534916,0.005418499989900738,764805120,0.421875
b4510cca2b29d002,cifar10,ssb-v2-block,mlp,protocol-v3,0.6,128,2,1,348,0.0014765000087209046,0.005424458999186754,764805120,0.421875
b4510cca2b29d002,cifar10,ssb-v2-block,mlp,protocol-v3,0.6,128,2,1,349,0.0014120419509708881,0.005538875004276633,764805120,0.359375
b4510cca2b29d002,cifar10,ssb-v2-block,mlp,protocol-v3,0.6,128,2,1,350,0.0013843330089002848,0.00612124998588115,764821504,0.28125
b4510cca2b29d002,cifar10,ssb-v2-block,mlp,protocol-v3,0.6,128,2,1,351,0.0013507080147974193,0.0056852910201996565,764821504,0.2734375
b4510cca2b29d002,cifar10,ssb-v2-block,mlp,protocol-v3,0.6,128,2,1,352,0.001485499960836023,0.005973334016744047,764837888,0.34375
b4510cca2b29d002,cifar10,ssb-v2-block,mlp,protocol-v3,0.6,128,2,1,353,0.0014607919729314744,0.006494999979622662,764837888,0.328125
b4510cca2b29d002,cifar10,ssb-v2-block,mlp,protocol-v3,0.6,128,2,1,354,0.0014219170552678406,0.005766249960288405,764837888,0.375
b4510cca2b29d002,cifar10,ssb-v2-block,mlp,protocol-v3,0.6,128,2,1,355,0.0014116669772192836,0.005753250035922974,764837888,0.3046875
b4510cca2b29d002,cifar10,ssb-v2-block,mlp,protocol-v3,0.6,128,2,1,356,0.0014121250133030117,0.005611375032458454,764837888,0.265625
b4510cca2b29d002,cifar10,ssb-v2-block,mlp,protocol-v3,0.6,128,2,1,357,0.0014686670037917793,0.005553875002078712,764837888,0.3203125
b4510cca2b29d002,cifar10,ssb-v2-block,mlp,protocol-v3,0.6,128,2,1,358,0.001482499996200204,0.005908874969463795,764854272,0.21875
b4510cca2b29d002,cifar10,ssb-v2-block,mlp,protocol-v3,0.6,128,2,1,359,0.0014711669646203518,0.005076040979474783,764854272,0.328125
b4510cca2b29d002,cifar10,ssb-v2-block,mlp,protocol-v3,0.6,128,2,1,360,0.0014280829927884042,0.0053501250222325325,764854272,0.3125
b4510cca2b29d002,cifar10,ssb-v2-block,mlp,protocol-v3,0.6,128,2,1,361,0.0014139999984763563,0.0068344579776749015,764854272,0.2890625
b4510cca2b29d002,cifar10,ssb-v2-block,mlp,protocol-v3,0.6,128,2,1,362,0.001485791988670826,0.005444457987323403,764870656,0.296875
b4510cca2b29d002,cifar10,ssb-v2-block,mlp,protocol-v3,0.6,128,2,1,363,0.0014835830079391599,0.00692033302038908,764870656,0.2890625
b4510cca2b29d002,cifar10,ssb-v2-block,mlp,protocol-v3,0.6,128,2,1,364,0.0014680000022053719,0.005541666992940009,764870656,0.2421875
b4510cca2b29d002,cifar10,ssb-v2-block,mlp,protocol-v3,0.6,128,2,1,365,0.0014693329576402903,0.005006916006095707,764870656,0.3046875
b4510cca2b29d002,cifar10,ssb-v2-block,mlp,protocol-v3,0.6,128,2,1,366,0.0014061250258237123,0.005194750032387674,764887040,0.2734375
b4510cca2b29d002,cifar10,ssb-v2-block,mlp,protocol-v3,0.6,128,2,1,367,0.0013934580492787063,0.005457082996144891,764887040,0.34375
b4510cca2b29d002,cifar10,ssb-v2-block,mlp,protocol-v3,0.6,128,2,1,368,0.0014210829976946115,0.006587000039871782,764887040,0.3203125
b4510cca2b29d002,cifar10,ssb-v2-block,mlp,protocol-v3,0.6,128,2,1,369,0.001355583022814244,0.005457666993606836,764887040,0.34375
b4510cca2b29d002,cifar10,ssb-v2-block,mlp,protocol-v3,0.6,128,2,1,370,0.001472082978580147,0.00622983300127089,764887040,0.296875
b4510cca2b29d002,cifar10,ssb-v2-block,mlp,protocol-v3,0.6,128,2,1,371,0.0013647919986397028,0.00567695900099352,764887040,0.265625
b4510cca2b29d002,cifar10,ssb-v2-block,mlp,protocol-v3,0.6,128,2,1,372,0.0014912920305505395,0.006090833048801869,764887040,0.265625
b4510cca2b29d002,cifar10,ssb-v2-block,mlp,protocol-v3,0.6,128,2,1,373,0.001368166005704552,0.005296125018503517,764887040,0.25
b4510cca2b29d002,cifar10,ssb-v2-block,mlp,protocol-v3,0.6,128,2,1,374,0.0014780830242671072,0.005035708949435502,764887040,0.25
b4510cca2b29d002,cifar10,ssb-v2-block,mlp,protocol-v3,0.6,128,2,1,375,0.0014059999957680702,0.006118207995314151,764919808,0.1953125
b4510cca2b29d002,cifar10,ssb-v2-block,mlp,protocol-v3,0.6,128,2,1,376,0.001421040971763432,0.006443416001275182,764919808,0.3125
b4510cca2b29d002,cifar10,ssb-v2-block,mlp,protocol-v3,0.6,128,2,1,377,0.0014675840502604842,0.0061746250139549375,764919808,0.34375
b4510cca2b29d002,cifar10,ssb-v2-block,mlp,protocol-v3,0.6,128,2,1,378,0.00146116700489074,0.005304999998770654,764919808,0.296875
b4510cca2b29d002,cifar10,ssb-v2-block,mlp,protocol-v3,0.6,128,2,1,379,0.0014207910280674696,0.006571959005668759,764919808,0.3359375
b4510cca2b29d002,cifar10,ssb-v2-block,mlp,protocol-v3,0.6,128,2,1,380,0.0014851669548079371,0.006826541968621314,764919808,0.3515625
b4510cca2b29d002,cifar10,ssb-v2-block,mlp,protocol-v3,0.6,128,2,1,381,0.0013942919904366136,0.005688958975952119,764919808,0.359375
b4510cca2b29d002,cifar10,ssb-v2-block,mlp,protocol-v3,0.6,128,2,1,382,0.0014336250023916364,0.004723707970697433,764919808,0.28125
b4510cca2b29d002,cifar10,ssb-v2-block,mlp,protocol-v3,0.6,128,2,1,383,0.001411916979122907,0.005058292008470744,764919808,0.25
b4510cca2b29d002,cifar10,ssb-v2-block,mlp,protocol-v3,0.6,128,2,1,384,0.0014683330082334578,0.00653470802353695,764919808,0.2578125
b4510cca2b29d002,cifar10,ssb-v2-block,mlp,protocol-v3,0.6,128,2,1,385,0.0013785419869236648,0.0065358750289306045,764936192,0.2734375
b4510cca2b29d002,cifar10,ssb-v2-block,mlp,protocol-v3,0.6,128,2,1,386,0.0014857089845463634,0.00609920802526176,764936192,0.234375
b4510cca2b29d002,cifar10,ssb-v2-block,mlp,protocol-v3,0.6,128,2,1,387,0.001464792003389448,0.005711917008738965,764936192,0.359375
b4510cca2b29d002,cifar10,ssb-v2-block,mlp,protocol-v3,0.6,128,2,1,388,0.0014622079906985164,0.004798916983418167,764936192,0.296875
b4510cca2b29d002,cifar10,ssb-v2-block,mlp,protocol-v3,0.6,128,2,1,389,0.0013654170325025916,0.0059437500312924385,764952576,0.234375
b4510cca2b29d002,cifar10,ssb-v2-block,mlp,protocol-v3,0.6,128,2,1,390,0.010653666977304965,0.03354816703358665,773013504,0.225
b4510cca2b29d002,cifar10,ssb-v2-block,mlp,protocol-v3,0.6,128,2,2,0,0.002311334013938904,0.008269083977211267,781287424,0.203125
b4510cca2b29d002,cifar10,ssb-v2-block,mlp,protocol-v3,0.6,128,2,2,1,0.002923999971244484,0.0065358339925296605,781565952,0.2109375
b4510cca2b29d002,cifar10,ssb-v2-block,mlp,protocol-v3,0.6,128,2,2,2,0.0015439999988302588,0.0048749170382507145,782123008,0.25
b4510cca2b29d002,cifar10,ssb-v2-block,mlp,protocol-v3,0.6,128,2,2,3,0.001422500004991889,0.0062129999860189855,782680064,0.3359375
b4510cca2b29d002,cifar10,ssb-v2-block,mlp,protocol-v3,0.6,128,2,2,4,0.0014296669978648424,0.006650042021647096,782696448,0.234375
b4510cca2b29d002,cifar10,ssb-v2-block,mlp,protocol-v3,0.6,128,2,2,5,0.0014132080250419676,0.005633957975078374,783663104,0.3046875
b4510cca2b29d002,cifar10,ssb-v2-block,mlp,protocol-v3,0.6,128,2,2,6,0.0014144170563668013,0.006451416003983468,783663104,0.3828125
b4510cca2b29d002,cifar10,ssb-v2-block,mlp,protocol-v3,0.6,128,2,2,7,0.001424000016413629,0.006117709039244801,783663104,0.328125
b4510cca2b29d002,cifar10,ssb-v2-block,mlp,protocol-v3,0.6,128,2,2,8,0.0014235000126063824,0.006129542016424239,783663104,0.3515625
b4510cca2b29d002,cifar10,ssb-v2-block,mlp,protocol-v3,0.6,128,2,2,9,0.0014152920339256525,0.0061127920052967966,783663104,0.296875
b4510cca2b29d002,cifar10,ssb-v2-block,mlp,protocol-v3,0.6,128,2,2,10,0.001477167010307312,0.006259916990529746,783663104,0.3359375
b4510cca2b29d002,cifar10,ssb-v2-block,mlp,protocol-v3,0.6,128,2,2,11,0.0014719170285388827,0.005640417046379298,783663104,0.3203125
b4510cca2b29d002,cifar10,ssb-v2-block,mlp,protocol-v3,0.6,128,2,2,12,0.0014792089932598174,0.005474124976899475,783663104,0.3125
b4510cca2b29d002,cifar10,ssb-v2-block,mlp,protocol-v3,0.6,128,2,2,13,0.0014651669771410525,0.006384333944879472,783663104,0.3046875
b4510cca2b29d002,cifar10,ssb-v2-block,mlp,protocol-v3,0.6,128,2,2,14,0.0014293750282377005,0.005291750014293939,783663104,0.328125
b4510cca2b29d002,cifar10,ssb-v2-block,mlp,protocol-v3,0.6,128,2,2,15,0.0014226670027710497,0.006515041983220726,783663104,0.3671875
b4510cca2b29d002,cifar10,ssb-v2-block,mlp,protocol-v3,0.6,128,2,2,16,0.0014622080489061773,0.006221208954229951,783663104,0.34375
b4510cca2b29d002,cifar10,ssb-v2-block,mlp,protocol-v3,0.6,128,2,2,17,0.0014791249996051192,0.0053058749763295054,783663104,0.3671875
b4510cca2b29d002,cifar10,ssb-v2-block,mlp,protocol-v3,0.6,128,2,2,18,0.0014129590126685798,0.0070270419819280505,785235968,0.3125
b4510cca2b29d002,cifar10,ssb-v2-block,mlp,protocol-v3,0.6,128,2,2,19,0.0014653750113211572,0.009744167036842555,785858560,0.3671875
b4510cca2b29d002,cifar10,ssb-v2-block,mlp,protocol-v3,0.6,128,2,2,20,0.00151554198237136,0.00613320799311623,785907712,0.40625
b4510cca2b29d002,cifar10,ssb-v2-block,mlp,protocol-v3,0.6,128,2,2,21,0.0013987920247018337,0.006319541018456221,786137088,0.328125
b4510cca2b29d002,cifar10,ssb-v2-block,mlp,protocol-v3,0.6,128,2,2,22,0.0014284159988164902,0.0062893329886719584,786137088,0.3671875
b4510cca2b29d002,cifar10,ssb-v2-block,mlp,protocol-v3,0.6,128,2,2,23,0.0014807500410825014,0.006477166956756264,786284544,0.3125
b4510cca2b29d002,cifar10,ssb-v2-block,mlp,protocol-v3,0.6,128,2,2,24,0.0014660830493085086,0.007062666991259903,786284544,0.2578125
b4510cca2b29d002,cifar10,ssb-v2-block,mlp,protocol-v3,0.6,128,2,2,25,0.0014449579757638276,0.005302417033817619,786300928,0.390625
b4510cca2b29d002,cifar10,ssb-v2-block,mlp,protocol-v3,0.6,128,2,2,26,0.00140429096063599,0.00506441603647545,786300928,0.421875
b4510cca2b29d002,cifar10,ssb-v2-block,mlp,protocol-v3,0.6,128,2,2,27,0.0014702090411446989,0.004971250018570572,786300928,0.3203125
b4510cca2b29d002,cifar10,ssb-v2-block,mlp,protocol-v3,0.6,128,2,2,28,0.0014041250105947256,0.006311333971098065,786300928,0.34375
b4510cca2b29d002,cifar10,ssb-v2-block,mlp,protocol-v3,0.6,128,2,2,29,0.0014752920251339674,0.006339957995805889,786300928,0.3984375
b4510cca2b29d002,cifar10,ssb-v2-block,mlp,protocol-v3,0.6,128,2,2,30,0.0014805829850956798,0.00445616600336507,786300928,0.375
b4510cca2b29d002,cifar10,ssb-v2-block,mlp,protocol-v3,0.6,128,2,2,31,0.0013762079761363566,0.006178167008329183,786300928,0.296875
b4510cca2b29d002,cifar10,ssb-v2-block,mlp,protocol-v3,0.6,128,2,2,32,0.001438500010408461,0.00566629198146984,786300928,0.328125
b4510cca2b29d002,cifar10,ssb-v2-block,mlp,protocol-v3,0.6,128,2,2,33,0.0014376250328496099,0.005713958002161235,786317312,0.3359375
b4510cca2b29d002,cifar10,ssb-v2-block,mlp,protocol-v3,0.6,128,2,2,34,0.001406916999258101,0.0065427920198999345,786317312,0.3671875
b4510cca2b29d002,cifar10,ssb-v2-block,mlp,protocol-v3,0.6,128,2,2,35,0.0014710829709656537,0.0057895000209100544,786317312,0.2578125
b4510cca2b29d002,cifar10,ssb-v2-block,mlp,protocol-v3,0.6,128,2,2,36,0.001544416998513043,0.006673249998129904,786317312,0.3359375
b4510cca2b29d002,cifar10,ssb-v2-block,mlp,protocol-v3,0.6,128,2,2,37,0.0014657080173492432,0.006042582972440869,786317312,0.2734375
b4510cca2b29d002,cifar10,ssb-v2-block,mlp,protocol-v3,0.6,128,2,2,38,0.0014795419992879033,0.005541833990719169,786317312,0.3359375
b4510cca2b29d002,cifar10,ssb-v2-block,mlp,protocol-v3,0.6,128,2,2,39,0.0014878329820930958,0.005540375015698373,786317312,0.3125
b4510cca2b29d002,cifar10,ssb-v2-block,mlp,protocol-v3,0.6,128,2,2,40,0.001412374956998974,0.006483291974291205,786317312,0.3984375
b4510cca2b29d002,cifar10,ssb-v2-block,mlp,protocol-v3,0.6,128,2,2,41,0.0014725420041941106,0.005455374950543046,786317312,0.453125
b4510cca2b29d002,cifar10,ssb-v2-block,mlp,protocol-v3,0.6,128,2,2,42,0.0014747919631190598,0.005579624965321273,786317312,0.3671875
b4510cca2b29d002,cifar10,ssb-v2-block,mlp,protocol-v3,0.6,128,2,2,43,0.0014641669695265591,0.005482374981511384,786317312,0.4453125
b4510cca2b29d002,cifar10,ssb-v2-block,mlp,protocol-v3,0.6,128,2,2,44,0.001410582975950092,0.0063078750390559435,786317312,0.34375
b4510cca2b29d002,cifar10,ssb-v2-block,mlp,protocol-v3,0.6,128,2,2,45,0.0013496659812517464,0.006097959005273879,786317312,0.3671875
b4510cca2b29d002,cifar10,ssb-v2-block,mlp,protocol-v3,0.6,128,2,2,46,0.0014689579838886857,0.00639529200270772,786317312,0.359375
b4510cca2b29d002,cifar10,ssb-v2-block,mlp,protocol-v3,0.6,128,2,2,47,0.001490208029281348,0.006010500015690923,786317312,0.3203125
b4510cca2b29d002,cifar10,ssb-v2-block,mlp,protocol-v3,0.6,128,2,2,48,0.0014889580197632313,0.0066415409673936665,786317312,0.3125
b4510cca2b29d002,cifar10,ssb-v2-block,mlp,protocol-v3,0.6,128,2,2,49,0.0014219579752534628,0.005973499966785312,786317312,0.3671875
b4510cca2b29d002,cifar10,ssb-v2-block,mlp,protocol-v3,0.6,128,2,2,50,0.0014377080369740725,0.005651416024193168,786317312,0.34375
b4510cca2b29d002,cifar10,ssb-v2-block,mlp,protocol-v3,0.6,128,2,2,51,0.0015509160002693534,0.0075655419495888054,786317312,0.3828125
b4510cca2b29d002,cifar10,ssb-v2-block,mlp,protocol-v3,0.6,128,2,2,52,0.0018176669836975634,0.007627333980053663,786317312,0.4375
b4510cca2b29d002,cifar10,ssb-v2-block,mlp,protocol-v3,0.6,128,2,2,53,0.0019742919830605388,0.007987249991856515,786317312,0.3671875
b4510cca2b29d002,cifar10,ssb-v2-block,mlp,protocol-v3,0.6,128,2,2,54,0.0017508339951746166,0.007373375003226101,786317312,0.3828125
b4510cca2b29d002,cifar10,ssb-v2-block,mlp,protocol-v3,0.6,128,2,2,55,0.0014794159797020257,0.005943916970863938,786317312,0.390625
b4510cca2b29d002,cifar10,ssb-v2-block,mlp,protocol-v3,0.6,128,2,2,56,0.0014192499802447855,0.005406500014942139,786317312,0.3125
b4510cca2b29d002,cifar10,ssb-v2-block,mlp,protocol-v3,0.6,128,2,2,57,0.0013950829743407667,0.005483167013153434,786317312,0.2734375
b4510cca2b29d002,cifar10,ssb-v2-block,mlp,protocol-v3,0.6,128,2,2,58,0.0014919580426067114,0.005722749978303909,786317312,0.3515625
b4510cca2b29d002,cifar10,ssb-v2-block,mlp,protocol-v3,0.6,128,2,2,59,0.001483250001911074,0.005281332996673882,786317312,0.34375
b4510cca2b29d002,cifar10,ssb-v2-block,mlp,protocol-v3,0.6,128,2,2,60,0.0014778749900870025,0.00579733302583918,786317312,0.3515625
b4510cca2b29d002,cifar10,ssb-v2-block,mlp,protocol-v3,0.6,128,2,2,61,0.0014692089753225446,0.0056802500039339066,786317312,0.359375
b4510cca2b29d002,cifar10,ssb-v2-block,mlp,protocol-v3,0.6,128,2,2,62,0.0014765830128453672,0.0058739170199260116,786317312,0.3828125
b4510cca2b29d002,cifar10,ssb-v2-block,mlp,protocol-v3,0.6,128,2,2,63,0.0014842079835943878,0.005965583957731724,786317312,0.359375
b4510cca2b29d002,cifar10,ssb-v2-block,mlp,protocol-v3,0.6,128,2,2,64,0.0014748329995200038,0.007006125000771135,786317312,0.40625
b4510cca2b29d002,cifar10,ssb-v2-block,mlp,protocol-v3,0.6,128,2,2,65,0.0014027919969521463,0.005843499966431409,786317312,0.3828125
b4510cca2b29d002,cifar10,ssb-v2-block,mlp,protocol-v3,0.6,128,2,2,66,0.0013858750462532043,0.006579042004887015,786317312,0.3203125
b4510cca2b29d002,cifar10,ssb-v2-block,mlp,protocol-v3,0.6,128,2,2,67,0.0014129169867374003,0.006003917020279914,786317312,0.40625
b4510cca2b29d002,cifar10,ssb-v2-block,mlp,protocol-v3,0.6,128,2,2,68,0.001394541992340237,0.006083665997721255,786317312,0.3359375
b4510cca2b29d002,cifar10,ssb-v2-block,mlp,protocol-v3,0.6,128,2,2,69,0.0015326249995268881,0.005698083026800305,786317312,0.34375
b4510cca2b29d002,cifar10,ssb-v2-block,mlp,protocol-v3,0.6,128,2,2,70,0.001403417030815035,0.005851291993167251,786317312,0.3125
b4510cca2b29d002,cifar10,ssb-v2-block,mlp,protocol-v3,0.6,128,2,2,71,0.001430041971616447,0.004942749976180494,786317312,0.375
b4510cca2b29d002,cifar10,ssb-v2-block,mlp,protocol-v3,0.6,128,2,2,72,0.0014718339662067592,0.006057958002202213,786317312,0.40625
b4510cca2b29d002,cifar10,ssb-v2-block,mlp,protocol-v3,0.6,128,2,2,73,0.001427499984856695,0.00526908301981166,786317312,0.390625
b4510cca2b29d002,cifar10,ssb-v2-block,mlp,protocol-v3,0.6,128,2,2,74,0.0014676250284537673,0.005976540967822075,786317312,0.3125
b4510cca2b29d002,cifar10,ssb-v2-block,mlp,protocol-v3,0.6,128,2,2,75,0.0014680830063298345,0.005802500003483146,786317312,0.3359375
b4510cca2b29d002,cifar10,ssb-v2-block,mlp,protocol-v3,0.6,128,2,2,76,0.001501083024777472,0.006121082988101989,786317312,0.296875
b4510cca2b29d002,cifar10,ssb-v2-block,mlp,protocol-v3,0.6,128,2,2,77,0.0014690000098198652,0.0054162919986993074,786317312,0.3359375
b4510cca2b29d002,cifar10,ssb-v2-block,mlp,protocol-v3,0.6,128,2,2,78,0.001410875003784895,0.006182334036566317,786317312,0.2734375
b4510cca2b29d002,cifar10,ssb-v2-block,mlp,protocol-v3,0.6,128,2,2,79,0.0014093330246396363,0.006554791994858533,786317312,0.328125
b4510cca2b29d002,cifar10,ssb-v2-block,mlp,protocol-v3,0.6,128,2,2,80,0.0014816250186413527,0.005858416960109025,786317312,0.359375
b4510cca2b29d002,cifar10,ssb-v2-block,mlp,protocol-v3,0.6,128,2,2,81,0.0014849999570287764,0.00605095800710842,786317312,0.3203125
b4510cca2b29d002,cifar10,ssb-v2-block,mlp,protocol-v3,0.6,128,2,2,82,0.0014654999831691384,0.0053400000324472785,786317312,0.3515625
b4510cca2b29d002,cifar10,ssb-v2-block,mlp,protocol-v3,0.6,128,2,2,83,0.0014718750026077032,0.006033874989952892,786317312,0.3125
b4510cca2b29d002,cifar10,ssb-v2-block,mlp,protocol-v3,0.6,128,2,2,84,0.00146883400157094,0.006316374987363815,786317312,0.4453125
b4510cca2b29d002,cifar10,ssb-v2-block,mlp,protocol-v3,0.6,128,2,2,85,0.0014153750380501151,0.005586249986663461,786317312,0.3046875
b4510cca2b29d002,cifar10,ssb-v2-block,mlp,protocol-v3,0.6,128,2,2,86,0.0013967500417493284,0.005886040977202356,786317312,0.3203125
b4510cca2b29d002,cifar10,ssb-v2-block,mlp,protocol-v3,0.6,128,2,2,87,0.0014009170117788017,0.006359957973472774,786317312,0.3671875
b4510cca2b29d002,cifar10,ssb-v2-block,mlp,protocol-v3,0.6,128,2,2,88,0.0014126659953035414,0.005516875011380762,786317312,0.359375
b4510cca2b29d002,cifar10,ssb-v2-block,mlp,protocol-v3,0.6,128,2,2,89,0.0014125409652478993,0.00571054097963497,786317312,0.421875
b4510cca2b29d002,cifar10,ssb-v2-block,mlp,protocol-v3,0.6,128,2,2,90,0.0013857499579899013,0.006671583978459239,786317312,0.34375
b4510cca2b29d002,cifar10,ssb-v2-block,mlp,protocol-v3,0.6,128,2,2,91,0.0014016670174896717,0.006780249997973442,786317312,0.3046875
b4510cca2b29d002,cifar10,ssb-v2-block,mlp,protocol-v3,0.6,128,2,2,92,0.001464041997678578,0.00639212504029274,786317312,0.375
b4510cca2b29d002,cifar10,ssb-v2-block,mlp,protocol-v3,0.6,128,2,2,93,0.00146266701631248,0.005885708029381931,786317312,0.40625
b4510cca2b29d002,cifar10,ssb-v2-block,mlp,protocol-v3,0.6,128,2,2,94,0.0014616669504903257,0.005331332969944924,786317312,0.375
b4510cca2b29d002,cifar10,ssb-v2-block,mlp,protocol-v3,0.6,128,2,2,95,0.0013979579671286047,0.005246332962997258,786317312,0.3515625
b4510cca2b29d002,cifar10,ssb-v2-block,mlp,protocol-v3,0.6,128,2,2,96,0.001476417004596442,0.005788874987047166,786317312,0.3515625
b4510cca2b29d002,cifar10,ssb-v2-block,mlp,protocol-v3,0.6,128,2,2,97,0.0014007920399308205,0.004905999987386167,786317312,0.3515625
b4510cca2b29d002,cifar10,ssb-v2-block,mlp,protocol-v3,0.6,128,2,2,98,0.0014597499975934625,0.005993915954604745,786317312,0.34375
b4510cca2b29d002,cifar10,ssb-v2-block,mlp,protocol-v3,0.6,128,2,2,99,0.0014910830068401992,0.006077583006117493,786317312,0.375
b4510cca2b29d002,cifar10,ssb-v2-block,mlp,protocol-v3,0.6,128,2,2,100,0.0014761670026928186,0.006162541976664215,786317312,0.359375
b4510cca2b29d002,cifar10,ssb-v2-block,mlp,protocol-v3,0.6,128,2,2,101,0.0013556249905377626,0.005904457997530699,786317312,0.3515625
b4510cca2b29d002,cifar10,ssb-v2-block,mlp,protocol-v3,0.6,128,2,2,102,0.0014281249605119228,0.005432458012364805,786317312,0.4296875
b4510cca2b29d002,cifar10,ssb-v2-block,mlp,protocol-v3,0.6,128,2,2,103,0.0016146659618243575,0.0055488329962827265,786317312,0.3125
b4510cca2b29d002,cifar10,ssb-v2-block,mlp,protocol-v3,0.6,128,2,2,104,0.0014132910291664302,0.005570333043579012,786317312,0.296875
b4510cca2b29d002,cifar10,ssb-v2-block,mlp,protocol-v3,0.6,128,2,2,105,0.001407333998940885,0.0056193329510279,786317312,0.3203125
b4510cca2b29d002,cifar10,ssb-v2-block,mlp,protocol-v3,0.6,128,2,2,106,0.0013937079929746687,0.00612274999730289,786317312,0.375
b4510cca2b29d002,cifar10,ssb-v2-block,mlp,protocol-v3,0.6,128,2,2,107,0.0013806669740006328,0.006001290981657803,786317312,0.2578125
b4510cca2b29d002,cifar10,ssb-v2-block,mlp,protocol-v3,0.6,128,2,2,108,0.0013697080430574715,0.006123957980889827,786317312,0.265625
b4510cca2b29d002,cifar10,ssb-v2-block,mlp,protocol-v3,0.6,128,2,2,109,0.0013802920002490282,0.005720124987419695,786317312,0.2578125
b4510cca2b29d002,cifar10,ssb-v2-block,mlp,protocol-v3,0.6,128,2,2,110,0.0014657080173492432,0.004811999970115721,786317312,0.3203125
b4510cca2b29d002,cifar10,ssb-v2-block,mlp,protocol-v3,0.6,128,2,2,111,0.0014286250225268304,0.006432416965253651,786317312,0.28125
b4510cca2b29d002,cifar10,ssb-v2-block,mlp,protocol-v3,0.6,128,2,2,112,0.0013996250345371664,0.005567416024859995,786317312,0.390625
b4510cca2b29d002,cifar10,ssb-v2-block,mlp,protocol-v3,0.6,128,2,2,113,0.0014668339863419533,0.0063302500057034194,786317312,0.28125
b4510cca2b29d002,cifar10,ssb-v2-block,mlp,protocol-v3,0.6,128,2,2,114,0.0014527079765684903,0.004510832950472832,786317312,0.3359375
b4510cca2b29d002,cifar10,ssb-v2-block,mlp,protocol-v3,0.6,128,2,2,115,0.0014678339939564466,0.006549250043462962,786317312,0.34375
b4510cca2b29d002,cifar10,ssb-v2-block,mlp,protocol-v3,0.6,128,2,2,116,0.0013897080207243562,0.005330000014510006,786317312,0.40625
b4510cca2b29d002,cifar10,ssb-v2-block,mlp,protocol-v3,0.6,128,2,2,117,0.0014615419786423445,0.00590295804431662,786317312,0.3671875
b4510cca2b29d002,cifar10,ssb-v2-block,mlp,protocol-v3,0.6,128,2,2,118,0.0014588750200346112,0.005512666015420109,786317312,0.40625
b4510cca2b29d002,cifar10,ssb-v2-block,mlp,protocol-v3,0.6,128,2,2,119,0.0014955000369809568,0.005024040990974754,786317312,0.390625
b4510cca2b29d002,cifar10,ssb-v2-block,mlp,protocol-v3,0.6,128,2,2,120,0.0013814169797115028,0.005357124959118664,786317312,0.3828125
b4510cca2b29d002,cifar10,ssb-v2-block,mlp,protocol-v3,0.6,128,2,2,121,0.001479625003412366,0.00585862499428913,786317312,0.359375
b4510cca2b29d002,cifar10,ssb-v2-block,mlp,protocol-v3,0.6,128,2,2,122,0.00147387501783669,0.006481833988800645,786317312,0.3515625
b4510cca2b29d002,cifar10,ssb-v2-block,mlp,protocol-v3,0.6,128,2,2,123,0.001477584009990096,0.004815167048946023,786317312,0.3671875
b4510cca2b29d002,cifar10,ssb-v2-block,mlp,protocol-v3,0.6,128,2,2,124,0.0014461249811574817,0.006626541027799249,786317312,0.2578125
b4510cca2b29d002,cifar10,ssb-v2-block,mlp,protocol-v3,0.6,128,2,2,125,0.0013763330061919987,0.0055726669961586595,786317312,0.3671875
b4510cca2b29d002,cifar10,ssb-v2-block,mlp,protocol-v3,0.6,128,2,2,126,0.0014227090287022293,0.005364291951991618,786317312,0.34375
b4510cca2b29d002,cifar10,ssb-v2-block,mlp,protocol-v3,0.6,128,2,2,127,0.001392125035636127,0.005370792001485825,786317312,0.390625
b4510cca2b29d002,cifar10,ssb-v2-block,mlp,protocol-v3,0.6,128,2,2,128,0.0014799589989706874,0.004931459028739482,786317312,0.3203125
b4510cca2b29d002,cifar10,ssb-v2-block,mlp,protocol-v3,0.6,128,2,2,129,0.0014354169834405184,0.005677375011146069,786317312,0.4140625
b4510cca2b29d002,cifar10,ssb-v2-block,mlp,protocol-v3,0.6,128,2,2,130,0.0014117499813437462,0.00666537502547726,786317312,0.3203125
b4510cca2b29d002,cifar10,ssb-v2-block,mlp,protocol-v3,0.6,128,2,2,131,0.0014082909910939634,0.005499874998349696,786317312,0.2890625
b4510cca2b29d002,cifar10,ssb-v2-block,mlp,protocol-v3,0.6,128,2,2,132,0.0014123329892754555,0.006082875013817102,786317312,0.25
b4510cca2b29d002,cifar10,ssb-v2-block,mlp,protocol-v3,0.6,128,2,2,133,0.001603499986231327,0.0057743750512599945,786317312,0.3359375
b4510cca2b29d002,cifar10,ssb-v2-block,mlp,protocol-v3,0.6,128,2,2,134,0.0014307500096037984,0.00525187497260049,786317312,0.359375
b4510cca2b29d002,cifar10,ssb-v2-block,mlp,protocol-v3,0.6,128,2,2,135,0.0014063750277273357,0.005094708991236985,786317312,0.28125
b4510cca2b29d002,cifar10,ssb-v2-block,mlp,protocol-v3,0.6,128,2,2,136,0.001462999964132905,0.0057452909532003105,786317312,0.25
b4510cca2b29d002,cifar10,ssb-v2-block,mlp,protocol-v3,0.6,128,2,2,137,0.0014740420156158507,0.005598165967967361,786317312,0.34375
b4510cca2b29d002,cifar10,ssb-v2-block,mlp,protocol-v3,0.6,128,2,2,138,0.0014686660142615438,0.005543917010072619,786333696,0.3671875
b4510cca2b29d002,cifar10,ssb-v2-block,mlp,protocol-v3,0.6,128,2,2,139,0.0014625000185333192,0.006263582967221737,786333696,0.390625
b4510cca2b29d002,cifar10,ssb-v2-block,mlp,protocol-v3,0.6,128,2,2,140,0.0014684160123579204,0.006545000011101365,786333696,0.421875
b4510cca2b29d002,cifar10,ssb-v2-block,mlp,protocol-v3,0.6,128,2,2,141,0.0013875000295229256,0.005951874947641045,786333696,0.34375
b4510cca2b29d002,cifar10,ssb-v2-block,mlp,protocol-v3,0.6,128,2,2,142,0.0014214160037226975,0.006752500019501895,786333696,0.3515625
b4510cca2b29d002,cifar10,ssb-v2-block,mlp,protocol-v3,0.6,128,2,2,143,0.001474958029575646,0.005201541993301362,786333696,0.3984375
b4510cca2b29d002,cifar10,ssb-v2-block,mlp,protocol-v3,0.6,128,2,2,144,0.0015106669743545353,0.007011917012277991,786333696,0.4140625
b4510cca2b29d002,cifar10,ssb-v2-block,mlp,protocol-v3,0.6,128,2,2,145,0.0014693750417791307,0.00568816700251773,786333696,0.40625
b4510cca2b29d002,cifar10,ssb-v2-block,mlp,protocol-v3,0.6,128,2,2,146,0.0014610420330427587,0.005778583989012986,786333696,0.3203125
b4510cca2b29d002,cifar10,ssb-v2-block,mlp,protocol-v3,0.6,128,2,2,147,0.0014670839882455766,0.005284624989144504,786333696,0.359375
b4510cca2b29d002,cifar10,ssb-v2-block,mlp,protocol-v3,0.6,128,2,2,148,0.0014154170057736337,0.006188875006046146,786333696,0.3359375
b4510cca2b29d002,cifar10,ssb-v2-block,mlp,protocol-v3,0.6,128,2,2,149,0.0014042080147191882,0.00539358303649351,786333696,0.359375
b4510cca2b29d002,cifar10,ssb-v2-block,mlp,protocol-v3,0.6,128,2,2,150,0.001426833972800523,0.006231166946236044,786333696,0.40625
b4510cca2b29d002,cifar10,ssb-v2-block,mlp,protocol-v3,0.6,128,2,2,151,0.0014122499851509929,0.0068464590003713965,786333696,0.3203125
b4510cca2b29d002,cifar10,ssb-v2-block,mlp,protocol-v3,0.6,128,2,2,152,0.0014903330011293292,0.005813166033476591,786333696,0.3359375
b4510cca2b29d002,cifar10,ssb-v2-block,mlp,protocol-v3,0.6,128,2,2,153,0.0014822499942965806,0.004580790991894901,786333696,0.3125
b4510cca2b29d002,cifar10,ssb-v2-block,mlp,protocol-v3,0.6,128,2,2,154,0.0014086669543758035,0.006137249991297722,786333696,0.4609375
b4510cca2b29d002,cifar10,ssb-v2-block,mlp,protocol-v3,0.6,128,2,2,155,0.0014432920143008232,0.005984457966405898,786333696,0.3984375
b4510cca2b29d002,cifar10,ssb-v2-block,mlp,protocol-v3,0.6,128,2,2,156,0.0014641669695265591,0.005658874986693263,786333696,0.3828125
b4510cca2b29d002,cifar10,ssb-v2-block,mlp,protocol-v3,0.6,128,2,2,157,0.0014105410082265735,0.005893792025744915,786333696,0.390625
b4510cca2b29d002,cifar10,ssb-v2-block,mlp,protocol-v3,0.6,128,2,2,158,0.0014798340271227062,0.005095792002975941,786333696,0.3359375
b4510cca2b29d002,cifar10,ssb-v2-block,mlp,protocol-v3,0.6,128,2,2,159,0.001380916975904256,0.00559600000269711,786333696,0.359375
b4510cca2b29d002,cifar10,ssb-v2-block,mlp,protocol-v3,0.6,128,2,2,160,0.0014910000027157366,0.006779499992262572,786333696,0.4140625
b4510cca2b29d002,cifar10,ssb-v2-block,mlp,protocol-v3,0.6,128,2,2,161,0.0014066669973544776,0.005666250013746321,786333696,0.3984375
b4510cca2b29d002,cifar10,ssb-v2-block,mlp,protocol-v3,0.6,128,2,2,162,0.0013723750016652048,0.005954624968580902,786350080,0.3125
b4510cca2b29d002,cifar10,ssb-v2-block,mlp,protocol-v3,0.6,128,2,2,163,0.0013881659833714366,0.005939249997027218,786350080,0.3828125
b4510cca2b29d002,cifar10,ssb-v2-block,mlp,protocol-v3,0.6,128,2,2,164,0.001461625040974468,0.005482250009663403,786350080,0.3203125
b4510cca2b29d002,cifar10,ssb-v2-block,mlp,protocol-v3,0.6,128,2,2,165,0.0014600409776903689,0.005788458976894617,786350080,0.359375
b4510cca2b29d002,cifar10,ssb-v2-block,mlp,protocol-v3,0.6,128,2,2,166,0.0014726669760420918,0.0055502079776488245,786350080,0.3671875
b4510cca2b29d002,cifar10,ssb-v2-block,mlp,protocol-v3,0.6,128,2,2,167,0.0014085420407354832,0.007085416989866644,786350080,0.359375
b4510cca2b29d002,cifar10,ssb-v2-block,mlp,protocol-v3,0.6,128,2,2,168,0.0014827079721726477,0.0048511250060983,786350080,0.265625
b4510cca2b29d002,cifar10,ssb-v2-block,mlp,protocol-v3,0.6,128,2,2,169,0.0014097920502535999,0.005014417052734643,786350080,0.328125
b4510cca2b29d002,cifar10,ssb-v2-block,mlp,protocol-v3,0.6,128,2,2,170,0.0014864580007269979,0.0062336670234799385,786350080,0.3515625
b4510cca2b29d002,cifar10,ssb-v2-block,mlp,protocol-v3,0.6,128,2,2,171,0.0014162080478854477,0.005614958994556218,786350080,0.3515625
b4510cca2b29d002,cifar10,ssb-v2-block,mlp,protocol-v3,0.6,128,2,2,172,0.0013984579709358513,0.0058105000061914325,786350080,0.4375
b4510cca2b29d002,cifar10,ssb-v2-block,mlp,protocol-v3,0.6,128,2,2,173,0.0014172499650157988,0.005229124973993748,786350080,0.3359375
b4510cca2b29d002,cifar10,ssb-v2-block,mlp,protocol-v3,0.6,128,2,2,174,0.0014664999907836318,0.004771208041347563,786350080,0.3984375
b4510cca2b29d002,cifar10,ssb-v2-block,mlp,protocol-v3,0.6,128,2,2,175,0.0014204159961082041,0.006380624952726066,786350080,0.375
b4510cca2b29d002,cifar10,ssb-v2-block,mlp,protocol-v3,0.6,128,2,2,176,0.0014570420025847852,0.005598584015388042,786350080,0.3203125
b4510cca2b29d002,cifar10,ssb-v2-block,mlp,protocol-v3,0.6,128,2,2,177,0.001383375027216971,0.0054029590100981295,786350080,0.40625
b4510cca2b29d002,cifar10,ssb-v2-block,mlp,protocol-v3,0.6,128,2,2,178,0.0013805829803459346,0.004880874999798834,786350080,0.3671875
b4510cca2b29d002,cifar10,ssb-v2-block,mlp,protocol-v3,0.6,128,2,2,179,0.0013843750348314643,0.005720999964978546,786350080,0.3359375
b4510cca2b29d002,cifar10,ssb-v2-block,mlp,protocol-v3,0.6,128,2,2,180,0.0015310000162571669,0.006157000025268644,786366464,0.4296875
b4510cca2b29d002,cifar10,ssb-v2-block,mlp,protocol-v3,0.6,128,2,2,181,0.001435916987247765,0.005219624959863722,786366464,0.4375
b4510cca2b29d002,cifar10,ssb-v2-block,mlp,protocol-v3,0.6,128,2,2,182,0.0014044580166228116,0.0058691249578259885,786366464,0.4375
b4510cca2b29d002,cifar10,ssb-v2-block,mlp,protocol-v3,0.6,128,2,2,183,0.001480707956943661,0.005814709002152085,786366464,0.296875
b4510cca2b29d002,cifar10,ssb-v2-block,mlp,protocol-v3,0.6,128,2,2,184,0.001419916981831193,0.007292249996680766,786366464,0.3828125
b4510cca2b29d002,cifar10,ssb-v2-block,mlp,protocol-v3,0.6,128,2,2,185,0.001382665999699384,0.006145791965536773,786366464,0.375
b4510cca2b29d002,cifar10,ssb-v2-block,mlp,protocol-v3,0.6,128,2,2,186,0.0014121250133030117,0.006214416993316263,786382848,0.3828125
b4510cca2b29d002,cifar10,ssb-v2-block,mlp,protocol-v3,0.6,128,2,2,187,0.001446375041268766,0.005808582995086908,786382848,0.3984375
b4510cca2b29d002,cifar10,ssb-v2-block,mlp,protocol-v3,0.6,128,2,2,188,0.0014697909937240183,0.004918708000332117,786382848,0.3984375
b4510cca2b29d002,cifar10,ssb-v2-block,mlp,protocol-v3,0.6,128,2,2,189,0.0014614579849876463,0.005843874998390675,786382848,0.3984375
b4510cca2b29d002,cifar10,ssb-v2-block,mlp,protocol-v3,0.6,128,2,2,190,0.0015178329776972532,0.005226624954957515,786382848,0.390625
b4510cca2b29d002,cifar10,ssb-v2-block,mlp,protocol-v3,0.6,128,2,2,191,0.001398958032950759,0.005508083035238087,786382848,0.3359375
b4510cca2b29d002,cifar10,ssb-v2-block,mlp,protocol-v3,0.6,128,2,2,192,0.0013878750032745302,0.005704374983906746,786382848,0.3671875
b4510cca2b29d002,cifar10,ssb-v2-block,mlp,protocol-v3,0.6,128,2,2,193,0.001482958032283932,0.0051872089970856905,786382848,0.3828125
b4510cca2b29d002,cifar10,ssb-v2-block,mlp,protocol-v3,0.6,128,2,2,194,0.0013748329947702587,0.005756791040766984,786382848,0.3046875
b4510cca2b29d002,cifar10,ssb-v2-block,mlp,protocol-v3,0.6,128,2,2,195,0.0014182909508235753,0.0059920409694314,786382848,0.3515625
b4510cca2b29d002,cifar10,ssb-v2-block,mlp,protocol-v3,0.6,128,2,2,196,0.0013991660089232028,0.005399499961640686,786382848,0.3359375
b4510cca2b29d002,cifar10,ssb-v2-block,mlp,protocol-v3,0.6,128,2,2,197,0.0014309589751064777,0.004743707948364317,786399232,0.375
b4510cca2b29d002,cifar10,ssb-v2-block,mlp,protocol-v3,0.6,128,2,2,198,0.0014093330246396363,0.005535333999432623,786399232,0.359375
b4510cca2b29d002,cifar10,ssb-v2-block,mlp,protocol-v3,0.6,128,2,2,199,0.0014465420390479267,0.0058615420130081475,786415616,0.3359375
b4510cca2b29d002,cifar10,ssb-v2-block,mlp,protocol-v3,0.6,128,2,2,200,0.0014322089846245944,0.005473416007589549,786415616,0.2734375
b4510cca2b29d002,cifar10,ssb-v2-block,mlp,protocol-v3,0.6,128,2,2,201,0.0014677499420940876,0.0059712500078603625,786415616,0.3671875
b4510cca2b29d002,cifar10,ssb-v2-block,mlp,protocol-v3,0.6,128,2,2,202,0.0014340840280056,0.005004499980714172,786415616,0.328125
b4510cca2b29d002,cifar10,ssb-v2-block,mlp,protocol-v3,0.6,128,2,2,203,0.001472459000069648,0.00593695801217109,786415616,0.3515625
b4510cca2b29d002,cifar10,ssb-v2-block,mlp,protocol-v3,0.6,128,2,2,204,0.001632167026400566,0.006141958991065621,786415616,0.2890625
b4510cca2b29d002,cifar10,ssb-v2-block,mlp,protocol-v3,0.6,128,2,2,205,0.0014627909986302257,0.004734707996249199,786415616,0.328125
b4510cca2b29d002,cifar10,ssb-v2-block,mlp,protocol-v3,0.6,128,2,2,206,0.0014801660436205566,0.004828459001146257,786415616,0.3359375
b4510cca2b29d002,cifar10,ssb-v2-block,mlp,protocol-v3,0.6,128,2,2,207,0.0014906249707564712,0.006061208958271891,786415616,0.3828125
b4510cca2b29d002,cifar10,ssb-v2-block,mlp,protocol-v3,0.6,128,2,2,208,0.001519499986898154,0.005209541996009648,786415616,0.3828125
b4510cca2b29d002,cifar10,ssb-v2-block,mlp,protocol-v3,0.6,128,2,2,209,0.0015007919864729047,0.004741207987535745,786415616,0.3359375
b4510cca2b29d002,cifar10,ssb-v2-block,mlp,protocol-v3,0.6,128,2,2,210,0.0014387500123120844,0.004041916981805116,786415616,0.3203125
b4510cca2b29d002,cifar10,ssb-v2-block,mlp,protocol-v3,0.6,128,2,2,211,0.0014765000087209046,0.004021541972178966,786415616,0.3828125
b4510cca2b29d002,cifar10,ssb-v2-block,mlp,protocol-v3,0.6,128,2,2,212,0.0014917500084266067,0.006162957986816764,786415616,0.3515625
b4510cca2b29d002,cifar10,ssb-v2-block,mlp,protocol-v3,0.6,128,2,2,213,0.0015092079993337393,0.005417458945885301,786415616,0.390625
b4510cca2b29d002,cifar10,ssb-v2-block,mlp,protocol-v3,0.6,128,2,2,214,0.0014713749988004565,0.006037666986230761,786415616,0.390625
b4510cca2b29d002,cifar10,ssb-v2-block,mlp,protocol-v3,0.6,128,2,2,215,0.0014070000033825636,0.005593000038061291,786415616,0.4140625
b4510cca2b29d002,cifar10,ssb-v2-block,mlp,protocol-v3,0.6,128,2,2,216,0.001472500036470592,0.005468624993227422,786415616,0.3125
b4510cca2b29d002,cifar10,ssb-v2-block,mlp,protocol-v3,0.6,128,2,2,217,0.0014249999658204615,0.006781459029298276,786415616,0.328125
b4510cca2b29d002,cifar10,ssb-v2-block,mlp,protocol-v3,0.6,128,2,2,218,0.001477500016335398,0.006248041987419128,786415616,0.4453125
b4510cca2b29d002,cifar10,ssb-v2-block,mlp,protocol-v3,0.6,128,2,2,219,0.0014927500160411,0.0051849999581463635,786415616,0.3671875
b4510cca2b29d002,cifar10,ssb-v2-block,mlp,protocol-v3,0.6,128,2,2,220,0.0014783749938942492,0.005173334036953747,786432000,0.375
b4510cca2b29d002,cifar10,ssb-v2-block,mlp,protocol-v3,0.6,128,2,2,221,0.001431250013411045,0.005594958027359098,786432000,0.4375
b4510cca2b29d002,cifar10,ssb-v2-block,mlp,protocol-v3,0.6,128,2,2,222,0.0014338750042952597,0.0057757500326260924,786432000,0.359375
b4510cca2b29d002,cifar10,ssb-v2-block,mlp,protocol-v3,0.6,128,2,2,223,0.0013904590159654617,0.005110708007123321,786432000,0.3515625
b4510cca2b29d002,cifar10,ssb-v2-block,mlp,protocol-v3,0.6,128,2,2,224,0.0014754999428987503,0.0049248330178670585,786448384,0.328125
b4510cca2b29d002,cifar10,ssb-v2-block,mlp,protocol-v3,0.6,128,2,2,225,0.0013767089694738388,0.005493750039022416,786448384,0.390625
b4510cca2b29d002,cifar10,ssb-v2-block,mlp,protocol-v3,0.6,128,2,2,226,0.0014679580344818532,0.005228249996434897,786448384,0.4375
b4510cca2b29d002,cifar10,ssb-v2-block,mlp,protocol-v3,0.6,128,2,2,227,0.0014845830155536532,0.00583824998466298,786448384,0.3984375
b4510cca2b29d002,cifar10,ssb-v2-block,mlp,protocol-v3,0.6,128,2,2,228,0.001494875003118068,0.005560874997172505,786448384,0.34375
b4510cca2b29d002,cifar10,ssb-v2-block,mlp,protocol-v3,0.6,128,2,2,229,0.001485499960836023,0.005859625001903623,786464768,0.421875
b4510cca2b29d002,cifar10,ssb-v2-block,mlp,protocol-v3,0.6,128,2,2,230,0.0014891669852659106,0.005461334018036723,786464768,0.3125
b4510cca2b29d002,cifar10,ssb-v2-block,mlp,protocol-v3,0.6,128,2,2,231,0.0014765000087209046,0.006287500029429793,786464768,0.4609375
b4510cca2b29d002,cifar10,ssb-v2-block,mlp,protocol-v3,0.6,128,2,2,232,0.0014686670037917793,0.005784999986644834,786464768,0.4453125
b4510cca2b29d002,cifar10,ssb-v2-block,mlp,protocol-v3,0.6,128,2,2,233,0.0014796670293435454,0.00511133304098621,786464768,0.3359375
b4510cca2b29d002,cifar10,ssb-v2-block,mlp,protocol-v3,0.6,128,2,2,234,0.0014607920311391354,0.0051668749656528234,786464768,0.4765625
b4510cca2b29d002,cifar10,ssb-v2-block,mlp,protocol-v3,0.6,128,2,2,235,0.0014037499786354601,0.00577541597886011,786464768,0.3828125
b4510cca2b29d002,cifar10,ssb-v2-block,mlp,protocol-v3,0.6,128,2,2,236,0.001400834007654339,0.006283333001192659,786464768,0.390625
b4510cca2b29d002,cifar10,ssb-v2-block,mlp,protocol-v3,0.6,128,2,2,237,0.0014218749711290002,0.0061630409909412265,786464768,0.3515625
b4510cca2b29d002,cifar10,ssb-v2-block,mlp,protocol-v3,0.6,128,2,2,238,0.001417791994754225,0.005349000042770058,786464768,0.515625
b4510cca2b29d002,cifar10,ssb-v2-block,mlp,protocol-v3,0.6,128,2,2,239,0.0014737919555045664,0.005431625002529472,786481152,0.3828125
b4510cca2b29d002,cifar10,ssb-v2-block,mlp,protocol-v3,0.6,128,2,2,240,0.0014005419798195362,0.006771749991457909,786481152,0.3359375
b4510cca2b29d002,cifar10,ssb-v2-block,mlp,protocol-v3,0.6,128,2,2,241,0.0014169579953886569,0.005431416037026793,786481152,0.4140625
b4510cca2b29d002,cifar10,ssb-v2-block,mlp,protocol-v3,0.6,128,2,2,242,0.00141670904122293,0.006632666976656765,786481152,0.3046875
b4510cca2b29d002,cifar10,ssb-v2-block,mlp,protocol-v3,0.6,128,2,2,243,0.001475042023230344,0.005852584028616548,786497536,0.3828125
b4510cca2b29d002,cifar10,ssb-v2-block,mlp,protocol-v3,0.6,128,2,2,244,0.0014514580252580345,0.005832458031363785,786497536,0.375
b4510cca2b29d002,cifar10,ssb-v2-block,mlp,protocol-v3,0.6,128,2,2,245,0.001416750019416213,0.014387124974746257,787447808,0.3828125
b4510cca2b29d002,cifar10,ssb-v2-block,mlp,protocol-v3,0.6,128,2,2,246,0.0014932089834474027,0.006118832970969379,787447808,0.359375
b4510cca2b29d002,cifar10,ssb-v2-block,mlp,protocol-v3,0.6,128,2,2,247,0.0014802090008743107,0.005462875007651746,787447808,0.328125
b4510cca2b29d002,cifar10,ssb-v2-block,mlp,protocol-v3,0.6,128,2,2,248,0.0014731669798493385,0.006072417018003762,787447808,0.4609375
b4510cca2b29d002,cifar10,ssb-v2-block,mlp,protocol-v3,0.6,128,2,2,249,0.0014663749607279897,0.006531958002597094,787447808,0.34375
b4510cca2b29d002,cifar10,ssb-v2-block,mlp,protocol-v3,0.6,128,2,2,250,0.001502875005826354,0.006306499999482185,787726336,0.328125
b4510cca2b29d002,cifar10,ssb-v2-block,mlp,protocol-v3,0.6,128,2,2,251,0.0013776669511571527,0.005232665978837758,787726336,0.3359375
b4510cca2b29d002,cifar10,ssb-v2-block,mlp,protocol-v3,0.6,128,2,2,252,0.0014951250050216913,0.006140834011603147,788135936,0.2890625
b4510cca2b29d002,cifar10,ssb-v2-block,mlp,protocol-v3,0.6,128,2,2,253,0.0014043330447748303,0.005604708974715322,788135936,0.3359375
b4510cca2b29d002,cifar10,ssb-v2-block,mlp,protocol-v3,0.6,128,2,2,254,0.0014902499970048666,0.006176708033308387,788135936,0.2890625
b4510cca2b29d002,cifar10,ssb-v2-block,mlp,protocol-v3,0.6,128,2,2,255,0.0013669590116478503,0.005915625020861626,788135936,0.34375
b4510cca2b29d002,cifar10,ssb-v2-block,mlp,protocol-v3,0.6,128,2,2,256,0.0013685000012628734,0.005749124975409359,788135936,0.421875
b4510cca2b29d002,cifar10,ssb-v2-block,mlp,protocol-v3,0.6,128,2,2,257,0.0014763750368729234,0.005834375042468309,788135936,0.3359375
b4510cca2b29d002,cifar10,ssb-v2-block,mlp,protocol-v3,0.6,128,2,2,258,0.0014965419541113079,0.006176082999445498,788135936,0.3515625
b4510cca2b29d002,cifar10,ssb-v2-block,mlp,protocol-v3,0.6,128,2,2,259,0.001397209009155631,0.006324207992292941,788135936,0.3671875
b4510cca2b29d002,cifar10,ssb-v2-block,mlp,protocol-v3,0.6,128,2,2,260,0.001409499964211136,0.0056136249913834035,788135936,0.359375
b4510cca2b29d002,cifar10,ssb-v2-block,mlp,protocol-v3,0.6,128,2,2,261,0.001476458040997386,0.005477749975398183,788135936,0.34375
b4510cca2b29d002,cifar10,ssb-v2-block,mlp,protocol-v3,0.6,128,2,2,262,0.001484040985815227,0.005941333016380668,788135936,0.390625
b4510cca2b29d002,cifar10,ssb-v2-block,mlp,protocol-v3,0.6,128,2,2,263,0.0014802920049987733,0.005560791993048042,788135936,0.3984375
b4510cca2b29d002,cifar10,ssb-v2-block,mlp,protocol-v3,0.6,128,2,2,264,0.001497083983849734,0.005933040985837579,788152320,0.3125
b4510cca2b29d002,cifar10,ssb-v2-block,mlp,protocol-v3,0.6,128,2,2,265,0.0014455830096267164,0.005752124998252839,788152320,0.4296875
b4510cca2b29d002,cifar10,ssb-v2-block,mlp,protocol-v3,0.6,128,2,2,266,0.0014685000060126185,0.0057005410199053586,788152320,0.375
b4510cca2b29d002,cifar10,ssb-v2-block,mlp,protocol-v3,0.6,128,2,2,267,0.0014165830216370523,0.0061703750398010015,788152320,0.3046875
b4510cca2b29d002,cifar10,ssb-v2-block,mlp,protocol-v3,0.6,128,2,2,268,0.0014694160199724138,0.005494582990650088,788152320,0.40625
b4510cca2b29d002,cifar10,ssb-v2-block,mlp,protocol-v3,0.6,128,2,2,269,0.0014139999984763563,0.005745999980717897,788152320,0.3515625
b4510cca2b29d002,cifar10,ssb-v2-block,mlp,protocol-v3,0.6,128,2,2,270,0.0014103330322541296,0.005840291036292911,788152320,0.3515625
b4510cca2b29d002,cifar10,ssb-v2-block,mlp,protocol-v3,0.6,128,2,2,271,0.0014331669663079083,0.005469082971103489,788152320,0.3515625
b4510cca2b29d002,cifar10,ssb-v2-block,mlp,protocol-v3,0.6,128,2,2,272,0.0013545419787988067,0.005044042016379535,788152320,0.390625
b4510cca2b29d002,cifar10,ssb-v2-block,mlp,protocol-v3,0.6,128,2,2,273,0.0015066249761730433,0.004862999951001257,788152320,0.3671875
b4510cca2b29d002,cifar10,ssb-v2-block,mlp,protocol-v3,0.6,128,2,2,274,0.001414500002283603,0.004873499972745776,788152320,0.390625
b4510cca2b29d002,cifar10,ssb-v2-block,mlp,protocol-v3,0.6,128,2,2,275,0.0014748329995200038,0.006107624969445169,788152320,0.3359375
b4510cca2b29d002,cifar10,ssb-v2-block,mlp,protocol-v3,0.6,128,2,2,276,0.0014807090046815574,0.005278374999761581,788152320,0.359375
b4510cca2b29d002,cifar10,ssb-v2-block,mlp,protocol-v3,0.6,128,2,2,277,0.0014270840329118073,0.006660499959252775,788152320,0.421875
b4510cca2b29d002,cifar10,ssb-v2-block,mlp,protocol-v3,0.6,128,2,2,278,0.0014722080086357892,0.00548500003060326,788152320,0.4140625
b4510cca2b29d002,cifar10,ssb-v2-block,mlp,protocol-v3,0.6,128,2,2,279,0.0014807499828748405,0.0053435409790836275,788152320,0.390625
b4510cca2b29d002,cifar10,ssb-v2-block,mlp,protocol-v3,0.6,128,2,2,280,0.0014147500041872263,0.005500416038557887,788135936,0.421875
b4510cca2b29d002,cifar10,ssb-v2-block,mlp,protocol-v3,0.6,128,2,2,281,0.0014495420036837459,0.003956834028940648,788135936,0.421875
b4510cca2b29d002,cifar10,ssb-v2-block,mlp,protocol-v3,0.6,128,2,2,282,0.0014088329626247287,0.006542709015775472,788135936,0.390625
b4510cca2b29d002,cifar10,ssb-v2-block,mlp,protocol-v3,0.6,128,2,2,283,0.0014677919680252671,0.00697083305567503,788135936,0.4609375
b4510cca2b29d002,cifar10,ssb-v2-block,mlp,protocol-v3,0.6,128,2,2,284,0.0013645829749293625,0.005800334038212895,788135936,0.3828125
b4510cca2b29d002,cifar10,ssb-v2-block,mlp,protocol-v3,0.6,128,2,2,285,0.0014862079988233745,0.005685500043909997,788135936,0.4765625
b4510cca2b29d002,cifar10,ssb-v2-block,mlp,protocol-v3,0.6,128,2,2,286,0.001487916975747794,0.0060617499984800816,788135936,0.453125
b4510cca2b29d002,cifar10,ssb-v2-block,mlp,protocol-v3,0.6,128,2,2,287,0.001467707974370569,0.005692792008630931,788135936,0.3828125
b4510cca2b29d002,cifar10,ssb-v2-block,mlp,protocol-v3,0.6,128,2,2,288,0.001473250042181462,0.005284292041324079,788135936,0.40625
b4510cca2b29d002,cifar10,ssb-v2-block,mlp,protocol-v3,0.6,128,2,2,289,0.0014759579789824784,0.006106124958023429,788135936,0.390625
b4510cca2b29d002,cifar10,ssb-v2-block,mlp,protocol-v3,0.6,128,2,2,290,0.0014714160352014005,0.005490791983902454,788135936,0.4140625
b4510cca2b29d002,cifar10,ssb-v2-block,mlp,protocol-v3,0.6,128,2,2,291,0.0014009590377099812,0.0060529589536599815,788135936,0.3515625
b4510cca2b29d002,cifar10,ssb-v2-block,mlp,protocol-v3,0.6,128,2,2,292,0.0015504169859923422,0.00616891699610278,788135936,0.3359375
b4510cca2b29d002,cifar10,ssb-v2-block,mlp,protocol-v3,0.6,128,2,2,293,0.0014681669999845326,0.005629042047075927,788135936,0.3828125
b4510cca2b29d002,cifar10,ssb-v2-block,mlp,protocol-v3,0.6,128,2,2,294,0.001408041047398001,0.006245416007004678,788135936,0.40625
b4510cca2b29d002,cifar10,ssb-v2-block,mlp,protocol-v3,0.6,128,2,2,295,0.001457209000363946,0.005155000020749867,788135936,0.3046875
b4510cca2b29d002,cifar10,ssb-v2-block,mlp,protocol-v3,0.6,128,2,2,296,0.0014547089813277125,0.005194250028580427,788135936,0.390625
b4510cca2b29d002,cifar10,ssb-v2-block,mlp,protocol-v3,0.6,128,2,2,297,0.0014645839692093432,0.005056416965089738,788152320,0.421875
b4510cca2b29d002,cifar10,ssb-v2-block,mlp,protocol-v3,0.6,128,2,2,298,0.0014043329865671694,0.006661083025392145,788152320,0.40625
b4510cca2b29d002,cifar10,ssb-v2-block,mlp,protocol-v3,0.6,128,2,2,299,0.0014904579729773104,0.005301250028423965,788152320,0.3828125
b4510cca2b29d002,cifar10,ssb-v2-block,mlp,protocol-v3,0.6,128,2,2,300,0.0014023749972693622,0.006810541031882167,788152320,0.4140625
b4510cca2b29d002,cifar10,ssb-v2-block,mlp,protocol-v3,0.6,128,2,2,301,0.0014682080363854766,0.004698542004916817,788152320,0.390625
b4510cca2b29d002,cifar10,ssb-v2-block,mlp,protocol-v3,0.6,128,2,2,302,0.0014018339570611715,0.005804334010463208,788152320,0.375
b4510cca2b29d002,cifar10,ssb-v2-block,mlp,protocol-v3,0.6,128,2,2,303,0.0014478330267593265,0.007434665982145816,788152320,0.328125
b4510cca2b29d002,cifar10,ssb-v2-block,mlp,protocol-v3,0.6,128,2,2,304,0.0014621249865740538,0.006150166969746351,788152320,0.3125
b4510cca2b29d002,cifar10,ssb-v2-block,mlp,protocol-v3,0.6,128,2,2,305,0.0014712910051457584,0.006027875002473593,788152320,0.3984375
b4510cca2b29d002,cifar10,ssb-v2-block,mlp,protocol-v3,0.6,128,2,2,306,0.0013868749956600368,0.00633712497074157,788152320,0.3671875
b4510cca2b29d002,cifar10,ssb-v2-block,mlp,protocol-v3,0.6,128,2,2,307,0.0014269999810494483,0.006501458992715925,788152320,0.2890625
b4510cca2b29d002,cifar10,ssb-v2-block,mlp,protocol-v3,0.6,128,2,2,308,0.001401041983626783,0.007228999980725348,788152320,0.3203125
b4510cca2b29d002,cifar10,ssb-v2-block,mlp,protocol-v3,0.6,128,2,2,309,0.0013896250165998936,0.005625749996397644,788152320,0.4140625
b4510cca2b29d002,cifar10,ssb-v2-block,mlp,protocol-v3,0.6,128,2,2,310,0.0014095419901423156,0.00594254198949784,788152320,0.296875
b4510cca2b29d002,cifar10,ssb-v2-block,mlp,protocol-v3,0.6,128,2,2,311,0.0014685000060126185,0.004993374983314425,788152320,0.375
b4510cca2b29d002,cifar10,ssb-v2-block,mlp,protocol-v3,0.6,128,2,2,312,0.0014584580203518271,0.00567454204428941,788152320,0.359375
b4510cca2b29d002,cifar10,ssb-v2-block,mlp,protocol-v3,0.6,128,2,2,313,0.0014052090118639171,0.005925083998590708,788152320,0.3671875
b4510cca2b29d002,cifar10,ssb-v2-block,mlp,protocol-v3,0.6,128,2,2,314,0.0020427920389920473,0.005243208026513457,788152320,0.4140625
b4510cca2b29d002,cifar10,ssb-v2-block,mlp,protocol-v3,0.6,128,2,2,315,0.0014112499775364995,0.005696749954950064,788152320,0.3515625
b4510cca2b29d002,cifar10,ssb-v2-block,mlp,protocol-v3,0.6,128,2,2,316,0.0014247079961933196,0.005385791999287903,788152320,0.390625
b4510cca2b29d002,cifar10,ssb-v2-block,mlp,protocol-v3,0.6,128,2,2,317,0.0014657920110039413,0.006043542001862079,788152320,0.4296875
b4510cca2b29d002,cifar10,ssb-v2-block,mlp,protocol-v3,0.6,128,2,2,318,0.0014627919881604612,0.006187374994624406,788152320,0.390625
b4510cca2b29d002,cifar10,ssb-v2-block,mlp,protocol-v3,0.6,128,2,2,319,0.0014837500057183206,0.005584124999586493,788152320,0.3671875
b4510cca2b29d002,cifar10,ssb-v2-block,mlp,protocol-v3,0.6,128,2,2,320,0.0014676659484393895,0.006216290988959372,788152320,0.34375
b4510cca2b29d002,cifar10,ssb-v2-block,mlp,protocol-v3,0.6,128,2,2,321,0.0013821250176988542,0.00589491700520739,788152320,0.390625
b4510cca2b29d002,cifar10,ssb-v2-block,mlp,protocol-v3,0.6,128,2,2,322,0.0013872080016881227,0.006135125004220754,788152320,0.296875
b4510cca2b29d002,cifar10,ssb-v2-block,mlp,protocol-v3,0.6,128,2,2,323,0.0013814999838359654,0.00491445796797052,788152320,0.3515625
b4510cca2b29d002,cifar10,ssb-v2-block,mlp,protocol-v3,0.6,128,2,2,324,0.0014125830493867397,0.006258334033191204,788152320,0.4296875
b4510cca2b29d002,cifar10,ssb-v2-block,mlp,protocol-v3,0.6,128,2,2,325,0.0014677500003017485,0.005065792007371783,788152320,0.3984375
b4510cca2b29d002,cifar10,ssb-v2-block,mlp,protocol-v3,0.6,128,2,2,326,0.0013940830249339342,0.0056455000303685665,788152320,0.3515625
b4510cca2b29d002,cifar10,ssb-v2-block,mlp,protocol-v3,0.6,128,2,2,327,0.001467082998715341,0.006090457958634943,788152320,0.40625
b4510cca2b29d002,cifar10,ssb-v2-block,mlp,protocol-v3,0.6,128,2,2,328,0.0013860000181011856,0.005699999979697168,788152320,0.4140625
b4510cca2b29d002,cifar10,ssb-v2-block,mlp,protocol-v3,0.6,128,2,2,329,0.001471000025048852,0.005112082988489419,788152320,0.4140625
b4510cca2b29d002,cifar10,ssb-v2-block,mlp,protocol-v3,0.6,128,2,2,330,0.001470208982937038,0.006000332999974489,788152320,0.3203125
b4510cca2b29d002,cifar10,ssb-v2-block,mlp,protocol-v3,0.6,128,2,2,331,0.0014709579991176724,0.006568667013198137,788152320,0.3984375
b4510cca2b29d002,cifar10,ssb-v2-block,mlp,protocol-v3,0.6,128,2,2,332,0.0014784170198254287,0.005653959000483155,788152320,0.421875
b4510cca2b29d002,cifar10,ssb-v2-block,mlp,protocol-v3,0.6,128,2,2,333,0.0014647079515270889,0.005186374997720122,788152320,0.34375
b4510cca2b29d002,cifar10,ssb-v2-block,mlp,protocol-v3,0.6,128,2,2,334,0.001409791992045939,0.006580916990060359,788152320,0.390625
b4510cca2b29d002,cifar10,ssb-v2-block,mlp,protocol-v3,0.6,128,2,2,335,0.0014628749922849238,0.005745082977227867,788152320,0.3359375
b4510cca2b29d002,cifar10,ssb-v2-block,mlp,protocol-v3,0.6,128,2,2,336,0.0014823339879512787,0.005662666982971132,788152320,0.3359375
b4510cca2b29d002,cifar10,ssb-v2-block,mlp,protocol-v3,0.6,128,2,2,337,0.0013846250367350876,0.006582000001799315,788152320,0.3515625
b4510cca2b29d002,cifar10,ssb-v2-block,mlp,protocol-v3,0.6,128,2,2,338,0.0014755000011064112,0.00498570897616446,788152320,0.3515625
b4510cca2b29d002,cifar10,ssb-v2-block,mlp,protocol-v3,0.6,128,2,2,339,0.001404792012181133,0.0054702499764971435,788152320,0.3359375
b4510cca2b29d002,cifar10,ssb-v2-block,mlp,protocol-v3,0.6,128,2,2,340,0.0013912090216763318,0.005999999993946403,788168704,0.3359375
b4510cca2b29d002,cifar10,ssb-v2-block,mlp,protocol-v3,0.6,128,2,2,341,0.0013981250231154263,0.0050282920128665864,788168704,0.4296875
b4510cca2b29d002,cifar10,ssb-v2-block,mlp,protocol-v3,0.6,128,2,2,342,0.0014611249789595604,0.006539875001180917,788168704,0.328125
b4510cca2b29d002,cifar10,ssb-v2-block,mlp,protocol-v3,0.6,128,2,2,343,0.0014776249881833792,0.00606029195478186,788168704,0.3671875
b4510cca2b29d002,cifar10,ssb-v2-block,mlp,protocol-v3,0.6,128,2,2,344,0.001465582987293601,0.006563208997249603,788168704,0.3203125
b4510cca2b29d002,cifar10,ssb-v2-block,mlp,protocol-v3,0.6,128,2,2,345,0.0013927910476922989,0.0063120829872787,788168704,0.34375
b4510cca2b29d002,cifar10,ssb-v2-block,mlp,protocol-v3,0.6,128,2,2,346,0.0014173340168781579,0.00523675000295043,788168704,0.3359375
b4510cca2b29d002,cifar10,ssb-v2-block,mlp,protocol-v3,0.6,128,2,2,347,0.0014631669619120657,0.0052712089964188635,788185088,0.375
b4510cca2b29d002,cifar10,ssb-v2-block,mlp,protocol-v3,0.6,128,2,2,348,0.0014722500345669687,0.005360667011700571,788185088,0.375
b4510cca2b29d002,cifar10,ssb-v2-block,mlp,protocol-v3,0.6,128,2,2,349,0.001397209009155631,0.0063009169534780085,788185088,0.2890625
b4510cca2b29d002,cifar10,ssb-v2-block,mlp,protocol-v3,0.6,128,2,2,350,0.0013692090287804604,0.005213375028688461,788185088,0.3984375
b4510cca2b29d002,cifar10,ssb-v2-block,mlp,protocol-v3,0.6,128,2,2,351,0.0013835839927196503,0.004534208041150123,788185088,0.4375
b4510cca2b29d002,cifar10,ssb-v2-block,mlp,protocol-v3,0.6,128,2,2,352,0.0014819170464761555,0.005326042009983212,788185088,0.390625
b4510cca2b29d002,cifar10,ssb-v2-block,mlp,protocol-v3,0.6,128,2,2,353,0.0013809159863740206,0.004977417003829032,788201472,0.296875
b4510cca2b29d002,cifar10,ssb-v2-block,mlp,protocol-v3,0.6,128,2,2,354,0.0014127090107649565,0.00522308296058327,788201472,0.328125
b4510cca2b29d002,cifar10,ssb-v2-block,mlp,protocol-v3,0.6,128,2,2,355,0.0014055839856155217,0.005066459008958191,788201472,0.34375
b4510cca2b29d002,cifar10,ssb-v2-block,mlp,protocol-v3,0.6,128,2,2,356,0.0014637919957749546,0.005787208036053926,788201472,0.328125
b4510cca2b29d002,cifar10,ssb-v2-block,mlp,protocol-v3,0.6,128,2,2,357,0.0014686659560538828,0.0056678749970160425,788201472,0.4453125
b4510cca2b29d002,cifar10,ssb-v2-block,mlp,protocol-v3,0.6,128,2,2,358,0.0014618330169469118,0.0062726669711992145,788217856,0.421875
b4510cca2b29d002,cifar10,ssb-v2-block,mlp,protocol-v3,0.6,128,2,2,359,0.0014685830101370811,0.006587042007595301,788217856,0.34375
b4510cca2b29d002,cifar10,ssb-v2-block,mlp,protocol-v3,0.6,128,2,2,360,0.0014115829835645854,0.006324624991975725,788217856,0.421875
b4510cca2b29d002,cifar10,ssb-v2-block,mlp,protocol-v3,0.6,128,2,2,361,0.0014016249915584922,0.005756708036642522,788217856,0.3515625
b4510cca2b29d002,cifar10,ssb-v2-block,mlp,protocol-v3,0.6,128,2,2,362,0.001416000013705343,0.006241875002160668,788217856,0.3984375
b4510cca2b29d002,cifar10,ssb-v2-block,mlp,protocol-v3,0.6,128,2,2,363,0.0014647499774582684,0.006088124995585531,788217856,0.3828125
b4510cca2b29d002,cifar10,ssb-v2-block,mlp,protocol-v3,0.6,128,2,2,364,0.0014687920338474214,0.006127125001512468,788217856,0.3671875
b4510cca2b29d002,cifar10,ssb-v2-block,mlp,protocol-v3,0.6,128,2,2,365,0.0014654159895144403,0.006403708015568554,788217856,0.3671875
b4510cca2b29d002,cifar10,ssb-v2-block,mlp,protocol-v3,0.6,128,2,2,366,0.0014595419634133577,0.005401165981311351,788217856,0.328125
b4510cca2b29d002,cifar10,ssb-v2-block,mlp,protocol-v3,0.6,128,2,2,367,0.001470290997531265,0.005933708045631647,788217856,0.3984375
b4510cca2b29d002,cifar10,ssb-v2-block,mlp,protocol-v3,0.6,128,2,2,368,0.0014682500041089952,0.005933792039286345,788234240,0.3359375
b4510cca2b29d002,cifar10,ssb-v2-block,mlp,protocol-v3,0.6,128,2,2,369,0.0014624579926021397,0.005524624953977764,788234240,0.3046875
b4510cca2b29d002,cifar10,ssb-v2-block,mlp,protocol-v3,0.6,128,2,2,370,0.0013751249643974006,0.005265000043436885,788250624,0.390625
b4510cca2b29d002,cifar10,ssb-v2-block,mlp,protocol-v3,0.6,128,2,2,371,0.0013988749706186354,0.0054474579519592226,788250624,0.34375
b4510cca2b29d002,cifar10,ssb-v2-block,mlp,protocol-v3,0.6,128,2,2,372,0.001474166987463832,0.006260249996557832,788250624,0.375
b4510cca2b29d002,cifar10,ssb-v2-block,mlp,protocol-v3,0.6,128,2,2,373,0.001467707974370569,0.006411583046428859,788250624,0.375
b4510cca2b29d002,cifar10,ssb-v2-block,mlp,protocol-v3,0.6,128,2,2,374,0.001423667010385543,0.005135208019055426,788267008,0.34375
b4510cca2b29d002,cifar10,ssb-v2-block,mlp,protocol-v3,0.6,128,2,2,375,0.001471291994675994,0.005523415980860591,788267008,0.40625
b4510cca2b29d002,cifar10,ssb-v2-block,mlp,protocol-v3,0.6,128,2,2,376,0.0013677080278284848,0.0058199160266667604,788267008,0.4453125
b4510cca2b29d002,cifar10,ssb-v2-block,mlp,protocol-v3,0.6,128,2,2,377,0.0014718339662067592,0.00552737497491762,788267008,0.421875
b4510cca2b29d002,cifar10,ssb-v2-block,mlp,protocol-v3,0.6,128,2,2,378,0.0014145420282147825,0.006504333985503763,788267008,0.375
b4510cca2b29d002,cifar10,ssb-v2-block,mlp,protocol-v3,0.6,128,2,2,379,0.0014763330109417439,0.004806708020623773,788267008,0.3828125
b4510cca2b29d002,cifar10,ssb-v2-block,mlp,protocol-v3,0.6,128,2,2,380,0.0013919170014560223,0.005375000007916242,788267008,0.3984375
b4510cca2b29d002,cifar10,ssb-v2-block,mlp,protocol-v3,0.6,128,2,2,381,0.001471749972552061,0.0062792079988867044,788267008,0.390625
b4510cca2b29d002,cifar10,ssb-v2-block,mlp,protocol-v3,0.6,128,2,2,382,0.0013866659719496965,0.005953957966994494,788267008,0.34375
b4510cca2b29d002,cifar10,ssb-v2-block,mlp,protocol-v3,0.6,128,2,2,383,0.0014783749938942492,0.005555791954975575,788267008,0.296875
b4510cca2b29d002,cifar10,ssb-v2-block,mlp,protocol-v3,0.6,128,2,2,384,0.0014594579697586596,0.0061047920025885105,788267008,0.375
b4510cca2b29d002,cifar10,ssb-v2-block,mlp,protocol-v3,0.6,128,2,2,385,0.0014681669999845326,0.005840665951836854,788267008,0.3828125
b4510cca2b29d002,cifar10,ssb-v2-block,mlp,protocol-v3,0.6,128,2,2,386,0.0014732499839738011,0.0055192080326378345,788267008,0.375
b4510cca2b29d002,cifar10,ssb-v2-block,mlp,protocol-v3,0.6,128,2,2,387,0.0014413329772651196,0.006067583977710456,788267008,0.3359375
b4510cca2b29d002,cifar10,ssb-v2-block,mlp,protocol-v3,0.6,128,2,2,388,0.0014672499964945018,0.005444166017696261,788267008,0.46875
b4510cca2b29d002,cifar10,ssb-v2-block,mlp,protocol-v3,0.6,128,2,2,389,0.001416750019416213,0.0045642919722013175,788267008,0.296875
b4510cca2b29d002,cifar10,ssb-v2-block,mlp,protocol-v3,0.6,128,2,2,390,0.0012185840168967843,0.018302207987289876,789938176,0.3875
b4510cca2b29d002,cifar10,ssb-v2-block,mlp,protocol-v3,0.6,128,2,3,0,0.0014272920088842511,0.006552374979946762,791199744,0.390625
b4510cca2b29d002,cifar10,ssb-v2-block,mlp,protocol-v3,0.6,128,2,3,1,0.0016198339872062206,0.005151166988071054,791216128,0.3828125
b4510cca2b29d002,cifar10,ssb-v2-block,mlp,protocol-v3,0.6,128,2,3,2,0.0014867919962853193,0.006123875034973025,791216128,0.359375
b4510cca2b29d002,cifar10,ssb-v2-block,mlp,protocol-v3,0.6,128,2,3,3,0.0014934579958207905,0.0062534589669667184,791232512,0.421875
b4510cca2b29d002,cifar10,ssb-v2-block,mlp,protocol-v3,0.6,128,2,3,4,0.001446041977033019,0.005962082999758422,791232512,0.3046875
b4510cca2b29d002,cifar10,ssb-v2-block,mlp,protocol-v3,0.6,128,2,3,5,0.0014685000060126185,0.006002874986734241,791232512,0.3671875
b4510cca2b29d002,cifar10,ssb-v2-block,mlp,protocol-v3,0.6,128,2,3,6,0.0014272920088842511,0.005637041991576552,791232512,0.3984375
b4510cca2b29d002,cifar10,ssb-v2-block,mlp,protocol-v3,0.6,128,2,3,7,0.0014027919969521463,0.0050207499880343676,791232512,0.40625
b4510cca2b29d002,cifar10,ssb-v2-block,mlp,protocol-v3,0.6,128,2,3,8,0.0013912499998696148,0.00519524997798726,791232512,0.3359375
b4510cca2b29d002,cifar10,ssb-v2-block,mlp,protocol-v3,0.6,128,2,3,9,0.001443499990273267,0.005550458037760109,791232512,0.3515625
b4510cca2b29d002,cifar10,ssb-v2-block,mlp,protocol-v3,0.6,128,2,3,10,0.0014298339956440032,0.005382125033065677,791232512,0.40625
b4510cca2b29d002,cifar10,ssb-v2-block,mlp,protocol-v3,0.6,128,2,3,11,0.001383416005410254,0.006307083007413894,791232512,0.3671875
b4510cca2b29d002,cifar10,ssb-v2-block,mlp,protocol-v3,0.6,128,2,3,12,0.0014174590469338,0.006314250000286847,791232512,0.3515625
b4510cca2b29d002,cifar10,ssb-v2-block,mlp,protocol-v3,0.6,128,2,3,13,0.0014755839947611094,0.006111749971751124,791232512,0.453125
b4510cca2b29d002,cifar10,ssb-v2-block,mlp,protocol-v3,0.6,128,2,3,14,0.00146583397872746,0.006125834013801068,791232512,0.3515625
b4510cca2b29d002,cifar10,ssb-v2-block,mlp,protocol-v3,0.6,128,2,3,15,0.0014762909850105643,0.0057373339659534395,791232512,0.4921875
b4510cca2b29d002,cifar10,ssb-v2-block,mlp,protocol-v3,0.6,128,2,3,16,0.001473250042181462,0.0063299580360762775,791232512,0.4140625
b4510cca2b29d002,cifar10,ssb-v2-block,mlp,protocol-v3,0.6,128,2,3,17,0.0014691660180687904,0.006089041999075562,791232512,0.3984375
b4510cca2b29d002,cifar10,ssb-v2-block,mlp,protocol-v3,0.6,128,2,3,18,0.0014664169866591692,0.005483708984684199,791232512,0.34375
b4510cca2b29d002,cifar10,ssb-v2-block,mlp,protocol-v3,0.6,128,2,3,19,0.0013775000115856528,0.004987249965779483,791232512,0.390625
b4510cca2b29d002,cifar10,ssb-v2-block,mlp,protocol-v3,0.6,128,2,3,20,0.0014016660279594362,0.005601707962341607,791232512,0.40625
b4510cca2b29d002,cifar10,ssb-v2-block,mlp,protocol-v3,0.6,128,2,3,21,0.0014647909556515515,0.006628374976571649,791232512,0.3515625
b4510cca2b29d002,cifar10,ssb-v2-block,mlp,protocol-v3,0.6,128,2,3,22,0.0014053329941816628,0.006156125047709793,791248896,0.390625
b4510cca2b29d002,cifar10,ssb-v2-block,mlp,protocol-v3,0.6,128,2,3,23,0.0014041660469956696,0.006005499977618456,791248896,0.390625
b4510cca2b29d002,cifar10,ssb-v2-block,mlp,protocol-v3,0.6,128,2,3,24,0.0014077500090934336,0.00569266703678295,791248896,0.3828125
b4510cca2b29d002,cifar10,ssb-v2-block,mlp,protocol-v3,0.6,128,2,3,25,0.0014250000240281224,0.005629457999020815,791248896,0.4609375
b4510cca2b29d002,cifar10,ssb-v2-block,mlp,protocol-v3,0.6,128,2,3,26,0.0013929579872637987,0.0057471670443192124,791248896,0.296875
b4510cca2b29d002,cifar10,ssb-v2-block,mlp,protocol-v3,0.6,128,2,3,27,0.0013828749652020633,0.005667083023581654,791248896,0.3828125
b4510cca2b29d002,cifar10,ssb-v2-block,mlp,protocol-v3,0.6,128,2,3,28,0.0014696249854750931,0.006138790980912745,791248896,0.296875
b4510cca2b29d002,cifar10,ssb-v2-block,mlp,protocol-v3,0.6,128,2,3,29,0.001482208026573062,0.00612049998017028,791248896,0.390625
b4510cca2b29d002,cifar10,ssb-v2-block,mlp,protocol-v3,0.6,128,2,3,30,0.0013900419580750167,0.005933332955464721,791248896,0.421875
b4510cca2b29d002,cifar10,ssb-v2-block,mlp,protocol-v3,0.6,128,2,3,31,0.0014152080402709544,0.006230292026884854,791248896,0.4375
b4510cca2b29d002,cifar10,ssb-v2-block,mlp,protocol-v3,0.6,128,2,3,32,0.0013882920029573143,0.00516141700791195,791248896,0.4765625
b4510cca2b29d002,cifar10,ssb-v2-block,mlp,protocol-v3,0.6,128,2,3,33,0.0014782079961150885,0.005680000002030283,791248896,0.3203125
b4510cca2b29d002,cifar10,ssb-v2-block,mlp,protocol-v3,0.6,128,2,3,34,0.0014745420194230974,0.005886750004719943,791248896,0.421875
b4510cca2b29d002,cifar10,ssb-v2-block,mlp,protocol-v3,0.6,128,2,3,35,0.0014978749677538872,0.005618833005428314,791248896,0.375
b4510cca2b29d002,cifar10,ssb-v2-block,mlp,protocol-v3,0.6,128,2,3,36,0.0013541670050472021,0.006496249989140779,791248896,0.453125
b4510cca2b29d002,cifar10,ssb-v2-block,mlp,protocol-v3,0.6,128,2,3,37,0.0014845419791527092,0.004886292037554085,791248896,0.3828125
b4510cca2b29d002,cifar10,ssb-v2-block,mlp,protocol-v3,0.6,128,2,3,38,0.0014282090123742819,0.005169208976440132,791248896,0.3515625
b4510cca2b29d002,cifar10,ssb-v2-block,mlp,protocol-v3,0.6,128,2,3,39,0.0013883329811505973,0.005678832996636629,791248896,0.3359375
b4510cca2b29d002,cifar10,ssb-v2-block,mlp,protocol-v3,0.6,128,2,3,40,0.0014696670114062726,0.005984125018585473,791248896,0.4296875
b4510cca2b29d002,cifar10,ssb-v2-block,mlp,protocol-v3,0.6,128,2,3,41,0.0014737499877810478,0.006057624996174127,791248896,0.359375
b4510cca2b29d002,cifar10,ssb-v2-block,mlp,protocol-v3,0.6,128,2,3,42,0.0014080420369282365,0.005913875007536262,791248896,0.4609375
b4510cca2b29d002,cifar10,ssb-v2-block,mlp,protocol-v3,0.6,128,2,3,43,0.001476000004913658,0.006635374971665442,791248896,0.40625
b4510cca2b29d002,cifar10,ssb-v2-block,mlp,protocol-v3,0.6,128,2,3,44,0.0014345410163514316,0.005387000041082501,791248896,0.34375
b4510cca2b29d002,cifar10,ssb-v2-block,mlp,protocol-v3,0.6,128,2,3,45,0.0014161249855533242,0.005947917001321912,791248896,0.46875
b4510cca2b29d002,cifar10,ssb-v2-block,mlp,protocol-v3,0.6,128,2,3,46,0.0014197920099832118,0.006649582996033132,791265280,0.3359375
b4510cca2b29d002,cifar10,ssb-v2-block,mlp,protocol-v3,0.6,128,2,3,47,0.0013842079788446426,0.005833375034853816,791265280,0.4375
b4510cca2b29d002,cifar10,ssb-v2-block,mlp,protocol-v3,0.6,128,2,3,48,0.0014208329957909882,0.006015292019583285,791265280,0.390625
b4510cca2b29d002,cifar10,ssb-v2-block,mlp,protocol-v3,0.6,128,2,3,49,0.0014616669504903257,0.005569542001467198,791265280,0.4453125
b4510cca2b29d002,cifar10,ssb-v2-block,mlp,protocol-v3,0.6,128,2,3,50,0.0014110829797573388,0.005533292016480118,791265280,0.453125
b4510cca2b29d002,cifar10,ssb-v2-block,mlp,protocol-v3,0.6,128,2,3,51,0.0014153750380501151,0.0055275000049732625,791265280,0.3359375
b4510cca2b29d002,cifar10,ssb-v2-block,mlp,protocol-v3,0.6,128,2,3,52,0.0015367500018328428,0.00553787499666214,791265280,0.34375
b4510cca2b29d002,cifar10,ssb-v2-block,mlp,protocol-v3,0.6,128,2,3,53,0.0015188329853117466,0.006595415994524956,791265280,0.34375
b4510cca2b29d002,cifar10,ssb-v2-block,mlp,protocol-v3,0.6,128,2,3,54,0.0022623749682679772,0.00836433400399983,791281664,0.3046875
b4510cca2b29d002,cifar10,ssb-v2-block,mlp,protocol-v3,0.6,128,2,3,55,0.0017717499868012965,0.007108833990059793,791281664,0.3515625
b4510cca2b29d002,cifar10,ssb-v2-block,mlp,protocol-v3,0.6,128,2,3,56,0.0015247919945977628,0.005899999989196658,791281664,0.375
b4510cca2b29d002,cifar10,ssb-v2-block,mlp,protocol-v3,0.6,128,2,3,57,0.0014639169676229358,0.006295999977737665,791281664,0.40625
b4510cca2b29d002,cifar10,ssb-v2-block,mlp,protocol-v3,0.6,128,2,3,58,0.0014944999711588025,0.006428208958823234,791281664,0.3984375
b4510cca2b29d002,cifar10,ssb-v2-block,mlp,protocol-v3,0.6,128,2,3,59,0.0014776670141145587,0.006776249967515469,791281664,0.421875
b4510cca2b29d002,cifar10,ssb-v2-block,mlp,protocol-v3,0.6,128,2,3,60,0.0014860829687677324,0.006457541021518409,791298048,0.3515625
b4510cca2b29d002,cifar10,ssb-v2-block,mlp,protocol-v3,0.6,128,2,3,61,0.0014809580170549452,0.0058875830145552754,791298048,0.3515625
b4510cca2b29d002,cifar10,ssb-v2-block,mlp,protocol-v3,0.6,128,2,3,62,0.0013814999838359654,0.006282582995481789,791298048,0.3984375
b4510cca2b29d002,cifar10,ssb-v2-block,mlp,protocol-v3,0.6,128,2,3,63,0.0014679580344818532,0.004974166979081929,791298048,0.3359375
b4510cca2b29d002,cifar10,ssb-v2-block,mlp,protocol-v3,0.6,128,2,3,64,0.001414500002283603,0.005494082986842841,791298048,0.40625
b4510cca2b29d002,cifar10,ssb-v2-block,mlp,protocol-v3,0.6,128,2,3,65,0.0013832080294378102,0.005883834033738822,791298048,0.4140625
b4510cca2b29d002,cifar10,ssb-v2-block,mlp,protocol-v3,0.6,128,2,3,66,0.0013760000001639128,0.006034457997884601,791298048,0.3125
b4510cca2b29d002,cifar10,ssb-v2-block,mlp,protocol-v3,0.6,128,2,3,67,0.0013854169519618154,0.005836332973558456,791298048,0.3203125
b4510cca2b29d002,cifar10,ssb-v2-block,mlp,protocol-v3,0.6,128,2,3,68,0.0014687500079162419,0.0058167080278508365,791298048,0.390625
b4510cca2b29d002,cifar10,ssb-v2-block,mlp,protocol-v3,0.6,128,2,3,69,0.0015014579985290766,0.005802374973427504,791298048,0.375
b4510cca2b29d002,cifar10,ssb-v2-block,mlp,protocol-v3,0.6,128,2,3,70,0.0014831669977866113,0.006194999965373427,791298048,0.390625
b4510cca2b29d002,cifar10,ssb-v2-block,mlp,protocol-v3,0.6,128,2,3,71,0.001354832958895713,0.005956874985713512,791298048,0.4453125
b4510cca2b29d002,cifar10,ssb-v2-block,mlp,protocol-v3,0.6,128,2,3,72,0.0013887500390410423,0.006018500018399209,791298048,0.3359375
b4510cca2b29d002,cifar10,ssb-v2-block,mlp,protocol-v3,0.6,128,2,3,73,0.001374749990645796,0.005543458042666316,791298048,0.359375
b4510cca2b29d002,cifar10,ssb-v2-block,mlp,protocol-v3,0.6,128,2,3,74,0.0014729169779457152,0.005432208010461181,791298048,0.4140625
b4510cca2b29d002,cifar10,ssb-v2-block,mlp,protocol-v3,0.6,128,2,3,75,0.0014875840279273689,0.0061044589965604246,791298048,0.3515625
b4510cca2b29d002,cifar10,ssb-v2-block,mlp,protocol-v3,0.6,128,2,3,76,0.0014783339574933052,0.005763874971307814,791298048,0.3359375
b4510cca2b29d002,cifar10,ssb-v2-block,mlp,protocol-v3,0.6,128,2,3,77,0.0014717919984832406,0.005069917009677738,791298048,0.375
b4510cca2b29d002,cifar10,ssb-v2-block,mlp,protocol-v3,0.6,128,2,3,78,0.0014020419912412763,0.005907749990001321,791314432,0.328125
b4510cca2b29d002,cifar10,ssb-v2-block,mlp,protocol-v3,0.6,128,2,3,79,0.0014118330436758697,0.006946916982997209,791330816,0.3125
b4510cca2b29d002,cifar10,ssb-v2-block,mlp,protocol-v3,0.6,128,2,3,80,0.0014763749786652625,0.006674792035482824,791330816,0.328125
b4510cca2b29d002,cifar10,ssb-v2-block,mlp,protocol-v3,0.6,128,2,3,81,0.0014213340473361313,0.005277041986119002,791330816,0.453125
b4510cca2b29d002,cifar10,ssb-v2-block,mlp,protocol-v3,0.6,128,2,3,82,0.0013922499492764473,0.007036541006527841,791347200,0.28125
b4510cca2b29d002,cifar10,ssb-v2-block,mlp,protocol-v3,0.6,128,2,3,83,0.0014155000098980963,0.00630404194816947,791363584,0.453125
b4510cca2b29d002,cifar10,ssb-v2-block,mlp,protocol-v3,0.6,128,2,3,84,0.001370041980408132,0.005284000013489276,791363584,0.328125
b4510cca2b29d002,cifar10,ssb-v2-block,mlp,protocol-v3,0.6,128,2,3,85,0.0014682500041089952,0.005571459012571722,791363584,0.3984375
b4510cca2b29d002,cifar10,ssb-v2-block,mlp,protocol-v3,0.6,128,2,3,86,0.0014258339651860297,0.005753874953370541,791363584,0.3125
b4510cca2b29d002,cifar10,ssb-v2-block,mlp,protocol-v3,0.6,128,2,3,87,0.0014192500384524465,0.006142000027466565,791363584,0.3203125
b4510cca2b29d002,cifar10,ssb-v2-block,mlp,protocol-v3,0.6,128,2,3,88,0.0014511250192299485,0.005860583041794598,791363584,0.3046875
b4510cca2b29d002,cifar10,ssb-v2-block,mlp,protocol-v3,0.6,128,2,3,89,0.0013875419972464442,0.006613625038880855,791363584,0.375
b4510cca2b29d002,cifar10,ssb-v2-block,mlp,protocol-v3,0.6,128,2,3,90,0.0014717919984832406,0.004516958957538009,791363584,0.4140625
b4510cca2b29d002,cifar10,ssb-v2-block,mlp,protocol-v3,0.6,128,2,3,91,0.0013926670071668923,0.005958291993010789,791379968,0.28125
b4510cca2b29d002,cifar10,ssb-v2-block,mlp,protocol-v3,0.6,128,2,3,92,0.0014068330056034029,0.006358875019941479,791379968,0.3828125
b4510cca2b29d002,cifar10,ssb-v2-block,mlp,protocol-v3,0.6,128,2,3,93,0.0014092919882386923,0.006441208999603987,791379968,0.3671875
b4510cca2b29d002,cifar10,ssb-v2-block,mlp,protocol-v3,0.6,128,2,3,94,0.0014207920175977051,0.00541862501995638,791379968,0.3203125
b4510cca2b29d002,cifar10,ssb-v2-block,mlp,protocol-v3,0.6,128,2,3,95,0.0014066669973544776,0.006319708947557956,791379968,0.34375
b4510cca2b29d002,cifar10,ssb-v2-block,mlp,protocol-v3,0.6,128,2,3,96,0.0014127499889582396,0.004954750009346753,791379968,0.2890625
b4510cca2b29d002,cifar10,ssb-v2-block,mlp,protocol-v3,0.6,128,2,3,97,0.0014077500090934336,0.005058499984443188,791379968,0.3203125
b4510cca2b29d002,cifar10,ssb-v2-block,mlp,protocol-v3,0.6,128,2,3,98,0.0014054159983061254,0.006288665987085551,791379968,0.390625
b4510cca2b29d002,cifar10,ssb-v2-block,mlp,protocol-v3,0.6,128,2,3,99,0.0014621249865740538,0.005059459013864398,791379968,0.3984375
b4510cca2b29d002,cifar10,ssb-v2-block,mlp,protocol-v3,0.6,128,2,3,100,0.0013972499873489141,0.005937916983384639,791379968,0.4453125
b4510cca2b29d002,cifar10,ssb-v2-block,mlp,protocol-v3,0.6,128,2,3,101,0.0013990839943289757,0.005573583010118455,791396352,0.3984375
b4510cca2b29d002,cifar10,ssb-v2-block,mlp,protocol-v3,0.6,128,2,3,102,0.0014685830101370811,0.006889541982673109,791396352,0.4609375
b4510cca2b29d002,cifar10,ssb-v2-block,mlp,protocol-v3,0.6,128,2,3,103,0.0013979999930597842,0.007759333006106317,791396352,0.390625
b4510cca2b29d002,cifar10,ssb-v2-block,mlp,protocol-v3,0.6,128,2,3,104,0.0013865410001017153,0.006118624994996935,791396352,0.375
b4510cca2b29d002,cifar10,ssb-v2-block,mlp,protocol-v3,0.6,128,2,3,105,0.001411292003467679,0.006039083003997803,791396352,0.34375
b4510cca2b29d002,cifar10,ssb-v2-block,mlp,protocol-v3,0.6,128,2,3,106,0.001418458006810397,0.0050511249573901296,791396352,0.4453125
b4510cca2b29d002,cifar10,ssb-v2-block,mlp,protocol-v3,0.6,128,2,3,107,0.0014101669657975435,0.006534958025440574,791396352,0.4375
b4510cca2b29d002,cifar10,ssb-v2-block,mlp,protocol-v3,0.6,128,2,3,108,0.0014683750341646373,0.005470666044857353,791396352,0.4140625
b4510cca2b29d002,cifar10,ssb-v2-block,mlp,protocol-v3,0.6,128,2,3,109,0.001399333996232599,0.006387875007931143,791396352,0.390625
b4510cca2b29d002,cifar10,ssb-v2-block,mlp,protocol-v3,0.6,128,2,3,110,0.0014547500177286565,0.006621832959353924,791396352,0.4296875
b4510cca2b29d002,cifar10,ssb-v2-block,mlp,protocol-v3,0.6,128,2,3,111,0.0013694170047529042,0.005867499974556267,791396352,0.453125
b4510cca2b29d002,cifar10,ssb-v2-block,mlp,protocol-v3,0.6,128,2,3,112,0.0014843749813735485,0.005395832995418459,791412736,0.3671875
b4510cca2b29d002,cifar10,ssb-v2-block,mlp,protocol-v3,0.6,128,2,3,113,0.0014731669798493385,0.006309624994173646,791412736,0.4453125
b4510cca2b29d002,cifar10,ssb-v2-block,mlp,protocol-v3,0.6,128,2,3,114,0.001478582969866693,0.005486833048053086,791412736,0.359375
b4510cca2b29d002,cifar10,ssb-v2-block,mlp,protocol-v3,0.6,128,2,3,115,0.0014745420194230974,0.006003750022500753,791412736,0.40625
b4510cca2b29d002,cifar10,ssb-v2-block,mlp,protocol-v3,0.6,128,2,3,116,0.001513750001322478,0.00578908302122727,791412736,0.40625
b4510cca2b29d002,cifar10,ssb-v2-block,mlp,protocol-v3,0.6,128,2,3,117,0.0014727090019732714,0.005973084014840424,791412736,0.4375
b4510cca2b29d002,cifar10,ssb-v2-block,mlp,protocol-v3,0.6,128,2,3,118,0.0014600420254282653,0.0058337920345366,791429120,0.3828125
b4510cca2b29d002,cifar10,ssb-v2-block,mlp,protocol-v3,0.6,128,2,3,119,0.0014678750303573906,0.005553916969802231,791445504,0.328125
b4510cca2b29d002,cifar10,ssb-v2-block,mlp,protocol-v3,0.6,128,2,3,120,0.0013535000034607947,0.005941457988228649,791445504,0.4296875
b4510cca2b29d002,cifar10,ssb-v2-block,mlp,protocol-v3,0.6,128,2,3,121,0.0014256249996833503,0.005711957986932248,791445504,0.4296875
b4510cca2b29d002,cifar10,ssb-v2-block,mlp,protocol-v3,0.6,128,2,3,122,0.0014019579975865781,0.005778792023193091,791445504,0.375
b4510cca2b29d002,cifar10,ssb-v2-block,mlp,protocol-v3,0.6,128,2,3,123,0.001424957998096943,0.005269374989438802,791445504,0.453125
b4510cca2b29d002,cifar10,ssb-v2-block,mlp,protocol-v3,0.6,128,2,3,124,0.0014727499801665545,0.006437667005229741,791445504,0.3828125
b4510cca2b29d002,cifar10,ssb-v2-block,mlp,protocol-v3,0.6,128,2,3,125,0.00138562498614192,0.005904374993406236,791445504,0.390625
b4510cca2b29d002,cifar10,ssb-v2-block,mlp,protocol-v3,0.6,128,2,3,126,0.0014729590038768947,0.0060646249912679195,791445504,0.390625
b4510cca2b29d002,cifar10,ssb-v2-block,mlp,protocol-v3,0.6,128,2,3,127,0.0014777079923078418,0.006340708001516759,791445504,0.46875
b4510cca2b29d002,cifar10,ssb-v2-block,mlp,protocol-v3,0.6,128,2,3,128,0.0014310830156318843,0.00642612500814721,791445504,0.359375
b4510cca2b29d002,cifar10,ssb-v2-block,mlp,protocol-v3,0.6,128,2,3,129,0.0014554999652318656,0.005211583978962153,791445504,0.3671875
b4510cca2b29d002,cifar10,ssb-v2-block,mlp,protocol-v3,0.6,128,2,3,130,0.0013907089596614242,0.005202999978791922,791445504,0.4296875
b4510cca2b29d002,cifar10,ssb-v2-block,mlp,protocol-v3,0.6,128,2,3,131,0.001486875000409782,0.005996624997351319,791445504,0.40625
b4510cca2b29d002,cifar10,ssb-v2-block,mlp,protocol-v3,0.6,128,2,3,132,0.0014717909507453442,0.005940667004324496,791445504,0.4140625
b4510cca2b29d002,cifar10,ssb-v2-block,mlp,protocol-v3,0.6,128,2,3,133,0.00161370902787894,0.005885499995201826,791461888,0.4296875
b4510cca2b29d002,cifar10,ssb-v2-block,mlp,protocol-v3,0.6,128,2,3,134,0.0014819580246694386,0.005066625017207116,791461888,0.359375
b4510cca2b29d002,cifar10,ssb-v2-block,mlp,protocol-v3,0.6,128,2,3,135,0.0014158340054564178,0.005039374984335154,791461888,0.359375
b4510cca2b29d002,cifar10,ssb-v2-block,mlp,protocol-v3,0.6,128,2,3,136,0.0014846249832771719,0.004626750014722347,791461888,0.3671875
b4510cca2b29d002,cifar10,ssb-v2-block,mlp,protocol-v3,0.6,128,2,3,137,0.0014204580220393836,0.00592349999351427,791461888,0.3046875
b4510cca2b29d002,cifar10,ssb-v2-block,mlp,protocol-v3,0.6,128,2,3,138,0.0014566670288331807,0.006539041001815349,791478272,0.421875
b4510cca2b29d002,cifar10,ssb-v2-block,mlp,protocol-v3,0.6,128,2,3,139,0.0014729580143466592,0.006010541983414441,791478272,0.390625
b4510cca2b29d002,cifar10,ssb-v2-block,mlp,protocol-v3,0.6,128,2,3,140,0.001472082978580147,0.005726790986955166,791478272,0.34375
b4510cca2b29d002,cifar10,ssb-v2-block,mlp,protocol-v3,0.6,128,2,3,141,0.0014730829861946404,0.00542479200521484,791478272,0.40625
b4510cca2b29d002,cifar10,ssb-v2-block,mlp,protocol-v3,0.6,128,2,3,142,0.0014361250214278698,0.006410416041035205,791478272,0.3125
b4510cca2b29d002,cifar10,ssb-v2-block,mlp,protocol-v3,0.6,128,2,3,143,0.0013659169781021774,0.006276707979850471,791478272,0.375
b4510cca2b29d002,cifar10,ssb-v2-block,mlp,protocol-v3,0.6,128,2,3,144,0.0014903750270605087,0.004868040967267007,791478272,0.3828125
b4510cca2b29d002,cifar10,ssb-v2-block,mlp,protocol-v3,0.6,128,2,3,145,0.0013887499808333814,0.005606583028566092,791478272,0.375
b4510cca2b29d002,cifar10,ssb-v2-block,mlp,protocol-v3,0.6,128,2,3,146,0.001479333033785224,0.004491291998419911,791478272,0.328125
b4510cca2b29d002,cifar10,ssb-v2-block,mlp,protocol-v3,0.6,128,2,3,147,0.001437041035387665,0.005323374993167818,791478272,0.3359375
b4510cca2b29d002,cifar10,ssb-v2-block,mlp,protocol-v3,0.6,128,2,3,148,0.0014122080174274743,0.0061645000241696835,791478272,0.328125
b4510cca2b29d002,cifar10,ssb-v2-block,mlp,protocol-v3,0.6,128,2,3,149,0.0014059579698368907,0.005703790986444801,791478272,0.3046875
b4510cca2b29d002,cifar10,ssb-v2-block,mlp,protocol-v3,0.6,128,2,3,150,0.001439541985746473,0.005931041028816253,791494656,0.421875
b4510cca2b29d002,cifar10,ssb-v2-block,mlp,protocol-v3,0.6,128,2,3,151,0.0013648750027641654,0.006745999970007688,791494656,0.3984375
b4510cca2b29d002,cifar10,ssb-v2-block,mlp,protocol-v3,0.6,128,2,3,152,0.001476708974223584,0.005470958014484495,791494656,0.375
b4510cca2b29d002,cifar10,ssb-v2-block,mlp,protocol-v3,0.6,128,2,3,153,0.001414583995938301,0.006096916971728206,791494656,0.40625
b4510cca2b29d002,cifar10,ssb-v2-block,mlp,protocol-v3,0.6,128,2,3,154,0.001476750010624528,0.005786792025901377,791511040,0.3828125
b4510cca2b29d002,cifar10,ssb-v2-block,mlp,protocol-v3,0.6,128,2,3,155,0.0013741659931838512,0.005927541991695762,791511040,0.4453125
b4510cca2b29d002,cifar10,ssb-v2-block,mlp,protocol-v3,0.6,128,2,3,156,0.0014063750277273357,0.005809291964396834,791511040,0.390625
b4510cca2b29d002,cifar10,ssb-v2-block,mlp,protocol-v3,0.6,128,2,3,157,0.001405165996402502,0.006064708053600043,791511040,0.3125
b4510cca2b29d002,cifar10,ssb-v2-block,mlp,protocol-v3,0.6,128,2,3,158,0.0014200419536791742,0.006609082978684455,791511040,0.3828125
b4510cca2b29d002,cifar10,ssb-v2-block,mlp,protocol-v3,0.6,128,2,3,159,0.0014737919555045664,0.005722790956497192,791511040,0.4921875
b4510cca2b29d002,cifar10,ssb-v2-block,mlp,protocol-v3,0.6,128,2,3,160,0.0014805840328335762,0.005276124982628971,791511040,0.375
b4510cca2b29d002,cifar10,ssb-v2-block,mlp,protocol-v3,0.6,128,2,3,161,0.0014195829862728715,0.00539670797297731,791511040,0.453125
b4510cca2b29d002,cifar10,ssb-v2-block,mlp,protocol-v3,0.6,128,2,3,162,0.0014609169447794557,0.004555041959974915,791511040,0.40625
b4510cca2b29d002,cifar10,ssb-v2-block,mlp,protocol-v3,0.6,128,2,3,163,0.0014163749874569476,0.006070542032830417,791511040,0.3515625
b4510cca2b29d002,cifar10,ssb-v2-block,mlp,protocol-v3,0.6,128,2,3,164,0.0014005000120960176,0.005543708975892514,791511040,0.328125
b4510cca2b29d002,cifar10,ssb-v2-block,mlp,protocol-v3,0.6,128,2,3,165,0.0014172919909469783,0.005016667011659592,791527424,0.40625
b4510cca2b29d002,cifar10,ssb-v2-block,mlp,protocol-v3,0.6,128,2,3,166,0.0014778749900870025,0.005831292015500367,791527424,0.421875
b4510cca2b29d002,cifar10,ssb-v2-block,mlp,protocol-v3,0.6,128,2,3,167,0.0014628749922849238,0.006349916977342218,791543808,0.390625
b4510cca2b29d002,cifar10,ssb-v2-block,mlp,protocol-v3,0.6,128,2,3,168,0.00148154201451689,0.004828667035326362,791543808,0.4140625
b4510cca2b29d002,cifar10,ssb-v2-block,mlp,protocol-v3,0.6,128,2,3,169,0.0014099999680183828,0.005467207985930145,791560192,0.390625
b4510cca2b29d002,cifar10,ssb-v2-block,mlp,protocol-v3,0.6,128,2,3,170,0.001390709017869085,0.005750375043135136,791560192,0.3515625
b4510cca2b29d002,cifar10,ssb-v2-block,mlp,protocol-v3,0.6,128,2,3,171,0.0014664580230601132,0.005241583043243736,791560192,0.359375
b4510cca2b29d002,cifar10,ssb-v2-block,mlp,protocol-v3,0.6,128,2,3,172,0.001479583967011422,0.0057152920053340495,791576576,0.40625
b4510cca2b29d002,cifar10,ssb-v2-block,mlp,protocol-v3,0.6,128,2,3,173,0.0014075420331209898,0.005439833039417863,791576576,0.390625
b4510cca2b29d002,cifar10,ssb-v2-block,mlp,protocol-v3,0.6,128,2,3,174,0.0014278329908847809,0.00577879196498543,791576576,0.3671875
b4510cca2b29d002,cifar10,ssb-v2-block,mlp,protocol-v3,0.6,128,2,3,175,0.001404374954290688,0.006182791024912149,791576576,0.40625
b4510cca2b29d002,cifar10,ssb-v2-block,mlp,protocol-v3,0.6,128,2,3,176,0.0013766670017503202,0.005601082986686379,791576576,0.40625
b4510cca2b29d002,cifar10,ssb-v2-block,mlp,protocol-v3,0.6,128,2,3,177,0.0014145830064080656,0.005268084001727402,791576576,0.3984375
b4510cca2b29d002,cifar10,ssb-v2-block,mlp,protocol-v3,0.6,128,2,3,178,0.0014816249604336917,0.005542958970181644,791576576,0.4609375
b4510cca2b29d002,cifar10,ssb-v2-block,mlp,protocol-v3,0.6,128,2,3,179,0.0014655409613624215,0.004579583008307964,791576576,0.421875
b4510cca2b29d002,cifar10,ssb-v2-block,mlp,protocol-v3,0.6,128,2,3,180,0.0013705000164918602,0.005155917024239898,791576576,0.421875
b4510cca2b29d002,cifar10,ssb-v2-block,mlp,protocol-v3,0.6,128,2,3,181,0.0014649580116383731,0.0060917920200154185,791576576,0.359375
b4510cca2b29d002,cifar10,ssb-v2-block,mlp,protocol-v3,0.6,128,2,3,182,0.0014918750384822488,0.005731249984819442,791576576,0.46875
b4510cca2b29d002,cifar10,ssb-v2-block,mlp,protocol-v3,0.6,128,2,3,183,0.0014736250159330666,0.0056320420117117465,791576576,0.3828125
b4510cca2b29d002,cifar10,ssb-v2-block,mlp,protocol-v3,0.6,128,2,3,184,0.0014050000463612378,0.0057663339539431036,791576576,0.4375
b4510cca2b29d002,cifar10,ssb-v2-block,mlp,protocol-v3,0.6,128,2,3,185,0.001392750011291355,0.005282291967887431,791576576,0.4140625
b4510cca2b29d002,cifar10,ssb-v2-block,mlp,protocol-v3,0.6,128,2,3,186,0.0013803750043734908,0.006158708012662828,791592960,0.46875
b4510cca2b29d002,cifar10,ssb-v2-block,mlp,protocol-v3,0.6,128,2,3,187,0.0013772909878753126,0.005067957972642034,791592960,0.4609375
b4510cca2b29d002,cifar10,ssb-v2-block,mlp,protocol-v3,0.6,128,2,3,188,0.0014780830242671072,0.006639041006565094,791592960,0.40625
b4510cca2b29d002,cifar10,ssb-v2-block,mlp,protocol-v3,0.6,128,2,3,189,0.0014047500444576144,0.00457504199584946,791592960,0.3984375
b4510cca2b29d002,cifar10,ssb-v2-block,mlp,protocol-v3,0.6,128,2,3,190,0.001406207971740514,0.005344291974324733,791592960,0.515625
b4510cca2b29d002,cifar10,ssb-v2-block,mlp,protocol-v3,0.6,128,2,3,191,0.0013828749652020633,0.006067040958441794,791592960,0.453125
b4510cca2b29d002,cifar10,ssb-v2-block,mlp,protocol-v3,0.6,128,2,3,192,0.0013937919866293669,0.006069499999284744,791592960,0.3515625
b4510cca2b29d002,cifar10,ssb-v2-block,mlp,protocol-v3,0.6,128,2,3,193,0.0013756669941358268,0.006908999988809228,791609344,0.390625
b4510cca2b29d002,cifar10,ssb-v2-block,mlp,protocol-v3,0.6,128,2,3,194,0.0014657910214737058,0.00611299998126924,791609344,0.375
b4510cca2b29d002,cifar10,ssb-v2-block,mlp,protocol-v3,0.6,128,2,3,195,0.0014452500035986304,0.004657499957829714,791609344,0.3203125
b4510cca2b29d002,cifar10,ssb-v2-block,mlp,protocol-v3,0.6,128,2,3,196,0.0013957920018583536,0.006105459004174918,791609344,0.359375
b4510cca2b29d002,cifar10,ssb-v2-block,mlp,protocol-v3,0.6,128,2,3,197,0.0013804580084979534,0.0058717079809866846,791609344,0.4453125
b4510cca2b29d002,cifar10,ssb-v2-block,mlp,protocol-v3,0.6,128,2,3,198,0.0014490829780697823,0.005983375012874603,791609344,0.390625
b4510cca2b29d002,cifar10,ssb-v2-block,mlp,protocol-v3,0.6,128,2,3,199,0.0013874579453840852,0.006517791945952922,791609344,0.3984375
b4510cca2b29d002,cifar10,ssb-v2-block,mlp,protocol-v3,0.6,128,2,3,200,0.001413084042724222,0.005881457997020334,791609344,0.4765625
b4510cca2b29d002,cifar10,ssb-v2-block,mlp,protocol-v3,0.6,128,2,3,201,0.001360874972306192,0.0062303750310093164,791609344,0.3828125
b4510cca2b29d002,cifar10,ssb-v2-block,mlp,protocol-v3,0.6,128,2,3,202,0.0014149589696899056,0.0054818750359117985,791609344,0.421875
b4510cca2b29d002,cifar10,ssb-v2-block,mlp,protocol-v3,0.6,128,2,3,203,0.0013972920132800937,0.006207750004250556,791609344,0.3828125
b4510cca2b29d002,cifar10,ssb-v2-block,mlp,protocol-v3,0.6,128,2,3,204,0.0014052079641260207,0.006491208972875029,791609344,0.375
b4510cca2b29d002,cifar10,ssb-v2-block,mlp,protocol-v3,0.6,128,2,3,205,0.0014660829911008477,0.005870499997399747,791609344,0.4375
b4510cca2b29d002,cifar10,ssb-v2-block,mlp,protocol-v3,0.6,128,2,3,206,0.0014697089791297913,0.005456291022710502,791609344,0.5
b4510cca2b29d002,cifar10,ssb-v2-block,mlp,protocol-v3,0.6,128,2,3,207,0.0014022919931448996,0.004929292015731335,791609344,0.328125
b4510cca2b29d002,cifar10,ssb-v2-block,mlp,protocol-v3,0.6,128,2,3,208,0.001481874962337315,0.0060298750177025795,791609344,0.4765625
b4510cca2b29d002,cifar10,ssb-v2-block,mlp,protocol-v3,0.6,128,2,3,209,0.0014783339574933052,0.005110250029247254,791609344,0.359375
b4510cca2b29d002,cifar10,ssb-v2-block,mlp,protocol-v3,0.6,128,2,3,210,0.001449291012249887,0.005698583961930126,791609344,0.40625
b4510cca2b29d002,cifar10,ssb-v2-block,mlp,protocol-v3,0.6,128,2,3,211,0.0014039169764146209,0.006226792000234127,791625728,0.421875
b4510cca2b29d002,cifar10,ssb-v2-block,mlp,protocol-v3,0.6,128,2,3,212,0.0014179170248098671,0.005591207998804748,791625728,0.359375
b4510cca2b29d002,cifar10,ssb-v2-block,mlp,protocol-v3,0.6,128,2,3,213,0.0014082079869695008,0.006019666965585202,791625728,0.4140625
b4510cca2b29d002,cifar10,ssb-v2-block,mlp,protocol-v3,0.6,128,2,3,214,0.001376583008095622,0.00655004195868969,791625728,0.390625
b4510cca2b29d002,cifar10,ssb-v2-block,mlp,protocol-v3,0.6,128,2,3,215,0.0014235000126063824,0.00616870797239244,791625728,0.3671875
b4510cca2b29d002,cifar10,ssb-v2-block,mlp,protocol-v3,0.6,128,2,3,216,0.001420707965735346,0.004919166036415845,791625728,0.4609375
b4510cca2b29d002,cifar10,ssb-v2-block,mlp,protocol-v3,0.6,128,2,3,217,0.001357083034235984,0.005847208958584815,791625728,0.3515625
b4510cca2b29d002,cifar10,ssb-v2-block,mlp,protocol-v3,0.6,128,2,3,218,0.0014025839627720416,0.005963542032986879,791642112,0.3359375
b4510cca2b29d002,cifar10,ssb-v2-block,mlp,protocol-v3,0.6,128,2,3,219,0.0013987910351715982,0.005502208019606769,791642112,0.453125
b4510cca2b29d002,cifar10,ssb-v2-block,mlp,protocol-v3,0.6,128,2,3,220,0.0014691659598611295,0.005293166963383555,791642112,0.421875
b4510cca2b29d002,cifar10,ssb-v2-block,mlp,protocol-v3,0.6,128,2,3,221,0.0014548749895766377,0.006897292041685432,791642112,0.4140625
b4510cca2b29d002,cifar10,ssb-v2-block,mlp,protocol-v3,0.6,128,2,3,222,0.0014457920333370566,0.00617416703607887,791642112,0.359375
b4510cca2b29d002,cifar10,ssb-v2-block,mlp,protocol-v3,0.6,128,2,3,223,0.0013900839840061963,0.0063842079835012555,791642112,0.390625
b4510cca2b29d002,cifar10,ssb-v2-block,mlp,protocol-v3,0.6,128,2,3,224,0.0014193329843692482,0.005446749972179532,791658496,0.3984375
b4510cca2b29d002,cifar10,ssb-v2-block,mlp,protocol-v3,0.6,128,2,3,225,0.0014367919648066163,0.006324333953671157,791658496,0.3671875
b4510cca2b29d002,cifar10,ssb-v2-block,mlp,protocol-v3,0.6,128,2,3,226,0.0014126670430414379,0.006700375000946224,791658496,0.390625
b4510cca2b29d002,cifar10,ssb-v2-block,mlp,protocol-v3,0.6,128,2,3,227,0.0014599579735659063,0.00535975000821054,791658496,0.359375
b4510cca2b29d002,cifar10,ssb-v2-block,mlp,protocol-v3,0.6,128,2,3,228,0.0014698749873787165,0.005740332999266684,791674880,0.4453125
b4510cca2b29d002,cifar10,ssb-v2-block,mlp,protocol-v3,0.6,128,2,3,229,0.001449582981877029,0.005679166002664715,791674880,0.34375
b4510cca2b29d002,cifar10,ssb-v2-block,mlp,protocol-v3,0.6,128,2,3,230,0.0014099580002948642,0.006474916997831315,791674880,0.421875
b4510cca2b29d002,cifar10,ssb-v2-block,mlp,protocol-v3,0.6,128,2,3,231,0.0014707499649375677,0.004649500013329089,791674880,0.4140625
b4510cca2b29d002,cifar10,ssb-v2-block,mlp,protocol-v3,0.6,128,2,3,232,0.0014331249985843897,0.005667459045071155,791674880,0.390625
b4510cca2b29d002,cifar10,ssb-v2-block,mlp,protocol-v3,0.6,128,2,3,233,0.0015767919830977917,0.005193041986785829,791674880,0.4765625
b4510cca2b29d002,cifar10,ssb-v2-block,mlp,protocol-v3,0.6,128,2,3,234,0.001456082973163575,0.006348625000100583,791674880,0.3515625
b4510cca2b29d002,cifar10,ssb-v2-block,mlp,protocol-v3,0.6,128,2,3,235,0.001443374960217625,0.004434000002220273,791674880,0.4921875
b4510cca2b29d002,cifar10,ssb-v2-block,mlp,protocol-v3,0.6,128,2,3,236,0.0014353340375237167,0.006601125001907349,791674880,0.328125
b4510cca2b29d002,cifar10,ssb-v2-block,mlp,protocol-v3,0.6,128,2,3,237,0.0013507090043276548,0.006557375018019229,791674880,0.3359375
b4510cca2b29d002,cifar10,ssb-v2-block,mlp,protocol-v3,0.6,128,2,3,238,0.0014509590109810233,0.005995417013764381,791674880,0.3515625
b4510cca2b29d002,cifar10,ssb-v2-block,mlp,protocol-v3,0.6,128,2,3,239,0.0014307499513961375,0.004397958982735872,791674880,0.4296875
b4510cca2b29d002,cifar10,ssb-v2-block,mlp,protocol-v3,0.6,128,2,3,240,0.0013969169813208282,0.005875208997167647,791674880,0.40625
b4510cca2b29d002,cifar10,ssb-v2-block,mlp,protocol-v3,0.6,128,2,3,241,0.0014001249801367521,0.005914249981287867,791674880,0.421875
b4510cca2b29d002,cifar10,ssb-v2-block,mlp,protocol-v3,0.6,128,2,3,242,0.0014130829949863255,0.005066541023552418,791674880,0.3828125
b4510cca2b29d002,cifar10,ssb-v2-block,mlp,protocol-v3,0.6,128,2,3,243,0.0013541250373236835,0.00667695899028331,791691264,0.3515625
b4510cca2b29d002,cifar10,ssb-v2-block,mlp,protocol-v3,0.6,128,2,3,244,0.0013777089770883322,0.005700166977476329,791707648,0.3984375
b4510cca2b29d002,cifar10,ssb-v2-block,mlp,protocol-v3,0.6,128,2,3,245,0.0020253339898772538,0.006599999964237213,791707648,0.390625
b4510cca2b29d002,cifar10,ssb-v2-block,mlp,protocol-v3,0.6,128,2,3,246,0.001397125015500933,0.005415832973085344,791707648,0.4140625
b4510cca2b29d002,cifar10,ssb-v2-block,mlp,protocol-v3,0.6,128,2,3,247,0.00140224996721372,0.005241625010967255,791724032,0.3984375
b4510cca2b29d002,cifar10,ssb-v2-block,mlp,protocol-v3,0.6,128,2,3,248,0.0014584580203518271,0.006353541975840926,791724032,0.3984375
b4510cca2b29d002,cifar10,ssb-v2-block,mlp,protocol-v3,0.6,128,2,3,249,0.0014805409591645002,0.006197958020493388,791724032,0.4296875
b4510cca2b29d002,cifar10,ssb-v2-block,mlp,protocol-v3,0.6,128,2,3,250,0.0013940839562565088,0.0060313750291243196,791740416,0.3515625
b4510cca2b29d002,cifar10,ssb-v2-block,mlp,protocol-v3,0.6,128,2,3,251,0.001392124977428466,0.0057927079615183175,791740416,0.421875
b4510cca2b29d002,cifar10,ssb-v2-block,mlp,protocol-v3,0.6,128,2,3,252,0.0013750409707427025,0.007022042002063245,791740416,0.4296875
b4510cca2b29d002,cifar10,ssb-v2-block,mlp,protocol-v3,0.6,128,2,3,253,0.0014083340065553784,0.005562792008277029,791740416,0.2890625
b4510cca2b29d002,cifar10,ssb-v2-block,mlp,protocol-v3,0.6,128,2,3,254,0.0014193750103004277,0.005509083974175155,791740416,0.421875
b4510cca2b29d002,cifar10,ssb-v2-block,mlp,protocol-v3,0.6,128,2,3,255,0.0013855000142939389,0.005328458966687322,791740416,0.40625
b4510cca2b29d002,cifar10,ssb-v2-block,mlp,protocol-v3,0.6,128,2,3,256,0.0015021669678390026,0.005420624976977706,791740416,0.3828125
b4510cca2b29d002,cifar10,ssb-v2-block,mlp,protocol-v3,0.6,128,2,3,257,0.0014070830075070262,0.005147832969669253,791740416,0.3515625
b4510cca2b29d002,cifar10,ssb-v2-block,mlp,protocol-v3,0.6,128,2,3,258,0.0013846249785274267,0.005348458013031632,791740416,0.328125
b4510cca2b29d002,cifar10,ssb-v2-block,mlp,protocol-v3,0.6,128,2,3,259,0.0014610830112360418,0.006252542021684349,791740416,0.34375
b4510cca2b29d002,cifar10,ssb-v2-block,mlp,protocol-v3,0.6,128,2,3,260,0.0013602919643744826,0.005900833988562226,791756800,0.328125
b4510cca2b29d002,cifar10,ssb-v2-block,mlp,protocol-v3,0.6,128,2,3,261,0.001475416007451713,0.006053582997992635,791756800,0.40625
b4510cca2b29d002,cifar10,ssb-v2-block,mlp,protocol-v3,0.6,128,2,3,262,0.0014592080260626972,0.0058579170145094395,791773184,0.3359375
b4510cca2b29d002,cifar10,ssb-v2-block,mlp,protocol-v3,0.6,128,2,3,263,0.0014692500117234886,0.006192916014697403,791773184,0.390625
b4510cca2b29d002,cifar10,ssb-v2-block,mlp,protocol-v3,0.6,128,2,3,264,0.0014665840426459908,0.004384208004921675,791773184,0.4453125
b4510cca2b29d002,cifar10,ssb-v2-block,mlp,protocol-v3,0.6,128,2,3,265,0.0013998330105096102,0.005796124984044582,791789568,0.40625
b4510cca2b29d002,cifar10,ssb-v2-block,mlp,protocol-v3,0.6,128,2,3,266,0.0013929590350016952,0.005466583010274917,791789568,0.359375
b4510cca2b29d002,cifar10,ssb-v2-block,mlp,protocol-v3,0.6,128,2,3,267,0.0014459589729085565,0.005466167000122368,791789568,0.4140625
b4510cca2b29d002,cifar10,ssb-v2-block,mlp,protocol-v3,0.6,128,2,3,268,0.0016028750105760992,0.006746708997525275,791789568,0.421875
b4510cca2b29d002,cifar10,ssb-v2-block,mlp,protocol-v3,0.6,128,2,3,269,0.0014664579648524523,0.006614874990191311,791789568,0.390625
b4510cca2b29d002,cifar10,ssb-v2-block,mlp,protocol-v3,0.6,128,2,3,270,0.001408749958500266,0.00580945797264576,791789568,0.375
b4510cca2b29d002,cifar10,ssb-v2-block,mlp,protocol-v3,0.6,128,2,3,271,0.001383459020871669,0.005847332999110222,791789568,0.4609375
b4510cca2b29d002,cifar10,ssb-v2-block,mlp,protocol-v3,0.6,128,2,3,272,0.0014444999978877604,0.005799458012916148,791789568,0.4140625
b4510cca2b29d002,cifar10,ssb-v2-block,mlp,protocol-v3,0.6,128,2,3,273,0.0014691660180687904,0.006028625008184463,791789568,0.3203125
b4510cca2b29d002,cifar10,ssb-v2-block,mlp,protocol-v3,0.6,128,2,3,274,0.0014787499676458538,0.006081291998270899,791789568,0.4453125
b4510cca2b29d002,cifar10,ssb-v2-block,mlp,protocol-v3,0.6,128,2,3,275,0.0013725000317208469,0.005256917036604136,791789568,0.46875
b4510cca2b29d002,cifar10,ssb-v2-block,mlp,protocol-v3,0.6,128,2,3,276,0.001462250016629696,0.006138750002719462,791789568,0.3984375
b4510cca2b29d002,cifar10,ssb-v2-block,mlp,protocol-v3,0.6,128,2,3,277,0.0014132080250419676,0.005577207950409502,791789568,0.421875
b4510cca2b29d002,cifar10,ssb-v2-block,mlp,protocol-v3,0.6,128,2,3,278,0.001410250028129667,0.0061257920460775495,791789568,0.4296875
b4510cca2b29d002,cifar10,ssb-v2-block,mlp,protocol-v3,0.6,128,2,3,279,0.0014583750162273645,0.005067166988737881,791789568,0.3828125
b4510cca2b29d002,cifar10,ssb-v2-block,mlp,protocol-v3,0.6,128,2,3,280,0.0014026249991729856,0.006752624991349876,791805952,0.390625
b4510cca2b29d002,cifar10,ssb-v2-block,mlp,protocol-v3,0.6,128,2,3,281,0.0014697919832542539,0.005675665976013988,791805952,0.3359375
b4510cca2b29d002,cifar10,ssb-v2-block,mlp,protocol-v3,0.6,128,2,3,282,0.001497458026278764,0.006568583019543439,791805952,0.453125
b4510cca2b29d002,cifar10,ssb-v2-block,mlp,protocol-v3,0.6,128,2,3,283,0.0014629170182161033,0.00580049998825416,791805952,0.3984375
b4510cca2b29d002,cifar10,ssb-v2-block,mlp,protocol-v3,0.6,128,2,3,284,0.0014604169991798699,0.005642624979373068,791805952,0.3359375
b4510cca2b29d002,cifar10,ssb-v2-block,mlp,protocol-v3,0.6,128,2,3,285,0.0014593329979106784,0.0045910420012660325,791805952,0.359375
b4510cca2b29d002,cifar10,ssb-v2-block,mlp,protocol-v3,0.6,128,2,3,286,0.0013834999990649521,0.00634708401048556,791805952,0.4140625
b4510cca2b29d002,cifar10,ssb-v2-block,mlp,protocol-v3,0.6,128,2,3,287,0.0014466670108959079,0.00543433305574581,791805952,0.390625
b4510cca2b29d002,cifar10,ssb-v2-block,mlp,protocol-v3,0.6,128,2,3,288,0.0014737910241819918,0.005282041965983808,791805952,0.484375
b4510cca2b29d002,cifar10,ssb-v2-block,mlp,protocol-v3,0.6,128,2,3,289,0.001463749969843775,0.006395582982804626,791822336,0.3984375
b4510cca2b29d002,cifar10,ssb-v2-block,mlp,protocol-v3,0.6,128,2,3,290,0.001465582987293601,0.004197250003926456,791822336,0.3203125
b4510cca2b29d002,cifar10,ssb-v2-block,mlp,protocol-v3,0.6,128,2,3,291,0.0013659580145031214,0.005323041987139732,791822336,0.3671875
b4510cca2b29d002,cifar10,ssb-v2-block,mlp,protocol-v3,0.6,128,2,3,292,0.001463084015995264,0.005380707967560738,791855104,0.3515625
b4510cca2b29d002,cifar10,ssb-v2-block,mlp,protocol-v3,0.6,128,2,3,293,0.0014798340271227062,0.00593020801898092,791855104,0.3828125
b4510cca2b29d002,cifar10,ssb-v2-block,mlp,protocol-v3,0.6,128,2,3,294,0.0014722089981660247,0.006556415988598019,791855104,0.4453125
b4510cca2b29d002,cifar10,ssb-v2-block,mlp,protocol-v3,0.6,128,2,3,295,0.0014613749808631837,0.005370583035983145,791855104,0.40625
b4510cca2b29d002,cifar10,ssb-v2-block,mlp,protocol-v3,0.6,128,2,3,296,0.001464499975554645,0.006265542004257441,791855104,0.390625
b4510cca2b29d002,cifar10,ssb-v2-block,mlp,protocol-v3,0.6,128,2,3,297,0.0014621249865740538,0.00547279097372666,791887872,0.40625
b4510cca2b29d002,cifar10,ssb-v2-block,mlp,protocol-v3,0.6,128,2,3,298,0.0014718750026077032,0.004822125018108636,791887872,0.34375
b4510cca2b29d002,cifar10,ssb-v2-block,mlp,protocol-v3,0.6,128,2,3,299,0.0013829160016030073,0.004873832978773862,791887872,0.4296875
b4510cca2b29d002,cifar10,ssb-v2-block,mlp,protocol-v3,0.6,128,2,3,300,0.0014164590393193066,0.005431584024336189,791887872,0.359375
b4510cca2b29d002,cifar10,ssb-v2-block,mlp,protocol-v3,0.6,128,2,3,301,0.001432291988749057,0.005574791983235627,791904256,0.3671875
b4510cca2b29d002,cifar10,ssb-v2-block,mlp,protocol-v3,0.6,128,2,3,302,0.0013777079875580966,0.00598237500526011,791904256,0.359375
b4510cca2b29d002,cifar10,ssb-v2-block,mlp,protocol-v3,0.6,128,2,3,303,0.001376959029585123,0.005194917030166835,791904256,0.3203125
b4510cca2b29d002,cifar10,ssb-v2-block,mlp,protocol-v3,0.6,128,2,3,304,0.0014665829949080944,0.006891500030178577,791904256,0.3203125
b4510cca2b29d002,cifar10,ssb-v2-block,mlp,protocol-v3,0.6,128,2,3,305,0.0013784170150756836,0.005558624980039895,791904256,0.4296875
b4510cca2b29d002,cifar10,ssb-v2-block,mlp,protocol-v3,0.6,128,2,3,306,0.0014697500155307353,0.005613291985355318,791904256,0.3671875
b4510cca2b29d002,cifar10,ssb-v2-block,mlp,protocol-v3,0.6,128,2,3,307,0.0014642919995822012,0.004667625005822629,791904256,0.40625
b4510cca2b29d002,cifar10,ssb-v2-block,mlp,protocol-v3,0.6,128,2,3,308,0.0013805420021526515,0.005261833022814244,791904256,0.3828125
b4510cca2b29d002,cifar10,ssb-v2-block,mlp,protocol-v3,0.6,128,2,3,309,0.0014603749732486904,0.0062716249958612025,791904256,0.296875
b4510cca2b29d002,cifar10,ssb-v2-block,mlp,protocol-v3,0.6,128,2,3,310,0.0014684589696116745,0.006565790972672403,791904256,0.4375
b4510cca2b29d002,cifar10,ssb-v2-block,mlp,protocol-v3,0.6,128,2,3,311,0.0014066249714232981,0.006079959042835981,791904256,0.3203125
b4510cca2b29d002,cifar10,ssb-v2-block,mlp,protocol-v3,0.6,128,2,3,312,0.0014034580090083182,0.005474208039231598,791904256,0.453125
b4510cca2b29d002,cifar10,ssb-v2-block,mlp,protocol-v3,0.6,128,2,3,313,0.001373999984934926,0.0060830829897895455,791904256,0.3359375
b4510cca2b29d002,cifar10,ssb-v2-block,mlp,protocol-v3,0.6,128,2,3,314,0.0014005000120960176,0.006548417033627629,791904256,0.2734375
b4510cca2b29d002,cifar10,ssb-v2-block,mlp,protocol-v3,0.6,128,2,3,315,0.001400332956109196,0.006510749983135611,791904256,0.34375
b4510cca2b29d002,cifar10,ssb-v2-block,mlp,protocol-v3,0.6,128,2,3,316,0.0014682079781778157,0.005776583042461425,791904256,0.3984375
b4510cca2b29d002,cifar10,ssb-v2-block,mlp,protocol-v3,0.6,128,2,3,317,0.0014580409624613822,0.005507584020961076,791904256,0.2890625
b4510cca2b29d002,cifar10,ssb-v2-block,mlp,protocol-v3,0.6,128,2,3,318,0.0014404589892365038,0.0059462920180521905,791920640,0.3828125
b4510cca2b29d002,cifar10,ssb-v2-block,mlp,protocol-v3,0.6,128,2,3,319,0.0014112500357441604,0.005265207961201668,791937024,0.375
b4510cca2b29d002,cifar10,ssb-v2-block,mlp,protocol-v3,0.6,128,2,3,320,0.0013597909710370004,0.005883542005904019,791937024,0.3515625
b4510cca2b29d002,cifar10,ssb-v2-block,mlp,protocol-v3,0.6,128,2,3,321,0.001467082998715341,0.006032291974406689,791937024,0.34375
b4510cca2b29d002,cifar10,ssb-v2-block,mlp,protocol-v3,0.6,128,2,3,322,0.00136208301410079,0.006424708990380168,791937024,0.3984375
b4510cca2b29d002,cifar10,ssb-v2-block,mlp,protocol-v3,0.6,128,2,3,323,0.0013991250307299197,0.007032625027932227,791937024,0.3515625
b4510cca2b29d002,cifar10,ssb-v2-block,mlp,protocol-v3,0.6,128,2,3,324,0.0014820420183241367,0.006157875002827495,791937024,0.4375
b4510cca2b29d002,cifar10,ssb-v2-block,mlp,protocol-v3,0.6,128,2,3,325,0.001428999996278435,0.006360750005114824,791937024,0.3828125
b4510cca2b29d002,cifar10,ssb-v2-block,mlp,protocol-v3,0.6,128,2,3,326,0.0014838330098427832,0.006306833995040506,791937024,0.359375
b4510cca2b29d002,cifar10,ssb-v2-block,mlp,protocol-v3,0.6,128,2,3,327,0.0013991669984534383,0.005218291946221143,791937024,0.390625
b4510cca2b29d002,cifar10,ssb-v2-block,mlp,protocol-v3,0.6,128,2,3,328,0.0014792500296607614,0.005570916982833296,791937024,0.3828125
b4510cca2b29d002,cifar10,ssb-v2-block,mlp,protocol-v3,0.6,128,2,3,329,0.0013510000426322222,0.006446957995649427,791953408,0.40625
b4510cca2b29d002,cifar10,ssb-v2-block,mlp,protocol-v3,0.6,128,2,3,330,0.0014866670244373381,0.006447500025387853,791953408,0.40625
b4510cca2b29d002,cifar10,ssb-v2-block,mlp,protocol-v3,0.6,128,2,3,331,0.001468417001888156,0.005766000016592443,791953408,0.375
b4510cca2b29d002,cifar10,ssb-v2-block,mlp,protocol-v3,0.6,128,2,3,332,0.001477207988500595,0.0052191250142641366,791953408,0.375
b4510cca2b29d002,cifar10,ssb-v2-block,mlp,protocol-v3,0.6,128,2,3,333,0.001460790983401239,0.0054533330257982016,791953408,0.3984375
b4510cca2b29d002,cifar10,ssb-v2-block,mlp,protocol-v3,0.6,128,2,3,334,0.0014419159851968288,0.0049258749932050705,791953408,0.453125
b4510cca2b29d002,cifar10,ssb-v2-block,mlp,protocol-v3,0.6,128,2,3,335,0.0014163340092636645,0.006859166023787111,791953408,0.359375
b4510cca2b29d002,cifar10,ssb-v2-block,mlp,protocol-v3,0.6,128,2,3,336,0.001616833033040166,0.0047757080174051225,791953408,0.328125
b4510cca2b29d002,cifar10,ssb-v2-block,mlp,protocol-v3,0.6,128,2,3,337,0.0014249589876271784,0.0063433339819312096,791953408,0.3203125
b4510cca2b29d002,cifar10,ssb-v2-block,mlp,protocol-v3,0.6,128,2,3,338,0.0014713749988004565,0.004789500031620264,791953408,0.3984375
b4510cca2b29d002,cifar10,ssb-v2-block,mlp,protocol-v3,0.6,128,2,3,339,0.0013848330127075315,0.005832542025018483,791953408,0.3828125
b4510cca2b29d002,cifar10,ssb-v2-block,mlp,protocol-v3,0.6,128,2,3,340,0.0014792080037295818,0.005651624989695847,791953408,0.390625
b4510cca2b29d002,cifar10,ssb-v2-block,mlp,protocol-v3,0.6,128,2,3,341,0.0014888329897075891,0.004751874948851764,791953408,0.4453125
b4510cca2b29d002,cifar10,ssb-v2-block,mlp,protocol-v3,0.6,128,2,3,342,0.0014111250056885183,0.005766083020716906,791953408,0.453125
b4510cca2b29d002,cifar10,ssb-v2-block,mlp,protocol-v3,0.6,128,2,3,343,0.0014648340293206275,0.006867417017929256,791953408,0.4140625
b4510cca2b29d002,cifar10,ssb-v2-block,mlp,protocol-v3,0.6,128,2,3,344,0.0014792089932598174,0.0060208750073798,791986176,0.4609375
b4510cca2b29d002,cifar10,ssb-v2-block,mlp,protocol-v3,0.6,128,2,3,345,0.0014653329853899777,0.005147624993696809,791986176,0.421875
b4510cca2b29d002,cifar10,ssb-v2-block,mlp,protocol-v3,0.6,128,2,3,346,0.0014228340005502105,0.006457375013269484,791986176,0.359375
b4510cca2b29d002,cifar10,ssb-v2-block,mlp,protocol-v3,0.6,128,2,3,347,0.001468125032261014,0.005437125044409186,791986176,0.4453125
b4510cca2b29d002,cifar10,ssb-v2-block,mlp,protocol-v3,0.6,128,2,3,348,0.0016166249988600612,0.004734041984193027,791986176,0.4140625
b4510cca2b29d002,cifar10,ssb-v2-block,mlp,protocol-v3,0.6,128,2,3,349,0.0014114999794401228,0.00688645796617493,792002560,0.3515625
b4510cca2b29d002,cifar10,ssb-v2-block,mlp,protocol-v3,0.6,128,2,3,350,0.001416333019733429,0.0060906659928150475,792002560,0.40625
b4510cca2b29d002,cifar10,ssb-v2-block,mlp,protocol-v3,0.6,128,2,3,351,0.0014794159797020257,0.006148665968794376,792018944,0.421875
b4510cca2b29d002,cifar10,ssb-v2-block,mlp,protocol-v3,0.6,128,2,3,352,0.0014592499937862158,0.0059252079809084535,792018944,0.3984375
b4510cca2b29d002,cifar10,ssb-v2-block,mlp,protocol-v3,0.6,128,2,3,353,0.001476834004279226,0.00682783400407061,792018944,0.4375
b4510cca2b29d002,cifar10,ssb-v2-block,mlp,protocol-v3,0.6,128,2,3,354,0.0014379170024767518,0.005550833011511713,792035328,0.375
b4510cca2b29d002,cifar10,ssb-v2-block,mlp,protocol-v3,0.6,128,2,3,355,0.0013507080147974193,0.006540375004988164,792035328,0.390625
b4510cca2b29d002,cifar10,ssb-v2-block,mlp,protocol-v3,0.6,128,2,3,356,0.0014183340244926512,0.0063332500285468996,792035328,0.3984375
b4510cca2b29d002,cifar10,ssb-v2-block,mlp,protocol-v3,0.6,128,2,3,357,0.001484417007304728,0.006291666009929031,792035328,0.40625
b4510cca2b29d002,cifar10,ssb-v2-block,mlp,protocol-v3,0.6,128,2,3,358,0.0014797080075368285,0.006333375000394881,792035328,0.3515625
b4510cca2b29d002,cifar10,ssb-v2-block,mlp,protocol-v3,0.6,128,2,3,359,0.0013678749673999846,0.0060562919825315475,792035328,0.5
b4510cca2b29d002,cifar10,ssb-v2-block,mlp,protocol-v3,0.6,128,2,3,360,0.0013847079826518893,0.006131292029749602,792035328,0.421875
b4510cca2b29d002,cifar10,ssb-v2-block,mlp,protocol-v3,0.6,128,2,3,361,0.0013879170292057097,0.0064678339986130595,792035328,0.46875
b4510cca2b29d002,cifar10,ssb-v2-block,mlp,protocol-v3,0.6,128,2,3,362,0.0014099169638939202,0.005865084007382393,792035328,0.4609375
b4510cca2b29d002,cifar10,ssb-v2-block,mlp,protocol-v3,0.6,128,2,3,363,0.001409167016390711,0.007049083011224866,792035328,0.4453125
b4510cca2b29d002,cifar10,ssb-v2-block,mlp,protocol-v3,0.6,128,2,3,364,0.0014580829883925617,0.005648208025377244,792035328,0.4453125
b4510cca2b29d002,cifar10,ssb-v2-block,mlp,protocol-v3,0.6,128,2,3,365,0.0014759579789824784,0.005859208991751075,792035328,0.4296875
b4510cca2b29d002,cifar10,ssb-v2-block,mlp,protocol-v3,0.6,128,2,3,366,0.001463749969843775,0.005467000009957701,792035328,0.375
b4510cca2b29d002,cifar10,ssb-v2-block,mlp,protocol-v3,0.6,128,2,3,367,0.0014659999869763851,0.00590687501244247,792035328,0.3984375
b4510cca2b29d002,cifar10,ssb-v2-block,mlp,protocol-v3,0.6,128,2,3,368,0.001403750036843121,0.006534999993164092,792035328,0.4453125
b4510cca2b29d002,cifar10,ssb-v2-block,mlp,protocol-v3,0.6,128,2,3,369,0.0014687090297229588,0.005849707988090813,792035328,0.3671875
b4510cca2b29d002,cifar10,ssb-v2-block,mlp,protocol-v3,0.6,128,2,3,370,0.0014835420297458768,0.006164584017824382,792035328,0.4140625
b4510cca2b29d002,cifar10,ssb-v2-block,mlp,protocol-v3,0.6,128,2,3,371,0.0014855420449748635,0.005899125011637807,792035328,0.4296875
b4510cca2b29d002,cifar10,ssb-v2-block,mlp,protocol-v3,0.6,128,2,3,372,0.0014782919897697866,0.006095542048569769,792051712,0.5
b4510cca2b29d002,cifar10,ssb-v2-block,mlp,protocol-v3,0.6,128,2,3,373,0.001492624985985458,0.00599433301249519,792051712,0.4453125
b4510cca2b29d002,cifar10,ssb-v2-block,mlp,protocol-v3,0.6,128,2,3,374,0.0013879589969292283,0.005637124995701015,792051712,0.453125
b4510cca2b29d002,cifar10,ssb-v2-block,mlp,protocol-v3,0.6,128,2,3,375,0.0014760419726371765,0.00643079198198393,792051712,0.359375
b4510cca2b29d002,cifar10,ssb-v2-block,mlp,protocol-v3,0.6,128,2,3,376,0.0014213750255294144,0.0050627500168047845,792051712,0.3671875
b4510cca2b29d002,cifar10,ssb-v2-block,mlp,protocol-v3,0.6,128,2,3,377,0.001423874986357987,0.006386958004441112,792051712,0.421875
b4510cca2b29d002,cifar10,ssb-v2-block,mlp,protocol-v3,0.6,128,2,3,378,0.001486582972574979,0.00615229201503098,792051712,0.3984375
b4510cca2b29d002,cifar10,ssb-v2-block,mlp,protocol-v3,0.6,128,2,3,379,0.0014822499942965806,0.005162708985153586,792051712,0.3671875
b4510cca2b29d002,cifar10,ssb-v2-block,mlp,protocol-v3,0.6,128,2,3,380,0.0014875829801894724,0.00574404199142009,792051712,0.3984375
b4510cca2b29d002,cifar10,ssb-v2-block,mlp,protocol-v3,0.6,128,2,3,381,0.0014740839833393693,0.005886957980692387,792068096,0.375
b4510cca2b29d002,cifar10,ssb-v2-block,mlp,protocol-v3,0.6,128,2,3,382,0.0014727499801665545,0.005108082958031446,792068096,0.34375
b4510cca2b29d002,cifar10,ssb-v2-block,mlp,protocol-v3,0.6,128,2,3,383,0.001425083028152585,0.0061232500011101365,792068096,0.4140625
b4510cca2b29d002,cifar10,ssb-v2-block,mlp,protocol-v3,0.6,128,2,3,384,0.0014769160188734531,0.006102957995608449,792068096,0.4609375
b4510cca2b29d002,cifar10,ssb-v2-block,mlp,protocol-v3,0.6,128,2,3,385,0.0014722920022904873,0.00582929200027138,792084480,0.453125
b4510cca2b29d002,cifar10,ssb-v2-block,mlp,protocol-v3,0.6,128,2,3,386,0.0014947500312700868,0.005873957998119295,792084480,0.375
b4510cca2b29d002,cifar10,ssb-v2-block,mlp,protocol-v3,0.6,128,2,3,387,0.0014042090042494237,0.005866749968845397,792084480,0.3828125
b4510cca2b29d002,cifar10,ssb-v2-block,mlp,protocol-v3,0.6,128,2,3,388,0.0014982909779064357,0.0056016670423559844,792084480,0.5078125
b4510cca2b29d002,cifar10,ssb-v2-block,mlp,protocol-v3,0.6,128,2,3,389,0.0014161249855533242,0.005753541016019881,792084480,0.4765625
b4510cca2b29d002,cifar10,ssb-v2-block,mlp,protocol-v3,0.6,128,2,3,390,0.0011805840185843408,0.017894458025693893,793853952,0.4875
