run_id,dataset,model,architecture,protocol_version,keep_ratio,block_size,seed,epoch,batch,forward_time_s,backward_time_s,memory_bytes,batch_accuracy
aa30a8d5c85be8d9,svhn,ssb-v2-block,mlp,protocol-v3,1.0,64,1,1,0,0.0575112079968676,0.048792791028972715,716275712,0.1015625
aa30a8d5c85be8d9,svhn,ssb-v2-block,mlp,protocol-v3,1.0,64,1,1,1,0.002551209006924182,0.013523583009373397,730300416,0.1171875
aa30a8d5c85be8d9,svhn,ssb-v2-block,mlp,protocol-v3,1.0,64,1,1,2,0.00237649999326095,0.009248166985344142,730447872,0.1953125
aa30a8d5c85be8d9,svhn,ssb-v2-block,mlp,protocol-v3,1.0,64,1,1,3,0.0014349169796332717,0.009572416020091623,730464256,0.0859375
aa30a8d5c85be8d9,svhn,ssb-v2-block,mlp,protocol-v3,1.0,64,1,1,4,0.0018411250202916563,0.00887808296829462,731987968,0.109375
aa30a8d5c85be8d9,svhn,ssb-v2-block,mlp,protocol-v3,1.0,64,1,1,5,0.0014479579986073077,0.008249624981544912,732381184,0.125
aa30a8d5c85be8d9,svhn,ssb-v2-block,mlp,protocol-v3,1.0,64,1,1,6,0.0014802080113440752,0.008925250032916665,732397568,0.09375
aa30a8d5c85be8d9,svhn,ssb-v2-block,mlp,protocol-v3,1.0,64,1,1,7,0.0014737090095877647,0.008997041964903474,735035392,0.1484375
aa30a8d5c85be8d9,svhn,ssb-v2-block,mlp,protocol-v3,1.0,64,1,1,8,0.001476834004279226,0.00805120903532952,736608256,0.109375
aa30a8d5c85be8d9,svhn,ssb-v2-block,mlp,protocol-v3,1.0,64,1,1,9,0.0014482910046353936,0.008135124982800335,736608256,0.140625
aa30a8d5c85be8d9,svhn,ssb-v2-block,mlp,protocol-v3,1.0,64,1,1,10,0.001468124974053353,0.008129834022838622,738197504,0.1171875
aa30a8d5c85be8d9,svhn,ssb-v2-block,mlp,protocol-v3,1.0,64,1,1,11,0.0014009579899720848,0.008004749950487167,738213888,0.1640625
aa30a8d5c85be8d9,svhn,ssb-v2-block,mlp,protocol-v3,1.0,64,1,1,12,0.001469500013627112,0.008151458983775228,738213888,0.078125
aa30a8d5c85be8d9,svhn,ssb-v2-block,mlp,protocol-v3,1.0,64,1,1,13,0.001411709003150463,0.008141999947838485,738213888,0.09375
aa30a8d5c85be8d9,svhn,ssb-v2-block,mlp,protocol-v3,1.0,64,1,1,14,0.0014607079792767763,0.008074457990005612,738213888,0.171875
aa30a8d5c85be8d9,svhn,ssb-v2-block,mlp,protocol-v3,1.0,64,1,1,15,0.0014908330049365759,0.00812724995194003,738213888,0.171875
aa30a8d5c85be8d9,svhn,ssb-v2-block,mlp,protocol-v3,1.0,64,1,1,16,0.001441333966795355,0.00816179096000269,738213888,0.1484375
aa30a8d5c85be8d9,svhn,ssb-v2-block,mlp,protocol-v3,1.0,64,1,1,17,0.0016292919754050672,0.00861695798812434,738213888,0.1328125
aa30a8d5c85be8d9,svhn,ssb-v2-block,mlp,protocol-v3,1.0,64,1,1,18,0.0014524160069413483,0.00821025000186637,738213888,0.25
aa30a8d5c85be8d9,svhn,ssb-v2-block,mlp,protocol-v3,1.0,64,1,1,19,0.001427499984856695,0.008088458038400859,738213888,0.1640625
aa30a8d5c85be8d9,svhn,ssb-v2-block,mlp,protocol-v3,1.0,64,1,1,20,0.001398624968715012,0.008028625044971704,738213888,0.2578125
aa30a8d5c85be8d9,svhn,ssb-v2-block,mlp,protocol-v3,1.0,64,1,1,21,0.001434875011909753,0.00821829098276794,738213888,0.1796875
aa30a8d5c85be8d9,svhn,ssb-v2-block,mlp,protocol-v3,1.0,64,1,1,22,0.0014602919691242278,0.008694832969922572,738213888,0.1328125
aa30a8d5c85be8d9,svhn,ssb-v2-block,mlp,protocol-v3,1.0,64,1,1,23,0.001451832999009639,0.008317667001392692,739295232,0.140625
aa30a8d5c85be8d9,svhn,ssb-v2-block,mlp,protocol-v3,1.0,64,1,1,24,0.0014365420211106539,0.00806608295533806,739295232,0.171875
aa30a8d5c85be8d9,svhn,ssb-v2-block,mlp,protocol-v3,1.0,64,1,1,25,0.0014138330006971955,0.008142750011757016,739311616,0.1640625
aa30a8d5c85be8d9,svhn,ssb-v2-block,mlp,protocol-v3,1.0,64,1,1,26,0.0014343750081025064,0.008234082954004407,739328000,0.0703125
aa30a8d5c85be8d9,svhn,ssb-v2-block,mlp,protocol-v3,1.0,64,1,1,27,0.0014047499862499535,0.008242666022852063,739328000,0.140625
aa30a8d5c85be8d9,svhn,ssb-v2-block,mlp,protocol-v3,1.0,64,1,1,28,0.00146416702773422,0.008041666995268315,739328000,0.1796875
aa30a8d5c85be8d9,svhn,ssb-v2-block,mlp,protocol-v3,1.0,64,1,1,29,0.001438042032532394,0.008016749983653426,739328000,0.078125
aa30a8d5c85be8d9,svhn,ssb-v2-block,mlp,protocol-v3,1.0,64,1,1,30,0.001498833007644862,0.008245958015322685,739360768,0.171875
aa30a8d5c85be8d9,svhn,ssb-v2-block,mlp,protocol-v3,1.0,64,1,1,31,0.0013947089901193976,0.008130375004839152,739360768,0.140625
aa30a8d5c85be8d9,svhn,ssb-v2-block,mlp,protocol-v3,1.0,64,1,1,32,0.0014446660061366856,0.008015625004190952,739360768,0.1328125
aa30a8d5c85be8d9,svhn,ssb-v2-block,mlp,protocol-v3,1.0,64,1,1,33,0.0014715840225107968,0.008036874991375953,739360768,0.1015625
aa30a8d5c85be8d9,svhn,ssb-v2-block,mlp,protocol-v3,1.0,64,1,1,34,0.0015054999967105687,0.008103541971649975,739360768,0.203125
aa30a8d5c85be8d9,svhn,ssb-v2-block,mlp,protocol-v3,1.0,64,1,1,35,0.0014330000267364085,0.008148583001457155,739360768,0.2265625
aa30a8d5c85be8d9,svhn,ssb-v2-block,mlp,protocol-v3,1.0,64,1,1,36,0.0014822089578956366,0.008216709014959633,739360768,0.25
aa30a8d5c85be8d9,svhn,ssb-v2-block,mlp,protocol-v3,1.0,64,1,1,37,0.0014226249768398702,0.008305041992571205,739360768,0.2421875
aa30a8d5c85be8d9,svhn,ssb-v2-block,mlp,protocol-v3,1.0,64,1,1,38,0.0014787089894525707,0.008154832990840077,739360768,0.203125
aa30a8d5c85be8d9,svhn,ssb-v2-block,mlp,protocol-v3,1.0,64,1,1,39,0.0015862910076975822,0.007951458042953163,739360768,0.2109375
aa30a8d5c85be8d9,svhn,ssb-v2-block,mlp,protocol-v3,1.0,64,1,1,40,0.0014037920045666397,0.007998041983228177,739360768,0.21875
aa30a8d5c85be8d9,svhn,ssb-v2-block,mlp,protocol-v3,1.0,64,1,1,41,0.0013981249649077654,0.008051208045799285,739360768,0.1640625
aa30a8d5c85be8d9,svhn,ssb-v2-block,mlp,protocol-v3,1.0,64,1,1,42,0.001420375017914921,0.008316208026371896,739360768,0.1484375
aa30a8d5c85be8d9,svhn,ssb-v2-block,mlp,protocol-v3,1.0,64,1,1,43,0.001428999996278435,0.008224249992053956,739360768,0.171875
aa30a8d5c85be8d9,svhn,ssb-v2-block,mlp,protocol-v3,1.0,64,1,1,44,0.0014604999450966716,0.008204624988138676,739360768,0.1015625
aa30a8d5c85be8d9,svhn,ssb-v2-block,mlp,protocol-v3,1.0,64,1,1,45,0.0014450839953497052,0.008155499992426485,739377152,0.1640625
aa30a8d5c85be8d9,svhn,ssb-v2-block,mlp,protocol-v3,1.0,64,1,1,46,0.001431457989383489,0.008195750007871538,739377152,0.1953125
aa30a8d5c85be8d9,svhn,ssb-v2-block,mlp,protocol-v3,1.0,64,1,1,47,0.0014499169774353504,0.008132582996040583,739377152,0.1953125
aa30a8d5c85be8d9,svhn,ssb-v2-block,mlp,protocol-v3,1.0,64,1,1,48,0.0014117080136202276,0.008003791968803853,739377152,0.1953125
aa30a8d5c85be8d9,svhn,ssb-v2-block,mlp,protocol-v3,1.0,64,1,1,49,0.0014675420243293047,0.008121040998958051,739377152,0.1953125
aa30a8d5c85be8d9,svhn,ssb-v2-block,mlp,protocol-v3,1.0,64,1,1,50,0.0014541670097969472,0.008360499981790781,739377152,0.234375
aa30a8d5c85be8d9,svhn,ssb-v2-block,mlp,protocol-v3,1.0,64,1,1,51,0.001478291000239551,0.008173667010851204,739377152,0.1953125
aa30a8d5c85be8d9,svhn,ssb-v2-block,mlp,protocol-v3,1.0,64,1,1,52,0.0014798750053159893,0.008281833957880735,739377152,0.2421875
aa30a8d5c85be8d9,svhn,ssb-v2-block,mlp,protocol-v3,1.0,64,1,1,53,0.0014277499867603183,0.008052416029386222,739393536,0.1796875
aa30a8d5c85be8d9,svhn,ssb-v2-block,mlp,protocol-v3,1.0,64,1,1,54,0.0014522909768857062,0.007940083043649793,739393536,0.265625
aa30a8d5c85be8d9,svhn,ssb-v2-block,mlp,protocol-v3,1.0,64,1,1,55,0.0014780829660594463,0.008386208966840059,739393536,0.171875
aa30a8d5c85be8d9,svhn,ssb-v2-block,mlp,protocol-v3,1.0,64,1,1,56,0.0014820410287939012,0.008130583039019257,739393536,0.1484375
aa30a8d5c85be8d9,svhn,ssb-v2-block,mlp,protocol-v3,1.0,64,1,1,57,0.001442417036741972,0.008286416996270418,739393536,0.1328125
aa30a8d5c85be8d9,svhn,ssb-v2-block,mlp,protocol-v3,1.0,64,1,1,58,0.0014566250029020011,0.008376208017580211,739393536,0.1640625
aa30a8d5c85be8d9,svhn,ssb-v2-block,mlp,protocol-v3,1.0,64,1,1,59,0.0014016670174896717,0.008097041049040854,739393536,0.140625
aa30a8d5c85be8d9,svhn,ssb-v2-block,mlp,protocol-v3,1.0,64,1,1,60,0.0014961669803597033,0.00812333298381418,739393536,0.1171875
aa30a8d5c85be8d9,svhn,ssb-v2-block,mlp,protocol-v3,1.0,64,1,1,61,0.0015789579483680427,0.008012959035113454,739393536,0.1171875
aa30a8d5c85be8d9,svhn,ssb-v2-block,mlp,protocol-v3,1.0,64,1,1,62,0.0014525839942507446,0.00816949998261407,739393536,0.2578125
aa30a8d5c85be8d9,svhn,ssb-v2-block,mlp,protocol-v3,1.0,64,1,1,63,0.0014026249991729856,0.007962249976117164,739393536,0.21875
aa30a8d5c85be8d9,svhn,ssb-v2-block,mlp,protocol-v3,1.0,64,1,1,64,0.001445207977667451,0.008156083000358194,739393536,0.140625
aa30a8d5c85be8d9,svhn,ssb-v2-block,mlp,protocol-v3,1.0,64,1,1,65,0.001432333025150001,0.008050540986005217,739393536,0.171875
aa30a8d5c85be8d9,svhn,ssb-v2-block,mlp,protocol-v3,1.0,64,1,1,66,0.0014206660562194884,0.008617916028015316,739393536,0.1640625
aa30a8d5c85be8d9,svhn,ssb-v2-block,mlp,protocol-v3,1.0,64,1,1,67,0.0014429169823415577,0.008115208998788148,739393536,0.1875
aa30a8d5c85be8d9,svhn,ssb-v2-block,mlp,protocol-v3,1.0,64,1,1,68,0.0014105840236879885,0.00809100002516061,739409920,0.1796875
aa30a8d5c85be8d9,svhn,ssb-v2-block,mlp,protocol-v3,1.0,64,1,1,69,0.0014836660120636225,0.007945333956740797,739409920,0.1640625
aa30a8d5c85be8d9,svhn,ssb-v2-block,mlp,protocol-v3,1.0,64,1,1,70,0.001441334025003016,0.008031792007386684,739409920,0.1953125
aa30a8d5c85be8d9,svhn,ssb-v2-block,mlp,protocol-v3,1.0,64,1,1,71,0.0014291250263340771,0.007986833981703967,739409920,0.1640625
aa30a8d5c85be8d9,svhn,ssb-v2-block,mlp,protocol-v3,1.0,64,1,1,72,0.001408000010997057,0.008238833048380911,739409920,0.2265625
aa30a8d5c85be8d9,svhn,ssb-v2-block,mlp,protocol-v3,1.0,64,1,1,73,0.0014216669951565564,0.00812412501545623,739409920,0.2265625
aa30a8d5c85be8d9,svhn,ssb-v2-block,mlp,protocol-v3,1.0,64,1,1,74,0.0014337910106405616,0.008212000015191734,739409920,0.140625
aa30a8d5c85be8d9,svhn,ssb-v2-block,mlp,protocol-v3,1.0,64,1,1,75,0.0014779159682802856,0.008101540966890752,739409920,0.1171875
aa30a8d5c85be8d9,svhn,ssb-v2-block,mlp,protocol-v3,1.0,64,1,1,76,0.0014089170144870877,0.008074249955825508,739409920,0.1953125
aa30a8d5c85be8d9,svhn,ssb-v2-block,mlp,protocol-v3,1.0,64,1,1,77,0.0014702919870615005,0.008176709001418203,739409920,0.1640625
aa30a8d5c85be8d9,svhn,ssb-v2-block,mlp,protocol-v3,1.0,64,1,1,78,0.001404375012498349,0.008512458007317036,739409920,0.109375
aa30a8d5c85be8d9,svhn,ssb-v2-block,mlp,protocol-v3,1.0,64,1,1,79,0.0014787079999223351,0.008091165975201875,739409920,0.140625
aa30a8d5c85be8d9,svhn,ssb-v2-block,mlp,protocol-v3,1.0,64,1,1,80,0.0014639579458162189,0.008095125027466565,739409920,0.1796875
aa30a8d5c85be8d9,svhn,ssb-v2-block,mlp,protocol-v3,1.0,64,1,1,81,0.0014672499964945018,0.008339583000633866,739426304,0.234375
aa30a8d5c85be8d9,svhn,ssb-v2-block,mlp,protocol-v3,1.0,64,1,1,82,0.0014122919528745115,0.008047416980843991,739426304,0.1640625
aa30a8d5c85be8d9,svhn,ssb-v2-block,mlp,protocol-v3,1.0,64,1,1,83,0.0015144170029088855,0.007978458947036415,739426304,0.1484375
aa30a8d5c85be8d9,svhn,ssb-v2-block,mlp,protocol-v3,1.0,64,1,1,84,0.0014381660148501396,0.008219708048272878,739426304,0.21875
aa30a8d5c85be8d9,svhn,ssb-v2-block,mlp,protocol-v3,1.0,64,1,1,85,0.0014580829883925617,0.008050874981563538,739426304,0.1875
aa30a8d5c85be8d9,svhn,ssb-v2-block,mlp,protocol-v3,1.0,64,1,1,86,0.0014393749879673123,0.008066459035035223,739426304,0.140625
aa30a8d5c85be8d9,svhn,ssb-v2-block,mlp,protocol-v3,1.0,64,1,1,87,0.0014167909976094961,0.00810616696253419,739442688,0.203125
aa30a8d5c85be8d9,svhn,ssb-v2-block,mlp,protocol-v3,1.0,64,1,1,88,0.0014975000522099435,0.008362874970771372,739459072,0.1953125
aa30a8d5c85be8d9,svhn,ssb-v2-block,mlp,protocol-v3,1.0,64,1,1,89,0.0014217079733498394,0.008133874973282218,739459072,0.1953125
aa30a8d5c85be8d9,svhn,ssb-v2-block,mlp,protocol-v3,1.0,64,1,1,90,0.0014144590240903199,0.00810600002296269,739459072,0.171875
aa30a8d5c85be8d9,svhn,ssb-v2-block,mlp,protocol-v3,1.0,64,1,1,91,0.0013949169660918415,0.008050042029935867,739459072,0.203125
aa30a8d5c85be8d9,svhn,ssb-v2-block,mlp,protocol-v3,1.0,64,1,1,92,0.0014030840247869492,0.008028416952583939,739459072,0.1875
aa30a8d5c85be8d9,svhn,ssb-v2-block,mlp,protocol-v3,1.0,64,1,1,93,0.001431874989066273,0.008015542000066489,739459072,0.21875
aa30a8d5c85be8d9,svhn,ssb-v2-block,mlp,protocol-v3,1.0,64,1,1,94,0.0014918330125510693,0.007929374987725168,739459072,0.203125
aa30a8d5c85be8d9,svhn,ssb-v2-block,mlp,protocol-v3,1.0,64,1,1,95,0.0014178749988786876,0.008128125045914203,739459072,0.1328125
aa30a8d5c85be8d9,svhn,ssb-v2-block,mlp,protocol-v3,1.0,64,1,1,96,0.0014220000011846423,0.008101416984573007,739459072,0.2421875
aa30a8d5c85be8d9,svhn,ssb-v2-block,mlp,protocol-v3,1.0,64,1,1,97,0.0014302090276032686,0.008063042012508959,739475456,0.140625
aa30a8d5c85be8d9,svhn,ssb-v2-block,mlp,protocol-v3,1.0,64,1,1,98,0.001403332978952676,0.008043374982662499,739475456,0.1953125
aa30a8d5c85be8d9,svhn,ssb-v2-block,mlp,protocol-v3,1.0,64,1,1,99,0.001446791982743889,0.007953458989504725,739475456,0.1875
aa30a8d5c85be8d9,svhn,ssb-v2-block,mlp,protocol-v3,1.0,64,1,1,100,0.0014248749939724803,0.008141582948155701,739475456,0.1640625
aa30a8d5c85be8d9,svhn,ssb-v2-block,mlp,protocol-v3,1.0,64,1,1,101,0.0014361659996211529,0.00796670897398144,739475456,0.1875
aa30a8d5c85be8d9,svhn,ssb-v2-block,mlp,protocol-v3,1.0,64,1,1,102,0.001425083028152585,0.008112792042084038,739475456,0.15625
aa30a8d5c85be8d9,svhn,ssb-v2-block,mlp,protocol-v3,1.0,64,1,1,103,0.001412666984833777,0.008035167003981769,739475456,0.1640625
aa30a8d5c85be8d9,svhn,ssb-v2-block,mlp,protocol-v3,1.0,64,1,1,104,0.001463708991650492,0.00812708301236853,739475456,0.1171875
aa30a8d5c85be8d9,svhn,ssb-v2-block,mlp,protocol-v3,1.0,64,1,1,105,0.00141520902980119,0.008234750013798475,739491840,0.1484375
aa30a8d5c85be8d9,svhn,ssb-v2-block,mlp,protocol-v3,1.0,64,1,1,106,0.001457542006392032,0.008140249992720783,739491840,0.125
aa30a8d5c85be8d9,svhn,ssb-v2-block,mlp,protocol-v3,1.0,64,1,1,107,0.0014142079744488,0.008077708014752716,739491840,0.234375
aa30a8d5c85be8d9,svhn,ssb-v2-block,mlp,protocol-v3,1.0,64,1,1,108,0.0016217500087805092,0.00798537500668317,739508224,0.171875
aa30a8d5c85be8d9,svhn,ssb-v2-block,mlp,protocol-v3,1.0,64,1,1,109,0.0014228750369511545,0.008063709014095366,739508224,0.1875
aa30a8d5c85be8d9,svhn,ssb-v2-block,mlp,protocol-v3,1.0,64,1,1,110,0.0014305829536169767,0.008027250005397946,739508224,0.21875
aa30a8d5c85be8d9,svhn,ssb-v2-block,mlp,protocol-v3,1.0,64,1,1,111,0.0014311670092865825,0.007957541034556925,739508224,0.1953125
aa30a8d5c85be8d9,svhn,ssb-v2-block,mlp,protocol-v3,1.0,64,1,1,112,0.0014393749879673123,0.008044583024457097,739508224,0.1875
aa30a8d5c85be8d9,svhn,ssb-v2-block,mlp,protocol-v3,1.0,64,1,1,113,0.0014755419688299298,0.008028249954804778,739508224,0.125
aa30a8d5c85be8d9,svhn,ssb-v2-block,mlp,protocol-v3,1.0,64,1,1,114,0.0014477090444415808,0.008347875031176955,739508224,0.1796875
aa30a8d5c85be8d9,svhn,ssb-v2-block,mlp,protocol-v3,1.0,64,1,1,115,0.0014077909872867167,0.008051167009398341,739524608,0.2109375
aa30a8d5c85be8d9,svhn,ssb-v2-block,mlp,protocol-v3,1.0,64,1,1,116,0.0015134169952943921,0.008145333966240287,739524608,0.1796875
aa30a8d5c85be8d9,svhn,ssb-v2-block,mlp,protocol-v3,1.0,64,1,1,117,0.0014566250029020011,0.008063208952080458,739524608,0.2265625
aa30a8d5c85be8d9,svhn,ssb-v2-block,mlp,protocol-v3,1.0,64,1,1,118,0.001448916969820857,0.008077959006186575,739524608,0.203125
aa30a8d5c85be8d9,svhn,ssb-v2-block,mlp,protocol-v3,1.0,64,1,1,119,0.0014232499524950981,0.008139041950926185,739524608,0.2421875
aa30a8d5c85be8d9,svhn,ssb-v2-block,mlp,protocol-v3,1.0,64,1,1,120,0.0015556669677607715,0.008006833959370852,739524608,0.1796875
aa30a8d5c85be8d9,svhn,ssb-v2-block,mlp,protocol-v3,1.0,64,1,1,121,0.0013919160119257867,0.008441500016488135,739524608,0.171875
aa30a8d5c85be8d9,svhn,ssb-v2-block,mlp,protocol-v3,1.0,64,1,1,122,0.0014817500486969948,0.008008249977137893,739524608,0.234375
aa30a8d5c85be8d9,svhn,ssb-v2-block,mlp,protocol-v3,1.0,64,1,1,123,0.0014059999957680702,0.008215707959607244,739540992,0.1796875
aa30a8d5c85be8d9,svhn,ssb-v2-block,mlp,protocol-v3,1.0,64,1,1,124,0.0014996660174801946,0.008073250006418675,739573760,0.25
aa30a8d5c85be8d9,svhn,ssb-v2-block,mlp,protocol-v3,1.0,64,1,1,125,0.001468125032261014,0.008161791018210351,739573760,0.1640625
aa30a8d5c85be8d9,svhn,ssb-v2-block,mlp,protocol-v3,1.0,64,1,1,126,0.0014261670294217765,0.008017415995709598,739573760,0.2109375
aa30a8d5c85be8d9,svhn,ssb-v2-block,mlp,protocol-v3,1.0,64,1,1,127,0.0013932500150986016,0.008107792004011571,739573760,0.1875
aa30a8d5c85be8d9,svhn,ssb-v2-block,mlp,protocol-v3,1.0,64,1,1,128,0.001437041035387665,0.008114041993394494,739573760,0.1875
aa30a8d5c85be8d9,svhn,ssb-v2-block,mlp,protocol-v3,1.0,64,1,1,129,0.0014059169916436076,0.008043707988690585,739573760,0.203125
aa30a8d5c85be8d9,svhn,ssb-v2-block,mlp,protocol-v3,1.0,64,1,1,130,0.0014302079798653722,0.008050500007811934,739573760,0.2109375
aa30a8d5c85be8d9,svhn,ssb-v2-block,mlp,protocol-v3,1.0,64,1,1,131,0.0014429999864660203,0.008009958022739738,739573760,0.2265625
aa30a8d5c85be8d9,svhn,ssb-v2-block,mlp,protocol-v3,1.0,64,1,1,132,0.001501500024460256,0.008314957958646119,739573760,0.2265625
aa30a8d5c85be8d9,svhn,ssb-v2-block,mlp,protocol-v3,1.0,64,1,1,133,0.0014516250230371952,0.0080207500141114,739573760,0.1328125
aa30a8d5c85be8d9,svhn,ssb-v2-block,mlp,protocol-v3,1.0,64,1,1,134,0.0014320830232463777,0.008042541041504592,739573760,0.1796875
aa30a8d5c85be8d9,svhn,ssb-v2-block,mlp,protocol-v3,1.0,64,1,1,135,0.0014174170210026205,0.008068415976595134,739573760,0.1875
aa30a8d5c85be8d9,svhn,ssb-v2-block,mlp,protocol-v3,1.0,64,1,1,136,0.0014362080255523324,0.00797625002451241,739573760,0.140625
aa30a8d5c85be8d9,svhn,ssb-v2-block,mlp,protocol-v3,1.0,64,1,1,137,0.0014643750037066638,0.008200292009860277,739590144,0.234375
aa30a8d5c85be8d9,svhn,ssb-v2-block,mlp,protocol-v3,1.0,64,1,1,138,0.0014339169720187783,0.008081333013251424,739590144,0.1953125
aa30a8d5c85be8d9,svhn,ssb-v2-block,mlp,protocol-v3,1.0,64,1,1,139,0.0014649159857071936,0.008403000014368445,739590144,0.21875
aa30a8d5c85be8d9,svhn,ssb-v2-block,mlp,protocol-v3,1.0,64,1,1,140,0.001458665996324271,0.008033833000808954,739606528,0.1875
aa30a8d5c85be8d9,svhn,ssb-v2-block,mlp,protocol-v3,1.0,64,1,1,141,0.0015189159894362092,0.00855908403173089,739606528,0.171875
aa30a8d5c85be8d9,svhn,ssb-v2-block,mlp,protocol-v3,1.0,64,1,1,142,0.001582792028784752,0.009179749991744757,739606528,0.15625
aa30a8d5c85be8d9,svhn,ssb-v2-block,mlp,protocol-v3,1.0,64,1,1,143,0.0018864580197259784,0.011755333049222827,739606528,0.171875
aa30a8d5c85be8d9,svhn,ssb-v2-block,mlp,protocol-v3,1.0,64,1,1,144,0.002470207982696593,0.013757458014879376,739622912,0.203125
aa30a8d5c85be8d9,svhn,ssb-v2-block,mlp,protocol-v3,1.0,64,1,1,145,0.0024919589632190764,0.011969624960329384,739622912,0.171875
aa30a8d5c85be8d9,svhn,ssb-v2-block,mlp,protocol-v3,1.0,64,1,1,146,0.001758791971951723,0.009396416018716991,739622912,0.171875
aa30a8d5c85be8d9,svhn,ssb-v2-block,mlp,protocol-v3,1.0,64,1,1,147,0.001518125005532056,0.00837550003780052,739622912,0.234375
aa30a8d5c85be8d9,svhn,ssb-v2-block,mlp,protocol-v3,1.0,64,1,1,148,0.00147687504068017,0.008095541968941689,739622912,0.125
aa30a8d5c85be8d9,svhn,ssb-v2-block,mlp,protocol-v3,1.0,64,1,1,149,0.001419665990397334,0.00815283297561109,739622912,0.1796875
aa30a8d5c85be8d9,svhn,ssb-v2-block,mlp,protocol-v3,1.0,64,1,1,150,0.0014139580307528377,0.00809866702184081,739622912,0.1875
aa30a8d5c85be8d9,svhn,ssb-v2-block,mlp,protocol-v3,1.0,64,1,1,151,0.0014324579969979823,0.00812429201323539,739622912,0.125
aa30a8d5c85be8d9,svhn,ssb-v2-block,mlp,protocol-v3,1.0,64,1,1,152,0.001459167047869414,0.00806912500411272,739639296,0.1171875
aa30a8d5c85be8d9,svhn,ssb-v2-block,mlp,protocol-v3,1.0,64,1,1,153,0.001416000013705343,0.008130916976369917,739639296,0.1875
aa30a8d5c85be8d9,svhn,ssb-v2-block,mlp,protocol-v3,1.0,64,1,1,154,0.0014484580024145544,0.008091417024843395,739639296,0.171875
aa30a8d5c85be8d9,svhn,ssb-v2-block,mlp,protocol-v3,1.0,64,1,1,155,0.001403957954607904,0.008045208000112325,739639296,0.1640625
aa30a8d5c85be8d9,svhn,ssb-v2-block,mlp,protocol-v3,1.0,64,1,1,156,0.001441333966795355,0.00802995904814452,739639296,0.140625
aa30a8d5c85be8d9,svhn,ssb-v2-block,mlp,protocol-v3,1.0,64,1,1,157,0.0014761249767616391,0.008097375044599175,739639296,0.078125
aa30a8d5c85be8d9,svhn,ssb-v2-block,mlp,protocol-v3,1.0,64,1,1,158,0.0014198750141076744,0.008129708003252745,739639296,0.1328125
aa30a8d5c85be8d9,svhn,ssb-v2-block,mlp,protocol-v3,1.0,64,1,1,159,0.001433375000488013,0.008085082983598113,739639296,0.2109375
aa30a8d5c85be8d9,svhn,ssb-v2-block,mlp,protocol-v3,1.0,64,1,1,160,0.0014899160014465451,0.008213958994019777,739639296,0.1796875
aa30a8d5c85be8d9,svhn,ssb-v2-block,mlp,protocol-v3,1.0,64,1,1,161,0.0014546660240739584,0.008029791002627462,739639296,0.2421875
aa30a8d5c85be8d9,svhn,ssb-v2-block,mlp,protocol-v3,1.0,64,1,1,162,0.0014031249447725713,0.00813179201213643,739639296,0.1953125
aa30a8d5c85be8d9,svhn,ssb-v2-block,mlp,protocol-v3,1.0,64,1,1,163,0.0014887499855831265,0.008794291003141552,739672064,0.2109375
aa30a8d5c85be8d9,svhn,ssb-v2-block,mlp,protocol-v3,1.0,64,1,1,164,0.0014765000087209046,0.008232375024817884,739672064,0.25
aa30a8d5c85be8d9,svhn,ssb-v2-block,mlp,protocol-v3,1.0,64,1,1,165,0.0014437079662457108,0.008093125012237579,739672064,0.1953125
aa30a8d5c85be8d9,svhn,ssb-v2-block,mlp,protocol-v3,1.0,64,1,1,166,0.001437333005014807,0.008310708042699844,739672064,0.171875
aa30a8d5c85be8d9,svhn,ssb-v2-block,mlp,protocol-v3,1.0,64,1,1,167,0.0014313749852590263,0.008159667020663619,739672064,0.1953125
aa30a8d5c85be8d9,svhn,ssb-v2-block,mlp,protocol-v3,1.0,64,1,1,168,0.001437292026821524,0.00801083300029859,739672064,0.1484375
aa30a8d5c85be8d9,svhn,ssb-v2-block,mlp,protocol-v3,1.0,64,1,1,169,0.0014848330174572766,0.007913500012364239,739672064,0.21875
aa30a8d5c85be8d9,svhn,ssb-v2-block,mlp,protocol-v3,1.0,64,1,1,170,0.001402541995048523,0.00807716598501429,739672064,0.140625
aa30a8d5c85be8d9,svhn,ssb-v2-block,mlp,protocol-v3,1.0,64,1,1,171,0.0014882080140523612,0.00820787501288578,739688448,0.2265625
aa30a8d5c85be8d9,svhn,ssb-v2-block,mlp,protocol-v3,1.0,64,1,1,172,0.001451082993298769,0.008024875016417354,739688448,0.234375
aa30a8d5c85be8d9,svhn,ssb-v2-block,mlp,protocol-v3,1.0,64,1,1,173,0.0014428749564103782,0.008117624965962023,739688448,0.1640625
aa30a8d5c85be8d9,svhn,ssb-v2-block,mlp,protocol-v3,1.0,64,1,1,174,0.0014201669837348163,0.008053124998696148,739688448,0.2421875
aa30a8d5c85be8d9,svhn,ssb-v2-block,mlp,protocol-v3,1.0,64,1,1,175,0.0014118750113993883,0.007960417016874999,739688448,0.1875
aa30a8d5c85be8d9,svhn,ssb-v2-block,mlp,protocol-v3,1.0,64,1,1,176,0.0014418750070035458,0.00805775000480935,739688448,0.203125
aa30a8d5c85be8d9,svhn,ssb-v2-block,mlp,protocol-v3,1.0,64,1,1,177,0.0014190420042723417,0.008104334003292024,739688448,0.140625
aa30a8d5c85be8d9,svhn,ssb-v2-block,mlp,protocol-v3,1.0,64,1,1,178,0.0014037910150364041,0.008036917017307132,739688448,0.1484375
aa30a8d5c85be8d9,svhn,ssb-v2-block,mlp,protocol-v3,1.0,64,1,1,179,0.001407667004968971,0.008039999986067414,739688448,0.1640625
aa30a8d5c85be8d9,svhn,ssb-v2-block,mlp,protocol-v3,1.0,64,1,1,180,0.001392457983456552,0.008122875005938113,739704832,0.109375
aa30a8d5c85be8d9,svhn,ssb-v2-block,mlp,protocol-v3,1.0,64,1,1,181,0.001450749987270683,0.00802366598509252,739704832,0.171875
aa30a8d5c85be8d9,svhn,ssb-v2-block,mlp,protocol-v3,1.0,64,1,1,182,0.0014153750380501151,0.008185542013961822,739704832,0.1953125
aa30a8d5c85be8d9,svhn,ssb-v2-block,mlp,protocol-v3,1.0,64,1,1,183,0.0014752920251339674,0.007921750016976148,739721216,0.234375
aa30a8d5c85be8d9,svhn,ssb-v2-block,mlp,protocol-v3,1.0,64,1,1,184,0.0014144169981591403,0.008080874977167696,739721216,0.1953125
aa30a8d5c85be8d9,svhn,ssb-v2-block,mlp,protocol-v3,1.0,64,1,1,185,0.0014778749900870025,0.008052333956584334,739721216,0.1640625
aa30a8d5c85be8d9,svhn,ssb-v2-block,mlp,protocol-v3,1.0,64,1,1,186,0.0014575840323232114,0.007953291991725564,739721216,0.21875
aa30a8d5c85be8d9,svhn,ssb-v2-block,mlp,protocol-v3,1.0,64,1,1,187,0.0014122499851509929,0.008142333012074232,739721216,0.140625
aa30a8d5c85be8d9,svhn,ssb-v2-block,mlp,protocol-v3,1.0,64,1,1,188,0.001408750016707927,0.008108833048027009,739721216,0.2265625
aa30a8d5c85be8d9,svhn,ssb-v2-block,mlp,protocol-v3,1.0,64,1,1,189,0.0014716660371050239,0.0080646249698475,739721216,0.171875
aa30a8d5c85be8d9,svhn,ssb-v2-block,mlp,protocol-v3,1.0,64,1,1,190,0.0013879580073989928,0.008101625018753111,739737600,0.1640625
aa30a8d5c85be8d9,svhn,ssb-v2-block,mlp,protocol-v3,1.0,64,1,1,191,0.001460541971027851,0.00801533303456381,739737600,0.2109375
aa30a8d5c85be8d9,svhn,ssb-v2-block,mlp,protocol-v3,1.0,64,1,1,192,0.0014142500003799796,0.008219000010285527,739737600,0.2421875
aa30a8d5c85be8d9,svhn,ssb-v2-block,mlp,protocol-v3,1.0,64,1,1,193,0.0014085000148043036,0.008168958011083305,739737600,0.1796875
aa30a8d5c85be8d9,svhn,ssb-v2-block,mlp,protocol-v3,1.0,64,1,1,194,0.001437291968613863,0.007952084008138627,739737600,0.1875
aa30a8d5c85be8d9,svhn,ssb-v2-block,mlp,protocol-v3,1.0,64,1,1,195,0.0014006249839439988,0.008023458998650312,739737600,0.265625
aa30a8d5c85be8d9,svhn,ssb-v2-block,mlp,protocol-v3,1.0,64,1,1,196,0.0014383330126293004,0.00808337499620393,739737600,0.203125
aa30a8d5c85be8d9,svhn,ssb-v2-block,mlp,protocol-v3,1.0,64,1,1,197,0.001433708006516099,0.008076665981207043,739737600,0.203125
aa30a8d5c85be8d9,svhn,ssb-v2-block,mlp,protocol-v3,1.0,64,1,1,198,0.0014225830091163516,0.008046416973229498,739770368,0.1953125
aa30a8d5c85be8d9,svhn,ssb-v2-block,mlp,protocol-v3,1.0,64,1,1,199,0.0014103329740464687,0.008053708996158093,739770368,0.2109375
aa30a8d5c85be8d9,svhn,ssb-v2-block,mlp,protocol-v3,1.0,64,1,1,200,0.0014495000359602273,0.007898791984189302,739770368,0.1953125
aa30a8d5c85be8d9,svhn,ssb-v2-block,mlp,protocol-v3,1.0,64,1,1,201,0.0014242499601095915,0.008097916026599705,739819520,0.15625
aa30a8d5c85be8d9,svhn,ssb-v2-block,mlp,protocol-v3,1.0,64,1,1,202,0.0013998340000398457,0.008184333972167224,739819520,0.1328125
aa30a8d5c85be8d9,svhn,ssb-v2-block,mlp,protocol-v3,1.0,64,1,1,203,0.0014132909709587693,0.00801158300600946,739819520,0.25
aa30a8d5c85be8d9,svhn,ssb-v2-block,mlp,protocol-v3,1.0,64,1,1,204,0.0014122499851509929,0.008266583026852459,739819520,0.109375
aa30a8d5c85be8d9,svhn,ssb-v2-block,mlp,protocol-v3,1.0,64,1,1,205,0.001446083013433963,0.00803979201009497,739819520,0.1796875
aa30a8d5c85be8d9,svhn,ssb-v2-block,mlp,protocol-v3,1.0,64,1,1,206,0.0014122080174274743,0.008161459001712501,739819520,0.140625
aa30a8d5c85be8d9,svhn,ssb-v2-block,mlp,protocol-v3,1.0,64,1,1,207,0.0014122499851509929,0.008104917011223733,739835904,0.171875
aa30a8d5c85be8d9,svhn,ssb-v2-block,mlp,protocol-v3,1.0,64,1,1,208,0.0014185410109348595,0.008077957958448678,739835904,0.234375
aa30a8d5c85be8d9,svhn,ssb-v2-block,mlp,protocol-v3,1.0,64,1,1,209,0.0014553749933838844,0.008031292003579438,739835904,0.109375
aa30a8d5c85be8d9,svhn,ssb-v2-block,mlp,protocol-v3,1.0,64,1,1,210,0.001415583014022559,0.008052207995206118,739835904,0.1953125
aa30a8d5c85be8d9,svhn,ssb-v2-block,mlp,protocol-v3,1.0,64,1,1,211,0.0014163749874569476,0.008310250006616116,739852288,0.2421875
aa30a8d5c85be8d9,svhn,ssb-v2-block,mlp,protocol-v3,1.0,64,1,1,212,0.0014336250023916364,0.008082124986685812,739852288,0.1796875
aa30a8d5c85be8d9,svhn,ssb-v2-block,mlp,protocol-v3,1.0,64,1,1,213,0.001427540963049978,0.008230459003243595,739852288,0.1953125
aa30a8d5c85be8d9,svhn,ssb-v2-block,mlp,protocol-v3,1.0,64,1,1,214,0.0014667499926872551,0.008045915979892015,739852288,0.1796875
aa30a8d5c85be8d9,svhn,ssb-v2-block,mlp,protocol-v3,1.0,64,1,1,215,0.0014389999560080469,0.008035290986299515,739852288,0.2109375
aa30a8d5c85be8d9,svhn,ssb-v2-block,mlp,protocol-v3,1.0,64,1,1,216,0.0013990000006742775,0.008319667016621679,739852288,0.2109375
aa30a8d5c85be8d9,svhn,ssb-v2-block,mlp,protocol-v3,1.0,64,1,1,217,0.0014187920023687184,0.008105874992907047,739852288,0.2109375
aa30a8d5c85be8d9,svhn,ssb-v2-block,mlp,protocol-v3,1.0,64,1,1,218,0.0014211660018190742,0.008150541980285197,739852288,0.171875
aa30a8d5c85be8d9,svhn,ssb-v2-block,mlp,protocol-v3,1.0,64,1,1,219,0.0015186659875325859,0.008199500036425889,739852288,0.15625
aa30a8d5c85be8d9,svhn,ssb-v2-block,mlp,protocol-v3,1.0,64,1,1,220,0.0013942919904366136,0.008074957993812859,739852288,0.171875
aa30a8d5c85be8d9,svhn,ssb-v2-block,mlp,protocol-v3,1.0,64,1,1,221,0.0015197090106084943,0.008033666992560029,739868672,0.21875
aa30a8d5c85be8d9,svhn,ssb-v2-block,mlp,protocol-v3,1.0,64,1,1,222,0.0014262499753385782,0.008006041985936463,739868672,0.203125
aa30a8d5c85be8d9,svhn,ssb-v2-block,mlp,protocol-v3,1.0,64,1,1,223,0.0014857499627396464,0.008191208995413035,739868672,0.21875
aa30a8d5c85be8d9,svhn,ssb-v2-block,mlp,protocol-v3,1.0,64,1,1,224,0.0014177080010995269,0.008012209029402584,739868672,0.171875
aa30a8d5c85be8d9,svhn,ssb-v2-block,mlp,protocol-v3,1.0,64,1,1,225,0.0014931249897927046,0.008093582990113646,739868672,0.2109375
aa30a8d5c85be8d9,svhn,ssb-v2-block,mlp,protocol-v3,1.0,64,1,1,226,0.0013566670240834355,0.0080284170107916,739868672,0.21875
aa30a8d5c85be8d9,svhn,ssb-v2-block,mlp,protocol-v3,1.0,64,1,1,227,0.0014395829639397562,0.008102833002340049,739868672,0.1953125
aa30a8d5c85be8d9,svhn,ssb-v2-block,mlp,protocol-v3,1.0,64,1,1,228,0.0014046249561943114,0.008020583016332239,739868672,0.1953125
aa30a8d5c85be8d9,svhn,ssb-v2-block,mlp,protocol-v3,1.0,64,1,1,229,0.001441291009541601,0.008046582981478423,739868672,0.1484375
aa30a8d5c85be8d9,svhn,ssb-v2-block,mlp,protocol-v3,1.0,64,1,1,230,0.0014602500014007092,0.008027790987398475,739868672,0.234375
aa30a8d5c85be8d9,svhn,ssb-v2-block,mlp,protocol-v3,1.0,64,1,1,231,0.0014227920328266919,0.008084708009846509,739868672,0.171875
aa30a8d5c85be8d9,svhn,ssb-v2-block,mlp,protocol-v3,1.0,64,1,1,232,0.0014312919811345637,0.007998000015504658,739885056,0.2265625
aa30a8d5c85be8d9,svhn,ssb-v2-block,mlp,protocol-v3,1.0,64,1,1,233,0.0014959999825805426,0.008010875026229769,739885056,0.1796875
aa30a8d5c85be8d9,svhn,ssb-v2-block,mlp,protocol-v3,1.0,64,1,1,234,0.0014192910166457295,0.008065290981903672,739885056,0.140625
aa30a8d5c85be8d9,svhn,ssb-v2-block,mlp,protocol-v3,1.0,64,1,1,235,0.0014402910019271076,0.00795754202408716,739917824,0.1796875
aa30a8d5c85be8d9,svhn,ssb-v2-block,mlp,protocol-v3,1.0,64,1,1,236,0.001414208032656461,0.008085915993433446,739917824,0.1796875
aa30a8d5c85be8d9,svhn,ssb-v2-block,mlp,protocol-v3,1.0,64,1,1,237,0.0014395000180229545,0.008259667025413364,739917824,0.2265625
aa30a8d5c85be8d9,svhn,ssb-v2-block,mlp,protocol-v3,1.0,64,1,1,238,0.001472917036153376,0.008127124980092049,739917824,0.171875
aa30a8d5c85be8d9,svhn,ssb-v2-block,mlp,protocol-v3,1.0,64,1,1,239,0.001424291986040771,0.008036874991375953,739917824,0.1484375
aa30a8d5c85be8d9,svhn,ssb-v2-block,mlp,protocol-v3,1.0,64,1,1,240,0.0014791249996051192,0.008298708009533584,739917824,0.21875
aa30a8d5c85be8d9,svhn,ssb-v2-block,mlp,protocol-v3,1.0,64,1,1,241,0.0014780419878661633,0.008164375030901283,739917824,0.1640625
aa30a8d5c85be8d9,svhn,ssb-v2-block,mlp,protocol-v3,1.0,64,1,1,242,0.001443917048163712,0.008039333042688668,739917824,0.15625
aa30a8d5c85be8d9,svhn,ssb-v2-block,mlp,protocol-v3,1.0,64,1,1,243,0.0014705830253660679,0.008004457980860025,739917824,0.15625
aa30a8d5c85be8d9,svhn,ssb-v2-block,mlp,protocol-v3,1.0,64,1,1,244,0.0014151670038700104,0.008475332986563444,739917824,0.1953125
aa30a8d5c85be8d9,svhn,ssb-v2-block,mlp,protocol-v3,1.0,64,1,1,245,0.0014472079928964376,0.00809829100035131,739934208,0.171875
aa30a8d5c85be8d9,svhn,ssb-v2-block,mlp,protocol-v3,1.0,64,1,1,246,0.0014056250220164657,0.00810320902382955,739934208,0.109375
aa30a8d5c85be8d9,svhn,ssb-v2-block,mlp,protocol-v3,1.0,64,1,1,247,0.0014616670086979866,0.008763417019508779,739934208,0.1640625
aa30a8d5c85be8d9,svhn,ssb-v2-block,mlp,protocol-v3,1.0,64,1,1,248,0.0014465840067714453,0.008521792013198137,739950592,0.1796875
aa30a8d5c85be8d9,svhn,ssb-v2-block,mlp,protocol-v3,1.0,64,1,1,249,0.0013992079766467214,0.00805045902961865,739966976,0.15625
aa30a8d5c85be8d9,svhn,ssb-v2-block,mlp,protocol-v3,1.0,64,1,1,250,0.0014656250132247806,0.008149250003043562,739966976,0.1484375
aa30a8d5c85be8d9,svhn,ssb-v2-block,mlp,protocol-v3,1.0,64,1,1,251,0.0014510410255752504,0.008184915990568697,739966976,0.21875
aa30a8d5c85be8d9,svhn,ssb-v2-block,mlp,protocol-v3,1.0,64,1,1,252,0.0014654170372523367,0.008068166032899171,739966976,0.1640625
aa30a8d5c85be8d9,svhn,ssb-v2-block,mlp,protocol-v3,1.0,64,1,1,253,0.0014766249805688858,0.008115165983326733,739966976,0.171875
aa30a8d5c85be8d9,svhn,ssb-v2-block,mlp,protocol-v3,1.0,64,1,1,254,0.0014148749760352075,0.007983166025951505,739966976,0.1953125
aa30a8d5c85be8d9,svhn,ssb-v2-block,mlp,protocol-v3,1.0,64,1,1,255,0.0014615000109188259,0.008114124997518957,739966976,0.15625
aa30a8d5c85be8d9,svhn,ssb-v2-block,mlp,protocol-v3,1.0,64,1,1,256,0.0014299579779617488,0.008175083959940821,739966976,0.2265625
aa30a8d5c85be8d9,svhn,ssb-v2-block,mlp,protocol-v3,1.0,64,1,1,257,0.0014810829889029264,0.007910917047411203,739966976,0.1171875
aa30a8d5c85be8d9,svhn,ssb-v2-block,mlp,protocol-v3,1.0,64,1,1,258,0.0014541670097969472,0.008018416992854327,739966976,0.21875
aa30a8d5c85be8d9,svhn,ssb-v2-block,mlp,protocol-v3,1.0,64,1,1,259,0.001422459026798606,0.008382125000935048,739966976,0.1171875
aa30a8d5c85be8d9,svhn,ssb-v2-block,mlp,protocol-v3,1.0,64,1,1,260,0.001420375017914921,0.008099625003524125,739983360,0.28125
aa30a8d5c85be8d9,svhn,ssb-v2-block,mlp,protocol-v3,1.0,64,1,1,261,0.0014971659984439611,0.008035666949581355,739983360,0.1953125
aa30a8d5c85be8d9,svhn,ssb-v2-block,mlp,protocol-v3,1.0,64,1,1,262,0.0014356669853441417,0.008025542018003762,739999744,0.234375
aa30a8d5c85be8d9,svhn,ssb-v2-block,mlp,protocol-v3,1.0,64,1,1,263,0.0014207499916665256,0.00839212501887232,739999744,0.1875
aa30a8d5c85be8d9,svhn,ssb-v2-block,mlp,protocol-v3,1.0,64,1,1,264,0.0014124170411378145,0.008174292044714093,739999744,0.21875
aa30a8d5c85be8d9,svhn,ssb-v2-block,mlp,protocol-v3,1.0,64,1,1,265,0.001423166017048061,0.008557957946322858,739999744,0.1796875
aa30a8d5c85be8d9,svhn,ssb-v2-block,mlp,protocol-v3,1.0,64,1,1,266,0.001423874986357987,0.007999500026926398,739999744,0.2109375
aa30a8d5c85be8d9,svhn,ssb-v2-block,mlp,protocol-v3,1.0,64,1,1,267,0.0014093330246396363,0.008024625014513731,739999744,0.1875
aa30a8d5c85be8d9,svhn,ssb-v2-block,mlp,protocol-v3,1.0,64,1,1,268,0.0014845830155536532,0.008109542017336935,739999744,0.15625
aa30a8d5c85be8d9,svhn,ssb-v2-block,mlp,protocol-v3,1.0,64,1,1,269,0.0014426249545067549,0.008111666946206242,739999744,0.21875
aa30a8d5c85be8d9,svhn,ssb-v2-block,mlp,protocol-v3,1.0,64,1,1,270,0.0014402500237338245,0.00800091604469344,739999744,0.171875
aa30a8d5c85be8d9,svhn,ssb-v2-block,mlp,protocol-v3,1.0,64,1,1,271,0.0014444999978877604,0.008422125014476478,739999744,0.203125
aa30a8d5c85be8d9,svhn,ssb-v2-block,mlp,protocol-v3,1.0,64,1,1,272,0.001410582975950092,0.008084708009846509,739999744,0.2265625
aa30a8d5c85be8d9,svhn,ssb-v2-block,mlp,protocol-v3,1.0,64,1,1,273,0.0014072080375626683,0.008339000050909817,739999744,0.0703125
aa30a8d5c85be8d9,svhn,ssb-v2-block,mlp,protocol-v3,1.0,64,1,1,274,0.0014149160124361515,0.007956665998790413,739999744,0.1484375
aa30a8d5c85be8d9,svhn,ssb-v2-block,mlp,protocol-v3,1.0,64,1,1,275,0.0014124999870546162,0.00809700001263991,739966976,0.21875
aa30a8d5c85be8d9,svhn,ssb-v2-block,mlp,protocol-v3,1.0,64,1,1,276,0.0014132079668343067,0.0081248750211671,739983360,0.2265625
aa30a8d5c85be8d9,svhn,ssb-v2-block,mlp,protocol-v3,1.0,64,1,1,277,0.001423583016730845,0.008214250032324344,739983360,0.1640625
aa30a8d5c85be8d9,svhn,ssb-v2-block,mlp,protocol-v3,1.0,64,1,1,278,0.0014122499851509929,0.008063584042247385,739983360,0.1796875
aa30a8d5c85be8d9,svhn,ssb-v2-block,mlp,protocol-v3,1.0,64,1,1,279,0.0014150829520076513,0.007981958042364568,739999744,0.203125
aa30a8d5c85be8d9,svhn,ssb-v2-block,mlp,protocol-v3,1.0,64,1,1,280,0.0014575410168617964,0.008046375005505979,739999744,0.1953125
aa30a8d5c85be8d9,svhn,ssb-v2-block,mlp,protocol-v3,1.0,64,1,1,281,0.001421749999281019,0.00836862501455471,740016128,0.171875
aa30a8d5c85be8d9,svhn,ssb-v2-block,mlp,protocol-v3,1.0,64,1,1,282,0.0014286660007201135,0.00805012503406033,740016128,0.1484375
aa30a8d5c85be8d9,svhn,ssb-v2-block,mlp,protocol-v3,1.0,64,1,1,283,0.0014264170313253999,0.007951541047077626,740016128,0.2421875
aa30a8d5c85be8d9,svhn,ssb-v2-block,mlp,protocol-v3,1.0,64,1,1,284,0.001410541997756809,0.008209041028749198,740048896,0.1953125
aa30a8d5c85be8d9,svhn,ssb-v2-block,mlp,protocol-v3,1.0,64,1,1,285,0.0014212499954737723,0.00805325002875179,740048896,0.1171875
aa30a8d5c85be8d9,svhn,ssb-v2-block,mlp,protocol-v3,1.0,64,1,1,286,0.0014773330185562372,0.008390125003643334,740048896,0.2109375
aa30a8d5c85be8d9,svhn,ssb-v2-block,mlp,protocol-v3,1.0,64,1,1,287,0.0014659999869763851,0.008102709020022303,740048896,0.1640625
aa30a8d5c85be8d9,svhn,ssb-v2-block,mlp,protocol-v3,1.0,64,1,1,288,0.0014302079798653722,0.00822524999966845,740048896,0.171875
aa30a8d5c85be8d9,svhn,ssb-v2-block,mlp,protocol-v3,1.0,64,1,1,289,0.0014307500096037984,0.007990333018824458,740048896,0.1953125
aa30a8d5c85be8d9,svhn,ssb-v2-block,mlp,protocol-v3,1.0,64,1,1,290,0.0014215830015018582,0.008293165999930352,740048896,0.1328125
aa30a8d5c85be8d9,svhn,ssb-v2-block,mlp,protocol-v3,1.0,64,1,1,291,0.001458332990296185,0.00872766599059105,740048896,0.1875
aa30a8d5c85be8d9,svhn,ssb-v2-block,mlp,protocol-v3,1.0,64,1,1,292,0.0013995830086059868,0.00826916698133573,740048896,0.2265625
aa30a8d5c85be8d9,svhn,ssb-v2-block,mlp,protocol-v3,1.0,64,1,1,293,0.001474292017519474,0.008002875023521483,740065280,0.203125
aa30a8d5c85be8d9,svhn,ssb-v2-block,mlp,protocol-v3,1.0,64,1,1,294,0.0014108329778537154,0.008122250030282885,740065280,0.1484375
aa30a8d5c85be8d9,svhn,ssb-v2-block,mlp,protocol-v3,1.0,64,1,1,295,0.001404792012181133,0.008046125003602356,740065280,0.25
aa30a8d5c85be8d9,svhn,ssb-v2-block,mlp,protocol-v3,1.0,64,1,1,296,0.0014735000440850854,0.008012124977540225,740065280,0.21875
aa30a8d5c85be8d9,svhn,ssb-v2-block,mlp,protocol-v3,1.0,64,1,1,297,0.0014099580002948642,0.008153542003128678,740065280,0.2109375
aa30a8d5c85be8d9,svhn,ssb-v2-block,mlp,protocol-v3,1.0,64,1,1,298,0.0014805829850956798,0.007981583010405302,740065280,0.1640625
aa30a8d5c85be8d9,svhn,ssb-v2-block,mlp,protocol-v3,1.0,64,1,1,299,0.001415290986187756,0.008034667000174522,740065280,0.1328125
aa30a8d5c85be8d9,svhn,ssb-v2-block,mlp,protocol-v3,1.0,64,1,1,300,0.0014211669913493097,0.008170666988007724,740065280,0.1328125
aa30a8d5c85be8d9,svhn,ssb-v2-block,mlp,protocol-v3,1.0,64,1,1,301,0.0014718750026077032,0.008113374991808087,740065280,0.203125
aa30a8d5c85be8d9,svhn,ssb-v2-block,mlp,protocol-v3,1.0,64,1,1,302,0.0014819580246694386,0.008131542010232806,740065280,0.1796875
aa30a8d5c85be8d9,svhn,ssb-v2-block,mlp,protocol-v3,1.0,64,1,1,303,0.0014438750222325325,0.00811570801306516,740065280,0.1640625
aa30a8d5c85be8d9,svhn,ssb-v2-block,mlp,protocol-v3,1.0,64,1,1,304,0.0014660839806310833,0.008204874990042299,740065280,0.2109375
aa30a8d5c85be8d9,svhn,ssb-v2-block,mlp,protocol-v3,1.0,64,1,1,305,0.0014267090009525418,0.008010749996174127,740081664,0.1796875
aa30a8d5c85be8d9,svhn,ssb-v2-block,mlp,protocol-v3,1.0,64,1,1,306,0.0014226250350475311,0.00817549997009337,740081664,0.1328125
aa30a8d5c85be8d9,svhn,ssb-v2-block,mlp,protocol-v3,1.0,64,1,1,307,0.0014691660180687904,0.00798520800890401,740081664,0.21875
aa30a8d5c85be8d9,svhn,ssb-v2-block,mlp,protocol-v3,1.0,64,1,1,308,0.0014331660349853337,0.008282417024020106,740081664,0.203125
aa30a8d5c85be8d9,svhn,ssb-v2-block,mlp,protocol-v3,1.0,64,1,1,309,0.001412999990861863,0.008083624998107553,740081664,0.203125
aa30a8d5c85be8d9,svhn,ssb-v2-block,mlp,protocol-v3,1.0,64,1,1,310,0.0014785420498810709,0.00807583297137171,740130816,0.1953125
aa30a8d5c85be8d9,svhn,ssb-v2-block,mlp,protocol-v3,1.0,64,1,1,311,0.0014683330082334578,0.00805420899996534,740130816,0.1640625
aa30a8d5c85be8d9,svhn,ssb-v2-block,mlp,protocol-v3,1.0,64,1,1,312,0.0014869580045342445,0.008142000006046146,740130816,0.2109375
aa30a8d5c85be8d9,svhn,ssb-v2-block,mlp,protocol-v3,1.0,64,1,1,313,0.0014416250050999224,0.008129791996907443,740130816,0.171875
aa30a8d5c85be8d9,svhn,ssb-v2-block,mlp,protocol-v3,1.0,64,1,1,314,0.0014192090020515025,0.008098207996226847,740147200,0.15625
aa30a8d5c85be8d9,svhn,ssb-v2-block,mlp,protocol-v3,1.0,64,1,1,315,0.0014600420254282653,0.008084500033874065,740147200,0.1953125
aa30a8d5c85be8d9,svhn,ssb-v2-block,mlp,protocol-v3,1.0,64,1,1,316,0.0014528330066241324,0.0082154999836348,740147200,0.1796875
aa30a8d5c85be8d9,svhn,ssb-v2-block,mlp,protocol-v3,1.0,64,1,1,317,0.001435208017937839,0.008030250028241426,740163584,0.21875
aa30a8d5c85be8d9,svhn,ssb-v2-block,mlp,protocol-v3,1.0,64,1,1,318,0.0014615000109188259,0.008518292044755071,740163584,0.171875
aa30a8d5c85be8d9,svhn,ssb-v2-block,mlp,protocol-v3,1.0,64,1,1,319,0.0014198330463841558,0.008129084017127752,740163584,0.125
aa30a8d5c85be8d9,svhn,ssb-v2-block,mlp,protocol-v3,1.0,64,1,1,320,0.0014383340021595359,0.00796950003132224,740163584,0.1640625
aa30a8d5c85be8d9,svhn,ssb-v2-block,mlp,protocol-v3,1.0,64,1,1,321,0.0014259170275181532,0.00799208297394216,740163584,0.2109375
aa30a8d5c85be8d9,svhn,ssb-v2-block,mlp,protocol-v3,1.0,64,1,1,322,0.001423874986357987,0.008482332981657237,740163584,0.203125
aa30a8d5c85be8d9,svhn,ssb-v2-block,mlp,protocol-v3,1.0,64,1,1,323,0.0014632499660365283,0.008080583007540554,740163584,0.1953125
aa30a8d5c85be8d9,svhn,ssb-v2-block,mlp,protocol-v3,1.0,64,1,1,324,0.001428958959877491,0.008181583019904792,740163584,0.1953125
aa30a8d5c85be8d9,svhn,ssb-v2-block,mlp,protocol-v3,1.0,64,1,1,325,0.0014222500030882657,0.00805679097538814,740179968,0.234375
aa30a8d5c85be8d9,svhn,ssb-v2-block,mlp,protocol-v3,1.0,64,1,1,326,0.001481250044889748,0.008085000037681311,740179968,0.2265625
aa30a8d5c85be8d9,svhn,ssb-v2-block,mlp,protocol-v3,1.0,64,1,1,327,0.0014133750228211284,0.008029707998503,740179968,0.234375
aa30a8d5c85be8d9,svhn,ssb-v2-block,mlp,protocol-v3,1.0,64,1,1,328,0.0014316249871626496,0.008063583984039724,740179968,0.1796875
aa30a8d5c85be8d9,svhn,ssb-v2-block,mlp,protocol-v3,1.0,64,1,1,329,0.0014204999897629023,0.008123708015773445,740196352,0.2265625
aa30a8d5c85be8d9,svhn,ssb-v2-block,mlp,protocol-v3,1.0,64,1,1,330,0.0014308749814517796,0.008102332998532802,740212736,0.203125
aa30a8d5c85be8d9,svhn,ssb-v2-block,mlp,protocol-v3,1.0,64,1,1,331,0.0014490830362774432,0.008157250005751848,740212736,0.203125
aa30a8d5c85be8d9,svhn,ssb-v2-block,mlp,protocol-v3,1.0,64,1,1,332,0.0014120410196483135,0.00807083398103714,740212736,0.2578125
aa30a8d5c85be8d9,svhn,ssb-v2-block,mlp,protocol-v3,1.0,64,1,1,333,0.0014094170182943344,0.008160625002346933,740229120,0.2109375
aa30a8d5c85be8d9,svhn,ssb-v2-block,mlp,protocol-v3,1.0,64,1,1,334,0.0014659999869763851,0.008322082983795553,740229120,0.1328125
aa30a8d5c85be8d9,svhn,ssb-v2-block,mlp,protocol-v3,1.0,64,1,1,335,0.0014349999837577343,0.008012208039872348,740229120,0.3125
aa30a8d5c85be8d9,svhn,ssb-v2-block,mlp,protocol-v3,1.0,64,1,1,336,0.0014582499861717224,0.008129834022838622,740229120,0.2265625
aa30a8d5c85be8d9,svhn,ssb-v2-block,mlp,protocol-v3,1.0,64,1,1,337,0.0014088749885559082,0.008033291029278189,740229120,0.2421875
aa30a8d5c85be8d9,svhn,ssb-v2-block,mlp,protocol-v3,1.0,64,1,1,338,0.0014273750130087137,0.008113333024084568,740229120,0.171875
aa30a8d5c85be8d9,svhn,ssb-v2-block,mlp,protocol-v3,1.0,64,1,1,339,0.0014954999787732959,0.008198958996217698,740229120,0.15625
aa30a8d5c85be8d9,svhn,ssb-v2-block,mlp,protocol-v3,1.0,64,1,1,340,0.001409917022101581,0.008043750014621764,740245504,0.21875
aa30a8d5c85be8d9,svhn,ssb-v2-block,mlp,protocol-v3,1.0,64,1,1,341,0.001477500016335398,0.008061915985308588,740261888,0.1484375
aa30a8d5c85be8d9,svhn,ssb-v2-block,mlp,protocol-v3,1.0,64,1,1,342,0.0014860420487821102,0.008252749976236373,740261888,0.1328125
aa30a8d5c85be8d9,svhn,ssb-v2-block,mlp,protocol-v3,1.0,64,1,1,343,0.0014237500145100057,0.00824787502642721,740261888,0.2578125
aa30a8d5c85be8d9,svhn,ssb-v2-block,mlp,protocol-v3,1.0,64,1,1,344,0.0014752079732716084,0.008048790972679853,740261888,0.2109375
aa30a8d5c85be8d9,svhn,ssb-v2-block,mlp,protocol-v3,1.0,64,1,1,345,0.0014675830025225878,0.008408292022068053,740261888,0.1640625
aa30a8d5c85be8d9,svhn,ssb-v2-block,mlp,protocol-v3,1.0,64,1,1,346,0.001424291986040771,0.008103500003926456,740261888,0.140625
aa30a8d5c85be8d9,svhn,ssb-v2-block,mlp,protocol-v3,1.0,64,1,1,347,0.001453540986403823,0.008621916000265628,740261888,0.15625
aa30a8d5c85be8d9,svhn,ssb-v2-block,mlp,protocol-v3,1.0,64,1,1,348,0.0014577080146409571,0.008076916041318327,740261888,0.21875
aa30a8d5c85be8d9,svhn,ssb-v2-block,mlp,protocol-v3,1.0,64,1,1,349,0.0015039590070955455,0.008102332998532802,740261888,0.203125
aa30a8d5c85be8d9,svhn,ssb-v2-block,mlp,protocol-v3,1.0,64,1,1,350,0.0014180830330587924,0.008043416019063443,740261888,0.1796875
aa30a8d5c85be8d9,svhn,ssb-v2-block,mlp,protocol-v3,1.0,64,1,1,351,0.0013974580215290189,0.008064958034083247,740261888,0.2109375
aa30a8d5c85be8d9,svhn,ssb-v2-block,mlp,protocol-v3,1.0,64,1,1,352,0.0014733749558217824,0.008077291946392506,740261888,0.2265625
aa30a8d5c85be8d9,svhn,ssb-v2-block,mlp,protocol-v3,1.0,64,1,1,353,0.0014110420015640557,0.00805229099933058,740278272,0.1640625
aa30a8d5c85be8d9,svhn,ssb-v2-block,mlp,protocol-v3,1.0,64,1,1,354,0.0014303330099210143,0.00803737505339086,740278272,0.265625
aa30a8d5c85be8d9,svhn,ssb-v2-block,mlp,protocol-v3,1.0,64,1,1,355,0.001385957992170006,0.008103500003926456,740294656,0.1484375
aa30a8d5c85be8d9,svhn,ssb-v2-block,mlp,protocol-v3,1.0,64,1,1,356,0.0014771660207770765,0.008048040966968983,740294656,0.2421875
aa30a8d5c85be8d9,svhn,ssb-v2-block,mlp,protocol-v3,1.0,64,1,1,357,0.0014195000403560698,0.008177416981197894,740311040,0.203125
aa30a8d5c85be8d9,svhn,ssb-v2-block,mlp,protocol-v3,1.0,64,1,1,358,0.0014197089476510882,0.008301833004225045,740327424,0.21875
aa30a8d5c85be8d9,svhn,ssb-v2-block,mlp,protocol-v3,1.0,64,1,1,359,0.0014048749580979347,0.008051083015743643,740327424,0.2421875
aa30a8d5c85be8d9,svhn,ssb-v2-block,mlp,protocol-v3,1.0,64,1,1,360,0.0014890419552102685,0.00815216702176258,740327424,0.171875
aa30a8d5c85be8d9,svhn,ssb-v2-block,mlp,protocol-v3,1.0,64,1,1,361,0.0014492080081254244,0.008123832987621427,740327424,0.2265625
aa30a8d5c85be8d9,svhn,ssb-v2-block,mlp,protocol-v3,1.0,64,1,1,362,0.0014820840442553163,0.008022791997063905,740327424,0.1953125
aa30a8d5c85be8d9,svhn,ssb-v2-block,mlp,protocol-v3,1.0,64,1,1,363,0.0014511249610222876,0.008072916010860354,740327424,0.203125
aa30a8d5c85be8d9,svhn,ssb-v2-block,mlp,protocol-v3,1.0,64,1,1,364,0.001517708005849272,0.00830745801795274,740327424,0.1484375
aa30a8d5c85be8d9,svhn,ssb-v2-block,mlp,protocol-v3,1.0,64,1,1,365,0.001369333011098206,0.008034458034671843,740327424,0.1875
aa30a8d5c85be8d9,svhn,ssb-v2-block,mlp,protocol-v3,1.0,64,1,1,366,0.0014721669722348452,0.008126083994284272,740327424,0.1796875
aa30a8d5c85be8d9,svhn,ssb-v2-block,mlp,protocol-v3,1.0,64,1,1,367,0.0014172919909469783,0.008120124984998256,740327424,0.2109375
aa30a8d5c85be8d9,svhn,ssb-v2-block,mlp,protocol-v3,1.0,64,1,1,368,0.0014166669570840895,0.008080416999291629,740327424,0.203125
aa30a8d5c85be8d9,svhn,ssb-v2-block,mlp,protocol-v3,1.0,64,1,1,369,0.0014379170024767518,0.008005750016309321,740327424,0.1875
aa30a8d5c85be8d9,svhn,ssb-v2-block,mlp,protocol-v3,1.0,64,1,1,370,0.0013724160380661488,0.008049083000514656,740327424,0.1796875
aa30a8d5c85be8d9,svhn,ssb-v2-block,mlp,protocol-v3,1.0,64,1,1,371,0.0013904160005040467,0.00815899996086955,740327424,0.234375
aa30a8d5c85be8d9,svhn,ssb-v2-block,mlp,protocol-v3,1.0,64,1,1,372,0.0014961250126361847,0.00808429199969396,740327424,0.21875
aa30a8d5c85be8d9,svhn,ssb-v2-block,mlp,protocol-v3,1.0,64,1,1,373,0.0014424579567275941,0.008026040974073112,740327424,0.2265625
aa30a8d5c85be8d9,svhn,ssb-v2-block,mlp,protocol-v3,1.0,64,1,1,374,0.001472792006097734,0.008122999977786094,740327424,0.2109375
aa30a8d5c85be8d9,svhn,ssb-v2-block,mlp,protocol-v3,1.0,64,1,1,375,0.0014379579806700349,0.008064583002123982,740327424,0.25
aa30a8d5c85be8d9,svhn,ssb-v2-block,mlp,protocol-v3,1.0,64,1,1,376,0.0014289580285549164,0.008115791017189622,740343808,0.28125
aa30a8d5c85be8d9,svhn,ssb-v2-block,mlp,protocol-v3,1.0,64,1,1,377,0.001431958982720971,0.008145916974171996,740360192,0.15625
aa30a8d5c85be8d9,svhn,ssb-v2-block,mlp,protocol-v3,1.0,64,1,1,378,0.0014645829796791077,0.008212124987039715,740360192,0.1953125
aa30a8d5c85be8d9,svhn,ssb-v2-block,mlp,protocol-v3,1.0,64,1,1,379,0.0014743340434506536,0.008127707988023758,740360192,0.265625
aa30a8d5c85be8d9,svhn,ssb-v2-block,mlp,protocol-v3,1.0,64,1,1,380,0.0014295000000856817,0.008609540993347764,740376576,0.2734375
aa30a8d5c85be8d9,svhn,ssb-v2-block,mlp,protocol-v3,1.0,64,1,1,381,0.0014628749922849238,0.008304999966640025,740376576,0.2265625
aa30a8d5c85be8d9,svhn,ssb-v2-block,mlp,protocol-v3,1.0,64,1,1,382,0.0014294579741545022,0.008075624995399266,740376576,0.234375
aa30a8d5c85be8d9,svhn,ssb-v2-block,mlp,protocol-v3,1.0,64,1,1,383,0.001422208035364747,0.008065290981903672,740376576,0.15625
aa30a8d5c85be8d9,svhn,ssb-v2-block,mlp,protocol-v3,1.0,64,1,1,384,0.001494834024924785,0.008103459025733173,740376576,0.203125
aa30a8d5c85be8d9,svhn,ssb-v2-block,mlp,protocol-v3,1.0,64,1,1,385,0.00147387501783669,0.008173750014975667,740376576,0.3359375
aa30a8d5c85be8d9,svhn,ssb-v2-block,mlp,protocol-v3,1.0,64,1,1,386,0.0014211669913493097,0.008240957977250218,740392960,0.28125
aa30a8d5c85be8d9,svhn,ssb-v2-block,mlp,protocol-v3,1.0,64,1,1,387,0.0014094579964876175,0.008064625028055161,740409344,0.2265625
aa30a8d5c85be8d9,svhn,ssb-v2-block,mlp,protocol-v3,1.0,64,1,1,388,0.0015013329684734344,0.00850316701689735,740409344,0.3203125
aa30a8d5c85be8d9,svhn,ssb-v2-block,mlp,protocol-v3,1.0,64,1,1,389,0.00141345796873793,0.0079692910076119,740409344,0.1875
aa30a8d5c85be8d9,svhn,ssb-v2-block,mlp,protocol-v3,1.0,64,1,1,390,0.0014372500008903444,0.008312042045872658,740409344,0.1875
aa30a8d5c85be8d9,svhn,ssb-v2-block,mlp,protocol-v3,1.0,64,1,1,391,0.0014690830139443278,0.008154125011060387,740409344,0.2109375
aa30a8d5c85be8d9,svhn,ssb-v2-block,mlp,protocol-v3,1.0,64,1,1,392,0.0014482500264421105,0.008110124967060983,740409344,0.1484375
aa30a8d5c85be8d9,svhn,ssb-v2-block,mlp,protocol-v3,1.0,64,1,1,393,0.0014287499943748116,0.008041166991461068,740409344,0.2421875
aa30a8d5c85be8d9,svhn,ssb-v2-block,mlp,protocol-v3,1.0,64,1,1,394,0.0014937079977244139,0.00827812496572733,740409344,0.3046875
aa30a8d5c85be8d9,svhn,ssb-v2-block,mlp,protocol-v3,1.0,64,1,1,395,0.0014346669777296484,0.008093625016044825,740409344,0.203125
aa30a8d5c85be8d9,svhn,ssb-v2-block,mlp,protocol-v3,1.0,64,1,1,396,0.0014288329984992743,0.008121582970488816,740409344,0.171875
aa30a8d5c85be8d9,svhn,ssb-v2-block,mlp,protocol-v3,1.0,64,1,1,397,0.0014541660202667117,0.008123708015773445,740409344,0.2578125
aa30a8d5c85be8d9,svhn,ssb-v2-block,mlp,protocol-v3,1.0,64,1,1,398,0.0014153749798424542,0.008062500040978193,740425728,0.25
aa30a8d5c85be8d9,svhn,ssb-v2-block,mlp,protocol-v3,1.0,64,1,1,399,0.0014602919691242278,0.008034042024519295,740425728,0.2265625
aa30a8d5c85be8d9,svhn,ssb-v2-block,mlp,protocol-v3,1.0,64,1,1,400,0.0014199590077623725,0.008025666989851743,740425728,0.2734375
aa30a8d5c85be8d9,svhn,ssb-v2-block,mlp,protocol-v3,1.0,64,1,1,401,0.001496042008511722,0.008131457958370447,740442112,0.2265625
aa30a8d5c85be8d9,svhn,ssb-v2-block,mlp,protocol-v3,1.0,64,1,1,402,0.0014787089894525707,0.008061082975473255,740442112,0.2109375
aa30a8d5c85be8d9,svhn,ssb-v2-block,mlp,protocol-v3,1.0,64,1,1,403,0.0014602080336771905,0.008362708031199872,740458496,0.296875
aa30a8d5c85be8d9,svhn,ssb-v2-block,mlp,protocol-v3,1.0,64,1,1,404,0.0014605000033043325,0.007966958975885063,740458496,0.2109375
aa30a8d5c85be8d9,svhn,ssb-v2-block,mlp,protocol-v3,1.0,64,1,1,405,0.00146266701631248,0.008069208008237183,740458496,0.265625
aa30a8d5c85be8d9,svhn,ssb-v2-block,mlp,protocol-v3,1.0,64,1,1,406,0.0014705000212416053,0.008100041013676673,740458496,0.265625
aa30a8d5c85be8d9,svhn,ssb-v2-block,mlp,protocol-v3,1.0,64,1,1,407,0.0014932499616406858,0.008047375013120472,740458496,0.2734375
aa30a8d5c85be8d9,svhn,ssb-v2-block,mlp,protocol-v3,1.0,64,1,1,408,0.001407707983162254,0.008124290965497494,740458496,0.328125
aa30a8d5c85be8d9,svhn,ssb-v2-block,mlp,protocol-v3,1.0,64,1,1,409,0.001404082984663546,0.008154832990840077,740458496,0.25
aa30a8d5c85be8d9,svhn,ssb-v2-block,mlp,protocol-v3,1.0,64,1,1,410,0.0014290830004028976,0.00800779100973159,740458496,0.28125
aa30a8d5c85be8d9,svhn,ssb-v2-block,mlp,protocol-v3,1.0,64,1,1,411,0.0014191250083968043,0.008026290975976735,740474880,0.3046875
aa30a8d5c85be8d9,svhn,ssb-v2-block,mlp,protocol-v3,1.0,64,1,1,412,0.001422541041392833,0.00798762496560812,740474880,0.2109375
aa30a8d5c85be8d9,svhn,ssb-v2-block,mlp,protocol-v3,1.0,64,1,1,413,0.0014237089781090617,0.008013124985154718,740474880,0.3125
aa30a8d5c85be8d9,svhn,ssb-v2-block,mlp,protocol-v3,1.0,64,1,1,414,0.0014136249665170908,0.008008500037249178,740474880,0.34375
aa30a8d5c85be8d9,svhn,ssb-v2-block,mlp,protocol-v3,1.0,64,1,1,415,0.0014616669504903257,0.008046916977036744,740491264,0.25
aa30a8d5c85be8d9,svhn,ssb-v2-block,mlp,protocol-v3,1.0,64,1,1,416,0.001442749984562397,0.00812058401061222,740491264,0.2109375
aa30a8d5c85be8d9,svhn,ssb-v2-block,mlp,protocol-v3,1.0,64,1,1,417,0.0014192500384524465,0.008052541990764439,740491264,0.21875
aa30a8d5c85be8d9,svhn,ssb-v2-block,mlp,protocol-v3,1.0,64,1,1,418,0.0014269579551182687,0.008012125035747886,740491264,0.265625
aa30a8d5c85be8d9,svhn,ssb-v2-block,mlp,protocol-v3,1.0,64,1,1,419,0.0014276669826358557,0.008165500010363758,740491264,0.328125
aa30a8d5c85be8d9,svhn,ssb-v2-block,mlp,protocol-v3,1.0,64,1,1,420,0.0014310829574242234,0.008214416971895844,740491264,0.3359375
aa30a8d5c85be8d9,svhn,ssb-v2-block,mlp,protocol-v3,1.0,64,1,1,421,0.001455457997508347,0.007997000007890165,740491264,0.2734375
aa30a8d5c85be8d9,svhn,ssb-v2-block,mlp,protocol-v3,1.0,64,1,1,422,0.0014597499975934625,0.00795641605509445,740491264,0.265625
aa30a8d5c85be8d9,svhn,ssb-v2-block,mlp,protocol-v3,1.0,64,1,1,423,0.0015724580152891576,0.008085083041805774,740491264,0.234375
aa30a8d5c85be8d9,svhn,ssb-v2-block,mlp,protocol-v3,1.0,64,1,1,424,0.001491165952757001,0.00838070799363777,740491264,0.1953125
aa30a8d5c85be8d9,svhn,ssb-v2-block,mlp,protocol-v3,1.0,64,1,1,425,0.0014803330413997173,0.008015874947886914,740507648,0.21875
aa30a8d5c85be8d9,svhn,ssb-v2-block,mlp,protocol-v3,1.0,64,1,1,426,0.001483667001593858,0.008094082993920892,740524032,0.2890625
aa30a8d5c85be8d9,svhn,ssb-v2-block,mlp,protocol-v3,1.0,64,1,1,427,0.001469458977226168,0.00801624997984618,740524032,0.2265625
aa30a8d5c85be8d9,svhn,ssb-v2-block,mlp,protocol-v3,1.0,64,1,1,428,0.0014934579958207905,0.008132875023875386,740556800,0.265625
aa30a8d5c85be8d9,svhn,ssb-v2-block,mlp,protocol-v3,1.0,64,1,1,429,0.0014220420271158218,0.008060874999500811,740556800,0.25
aa30a8d5c85be8d9,svhn,ssb-v2-block,mlp,protocol-v3,1.0,64,1,1,430,0.0014411250012926757,0.00806670798920095,740556800,0.2890625
aa30a8d5c85be8d9,svhn,ssb-v2-block,mlp,protocol-v3,1.0,64,1,1,431,0.0014846670092083514,0.008046582981478423,740556800,0.2890625
aa30a8d5c85be8d9,svhn,ssb-v2-block,mlp,protocol-v3,1.0,64,1,1,432,0.0014122500433586538,0.008035291044507176,740556800,0.3359375
aa30a8d5c85be8d9,svhn,ssb-v2-block,mlp,protocol-v3,1.0,64,1,1,433,0.0014219579752534628,0.008175541006494313,740556800,0.34375
aa30a8d5c85be8d9,svhn,ssb-v2-block,mlp,protocol-v3,1.0,64,1,1,434,0.0014187080087140203,0.008003249997273088,740556800,0.3828125
aa30a8d5c85be8d9,svhn,ssb-v2-block,mlp,protocol-v3,1.0,64,1,1,435,0.0014648750075139105,0.008041499997489154,740573184,0.2578125
aa30a8d5c85be8d9,svhn,ssb-v2-block,mlp,protocol-v3,1.0,64,1,1,436,0.0014151250361464918,0.008139875018969178,740573184,0.3515625
aa30a8d5c85be8d9,svhn,ssb-v2-block,mlp,protocol-v3,1.0,64,1,1,437,0.0014706660294905305,0.008226040983572602,740573184,0.375
aa30a8d5c85be8d9,svhn,ssb-v2-block,mlp,protocol-v3,1.0,64,1,1,438,0.001411625009495765,0.00817183405160904,740573184,0.3515625
aa30a8d5c85be8d9,svhn,ssb-v2-block,mlp,protocol-v3,1.0,64,1,1,439,0.0014234160189516842,0.007979542016983032,740589568,0.2734375
aa30a8d5c85be8d9,svhn,ssb-v2-block,mlp,protocol-v3,1.0,64,1,1,440,0.0013948749983683228,0.008022667025215924,740589568,0.328125
aa30a8d5c85be8d9,svhn,ssb-v2-block,mlp,protocol-v3,1.0,64,1,1,441,0.0014840419753454626,0.008081750012934208,740589568,0.234375
aa30a8d5c85be8d9,svhn,ssb-v2-block,mlp,protocol-v3,1.0,64,1,1,442,0.0014351250138133764,0.00820408301660791,740589568,0.390625
aa30a8d5c85be8d9,svhn,ssb-v2-block,mlp,protocol-v3,1.0,64,1,1,443,0.0014874580083414912,0.00816037500044331,740589568,0.3046875
aa30a8d5c85be8d9,svhn,ssb-v2-block,mlp,protocol-v3,1.0,64,1,1,444,0.001477167010307312,0.008100165985524654,740589568,0.359375
aa30a8d5c85be8d9,svhn,ssb-v2-block,mlp,protocol-v3,1.0,64,1,1,445,0.0014277499867603183,0.007982542039826512,740589568,0.21875
aa30a8d5c85be8d9,svhn,ssb-v2-block,mlp,protocol-v3,1.0,64,1,1,446,0.001482499996200204,0.008135833020787686,740589568,0.28125
aa30a8d5c85be8d9,svhn,ssb-v2-block,mlp,protocol-v3,1.0,64,1,1,447,0.0014516669907607138,0.007985665986780077,740589568,0.3046875
aa30a8d5c85be8d9,svhn,ssb-v2-block,mlp,protocol-v3,1.0,64,1,1,448,0.0014192919479683042,0.008398541016504169,740605952,0.3046875
aa30a8d5c85be8d9,svhn,ssb-v2-block,mlp,protocol-v3,1.0,64,1,1,449,0.0014584589516744018,0.008485166996251792,740605952,0.3046875
aa30a8d5c85be8d9,svhn,ssb-v2-block,mlp,protocol-v3,1.0,64,1,1,450,0.001416332961525768,0.00808562501333654,740605952,0.359375
aa30a8d5c85be8d9,svhn,ssb-v2-block,mlp,protocol-v3,1.0,64,1,1,451,0.0014599580317735672,0.00806450005620718,740605952,0.296875
aa30a8d5c85be8d9,svhn,ssb-v2-block,mlp,protocol-v3,1.0,64,1,1,452,0.0015453750384040177,0.008098875056020916,740605952,0.359375
aa30a8d5c85be8d9,svhn,ssb-v2-block,mlp,protocol-v3,1.0,64,1,1,453,0.001465875015128404,0.008138292003422976,740605952,0.234375
aa30a8d5c85be8d9,svhn,ssb-v2-block,mlp,protocol-v3,1.0,64,1,1,454,0.0014230830129235983,0.0081474159960635,740605952,0.359375
aa30a8d5c85be8d9,svhn,ssb-v2-block,mlp,protocol-v3,1.0,64,1,1,455,0.001462290994822979,0.007970208011101931,740605952,0.3359375
aa30a8d5c85be8d9,svhn,ssb-v2-block,mlp,protocol-v3,1.0,64,1,1,456,0.0014303339994512498,0.008114875003229827,740605952,0.34375
aa30a8d5c85be8d9,svhn,ssb-v2-block,mlp,protocol-v3,1.0,64,1,1,457,0.0014752080314792693,0.008009999990463257,740605952,0.3515625
aa30a8d5c85be8d9,svhn,ssb-v2-block,mlp,protocol-v3,1.0,64,1,1,458,0.001423124980647117,0.008027375035453588,740605952,0.359375
aa30a8d5c85be8d9,svhn,ssb-v2-block,mlp,protocol-v3,1.0,64,1,1,459,0.0014393749879673123,0.008108959009405226,740605952,0.34375
aa30a8d5c85be8d9,svhn,ssb-v2-block,mlp,protocol-v3,1.0,64,1,1,460,0.0014187499764375389,0.008020416018553078,740605952,0.3515625
aa30a8d5c85be8d9,svhn,ssb-v2-block,mlp,protocol-v3,1.0,64,1,1,461,0.0014480419922620058,0.008018082997296005,740605952,0.34375
aa30a8d5c85be8d9,svhn,ssb-v2-block,mlp,protocol-v3,1.0,64,1,1,462,0.0014301249757409096,0.00798729102825746,740605952,0.3515625
aa30a8d5c85be8d9,svhn,ssb-v2-block,mlp,protocol-v3,1.0,64,1,1,463,0.0014473749906755984,0.008036166022066027,740605952,0.390625
aa30a8d5c85be8d9,svhn,ssb-v2-block,mlp,protocol-v3,1.0,64,1,1,464,0.0014618750428780913,0.008025083981920034,740605952,0.3359375
aa30a8d5c85be8d9,svhn,ssb-v2-block,mlp,protocol-v3,1.0,64,1,1,465,0.0014404159737750888,0.008096832956653088,740605952,0.328125
aa30a8d5c85be8d9,svhn,ssb-v2-block,mlp,protocol-v3,1.0,64,1,1,466,0.0014273750130087137,0.008086875022854656,740605952,0.359375
aa30a8d5c85be8d9,svhn,ssb-v2-block,mlp,protocol-v3,1.0,64,1,1,467,0.0014582909643650055,0.008056833001319319,740605952,0.3125
aa30a8d5c85be8d9,svhn,ssb-v2-block,mlp,protocol-v3,1.0,64,1,1,468,0.001436999998986721,0.008114416967146099,740605952,0.296875
aa30a8d5c85be8d9,svhn,ssb-v2-block,mlp,protocol-v3,1.0,64,1,1,469,0.0014114170335233212,0.008088124974165112,740622336,0.34375
aa30a8d5c85be8d9,svhn,ssb-v2-block,mlp,protocol-v3,1.0,64,1,1,470,0.0014248339575715363,0.008043833018746227,740622336,0.3671875
aa30a8d5c85be8d9,svhn,ssb-v2-block,mlp,protocol-v3,1.0,64,1,1,471,0.0014163340092636645,0.00799116597045213,740622336,0.2421875
aa30a8d5c85be8d9,svhn,ssb-v2-block,mlp,protocol-v3,1.0,64,1,1,472,0.0014482500264421105,0.008191249973606318,740622336,0.375
aa30a8d5c85be8d9,svhn,ssb-v2-block,mlp,protocol-v3,1.0,64,1,1,473,0.001477207988500595,0.008195624977815896,740622336,0.34375
aa30a8d5c85be8d9,svhn,ssb-v2-block,mlp,protocol-v3,1.0,64,1,1,474,0.0014118750113993883,0.007991541002411395,740638720,0.3359375
aa30a8d5c85be8d9,svhn,ssb-v2-block,mlp,protocol-v3,1.0,64,1,1,475,0.001463084015995264,0.008202916011214256,740638720,0.359375
aa30a8d5c85be8d9,svhn,ssb-v2-block,mlp,protocol-v3,1.0,64,1,1,476,0.001465165987610817,0.007952000014483929,740638720,0.4375
aa30a8d5c85be8d9,svhn,ssb-v2-block,mlp,protocol-v3,1.0,64,1,1,477,0.0014552079956047237,0.008366791007574648,740655104,0.3671875
aa30a8d5c85be8d9,svhn,ssb-v2-block,mlp,protocol-v3,1.0,64,1,1,478,0.0014231250388547778,0.008130709000397474,740655104,0.3828125
aa30a8d5c85be8d9,svhn,ssb-v2-block,mlp,protocol-v3,1.0,64,1,1,479,0.0014349169796332717,0.008205457997974008,740655104,0.3984375
aa30a8d5c85be8d9,svhn,ssb-v2-block,mlp,protocol-v3,1.0,64,1,1,480,0.0014625000185333192,0.008734500035643578,740655104,0.4609375
aa30a8d5c85be8d9,svhn,ssb-v2-block,mlp,protocol-v3,1.0,64,1,1,481,0.0014310000115074217,0.008125332999043167,740655104,0.3515625
aa30a8d5c85be8d9,svhn,ssb-v2-block,mlp,protocol-v3,1.0,64,1,1,482,0.0014312080456875265,0.008004457980860025,740655104,0.4296875
aa30a8d5c85be8d9,svhn,ssb-v2-block,mlp,protocol-v3,1.0,64,1,1,483,0.0014572920044884086,0.007981583010405302,740655104,0.3515625
aa30a8d5c85be8d9,svhn,ssb-v2-block,mlp,protocol-v3,1.0,64,1,1,484,0.0014294579741545022,0.00809920800384134,740655104,0.3125
aa30a8d5c85be8d9,svhn,ssb-v2-block,mlp,protocol-v3,1.0,64,1,1,485,0.0014765840023756027,0.008088125032372773,740655104,0.3203125
aa30a8d5c85be8d9,svhn,ssb-v2-block,mlp,protocol-v3,1.0,64,1,1,486,0.0015271250158548355,0.008114249969366938,740655104,0.4140625
aa30a8d5c85be8d9,svhn,ssb-v2-block,mlp,protocol-v3,1.0,64,1,1,487,0.0014066249714232981,0.007976291002705693,740655104,0.3828125
aa30a8d5c85be8d9,svhn,ssb-v2-block,mlp,protocol-v3,1.0,64,1,1,488,0.0013883329811505973,0.008079375023953617,740671488,0.3359375
aa30a8d5c85be8d9,svhn,ssb-v2-block,mlp,protocol-v3,1.0,64,1,1,489,0.0014406670234166086,0.008228667022194713,740671488,0.46875
aa30a8d5c85be8d9,svhn,ssb-v2-block,mlp,protocol-v3,1.0,64,1,1,490,0.0014258750015869737,0.008086832996923476,740671488,0.453125
aa30a8d5c85be8d9,svhn,ssb-v2-block,mlp,protocol-v3,1.0,64,1,1,491,0.0015102920006029308,0.00810612499481067,740671488,0.4140625
aa30a8d5c85be8d9,svhn,ssb-v2-block,mlp,protocol-v3,1.0,64,1,1,492,0.0014527500024996698,0.008093708020169288,740671488,0.4375
aa30a8d5c85be8d9,svhn,ssb-v2-block,mlp,protocol-v3,1.0,64,1,1,493,0.0013781249872408807,0.008017042011488229,740671488,0.359375
aa30a8d5c85be8d9,svhn,ssb-v2-block,mlp,protocol-v3,1.0,64,1,1,494,0.001356207998469472,0.008125458029098809,740687872,0.421875
aa30a8d5c85be8d9,svhn,ssb-v2-block,mlp,protocol-v3,1.0,64,1,1,495,0.0014516250230371952,0.008196333015803248,740687872,0.4921875
aa30a8d5c85be8d9,svhn,ssb-v2-block,mlp,protocol-v3,1.0,64,1,1,496,0.001405457966029644,0.008036707993596792,740687872,0.4453125
aa30a8d5c85be8d9,svhn,ssb-v2-block,mlp,protocol-v3,1.0,64,1,1,497,0.0014083340065553784,0.008122082974296063,740687872,0.421875
aa30a8d5c85be8d9,svhn,ssb-v2-block,mlp,protocol-v3,1.0,64,1,1,498,0.0014042920083738863,0.008056875027250499,740687872,0.40625
aa30a8d5c85be8d9,svhn,ssb-v2-block,mlp,protocol-v3,1.0,64,1,1,499,0.0014813329908065498,0.008076082973275334,740687872,0.4140625
aa30a8d5c85be8d9,svhn,ssb-v2-block,mlp,protocol-v3,1.0,64,1,1,500,0.001429458032362163,0.008117666991893202,740687872,0.375
aa30a8d5c85be8d9,svhn,ssb-v2-block,mlp,protocol-v3,1.0,64,1,1,501,0.001410124998074025,0.008058375038672239,740687872,0.3828125
aa30a8d5c85be8d9,svhn,ssb-v2-block,mlp,protocol-v3,1.0,64,1,1,502,0.0014161670114845037,0.008072500000707805,740704256,0.6015625
aa30a8d5c85be8d9,svhn,ssb-v2-block,mlp,protocol-v3,1.0,64,1,1,503,0.001404708018526435,0.008348333009053022,740704256,0.359375
aa30a8d5c85be8d9,svhn,ssb-v2-block,mlp,protocol-v3,1.0,64,1,1,504,0.0014292499981820583,0.008085292007308453,740704256,0.4140625
aa30a8d5c85be8d9,svhn,ssb-v2-block,mlp,protocol-v3,1.0,64,1,1,505,0.001430541044101119,0.008159291988704354,740720640,0.390625
aa30a8d5c85be8d9,svhn,ssb-v2-block,mlp,protocol-v3,1.0,64,1,1,506,0.0014625409967266023,0.00807154196081683,740720640,0.40625
aa30a8d5c85be8d9,svhn,ssb-v2-block,mlp,protocol-v3,1.0,64,1,1,507,0.001453207980375737,0.008246749988757074,740720640,0.4453125
aa30a8d5c85be8d9,svhn,ssb-v2-block,mlp,protocol-v3,1.0,64,1,1,508,0.0014395000180229545,0.008034125028643757,740720640,0.390625
aa30a8d5c85be8d9,svhn,ssb-v2-block,mlp,protocol-v3,1.0,64,1,1,509,0.0014182919985614717,0.008154542010743171,740720640,0.3203125
aa30a8d5c85be8d9,svhn,ssb-v2-block,mlp,protocol-v3,1.0,64,1,1,510,0.0014712500269524753,0.007989957986865193,740720640,0.3515625
aa30a8d5c85be8d9,svhn,ssb-v2-block,mlp,protocol-v3,1.0,64,1,1,511,0.0014811669825576246,0.00827604194637388,740720640,0.4140625
aa30a8d5c85be8d9,svhn,ssb-v2-block,mlp,protocol-v3,1.0,64,1,1,512,0.0014268329832702875,0.00807066704146564,740720640,0.4296875
aa30a8d5c85be8d9,svhn,ssb-v2-block,mlp,protocol-v3,1.0,64,1,1,513,0.0014810420107096434,0.008184791018720716,740737024,0.4140625
aa30a8d5c85be8d9,svhn,ssb-v2-block,mlp,protocol-v3,1.0,64,1,1,514,0.0014804170350544155,0.00812058401061222,740737024,0.3203125
aa30a8d5c85be8d9,svhn,ssb-v2-block,mlp,protocol-v3,1.0,64,1,1,515,0.0014182910090312362,0.008178416988812387,740737024,0.4609375
aa30a8d5c85be8d9,svhn,ssb-v2-block,mlp,protocol-v3,1.0,64,1,1,516,0.0014362080255523324,0.008098417019937187,740737024,0.4609375
aa30a8d5c85be8d9,svhn,ssb-v2-block,mlp,protocol-v3,1.0,64,1,1,517,0.0014724160428158939,0.00817775004543364,740753408,0.34375
aa30a8d5c85be8d9,svhn,ssb-v2-block,mlp,protocol-v3,1.0,64,1,1,518,0.0014359579654410481,0.007999667024705559,740769792,0.5234375
aa30a8d5c85be8d9,svhn,ssb-v2-block,mlp,protocol-v3,1.0,64,1,1,519,0.0014748750254511833,0.008049958036281168,740769792,0.375
aa30a8d5c85be8d9,svhn,ssb-v2-block,mlp,protocol-v3,1.0,64,1,1,520,0.0014646249474026263,0.008128874993417412,740769792,0.46875
aa30a8d5c85be8d9,svhn,ssb-v2-block,mlp,protocol-v3,1.0,64,1,1,521,0.0014309160178527236,0.008031333971302956,740769792,0.359375
aa30a8d5c85be8d9,svhn,ssb-v2-block,mlp,protocol-v3,1.0,64,1,1,522,0.0014660829911008477,0.00799979199655354,740769792,0.375
aa30a8d5c85be8d9,svhn,ssb-v2-block,mlp,protocol-v3,1.0,64,1,1,523,0.0013886669767089188,0.00816183298593387,740769792,0.4375
aa30a8d5c85be8d9,svhn,ssb-v2-block,mlp,protocol-v3,1.0,64,1,1,524,0.0014209580258466303,0.008120874990709126,740769792,0.4453125
aa30a8d5c85be8d9,svhn,ssb-v2-block,mlp,protocol-v3,1.0,64,1,1,525,0.001468040980398655,0.008089084003586322,740769792,0.4375
aa30a8d5c85be8d9,svhn,ssb-v2-block,mlp,protocol-v3,1.0,64,1,1,526,0.0013997499481774867,0.008009875018615276,740769792,0.4375
aa30a8d5c85be8d9,svhn,ssb-v2-block,mlp,protocol-v3,1.0,64,1,1,527,0.0014454160118475556,0.008051790995523334,740769792,0.5
aa30a8d5c85be8d9,svhn,ssb-v2-block,mlp,protocol-v3,1.0,64,1,1,528,0.0014664580230601132,0.008070874959230423,740769792,0.4140625
aa30a8d5c85be8d9,svhn,ssb-v2-block,mlp,protocol-v3,1.0,64,1,1,529,0.0014799580094404519,0.008199166972190142,740769792,0.359375
aa30a8d5c85be8d9,svhn,ssb-v2-block,mlp,protocol-v3,1.0,64,1,1,530,0.0014172500232234597,0.008132875023875386,740786176,0.421875
aa30a8d5c85be8d9,svhn,ssb-v2-block,mlp,protocol-v3,1.0,64,1,1,531,0.0014003749820403755,0.008264207979664207,740786176,0.4296875
aa30a8d5c85be8d9,svhn,ssb-v2-block,mlp,protocol-v3,1.0,64,1,1,532,0.0014595419634133577,0.008232333057094365,740786176,0.359375
aa30a8d5c85be8d9,svhn,ssb-v2-block,mlp,protocol-v3,1.0,64,1,1,533,0.00141270796302706,0.008075374993495643,740802560,0.3828125
aa30a8d5c85be8d9,svhn,ssb-v2-block,mlp,protocol-v3,1.0,64,1,1,534,0.0014215830015018582,0.00803512497805059,740802560,0.421875
aa30a8d5c85be8d9,svhn,ssb-v2-block,mlp,protocol-v3,1.0,64,1,1,535,0.0014356249594129622,0.00808558298740536,740802560,0.390625
aa30a8d5c85be8d9,svhn,ssb-v2-block,mlp,protocol-v3,1.0,64,1,1,536,0.0014559159753844142,0.008737249998375773,740835328,0.53125
aa30a8d5c85be8d9,svhn,ssb-v2-block,mlp,protocol-v3,1.0,64,1,1,537,0.0014411659794859588,0.008014999970328063,740835328,0.5
aa30a8d5c85be8d9,svhn,ssb-v2-block,mlp,protocol-v3,1.0,64,1,1,538,0.0014635410043410957,0.007981875038240105,740835328,0.40625
aa30a8d5c85be8d9,svhn,ssb-v2-block,mlp,protocol-v3,1.0,64,1,1,539,0.0015018329722806811,0.00822912500007078,740835328,0.46875
aa30a8d5c85be8d9,svhn,ssb-v2-block,mlp,protocol-v3,1.0,64,1,1,540,0.001422500004991889,0.008490541018545628,740835328,0.515625
aa30a8d5c85be8d9,svhn,ssb-v2-block,mlp,protocol-v3,1.0,64,1,1,541,0.001426416973117739,0.008114499971270561,740835328,0.3671875
aa30a8d5c85be8d9,svhn,ssb-v2-block,mlp,protocol-v3,1.0,64,1,1,542,0.001410124998074025,0.008066791982855648,740835328,0.4453125
aa30a8d5c85be8d9,svhn,ssb-v2-block,mlp,protocol-v3,1.0,64,1,1,543,0.0014609170029871166,0.008087791968137026,740835328,0.4375
aa30a8d5c85be8d9,svhn,ssb-v2-block,mlp,protocol-v3,1.0,64,1,1,544,0.0014281249605119228,0.008002374961506575,740835328,0.3828125
aa30a8d5c85be8d9,svhn,ssb-v2-block,mlp,protocol-v3,1.0,64,1,1,545,0.0015717920032329857,0.008075415971688926,740835328,0.3984375
aa30a8d5c85be8d9,svhn,ssb-v2-block,mlp,protocol-v3,1.0,64,1,1,546,0.0014145830064080656,0.008020250010304153,740851712,0.3984375
aa30a8d5c85be8d9,svhn,ssb-v2-block,mlp,protocol-v3,1.0,64,1,1,547,0.0015156670124270022,0.008391666982788593,740851712,0.4296875
aa30a8d5c85be8d9,svhn,ssb-v2-block,mlp,protocol-v3,1.0,64,1,1,548,0.0014197080163285136,0.008136374992318451,740851712,0.375
aa30a8d5c85be8d9,svhn,ssb-v2-block,mlp,protocol-v3,1.0,64,1,1,549,0.0014150000060908496,0.008173374983016402,740851712,0.484375
aa30a8d5c85be8d9,svhn,ssb-v2-block,mlp,protocol-v3,1.0,64,1,1,550,0.0014507920132018626,0.008013959042727947,740851712,0.4296875
aa30a8d5c85be8d9,svhn,ssb-v2-block,mlp,protocol-v3,1.0,64,1,1,551,0.0014824579702690244,0.008029708988033235,740868096,0.4375
aa30a8d5c85be8d9,svhn,ssb-v2-block,mlp,protocol-v3,1.0,64,1,1,552,0.0014662089524790645,0.00800033297855407,740868096,0.40625
aa30a8d5c85be8d9,svhn,ssb-v2-block,mlp,protocol-v3,1.0,64,1,1,553,0.0014000419760122895,0.008086875022854656,740868096,0.4453125
aa30a8d5c85be8d9,svhn,ssb-v2-block,mlp,protocol-v3,1.0,64,1,1,554,0.0014897920191287994,0.008165834005922079,740868096,0.4296875
aa30a8d5c85be8d9,svhn,ssb-v2-block,mlp,protocol-v3,1.0,64,1,1,555,0.001462290994822979,0.008024792012292892,740868096,0.390625
aa30a8d5c85be8d9,svhn,ssb-v2-block,mlp,protocol-v3,1.0,64,1,1,556,0.0014222919708117843,0.008211124979425222,740868096,0.4609375
aa30a8d5c85be8d9,svhn,ssb-v2-block,mlp,protocol-v3,1.0,64,1,1,557,0.001451499992981553,0.008028000011108816,740868096,0.515625
aa30a8d5c85be8d9,svhn,ssb-v2-block,mlp,protocol-v3,1.0,64,1,1,558,0.0014390000142157078,0.008165917010046542,740868096,0.4375
aa30a8d5c85be8d9,svhn,ssb-v2-block,mlp,protocol-v3,1.0,64,1,1,559,0.001428375020623207,0.008106832974590361,740868096,0.421875
aa30a8d5c85be8d9,svhn,ssb-v2-block,mlp,protocol-v3,1.0,64,1,1,560,0.0014760420308448374,0.008210166008211672,740884480,0.40625
aa30a8d5c85be8d9,svhn,ssb-v2-block,mlp,protocol-v3,1.0,64,1,1,561,0.0014445410342887044,0.008045083028264344,740884480,0.4765625
aa30a8d5c85be8d9,svhn,ssb-v2-block,mlp,protocol-v3,1.0,64,1,1,562,0.0014114169753156602,0.008147332991939038,740900864,0.375
aa30a8d5c85be8d9,svhn,ssb-v2-block,mlp,protocol-v3,1.0,64,1,1,563,0.001474624965339899,0.008007958007510751,740900864,0.4609375
aa30a8d5c85be8d9,svhn,ssb-v2-block,mlp,protocol-v3,1.0,64,1,1,564,0.0014172910014167428,0.008067167014814913,740900864,0.5234375
aa30a8d5c85be8d9,svhn,ssb-v2-block,mlp,protocol-v3,1.0,64,1,1,565,0.0014159170095808804,0.008251667022705078,740900864,0.4375
aa30a8d5c85be8d9,svhn,ssb-v2-block,mlp,protocol-v3,1.0,64,1,1,566,0.0014322089846245944,0.008501458039972931,740900864,0.4375
aa30a8d5c85be8d9,svhn,ssb-v2-block,mlp,protocol-v3,1.0,64,1,1,567,0.0014214999973773956,0.007998916960787028,740900864,0.5
aa30a8d5c85be8d9,svhn,ssb-v2-block,mlp,protocol-v3,1.0,64,1,1,568,0.0014509169850498438,0.008108125010039657,740900864,0.53125
aa30a8d5c85be8d9,svhn,ssb-v2-block,mlp,protocol-v3,1.0,64,1,1,569,0.0014178339624777436,0.00822145800339058,740900864,0.5078125
aa30a8d5c85be8d9,svhn,ssb-v2-block,mlp,protocol-v3,1.0,64,1,1,570,0.0014315409935079515,0.008126667002215981,740933632,0.4140625
aa30a8d5c85be8d9,svhn,ssb-v2-block,mlp,protocol-v3,1.0,64,1,1,571,0.0014490840258076787,0.008086792018730193,740933632,0.5
aa30a8d5c85be8d9,svhn,ssb-v2-block,mlp,protocol-v3,1.0,64,1,1,572,0.011862124956678599,0.042723708029370755,747601920,0.5365853658536586
aa30a8d5c85be8d9,svhn,ssb-v2-block,mlp,protocol-v3,1.0,64,1,2,0,0.0017237919964827597,0.00849254202330485,762986496,0.5234375
aa30a8d5c85be8d9,svhn,ssb-v2-block,mlp,protocol-v3,1.0,64,1,2,1,0.00244041602127254,0.009634249960072339,764559360,0.4140625
aa30a8d5c85be8d9,svhn,ssb-v2-block,mlp,protocol-v3,1.0,64,1,2,2,0.00153570796828717,0.008338959014508873,765050880,0.3515625
aa30a8d5c85be8d9,svhn,ssb-v2-block,mlp,protocol-v3,1.0,64,1,2,3,0.0014926670119166374,0.008147416985593736,765558784,0.4609375
aa30a8d5c85be8d9,svhn,ssb-v2-block,mlp,protocol-v3,1.0,64,1,2,4,0.0014102919958531857,0.00831516704056412,765558784,0.4375
aa30a8d5c85be8d9,svhn,ssb-v2-block,mlp,protocol-v3,1.0,64,1,2,5,0.0014595829998143017,0.008294542029034346,765558784,0.453125
aa30a8d5c85be8d9,svhn,ssb-v2-block,mlp,protocol-v3,1.0,64,1,2,6,0.001442417036741972,0.008094875025562942,765558784,0.4453125
aa30a8d5c85be8d9,svhn,ssb-v2-block,mlp,protocol-v3,1.0,64,1,2,7,0.0015032500377856195,0.00816199998371303,765558784,0.421875
aa30a8d5c85be8d9,svhn,ssb-v2-block,mlp,protocol-v3,1.0,64,1,2,8,0.0014980420237407088,0.008078166982159019,765575168,0.4375
aa30a8d5c85be8d9,svhn,ssb-v2-block,mlp,protocol-v3,1.0,64,1,2,9,0.00155608297791332,0.008180291973985732,766197760,0.5
aa30a8d5c85be8d9,svhn,ssb-v2-block,mlp,protocol-v3,1.0,64,1,2,10,0.0014337499742396176,0.008101208019070327,767787008,0.453125
aa30a8d5c85be8d9,svhn,ssb-v2-block,mlp,protocol-v3,1.0,64,1,2,11,0.0014892080216668546,0.008080083003733307,767787008,0.4921875
aa30a8d5c85be8d9,svhn,ssb-v2-block,mlp,protocol-v3,1.0,64,1,2,12,0.0014102499699220061,0.008226666017435491,767787008,0.359375
aa30a8d5c85be8d9,svhn,ssb-v2-block,mlp,protocol-v3,1.0,64,1,2,13,0.0014214589609764516,0.008181833021808416,767787008,0.4375
aa30a8d5c85be8d9,svhn,ssb-v2-block,mlp,protocol-v3,1.0,64,1,2,14,0.0014430420123971999,0.008029457996599376,767787008,0.453125
aa30a8d5c85be8d9,svhn,ssb-v2-block,mlp,protocol-v3,1.0,64,1,2,15,0.0014223749749362469,0.008149083005264401,767787008,0.4140625
aa30a8d5c85be8d9,svhn,ssb-v2-block,mlp,protocol-v3,1.0,64,1,2,16,0.0014579580165445805,0.008216959016863257,767787008,0.4921875
aa30a8d5c85be8d9,svhn,ssb-v2-block,mlp,protocol-v3,1.0,64,1,2,17,0.0015276249614544213,0.008161749981809407,767787008,0.390625
aa30a8d5c85be8d9,svhn,ssb-v2-block,mlp,protocol-v3,1.0,64,1,2,18,0.0014523750287480652,0.008159583027008921,767787008,0.4609375
aa30a8d5c85be8d9,svhn,ssb-v2-block,mlp,protocol-v3,1.0,64,1,2,19,0.001448167022317648,0.008092708012554795,767803392,0.484375
aa30a8d5c85be8d9,svhn,ssb-v2-block,mlp,protocol-v3,1.0,64,1,2,20,0.001428999996278435,0.008074000012129545,767819776,0.484375
aa30a8d5c85be8d9,svhn,ssb-v2-block,mlp,protocol-v3,1.0,64,1,2,21,0.0014019169611856341,0.008069332980085164,767819776,0.4453125
aa30a8d5c85be8d9,svhn,ssb-v2-block,mlp,protocol-v3,1.0,64,1,2,22,0.001417458988726139,0.008742415986489505,767819776,0.4765625
aa30a8d5c85be8d9,svhn,ssb-v2-block,mlp,protocol-v3,1.0,64,1,2,23,0.0014366250252351165,0.00793845800217241,767819776,0.4921875
aa30a8d5c85be8d9,svhn,ssb-v2-block,mlp,protocol-v3,1.0,64,1,2,24,0.0014784999657422304,0.008117624965962023,767819776,0.515625
aa30a8d5c85be8d9,svhn,ssb-v2-block,mlp,protocol-v3,1.0,64,1,2,25,0.0014978749677538872,0.008391791023314,767819776,0.4296875
aa30a8d5c85be8d9,svhn,ssb-v2-block,mlp,protocol-v3,1.0,64,1,2,26,0.0014209169894456863,0.008142041973769665,767836160,0.4453125
aa30a8d5c85be8d9,svhn,ssb-v2-block,mlp,protocol-v3,1.0,64,1,2,27,0.00150470802327618,0.008053625002503395,767836160,0.4765625
aa30a8d5c85be8d9,svhn,ssb-v2-block,mlp,protocol-v3,1.0,64,1,2,28,0.0014305409858934581,0.008229832979850471,767836160,0.4453125
aa30a8d5c85be8d9,svhn,ssb-v2-block,mlp,protocol-v3,1.0,64,1,2,29,0.0014667920186184347,0.00810391700360924,767836160,0.4453125
aa30a8d5c85be8d9,svhn,ssb-v2-block,mlp,protocol-v3,1.0,64,1,2,30,0.0014379160129465163,0.008080041967332363,767836160,0.4609375
aa30a8d5c85be8d9,svhn,ssb-v2-block,mlp,protocol-v3,1.0,64,1,2,31,0.0014067919692024589,0.008111125032883137,767836160,0.5078125
aa30a8d5c85be8d9,svhn,ssb-v2-block,mlp,protocol-v3,1.0,64,1,2,32,0.0014618749846704304,0.008045500027947128,767836160,0.4140625
aa30a8d5c85be8d9,svhn,ssb-v2-block,mlp,protocol-v3,1.0,64,1,2,33,0.0014692500117234886,0.008343875000718981,767836160,0.5078125
aa30a8d5c85be8d9,svhn,ssb-v2-block,mlp,protocol-v3,1.0,64,1,2,34,0.0014345829840749502,0.008103125030174851,767836160,0.4609375
aa30a8d5c85be8d9,svhn,ssb-v2-block,mlp,protocol-v3,1.0,64,1,2,35,0.0014254999696277082,0.008146292006131262,767803392,0.453125
aa30a8d5c85be8d9,svhn,ssb-v2-block,mlp,protocol-v3,1.0,64,1,2,36,0.001484875043388456,0.008222666976507753,767803392,0.421875
aa30a8d5c85be8d9,svhn,ssb-v2-block,mlp,protocol-v3,1.0,64,1,2,37,0.001393584010656923,0.008090417017228901,767803392,0.4296875
aa30a8d5c85be8d9,svhn,ssb-v2-block,mlp,protocol-v3,1.0,64,1,2,38,0.0014525000005960464,0.00807887502014637,767803392,0.4140625
aa30a8d5c85be8d9,svhn,ssb-v2-block,mlp,protocol-v3,1.0,64,1,2,39,0.0015432080253958702,0.008066333015449345,767803392,0.453125
aa30a8d5c85be8d9,svhn,ssb-v2-block,mlp,protocol-v3,1.0,64,1,2,40,0.0014840830117464066,0.008101832994725555,767803392,0.453125
aa30a8d5c85be8d9,svhn,ssb-v2-block,mlp,protocol-v3,1.0,64,1,2,41,0.0014796669711358845,0.008024582988582551,767803392,0.46875
aa30a8d5c85be8d9,svhn,ssb-v2-block,mlp,protocol-v3,1.0,64,1,2,42,0.0014209169894456863,0.008134917006827891,767803392,0.484375
aa30a8d5c85be8d9,svhn,ssb-v2-block,mlp,protocol-v3,1.0,64,1,2,43,0.0014827080303803086,0.008066958980634809,767803392,0.453125
aa30a8d5c85be8d9,svhn,ssb-v2-block,mlp,protocol-v3,1.0,64,1,2,44,0.0015000419807620347,0.00802291597938165,767803392,0.453125
aa30a8d5c85be8d9,svhn,ssb-v2-block,mlp,protocol-v3,1.0,64,1,2,45,0.0014217090210877359,0.008075541001744568,767803392,0.421875
aa30a8d5c85be8d9,svhn,ssb-v2-block,mlp,protocol-v3,1.0,64,1,2,46,0.0014111250056885183,0.00806541700148955,767803392,0.5
aa30a8d5c85be8d9,svhn,ssb-v2-block,mlp,protocol-v3,1.0,64,1,2,47,0.0013977090129628778,0.008098416961729527,767803392,0.4921875
aa30a8d5c85be8d9,svhn,ssb-v2-block,mlp,protocol-v3,1.0,64,1,2,48,0.0016864589997567236,0.008719292003661394,767803392,0.5703125
aa30a8d5c85be8d9,svhn,ssb-v2-block,mlp,protocol-v3,1.0,64,1,2,49,0.001680999994277954,0.008916916965972632,767803392,0.484375
aa30a8d5c85be8d9,svhn,ssb-v2-block,mlp,protocol-v3,1.0,64,1,2,50,0.0016876250156201422,0.011554083961527795,767803392,0.453125
aa30a8d5c85be8d9,svhn,ssb-v2-block,mlp,protocol-v3,1.0,64,1,2,51,0.0025791660300455987,0.013735959015320987,769376256,0.4765625
aa30a8d5c85be8d9,svhn,ssb-v2-block,mlp,protocol-v3,1.0,64,1,2,52,0.00267520803026855,0.014624208037275821,769376256,0.4921875
aa30a8d5c85be8d9,svhn,ssb-v2-block,mlp,protocol-v3,1.0,64,1,2,53,0.001835875038523227,0.009658208990003914,769376256,0.578125
aa30a8d5c85be8d9,svhn,ssb-v2-block,mlp,protocol-v3,1.0,64,1,2,54,0.001707417017314583,0.009386958961840719,769376256,0.5078125
aa30a8d5c85be8d9,svhn,ssb-v2-block,mlp,protocol-v3,1.0,64,1,2,55,0.0014943749993108213,0.008405457949265838,769392640,0.4453125
aa30a8d5c85be8d9,svhn,ssb-v2-block,mlp,protocol-v3,1.0,64,1,2,56,0.0014571250067092478,0.00817774998722598,769392640,0.453125
aa30a8d5c85be8d9,svhn,ssb-v2-block,mlp,protocol-v3,1.0,64,1,2,57,0.0014386670081876218,0.008097124984487891,769392640,0.515625
aa30a8d5c85be8d9,svhn,ssb-v2-block,mlp,protocol-v3,1.0,64,1,2,58,0.0014756250311620533,0.008050500007811934,769392640,0.4609375
aa30a8d5c85be8d9,svhn,ssb-v2-block,mlp,protocol-v3,1.0,64,1,2,59,0.001453333010431379,0.008188540989067405,769392640,0.4609375
aa30a8d5c85be8d9,svhn,ssb-v2-block,mlp,protocol-v3,1.0,64,1,2,60,0.0014620000147260725,0.007996750005986542,769392640,0.578125
aa30a8d5c85be8d9,svhn,ssb-v2-block,mlp,protocol-v3,1.0,64,1,2,61,0.0014842909877188504,0.008175791008397937,769392640,0.4296875
aa30a8d5c85be8d9,svhn,ssb-v2-block,mlp,protocol-v3,1.0,64,1,2,62,0.001447791000828147,0.008228750026319176,769392640,0.53125
aa30a8d5c85be8d9,svhn,ssb-v2-block,mlp,protocol-v3,1.0,64,1,2,63,0.0014334999723359942,0.008132292015943676,769392640,0.5078125
aa30a8d5c85be8d9,svhn,ssb-v2-block,mlp,protocol-v3,1.0,64,1,2,64,0.001489040965680033,0.008243666030466557,769392640,0.4765625
aa30a8d5c85be8d9,svhn,ssb-v2-block,mlp,protocol-v3,1.0,64,1,2,65,0.001432958000805229,0.008144749968778342,769392640,0.4921875
aa30a8d5c85be8d9,svhn,ssb-v2-block,mlp,protocol-v3,1.0,64,1,2,66,0.001474916993174702,0.008461166988126934,769392640,0.40625
aa30a8d5c85be8d9,svhn,ssb-v2-block,mlp,protocol-v3,1.0,64,1,2,67,0.0014163749874569476,0.008094165998045355,769392640,0.453125
aa30a8d5c85be8d9,svhn,ssb-v2-block,mlp,protocol-v3,1.0,64,1,2,68,0.001418458006810397,0.008104250009637326,769392640,0.40625
aa30a8d5c85be8d9,svhn,ssb-v2-block,mlp,protocol-v3,1.0,64,1,2,69,0.0014825830003246665,0.00814370799344033,769409024,0.4453125
aa30a8d5c85be8d9,svhn,ssb-v2-block,mlp,protocol-v3,1.0,64,1,2,70,0.0014853750471957028,0.008031500037759542,769409024,0.46875
aa30a8d5c85be8d9,svhn,ssb-v2-block,mlp,protocol-v3,1.0,64,1,2,71,0.0014635840198025107,0.008337999985087663,769409024,0.4375
aa30a8d5c85be8d9,svhn,ssb-v2-block,mlp,protocol-v3,1.0,64,1,2,72,0.0013778329594060779,0.008086082991212606,769409024,0.4765625
aa30a8d5c85be8d9,svhn,ssb-v2-block,mlp,protocol-v3,1.0,64,1,2,73,0.0014276669826358557,0.008150707988534123,769441792,0.453125
aa30a8d5c85be8d9,svhn,ssb-v2-block,mlp,protocol-v3,1.0,64,1,2,74,0.0014491250040009618,0.00814854196505621,769441792,0.359375
aa30a8d5c85be8d9,svhn,ssb-v2-block,mlp,protocol-v3,1.0,64,1,2,75,0.001424292044248432,0.0079586660140194,769441792,0.4375
aa30a8d5c85be8d9,svhn,ssb-v2-block,mlp,protocol-v3,1.0,64,1,2,76,0.0013919580378569663,0.00809550000121817,769441792,0.4296875
aa30a8d5c85be8d9,svhn,ssb-v2-block,mlp,protocol-v3,1.0,64,1,2,77,0.0014197499840520322,0.008021207991987467,769441792,0.53125
aa30a8d5c85be8d9,svhn,ssb-v2-block,mlp,protocol-v3,1.0,64,1,2,78,0.00148154201451689,0.007982457987964153,769441792,0.421875
aa30a8d5c85be8d9,svhn,ssb-v2-block,mlp,protocol-v3,1.0,64,1,2,79,0.0014414169709198177,0.008085208013653755,769441792,0.4921875
aa30a8d5c85be8d9,svhn,ssb-v2-block,mlp,protocol-v3,1.0,64,1,2,80,0.0014352499856613576,0.00827666703844443,769458176,0.4140625
aa30a8d5c85be8d9,svhn,ssb-v2-block,mlp,protocol-v3,1.0,64,1,2,81,0.001414583995938301,0.007983417017385364,769458176,0.453125
aa30a8d5c85be8d9,svhn,ssb-v2-block,mlp,protocol-v3,1.0,64,1,2,82,0.0014911660109646618,0.008599375025369227,769458176,0.5
aa30a8d5c85be8d9,svhn,ssb-v2-block,mlp,protocol-v3,1.0,64,1,2,83,0.0014144590240903199,0.008062915992923081,769458176,0.4140625
aa30a8d5c85be8d9,svhn,ssb-v2-block,mlp,protocol-v3,1.0,64,1,2,84,0.0014212499954737723,0.008054625010117888,769458176,0.46875
aa30a8d5c85be8d9,svhn,ssb-v2-block,mlp,protocol-v3,1.0,64,1,2,85,0.0014700830215588212,0.008061915985308588,769458176,0.4453125
aa30a8d5c85be8d9,svhn,ssb-v2-block,mlp,protocol-v3,1.0,64,1,2,86,0.00149049999890849,0.0080360840074718,769458176,0.453125
aa30a8d5c85be8d9,svhn,ssb-v2-block,mlp,protocol-v3,1.0,64,1,2,87,0.001464833039790392,0.008203915960621089,769458176,0.515625
aa30a8d5c85be8d9,svhn,ssb-v2-block,mlp,protocol-v3,1.0,64,1,2,88,0.0014057080261409283,0.008080707979388535,769458176,0.4375
aa30a8d5c85be8d9,svhn,ssb-v2-block,mlp,protocol-v3,1.0,64,1,2,89,0.0014780000201426446,0.008062291017267853,769458176,0.5546875
aa30a8d5c85be8d9,svhn,ssb-v2-block,mlp,protocol-v3,1.0,64,1,2,90,0.0015041660517454147,0.008436999982222915,769458176,0.4921875
aa30a8d5c85be8d9,svhn,ssb-v2-block,mlp,protocol-v3,1.0,64,1,2,91,0.0014252500259317458,0.008508833008818328,769474560,0.5390625
aa30a8d5c85be8d9,svhn,ssb-v2-block,mlp,protocol-v3,1.0,64,1,2,92,0.0014144169981591403,0.008158457989338785,769474560,0.5390625
aa30a8d5c85be8d9,svhn,ssb-v2-block,mlp,protocol-v3,1.0,64,1,2,93,0.0016095000319182873,0.008205999969504774,769474560,0.5234375
aa30a8d5c85be8d9,svhn,ssb-v2-block,mlp,protocol-v3,1.0,64,1,2,94,0.0014734159922227263,0.008194291964173317,769474560,0.53125
aa30a8d5c85be8d9,svhn,ssb-v2-block,mlp,protocol-v3,1.0,64,1,2,95,0.0014791249996051192,0.00795420800568536,769474560,0.5078125
aa30a8d5c85be8d9,svhn,ssb-v2-block,mlp,protocol-v3,1.0,64,1,2,96,0.001461666019167751,0.008073541976045817,769474560,0.46875
aa30a8d5c85be8d9,svhn,ssb-v2-block,mlp,protocol-v3,1.0,64,1,2,97,0.0014730410184711218,0.00798237498383969,769474560,0.546875
aa30a8d5c85be8d9,svhn,ssb-v2-block,mlp,protocol-v3,1.0,64,1,2,98,0.0014423750108107924,0.008091124997008592,769474560,0.515625
aa30a8d5c85be8d9,svhn,ssb-v2-block,mlp,protocol-v3,1.0,64,1,2,99,0.001456541009247303,0.008133499999530613,769474560,0.46875
aa30a8d5c85be8d9,svhn,ssb-v2-block,mlp,protocol-v3,1.0,64,1,2,100,0.0014709170209243894,0.008445041021332145,769474560,0.4609375
aa30a8d5c85be8d9,svhn,ssb-v2-block,mlp,protocol-v3,1.0,64,1,2,101,0.0013752499944530427,0.008076875004917383,769474560,0.484375
aa30a8d5c85be8d9,svhn,ssb-v2-block,mlp,protocol-v3,1.0,64,1,2,102,0.0014527500024996698,0.008076708996668458,769490944,0.5234375
aa30a8d5c85be8d9,svhn,ssb-v2-block,mlp,protocol-v3,1.0,64,1,2,103,0.0014308340032584965,0.008024707960430533,769490944,0.5390625
aa30a8d5c85be8d9,svhn,ssb-v2-block,mlp,protocol-v3,1.0,64,1,2,104,0.0014417499769479036,0.00835791596909985,769490944,0.5859375
aa30a8d5c85be8d9,svhn,ssb-v2-block,mlp,protocol-v3,1.0,64,1,2,105,0.0014230419765226543,0.0087016670149751,769490944,0.4609375
aa30a8d5c85be8d9,svhn,ssb-v2-block,mlp,protocol-v3,1.0,64,1,2,106,0.0013863749918527901,0.008093082986306399,769490944,0.5546875
aa30a8d5c85be8d9,svhn,ssb-v2-block,mlp,protocol-v3,1.0,64,1,2,107,0.0014815829927101731,0.008018584048841149,769490944,0.4765625
aa30a8d5c85be8d9,svhn,ssb-v2-block,mlp,protocol-v3,1.0,64,1,2,108,0.0014180000289343297,0.008073417004197836,769490944,0.484375
aa30a8d5c85be8d9,svhn,ssb-v2-block,mlp,protocol-v3,1.0,64,1,2,109,0.0014808750129304826,0.008202207973226905,769490944,0.453125
aa30a8d5c85be8d9,svhn,ssb-v2-block,mlp,protocol-v3,1.0,64,1,2,110,0.0014351249556057155,0.008113375050015748,769490944,0.5
aa30a8d5c85be8d9,svhn,ssb-v2-block,mlp,protocol-v3,1.0,64,1,2,111,0.0014831660082563758,0.00801245798356831,769490944,0.5234375
aa30a8d5c85be8d9,svhn,ssb-v2-block,mlp,protocol-v3,1.0,64,1,2,112,0.0014555419911630452,0.008065083995461464,769490944,0.5
aa30a8d5c85be8d9,svhn,ssb-v2-block,mlp,protocol-v3,1.0,64,1,2,113,0.0014659169828519225,0.008067666960414499,769490944,0.5078125
aa30a8d5c85be8d9,svhn,ssb-v2-block,mlp,protocol-v3,1.0,64,1,2,114,0.0014114170335233212,0.008009083976503462,769507328,0.5703125
aa30a8d5c85be8d9,svhn,ssb-v2-block,mlp,protocol-v3,1.0,64,1,2,115,0.0014287499943748116,0.0082230000407435,769507328,0.5078125
aa30a8d5c85be8d9,svhn,ssb-v2-block,mlp,protocol-v3,1.0,64,1,2,116,0.001411333039868623,0.008021291985642165,769507328,0.546875
aa30a8d5c85be8d9,svhn,ssb-v2-block,mlp,protocol-v3,1.0,64,1,2,117,0.0015534170088358223,0.008081500011030585,769507328,0.4921875
aa30a8d5c85be8d9,svhn,ssb-v2-block,mlp,protocol-v3,1.0,64,1,2,118,0.0014751670532859862,0.00815962499473244,769523712,0.484375
aa30a8d5c85be8d9,svhn,ssb-v2-block,mlp,protocol-v3,1.0,64,1,2,119,0.001457874954212457,0.008211916021537036,769523712,0.5234375
aa30a8d5c85be8d9,svhn,ssb-v2-block,mlp,protocol-v3,1.0,64,1,2,120,0.0014225839986465871,0.008089624985586852,769523712,0.5546875
aa30a8d5c85be8d9,svhn,ssb-v2-block,mlp,protocol-v3,1.0,64,1,2,121,0.0014088750467635691,0.008514582994394004,769523712,0.5078125
aa30a8d5c85be8d9,svhn,ssb-v2-block,mlp,protocol-v3,1.0,64,1,2,122,0.001433083030860871,0.008120457991026342,769523712,0.5546875
aa30a8d5c85be8d9,svhn,ssb-v2-block,mlp,protocol-v3,1.0,64,1,2,123,0.0014925830182619393,0.00815062498440966,769523712,0.390625
aa30a8d5c85be8d9,svhn,ssb-v2-block,mlp,protocol-v3,1.0,64,1,2,124,0.0014791249996051192,0.00812187499832362,769523712,0.484375
aa30a8d5c85be8d9,svhn,ssb-v2-block,mlp,protocol-v3,1.0,64,1,2,125,0.0014087919844314456,0.008051624987274408,769523712,0.546875
aa30a8d5c85be8d9,svhn,ssb-v2-block,mlp,protocol-v3,1.0,64,1,2,126,0.0014428750146180391,0.008005416020751,769523712,0.4296875
aa30a8d5c85be8d9,svhn,ssb-v2-block,mlp,protocol-v3,1.0,64,1,2,127,0.0014820420183241367,0.008038999978452921,769523712,0.3828125
aa30a8d5c85be8d9,svhn,ssb-v2-block,mlp,protocol-v3,1.0,64,1,2,128,0.0014332080027088523,0.008075207995716482,769523712,0.4140625
aa30a8d5c85be8d9,svhn,ssb-v2-block,mlp,protocol-v3,1.0,64,1,2,129,0.0014130420167930424,0.00803641602396965,769556480,0.515625
aa30a8d5c85be8d9,svhn,ssb-v2-block,mlp,protocol-v3,1.0,64,1,2,130,0.0014929170138202608,0.008089167007710785,769556480,0.515625
aa30a8d5c85be8d9,svhn,ssb-v2-block,mlp,protocol-v3,1.0,64,1,2,131,0.0014916249783709645,0.008008666976820678,769556480,0.421875
aa30a8d5c85be8d9,svhn,ssb-v2-block,mlp,protocol-v3,1.0,64,1,2,132,0.0014932499616406858,0.008227040991187096,769556480,0.5234375
aa30a8d5c85be8d9,svhn,ssb-v2-block,mlp,protocol-v3,1.0,64,1,2,133,0.0014604169991798699,0.00807366700610146,769556480,0.46875
aa30a8d5c85be8d9,svhn,ssb-v2-block,mlp,protocol-v3,1.0,64,1,2,134,0.0014147920301184058,0.00809625000692904,769556480,0.515625
aa30a8d5c85be8d9,svhn,ssb-v2-block,mlp,protocol-v3,1.0,64,1,2,135,0.0014281670446507633,0.007955041015520692,769572864,0.4765625
aa30a8d5c85be8d9,svhn,ssb-v2-block,mlp,protocol-v3,1.0,64,1,2,136,0.0014320840127766132,0.008120709040667862,769572864,0.4453125
aa30a8d5c85be8d9,svhn,ssb-v2-block,mlp,protocol-v3,1.0,64,1,2,137,0.001400457986164838,0.008103708969429135,769572864,0.4375
aa30a8d5c85be8d9,svhn,ssb-v2-block,mlp,protocol-v3,1.0,64,1,2,138,0.001417832972947508,0.008062792010605335,769572864,0.5625
aa30a8d5c85be8d9,svhn,ssb-v2-block,mlp,protocol-v3,1.0,64,1,2,139,0.0014698750455863774,0.008274334017187357,769572864,0.5625
aa30a8d5c85be8d9,svhn,ssb-v2-block,mlp,protocol-v3,1.0,64,1,2,140,0.0014198330463841558,0.008170208020601422,769572864,0.4609375
aa30a8d5c85be8d9,svhn,ssb-v2-block,mlp,protocol-v3,1.0,64,1,2,141,0.0014816250186413527,0.008047582989092916,769572864,0.4921875
aa30a8d5c85be8d9,svhn,ssb-v2-block,mlp,protocol-v3,1.0,64,1,2,142,0.0014171249931678176,0.008223250042647123,769572864,0.515625
aa30a8d5c85be8d9,svhn,ssb-v2-block,mlp,protocol-v3,1.0,64,1,2,143,0.0014189999783411622,0.008051207987591624,769589248,0.484375
aa30a8d5c85be8d9,svhn,ssb-v2-block,mlp,protocol-v3,1.0,64,1,2,144,0.001450000039767474,0.008129167021252215,769589248,0.5078125
aa30a8d5c85be8d9,svhn,ssb-v2-block,mlp,protocol-v3,1.0,64,1,2,145,0.0014436250203289092,0.00802991702221334,769589248,0.515625
aa30a8d5c85be8d9,svhn,ssb-v2-block,mlp,protocol-v3,1.0,64,1,2,146,0.0014017500216141343,0.007952208048664033,769589248,0.53125
aa30a8d5c85be8d9,svhn,ssb-v2-block,mlp,protocol-v3,1.0,64,1,2,147,0.0014270409592427313,0.008341957989614457,769605632,0.4609375
aa30a8d5c85be8d9,svhn,ssb-v2-block,mlp,protocol-v3,1.0,64,1,2,148,0.0015642080106772482,0.008120790997054428,769605632,0.484375
aa30a8d5c85be8d9,svhn,ssb-v2-block,mlp,protocol-v3,1.0,64,1,2,149,0.0014153340016491711,0.00806070800172165,769605632,0.46875
aa30a8d5c85be8d9,svhn,ssb-v2-block,mlp,protocol-v3,1.0,64,1,2,150,0.001430083008017391,0.00808820896781981,769605632,0.5
aa30a8d5c85be8d9,svhn,ssb-v2-block,mlp,protocol-v3,1.0,64,1,2,151,0.0014864170225337148,0.008502416021656245,769605632,0.4921875
aa30a8d5c85be8d9,svhn,ssb-v2-block,mlp,protocol-v3,1.0,64,1,2,152,0.0014646659838035703,0.008448500011581928,769622016,0.546875
aa30a8d5c85be8d9,svhn,ssb-v2-block,mlp,protocol-v3,1.0,64,1,2,153,0.001440624997485429,0.008026499999687076,769622016,0.5234375
aa30a8d5c85be8d9,svhn,ssb-v2-block,mlp,protocol-v3,1.0,64,1,2,154,0.0014755830052308738,0.008118041965644807,769622016,0.4375
aa30a8d5c85be8d9,svhn,ssb-v2-block,mlp,protocol-v3,1.0,64,1,2,155,0.0014921670081093907,0.008059167012106627,769622016,0.4921875
aa30a8d5c85be8d9,svhn,ssb-v2-block,mlp,protocol-v3,1.0,64,1,2,156,0.0013550000148825347,0.008092667034361511,769622016,0.5390625
aa30a8d5c85be8d9,svhn,ssb-v2-block,mlp,protocol-v3,1.0,64,1,2,157,0.0014123330474831164,0.00807066698325798,769622016,0.59375
aa30a8d5c85be8d9,svhn,ssb-v2-block,mlp,protocol-v3,1.0,64,1,2,158,0.0014252920518629253,0.00801325001521036,769622016,0.5
aa30a8d5c85be8d9,svhn,ssb-v2-block,mlp,protocol-v3,1.0,64,1,2,159,0.001452249998692423,0.007916708011180162,769638400,0.578125
aa30a8d5c85be8d9,svhn,ssb-v2-block,mlp,protocol-v3,1.0,64,1,2,160,0.0014281669864431024,0.008068999974057078,769638400,0.5
aa30a8d5c85be8d9,svhn,ssb-v2-block,mlp,protocol-v3,1.0,64,1,2,161,0.0014009169535711408,0.008050709031522274,769638400,0.6015625
aa30a8d5c85be8d9,svhn,ssb-v2-block,mlp,protocol-v3,1.0,64,1,2,162,0.0014272499829530716,0.008006957999896258,769638400,0.484375
aa30a8d5c85be8d9,svhn,ssb-v2-block,mlp,protocol-v3,1.0,64,1,2,163,0.0014631669619120657,0.00805979099823162,769638400,0.5390625
aa30a8d5c85be8d9,svhn,ssb-v2-block,mlp,protocol-v3,1.0,64,1,2,164,0.0014246250502765179,0.00811887497548014,769638400,0.5078125
aa30a8d5c85be8d9,svhn,ssb-v2-block,mlp,protocol-v3,1.0,64,1,2,165,0.0014861669624224305,0.008581958012655377,769638400,0.4765625
aa30a8d5c85be8d9,svhn,ssb-v2-block,mlp,protocol-v3,1.0,64,1,2,166,0.0014370830031111836,0.008012584003154188,769638400,0.53125
aa30a8d5c85be8d9,svhn,ssb-v2-block,mlp,protocol-v3,1.0,64,1,2,167,0.0014230420347303152,0.008116166980471462,769638400,0.46875
aa30a8d5c85be8d9,svhn,ssb-v2-block,mlp,protocol-v3,1.0,64,1,2,168,0.001464500033762306,0.008082917018327862,769654784,0.453125
aa30a8d5c85be8d9,svhn,ssb-v2-block,mlp,protocol-v3,1.0,64,1,2,169,0.0014553330256603658,0.008083749969955534,769654784,0.5859375
aa30a8d5c85be8d9,svhn,ssb-v2-block,mlp,protocol-v3,1.0,64,1,2,170,0.0014242499601095915,0.007998166023753583,769671168,0.5
aa30a8d5c85be8d9,svhn,ssb-v2-block,mlp,protocol-v3,1.0,64,1,2,171,0.0014647910138592124,0.008164374972693622,769671168,0.5625
aa30a8d5c85be8d9,svhn,ssb-v2-block,mlp,protocol-v3,1.0,64,1,2,172,0.0014850409934297204,0.00799908401677385,769671168,0.5703125
aa30a8d5c85be8d9,svhn,ssb-v2-block,mlp,protocol-v3,1.0,64,1,2,173,0.0014193339738994837,0.008125333057250828,769671168,0.5390625
aa30a8d5c85be8d9,svhn,ssb-v2-block,mlp,protocol-v3,1.0,64,1,2,174,0.0014112919452600181,0.008007833966985345,769687552,0.4609375
aa30a8d5c85be8d9,svhn,ssb-v2-block,mlp,protocol-v3,1.0,64,1,2,175,0.0014736249577254057,0.007986999989952892,769687552,0.59375
aa30a8d5c85be8d9,svhn,ssb-v2-block,mlp,protocol-v3,1.0,64,1,2,176,0.0014401249936781824,0.008143583021592349,769687552,0.5625
aa30a8d5c85be8d9,svhn,ssb-v2-block,mlp,protocol-v3,1.0,64,1,2,177,0.0014184999745339155,0.008094625023659319,769687552,0.5390625
aa30a8d5c85be8d9,svhn,ssb-v2-block,mlp,protocol-v3,1.0,64,1,2,178,0.001429750001989305,0.008013417012989521,769687552,0.515625
aa30a8d5c85be8d9,svhn,ssb-v2-block,mlp,protocol-v3,1.0,64,1,2,179,0.0014396249898709357,0.008066791982855648,769687552,0.453125
aa30a8d5c85be8d9,svhn,ssb-v2-block,mlp,protocol-v3,1.0,64,1,2,180,0.0014813329908065498,0.008194082998670638,769687552,0.5078125
aa30a8d5c85be8d9,svhn,ssb-v2-block,mlp,protocol-v3,1.0,64,1,2,181,0.0014579169801436365,0.008030584023799747,769720320,0.4921875
aa30a8d5c85be8d9,svhn,ssb-v2-block,mlp,protocol-v3,1.0,64,1,2,182,0.0015014579985290766,0.008097041980363429,769720320,0.5078125
aa30a8d5c85be8d9,svhn,ssb-v2-block,mlp,protocol-v3,1.0,64,1,2,183,0.0014862919924780726,0.008108582987915725,769720320,0.5078125
aa30a8d5c85be8d9,svhn,ssb-v2-block,mlp,protocol-v3,1.0,64,1,2,184,0.0013587079592980444,0.00799812498735264,769720320,0.4921875
aa30a8d5c85be8d9,svhn,ssb-v2-block,mlp,protocol-v3,1.0,64,1,2,185,0.001407707983162254,0.00811420800164342,769720320,0.5625
aa30a8d5c85be8d9,svhn,ssb-v2-block,mlp,protocol-v3,1.0,64,1,2,186,0.0014586250181309879,0.008089417009614408,769720320,0.4296875
aa30a8d5c85be8d9,svhn,ssb-v2-block,mlp,protocol-v3,1.0,64,1,2,187,0.0014539159601554275,0.008031499979551882,769720320,0.5703125
aa30a8d5c85be8d9,svhn,ssb-v2-block,mlp,protocol-v3,1.0,64,1,2,188,0.001477540994528681,0.008078207960352302,769720320,0.5234375
aa30a8d5c85be8d9,svhn,ssb-v2-block,mlp,protocol-v3,1.0,64,1,2,189,0.0014881250099278986,0.007925791025627404,769720320,0.5859375
aa30a8d5c85be8d9,svhn,ssb-v2-block,mlp,protocol-v3,1.0,64,1,2,190,0.0014910000027157366,0.00823529198532924,769736704,0.546875
aa30a8d5c85be8d9,svhn,ssb-v2-block,mlp,protocol-v3,1.0,64,1,2,191,0.0014807499828748405,0.008323291025590152,769736704,0.5546875
aa30a8d5c85be8d9,svhn,ssb-v2-block,mlp,protocol-v3,1.0,64,1,2,192,0.001438082952518016,0.008084625005722046,769736704,0.484375
aa30a8d5c85be8d9,svhn,ssb-v2-block,mlp,protocol-v3,1.0,64,1,2,193,0.0014682500041089952,0.0081175840459764,769736704,0.484375
aa30a8d5c85be8d9,svhn,ssb-v2-block,mlp,protocol-v3,1.0,64,1,2,194,0.001454083016142249,0.00820633297553286,769736704,0.5859375
aa30a8d5c85be8d9,svhn,ssb-v2-block,mlp,protocol-v3,1.0,64,1,2,195,0.0014202079619280994,0.00801158300600946,769736704,0.5234375
aa30a8d5c85be8d9,svhn,ssb-v2-block,mlp,protocol-v3,1.0,64,1,2,196,0.001428999996278435,0.008228040998801589,769736704,0.5234375
aa30a8d5c85be8d9,svhn,ssb-v2-block,mlp,protocol-v3,1.0,64,1,2,197,0.001481125014834106,0.008107375004328787,769736704,0.546875
aa30a8d5c85be8d9,svhn,ssb-v2-block,mlp,protocol-v3,1.0,64,1,2,198,0.0014845000114291906,0.007984582975041121,769753088,0.4921875
aa30a8d5c85be8d9,svhn,ssb-v2-block,mlp,protocol-v3,1.0,64,1,2,199,0.0014127089525572956,0.00817774998722598,769753088,0.4453125
aa30a8d5c85be8d9,svhn,ssb-v2-block,mlp,protocol-v3,1.0,64,1,2,200,0.0014765409869141877,0.008028792042750865,769769472,0.609375
aa30a8d5c85be8d9,svhn,ssb-v2-block,mlp,protocol-v3,1.0,64,1,2,201,0.0014583749580197036,0.008293375023640692,769769472,0.5390625
aa30a8d5c85be8d9,svhn,ssb-v2-block,mlp,protocol-v3,1.0,64,1,2,202,0.0014097079983912408,0.008643541019409895,769769472,0.4609375
aa30a8d5c85be8d9,svhn,ssb-v2-block,mlp,protocol-v3,1.0,64,1,2,203,0.001472042000386864,0.008002499991562217,769769472,0.578125
aa30a8d5c85be8d9,svhn,ssb-v2-block,mlp,protocol-v3,1.0,64,1,2,204,0.0014411669690161943,0.007945083954837173,769769472,0.5
aa30a8d5c85be8d9,svhn,ssb-v2-block,mlp,protocol-v3,1.0,64,1,2,205,0.001490791968535632,0.008239916001912206,769769472,0.640625
aa30a8d5c85be8d9,svhn,ssb-v2-block,mlp,protocol-v3,1.0,64,1,2,206,0.0014568750048056245,0.008135125041007996,769769472,0.4765625
aa30a8d5c85be8d9,svhn,ssb-v2-block,mlp,protocol-v3,1.0,64,1,2,207,0.001495958014857024,0.008093625016044825,769769472,0.5390625
aa30a8d5c85be8d9,svhn,ssb-v2-block,mlp,protocol-v3,1.0,64,1,2,208,0.0014932089834474027,0.008166125044226646,769769472,0.4609375
aa30a8d5c85be8d9,svhn,ssb-v2-block,mlp,protocol-v3,1.0,64,1,2,209,0.0013843330089002848,0.008175374998245388,769769472,0.546875
aa30a8d5c85be8d9,svhn,ssb-v2-block,mlp,protocol-v3,1.0,64,1,2,210,0.0014539589756168425,0.008183083031326532,769769472,0.625
aa30a8d5c85be8d9,svhn,ssb-v2-block,mlp,protocol-v3,1.0,64,1,2,211,0.0014823750243522227,0.008139125013258308,769785856,0.578125
aa30a8d5c85be8d9,svhn,ssb-v2-block,mlp,protocol-v3,1.0,64,1,2,212,0.0014905830030329525,0.007985749980434775,769785856,0.5
aa30a8d5c85be8d9,svhn,ssb-v2-block,mlp,protocol-v3,1.0,64,1,2,213,0.0014772089780308306,0.008185875019989908,769818624,0.4140625
aa30a8d5c85be8d9,svhn,ssb-v2-block,mlp,protocol-v3,1.0,64,1,2,214,0.0013959999778307974,0.00799308402929455,769818624,0.5703125
aa30a8d5c85be8d9,svhn,ssb-v2-block,mlp,protocol-v3,1.0,64,1,2,215,0.0014247499639168382,0.008258082962129265,769818624,0.453125
aa30a8d5c85be8d9,svhn,ssb-v2-block,mlp,protocol-v3,1.0,64,1,2,216,0.0014509590109810233,0.008285916992463171,769818624,0.5234375
aa30a8d5c85be8d9,svhn,ssb-v2-block,mlp,protocol-v3,1.0,64,1,2,217,0.001481834042351693,0.00838616699911654,769818624,0.421875
aa30a8d5c85be8d9,svhn,ssb-v2-block,mlp,protocol-v3,1.0,64,1,2,218,0.0014740419574081898,0.008036458981223404,769818624,0.484375
aa30a8d5c85be8d9,svhn,ssb-v2-block,mlp,protocol-v3,1.0,64,1,2,219,0.0013786249910481274,0.008032666984945536,769818624,0.5234375
aa30a8d5c85be8d9,svhn,ssb-v2-block,mlp,protocol-v3,1.0,64,1,2,220,0.001431250013411045,0.008041166991461068,769818624,0.40625
aa30a8d5c85be8d9,svhn,ssb-v2-block,mlp,protocol-v3,1.0,64,1,2,221,0.0014237089781090617,0.008088957984000444,769835008,0.4921875
aa30a8d5c85be8d9,svhn,ssb-v2-block,mlp,protocol-v3,1.0,64,1,2,222,0.0014662080211564898,0.008129207999445498,769835008,0.53125
aa30a8d5c85be8d9,svhn,ssb-v2-block,mlp,protocol-v3,1.0,64,1,2,223,0.0014283749624155462,0.008068000024650246,769835008,0.4921875
aa30a8d5c85be8d9,svhn,ssb-v2-block,mlp,protocol-v3,1.0,64,1,2,224,0.0014398329658433795,0.008056208956986666,769835008,0.5234375
aa30a8d5c85be8d9,svhn,ssb-v2-block,mlp,protocol-v3,1.0,64,1,2,225,0.0014209580258466303,0.008256000000983477,769835008,0.546875
aa30a8d5c85be8d9,svhn,ssb-v2-block,mlp,protocol-v3,1.0,64,1,2,226,0.0014310000115074217,0.00810075004119426,769835008,0.515625
aa30a8d5c85be8d9,svhn,ssb-v2-block,mlp,protocol-v3,1.0,64,1,2,227,0.0014372500008903444,0.008081374980974942,769835008,0.5234375
aa30a8d5c85be8d9,svhn,ssb-v2-block,mlp,protocol-v3,1.0,64,1,2,228,0.0014350840356200933,0.008136374992318451,769835008,0.5390625
aa30a8d5c85be8d9,svhn,ssb-v2-block,mlp,protocol-v3,1.0,64,1,2,229,0.001449667033739388,0.008067958988249302,769835008,0.625
aa30a8d5c85be8d9,svhn,ssb-v2-block,mlp,protocol-v3,1.0,64,1,2,230,0.001423874986357987,0.008114333031699061,769835008,0.59375
aa30a8d5c85be8d9,svhn,ssb-v2-block,mlp,protocol-v3,1.0,64,1,2,231,0.0014653330435976386,0.00803212501341477,769835008,0.6015625
aa30a8d5c85be8d9,svhn,ssb-v2-block,mlp,protocol-v3,1.0,64,1,2,232,0.0014429169823415577,0.008089041977655143,769835008,0.6640625
aa30a8d5c85be8d9,svhn,ssb-v2-block,mlp,protocol-v3,1.0,64,1,2,233,0.0014352909638546407,0.008093625016044825,769835008,0.4765625
aa30a8d5c85be8d9,svhn,ssb-v2-block,mlp,protocol-v3,1.0,64,1,2,234,0.001436874968931079,0.008179125026799738,769835008,0.5625
aa30a8d5c85be8d9,svhn,ssb-v2-block,mlp,protocol-v3,1.0,64,1,2,235,0.001439124986063689,0.008053124998696148,769835008,0.5234375
aa30a8d5c85be8d9,svhn,ssb-v2-block,mlp,protocol-v3,1.0,64,1,2,236,0.0014468749868683517,0.008009832992684096,769835008,0.46875
aa30a8d5c85be8d9,svhn,ssb-v2-block,mlp,protocol-v3,1.0,64,1,2,237,0.0014119999832473695,0.007969375001266599,769835008,0.6796875
aa30a8d5c85be8d9,svhn,ssb-v2-block,mlp,protocol-v3,1.0,64,1,2,238,0.0014611250371672213,0.008050791046116501,769835008,0.515625
aa30a8d5c85be8d9,svhn,ssb-v2-block,mlp,protocol-v3,1.0,64,1,2,239,0.0014923749840818346,0.008013291982933879,769851392,0.5390625
aa30a8d5c85be8d9,svhn,ssb-v2-block,mlp,protocol-v3,1.0,64,1,2,240,0.0014740839833393693,0.00807958299992606,769867776,0.6484375
aa30a8d5c85be8d9,svhn,ssb-v2-block,mlp,protocol-v3,1.0,64,1,2,241,0.001488042005803436,0.007989375037141144,769867776,0.546875
aa30a8d5c85be8d9,svhn,ssb-v2-block,mlp,protocol-v3,1.0,64,1,2,242,0.0014669580268673599,0.008104417007416487,769867776,0.546875
aa30a8d5c85be8d9,svhn,ssb-v2-block,mlp,protocol-v3,1.0,64,1,2,243,0.0014093329664319754,0.00813458301126957,769867776,0.578125
aa30a8d5c85be8d9,svhn,ssb-v2-block,mlp,protocol-v3,1.0,64,1,2,244,0.0014361669891513884,0.0081295000272803,769867776,0.5234375
aa30a8d5c85be8d9,svhn,ssb-v2-block,mlp,protocol-v3,1.0,64,1,2,245,0.0014338750042952597,0.008114250027574599,769867776,0.5703125
aa30a8d5c85be8d9,svhn,ssb-v2-block,mlp,protocol-v3,1.0,64,1,2,246,0.0014334580046124756,0.008075499965343624,769884160,0.484375
aa30a8d5c85be8d9,svhn,ssb-v2-block,mlp,protocol-v3,1.0,64,1,2,247,0.0014497920055873692,0.00811416597571224,769884160,0.6171875
aa30a8d5c85be8d9,svhn,ssb-v2-block,mlp,protocol-v3,1.0,64,1,2,248,0.0014332919963635504,0.008179750002454966,769884160,0.5234375
aa30a8d5c85be8d9,svhn,ssb-v2-block,mlp,protocol-v3,1.0,64,1,2,249,0.001435166981536895,0.00806520797777921,769884160,0.5
aa30a8d5c85be8d9,svhn,ssb-v2-block,mlp,protocol-v3,1.0,64,1,2,250,0.0014356249594129622,0.008188541978597641,769884160,0.578125
aa30a8d5c85be8d9,svhn,ssb-v2-block,mlp,protocol-v3,1.0,64,1,2,251,0.001405416987836361,0.008094708027783781,769884160,0.578125
aa30a8d5c85be8d9,svhn,ssb-v2-block,mlp,protocol-v3,1.0,64,1,2,252,0.0014708340167999268,0.008279041037894785,769900544,0.546875
aa30a8d5c85be8d9,svhn,ssb-v2-block,mlp,protocol-v3,1.0,64,1,2,253,0.0014419580111280084,0.00797025003703311,769900544,0.5703125
aa30a8d5c85be8d9,svhn,ssb-v2-block,mlp,protocol-v3,1.0,64,1,2,254,0.0015702079981565475,0.008022124995477498,769916928,0.5
aa30a8d5c85be8d9,svhn,ssb-v2-block,mlp,protocol-v3,1.0,64,1,2,255,0.001498791971243918,0.008144082967191935,769933312,0.4921875
aa30a8d5c85be8d9,svhn,ssb-v2-block,mlp,protocol-v3,1.0,64,1,2,256,0.0014834160101599991,0.008025707968045026,769933312,0.609375
aa30a8d5c85be8d9,svhn,ssb-v2-block,mlp,protocol-v3,1.0,64,1,2,257,0.0014322909992188215,0.008143292041495442,769933312,0.5625
aa30a8d5c85be8d9,svhn,ssb-v2-block,mlp,protocol-v3,1.0,64,1,2,258,0.0014338329783640802,0.008495665970258415,769933312,0.6875
aa30a8d5c85be8d9,svhn,ssb-v2-block,mlp,protocol-v3,1.0,64,1,2,259,0.0014382079825736582,0.008015583036467433,769949696,0.4765625
aa30a8d5c85be8d9,svhn,ssb-v2-block,mlp,protocol-v3,1.0,64,1,2,260,0.0014335419982671738,0.00809341698186472,769949696,0.546875
aa30a8d5c85be8d9,svhn,ssb-v2-block,mlp,protocol-v3,1.0,64,1,2,261,0.001437666011042893,0.008208499988541007,769949696,0.5703125
aa30a8d5c85be8d9,svhn,ssb-v2-block,mlp,protocol-v3,1.0,64,1,2,262,0.001471791008953005,0.008079040970187634,769966080,0.546875
aa30a8d5c85be8d9,svhn,ssb-v2-block,mlp,protocol-v3,1.0,64,1,2,263,0.0014375000027939677,0.007976291002705693,769966080,0.5703125
aa30a8d5c85be8d9,svhn,ssb-v2-block,mlp,protocol-v3,1.0,64,1,2,264,0.0014634589897468686,0.008092000032775104,769966080,0.53125
aa30a8d5c85be8d9,svhn,ssb-v2-block,mlp,protocol-v3,1.0,64,1,2,265,0.0014232080429792404,0.008070165989920497,769966080,0.5234375
aa30a8d5c85be8d9,svhn,ssb-v2-block,mlp,protocol-v3,1.0,64,1,2,266,0.0014476249925792217,0.008030333963688463,769966080,0.4921875
aa30a8d5c85be8d9,svhn,ssb-v2-block,mlp,protocol-v3,1.0,64,1,2,267,0.0014871670282445848,0.008109332993626595,769966080,0.6328125
aa30a8d5c85be8d9,svhn,ssb-v2-block,mlp,protocol-v3,1.0,64,1,2,268,0.0014128339826129377,0.008151124988216907,769966080,0.578125
aa30a8d5c85be8d9,svhn,ssb-v2-block,mlp,protocol-v3,1.0,64,1,2,269,0.0014842920354567468,0.008036541985347867,769966080,0.6015625
aa30a8d5c85be8d9,svhn,ssb-v2-block,mlp,protocol-v3,1.0,64,1,2,270,0.0014553749933838844,0.00839341600658372,769982464,0.5
aa30a8d5c85be8d9,svhn,ssb-v2-block,mlp,protocol-v3,1.0,64,1,2,271,0.0014639999717473984,0.008045083028264344,769998848,0.5078125
aa30a8d5c85be8d9,svhn,ssb-v2-block,mlp,protocol-v3,1.0,64,1,2,272,0.0014106670278124511,0.008037291991058737,769998848,0.5234375
aa30a8d5c85be8d9,svhn,ssb-v2-block,mlp,protocol-v3,1.0,64,1,2,273,0.0014435419579967856,0.008096625038888305,769998848,0.53125
aa30a8d5c85be8d9,svhn,ssb-v2-block,mlp,protocol-v3,1.0,64,1,2,274,0.0014696669531986117,0.008128957997541875,769998848,0.5
aa30a8d5c85be8d9,svhn,ssb-v2-block,mlp,protocol-v3,1.0,64,1,2,275,0.0014869170263409615,0.008013417012989521,769998848,0.5703125
aa30a8d5c85be8d9,svhn,ssb-v2-block,mlp,protocol-v3,1.0,64,1,2,276,0.0014517910312861204,0.008127667009830475,769998848,0.65625
aa30a8d5c85be8d9,svhn,ssb-v2-block,mlp,protocol-v3,1.0,64,1,2,277,0.0014671250246465206,0.008099291997496039,769998848,0.625
aa30a8d5c85be8d9,svhn,ssb-v2-block,mlp,protocol-v3,1.0,64,1,2,278,0.0014240829623304307,0.008158417011145502,770015232,0.609375
aa30a8d5c85be8d9,svhn,ssb-v2-block,mlp,protocol-v3,1.0,64,1,2,279,0.0014487089938484132,0.008217375027015805,770015232,0.609375
aa30a8d5c85be8d9,svhn,ssb-v2-block,mlp,protocol-v3,1.0,64,1,2,280,0.0014311250415630639,0.008056582999415696,770015232,0.53125
aa30a8d5c85be8d9,svhn,ssb-v2-block,mlp,protocol-v3,1.0,64,1,2,281,0.0014355829916894436,0.008101875020656735,770031616,0.625
aa30a8d5c85be8d9,svhn,ssb-v2-block,mlp,protocol-v3,1.0,64,1,2,282,0.0014727499801665545,0.008292208949569613,770031616,0.5859375
aa30a8d5c85be8d9,svhn,ssb-v2-block,mlp,protocol-v3,1.0,64,1,2,283,0.0014298339956440032,0.008205541991628706,770031616,0.546875
aa30a8d5c85be8d9,svhn,ssb-v2-block,mlp,protocol-v3,1.0,64,1,2,284,0.001407375035341829,0.008078375016339123,770031616,0.5859375
aa30a8d5c85be8d9,svhn,ssb-v2-block,mlp,protocol-v3,1.0,64,1,2,285,0.0014075830113142729,0.008111416012980044,770031616,0.5546875
aa30a8d5c85be8d9,svhn,ssb-v2-block,mlp,protocol-v3,1.0,64,1,2,286,0.0014887499855831265,0.008579709043260664,770031616,0.5390625
aa30a8d5c85be8d9,svhn,ssb-v2-block,mlp,protocol-v3,1.0,64,1,2,287,0.0014379590284079313,0.008652749995235354,770031616,0.546875
aa30a8d5c85be8d9,svhn,ssb-v2-block,mlp,protocol-v3,1.0,64,1,2,288,0.0014213750255294144,0.008040459011681378,770031616,0.5703125
aa30a8d5c85be8d9,svhn,ssb-v2-block,mlp,protocol-v3,1.0,64,1,2,289,0.001498500001616776,0.008086124958936125,770031616,0.5703125
aa30a8d5c85be8d9,svhn,ssb-v2-block,mlp,protocol-v3,1.0,64,1,2,290,0.0014182919985614717,0.008109209011308849,770031616,0.578125
aa30a8d5c85be8d9,svhn,ssb-v2-block,mlp,protocol-v3,1.0,64,1,2,291,0.0014218749711290002,0.007998459041118622,770031616,0.640625
aa30a8d5c85be8d9,svhn,ssb-v2-block,mlp,protocol-v3,1.0,64,1,2,292,0.0014480829704552889,0.008081207983195782,770031616,0.484375
aa30a8d5c85be8d9,svhn,ssb-v2-block,mlp,protocol-v3,1.0,64,1,2,293,0.0014155409880913794,0.00813937495695427,770031616,0.4765625
aa30a8d5c85be8d9,svhn,ssb-v2-block,mlp,protocol-v3,1.0,64,1,2,294,0.001415958977304399,0.00801229098578915,770048000,0.59375
aa30a8d5c85be8d9,svhn,ssb-v2-block,mlp,protocol-v3,1.0,64,1,2,295,0.001544166007079184,0.008029084012378007,770048000,0.5703125
aa30a8d5c85be8d9,svhn,ssb-v2-block,mlp,protocol-v3,1.0,64,1,2,296,0.0014096669619902968,0.008072416996583343,770048000,0.625
aa30a8d5c85be8d9,svhn,ssb-v2-block,mlp,protocol-v3,1.0,64,1,2,297,0.0014135829987935722,0.008208915998693556,770048000,0.6015625
aa30a8d5c85be8d9,svhn,ssb-v2-block,mlp,protocol-v3,1.0,64,1,2,298,0.0014306660159491003,0.008130417030770332,770048000,0.578125
aa30a8d5c85be8d9,svhn,ssb-v2-block,mlp,protocol-v3,1.0,64,1,2,299,0.001414917001966387,0.008051499957218766,770064384,0.5546875
aa30a8d5c85be8d9,svhn,ssb-v2-block,mlp,protocol-v3,1.0,64,1,2,300,0.001455332967452705,0.008177999989129603,770080768,0.5859375
aa30a8d5c85be8d9,svhn,ssb-v2-block,mlp,protocol-v3,1.0,64,1,2,301,0.0014167080516926944,0.008172666013706475,770080768,0.5078125
aa30a8d5c85be8d9,svhn,ssb-v2-block,mlp,protocol-v3,1.0,64,1,2,302,0.001612875028513372,0.008033582998905331,770080768,0.5859375
aa30a8d5c85be8d9,svhn,ssb-v2-block,mlp,protocol-v3,1.0,64,1,2,303,0.001479625003412366,0.008301958034280688,770080768,0.4765625
aa30a8d5c85be8d9,svhn,ssb-v2-block,mlp,protocol-v3,1.0,64,1,2,304,0.0014731669798493385,0.008062708016950637,770080768,0.5078125
aa30a8d5c85be8d9,svhn,ssb-v2-block,mlp,protocol-v3,1.0,64,1,2,305,0.0014128750190138817,0.008129207999445498,770080768,0.6015625
aa30a8d5c85be8d9,svhn,ssb-v2-block,mlp,protocol-v3,1.0,64,1,2,306,0.0014197919517755508,0.00800187501590699,770080768,0.578125
aa30a8d5c85be8d9,svhn,ssb-v2-block,mlp,protocol-v3,1.0,64,1,2,307,0.001415541977621615,0.008159874996636063,770080768,0.671875
aa30a8d5c85be8d9,svhn,ssb-v2-block,mlp,protocol-v3,1.0,64,1,2,308,0.0014781249919906259,0.008135874988511205,770080768,0.6640625
aa30a8d5c85be8d9,svhn,ssb-v2-block,mlp,protocol-v3,1.0,64,1,2,309,0.0014457079814746976,0.008081416017375886,770080768,0.53125
aa30a8d5c85be8d9,svhn,ssb-v2-block,mlp,protocol-v3,1.0,64,1,2,310,0.001429416995961219,0.008013667014893144,770080768,0.53125
aa30a8d5c85be8d9,svhn,ssb-v2-block,mlp,protocol-v3,1.0,64,1,2,311,0.001408000010997057,0.008058417006395757,770080768,0.5
aa30a8d5c85be8d9,svhn,ssb-v2-block,mlp,protocol-v3,1.0,64,1,2,312,0.001478999969549477,0.008170625020284206,770097152,0.6015625
aa30a8d5c85be8d9,svhn,ssb-v2-block,mlp,protocol-v3,1.0,64,1,2,313,0.0014437909703701735,0.008157708041835576,770097152,0.59375
aa30a8d5c85be8d9,svhn,ssb-v2-block,mlp,protocol-v3,1.0,64,1,2,314,0.0014774160226806998,0.008179166994523257,770097152,0.5390625
aa30a8d5c85be8d9,svhn,ssb-v2-block,mlp,protocol-v3,1.0,64,1,2,315,0.0014858749927952886,0.00797608302673325,770097152,0.5703125
aa30a8d5c85be8d9,svhn,ssb-v2-block,mlp,protocol-v3,1.0,64,1,2,316,0.001433375000488013,0.00813699996797368,770113536,0.6171875
aa30a8d5c85be8d9,svhn,ssb-v2-block,mlp,protocol-v3,1.0,64,1,2,317,0.001412999990861863,0.008037167019210756,770113536,0.625
aa30a8d5c85be8d9,svhn,ssb-v2-block,mlp,protocol-v3,1.0,64,1,2,318,0.0014695419813506305,0.008046833972912282,770113536,0.578125
aa30a8d5c85be8d9,svhn,ssb-v2-block,mlp,protocol-v3,1.0,64,1,2,319,0.001424957998096943,0.007948540966026485,770113536,0.6328125
aa30a8d5c85be8d9,svhn,ssb-v2-block,mlp,protocol-v3,1.0,64,1,2,320,0.0014222079771570861,0.008227040991187096,770113536,0.6015625
aa30a8d5c85be8d9,svhn,ssb-v2-block,mlp,protocol-v3,1.0,64,1,2,321,0.0014665830531157553,0.008089249953627586,770113536,0.609375
aa30a8d5c85be8d9,svhn,ssb-v2-block,mlp,protocol-v3,1.0,64,1,2,322,0.0014802499790675938,0.008040708024054766,770113536,0.625
aa30a8d5c85be8d9,svhn,ssb-v2-block,mlp,protocol-v3,1.0,64,1,2,323,0.0014165830216370523,0.00802225002553314,770113536,0.6328125
aa30a8d5c85be8d9,svhn,ssb-v2-block,mlp,protocol-v3,1.0,64,1,2,324,0.0014216669951565564,0.00812654197216034,770113536,0.6015625
aa30a8d5c85be8d9,svhn,ssb-v2-block,mlp,protocol-v3,1.0,64,1,2,325,0.001415250007994473,0.00801866699475795,770129920,0.5859375
aa30a8d5c85be8d9,svhn,ssb-v2-block,mlp,protocol-v3,1.0,64,1,2,326,0.0014599589630961418,0.00808370899176225,770146304,0.5390625
aa30a8d5c85be8d9,svhn,ssb-v2-block,mlp,protocol-v3,1.0,64,1,2,327,0.0014210420195013285,0.008013333019334823,770146304,0.5234375
aa30a8d5c85be8d9,svhn,ssb-v2-block,mlp,protocol-v3,1.0,64,1,2,328,0.0014247919898480177,0.007931499974802136,770146304,0.5703125
aa30a8d5c85be8d9,svhn,ssb-v2-block,mlp,protocol-v3,1.0,64,1,2,329,0.0014774169540032744,0.00816208403557539,770146304,0.4609375
aa30a8d5c85be8d9,svhn,ssb-v2-block,mlp,protocol-v3,1.0,64,1,2,330,0.0014736670418642461,0.008073000004515052,770146304,0.671875
aa30a8d5c85be8d9,svhn,ssb-v2-block,mlp,protocol-v3,1.0,64,1,2,331,0.0014092079945839942,0.008017249987460673,770162688,0.578125
aa30a8d5c85be8d9,svhn,ssb-v2-block,mlp,protocol-v3,1.0,64,1,2,332,0.0014725420041941106,0.00843362498562783,770162688,0.6484375
aa30a8d5c85be8d9,svhn,ssb-v2-block,mlp,protocol-v3,1.0,64,1,2,333,0.0014270410174503922,0.008759749995078892,770162688,0.53125
aa30a8d5c85be8d9,svhn,ssb-v2-block,mlp,protocol-v3,1.0,64,1,2,334,0.0014207090134732425,0.008061291999183595,770162688,0.6015625
aa30a8d5c85be8d9,svhn,ssb-v2-block,mlp,protocol-v3,1.0,64,1,2,335,0.0014221660094335675,0.008023792004678398,770162688,0.65625
aa30a8d5c85be8d9,svhn,ssb-v2-block,mlp,protocol-v3,1.0,64,1,2,336,0.0014177080010995269,0.007962707953993231,770162688,0.5625
aa30a8d5c85be8d9,svhn,ssb-v2-block,mlp,protocol-v3,1.0,64,1,2,337,0.0015569170354865491,0.008083624998107553,770179072,0.59375
aa30a8d5c85be8d9,svhn,ssb-v2-block,mlp,protocol-v3,1.0,64,1,2,338,0.0014576659887097776,0.008358999970369041,770179072,0.6171875
aa30a8d5c85be8d9,svhn,ssb-v2-block,mlp,protocol-v3,1.0,64,1,2,339,0.0014404590474441648,0.008077042002696544,770179072,0.5859375
aa30a8d5c85be8d9,svhn,ssb-v2-block,mlp,protocol-v3,1.0,64,1,2,340,0.0014176659751683474,0.007935000001452863,770179072,0.6171875
aa30a8d5c85be8d9,svhn,ssb-v2-block,mlp,protocol-v3,1.0,64,1,2,341,0.0015522500034421682,0.00826537498505786,770179072,0.6640625
aa30a8d5c85be8d9,svhn,ssb-v2-block,mlp,protocol-v3,1.0,64,1,2,342,0.001469957991503179,0.008237833972088993,770179072,0.65625
aa30a8d5c85be8d9,svhn,ssb-v2-block,mlp,protocol-v3,1.0,64,1,2,343,0.0014758339966647327,0.008153082977514714,770179072,0.5625
aa30a8d5c85be8d9,svhn,ssb-v2-block,mlp,protocol-v3,1.0,64,1,2,344,0.001411166973412037,0.008110208029393107,770179072,0.6171875
aa30a8d5c85be8d9,svhn,ssb-v2-block,mlp,protocol-v3,1.0,64,1,2,345,0.0014150419738143682,0.008701958053279668,770179072,0.609375
aa30a8d5c85be8d9,svhn,ssb-v2-block,mlp,protocol-v3,1.0,64,1,2,346,0.001410541997756809,0.008604542003013194,770179072,0.625
aa30a8d5c85be8d9,svhn,ssb-v2-block,mlp,protocol-v3,1.0,64,1,2,347,0.0014467089786194265,0.007966625038534403,770179072,0.5859375
aa30a8d5c85be8d9,svhn,ssb-v2-block,mlp,protocol-v3,1.0,64,1,2,348,0.0014269999810494483,0.00798520795069635,770195456,0.671875
aa30a8d5c85be8d9,svhn,ssb-v2-block,mlp,protocol-v3,1.0,64,1,2,349,0.001422917004674673,0.007946458004880697,770195456,0.5859375
aa30a8d5c85be8d9,svhn,ssb-v2-block,mlp,protocol-v3,1.0,64,1,2,350,0.0013976669870316982,0.008138667035382241,770195456,0.6171875
aa30a8d5c85be8d9,svhn,ssb-v2-block,mlp,protocol-v3,1.0,64,1,2,351,0.0014420829829759896,0.008181042037904263,770195456,0.671875
aa30a8d5c85be8d9,svhn,ssb-v2-block,mlp,protocol-v3,1.0,64,1,2,352,0.0014560419949702919,0.008154250041116029,770211840,0.5703125
aa30a8d5c85be8d9,svhn,ssb-v2-block,mlp,protocol-v3,1.0,64,1,2,353,0.001383042021188885,0.008396000019274652,770211840,0.5859375
aa30a8d5c85be8d9,svhn,ssb-v2-block,mlp,protocol-v3,1.0,64,1,2,354,0.001421125023625791,0.008248458965681493,770211840,0.5703125
aa30a8d5c85be8d9,svhn,ssb-v2-block,mlp,protocol-v3,1.0,64,1,2,355,0.00147387501783669,0.0079935829853639,770211840,0.6484375
aa30a8d5c85be8d9,svhn,ssb-v2-block,mlp,protocol-v3,1.0,64,1,2,356,0.0014041250105947256,0.008084458007942885,770211840,0.6015625
aa30a8d5c85be8d9,svhn,ssb-v2-block,mlp,protocol-v3,1.0,64,1,2,357,0.0013995830086059868,0.008055125013925135,770211840,0.5703125
aa30a8d5c85be8d9,svhn,ssb-v2-block,mlp,protocol-v3,1.0,64,1,2,358,0.0014171670190989971,0.008139499987009913,770211840,0.6640625
aa30a8d5c85be8d9,svhn,ssb-v2-block,mlp,protocol-v3,1.0,64,1,2,359,0.0014758330071344972,0.008029333024751395,770211840,0.4921875
aa30a8d5c85be8d9,svhn,ssb-v2-block,mlp,protocol-v3,1.0,64,1,2,360,0.001375082996673882,0.008149750006850809,770211840,0.5625
aa30a8d5c85be8d9,svhn,ssb-v2-block,mlp,protocol-v3,1.0,64,1,2,361,0.0014198750141076744,0.00812729197787121,770211840,0.5703125
aa30a8d5c85be8d9,svhn,ssb-v2-block,mlp,protocol-v3,1.0,64,1,2,362,0.001471749972552061,0.0081007499829866,770211840,0.6015625
aa30a8d5c85be8d9,svhn,ssb-v2-block,mlp,protocol-v3,1.0,64,1,2,363,0.0014252919936552644,0.008033082995098084,770228224,0.5625
aa30a8d5c85be8d9,svhn,ssb-v2-block,mlp,protocol-v3,1.0,64,1,2,364,0.0014174579991959035,0.008134125033393502,770244608,0.6015625
aa30a8d5c85be8d9,svhn,ssb-v2-block,mlp,protocol-v3,1.0,64,1,2,365,0.0014557919930666685,0.008144374995026737,770244608,0.546875
aa30a8d5c85be8d9,svhn,ssb-v2-block,mlp,protocol-v3,1.0,64,1,2,366,0.0014603330055251718,0.00807366700610146,770244608,0.5625
aa30a8d5c85be8d9,svhn,ssb-v2-block,mlp,protocol-v3,1.0,64,1,2,367,0.0015501250163652003,0.008083750028163195,770244608,0.5546875
aa30a8d5c85be8d9,svhn,ssb-v2-block,mlp,protocol-v3,1.0,64,1,2,368,0.0014089999604038894,0.008174166025128216,770244608,0.609375
aa30a8d5c85be8d9,svhn,ssb-v2-block,mlp,protocol-v3,1.0,64,1,2,369,0.0014437499921768904,0.007988083001691848,770244608,0.6171875
aa30a8d5c85be8d9,svhn,ssb-v2-block,mlp,protocol-v3,1.0,64,1,2,370,0.0014568750048056245,0.008103291969746351,770260992,0.5703125
aa30a8d5c85be8d9,svhn,ssb-v2-block,mlp,protocol-v3,1.0,64,1,2,371,0.0014271250111050904,0.00800349999917671,770260992,0.6328125
aa30a8d5c85be8d9,svhn,ssb-v2-block,mlp,protocol-v3,1.0,64,1,2,372,0.0014268329832702875,0.008241790987085551,770260992,0.625
aa30a8d5c85be8d9,svhn,ssb-v2-block,mlp,protocol-v3,1.0,64,1,2,373,0.0014182910090312362,0.008197957999072969,770260992,0.6015625
aa30a8d5c85be8d9,svhn,ssb-v2-block,mlp,protocol-v3,1.0,64,1,2,374,0.0014084590366110206,0.008062000037170947,770277376,0.625
aa30a8d5c85be8d9,svhn,ssb-v2-block,mlp,protocol-v3,1.0,64,1,2,375,0.0014216669951565564,0.008048666990362108,770293760,0.5390625
aa30a8d5c85be8d9,svhn,ssb-v2-block,mlp,protocol-v3,1.0,64,1,2,376,0.0014722920022904873,0.00818670797161758,770293760,0.625
aa30a8d5c85be8d9,svhn,ssb-v2-block,mlp,protocol-v3,1.0,64,1,2,377,0.0014429999864660203,0.008132292015943676,770293760,0.578125
aa30a8d5c85be8d9,svhn,ssb-v2-block,mlp,protocol-v3,1.0,64,1,2,378,0.0014220000011846423,0.008185375016182661,770293760,0.546875
aa30a8d5c85be8d9,svhn,ssb-v2-block,mlp,protocol-v3,1.0,64,1,2,379,0.001415291044395417,0.008083041990175843,770293760,0.625
aa30a8d5c85be8d9,svhn,ssb-v2-block,mlp,protocol-v3,1.0,64,1,2,380,0.0014236659626476467,0.008429833978880197,770293760,0.5
aa30a8d5c85be8d9,svhn,ssb-v2-block,mlp,protocol-v3,1.0,64,1,2,381,0.0014131670468486845,0.008036875049583614,770293760,0.5703125
aa30a8d5c85be8d9,svhn,ssb-v2-block,mlp,protocol-v3,1.0,64,1,2,382,0.0013994170003570616,0.007965125027112663,770293760,0.625
aa30a8d5c85be8d9,svhn,ssb-v2-block,mlp,protocol-v3,1.0,64,1,2,383,0.0014157919795252383,0.007995166990440339,770293760,0.671875
aa30a8d5c85be8d9,svhn,ssb-v2-block,mlp,protocol-v3,1.0,64,1,2,384,0.001455708988942206,0.008313750033266842,770293760,0.59375
aa30a8d5c85be8d9,svhn,ssb-v2-block,mlp,protocol-v3,1.0,64,1,2,385,0.0014461670070886612,0.008101333980448544,770310144,0.6640625
aa30a8d5c85be8d9,svhn,ssb-v2-block,mlp,protocol-v3,1.0,64,1,2,386,0.001398666005115956,0.00800799997523427,770326528,0.65625
aa30a8d5c85be8d9,svhn,ssb-v2-block,mlp,protocol-v3,1.0,64,1,2,387,0.0014242499601095915,0.00812262500403449,770326528,0.6015625
aa30a8d5c85be8d9,svhn,ssb-v2-block,mlp,protocol-v3,1.0,64,1,2,388,0.001469625043682754,0.008118790981825441,770326528,0.6640625
aa30a8d5c85be8d9,svhn,ssb-v2-block,mlp,protocol-v3,1.0,64,1,2,389,0.001415249949786812,0.008098000020254403,770342912,0.6171875
aa30a8d5c85be8d9,svhn,ssb-v2-block,mlp,protocol-v3,1.0,64,1,2,390,0.0014110840274952352,0.00807741703465581,770342912,0.5703125
aa30a8d5c85be8d9,svhn,ssb-v2-block,mlp,protocol-v3,1.0,64,1,2,391,0.001426542003173381,0.00806770904455334,770342912,0.640625
aa30a8d5c85be8d9,svhn,ssb-v2-block,mlp,protocol-v3,1.0,64,1,2,392,0.0014202080201357603,0.00811679201433435,770342912,0.6328125
aa30a8d5c85be8d9,svhn,ssb-v2-block,mlp,protocol-v3,1.0,64,1,2,393,0.0014376670005731285,0.008030958008021116,770342912,0.6796875
aa30a8d5c85be8d9,svhn,ssb-v2-block,mlp,protocol-v3,1.0,64,1,2,394,0.0014739169855602086,0.0083874580450356,770342912,0.65625
aa30a8d5c85be8d9,svhn,ssb-v2-block,mlp,protocol-v3,1.0,64,1,2,395,0.0014339589979499578,0.008117540972307324,770342912,0.625
aa30a8d5c85be8d9,svhn,ssb-v2-block,mlp,protocol-v3,1.0,64,1,2,396,0.0014779999619349837,0.008135584008414298,770342912,0.5
aa30a8d5c85be8d9,svhn,ssb-v2-block,mlp,protocol-v3,1.0,64,1,2,397,0.0015522910398431122,0.008089207985904068,770342912,0.5859375
aa30a8d5c85be8d9,svhn,ssb-v2-block,mlp,protocol-v3,1.0,64,1,2,398,0.0014095840160734951,0.008127625042106956,770342912,0.6484375
aa30a8d5c85be8d9,svhn,ssb-v2-block,mlp,protocol-v3,1.0,64,1,2,399,0.0014164579915814102,0.008051584009081125,770342912,0.5
aa30a8d5c85be8d9,svhn,ssb-v2-block,mlp,protocol-v3,1.0,64,1,2,400,0.0014358750195242465,0.008030375000089407,770342912,0.578125
aa30a8d5c85be8d9,svhn,ssb-v2-block,mlp,protocol-v3,1.0,64,1,2,401,0.0013873340212740004,0.008393916010390967,770342912,0.5625
aa30a8d5c85be8d9,svhn,ssb-v2-block,mlp,protocol-v3,1.0,64,1,2,402,0.0014092499623075128,0.00815716601209715,770342912,0.59375
aa30a8d5c85be8d9,svhn,ssb-v2-block,mlp,protocol-v3,1.0,64,1,2,403,0.0014207499916665256,0.008048082992900163,770342912,0.6328125
aa30a8d5c85be8d9,svhn,ssb-v2-block,mlp,protocol-v3,1.0,64,1,2,404,0.001498832949437201,0.008009749988559633,770342912,0.5703125
aa30a8d5c85be8d9,svhn,ssb-v2-block,mlp,protocol-v3,1.0,64,1,2,405,0.001431874989066273,0.008061208005528897,770359296,0.5859375
aa30a8d5c85be8d9,svhn,ssb-v2-block,mlp,protocol-v3,1.0,64,1,2,406,0.0014675409765914083,0.008007166965398937,770359296,0.4453125
aa30a8d5c85be8d9,svhn,ssb-v2-block,mlp,protocol-v3,1.0,64,1,2,407,0.00141270796302706,0.008071875025052577,770359296,0.5859375
aa30a8d5c85be8d9,svhn,ssb-v2-block,mlp,protocol-v3,1.0,64,1,2,408,0.0014202079619280994,0.008164083992596716,770375680,0.5078125
aa30a8d5c85be8d9,svhn,ssb-v2-block,mlp,protocol-v3,1.0,64,1,2,409,0.001454290992114693,0.008107583969831467,770375680,0.5859375
aa30a8d5c85be8d9,svhn,ssb-v2-block,mlp,protocol-v3,1.0,64,1,2,410,0.0014082909910939634,0.008079707971774042,770392064,0.640625
aa30a8d5c85be8d9,svhn,ssb-v2-block,mlp,protocol-v3,1.0,64,1,2,411,0.001452249998692423,0.008144750026986003,770392064,0.515625
aa30a8d5c85be8d9,svhn,ssb-v2-block,mlp,protocol-v3,1.0,64,1,2,412,0.001465209003072232,0.008291957958135754,770392064,0.65625
aa30a8d5c85be8d9,svhn,ssb-v2-block,mlp,protocol-v3,1.0,64,1,2,413,0.0014453329495154321,0.008120790997054428,770392064,0.625
aa30a8d5c85be8d9,svhn,ssb-v2-block,mlp,protocol-v3,1.0,64,1,2,414,0.0014741250197403133,0.008002750051673502,770392064,0.6484375
aa30a8d5c85be8d9,svhn,ssb-v2-block,mlp,protocol-v3,1.0,64,1,2,415,0.0014293750282377005,0.008078582992311567,770392064,0.5546875
aa30a8d5c85be8d9,svhn,ssb-v2-block,mlp,protocol-v3,1.0,64,1,2,416,0.0014194580144248903,0.008120500016957521,770392064,0.6171875
aa30a8d5c85be8d9,svhn,ssb-v2-block,mlp,protocol-v3,1.0,64,1,2,417,0.0014171249931678176,0.008004374976735562,770392064,0.5859375
aa30a8d5c85be8d9,svhn,ssb-v2-block,mlp,protocol-v3,1.0,64,1,2,418,0.0014747499953955412,0.00811216700822115,770392064,0.5390625
aa30a8d5c85be8d9,svhn,ssb-v2-block,mlp,protocol-v3,1.0,64,1,2,419,0.0014304170035757124,0.008066500013228506,770408448,0.578125
aa30a8d5c85be8d9,svhn,ssb-v2-block,mlp,protocol-v3,1.0,64,1,2,420,0.0014516660012304783,0.008000250032637268,770408448,0.6640625
aa30a8d5c85be8d9,svhn,ssb-v2-block,mlp,protocol-v3,1.0,64,1,2,421,0.001450416981242597,0.008065292029641569,770408448,0.65625
aa30a8d5c85be8d9,svhn,ssb-v2-block,mlp,protocol-v3,1.0,64,1,2,422,0.0014171669608913362,0.008140958030708134,770408448,0.53125
aa30a8d5c85be8d9,svhn,ssb-v2-block,mlp,protocol-v3,1.0,64,1,2,423,0.0014816659968346357,0.008111874980386347,770424832,0.5859375
aa30a8d5c85be8d9,svhn,ssb-v2-block,mlp,protocol-v3,1.0,64,1,2,424,0.001426542003173381,0.00793229095870629,770424832,0.6015625
aa30a8d5c85be8d9,svhn,ssb-v2-block,mlp,protocol-v3,1.0,64,1,2,425,0.0014298749738372862,0.008156833006069064,770424832,0.6171875
aa30a8d5c85be8d9,svhn,ssb-v2-block,mlp,protocol-v3,1.0,64,1,2,426,0.0014232920366339386,0.008155332994647324,770424832,0.5546875
aa30a8d5c85be8d9,svhn,ssb-v2-block,mlp,protocol-v3,1.0,64,1,2,427,0.0014752080314792693,0.008072666998486966,770424832,0.578125
aa30a8d5c85be8d9,svhn,ssb-v2-block,mlp,protocol-v3,1.0,64,1,2,428,0.0014212079695425928,0.008207709004636854,770424832,0.59375
aa30a8d5c85be8d9,svhn,ssb-v2-block,mlp,protocol-v3,1.0,64,1,2,429,0.0014331660349853337,0.008202833007089794,770424832,0.5390625
aa30a8d5c85be8d9,svhn,ssb-v2-block,mlp,protocol-v3,1.0,64,1,2,430,0.0014774579904042184,0.008039624954108149,770424832,0.609375
aa30a8d5c85be8d9,svhn,ssb-v2-block,mlp,protocol-v3,1.0,64,1,2,431,0.001457582984585315,0.008029999968130141,770424832,0.5703125
aa30a8d5c85be8d9,svhn,ssb-v2-block,mlp,protocol-v3,1.0,64,1,2,432,0.0013977920170873404,0.008041833993047476,770424832,0.515625
aa30a8d5c85be8d9,svhn,ssb-v2-block,mlp,protocol-v3,1.0,64,1,2,433,0.0014807499828748405,0.008078249986283481,770441216,0.59375
aa30a8d5c85be8d9,svhn,ssb-v2-block,mlp,protocol-v3,1.0,64,1,2,434,0.001447834016289562,0.008120750018861145,770457600,0.5390625
aa30a8d5c85be8d9,svhn,ssb-v2-block,mlp,protocol-v3,1.0,64,1,2,435,0.0014726250083185732,0.008227291982620955,770457600,0.6484375
aa30a8d5c85be8d9,svhn,ssb-v2-block,mlp,protocol-v3,1.0,64,1,2,436,0.0014715829747729003,0.008104959037154913,770457600,0.4609375
aa30a8d5c85be8d9,svhn,ssb-v2-block,mlp,protocol-v3,1.0,64,1,2,437,0.0014092909987084568,0.008062292006798089,770457600,0.6171875
aa30a8d5c85be8d9,svhn,ssb-v2-block,mlp,protocol-v3,1.0,64,1,2,438,0.001422500004991889,0.008104332955554128,770457600,0.5859375
aa30a8d5c85be8d9,svhn,ssb-v2-block,mlp,protocol-v3,1.0,64,1,2,439,0.0014335419982671738,0.008073249948211014,770457600,0.6484375
aa30a8d5c85be8d9,svhn,ssb-v2-block,mlp,protocol-v3,1.0,64,1,2,440,0.0013994999462738633,0.007996917003765702,770457600,0.65625
aa30a8d5c85be8d9,svhn,ssb-v2-block,mlp,protocol-v3,1.0,64,1,2,441,0.001470666960813105,0.008153040951583534,770457600,0.546875
aa30a8d5c85be8d9,svhn,ssb-v2-block,mlp,protocol-v3,1.0,64,1,2,442,0.0014227090287022293,0.008065333007834852,770457600,0.6328125
aa30a8d5c85be8d9,svhn,ssb-v2-block,mlp,protocol-v3,1.0,64,1,2,443,0.001455084013286978,0.00812729203607887,770473984,0.6328125
aa30a8d5c85be8d9,svhn,ssb-v2-block,mlp,protocol-v3,1.0,64,1,2,444,0.0014014170155860484,0.008335874998010695,770473984,0.625
aa30a8d5c85be8d9,svhn,ssb-v2-block,mlp,protocol-v3,1.0,64,1,2,445,0.0014329999685287476,0.00805345899425447,770473984,0.6015625
aa30a8d5c85be8d9,svhn,ssb-v2-block,mlp,protocol-v3,1.0,64,1,2,446,0.0014852090389467776,0.008120291982777417,770473984,0.515625
aa30a8d5c85be8d9,svhn,ssb-v2-block,mlp,protocol-v3,1.0,64,1,2,447,0.0014295409782789648,0.008058833016548306,770473984,0.59375
aa30a8d5c85be8d9,svhn,ssb-v2-block,mlp,protocol-v3,1.0,64,1,2,448,0.001399667002260685,0.008162082987837493,770490368,0.5859375
aa30a8d5c85be8d9,svhn,ssb-v2-block,mlp,protocol-v3,1.0,64,1,2,449,0.001457249978557229,0.008031791017856449,770490368,0.5625
aa30a8d5c85be8d9,svhn,ssb-v2-block,mlp,protocol-v3,1.0,64,1,2,450,0.001397125015500933,0.007956541958265007,770490368,0.71875
aa30a8d5c85be8d9,svhn,ssb-v2-block,mlp,protocol-v3,1.0,64,1,2,451,0.0014187920023687184,0.007847542001400143,770490368,0.6171875
aa30a8d5c85be8d9,svhn,ssb-v2-block,mlp,protocol-v3,1.0,64,1,2,452,0.0015714999753981829,0.008365457993932068,770490368,0.6640625
aa30a8d5c85be8d9,svhn,ssb-v2-block,mlp,protocol-v3,1.0,64,1,2,453,0.0014198749559000134,0.008004707982763648,770490368,0.6328125
aa30a8d5c85be8d9,svhn,ssb-v2-block,mlp,protocol-v3,1.0,64,1,2,454,0.0014797079493291676,0.00803275004727766,770490368,0.546875
aa30a8d5c85be8d9,svhn,ssb-v2-block,mlp,protocol-v3,1.0,64,1,2,455,0.0014879590016789734,0.00807066698325798,770490368,0.609375
aa30a8d5c85be8d9,svhn,ssb-v2-block,mlp,protocol-v3,1.0,64,1,2,456,0.0014334159786812961,0.008010332996491343,770490368,0.65625
aa30a8d5c85be8d9,svhn,ssb-v2-block,mlp,protocol-v3,1.0,64,1,2,457,0.0014592500519938767,0.008089707989711314,770490368,0.5625
aa30a8d5c85be8d9,svhn,ssb-v2-block,mlp,protocol-v3,1.0,64,1,2,458,0.0014692090335302055,0.008070999989286065,770490368,0.578125
aa30a8d5c85be8d9,svhn,ssb-v2-block,mlp,protocol-v3,1.0,64,1,2,459,0.0014459170051850379,0.008174915972631425,770490368,0.6328125
aa30a8d5c85be8d9,svhn,ssb-v2-block,mlp,protocol-v3,1.0,64,1,2,460,0.001432665972970426,0.008101415995042771,770490368,0.6328125
aa30a8d5c85be8d9,svhn,ssb-v2-block,mlp,protocol-v3,1.0,64,1,2,461,0.0014119159895926714,0.00804333295673132,770490368,0.625
aa30a8d5c85be8d9,svhn,ssb-v2-block,mlp,protocol-v3,1.0,64,1,2,462,0.0014788330299779773,0.008815959037747234,770506752,0.59375
aa30a8d5c85be8d9,svhn,ssb-v2-block,mlp,protocol-v3,1.0,64,1,2,463,0.0014269170351326466,0.008163457969203591,770506752,0.578125
aa30a8d5c85be8d9,svhn,ssb-v2-block,mlp,protocol-v3,1.0,64,1,2,464,0.001417083025444299,0.008014666964299977,770506752,0.5625
aa30a8d5c85be8d9,svhn,ssb-v2-block,mlp,protocol-v3,1.0,64,1,2,465,0.001432624994777143,0.008119916950818151,770506752,0.5703125
aa30a8d5c85be8d9,svhn,ssb-v2-block,mlp,protocol-v3,1.0,64,1,2,466,0.001423541980329901,0.008066207985393703,770506752,0.6015625
aa30a8d5c85be8d9,svhn,ssb-v2-block,mlp,protocol-v3,1.0,64,1,2,467,0.0014717080048285425,0.008066624985076487,770523136,0.5859375
aa30a8d5c85be8d9,svhn,ssb-v2-block,mlp,protocol-v3,1.0,64,1,2,468,0.0014147500041872263,0.008083667024038732,770523136,0.625
aa30a8d5c85be8d9,svhn,ssb-v2-block,mlp,protocol-v3,1.0,64,1,2,469,0.0014519169926643372,0.008052707999013364,770523136,0.5703125
aa30a8d5c85be8d9,svhn,ssb-v2-block,mlp,protocol-v3,1.0,64,1,2,470,0.0014573750086128712,0.008043583016842604,770523136,0.5859375
aa30a8d5c85be8d9,svhn,ssb-v2-block,mlp,protocol-v3,1.0,64,1,2,471,0.0014163340092636645,0.0082078329869546,770523136,0.65625
aa30a8d5c85be8d9,svhn,ssb-v2-block,mlp,protocol-v3,1.0,64,1,2,472,0.0014153749798424542,0.007993584033101797,770539520,0.6171875
aa30a8d5c85be8d9,svhn,ssb-v2-block,mlp,protocol-v3,1.0,64,1,2,473,0.00136674998793751,0.008295583014842123,770539520,0.59375
aa30a8d5c85be8d9,svhn,ssb-v2-block,mlp,protocol-v3,1.0,64,1,2,474,0.0014422499807551503,0.008221791998948902,770539520,0.6640625
aa30a8d5c85be8d9,svhn,ssb-v2-block,mlp,protocol-v3,1.0,64,1,2,475,0.0014176249969750643,0.008163208025507629,770555904,0.6484375
aa30a8d5c85be8d9,svhn,ssb-v2-block,mlp,protocol-v3,1.0,64,1,2,476,0.0014411660376936197,0.00826333399163559,770555904,0.5390625
aa30a8d5c85be8d9,svhn,ssb-v2-block,mlp,protocol-v3,1.0,64,1,2,477,0.0014452909817919135,0.008116917044389993,770555904,0.609375
aa30a8d5c85be8d9,svhn,ssb-v2-block,mlp,protocol-v3,1.0,64,1,2,478,0.001437624974641949,0.008102749998215586,770555904,0.5625
aa30a8d5c85be8d9,svhn,ssb-v2-block,mlp,protocol-v3,1.0,64,1,2,479,0.001422540983185172,0.008188833948224783,770555904,0.5546875
aa30a8d5c85be8d9,svhn,ssb-v2-block,mlp,protocol-v3,1.0,64,1,2,480,0.0014162500156089664,0.008080457977484912,770572288,0.625
aa30a8d5c85be8d9,svhn,ssb-v2-block,mlp,protocol-v3,1.0,64,1,2,481,0.001454667013604194,0.008063542016316205,770572288,0.71875
aa30a8d5c85be8d9,svhn,ssb-v2-block,mlp,protocol-v3,1.0,64,1,2,482,0.0014817920164205134,0.008047542010899633,770572288,0.5859375
aa30a8d5c85be8d9,svhn,ssb-v2-block,mlp,protocol-v3,1.0,64,1,2,483,0.0014183330349624157,0.007934249995741993,770572288,0.640625
aa30a8d5c85be8d9,svhn,ssb-v2-block,mlp,protocol-v3,1.0,64,1,2,484,0.001472083036787808,0.008014791004825383,770572288,0.6875
aa30a8d5c85be8d9,svhn,ssb-v2-block,mlp,protocol-v3,1.0,64,1,2,485,0.0014452090254053473,0.008081375039182603,770588672,0.6796875
aa30a8d5c85be8d9,svhn,ssb-v2-block,mlp,protocol-v3,1.0,64,1,2,486,0.0014733750140294433,0.008022124995477498,770621440,0.640625
aa30a8d5c85be8d9,svhn,ssb-v2-block,mlp,protocol-v3,1.0,64,1,2,487,0.0014697919832542539,0.008000708010513335,770621440,0.6171875
aa30a8d5c85be8d9,svhn,ssb-v2-block,mlp,protocol-v3,1.0,64,1,2,488,0.0014697920414619148,0.008139832993037999,770621440,0.625
aa30a8d5c85be8d9,svhn,ssb-v2-block,mlp,protocol-v3,1.0,64,1,2,489,0.001467374968342483,0.00808574998518452,770621440,0.640625
aa30a8d5c85be8d9,svhn,ssb-v2-block,mlp,protocol-v3,1.0,64,1,2,490,0.0013776659616269171,0.008164042024873197,770621440,0.5859375
aa30a8d5c85be8d9,svhn,ssb-v2-block,mlp,protocol-v3,1.0,64,1,2,491,0.0014389579882845283,0.008083708002232015,770621440,0.5625
aa30a8d5c85be8d9,svhn,ssb-v2-block,mlp,protocol-v3,1.0,64,1,2,492,0.001446416019462049,0.008092750038485974,770654208,0.6015625
aa30a8d5c85be8d9,svhn,ssb-v2-block,mlp,protocol-v3,1.0,64,1,2,493,0.0014653339749202132,0.008109207963570952,770654208,0.609375
aa30a8d5c85be8d9,svhn,ssb-v2-block,mlp,protocol-v3,1.0,64,1,2,494,0.001426791015546769,0.008337332983501256,770654208,0.625
aa30a8d5c85be8d9,svhn,ssb-v2-block,mlp,protocol-v3,1.0,64,1,2,495,0.0014062090194784105,0.00812574999872595,770654208,0.6328125
aa30a8d5c85be8d9,svhn,ssb-v2-block,mlp,protocol-v3,1.0,64,1,2,496,0.0014039590023458004,0.00796483299927786,770654208,0.5546875
aa30a8d5c85be8d9,svhn,ssb-v2-block,mlp,protocol-v3,1.0,64,1,2,497,0.0014270410174503922,0.008245250035542995,770654208,0.6484375
aa30a8d5c85be8d9,svhn,ssb-v2-block,mlp,protocol-v3,1.0,64,1,2,498,0.0013907909742556512,0.007949999999254942,770654208,0.5546875
aa30a8d5c85be8d9,svhn,ssb-v2-block,mlp,protocol-v3,1.0,64,1,2,499,0.0014126250171102583,0.00821324996650219,770654208,0.609375
aa30a8d5c85be8d9,svhn,ssb-v2-block,mlp,protocol-v3,1.0,64,1,2,500,0.0014215410337783396,0.008032999990973622,770654208,0.53125
aa30a8d5c85be8d9,svhn,ssb-v2-block,mlp,protocol-v3,1.0,64,1,2,501,0.0014328749966807663,0.008061959000770003,770654208,0.6484375
aa30a8d5c85be8d9,svhn,ssb-v2-block,mlp,protocol-v3,1.0,64,1,2,502,0.0014719580067321658,0.00822295801481232,770670592,0.5546875
aa30a8d5c85be8d9,svhn,ssb-v2-block,mlp,protocol-v3,1.0,64,1,2,503,0.0013982919626869261,0.008386958041228354,770670592,0.6328125
aa30a8d5c85be8d9,svhn,ssb-v2-block,mlp,protocol-v3,1.0,64,1,2,504,0.0014763340004719794,0.007941625022795051,770670592,0.5859375
aa30a8d5c85be8d9,svhn,ssb-v2-block,mlp,protocol-v3,1.0,64,1,2,505,0.001409917022101581,0.008043624984566122,770670592,0.65625
aa30a8d5c85be8d9,svhn,ssb-v2-block,mlp,protocol-v3,1.0,64,1,2,506,0.001383333990816027,0.008228832972235978,770670592,0.6796875
aa30a8d5c85be8d9,svhn,ssb-v2-block,mlp,protocol-v3,1.0,64,1,2,507,0.001426790957339108,0.008216959016863257,770670592,0.609375
aa30a8d5c85be8d9,svhn,ssb-v2-block,mlp,protocol-v3,1.0,64,1,2,508,0.0014662499888800085,0.00841870903968811,770670592,0.703125
aa30a8d5c85be8d9,svhn,ssb-v2-block,mlp,protocol-v3,1.0,64,1,2,509,0.0014234589762054384,0.008069916977547109,770670592,0.65625
aa30a8d5c85be8d9,svhn,ssb-v2-block,mlp,protocol-v3,1.0,64,1,2,510,0.0014374580350704491,0.008153249975293875,770670592,0.59375
aa30a8d5c85be8d9,svhn,ssb-v2-block,mlp,protocol-v3,1.0,64,1,2,511,0.0014725829823873937,0.008119250007439405,770670592,0.6171875
aa30a8d5c85be8d9,svhn,ssb-v2-block,mlp,protocol-v3,1.0,64,1,2,512,0.0014289169921539724,0.00806820800062269,770670592,0.6171875
aa30a8d5c85be8d9,svhn,ssb-v2-block,mlp,protocol-v3,1.0,64,1,2,513,0.0014056250220164657,0.007947250036522746,770670592,0.6796875
aa30a8d5c85be8d9,svhn,ssb-v2-block,mlp,protocol-v3,1.0,64,1,2,514,0.0014046250144019723,0.008176332979928702,770686976,0.625
aa30a8d5c85be8d9,svhn,ssb-v2-block,mlp,protocol-v3,1.0,64,1,2,515,0.001408417010679841,0.0080753339570947,770686976,0.671875
aa30a8d5c85be8d9,svhn,ssb-v2-block,mlp,protocol-v3,1.0,64,1,2,516,0.001420707965735346,0.008163709018845111,770686976,0.6484375
aa30a8d5c85be8d9,svhn,ssb-v2-block,mlp,protocol-v3,1.0,64,1,2,517,0.0014277910231612623,0.008077458012849092,770686976,0.6328125
aa30a8d5c85be8d9,svhn,ssb-v2-block,mlp,protocol-v3,1.0,64,1,2,518,0.001454374985769391,0.008037958992645144,770703360,0.625
aa30a8d5c85be8d9,svhn,ssb-v2-block,mlp,protocol-v3,1.0,64,1,2,519,0.001419292006175965,0.008170959015842527,770703360,0.609375
aa30a8d5c85be8d9,svhn,ssb-v2-block,mlp,protocol-v3,1.0,64,1,2,520,0.0014532500063069165,0.008575166983064264,770703360,0.609375
aa30a8d5c85be8d9,svhn,ssb-v2-block,mlp,protocol-v3,1.0,64,1,2,521,0.001412374956998974,0.00809029198717326,770703360,0.578125
aa30a8d5c85be8d9,svhn,ssb-v2-block,mlp,protocol-v3,1.0,64,1,2,522,0.0014050829922780395,0.00806070800172165,770703360,0.53125
aa30a8d5c85be8d9,svhn,ssb-v2-block,mlp,protocol-v3,1.0,64,1,2,523,0.0014257910079322755,0.007923833967652172,770703360,0.6171875
aa30a8d5c85be8d9,svhn,ssb-v2-block,mlp,protocol-v3,1.0,64,1,2,524,0.0014087920426391065,0.008001625014003366,770703360,0.609375
aa30a8d5c85be8d9,svhn,ssb-v2-block,mlp,protocol-v3,1.0,64,1,2,525,0.0014541659620590508,0.007945624995045364,770719744,0.5859375
aa30a8d5c85be8d9,svhn,ssb-v2-block,mlp,protocol-v3,1.0,64,1,2,526,0.0013920829514972866,0.00810616696253419,770719744,0.546875
aa30a8d5c85be8d9,svhn,ssb-v2-block,mlp,protocol-v3,1.0,64,1,2,527,0.0014714589924551547,0.008155541028827429,770719744,0.6328125
aa30a8d5c85be8d9,svhn,ssb-v2-block,mlp,protocol-v3,1.0,64,1,2,528,0.0014354169834405184,0.008079708961304277,770719744,0.6015625
aa30a8d5c85be8d9,svhn,ssb-v2-block,mlp,protocol-v3,1.0,64,1,2,529,0.0014614589745178819,0.008096666948404163,770736128,0.5
aa30a8d5c85be8d9,svhn,ssb-v2-block,mlp,protocol-v3,1.0,64,1,2,530,0.0014101670240052044,0.008092915988527238,770736128,0.65625
aa30a8d5c85be8d9,svhn,ssb-v2-block,mlp,protocol-v3,1.0,64,1,2,531,0.0014509590109810233,0.00810224999440834,770736128,0.6171875
aa30a8d5c85be8d9,svhn,ssb-v2-block,mlp,protocol-v3,1.0,64,1,2,532,0.0014939170214347541,0.008082708052825183,770736128,0.5625
aa30a8d5c85be8d9,svhn,ssb-v2-block,mlp,protocol-v3,1.0,64,1,2,533,0.0014194590039551258,0.008099665981717408,770736128,0.609375
aa30a8d5c85be8d9,svhn,ssb-v2-block,mlp,protocol-v3,1.0,64,1,2,534,0.0014362920192070305,0.007910499989520758,770736128,0.6171875
aa30a8d5c85be8d9,svhn,ssb-v2-block,mlp,protocol-v3,1.0,64,1,2,535,0.0014178340206854045,0.008059624989982694,770736128,0.6171875
aa30a8d5c85be8d9,svhn,ssb-v2-block,mlp,protocol-v3,1.0,64,1,2,536,0.0014288750244304538,0.008140999998431653,770736128,0.515625
aa30a8d5c85be8d9,svhn,ssb-v2-block,mlp,protocol-v3,1.0,64,1,2,537,0.0014447499997913837,0.008121374994516373,770752512,0.6328125
aa30a8d5c85be8d9,svhn,ssb-v2-block,mlp,protocol-v3,1.0,64,1,2,538,0.0014781669597141445,0.008110166003461927,770752512,0.640625
aa30a8d5c85be8d9,svhn,ssb-v2-block,mlp,protocol-v3,1.0,64,1,2,539,0.0014266250072978437,0.008048333984334022,770752512,0.7265625
aa30a8d5c85be8d9,svhn,ssb-v2-block,mlp,protocol-v3,1.0,64,1,2,540,0.0014392500161193311,0.008128084009513259,770752512,0.5859375
aa30a8d5c85be8d9,svhn,ssb-v2-block,mlp,protocol-v3,1.0,64,1,2,541,0.0014626250485889614,0.008033042016904801,770768896,0.6171875
aa30a8d5c85be8d9,svhn,ssb-v2-block,mlp,protocol-v3,1.0,64,1,2,542,0.0014258340233936906,0.007942458032630384,770768896,0.6015625
aa30a8d5c85be8d9,svhn,ssb-v2-block,mlp,protocol-v3,1.0,64,1,2,543,0.0014846670092083514,0.008353792014531791,770768896,0.640625
aa30a8d5c85be8d9,svhn,ssb-v2-block,mlp,protocol-v3,1.0,64,1,2,544,0.0013969580177217722,0.008006541000213474,770785280,0.671875
aa30a8d5c85be8d9,svhn,ssb-v2-block,mlp,protocol-v3,1.0,64,1,2,545,0.0014525839942507446,0.008129584020934999,770785280,0.6171875
aa30a8d5c85be8d9,svhn,ssb-v2-block,mlp,protocol-v3,1.0,64,1,2,546,0.001426833972800523,0.008092375006526709,770785280,0.6328125
aa30a8d5c85be8d9,svhn,ssb-v2-block,mlp,protocol-v3,1.0,64,1,2,547,0.0014346249517984688,0.008138665987644345,770785280,0.7265625
aa30a8d5c85be8d9,svhn,ssb-v2-block,mlp,protocol-v3,1.0,64,1,2,548,0.001479000027757138,0.007968166028149426,770785280,0.6328125
aa30a8d5c85be8d9,svhn,ssb-v2-block,mlp,protocol-v3,1.0,64,1,2,549,0.0014132920186966658,0.008154249982908368,770785280,0.65625
aa30a8d5c85be8d9,svhn,ssb-v2-block,mlp,protocol-v3,1.0,64,1,2,550,0.0014138749684207141,0.008132541959639639,770801664,0.671875
aa30a8d5c85be8d9,svhn,ssb-v2-block,mlp,protocol-v3,1.0,64,1,2,551,0.0014404169633053243,0.00809999997727573,770801664,0.640625
aa30a8d5c85be8d9,svhn,ssb-v2-block,mlp,protocol-v3,1.0,64,1,2,552,0.0014150839997455478,0.007993915991391987,770801664,0.6171875
aa30a8d5c85be8d9,svhn,ssb-v2-block,mlp,protocol-v3,1.0,64,1,2,553,0.0014760830090381205,0.008021624991670251,770801664,0.578125
aa30a8d5c85be8d9,svhn,ssb-v2-block,mlp,protocol-v3,1.0,64,1,2,554,0.0014136250247247517,0.007980334048625082,770801664,0.59375
aa30a8d5c85be8d9,svhn,ssb-v2-block,mlp,protocol-v3,1.0,64,1,2,555,0.0014630419900640845,0.008025666000321507,770801664,0.671875
aa30a8d5c85be8d9,svhn,ssb-v2-block,mlp,protocol-v3,1.0,64,1,2,556,0.001475374971050769,0.008200958021916449,770801664,0.6796875
aa30a8d5c85be8d9,svhn,ssb-v2-block,mlp,protocol-v3,1.0,64,1,2,557,0.0014709579991176724,0.00813495897455141,770818048,0.640625
aa30a8d5c85be8d9,svhn,ssb-v2-block,mlp,protocol-v3,1.0,64,1,2,558,0.001461207983084023,0.008071790973190218,770818048,0.6640625
aa30a8d5c85be8d9,svhn,ssb-v2-block,mlp,protocol-v3,1.0,64,1,2,559,0.0014529170002788305,0.00824333296623081,770818048,0.5078125
aa30a8d5c85be8d9,svhn,ssb-v2-block,mlp,protocol-v3,1.0,64,1,2,560,0.0014682500041089952,0.008156707976013422,770834432,0.65625
aa30a8d5c85be8d9,svhn,ssb-v2-block,mlp,protocol-v3,1.0,64,1,2,561,0.0014621249865740538,0.008070542011409998,770834432,0.671875
aa30a8d5c85be8d9,svhn,ssb-v2-block,mlp,protocol-v3,1.0,64,1,2,562,0.001410875003784895,0.008085166977252811,770834432,0.5703125
aa30a8d5c85be8d9,svhn,ssb-v2-block,mlp,protocol-v3,1.0,64,1,2,563,0.0013972499873489141,0.008088124974165112,770834432,0.6640625
aa30a8d5c85be8d9,svhn,ssb-v2-block,mlp,protocol-v3,1.0,64,1,2,564,0.0014092919882386923,0.007982458977494389,770850816,0.625
aa30a8d5c85be8d9,svhn,ssb-v2-block,mlp,protocol-v3,1.0,64,1,2,565,0.0014150420320220292,0.00819566601421684,770850816,0.6484375
aa30a8d5c85be8d9,svhn,ssb-v2-block,mlp,protocol-v3,1.0,64,1,2,566,0.0014737080200575292,0.008170665998477489,770850816,0.6328125
aa30a8d5c85be8d9,svhn,ssb-v2-block,mlp,protocol-v3,1.0,64,1,2,567,0.0014156249817460775,0.008161708014085889,770850816,0.59375
aa30a8d5c85be8d9,svhn,ssb-v2-block,mlp,protocol-v3,1.0,64,1,2,568,0.0014696670114062726,0.007991084014065564,770850816,0.5859375
aa30a8d5c85be8d9,svhn,ssb-v2-block,mlp,protocol-v3,1.0,64,1,2,569,0.0014099580002948642,0.00804870796855539,770867200,0.59375
aa30a8d5c85be8d9,svhn,ssb-v2-block,mlp,protocol-v3,1.0,64,1,2,570,0.0014153340016491711,0.00804129196330905,770867200,0.6328125
aa30a8d5c85be8d9,svhn,ssb-v2-block,mlp,protocol-v3,1.0,64,1,2,571,0.0014175830292515457,0.008060624997597188,770867200,0.6015625
aa30a8d5c85be8d9,svhn,ssb-v2-block,mlp,protocol-v3,1.0,64,1,2,572,0.001157499966211617,0.007382042007520795,769835008,0.6097560975609756
aa30a8d5c85be8d9,svhn,ssb-v2-block,mlp,protocol-v3,1.0,64,1,3,0,0.001526416977867484,0.008411874994635582,771112960,0.65625
aa30a8d5c85be8d9,svhn,ssb-v2-block,mlp,protocol-v3,1.0,64,1,3,1,0.001855375012382865,0.008305083028972149,771112960,0.671875
aa30a8d5c85be8d9,svhn,ssb-v2-block,mlp,protocol-v3,1.0,64,1,3,2,0.0014484169660136104,0.00824787502642721,771112960,0.609375
aa30a8d5c85be8d9,svhn,ssb-v2-block,mlp,protocol-v3,1.0,64,1,3,3,0.0014835409820079803,0.008199583971872926,771129344,0.6328125
aa30a8d5c85be8d9,svhn,ssb-v2-block,mlp,protocol-v3,1.0,64,1,3,4,0.0014355829916894436,0.008058958046603948,771145728,0.578125
aa30a8d5c85be8d9,svhn,ssb-v2-block,mlp,protocol-v3,1.0,64,1,3,5,0.0014386249822564423,0.008169874956365675,771145728,0.6640625
aa30a8d5c85be8d9,svhn,ssb-v2-block,mlp,protocol-v3,1.0,64,1,3,6,0.0014574590022675693,0.008074291981756687,771145728,0.578125
aa30a8d5c85be8d9,svhn,ssb-v2-block,mlp,protocol-v3,1.0,64,1,3,7,0.001450791023671627,0.00805945903994143,771162112,0.578125
aa30a8d5c85be8d9,svhn,ssb-v2-block,mlp,protocol-v3,1.0,64,1,3,8,0.0014415000332519412,0.008153416973073035,771162112,0.6015625
aa30a8d5c85be8d9,svhn,ssb-v2-block,mlp,protocol-v3,1.0,64,1,3,9,0.0014650410157628357,0.008115625008940697,771162112,0.6171875
aa30a8d5c85be8d9,svhn,ssb-v2-block,mlp,protocol-v3,1.0,64,1,3,10,0.0014212500536814332,0.007992041006218642,771162112,0.6875
aa30a8d5c85be8d9,svhn,ssb-v2-block,mlp,protocol-v3,1.0,64,1,3,11,0.0014439160004258156,0.008248416997957975,771162112,0.640625
aa30a8d5c85be8d9,svhn,ssb-v2-block,mlp,protocol-v3,1.0,64,1,3,12,0.001426416973117739,0.008148458029609174,771162112,0.6171875
aa30a8d5c85be8d9,svhn,ssb-v2-block,mlp,protocol-v3,1.0,64,1,3,13,0.0014834169996902347,0.00808033300563693,771162112,0.671875
aa30a8d5c85be8d9,svhn,ssb-v2-block,mlp,protocol-v3,1.0,64,1,3,14,0.001428959018085152,0.008198458002880216,771194880,0.5703125
aa30a8d5c85be8d9,svhn,ssb-v2-block,mlp,protocol-v3,1.0,64,1,3,15,0.0015157919842749834,0.00803666701540351,771194880,0.59375
aa30a8d5c85be8d9,svhn,ssb-v2-block,mlp,protocol-v3,1.0,64,1,3,16,0.0014613749808631837,0.008109583053737879,771194880,0.5703125
aa30a8d5c85be8d9,svhn,ssb-v2-block,mlp,protocol-v3,1.0,64,1,3,17,0.0014197919517755508,0.008171624969691038,771194880,0.6640625
aa30a8d5c85be8d9,svhn,ssb-v2-block,mlp,protocol-v3,1.0,64,1,3,18,0.0013882920029573143,0.008149417000822723,771194880,0.5703125
aa30a8d5c85be8d9,svhn,ssb-v2-block,mlp,protocol-v3,1.0,64,1,3,19,0.0013872919953428209,0.008167500025592744,771194880,0.640625
aa30a8d5c85be8d9,svhn,ssb-v2-block,mlp,protocol-v3,1.0,64,1,3,20,0.001490540977101773,0.00807366700610146,771194880,0.6171875
aa30a8d5c85be8d9,svhn,ssb-v2-block,mlp,protocol-v3,1.0,64,1,3,21,0.0014865840203128755,0.008129708003252745,771211264,0.65625
aa30a8d5c85be8d9,svhn,ssb-v2-block,mlp,protocol-v3,1.0,64,1,3,22,0.0014648340293206275,0.008108875015750527,771211264,0.59375
aa30a8d5c85be8d9,svhn,ssb-v2-block,mlp,protocol-v3,1.0,64,1,3,23,0.0014932499616406858,0.00805995799601078,771211264,0.6875
aa30a8d5c85be8d9,svhn,ssb-v2-block,mlp,protocol-v3,1.0,64,1,3,24,0.0014272499829530716,0.008211457985453308,771227648,0.65625
aa30a8d5c85be8d9,svhn,ssb-v2-block,mlp,protocol-v3,1.0,64,1,3,25,0.0014791249996051192,0.008096291974652559,771244032,0.6484375
aa30a8d5c85be8d9,svhn,ssb-v2-block,mlp,protocol-v3,1.0,64,1,3,26,0.0014512080233544111,0.0081597919925116,771244032,0.640625
aa30a8d5c85be8d9,svhn,ssb-v2-block,mlp,protocol-v3,1.0,64,1,3,27,0.001451415999326855,0.008122334023937583,771244032,0.5859375
aa30a8d5c85be8d9,svhn,ssb-v2-block,mlp,protocol-v3,1.0,64,1,3,28,0.0014575409586541355,0.008123457955662161,771244032,0.625
aa30a8d5c85be8d9,svhn,ssb-v2-block,mlp,protocol-v3,1.0,64,1,3,29,0.001500333019066602,0.008084208995569497,771244032,0.640625
aa30a8d5c85be8d9,svhn,ssb-v2-block,mlp,protocol-v3,1.0,64,1,3,30,0.0014617919805459678,0.008136167016346008,771244032,0.609375
aa30a8d5c85be8d9,svhn,ssb-v2-block,mlp,protocol-v3,1.0,64,1,3,31,0.001434125006198883,0.007950250001158565,771244032,0.609375
aa30a8d5c85be8d9,svhn,ssb-v2-block,mlp,protocol-v3,1.0,64,1,3,32,0.0014667089562863111,0.008203374978620559,771244032,0.6640625
aa30a8d5c85be8d9,svhn,ssb-v2-block,mlp,protocol-v3,1.0,64,1,3,33,0.0014223750331439078,0.008034333004616201,771244032,0.703125
aa30a8d5c85be8d9,svhn,ssb-v2-block,mlp,protocol-v3,1.0,64,1,3,34,0.0014522080309689045,0.008113000018056482,771244032,0.625
aa30a8d5c85be8d9,svhn,ssb-v2-block,mlp,protocol-v3,1.0,64,1,3,35,0.0014559999690391123,0.008124958025291562,771244032,0.625
aa30a8d5c85be8d9,svhn,ssb-v2-block,mlp,protocol-v3,1.0,64,1,3,36,0.0014197499840520322,0.00806091702543199,771244032,0.5625
aa30a8d5c85be8d9,svhn,ssb-v2-block,mlp,protocol-v3,1.0,64,1,3,37,0.0014748329995200038,0.00807254103710875,771244032,0.625
aa30a8d5c85be8d9,svhn,ssb-v2-block,mlp,protocol-v3,1.0,64,1,3,38,0.0014092079945839942,0.008066250011324883,771244032,0.6796875
aa30a8d5c85be8d9,svhn,ssb-v2-block,mlp,protocol-v3,1.0,64,1,3,39,0.0014431250165216625,0.008070041018072516,771244032,0.640625
aa30a8d5c85be8d9,svhn,ssb-v2-block,mlp,protocol-v3,1.0,64,1,3,40,0.0014307910460047424,0.008258040994405746,771244032,0.6640625
aa30a8d5c85be8d9,svhn,ssb-v2-block,mlp,protocol-v3,1.0,64,1,3,41,0.0014837500057183206,0.008092582982499152,771244032,0.625
aa30a8d5c85be8d9,svhn,ssb-v2-block,mlp,protocol-v3,1.0,64,1,3,42,0.0014727500383742154,0.008117166988085955,771244032,0.65625
aa30a8d5c85be8d9,svhn,ssb-v2-block,mlp,protocol-v3,1.0,64,1,3,43,0.0013615000061690807,0.008147166983690113,771244032,0.6875
aa30a8d5c85be8d9,svhn,ssb-v2-block,mlp,protocol-v3,1.0,64,1,3,44,0.0014797920011915267,0.007988666999153793,771244032,0.6875
aa30a8d5c85be8d9,svhn,ssb-v2-block,mlp,protocol-v3,1.0,64,1,3,45,0.0014237920404411852,0.008574457955546677,771244032,0.5546875
aa30a8d5c85be8d9,svhn,ssb-v2-block,mlp,protocol-v3,1.0,64,1,3,46,0.0013777500134892762,0.007983208983205259,771244032,0.6484375
aa30a8d5c85be8d9,svhn,ssb-v2-block,mlp,protocol-v3,1.0,64,1,3,47,0.0014727909583598375,0.008172208035830408,771260416,0.578125
aa30a8d5c85be8d9,svhn,ssb-v2-block,mlp,protocol-v3,1.0,64,1,3,48,0.001555625000037253,0.00922524998895824,771260416,0.65625
aa30a8d5c85be8d9,svhn,ssb-v2-block,mlp,protocol-v3,1.0,64,1,3,49,0.0018577920272946358,0.009662875032518059,771260416,0.578125
aa30a8d5c85be8d9,svhn,ssb-v2-block,mlp,protocol-v3,1.0,64,1,3,50,0.0017259590094909072,0.010096499987412244,771260416,0.6484375
aa30a8d5c85be8d9,svhn,ssb-v2-block,mlp,protocol-v3,1.0,64,1,3,51,0.0019017920130863786,0.010162958991713822,771260416,0.59375
aa30a8d5c85be8d9,svhn,ssb-v2-block,mlp,protocol-v3,1.0,64,1,3,52,0.0019468339742161334,0.01060562499333173,771260416,0.7109375
aa30a8d5c85be8d9,svhn,ssb-v2-block,mlp,protocol-v3,1.0,64,1,3,53,0.0019303750013932586,0.010436624987050891,771260416,0.6796875
aa30a8d5c85be8d9,svhn,ssb-v2-block,mlp,protocol-v3,1.0,64,1,3,54,0.001814084011130035,0.010340250039007515,771260416,0.609375
aa30a8d5c85be8d9,svhn,ssb-v2-block,mlp,protocol-v3,1.0,64,1,3,55,0.001619374961592257,0.009320707991719246,771276800,0.7109375
aa30a8d5c85be8d9,svhn,ssb-v2-block,mlp,protocol-v3,1.0,64,1,3,56,0.0014767919783480465,0.008009625016711652,771276800,0.6484375
aa30a8d5c85be8d9,svhn,ssb-v2-block,mlp,protocol-v3,1.0,64,1,3,57,0.0013837090227752924,0.00827716599451378,771293184,0.6640625
aa30a8d5c85be8d9,svhn,ssb-v2-block,mlp,protocol-v3,1.0,64,1,3,58,0.0014247079961933196,0.008157707983627915,771293184,0.6875
aa30a8d5c85be8d9,svhn,ssb-v2-block,mlp,protocol-v3,1.0,64,1,3,59,0.0014335000305436552,0.008101167040877044,771293184,0.640625
aa30a8d5c85be8d9,svhn,ssb-v2-block,mlp,protocol-v3,1.0,64,1,3,60,0.001441999978851527,0.00814237497979775,771293184,0.609375
aa30a8d5c85be8d9,svhn,ssb-v2-block,mlp,protocol-v3,1.0,64,1,3,61,0.00150787498569116,0.008387375040911138,771309568,0.6875
aa30a8d5c85be8d9,svhn,ssb-v2-block,mlp,protocol-v3,1.0,64,1,3,62,0.0014224580372683704,0.008073250006418675,771309568,0.6171875
aa30a8d5c85be8d9,svhn,ssb-v2-block,mlp,protocol-v3,1.0,64,1,3,63,0.00148079200880602,0.008054582984186709,771309568,0.6015625
aa30a8d5c85be8d9,svhn,ssb-v2-block,mlp,protocol-v3,1.0,64,1,3,64,0.0014689170056954026,0.00806837499840185,771309568,0.6328125
aa30a8d5c85be8d9,svhn,ssb-v2-block,mlp,protocol-v3,1.0,64,1,3,65,0.0014488750020973384,0.008084583037998527,771309568,0.6875
aa30a8d5c85be8d9,svhn,ssb-v2-block,mlp,protocol-v3,1.0,64,1,3,66,0.0015133750275708735,0.0080555000458844,771309568,0.6640625
aa30a8d5c85be8d9,svhn,ssb-v2-block,mlp,protocol-v3,1.0,64,1,3,67,0.001432958000805229,0.008041458029765636,771309568,0.6953125
aa30a8d5c85be8d9,svhn,ssb-v2-block,mlp,protocol-v3,1.0,64,1,3,68,0.0014360420173034072,0.007984417024999857,771309568,0.6484375
aa30a8d5c85be8d9,svhn,ssb-v2-block,mlp,protocol-v3,1.0,64,1,3,69,0.0014162090374156833,0.00807866599643603,771309568,0.734375
aa30a8d5c85be8d9,svhn,ssb-v2-block,mlp,protocol-v3,1.0,64,1,3,70,0.0014186660409905016,0.00801104202400893,771309568,0.6953125
aa30a8d5c85be8d9,svhn,ssb-v2-block,mlp,protocol-v3,1.0,64,1,3,71,0.001439583022147417,0.008070042007602751,771309568,0.6171875
aa30a8d5c85be8d9,svhn,ssb-v2-block,mlp,protocol-v3,1.0,64,1,3,72,0.0014251249958761036,0.00813458301126957,771325952,0.6796875
aa30a8d5c85be8d9,svhn,ssb-v2-block,mlp,protocol-v3,1.0,64,1,3,73,0.001461584004573524,0.008042040979489684,771325952,0.59375
aa30a8d5c85be8d9,svhn,ssb-v2-block,mlp,protocol-v3,1.0,64,1,3,74,0.0015244579990394413,0.008097874990198761,771325952,0.6171875
aa30a8d5c85be8d9,svhn,ssb-v2-block,mlp,protocol-v3,1.0,64,1,3,75,0.0014252499677240849,0.007996375032234937,771342336,0.6171875
aa30a8d5c85be8d9,svhn,ssb-v2-block,mlp,protocol-v3,1.0,64,1,3,76,0.0014167079934850335,0.00824649998685345,771342336,0.65625
aa30a8d5c85be8d9,svhn,ssb-v2-block,mlp,protocol-v3,1.0,64,1,3,77,0.0014173340168781579,0.008173042035195976,771342336,0.6953125
aa30a8d5c85be8d9,svhn,ssb-v2-block,mlp,protocol-v3,1.0,64,1,3,78,0.0014589580241590738,0.007971624960191548,771342336,0.703125
aa30a8d5c85be8d9,svhn,ssb-v2-block,mlp,protocol-v3,1.0,64,1,3,79,0.0014455419732257724,0.007927500002551824,771342336,0.609375
aa30a8d5c85be8d9,svhn,ssb-v2-block,mlp,protocol-v3,1.0,64,1,3,80,0.0014165419852361083,0.008062083972617984,771342336,0.59375
aa30a8d5c85be8d9,svhn,ssb-v2-block,mlp,protocol-v3,1.0,64,1,3,81,0.0013979169889353216,0.008600459026638418,771342336,0.625
aa30a8d5c85be8d9,svhn,ssb-v2-block,mlp,protocol-v3,1.0,64,1,3,82,0.0014381249784491956,0.008507625025231391,771342336,0.6484375
aa30a8d5c85be8d9,svhn,ssb-v2-block,mlp,protocol-v3,1.0,64,1,3,83,0.0014158749836497009,0.008037791994865984,771342336,0.6328125
aa30a8d5c85be8d9,svhn,ssb-v2-block,mlp,protocol-v3,1.0,64,1,3,84,0.001429333002306521,0.008116125012747943,771342336,0.5703125
aa30a8d5c85be8d9,svhn,ssb-v2-block,mlp,protocol-v3,1.0,64,1,3,85,0.001443208020646125,0.008044707996305078,771358720,0.609375
aa30a8d5c85be8d9,svhn,ssb-v2-block,mlp,protocol-v3,1.0,64,1,3,86,0.001421875029336661,0.008561209018807858,771358720,0.640625
aa30a8d5c85be8d9,svhn,ssb-v2-block,mlp,protocol-v3,1.0,64,1,3,87,0.0014310829574242234,0.008103291969746351,771358720,0.6484375
aa30a8d5c85be8d9,svhn,ssb-v2-block,mlp,protocol-v3,1.0,64,1,3,88,0.0014107089955359697,0.00814166700001806,771358720,0.65625
aa30a8d5c85be8d9,svhn,ssb-v2-block,mlp,protocol-v3,1.0,64,1,3,89,0.0014402910019271076,0.008124084037262946,771358720,0.640625
aa30a8d5c85be8d9,svhn,ssb-v2-block,mlp,protocol-v3,1.0,64,1,3,90,0.0014563339645974338,0.007989292033016682,771375104,0.6484375
aa30a8d5c85be8d9,svhn,ssb-v2-block,mlp,protocol-v3,1.0,64,1,3,91,0.0014390000142157078,0.008029707998503,771375104,0.6328125
aa30a8d5c85be8d9,svhn,ssb-v2-block,mlp,protocol-v3,1.0,64,1,3,92,0.0014060839894227684,0.008132916002068669,771375104,0.6875
aa30a8d5c85be8d9,svhn,ssb-v2-block,mlp,protocol-v3,1.0,64,1,3,93,0.001422041968908161,0.008053915982600302,771375104,0.65625
aa30a8d5c85be8d9,svhn,ssb-v2-block,mlp,protocol-v3,1.0,64,1,3,94,0.0014773340080864727,0.007996000000275671,771375104,0.640625
aa30a8d5c85be8d9,svhn,ssb-v2-block,mlp,protocol-v3,1.0,64,1,3,95,0.0014289160026237369,0.008059874991886318,771375104,0.6015625
aa30a8d5c85be8d9,svhn,ssb-v2-block,mlp,protocol-v3,1.0,64,1,3,96,0.0014770409907214344,0.008240707975346595,771375104,0.6484375
aa30a8d5c85be8d9,svhn,ssb-v2-block,mlp,protocol-v3,1.0,64,1,3,97,0.001463000022340566,0.008055416983552277,771375104,0.703125
aa30a8d5c85be8d9,svhn,ssb-v2-block,mlp,protocol-v3,1.0,64,1,3,98,0.001424624992068857,0.008305541996378452,771375104,0.6640625
aa30a8d5c85be8d9,svhn,ssb-v2-block,mlp,protocol-v3,1.0,64,1,3,99,0.0014427920104935765,0.008299582987092435,771375104,0.6796875
aa30a8d5c85be8d9,svhn,ssb-v2-block,mlp,protocol-v3,1.0,64,1,3,100,0.0014180410071276128,0.008665542001836002,771391488,0.578125
aa30a8d5c85be8d9,svhn,ssb-v2-block,mlp,protocol-v3,1.0,64,1,3,101,0.0014487919979728758,0.008126083004754037,771407872,0.671875
aa30a8d5c85be8d9,svhn,ssb-v2-block,mlp,protocol-v3,1.0,64,1,3,102,0.0014686249778605998,0.008008667035028338,771407872,0.5703125
aa30a8d5c85be8d9,svhn,ssb-v2-block,mlp,protocol-v3,1.0,64,1,3,103,0.0013770420337095857,0.008131333976052701,771407872,0.671875
aa30a8d5c85be8d9,svhn,ssb-v2-block,mlp,protocol-v3,1.0,64,1,3,104,0.0014193750103004277,0.008117749996017665,771407872,0.6015625
aa30a8d5c85be8d9,svhn,ssb-v2-block,mlp,protocol-v3,1.0,64,1,3,105,0.0014609579811803997,0.008142083999700844,771407872,0.65625
aa30a8d5c85be8d9,svhn,ssb-v2-block,mlp,protocol-v3,1.0,64,1,3,106,0.0014092089841142297,0.008111750008538365,771407872,0.625
aa30a8d5c85be8d9,svhn,ssb-v2-block,mlp,protocol-v3,1.0,64,1,3,107,0.001433290948625654,0.008094499993603677,771407872,0.671875
aa30a8d5c85be8d9,svhn,ssb-v2-block,mlp,protocol-v3,1.0,64,1,3,108,0.0014647500356659293,0.008257458044681698,771407872,0.6640625
aa30a8d5c85be8d9,svhn,ssb-v2-block,mlp,protocol-v3,1.0,64,1,3,109,0.0014049580204300582,0.008149292028974742,771407872,0.6953125
aa30a8d5c85be8d9,svhn,ssb-v2-block,mlp,protocol-v3,1.0,64,1,3,110,0.0014738329919055104,0.007965208031237125,771407872,0.578125
aa30a8d5c85be8d9,svhn,ssb-v2-block,mlp,protocol-v3,1.0,64,1,3,111,0.0014204169856384397,0.007972707971930504,771407872,0.6171875
aa30a8d5c85be8d9,svhn,ssb-v2-block,mlp,protocol-v3,1.0,64,1,3,112,0.0014129159972071648,0.008071333984844387,771424256,0.5859375
aa30a8d5c85be8d9,svhn,ssb-v2-block,mlp,protocol-v3,1.0,64,1,3,113,0.001475333992857486,0.008076000027358532,771440640,0.6796875
aa30a8d5c85be8d9,svhn,ssb-v2-block,mlp,protocol-v3,1.0,64,1,3,114,0.0014280840405263007,0.008042458968702704,771440640,0.7109375
aa30a8d5c85be8d9,svhn,ssb-v2-block,mlp,protocol-v3,1.0,64,1,3,115,0.0014190000365488231,0.00811974995303899,771440640,0.625
aa30a8d5c85be8d9,svhn,ssb-v2-block,mlp,protocol-v3,1.0,64,1,3,116,0.0014779579942114651,0.008004416013136506,771440640,0.6640625
aa30a8d5c85be8d9,svhn,ssb-v2-block,mlp,protocol-v3,1.0,64,1,3,117,0.0014222500030882657,0.008051083015743643,771440640,0.7109375
aa30a8d5c85be8d9,svhn,ssb-v2-block,mlp,protocol-v3,1.0,64,1,3,118,0.0014141250285319984,0.007962249976117164,771440640,0.6640625
aa30a8d5c85be8d9,svhn,ssb-v2-block,mlp,protocol-v3,1.0,64,1,3,119,0.0014193329843692482,0.008169042004738003,771440640,0.640625
aa30a8d5c85be8d9,svhn,ssb-v2-block,mlp,protocol-v3,1.0,64,1,3,120,0.001445624977350235,0.008075250021647662,771440640,0.6796875
aa30a8d5c85be8d9,svhn,ssb-v2-block,mlp,protocol-v3,1.0,64,1,3,121,0.0014176670229062438,0.008103957981802523,771440640,0.6796875
aa30a8d5c85be8d9,svhn,ssb-v2-block,mlp,protocol-v3,1.0,64,1,3,122,0.0014653750113211572,0.008022624999284744,771440640,0.6875
aa30a8d5c85be8d9,svhn,ssb-v2-block,mlp,protocol-v3,1.0,64,1,3,123,0.001474957971367985,0.008103250002022833,771440640,0.5703125
aa30a8d5c85be8d9,svhn,ssb-v2-block,mlp,protocol-v3,1.0,64,1,3,124,0.0014241669559851289,0.008073167002294213,771457024,0.6875
aa30a8d5c85be8d9,svhn,ssb-v2-block,mlp,protocol-v3,1.0,64,1,3,125,0.0014765829546377063,0.008050666016060859,771473408,0.65625
aa30a8d5c85be8d9,svhn,ssb-v2-block,mlp,protocol-v3,1.0,64,1,3,126,0.0014428750146180391,0.00794016703730449,771473408,0.625
aa30a8d5c85be8d9,svhn,ssb-v2-block,mlp,protocol-v3,1.0,64,1,3,127,0.0014958750107325613,0.008218292030505836,771473408,0.671875
aa30a8d5c85be8d9,svhn,ssb-v2-block,mlp,protocol-v3,1.0,64,1,3,128,0.0014421669766306877,0.008137250028084964,771473408,0.6484375
aa30a8d5c85be8d9,svhn,ssb-v2-block,mlp,protocol-v3,1.0,64,1,3,129,0.0014317080494947731,0.008057625032961369,771473408,0.6171875
aa30a8d5c85be8d9,svhn,ssb-v2-block,mlp,protocol-v3,1.0,64,1,3,130,0.0014867079444229603,0.008056582999415696,771473408,0.6875
aa30a8d5c85be8d9,svhn,ssb-v2-block,mlp,protocol-v3,1.0,64,1,3,131,0.0014381659566424787,0.008201249991543591,771473408,0.671875
aa30a8d5c85be8d9,svhn,ssb-v2-block,mlp,protocol-v3,1.0,64,1,3,132,0.0014607500052079558,0.007932625012472272,771489792,0.6875
aa30a8d5c85be8d9,svhn,ssb-v2-block,mlp,protocol-v3,1.0,64,1,3,133,0.001440333027858287,0.00806470902170986,771489792,0.6796875
aa30a8d5c85be8d9,svhn,ssb-v2-block,mlp,protocol-v3,1.0,64,1,3,134,0.001463041000533849,0.008058083010837436,771489792,0.6796875
aa30a8d5c85be8d9,svhn,ssb-v2-block,mlp,protocol-v3,1.0,64,1,3,135,0.0014229590306058526,0.008215582987759262,771506176,0.6484375
aa30a8d5c85be8d9,svhn,ssb-v2-block,mlp,protocol-v3,1.0,64,1,3,136,0.0014345420058816671,0.008016959007363766,771506176,0.671875
aa30a8d5c85be8d9,svhn,ssb-v2-block,mlp,protocol-v3,1.0,64,1,3,137,0.001413875026628375,0.008052125049289316,771522560,0.7109375
aa30a8d5c85be8d9,svhn,ssb-v2-block,mlp,protocol-v3,1.0,64,1,3,138,0.0014647909556515515,0.00812274997588247,771522560,0.6484375
aa30a8d5c85be8d9,svhn,ssb-v2-block,mlp,protocol-v3,1.0,64,1,3,139,0.0014606249751523137,0.008066208043601364,771522560,0.609375
aa30a8d5c85be8d9,svhn,ssb-v2-block,mlp,protocol-v3,1.0,64,1,3,140,0.0014112499775364995,0.00801533303456381,771522560,0.6796875
aa30a8d5c85be8d9,svhn,ssb-v2-block,mlp,protocol-v3,1.0,64,1,3,141,0.0014322080533020198,0.008022124995477498,771522560,0.625
aa30a8d5c85be8d9,svhn,ssb-v2-block,mlp,protocol-v3,1.0,64,1,3,142,0.001428333984222263,0.008111041970551014,771522560,0.6640625
aa30a8d5c85be8d9,svhn,ssb-v2-block,mlp,protocol-v3,1.0,64,1,3,143,0.00138412497472018,0.008225334051530808,771522560,0.640625
aa30a8d5c85be8d9,svhn,ssb-v2-block,mlp,protocol-v3,1.0,64,1,3,144,0.0014664999907836318,0.008133540977723897,771522560,0.65625
aa30a8d5c85be8d9,svhn,ssb-v2-block,mlp,protocol-v3,1.0,64,1,3,145,0.0014850830193609,0.008142125036101788,771522560,0.7578125
aa30a8d5c85be8d9,svhn,ssb-v2-block,mlp,protocol-v3,1.0,64,1,3,146,0.0014174170210026205,0.007971292012371123,771522560,0.6328125
aa30a8d5c85be8d9,svhn,ssb-v2-block,mlp,protocol-v3,1.0,64,1,3,147,0.0014353330479934812,0.00805829104501754,771522560,0.7109375
aa30a8d5c85be8d9,svhn,ssb-v2-block,mlp,protocol-v3,1.0,64,1,3,148,0.0014217080315575004,0.008120291982777417,771522560,0.75
aa30a8d5c85be8d9,svhn,ssb-v2-block,mlp,protocol-v3,1.0,64,1,3,149,0.0015215840539894998,0.008086334040854126,771522560,0.578125
aa30a8d5c85be8d9,svhn,ssb-v2-block,mlp,protocol-v3,1.0,64,1,3,150,0.0014603750314563513,0.00817420898238197,771522560,0.6171875
aa30a8d5c85be8d9,svhn,ssb-v2-block,mlp,protocol-v3,1.0,64,1,3,151,0.0014292080304585397,0.008127500012051314,771522560,0.59375
aa30a8d5c85be8d9,svhn,ssb-v2-block,mlp,protocol-v3,1.0,64,1,3,152,0.001450332987587899,0.00812274997588247,771522560,0.609375
aa30a8d5c85be8d9,svhn,ssb-v2-block,mlp,protocol-v3,1.0,64,1,3,153,0.0014230000087991357,0.008070874959230423,771538944,0.65625
aa30a8d5c85be8d9,svhn,ssb-v2-block,mlp,protocol-v3,1.0,64,1,3,154,0.0014263329794630408,0.00806766701862216,771555328,0.6796875
aa30a8d5c85be8d9,svhn,ssb-v2-block,mlp,protocol-v3,1.0,64,1,3,155,0.001445709029212594,0.008155417046509683,771555328,0.6171875
aa30a8d5c85be8d9,svhn,ssb-v2-block,mlp,protocol-v3,1.0,64,1,3,156,0.001432000019121915,0.008110208029393107,771555328,0.59375
aa30a8d5c85be8d9,svhn,ssb-v2-block,mlp,protocol-v3,1.0,64,1,3,157,0.0014144579763524234,0.008053208002820611,771555328,0.71875
aa30a8d5c85be8d9,svhn,ssb-v2-block,mlp,protocol-v3,1.0,64,1,3,158,0.0014556249952875078,0.008049125026445836,771555328,0.6796875
aa30a8d5c85be8d9,svhn,ssb-v2-block,mlp,protocol-v3,1.0,64,1,3,159,0.0014412500313483179,0.008264083007816225,771555328,0.6640625
aa30a8d5c85be8d9,svhn,ssb-v2-block,mlp,protocol-v3,1.0,64,1,3,160,0.001411625009495765,0.00826445798156783,771555328,0.765625
aa30a8d5c85be8d9,svhn,ssb-v2-block,mlp,protocol-v3,1.0,64,1,3,161,0.0014272920088842511,0.007906125043518841,771571712,0.703125
aa30a8d5c85be8d9,svhn,ssb-v2-block,mlp,protocol-v3,1.0,64,1,3,162,0.0014229589723981917,0.008071499993093312,771571712,0.625
aa30a8d5c85be8d9,svhn,ssb-v2-block,mlp,protocol-v3,1.0,64,1,3,163,0.0014251249958761036,0.00816783297341317,771571712,0.6640625
aa30a8d5c85be8d9,svhn,ssb-v2-block,mlp,protocol-v3,1.0,64,1,3,164,0.0014295839937403798,0.008225958968978375,771571712,0.6953125
aa30a8d5c85be8d9,svhn,ssb-v2-block,mlp,protocol-v3,1.0,64,1,3,165,0.0014291660045273602,0.008098874997813255,771588096,0.6328125
aa30a8d5c85be8d9,svhn,ssb-v2-block,mlp,protocol-v3,1.0,64,1,3,166,0.0014232919784262776,0.00810224999440834,771588096,0.671875
aa30a8d5c85be8d9,svhn,ssb-v2-block,mlp,protocol-v3,1.0,64,1,3,167,0.0014456670032814145,0.008160167024470866,771588096,0.59375
aa30a8d5c85be8d9,svhn,ssb-v2-block,mlp,protocol-v3,1.0,64,1,3,168,0.0014200840378180146,0.008115959004499018,771588096,0.59375
aa30a8d5c85be8d9,svhn,ssb-v2-block,mlp,protocol-v3,1.0,64,1,3,169,0.0014385840040631592,0.008065000001806766,771588096,0.6484375
aa30a8d5c85be8d9,svhn,ssb-v2-block,mlp,protocol-v3,1.0,64,1,3,170,0.0014212499954737723,0.008162750047631562,771588096,0.640625
aa30a8d5c85be8d9,svhn,ssb-v2-block,mlp,protocol-v3,1.0,64,1,3,171,0.0014321250491775572,0.008059999963734299,771588096,0.671875
aa30a8d5c85be8d9,svhn,ssb-v2-block,mlp,protocol-v3,1.0,64,1,3,172,0.0014086660230532289,0.008687458001077175,771588096,0.6875
aa30a8d5c85be8d9,svhn,ssb-v2-block,mlp,protocol-v3,1.0,64,1,3,173,0.0014817499904893339,0.008161332982126623,771588096,0.65625
aa30a8d5c85be8d9,svhn,ssb-v2-block,mlp,protocol-v3,1.0,64,1,3,174,0.0014436249621212482,0.008092665986623615,771588096,0.6953125
aa30a8d5c85be8d9,svhn,ssb-v2-block,mlp,protocol-v3,1.0,64,1,3,175,0.0014292080304585397,0.008204957994166762,771604480,0.6328125
aa30a8d5c85be8d9,svhn,ssb-v2-block,mlp,protocol-v3,1.0,64,1,3,176,0.001398583990521729,0.00810450001154095,771604480,0.625
aa30a8d5c85be8d9,svhn,ssb-v2-block,mlp,protocol-v3,1.0,64,1,3,177,0.0014282500487752259,0.008009375014808029,771620864,0.640625
aa30a8d5c85be8d9,svhn,ssb-v2-block,mlp,protocol-v3,1.0,64,1,3,178,0.0013875419972464442,0.008155707968398929,771620864,0.53125
aa30a8d5c85be8d9,svhn,ssb-v2-block,mlp,protocol-v3,1.0,64,1,3,179,0.0014889169833622873,0.008156249998137355,771620864,0.640625
aa30a8d5c85be8d9,svhn,ssb-v2-block,mlp,protocol-v3,1.0,64,1,3,180,0.0014672090183012187,0.008195375034119934,771620864,0.7109375
aa30a8d5c85be8d9,svhn,ssb-v2-block,mlp,protocol-v3,1.0,64,1,3,181,0.0014167909976094961,0.007981417002156377,771620864,0.5625
aa30a8d5c85be8d9,svhn,ssb-v2-block,mlp,protocol-v3,1.0,64,1,3,182,0.001464541011955589,0.00820483296411112,771620864,0.65625
aa30a8d5c85be8d9,svhn,ssb-v2-block,mlp,protocol-v3,1.0,64,1,3,183,0.0014204169856384397,0.008067583024967462,771620864,0.5703125
aa30a8d5c85be8d9,svhn,ssb-v2-block,mlp,protocol-v3,1.0,64,1,3,184,0.0014287079684436321,0.007987583987414837,771620864,0.6171875
aa30a8d5c85be8d9,svhn,ssb-v2-block,mlp,protocol-v3,1.0,64,1,3,185,0.001433375000488013,0.008063499990385026,771620864,0.6328125
aa30a8d5c85be8d9,svhn,ssb-v2-block,mlp,protocol-v3,1.0,64,1,3,186,0.001473833981435746,0.008253915992099792,771620864,0.5859375
aa30a8d5c85be8d9,svhn,ssb-v2-block,mlp,protocol-v3,1.0,64,1,3,187,0.0014317500172182918,0.008079249993897974,771620864,0.65625
aa30a8d5c85be8d9,svhn,ssb-v2-block,mlp,protocol-v3,1.0,64,1,3,188,0.0014682919718325138,0.008097083948086947,771620864,0.6015625
aa30a8d5c85be8d9,svhn,ssb-v2-block,mlp,protocol-v3,1.0,64,1,3,189,0.001441999978851527,0.008005874988157302,771637248,0.71875
aa30a8d5c85be8d9,svhn,ssb-v2-block,mlp,protocol-v3,1.0,64,1,3,190,0.0014320419868454337,0.008061291999183595,771637248,0.6171875
aa30a8d5c85be8d9,svhn,ssb-v2-block,mlp,protocol-v3,1.0,64,1,3,191,0.001423250010702759,0.00818520796019584,771670016,0.609375
aa30a8d5c85be8d9,svhn,ssb-v2-block,mlp,protocol-v3,1.0,64,1,3,192,0.001419292006175965,0.008111500006634742,771670016,0.609375
aa30a8d5c85be8d9,svhn,ssb-v2-block,mlp,protocol-v3,1.0,64,1,3,193,0.0014809580170549452,0.00800799997523427,771670016,0.546875
aa30a8d5c85be8d9,svhn,ssb-v2-block,mlp,protocol-v3,1.0,64,1,3,194,0.001453207980375737,0.008038208994548768,771670016,0.609375
aa30a8d5c85be8d9,svhn,ssb-v2-block,mlp,protocol-v3,1.0,64,1,3,195,0.001375791965983808,0.008015625004190952,771670016,0.59375
aa30a8d5c85be8d9,svhn,ssb-v2-block,mlp,protocol-v3,1.0,64,1,3,196,0.001417500025127083,0.008085375011432916,771670016,0.609375
aa30a8d5c85be8d9,svhn,ssb-v2-block,mlp,protocol-v3,1.0,64,1,3,197,0.0014379170024767518,0.008055125013925135,771670016,0.65625
aa30a8d5c85be8d9,svhn,ssb-v2-block,mlp,protocol-v3,1.0,64,1,3,198,0.001387000025715679,0.007948415994178504,771670016,0.6484375
aa30a8d5c85be8d9,svhn,ssb-v2-block,mlp,protocol-v3,1.0,64,1,3,199,0.0014722499763593078,0.00817566696787253,771670016,0.5390625
aa30a8d5c85be8d9,svhn,ssb-v2-block,mlp,protocol-v3,1.0,64,1,3,200,0.001410165976267308,0.008126042026560754,771670016,0.6015625
aa30a8d5c85be8d9,svhn,ssb-v2-block,mlp,protocol-v3,1.0,64,1,3,201,0.001476000004913658,0.008034083002712578,771670016,0.5703125
aa30a8d5c85be8d9,svhn,ssb-v2-block,mlp,protocol-v3,1.0,64,1,3,202,0.0014141659485176206,0.007988624973222613,771670016,0.5703125
aa30a8d5c85be8d9,svhn,ssb-v2-block,mlp,protocol-v3,1.0,64,1,3,203,0.0014121659914962947,0.008144458988681436,771670016,0.7109375
aa30a8d5c85be8d9,svhn,ssb-v2-block,mlp,protocol-v3,1.0,64,1,3,204,0.0015209169941954315,0.008389833034016192,771686400,0.7109375
aa30a8d5c85be8d9,svhn,ssb-v2-block,mlp,protocol-v3,1.0,64,1,3,205,0.0014192090020515025,0.008099875005427748,771686400,0.609375
aa30a8d5c85be8d9,svhn,ssb-v2-block,mlp,protocol-v3,1.0,64,1,3,206,0.0014669170486740768,0.008167666965164244,771686400,0.6328125
aa30a8d5c85be8d9,svhn,ssb-v2-block,mlp,protocol-v3,1.0,64,1,3,207,0.0014545829617418349,0.008117625024169683,771686400,0.6171875
aa30a8d5c85be8d9,svhn,ssb-v2-block,mlp,protocol-v3,1.0,64,1,3,208,0.0014281250187195837,0.008330792014021426,771686400,0.59375
aa30a8d5c85be8d9,svhn,ssb-v2-block,mlp,protocol-v3,1.0,64,1,3,209,0.001415250007994473,0.008076790953055024,771686400,0.4921875
aa30a8d5c85be8d9,svhn,ssb-v2-block,mlp,protocol-v3,1.0,64,1,3,210,0.0014288329984992743,0.008061584027018398,771686400,0.671875
aa30a8d5c85be8d9,svhn,ssb-v2-block,mlp,protocol-v3,1.0,64,1,3,211,0.0014662910252809525,0.008083875000011176,771686400,0.625
aa30a8d5c85be8d9,svhn,ssb-v2-block,mlp,protocol-v3,1.0,64,1,3,212,0.0014205839834176004,0.008267332974355668,771702784,0.6484375
aa30a8d5c85be8d9,svhn,ssb-v2-block,mlp,protocol-v3,1.0,64,1,3,213,0.001439874991774559,0.008012916950974613,771702784,0.6328125
aa30a8d5c85be8d9,svhn,ssb-v2-block,mlp,protocol-v3,1.0,64,1,3,214,0.001439834013581276,0.00819420802872628,771719168,0.625
aa30a8d5c85be8d9,svhn,ssb-v2-block,mlp,protocol-v3,1.0,64,1,3,215,0.001425666967406869,0.008004375034943223,771719168,0.6171875
aa30a8d5c85be8d9,svhn,ssb-v2-block,mlp,protocol-v3,1.0,64,1,3,216,0.0014561660354956985,0.00823383399983868,771735552,0.53125
aa30a8d5c85be8d9,svhn,ssb-v2-block,mlp,protocol-v3,1.0,64,1,3,217,0.0014148750342428684,0.008088040980510414,771751936,0.609375
aa30a8d5c85be8d9,svhn,ssb-v2-block,mlp,protocol-v3,1.0,64,1,3,218,0.0014647080097347498,0.008175875002052635,771751936,0.6328125
aa30a8d5c85be8d9,svhn,ssb-v2-block,mlp,protocol-v3,1.0,64,1,3,219,0.0014892079634591937,0.008523917000275105,771751936,0.671875
aa30a8d5c85be8d9,svhn,ssb-v2-block,mlp,protocol-v3,1.0,64,1,3,220,0.0014621670125052333,0.008117416989989579,771751936,0.6015625
aa30a8d5c85be8d9,svhn,ssb-v2-block,mlp,protocol-v3,1.0,64,1,3,221,0.0014717080048285425,0.008063833985943347,771751936,0.6171875
aa30a8d5c85be8d9,svhn,ssb-v2-block,mlp,protocol-v3,1.0,64,1,3,222,0.001428582996595651,0.008241707982961088,771751936,0.7578125
aa30a8d5c85be8d9,svhn,ssb-v2-block,mlp,protocol-v3,1.0,64,1,3,223,0.0014175410033203661,0.008062875014729798,771751936,0.609375
aa30a8d5c85be8d9,svhn,ssb-v2-block,mlp,protocol-v3,1.0,64,1,3,224,0.0014322499628178775,0.008121708000544459,771751936,0.5234375
aa30a8d5c85be8d9,svhn,ssb-v2-block,mlp,protocol-v3,1.0,64,1,3,225,0.0014353750157169998,0.008162665995769203,771751936,0.59375
aa30a8d5c85be8d9,svhn,ssb-v2-block,mlp,protocol-v3,1.0,64,1,3,226,0.0015561670297756791,0.008108457957860082,771751936,0.59375
aa30a8d5c85be8d9,svhn,ssb-v2-block,mlp,protocol-v3,1.0,64,1,3,227,0.001418416970409453,0.007991000020410866,771751936,0.6640625
aa30a8d5c85be8d9,svhn,ssb-v2-block,mlp,protocol-v3,1.0,64,1,3,228,0.0014415410114452243,0.008061791013460606,771751936,0.625
aa30a8d5c85be8d9,svhn,ssb-v2-block,mlp,protocol-v3,1.0,64,1,3,229,0.0014703330234624445,0.00806091702543199,771751936,0.671875
aa30a8d5c85be8d9,svhn,ssb-v2-block,mlp,protocol-v3,1.0,64,1,3,230,0.001562290999572724,0.008011917001567781,771751936,0.5859375
aa30a8d5c85be8d9,svhn,ssb-v2-block,mlp,protocol-v3,1.0,64,1,3,231,0.0014776670141145587,0.008273708983324468,771768320,0.59375
aa30a8d5c85be8d9,svhn,ssb-v2-block,mlp,protocol-v3,1.0,64,1,3,232,0.001473582990001887,0.007994082989171147,771768320,0.578125
aa30a8d5c85be8d9,svhn,ssb-v2-block,mlp,protocol-v3,1.0,64,1,3,233,0.0014517499948851764,0.0080841250019148,771768320,0.6484375
aa30a8d5c85be8d9,svhn,ssb-v2-block,mlp,protocol-v3,1.0,64,1,3,234,0.0014774170122109354,0.00823741703061387,771768320,0.6015625
aa30a8d5c85be8d9,svhn,ssb-v2-block,mlp,protocol-v3,1.0,64,1,3,235,0.0014476249925792217,0.008053167024627328,771768320,0.6953125
aa30a8d5c85be8d9,svhn,ssb-v2-block,mlp,protocol-v3,1.0,64,1,3,236,0.0014393749879673123,0.007956332992762327,771784704,0.671875
aa30a8d5c85be8d9,svhn,ssb-v2-block,mlp,protocol-v3,1.0,64,1,3,237,0.0014140830026008189,0.007993209001142532,771784704,0.6875
aa30a8d5c85be8d9,svhn,ssb-v2-block,mlp,protocol-v3,1.0,64,1,3,238,0.0014657500432804227,0.008099500031676143,771784704,0.671875
aa30a8d5c85be8d9,svhn,ssb-v2-block,mlp,protocol-v3,1.0,64,1,3,239,0.001417791994754225,0.008055207959841937,771784704,0.671875
aa30a8d5c85be8d9,svhn,ssb-v2-block,mlp,protocol-v3,1.0,64,1,3,240,0.001407333998940885,0.008057416009251028,771784704,0.6015625
aa30a8d5c85be8d9,svhn,ssb-v2-block,mlp,protocol-v3,1.0,64,1,3,241,0.0014229579828679562,0.008102666994091123,771784704,0.7109375
aa30a8d5c85be8d9,svhn,ssb-v2-block,mlp,protocol-v3,1.0,64,1,3,242,0.0014106250018812716,0.008154000039212406,771801088,0.625
aa30a8d5c85be8d9,svhn,ssb-v2-block,mlp,protocol-v3,1.0,64,1,3,243,0.0014306250377558172,0.008056041959207505,771801088,0.6875
aa30a8d5c85be8d9,svhn,ssb-v2-block,mlp,protocol-v3,1.0,64,1,3,244,0.001417374995071441,0.00811979197897017,771801088,0.6796875
aa30a8d5c85be8d9,svhn,ssb-v2-block,mlp,protocol-v3,1.0,64,1,3,245,0.001452833996154368,0.007959874987136573,771817472,0.59375
aa30a8d5c85be8d9,svhn,ssb-v2-block,mlp,protocol-v3,1.0,64,1,3,246,0.0014124169829301536,0.00809845799813047,771817472,0.734375
aa30a8d5c85be8d9,svhn,ssb-v2-block,mlp,protocol-v3,1.0,64,1,3,247,0.0014140830026008189,0.008091999974567443,771817472,0.71875
aa30a8d5c85be8d9,svhn,ssb-v2-block,mlp,protocol-v3,1.0,64,1,3,248,0.0014337499742396176,0.008183999976608902,771817472,0.671875
aa30a8d5c85be8d9,svhn,ssb-v2-block,mlp,protocol-v3,1.0,64,1,3,249,0.0014800000353716314,0.008160208002664149,771817472,0.65625
aa30a8d5c85be8d9,svhn,ssb-v2-block,mlp,protocol-v3,1.0,64,1,3,250,0.0014276670408435166,0.008002499991562217,771817472,0.59375
aa30a8d5c85be8d9,svhn,ssb-v2-block,mlp,protocol-v3,1.0,64,1,3,251,0.001462250016629696,0.007984374999068677,771817472,0.625
aa30a8d5c85be8d9,svhn,ssb-v2-block,mlp,protocol-v3,1.0,64,1,3,252,0.0014210829976946115,0.00806616700720042,771833856,0.6875
aa30a8d5c85be8d9,svhn,ssb-v2-block,mlp,protocol-v3,1.0,64,1,3,253,0.0014228340005502105,0.008159833028912544,771850240,0.625
aa30a8d5c85be8d9,svhn,ssb-v2-block,mlp,protocol-v3,1.0,64,1,3,254,0.0014490000321529806,0.008142916951328516,771850240,0.765625
aa30a8d5c85be8d9,svhn,ssb-v2-block,mlp,protocol-v3,1.0,64,1,3,255,0.0014300420298241079,0.00800029095262289,771850240,0.6484375
aa30a8d5c85be8d9,svhn,ssb-v2-block,mlp,protocol-v3,1.0,64,1,3,256,0.0014149579801596701,0.00808800000231713,771850240,0.6875
aa30a8d5c85be8d9,svhn,ssb-v2-block,mlp,protocol-v3,1.0,64,1,3,257,0.0014029580052010715,0.008068124996498227,771850240,0.5859375
aa30a8d5c85be8d9,svhn,ssb-v2-block,mlp,protocol-v3,1.0,64,1,3,258,0.0015390419866889715,0.008107125002425164,771883008,0.6875
aa30a8d5c85be8d9,svhn,ssb-v2-block,mlp,protocol-v3,1.0,64,1,3,259,0.001434916048310697,0.008061583968810737,771883008,0.6171875
aa30a8d5c85be8d9,svhn,ssb-v2-block,mlp,protocol-v3,1.0,64,1,3,260,0.0014150410424917936,0.008019667002372444,771883008,0.6640625
aa30a8d5c85be8d9,svhn,ssb-v2-block,mlp,protocol-v3,1.0,64,1,3,261,0.0014617080450989306,0.008287207980174571,771883008,0.7578125
aa30a8d5c85be8d9,svhn,ssb-v2-block,mlp,protocol-v3,1.0,64,1,3,262,0.0014835830079391599,0.008101124956738204,771883008,0.65625
aa30a8d5c85be8d9,svhn,ssb-v2-block,mlp,protocol-v3,1.0,64,1,3,263,0.001445709029212594,0.00802912499057129,771883008,0.7265625
aa30a8d5c85be8d9,svhn,ssb-v2-block,mlp,protocol-v3,1.0,64,1,3,264,0.0014142920263111591,0.008052958000916988,771883008,0.6484375
aa30a8d5c85be8d9,svhn,ssb-v2-block,mlp,protocol-v3,1.0,64,1,3,265,0.0014247910003177822,0.008177708950825036,771883008,0.703125
aa30a8d5c85be8d9,svhn,ssb-v2-block,mlp,protocol-v3,1.0,64,1,3,266,0.0014129579649306834,0.008285208023153245,771883008,0.578125
aa30a8d5c85be8d9,svhn,ssb-v2-block,mlp,protocol-v3,1.0,64,1,3,267,0.0014082500129006803,0.008442500024102628,771883008,0.703125
aa30a8d5c85be8d9,svhn,ssb-v2-block,mlp,protocol-v3,1.0,64,1,3,268,0.001469957991503179,0.008136916963849217,771899392,0.7109375
aa30a8d5c85be8d9,svhn,ssb-v2-block,mlp,protocol-v3,1.0,64,1,3,269,0.001437709026504308,0.00806670798920095,771899392,0.6484375
aa30a8d5c85be8d9,svhn,ssb-v2-block,mlp,protocol-v3,1.0,64,1,3,270,0.0013860409962944686,0.008069375006016344,771899392,0.65625
aa30a8d5c85be8d9,svhn,ssb-v2-block,mlp,protocol-v3,1.0,64,1,3,271,0.0014152079820632935,0.008060124993789941,771915776,0.625
aa30a8d5c85be8d9,svhn,ssb-v2-block,mlp,protocol-v3,1.0,64,1,3,272,0.0014172079972922802,0.008084208006039262,771915776,0.65625
aa30a8d5c85be8d9,svhn,ssb-v2-block,mlp,protocol-v3,1.0,64,1,3,273,0.0014053749619051814,0.007955166976898909,771915776,0.65625
aa30a8d5c85be8d9,svhn,ssb-v2-block,mlp,protocol-v3,1.0,64,1,3,274,0.0015529160154983401,0.008082499960437417,771915776,0.625
aa30a8d5c85be8d9,svhn,ssb-v2-block,mlp,protocol-v3,1.0,64,1,3,275,0.0014326670207083225,0.008072958036791533,771915776,0.6796875
aa30a8d5c85be8d9,svhn,ssb-v2-block,mlp,protocol-v3,1.0,64,1,3,276,0.001427584036719054,0.008208709012251347,771915776,0.671875
aa30a8d5c85be8d9,svhn,ssb-v2-block,mlp,protocol-v3,1.0,64,1,3,277,0.0014549170155078173,0.008272207982372493,771915776,0.6796875
aa30a8d5c85be8d9,svhn,ssb-v2-block,mlp,protocol-v3,1.0,64,1,3,278,0.0014426250127144158,0.008085708017461002,771915776,0.6875
aa30a8d5c85be8d9,svhn,ssb-v2-block,mlp,protocol-v3,1.0,64,1,3,279,0.0014337920001707971,0.008092875010333955,771932160,0.671875
aa30a8d5c85be8d9,svhn,ssb-v2-block,mlp,protocol-v3,1.0,64,1,3,280,0.0014599169953726232,0.008142583013977855,771932160,0.640625
aa30a8d5c85be8d9,svhn,ssb-v2-block,mlp,protocol-v3,1.0,64,1,3,281,0.0014269999810494483,0.008043790992815048,771948544,0.6484375
aa30a8d5c85be8d9,svhn,ssb-v2-block,mlp,protocol-v3,1.0,64,1,3,282,0.0014216660056263208,0.00805229099933058,771948544,0.6484375
aa30a8d5c85be8d9,svhn,ssb-v2-block,mlp,protocol-v3,1.0,64,1,3,283,0.00146116700489074,0.008272999955806881,771948544,0.625
aa30a8d5c85be8d9,svhn,ssb-v2-block,mlp,protocol-v3,1.0,64,1,3,284,0.001405875023920089,0.008103708969429135,771948544,0.765625
aa30a8d5c85be8d9,svhn,ssb-v2-block,mlp,protocol-v3,1.0,64,1,3,285,0.001458041020669043,0.008015167026314884,771948544,0.6796875
aa30a8d5c85be8d9,svhn,ssb-v2-block,mlp,protocol-v3,1.0,64,1,3,286,0.0014639169676229358,0.008352625009138137,771948544,0.7265625
aa30a8d5c85be8d9,svhn,ssb-v2-block,mlp,protocol-v3,1.0,64,1,3,287,0.0014296669978648424,0.008009707962628454,771948544,0.6640625
aa30a8d5c85be8d9,svhn,ssb-v2-block,mlp,protocol-v3,1.0,64,1,3,288,0.0014220409793779254,0.00806691701291129,771948544,0.640625
aa30a8d5c85be8d9,svhn,ssb-v2-block,mlp,protocol-v3,1.0,64,1,3,289,0.001463750028051436,0.008089834009297192,771948544,0.671875
aa30a8d5c85be8d9,svhn,ssb-v2-block,mlp,protocol-v3,1.0,64,1,3,290,0.0014500420074909925,0.008054082980379462,771948544,0.671875
aa30a8d5c85be8d9,svhn,ssb-v2-block,mlp,protocol-v3,1.0,64,1,3,291,0.0014187500346451998,0.008077333972323686,771948544,0.5859375
aa30a8d5c85be8d9,svhn,ssb-v2-block,mlp,protocol-v3,1.0,64,1,3,292,0.0014822499942965806,0.008080540981609374,771948544,0.65625
aa30a8d5c85be8d9,svhn,ssb-v2-block,mlp,protocol-v3,1.0,64,1,3,293,0.0014426250127144158,0.008217249996960163,771948544,0.6953125
aa30a8d5c85be8d9,svhn,ssb-v2-block,mlp,protocol-v3,1.0,64,1,3,294,0.0014159579877741635,0.008012374979443848,771948544,0.65625
aa30a8d5c85be8d9,svhn,ssb-v2-block,mlp,protocol-v3,1.0,64,1,3,295,0.0014353339793160558,0.008207625010982156,771948544,0.7265625
aa30a8d5c85be8d9,svhn,ssb-v2-block,mlp,protocol-v3,1.0,64,1,3,296,0.0014213749673217535,0.008064583991654217,771964928,0.7421875
aa30a8d5c85be8d9,svhn,ssb-v2-block,mlp,protocol-v3,1.0,64,1,3,297,0.0014392500161193311,0.008082375046797097,771964928,0.6484375
aa30a8d5c85be8d9,svhn,ssb-v2-block,mlp,protocol-v3,1.0,64,1,3,298,0.0014592499937862158,0.008117082994431257,771964928,0.65625
aa30a8d5c85be8d9,svhn,ssb-v2-block,mlp,protocol-v3,1.0,64,1,3,299,0.0014642499736510217,0.008244166034273803,771964928,0.609375
aa30a8d5c85be8d9,svhn,ssb-v2-block,mlp,protocol-v3,1.0,64,1,3,300,0.0014408339629881084,0.008021333022043109,771964928,0.6875
aa30a8d5c85be8d9,svhn,ssb-v2-block,mlp,protocol-v3,1.0,64,1,3,301,0.0014397079939953983,0.00814091699430719,771964928,0.6015625
aa30a8d5c85be8d9,svhn,ssb-v2-block,mlp,protocol-v3,1.0,64,1,3,302,0.0014210420195013285,0.008060125051997602,771964928,0.578125
aa30a8d5c85be8d9,svhn,ssb-v2-block,mlp,protocol-v3,1.0,64,1,3,303,0.0014297079760581255,0.008321458997670561,771964928,0.6875
aa30a8d5c85be8d9,svhn,ssb-v2-block,mlp,protocol-v3,1.0,64,1,3,304,0.0014292090199887753,0.008021791989449412,771964928,0.71875
aa30a8d5c85be8d9,svhn,ssb-v2-block,mlp,protocol-v3,1.0,64,1,3,305,0.001436209015082568,0.008176167029887438,771964928,0.625
aa30a8d5c85be8d9,svhn,ssb-v2-block,mlp,protocol-v3,1.0,64,1,3,306,0.0014122090069577098,0.008022000023629516,771964928,0.625
aa30a8d5c85be8d9,svhn,ssb-v2-block,mlp,protocol-v3,1.0,64,1,3,307,0.0015307500143535435,0.008064792025834322,771964928,0.6328125
aa30a8d5c85be8d9,svhn,ssb-v2-block,mlp,protocol-v3,1.0,64,1,3,308,0.0014278339804150164,0.008105958986561745,771964928,0.5625
aa30a8d5c85be8d9,svhn,ssb-v2-block,mlp,protocol-v3,1.0,64,1,3,309,0.0014541660202667117,0.008222833974286914,771964928,0.6484375
aa30a8d5c85be8d9,svhn,ssb-v2-block,mlp,protocol-v3,1.0,64,1,3,310,0.0014858749927952886,0.008135957992635667,771981312,0.625
aa30a8d5c85be8d9,svhn,ssb-v2-block,mlp,protocol-v3,1.0,64,1,3,311,0.001450749987270683,0.007987582997884601,771981312,0.5859375
aa30a8d5c85be8d9,svhn,ssb-v2-block,mlp,protocol-v3,1.0,64,1,3,312,0.0014647089992649853,0.00810816598823294,771981312,0.671875
aa30a8d5c85be8d9,svhn,ssb-v2-block,mlp,protocol-v3,1.0,64,1,3,313,0.001427916984539479,0.008129041991196573,771997696,0.671875
aa30a8d5c85be8d9,svhn,ssb-v2-block,mlp,protocol-v3,1.0,64,1,3,314,0.001481040962971747,0.007967832963913679,772014080,0.5859375
aa30a8d5c85be8d9,svhn,ssb-v2-block,mlp,protocol-v3,1.0,64,1,3,315,0.0014176659751683474,0.007959166017826647,772014080,0.6796875
aa30a8d5c85be8d9,svhn,ssb-v2-block,mlp,protocol-v3,1.0,64,1,3,316,0.001418542000465095,0.008063332992605865,772014080,0.6328125
aa30a8d5c85be8d9,svhn,ssb-v2-block,mlp,protocol-v3,1.0,64,1,3,317,0.0014705000212416053,0.007994458021130413,772014080,0.6328125
aa30a8d5c85be8d9,svhn,ssb-v2-block,mlp,protocol-v3,1.0,64,1,3,318,0.001452249998692423,0.008042290981393307,772014080,0.6640625
aa30a8d5c85be8d9,svhn,ssb-v2-block,mlp,protocol-v3,1.0,64,1,3,319,0.0014119590050540864,0.008044332964345813,772014080,0.7109375
aa30a8d5c85be8d9,svhn,ssb-v2-block,mlp,protocol-v3,1.0,64,1,3,320,0.0014377909828908741,0.008014874998480082,772014080,0.625
aa30a8d5c85be8d9,svhn,ssb-v2-block,mlp,protocol-v3,1.0,64,1,3,321,0.0014141250285319984,0.00806970801204443,772014080,0.6796875
aa30a8d5c85be8d9,svhn,ssb-v2-block,mlp,protocol-v3,1.0,64,1,3,322,0.0014199170400388539,0.007942542026285082,772014080,0.6796875
aa30a8d5c85be8d9,svhn,ssb-v2-block,mlp,protocol-v3,1.0,64,1,3,323,0.0014154580421745777,0.008145833038724959,772030464,0.640625
aa30a8d5c85be8d9,svhn,ssb-v2-block,mlp,protocol-v3,1.0,64,1,3,324,0.0014701249892823398,0.00812349998159334,772030464,0.671875
aa30a8d5c85be8d9,svhn,ssb-v2-block,mlp,protocol-v3,1.0,64,1,3,325,0.0014331670245155692,0.008176041999831796,772046848,0.7265625
aa30a8d5c85be8d9,svhn,ssb-v2-block,mlp,protocol-v3,1.0,64,1,3,326,0.001467792026232928,0.008034500002395362,772046848,0.6796875
aa30a8d5c85be8d9,svhn,ssb-v2-block,mlp,protocol-v3,1.0,64,1,3,327,0.0014364999951794744,0.008019667002372444,772046848,0.75
aa30a8d5c85be8d9,svhn,ssb-v2-block,mlp,protocol-v3,1.0,64,1,3,328,0.0014104169677011669,0.008133666007779539,772046848,0.7109375
aa30a8d5c85be8d9,svhn,ssb-v2-block,mlp,protocol-v3,1.0,64,1,3,329,0.001417833031155169,0.00815533398417756,772046848,0.7109375
aa30a8d5c85be8d9,svhn,ssb-v2-block,mlp,protocol-v3,1.0,64,1,3,330,0.0014642909518443048,0.00796650000847876,772063232,0.6796875
aa30a8d5c85be8d9,svhn,ssb-v2-block,mlp,protocol-v3,1.0,64,1,3,331,0.0014719999744556844,0.008417625038418919,772063232,0.671875
aa30a8d5c85be8d9,svhn,ssb-v2-block,mlp,protocol-v3,1.0,64,1,3,332,0.0013920830097049475,0.00812649994622916,772063232,0.6015625
aa30a8d5c85be8d9,svhn,ssb-v2-block,mlp,protocol-v3,1.0,64,1,3,333,0.0014797920011915267,0.008169999986421317,772079616,0.6875
aa30a8d5c85be8d9,svhn,ssb-v2-block,mlp,protocol-v3,1.0,64,1,3,334,0.0014122080174274743,0.008140332996845245,772079616,0.6875
aa30a8d5c85be8d9,svhn,ssb-v2-block,mlp,protocol-v3,1.0,64,1,3,335,0.001434417034033686,0.008477957977447659,772079616,0.6953125
aa30a8d5c85be8d9,svhn,ssb-v2-block,mlp,protocol-v3,1.0,64,1,3,336,0.0014065409777686,0.008053458004724234,772079616,0.703125
aa30a8d5c85be8d9,svhn,ssb-v2-block,mlp,protocol-v3,1.0,64,1,3,337,0.0014364169910550117,0.00808933301595971,772079616,0.6484375
aa30a8d5c85be8d9,svhn,ssb-v2-block,mlp,protocol-v3,1.0,64,1,3,338,0.0014087079907767475,0.008048709016293287,772096000,0.5625
aa30a8d5c85be8d9,svhn,ssb-v2-block,mlp,protocol-v3,1.0,64,1,3,339,0.0014617500128224492,0.007993499981239438,772096000,0.6796875
aa30a8d5c85be8d9,svhn,ssb-v2-block,mlp,protocol-v3,1.0,64,1,3,340,0.001408000010997057,0.008152291993610561,772096000,0.640625
aa30a8d5c85be8d9,svhn,ssb-v2-block,mlp,protocol-v3,1.0,64,1,3,341,0.0014269159873947501,0.008104250009637326,772096000,0.578125
aa30a8d5c85be8d9,svhn,ssb-v2-block,mlp,protocol-v3,1.0,64,1,3,342,0.0014322500210255384,0.00804408296244219,772096000,0.6484375
aa30a8d5c85be8d9,svhn,ssb-v2-block,mlp,protocol-v3,1.0,64,1,3,343,0.0013898329925723374,0.007980041031260043,772096000,0.7421875
aa30a8d5c85be8d9,svhn,ssb-v2-block,mlp,protocol-v3,1.0,64,1,3,344,0.001452916010748595,0.008185334037989378,772112384,0.734375
aa30a8d5c85be8d9,svhn,ssb-v2-block,mlp,protocol-v3,1.0,64,1,3,345,0.0014735410222783685,0.008114458993077278,772112384,0.6328125
aa30a8d5c85be8d9,svhn,ssb-v2-block,mlp,protocol-v3,1.0,64,1,3,346,0.00141962495399639,0.008123083040118217,772128768,0.671875
aa30a8d5c85be8d9,svhn,ssb-v2-block,mlp,protocol-v3,1.0,64,1,3,347,0.0014364169910550117,0.008008665987290442,772128768,0.703125
aa30a8d5c85be8d9,svhn,ssb-v2-block,mlp,protocol-v3,1.0,64,1,3,348,0.0014286249643191695,0.008335417020134628,772128768,0.6953125
aa30a8d5c85be8d9,svhn,ssb-v2-block,mlp,protocol-v3,1.0,64,1,3,349,0.0014696670114062726,0.008122291998006403,772128768,0.65625
aa30a8d5c85be8d9,svhn,ssb-v2-block,mlp,protocol-v3,1.0,64,1,3,350,0.0014180000289343297,0.008003625029232353,772128768,0.65625
aa30a8d5c85be8d9,svhn,ssb-v2-block,mlp,protocol-v3,1.0,64,1,3,351,0.0014262920012697577,0.008004707982763648,772128768,0.640625
aa30a8d5c85be8d9,svhn,ssb-v2-block,mlp,protocol-v3,1.0,64,1,3,352,0.0014360420173034072,0.008101791027002037,772128768,0.71875
aa30a8d5c85be8d9,svhn,ssb-v2-block,mlp,protocol-v3,1.0,64,1,3,353,0.001414791971910745,0.008105666958726943,772128768,0.65625
aa30a8d5c85be8d9,svhn,ssb-v2-block,mlp,protocol-v3,1.0,64,1,3,354,0.001431874989066273,0.00809249997837469,772128768,0.6015625
aa30a8d5c85be8d9,svhn,ssb-v2-block,mlp,protocol-v3,1.0,64,1,3,355,0.0014562089927494526,0.007986375014297664,772128768,0.6796875
aa30a8d5c85be8d9,svhn,ssb-v2-block,mlp,protocol-v3,1.0,64,1,3,356,0.001416708983015269,0.008079292019829154,772128768,0.7109375
aa30a8d5c85be8d9,svhn,ssb-v2-block,mlp,protocol-v3,1.0,64,1,3,357,0.0014373749727383256,0.008142791979480535,772128768,0.609375
aa30a8d5c85be8d9,svhn,ssb-v2-block,mlp,protocol-v3,1.0,64,1,3,358,0.0014802080113440752,0.007905249949544668,772128768,0.671875
aa30a8d5c85be8d9,svhn,ssb-v2-block,mlp,protocol-v3,1.0,64,1,3,359,0.0014102910063229501,0.008061332977376878,772128768,0.6796875
aa30a8d5c85be8d9,svhn,ssb-v2-block,mlp,protocol-v3,1.0,64,1,3,360,0.0014587909681722522,0.008091708004940301,772161536,0.6328125
aa30a8d5c85be8d9,svhn,ssb-v2-block,mlp,protocol-v3,1.0,64,1,3,361,0.0013980830553919077,0.008013417012989521,772161536,0.71875
aa30a8d5c85be8d9,svhn,ssb-v2-block,mlp,protocol-v3,1.0,64,1,3,362,0.0014388749841600657,0.008116416982375085,772161536,0.640625
aa30a8d5c85be8d9,svhn,ssb-v2-block,mlp,protocol-v3,1.0,64,1,3,363,0.0014111250056885183,0.00812037498690188,772161536,0.6484375
aa30a8d5c85be8d9,svhn,ssb-v2-block,mlp,protocol-v3,1.0,64,1,3,364,0.0014657499850727618,0.008138167031574994,772161536,0.5703125
aa30a8d5c85be8d9,svhn,ssb-v2-block,mlp,protocol-v3,1.0,64,1,3,365,0.0014504999853670597,0.008023292000871152,772161536,0.640625
aa30a8d5c85be8d9,svhn,ssb-v2-block,mlp,protocol-v3,1.0,64,1,3,366,0.001409458986017853,0.007902707962784916,772161536,0.6875
aa30a8d5c85be8d9,svhn,ssb-v2-block,mlp,protocol-v3,1.0,64,1,3,367,0.0014073330094106495,0.00807216699467972,772161536,0.5703125
aa30a8d5c85be8d9,svhn,ssb-v2-block,mlp,protocol-v3,1.0,64,1,3,368,0.0014246669597923756,0.008006000018212944,772161536,0.640625
aa30a8d5c85be8d9,svhn,ssb-v2-block,mlp,protocol-v3,1.0,64,1,3,369,0.001412666984833777,0.008326000010129064,772161536,0.640625
aa30a8d5c85be8d9,svhn,ssb-v2-block,mlp,protocol-v3,1.0,64,1,3,370,0.001425708003807813,0.00807720801094547,772161536,0.6328125
aa30a8d5c85be8d9,svhn,ssb-v2-block,mlp,protocol-v3,1.0,64,1,3,371,0.001424750022124499,0.008046832983382046,772177920,0.65625
aa30a8d5c85be8d9,svhn,ssb-v2-block,mlp,protocol-v3,1.0,64,1,3,372,0.001397125015500933,0.00815529195824638,772177920,0.625
aa30a8d5c85be8d9,svhn,ssb-v2-block,mlp,protocol-v3,1.0,64,1,3,373,0.0014361250214278698,0.008076541998889297,772177920,0.7109375
aa30a8d5c85be8d9,svhn,ssb-v2-block,mlp,protocol-v3,1.0,64,1,3,374,0.0014641659799963236,0.00798387499526143,772177920,0.71875
aa30a8d5c85be8d9,svhn,ssb-v2-block,mlp,protocol-v3,1.0,64,1,3,375,0.0014757500030100346,0.008055667043663561,772194304,0.6953125
aa30a8d5c85be8d9,svhn,ssb-v2-block,mlp,protocol-v3,1.0,64,1,3,376,0.0014157909899950027,0.008147665997967124,772194304,0.703125
aa30a8d5c85be8d9,svhn,ssb-v2-block,mlp,protocol-v3,1.0,64,1,3,377,0.001471749972552061,0.008638459024950862,772194304,0.65625
aa30a8d5c85be8d9,svhn,ssb-v2-block,mlp,protocol-v3,1.0,64,1,3,378,0.0014236250426620245,0.008080709027126431,772194304,0.6484375
aa30a8d5c85be8d9,svhn,ssb-v2-block,mlp,protocol-v3,1.0,64,1,3,379,0.0014612500090152025,0.00801254203543067,772210688,0.6484375
aa30a8d5c85be8d9,svhn,ssb-v2-block,mlp,protocol-v3,1.0,64,1,3,380,0.0013964579557068646,0.008060584019403905,772210688,0.609375
aa30a8d5c85be8d9,svhn,ssb-v2-block,mlp,protocol-v3,1.0,64,1,3,381,0.0014748329995200038,0.008409041969571263,772210688,0.71875
aa30a8d5c85be8d9,svhn,ssb-v2-block,mlp,protocol-v3,1.0,64,1,3,382,0.0014742499915882945,0.007958042027894408,772210688,0.6796875
aa30a8d5c85be8d9,svhn,ssb-v2-block,mlp,protocol-v3,1.0,64,1,3,383,0.001429708965588361,0.008044791989959776,772210688,0.640625
aa30a8d5c85be8d9,svhn,ssb-v2-block,mlp,protocol-v3,1.0,64,1,3,384,0.0014697079895995557,0.008454499999061227,772210688,0.6171875
aa30a8d5c85be8d9,svhn,ssb-v2-block,mlp,protocol-v3,1.0,64,1,3,385,0.0013845000066794455,0.007949958031531423,772210688,0.6875
aa30a8d5c85be8d9,svhn,ssb-v2-block,mlp,protocol-v3,1.0,64,1,3,386,0.0014359590131789446,0.0080994589952752,772210688,0.609375
aa30a8d5c85be8d9,svhn,ssb-v2-block,mlp,protocol-v3,1.0,64,1,3,387,0.0014679169980809093,0.00814616703428328,772210688,0.734375
aa30a8d5c85be8d9,svhn,ssb-v2-block,mlp,protocol-v3,1.0,64,1,3,388,0.0013857500161975622,0.0083603750099428,772210688,0.609375
aa30a8d5c85be8d9,svhn,ssb-v2-block,mlp,protocol-v3,1.0,64,1,3,389,0.0014254589914344251,0.007989833015017211,772210688,0.671875
aa30a8d5c85be8d9,svhn,ssb-v2-block,mlp,protocol-v3,1.0,64,1,3,390,0.001442750042770058,0.008048290968872607,772210688,0.6484375
aa30a8d5c85be8d9,svhn,ssb-v2-block,mlp,protocol-v3,1.0,64,1,3,391,0.0014429580187425017,0.008133208029903471,772227072,0.6640625
aa30a8d5c85be8d9,svhn,ssb-v2-block,mlp,protocol-v3,1.0,64,1,3,392,0.0014654170372523367,0.008757999981753528,772227072,0.5234375
aa30a8d5c85be8d9,svhn,ssb-v2-block,mlp,protocol-v3,1.0,64,1,3,393,0.0014426669804379344,0.008116332988720387,772227072,0.6484375
aa30a8d5c85be8d9,svhn,ssb-v2-block,mlp,protocol-v3,1.0,64,1,3,394,0.0014570829807780683,0.008088917005807161,772227072,0.640625
aa30a8d5c85be8d9,svhn,ssb-v2-block,mlp,protocol-v3,1.0,64,1,3,395,0.001401625049766153,0.007971082988660783,772227072,0.6796875
aa30a8d5c85be8d9,svhn,ssb-v2-block,mlp,protocol-v3,1.0,64,1,3,396,0.0014809169806540012,0.008200458018109202,772243456,0.6796875
aa30a8d5c85be8d9,svhn,ssb-v2-block,mlp,protocol-v3,1.0,64,1,3,397,0.0014582499861717224,0.007993416977114975,772243456,0.6953125
aa30a8d5c85be8d9,svhn,ssb-v2-block,mlp,protocol-v3,1.0,64,1,3,398,0.0014316249871626496,0.008261209004558623,772243456,0.6640625
aa30a8d5c85be8d9,svhn,ssb-v2-block,mlp,protocol-v3,1.0,64,1,3,399,0.001431250013411045,0.008138792007230222,772243456,0.640625
aa30a8d5c85be8d9,svhn,ssb-v2-block,mlp,protocol-v3,1.0,64,1,3,400,0.0014683749759569764,0.008053916972130537,772243456,0.6953125
aa30a8d5c85be8d9,svhn,ssb-v2-block,mlp,protocol-v3,1.0,64,1,3,401,0.001445666013751179,0.008034790982492268,772259840,0.6796875
aa30a8d5c85be8d9,svhn,ssb-v2-block,mlp,protocol-v3,1.0,64,1,3,402,0.0014157090336084366,0.008125208027195185,772259840,0.6015625
aa30a8d5c85be8d9,svhn,ssb-v2-block,mlp,protocol-v3,1.0,64,1,3,403,0.0014388750423677266,0.007967124984133989,772259840,0.6796875
aa30a8d5c85be8d9,svhn,ssb-v2-block,mlp,protocol-v3,1.0,64,1,3,404,0.0014109170297160745,0.008022082969546318,772259840,0.6953125
aa30a8d5c85be8d9,svhn,ssb-v2-block,mlp,protocol-v3,1.0,64,1,3,405,0.0014777089818380773,0.007974290987476707,772259840,0.6875
aa30a8d5c85be8d9,svhn,ssb-v2-block,mlp,protocol-v3,1.0,64,1,3,406,0.0014047499862499535,0.008065000001806766,772259840,0.7421875
aa30a8d5c85be8d9,svhn,ssb-v2-block,mlp,protocol-v3,1.0,64,1,3,407,0.001458292012102902,0.008182666962966323,772259840,0.640625
aa30a8d5c85be8d9,svhn,ssb-v2-block,mlp,protocol-v3,1.0,64,1,3,408,0.001419333042576909,0.008382832980714738,772276224,0.671875
aa30a8d5c85be8d9,svhn,ssb-v2-block,mlp,protocol-v3,1.0,64,1,3,409,0.0014347080141305923,0.008050375035963953,772276224,0.59375
aa30a8d5c85be8d9,svhn,ssb-v2-block,mlp,protocol-v3,1.0,64,1,3,410,0.001456208003219217,0.008950459014158696,772292608,0.6953125
aa30a8d5c85be8d9,svhn,ssb-v2-block,mlp,protocol-v3,1.0,64,1,3,411,0.0014525000005960464,0.008099666971247643,772292608,0.6953125
aa30a8d5c85be8d9,svhn,ssb-v2-block,mlp,protocol-v3,1.0,64,1,3,412,0.0014064579736441374,0.00819608400342986,772292608,0.6015625
aa30a8d5c85be8d9,svhn,ssb-v2-block,mlp,protocol-v3,1.0,64,1,3,413,0.0014609170029871166,0.00810466700932011,772325376,0.6953125
aa30a8d5c85be8d9,svhn,ssb-v2-block,mlp,protocol-v3,1.0,64,1,3,414,0.0014163750456646085,0.00817020796239376,772325376,0.65625
aa30a8d5c85be8d9,svhn,ssb-v2-block,mlp,protocol-v3,1.0,64,1,3,415,0.0014920419780537486,0.008008666976820678,772325376,0.609375
aa30a8d5c85be8d9,svhn,ssb-v2-block,mlp,protocol-v3,1.0,64,1,3,416,0.0014287499943748116,0.008294125029351562,772325376,0.7578125
aa30a8d5c85be8d9,svhn,ssb-v2-block,mlp,protocol-v3,1.0,64,1,3,417,0.0014180829748511314,0.008039332984481007,772325376,0.6484375
aa30a8d5c85be8d9,svhn,ssb-v2-block,mlp,protocol-v3,1.0,64,1,3,418,0.0014077909872867167,0.008058541978243738,772325376,0.6328125
aa30a8d5c85be8d9,svhn,ssb-v2-block,mlp,protocol-v3,1.0,64,1,3,419,0.0014274580171331763,0.00809716701041907,772325376,0.6640625
aa30a8d5c85be8d9,svhn,ssb-v2-block,mlp,protocol-v3,1.0,64,1,3,420,0.0014577080146409571,0.008308999997097999,772325376,0.640625
aa30a8d5c85be8d9,svhn,ssb-v2-block,mlp,protocol-v3,1.0,64,1,3,421,0.0014147080364637077,0.008070458949077874,772325376,0.5859375
aa30a8d5c85be8d9,svhn,ssb-v2-block,mlp,protocol-v3,1.0,64,1,3,422,0.0014267080114223063,0.008769957988988608,772325376,0.640625
aa30a8d5c85be8d9,svhn,ssb-v2-block,mlp,protocol-v3,1.0,64,1,3,423,0.001422458968590945,0.007914624991826713,772325376,0.6484375
aa30a8d5c85be8d9,svhn,ssb-v2-block,mlp,protocol-v3,1.0,64,1,3,424,0.001421833992935717,0.008217040973249823,772325376,0.6171875
aa30a8d5c85be8d9,svhn,ssb-v2-block,mlp,protocol-v3,1.0,64,1,3,425,0.0014449580339714885,0.008140291960444301,772325376,0.6171875
aa30a8d5c85be8d9,svhn,ssb-v2-block,mlp,protocol-v3,1.0,64,1,3,426,0.001436916005332023,0.008092082978691906,772325376,0.6484375
aa30a8d5c85be8d9,svhn,ssb-v2-block,mlp,protocol-v3,1.0,64,1,3,427,0.0014456670032814145,0.008283500035759062,772341760,0.640625
aa30a8d5c85be8d9,svhn,ssb-v2-block,mlp,protocol-v3,1.0,64,1,3,428,0.0014272499829530716,0.007943540986161679,772358144,0.6328125
aa30a8d5c85be8d9,svhn,ssb-v2-block,mlp,protocol-v3,1.0,64,1,3,429,0.0013373330002650619,0.008084417029749602,772374528,0.7109375
aa30a8d5c85be8d9,svhn,ssb-v2-block,mlp,protocol-v3,1.0,64,1,3,430,0.0014085419825278223,0.008685667009558529,772374528,0.671875
aa30a8d5c85be8d9,svhn,ssb-v2-block,mlp,protocol-v3,1.0,64,1,3,431,0.001421332999598235,0.00835195800755173,772374528,0.6640625
aa30a8d5c85be8d9,svhn,ssb-v2-block,mlp,protocol-v3,1.0,64,1,3,432,0.0014127499889582396,0.008107041008770466,772374528,0.6953125
aa30a8d5c85be8d9,svhn,ssb-v2-block,mlp,protocol-v3,1.0,64,1,3,433,0.0014140409766696393,0.007983500021509826,772374528,0.671875
aa30a8d5c85be8d9,svhn,ssb-v2-block,mlp,protocol-v3,1.0,64,1,3,434,0.001421749999281019,0.00811004196293652,772374528,0.6640625
aa30a8d5c85be8d9,svhn,ssb-v2-block,mlp,protocol-v3,1.0,64,1,3,435,0.0014139999984763563,0.007982874987646937,772390912,0.65625
aa30a8d5c85be8d9,svhn,ssb-v2-block,mlp,protocol-v3,1.0,64,1,3,436,0.0014660420129075646,0.008090750023256987,772390912,0.6640625
aa30a8d5c85be8d9,svhn,ssb-v2-block,mlp,protocol-v3,1.0,64,1,3,437,0.0014327500248327851,0.008086792018730193,772390912,0.6796875
aa30a8d5c85be8d9,svhn,ssb-v2-block,mlp,protocol-v3,1.0,64,1,3,438,0.00147312501212582,0.008006416959688067,772390912,0.609375
aa30a8d5c85be8d9,svhn,ssb-v2-block,mlp,protocol-v3,1.0,64,1,3,439,0.0014027919969521463,0.008229832979850471,772390912,0.6328125
aa30a8d5c85be8d9,svhn,ssb-v2-block,mlp,protocol-v3,1.0,64,1,3,440,0.00152991694631055,0.00811420800164342,772390912,0.6015625
aa30a8d5c85be8d9,svhn,ssb-v2-block,mlp,protocol-v3,1.0,64,1,3,441,0.0014770000125281513,0.008816750021651387,772407296,0.671875
aa30a8d5c85be8d9,svhn,ssb-v2-block,mlp,protocol-v3,1.0,64,1,3,442,0.0014556249952875078,0.00851662497734651,772407296,0.6796875
aa30a8d5c85be8d9,svhn,ssb-v2-block,mlp,protocol-v3,1.0,64,1,3,443,0.001410541997756809,0.008136417018249631,772407296,0.578125
aa30a8d5c85be8d9,svhn,ssb-v2-block,mlp,protocol-v3,1.0,64,1,3,444,0.001415583014022559,0.008128290995955467,772407296,0.6796875
aa30a8d5c85be8d9,svhn,ssb-v2-block,mlp,protocol-v3,1.0,64,1,3,445,0.001404375012498349,0.008085750043392181,772407296,0.6484375
aa30a8d5c85be8d9,svhn,ssb-v2-block,mlp,protocol-v3,1.0,64,1,3,446,0.001460083993151784,0.008131833979859948,772407296,0.6796875
aa30a8d5c85be8d9,svhn,ssb-v2-block,mlp,protocol-v3,1.0,64,1,3,447,0.0014155000098980963,0.008114750031381845,772423680,0.6171875
aa30a8d5c85be8d9,svhn,ssb-v2-block,mlp,protocol-v3,1.0,64,1,3,448,0.0014458749792538583,0.00807866599643603,772423680,0.71875
aa30a8d5c85be8d9,svhn,ssb-v2-block,mlp,protocol-v3,1.0,64,1,3,449,0.001413458026945591,0.00817491696216166,772423680,0.6953125
aa30a8d5c85be8d9,svhn,ssb-v2-block,mlp,protocol-v3,1.0,64,1,3,450,0.0014334580046124756,0.008136707998346537,772423680,0.5625
aa30a8d5c85be8d9,svhn,ssb-v2-block,mlp,protocol-v3,1.0,64,1,3,451,0.0014042920083738863,0.008045083028264344,772423680,0.640625
aa30a8d5c85be8d9,svhn,ssb-v2-block,mlp,protocol-v3,1.0,64,1,3,452,0.0014814999885857105,0.008076040947344154,772423680,0.703125
aa30a8d5c85be8d9,svhn,ssb-v2-block,mlp,protocol-v3,1.0,64,1,3,453,0.001527082989923656,0.008055625017732382,772440064,0.6953125
aa30a8d5c85be8d9,svhn,ssb-v2-block,mlp,protocol-v3,1.0,64,1,3,454,0.001415958977304399,0.008060374995693564,772440064,0.65625
aa30a8d5c85be8d9,svhn,ssb-v2-block,mlp,protocol-v3,1.0,64,1,3,455,0.0014703749911859632,0.008150999958161265,772440064,0.6015625
aa30a8d5c85be8d9,svhn,ssb-v2-block,mlp,protocol-v3,1.0,64,1,3,456,0.001448499970138073,0.00816799997119233,772440064,0.59375
aa30a8d5c85be8d9,svhn,ssb-v2-block,mlp,protocol-v3,1.0,64,1,3,457,0.0014729579561389983,0.007940666982904077,772440064,0.671875
aa30a8d5c85be8d9,svhn,ssb-v2-block,mlp,protocol-v3,1.0,64,1,3,458,0.0014227500068955123,0.008075165969785303,772440064,0.6953125
aa30a8d5c85be8d9,svhn,ssb-v2-block,mlp,protocol-v3,1.0,64,1,3,459,0.001434457954019308,0.008120790997054428,772440064,0.671875
aa30a8d5c85be8d9,svhn,ssb-v2-block,mlp,protocol-v3,1.0,64,1,3,460,0.001433375000488013,0.0081461250083521,772456448,0.6796875
aa30a8d5c85be8d9,svhn,ssb-v2-block,mlp,protocol-v3,1.0,64,1,3,461,0.00146883400157094,0.007973540981765836,772456448,0.6796875
aa30a8d5c85be8d9,svhn,ssb-v2-block,mlp,protocol-v3,1.0,64,1,3,462,0.0014559590490534902,0.008357167011126876,772456448,0.671875
aa30a8d5c85be8d9,svhn,ssb-v2-block,mlp,protocol-v3,1.0,64,1,3,463,0.0014440839877352118,0.008154415991157293,772472832,0.609375
aa30a8d5c85be8d9,svhn,ssb-v2-block,mlp,protocol-v3,1.0,64,1,3,464,0.0014236250426620245,0.008069749979767948,772472832,0.625
aa30a8d5c85be8d9,svhn,ssb-v2-block,mlp,protocol-v3,1.0,64,1,3,465,0.001411709003150463,0.008318333013448864,772472832,0.671875
aa30a8d5c85be8d9,svhn,ssb-v2-block,mlp,protocol-v3,1.0,64,1,3,466,0.0014343750081025064,0.008042957982979715,772472832,0.6953125
aa30a8d5c85be8d9,svhn,ssb-v2-block,mlp,protocol-v3,1.0,64,1,3,467,0.001439457992091775,0.00799737498164177,772472832,0.6796875
aa30a8d5c85be8d9,svhn,ssb-v2-block,mlp,protocol-v3,1.0,64,1,3,468,0.0014752079732716084,0.00813941698288545,772472832,0.671875
aa30a8d5c85be8d9,svhn,ssb-v2-block,mlp,protocol-v3,1.0,64,1,3,469,0.0014360829954966903,0.007983375049661845,772489216,0.703125
aa30a8d5c85be8d9,svhn,ssb-v2-block,mlp,protocol-v3,1.0,64,1,3,470,0.0014770409907214344,0.008026958035770804,772505600,0.6953125
aa30a8d5c85be8d9,svhn,ssb-v2-block,mlp,protocol-v3,1.0,64,1,3,471,0.0014310000115074217,0.00811662495834753,772505600,0.765625
aa30a8d5c85be8d9,svhn,ssb-v2-block,mlp,protocol-v3,1.0,64,1,3,472,0.0014371660072356462,0.008162916987203062,772505600,0.6640625
aa30a8d5c85be8d9,svhn,ssb-v2-block,mlp,protocol-v3,1.0,64,1,3,473,0.0014224170008674264,0.008027041971217841,772505600,0.6875
aa30a8d5c85be8d9,svhn,ssb-v2-block,mlp,protocol-v3,1.0,64,1,3,474,0.0014669999945908785,0.008040875021833926,772505600,0.6328125
aa30a8d5c85be8d9,svhn,ssb-v2-block,mlp,protocol-v3,1.0,64,1,3,475,0.001430083008017391,0.008024749986361712,772505600,0.71875
aa30a8d5c85be8d9,svhn,ssb-v2-block,mlp,protocol-v3,1.0,64,1,3,476,0.0014727090019732714,0.008116999990306795,772505600,0.5703125
aa30a8d5c85be8d9,svhn,ssb-v2-block,mlp,protocol-v3,1.0,64,1,3,477,0.0014277079608291388,0.008140875026583672,772505600,0.71875
aa30a8d5c85be8d9,svhn,ssb-v2-block,mlp,protocol-v3,1.0,64,1,3,478,0.0014324579969979823,0.008085499983280897,772505600,0.6171875
aa30a8d5c85be8d9,svhn,ssb-v2-block,mlp,protocol-v3,1.0,64,1,3,479,0.0014330829726532102,0.008050209027715027,772505600,0.703125
aa30a8d5c85be8d9,svhn,ssb-v2-block,mlp,protocol-v3,1.0,64,1,3,480,0.00140879099490121,0.008094499993603677,772505600,0.6640625
aa30a8d5c85be8d9,svhn,ssb-v2-block,mlp,protocol-v3,1.0,64,1,3,481,0.0014573750086128712,0.008026291965506971,772505600,0.7109375
aa30a8d5c85be8d9,svhn,ssb-v2-block,mlp,protocol-v3,1.0,64,1,3,482,0.0014327079989016056,0.007961208990309387,772505600,0.6328125
aa30a8d5c85be8d9,svhn,ssb-v2-block,mlp,protocol-v3,1.0,64,1,3,483,0.0013996250345371664,0.008043374982662499,772521984,0.6875
aa30a8d5c85be8d9,svhn,ssb-v2-block,mlp,protocol-v3,1.0,64,1,3,484,0.001412999990861863,0.008070041018072516,772538368,0.6875
aa30a8d5c85be8d9,svhn,ssb-v2-block,mlp,protocol-v3,1.0,64,1,3,485,0.0014269580133259296,0.00802912499057129,772538368,0.6953125
aa30a8d5c85be8d9,svhn,ssb-v2-block,mlp,protocol-v3,1.0,64,1,3,486,0.0013771250378340483,0.008179416006896645,772538368,0.6328125
aa30a8d5c85be8d9,svhn,ssb-v2-block,mlp,protocol-v3,1.0,64,1,3,487,0.0014612500090152025,0.008024625014513731,772554752,0.7109375
aa30a8d5c85be8d9,svhn,ssb-v2-block,mlp,protocol-v3,1.0,64,1,3,488,0.0014182919985614717,0.00800729199545458,772554752,0.7578125
aa30a8d5c85be8d9,svhn,ssb-v2-block,mlp,protocol-v3,1.0,64,1,3,489,0.0014279590104706585,0.008167584019247442,772554752,0.640625
aa30a8d5c85be8d9,svhn,ssb-v2-block,mlp,protocol-v3,1.0,64,1,3,490,0.0014442920219153166,0.008007333963178098,772554752,0.6953125
aa30a8d5c85be8d9,svhn,ssb-v2-block,mlp,protocol-v3,1.0,64,1,3,491,0.0014233749825507402,0.008080291969235986,772554752,0.75
aa30a8d5c85be8d9,svhn,ssb-v2-block,mlp,protocol-v3,1.0,64,1,3,492,0.0014267080114223063,0.008106583030894399,772554752,0.7421875
aa30a8d5c85be8d9,svhn,ssb-v2-block,mlp,protocol-v3,1.0,64,1,3,493,0.001452249998692423,0.008088583999779075,772554752,0.6171875
aa30a8d5c85be8d9,svhn,ssb-v2-block,mlp,protocol-v3,1.0,64,1,3,494,0.0014382500085048378,0.007941374962683767,772554752,0.6640625
aa30a8d5c85be8d9,svhn,ssb-v2-block,mlp,protocol-v3,1.0,64,1,3,495,0.0014048750163055956,0.008021917019505054,772554752,0.640625
aa30a8d5c85be8d9,svhn,ssb-v2-block,mlp,protocol-v3,1.0,64,1,3,496,0.0014388340059667826,0.00809329201001674,772571136,0.6953125
aa30a8d5c85be8d9,svhn,ssb-v2-block,mlp,protocol-v3,1.0,64,1,3,497,0.0014501659898087382,0.008148541033733636,772571136,0.671875
aa30a8d5c85be8d9,svhn,ssb-v2-block,mlp,protocol-v3,1.0,64,1,3,498,0.0014995000092312694,0.008134291972965002,772571136,0.6640625
aa30a8d5c85be8d9,svhn,ssb-v2-block,mlp,protocol-v3,1.0,64,1,3,499,0.001446999958716333,0.008234041975811124,772571136,0.703125
aa30a8d5c85be8d9,svhn,ssb-v2-block,mlp,protocol-v3,1.0,64,1,3,500,0.0014175830292515457,0.008085208013653755,772571136,0.6796875
aa30a8d5c85be8d9,svhn,ssb-v2-block,mlp,protocol-v3,1.0,64,1,3,501,0.0014442909741774201,0.008117875026073307,772571136,0.6640625
aa30a8d5c85be8d9,svhn,ssb-v2-block,mlp,protocol-v3,1.0,64,1,3,502,0.0014480000245384872,0.008117833000142127,772587520,0.6484375
aa30a8d5c85be8d9,svhn,ssb-v2-block,mlp,protocol-v3,1.0,64,1,3,503,0.0014705839566886425,0.008131290960591286,772587520,0.6171875
aa30a8d5c85be8d9,svhn,ssb-v2-block,mlp,protocol-v3,1.0,64,1,3,504,0.0014769589761272073,0.008105582965072244,772587520,0.6796875
aa30a8d5c85be8d9,svhn,ssb-v2-block,mlp,protocol-v3,1.0,64,1,3,505,0.0014154160162433982,0.007990417012479156,772587520,0.6484375
aa30a8d5c85be8d9,svhn,ssb-v2-block,mlp,protocol-v3,1.0,64,1,3,506,0.0014457919751293957,0.008082541986368597,772603904,0.7265625
aa30a8d5c85be8d9,svhn,ssb-v2-block,mlp,protocol-v3,1.0,64,1,3,507,0.0014733329880982637,0.008255374967120588,772603904,0.6796875
aa30a8d5c85be8d9,svhn,ssb-v2-block,mlp,protocol-v3,1.0,64,1,3,508,0.0014223749749362469,0.008043834008276463,772603904,0.6875
aa30a8d5c85be8d9,svhn,ssb-v2-block,mlp,protocol-v3,1.0,64,1,3,509,0.0014242089819163084,0.008014249964617193,772603904,0.671875
aa30a8d5c85be8d9,svhn,ssb-v2-block,mlp,protocol-v3,1.0,64,1,3,510,0.0014198330463841558,0.008079875027760863,772603904,0.59375
aa30a8d5c85be8d9,svhn,ssb-v2-block,mlp,protocol-v3,1.0,64,1,3,511,0.0014332080027088523,0.008129250025376678,772603904,0.75
aa30a8d5c85be8d9,svhn,ssb-v2-block,mlp,protocol-v3,1.0,64,1,3,512,0.0014672499964945018,0.008133458031807095,772620288,0.6015625
aa30a8d5c85be8d9,svhn,ssb-v2-block,mlp,protocol-v3,1.0,64,1,3,513,0.0014239579904824495,0.00810016697505489,772620288,0.6875
aa30a8d5c85be8d9,svhn,ssb-v2-block,mlp,protocol-v3,1.0,64,1,3,514,0.0014254580019041896,0.008071791962720454,772620288,0.6484375
aa30a8d5c85be8d9,svhn,ssb-v2-block,mlp,protocol-v3,1.0,64,1,3,515,0.0014780419878661633,0.00833329203305766,772620288,0.6796875
aa30a8d5c85be8d9,svhn,ssb-v2-block,mlp,protocol-v3,1.0,64,1,3,516,0.0014222500030882657,0.00868470803834498,772620288,0.7265625
aa30a8d5c85be8d9,svhn,ssb-v2-block,mlp,protocol-v3,1.0,64,1,3,517,0.0014751669950783253,0.008091459050774574,772620288,0.71875
aa30a8d5c85be8d9,svhn,ssb-v2-block,mlp,protocol-v3,1.0,64,1,3,518,0.0014153340016491711,0.008210707979742438,772620288,0.578125
aa30a8d5c85be8d9,svhn,ssb-v2-block,mlp,protocol-v3,1.0,64,1,3,519,0.0014667909708805382,0.008200124953873456,772620288,0.6640625
aa30a8d5c85be8d9,svhn,ssb-v2-block,mlp,protocol-v3,1.0,64,1,3,520,0.0014685830101370811,0.00814375001937151,772620288,0.6640625
aa30a8d5c85be8d9,svhn,ssb-v2-block,mlp,protocol-v3,1.0,64,1,3,521,0.0014204590115696192,0.008095750003121793,772620288,0.7421875
aa30a8d5c85be8d9,svhn,ssb-v2-block,mlp,protocol-v3,1.0,64,1,3,522,0.0014247079961933196,0.008197167015168816,772620288,0.703125
aa30a8d5c85be8d9,svhn,ssb-v2-block,mlp,protocol-v3,1.0,64,1,3,523,0.0014829170540906489,0.008279207977466285,772620288,0.703125
aa30a8d5c85be8d9,svhn,ssb-v2-block,mlp,protocol-v3,1.0,64,1,3,524,0.0014732920099049807,0.008035500010009855,772620288,0.6484375
aa30a8d5c85be8d9,svhn,ssb-v2-block,mlp,protocol-v3,1.0,64,1,3,525,0.0014177080010995269,0.008208874962292612,772620288,0.6640625
aa30a8d5c85be8d9,svhn,ssb-v2-block,mlp,protocol-v3,1.0,64,1,3,526,0.0014281249605119228,0.007947207952383906,772636672,0.6953125
aa30a8d5c85be8d9,svhn,ssb-v2-block,mlp,protocol-v3,1.0,64,1,3,527,0.001460542029235512,0.008008291013538837,772636672,0.59375
aa30a8d5c85be8d9,svhn,ssb-v2-block,mlp,protocol-v3,1.0,64,1,3,528,0.0014713340206071734,0.008146250038407743,772636672,0.6875
aa30a8d5c85be8d9,svhn,ssb-v2-block,mlp,protocol-v3,1.0,64,1,3,529,0.0014975409721955657,0.008217958034947515,772636672,0.6328125
aa30a8d5c85be8d9,svhn,ssb-v2-block,mlp,protocol-v3,1.0,64,1,3,530,0.0014752089628018439,0.008076541009359062,772636672,0.65625
aa30a8d5c85be8d9,svhn,ssb-v2-block,mlp,protocol-v3,1.0,64,1,3,531,0.0014665420167148113,0.008091791998595,772636672,0.6875
aa30a8d5c85be8d9,svhn,ssb-v2-block,mlp,protocol-v3,1.0,64,1,3,532,0.0014631249941885471,0.008049083000514656,772636672,0.6875
aa30a8d5c85be8d9,svhn,ssb-v2-block,mlp,protocol-v3,1.0,64,1,3,533,0.0014552500215359032,0.00814750004792586,772653056,0.734375
aa30a8d5c85be8d9,svhn,ssb-v2-block,mlp,protocol-v3,1.0,64,1,3,534,0.0014365830575115979,0.00806837499840185,772653056,0.7421875
aa30a8d5c85be8d9,svhn,ssb-v2-block,mlp,protocol-v3,1.0,64,1,3,535,0.0014584169839508832,0.007988833007402718,772653056,0.7109375
aa30a8d5c85be8d9,svhn,ssb-v2-block,mlp,protocol-v3,1.0,64,1,3,536,0.0014368339907377958,0.008085000037681311,772653056,0.6875
aa30a8d5c85be8d9,svhn,ssb-v2-block,mlp,protocol-v3,1.0,64,1,3,537,0.0014306249795481563,0.008103291969746351,772653056,0.6328125
aa30a8d5c85be8d9,svhn,ssb-v2-block,mlp,protocol-v3,1.0,64,1,3,538,0.0014680420281365514,0.008191125001758337,772653056,0.6875
aa30a8d5c85be8d9,svhn,ssb-v2-block,mlp,protocol-v3,1.0,64,1,3,539,0.0014291660045273602,0.008029791992157698,772653056,0.71875
aa30a8d5c85be8d9,svhn,ssb-v2-block,mlp,protocol-v3,1.0,64,1,3,540,0.001471000025048852,0.008060999971348792,772669440,0.75
aa30a8d5c85be8d9,svhn,ssb-v2-block,mlp,protocol-v3,1.0,64,1,3,541,0.0014107089955359697,0.00799283297965303,772669440,0.7265625
aa30a8d5c85be8d9,svhn,ssb-v2-block,mlp,protocol-v3,1.0,64,1,3,542,0.0014190000365488231,0.008127000008244067,772685824,0.6015625
aa30a8d5c85be8d9,svhn,ssb-v2-block,mlp,protocol-v3,1.0,64,1,3,543,0.0014676660066470504,0.007905500009655952,772685824,0.6875
aa30a8d5c85be8d9,svhn,ssb-v2-block,mlp,protocol-v3,1.0,64,1,3,544,0.0014617079868912697,0.008091334020718932,772685824,0.6796875
aa30a8d5c85be8d9,svhn,ssb-v2-block,mlp,protocol-v3,1.0,64,1,3,545,0.0014431250165216625,0.008012250007595867,772685824,0.6796875
aa30a8d5c85be8d9,svhn,ssb-v2-block,mlp,protocol-v3,1.0,64,1,3,546,0.0014232080429792404,0.008246292010881007,772685824,0.640625
aa30a8d5c85be8d9,svhn,ssb-v2-block,mlp,protocol-v3,1.0,64,1,3,547,0.0014381670043803751,0.008070541021879762,772685824,0.75
aa30a8d5c85be8d9,svhn,ssb-v2-block,mlp,protocol-v3,1.0,64,1,3,548,0.001440584019292146,0.008027250005397946,772685824,0.703125
aa30a8d5c85be8d9,svhn,ssb-v2-block,mlp,protocol-v3,1.0,64,1,3,549,0.0014682920300401747,0.008066749956924468,772685824,0.6796875
aa30a8d5c85be8d9,svhn,ssb-v2-block,mlp,protocol-v3,1.0,64,1,3,550,0.0014430420123971999,0.008042374975048006,772685824,0.734375
aa30a8d5c85be8d9,svhn,ssb-v2-block,mlp,protocol-v3,1.0,64,1,3,551,0.0014192500384524465,0.008239666000008583,772685824,0.6171875
aa30a8d5c85be8d9,svhn,ssb-v2-block,mlp,protocol-v3,1.0,64,1,3,552,0.0014288750244304538,0.00797029200475663,772685824,0.6875
aa30a8d5c85be8d9,svhn,ssb-v2-block,mlp,protocol-v3,1.0,64,1,3,553,0.0014241250464692712,0.008089124981779605,772685824,0.7109375
aa30a8d5c85be8d9,svhn,ssb-v2-block,mlp,protocol-v3,1.0,64,1,3,554,0.001471417024731636,0.008071624964941293,772685824,0.7265625
aa30a8d5c85be8d9,svhn,ssb-v2-block,mlp,protocol-v3,1.0,64,1,3,555,0.0014331249985843897,0.008244458003900945,772685824,0.6875
aa30a8d5c85be8d9,svhn,ssb-v2-block,mlp,protocol-v3,1.0,64,1,3,556,0.001453958044294268,0.008464042039122432,772702208,0.625
aa30a8d5c85be8d9,svhn,ssb-v2-block,mlp,protocol-v3,1.0,64,1,3,557,0.0014211669913493097,0.00803754199296236,772702208,0.7265625
aa30a8d5c85be8d9,svhn,ssb-v2-block,mlp,protocol-v3,1.0,64,1,3,558,0.0014347080141305923,0.008247749996371567,772702208,0.703125
aa30a8d5c85be8d9,svhn,ssb-v2-block,mlp,protocol-v3,1.0,64,1,3,559,0.0014166670152917504,0.008642665983643383,772718592,0.671875
aa30a8d5c85be8d9,svhn,ssb-v2-block,mlp,protocol-v3,1.0,64,1,3,560,0.0014435409684665501,0.00801175000378862,772718592,0.6640625
aa30a8d5c85be8d9,svhn,ssb-v2-block,mlp,protocol-v3,1.0,64,1,3,561,0.0014005829580128193,0.008144874998833984,772718592,0.6953125
aa30a8d5c85be8d9,svhn,ssb-v2-block,mlp,protocol-v3,1.0,64,1,3,562,0.0014856249908916652,0.008147292013745755,772718592,0.6796875
aa30a8d5c85be8d9,svhn,ssb-v2-block,mlp,protocol-v3,1.0,64,1,3,563,0.0014343329821713269,0.0081550829927437,772718592,0.6953125
aa30a8d5c85be8d9,svhn,ssb-v2-block,mlp,protocol-v3,1.0,64,1,3,564,0.0014535000082105398,0.008095708035398275,772751360,0.703125
aa30a8d5c85be8d9,svhn,ssb-v2-block,mlp,protocol-v3,1.0,64,1,3,565,0.0014266659854911268,0.008045167021919042,772751360,0.6875
aa30a8d5c85be8d9,svhn,ssb-v2-block,mlp,protocol-v3,1.0,64,1,3,566,0.001484750013332814,0.008066291979048401,772751360,0.6875
aa30a8d5c85be8d9,svhn,ssb-v2-block,mlp,protocol-v3,1.0,64,1,3,567,0.0014219169970601797,0.008037917024921626,772751360,0.6328125
aa30a8d5c85be8d9,svhn,ssb-v2-block,mlp,protocol-v3,1.0,64,1,3,568,0.0014174169627949595,0.008110333001241088,772751360,0.65625
aa30a8d5c85be8d9,svhn,ssb-v2-block,mlp,protocol-v3,1.0,64,1,3,569,0.0014464589767158031,0.008120792044792324,772751360,0.6875
aa30a8d5c85be8d9,svhn,ssb-v2-block,mlp,protocol-v3,1.0,64,1,3,570,0.0014958750107325613,0.00825850002001971,772751360,0.65625
aa30a8d5c85be8d9,svhn,ssb-v2-block,mlp,protocol-v3,1.0,64,1,3,571,0.0014650829834863544,0.00851966702612117,772784128,0.6953125
aa30a8d5c85be8d9,svhn,ssb-v2-block,mlp,protocol-v3,1.0,64,1,3,572,0.00122487498447299,0.007323083002120256,773095424,0.6585365853658537
