dataset,model,keep_ratio,seed,epoch,batch,backward_time_s,memory_bytes,batch_accuracy
svhn,pruning,0.7,3,1,0,0.030939375021262094,708853760,0.09375
svhn,pruning,0.7,3,1,1,0.002815416984958574,725057536,0.2109375
svhn,pruning,0.7,3,1,2,0.0019339999998919666,726007808,0.1484375
svhn,pruning,0.7,3,1,3,0.0015955840062815696,726007808,0.1171875
svhn,pruning,0.7,3,1,4,0.0016525409882888198,727564288,0.1796875
svhn,pruning,0.7,3,1,5,0.0015858749975450337,727580672,0.1328125
svhn,pruning,0.7,3,1,6,0.00153870799113065,727580672,0.140625
svhn,pruning,0.7,3,1,7,0.0016533329908270389,727580672,0.2109375
svhn,pruning,0.7,3,1,8,0.0016521670040674508,727580672,0.171875
svhn,pruning,0.7,3,1,9,0.0016550000000279397,727580672,0.1640625
svhn,pruning,0.7,3,1,10,0.0015808329917490482,729071616,0.21875
svhn,pruning,0.7,3,1,11,0.0016429579991381615,729743360,0.1484375
svhn,pruning,0.7,3,1,12,0.0016359580040443689,731332608,0.1875
svhn,pruning,0.7,3,1,13,0.001592291984707117,731332608,0.2265625
svhn,pruning,0.7,3,1,14,0.0016532500158064067,731332608,0.1953125
svhn,pruning,0.7,3,1,15,0.001688542019110173,731332608,0.1953125
svhn,pruning,0.7,3,1,16,0.0016307909972965717,731332608,0.15625
svhn,pruning,0.7,3,1,17,0.001619791000848636,731332608,0.2265625
svhn,pruning,0.7,3,1,18,0.0015416250098496675,732905472,0.1875
svhn,pruning,0.7,3,1,19,0.0015854579978622496,732905472,0.171875
svhn,pruning,0.7,3,1,20,0.0017317919991910458,732905472,0.21875
svhn,pruning,0.7,3,1,21,0.0016407079820055515,732921856,0.21875
svhn,pruning,0.7,3,1,22,0.0016254160145763308,732921856,0.1953125
svhn,pruning,0.7,3,1,23,0.001642874995013699,732921856,0.203125
svhn,pruning,0.7,3,1,24,0.001584666024427861,732921856,0.2265625
svhn,pruning,0.7,3,1,25,0.0016449170070700347,732921856,0.1953125
svhn,pruning,0.7,3,1,26,0.001621959003387019,732921856,0.1953125
svhn,pruning,0.7,3,1,27,0.0016122919914778322,732921856,0.1640625
svhn,pruning,0.7,3,1,28,0.0016329169739037752,732921856,0.171875
svhn,pruning,0.7,3,1,29,0.0016654590144753456,732921856,0.1640625
svhn,pruning,0.7,3,1,30,0.001521292026154697,732921856,0.1484375
svhn,pruning,0.7,3,1,31,0.0015782920236233622,732938240,0.21875
svhn,pruning,0.7,3,1,32,0.0016529590066056699,732938240,0.1953125
svhn,pruning,0.7,3,1,33,0.0016454589786008,732938240,0.140625
svhn,pruning,0.7,3,1,34,0.0015711250016465783,732938240,0.125
svhn,pruning,0.7,3,1,35,0.0016441250045318156,732938240,0.125
svhn,pruning,0.7,3,1,36,0.0015826250019017607,732938240,0.1484375
svhn,pruning,0.7,3,1,37,0.0016613750194665045,732938240,0.203125
svhn,pruning,0.7,3,1,38,0.001669666002271697,732938240,0.1875
svhn,pruning,0.7,3,1,39,0.00167012499878183,732971008,0.1640625
svhn,pruning,0.7,3,1,40,0.0016366250056307763,732971008,0.2421875
svhn,pruning,0.7,3,1,41,0.0016398339939769357,732971008,0.1640625
svhn,pruning,0.7,3,1,42,0.001637875015148893,732971008,0.1796875
svhn,pruning,0.7,3,1,43,0.001570166990859434,732971008,0.1640625
svhn,pruning,0.7,3,1,44,0.0016352920210920274,732971008,0.1796875
svhn,pruning,0.7,3,1,45,0.0016489579866174608,732971008,0.21875
svhn,pruning,0.7,3,1,46,0.0015521250024903566,732971008,0.1328125
svhn,pruning,0.7,3,1,47,0.0016374170081689954,732971008,0.1484375
svhn,pruning,0.7,3,1,48,0.0016222499834839255,732971008,0.1953125
svhn,pruning,0.7,3,1,49,0.0016354169929400086,732971008,0.1875
svhn,pruning,0.7,3,1,50,0.0015768749872222543,732987392,0.109375
svhn,pruning,0.7,3,1,51,0.0016446249792352319,732987392,0.1640625
svhn,pruning,0.7,3,1,52,0.0016345000185538083,732987392,0.15625
svhn,pruning,0.7,3,1,53,0.0016600420058239251,732987392,0.171875
svhn,pruning,0.7,3,1,54,0.0015276249905582517,733003776,0.1875
svhn,pruning,0.7,3,1,55,0.001568666979437694,733003776,0.1640625
svhn,pruning,0.7,3,1,56,0.0016382499889004976,733020160,0.15625
svhn,pruning,0.7,3,1,57,0.0017290829855483025,733020160,0.1484375
svhn,pruning,0.7,3,1,58,0.0015292919997591525,733020160,0.2109375
svhn,pruning,0.7,3,1,59,0.0015679170028306544,733020160,0.2421875
svhn,pruning,0.7,3,1,60,0.0016562920063734055,733020160,0.1875
svhn,pruning,0.7,3,1,61,0.0017206250049639493,733020160,0.21875
svhn,pruning,0.7,3,1,62,0.0015593749994877726,733020160,0.25
svhn,pruning,0.7,3,1,63,0.0016005000215955079,733020160,0.1640625
svhn,pruning,0.7,3,1,64,0.0016489590052515268,733020160,0.2109375
svhn,pruning,0.7,3,1,65,0.0016456249868497252,733020160,0.125
svhn,pruning,0.7,3,1,66,0.00163929199334234,733020160,0.203125
svhn,pruning,0.7,3,1,67,0.001661374990362674,733020160,0.2109375
svhn,pruning,0.7,3,1,68,0.0015129170205909759,733020160,0.171875
svhn,pruning,0.7,3,1,69,0.0016550419968552887,733020160,0.203125
svhn,pruning,0.7,3,1,70,0.001635624998016283,733020160,0.2109375
svhn,pruning,0.7,3,1,71,0.0016923749935813248,733020160,0.125
svhn,pruning,0.7,3,1,72,0.0016268750187009573,733020160,0.171875
svhn,pruning,0.7,3,1,73,0.0016389999946113676,733020160,0.1953125
svhn,pruning,0.7,3,1,74,0.001511250011390075,733020160,0.203125
svhn,pruning,0.7,3,1,75,0.0016711250063963234,733020160,0.1953125
svhn,pruning,0.7,3,1,76,0.0016317499976139516,733020160,0.1953125
svhn,pruning,0.7,3,1,77,0.0016406250069849193,733036544,0.1171875
svhn,pruning,0.7,3,1,78,0.0015732499887235463,733036544,0.1875
svhn,pruning,0.7,3,1,79,0.0016274590161629021,733036544,0.1640625
svhn,pruning,0.7,3,1,80,0.001637167006265372,733036544,0.171875
svhn,pruning,0.7,3,1,81,0.0015262910164892673,733036544,0.1953125
svhn,pruning,0.7,3,1,82,0.0015353329945355654,733036544,0.171875
svhn,pruning,0.7,3,1,83,0.0015982080076355487,733036544,0.1484375
svhn,pruning,0.7,3,1,84,0.0016374159895349294,733036544,0.1953125
svhn,pruning,0.7,3,1,85,0.001646874996367842,733036544,0.1875
svhn,pruning,0.7,3,1,86,0.0015378749812953174,733036544,0.171875
svhn,pruning,0.7,3,1,87,0.0015875420067459345,733036544,0.171875
svhn,pruning,0.7,3,1,88,0.0016272909997496754,733036544,0.1484375
svhn,pruning,0.7,3,1,89,0.001645500015001744,733036544,0.125
svhn,pruning,0.7,3,1,90,0.001558290998218581,733036544,0.1875
svhn,pruning,0.7,3,1,91,0.0018093340040650219,733036544,0.1796875
svhn,pruning,0.7,3,1,92,0.0016503750230185688,733036544,0.203125
svhn,pruning,0.7,3,1,93,0.0015321249957196414,733036544,0.203125
svhn,pruning,0.7,3,1,94,0.001580750016728416,733036544,0.21875
svhn,pruning,0.7,3,1,95,0.0016405830101575702,733036544,0.1953125
svhn,pruning,0.7,3,1,96,0.0015317090146709234,733036544,0.1875
svhn,pruning,0.7,3,1,97,0.0015742499963380396,733036544,0.2578125
svhn,pruning,0.7,3,1,98,0.0016372500103898346,733036544,0.140625
svhn,pruning,0.7,3,1,99,0.0016612500185146928,733052928,0.2265625
svhn,pruning,0.7,3,1,100,0.001524624996818602,733052928,0.15625
svhn,pruning,0.7,3,1,101,0.0016422090120613575,733052928,0.1953125
svhn,pruning,0.7,3,1,102,0.0016314999957103282,733052928,0.1796875
svhn,pruning,0.7,3,1,103,0.0016376659914385527,733052928,0.1484375
svhn,pruning,0.7,3,1,104,0.0015384169819299132,733052928,0.265625
svhn,pruning,0.7,3,1,105,0.0016499170160386711,733052928,0.1875
svhn,pruning,0.7,3,1,106,0.0016459590115118772,733069312,0.21875
svhn,pruning,0.7,3,1,107,0.0016192499897442758,733069312,0.2109375
svhn,pruning,0.7,3,1,108,0.0015182500064838678,733069312,0.1328125
svhn,pruning,0.7,3,1,109,0.001571583008626476,733069312,0.1484375
svhn,pruning,0.7,3,1,110,0.0016258749819826335,733069312,0.21875
svhn,pruning,0.7,3,1,111,0.0016146250127349049,733069312,0.2109375
svhn,pruning,0.7,3,1,112,0.001632416999200359,733069312,0.203125
svhn,pruning,0.7,3,1,113,0.0016378749860450625,733069312,0.1953125
svhn,pruning,0.7,3,1,114,0.0016435839934274554,733069312,0.109375
svhn,pruning,0.7,3,1,115,0.0016414159908890724,733069312,0.1484375
svhn,pruning,0.7,3,1,116,0.0016208750021178275,733069312,0.203125
svhn,pruning,0.7,3,1,117,0.0015768329903949052,733069312,0.1640625
svhn,pruning,0.7,3,1,118,0.0016384579939767718,733069312,0.1953125
svhn,pruning,0.7,3,1,119,0.0016458329919259995,733069312,0.234375
svhn,pruning,0.7,3,1,120,0.001521375001175329,733069312,0.1953125
svhn,pruning,0.7,3,1,121,0.0016492499853484333,733069312,0.1796875
svhn,pruning,0.7,3,1,122,0.0016245000006165355,733069312,0.1484375
svhn,pruning,0.7,3,1,123,0.0015285419940482825,733069312,0.1015625
svhn,pruning,0.7,3,1,124,0.0016310840146616101,733069312,0.2109375
svhn,pruning,0.7,3,1,125,0.001628792000701651,733069312,0.25
svhn,pruning,0.7,3,1,126,0.0015391250199172646,733069312,0.234375
svhn,pruning,0.7,3,1,127,0.001658833003602922,733069312,0.171875
svhn,pruning,0.7,3,1,128,0.001652042003115639,733069312,0.1953125
svhn,pruning,0.7,3,1,129,0.0015062089951243252,733069312,0.1953125
svhn,pruning,0.7,3,1,130,0.0016337499837391078,733069312,0.1796875
svhn,pruning,0.7,3,1,131,0.0016801669844426215,733069312,0.265625
svhn,pruning,0.7,3,1,132,0.0015241249930113554,733069312,0.1875
svhn,pruning,0.7,3,1,133,0.0016394169942941517,733069312,0.2265625
svhn,pruning,0.7,3,1,134,0.001592666987562552,733069312,0.171875
svhn,pruning,0.7,3,1,135,0.0015369169996120036,733069312,0.1953125
svhn,pruning,0.7,3,1,136,0.001522334001492709,733069312,0.1484375
svhn,pruning,0.7,3,1,137,0.0016557909839320928,733069312,0.15625
svhn,pruning,0.7,3,1,138,0.0016203330014832318,733069312,0.21875
svhn,pruning,0.7,3,1,139,0.0015922500169835985,733069312,0.1796875
svhn,pruning,0.7,3,1,140,0.0015179589972831309,733069312,0.15625
svhn,pruning,0.7,3,1,141,0.0016368750075343996,733069312,0.1640625
svhn,pruning,0.7,3,1,142,0.0016595000051893294,733069312,0.1953125
svhn,pruning,0.7,3,1,143,0.0016318749985657632,733069312,0.15625
svhn,pruning,0.7,3,1,144,0.001608582999324426,733069312,0.15625
svhn,pruning,0.7,3,1,145,0.0015427920152433217,733069312,0.1484375
svhn,pruning,0.7,3,1,146,0.0016467499954160303,733069312,0.171875
svhn,pruning,0.7,3,1,147,0.0016090839926619083,733069312,0.1875
svhn,pruning,0.7,3,1,148,0.001532458991277963,733069312,0.234375
svhn,pruning,0.7,3,1,149,0.001603208016604185,733069312,0.234375
svhn,pruning,0.7,3,1,150,0.001640417001908645,733085696,0.109375
svhn,pruning,0.7,3,1,151,0.001642583025386557,733085696,0.1953125
svhn,pruning,0.7,3,1,152,0.0016446250083390623,733085696,0.234375
svhn,pruning,0.7,3,1,153,0.0015177919995039701,733085696,0.234375
svhn,pruning,0.7,3,1,154,0.0016267500177491456,733085696,0.2578125
svhn,pruning,0.7,3,1,155,0.0015997500158846378,733085696,0.140625
svhn,pruning,0.7,3,1,156,0.0015228749834932387,733085696,0.1796875
svhn,pruning,0.7,3,1,157,0.0016460839833598584,733085696,0.1953125
svhn,pruning,0.7,3,1,158,0.0016262079880107194,733085696,0.125
svhn,pruning,0.7,3,1,159,0.0015347920125350356,733085696,0.21875
svhn,pruning,0.7,3,1,160,0.0015616249875165522,733085696,0.1953125
svhn,pruning,0.7,3,1,161,0.0016418749873992056,733085696,0.1953125
svhn,pruning,0.7,3,1,162,0.001616416993783787,733085696,0.1640625
svhn,pruning,0.7,3,1,163,0.0016274169902317226,733085696,0.25
svhn,pruning,0.7,3,1,164,0.0016348749923054129,733085696,0.140625
svhn,pruning,0.7,3,1,165,0.0016240830009337515,733085696,0.1953125
svhn,pruning,0.7,3,1,166,0.0015309169830288738,733085696,0.1953125
svhn,pruning,0.7,3,1,167,0.0016550829750485718,733085696,0.203125
svhn,pruning,0.7,3,1,168,0.0016217919765040278,733085696,0.1796875
svhn,pruning,0.7,3,1,169,0.001652291975915432,733085696,0.1953125
svhn,pruning,0.7,3,1,170,0.0016796670097392052,733085696,0.1796875
svhn,pruning,0.7,3,1,171,0.001648624980589375,733085696,0.1640625
svhn,pruning,0.7,3,1,172,0.0016276249953079969,733085696,0.1796875
svhn,pruning,0.7,3,1,173,0.0015714170003775507,733085696,0.125
svhn,pruning,0.7,3,1,174,0.0016427079972345382,733085696,0.21875
svhn,pruning,0.7,3,1,175,0.0016324580064974725,733085696,0.1640625
svhn,pruning,0.7,3,1,176,0.0016367080097552389,733085696,0.2421875
svhn,pruning,0.7,3,1,177,0.001636458997381851,733085696,0.1171875
svhn,pruning,0.7,3,1,178,0.0016344589821528643,733085696,0.203125
svhn,pruning,0.7,3,1,179,0.0016369999793823808,733085696,0.2578125
svhn,pruning,0.7,3,1,180,0.0015290830051526427,733085696,0.1953125
svhn,pruning,0.7,3,1,181,0.0015915840049274266,733085696,0.1640625
svhn,pruning,0.7,3,1,182,0.0016441250045318156,733085696,0.21875
svhn,pruning,0.7,3,1,183,0.0016392079996876419,733085696,0.203125
svhn,pruning,0.7,3,1,184,0.0015183750074356794,733102080,0.1328125
svhn,pruning,0.7,3,1,185,0.0015782080008648336,733102080,0.203125
svhn,pruning,0.7,3,1,186,0.0016388340154662728,733102080,0.140625
svhn,pruning,0.7,3,1,187,0.0015418330149259418,733102080,0.1640625
svhn,pruning,0.7,3,1,188,0.0015574579883832484,733102080,0.2265625
svhn,pruning,0.7,3,1,189,0.0016056250024121255,733102080,0.1484375
svhn,pruning,0.7,3,1,190,0.0016317499976139516,733102080,0.1875
svhn,pruning,0.7,3,1,191,0.0015248749987222254,733102080,0.15625
svhn,pruning,0.7,3,1,192,0.0015850409981794655,733102080,0.1640625
svhn,pruning,0.7,3,1,193,0.001647625002078712,733102080,0.1953125
svhn,pruning,0.7,3,1,194,0.001608917023986578,733102080,0.1953125
svhn,pruning,0.7,3,1,195,0.0015227500116452575,733102080,0.203125
svhn,pruning,0.7,3,1,196,0.0016436660080216825,733102080,0.203125
svhn,pruning,0.7,3,1,197,0.001634541986277327,733102080,0.28125
svhn,pruning,0.7,3,1,198,0.0014866249985061586,733102080,0.2265625
svhn,pruning,0.7,3,1,199,0.0016395419952459633,733102080,0.15625
svhn,pruning,0.7,3,1,200,0.0015375000075437129,733102080,0.203125
svhn,pruning,0.7,3,1,201,0.0014997500111348927,733102080,0.1796875
svhn,pruning,0.7,3,1,202,0.001582166994921863,733102080,0.1953125
svhn,pruning,0.7,3,1,203,0.0016067500109784305,733102080,0.265625
svhn,pruning,0.7,3,1,204,0.001607084006536752,733102080,0.1640625
svhn,pruning,0.7,3,1,205,0.0015027500048745424,733102080,0.2109375
svhn,pruning,0.7,3,1,206,0.0015626249951310456,733102080,0.1640625
svhn,pruning,0.7,3,1,207,0.0016453750140499324,733102080,0.21875
svhn,pruning,0.7,3,1,208,0.0016217079828493297,733102080,0.25
svhn,pruning,0.7,3,1,209,0.00163162499666214,733102080,0.2890625
svhn,pruning,0.7,3,1,210,0.001608207996468991,733102080,0.21875
svhn,pruning,0.7,3,1,211,0.0016602500109001994,733102080,0.171875
svhn,pruning,0.7,3,1,212,0.001632792002055794,733102080,0.1953125
svhn,pruning,0.7,3,1,213,0.0015248749987222254,733102080,0.2265625
svhn,pruning,0.7,3,1,214,0.0015689579886384308,733102080,0.1953125
svhn,pruning,0.7,3,1,215,0.0016532920126337558,733102080,0.171875
svhn,pruning,0.7,3,1,216,0.0016962919908110052,733102080,0.171875
svhn,pruning,0.7,3,1,217,0.0015321669925469905,733102080,0.1875
svhn,pruning,0.7,3,1,218,0.001540792000014335,733102080,0.1953125
svhn,pruning,0.7,3,1,219,0.0016538749914616346,733102080,0.203125
svhn,pruning,0.7,3,1,220,0.0015300420054700226,733102080,0.2421875
svhn,pruning,0.7,3,1,221,0.0015972499968484044,733102080,0.1796875
svhn,pruning,0.7,3,1,222,0.0016361669986508787,733102080,0.203125
svhn,pruning,0.7,3,1,223,0.0016137500060722232,733102080,0.2109375
svhn,pruning,0.7,3,1,224,0.0015371250046882778,733118464,0.1875
svhn,pruning,0.7,3,1,225,0.0016400830063503236,733118464,0.140625
svhn,pruning,0.7,3,1,226,0.0016367080097552389,733118464,0.171875
svhn,pruning,0.7,3,1,227,0.0016062499780673534,733118464,0.1484375
svhn,pruning,0.7,3,1,228,0.0016297079855576158,733118464,0.203125
svhn,pruning,0.7,3,1,229,0.0016242090205196291,733118464,0.21875
svhn,pruning,0.7,3,1,230,0.0015411250060424209,733118464,0.203125
svhn,pruning,0.7,3,1,231,0.0016447919770143926,733118464,0.1953125
svhn,pruning,0.7,3,1,232,0.0016452920099254698,733118464,0.2421875
svhn,pruning,0.7,3,1,233,0.0016346249904017895,733134848,0.1796875
svhn,pruning,0.7,3,1,234,0.0015253750025294721,733134848,0.2109375
svhn,pruning,0.7,3,1,235,0.0016415830177720636,733134848,0.171875
svhn,pruning,0.7,3,1,236,0.0016523340018466115,733134848,0.171875
svhn,pruning,0.7,3,1,237,0.0016900000046007335,733134848,0.1796875
svhn,pruning,0.7,3,1,238,0.0015754170017316937,733134848,0.28125
svhn,pruning,0.7,3,1,239,0.0016600829840172082,733134848,0.1953125
svhn,pruning,0.7,3,1,240,0.0016331660153809935,733134848,0.2109375
svhn,pruning,0.7,3,1,241,0.0016433330019935966,733134848,0.25
svhn,pruning,0.7,3,1,242,0.0015270000149030238,733134848,0.296875
svhn,pruning,0.7,3,1,243,0.0016429579991381615,733134848,0.203125
svhn,pruning,0.7,3,1,244,0.00164079200476408,733134848,0.140625
svhn,pruning,0.7,3,1,245,0.0016358749999199063,733134848,0.21875
svhn,pruning,0.7,3,1,246,0.0015283749962691218,733134848,0.1484375
svhn,pruning,0.7,3,1,247,0.0016320000286214054,733134848,0.1796875
svhn,pruning,0.7,3,1,248,0.0016174170013982803,733134848,0.328125
svhn,pruning,0.7,3,1,249,0.0015350000176113099,733134848,0.2265625
svhn,pruning,0.7,3,1,250,0.001637458975892514,733134848,0.25
svhn,pruning,0.7,3,1,251,0.0016390829987358302,733134848,0.1796875
svhn,pruning,0.7,3,1,252,0.001640708011109382,733134848,0.1953125
svhn,pruning,0.7,3,1,253,0.0015871670038904995,733134848,0.2578125
svhn,pruning,0.7,3,1,254,0.0016358749999199063,733134848,0.1953125
svhn,pruning,0.7,3,1,255,0.0015952920075505972,733134848,0.1796875
svhn,pruning,0.7,3,1,256,0.0015862079744692892,733134848,0.21875
svhn,pruning,0.7,3,1,257,0.0017472920008003712,733134848,0.1796875
svhn,pruning,0.7,3,1,258,0.0020564590231515467,733134848,0.2265625
svhn,pruning,0.7,3,1,259,0.0023288340016733855,733151232,0.203125
svhn,pruning,0.7,3,1,260,0.0020067919977009296,733151232,0.3046875
svhn,pruning,0.7,3,1,261,0.001802208978915587,733151232,0.171875
svhn,pruning,0.7,3,1,262,0.0015433749940712005,733151232,0.234375
svhn,pruning,0.7,3,1,263,0.0017586250032763928,733151232,0.15625
svhn,pruning,0.7,3,1,264,0.001677749998634681,733151232,0.28125
svhn,pruning,0.7,3,1,265,0.0015161659976001829,733151232,0.21875
svhn,pruning,0.7,3,1,266,0.0015610829868819565,733151232,0.2890625
svhn,pruning,0.7,3,1,267,0.0016573750181123614,733151232,0.2109375
svhn,pruning,0.7,3,1,268,0.0016429999959655106,733151232,0.1875
svhn,pruning,0.7,3,1,269,0.0015642920043319464,733151232,0.203125
svhn,pruning,0.7,3,1,270,0.0016417090082541108,733151232,0.2109375
svhn,pruning,0.7,3,1,271,0.001653041021199897,733151232,0.1796875
svhn,pruning,0.7,3,1,272,0.0016043339855968952,733151232,0.09375
svhn,pruning,0.7,3,1,273,0.0016349999932572246,733151232,0.21875
svhn,pruning,0.7,3,1,274,0.0016229170141741633,733151232,0.1640625
svhn,pruning,0.7,3,1,275,0.0015870000061113387,733151232,0.25
svhn,pruning,0.7,3,1,276,0.0016424169880338013,733151232,0.234375
svhn,pruning,0.7,3,1,277,0.001619084010599181,733151232,0.28125
svhn,pruning,0.7,3,1,278,0.00163704197620973,733151232,0.21875
svhn,pruning,0.7,3,1,279,0.0015770000172778964,733151232,0.171875
svhn,pruning,0.7,3,1,280,0.0016413329867646098,733151232,0.21875
svhn,pruning,0.7,3,1,281,0.0016532079898752272,733151232,0.15625
svhn,pruning,0.7,3,1,282,0.0016230839828494936,733151232,0.234375
svhn,pruning,0.7,3,1,283,0.0015703749959357083,733151232,0.234375
svhn,pruning,0.7,3,1,284,0.0016293750086333603,733151232,0.2265625
svhn,pruning,0.7,3,1,285,0.0016325420001521707,733151232,0.25
svhn,pruning,0.7,3,1,286,0.0015164579963311553,733151232,0.234375
svhn,pruning,0.7,3,1,287,0.0016635829815641046,733151232,0.1640625
svhn,pruning,0.7,3,1,288,0.0016100420034490526,733151232,0.21875
svhn,pruning,0.7,3,1,289,0.0016610829916317016,733151232,0.234375
svhn,pruning,0.7,3,1,290,0.0016523340018466115,733167616,0.234375
svhn,pruning,0.7,3,1,291,0.001657500019064173,733167616,0.2421875
svhn,pruning,0.7,3,1,292,0.0016425420180894434,733167616,0.171875
svhn,pruning,0.7,3,1,293,0.0016138330101966858,733167616,0.2265625
svhn,pruning,0.7,3,1,294,0.0016390410019084811,733167616,0.203125
svhn,pruning,0.7,3,1,295,0.001630250015296042,733167616,0.1796875
svhn,pruning,0.7,3,1,296,0.0015483330062124878,733167616,0.1875
svhn,pruning,0.7,3,1,297,0.0016652089834678918,733167616,0.2109375
svhn,pruning,0.7,3,1,298,0.0016387919895350933,733167616,0.1953125
svhn,pruning,0.7,3,1,299,0.001629500009585172,733167616,0.203125
svhn,pruning,0.7,3,1,300,0.0016080409986898303,733167616,0.21875
svhn,pruning,0.7,3,1,301,0.001634250016650185,733167616,0.265625
svhn,pruning,0.7,3,1,302,0.0016366250056307763,733167616,0.21875
svhn,pruning,0.7,3,1,303,0.0015381249831989408,733167616,0.2734375
svhn,pruning,0.7,3,1,304,0.0016465000226162374,733167616,0.25
svhn,pruning,0.7,3,1,305,0.001642541988985613,733167616,0.203125
svhn,pruning,0.7,3,1,306,0.0016275830275844783,733167616,0.1796875
svhn,pruning,0.7,3,1,307,0.0016337500128429383,733167616,0.265625
svhn,pruning,0.7,3,1,308,0.0015475830005016178,733167616,0.21875
svhn,pruning,0.7,3,1,309,0.0016320840222761035,733167616,0.1953125
svhn,pruning,0.7,3,1,310,0.0016410420066677034,733167616,0.2421875
svhn,pruning,0.7,3,1,311,0.0015218750049825758,733167616,0.2421875
svhn,pruning,0.7,3,1,312,0.0016430830000899732,733167616,0.2734375
svhn,pruning,0.7,3,1,313,0.0016758750134613365,733167616,0.1953125
svhn,pruning,0.7,3,1,314,0.0015460829890798777,733167616,0.265625
svhn,pruning,0.7,3,1,315,0.0015669999993406236,733184000,0.25
svhn,pruning,0.7,3,1,316,0.0016332919767592102,733184000,0.1953125
svhn,pruning,0.7,3,1,317,0.0016615419881418347,733184000,0.265625
svhn,pruning,0.7,3,1,318,0.0015768329903949052,733184000,0.265625
svhn,pruning,0.7,3,1,319,0.0016412909899372607,733184000,0.265625
svhn,pruning,0.7,3,1,320,0.0016522079822607338,733184000,0.1953125
svhn,pruning,0.7,3,1,321,0.0015359170211013407,733184000,0.265625
svhn,pruning,0.7,3,1,322,0.0015195420128293335,733184000,0.21875
svhn,pruning,0.7,3,1,323,0.0016612079925835133,733184000,0.21875
svhn,pruning,0.7,3,1,324,0.001642208982957527,733184000,0.1796875
svhn,pruning,0.7,3,1,325,0.0015835409867577255,733184000,0.2421875
svhn,pruning,0.7,3,1,326,0.0016227920132223517,733184000,0.234375
svhn,pruning,0.7,3,1,327,0.0016550000000279397,733184000,0.203125
svhn,pruning,0.7,3,1,328,0.0015324169944506139,733184000,0.21875
svhn,pruning,0.7,3,1,329,0.0015131249965634197,733184000,0.2578125
svhn,pruning,0.7,3,1,330,0.0016509999986737967,733184000,0.21875
svhn,pruning,0.7,3,1,331,0.0016410410171374679,733184000,0.2578125
svhn,pruning,0.7,3,1,332,0.0015768749872222543,733200384,0.2109375
svhn,pruning,0.7,3,1,333,0.0016434589924756438,733200384,0.1953125
svhn,pruning,0.7,3,1,334,0.0016207089938689023,733200384,0.2421875
svhn,pruning,0.7,3,1,335,0.0015458329871762544,733200384,0.2734375
svhn,pruning,0.7,3,1,336,0.001608958002179861,733200384,0.1953125
svhn,pruning,0.7,3,1,337,0.0016311670187860727,733200384,0.265625
svhn,pruning,0.7,3,1,338,0.0016361669986508787,733200384,0.2109375
svhn,pruning,0.7,3,1,339,0.0015260420041158795,733200384,0.3046875
svhn,pruning,0.7,3,1,340,0.0015736659988760948,733200384,0.25
svhn,pruning,0.7,3,1,341,0.0015809170145075768,733200384,0.203125
svhn,pruning,0.7,3,1,342,0.0016431249969173223,733200384,0.21875
svhn,pruning,0.7,3,1,343,0.001543833001051098,733200384,0.1953125
svhn,pruning,0.7,3,1,344,0.0016411660180892795,733200384,0.203125
svhn,pruning,0.7,3,1,345,0.0016047919925767928,733200384,0.1953125
svhn,pruning,0.7,3,1,346,0.0015307080175261945,733200384,0.28125
svhn,pruning,0.7,3,1,347,0.0015281669911928475,733200384,0.25
svhn,pruning,0.7,3,1,348,0.0015238330233842134,733200384,0.21875
svhn,pruning,0.7,3,1,349,0.0016442920023109764,733200384,0.1875
svhn,pruning,0.7,3,1,350,0.001641500013647601,733200384,0.2578125
svhn,pruning,0.7,3,1,351,0.0016460829938296229,733200384,0.2421875
svhn,pruning,0.7,3,1,352,0.0016262080171145499,733200384,0.1953125
svhn,pruning,0.7,3,1,353,0.001646499993512407,733151232,0.234375
svhn,pruning,0.7,3,1,354,0.0017237089923582971,733151232,0.2265625
svhn,pruning,0.7,3,1,355,0.001604959019459784,733151232,0.234375
svhn,pruning,0.7,3,1,356,0.0016607499856036156,733151232,0.15625
svhn,pruning,0.7,3,1,357,0.0015302499814424664,733151232,0.21875
svhn,pruning,0.7,3,1,358,0.001648750010645017,733151232,0.2109375
svhn,pruning,0.7,3,1,359,0.001636834000237286,733151232,0.2421875
svhn,pruning,0.7,3,1,360,0.0017234160040970892,733167616,0.2265625
svhn,pruning,0.7,3,1,361,0.0015267920098267496,733167616,0.234375
svhn,pruning,0.7,3,1,362,0.0016517920012120157,733184000,0.1875
svhn,pruning,0.7,3,1,363,0.0016442089981865138,733184000,0.2734375
svhn,pruning,0.7,3,1,364,0.0016362080059479922,733184000,0.2421875
svhn,pruning,0.7,3,1,365,0.0015183329815045,733184000,0.234375
svhn,pruning,0.7,3,1,366,0.0015754170017316937,733184000,0.2265625
svhn,pruning,0.7,3,1,367,0.001633833016967401,733184000,0.3046875
svhn,pruning,0.7,3,1,368,0.0016439169994555414,733184000,0.2890625
svhn,pruning,0.7,3,1,369,0.0016419580206274986,733184000,0.21875
svhn,pruning,0.7,3,1,370,0.0016380830202251673,733184000,0.1875
svhn,pruning,0.7,3,1,371,0.001779375015757978,733184000,0.203125
svhn,pruning,0.7,3,1,372,0.0015312499890569597,733184000,0.1171875
svhn,pruning,0.7,3,1,373,0.0016284580051433295,733184000,0.1796875
svhn,pruning,0.7,3,1,374,0.001629957987461239,733184000,0.296875
svhn,pruning,0.7,3,1,375,0.0016178340010810643,733184000,0.203125
svhn,pruning,0.7,3,1,376,0.001644375006435439,733184000,0.1484375
svhn,pruning,0.7,3,1,377,0.001573125016875565,733184000,0.1875
svhn,pruning,0.7,3,1,378,0.0016145000117830932,733184000,0.1953125
svhn,pruning,0.7,3,1,379,0.0016212920018006116,733184000,0.1953125
svhn,pruning,0.7,3,1,380,0.0015146250079851598,733184000,0.234375
svhn,pruning,0.7,3,1,381,0.001520624995464459,733184000,0.1875
svhn,pruning,0.7,3,1,382,0.0016410000098403543,733184000,0.21875
svhn,pruning,0.7,3,1,383,0.0016321250004693866,733184000,0.171875
svhn,pruning,0.7,3,1,384,0.0015249169955495745,733184000,0.171875
svhn,pruning,0.7,3,1,385,0.0015591669944114983,733184000,0.25
svhn,pruning,0.7,3,1,386,0.0016525000100955367,733184000,0.2421875
svhn,pruning,0.7,3,1,387,0.0016151659947354347,733184000,0.265625
svhn,pruning,0.7,3,1,388,0.0016419579915236682,733184000,0.1875
svhn,pruning,0.7,3,1,389,0.0015612499846611172,733184000,0.21875
svhn,pruning,0.7,3,1,390,0.0016344169853255153,733184000,0.234375
svhn,pruning,0.7,3,1,391,0.001635624998016283,733184000,0.15625
svhn,pruning,0.7,3,1,392,0.0016534999886061996,733184000,0.203125
svhn,pruning,0.7,3,1,393,0.0015098330040927976,733184000,0.265625
svhn,pruning,0.7,3,1,394,0.0016359160072170198,733184000,0.203125
svhn,pruning,0.7,3,1,395,0.0016699169937055558,733184000,0.2421875
svhn,pruning,0.7,3,1,396,0.0015399999974761158,733184000,0.171875
svhn,pruning,0.7,3,1,397,0.0016296250105369836,733184000,0.203125
svhn,pruning,0.7,3,1,398,0.001594083005329594,733184000,0.2265625
svhn,pruning,0.7,3,1,399,0.0016297920083161443,733184000,0.21875
svhn,pruning,0.7,3,1,400,0.0015085409977473319,733184000,0.203125
svhn,pruning,0.7,3,1,401,0.0015829589974600822,733200384,0.3125
svhn,pruning,0.7,3,1,402,0.001608125021448359,733200384,0.203125
svhn,pruning,0.7,3,1,403,0.0016473750001750886,733200384,0.2421875
svhn,pruning,0.7,3,1,404,0.0016354999970644712,733200384,0.203125
svhn,pruning,0.7,3,1,405,0.0016413750126957893,733200384,0.21875
svhn,pruning,0.7,3,1,406,0.0015393749927170575,733200384,0.21875
svhn,pruning,0.7,3,1,407,0.0016491660207975656,733200384,0.1875
svhn,pruning,0.7,3,1,408,0.0015501249872613698,733200384,0.265625
svhn,pruning,0.7,3,1,409,0.0016059580084402114,733200384,0.171875
svhn,pruning,0.7,3,1,410,0.001636375003727153,733200384,0.1484375
svhn,pruning,0.7,3,1,411,0.0015368330059573054,733200384,0.21875
svhn,pruning,0.7,3,1,412,0.0015525000053457916,733200384,0.2421875
svhn,pruning,0.7,3,1,413,0.0015186670061666518,733200384,0.1640625
svhn,pruning,0.7,3,1,414,0.0016417920123785734,733200384,0.203125
svhn,pruning,0.7,3,1,415,0.0016423749912064523,733200384,0.21875
svhn,pruning,0.7,3,1,416,0.0015403750003315508,733200384,0.25
svhn,pruning,0.7,3,1,417,0.001617542002350092,733200384,0.1953125
svhn,pruning,0.7,3,1,418,0.001625957986107096,733200384,0.1953125
svhn,pruning,0.7,3,1,419,0.0014877500070724636,733200384,0.2578125
svhn,pruning,0.7,3,1,420,0.001618334004888311,733200384,0.2578125
svhn,pruning,0.7,3,1,421,0.0016499999910593033,733200384,0.3203125
svhn,pruning,0.7,3,1,422,0.0015810829936526716,733200384,0.2109375
svhn,pruning,0.7,3,1,423,0.0015384170110337436,733200384,0.21875
svhn,pruning,0.7,3,1,424,0.0016416670114267617,733200384,0.2265625
svhn,pruning,0.7,3,1,425,0.0015505420160479844,733200384,0.2265625
svhn,pruning,0.7,3,1,426,0.0015746660064905882,733200384,0.21875
svhn,pruning,0.7,3,1,427,0.0025319580163341016,736526336,0.265625
svhn,pruning,0.7,3,1,428,0.0016298330156132579,737067008,0.2734375
svhn,pruning,0.7,3,1,429,0.002776166977128014,737067008,0.2109375
svhn,pruning,0.7,3,1,430,0.0020408340205904096,737067008,0.171875
svhn,pruning,0.7,3,1,431,0.001845957973273471,737067008,0.25
svhn,pruning,0.7,3,1,432,0.0015445000026375055,737067008,0.2265625
svhn,pruning,0.7,3,1,433,0.0016753749805502594,737067008,0.28125
svhn,pruning,0.7,3,1,434,0.0015302500105462968,737083392,0.203125
svhn,pruning,0.7,3,1,435,0.0018909579957835376,737083392,0.21875
svhn,pruning,0.7,3,1,436,0.001660333015024662,737083392,0.2265625
svhn,pruning,0.7,3,1,437,0.0016282919968944043,737083392,0.1953125
svhn,pruning,0.7,3,1,438,0.0016454159922432154,737083392,0.2265625
svhn,pruning,0.7,3,1,439,0.001598125003511086,737083392,0.234375
svhn,pruning,0.7,3,1,440,0.0015562920016236603,737083392,0.234375
svhn,pruning,0.7,3,1,441,0.0015882500156294554,737083392,0.25
svhn,pruning,0.7,3,1,442,0.0016347089840564877,737083392,0.1484375
svhn,pruning,0.7,3,1,443,0.0015863750013522804,737083392,0.2265625
svhn,pruning,0.7,3,1,444,0.0015037919802125543,737083392,0.1796875
svhn,pruning,0.7,3,1,445,0.001619832997675985,737083392,0.2109375
svhn,pruning,0.7,3,1,446,0.0016582499956712127,737083392,0.3046875
svhn,pruning,0.7,3,1,447,0.0016032920102588832,737083392,0.2265625
svhn,pruning,0.7,3,1,448,0.0015883749874774367,737083392,0.1875
svhn,pruning,0.7,3,1,449,0.0015600830083712935,737083392,0.1875
svhn,pruning,0.7,3,1,450,0.001635708991670981,737083392,0.1953125
svhn,pruning,0.7,3,1,451,0.0015184999792836607,737083392,0.21875
svhn,pruning,0.7,3,1,452,0.0016398750012740493,737083392,0.2421875
svhn,pruning,0.7,3,1,453,0.0016394999984186143,737083392,0.1953125
svhn,pruning,0.7,3,1,454,0.001660999987507239,737083392,0.296875
svhn,pruning,0.7,3,1,455,0.0015407080063596368,737083392,0.2578125
svhn,pruning,0.7,3,1,456,0.0016502919897902757,737083392,0.2109375
svhn,pruning,0.7,3,1,457,0.0016292080108541995,737083392,0.2265625
svhn,pruning,0.7,3,1,458,0.001642124989302829,737083392,0.203125
svhn,pruning,0.7,3,1,459,0.0016611669852863997,737083392,0.21875
svhn,pruning,0.7,3,1,460,0.0015232090081553906,737083392,0.234375
svhn,pruning,0.7,3,1,461,0.0016524159873370081,737083392,0.1953125
svhn,pruning,0.7,3,1,462,0.0016462499916087836,737083392,0.25
svhn,pruning,0.7,3,1,463,0.0016322079754900187,737083392,0.3125
svhn,pruning,0.7,3,1,464,0.0015438749978784472,737083392,0.2890625
svhn,pruning,0.7,3,1,465,0.0016148750146385282,737083392,0.265625
svhn,pruning,0.7,3,1,466,0.0016359580040443689,737083392,0.1796875
svhn,pruning,0.7,3,1,467,0.0016515839961357415,737083392,0.1875
svhn,pruning,0.7,3,1,468,0.0016505410021636635,737083392,0.34375
svhn,pruning,0.7,3,1,469,0.0016264999867416918,737083392,0.1953125
svhn,pruning,0.7,3,1,470,0.0016293330118060112,737083392,0.203125
svhn,pruning,0.7,3,1,471,0.0024255409953184426,737116160,0.3046875
svhn,pruning,0.7,3,1,472,0.0019003749766852707,738983936,0.2578125
svhn,pruning,0.7,3,1,473,0.0016785839980002493,738983936,0.203125
svhn,pruning,0.7,3,1,474,0.0019969169807154685,738983936,0.2109375
svhn,pruning,0.7,3,1,475,0.0021429170155897737,738983936,0.2421875
svhn,pruning,0.7,3,1,476,0.001876750000519678,738983936,0.21875
svhn,pruning,0.7,3,1,477,0.0016462079947814345,738983936,0.1796875
svhn,pruning,0.7,3,1,478,0.0016525839746464044,738983936,0.1796875
svhn,pruning,0.7,3,1,479,0.0015877920086495578,738983936,0.25
svhn,pruning,0.7,3,1,480,0.0016434580029454082,738983936,0.2578125
svhn,pruning,0.7,3,1,481,0.0015393749927170575,738983936,0.2421875
svhn,pruning,0.7,3,1,482,0.0015779589884914458,738983936,0.265625
svhn,pruning,0.7,3,1,483,0.0015404580044560134,738983936,0.2109375
svhn,pruning,0.7,3,1,484,0.0016445830115117133,738983936,0.2265625
svhn,pruning,0.7,3,1,485,0.0015344170096796006,738983936,0.1875
svhn,pruning,0.7,3,1,486,0.0015226669784169644,738983936,0.203125
svhn,pruning,0.7,3,1,487,0.0016235829971265048,739016704,0.2734375
svhn,pruning,0.7,3,1,488,0.0015247499977704138,739016704,0.1875
svhn,pruning,0.7,3,1,489,0.0015352499904111028,739016704,0.2421875
svhn,pruning,0.7,3,1,490,0.001625915989279747,739033088,0.2265625
svhn,pruning,0.7,3,1,491,0.0016016250010579824,739033088,0.1953125
svhn,pruning,0.7,3,1,492,0.001499583013355732,739033088,0.2421875
svhn,pruning,0.7,3,1,493,0.0016300419811159372,739033088,0.2578125
svhn,pruning,0.7,3,1,494,0.0015888750203885138,739033088,0.296875
svhn,pruning,0.7,3,1,495,0.0015236249892041087,739033088,0.15625
svhn,pruning,0.7,3,1,496,0.001556000002892688,739033088,0.2109375
svhn,pruning,0.7,3,1,497,0.0016377500141970813,739033088,0.1953125
svhn,pruning,0.7,3,1,498,0.0016354580002371222,739033088,0.1953125
svhn,pruning,0.7,3,1,499,0.0016473750001750886,739033088,0.2734375
svhn,pruning,0.7,3,1,500,0.0015273750177584589,739033088,0.2578125
svhn,pruning,0.7,3,1,501,0.0015677920018788427,739033088,0.25
svhn,pruning,0.7,3,1,502,0.0016482079809065908,739033088,0.2265625
svhn,pruning,0.7,3,1,503,0.0016367089992854744,739033088,0.2421875
svhn,pruning,0.7,3,1,504,0.001488000008976087,739033088,0.2109375
svhn,pruning,0.7,3,1,505,0.001621957984752953,739033088,0.1953125
svhn,pruning,0.7,3,1,506,0.0016427499940618873,739033088,0.234375
svhn,pruning,0.7,3,1,507,0.001518083008704707,739033088,0.1796875
svhn,pruning,0.7,3,1,508,0.0016201669932343066,739033088,0.203125
svhn,pruning,0.7,3,1,509,0.0016311250219587237,739033088,0.3046875
svhn,pruning,0.7,3,1,510,0.001629500009585172,739033088,0.21875
svhn,pruning,0.7,3,1,511,0.0015274169854819775,739033088,0.2109375
svhn,pruning,0.7,3,1,512,0.001581791992066428,739033088,0.21875
svhn,pruning,0.7,3,1,513,0.001622332987608388,739033088,0.2734375
svhn,pruning,0.7,3,1,514,0.0016191249887924641,739033088,0.234375
svhn,pruning,0.7,3,1,515,0.0015253750025294721,739033088,0.2734375
svhn,pruning,0.7,3,1,516,0.0015710410079918802,739033088,0.2109375
svhn,pruning,0.7,3,1,517,0.001630290993489325,739033088,0.2265625
svhn,pruning,0.7,3,1,518,0.0016420000174548477,739033088,0.203125
svhn,pruning,0.7,3,1,519,0.0015339580131694674,739033088,0.1875
svhn,pruning,0.7,3,1,520,0.0015204999945126474,739033088,0.25
svhn,pruning,0.7,3,1,521,0.0016293749795295298,739033088,0.203125
svhn,pruning,0.7,3,1,522,0.001632750005228445,739033088,0.25
svhn,pruning,0.7,3,1,523,0.0016419579915236682,739033088,0.234375
svhn,pruning,0.7,3,1,524,0.0015250830037984997,739033088,0.234375
svhn,pruning,0.7,3,1,525,0.0017735830042511225,739033088,0.296875
svhn,pruning,0.7,3,1,526,0.0016213339986279607,739033088,0.234375
svhn,pruning,0.7,3,1,527,0.0015345000138040632,739033088,0.2421875
svhn,pruning,0.7,3,1,528,0.0016050419944804162,739033088,0.2734375
svhn,pruning,0.7,3,1,529,0.0016366250056307763,739033088,0.2265625
svhn,pruning,0.7,3,1,530,0.001629582984605804,739033088,0.265625
svhn,pruning,0.7,3,1,531,0.0015574999852105975,739033088,0.15625
svhn,pruning,0.7,3,1,532,0.0016477919998578727,739033088,0.1875
svhn,pruning,0.7,3,1,533,0.0016288750048261136,739033088,0.203125
svhn,pruning,0.7,3,1,534,0.0015262920060195029,739033088,0.21875
svhn,pruning,0.7,3,1,535,0.0015202089853119105,739033088,0.21875
svhn,pruning,0.7,3,1,536,0.0016251660126727074,739033088,0.1953125
svhn,pruning,0.7,3,1,537,0.0016280830022878945,739033088,0.2734375
svhn,pruning,0.7,3,1,538,0.0016383340116590261,739033088,0.171875
svhn,pruning,0.7,3,1,539,0.0015330000023823231,739033088,0.234375
svhn,pruning,0.7,3,1,540,0.0015705830010119826,739033088,0.2265625
svhn,pruning,0.7,3,1,541,0.0016357919957954437,739033088,0.1796875
svhn,pruning,0.7,3,1,542,0.0016315419925376773,739033088,0.234375
svhn,pruning,0.7,3,1,543,0.001545957988128066,739033088,0.234375
svhn,pruning,0.7,3,1,544,0.001625167002202943,739033088,0.2109375
svhn,pruning,0.7,3,1,545,0.0016398339939769357,739033088,0.21875
svhn,pruning,0.7,3,1,546,0.0016288750048261136,739049472,0.25
svhn,pruning,0.7,3,1,547,0.0015711250016465783,739049472,0.25
svhn,pruning,0.7,3,1,548,0.001645125012146309,739049472,0.3203125
svhn,pruning,0.7,3,1,549,0.0016267499886453152,739049472,0.234375
svhn,pruning,0.7,3,1,550,0.0015196670137811452,739049472,0.2265625
svhn,pruning,0.7,3,1,551,0.00156879099085927,739049472,0.2734375
svhn,pruning,0.7,3,1,552,0.0016364999755751342,739049472,0.234375
svhn,pruning,0.7,3,1,553,0.0016552079760003835,739049472,0.234375
svhn,pruning,0.7,3,1,554,0.001524624996818602,739049472,0.203125
svhn,pruning,0.7,3,1,555,0.0015551670221611857,739049472,0.234375
svhn,pruning,0.7,3,1,556,0.001641540991840884,739049472,0.265625
svhn,pruning,0.7,3,1,557,0.0015366669977083802,739049472,0.265625
svhn,pruning,0.7,3,1,558,0.001572415989357978,739049472,0.1953125
svhn,pruning,0.7,3,1,559,0.0016201249964069575,739049472,0.1875
svhn,pruning,0.7,3,1,560,0.0016492080176249146,739049472,0.2109375
svhn,pruning,0.7,3,1,561,0.0016173330077435821,739049472,0.3125
svhn,pruning,0.7,3,1,562,0.0015267909911926836,739049472,0.21875
svhn,pruning,0.7,3,1,563,0.0015517499996349216,739049472,0.2265625
svhn,pruning,0.7,3,1,564,0.0015098750009201467,739049472,0.2578125
svhn,pruning,0.7,3,1,565,0.0016243749996647239,739049472,0.2109375
svhn,pruning,0.7,3,1,566,0.0016212500049732625,739049472,0.21875
svhn,pruning,0.7,3,1,567,0.0015410839987453073,739049472,0.171875
svhn,pruning,0.7,3,1,568,0.0016262090066447854,739049472,0.2109375
svhn,pruning,0.7,3,1,569,0.0016415419813711196,739049472,0.234375
svhn,pruning,0.7,3,1,570,0.001641917013330385,739049472,0.1953125
svhn,pruning,0.7,3,1,571,0.0016029999824240804,739049472,0.1796875
svhn,pruning,0.7,3,1,572,0.025656290992628783,743473152,0.34146341463414637
svhn,pruning,0.7,3,2,0,0.0016608339792583138,751452160,0.234375
svhn,pruning,0.7,3,2,1,0.0027350829914212227,751468544,0.203125
svhn,pruning,0.7,3,2,2,0.001564792008139193,752123904,0.203125
svhn,pruning,0.7,3,2,3,0.0016699999978300184,752123904,0.203125
svhn,pruning,0.7,3,2,4,0.0016754170064814389,752123904,0.234375
svhn,pruning,0.7,3,2,5,0.0015504170150961727,752123904,0.328125
svhn,pruning,0.7,3,2,6,0.0016720000130590051,752123904,0.2265625
svhn,pruning,0.7,3,2,7,0.001721165986964479,752123904,0.2421875
svhn,pruning,0.7,3,2,8,0.001707791001535952,752123904,0.2265625
svhn,pruning,0.7,3,2,9,0.0015688749845139682,752123904,0.1796875
svhn,pruning,0.7,3,2,10,0.0016699170228093863,752123904,0.28125
svhn,pruning,0.7,3,2,11,0.0018016249814536422,752123904,0.2890625
svhn,pruning,0.7,3,2,12,0.0015255410107783973,752123904,0.1953125
svhn,pruning,0.7,3,2,13,0.001656375010497868,752123904,0.2109375
svhn,pruning,0.7,3,2,14,0.0016839159943629056,752123904,0.203125
svhn,pruning,0.7,3,2,15,0.0015534999838564545,752123904,0.171875
svhn,pruning,0.7,3,2,16,0.0016848749946802855,752123904,0.265625
svhn,pruning,0.7,3,2,17,0.001628750003874302,752123904,0.2421875
svhn,pruning,0.7,3,2,18,0.0015528749790973961,752123904,0.28125
svhn,pruning,0.7,3,2,19,0.001606332982191816,752123904,0.2421875
svhn,pruning,0.7,3,2,20,0.0016473750001750886,752123904,0.2109375
svhn,pruning,0.7,3,2,21,0.0016412079858127981,752123904,0.2265625
svhn,pruning,0.7,3,2,22,0.0015115409914869815,752123904,0.2265625
svhn,pruning,0.7,3,2,23,0.0016416670114267617,752123904,0.234375
svhn,pruning,0.7,3,2,24,0.0016707089962437749,752123904,0.2578125
svhn,pruning,0.7,3,2,25,0.001640375005081296,752123904,0.234375
svhn,pruning,0.7,3,2,26,0.0017161669966299087,752140288,0.2265625
svhn,pruning,0.7,3,2,27,0.0016923329967539757,752140288,0.1875
svhn,pruning,0.7,3,2,28,0.0016362500027753413,752140288,0.2421875
svhn,pruning,0.7,3,2,29,0.0017604159947950393,752156672,0.21875
svhn,pruning,0.7,3,2,30,0.0015674580063205212,752156672,0.2578125
svhn,pruning,0.7,3,2,31,0.0015678749768994749,752156672,0.21875
svhn,pruning,0.7,3,2,32,0.0016465840162709355,752156672,0.1953125
svhn,pruning,0.7,3,2,33,0.001640666974708438,752156672,0.1953125
svhn,pruning,0.7,3,2,34,0.0015228750125970691,752156672,0.1875
svhn,pruning,0.7,3,2,35,0.0016513750015292317,752156672,0.25
svhn,pruning,0.7,3,2,36,0.001617624977370724,752156672,0.1953125
svhn,pruning,0.7,3,2,37,0.0016354589897673577,752156672,0.2109375
svhn,pruning,0.7,3,2,38,0.0016330420039594173,752156672,0.2734375
svhn,pruning,0.7,3,2,39,0.00160379201406613,752156672,0.2265625
svhn,pruning,0.7,3,2,40,0.0015502079913858324,752156672,0.203125
svhn,pruning,0.7,3,2,41,0.001657749991863966,752173056,0.2734375
svhn,pruning,0.7,3,2,42,0.0016468340181745589,752189440,0.234375
svhn,pruning,0.7,3,2,43,0.0015224159869831055,752189440,0.21875
svhn,pruning,0.7,3,2,44,0.0016397500003222376,752189440,0.2578125
svhn,pruning,0.7,3,2,45,0.0016455830191262066,752189440,0.2578125
svhn,pruning,0.7,3,2,46,0.0016723329899832606,752189440,0.2578125
svhn,pruning,0.7,3,2,47,0.0015766659926157445,752189440,0.2109375
svhn,pruning,0.7,3,2,48,0.0016408329829573631,752189440,0.3046875
svhn,pruning,0.7,3,2,49,0.0016395839920733124,752189440,0.25
svhn,pruning,0.7,3,2,50,0.0016381659952457994,752189440,0.2109375
svhn,pruning,0.7,3,2,51,0.001634541986277327,752189440,0.21875
svhn,pruning,0.7,3,2,52,0.0016286669997498393,752189440,0.2578125
svhn,pruning,0.7,3,2,53,0.0015641659847460687,752189440,0.2421875
svhn,pruning,0.7,3,2,54,0.001641167007619515,752189440,0.2734375
svhn,pruning,0.7,3,2,55,0.0016438330058008432,752205824,0.234375
svhn,pruning,0.7,3,2,56,0.0015773750201333314,752205824,0.1875
svhn,pruning,0.7,3,2,57,0.0016499159974046052,752205824,0.2578125
svhn,pruning,0.7,3,2,58,0.001624166005058214,752205824,0.2421875
svhn,pruning,0.7,3,2,59,0.0015827500028535724,752205824,0.2734375
svhn,pruning,0.7,3,2,60,0.0016355419938918203,752205824,0.2109375
svhn,pruning,0.7,3,2,61,0.0016452090058010072,752205824,0.234375
svhn,pruning,0.7,3,2,62,0.0016366250056307763,752205824,0.2734375
svhn,pruning,0.7,3,2,63,0.0016456669836770743,752205824,0.140625
svhn,pruning,0.7,3,2,64,0.0016391249955631793,752205824,0.203125
svhn,pruning,0.7,3,2,65,0.0015337079821620136,752205824,0.25
svhn,pruning,0.7,3,2,66,0.0015735409979242831,752205824,0.2421875
svhn,pruning,0.7,3,2,67,0.0016429999959655106,752205824,0.2890625
svhn,pruning,0.7,3,2,68,0.0015715420013293624,752205824,0.3203125
svhn,pruning,0.7,3,2,69,0.0015246669936459512,752205824,0.2265625
svhn,pruning,0.7,3,2,70,0.001557833980768919,752205824,0.2734375
svhn,pruning,0.7,3,2,71,0.0016453329881187528,752205824,0.3203125
svhn,pruning,0.7,3,2,72,0.0015986670041456819,752205824,0.21875
svhn,pruning,0.7,3,2,73,0.0015710410079918802,752205824,0.25
svhn,pruning,0.7,3,2,74,0.0018819999822881073,752205824,0.2265625
svhn,pruning,0.7,3,2,75,0.002137292001862079,752205824,0.21875
svhn,pruning,0.7,3,2,76,0.0025133749877568334,752205824,0.234375
svhn,pruning,0.7,3,2,77,0.0029377499886322767,752205824,0.2265625
svhn,pruning,0.7,3,2,78,0.0029512079781852663,752205824,0.1953125
svhn,pruning,0.7,3,2,79,0.0027638329775072634,752205824,0.234375
svhn,pruning,0.7,3,2,80,0.002197666995925829,752205824,0.2734375
svhn,pruning,0.7,3,2,81,0.0017947500164154917,752205824,0.3046875
svhn,pruning,0.7,3,2,82,0.0016592920001130551,752205824,0.265625
svhn,pruning,0.7,3,2,83,0.0016488340042997152,752205824,0.265625
svhn,pruning,0.7,3,2,84,0.001652333012316376,752205824,0.34375
svhn,pruning,0.7,3,2,85,0.0016442079795524478,752205824,0.2421875
svhn,pruning,0.7,3,2,86,0.0016348340141121298,752205824,0.234375
svhn,pruning,0.7,3,2,87,0.001655916013987735,752205824,0.1796875
svhn,pruning,0.7,3,2,88,0.0016485419764649123,752205824,0.2265625
svhn,pruning,0.7,3,2,89,0.0015964169870130718,752205824,0.2578125
svhn,pruning,0.7,3,2,90,0.0016382079920731485,752205824,0.1640625
svhn,pruning,0.7,3,2,91,0.0016608330188319087,752205824,0.1875
svhn,pruning,0.7,3,2,92,0.0015802500129211694,752205824,0.234375
svhn,pruning,0.7,3,2,93,0.001637875015148893,752205824,0.2421875
svhn,pruning,0.7,3,2,94,0.001653707993682474,752205824,0.1796875
svhn,pruning,0.7,3,2,95,0.0015244999958667904,752205824,0.2421875
svhn,pruning,0.7,3,2,96,0.0016287910111714154,752205824,0.21875
svhn,pruning,0.7,3,2,97,0.001533207978354767,752205824,0.21875
svhn,pruning,0.7,3,2,98,0.0015909159847069532,752205824,0.2109375
svhn,pruning,0.7,3,2,99,0.0016412080149166286,752205824,0.3046875
svhn,pruning,0.7,3,2,100,0.0016431669937446713,752205824,0.296875
svhn,pruning,0.7,3,2,101,0.0015504999901168048,752205824,0.2734375
svhn,pruning,0.7,3,2,102,0.0016272909997496754,752205824,0.25
svhn,pruning,0.7,3,2,103,0.0016578749928157777,752205824,0.125
svhn,pruning,0.7,3,2,104,0.0016456670127809048,752205824,0.2421875
svhn,pruning,0.7,3,2,105,0.0016479999758303165,752205824,0.21875
svhn,pruning,0.7,3,2,106,0.0016023750067688525,752205824,0.2578125
svhn,pruning,0.7,3,2,107,0.0016205419960897416,752205824,0.28125
svhn,pruning,0.7,3,2,108,0.0015915420081000775,752205824,0.265625
svhn,pruning,0.7,3,2,109,0.0015061660087667406,752205824,0.3203125
svhn,pruning,0.7,3,2,110,0.001638290996197611,752205824,0.34375
svhn,pruning,0.7,3,2,111,0.0016429999959655106,752205824,0.296875
svhn,pruning,0.7,3,2,112,0.0015439580020029098,752205824,0.265625
svhn,pruning,0.7,3,2,113,0.0015403750003315508,752205824,0.3125
svhn,pruning,0.7,3,2,114,0.0016203339910134673,752205824,0.3203125
svhn,pruning,0.7,3,2,115,0.0016207500011660159,752205824,0.2578125
svhn,pruning,0.7,3,2,116,0.0015293750038836151,752205824,0.2578125
svhn,pruning,0.7,3,2,117,0.0015997079899534583,752205824,0.234375
svhn,pruning,0.7,3,2,118,0.0015388329920824617,752205824,0.28125
svhn,pruning,0.7,3,2,119,0.0015797090018168092,752222208,0.1640625
svhn,pruning,0.7,3,2,120,0.0014963340072426945,752222208,0.2890625
svhn,pruning,0.7,3,2,121,0.0016424589848611504,752222208,0.2734375
svhn,pruning,0.7,3,2,122,0.0016239160031545907,752222208,0.2578125
svhn,pruning,0.7,3,2,123,0.0016462079947814345,752222208,0.2734375
svhn,pruning,0.7,3,2,124,0.0016370410157833248,752222208,0.28125
svhn,pruning,0.7,3,2,125,0.001642499992158264,752222208,0.2265625
svhn,pruning,0.7,3,2,126,0.0015235839819069952,752222208,0.2734375
svhn,pruning,0.7,3,2,127,0.001587166014360264,752222208,0.234375
svhn,pruning,0.7,3,2,128,0.0016344579926226288,752222208,0.21875
svhn,pruning,0.7,3,2,129,0.0016172920004464686,752222208,0.2109375
svhn,pruning,0.7,3,2,130,0.0015287910064216703,752222208,0.1953125
svhn,pruning,0.7,3,2,131,0.001574166992213577,752222208,0.2109375
svhn,pruning,0.7,3,2,132,0.00162695802282542,752222208,0.25
svhn,pruning,0.7,3,2,133,0.0016494999872520566,752222208,0.2421875
svhn,pruning,0.7,3,2,134,0.0016294590022880584,752222208,0.3046875
svhn,pruning,0.7,3,2,135,0.0015216669999063015,752222208,0.2109375
svhn,pruning,0.7,3,2,136,0.0016324160096701235,752222208,0.2734375
svhn,pruning,0.7,3,2,137,0.0016304580203723162,752222208,0.328125
svhn,pruning,0.7,3,2,138,0.0015884999884292483,752222208,0.2890625
svhn,pruning,0.7,3,2,139,0.0015252919984050095,752222208,0.25
svhn,pruning,0.7,3,2,140,0.001645791984628886,752222208,0.296875
svhn,pruning,0.7,3,2,141,0.0015394169895444065,752222208,0.2109375
svhn,pruning,0.7,3,2,142,0.0016318749985657632,752222208,0.234375
svhn,pruning,0.7,3,2,143,0.0016467079985886812,752222208,0.1953125
svhn,pruning,0.7,3,2,144,0.0016445840010419488,752222208,0.2421875
svhn,pruning,0.7,3,2,145,0.0016062080103438348,752238592,0.2890625
svhn,pruning,0.7,3,2,146,0.0016279999981634319,752238592,0.25
svhn,pruning,0.7,3,2,147,0.0016268339823000133,752238592,0.265625
svhn,pruning,0.7,3,2,148,0.0015782910049892962,752238592,0.21875
svhn,pruning,0.7,3,2,149,0.001638916990486905,752238592,0.25
svhn,pruning,0.7,3,2,150,0.0016482909850310534,752238592,0.234375
svhn,pruning,0.7,3,2,151,0.0015262499800883234,752238592,0.3046875
svhn,pruning,0.7,3,2,152,0.0015785420255269855,752238592,0.3203125
svhn,pruning,0.7,3,2,153,0.0016301250143442303,752254976,0.2265625
svhn,pruning,0.7,3,2,154,0.0016127499984577298,752254976,0.2421875
svhn,pruning,0.7,3,2,155,0.0016511660069227219,752254976,0.234375
svhn,pruning,0.7,3,2,156,0.0015334170020651072,752254976,0.328125
svhn,pruning,0.7,3,2,157,0.0016473330033477396,752254976,0.28125
svhn,pruning,0.7,3,2,158,0.0015475830005016178,752254976,0.2265625
svhn,pruning,0.7,3,2,159,0.0016188329900614917,752254976,0.296875
svhn,pruning,0.7,3,2,160,0.0015229170094244182,752254976,0.2890625
svhn,pruning,0.7,3,2,161,0.001648666016990319,752254976,0.296875
svhn,pruning,0.7,3,2,162,0.0015373329806607217,752254976,0.3359375
svhn,pruning,0.7,3,2,163,0.0015677500050514936,752254976,0.234375
svhn,pruning,0.7,3,2,164,0.0016757080156821758,752254976,0.2265625
svhn,pruning,0.7,3,2,165,0.0016067920078057796,752254976,0.296875
svhn,pruning,0.7,3,2,166,0.001540792000014335,752254976,0.203125
svhn,pruning,0.7,3,2,167,0.0017054159834515303,752271360,0.328125
svhn,pruning,0.7,3,2,168,0.0016152090101968497,752271360,0.3046875
svhn,pruning,0.7,3,2,169,0.0015631669957656413,752271360,0.265625
svhn,pruning,0.7,3,2,170,0.001600957999471575,752271360,0.2734375
svhn,pruning,0.7,3,2,171,0.0015324169944506139,752271360,0.21875
svhn,pruning,0.7,3,2,172,0.001544041995657608,752271360,0.2265625
svhn,pruning,0.7,3,2,173,0.001628166006412357,752271360,0.296875
svhn,pruning,0.7,3,2,174,0.0016489590052515268,752271360,0.265625
svhn,pruning,0.7,3,2,175,0.0016499999910593033,752271360,0.25
svhn,pruning,0.7,3,2,176,0.0015725419798400253,752271360,0.21875
svhn,pruning,0.7,3,2,177,0.0016142080130521208,752271360,0.171875
svhn,pruning,0.7,3,2,178,0.0015279579965863377,752271360,0.2421875
svhn,pruning,0.7,3,2,179,0.001513374998467043,752271360,0.2421875
svhn,pruning,0.7,3,2,180,0.0015499580185860395,752271360,0.2890625
svhn,pruning,0.7,3,2,181,0.0016439160099253058,752271360,0.296875
svhn,pruning,0.7,3,2,182,0.0016458749887533486,752271360,0.265625
svhn,pruning,0.7,3,2,183,0.0016455829900223762,752271360,0.265625
svhn,pruning,0.7,3,2,184,0.0016138329810928553,752271360,0.2578125
svhn,pruning,0.7,3,2,185,0.0015282909735105932,752271360,0.2734375
svhn,pruning,0.7,3,2,186,0.0016349999932572246,752287744,0.34375
svhn,pruning,0.7,3,2,187,0.0016282500000670552,752287744,0.3046875
svhn,pruning,0.7,3,2,188,0.001646166027057916,752287744,0.2578125
svhn,pruning,0.7,3,2,189,0.001535084011266008,752287744,0.2421875
svhn,pruning,0.7,3,2,190,0.0016601250099483877,752287744,0.25
svhn,pruning,0.7,3,2,191,0.001650166988838464,752287744,0.28125
svhn,pruning,0.7,3,2,192,0.0016551250009797513,752287744,0.21875
svhn,pruning,0.7,3,2,193,0.0017121669952757657,752287744,0.2265625
svhn,pruning,0.7,3,2,194,0.0016446659865323454,752287744,0.3125
svhn,pruning,0.7,3,2,195,0.0016282080032397062,752287744,0.3046875
svhn,pruning,0.7,3,2,196,0.0016062499780673534,752287744,0.234375
svhn,pruning,0.7,3,2,197,0.0015797090018168092,752287744,0.2734375
svhn,pruning,0.7,3,2,198,0.0016398330044467002,752287744,0.21875
svhn,pruning,0.7,3,2,199,0.0016215830110013485,752287744,0.3125
svhn,pruning,0.7,3,2,200,0.0016450409893877804,752287744,0.265625
svhn,pruning,0.7,3,2,201,0.0016303750162478536,752287744,0.2734375
svhn,pruning,0.7,3,2,202,0.0016481670027133077,752287744,0.28125
svhn,pruning,0.7,3,2,203,0.0015717079804744571,752287744,0.25
svhn,pruning,0.7,3,2,204,0.0016357499989680946,752304128,0.3203125
svhn,pruning,0.7,3,2,205,0.0016166669956874102,752304128,0.25
svhn,pruning,0.7,3,2,206,0.0016466659726575017,752304128,0.3046875
svhn,pruning,0.7,3,2,207,0.001570166990859434,752304128,0.2890625
svhn,pruning,0.7,3,2,208,0.0015866250032559037,752304128,0.3203125
svhn,pruning,0.7,3,2,209,0.00162266701227054,752304128,0.234375
svhn,pruning,0.7,3,2,210,0.001490957976784557,752304128,0.2421875
svhn,pruning,0.7,3,2,211,0.001649125013500452,752304128,0.2109375
svhn,pruning,0.7,3,2,212,0.0016238329990301281,752304128,0.25
svhn,pruning,0.7,3,2,213,0.0016569159924983978,752304128,0.328125
svhn,pruning,0.7,3,2,214,0.0015678750060033053,752304128,0.28125
svhn,pruning,0.7,3,2,215,0.001636083994526416,752304128,0.328125
svhn,pruning,0.7,3,2,216,0.0016256250091828406,752304128,0.3203125
svhn,pruning,0.7,3,2,217,0.0016201249964069575,752304128,0.25
svhn,pruning,0.7,3,2,218,0.0016527909901924431,752304128,0.2578125
svhn,pruning,0.7,3,2,219,0.0016590410086791962,752304128,0.21875
svhn,pruning,0.7,3,2,220,0.0016042920178733766,752304128,0.2421875
svhn,pruning,0.7,3,2,221,0.0015187920071184635,752304128,0.328125
svhn,pruning,0.7,3,2,222,0.0017382499936502427,752304128,0.296875
svhn,pruning,0.7,3,2,223,0.0016542910016141832,752304128,0.28125
svhn,pruning,0.7,3,2,224,0.0016422079934272915,752320512,0.28125
svhn,pruning,0.7,3,2,225,0.0016471249982714653,752320512,0.3125
svhn,pruning,0.7,3,2,226,0.001654166990192607,752320512,0.25
svhn,pruning,0.7,3,2,227,0.0016367079806514084,752320512,0.2265625
svhn,pruning,0.7,3,2,228,0.0016313749947585166,752320512,0.296875
svhn,pruning,0.7,3,2,229,0.0015073330141603947,752320512,0.2265625
svhn,pruning,0.7,3,2,230,0.0015381249831989408,752320512,0.21875
svhn,pruning,0.7,3,2,231,0.0016401250031776726,752320512,0.28125
svhn,pruning,0.7,3,2,232,0.0015461670118384063,752320512,0.2578125
svhn,pruning,0.7,3,2,233,0.0015674589958507568,752320512,0.34375
svhn,pruning,0.7,3,2,234,0.001639333990169689,752320512,0.2890625
svhn,pruning,0.7,3,2,235,0.0016381249879486859,752320512,0.234375
svhn,pruning,0.7,3,2,236,0.0015240839857142419,752320512,0.2578125
svhn,pruning,0.7,3,2,237,0.001624041993636638,752320512,0.2734375
svhn,pruning,0.7,3,2,238,0.0016464590153191239,752320512,0.2578125
svhn,pruning,0.7,3,2,239,0.0016280830022878945,752320512,0.2578125
svhn,pruning,0.7,3,2,240,0.0015518750005867332,752320512,0.3203125
svhn,pruning,0.7,3,2,241,0.001520207995781675,752320512,0.28125
svhn,pruning,0.7,3,2,242,0.0016422079934272915,752320512,0.2578125
svhn,pruning,0.7,3,2,243,0.0016485840023960918,752320512,0.2109375
svhn,pruning,0.7,3,2,244,0.0015574999852105975,752320512,0.2890625
svhn,pruning,0.7,3,2,245,0.0016635000065434724,752320512,0.2421875
svhn,pruning,0.7,3,2,246,0.001629125006729737,752320512,0.2734375
svhn,pruning,0.7,3,2,247,0.0015308340080082417,752320512,0.3125
svhn,pruning,0.7,3,2,248,0.001643291994696483,752320512,0.328125
svhn,pruning,0.7,3,2,249,0.0016309999919030815,752320512,0.3046875
svhn,pruning,0.7,3,2,250,0.0016442499763797969,752320512,0.2734375
svhn,pruning,0.7,3,2,251,0.0015294580080080777,752336896,0.28125
svhn,pruning,0.7,3,2,252,0.001585707999765873,752336896,0.28125
svhn,pruning,0.7,3,2,253,0.0016243749996647239,752336896,0.3125
svhn,pruning,0.7,3,2,254,0.0016266249876935035,752336896,0.3203125
svhn,pruning,0.7,3,2,255,0.0015417080139741302,752336896,0.3125
svhn,pruning,0.7,3,2,256,0.0016325420001521707,752336896,0.359375
svhn,pruning,0.7,3,2,257,0.001640375005081296,752336896,0.2734375
svhn,pruning,0.7,3,2,258,0.001612542022485286,752336896,0.2421875
svhn,pruning,0.7,3,2,259,0.0015499999863095582,752336896,0.328125
svhn,pruning,0.7,3,2,260,0.0016277079994324595,752336896,0.2265625
svhn,pruning,0.7,3,2,261,0.0016486670065205544,752336896,0.3046875
svhn,pruning,0.7,3,2,262,0.0016292500076815486,752336896,0.2734375
svhn,pruning,0.7,3,2,263,0.001552124973386526,752336896,0.1953125
svhn,pruning,0.7,3,2,264,0.001536791998660192,752336896,0.171875
svhn,pruning,0.7,3,2,265,0.0016342499875463545,752336896,0.2734375
svhn,pruning,0.7,3,2,266,0.0016428750241175294,752336896,0.28125
svhn,pruning,0.7,3,2,267,0.001575541973579675,752353280,0.265625
svhn,pruning,0.7,3,2,268,0.001633542007766664,752353280,0.28125
svhn,pruning,0.7,3,2,269,0.0015397079987451434,752353280,0.296875
svhn,pruning,0.7,3,2,270,0.00162041699513793,752353280,0.3203125
svhn,pruning,0.7,3,2,271,0.0016072079888544977,752369664,0.1640625
svhn,pruning,0.7,3,2,272,0.001650166988838464,752369664,0.2890625
svhn,pruning,0.7,3,2,273,0.0015336250071413815,752369664,0.28125
svhn,pruning,0.7,3,2,274,0.0015692500164732337,752369664,0.1875
svhn,pruning,0.7,3,2,275,0.0016293750086333603,752369664,0.265625
svhn,pruning,0.7,3,2,276,0.001622665993636474,752369664,0.3359375
svhn,pruning,0.7,3,2,277,0.0015324999985750765,752369664,0.2734375
svhn,pruning,0.7,3,2,278,0.0015989170060493052,752369664,0.2890625
svhn,pruning,0.7,3,2,279,0.0015378750103991479,752369664,0.2734375
svhn,pruning,0.7,3,2,280,0.0016365410119760782,752369664,0.34375
svhn,pruning,0.7,3,2,281,0.0016384169866796583,752369664,0.3203125
svhn,pruning,0.7,3,2,282,0.001642499992158264,752369664,0.265625
svhn,pruning,0.7,3,2,283,0.0016422919870819896,752369664,0.21875
svhn,pruning,0.7,3,2,284,0.0016430419927928597,752369664,0.296875
svhn,pruning,0.7,3,2,285,0.0016454999858979136,752369664,0.296875
svhn,pruning,0.7,3,2,286,0.0016392910038121045,752369664,0.2734375
svhn,pruning,0.7,3,2,287,0.0016160829982254654,752369664,0.2890625
svhn,pruning,0.7,3,2,288,0.001534334005555138,752369664,0.28125
svhn,pruning,0.7,3,2,289,0.0016322919982485473,752369664,0.265625
svhn,pruning,0.7,3,2,290,0.0016382499889004976,752369664,0.2421875
svhn,pruning,0.7,3,2,291,0.0015319170197471976,752369664,0.28125
svhn,pruning,0.7,3,2,292,0.001569167012348771,752369664,0.2734375
svhn,pruning,0.7,3,2,293,0.0016376669809687883,752369664,0.2421875
svhn,pruning,0.7,3,2,294,0.001617917005205527,752386048,0.2265625
svhn,pruning,0.7,3,2,295,0.0015658749907743186,752386048,0.2578125
svhn,pruning,0.7,3,2,296,0.0016349999932572246,752386048,0.2578125
svhn,pruning,0.7,3,2,297,0.0016427919908892363,752386048,0.25
svhn,pruning,0.7,3,2,298,0.0015325419954024255,752386048,0.28125
svhn,pruning,0.7,3,2,299,0.0015687499835621566,752386048,0.25
svhn,pruning,0.7,3,2,300,0.0016445420042145997,752386048,0.296875
svhn,pruning,0.7,3,2,301,0.0017516670050099492,752386048,0.28125
svhn,pruning,0.7,3,2,302,0.0015487089985981584,752386048,0.25
svhn,pruning,0.7,3,2,303,0.0016288330079987645,752386048,0.2890625
svhn,pruning,0.7,3,2,304,0.0016514169983565807,752386048,0.2890625
svhn,pruning,0.7,3,2,305,0.0015325419954024255,752386048,0.203125
svhn,pruning,0.7,3,2,306,0.0015418749826494604,752386048,0.25
svhn,pruning,0.7,3,2,307,0.0016627919976599514,752386048,0.3203125
svhn,pruning,0.7,3,2,308,0.0016160829982254654,752386048,0.3046875
svhn,pruning,0.7,3,2,309,0.001617166999494657,752386048,0.3203125
svhn,pruning,0.7,3,2,310,0.001617542002350092,752386048,0.3125
svhn,pruning,0.7,3,2,311,0.001633167004911229,752386048,0.3125
svhn,pruning,0.7,3,2,312,0.00165125000057742,752386048,0.265625
svhn,pruning,0.7,3,2,313,0.0015324160049203783,752386048,0.28125
svhn,pruning,0.7,3,2,314,0.00156899998546578,752386048,0.3359375
svhn,pruning,0.7,3,2,315,0.001633540989132598,752386048,0.34375
svhn,pruning,0.7,3,2,316,0.0016349579964298755,752386048,0.234375
svhn,pruning,0.7,3,2,317,0.001540792000014335,752386048,0.2734375
svhn,pruning,0.7,3,2,318,0.0015548749943263829,752386048,0.3046875
svhn,pruning,0.7,3,2,319,0.0016608330188319087,752386048,0.3125
svhn,pruning,0.7,3,2,320,0.0016142079839482903,752386048,0.2890625
svhn,pruning,0.7,3,2,321,0.00152749998960644,752386048,0.28125
svhn,pruning,0.7,3,2,322,0.001639665977563709,752386048,0.2890625
svhn,pruning,0.7,3,2,323,0.001654833002248779,752386048,0.2421875
svhn,pruning,0.7,3,2,324,0.001539708988275379,752386048,0.3125
svhn,pruning,0.7,3,2,325,0.00157125000259839,752386048,0.3046875
svhn,pruning,0.7,3,2,326,0.001634250016650185,752386048,0.2890625
svhn,pruning,0.7,3,2,327,0.0016192920156754553,752386048,0.21875
svhn,pruning,0.7,3,2,328,0.0015753750049043447,752386048,0.3046875
svhn,pruning,0.7,3,2,329,0.001634665997698903,752386048,0.28125
svhn,pruning,0.7,3,2,330,0.0016275410016532987,752386048,0.3203125
svhn,pruning,0.7,3,2,331,0.0015358749951701611,752386048,0.3046875
svhn,pruning,0.7,3,2,332,0.0015623339859303087,752386048,0.3359375
svhn,pruning,0.7,3,2,333,0.0016375829873140901,752386048,0.265625
svhn,pruning,0.7,3,2,334,0.0015337920049205422,752386048,0.2734375
svhn,pruning,0.7,3,2,335,0.0016172920004464686,752386048,0.21875
svhn,pruning,0.7,3,2,336,0.0016289580089505762,752386048,0.2421875
svhn,pruning,0.7,3,2,337,0.0016426249931100756,752386048,0.3515625
svhn,pruning,0.7,3,2,338,0.001635249995160848,752386048,0.28125
svhn,pruning,0.7,3,2,339,0.0016417079896200448,752386048,0.359375
svhn,pruning,0.7,3,2,340,0.0016501659993082285,752386048,0.328125
svhn,pruning,0.7,3,2,341,0.0015849170158617198,752386048,0.328125
svhn,pruning,0.7,3,2,342,0.001618958980543539,752386048,0.234375
svhn,pruning,0.7,3,2,343,0.001616167020983994,752386048,0.296875
svhn,pruning,0.7,3,2,344,0.0016408750088885427,752386048,0.2578125
svhn,pruning,0.7,3,2,345,0.0015277499915100634,752386048,0.3046875
svhn,pruning,0.7,3,2,346,0.0016489580157212913,752386048,0.2265625
svhn,pruning,0.7,3,2,347,0.0016380000161007047,752386048,0.28125
svhn,pruning,0.7,3,2,348,0.0016492500144522637,752386048,0.3046875
svhn,pruning,0.7,3,2,349,0.0015212919970508665,752386048,0.265625
svhn,pruning,0.7,3,2,350,0.0016489170084241778,752386048,0.34375
svhn,pruning,0.7,3,2,351,0.0016185000131372362,752386048,0.2578125
svhn,pruning,0.7,3,2,352,0.001654124993365258,752386048,0.296875
svhn,pruning,0.7,3,2,353,0.0015191250131465495,752386048,0.296875
svhn,pruning,0.7,3,2,354,0.001640417001908645,752386048,0.25
svhn,pruning,0.7,3,2,355,0.0016429579991381615,752386048,0.21875
svhn,pruning,0.7,3,2,356,0.0015427500184159726,752386048,0.2421875
svhn,pruning,0.7,3,2,357,0.0016231659974437207,752402432,0.1875
svhn,pruning,0.7,3,2,358,0.0016977920022327453,752402432,0.3046875
svhn,pruning,0.7,3,2,359,0.0016154169861692935,752418816,0.3359375
svhn,pruning,0.7,3,2,360,0.0015722500102128834,752418816,0.375
svhn,pruning,0.7,3,2,361,0.001625208999030292,752418816,0.296875
svhn,pruning,0.7,3,2,362,0.0016337500128429383,752402432,0.296875
svhn,pruning,0.7,3,2,363,0.0015189999830909073,752402432,0.234375
svhn,pruning,0.7,3,2,364,0.0016576249909121543,752402432,0.3203125
svhn,pruning,0.7,3,2,365,0.0016460839833598584,752402432,0.1953125
svhn,pruning,0.7,3,2,366,0.0016448750102426857,752418816,0.2890625
svhn,pruning,0.7,3,2,367,0.00157816699356772,752418816,0.28125
svhn,pruning,0.7,3,2,368,0.0016362080059479922,752418816,0.328125
svhn,pruning,0.7,3,2,369,0.0017833329911809415,752418816,0.203125
svhn,pruning,0.7,3,2,370,0.0016400410095229745,752418816,0.2734375
svhn,pruning,0.7,3,2,371,0.0016300420102197677,752418816,0.390625
svhn,pruning,0.7,3,2,372,0.0016409580130130053,752418816,0.2734375
svhn,pruning,0.7,3,2,373,0.0015110000094864517,752418816,0.328125
svhn,pruning,0.7,3,2,374,0.00164229201618582,752418816,0.2578125
svhn,pruning,0.7,3,2,375,0.0016526250110473484,752418816,0.25
svhn,pruning,0.7,3,2,376,0.0016285000019706786,752418816,0.25
svhn,pruning,0.7,3,2,377,0.001531708985567093,752418816,0.234375
svhn,pruning,0.7,3,2,378,0.001576042006490752,752435200,0.15625
svhn,pruning,0.7,3,2,379,0.001623415999347344,752435200,0.3828125
svhn,pruning,0.7,3,2,380,0.001626916986424476,752435200,0.1875
svhn,pruning,0.7,3,2,381,0.0016451669798698276,752435200,0.2578125
svhn,pruning,0.7,3,2,382,0.0016252500063274056,752435200,0.2734375
svhn,pruning,0.7,3,2,383,0.0015283339889720082,752435200,0.3515625
svhn,pruning,0.7,3,2,384,0.0016033329884521663,752435200,0.3203125
svhn,pruning,0.7,3,2,385,0.0016264169826172292,752435200,0.234375
svhn,pruning,0.7,3,2,386,0.0016461670165881515,752435200,0.390625
svhn,pruning,0.7,3,2,387,0.001579250005306676,752435200,0.3203125
svhn,pruning,0.7,3,2,388,0.0016358330030925572,752435200,0.265625
svhn,pruning,0.7,3,2,389,0.001620541006559506,752435200,0.2578125
svhn,pruning,0.7,3,2,390,0.0016418749873992056,752435200,0.34375
svhn,pruning,0.7,3,2,391,0.0015631249989382923,752435200,0.359375
svhn,pruning,0.7,3,2,392,0.0016372910176869482,752435200,0.28125
svhn,pruning,0.7,3,2,393,0.0016408340015914291,752435200,0.2890625
svhn,pruning,0.7,3,2,394,0.0015261660155374557,752435200,0.3125
svhn,pruning,0.7,3,2,395,0.0016425829962827265,752435200,0.265625
svhn,pruning,0.7,3,2,396,0.0016540419892407954,752435200,0.25
svhn,pruning,0.7,3,2,397,0.0016430840187240392,752451584,0.234375
svhn,pruning,0.7,3,2,398,0.0015717920032329857,752451584,0.28125
svhn,pruning,0.7,3,2,399,0.001644375006435439,752451584,0.3671875
svhn,pruning,0.7,3,2,400,0.0015877920086495578,752451584,0.2734375
svhn,pruning,0.7,3,2,401,0.0015464159951079637,752451584,0.3203125
svhn,pruning,0.7,3,2,402,0.0016397090221289545,752451584,0.25
svhn,pruning,0.7,3,2,403,0.0016497909964527935,752451584,0.296875
svhn,pruning,0.7,3,2,404,0.001552415982587263,752467968,0.203125
svhn,pruning,0.7,3,2,405,0.0016444580105599016,752467968,0.25
svhn,pruning,0.7,3,2,406,0.001647249999223277,752467968,0.28125
svhn,pruning,0.7,3,2,407,0.0016341249865945429,752467968,0.3046875
svhn,pruning,0.7,3,2,408,0.0015894160023890436,752467968,0.34375
svhn,pruning,0.7,3,2,409,0.0016340000147465616,752484352,0.3125
svhn,pruning,0.7,3,2,410,0.0016469160036649555,752484352,0.3125
svhn,pruning,0.7,3,2,411,0.001622583979042247,752484352,0.34375
svhn,pruning,0.7,3,2,412,0.001567208004416898,752484352,0.328125
svhn,pruning,0.7,3,2,413,0.0016201249964069575,752484352,0.3359375
svhn,pruning,0.7,3,2,414,0.0016455829900223762,752484352,0.296875
svhn,pruning,0.7,3,2,415,0.001621875009732321,752484352,0.328125
svhn,pruning,0.7,3,2,416,0.0015326249995268881,752484352,0.28125
svhn,pruning,0.7,3,2,417,0.0016269159968942404,752484352,0.296875
svhn,pruning,0.7,3,2,418,0.001628750003874302,752484352,0.3046875
svhn,pruning,0.7,3,2,419,0.0016422079934272915,752484352,0.3046875
svhn,pruning,0.7,3,2,420,0.0016432080010417849,752484352,0.2890625
svhn,pruning,0.7,3,2,421,0.0016495420131832361,752484352,0.2265625
svhn,pruning,0.7,3,2,422,0.001575292000779882,752484352,0.265625
svhn,pruning,0.7,3,2,423,0.0016384580230806023,752500736,0.28125
svhn,pruning,0.7,3,2,424,0.0016441249754279852,752500736,0.296875
svhn,pruning,0.7,3,2,425,0.0016536250186618418,752500736,0.3046875
svhn,pruning,0.7,3,2,426,0.001629500009585172,752500736,0.3203125
svhn,pruning,0.7,3,2,427,0.0016220419784076512,752500736,0.2109375
svhn,pruning,0.7,3,2,428,0.0015333339979406446,752500736,0.2265625
svhn,pruning,0.7,3,2,429,0.0016409160161856562,752500736,0.28125
svhn,pruning,0.7,3,2,430,0.001633833016967401,752500736,0.2734375
svhn,pruning,0.7,3,2,431,0.0015214169980026782,752500736,0.3046875
svhn,pruning,0.7,3,2,432,0.0016504589875694364,752517120,0.2890625
svhn,pruning,0.7,3,2,433,0.001636375003727153,752517120,0.3125
svhn,pruning,0.7,3,2,434,0.0016474169970024377,752517120,0.203125
svhn,pruning,0.7,3,2,435,0.0015341249818447977,752517120,0.265625
svhn,pruning,0.7,3,2,436,0.0016481670027133077,752517120,0.2421875
svhn,pruning,0.7,3,2,437,0.0015098750009201467,752517120,0.2265625
svhn,pruning,0.7,3,2,438,0.0015095830021891743,752517120,0.3046875
svhn,pruning,0.7,3,2,439,0.0015547499933745712,752517120,0.28125
svhn,pruning,0.7,3,2,440,0.0016276249953079969,752517120,0.3046875
svhn,pruning,0.7,3,2,441,0.0016065840027295053,752517120,0.234375
svhn,pruning,0.7,3,2,442,0.0016115419857669622,752517120,0.390625
svhn,pruning,0.7,3,2,443,0.0016221250116359442,752517120,0.3046875
svhn,pruning,0.7,3,2,444,0.0016101670044008642,752517120,0.2734375
svhn,pruning,0.7,3,2,445,0.0016120410000439733,752517120,0.296875
svhn,pruning,0.7,3,2,446,0.0015554999990854412,752517120,0.3828125
svhn,pruning,0.7,3,2,447,0.001883207994978875,755220480,0.3359375
svhn,pruning,0.7,3,2,448,0.0019007920054718852,755695616,0.2734375
svhn,pruning,0.7,3,2,449,0.0017527499876450747,755695616,0.3359375
svhn,pruning,0.7,3,2,450,0.001686333998804912,755695616,0.25
svhn,pruning,0.7,3,2,451,0.0016567499842494726,755695616,0.328125
svhn,pruning,0.7,3,2,452,0.001560790988150984,755695616,0.3359375
svhn,pruning,0.7,3,2,453,0.0016723329899832606,755695616,0.3046875
svhn,pruning,0.7,3,2,454,0.0016515419993083924,755695616,0.3515625
svhn,pruning,0.7,3,2,455,0.0015475830005016178,755695616,0.3359375
svhn,pruning,0.7,3,2,456,0.0016632089973427355,755695616,0.3203125
svhn,pruning,0.7,3,2,457,0.001635249995160848,755695616,0.359375
svhn,pruning,0.7,3,2,458,0.001631291990634054,755695616,0.2890625
svhn,pruning,0.7,3,2,459,0.001577374991029501,755695616,0.3046875
svhn,pruning,0.7,3,2,460,0.0016464159998577088,755695616,0.2265625
svhn,pruning,0.7,3,2,461,0.0016394160047639161,755695616,0.3125
svhn,pruning,0.7,3,2,462,0.0015363749989774078,755695616,0.2578125
svhn,pruning,0.7,3,2,463,0.001635291991988197,755695616,0.328125
svhn,pruning,0.7,3,2,464,0.0016342079907190055,755695616,0.2890625
svhn,pruning,0.7,3,2,465,0.001532583002699539,755695616,0.25
svhn,pruning,0.7,3,2,466,0.0016141670057550073,755695616,0.2890625
svhn,pruning,0.7,3,2,467,0.0016443339991383255,755695616,0.234375
svhn,pruning,0.7,3,2,468,0.0016377499850932509,755695616,0.328125
svhn,pruning,0.7,3,2,469,0.001586124999448657,755695616,0.3359375
svhn,pruning,0.7,3,2,470,0.0016544169920962304,755695616,0.3203125
svhn,pruning,0.7,3,2,471,0.001629917009267956,755695616,0.28125
svhn,pruning,0.7,3,2,472,0.0015300420054700226,755695616,0.2890625
svhn,pruning,0.7,3,2,473,0.001586124999448657,755695616,0.265625
svhn,pruning,0.7,3,2,474,0.0016109580174088478,755695616,0.2109375
svhn,pruning,0.7,3,2,475,0.0016381659952457994,755695616,0.296875
svhn,pruning,0.7,3,2,476,0.0015360830002464354,755695616,0.265625
svhn,pruning,0.7,3,2,477,0.0016214170027524233,755695616,0.28125
svhn,pruning,0.7,3,2,478,0.0016244580037891865,755695616,0.375
svhn,pruning,0.7,3,2,479,0.001650541991693899,755695616,0.3515625
svhn,pruning,0.7,3,2,480,0.001647291996050626,755695616,0.3515625
svhn,pruning,0.7,3,2,481,0.001642625022213906,755695616,0.3046875
svhn,pruning,0.7,3,2,482,0.0016351249942090362,755695616,0.3125
svhn,pruning,0.7,3,2,483,0.0015423750155605376,755695616,0.296875
svhn,pruning,0.7,3,2,484,0.0016435839934274554,755695616,0.3515625
svhn,pruning,0.7,3,2,485,0.0016525000100955367,755695616,0.2109375
svhn,pruning,0.7,3,2,486,0.0015342499827966094,755695616,0.34375
svhn,pruning,0.7,3,2,487,0.0016384159971494228,755712000,0.3671875
svhn,pruning,0.7,3,2,488,0.0016550839936826378,755712000,0.3359375
svhn,pruning,0.7,3,2,489,0.0015251250006258488,755712000,0.3046875
svhn,pruning,0.7,3,2,490,0.0016277499962598085,755712000,0.296875
svhn,pruning,0.7,3,2,491,0.0016389590164180845,755712000,0.3125
svhn,pruning,0.7,3,2,492,0.0015416670066770166,755712000,0.21875
svhn,pruning,0.7,3,2,493,0.0016442500054836273,755712000,0.203125
svhn,pruning,0.7,3,2,494,0.001650124992011115,755712000,0.25
svhn,pruning,0.7,3,2,495,0.0016730829956941307,755712000,0.25
svhn,pruning,0.7,3,2,496,0.0016370410157833248,755712000,0.296875
svhn,pruning,0.7,3,2,497,0.0016370829835068434,755712000,0.3046875
svhn,pruning,0.7,3,2,498,0.0016299999842885882,755712000,0.2109375
svhn,pruning,0.7,3,2,499,0.0015866250032559037,755712000,0.2265625
svhn,pruning,0.7,3,2,500,0.0016175830096472055,755712000,0.1875
svhn,pruning,0.7,3,2,501,0.0016163339896593243,755712000,0.1875
svhn,pruning,0.7,3,2,502,0.001617166999494657,755712000,0.3046875
svhn,pruning,0.7,3,2,503,0.001534665992949158,755712000,0.328125
svhn,pruning,0.7,3,2,504,0.0016162499960046262,755712000,0.28125
svhn,pruning,0.7,3,2,505,0.001533165981527418,755712000,0.2421875
svhn,pruning,0.7,3,2,506,0.0016418749873992056,755712000,0.28125
svhn,pruning,0.7,3,2,507,0.0016371249803341925,755712000,0.3203125
svhn,pruning,0.7,3,2,508,0.0015610829868819565,755712000,0.2578125
svhn,pruning,0.7,3,2,509,0.0015766659926157445,755712000,0.3125
svhn,pruning,0.7,3,2,510,0.0016329999780282378,755728384,0.3125
svhn,pruning,0.7,3,2,511,0.0016544160025659949,755728384,0.4140625
svhn,pruning,0.7,3,2,512,0.0015364169958047569,755728384,0.3828125
svhn,pruning,0.7,3,2,513,0.0016428340168204159,755728384,0.2890625
svhn,pruning,0.7,3,2,514,0.0016236249939538538,755728384,0.265625
svhn,pruning,0.7,3,2,515,0.0015980829775799066,755728384,0.28125
svhn,pruning,0.7,3,2,516,0.0015735829947516322,755728384,0.25
svhn,pruning,0.7,3,2,517,0.0016326670011039823,755728384,0.21875
svhn,pruning,0.7,3,2,518,0.001633167004911229,755728384,0.3046875
svhn,pruning,0.7,3,2,519,0.0015406250022351742,755728384,0.296875
svhn,pruning,0.7,3,2,520,0.0015793749771546572,755728384,0.2578125
svhn,pruning,0.7,3,2,521,0.0016465420194435865,755728384,0.3515625
svhn,pruning,0.7,3,2,522,0.0015444160089828074,755728384,0.3515625
svhn,pruning,0.7,3,2,523,0.001629917009267956,755728384,0.2734375
svhn,pruning,0.7,3,2,524,0.0016561250085942447,755744768,0.3125
svhn,pruning,0.7,3,2,525,0.0016517500043846667,755761152,0.375
svhn,pruning,0.7,3,2,526,0.0016431660042144358,755761152,0.2265625
svhn,pruning,0.7,3,2,527,0.0016370410157833248,755761152,0.2890625
svhn,pruning,0.7,3,2,528,0.0015408750041387975,755761152,0.265625
svhn,pruning,0.7,3,2,529,0.0016458329919259995,755761152,0.3359375
svhn,pruning,0.7,3,2,530,0.0016061250062193722,755761152,0.3203125
svhn,pruning,0.7,3,2,531,0.0016451249830424786,755761152,0.3046875
svhn,pruning,0.7,3,2,532,0.0016430420218966901,755761152,0.3515625
svhn,pruning,0.7,3,2,533,0.0016492920112796128,755761152,0.2578125
svhn,pruning,0.7,3,2,534,0.001532833994133398,755761152,0.40625
svhn,pruning,0.7,3,2,535,0.001636375003727153,755761152,0.25
svhn,pruning,0.7,3,2,536,0.0016417500155512244,755761152,0.3125
svhn,pruning,0.7,3,2,537,0.0016326659824699163,755761152,0.296875
svhn,pruning,0.7,3,2,538,0.0015739589871373028,755761152,0.2421875
svhn,pruning,0.7,3,2,539,0.0016112920129671693,755761152,0.34375
svhn,pruning,0.7,3,2,540,0.0015317500219680369,755761152,0.3515625
svhn,pruning,0.7,3,2,541,0.0015808339812792838,755761152,0.3203125
svhn,pruning,0.7,3,2,542,0.0016502499929629266,755761152,0.3125
svhn,pruning,0.7,3,2,543,0.0016645839787088335,755761152,0.2421875
svhn,pruning,0.7,3,2,544,0.0015400000265799463,755761152,0.265625
svhn,pruning,0.7,3,2,545,0.0016521250072401017,755761152,0.2421875
svhn,pruning,0.7,3,2,546,0.0016329169739037752,755761152,0.3359375
svhn,pruning,0.7,3,2,547,0.0015344170096796006,755761152,0.28125
svhn,pruning,0.7,3,2,548,0.0015828339965082705,755777536,0.2578125
svhn,pruning,0.7,3,2,549,0.0016227909945882857,755777536,0.34375
svhn,pruning,0.7,3,2,550,0.0016087919939309359,755777536,0.2265625
svhn,pruning,0.7,3,2,551,0.0015312079922296107,755777536,0.28125
svhn,pruning,0.7,3,2,552,0.0016851660038810223,755777536,0.375
svhn,pruning,0.7,3,2,553,0.0016447090019937605,755777536,0.3046875
svhn,pruning,0.7,3,2,554,0.0015315419877879322,755777536,0.25
svhn,pruning,0.7,3,2,555,0.0016398749721702188,755777536,0.296875
svhn,pruning,0.7,3,2,556,0.0016244170255959034,755777536,0.28125
svhn,pruning,0.7,3,2,557,0.0015233749873004854,755777536,0.296875
svhn,pruning,0.7,3,2,558,0.001648750010645017,755777536,0.3046875
svhn,pruning,0.7,3,2,559,0.0016241669945884496,755777536,0.328125
svhn,pruning,0.7,3,2,560,0.0015421670104842633,755777536,0.265625
svhn,pruning,0.7,3,2,561,0.0016543340170755982,755777536,0.3203125
svhn,pruning,0.7,3,2,562,0.0016286669997498393,755777536,0.328125
svhn,pruning,0.7,3,2,563,0.0016288749757222831,755777536,0.2890625
svhn,pruning,0.7,3,2,564,0.0015190409903880209,755777536,0.265625
svhn,pruning,0.7,3,2,565,0.0016492080176249146,755777536,0.25
svhn,pruning,0.7,3,2,566,0.001630625018151477,755777536,0.234375
svhn,pruning,0.7,3,2,567,0.0015312919858843088,755777536,0.28125
svhn,pruning,0.7,3,2,568,0.0016010830004233867,755777536,0.328125
svhn,pruning,0.7,3,2,569,0.0016351670201402158,755777536,0.28125
svhn,pruning,0.7,3,2,570,0.0016552089946344495,755777536,0.3984375
svhn,pruning,0.7,3,2,571,0.0016420419851783663,755777536,0.3203125
svhn,pruning,0.7,3,2,572,0.0011646249913610518,756105216,0.24390243902439024
svhn,pruning,0.7,3,3,0,0.001586041005793959,756170752,0.2421875
svhn,pruning,0.7,3,3,1,0.0016792909882497042,756187136,0.3515625
svhn,pruning,0.7,3,3,2,0.0015844169829506427,756203520,0.28125
svhn,pruning,0.7,3,3,3,0.0016947499825619161,756203520,0.2734375
svhn,pruning,0.7,3,3,4,0.0015881669824011624,756203520,0.2421875
svhn,pruning,0.7,3,3,5,0.0016536670154891908,756203520,0.2890625
svhn,pruning,0.7,3,3,6,0.0016484160150866956,756219904,0.3515625
svhn,pruning,0.7,3,3,7,0.0016583329997956753,756219904,0.2109375
svhn,pruning,0.7,3,3,8,0.0016204580024350435,756219904,0.296875
svhn,pruning,0.7,3,3,9,0.0016627089935354888,756219904,0.2421875
svhn,pruning,0.7,3,3,10,0.0015812499914318323,756219904,0.265625
svhn,pruning,0.7,3,3,11,0.0016723750159144402,756219904,0.2890625
svhn,pruning,0.7,3,3,12,0.0015379169781226665,756219904,0.265625
svhn,pruning,0.7,3,3,13,0.0015852499927859753,756219904,0.2734375
svhn,pruning,0.7,3,3,14,0.0016428339877165854,756219904,0.25
svhn,pruning,0.7,3,3,15,0.0016661660047248006,756219904,0.3515625
svhn,pruning,0.7,3,3,16,0.0015338749799411744,756219904,0.28125
svhn,pruning,0.7,3,3,17,0.001654541993048042,756219904,0.34375
svhn,pruning,0.7,3,3,18,0.001650208985665813,756236288,0.28125
svhn,pruning,0.7,3,3,19,0.001678833010373637,756236288,0.3125
svhn,pruning,0.7,3,3,20,0.0016422919870819896,756236288,0.3359375
svhn,pruning,0.7,3,3,21,0.001660750014707446,756236288,0.328125
svhn,pruning,0.7,3,3,22,0.0015313749900087714,756236288,0.265625
svhn,pruning,0.7,3,3,23,0.0016619579982943833,756236288,0.2890625
svhn,pruning,0.7,3,3,24,0.001643625000724569,756236288,0.28125
svhn,pruning,0.7,3,3,25,0.0015399999974761158,756236288,0.25
svhn,pruning,0.7,3,3,26,0.0016459169855806977,756236288,0.3125
svhn,pruning,0.7,3,3,27,0.0016449579852633178,756236288,0.3125
svhn,pruning,0.7,3,3,28,0.0016241669945884496,756236288,0.2421875
svhn,pruning,0.7,3,3,29,0.0015420829877257347,756236288,0.2890625
svhn,pruning,0.7,3,3,30,0.0016348750214092433,756236288,0.265625
svhn,pruning,0.7,3,3,31,0.001639000023715198,756236288,0.3515625
svhn,pruning,0.7,3,3,32,0.0015439999988302588,756236288,0.3046875
svhn,pruning,0.7,3,3,33,0.0016535829927306622,756236288,0.28125
svhn,pruning,0.7,3,3,34,0.0016434999997727573,756236288,0.28125
svhn,pruning,0.7,3,3,35,0.0016500840138178319,756236288,0.2421875
svhn,pruning,0.7,3,3,36,0.00152749998960644,756236288,0.2578125
svhn,pruning,0.7,3,3,37,0.0016485830128658563,756236288,0.3046875
svhn,pruning,0.7,3,3,38,0.0016187499859370291,756236288,0.2890625
svhn,pruning,0.7,3,3,39,0.00160529202548787,756236288,0.3203125
svhn,pruning,0.7,3,3,40,0.001568042003782466,756236288,0.3828125
svhn,pruning,0.7,3,3,41,0.001635291991988197,756236288,0.328125
svhn,pruning,0.7,3,3,42,0.0015012079966254532,756236288,0.4375
svhn,pruning,0.7,3,3,43,0.0016489580157212913,756236288,0.3125
svhn,pruning,0.7,3,3,44,0.0016519999771844596,756236288,0.3046875
svhn,pruning,0.7,3,3,45,0.0016502910002600402,756236288,0.296875
svhn,pruning,0.7,3,3,46,0.0016514589951839298,756236288,0.3359375
svhn,pruning,0.7,3,3,47,0.0015421250136569142,756252672,0.265625
svhn,pruning,0.7,3,3,48,0.0016446659865323454,756252672,0.296875
svhn,pruning,0.7,3,3,49,0.0016354589897673577,756252672,0.265625
svhn,pruning,0.7,3,3,50,0.0016388329968322068,756252672,0.2578125
svhn,pruning,0.7,3,3,51,0.0015429169870913029,756252672,0.28125
svhn,pruning,0.7,3,3,52,0.0016239160031545907,756252672,0.28125
svhn,pruning,0.7,3,3,53,0.0016374590049963444,756252672,0.3359375
svhn,pruning,0.7,3,3,54,0.0015387909952551126,756252672,0.328125
svhn,pruning,0.7,3,3,55,0.0015800419787410647,756252672,0.2734375
svhn,pruning,0.7,3,3,56,0.0016409170057158917,756252672,0.328125
svhn,pruning,0.7,3,3,57,0.0016492090071551502,756252672,0.359375
svhn,pruning,0.7,3,3,58,0.0015790000034030527,756252672,0.34375
svhn,pruning,0.7,3,3,59,0.001653707993682474,756252672,0.3359375
svhn,pruning,0.7,3,3,60,0.0015391249908134341,756252672,0.296875
svhn,pruning,0.7,3,3,61,0.001650541991693899,756252672,0.3125
svhn,pruning,0.7,3,3,62,0.0015913329843897372,756252672,0.3046875
svhn,pruning,0.7,3,3,63,0.001665332994889468,756252672,0.328125
svhn,pruning,0.7,3,3,64,0.0016362909809686244,756252672,0.3203125
svhn,pruning,0.7,3,3,65,0.0016374170081689954,756252672,0.265625
svhn,pruning,0.7,3,3,66,0.0015353340131696314,756252672,0.3359375
svhn,pruning,0.7,3,3,67,0.0016517499752808362,756252672,0.328125
svhn,pruning,0.7,3,3,68,0.0016525420069228858,756252672,0.3046875
svhn,pruning,0.7,3,3,69,0.0015312920149881393,756252672,0.3046875
svhn,pruning,0.7,3,3,70,0.001648666977416724,756252672,0.296875
svhn,pruning,0.7,3,3,71,0.001645500015001744,756252672,0.2265625
svhn,pruning,0.7,3,3,72,0.00151087500853464,756252672,0.2734375
svhn,pruning,0.7,3,3,73,0.0015750000020489097,756252672,0.3046875
svhn,pruning,0.7,3,3,74,0.0017064999847207218,756252672,0.28125
svhn,pruning,0.7,3,3,75,0.0019742499862331897,756252672,0.34375
svhn,pruning,0.7,3,3,76,0.002050375012913719,756252672,0.2734375
svhn,pruning,0.7,3,3,77,0.0024168329837266356,756252672,0.2578125
svhn,pruning,0.7,3,3,78,0.002027042006375268,756252672,0.3359375
svhn,pruning,0.7,3,3,79,0.001826833002269268,756252672,0.328125
svhn,pruning,0.7,3,3,80,0.0016629169986117631,756252672,0.3046875
svhn,pruning,0.7,3,3,81,0.0016849589883349836,756252672,0.3828125
svhn,pruning,0.7,3,3,82,0.0016535829927306622,756269056,0.2734375
svhn,pruning,0.7,3,3,83,0.0016372500103898346,756285440,0.2734375
svhn,pruning,0.7,3,3,84,0.0015447500045411289,756285440,0.3359375
svhn,pruning,0.7,3,3,85,0.0016569170111324638,756285440,0.3046875
svhn,pruning,0.7,3,3,86,0.0016507089894730598,756285440,0.375
svhn,pruning,0.7,3,3,87,0.0015475410036742687,756285440,0.34375
svhn,pruning,0.7,3,3,88,0.0015854579978622496,756285440,0.265625
svhn,pruning,0.7,3,3,89,0.0016205839929170907,756285440,0.3046875
svhn,pruning,0.7,3,3,90,0.0016738749982323498,756285440,0.3515625
svhn,pruning,0.7,3,3,91,0.0015443750016856939,756285440,0.3359375
svhn,pruning,0.7,3,3,92,0.0015067920030560344,756301824,0.328125
svhn,pruning,0.7,3,3,93,0.0016011249972507358,756301824,0.296875
svhn,pruning,0.7,3,3,94,0.0016543329984415323,756301824,0.3125
svhn,pruning,0.7,3,3,95,0.0015815420192666352,756301824,0.3515625
svhn,pruning,0.7,3,3,96,0.001664375013206154,756301824,0.3125
svhn,pruning,0.7,3,3,97,0.0016520830104127526,756301824,0.3046875
svhn,pruning,0.7,3,3,98,0.0016067919787019491,756301824,0.2578125
svhn,pruning,0.7,3,3,99,0.0016448330134153366,756301824,0.265625
svhn,pruning,0.7,3,3,100,0.001659166009631008,756301824,0.3125
svhn,pruning,0.7,3,3,101,0.00154883399954997,756301824,0.328125
svhn,pruning,0.7,3,3,102,0.001579250005306676,756301824,0.3515625
svhn,pruning,0.7,3,3,103,0.0015186670061666518,756301824,0.2421875
svhn,pruning,0.7,3,3,104,0.001654916995903477,756301824,0.359375
svhn,pruning,0.7,3,3,105,0.0015447500045411289,756301824,0.3046875
svhn,pruning,0.7,3,3,106,0.0015425840101670474,756301824,0.3046875
svhn,pruning,0.7,3,3,107,0.0016362080059479922,756301824,0.296875
svhn,pruning,0.7,3,3,108,0.0016144579858519137,756301824,0.296875
svhn,pruning,0.7,3,3,109,0.0015838329854886979,756301824,0.328125
svhn,pruning,0.7,3,3,110,0.0015402910066768527,756301824,0.328125
svhn,pruning,0.7,3,3,111,0.0016352920210920274,756301824,0.328125
svhn,pruning,0.7,3,3,112,0.0016427499940618873,756301824,0.3828125
svhn,pruning,0.7,3,3,113,0.0016474589938297868,756301824,0.3359375
svhn,pruning,0.7,3,3,114,0.0016445829824078828,756301824,0.3671875
svhn,pruning,0.7,3,3,115,0.0016357919957954437,756301824,0.3125
svhn,pruning,0.7,3,3,116,0.0015712920285295695,756301824,0.3984375
svhn,pruning,0.7,3,3,117,0.0016458329919259995,756301824,0.2890625
svhn,pruning,0.7,3,3,118,0.0016539589851163328,756301824,0.3203125
svhn,pruning,0.7,3,3,119,0.0016454579890705645,756301824,0.2734375
svhn,pruning,0.7,3,3,120,0.0016590410086791962,756301824,0.2421875
svhn,pruning,0.7,3,3,121,0.0016039590118452907,756301824,0.3125
svhn,pruning,0.7,3,3,122,0.001656249980442226,756301824,0.2734375
svhn,pruning,0.7,3,3,123,0.001647208002395928,756301824,0.296875
svhn,pruning,0.7,3,3,124,0.0016442500054836273,756301824,0.3515625
svhn,pruning,0.7,3,3,125,0.001627040997846052,756301824,0.3125
svhn,pruning,0.7,3,3,126,0.0015445419994648546,756301824,0.3359375
svhn,pruning,0.7,3,3,127,0.0017463330004829913,756301824,0.296875
svhn,pruning,0.7,3,3,128,0.0016374999831896275,756301824,0.3515625
svhn,pruning,0.7,3,3,129,0.0016490420093759894,756301824,0.25
svhn,pruning,0.7,3,3,130,0.0016494999872520566,756301824,0.3203125
svhn,pruning,0.7,3,3,131,0.0016537920164410025,756301824,0.28125
svhn,pruning,0.7,3,3,132,0.001654874999076128,756301824,0.34375
svhn,pruning,0.7,3,3,133,0.0015759590023662895,756301824,0.3203125
svhn,pruning,0.7,3,3,134,0.001644000003580004,756301824,0.3984375
svhn,pruning,0.7,3,3,135,0.0016293749795295298,756301824,0.3515625
svhn,pruning,0.7,3,3,136,0.0015410000050906092,756301824,0.2890625
svhn,pruning,0.7,3,3,137,0.0016560829826630652,756301824,0.2578125
svhn,pruning,0.7,3,3,138,0.0016452080162707716,756301824,0.2578125
svhn,pruning,0.7,3,3,139,0.0016467920213472098,756301824,0.3515625
svhn,pruning,0.7,3,3,140,0.0015756249777041376,756301824,0.28125
svhn,pruning,0.7,3,3,141,0.0016482499777339399,756301824,0.3203125
svhn,pruning,0.7,3,3,142,0.001631291990634054,756301824,0.2734375
svhn,pruning,0.7,3,3,143,0.0015424999874085188,756318208,0.2578125
svhn,pruning,0.7,3,3,144,0.0017560000123921782,756318208,0.3359375
svhn,pruning,0.7,3,3,145,0.0016370420053135604,756318208,0.296875
svhn,pruning,0.7,3,3,146,0.0015553749981336296,756318208,0.296875
svhn,pruning,0.7,3,3,147,0.0016589589940849692,756318208,0.3046875
svhn,pruning,0.7,3,3,148,0.0015355409996118397,756318208,0.3125
svhn,pruning,0.7,3,3,149,0.0016180000093299896,756318208,0.328125
svhn,pruning,0.7,3,3,150,0.0016442089981865138,756318208,0.3359375
svhn,pruning,0.7,3,3,151,0.0016372920072171837,756318208,0.3359375
svhn,pruning,0.7,3,3,152,0.0015445419994648546,756318208,0.359375
svhn,pruning,0.7,3,3,153,0.0015276670164894313,756318208,0.3203125
svhn,pruning,0.7,3,3,154,0.0016537920164410025,756334592,0.3359375
svhn,pruning,0.7,3,3,155,0.0015345830179285258,756334592,0.3125
svhn,pruning,0.7,3,3,156,0.001520958001492545,756334592,0.328125
svhn,pruning,0.7,3,3,157,0.001631666993489489,756334592,0.3671875
svhn,pruning,0.7,3,3,158,0.0016211250040214509,756334592,0.3671875
svhn,pruning,0.7,3,3,159,0.0016412499826401472,756334592,0.3203125
svhn,pruning,0.7,3,3,160,0.0016192909970413893,756334592,0.2890625
svhn,pruning,0.7,3,3,161,0.0016489580157212913,756334592,0.2890625
svhn,pruning,0.7,3,3,162,0.001872708002338186,756334592,0.421875
svhn,pruning,0.7,3,3,163,0.0016433749988209456,756334592,0.34375
svhn,pruning,0.7,3,3,164,0.0016530000139027834,756334592,0.2734375
svhn,pruning,0.7,3,3,165,0.0015329169982578605,756334592,0.3515625
svhn,pruning,0.7,3,3,166,0.0016488749824929982,756334592,0.3203125
svhn,pruning,0.7,3,3,167,0.0016404160123784095,756334592,0.3125
svhn,pruning,0.7,3,3,168,0.0016357080021407455,756334592,0.328125
svhn,pruning,0.7,3,3,169,0.0015408750041387975,756334592,0.2890625
svhn,pruning,0.7,3,3,170,0.0016532090085092932,756334592,0.2421875
svhn,pruning,0.7,3,3,171,0.0016495840100105852,756334592,0.296875
svhn,pruning,0.7,3,3,172,0.001545584003906697,756334592,0.296875
svhn,pruning,0.7,3,3,173,0.0017290000105276704,756334592,0.28125
svhn,pruning,0.7,3,3,174,0.0016395410057157278,756334592,0.328125
svhn,pruning,0.7,3,3,175,0.0016412090044468641,756334592,0.3359375
svhn,pruning,0.7,3,3,176,0.001520958001492545,756334592,0.2890625
svhn,pruning,0.7,3,3,177,0.0015660000208299607,756334592,0.3671875
svhn,pruning,0.7,3,3,178,0.0016518330085091293,756334592,0.2578125
svhn,pruning,0.7,3,3,179,0.0016201249964069575,756334592,0.3125
svhn,pruning,0.7,3,3,180,0.0015364169958047569,756334592,0.28125
svhn,pruning,0.7,3,3,181,0.0016276250244118273,756334592,0.2421875
svhn,pruning,0.7,3,3,182,0.0016369999793823808,756334592,0.234375
svhn,pruning,0.7,3,3,183,0.0016382499889004976,756334592,0.2734375
svhn,pruning,0.7,3,3,184,0.0016476660093758255,756334592,0.4140625
svhn,pruning,0.7,3,3,185,0.0016312910011038184,756334592,0.2734375
svhn,pruning,0.7,3,3,186,0.0016397919971495867,756334592,0.359375
svhn,pruning,0.7,3,3,187,0.0015354169881902635,756334592,0.3671875
svhn,pruning,0.7,3,3,188,0.001586500002304092,756334592,0.3203125
svhn,pruning,0.7,3,3,189,0.001653833984164521,756334592,0.3671875
svhn,pruning,0.7,3,3,190,0.001616416993783787,756334592,0.375
svhn,pruning,0.7,3,3,191,0.001544832979561761,756334592,0.3046875
svhn,pruning,0.7,3,3,192,0.0016540419892407954,756334592,0.265625
svhn,pruning,0.7,3,3,193,0.0016442920023109764,756334592,0.3515625
svhn,pruning,0.7,3,3,194,0.0015754589985590428,756350976,0.3828125
svhn,pruning,0.7,3,3,195,0.0016419999883510172,756350976,0.3203125
svhn,pruning,0.7,3,3,196,0.0016378329892177135,756350976,0.28125
svhn,pruning,0.7,3,3,197,0.0015815000224392861,756350976,0.3671875
svhn,pruning,0.7,3,3,198,0.001543666992802173,756350976,0.34375
svhn,pruning,0.7,3,3,199,0.001627000019652769,756350976,0.34375
svhn,pruning,0.7,3,3,200,0.0016500000201631337,756350976,0.2578125
svhn,pruning,0.7,3,3,201,0.001573125016875565,756350976,0.328125
svhn,pruning,0.7,3,3,202,0.0016856669972185045,756350976,0.34375
svhn,pruning,0.7,3,3,203,0.001652417005971074,756350976,0.3046875
svhn,pruning,0.7,3,3,204,0.0015322499966714531,756350976,0.2890625
svhn,pruning,0.7,3,3,205,0.0016442920023109764,756350976,0.2421875
svhn,pruning,0.7,3,3,206,0.001646625023568049,756350976,0.3828125
svhn,pruning,0.7,3,3,207,0.001631417020689696,756350976,0.2734375
svhn,pruning,0.7,3,3,208,0.0015025410102680326,756350976,0.3359375
svhn,pruning,0.7,3,3,209,0.0015332909824792296,756350976,0.2734375
svhn,pruning,0.7,3,3,210,0.001653416984481737,756350976,0.3359375
svhn,pruning,0.7,3,3,211,0.0015387500170618296,756350976,0.3203125
svhn,pruning,0.7,3,3,212,0.00157275001402013,756350976,0.34375
svhn,pruning,0.7,3,3,213,0.0016446670051664114,756350976,0.2421875
svhn,pruning,0.7,3,3,214,0.0016347079945262522,756350976,0.3671875
svhn,pruning,0.7,3,3,215,0.0015364580031018704,756350976,0.3046875
svhn,pruning,0.7,3,3,216,0.0016325420001521707,756350976,0.3671875
svhn,pruning,0.7,3,3,217,0.0016496250173076987,756350976,0.34375
svhn,pruning,0.7,3,3,218,0.00157891699927859,756350976,0.3203125
svhn,pruning,0.7,3,3,219,0.001521708007203415,756350976,0.390625
svhn,pruning,0.7,3,3,220,0.0015797909873072058,756350976,0.3359375
svhn,pruning,0.7,3,3,221,0.001527040993096307,756350976,0.40625
svhn,pruning,0.7,3,3,222,0.0016259999829344451,756350976,0.3359375
svhn,pruning,0.7,3,3,223,0.0016454170108772814,756350976,0.3671875
svhn,pruning,0.7,3,3,224,0.0015423750155605376,756350976,0.328125
svhn,pruning,0.7,3,3,225,0.0016137500060722232,756350976,0.3359375
svhn,pruning,0.7,3,3,226,0.0016542499943170696,756350976,0.3515625
svhn,pruning,0.7,3,3,227,0.001536958006909117,756350976,0.3203125
svhn,pruning,0.7,3,3,228,0.0015347909939009696,756350976,0.3515625
svhn,pruning,0.7,3,3,229,0.0016315829998347908,756350976,0.3203125
svhn,pruning,0.7,3,3,230,0.00164004199905321,756350976,0.2890625
svhn,pruning,0.7,3,3,231,0.0015143329801503569,756350976,0.34375
svhn,pruning,0.7,3,3,232,0.001651625003432855,756350976,0.3046875
svhn,pruning,0.7,3,3,233,0.0016478749748785049,756350976,0.3671875
svhn,pruning,0.7,3,3,234,0.0016456250159535557,756350976,0.3984375
svhn,pruning,0.7,3,3,235,0.001516541000455618,756350976,0.3828125
svhn,pruning,0.7,3,3,236,0.001632792002055794,756350976,0.40625
svhn,pruning,0.7,3,3,237,0.0016445000073872507,756350976,0.3046875
svhn,pruning,0.7,3,3,238,0.0016484999796375632,756350976,0.3671875
svhn,pruning,0.7,3,3,239,0.0016418329905718565,756350976,0.3515625
svhn,pruning,0.7,3,3,240,0.0016199170204345137,756350976,0.2890625
svhn,pruning,0.7,3,3,241,0.0015734999906271696,756350976,0.28125
svhn,pruning,0.7,3,3,242,0.0016402080073021352,756350976,0.3828125
svhn,pruning,0.7,3,3,243,0.0016529579879716039,756350976,0.359375
svhn,pruning,0.7,3,3,244,0.0016433330019935966,756350976,0.359375
svhn,pruning,0.7,3,3,245,0.0015210830024443567,756350976,0.3359375
svhn,pruning,0.7,3,3,246,0.0015344169805757701,756350976,0.2578125
svhn,pruning,0.7,3,3,247,0.0016442920023109764,756367360,0.3515625
svhn,pruning,0.7,3,3,248,0.0015278330247383565,756367360,0.3125
svhn,pruning,0.7,3,3,249,0.0016449170070700347,756367360,0.3359375
svhn,pruning,0.7,3,3,250,0.0016340420115739107,756367360,0.296875
svhn,pruning,0.7,3,3,251,0.001632458996027708,756367360,0.3046875
svhn,pruning,0.7,3,3,252,0.0015849169867578894,756367360,0.34375
svhn,pruning,0.7,3,3,253,0.0016420000174548477,756367360,0.3359375
svhn,pruning,0.7,3,3,254,0.0016303330194205046,756367360,0.359375
svhn,pruning,0.7,3,3,255,0.0016203330014832318,756367360,0.40625
svhn,pruning,0.7,3,3,256,0.0016543329984415323,756367360,0.296875
svhn,pruning,0.7,3,3,257,0.0016489170084241778,756367360,0.3125
svhn,pruning,0.7,3,3,258,0.0015441669966094196,756367360,0.296875
svhn,pruning,0.7,3,3,259,0.0016362909809686244,756367360,0.3671875
svhn,pruning,0.7,3,3,260,0.0016408750088885427,756367360,0.328125
svhn,pruning,0.7,3,3,261,0.0015222910151351243,756367360,0.3125
svhn,pruning,0.7,3,3,262,0.001530292007373646,756367360,0.3359375
svhn,pruning,0.7,3,3,263,0.001631042017834261,756367360,0.3359375
svhn,pruning,0.7,3,3,264,0.0016532079898752272,756367360,0.40625
svhn,pruning,0.7,3,3,265,0.0015959159936755896,756367360,0.359375
svhn,pruning,0.7,3,3,266,0.0016444590000901371,756367360,0.3125
svhn,pruning,0.7,3,3,267,0.0016419999883510172,756367360,0.2734375
svhn,pruning,0.7,3,3,268,0.0015749589947517961,756367360,0.2578125
svhn,pruning,0.7,3,3,269,0.0016420829924754798,756367360,0.3046875
svhn,pruning,0.7,3,3,270,0.0016222499834839255,756367360,0.265625
svhn,pruning,0.7,3,3,271,0.0015394999936688691,756367360,0.296875
svhn,pruning,0.7,3,3,272,0.0016448329843115062,756367360,0.3125
svhn,pruning,0.7,3,3,273,0.0016438750026281923,756383744,0.34375
svhn,pruning,0.7,3,3,274,0.0016443339991383255,756383744,0.3359375
svhn,pruning,0.7,3,3,275,0.001640708011109382,756383744,0.296875
svhn,pruning,0.7,3,3,276,0.0015472910017706454,756383744,0.3203125
svhn,pruning,0.7,3,3,277,0.0016482909850310534,756383744,0.3046875
svhn,pruning,0.7,3,3,278,0.0016498749901074916,756383744,0.2734375
svhn,pruning,0.7,3,3,279,0.0016285419987980276,756383744,0.2421875
svhn,pruning,0.7,3,3,280,0.0015100419986993074,756383744,0.359375
svhn,pruning,0.7,3,3,281,0.0016233340138569474,756383744,0.359375
svhn,pruning,0.7,3,3,282,0.0016149160219356418,756383744,0.2578125
svhn,pruning,0.7,3,3,283,0.0015377080126199871,756383744,0.3671875
svhn,pruning,0.7,3,3,284,0.0016504589875694364,756383744,0.2890625
svhn,pruning,0.7,3,3,285,0.0016386669885832816,756383744,0.296875
svhn,pruning,0.7,3,3,286,0.0016464579966850579,756383744,0.359375
svhn,pruning,0.7,3,3,287,0.0015796660154592246,756383744,0.3046875
svhn,pruning,0.7,3,3,288,0.0018103749898727983,756383744,0.2734375
svhn,pruning,0.7,3,3,289,0.0016490829875692725,756383744,0.1875
svhn,pruning,0.7,3,3,290,0.0015675419999752194,756383744,0.3359375
svhn,pruning,0.7,3,3,291,0.0016212920018006116,756383744,0.3828125
svhn,pruning,0.7,3,3,292,0.00165200000628829,756383744,0.4140625
svhn,pruning,0.7,3,3,293,0.001630250015296042,756383744,0.3125
svhn,pruning,0.7,3,3,294,0.0016724169836379588,756383744,0.3125
svhn,pruning,0.7,3,3,295,0.0016315829998347908,756383744,0.3671875
svhn,pruning,0.7,3,3,296,0.0015408750041387975,756383744,0.3203125
svhn,pruning,0.7,3,3,297,0.001587834005476907,756383744,0.3359375
svhn,pruning,0.7,3,3,298,0.0016760000144131482,756383744,0.3203125
svhn,pruning,0.7,3,3,299,0.0016536669863853604,756383744,0.3515625
svhn,pruning,0.7,3,3,300,0.0015979580057319254,756383744,0.296875
svhn,pruning,0.7,3,3,301,0.0016627080040052533,756383744,0.296875
svhn,pruning,0.7,3,3,302,0.0016296670073643327,756383744,0.3046875
svhn,pruning,0.7,3,3,303,0.0015047090128064156,756383744,0.28125
svhn,pruning,0.7,3,3,304,0.0016550000000279397,756383744,0.21875
svhn,pruning,0.7,3,3,305,0.001630625018151477,756383744,0.3046875
svhn,pruning,0.7,3,3,306,0.001666124997427687,756383744,0.2890625
svhn,pruning,0.7,3,3,307,0.0015357919910456985,756383744,0.3671875
svhn,pruning,0.7,3,3,308,0.0016258330142591149,756383744,0.3046875
svhn,pruning,0.7,3,3,309,0.0016267919854726642,756383744,0.3046875
svhn,pruning,0.7,3,3,310,0.001537249976536259,756383744,0.375
svhn,pruning,0.7,3,3,311,0.0015598749741911888,756383744,0.421875
svhn,pruning,0.7,3,3,312,0.0016463329957332462,756383744,0.296875
svhn,pruning,0.7,3,3,313,0.0016470829723402858,756383744,0.328125
svhn,pruning,0.7,3,3,314,0.00156974999117665,756383744,0.4140625
svhn,pruning,0.7,3,3,315,0.0016529580170754343,756383744,0.296875
svhn,pruning,0.7,3,3,316,0.0016455419827252626,756383744,0.296875
svhn,pruning,0.7,3,3,317,0.001565540995215997,756383744,0.3359375
svhn,pruning,0.7,3,3,318,0.0016351669910363853,756383744,0.3359375
svhn,pruning,0.7,3,3,319,0.0016424159985035658,756383744,0.3515625
svhn,pruning,0.7,3,3,320,0.0015301670064218342,756383744,0.3515625
svhn,pruning,0.7,3,3,321,0.0016556659829802811,756383744,0.328125
svhn,pruning,0.7,3,3,322,0.0016340409929398447,756383744,0.3515625
svhn,pruning,0.7,3,3,323,0.0015384579892270267,756383744,0.34375
svhn,pruning,0.7,3,3,324,0.0016506670217495412,756383744,0.3046875
svhn,pruning,0.7,3,3,325,0.0016604589764028788,756383744,0.3515625
svhn,pruning,0.7,3,3,326,0.00166170799639076,756383744,0.28125
svhn,pruning,0.7,3,3,327,0.0016071250138338655,756383744,0.3515625
svhn,pruning,0.7,3,3,328,0.0016387919895350933,756383744,0.3671875
svhn,pruning,0.7,3,3,329,0.0016334579850081354,756383744,0.34375
svhn,pruning,0.7,3,3,330,0.0015350000176113099,756400128,0.3203125
svhn,pruning,0.7,3,3,331,0.0016189169837161899,756400128,0.3203125
svhn,pruning,0.7,3,3,332,0.0016108330164570361,756400128,0.3125
svhn,pruning,0.7,3,3,333,0.0016477910103276372,756416512,0.3359375
svhn,pruning,0.7,3,3,334,0.0015771660255268216,756416512,0.328125
svhn,pruning,0.7,3,3,335,0.0016456249868497252,756416512,0.3671875
svhn,pruning,0.7,3,3,336,0.0016632920014671981,756416512,0.296875
svhn,pruning,0.7,3,3,337,0.0016388340154662728,756416512,0.375
svhn,pruning,0.7,3,3,338,0.0016502910002600402,756416512,0.3125
svhn,pruning,0.7,3,3,339,0.0016330410144291818,756416512,0.3359375
svhn,pruning,0.7,3,3,340,0.0016390829987358302,756416512,0.34375
svhn,pruning,0.7,3,3,341,0.0015911250084172934,756416512,0.2421875
svhn,pruning,0.7,3,3,342,0.0015368330059573054,756416512,0.296875
svhn,pruning,0.7,3,3,343,0.0016312079969793558,756416512,0.3125
svhn,pruning,0.7,3,3,344,0.001593041990417987,756416512,0.359375
svhn,pruning,0.7,3,3,345,0.0015785830037202686,756416512,0.34375
svhn,pruning,0.7,3,3,346,0.0016720420098863542,756416512,0.3359375
svhn,pruning,0.7,3,3,347,0.0017296669830102473,756416512,0.390625
svhn,pruning,0.7,3,3,348,0.0016418340092059225,756416512,0.3125
svhn,pruning,0.7,3,3,349,0.0016354169929400086,756416512,0.265625
svhn,pruning,0.7,3,3,350,0.0016420840111095458,756416512,0.359375
svhn,pruning,0.7,3,3,351,0.0016687920142430812,756416512,0.328125
svhn,pruning,0.7,3,3,352,0.00164695899002254,756416512,0.4140625
svhn,pruning,0.7,3,3,353,0.001651583006605506,756416512,0.3046875
svhn,pruning,0.7,3,3,354,0.0016315829998347908,756416512,0.34375
svhn,pruning,0.7,3,3,355,0.0016442080086562783,756416512,0.296875
svhn,pruning,0.7,3,3,356,0.001530374982394278,756416512,0.3046875
svhn,pruning,0.7,3,3,357,0.001629540987778455,756416512,0.28125
svhn,pruning,0.7,3,3,358,0.0016558329807594419,756416512,0.375
svhn,pruning,0.7,3,3,359,0.0016492920112796128,756416512,0.3671875
svhn,pruning,0.7,3,3,360,0.0015605830121785402,756416512,0.359375
svhn,pruning,0.7,3,3,361,0.0016542079974897206,756416512,0.3203125
svhn,pruning,0.7,3,3,362,0.00164079200476408,756416512,0.28125
svhn,pruning,0.7,3,3,363,0.0015511669917032123,756416512,0.390625
svhn,pruning,0.7,3,3,364,0.0016442920023109764,756416512,0.3125
svhn,pruning,0.7,3,3,365,0.0016390829987358302,756416512,0.265625
svhn,pruning,0.7,3,3,366,0.001553207985125482,756416512,0.390625
svhn,pruning,0.7,3,3,367,0.001533165981527418,756416512,0.3359375
svhn,pruning,0.7,3,3,368,0.0015407499740831554,756416512,0.3203125
svhn,pruning,0.7,3,3,369,0.0016452089766971767,756416512,0.359375
svhn,pruning,0.7,3,3,370,0.0015371250046882778,756416512,0.2890625
svhn,pruning,0.7,3,3,371,0.0015829159819986671,756416512,0.28125
svhn,pruning,0.7,3,3,372,0.0016263750148937106,756416512,0.3203125
svhn,pruning,0.7,3,3,373,0.0016341670125257224,756416512,0.28125
svhn,pruning,0.7,3,3,374,0.0015771249891258776,756416512,0.3515625
svhn,pruning,0.7,3,3,375,0.0016459169855806977,756416512,0.296875
svhn,pruning,0.7,3,3,376,0.0016197919903788716,756416512,0.28125
svhn,pruning,0.7,3,3,377,0.0016550830041524023,756416512,0.359375
svhn,pruning,0.7,3,3,378,0.001612542022485286,756416512,0.2265625
svhn,pruning,0.7,3,3,379,0.0016383340116590261,756416512,0.359375
svhn,pruning,0.7,3,3,380,0.0016240410041064024,756416512,0.3125
svhn,pruning,0.7,3,3,381,0.0016317499976139516,756416512,0.34375
svhn,pruning,0.7,3,3,382,0.0015410000050906092,756416512,0.296875
svhn,pruning,0.7,3,3,383,0.0016547910054214299,756416512,0.34375
svhn,pruning,0.7,3,3,384,0.0016007919912226498,756416512,0.28125
svhn,pruning,0.7,3,3,385,0.0016380419838242233,756416512,0.2421875
svhn,pruning,0.7,3,3,386,0.0016497909964527935,756416512,0.3671875
svhn,pruning,0.7,3,3,387,0.0016504169907420874,756416512,0.296875
svhn,pruning,0.7,3,3,388,0.0016462920175399631,756416512,0.25
svhn,pruning,0.7,3,3,389,0.0016409159870818257,756416512,0.2421875
svhn,pruning,0.7,3,3,390,0.0015635839954484254,756416512,0.2421875
svhn,pruning,0.7,3,3,391,0.0015373750065919012,756416512,0.28125
svhn,pruning,0.7,3,3,392,0.0016465410008095205,756416512,0.3359375
svhn,pruning,0.7,3,3,393,0.0016366670024581254,756416512,0.2890625
svhn,pruning,0.7,3,3,394,0.0016485420055687428,756416512,0.3125
svhn,pruning,0.7,3,3,395,0.0016067909891717136,756416512,0.3359375
svhn,pruning,0.7,3,3,396,0.0015359169919975102,756416512,0.2890625
svhn,pruning,0.7,3,3,397,0.0016427079972345382,756416512,0.2890625
svhn,pruning,0.7,3,3,398,0.0016555000038351864,756416512,0.359375
svhn,pruning,0.7,3,3,399,0.0016505000239703804,756416512,0.2890625
svhn,pruning,0.7,3,3,400,0.0016717919788789004,756416512,0.328125
svhn,pruning,0.7,3,3,401,0.0016142500098794699,756416512,0.359375
svhn,pruning,0.7,3,3,402,0.0016440830077044666,756416512,0.3203125
svhn,pruning,0.7,3,3,403,0.0016472920251544565,756416512,0.328125
svhn,pruning,0.7,3,3,404,0.0016507919935975224,756432896,0.3515625
svhn,pruning,0.7,3,3,405,0.0016386249917559326,756432896,0.328125
svhn,pruning,0.7,3,3,406,0.0015476249973289669,756432896,0.2578125
svhn,pruning,0.7,3,3,407,0.0016600830131210387,756432896,0.296875
svhn,pruning,0.7,3,3,408,0.001647666998906061,756432896,0.328125
svhn,pruning,0.7,3,3,409,0.0015348329907283187,756432896,0.2421875
svhn,pruning,0.7,3,3,410,0.0016598750080447644,756432896,0.28125
svhn,pruning,0.7,3,3,411,0.0016409590025432408,756432896,0.3203125
svhn,pruning,0.7,3,3,412,0.0016542089870199561,756432896,0.3515625
svhn,pruning,0.7,3,3,413,0.0015913330134935677,756432896,0.234375
svhn,pruning,0.7,3,3,414,0.0016086249961517751,756432896,0.25
svhn,pruning,0.7,3,3,415,0.0016482089995406568,756432896,0.34375
svhn,pruning,0.7,3,3,416,0.001607459009392187,756432896,0.3359375
svhn,pruning,0.7,3,3,417,0.0016599170048721135,756449280,0.296875
svhn,pruning,0.7,3,3,418,0.0016456670127809048,756449280,0.21875
svhn,pruning,0.7,3,3,419,0.001656750013353303,756449280,0.359375
svhn,pruning,0.7,3,3,420,0.0015795840008649975,756449280,0.2890625
svhn,pruning,0.7,3,3,421,0.0016724999877624214,756449280,0.265625
svhn,pruning,0.7,3,3,422,0.0016495409945491701,756449280,0.3046875
svhn,pruning,0.7,3,3,423,0.001645500015001744,756449280,0.296875
svhn,pruning,0.7,3,3,424,0.0016409169766120613,756449280,0.3671875
svhn,pruning,0.7,3,3,425,0.0016555420006625354,756449280,0.3125
svhn,pruning,0.7,3,3,426,0.001574875001097098,756449280,0.296875
svhn,pruning,0.7,3,3,427,0.00165125000057742,756449280,0.2734375
svhn,pruning,0.7,3,3,428,0.0016410409880336374,756449280,0.3046875
svhn,pruning,0.7,3,3,429,0.0015479169960599393,756449280,0.2890625
svhn,pruning,0.7,3,3,430,0.001650166988838464,756449280,0.2578125
svhn,pruning,0.7,3,3,431,0.0016406670038122684,756449280,0.2890625
svhn,pruning,0.7,3,3,432,0.0015366250008810312,756449280,0.2734375
svhn,pruning,0.7,3,3,433,0.0016819580050650984,756449280,0.3203125
svhn,pruning,0.7,3,3,434,0.0017626250046305358,756449280,0.4453125
svhn,pruning,0.7,3,3,435,0.0015975830028764904,756449280,0.34375
svhn,pruning,0.7,3,3,436,0.0016308329941239208,756449280,0.2421875
svhn,pruning,0.7,3,3,437,0.0016428329981863499,756449280,0.3515625
svhn,pruning,0.7,3,3,438,0.0015420419804286212,756449280,0.3125
svhn,pruning,0.7,3,3,439,0.0016712090000510216,756449280,0.3515625
svhn,pruning,0.7,3,3,440,0.0016410000098403543,756449280,0.296875
svhn,pruning,0.7,3,3,441,0.001546290994156152,756449280,0.2890625
svhn,pruning,0.7,3,3,442,0.001630292012123391,756449280,0.265625
svhn,pruning,0.7,3,3,443,0.0016377080173697323,756449280,0.375
svhn,pruning,0.7,3,3,444,0.0015063339960761368,756449280,0.296875
svhn,pruning,0.7,3,3,445,0.00167366600362584,756449280,0.359375
svhn,pruning,0.7,3,3,446,0.0017524159920867532,756449280,0.3125
svhn,pruning,0.7,3,3,447,0.001661749993218109,756449280,0.328125
svhn,pruning,0.7,3,3,448,0.0016415839781984687,756449280,0.359375
svhn,pruning,0.7,3,3,449,0.0016300409915857017,756449280,0.3125
svhn,pruning,0.7,3,3,450,0.001530332985566929,756449280,0.390625
svhn,pruning,0.7,3,3,451,0.0015972919936757535,756449280,0.265625
svhn,pruning,0.7,3,3,452,0.0016547499981243163,756449280,0.3046875
svhn,pruning,0.7,3,3,453,0.0016410420066677034,756449280,0.3125
svhn,pruning,0.7,3,3,454,0.0015393340145237744,756449280,0.4140625
svhn,pruning,0.7,3,3,455,0.0016702920256648213,756449280,0.3359375
svhn,pruning,0.7,3,3,456,0.0016239999968092889,756449280,0.3125
svhn,pruning,0.7,3,3,457,0.0016004169883672148,756449280,0.3046875
svhn,pruning,0.7,3,3,458,0.0016487090033479035,756449280,0.4375
svhn,pruning,0.7,3,3,459,0.0016525829851161689,756449280,0.3046875
svhn,pruning,0.7,3,3,460,0.0016768750210758299,756449280,0.3125
svhn,pruning,0.7,3,3,461,0.0015967919898685068,756449280,0.375
svhn,pruning,0.7,3,3,462,0.0016633339982945472,756449280,0.3515625
svhn,pruning,0.7,3,3,463,0.0016893329739104956,756449280,0.2578125
svhn,pruning,0.7,3,3,464,0.0015368330059573054,756449280,0.25
svhn,pruning,0.7,3,3,465,0.0016439169994555414,756449280,0.28125
svhn,pruning,0.7,3,3,466,0.0015945839986670762,756449280,0.2890625
svhn,pruning,0.7,3,3,467,0.0015537500148639083,756449280,0.3125
svhn,pruning,0.7,3,3,468,0.001540082972496748,756449280,0.375
svhn,pruning,0.7,3,3,469,0.0016410840034950525,756449280,0.296875
svhn,pruning,0.7,3,3,470,0.0015987909864634275,756449280,0.3359375
svhn,pruning,0.7,3,3,471,0.0016649170138407499,756449280,0.296875
svhn,pruning,0.7,3,3,472,0.0016322500014211982,756449280,0.3671875
svhn,pruning,0.7,3,3,473,0.0015340000099968165,756449280,0.296875
svhn,pruning,0.7,3,3,474,0.0016403339977841824,756449280,0.359375
svhn,pruning,0.7,3,3,475,0.0015423750155605376,756449280,0.3125
svhn,pruning,0.7,3,3,476,0.001633791980566457,756449280,0.3515625
svhn,pruning,0.7,3,3,477,0.0016630409809295088,756449280,0.328125
svhn,pruning,0.7,3,3,478,0.0016347920172847807,756449280,0.421875
svhn,pruning,0.7,3,3,479,0.0016304999880958349,756449280,0.2734375
svhn,pruning,0.7,3,3,480,0.0015580000181216747,756449280,0.2734375
svhn,pruning,0.7,3,3,481,0.001525708008557558,756449280,0.296875
svhn,pruning,0.7,3,3,482,0.0016387079958803952,756449280,0.3203125
svhn,pruning,0.7,3,3,483,0.001545917009934783,756449280,0.2890625
svhn,pruning,0.7,3,3,484,0.0015885420143604279,756449280,0.34375
svhn,pruning,0.7,3,3,485,0.0016580419905949384,756449280,0.359375
svhn,pruning,0.7,3,3,486,0.0015859160048421472,756449280,0.328125
svhn,pruning,0.7,3,3,487,0.001627040997846052,756449280,0.390625
svhn,pruning,0.7,3,3,488,0.0016571669839322567,756449280,0.3828125
svhn,pruning,0.7,3,3,489,0.0015702499949838966,756449280,0.3515625
svhn,pruning,0.7,3,3,490,0.00154733398812823,756449280,0.2890625
svhn,pruning,0.7,3,3,491,0.001668582990532741,756449280,0.375
svhn,pruning,0.7,3,3,492,0.0016515000024810433,756449280,0.34375
svhn,pruning,0.7,3,3,493,0.001659583009313792,756449280,0.28125
svhn,pruning,0.7,3,3,494,0.0016509590204805136,756449280,0.3203125
svhn,pruning,0.7,3,3,495,0.0016533750167582184,756449280,0.3125
svhn,pruning,0.7,3,3,496,0.001564000005600974,756449280,0.328125
svhn,pruning,0.7,3,3,497,0.0016056659806054085,756449280,0.296875
svhn,pruning,0.7,3,3,498,0.0015978750016074628,756449280,0.375
svhn,pruning,0.7,3,3,499,0.0015170839906204492,756449280,0.296875
svhn,pruning,0.7,3,3,500,0.001520167017588392,756465664,0.28125
svhn,pruning,0.7,3,3,501,0.0016480839985888451,756465664,0.4140625
svhn,pruning,0.7,3,3,502,0.001635624998016283,756465664,0.3203125
svhn,pruning,0.7,3,3,503,0.0016435409779660404,756465664,0.296875
svhn,pruning,0.7,3,3,504,0.0015887090121395886,756465664,0.2734375
svhn,pruning,0.7,3,3,505,0.0016487499815411866,756465664,0.296875
svhn,pruning,0.7,3,3,506,0.0016235829971265048,756465664,0.3828125
svhn,pruning,0.7,3,3,507,0.0016324580064974725,756465664,0.296875
svhn,pruning,0.7,3,3,508,0.001576000009663403,756465664,0.2890625
svhn,pruning,0.7,3,3,509,0.0016437500016763806,756465664,0.34375
svhn,pruning,0.7,3,3,510,0.00151012500282377,756465664,0.4140625
svhn,pruning,0.7,3,3,511,0.0015619579935446382,756465664,0.3828125
svhn,pruning,0.7,3,3,512,0.0015681250079069287,756465664,0.328125
svhn,pruning,0.7,3,3,513,0.0016498329932801425,756465664,0.3828125
svhn,pruning,0.7,3,3,514,0.0016268329927697778,756465664,0.390625
svhn,pruning,0.7,3,3,515,0.0015345420106314123,756465664,0.28125
svhn,pruning,0.7,3,3,516,0.0015848750190343708,756465664,0.328125
svhn,pruning,0.7,3,3,517,0.0016532920126337558,756465664,0.296875
svhn,pruning,0.7,3,3,518,0.0016249170002993196,756465664,0.3515625
svhn,pruning,0.7,3,3,519,0.0016298749833367765,756465664,0.4296875
svhn,pruning,0.7,3,3,520,0.0016562500095460564,756465664,0.3203125
svhn,pruning,0.7,3,3,521,0.001562583027407527,756465664,0.34375
svhn,pruning,0.7,3,3,522,0.001653791987337172,756465664,0.3515625
svhn,pruning,0.7,3,3,523,0.0016405830101575702,756465664,0.390625
svhn,pruning,0.7,3,3,524,0.001531415997305885,756465664,0.3203125
svhn,pruning,0.7,3,3,525,0.0016565420082770288,756465664,0.3125
svhn,pruning,0.7,3,3,526,0.0016232089838013053,756465664,0.3515625
svhn,pruning,0.7,3,3,527,0.0016598329821135849,756465664,0.25
svhn,pruning,0.7,3,3,528,0.001644375006435439,756465664,0.3359375
svhn,pruning,0.7,3,3,529,0.0016338749846909195,756465664,0.2890625
svhn,pruning,0.7,3,3,530,0.0016397500003222376,756465664,0.3359375
svhn,pruning,0.7,3,3,531,0.0016528749838471413,756465664,0.3046875
svhn,pruning,0.7,3,3,532,0.0016279999981634319,756465664,0.3203125
svhn,pruning,0.7,3,3,533,0.0015454169770237058,756465664,0.2890625
svhn,pruning,0.7,3,3,534,0.0016455409931950271,756465664,0.390625
svhn,pruning,0.7,3,3,535,0.0016348749923054129,756465664,0.25
svhn,pruning,0.7,3,3,536,0.001527042011730373,756465664,0.28125
svhn,pruning,0.7,3,3,537,0.0016572500171605498,756465664,0.3046875
svhn,pruning,0.7,3,3,538,0.0016455840086564422,756465664,0.3046875
svhn,pruning,0.7,3,3,539,0.0016485830128658563,756465664,0.3125
svhn,pruning,0.7,3,3,540,0.0016471249982714653,756465664,0.3203125
svhn,pruning,0.7,3,3,541,0.0016510839923284948,756465664,0.25
svhn,pruning,0.7,3,3,542,0.0016442500054836273,756465664,0.375
svhn,pruning,0.7,3,3,543,0.001583625009516254,756465664,0.3359375
svhn,pruning,0.7,3,3,544,0.0016401670000050217,756465664,0.3359375
svhn,pruning,0.7,3,3,545,0.0016370410157833248,756465664,0.2421875
svhn,pruning,0.7,3,3,546,0.0015859589911997318,756465664,0.34375
svhn,pruning,0.7,3,3,547,0.0016459580219816417,756465664,0.375
svhn,pruning,0.7,3,3,548,0.0016401660104747862,756465664,0.2265625
svhn,pruning,0.7,3,3,549,0.0016501659993082285,756465664,0.4140625
svhn,pruning,0.7,3,3,550,0.0015360000252258033,756465664,0.28125
svhn,pruning,0.7,3,3,551,0.0016389579977840185,756465664,0.3515625
svhn,pruning,0.7,3,3,552,0.0016189170128200203,756482048,0.3125
svhn,pruning,0.7,3,3,553,0.0016422079934272915,756482048,0.359375
svhn,pruning,0.7,3,3,554,0.0015850000199861825,756482048,0.359375
svhn,pruning,0.7,3,3,555,0.0016444590000901371,756482048,0.4375
svhn,pruning,0.7,3,3,556,0.0016421659965999424,756482048,0.28125
svhn,pruning,0.7,3,3,557,0.0015508749929722399,756482048,0.328125
svhn,pruning,0.7,3,3,558,0.0015417920076288283,756482048,0.328125
svhn,pruning,0.7,3,3,559,0.0016458749887533486,756482048,0.2421875
svhn,pruning,0.7,3,3,560,0.001647333992877975,756482048,0.3359375
svhn,pruning,0.7,3,3,561,0.001660249981796369,756498432,0.328125
svhn,pruning,0.7,3,3,562,0.001565125014167279,756498432,0.359375
svhn,pruning,0.7,3,3,563,0.001640333008253947,756498432,0.34375
svhn,pruning,0.7,3,3,564,0.0016306249890476465,756498432,0.4375
svhn,pruning,0.7,3,3,565,0.001649083016673103,756498432,0.328125
svhn,pruning,0.7,3,3,566,0.001627000019652769,756498432,0.34375
svhn,pruning,0.7,3,3,567,0.0016438330058008432,756498432,0.3359375
svhn,pruning,0.7,3,3,568,0.0016686670132912695,756498432,0.4296875
svhn,pruning,0.7,3,3,569,0.0016582499956712127,756498432,0.3828125
svhn,pruning,0.7,3,3,570,0.0015105420025065541,756498432,0.28125
svhn,pruning,0.7,3,3,571,0.001530083012767136,756498432,0.328125
svhn,pruning,0.7,3,3,572,0.00115833300515078,756498432,0.3170731707317073
