run_id,dataset,model,architecture,protocol_version,keep_ratio,block_size,child_refresh_steps,seed,epoch,batch,global_step,forward_time_s,backward_time_s,memory_bytes,batch_accuracy,child_refreshed,child_refresh_count,child_topology_before,child_topology_after
235293ffcb748655,cifar100,ssb-v4,cnn,protocol-v6,0.4,0,10,5,1,0,1,0.04567737504839897,0.060909916064701974,610516992,0.0234375,0,1,8b054f0bd0f9,8b054f0bd0f9
235293ffcb748655,cifar100,ssb-v4,cnn,protocol-v6,0.4,0,10,5,1,1,2,0.002982666017487645,0.005424292059615254,630636544,0.015625,0,1,8b054f0bd0f9,8b054f0bd0f9
235293ffcb748655,cifar100,ssb-v4,cnn,protocol-v6,0.4,0,10,5,1,2,3,0.002447208040393889,0.0052005419274792075,631455744,0.0,0,1,8b054f0bd0f9,8b054f0bd0f9
235293ffcb748655,cifar100,ssb-v4,cnn,protocol-v6,0.4,0,10,5,1,3,4,0.0024379579117521644,0.005171083961613476,631472128,0.0,0,1,8b054f0bd0f9,8b054f0bd0f9
235293ffcb748655,cifar100,ssb-v4,cnn,protocol-v6,0.4,0,10,5,1,4,5,0.0024056660477072,0.005169875104911625,632209408,0.0078125,0,1,8b054f0bd0f9,8b054f0bd0f9
235293ffcb748655,cifar100,ssb-v4,cnn,protocol-v6,0.4,0,10,5,1,5,6,0.0023393749725073576,0.005162582965567708,633225216,0.0,0,1,8b054f0bd0f9,8b054f0bd0f9
235293ffcb748655,cifar100,ssb-v4,cnn,protocol-v6,0.4,0,10,5,1,6,7,0.0023461669916287065,0.005159666063264012,633225216,0.015625,0,1,8b054f0bd0f9,8b054f0bd0f9
235293ffcb748655,cifar100,ssb-v4,cnn,protocol-v6,0.4,0,10,5,1,7,8,0.0023558340035378933,0.005120499990880489,634798080,0.0078125,0,1,8b054f0bd0f9,8b054f0bd0f9
235293ffcb748655,cifar100,ssb-v4,cnn,protocol-v6,0.4,0,10,5,1,8,9,0.0023668749490752816,0.005110332975164056,636911616,0.0078125,0,1,8b054f0bd0f9,8b054f0bd0f9
235293ffcb748655,cifar100,ssb-v4,cnn,protocol-v6,0.4,0,10,5,1,9,10,0.002350624999962747,0.005201625055633485,636911616,0.015625,1,2,8b054f0bd0f9,635013705b2b
235293ffcb748655,cifar100,ssb-v4,cnn,protocol-v6,0.4,0,10,5,1,10,11,0.0023295830469578505,0.005414542043581605,637026304,0.0078125,0,2,635013705b2b,635013705b2b
235293ffcb748655,cifar100,ssb-v4,cnn,protocol-v6,0.4,0,10,5,1,11,12,0.0024567919317632914,0.005161041975952685,637108224,0.0078125,0,2,635013705b2b,635013705b2b
235293ffcb748655,cifar100,ssb-v4,cnn,protocol-v6,0.4,0,10,5,1,12,13,0.002343707950785756,0.005165457958355546,637108224,0.0234375,0,2,635013705b2b,635013705b2b
235293ffcb748655,cifar100,ssb-v4,cnn,protocol-v6,0.4,0,10,5,1,13,14,0.002321750042028725,0.005129000055603683,637108224,0.015625,0,2,635013705b2b,635013705b2b
235293ffcb748655,cifar100,ssb-v4,cnn,protocol-v6,0.4,0,10,5,1,14,15,0.0023687499342486262,0.005166458082385361,637108224,0.0078125,0,2,635013705b2b,635013705b2b
235293ffcb748655,cifar100,ssb-v4,cnn,protocol-v6,0.4,0,10,5,1,15,16,0.002452709013596177,0.005217042053118348,637108224,0.0078125,0,2,635013705b2b,635013705b2b
235293ffcb748655,cifar100,ssb-v4,cnn,protocol-v6,0.4,0,10,5,1,16,17,0.0023482079850509763,0.005165582988411188,637108224,0.0078125,0,2,635013705b2b,635013705b2b
235293ffcb748655,cifar100,ssb-v4,cnn,protocol-v6,0.4,0,10,5,1,17,18,0.002325666951946914,0.005152667057700455,637108224,0.0,0,2,635013705b2b,635013705b2b
235293ffcb748655,cifar100,ssb-v4,cnn,protocol-v6,0.4,0,10,5,1,18,19,0.0023377089528366923,0.005162667017430067,637108224,0.0,0,2,635013705b2b,635013705b2b
235293ffcb748655,cifar100,ssb-v4,cnn,protocol-v6,0.4,0,10,5,1,19,20,0.002330083050765097,0.005116457934491336,637108224,0.0078125,1,3,635013705b2b,ae717f9526a0
235293ffcb748655,cifar100,ssb-v4,cnn,protocol-v6,0.4,0,10,5,1,20,21,0.002308459021151066,0.0051499999826774,637108224,0.0078125,0,3,ae717f9526a0,ae717f9526a0
235293ffcb748655,cifar100,ssb-v4,cnn,protocol-v6,0.4,0,10,5,1,21,22,0.002361167105846107,0.005150582990609109,637124608,0.0078125,0,3,ae717f9526a0,ae717f9526a0
235293ffcb748655,cifar100,ssb-v4,cnn,protocol-v6,0.4,0,10,5,1,22,23,0.002401790930889547,0.005139374989084899,637124608,0.0,0,3,ae717f9526a0,ae717f9526a0
235293ffcb748655,cifar100,ssb-v4,cnn,protocol-v6,0.4,0,10,5,1,23,24,0.0023654999677091837,0.005172500037588179,637124608,0.0,0,3,ae717f9526a0,ae717f9526a0
235293ffcb748655,cifar100,ssb-v4,cnn,protocol-v6,0.4,0,10,5,1,24,25,0.0023364999797195196,0.005148334079422057,637124608,0.0078125,0,3,ae717f9526a0,ae717f9526a0
235293ffcb748655,cifar100,ssb-v4,cnn,protocol-v6,0.4,0,10,5,1,25,26,0.0023413340095430613,0.0051842499524354935,637124608,0.0078125,0,3,ae717f9526a0,ae717f9526a0
235293ffcb748655,cifar100,ssb-v4,cnn,protocol-v6,0.4,0,10,5,1,26,27,0.002304541994817555,0.0051774169551208615,637124608,0.0,0,3,ae717f9526a0,ae717f9526a0
235293ffcb748655,cifar100,ssb-v4,cnn,protocol-v6,0.4,0,10,5,1,27,28,0.0023174589732661843,0.005146792042069137,637124608,0.015625,0,3,ae717f9526a0,ae717f9526a0
235293ffcb748655,cifar100,ssb-v4,cnn,protocol-v6,0.4,0,10,5,1,28,29,0.0023162919096648693,0.005122583010233939,637124608,0.0,0,3,ae717f9526a0,ae717f9526a0
235293ffcb748655,cifar100,ssb-v4,cnn,protocol-v6,0.4,0,10,5,1,29,30,0.002342917025089264,0.005199834005907178,637124608,0.0,1,4,ae717f9526a0,ed2fc4895e97
235293ffcb748655,cifar100,ssb-v4,cnn,protocol-v6,0.4,0,10,5,1,30,31,0.0023446669802069664,0.005108583020046353,637140992,0.015625,0,4,ed2fc4895e97,ed2fc4895e97
235293ffcb748655,cifar100,ssb-v4,cnn,protocol-v6,0.4,0,10,5,1,31,32,0.0023506670258939266,0.005194584024138749,637140992,0.0,0,4,ed2fc4895e97,ed2fc4895e97
235293ffcb748655,cifar100,ssb-v4,cnn,protocol-v6,0.4,0,10,5,1,32,33,0.0022646670695394278,0.005154540995135903,638713856,0.0,0,4,ed2fc4895e97,ed2fc4895e97
235293ffcb748655,cifar100,ssb-v4,cnn,protocol-v6,0.4,0,10,5,1,33,34,0.0023905420675873756,0.005130041972734034,639008768,0.015625,0,4,ed2fc4895e97,ed2fc4895e97
235293ffcb748655,cifar100,ssb-v4,cnn,protocol-v6,0.4,0,10,5,1,34,35,0.002341332961805165,0.005191707983613014,639008768,0.0390625,0,4,ed2fc4895e97,ed2fc4895e97
235293ffcb748655,cifar100,ssb-v4,cnn,protocol-v6,0.4,0,10,5,1,35,36,0.0023079999955371022,0.005149084026925266,639008768,0.0078125,0,4,ed2fc4895e97,ed2fc4895e97
235293ffcb748655,cifar100,ssb-v4,cnn,protocol-v6,0.4,0,10,5,1,36,37,0.0023230829974636436,0.005082917050458491,639008768,0.0,0,4,ed2fc4895e97,ed2fc4895e97
235293ffcb748655,cifar100,ssb-v4,cnn,protocol-v6,0.4,0,10,5,1,37,38,0.0023717909352853894,0.005063208052888513,639008768,0.0078125,0,4,ed2fc4895e97,ed2fc4895e97
235293ffcb748655,cifar100,ssb-v4,cnn,protocol-v6,0.4,0,10,5,1,38,39,0.0023561250418424606,0.005225582979619503,639008768,0.015625,0,4,ed2fc4895e97,ed2fc4895e97
235293ffcb748655,cifar100,ssb-v4,cnn,protocol-v6,0.4,0,10,5,1,39,40,0.002348083071410656,0.005123291979543865,639008768,0.0,1,5,ed2fc4895e97,9b3ce6e1c69d
235293ffcb748655,cifar100,ssb-v4,cnn,protocol-v6,0.4,0,10,5,1,40,41,0.0023413340095430613,0.005127541022375226,639041536,0.0,0,5,9b3ce6e1c69d,9b3ce6e1c69d
235293ffcb748655,cifar100,ssb-v4,cnn,protocol-v6,0.4,0,10,5,1,41,42,0.002362874918617308,0.005122583010233939,639041536,0.0078125,0,5,9b3ce6e1c69d,9b3ce6e1c69d
235293ffcb748655,cifar100,ssb-v4,cnn,protocol-v6,0.4,0,10,5,1,42,43,0.002339916070923209,0.005151250050403178,639041536,0.0078125,0,5,9b3ce6e1c69d,9b3ce6e1c69d
235293ffcb748655,cifar100,ssb-v4,cnn,protocol-v6,0.4,0,10,5,1,43,44,0.0023257910506799817,0.0051576669793576,639041536,0.015625,0,5,9b3ce6e1c69d,9b3ce6e1c69d
235293ffcb748655,cifar100,ssb-v4,cnn,protocol-v6,0.4,0,10,5,1,44,45,0.0023015420883893967,0.005127624957822263,640335872,0.015625,0,5,9b3ce6e1c69d,9b3ce6e1c69d
235293ffcb748655,cifar100,ssb-v4,cnn,protocol-v6,0.4,0,10,5,1,45,46,0.0023103751009330153,0.005142292007803917,640335872,0.0078125,0,5,9b3ce6e1c69d,9b3ce6e1c69d
235293ffcb748655,cifar100,ssb-v4,cnn,protocol-v6,0.4,0,10,5,1,46,47,0.0023519170936197042,0.005169625044800341,640335872,0.0,0,5,9b3ce6e1c69d,9b3ce6e1c69d
235293ffcb748655,cifar100,ssb-v4,cnn,protocol-v6,0.4,0,10,5,1,47,48,0.0022965410025790334,0.005071209045127034,640335872,0.0,0,5,9b3ce6e1c69d,9b3ce6e1c69d
235293ffcb748655,cifar100,ssb-v4,cnn,protocol-v6,0.4,0,10,5,1,48,49,0.0023327090311795473,0.005177207989618182,640335872,0.0234375,0,5,9b3ce6e1c69d,9b3ce6e1c69d
235293ffcb748655,cifar100,ssb-v4,cnn,protocol-v6,0.4,0,10,5,1,49,50,0.0023345410590991378,0.0050825419602915645,640335872,0.0078125,1,6,9b3ce6e1c69d,2e83f7f811c5
235293ffcb748655,cifar100,ssb-v4,cnn,protocol-v6,0.4,0,10,5,1,50,51,0.0023283750051632524,0.005163291934877634,640335872,0.0078125,0,6,2e83f7f811c5,2e83f7f811c5
235293ffcb748655,cifar100,ssb-v4,cnn,protocol-v6,0.4,0,10,5,1,51,52,0.0023918329970911145,0.005159292020834982,640335872,0.0078125,0,6,2e83f7f811c5,2e83f7f811c5
235293ffcb748655,cifar100,ssb-v4,cnn,protocol-v6,0.4,0,10,5,1,52,53,0.002311625052243471,0.005154000013135374,640335872,0.015625,0,6,2e83f7f811c5,2e83f7f811c5
235293ffcb748655,cifar100,ssb-v4,cnn,protocol-v6,0.4,0,10,5,1,53,54,0.0023700830060988665,0.005122625036165118,640335872,0.0234375,0,6,2e83f7f811c5,2e83f7f811c5
235293ffcb748655,cifar100,ssb-v4,cnn,protocol-v6,0.4,0,10,5,1,54,55,0.002329500042833388,0.005170249962247908,640352256,0.015625,0,6,2e83f7f811c5,2e83f7f811c5
235293ffcb748655,cifar100,ssb-v4,cnn,protocol-v6,0.4,0,10,5,1,55,56,0.0023394160671159625,0.005174542078748345,640352256,0.015625,0,6,2e83f7f811c5,2e83f7f811c5
235293ffcb748655,cifar100,ssb-v4,cnn,protocol-v6,0.4,0,10,5,1,56,57,0.0023213329259306192,0.00515300000552088,640352256,0.0078125,0,6,2e83f7f811c5,2e83f7f811c5
235293ffcb748655,cifar100,ssb-v4,cnn,protocol-v6,0.4,0,10,5,1,57,58,0.0023199169663712382,0.005162291927263141,640352256,0.0,0,6,2e83f7f811c5,2e83f7f811c5
235293ffcb748655,cifar100,ssb-v4,cnn,protocol-v6,0.4,0,10,5,1,58,59,0.0023005419643595815,0.005141000030562282,640352256,0.015625,0,6,2e83f7f811c5,2e83f7f811c5
235293ffcb748655,cifar100,ssb-v4,cnn,protocol-v6,0.4,0,10,5,1,59,60,0.0023313750280067325,0.0051520830020308495,640352256,0.0078125,1,7,2e83f7f811c5,97b71bd9dced
235293ffcb748655,cifar100,ssb-v4,cnn,protocol-v6,0.4,0,10,5,1,60,61,0.0023430000292137265,0.005053124972619116,640352256,0.0,0,7,97b71bd9dced,97b71bd9dced
235293ffcb748655,cifar100,ssb-v4,cnn,protocol-v6,0.4,0,10,5,1,61,62,0.002338667050935328,0.005176750011742115,640352256,0.0234375,0,7,97b71bd9dced,97b71bd9dced
235293ffcb748655,cifar100,ssb-v4,cnn,protocol-v6,0.4,0,10,5,1,62,63,0.0023043330293148756,0.005148874945007265,640352256,0.0,0,7,97b71bd9dced,97b71bd9dced
235293ffcb748655,cifar100,ssb-v4,cnn,protocol-v6,0.4,0,10,5,1,63,64,0.0024723330279812217,0.0051585419569164515,640352256,0.015625,0,7,97b71bd9dced,97b71bd9dced
235293ffcb748655,cifar100,ssb-v4,cnn,protocol-v6,0.4,0,10,5,1,64,65,0.0023327909875661135,0.005136042018420994,640352256,0.0,0,7,97b71bd9dced,97b71bd9dced
235293ffcb748655,cifar100,ssb-v4,cnn,protocol-v6,0.4,0,10,5,1,65,66,0.0023311669938266277,0.00508270796854049,640352256,0.015625,0,7,97b71bd9dced,97b71bd9dced
235293ffcb748655,cifar100,ssb-v4,cnn,protocol-v6,0.4,0,10,5,1,66,67,0.002413374953903258,0.00509566708933562,640352256,0.0,0,7,97b71bd9dced,97b71bd9dced
235293ffcb748655,cifar100,ssb-v4,cnn,protocol-v6,0.4,0,10,5,1,67,68,0.0023420409997925162,0.005160333006642759,640368640,0.0,0,7,97b71bd9dced,97b71bd9dced
235293ffcb748655,cifar100,ssb-v4,cnn,protocol-v6,0.4,0,10,5,1,68,69,0.00232812506146729,0.00516420800704509,640368640,0.015625,0,7,97b71bd9dced,97b71bd9dced
235293ffcb748655,cifar100,ssb-v4,cnn,protocol-v6,0.4,0,10,5,1,69,70,0.002298832987435162,0.0051509999902918935,640368640,0.015625,1,8,97b71bd9dced,a60c49ba022a
235293ffcb748655,cifar100,ssb-v4,cnn,protocol-v6,0.4,0,10,5,1,70,71,0.002331750001758337,0.0051452090265229344,640368640,0.015625,0,8,a60c49ba022a,a60c49ba022a
235293ffcb748655,cifar100,ssb-v4,cnn,protocol-v6,0.4,0,10,5,1,71,72,0.0023603750159963965,0.005130292032845318,640368640,0.015625,0,8,a60c49ba022a,a60c49ba022a
235293ffcb748655,cifar100,ssb-v4,cnn,protocol-v6,0.4,0,10,5,1,72,73,0.0022979590576142073,0.00512345798779279,640368640,0.0078125,0,8,a60c49ba022a,a60c49ba022a
235293ffcb748655,cifar100,ssb-v4,cnn,protocol-v6,0.4,0,10,5,1,73,74,0.002329541021026671,0.005106208031065762,640368640,0.015625,0,8,a60c49ba022a,a60c49ba022a
235293ffcb748655,cifar100,ssb-v4,cnn,protocol-v6,0.4,0,10,5,1,74,75,0.0023432919988408685,0.005158624961040914,640368640,0.0078125,0,8,a60c49ba022a,a60c49ba022a
235293ffcb748655,cifar100,ssb-v4,cnn,protocol-v6,0.4,0,10,5,1,75,76,0.0022996249608695507,0.005290500004775822,640368640,0.0078125,0,8,a60c49ba022a,a60c49ba022a
235293ffcb748655,cifar100,ssb-v4,cnn,protocol-v6,0.4,0,10,5,1,76,77,0.0023377499310299754,0.0051351250149309635,640368640,0.015625,0,8,a60c49ba022a,a60c49ba022a
235293ffcb748655,cifar100,ssb-v4,cnn,protocol-v6,0.4,0,10,5,1,77,78,0.0023207920603454113,0.005129499942995608,640385024,0.015625,0,8,a60c49ba022a,a60c49ba022a
235293ffcb748655,cifar100,ssb-v4,cnn,protocol-v6,0.4,0,10,5,1,78,79,0.0022782080341130495,0.005135083105415106,640385024,0.0078125,0,8,a60c49ba022a,a60c49ba022a
235293ffcb748655,cifar100,ssb-v4,cnn,protocol-v6,0.4,0,10,5,1,79,80,0.002312667085789144,0.00511374999769032,640385024,0.03125,1,9,a60c49ba022a,76ac5a6a4b3d
235293ffcb748655,cifar100,ssb-v4,cnn,protocol-v6,0.4,0,10,5,1,80,81,0.0024078339338302612,0.005128374905325472,640385024,0.0,0,9,76ac5a6a4b3d,76ac5a6a4b3d
235293ffcb748655,cifar100,ssb-v4,cnn,protocol-v6,0.4,0,10,5,1,81,82,0.002297665923833847,0.005124749965034425,640385024,0.015625,0,9,76ac5a6a4b3d,76ac5a6a4b3d
235293ffcb748655,cifar100,ssb-v4,cnn,protocol-v6,0.4,0,10,5,1,82,83,0.0023315829457715154,0.005126999923959374,640385024,0.015625,0,9,76ac5a6a4b3d,76ac5a6a4b3d
235293ffcb748655,cifar100,ssb-v4,cnn,protocol-v6,0.4,0,10,5,1,83,84,0.002331750001758337,0.005082292016595602,640385024,0.0,0,9,76ac5a6a4b3d,76ac5a6a4b3d
235293ffcb748655,cifar100,ssb-v4,cnn,protocol-v6,0.4,0,10,5,1,84,85,0.0022964579984545708,0.005062124924734235,640385024,0.0,0,9,76ac5a6a4b3d,76ac5a6a4b3d
235293ffcb748655,cifar100,ssb-v4,cnn,protocol-v6,0.4,0,10,5,1,85,86,0.0023397919721901417,0.005158375017344952,640385024,0.0,0,9,76ac5a6a4b3d,76ac5a6a4b3d
235293ffcb748655,cifar100,ssb-v4,cnn,protocol-v6,0.4,0,10,5,1,86,87,0.0023409159621223807,0.005123041104525328,640385024,0.0234375,0,9,76ac5a6a4b3d,76ac5a6a4b3d
235293ffcb748655,cifar100,ssb-v4,cnn,protocol-v6,0.4,0,10,5,1,87,88,0.002382584032602608,0.005143249989487231,640385024,0.0078125,0,9,76ac5a6a4b3d,76ac5a6a4b3d
235293ffcb748655,cifar100,ssb-v4,cnn,protocol-v6,0.4,0,10,5,1,88,89,0.00233812490478158,0.005158332991413772,640385024,0.0,0,9,76ac5a6a4b3d,76ac5a6a4b3d
235293ffcb748655,cifar100,ssb-v4,cnn,protocol-v6,0.4,0,10,5,1,89,90,0.0023340419866144657,0.005154041922651231,640385024,0.0078125,1,10,76ac5a6a4b3d,38e7c6c28b40
235293ffcb748655,cifar100,ssb-v4,cnn,protocol-v6,0.4,0,10,5,1,90,91,0.0023320839973166585,0.005147665971890092,640385024,0.0234375,0,10,38e7c6c28b40,38e7c6c28b40
235293ffcb748655,cifar100,ssb-v4,cnn,protocol-v6,0.4,0,10,5,1,91,92,0.0023347079986706376,0.005156415980309248,640385024,0.03125,0,10,38e7c6c28b40,38e7c6c28b40
235293ffcb748655,cifar100,ssb-v4,cnn,protocol-v6,0.4,0,10,5,1,92,93,0.0023725000210106373,0.005152332945726812,640385024,0.0078125,0,10,38e7c6c28b40,38e7c6c28b40
235293ffcb748655,cifar100,ssb-v4,cnn,protocol-v6,0.4,0,10,5,1,93,94,0.0023501249961555004,0.005263750092126429,640385024,0.0078125,0,10,38e7c6c28b40,38e7c6c28b40
235293ffcb748655,cifar100,ssb-v4,cnn,protocol-v6,0.4,0,10,5,1,94,95,0.002284583984874189,0.005149042000994086,640385024,0.0,0,10,38e7c6c28b40,38e7c6c28b40
235293ffcb748655,cifar100,ssb-v4,cnn,protocol-v6,0.4,0,10,5,1,95,96,0.0023325420916080475,0.00514699995983392,640385024,0.0078125,0,10,38e7c6c28b40,38e7c6c28b40
235293ffcb748655,cifar100,ssb-v4,cnn,protocol-v6,0.4,0,10,5,1,96,97,0.002324957982636988,0.005141417030245066,640385024,0.015625,0,10,38e7c6c28b40,38e7c6c28b40
235293ffcb748655,cifar100,ssb-v4,cnn,protocol-v6,0.4,0,10,5,1,97,98,0.0022798749851062894,0.00514070806093514,640385024,0.03125,0,10,38e7c6c28b40,38e7c6c28b40
235293ffcb748655,cifar100,ssb-v4,cnn,protocol-v6,0.4,0,10,5,1,98,99,0.002384540974162519,0.005135916988365352,640401408,0.03125,0,10,38e7c6c28b40,38e7c6c28b40
235293ffcb748655,cifar100,ssb-v4,cnn,protocol-v6,0.4,0,10,5,1,99,100,0.00231870892457664,0.005150374956429005,640401408,0.0078125,1,11,38e7c6c28b40,6fec3a6b3524
235293ffcb748655,cifar100,ssb-v4,cnn,protocol-v6,0.4,0,10,5,1,100,101,0.0023267919896170497,0.0051538749830797315,640401408,0.0234375,0,11,6fec3a6b3524,6fec3a6b3524
235293ffcb748655,cifar100,ssb-v4,cnn,protocol-v6,0.4,0,10,5,1,101,102,0.0022973750019446015,0.005172208999283612,640401408,0.015625,0,11,6fec3a6b3524,6fec3a6b3524
235293ffcb748655,cifar100,ssb-v4,cnn,protocol-v6,0.4,0,10,5,1,102,103,0.002354166004806757,0.005161375040188432,640401408,0.0234375,0,11,6fec3a6b3524,6fec3a6b3524
235293ffcb748655,cifar100,ssb-v4,cnn,protocol-v6,0.4,0,10,5,1,103,104,0.002381040947511792,0.005242415936663747,640417792,0.0234375,0,11,6fec3a6b3524,6fec3a6b3524
235293ffcb748655,cifar100,ssb-v4,cnn,protocol-v6,0.4,0,10,5,1,104,105,0.0023640410508960485,0.005136374966241419,640417792,0.03125,0,11,6fec3a6b3524,6fec3a6b3524
235293ffcb748655,cifar100,ssb-v4,cnn,protocol-v6,0.4,0,10,5,1,105,106,0.00233029096852988,0.0051842499524354935,640466944,0.015625,0,11,6fec3a6b3524,6fec3a6b3524
235293ffcb748655,cifar100,ssb-v4,cnn,protocol-v6,0.4,0,10,5,1,106,107,0.0023381669307127595,0.005155208986252546,640466944,0.0,0,11,6fec3a6b3524,6fec3a6b3524
235293ffcb748655,cifar100,ssb-v4,cnn,protocol-v6,0.4,0,10,5,1,107,108,0.0022908339742571115,0.0051328749395906925,640466944,0.015625,0,11,6fec3a6b3524,6fec3a6b3524
235293ffcb748655,cifar100,ssb-v4,cnn,protocol-v6,0.4,0,10,5,1,108,109,0.0023336249869316816,0.0051271249540150166,640483328,0.0234375,0,11,6fec3a6b3524,6fec3a6b3524
235293ffcb748655,cifar100,ssb-v4,cnn,protocol-v6,0.4,0,10,5,1,109,110,0.0023333330173045397,0.005186666967347264,640483328,0.0234375,1,12,6fec3a6b3524,fd648eb7be65
235293ffcb748655,cifar100,ssb-v4,cnn,protocol-v6,0.4,0,10,5,1,110,111,0.0023943749256432056,0.005144582944922149,640483328,0.03125,0,12,fd648eb7be65,fd648eb7be65
235293ffcb748655,cifar100,ssb-v4,cnn,protocol-v6,0.4,0,10,5,1,111,112,0.0023293340345844626,0.005138207925483584,640499712,0.0078125,0,12,fd648eb7be65,fd648eb7be65
235293ffcb748655,cifar100,ssb-v4,cnn,protocol-v6,0.4,0,10,5,1,112,113,0.002329624956473708,0.005121667054481804,640499712,0.0390625,0,12,fd648eb7be65,fd648eb7be65
235293ffcb748655,cifar100,ssb-v4,cnn,protocol-v6,0.4,0,10,5,1,113,114,0.002298290957696736,0.005174332996830344,640499712,0.015625,0,12,fd648eb7be65,fd648eb7be65
235293ffcb748655,cifar100,ssb-v4,cnn,protocol-v6,0.4,0,10,5,1,114,115,0.002340374980121851,0.0051387500716373324,640499712,0.0078125,0,12,fd648eb7be65,fd648eb7be65
235293ffcb748655,cifar100,ssb-v4,cnn,protocol-v6,0.4,0,10,5,1,115,116,0.0023247909266501665,0.005141583038493991,640499712,0.0,0,12,fd648eb7be65,fd648eb7be65
235293ffcb748655,cifar100,ssb-v4,cnn,protocol-v6,0.4,0,10,5,1,116,117,0.002381791011430323,0.005141500034369528,640499712,0.0,0,12,fd648eb7be65,fd648eb7be65
235293ffcb748655,cifar100,ssb-v4,cnn,protocol-v6,0.4,0,10,5,1,117,118,0.002321415930055082,0.005150875076651573,640499712,0.0234375,0,12,fd648eb7be65,fd648eb7be65
235293ffcb748655,cifar100,ssb-v4,cnn,protocol-v6,0.4,0,10,5,1,118,119,0.002329292008653283,0.005130916018970311,640499712,0.0,0,12,fd648eb7be65,fd648eb7be65
235293ffcb748655,cifar100,ssb-v4,cnn,protocol-v6,0.4,0,10,5,1,119,120,0.002329500042833388,0.0051423329859972,640499712,0.03125,1,13,fd648eb7be65,a49815dadd2b
235293ffcb748655,cifar100,ssb-v4,cnn,protocol-v6,0.4,0,10,5,1,120,121,0.0023452499881386757,0.005156875005923212,640499712,0.03125,0,13,a49815dadd2b,a49815dadd2b
235293ffcb748655,cifar100,ssb-v4,cnn,protocol-v6,0.4,0,10,5,1,121,122,0.002392458962276578,0.00515954103320837,640499712,0.0078125,0,13,a49815dadd2b,a49815dadd2b
235293ffcb748655,cifar100,ssb-v4,cnn,protocol-v6,0.4,0,10,5,1,122,123,0.0023686669301241636,0.0051883329870179296,640499712,0.0,0,13,a49815dadd2b,a49815dadd2b
235293ffcb748655,cifar100,ssb-v4,cnn,protocol-v6,0.4,0,10,5,1,123,124,0.0024750420125201344,0.005149082979187369,640499712,0.0,0,13,a49815dadd2b,a49815dadd2b
235293ffcb748655,cifar100,ssb-v4,cnn,protocol-v6,0.4,0,10,5,1,124,125,0.002376000047661364,0.005155125050805509,640499712,0.0234375,0,13,a49815dadd2b,a49815dadd2b
235293ffcb748655,cifar100,ssb-v4,cnn,protocol-v6,0.4,0,10,5,1,125,126,0.0023133340291678905,0.005077917012386024,640499712,0.015625,0,13,a49815dadd2b,a49815dadd2b
235293ffcb748655,cifar100,ssb-v4,cnn,protocol-v6,0.4,0,10,5,1,126,127,0.0023239589063450694,0.005128415999934077,640499712,0.0078125,0,13,a49815dadd2b,a49815dadd2b
235293ffcb748655,cifar100,ssb-v4,cnn,protocol-v6,0.4,0,10,5,1,127,128,0.002322959015145898,0.005149208940565586,640499712,0.015625,0,13,a49815dadd2b,a49815dadd2b
235293ffcb748655,cifar100,ssb-v4,cnn,protocol-v6,0.4,0,10,5,1,128,129,0.0023096250370144844,0.005118916975334287,640499712,0.03125,0,13,a49815dadd2b,a49815dadd2b
235293ffcb748655,cifar100,ssb-v4,cnn,protocol-v6,0.4,0,10,5,1,129,130,0.002317250007763505,0.005110957892611623,640499712,0.0234375,1,14,a49815dadd2b,e1fde95a325a
235293ffcb748655,cifar100,ssb-v4,cnn,protocol-v6,0.4,0,10,5,1,130,131,0.002380291000008583,0.005121916998177767,640499712,0.0234375,0,14,e1fde95a325a,e1fde95a325a
235293ffcb748655,cifar100,ssb-v4,cnn,protocol-v6,0.4,0,10,5,1,131,132,0.002339416998438537,0.005132958060130477,640499712,0.0,0,14,e1fde95a325a,e1fde95a325a
235293ffcb748655,cifar100,ssb-v4,cnn,protocol-v6,0.4,0,10,5,1,132,133,0.0023356250021606684,0.005150916986167431,640499712,0.0078125,0,14,e1fde95a325a,e1fde95a325a
235293ffcb748655,cifar100,ssb-v4,cnn,protocol-v6,0.4,0,10,5,1,133,134,0.0022622079122811556,0.0051220409804955125,640499712,0.0078125,0,14,e1fde95a325a,e1fde95a325a
235293ffcb748655,cifar100,ssb-v4,cnn,protocol-v6,0.4,0,10,5,1,134,135,0.002312875003553927,0.00512341596186161,640516096,0.03125,0,14,e1fde95a325a,e1fde95a325a
235293ffcb748655,cifar100,ssb-v4,cnn,protocol-v6,0.4,0,10,5,1,135,136,0.00230804190505296,0.005142665933817625,640548864,0.0078125,0,14,e1fde95a325a,e1fde95a325a
235293ffcb748655,cifar100,ssb-v4,cnn,protocol-v6,0.4,0,10,5,1,136,137,0.0022812499664723873,0.005122874979861081,640548864,0.03125,0,14,e1fde95a325a,e1fde95a325a
235293ffcb748655,cifar100,ssb-v4,cnn,protocol-v6,0.4,0,10,5,1,137,138,0.002337166923098266,0.00513412500731647,640548864,0.0390625,0,14,e1fde95a325a,e1fde95a325a
235293ffcb748655,cifar100,ssb-v4,cnn,protocol-v6,0.4,0,10,5,1,138,139,0.0023448748979717493,0.005148915923200548,640548864,0.03125,0,14,e1fde95a325a,e1fde95a325a
235293ffcb748655,cifar100,ssb-v4,cnn,protocol-v6,0.4,0,10,5,1,139,140,0.0022426670184358954,0.005264417035505176,640548864,0.0078125,1,15,e1fde95a325a,e6e7d1fc0432
235293ffcb748655,cifar100,ssb-v4,cnn,protocol-v6,0.4,0,10,5,1,140,141,0.002345499931834638,0.005117374937981367,640565248,0.0078125,0,15,e6e7d1fc0432,e6e7d1fc0432
235293ffcb748655,cifar100,ssb-v4,cnn,protocol-v6,0.4,0,10,5,1,141,142,0.0022562500089406967,0.0051065420266240835,640565248,0.015625,0,15,e6e7d1fc0432,e6e7d1fc0432
235293ffcb748655,cifar100,ssb-v4,cnn,protocol-v6,0.4,0,10,5,1,142,143,0.002301250002346933,0.005101832910440862,640565248,0.0234375,0,15,e6e7d1fc0432,e6e7d1fc0432
235293ffcb748655,cifar100,ssb-v4,cnn,protocol-v6,0.4,0,10,5,1,143,144,0.002311958000063896,0.005184083012863994,640565248,0.046875,0,15,e6e7d1fc0432,e6e7d1fc0432
235293ffcb748655,cifar100,ssb-v4,cnn,protocol-v6,0.4,0,10,5,1,144,145,0.0023172919172793627,0.005055166082456708,640565248,0.015625,0,15,e6e7d1fc0432,e6e7d1fc0432
235293ffcb748655,cifar100,ssb-v4,cnn,protocol-v6,0.4,0,10,5,1,145,146,0.0023369169794023037,0.005162458051927388,640565248,0.0625,0,15,e6e7d1fc0432,e6e7d1fc0432
235293ffcb748655,cifar100,ssb-v4,cnn,protocol-v6,0.4,0,10,5,1,146,147,0.0022131670266389847,0.005087750032544136,640565248,0.03125,0,15,e6e7d1fc0432,e6e7d1fc0432
235293ffcb748655,cifar100,ssb-v4,cnn,protocol-v6,0.4,0,10,5,1,147,148,0.002272792044095695,0.005135499988682568,640565248,0.0546875,0,15,e6e7d1fc0432,e6e7d1fc0432
235293ffcb748655,cifar100,ssb-v4,cnn,protocol-v6,0.4,0,10,5,1,148,149,0.00230637495405972,0.0051263750065118074,640565248,0.0078125,0,15,e6e7d1fc0432,e6e7d1fc0432
235293ffcb748655,cifar100,ssb-v4,cnn,protocol-v6,0.4,0,10,5,1,149,150,0.00233795796521008,0.005093208979815245,640565248,0.0234375,1,16,e6e7d1fc0432,5a9d636cc877
235293ffcb748655,cifar100,ssb-v4,cnn,protocol-v6,0.4,0,10,5,1,150,151,0.0023419169010594487,0.005110291996970773,640565248,0.015625,0,16,5a9d636cc877,5a9d636cc877
235293ffcb748655,cifar100,ssb-v4,cnn,protocol-v6,0.4,0,10,5,1,151,152,0.0022813340183347464,0.005124208051711321,640565248,0.0390625,0,16,5a9d636cc877,5a9d636cc877
235293ffcb748655,cifar100,ssb-v4,cnn,protocol-v6,0.4,0,10,5,1,152,153,0.0023308750241994858,0.005064957891590893,640565248,0.015625,0,16,5a9d636cc877,5a9d636cc877
235293ffcb748655,cifar100,ssb-v4,cnn,protocol-v6,0.4,0,10,5,1,153,154,0.002268875017762184,0.005131624988280237,640565248,0.015625,0,16,5a9d636cc877,5a9d636cc877
235293ffcb748655,cifar100,ssb-v4,cnn,protocol-v6,0.4,0,10,5,1,154,155,0.002318458049558103,0.005144166061654687,640565248,0.0078125,0,16,5a9d636cc877,5a9d636cc877
235293ffcb748655,cifar100,ssb-v4,cnn,protocol-v6,0.4,0,10,5,1,155,156,0.002268332988023758,0.005198791972361505,640565248,0.03125,0,16,5a9d636cc877,5a9d636cc877
235293ffcb748655,cifar100,ssb-v4,cnn,protocol-v6,0.4,0,10,5,1,156,157,0.0022914999863132834,0.005129249999299645,640565248,0.015625,0,16,5a9d636cc877,5a9d636cc877
235293ffcb748655,cifar100,ssb-v4,cnn,protocol-v6,0.4,0,10,5,1,157,158,0.002279041917063296,0.005134875071235001,640565248,0.03125,0,16,5a9d636cc877,5a9d636cc877
235293ffcb748655,cifar100,ssb-v4,cnn,protocol-v6,0.4,0,10,5,1,158,159,0.0023159170523285866,0.005117915919981897,640565248,0.015625,0,16,5a9d636cc877,5a9d636cc877
235293ffcb748655,cifar100,ssb-v4,cnn,protocol-v6,0.4,0,10,5,1,159,160,0.002331458032131195,0.005146250012330711,640565248,0.0234375,1,17,5a9d636cc877,bd3c4105658e
235293ffcb748655,cifar100,ssb-v4,cnn,protocol-v6,0.4,0,10,5,1,160,161,0.002287666080519557,0.005189875024370849,640565248,0.03125,0,17,bd3c4105658e,bd3c4105658e
235293ffcb748655,cifar100,ssb-v4,cnn,protocol-v6,0.4,0,10,5,1,161,162,0.0023524160496890545,0.005263332976028323,640565248,0.0078125,0,17,bd3c4105658e,bd3c4105658e
235293ffcb748655,cifar100,ssb-v4,cnn,protocol-v6,0.4,0,10,5,1,162,163,0.0023779169423505664,0.005162665969692171,640565248,0.0078125,0,17,bd3c4105658e,bd3c4105658e
235293ffcb748655,cifar100,ssb-v4,cnn,protocol-v6,0.4,0,10,5,1,163,164,0.002316624973900616,0.005209250026382506,640581632,0.0234375,0,17,bd3c4105658e,bd3c4105658e
235293ffcb748655,cifar100,ssb-v4,cnn,protocol-v6,0.4,0,10,5,1,164,165,0.0023519580718129873,0.005167167051695287,640581632,0.0390625,0,17,bd3c4105658e,bd3c4105658e
235293ffcb748655,cifar100,ssb-v4,cnn,protocol-v6,0.4,0,10,5,1,165,166,0.002400292083621025,0.005128541029989719,640581632,0.0390625,0,17,bd3c4105658e,bd3c4105658e
235293ffcb748655,cifar100,ssb-v4,cnn,protocol-v6,0.4,0,10,5,1,166,167,0.002305625006556511,0.005163499969057739,640581632,0.0234375,0,17,bd3c4105658e,bd3c4105658e
235293ffcb748655,cifar100,ssb-v4,cnn,protocol-v6,0.4,0,10,5,1,167,168,0.0024002919672057033,0.00517491705249995,640581632,0.0390625,0,17,bd3c4105658e,bd3c4105658e
235293ffcb748655,cifar100,ssb-v4,cnn,protocol-v6,0.4,0,10,5,1,168,169,0.0023422499652951956,0.005136542022228241,640581632,0.015625,0,17,bd3c4105658e,bd3c4105658e
235293ffcb748655,cifar100,ssb-v4,cnn,protocol-v6,0.4,0,10,5,1,169,170,0.0022788329515606165,0.005093833082355559,640598016,0.015625,1,18,bd3c4105658e,8d9bedf908c3
235293ffcb748655,cifar100,ssb-v4,cnn,protocol-v6,0.4,0,10,5,1,170,171,0.002330209012143314,0.005113541032187641,640598016,0.015625,0,18,8d9bedf908c3,8d9bedf908c3
235293ffcb748655,cifar100,ssb-v4,cnn,protocol-v6,0.4,0,10,5,1,171,172,0.002321750042028725,0.005118333036080003,640598016,0.0078125,0,18,8d9bedf908c3,8d9bedf908c3
235293ffcb748655,cifar100,ssb-v4,cnn,protocol-v6,0.4,0,10,5,1,172,173,0.0023579580010846257,0.005292624933645129,640598016,0.0390625,0,18,8d9bedf908c3,8d9bedf908c3
235293ffcb748655,cifar100,ssb-v4,cnn,protocol-v6,0.4,0,10,5,1,173,174,0.002379791927523911,0.005133541999384761,640598016,0.03125,0,18,8d9bedf908c3,8d9bedf908c3
235293ffcb748655,cifar100,ssb-v4,cnn,protocol-v6,0.4,0,10,5,1,174,175,0.0023283340269699693,0.005266332998871803,640598016,0.03125,0,18,8d9bedf908c3,8d9bedf908c3
235293ffcb748655,cifar100,ssb-v4,cnn,protocol-v6,0.4,0,10,5,1,175,176,0.002321957959793508,0.005123874987475574,640598016,0.0078125,0,18,8d9bedf908c3,8d9bedf908c3
235293ffcb748655,cifar100,ssb-v4,cnn,protocol-v6,0.4,0,10,5,1,176,177,0.0023059999803081155,0.005111917038448155,640598016,0.0,0,18,8d9bedf908c3,8d9bedf908c3
235293ffcb748655,cifar100,ssb-v4,cnn,protocol-v6,0.4,0,10,5,1,177,178,0.002325874986127019,0.0051217080326750875,640598016,0.015625,0,18,8d9bedf908c3,8d9bedf908c3
235293ffcb748655,cifar100,ssb-v4,cnn,protocol-v6,0.4,0,10,5,1,178,179,0.0023124590516090393,0.005180375068448484,640598016,0.0234375,0,18,8d9bedf908c3,8d9bedf908c3
235293ffcb748655,cifar100,ssb-v4,cnn,protocol-v6,0.4,0,10,5,1,179,180,0.0022895419970154762,0.005300458054989576,640598016,0.015625,1,19,8d9bedf908c3,f0605779a394
235293ffcb748655,cifar100,ssb-v4,cnn,protocol-v6,0.4,0,10,5,1,180,181,0.0023481249809265137,0.00514099991414696,640598016,0.0234375,0,19,f0605779a394,f0605779a394
235293ffcb748655,cifar100,ssb-v4,cnn,protocol-v6,0.4,0,10,5,1,181,182,0.0023233749670907855,0.005139874992892146,640598016,0.0390625,0,19,f0605779a394,f0605779a394
235293ffcb748655,cifar100,ssb-v4,cnn,protocol-v6,0.4,0,10,5,1,182,183,0.0023484579287469387,0.005210958071984351,640598016,0.0234375,0,19,f0605779a394,f0605779a394
235293ffcb748655,cifar100,ssb-v4,cnn,protocol-v6,0.4,0,10,5,1,183,184,0.002283583045937121,0.0051567499758675694,640598016,0.0078125,0,19,f0605779a394,f0605779a394
235293ffcb748655,cifar100,ssb-v4,cnn,protocol-v6,0.4,0,10,5,1,184,185,0.0023215420078486204,0.005129166995175183,640598016,0.0234375,0,19,f0605779a394,f0605779a394
235293ffcb748655,cifar100,ssb-v4,cnn,protocol-v6,0.4,0,10,5,1,185,186,0.0023129169130697846,0.0051242089830338955,640598016,0.0234375,0,19,f0605779a394,f0605779a394
235293ffcb748655,cifar100,ssb-v4,cnn,protocol-v6,0.4,0,10,5,1,186,187,0.0022674580104649067,0.005122957983985543,640598016,0.0,0,19,f0605779a394,f0605779a394
235293ffcb748655,cifar100,ssb-v4,cnn,protocol-v6,0.4,0,10,5,1,187,188,0.0023414159659296274,0.00517079106066376,640598016,0.0234375,0,19,f0605779a394,f0605779a394
235293ffcb748655,cifar100,ssb-v4,cnn,protocol-v6,0.4,0,10,5,1,188,189,0.0023404168896377087,0.0051860419334843755,640598016,0.0234375,0,19,f0605779a394,f0605779a394
235293ffcb748655,cifar100,ssb-v4,cnn,protocol-v6,0.4,0,10,5,1,189,190,0.002335791941732168,0.005153666017577052,640598016,0.03125,1,20,f0605779a394,3676771b0ff8
235293ffcb748655,cifar100,ssb-v4,cnn,protocol-v6,0.4,0,10,5,1,190,191,0.0023462920216843486,0.005139666958712041,640614400,0.0078125,0,20,3676771b0ff8,3676771b0ff8
235293ffcb748655,cifar100,ssb-v4,cnn,protocol-v6,0.4,0,10,5,1,191,192,0.0023253749823197722,0.005135916988365352,640614400,0.0234375,0,20,3676771b0ff8,3676771b0ff8
235293ffcb748655,cifar100,ssb-v4,cnn,protocol-v6,0.4,0,10,5,1,192,193,0.0023110409965738654,0.005132207996211946,640614400,0.0390625,0,20,3676771b0ff8,3676771b0ff8
235293ffcb748655,cifar100,ssb-v4,cnn,protocol-v6,0.4,0,10,5,1,193,194,0.0022739580599591136,0.005138125037774444,640630784,0.0234375,0,20,3676771b0ff8,3676771b0ff8
235293ffcb748655,cifar100,ssb-v4,cnn,protocol-v6,0.4,0,10,5,1,194,195,0.0023170829517766833,0.005157582927495241,640630784,0.0078125,0,20,3676771b0ff8,3676771b0ff8
235293ffcb748655,cifar100,ssb-v4,cnn,protocol-v6,0.4,0,10,5,1,195,196,0.0023391660070046782,0.005142249981872737,640630784,0.03125,0,20,3676771b0ff8,3676771b0ff8
235293ffcb748655,cifar100,ssb-v4,cnn,protocol-v6,0.4,0,10,5,1,196,197,0.0023365409579128027,0.0051032089395448565,640630784,0.03125,0,20,3676771b0ff8,3676771b0ff8
235293ffcb748655,cifar100,ssb-v4,cnn,protocol-v6,0.4,0,10,5,1,197,198,0.002318916958756745,0.00514029199257493,640630784,0.03125,0,20,3676771b0ff8,3676771b0ff8
235293ffcb748655,cifar100,ssb-v4,cnn,protocol-v6,0.4,0,10,5,1,198,199,0.002312875003553927,0.005126875010319054,640630784,0.03125,0,20,3676771b0ff8,3676771b0ff8
235293ffcb748655,cifar100,ssb-v4,cnn,protocol-v6,0.4,0,10,5,1,199,200,0.002338667050935328,0.005167459021322429,640630784,0.0078125,1,21,3676771b0ff8,f62c84d8547d
235293ffcb748655,cifar100,ssb-v4,cnn,protocol-v6,0.4,0,10,5,1,200,201,0.0024036670802161098,0.0051252919947728515,640630784,0.015625,0,21,f62c84d8547d,f62c84d8547d
235293ffcb748655,cifar100,ssb-v4,cnn,protocol-v6,0.4,0,10,5,1,201,202,0.002338874968700111,0.005131792044267058,640630784,0.0234375,0,21,f62c84d8547d,f62c84d8547d
235293ffcb748655,cifar100,ssb-v4,cnn,protocol-v6,0.4,0,10,5,1,202,203,0.0023290410172194242,0.005122833070345223,640630784,0.0078125,0,21,f62c84d8547d,f62c84d8547d
235293ffcb748655,cifar100,ssb-v4,cnn,protocol-v6,0.4,0,10,5,1,203,204,0.0023356250021606684,0.005138041917234659,640630784,0.0078125,0,21,f62c84d8547d,f62c84d8547d
235293ffcb748655,cifar100,ssb-v4,cnn,protocol-v6,0.4,0,10,5,1,204,205,0.00233579205814749,0.005148374941200018,640630784,0.0078125,0,21,f62c84d8547d,f62c84d8547d
235293ffcb748655,cifar100,ssb-v4,cnn,protocol-v6,0.4,0,10,5,1,205,206,0.002312249969691038,0.005119999987073243,640630784,0.0390625,0,21,f62c84d8547d,f62c84d8547d
235293ffcb748655,cifar100,ssb-v4,cnn,protocol-v6,0.4,0,10,5,1,206,207,0.002306459005922079,0.005119833047501743,640630784,0.0,0,21,f62c84d8547d,f62c84d8547d
235293ffcb748655,cifar100,ssb-v4,cnn,protocol-v6,0.4,0,10,5,1,207,208,0.002362458035349846,0.005144583992660046,640581632,0.0078125,0,21,f62c84d8547d,f62c84d8547d
235293ffcb748655,cifar100,ssb-v4,cnn,protocol-v6,0.4,0,10,5,1,208,209,0.0023261670721694827,0.005164542002603412,640581632,0.0078125,0,21,f62c84d8547d,f62c84d8547d
235293ffcb748655,cifar100,ssb-v4,cnn,protocol-v6,0.4,0,10,5,1,209,210,0.0023554590297862887,0.005174292018637061,640581632,0.0078125,1,22,f62c84d8547d,920f2a7b179b
235293ffcb748655,cifar100,ssb-v4,cnn,protocol-v6,0.4,0,10,5,1,210,211,0.0023525829892605543,0.005133375059813261,640581632,0.0078125,0,22,920f2a7b179b,920f2a7b179b
235293ffcb748655,cifar100,ssb-v4,cnn,protocol-v6,0.4,0,10,5,1,211,212,0.0023357090540230274,0.005175500060431659,640581632,0.015625,0,22,920f2a7b179b,920f2a7b179b
235293ffcb748655,cifar100,ssb-v4,cnn,protocol-v6,0.4,0,10,5,1,212,213,0.0023337919265031815,0.005196125013753772,640581632,0.046875,0,22,920f2a7b179b,920f2a7b179b
235293ffcb748655,cifar100,ssb-v4,cnn,protocol-v6,0.4,0,10,5,1,213,214,0.002291874960064888,0.005122583010233939,640581632,0.0390625,0,22,920f2a7b179b,920f2a7b179b
235293ffcb748655,cifar100,ssb-v4,cnn,protocol-v6,0.4,0,10,5,1,214,215,0.002365708933211863,0.005138166947290301,640581632,0.0390625,0,22,920f2a7b179b,920f2a7b179b
235293ffcb748655,cifar100,ssb-v4,cnn,protocol-v6,0.4,0,10,5,1,215,216,0.0023722921032458544,0.005152666941285133,640581632,0.0234375,0,22,920f2a7b179b,920f2a7b179b
235293ffcb748655,cifar100,ssb-v4,cnn,protocol-v6,0.4,0,10,5,1,216,217,0.002277292078360915,0.005245291977189481,640581632,0.015625,0,22,920f2a7b179b,920f2a7b179b
235293ffcb748655,cifar100,ssb-v4,cnn,protocol-v6,0.4,0,10,5,1,217,218,0.00234616594389081,0.00516254105605185,640581632,0.03125,0,22,920f2a7b179b,920f2a7b179b
235293ffcb748655,cifar100,ssb-v4,cnn,protocol-v6,0.4,0,10,5,1,218,219,0.0023278750013560057,0.005119166919030249,640581632,0.03125,0,22,920f2a7b179b,920f2a7b179b
235293ffcb748655,cifar100,ssb-v4,cnn,protocol-v6,0.4,0,10,5,1,219,220,0.0023349170805886388,0.005181499989703298,640581632,0.0390625,1,23,920f2a7b179b,3566f10db740
235293ffcb748655,cifar100,ssb-v4,cnn,protocol-v6,0.4,0,10,5,1,220,221,0.0024153749691322446,0.00513545807916671,640581632,0.0078125,0,23,3566f10db740,3566f10db740
235293ffcb748655,cifar100,ssb-v4,cnn,protocol-v6,0.4,0,10,5,1,221,222,0.002341583021916449,0.005179625004529953,640581632,0.0234375,0,23,3566f10db740,3566f10db740
235293ffcb748655,cifar100,ssb-v4,cnn,protocol-v6,0.4,0,10,5,1,222,223,0.0023467910941690207,0.005152832949534059,640581632,0.0078125,0,23,3566f10db740,3566f10db740
235293ffcb748655,cifar100,ssb-v4,cnn,protocol-v6,0.4,0,10,5,1,223,224,0.0023472089087590575,0.005164584028534591,640581632,0.03125,0,23,3566f10db740,3566f10db740
235293ffcb748655,cifar100,ssb-v4,cnn,protocol-v6,0.4,0,10,5,1,224,225,0.002335208933800459,0.005136291962116957,640581632,0.03125,0,23,3566f10db740,3566f10db740
235293ffcb748655,cifar100,ssb-v4,cnn,protocol-v6,0.4,0,10,5,1,225,226,0.002347207977436483,0.005136291030794382,640581632,0.015625,0,23,3566f10db740,3566f10db740
235293ffcb748655,cifar100,ssb-v4,cnn,protocol-v6,0.4,0,10,5,1,226,227,0.0023141250712797046,0.005122292088344693,640581632,0.015625,0,23,3566f10db740,3566f10db740
235293ffcb748655,cifar100,ssb-v4,cnn,protocol-v6,0.4,0,10,5,1,227,228,0.0023278750013560057,0.005079332971945405,640581632,0.0234375,0,23,3566f10db740,3566f10db740
235293ffcb748655,cifar100,ssb-v4,cnn,protocol-v6,0.4,0,10,5,1,228,229,0.0023240409791469574,0.005144583992660046,640598016,0.0078125,0,23,3566f10db740,3566f10db740
235293ffcb748655,cifar100,ssb-v4,cnn,protocol-v6,0.4,0,10,5,1,229,230,0.0023145420709624887,0.005141458008438349,640598016,0.015625,1,24,3566f10db740,b290bf1791a2
235293ffcb748655,cifar100,ssb-v4,cnn,protocol-v6,0.4,0,10,5,1,230,231,0.002331417053937912,0.005156666971743107,640598016,0.0390625,0,24,b290bf1791a2,b290bf1791a2
235293ffcb748655,cifar100,ssb-v4,cnn,protocol-v6,0.4,0,10,5,1,231,232,0.0022833329858258367,0.00514683302026242,640598016,0.0234375,0,24,b290bf1791a2,b290bf1791a2
235293ffcb748655,cifar100,ssb-v4,cnn,protocol-v6,0.4,0,10,5,1,232,233,0.002270040917210281,0.005150041077286005,640598016,0.0234375,0,24,b290bf1791a2,b290bf1791a2
235293ffcb748655,cifar100,ssb-v4,cnn,protocol-v6,0.4,0,10,5,1,233,234,0.002316333935596049,0.005130209028720856,640598016,0.015625,0,24,b290bf1791a2,b290bf1791a2
235293ffcb748655,cifar100,ssb-v4,cnn,protocol-v6,0.4,0,10,5,1,234,235,0.0022972080623731017,0.005126666976138949,640598016,0.0234375,0,24,b290bf1791a2,b290bf1791a2
235293ffcb748655,cifar100,ssb-v4,cnn,protocol-v6,0.4,0,10,5,1,235,236,0.002311791991814971,0.005120915942825377,640614400,0.0546875,0,24,b290bf1791a2,b290bf1791a2
235293ffcb748655,cifar100,ssb-v4,cnn,protocol-v6,0.4,0,10,5,1,236,237,0.0023351249983534217,0.005095958011224866,640614400,0.015625,0,24,b290bf1791a2,b290bf1791a2
235293ffcb748655,cifar100,ssb-v4,cnn,protocol-v6,0.4,0,10,5,1,237,238,0.0023430829169228673,0.00512662495020777,640614400,0.03125,0,24,b290bf1791a2,b290bf1791a2
235293ffcb748655,cifar100,ssb-v4,cnn,protocol-v6,0.4,0,10,5,1,238,239,0.002355540986172855,0.005121415946632624,640614400,0.0234375,0,24,b290bf1791a2,b290bf1791a2
235293ffcb748655,cifar100,ssb-v4,cnn,protocol-v6,0.4,0,10,5,1,239,240,0.0023805000819265842,0.005138334003277123,640614400,0.0234375,1,25,b290bf1791a2,ccdcec4ee7d4
235293ffcb748655,cifar100,ssb-v4,cnn,protocol-v6,0.4,0,10,5,1,240,241,0.002342625055462122,0.00513862504158169,640614400,0.03125,0,25,ccdcec4ee7d4,ccdcec4ee7d4
235293ffcb748655,cifar100,ssb-v4,cnn,protocol-v6,0.4,0,10,5,1,241,242,0.0022786249173805118,0.005135291023179889,640614400,0.03125,0,25,ccdcec4ee7d4,ccdcec4ee7d4
235293ffcb748655,cifar100,ssb-v4,cnn,protocol-v6,0.4,0,10,5,1,242,243,0.002315165940672159,0.005127332988195121,640614400,0.0078125,0,25,ccdcec4ee7d4,ccdcec4ee7d4
235293ffcb748655,cifar100,ssb-v4,cnn,protocol-v6,0.4,0,10,5,1,243,244,0.0023354999721050262,0.005091250059194863,640614400,0.0234375,0,25,ccdcec4ee7d4,ccdcec4ee7d4
235293ffcb748655,cifar100,ssb-v4,cnn,protocol-v6,0.4,0,10,5,1,244,245,0.002299041021615267,0.005174707970581949,640614400,0.046875,0,25,ccdcec4ee7d4,ccdcec4ee7d4
235293ffcb748655,cifar100,ssb-v4,cnn,protocol-v6,0.4,0,10,5,1,245,246,0.0023882919922471046,0.005147624993696809,640614400,0.0078125,0,25,ccdcec4ee7d4,ccdcec4ee7d4
235293ffcb748655,cifar100,ssb-v4,cnn,protocol-v6,0.4,0,10,5,1,246,247,0.002342958003282547,0.005155291990377009,640614400,0.0234375,0,25,ccdcec4ee7d4,ccdcec4ee7d4
235293ffcb748655,cifar100,ssb-v4,cnn,protocol-v6,0.4,0,10,5,1,247,248,0.002373790950514376,0.0051123748999089,640614400,0.0078125,0,25,ccdcec4ee7d4,ccdcec4ee7d4
235293ffcb748655,cifar100,ssb-v4,cnn,protocol-v6,0.4,0,10,5,1,248,249,0.002294000005349517,0.005119458073750138,640614400,0.0234375,0,25,ccdcec4ee7d4,ccdcec4ee7d4
235293ffcb748655,cifar100,ssb-v4,cnn,protocol-v6,0.4,0,10,5,1,249,250,0.0023380410857498646,0.0051607920322567225,640614400,0.0078125,1,26,ccdcec4ee7d4,75a1cbc16078
235293ffcb748655,cifar100,ssb-v4,cnn,protocol-v6,0.4,0,10,5,1,250,251,0.002305750036612153,0.005131041980348527,640614400,0.0234375,0,26,75a1cbc16078,75a1cbc16078
235293ffcb748655,cifar100,ssb-v4,cnn,protocol-v6,0.4,0,10,5,1,251,252,0.0023026670096442103,0.0051394590409472585,640614400,0.0234375,0,26,75a1cbc16078,75a1cbc16078
235293ffcb748655,cifar100,ssb-v4,cnn,protocol-v6,0.4,0,10,5,1,252,253,0.002302124979905784,0.0051553749945014715,640614400,0.0234375,0,26,75a1cbc16078,75a1cbc16078
235293ffcb748655,cifar100,ssb-v4,cnn,protocol-v6,0.4,0,10,5,1,253,254,0.0023085420252755284,0.005181999993510544,640630784,0.0078125,0,26,75a1cbc16078,75a1cbc16078
235293ffcb748655,cifar100,ssb-v4,cnn,protocol-v6,0.4,0,10,5,1,254,255,0.0023015420883893967,0.0051394159672781825,640647168,0.0078125,0,26,75a1cbc16078,75a1cbc16078
235293ffcb748655,cifar100,ssb-v4,cnn,protocol-v6,0.4,0,10,5,1,255,256,0.0023671670351177454,0.005148417083546519,640647168,0.0390625,0,26,75a1cbc16078,75a1cbc16078
235293ffcb748655,cifar100,ssb-v4,cnn,protocol-v6,0.4,0,10,5,1,256,257,0.0022869170643389225,0.005135708022862673,640647168,0.03125,0,26,75a1cbc16078,75a1cbc16078
235293ffcb748655,cifar100,ssb-v4,cnn,protocol-v6,0.4,0,10,5,1,257,258,0.002314083045348525,0.0051777909975498915,640647168,0.0078125,0,26,75a1cbc16078,75a1cbc16078
235293ffcb748655,cifar100,ssb-v4,cnn,protocol-v6,0.4,0,10,5,1,258,259,0.0022902078926563263,0.005131458048708737,640647168,0.0234375,0,26,75a1cbc16078,75a1cbc16078
235293ffcb748655,cifar100,ssb-v4,cnn,protocol-v6,0.4,0,10,5,1,259,260,0.0022700000554323196,0.005141332978382707,640647168,0.0,1,27,75a1cbc16078,0f5c17bfff7e
235293ffcb748655,cifar100,ssb-v4,cnn,protocol-v6,0.4,0,10,5,1,260,261,0.002400583936832845,0.005127834039740264,640647168,0.0234375,0,27,0f5c17bfff7e,0f5c17bfff7e
235293ffcb748655,cifar100,ssb-v4,cnn,protocol-v6,0.4,0,10,5,1,261,262,0.0023412919836118817,0.0051380000077188015,640647168,0.015625,0,27,0f5c17bfff7e,0f5c17bfff7e
235293ffcb748655,cifar100,ssb-v4,cnn,protocol-v6,0.4,0,10,5,1,262,263,0.0023906250717118382,0.005083999945782125,640647168,0.0,0,27,0f5c17bfff7e,0f5c17bfff7e
235293ffcb748655,cifar100,ssb-v4,cnn,protocol-v6,0.4,0,10,5,1,263,264,0.002332167001441121,0.005123125039972365,640647168,0.046875,0,27,0f5c17bfff7e,0f5c17bfff7e
235293ffcb748655,cifar100,ssb-v4,cnn,protocol-v6,0.4,0,10,5,1,264,265,0.0023321249755099416,0.005119584035128355,640647168,0.0234375,0,27,0f5c17bfff7e,0f5c17bfff7e
235293ffcb748655,cifar100,ssb-v4,cnn,protocol-v6,0.4,0,10,5,1,265,266,0.002326750080101192,0.00516558310482651,640647168,0.0234375,0,27,0f5c17bfff7e,0f5c17bfff7e
235293ffcb748655,cifar100,ssb-v4,cnn,protocol-v6,0.4,0,10,5,1,266,267,0.0023254589177668095,0.005126417032442987,640647168,0.0234375,0,27,0f5c17bfff7e,0f5c17bfff7e
235293ffcb748655,cifar100,ssb-v4,cnn,protocol-v6,0.4,0,10,5,1,267,268,0.0022947080433368683,0.005113332998007536,640647168,0.0390625,0,27,0f5c17bfff7e,0f5c17bfff7e
235293ffcb748655,cifar100,ssb-v4,cnn,protocol-v6,0.4,0,10,5,1,268,269,0.002298666979186237,0.005162958055734634,640647168,0.03125,0,27,0f5c17bfff7e,0f5c17bfff7e
235293ffcb748655,cifar100,ssb-v4,cnn,protocol-v6,0.4,0,10,5,1,269,270,0.0023257089778780937,0.00514333404134959,640647168,0.0078125,1,28,0f5c17bfff7e,fa967367fc9c
235293ffcb748655,cifar100,ssb-v4,cnn,protocol-v6,0.4,0,10,5,1,270,271,0.0023650830844417214,0.005135208019055426,640647168,0.0,0,28,fa967367fc9c,fa967367fc9c
235293ffcb748655,cifar100,ssb-v4,cnn,protocol-v6,0.4,0,10,5,1,271,272,0.002286041039042175,0.005127000040374696,640647168,0.0234375,0,28,fa967367fc9c,fa967367fc9c
235293ffcb748655,cifar100,ssb-v4,cnn,protocol-v6,0.4,0,10,5,1,272,273,0.0023313750280067325,0.005203041946515441,640647168,0.0234375,0,28,fa967367fc9c,fa967367fc9c
235293ffcb748655,cifar100,ssb-v4,cnn,protocol-v6,0.4,0,10,5,1,273,274,0.002336458070203662,0.005137124913744628,640647168,0.0078125,0,28,fa967367fc9c,fa967367fc9c
235293ffcb748655,cifar100,ssb-v4,cnn,protocol-v6,0.4,0,10,5,1,274,275,0.002293374971486628,0.005134499981068075,640647168,0.015625,0,28,fa967367fc9c,fa967367fc9c
235293ffcb748655,cifar100,ssb-v4,cnn,protocol-v6,0.4,0,10,5,1,275,276,0.00232962507288903,0.005144416936673224,640647168,0.015625,0,28,fa967367fc9c,fa967367fc9c
235293ffcb748655,cifar100,ssb-v4,cnn,protocol-v6,0.4,0,10,5,1,276,277,0.002336125005967915,0.005154875107109547,640647168,0.0390625,0,28,fa967367fc9c,fa967367fc9c
235293ffcb748655,cifar100,ssb-v4,cnn,protocol-v6,0.4,0,10,5,1,277,278,0.0023260420421138406,0.005173042067326605,640647168,0.0234375,0,28,fa967367fc9c,fa967367fc9c
235293ffcb748655,cifar100,ssb-v4,cnn,protocol-v6,0.4,0,10,5,1,278,279,0.0022857500007376075,0.005110915983095765,640647168,0.0390625,0,28,fa967367fc9c,fa967367fc9c
235293ffcb748655,cifar100,ssb-v4,cnn,protocol-v6,0.4,0,10,5,1,279,280,0.0023362089414149523,0.005279415985569358,640647168,0.0234375,1,29,fa967367fc9c,ac0b9445dc6c
235293ffcb748655,cifar100,ssb-v4,cnn,protocol-v6,0.4,0,10,5,1,280,281,0.0024217910831794143,0.005154334008693695,640745472,0.0390625,0,29,ac0b9445dc6c,ac0b9445dc6c
235293ffcb748655,cifar100,ssb-v4,cnn,protocol-v6,0.4,0,10,5,1,281,282,0.002422457910142839,0.0052385840099304914,640745472,0.03125,0,29,ac0b9445dc6c,ac0b9445dc6c
235293ffcb748655,cifar100,ssb-v4,cnn,protocol-v6,0.4,0,10,5,1,282,283,0.002458208007737994,0.005176041042432189,640745472,0.0234375,0,29,ac0b9445dc6c,ac0b9445dc6c
235293ffcb748655,cifar100,ssb-v4,cnn,protocol-v6,0.4,0,10,5,1,283,284,0.002424041973426938,0.005218749982304871,640761856,0.0078125,0,29,ac0b9445dc6c,ac0b9445dc6c
235293ffcb748655,cifar100,ssb-v4,cnn,protocol-v6,0.4,0,10,5,1,284,285,0.002357083954848349,0.005170125048607588,640761856,0.0390625,0,29,ac0b9445dc6c,ac0b9445dc6c
235293ffcb748655,cifar100,ssb-v4,cnn,protocol-v6,0.4,0,10,5,1,285,286,0.0025202499236911535,0.005175499944016337,640761856,0.015625,0,29,ac0b9445dc6c,ac0b9445dc6c
235293ffcb748655,cifar100,ssb-v4,cnn,protocol-v6,0.4,0,10,5,1,286,287,0.002336874953471124,0.005134916980750859,640778240,0.0234375,0,29,ac0b9445dc6c,ac0b9445dc6c
235293ffcb748655,cifar100,ssb-v4,cnn,protocol-v6,0.4,0,10,5,1,287,288,0.00238175003323704,0.005166999995708466,640778240,0.0390625,0,29,ac0b9445dc6c,ac0b9445dc6c
235293ffcb748655,cifar100,ssb-v4,cnn,protocol-v6,0.4,0,10,5,1,288,289,0.0022909999825060368,0.005175459082238376,640778240,0.0859375,0,29,ac0b9445dc6c,ac0b9445dc6c
235293ffcb748655,cifar100,ssb-v4,cnn,protocol-v6,0.4,0,10,5,1,289,290,0.0023540830006822944,0.00514854199718684,640778240,0.015625,1,30,ac0b9445dc6c,19cc0a4ee15b
235293ffcb748655,cifar100,ssb-v4,cnn,protocol-v6,0.4,0,10,5,1,290,291,0.002361958031542599,0.00512741704005748,640794624,0.0234375,0,30,19cc0a4ee15b,19cc0a4ee15b
235293ffcb748655,cifar100,ssb-v4,cnn,protocol-v6,0.4,0,10,5,1,291,292,0.002260749926790595,0.005155584076419473,640811008,0.0078125,0,30,19cc0a4ee15b,19cc0a4ee15b
235293ffcb748655,cifar100,ssb-v4,cnn,protocol-v6,0.4,0,10,5,1,292,293,0.0023308750241994858,0.005125166964717209,640811008,0.0234375,0,30,19cc0a4ee15b,19cc0a4ee15b
235293ffcb748655,cifar100,ssb-v4,cnn,protocol-v6,0.4,0,10,5,1,293,294,0.0023328749230131507,0.0051102080615237355,640811008,0.0234375,0,30,19cc0a4ee15b,19cc0a4ee15b
235293ffcb748655,cifar100,ssb-v4,cnn,protocol-v6,0.4,0,10,5,1,294,295,0.002281458000652492,0.005185666028410196,640811008,0.0234375,0,30,19cc0a4ee15b,19cc0a4ee15b
235293ffcb748655,cifar100,ssb-v4,cnn,protocol-v6,0.4,0,10,5,1,295,296,0.0023306250805035233,0.0050835000583902,640811008,0.015625,0,30,19cc0a4ee15b,19cc0a4ee15b
235293ffcb748655,cifar100,ssb-v4,cnn,protocol-v6,0.4,0,10,5,1,296,297,0.002314833109267056,0.005148625001311302,640827392,0.015625,0,30,19cc0a4ee15b,19cc0a4ee15b
235293ffcb748655,cifar100,ssb-v4,cnn,protocol-v6,0.4,0,10,5,1,297,298,0.002300000051036477,0.005144083988852799,640827392,0.0546875,0,30,19cc0a4ee15b,19cc0a4ee15b
235293ffcb748655,cifar100,ssb-v4,cnn,protocol-v6,0.4,0,10,5,1,298,299,0.0022971249418333173,0.005140417022630572,640827392,0.0,0,30,19cc0a4ee15b,19cc0a4ee15b
235293ffcb748655,cifar100,ssb-v4,cnn,protocol-v6,0.4,0,10,5,1,299,300,0.002268250100314617,0.005137083004228771,640827392,0.0390625,1,31,19cc0a4ee15b,af1a8cb7efc9
235293ffcb748655,cifar100,ssb-v4,cnn,protocol-v6,0.4,0,10,5,1,300,301,0.002314249984920025,0.005119167035445571,640827392,0.0,0,31,af1a8cb7efc9,af1a8cb7efc9
235293ffcb748655,cifar100,ssb-v4,cnn,protocol-v6,0.4,0,10,5,1,301,302,0.0022798340069130063,0.0051585419569164515,640827392,0.0234375,0,31,af1a8cb7efc9,af1a8cb7efc9
235293ffcb748655,cifar100,ssb-v4,cnn,protocol-v6,0.4,0,10,5,1,302,303,0.0023401249200105667,0.005222500069066882,640827392,0.0234375,0,31,af1a8cb7efc9,af1a8cb7efc9
235293ffcb748655,cifar100,ssb-v4,cnn,protocol-v6,0.4,0,10,5,1,303,304,0.0023322500055655837,0.005104458890855312,640827392,0.0234375,0,31,af1a8cb7efc9,af1a8cb7efc9
235293ffcb748655,cifar100,ssb-v4,cnn,protocol-v6,0.4,0,10,5,1,304,305,0.0022868330124765635,0.005131624988280237,640827392,0.0078125,0,31,af1a8cb7efc9,af1a8cb7efc9
235293ffcb748655,cifar100,ssb-v4,cnn,protocol-v6,0.4,0,10,5,1,305,306,0.002319499966688454,0.005174792022444308,640827392,0.0234375,0,31,af1a8cb7efc9,af1a8cb7efc9
235293ffcb748655,cifar100,ssb-v4,cnn,protocol-v6,0.4,0,10,5,1,306,307,0.0023362080100923777,0.005160582950338721,640827392,0.0078125,0,31,af1a8cb7efc9,af1a8cb7efc9
235293ffcb748655,cifar100,ssb-v4,cnn,protocol-v6,0.4,0,10,5,1,307,308,0.0023175000678747892,0.005135874962434173,640827392,0.015625,0,31,af1a8cb7efc9,af1a8cb7efc9
235293ffcb748655,cifar100,ssb-v4,cnn,protocol-v6,0.4,0,10,5,1,308,309,0.0023791659623384476,0.005142207955941558,640827392,0.046875,0,31,af1a8cb7efc9,af1a8cb7efc9
235293ffcb748655,cifar100,ssb-v4,cnn,protocol-v6,0.4,0,10,5,1,309,310,0.0023241250310093164,0.005265541956759989,640827392,0.0078125,1,32,af1a8cb7efc9,87e8248554a2
235293ffcb748655,cifar100,ssb-v4,cnn,protocol-v6,0.4,0,10,5,1,310,311,0.0022946250392124057,0.005160166998393834,640827392,0.0,0,32,87e8248554a2,87e8248554a2
235293ffcb748655,cifar100,ssb-v4,cnn,protocol-v6,0.4,0,10,5,1,311,312,0.0023736669681966305,0.005111582926474512,640827392,0.03125,0,32,87e8248554a2,87e8248554a2
235293ffcb748655,cifar100,ssb-v4,cnn,protocol-v6,0.4,0,10,5,1,312,313,0.002318458049558103,0.005132875056006014,640827392,0.0390625,0,32,87e8248554a2,87e8248554a2
235293ffcb748655,cifar100,ssb-v4,cnn,protocol-v6,0.4,0,10,5,1,313,314,0.0023348749382421374,0.005147541989572346,640827392,0.0234375,0,32,87e8248554a2,87e8248554a2
235293ffcb748655,cifar100,ssb-v4,cnn,protocol-v6,0.4,0,10,5,1,314,315,0.0023477079812437296,0.005170457996428013,640843776,0.015625,0,32,87e8248554a2,87e8248554a2
235293ffcb748655,cifar100,ssb-v4,cnn,protocol-v6,0.4,0,10,5,1,315,316,0.0023258329601958394,0.005124917021021247,640843776,0.046875,0,32,87e8248554a2,87e8248554a2
235293ffcb748655,cifar100,ssb-v4,cnn,protocol-v6,0.4,0,10,5,1,316,317,0.0022770409705117345,0.005149457952938974,640843776,0.03125,0,32,87e8248554a2,87e8248554a2
235293ffcb748655,cifar100,ssb-v4,cnn,protocol-v6,0.4,0,10,5,1,317,318,0.0023308750241994858,0.005133791011758149,640843776,0.0390625,0,32,87e8248554a2,87e8248554a2
235293ffcb748655,cifar100,ssb-v4,cnn,protocol-v6,0.4,0,10,5,1,318,319,0.0023190409410744905,0.005155249964445829,640843776,0.0078125,0,32,87e8248554a2,87e8248554a2
235293ffcb748655,cifar100,ssb-v4,cnn,protocol-v6,0.4,0,10,5,1,319,320,0.0023175409296527505,0.005122083006426692,640843776,0.046875,1,33,87e8248554a2,b263ead37e5e
235293ffcb748655,cifar100,ssb-v4,cnn,protocol-v6,0.4,0,10,5,1,320,321,0.002335083088837564,0.005120750050991774,640860160,0.015625,0,33,b263ead37e5e,b263ead37e5e
235293ffcb748655,cifar100,ssb-v4,cnn,protocol-v6,0.4,0,10,5,1,321,322,0.002316541038453579,0.005129207973368466,640860160,0.03125,0,33,b263ead37e5e,b263ead37e5e
235293ffcb748655,cifar100,ssb-v4,cnn,protocol-v6,0.4,0,10,5,1,322,323,0.0023705409839749336,0.005113124963827431,640860160,0.0234375,0,33,b263ead37e5e,b263ead37e5e
235293ffcb748655,cifar100,ssb-v4,cnn,protocol-v6,0.4,0,10,5,1,323,324,0.00230925006326288,0.005062167067080736,640860160,0.03125,0,33,b263ead37e5e,b263ead37e5e
235293ffcb748655,cifar100,ssb-v4,cnn,protocol-v6,0.4,0,10,5,1,324,325,0.0023224169854074717,0.005129790981300175,640860160,0.03125,0,33,b263ead37e5e,b263ead37e5e
235293ffcb748655,cifar100,ssb-v4,cnn,protocol-v6,0.4,0,10,5,1,325,326,0.0022800000151619315,0.005175333935767412,640860160,0.015625,0,33,b263ead37e5e,b263ead37e5e
235293ffcb748655,cifar100,ssb-v4,cnn,protocol-v6,0.4,0,10,5,1,326,327,0.0023207920603454113,0.005149791948497295,640860160,0.0234375,0,33,b263ead37e5e,b263ead37e5e
235293ffcb748655,cifar100,ssb-v4,cnn,protocol-v6,0.4,0,10,5,1,327,328,0.002337832935154438,0.005137042026035488,640860160,0.0234375,0,33,b263ead37e5e,b263ead37e5e
235293ffcb748655,cifar100,ssb-v4,cnn,protocol-v6,0.4,0,10,5,1,328,329,0.00230654189363122,0.005128666991367936,640860160,0.03125,0,33,b263ead37e5e,b263ead37e5e
235293ffcb748655,cifar100,ssb-v4,cnn,protocol-v6,0.4,0,10,5,1,329,330,0.0023249160731211305,0.005158499930985272,640860160,0.015625,1,34,b263ead37e5e,339a38c32213
235293ffcb748655,cifar100,ssb-v4,cnn,protocol-v6,0.4,0,10,5,1,330,331,0.002284125075675547,0.005133875063620508,640860160,0.0390625,0,34,339a38c32213,339a38c32213
235293ffcb748655,cifar100,ssb-v4,cnn,protocol-v6,0.4,0,10,5,1,331,332,0.002315165940672159,0.005106458906084299,640860160,0.015625,0,34,339a38c32213,339a38c32213
235293ffcb748655,cifar100,ssb-v4,cnn,protocol-v6,0.4,0,10,5,1,332,333,0.002339625032618642,0.005161833018064499,640860160,0.046875,0,34,339a38c32213,339a38c32213
235293ffcb748655,cifar100,ssb-v4,cnn,protocol-v6,0.4,0,10,5,1,333,334,0.0023236250272020698,0.005103165982291102,640860160,0.0625,0,34,339a38c32213,339a38c32213
235293ffcb748655,cifar100,ssb-v4,cnn,protocol-v6,0.4,0,10,5,1,334,335,0.0023713329574093223,0.005133583093993366,640860160,0.0625,0,34,339a38c32213,339a38c32213
235293ffcb748655,cifar100,ssb-v4,cnn,protocol-v6,0.4,0,10,5,1,335,336,0.0023131660418584943,0.005107708973810077,640860160,0.0390625,0,34,339a38c32213,339a38c32213
235293ffcb748655,cifar100,ssb-v4,cnn,protocol-v6,0.4,0,10,5,1,336,337,0.0023019580403342843,0.005115500069223344,640860160,0.03125,0,34,339a38c32213,339a38c32213
235293ffcb748655,cifar100,ssb-v4,cnn,protocol-v6,0.4,0,10,5,1,337,338,0.0022643330739811063,0.00515137508045882,640860160,0.0078125,0,34,339a38c32213,339a38c32213
235293ffcb748655,cifar100,ssb-v4,cnn,protocol-v6,0.4,0,10,5,1,338,339,0.0023317079758271575,0.005143042071722448,640860160,0.0390625,0,34,339a38c32213,339a38c32213
235293ffcb748655,cifar100,ssb-v4,cnn,protocol-v6,0.4,0,10,5,1,339,340,0.002337333047762513,0.005123125039972365,640860160,0.046875,1,35,339a38c32213,4ec1f9b9c60b
235293ffcb748655,cifar100,ssb-v4,cnn,protocol-v6,0.4,0,10,5,1,340,341,0.0023434580070897937,0.005122500006109476,640860160,0.03125,0,35,4ec1f9b9c60b,4ec1f9b9c60b
235293ffcb748655,cifar100,ssb-v4,cnn,protocol-v6,0.4,0,10,5,1,341,342,0.0023313750280067325,0.005097375018522143,640860160,0.015625,0,35,4ec1f9b9c60b,4ec1f9b9c60b
235293ffcb748655,cifar100,ssb-v4,cnn,protocol-v6,0.4,0,10,5,1,342,343,0.0023342090426012874,0.005148041993379593,640876544,0.03125,0,35,4ec1f9b9c60b,4ec1f9b9c60b
235293ffcb748655,cifar100,ssb-v4,cnn,protocol-v6,0.4,0,10,5,1,343,344,0.0022767919581383467,0.005126875010319054,640876544,0.03125,0,35,4ec1f9b9c60b,4ec1f9b9c60b
235293ffcb748655,cifar100,ssb-v4,cnn,protocol-v6,0.4,0,10,5,1,344,345,0.002329415990971029,0.0051299999468028545,640876544,0.015625,0,35,4ec1f9b9c60b,4ec1f9b9c60b
235293ffcb748655,cifar100,ssb-v4,cnn,protocol-v6,0.4,0,10,5,1,345,346,0.0023206250043585896,0.005124540999531746,640876544,0.046875,0,35,4ec1f9b9c60b,4ec1f9b9c60b
235293ffcb748655,cifar100,ssb-v4,cnn,protocol-v6,0.4,0,10,5,1,346,347,0.0023728329688310623,0.005147875053808093,640876544,0.0078125,0,35,4ec1f9b9c60b,4ec1f9b9c60b
235293ffcb748655,cifar100,ssb-v4,cnn,protocol-v6,0.4,0,10,5,1,347,348,0.0023197910049930215,0.005150874960236251,640876544,0.03125,0,35,4ec1f9b9c60b,4ec1f9b9c60b
235293ffcb748655,cifar100,ssb-v4,cnn,protocol-v6,0.4,0,10,5,1,348,349,0.0023174580419436097,0.005202708067372441,640876544,0.0078125,0,35,4ec1f9b9c60b,4ec1f9b9c60b
235293ffcb748655,cifar100,ssb-v4,cnn,protocol-v6,0.4,0,10,5,1,349,350,0.0022995410254225135,0.005142500041984022,640876544,0.015625,1,36,4ec1f9b9c60b,8b50fcc34bfe
235293ffcb748655,cifar100,ssb-v4,cnn,protocol-v6,0.4,0,10,5,1,350,351,0.002345042070373893,0.005107459030114114,640876544,0.03125,0,36,8b50fcc34bfe,8b50fcc34bfe
235293ffcb748655,cifar100,ssb-v4,cnn,protocol-v6,0.4,0,10,5,1,351,352,0.002262583002448082,0.005139832966960967,640876544,0.0546875,0,36,8b50fcc34bfe,8b50fcc34bfe
235293ffcb748655,cifar100,ssb-v4,cnn,protocol-v6,0.4,0,10,5,1,352,353,0.0023324169451370835,0.005138165899552405,640876544,0.0234375,0,36,8b50fcc34bfe,8b50fcc34bfe
235293ffcb748655,cifar100,ssb-v4,cnn,protocol-v6,0.4,0,10,5,1,353,354,0.0022970829159021378,0.005119458073750138,640892928,0.0234375,0,36,8b50fcc34bfe,8b50fcc34bfe
235293ffcb748655,cifar100,ssb-v4,cnn,protocol-v6,0.4,0,10,5,1,354,355,0.0023125000298023224,0.005118709057569504,640892928,0.03125,0,36,8b50fcc34bfe,8b50fcc34bfe
235293ffcb748655,cifar100,ssb-v4,cnn,protocol-v6,0.4,0,10,5,1,355,356,0.002273875055834651,0.0051094170194119215,640892928,0.0,0,36,8b50fcc34bfe,8b50fcc34bfe
235293ffcb748655,cifar100,ssb-v4,cnn,protocol-v6,0.4,0,10,5,1,356,357,0.0023141660494729877,0.005167166003957391,640892928,0.0390625,0,36,8b50fcc34bfe,8b50fcc34bfe
235293ffcb748655,cifar100,ssb-v4,cnn,protocol-v6,0.4,0,10,5,1,357,358,0.0023127919994294643,0.005117667024023831,640892928,0.0625,0,36,8b50fcc34bfe,8b50fcc34bfe
235293ffcb748655,cifar100,ssb-v4,cnn,protocol-v6,0.4,0,10,5,1,358,359,0.002273333026096225,0.005128374905325472,640892928,0.03125,0,36,8b50fcc34bfe,8b50fcc34bfe
235293ffcb748655,cifar100,ssb-v4,cnn,protocol-v6,0.4,0,10,5,1,359,360,0.002449708990752697,0.005126833915710449,640892928,0.0234375,1,37,8b50fcc34bfe,97121999d1d7
235293ffcb748655,cifar100,ssb-v4,cnn,protocol-v6,0.4,0,10,5,1,360,361,0.0023337500169873238,0.005140791996382177,640892928,0.015625,0,37,97121999d1d7,97121999d1d7
235293ffcb748655,cifar100,ssb-v4,cnn,protocol-v6,0.4,0,10,5,1,361,362,0.0023349579423666,0.005133958999067545,640892928,0.0078125,0,37,97121999d1d7,97121999d1d7
235293ffcb748655,cifar100,ssb-v4,cnn,protocol-v6,0.4,0,10,5,1,362,363,0.0023185000754892826,0.005149333039298654,640892928,0.0234375,0,37,97121999d1d7,97121999d1d7
235293ffcb748655,cifar100,ssb-v4,cnn,protocol-v6,0.4,0,10,5,1,363,364,0.002361083053983748,0.005113417049869895,640892928,0.03125,0,37,97121999d1d7,97121999d1d7
235293ffcb748655,cifar100,ssb-v4,cnn,protocol-v6,0.4,0,10,5,1,364,365,0.0022834999253973365,0.005126332980580628,640892928,0.0625,0,37,97121999d1d7,97121999d1d7
235293ffcb748655,cifar100,ssb-v4,cnn,protocol-v6,0.4,0,10,5,1,365,366,0.0023053749464452267,0.005112875020131469,640892928,0.03125,0,37,97121999d1d7,97121999d1d7
235293ffcb748655,cifar100,ssb-v4,cnn,protocol-v6,0.4,0,10,5,1,366,367,0.0023182500153779984,0.0052241249941289425,640892928,0.046875,0,37,97121999d1d7,97121999d1d7
235293ffcb748655,cifar100,ssb-v4,cnn,protocol-v6,0.4,0,10,5,1,367,368,0.0022866670042276382,0.005144249997101724,640892928,0.0234375,0,37,97121999d1d7,97121999d1d7
235293ffcb748655,cifar100,ssb-v4,cnn,protocol-v6,0.4,0,10,5,1,368,369,0.0022724580485373735,0.005098500056192279,640892928,0.0546875,0,37,97121999d1d7,97121999d1d7
235293ffcb748655,cifar100,ssb-v4,cnn,protocol-v6,0.4,0,10,5,1,369,370,0.0023156250827014446,0.005136250052601099,640892928,0.03125,1,38,97121999d1d7,08861277635a
235293ffcb748655,cifar100,ssb-v4,cnn,protocol-v6,0.4,0,10,5,1,370,371,0.0023242090828716755,0.0051435420755296946,640909312,0.0546875,0,38,08861277635a,08861277635a
235293ffcb748655,cifar100,ssb-v4,cnn,protocol-v6,0.4,0,10,5,1,371,372,0.0023278750013560057,0.005057749920524657,640909312,0.015625,0,38,08861277635a,08861277635a
235293ffcb748655,cifar100,ssb-v4,cnn,protocol-v6,0.4,0,10,5,1,372,373,0.0023242910392582417,0.005122583010233939,640909312,0.0234375,0,38,08861277635a,08861277635a
235293ffcb748655,cifar100,ssb-v4,cnn,protocol-v6,0.4,0,10,5,1,373,374,0.0023127919994294643,0.0051033340860158205,640909312,0.03125,0,38,08861277635a,08861277635a
235293ffcb748655,cifar100,ssb-v4,cnn,protocol-v6,0.4,0,10,5,1,374,375,0.0022731670178472996,0.005122291971929371,640909312,0.0390625,0,38,08861277635a,08861277635a
235293ffcb748655,cifar100,ssb-v4,cnn,protocol-v6,0.4,0,10,5,1,375,376,0.0023125000298023224,0.005102875060401857,640909312,0.0234375,0,38,08861277635a,08861277635a
235293ffcb748655,cifar100,ssb-v4,cnn,protocol-v6,0.4,0,10,5,1,376,377,0.0024471660144627094,0.005110499914735556,640909312,0.0390625,0,38,08861277635a,08861277635a
235293ffcb748655,cifar100,ssb-v4,cnn,protocol-v6,0.4,0,10,5,1,377,378,0.0023135420633479953,0.0050985830603167415,640909312,0.0390625,0,38,08861277635a,08861277635a
235293ffcb748655,cifar100,ssb-v4,cnn,protocol-v6,0.4,0,10,5,1,378,379,0.002317667007446289,0.005148458993062377,640909312,0.0546875,0,38,08861277635a,08861277635a
235293ffcb748655,cifar100,ssb-v4,cnn,protocol-v6,0.4,0,10,5,1,379,380,0.002311500022187829,0.005101290997117758,640909312,0.0390625,1,39,08861277635a,d1df3b0b3bd7
235293ffcb748655,cifar100,ssb-v4,cnn,protocol-v6,0.4,0,10,5,1,380,381,0.0022829590598121285,0.005118665983900428,640909312,0.03125,0,39,d1df3b0b3bd7,d1df3b0b3bd7
235293ffcb748655,cifar100,ssb-v4,cnn,protocol-v6,0.4,0,10,5,1,381,382,0.0023168750340119004,0.005135167040862143,640909312,0.0234375,0,39,d1df3b0b3bd7,d1df3b0b3bd7
235293ffcb748655,cifar100,ssb-v4,cnn,protocol-v6,0.4,0,10,5,1,382,383,0.002318875049240887,0.005145541043020785,640909312,0.046875,0,39,d1df3b0b3bd7,d1df3b0b3bd7
235293ffcb748655,cifar100,ssb-v4,cnn,protocol-v6,0.4,0,10,5,1,383,384,0.0023046249989420176,0.005088958074338734,640925696,0.03125,0,39,d1df3b0b3bd7,d1df3b0b3bd7
235293ffcb748655,cifar100,ssb-v4,cnn,protocol-v6,0.4,0,10,5,1,384,385,0.002342207939364016,0.005117833963595331,640925696,0.015625,0,39,d1df3b0b3bd7,d1df3b0b3bd7
235293ffcb748655,cifar100,ssb-v4,cnn,protocol-v6,0.4,0,10,5,1,385,386,0.0023265419295057654,0.005064708064310253,640925696,0.0390625,0,39,d1df3b0b3bd7,d1df3b0b3bd7
235293ffcb748655,cifar100,ssb-v4,cnn,protocol-v6,0.4,0,10,5,1,386,387,0.002331458032131195,0.0051212499383836985,640925696,0.03125,0,39,d1df3b0b3bd7,d1df3b0b3bd7
235293ffcb748655,cifar100,ssb-v4,cnn,protocol-v6,0.4,0,10,5,1,387,388,0.0023295420687645674,0.005129542085342109,640925696,0.046875,0,39,d1df3b0b3bd7,d1df3b0b3bd7
235293ffcb748655,cifar100,ssb-v4,cnn,protocol-v6,0.4,0,10,5,1,388,389,0.002330208895727992,0.0051615419797599316,640925696,0.015625,0,39,d1df3b0b3bd7,d1df3b0b3bd7
235293ffcb748655,cifar100,ssb-v4,cnn,protocol-v6,0.4,0,10,5,1,389,390,0.0022950839484110475,0.00515354098752141,640925696,0.0859375,1,40,d1df3b0b3bd7,9971dcea2c72
235293ffcb748655,cifar100,ssb-v4,cnn,protocol-v6,0.4,0,10,5,1,390,391,0.01203187508508563,0.050674499943852425,654327808,0.05,0,40,9971dcea2c72,9971dcea2c72
235293ffcb748655,cifar100,ssb-v4,cnn,protocol-v6,0.4,0,10,5,2,0,392,0.0023612079676240683,0.005521749961189926,665600000,0.0546875,0,40,9971dcea2c72,9971dcea2c72
235293ffcb748655,cifar100,ssb-v4,cnn,protocol-v6,0.4,0,10,5,2,1,393,0.002416625036858022,0.00566291599534452,666238976,0.015625,0,40,9971dcea2c72,9971dcea2c72
235293ffcb748655,cifar100,ssb-v4,cnn,protocol-v6,0.4,0,10,5,2,2,394,0.0023765830555930734,0.005241375067271292,666927104,0.015625,0,40,9971dcea2c72,9971dcea2c72
235293ffcb748655,cifar100,ssb-v4,cnn,protocol-v6,0.4,0,10,5,2,3,395,0.003303334000520408,0.006687624962069094,669892608,0.03125,0,40,9971dcea2c72,9971dcea2c72
235293ffcb748655,cifar100,ssb-v4,cnn,protocol-v6,0.4,0,10,5,2,4,396,0.002472124993801117,0.005216166959144175,669892608,0.0234375,0,40,9971dcea2c72,9971dcea2c72
235293ffcb748655,cifar100,ssb-v4,cnn,protocol-v6,0.4,0,10,5,2,5,397,0.002427792060188949,0.00524137495085597,669892608,0.0625,0,40,9971dcea2c72,9971dcea2c72
235293ffcb748655,cifar100,ssb-v4,cnn,protocol-v6,0.4,0,10,5,2,6,398,0.002418207935988903,0.005303375073708594,669892608,0.0546875,0,40,9971dcea2c72,9971dcea2c72
235293ffcb748655,cifar100,ssb-v4,cnn,protocol-v6,0.4,0,10,5,2,7,399,0.0023305839858949184,0.005192665965296328,671481856,0.0625,0,40,9971dcea2c72,9971dcea2c72
235293ffcb748655,cifar100,ssb-v4,cnn,protocol-v6,0.4,0,10,5,2,8,400,0.0023959169629961252,0.0052195420721545815,671481856,0.03125,1,41,9971dcea2c72,77e0ebb5eca0
235293ffcb748655,cifar100,ssb-v4,cnn,protocol-v6,0.4,0,10,5,2,9,401,0.0023508749436587095,0.005181957967579365,671481856,0.0546875,0,41,77e0ebb5eca0,77e0ebb5eca0
235293ffcb748655,cifar100,ssb-v4,cnn,protocol-v6,0.4,0,10,5,2,10,402,0.002377375029027462,0.00519225001335144,671498240,0.0078125,0,41,77e0ebb5eca0,77e0ebb5eca0
235293ffcb748655,cifar100,ssb-v4,cnn,protocol-v6,0.4,0,10,5,2,11,403,0.0023663330357521772,0.005191416013985872,671514624,0.0546875,0,41,77e0ebb5eca0,77e0ebb5eca0
235293ffcb748655,cifar100,ssb-v4,cnn,protocol-v6,0.4,0,10,5,2,12,404,0.0023702080361545086,0.0051568340277299285,671514624,0.0390625,0,41,77e0ebb5eca0,77e0ebb5eca0
235293ffcb748655,cifar100,ssb-v4,cnn,protocol-v6,0.4,0,10,5,2,13,405,0.002386874984949827,0.005208750022575259,671514624,0.0234375,0,41,77e0ebb5eca0,77e0ebb5eca0
235293ffcb748655,cifar100,ssb-v4,cnn,protocol-v6,0.4,0,10,5,2,14,406,0.002343208994716406,0.005210417089983821,671514624,0.0234375,0,41,77e0ebb5eca0,77e0ebb5eca0
235293ffcb748655,cifar100,ssb-v4,cnn,protocol-v6,0.4,0,10,5,2,15,407,0.0023449580185115337,0.005161624983884394,671531008,0.046875,0,41,77e0ebb5eca0,77e0ebb5eca0
235293ffcb748655,cifar100,ssb-v4,cnn,protocol-v6,0.4,0,10,5,2,16,408,0.0023276249412447214,0.005206707981415093,671531008,0.046875,0,41,77e0ebb5eca0,77e0ebb5eca0
235293ffcb748655,cifar100,ssb-v4,cnn,protocol-v6,0.4,0,10,5,2,17,409,0.0022929999977350235,0.005163417081348598,671531008,0.0390625,0,41,77e0ebb5eca0,77e0ebb5eca0
235293ffcb748655,cifar100,ssb-v4,cnn,protocol-v6,0.4,0,10,5,2,18,410,0.0024202499771490693,0.005148041993379593,671531008,0.0390625,1,42,77e0ebb5eca0,49377964544b
235293ffcb748655,cifar100,ssb-v4,cnn,protocol-v6,0.4,0,10,5,2,19,411,0.0023412919836118817,0.005156291997991502,671531008,0.0234375,0,42,49377964544b,49377964544b
235293ffcb748655,cifar100,ssb-v4,cnn,protocol-v6,0.4,0,10,5,2,20,412,0.0023720000172033906,0.0050927079282701015,671531008,0.015625,0,42,49377964544b,49377964544b
235293ffcb748655,cifar100,ssb-v4,cnn,protocol-v6,0.4,0,10,5,2,21,413,0.0023683749604970217,0.005242249928414822,673103872,0.046875,0,42,49377964544b,49377964544b
235293ffcb748655,cifar100,ssb-v4,cnn,protocol-v6,0.4,0,10,5,2,22,414,0.002365709049627185,0.005259042023681104,673103872,0.03125,0,42,49377964544b,49377964544b
235293ffcb748655,cifar100,ssb-v4,cnn,protocol-v6,0.4,0,10,5,2,23,415,0.002420875011011958,0.0052010000217705965,673103872,0.0390625,0,42,49377964544b,49377964544b
235293ffcb748655,cifar100,ssb-v4,cnn,protocol-v6,0.4,0,10,5,2,24,416,0.002391124959103763,0.005165625014342368,673103872,0.0546875,0,42,49377964544b,49377964544b
235293ffcb748655,cifar100,ssb-v4,cnn,protocol-v6,0.4,0,10,5,2,25,417,0.0023327089147642255,0.005175375030376017,673103872,0.046875,0,42,49377964544b,49377964544b
235293ffcb748655,cifar100,ssb-v4,cnn,protocol-v6,0.4,0,10,5,2,26,418,0.0023177909897640347,0.005167708033695817,673103872,0.078125,0,42,49377964544b,49377964544b
235293ffcb748655,cifar100,ssb-v4,cnn,protocol-v6,0.4,0,10,5,2,27,419,0.0023352080024778843,0.00519612489733845,673103872,0.0234375,0,42,49377964544b,49377964544b
235293ffcb748655,cifar100,ssb-v4,cnn,protocol-v6,0.4,0,10,5,2,28,420,0.0023388329427689314,0.005171915981918573,673103872,0.015625,1,43,49377964544b,faae294aed51
235293ffcb748655,cifar100,ssb-v4,cnn,protocol-v6,0.4,0,10,5,2,29,421,0.002355625038035214,0.005183584056794643,673103872,0.0390625,0,43,faae294aed51,faae294aed51
235293ffcb748655,cifar100,ssb-v4,cnn,protocol-v6,0.4,0,10,5,2,30,422,0.002359249978326261,0.005152625031769276,673120256,0.0234375,0,43,faae294aed51,faae294aed51
235293ffcb748655,cifar100,ssb-v4,cnn,protocol-v6,0.4,0,10,5,2,31,423,0.002344417036511004,0.005184874986298382,673120256,0.0390625,0,43,faae294aed51,faae294aed51
235293ffcb748655,cifar100,ssb-v4,cnn,protocol-v6,0.4,0,10,5,2,32,424,0.002288833959028125,0.00516887498088181,673120256,0.0625,0,43,faae294aed51,faae294aed51
235293ffcb748655,cifar100,ssb-v4,cnn,protocol-v6,0.4,0,10,5,2,33,425,0.0023155410308390856,0.005052249995060265,673120256,0.03125,0,43,faae294aed51,faae294aed51
235293ffcb748655,cifar100,ssb-v4,cnn,protocol-v6,0.4,0,10,5,2,34,426,0.002333209034986794,0.005164665984921157,673120256,0.046875,0,43,faae294aed51,faae294aed51
235293ffcb748655,cifar100,ssb-v4,cnn,protocol-v6,0.4,0,10,5,2,35,427,0.002260333043523133,0.005181791028007865,673120256,0.046875,0,43,faae294aed51,faae294aed51
235293ffcb748655,cifar100,ssb-v4,cnn,protocol-v6,0.4,0,10,5,2,36,428,0.002335167024284601,0.0051810829900205135,673120256,0.0234375,0,43,faae294aed51,faae294aed51
235293ffcb748655,cifar100,ssb-v4,cnn,protocol-v6,0.4,0,10,5,2,37,429,0.0023461250821128488,0.005156374885700643,673120256,0.046875,0,43,faae294aed51,faae294aed51
235293ffcb748655,cifar100,ssb-v4,cnn,protocol-v6,0.4,0,10,5,2,38,430,0.0023026670096442103,0.00517695804592222,673120256,0.046875,1,44,faae294aed51,cad949b1f970
235293ffcb748655,cifar100,ssb-v4,cnn,protocol-v6,0.4,0,10,5,2,39,431,0.0023550830082967877,0.005145041970536113,673120256,0.03125,0,44,cad949b1f970,cad949b1f970
235293ffcb748655,cifar100,ssb-v4,cnn,protocol-v6,0.4,0,10,5,2,40,432,0.002264374983496964,0.005174374906346202,673120256,0.015625,0,44,cad949b1f970,cad949b1f970
235293ffcb748655,cifar100,ssb-v4,cnn,protocol-v6,0.4,0,10,5,2,41,433,0.0023311669938266277,0.005155582912266254,673120256,0.015625,0,44,cad949b1f970,cad949b1f970
235293ffcb748655,cifar100,ssb-v4,cnn,protocol-v6,0.4,0,10,5,2,42,434,0.002344709006138146,0.005147916963323951,673120256,0.0390625,0,44,cad949b1f970,cad949b1f970
235293ffcb748655,cifar100,ssb-v4,cnn,protocol-v6,0.4,0,10,5,2,43,435,0.0023240000009536743,0.005119833047501743,673120256,0.03125,0,44,cad949b1f970,cad949b1f970
235293ffcb748655,cifar100,ssb-v4,cnn,protocol-v6,0.4,0,10,5,2,44,436,0.002412416972219944,0.005275374976918101,673120256,0.046875,0,44,cad949b1f970,cad949b1f970
235293ffcb748655,cifar100,ssb-v4,cnn,protocol-v6,0.4,0,10,5,2,45,437,0.002379000070504844,0.005198583006858826,673136640,0.0234375,0,44,cad949b1f970,cad949b1f970
235293ffcb748655,cifar100,ssb-v4,cnn,protocol-v6,0.4,0,10,5,2,46,438,0.0023586669703945518,0.0051763750379905105,673136640,0.046875,0,44,cad949b1f970,cad949b1f970
235293ffcb748655,cifar100,ssb-v4,cnn,protocol-v6,0.4,0,10,5,2,47,439,0.0023689159424975514,0.0051172919338569045,673136640,0.0390625,0,44,cad949b1f970,cad949b1f970
235293ffcb748655,cifar100,ssb-v4,cnn,protocol-v6,0.4,0,10,5,2,48,440,0.002369415946304798,0.005193165969103575,673136640,0.03125,1,45,cad949b1f970,413a55a2d245
235293ffcb748655,cifar100,ssb-v4,cnn,protocol-v6,0.4,0,10,5,2,49,441,0.0023323330096900463,0.005162541987374425,673136640,0.0546875,0,45,413a55a2d245,413a55a2d245
235293ffcb748655,cifar100,ssb-v4,cnn,protocol-v6,0.4,0,10,5,2,50,442,0.0023541669361293316,0.005167042021639645,673136640,0.0546875,0,45,413a55a2d245,413a55a2d245
235293ffcb748655,cifar100,ssb-v4,cnn,protocol-v6,0.4,0,10,5,2,51,443,0.0023181659635156393,0.005200959043577313,673136640,0.0546875,0,45,413a55a2d245,413a55a2d245
235293ffcb748655,cifar100,ssb-v4,cnn,protocol-v6,0.4,0,10,5,2,52,444,0.002331583993509412,0.0051289580296725035,673136640,0.046875,0,45,413a55a2d245,413a55a2d245
235293ffcb748655,cifar100,ssb-v4,cnn,protocol-v6,0.4,0,10,5,2,53,445,0.0022742499131709337,0.005147375050000846,673136640,0.078125,0,45,413a55a2d245,413a55a2d245
235293ffcb748655,cifar100,ssb-v4,cnn,protocol-v6,0.4,0,10,5,2,54,446,0.002311791991814971,0.0051543330773711205,673136640,0.0546875,0,45,413a55a2d245,413a55a2d245
235293ffcb748655,cifar100,ssb-v4,cnn,protocol-v6,0.4,0,10,5,2,55,447,0.0023224169854074717,0.0051854170160368085,673136640,0.0703125,0,45,413a55a2d245,413a55a2d245
235293ffcb748655,cifar100,ssb-v4,cnn,protocol-v6,0.4,0,10,5,2,56,448,0.0023342500207945704,0.005183040979318321,673136640,0.03125,0,45,413a55a2d245,413a55a2d245
235293ffcb748655,cifar100,ssb-v4,cnn,protocol-v6,0.4,0,10,5,2,57,449,0.0023023750400170684,0.005148082971572876,673136640,0.0546875,0,45,413a55a2d245,413a55a2d245
235293ffcb748655,cifar100,ssb-v4,cnn,protocol-v6,0.4,0,10,5,2,58,450,0.002341708983294666,0.005241833045147359,673136640,0.03125,1,46,413a55a2d245,090b8cc7aba1
235293ffcb748655,cifar100,ssb-v4,cnn,protocol-v6,0.4,0,10,5,2,59,451,0.0022914999863132834,0.005136082996614277,673136640,0.0390625,0,46,090b8cc7aba1,090b8cc7aba1
235293ffcb748655,cifar100,ssb-v4,cnn,protocol-v6,0.4,0,10,5,2,60,452,0.00236604199744761,0.005162458051927388,673136640,0.046875,0,46,090b8cc7aba1,090b8cc7aba1
235293ffcb748655,cifar100,ssb-v4,cnn,protocol-v6,0.4,0,10,5,2,61,453,0.0023507500300183892,0.005156666040420532,673136640,0.046875,0,46,090b8cc7aba1,090b8cc7aba1
235293ffcb748655,cifar100,ssb-v4,cnn,protocol-v6,0.4,0,10,5,2,62,454,0.002325334004126489,0.005130582954734564,673136640,0.0546875,0,46,090b8cc7aba1,090b8cc7aba1
235293ffcb748655,cifar100,ssb-v4,cnn,protocol-v6,0.4,0,10,5,2,63,455,0.00233783305156976,0.0051245830254629254,673136640,0.0390625,0,46,090b8cc7aba1,090b8cc7aba1
235293ffcb748655,cifar100,ssb-v4,cnn,protocol-v6,0.4,0,10,5,2,64,456,0.002339416998438537,0.005138166015967727,673136640,0.0234375,0,46,090b8cc7aba1,090b8cc7aba1
235293ffcb748655,cifar100,ssb-v4,cnn,protocol-v6,0.4,0,10,5,2,65,457,0.002333334065042436,0.0051437088986858726,673136640,0.0234375,0,46,090b8cc7aba1,090b8cc7aba1
235293ffcb748655,cifar100,ssb-v4,cnn,protocol-v6,0.4,0,10,5,2,66,458,0.00240379199385643,0.005149291013367474,673136640,0.03125,0,46,090b8cc7aba1,090b8cc7aba1
235293ffcb748655,cifar100,ssb-v4,cnn,protocol-v6,0.4,0,10,5,2,67,459,0.0023356250021606684,0.005117541993968189,673136640,0.0546875,0,46,090b8cc7aba1,090b8cc7aba1
235293ffcb748655,cifar100,ssb-v4,cnn,protocol-v6,0.4,0,10,5,2,68,460,0.0022928749676793814,0.005136957974173129,673136640,0.03125,1,47,090b8cc7aba1,0b9a937e90d6
235293ffcb748655,cifar100,ssb-v4,cnn,protocol-v6,0.4,0,10,5,2,69,461,0.002338125021196902,0.005110291996970773,673136640,0.0390625,0,47,0b9a937e90d6,0b9a937e90d6
235293ffcb748655,cifar100,ssb-v4,cnn,protocol-v6,0.4,0,10,5,2,70,462,0.0023195419926196337,0.005204916000366211,673136640,0.046875,0,47,0b9a937e90d6,0b9a937e90d6
235293ffcb748655,cifar100,ssb-v4,cnn,protocol-v6,0.4,0,10,5,2,71,463,0.0022786250337958336,0.0051449580350890756,673136640,0.03125,0,47,0b9a937e90d6,0b9a937e90d6
235293ffcb748655,cifar100,ssb-v4,cnn,protocol-v6,0.4,0,10,5,2,72,464,0.002298334031365812,0.00516287493519485,673153024,0.0234375,0,47,0b9a937e90d6,0b9a937e90d6
235293ffcb748655,cifar100,ssb-v4,cnn,protocol-v6,0.4,0,10,5,2,73,465,0.002314500045031309,0.005192084005102515,673153024,0.0390625,0,47,0b9a937e90d6,0b9a937e90d6
235293ffcb748655,cifar100,ssb-v4,cnn,protocol-v6,0.4,0,10,5,2,74,466,0.002343083033338189,0.005140584078617394,673153024,0.09375,0,47,0b9a937e90d6,0b9a937e90d6
235293ffcb748655,cifar100,ssb-v4,cnn,protocol-v6,0.4,0,10,5,2,75,467,0.0023410000139847398,0.0051383329555392265,673153024,0.0703125,0,47,0b9a937e90d6,0b9a937e90d6
235293ffcb748655,cifar100,ssb-v4,cnn,protocol-v6,0.4,0,10,5,2,76,468,0.00231858401093632,0.005149291013367474,673169408,0.078125,0,47,0b9a937e90d6,0b9a937e90d6
235293ffcb748655,cifar100,ssb-v4,cnn,protocol-v6,0.4,0,10,5,2,77,469,0.002289625001139939,0.005217583035118878,673169408,0.0703125,0,47,0b9a937e90d6,0b9a937e90d6
235293ffcb748655,cifar100,ssb-v4,cnn,protocol-v6,0.4,0,10,5,2,78,470,0.0023422500817105174,0.00513799989130348,673169408,0.03125,1,48,0b9a937e90d6,66ebca279729
235293ffcb748655,cifar100,ssb-v4,cnn,protocol-v6,0.4,0,10,5,2,79,471,0.0023519170936197042,0.005126332980580628,673185792,0.0625,0,48,66ebca279729,66ebca279729
235293ffcb748655,cifar100,ssb-v4,cnn,protocol-v6,0.4,0,10,5,2,80,472,0.0023407909320667386,0.005163458990864456,673185792,0.046875,0,48,66ebca279729,66ebca279729
235293ffcb748655,cifar100,ssb-v4,cnn,protocol-v6,0.4,0,10,5,2,81,473,0.0022942499490454793,0.005089959013275802,673185792,0.015625,0,48,66ebca279729,66ebca279729
235293ffcb748655,cifar100,ssb-v4,cnn,protocol-v6,0.4,0,10,5,2,82,474,0.002323166001588106,0.005105166928842664,673185792,0.0546875,0,48,66ebca279729,66ebca279729
235293ffcb748655,cifar100,ssb-v4,cnn,protocol-v6,0.4,0,10,5,2,83,475,0.0023499580565840006,0.005148874945007265,673185792,0.0390625,0,48,66ebca279729,66ebca279729
235293ffcb748655,cifar100,ssb-v4,cnn,protocol-v6,0.4,0,10,5,2,84,476,0.002355500007979572,0.005141541012562811,673185792,0.0625,0,48,66ebca279729,66ebca279729
235293ffcb748655,cifar100,ssb-v4,cnn,protocol-v6,0.4,0,10,5,2,85,477,0.0023229169892147183,0.005225167027674615,673185792,0.0390625,0,48,66ebca279729,66ebca279729
235293ffcb748655,cifar100,ssb-v4,cnn,protocol-v6,0.4,0,10,5,2,86,478,0.002331000054255128,0.005161375040188432,673185792,0.0390625,0,48,66ebca279729,66ebca279729
235293ffcb748655,cifar100,ssb-v4,cnn,protocol-v6,0.4,0,10,5,2,87,479,0.0023412919836118817,0.00516270799562335,673185792,0.0234375,0,48,66ebca279729,66ebca279729
235293ffcb748655,cifar100,ssb-v4,cnn,protocol-v6,0.4,0,10,5,2,88,480,0.0023444159887731075,0.005087084020487964,673185792,0.046875,1,49,66ebca279729,c7e51107420a
235293ffcb748655,cifar100,ssb-v4,cnn,protocol-v6,0.4,0,10,5,2,89,481,0.0023291660472750664,0.005307790939696133,673185792,0.03125,0,49,c7e51107420a,c7e51107420a
235293ffcb748655,cifar100,ssb-v4,cnn,protocol-v6,0.4,0,10,5,2,90,482,0.0023456669878214598,0.005161082954145968,673185792,0.0234375,0,49,c7e51107420a,c7e51107420a
235293ffcb748655,cifar100,ssb-v4,cnn,protocol-v6,0.4,0,10,5,2,91,483,0.0024106670171022415,0.005152917001396418,673202176,0.0390625,0,49,c7e51107420a,c7e51107420a
235293ffcb748655,cifar100,ssb-v4,cnn,protocol-v6,0.4,0,10,5,2,92,484,0.002448208979330957,0.005129750003106892,673202176,0.046875,0,49,c7e51107420a,c7e51107420a
235293ffcb748655,cifar100,ssb-v4,cnn,protocol-v6,0.4,0,10,5,2,93,485,0.0023287920048460364,0.005132292048074305,673202176,0.046875,0,49,c7e51107420a,c7e51107420a
235293ffcb748655,cifar100,ssb-v4,cnn,protocol-v6,0.4,0,10,5,2,94,486,0.002296708058565855,0.005154708051122725,673202176,0.03125,0,49,c7e51107420a,c7e51107420a
235293ffcb748655,cifar100,ssb-v4,cnn,protocol-v6,0.4,0,10,5,2,95,487,0.0023366250097751617,0.005134458071552217,673202176,0.03125,0,49,c7e51107420a,c7e51107420a
235293ffcb748655,cifar100,ssb-v4,cnn,protocol-v6,0.4,0,10,5,2,96,488,0.0023451249580830336,0.005154000013135374,673202176,0.0234375,0,49,c7e51107420a,c7e51107420a
235293ffcb748655,cifar100,ssb-v4,cnn,protocol-v6,0.4,0,10,5,2,97,489,0.0022825829219073057,0.005136791034601629,673202176,0.046875,0,49,c7e51107420a,c7e51107420a
235293ffcb748655,cifar100,ssb-v4,cnn,protocol-v6,0.4,0,10,5,2,98,490,0.002334207994863391,0.005140415974892676,673202176,0.0234375,1,50,c7e51107420a,be3861eabaf8
235293ffcb748655,cifar100,ssb-v4,cnn,protocol-v6,0.4,0,10,5,2,99,491,0.002346583059988916,0.0051920420955866575,673202176,0.03125,0,50,be3861eabaf8,be3861eabaf8
235293ffcb748655,cifar100,ssb-v4,cnn,protocol-v6,0.4,0,10,5,2,100,492,0.0023494589840993285,0.005265958025120199,673202176,0.0234375,0,50,be3861eabaf8,be3861eabaf8
235293ffcb748655,cifar100,ssb-v4,cnn,protocol-v6,0.4,0,10,5,2,101,493,0.002307582995854318,0.00514387502335012,673202176,0.03125,0,50,be3861eabaf8,be3861eabaf8
235293ffcb748655,cifar100,ssb-v4,cnn,protocol-v6,0.4,0,10,5,2,102,494,0.0023285829229280353,0.0051778750494122505,673202176,0.0390625,0,50,be3861eabaf8,be3861eabaf8
235293ffcb748655,cifar100,ssb-v4,cnn,protocol-v6,0.4,0,10,5,2,103,495,0.002332416013814509,0.005284041981212795,673202176,0.015625,0,50,be3861eabaf8,be3861eabaf8
235293ffcb748655,cifar100,ssb-v4,cnn,protocol-v6,0.4,0,10,5,2,104,496,0.002286040922626853,0.005118208006024361,673202176,0.0234375,0,50,be3861eabaf8,be3861eabaf8
235293ffcb748655,cifar100,ssb-v4,cnn,protocol-v6,0.4,0,10,5,2,105,497,0.0023256249260157347,0.005154124926775694,673202176,0.046875,0,50,be3861eabaf8,be3861eabaf8
235293ffcb748655,cifar100,ssb-v4,cnn,protocol-v6,0.4,0,10,5,2,106,498,0.002353499992750585,0.005192625103518367,673202176,0.0546875,0,50,be3861eabaf8,be3861eabaf8
235293ffcb748655,cifar100,ssb-v4,cnn,protocol-v6,0.4,0,10,5,2,107,499,0.0023803749354556203,0.0051198749570176005,673202176,0.0546875,0,50,be3861eabaf8,be3861eabaf8
235293ffcb748655,cifar100,ssb-v4,cnn,protocol-v6,0.4,0,10,5,2,108,500,0.0023799589835107327,0.005284999962896109,673202176,0.0390625,1,51,be3861eabaf8,502107a3212e
235293ffcb748655,cifar100,ssb-v4,cnn,protocol-v6,0.4,0,10,5,2,109,501,0.0023534580832347274,0.005162582965567708,673202176,0.03125,0,51,502107a3212e,502107a3212e
235293ffcb748655,cifar100,ssb-v4,cnn,protocol-v6,0.4,0,10,5,2,110,502,0.0023522500414401293,0.005167166935279965,673202176,0.015625,0,51,502107a3212e,502107a3212e
235293ffcb748655,cifar100,ssb-v4,cnn,protocol-v6,0.4,0,10,5,2,111,503,0.0022730419877916574,0.0051260830368846655,673202176,0.015625,0,51,502107a3212e,502107a3212e
235293ffcb748655,cifar100,ssb-v4,cnn,protocol-v6,0.4,0,10,5,2,112,504,0.0023177909897640347,0.005147917079739273,673202176,0.03125,0,51,502107a3212e,502107a3212e
235293ffcb748655,cifar100,ssb-v4,cnn,protocol-v6,0.4,0,10,5,2,113,505,0.0022884580539539456,0.005124457995407283,673202176,0.015625,0,51,502107a3212e,502107a3212e
235293ffcb748655,cifar100,ssb-v4,cnn,protocol-v6,0.4,0,10,5,2,114,506,0.0023239169968292117,0.005119125009514391,673218560,0.046875,0,51,502107a3212e,502107a3212e
235293ffcb748655,cifar100,ssb-v4,cnn,protocol-v6,0.4,0,10,5,2,115,507,0.0023198749404400587,0.005119374953210354,673218560,0.046875,0,51,502107a3212e,502107a3212e
235293ffcb748655,cifar100,ssb-v4,cnn,protocol-v6,0.4,0,10,5,2,116,508,0.002338334103114903,0.005164416041225195,673218560,0.078125,0,51,502107a3212e,502107a3212e
235293ffcb748655,cifar100,ssb-v4,cnn,protocol-v6,0.4,0,10,5,2,117,509,0.0023944999556988478,0.005137583008036017,673218560,0.03125,0,51,502107a3212e,502107a3212e
235293ffcb748655,cifar100,ssb-v4,cnn,protocol-v6,0.4,0,10,5,2,118,510,0.002321957959793508,0.005144166061654687,673218560,0.0390625,1,52,502107a3212e,c4dea629a48f
235293ffcb748655,cifar100,ssb-v4,cnn,protocol-v6,0.4,0,10,5,2,119,511,0.0022889579413458705,0.005126290954649448,673218560,0.03125,0,52,c4dea629a48f,c4dea629a48f
235293ffcb748655,cifar100,ssb-v4,cnn,protocol-v6,0.4,0,10,5,2,120,512,0.002339625032618642,0.00516125001013279,673234944,0.0625,0,52,c4dea629a48f,c4dea629a48f
235293ffcb748655,cifar100,ssb-v4,cnn,protocol-v6,0.4,0,10,5,2,121,513,0.0023355419980362058,0.005239582969807088,673234944,0.0703125,0,52,c4dea629a48f,c4dea629a48f
235293ffcb748655,cifar100,ssb-v4,cnn,protocol-v6,0.4,0,10,5,2,122,514,0.002340334001928568,0.0051340420031920075,673234944,0.046875,0,52,c4dea629a48f,c4dea629a48f
235293ffcb748655,cifar100,ssb-v4,cnn,protocol-v6,0.4,0,10,5,2,123,515,0.0023502500262111425,0.005153374979272485,673234944,0.0390625,0,52,c4dea629a48f,c4dea629a48f
235293ffcb748655,cifar100,ssb-v4,cnn,protocol-v6,0.4,0,10,5,2,124,516,0.0023567909374833107,0.005096958018839359,673234944,0.078125,0,52,c4dea629a48f,c4dea629a48f
235293ffcb748655,cifar100,ssb-v4,cnn,protocol-v6,0.4,0,10,5,2,125,517,0.0023579170228913426,0.0051010409370064735,673234944,0.0546875,0,52,c4dea629a48f,c4dea629a48f
235293ffcb748655,cifar100,ssb-v4,cnn,protocol-v6,0.4,0,10,5,2,126,518,0.0022751669166609645,0.005116749904118478,673234944,0.0546875,0,52,c4dea629a48f,c4dea629a48f
235293ffcb748655,cifar100,ssb-v4,cnn,protocol-v6,0.4,0,10,5,2,127,519,0.002349124988541007,0.005163250025361776,673234944,0.015625,0,52,c4dea629a48f,c4dea629a48f
235293ffcb748655,cifar100,ssb-v4,cnn,protocol-v6,0.4,0,10,5,2,128,520,0.002294834004715085,0.005136583000421524,673234944,0.078125,1,53,c4dea629a48f,5da781ec2af1
235293ffcb748655,cifar100,ssb-v4,cnn,protocol-v6,0.4,0,10,5,2,129,521,0.002330666990019381,0.0051459589740261436,673234944,0.0234375,0,53,5da781ec2af1,5da781ec2af1
235293ffcb748655,cifar100,ssb-v4,cnn,protocol-v6,0.4,0,10,5,2,130,522,0.002348333946429193,0.0051409159786999226,673234944,0.015625,0,53,5da781ec2af1,5da781ec2af1
235293ffcb748655,cifar100,ssb-v4,cnn,protocol-v6,0.4,0,10,5,2,131,523,0.0023248750949278474,0.005151915946044028,673234944,0.0,0,53,5da781ec2af1,5da781ec2af1
235293ffcb748655,cifar100,ssb-v4,cnn,protocol-v6,0.4,0,10,5,2,132,524,0.0023102920968085527,0.005080415983684361,673251328,0.0390625,0,53,5da781ec2af1,5da781ec2af1
235293ffcb748655,cifar100,ssb-v4,cnn,protocol-v6,0.4,0,10,5,2,133,525,0.002299417043104768,0.005128415999934077,673251328,0.0546875,0,53,5da781ec2af1,5da781ec2af1
235293ffcb748655,cifar100,ssb-v4,cnn,protocol-v6,0.4,0,10,5,2,134,526,0.0023170000640675426,0.005163665977306664,673251328,0.0625,0,53,5da781ec2af1,5da781ec2af1
235293ffcb748655,cifar100,ssb-v4,cnn,protocol-v6,0.4,0,10,5,2,135,527,0.0023245839402079582,0.0051311670104041696,673251328,0.0390625,0,53,5da781ec2af1,5da781ec2af1
235293ffcb748655,cifar100,ssb-v4,cnn,protocol-v6,0.4,0,10,5,2,136,528,0.0023197500267997384,0.005146083072759211,673251328,0.0234375,0,53,5da781ec2af1,5da781ec2af1
235293ffcb748655,cifar100,ssb-v4,cnn,protocol-v6,0.4,0,10,5,2,137,529,0.0023343339562416077,0.0051334170857444406,673251328,0.03125,0,53,5da781ec2af1,5da781ec2af1
235293ffcb748655,cifar100,ssb-v4,cnn,protocol-v6,0.4,0,10,5,2,138,530,0.0023247499484568834,0.005134999984875321,673251328,0.0546875,1,54,5da781ec2af1,5cb5eaa6b577
235293ffcb748655,cifar100,ssb-v4,cnn,protocol-v6,0.4,0,10,5,2,139,531,0.0023510000901296735,0.005144541966728866,673251328,0.0234375,0,54,5cb5eaa6b577,5cb5eaa6b577
235293ffcb748655,cifar100,ssb-v4,cnn,protocol-v6,0.4,0,10,5,2,140,532,0.00233029096852988,0.005163874942809343,673251328,0.0234375,0,54,5cb5eaa6b577,5cb5eaa6b577
235293ffcb748655,cifar100,ssb-v4,cnn,protocol-v6,0.4,0,10,5,2,141,533,0.0023615420795977116,0.005126874893903732,673251328,0.0859375,0,54,5cb5eaa6b577,5cb5eaa6b577
235293ffcb748655,cifar100,ssb-v4,cnn,protocol-v6,0.4,0,10,5,2,142,534,0.002308291965164244,0.005158540909178555,673251328,0.0234375,0,54,5cb5eaa6b577,5cb5eaa6b577
235293ffcb748655,cifar100,ssb-v4,cnn,protocol-v6,0.4,0,10,5,2,143,535,0.0023430000292137265,0.005188249982893467,673251328,0.03125,0,54,5cb5eaa6b577,5cb5eaa6b577
235293ffcb748655,cifar100,ssb-v4,cnn,protocol-v6,0.4,0,10,5,2,144,536,0.0023278750013560057,0.005150208016857505,673251328,0.0234375,0,54,5cb5eaa6b577,5cb5eaa6b577
235293ffcb748655,cifar100,ssb-v4,cnn,protocol-v6,0.4,0,10,5,2,145,537,0.0023049169685691595,0.005289416993036866,673251328,0.03125,0,54,5cb5eaa6b577,5cb5eaa6b577
235293ffcb748655,cifar100,ssb-v4,cnn,protocol-v6,0.4,0,10,5,2,146,538,0.0023103340063244104,0.005146625102497637,673267712,0.0703125,0,54,5cb5eaa6b577,5cb5eaa6b577
235293ffcb748655,cifar100,ssb-v4,cnn,protocol-v6,0.4,0,10,5,2,147,539,0.0023479999508708715,0.005156124942004681,673267712,0.046875,0,54,5cb5eaa6b577,5cb5eaa6b577
235293ffcb748655,cifar100,ssb-v4,cnn,protocol-v6,0.4,0,10,5,2,148,540,0.00232812506146729,0.0051448330050334334,673267712,0.015625,1,55,5cb5eaa6b577,646c5dc22fe0
235293ffcb748655,cifar100,ssb-v4,cnn,protocol-v6,0.4,0,10,5,2,149,541,0.002356124925427139,0.005153083009645343,673267712,0.0078125,0,55,646c5dc22fe0,646c5dc22fe0
235293ffcb748655,cifar100,ssb-v4,cnn,protocol-v6,0.4,0,10,5,2,150,542,0.0023396669421344995,0.005150542012415826,673267712,0.0234375,0,55,646c5dc22fe0,646c5dc22fe0
235293ffcb748655,cifar100,ssb-v4,cnn,protocol-v6,0.4,0,10,5,2,151,543,0.00232512503862381,0.005133958999067545,673284096,0.0546875,0,55,646c5dc22fe0,646c5dc22fe0
235293ffcb748655,cifar100,ssb-v4,cnn,protocol-v6,0.4,0,10,5,2,152,544,0.002264791983179748,0.005135542014613748,673284096,0.046875,0,55,646c5dc22fe0,646c5dc22fe0
235293ffcb748655,cifar100,ssb-v4,cnn,protocol-v6,0.4,0,10,5,2,153,545,0.002360166050493717,0.005113249993883073,673300480,0.046875,0,55,646c5dc22fe0,646c5dc22fe0
235293ffcb748655,cifar100,ssb-v4,cnn,protocol-v6,0.4,0,10,5,2,154,546,0.0023395830066874623,0.005135249928571284,673300480,0.0390625,0,55,646c5dc22fe0,646c5dc22fe0
235293ffcb748655,cifar100,ssb-v4,cnn,protocol-v6,0.4,0,10,5,2,155,547,0.00228229200001806,0.005146458046510816,673300480,0.03125,0,55,646c5dc22fe0,646c5dc22fe0
235293ffcb748655,cifar100,ssb-v4,cnn,protocol-v6,0.4,0,10,5,2,156,548,0.002333790995180607,0.005137041909620166,673300480,0.0390625,0,55,646c5dc22fe0,646c5dc22fe0
235293ffcb748655,cifar100,ssb-v4,cnn,protocol-v6,0.4,0,10,5,2,157,549,0.0023319999454542994,0.0051662500482052565,673300480,0.0390625,0,55,646c5dc22fe0,646c5dc22fe0
235293ffcb748655,cifar100,ssb-v4,cnn,protocol-v6,0.4,0,10,5,2,158,550,0.0022897919407114387,0.005161084001883864,673316864,0.0625,1,56,646c5dc22fe0,70b28f60180e
235293ffcb748655,cifar100,ssb-v4,cnn,protocol-v6,0.4,0,10,5,2,159,551,0.0023506670258939266,0.005112041952088475,673316864,0.09375,0,56,70b28f60180e,70b28f60180e
235293ffcb748655,cifar100,ssb-v4,cnn,protocol-v6,0.4,0,10,5,2,160,552,0.002382499980740249,0.005172624951228499,673316864,0.046875,0,56,70b28f60180e,70b28f60180e
235293ffcb748655,cifar100,ssb-v4,cnn,protocol-v6,0.4,0,10,5,2,161,553,0.0023083749692887068,0.005131542100571096,673316864,0.015625,0,56,70b28f60180e,70b28f60180e
235293ffcb748655,cifar100,ssb-v4,cnn,protocol-v6,0.4,0,10,5,2,162,554,0.0023455419577658176,0.005154332960955799,673316864,0.046875,0,56,70b28f60180e,70b28f60180e
235293ffcb748655,cifar100,ssb-v4,cnn,protocol-v6,0.4,0,10,5,2,163,555,0.002340042032301426,0.0051455419743433595,673316864,0.078125,0,56,70b28f60180e,70b28f60180e
235293ffcb748655,cifar100,ssb-v4,cnn,protocol-v6,0.4,0,10,5,2,164,556,0.0023450839798897505,0.005171166965737939,673316864,0.078125,0,56,70b28f60180e,70b28f60180e
235293ffcb748655,cifar100,ssb-v4,cnn,protocol-v6,0.4,0,10,5,2,165,557,0.0023302920162677765,0.005153082893230021,673316864,0.0234375,0,56,70b28f60180e,70b28f60180e
235293ffcb748655,cifar100,ssb-v4,cnn,protocol-v6,0.4,0,10,5,2,166,558,0.0024500000290572643,0.005154625046998262,673316864,0.0625,0,56,70b28f60180e,70b28f60180e
235293ffcb748655,cifar100,ssb-v4,cnn,protocol-v6,0.4,0,10,5,2,167,559,0.0023524999851360917,0.005176334059797227,673316864,0.03125,0,56,70b28f60180e,70b28f60180e
235293ffcb748655,cifar100,ssb-v4,cnn,protocol-v6,0.4,0,10,5,2,168,560,0.002342000021599233,0.0051260830368846655,673316864,0.046875,1,57,70b28f60180e,2870c2e81b3d
235293ffcb748655,cifar100,ssb-v4,cnn,protocol-v6,0.4,0,10,5,2,169,561,0.0022985839750617743,0.005122333997860551,673316864,0.03125,0,57,2870c2e81b3d,2870c2e81b3d
235293ffcb748655,cifar100,ssb-v4,cnn,protocol-v6,0.4,0,10,5,2,170,562,0.002340041915886104,0.005160665954463184,673316864,0.015625,0,57,2870c2e81b3d,2870c2e81b3d
235293ffcb748655,cifar100,ssb-v4,cnn,protocol-v6,0.4,0,10,5,2,171,563,0.0023347079986706376,0.005142458016052842,673316864,0.0234375,0,57,2870c2e81b3d,2870c2e81b3d
235293ffcb748655,cifar100,ssb-v4,cnn,protocol-v6,0.4,0,10,5,2,172,564,0.0022799159632995725,0.0051520830020308495,673316864,0.0546875,0,57,2870c2e81b3d,2870c2e81b3d
235293ffcb748655,cifar100,ssb-v4,cnn,protocol-v6,0.4,0,10,5,2,173,565,0.0023355419980362058,0.005125832976773381,673316864,0.03125,0,57,2870c2e81b3d,2870c2e81b3d
235293ffcb748655,cifar100,ssb-v4,cnn,protocol-v6,0.4,0,10,5,2,174,566,0.0023228329373523593,0.00520662497729063,673316864,0.0546875,0,57,2870c2e81b3d,2870c2e81b3d
235293ffcb748655,cifar100,ssb-v4,cnn,protocol-v6,0.4,0,10,5,2,175,567,0.0022777909180149436,0.005148999975062907,673316864,0.0234375,0,57,2870c2e81b3d,2870c2e81b3d
235293ffcb748655,cifar100,ssb-v4,cnn,protocol-v6,0.4,0,10,5,2,176,568,0.0022760420106351376,0.005122832953929901,673316864,0.0390625,0,57,2870c2e81b3d,2870c2e81b3d
235293ffcb748655,cifar100,ssb-v4,cnn,protocol-v6,0.4,0,10,5,2,177,569,0.002327582915313542,0.00514083297457546,673316864,0.0859375,0,57,2870c2e81b3d,2870c2e81b3d
235293ffcb748655,cifar100,ssb-v4,cnn,protocol-v6,0.4,0,10,5,2,178,570,0.002287916955538094,0.005131457932293415,673316864,0.046875,1,58,2870c2e81b3d,3b2cbc0f7c07
235293ffcb748655,cifar100,ssb-v4,cnn,protocol-v6,0.4,0,10,5,2,179,571,0.002340832957997918,0.005125249968841672,673316864,0.03125,0,58,3b2cbc0f7c07,3b2cbc0f7c07
235293ffcb748655,cifar100,ssb-v4,cnn,protocol-v6,0.4,0,10,5,2,180,572,0.0023553749779239297,0.005149957956746221,673316864,0.0625,0,58,3b2cbc0f7c07,3b2cbc0f7c07
235293ffcb748655,cifar100,ssb-v4,cnn,protocol-v6,0.4,0,10,5,2,181,573,0.0023044999688863754,0.005135249928571284,673333248,0.0625,0,58,3b2cbc0f7c07,3b2cbc0f7c07
235293ffcb748655,cifar100,ssb-v4,cnn,protocol-v6,0.4,0,10,5,2,182,574,0.002341542043723166,0.005175958038307726,673333248,0.015625,0,58,3b2cbc0f7c07,3b2cbc0f7c07
235293ffcb748655,cifar100,ssb-v4,cnn,protocol-v6,0.4,0,10,5,2,183,575,0.002340707927942276,0.005149374948814511,673333248,0.0625,0,58,3b2cbc0f7c07,3b2cbc0f7c07
235293ffcb748655,cifar100,ssb-v4,cnn,protocol-v6,0.4,0,10,5,2,184,576,0.0022921659983694553,0.005146291921846569,673333248,0.0390625,0,58,3b2cbc0f7c07,3b2cbc0f7c07
235293ffcb748655,cifar100,ssb-v4,cnn,protocol-v6,0.4,0,10,5,2,185,577,0.002408041968010366,0.005157458013854921,673333248,0.046875,0,58,3b2cbc0f7c07,3b2cbc0f7c07
235293ffcb748655,cifar100,ssb-v4,cnn,protocol-v6,0.4,0,10,5,2,186,578,0.0023487909929826856,0.005157833104021847,673333248,0.0390625,0,58,3b2cbc0f7c07,3b2cbc0f7c07
235293ffcb748655,cifar100,ssb-v4,cnn,protocol-v6,0.4,0,10,5,2,187,579,0.0022949581034481525,0.005157999927178025,673349632,0.03125,0,58,3b2cbc0f7c07,3b2cbc0f7c07
235293ffcb748655,cifar100,ssb-v4,cnn,protocol-v6,0.4,0,10,5,2,188,580,0.0023298749001696706,0.0051299999468028545,673349632,0.0390625,1,59,3b2cbc0f7c07,1eb91f9acda6
235293ffcb748655,cifar100,ssb-v4,cnn,protocol-v6,0.4,0,10,5,2,189,581,0.0023286669747903943,0.005120375077240169,673349632,0.046875,0,59,1eb91f9acda6,1eb91f9acda6
235293ffcb748655,cifar100,ssb-v4,cnn,protocol-v6,0.4,0,10,5,2,190,582,0.002281041000969708,0.005132957943715155,673349632,0.046875,0,59,1eb91f9acda6,1eb91f9acda6
235293ffcb748655,cifar100,ssb-v4,cnn,protocol-v6,0.4,0,10,5,2,191,583,0.0023250830126926303,0.005110000027343631,673349632,0.015625,0,59,1eb91f9acda6,1eb91f9acda6
235293ffcb748655,cifar100,ssb-v4,cnn,protocol-v6,0.4,0,10,5,2,192,584,0.00233795796521008,0.005194208933971822,673349632,0.0546875,0,59,1eb91f9acda6,1eb91f9acda6
235293ffcb748655,cifar100,ssb-v4,cnn,protocol-v6,0.4,0,10,5,2,193,585,0.002317707985639572,0.005167499999515712,673349632,0.0546875,0,59,1eb91f9acda6,1eb91f9acda6
235293ffcb748655,cifar100,ssb-v4,cnn,protocol-v6,0.4,0,10,5,2,194,586,0.002286209026351571,0.005126832984387875,673366016,0.0390625,0,59,1eb91f9acda6,1eb91f9acda6
235293ffcb748655,cifar100,ssb-v4,cnn,protocol-v6,0.4,0,10,5,2,195,587,0.002316625090315938,0.005142249981872737,673366016,0.0390625,0,59,1eb91f9acda6,1eb91f9acda6
235293ffcb748655,cifar100,ssb-v4,cnn,protocol-v6,0.4,0,10,5,2,196,588,0.002266917028464377,0.005154584068804979,673366016,0.0625,0,59,1eb91f9acda6,1eb91f9acda6
235293ffcb748655,cifar100,ssb-v4,cnn,protocol-v6,0.4,0,10,5,2,197,589,0.002323333057574928,0.005165875074453652,673366016,0.078125,0,59,1eb91f9acda6,1eb91f9acda6
235293ffcb748655,cifar100,ssb-v4,cnn,protocol-v6,0.4,0,10,5,2,198,590,0.0022840419551357627,0.00513862504158169,673366016,0.046875,1,60,1eb91f9acda6,e3696b5c4c93
235293ffcb748655,cifar100,ssb-v4,cnn,protocol-v6,0.4,0,10,5,2,199,591,0.0023358329199254513,0.005139000015333295,673366016,0.03125,0,60,e3696b5c4c93,e3696b5c4c93
235293ffcb748655,cifar100,ssb-v4,cnn,protocol-v6,0.4,0,10,5,2,200,592,0.0023295829305425286,0.0051806659903377295,673366016,0.03125,0,60,e3696b5c4c93,e3696b5c4c93
235293ffcb748655,cifar100,ssb-v4,cnn,protocol-v6,0.4,0,10,5,2,201,593,0.0023465000558644533,0.005104333977214992,673366016,0.0390625,0,60,e3696b5c4c93,e3696b5c4c93
235293ffcb748655,cifar100,ssb-v4,cnn,protocol-v6,0.4,0,10,5,2,202,594,0.002343582920730114,0.005352832959033549,673366016,0.0546875,0,60,e3696b5c4c93,e3696b5c4c93
235293ffcb748655,cifar100,ssb-v4,cnn,protocol-v6,0.4,0,10,5,2,203,595,0.002327415975742042,0.005125374998897314,673366016,0.046875,0,60,e3696b5c4c93,e3696b5c4c93
235293ffcb748655,cifar100,ssb-v4,cnn,protocol-v6,0.4,0,10,5,2,204,596,0.0023535420186817646,0.005133124999701977,673366016,0.046875,0,60,e3696b5c4c93,e3696b5c4c93
235293ffcb748655,cifar100,ssb-v4,cnn,protocol-v6,0.4,0,10,5,2,205,597,0.002407624968327582,0.005152583005838096,673366016,0.0390625,0,60,e3696b5c4c93,e3696b5c4c93
235293ffcb748655,cifar100,ssb-v4,cnn,protocol-v6,0.4,0,10,5,2,206,598,0.0023415000177919865,0.005148249911144376,673366016,0.03125,0,60,e3696b5c4c93,e3696b5c4c93
235293ffcb748655,cifar100,ssb-v4,cnn,protocol-v6,0.4,0,10,5,2,207,599,0.002341542043723166,0.005084333010017872,673366016,0.0390625,0,60,e3696b5c4c93,e3696b5c4c93
235293ffcb748655,cifar100,ssb-v4,cnn,protocol-v6,0.4,0,10,5,2,208,600,0.0023292499827221036,0.0051654999842867255,673382400,0.0859375,1,61,e3696b5c4c93,8c040800d8c1
235293ffcb748655,cifar100,ssb-v4,cnn,protocol-v6,0.4,0,10,5,2,209,601,0.002330541959963739,0.005089791025966406,673382400,0.046875,0,61,8c040800d8c1,8c040800d8c1
235293ffcb748655,cifar100,ssb-v4,cnn,protocol-v6,0.4,0,10,5,2,210,602,0.0023394590243697166,0.0051709170220419765,673382400,0.078125,0,61,8c040800d8c1,8c040800d8c1
235293ffcb748655,cifar100,ssb-v4,cnn,protocol-v6,0.4,0,10,5,2,211,603,0.002275708015076816,0.005181833985261619,673398784,0.0546875,0,61,8c040800d8c1,8c040800d8c1
235293ffcb748655,cifar100,ssb-v4,cnn,protocol-v6,0.4,0,10,5,2,212,604,0.0023163750302046537,0.005142041947692633,673398784,0.015625,0,61,8c040800d8c1,8c040800d8c1
235293ffcb748655,cifar100,ssb-v4,cnn,protocol-v6,0.4,0,10,5,2,213,605,0.002301416010595858,0.005115333013236523,673398784,0.0625,0,61,8c040800d8c1,8c040800d8c1
235293ffcb748655,cifar100,ssb-v4,cnn,protocol-v6,0.4,0,10,5,2,214,606,0.0022821249440312386,0.005133750033564866,673398784,0.0078125,0,61,8c040800d8c1,8c040800d8c1
235293ffcb748655,cifar100,ssb-v4,cnn,protocol-v6,0.4,0,10,5,2,215,607,0.0023130830377340317,0.005144709022715688,673398784,0.0625,0,61,8c040800d8c1,8c040800d8c1
235293ffcb748655,cifar100,ssb-v4,cnn,protocol-v6,0.4,0,10,5,2,216,608,0.002278833999298513,0.005141208064742386,673398784,0.0703125,0,61,8c040800d8c1,8c040800d8c1
235293ffcb748655,cifar100,ssb-v4,cnn,protocol-v6,0.4,0,10,5,2,217,609,0.0023339170729741454,0.005142834037542343,673398784,0.078125,0,61,8c040800d8c1,8c040800d8c1
235293ffcb748655,cifar100,ssb-v4,cnn,protocol-v6,0.4,0,10,5,2,218,610,0.0023199589923024178,0.005121166934259236,673415168,0.046875,1,62,8c040800d8c1,2aef2a6df8a7
235293ffcb748655,cifar100,ssb-v4,cnn,protocol-v6,0.4,0,10,5,2,219,611,0.002333416952751577,0.0051464170683175325,673415168,0.0390625,0,62,2aef2a6df8a7,2aef2a6df8a7
235293ffcb748655,cifar100,ssb-v4,cnn,protocol-v6,0.4,0,10,5,2,220,612,0.002335874945856631,0.005144499940797687,673415168,0.0390625,0,62,2aef2a6df8a7,2aef2a6df8a7
235293ffcb748655,cifar100,ssb-v4,cnn,protocol-v6,0.4,0,10,5,2,221,613,0.0023301669862121344,0.005132916965521872,673415168,0.0390625,0,62,2aef2a6df8a7,2aef2a6df8a7
235293ffcb748655,cifar100,ssb-v4,cnn,protocol-v6,0.4,0,10,5,2,222,614,0.0024495830293744802,0.0051408750005066395,673415168,0.0546875,0,62,2aef2a6df8a7,2aef2a6df8a7
235293ffcb748655,cifar100,ssb-v4,cnn,protocol-v6,0.4,0,10,5,2,223,615,0.0023410000139847398,0.005119375069625676,673415168,0.03125,0,62,2aef2a6df8a7,2aef2a6df8a7
235293ffcb748655,cifar100,ssb-v4,cnn,protocol-v6,0.4,0,10,5,2,224,616,0.0023352919379249215,0.005122540984302759,673415168,0.046875,0,62,2aef2a6df8a7,2aef2a6df8a7
235293ffcb748655,cifar100,ssb-v4,cnn,protocol-v6,0.4,0,10,5,2,225,617,0.0023181670112535357,0.0052182909566909075,673415168,0.0390625,0,62,2aef2a6df8a7,2aef2a6df8a7
235293ffcb748655,cifar100,ssb-v4,cnn,protocol-v6,0.4,0,10,5,2,226,618,0.00234412495046854,0.005146166076883674,673415168,0.0546875,0,62,2aef2a6df8a7,2aef2a6df8a7
235293ffcb748655,cifar100,ssb-v4,cnn,protocol-v6,0.4,0,10,5,2,227,619,0.0023321249755099416,0.005141666973941028,673415168,0.0625,0,62,2aef2a6df8a7,2aef2a6df8a7
235293ffcb748655,cifar100,ssb-v4,cnn,protocol-v6,0.4,0,10,5,2,228,620,0.002278416999615729,0.005138666019774973,673415168,0.0703125,1,63,2aef2a6df8a7,37025ab2b6ab
235293ffcb748655,cifar100,ssb-v4,cnn,protocol-v6,0.4,0,10,5,2,229,621,0.0023258329601958394,0.005133916973136365,673415168,0.03125,0,63,37025ab2b6ab,37025ab2b6ab
235293ffcb748655,cifar100,ssb-v4,cnn,protocol-v6,0.4,0,10,5,2,230,622,0.002343208994716406,0.005149125005118549,673415168,0.0390625,0,63,37025ab2b6ab,37025ab2b6ab
235293ffcb748655,cifar100,ssb-v4,cnn,protocol-v6,0.4,0,10,5,2,231,623,0.0023955838987603784,0.005132207996211946,673415168,0.0625,0,63,37025ab2b6ab,37025ab2b6ab
235293ffcb748655,cifar100,ssb-v4,cnn,protocol-v6,0.4,0,10,5,2,232,624,0.0023442090023308992,0.005145624978467822,673415168,0.0390625,0,63,37025ab2b6ab,37025ab2b6ab
235293ffcb748655,cifar100,ssb-v4,cnn,protocol-v6,0.4,0,10,5,2,233,625,0.002329082926735282,0.005146124982275069,673415168,0.0703125,0,63,37025ab2b6ab,37025ab2b6ab
235293ffcb748655,cifar100,ssb-v4,cnn,protocol-v6,0.4,0,10,5,2,234,626,0.002275582985021174,0.0051502499263733625,673415168,0.125,0,63,37025ab2b6ab,37025ab2b6ab
235293ffcb748655,cifar100,ssb-v4,cnn,protocol-v6,0.4,0,10,5,2,235,627,0.0023384169908240438,0.005139125045388937,673415168,0.0390625,0,63,37025ab2b6ab,37025ab2b6ab
235293ffcb748655,cifar100,ssb-v4,cnn,protocol-v6,0.4,0,10,5,2,236,628,0.002320542000234127,0.005080250091850758,673415168,0.0546875,0,63,37025ab2b6ab,37025ab2b6ab
235293ffcb748655,cifar100,ssb-v4,cnn,protocol-v6,0.4,0,10,5,2,237,629,0.0022839169250801206,0.005129875033162534,673415168,0.0703125,0,63,37025ab2b6ab,37025ab2b6ab
235293ffcb748655,cifar100,ssb-v4,cnn,protocol-v6,0.4,0,10,5,2,238,630,0.0023272500839084387,0.005136291030794382,673415168,0.03125,1,64,37025ab2b6ab,dbfad47098b8
235293ffcb748655,cifar100,ssb-v4,cnn,protocol-v6,0.4,0,10,5,2,239,631,0.002332083065994084,0.005186666967347264,673415168,0.0546875,0,64,dbfad47098b8,dbfad47098b8
235293ffcb748655,cifar100,ssb-v4,cnn,protocol-v6,0.4,0,10,5,2,240,632,0.0022908749524503946,0.00512741704005748,673431552,0.0234375,0,64,dbfad47098b8,dbfad47098b8
235293ffcb748655,cifar100,ssb-v4,cnn,protocol-v6,0.4,0,10,5,2,241,633,0.002332167001441121,0.005112707964144647,673431552,0.0234375,0,64,dbfad47098b8,dbfad47098b8
235293ffcb748655,cifar100,ssb-v4,cnn,protocol-v6,0.4,0,10,5,2,242,634,0.0023416660260409117,0.00519749999511987,673431552,0.0625,0,64,dbfad47098b8,dbfad47098b8
235293ffcb748655,cifar100,ssb-v4,cnn,protocol-v6,0.4,0,10,5,2,243,635,0.002304875059053302,0.00517037499230355,673447936,0.0390625,0,64,dbfad47098b8,dbfad47098b8
235293ffcb748655,cifar100,ssb-v4,cnn,protocol-v6,0.4,0,10,5,2,244,636,0.002280708053149283,0.005154166952706873,673464320,0.046875,0,64,dbfad47098b8,dbfad47098b8
235293ffcb748655,cifar100,ssb-v4,cnn,protocol-v6,0.4,0,10,5,2,245,637,0.0023353329161182046,0.005129833938553929,673464320,0.03125,0,64,dbfad47098b8,dbfad47098b8
235293ffcb748655,cifar100,ssb-v4,cnn,protocol-v6,0.4,0,10,5,2,246,638,0.002364250016398728,0.005139832966960967,673464320,0.03125,0,64,dbfad47098b8,dbfad47098b8
235293ffcb748655,cifar100,ssb-v4,cnn,protocol-v6,0.4,0,10,5,2,247,639,0.002328583039343357,0.005132458987645805,673464320,0.0703125,0,64,dbfad47098b8,dbfad47098b8
235293ffcb748655,cifar100,ssb-v4,cnn,protocol-v6,0.4,0,10,5,2,248,640,0.0023172079818323255,0.005126000032760203,673464320,0.046875,1,65,dbfad47098b8,4367c586f1e3
235293ffcb748655,cifar100,ssb-v4,cnn,protocol-v6,0.4,0,10,5,2,249,641,0.0023924580309540033,0.005115541047416627,673464320,0.0546875,0,65,4367c586f1e3,4367c586f1e3
235293ffcb748655,cifar100,ssb-v4,cnn,protocol-v6,0.4,0,10,5,2,250,642,0.0023866250412538648,0.0051263339119032025,673480704,0.03125,0,65,4367c586f1e3,4367c586f1e3
235293ffcb748655,cifar100,ssb-v4,cnn,protocol-v6,0.4,0,10,5,2,251,643,0.002332833013497293,0.005150833050720394,673480704,0.0546875,0,65,4367c586f1e3,4367c586f1e3
235293ffcb748655,cifar100,ssb-v4,cnn,protocol-v6,0.4,0,10,5,2,252,644,0.0023230829974636436,0.0051071669440716505,673480704,0.0625,0,65,4367c586f1e3,4367c586f1e3
235293ffcb748655,cifar100,ssb-v4,cnn,protocol-v6,0.4,0,10,5,2,253,645,0.002439499949105084,0.005135542014613748,673480704,0.0546875,0,65,4367c586f1e3,4367c586f1e3
235293ffcb748655,cifar100,ssb-v4,cnn,protocol-v6,0.4,0,10,5,2,254,646,0.002319958060979843,0.005129249999299645,673480704,0.0625,0,65,4367c586f1e3,4367c586f1e3
235293ffcb748655,cifar100,ssb-v4,cnn,protocol-v6,0.4,0,10,5,2,255,647,0.002369415946304798,0.0051364999962970614,673480704,0.0546875,0,65,4367c586f1e3,4367c586f1e3
235293ffcb748655,cifar100,ssb-v4,cnn,protocol-v6,0.4,0,10,5,2,256,648,0.00238695798907429,0.005161584005691111,673480704,0.109375,0,65,4367c586f1e3,4367c586f1e3
235293ffcb748655,cifar100,ssb-v4,cnn,protocol-v6,0.4,0,10,5,2,257,649,0.0023791249841451645,0.0051943749422207475,673480704,0.0859375,0,65,4367c586f1e3,4367c586f1e3
235293ffcb748655,cifar100,ssb-v4,cnn,protocol-v6,0.4,0,10,5,2,258,650,0.002327500027604401,0.005155125050805509,673480704,0.03125,1,66,4367c586f1e3,b886e5459c7e
235293ffcb748655,cifar100,ssb-v4,cnn,protocol-v6,0.4,0,10,5,2,259,651,0.0022988340351730585,0.005128708085976541,673480704,0.0234375,0,66,b886e5459c7e,b886e5459c7e
235293ffcb748655,cifar100,ssb-v4,cnn,protocol-v6,0.4,0,10,5,2,260,652,0.002340374980121851,0.005145457922481,673480704,0.015625,0,66,b886e5459c7e,b886e5459c7e
235293ffcb748655,cifar100,ssb-v4,cnn,protocol-v6,0.4,0,10,5,2,261,653,0.0023313340498134494,0.005137957981787622,673497088,0.0390625,0,66,b886e5459c7e,b886e5459c7e
235293ffcb748655,cifar100,ssb-v4,cnn,protocol-v6,0.4,0,10,5,2,262,654,0.002370040980167687,0.005141250090673566,673497088,0.046875,0,66,b886e5459c7e,b886e5459c7e
235293ffcb748655,cifar100,ssb-v4,cnn,protocol-v6,0.4,0,10,5,2,263,655,0.002328000031411648,0.005151582998223603,673497088,0.0859375,0,66,b886e5459c7e,b886e5459c7e
235293ffcb748655,cifar100,ssb-v4,cnn,protocol-v6,0.4,0,10,5,2,264,656,0.0023342089261859655,0.0051455419743433595,673497088,0.078125,0,66,b886e5459c7e,b886e5459c7e
235293ffcb748655,cifar100,ssb-v4,cnn,protocol-v6,0.4,0,10,5,2,265,657,0.0022706249728798866,0.005142500041984022,673497088,0.046875,0,66,b886e5459c7e,b886e5459c7e
235293ffcb748655,cifar100,ssb-v4,cnn,protocol-v6,0.4,0,10,5,2,266,658,0.0023280830355361104,0.005139542045071721,673497088,0.046875,0,66,b886e5459c7e,b886e5459c7e
235293ffcb748655,cifar100,ssb-v4,cnn,protocol-v6,0.4,0,10,5,2,267,659,0.0023425419349223375,0.0051372499438002706,673497088,0.046875,0,66,b886e5459c7e,b886e5459c7e
235293ffcb748655,cifar100,ssb-v4,cnn,protocol-v6,0.4,0,10,5,2,268,660,0.0023487909929826856,0.005155292106792331,673497088,0.0390625,1,67,b886e5459c7e,5088ce93db3f
235293ffcb748655,cifar100,ssb-v4,cnn,protocol-v6,0.4,0,10,5,2,269,661,0.0023341659689322114,0.00513183290604502,673497088,0.0234375,0,67,5088ce93db3f,5088ce93db3f
235293ffcb748655,cifar100,ssb-v4,cnn,protocol-v6,0.4,0,10,5,2,270,662,0.0023363749496638775,0.005143499933183193,673497088,0.0625,0,67,5088ce93db3f,5088ce93db3f
235293ffcb748655,cifar100,ssb-v4,cnn,protocol-v6,0.4,0,10,5,2,271,663,0.0024487499613314867,0.005138459033332765,673497088,0.0546875,0,67,5088ce93db3f,5088ce93db3f
235293ffcb748655,cifar100,ssb-v4,cnn,protocol-v6,0.4,0,10,5,2,272,664,0.00233745900914073,0.005156083032488823,673497088,0.0546875,0,67,5088ce93db3f,5088ce93db3f
235293ffcb748655,cifar100,ssb-v4,cnn,protocol-v6,0.4,0,10,5,2,273,665,0.002336416975595057,0.0051605000626295805,673497088,0.0234375,0,67,5088ce93db3f,5088ce93db3f
235293ffcb748655,cifar100,ssb-v4,cnn,protocol-v6,0.4,0,10,5,2,274,666,0.0023334999568760395,0.005118165980093181,673497088,0.0,0,67,5088ce93db3f,5088ce93db3f
235293ffcb748655,cifar100,ssb-v4,cnn,protocol-v6,0.4,0,10,5,2,275,667,0.0023217920679599047,0.005173458019271493,673497088,0.0390625,0,67,5088ce93db3f,5088ce93db3f
235293ffcb748655,cifar100,ssb-v4,cnn,protocol-v6,0.4,0,10,5,2,276,668,0.0023123329738155007,0.005148208001628518,673497088,0.03125,0,67,5088ce93db3f,5088ce93db3f
235293ffcb748655,cifar100,ssb-v4,cnn,protocol-v6,0.4,0,10,5,2,277,669,0.0023168750340119004,0.005140958004631102,673497088,0.0703125,0,67,5088ce93db3f,5088ce93db3f
235293ffcb748655,cifar100,ssb-v4,cnn,protocol-v6,0.4,0,10,5,2,278,670,0.002324333996511996,0.005139625049196184,673497088,0.0390625,1,68,5088ce93db3f,609f8e7267cc
235293ffcb748655,cifar100,ssb-v4,cnn,protocol-v6,0.4,0,10,5,2,279,671,0.0022953340085223317,0.005127624957822263,673497088,0.046875,0,68,609f8e7267cc,609f8e7267cc
235293ffcb748655,cifar100,ssb-v4,cnn,protocol-v6,0.4,0,10,5,2,280,672,0.0023454580223187804,0.005127749987877905,673497088,0.03125,0,68,609f8e7267cc,609f8e7267cc
235293ffcb748655,cifar100,ssb-v4,cnn,protocol-v6,0.4,0,10,5,2,281,673,0.002343375002965331,0.005162958987057209,673513472,0.0546875,0,68,609f8e7267cc,609f8e7267cc
235293ffcb748655,cifar100,ssb-v4,cnn,protocol-v6,0.4,0,10,5,2,282,674,0.002333541982807219,0.005159666063264012,673529856,0.0546875,0,68,609f8e7267cc,609f8e7267cc
235293ffcb748655,cifar100,ssb-v4,cnn,protocol-v6,0.4,0,10,5,2,283,675,0.0024914999958127737,0.0051263750065118074,673529856,0.0703125,0,68,609f8e7267cc,609f8e7267cc
235293ffcb748655,cifar100,ssb-v4,cnn,protocol-v6,0.4,0,10,5,2,284,676,0.0023472500033676624,0.005157875013537705,673529856,0.0625,0,68,609f8e7267cc,609f8e7267cc
235293ffcb748655,cifar100,ssb-v4,cnn,protocol-v6,0.4,0,10,5,2,285,677,0.0023629999486729503,0.005100209033116698,673529856,0.0546875,0,68,609f8e7267cc,609f8e7267cc
235293ffcb748655,cifar100,ssb-v4,cnn,protocol-v6,0.4,0,10,5,2,286,678,0.0023229169892147183,0.0051553749945014715,673529856,0.078125,0,68,609f8e7267cc,609f8e7267cc
235293ffcb748655,cifar100,ssb-v4,cnn,protocol-v6,0.4,0,10,5,2,287,679,0.0023351249983534217,0.005206792033277452,673529856,0.0546875,0,68,609f8e7267cc,609f8e7267cc
235293ffcb748655,cifar100,ssb-v4,cnn,protocol-v6,0.4,0,10,5,2,288,680,0.002334082964807749,0.005107250064611435,673529856,0.0546875,1,69,609f8e7267cc,b4cf892c6b33
235293ffcb748655,cifar100,ssb-v4,cnn,protocol-v6,0.4,0,10,5,2,289,681,0.0023670410737395287,0.005167459021322429,673529856,0.046875,0,69,b4cf892c6b33,b4cf892c6b33
235293ffcb748655,cifar100,ssb-v4,cnn,protocol-v6,0.4,0,10,5,2,290,682,0.0023286250652745366,0.005147333024069667,673529856,0.125,0,69,b4cf892c6b33,b4cf892c6b33
235293ffcb748655,cifar100,ssb-v4,cnn,protocol-v6,0.4,0,10,5,2,291,683,0.002289291936904192,0.005166791030205786,673529856,0.0390625,0,69,b4cf892c6b33,b4cf892c6b33
235293ffcb748655,cifar100,ssb-v4,cnn,protocol-v6,0.4,0,10,5,2,292,684,0.002322959015145898,0.005152708967216313,673529856,0.0390625,0,69,b4cf892c6b33,b4cf892c6b33
235293ffcb748655,cifar100,ssb-v4,cnn,protocol-v6,0.4,0,10,5,2,293,685,0.0023446250706911087,0.005128541029989719,673529856,0.0625,0,69,b4cf892c6b33,b4cf892c6b33
235293ffcb748655,cifar100,ssb-v4,cnn,protocol-v6,0.4,0,10,5,2,294,686,0.0023345419904217124,0.005132124992087483,673529856,0.03125,0,69,b4cf892c6b33,b4cf892c6b33
235293ffcb748655,cifar100,ssb-v4,cnn,protocol-v6,0.4,0,10,5,2,295,687,0.002329958020709455,0.005162749905139208,673529856,0.0234375,0,69,b4cf892c6b33,b4cf892c6b33
235293ffcb748655,cifar100,ssb-v4,cnn,protocol-v6,0.4,0,10,5,2,296,688,0.002338999998755753,0.00514833303168416,673529856,0.046875,0,69,b4cf892c6b33,b4cf892c6b33
235293ffcb748655,cifar100,ssb-v4,cnn,protocol-v6,0.4,0,10,5,2,297,689,0.0022872909903526306,0.005137332947924733,673529856,0.03125,0,69,b4cf892c6b33,b4cf892c6b33
235293ffcb748655,cifar100,ssb-v4,cnn,protocol-v6,0.4,0,10,5,2,298,690,0.0023382079089060426,0.00515166693367064,673546240,0.03125,1,70,b4cf892c6b33,d404b0a09462
235293ffcb748655,cifar100,ssb-v4,cnn,protocol-v6,0.4,0,10,5,2,299,691,0.002334000077098608,0.0051380000077188015,673546240,0.0546875,0,70,d404b0a09462,d404b0a09462
235293ffcb748655,cifar100,ssb-v4,cnn,protocol-v6,0.4,0,10,5,2,300,692,0.0023020420921966434,0.005148167023435235,673546240,0.0234375,0,70,d404b0a09462,d404b0a09462
235293ffcb748655,cifar100,ssb-v4,cnn,protocol-v6,0.4,0,10,5,2,301,693,0.0022935840534046292,0.005196999991312623,673562624,0.046875,0,70,d404b0a09462,d404b0a09462
235293ffcb748655,cifar100,ssb-v4,cnn,protocol-v6,0.4,0,10,5,2,302,694,0.002335374942049384,0.005142875015735626,673562624,0.0234375,0,70,d404b0a09462,d404b0a09462
235293ffcb748655,cifar100,ssb-v4,cnn,protocol-v6,0.4,0,10,5,2,303,695,0.0022877500159665942,0.005073833977803588,673562624,0.0546875,0,70,d404b0a09462,d404b0a09462
235293ffcb748655,cifar100,ssb-v4,cnn,protocol-v6,0.4,0,10,5,2,304,696,0.0023369170958176255,0.0051369169959798455,673562624,0.0703125,0,70,d404b0a09462,d404b0a09462
235293ffcb748655,cifar100,ssb-v4,cnn,protocol-v6,0.4,0,10,5,2,305,697,0.0023861669469624758,0.00514945900067687,673562624,0.0703125,0,70,d404b0a09462,d404b0a09462
235293ffcb748655,cifar100,ssb-v4,cnn,protocol-v6,0.4,0,10,5,2,306,698,0.0023888329742476344,0.005165833048522472,673562624,0.0546875,0,70,d404b0a09462,d404b0a09462
235293ffcb748655,cifar100,ssb-v4,cnn,protocol-v6,0.4,0,10,5,2,307,699,0.002331041032448411,0.005102792056277394,673579008,0.0703125,0,70,d404b0a09462,d404b0a09462
235293ffcb748655,cifar100,ssb-v4,cnn,protocol-v6,0.4,0,10,5,2,308,700,0.0022910829866304994,0.00513266702182591,673579008,0.0625,1,71,d404b0a09462,d8a5b312e1a2
235293ffcb748655,cifar100,ssb-v4,cnn,protocol-v6,0.4,0,10,5,2,309,701,0.0023242910392582417,0.005158707965165377,673579008,0.015625,0,71,d8a5b312e1a2,d8a5b312e1a2
235293ffcb748655,cifar100,ssb-v4,cnn,protocol-v6,0.4,0,10,5,2,310,702,0.002340917009860277,0.0051390419248491526,673579008,0.046875,0,71,d8a5b312e1a2,d8a5b312e1a2
235293ffcb748655,cifar100,ssb-v4,cnn,protocol-v6,0.4,0,10,5,2,311,703,0.0023381669307127595,0.005174749996513128,673579008,0.0703125,0,71,d8a5b312e1a2,d8a5b312e1a2
235293ffcb748655,cifar100,ssb-v4,cnn,protocol-v6,0.4,0,10,5,2,312,704,0.002341249957680702,0.005141124944202602,673595392,0.0546875,0,71,d8a5b312e1a2,d8a5b312e1a2
235293ffcb748655,cifar100,ssb-v4,cnn,protocol-v6,0.4,0,10,5,2,313,705,0.0023364160442724824,0.0051426669815555215,673595392,0.0078125,0,71,d8a5b312e1a2,d8a5b312e1a2
235293ffcb748655,cifar100,ssb-v4,cnn,protocol-v6,0.4,0,10,5,2,314,706,0.002319167018868029,0.005142792011611164,673595392,0.0390625,0,71,d8a5b312e1a2,d8a5b312e1a2
235293ffcb748655,cifar100,ssb-v4,cnn,protocol-v6,0.4,0,10,5,2,315,707,0.0023233749670907855,0.005131042096763849,673595392,0.0703125,0,71,d8a5b312e1a2,d8a5b312e1a2
235293ffcb748655,cifar100,ssb-v4,cnn,protocol-v6,0.4,0,10,5,2,316,708,0.0022726249881088734,0.00512308394536376,673611776,0.0234375,0,71,d8a5b312e1a2,d8a5b312e1a2
235293ffcb748655,cifar100,ssb-v4,cnn,protocol-v6,0.4,0,10,5,2,317,709,0.002314666984602809,0.0051322090439498425,673611776,0.0703125,0,71,d8a5b312e1a2,d8a5b312e1a2
235293ffcb748655,cifar100,ssb-v4,cnn,protocol-v6,0.4,0,10,5,2,318,710,0.002325542038306594,0.00512345798779279,673611776,0.109375,1,72,d8a5b312e1a2,07925e45eb9f
235293ffcb748655,cifar100,ssb-v4,cnn,protocol-v6,0.4,0,10,5,2,319,711,0.0022997919004410505,0.005161834065802395,673611776,0.015625,0,72,07925e45eb9f,07925e45eb9f
235293ffcb748655,cifar100,ssb-v4,cnn,protocol-v6,0.4,0,10,5,2,320,712,0.002363625098951161,0.0051614579278975725,673611776,0.078125,0,72,07925e45eb9f,07925e45eb9f
235293ffcb748655,cifar100,ssb-v4,cnn,protocol-v6,0.4,0,10,5,2,321,713,0.0024094999535009265,0.005144458031281829,673611776,0.03125,0,72,07925e45eb9f,07925e45eb9f
235293ffcb748655,cifar100,ssb-v4,cnn,protocol-v6,0.4,0,10,5,2,322,714,0.0023038750514388084,0.005121707916259766,673611776,0.046875,0,72,07925e45eb9f,07925e45eb9f
235293ffcb748655,cifar100,ssb-v4,cnn,protocol-v6,0.4,0,10,5,2,323,715,0.002332041971385479,0.005136750056408346,673611776,0.078125,0,72,07925e45eb9f,07925e45eb9f
235293ffcb748655,cifar100,ssb-v4,cnn,protocol-v6,0.4,0,10,5,2,324,716,0.002337499987334013,0.00515316694509238,673611776,0.0390625,0,72,07925e45eb9f,07925e45eb9f
235293ffcb748655,cifar100,ssb-v4,cnn,protocol-v6,0.4,0,10,5,2,325,717,0.0022879999596625566,0.005123999901115894,673611776,0.0703125,0,72,07925e45eb9f,07925e45eb9f
235293ffcb748655,cifar100,ssb-v4,cnn,protocol-v6,0.4,0,10,5,2,326,718,0.0023514580680057406,0.005143000045791268,673611776,0.0703125,0,72,07925e45eb9f,07925e45eb9f
235293ffcb748655,cifar100,ssb-v4,cnn,protocol-v6,0.4,0,10,5,2,327,719,0.002334499964490533,0.005206916015595198,673611776,0.0546875,0,72,07925e45eb9f,07925e45eb9f
235293ffcb748655,cifar100,ssb-v4,cnn,protocol-v6,0.4,0,10,5,2,328,720,0.0023325830698013306,0.005157624953426421,673611776,0.03125,1,73,07925e45eb9f,14819de1c1b3
235293ffcb748655,cifar100,ssb-v4,cnn,protocol-v6,0.4,0,10,5,2,329,721,0.002326624933630228,0.005158832995221019,673611776,0.0390625,0,73,14819de1c1b3,14819de1c1b3
235293ffcb748655,cifar100,ssb-v4,cnn,protocol-v6,0.4,0,10,5,2,330,722,0.002284292015247047,0.005143666989170015,673628160,0.0625,0,73,14819de1c1b3,14819de1c1b3
235293ffcb748655,cifar100,ssb-v4,cnn,protocol-v6,0.4,0,10,5,2,331,723,0.002329499926418066,0.005152166006155312,673628160,0.046875,0,73,14819de1c1b3,14819de1c1b3
235293ffcb748655,cifar100,ssb-v4,cnn,protocol-v6,0.4,0,10,5,2,332,724,0.0023354170843958855,0.0051235409919172525,673628160,0.0625,0,73,14819de1c1b3,14819de1c1b3
235293ffcb748655,cifar100,ssb-v4,cnn,protocol-v6,0.4,0,10,5,2,333,725,0.002269166987389326,0.005114541039802134,673628160,0.078125,0,73,14819de1c1b3,14819de1c1b3
235293ffcb748655,cifar100,ssb-v4,cnn,protocol-v6,0.4,0,10,5,2,334,726,0.0023401249200105667,0.005165250040590763,673628160,0.078125,0,73,14819de1c1b3,14819de1c1b3
235293ffcb748655,cifar100,ssb-v4,cnn,protocol-v6,0.4,0,10,5,2,335,727,0.0023270410019904375,0.005121874972246587,673628160,0.046875,0,73,14819de1c1b3,14819de1c1b3
235293ffcb748655,cifar100,ssb-v4,cnn,protocol-v6,0.4,0,10,5,2,336,728,0.002279625041410327,0.005142792011611164,673628160,0.0703125,0,73,14819de1c1b3,14819de1c1b3
235293ffcb748655,cifar100,ssb-v4,cnn,protocol-v6,0.4,0,10,5,2,337,729,0.002318084007129073,0.005117041990160942,673628160,0.03125,0,73,14819de1c1b3,14819de1c1b3
235293ffcb748655,cifar100,ssb-v4,cnn,protocol-v6,0.4,0,10,5,2,338,730,0.0023271250538527966,0.005120833986438811,673628160,0.1015625,1,74,14819de1c1b3,3732e26ce7ee
235293ffcb748655,cifar100,ssb-v4,cnn,protocol-v6,0.4,0,10,5,2,339,731,0.0023871249286457896,0.005113166989758611,673628160,0.0234375,0,74,3732e26ce7ee,3732e26ce7ee
235293ffcb748655,cifar100,ssb-v4,cnn,protocol-v6,0.4,0,10,5,2,340,732,0.0023258330766111612,0.005131209036335349,673628160,0.0859375,0,74,3732e26ce7ee,3732e26ce7ee
235293ffcb748655,cifar100,ssb-v4,cnn,protocol-v6,0.4,0,10,5,2,341,733,0.002345458953641355,0.005149708013050258,673644544,0.03125,0,74,3732e26ce7ee,3732e26ce7ee
235293ffcb748655,cifar100,ssb-v4,cnn,protocol-v6,0.4,0,10,5,2,342,734,0.0022726249881088734,0.005140417022630572,673644544,0.0546875,0,74,3732e26ce7ee,3732e26ce7ee
235293ffcb748655,cifar100,ssb-v4,cnn,protocol-v6,0.4,0,10,5,2,343,735,0.002323125023394823,0.005160957924090326,673644544,0.0625,0,74,3732e26ce7ee,3732e26ce7ee
235293ffcb748655,cifar100,ssb-v4,cnn,protocol-v6,0.4,0,10,5,2,344,736,0.002393667004071176,0.005152833997271955,673644544,0.0234375,0,74,3732e26ce7ee,3732e26ce7ee
235293ffcb748655,cifar100,ssb-v4,cnn,protocol-v6,0.4,0,10,5,2,345,737,0.0023624160094186664,0.005133291939273477,673644544,0.046875,0,74,3732e26ce7ee,3732e26ce7ee
235293ffcb748655,cifar100,ssb-v4,cnn,protocol-v6,0.4,0,10,5,2,346,738,0.00233279203530401,0.00516891700681299,673644544,0.0390625,0,74,3732e26ce7ee,3732e26ce7ee
235293ffcb748655,cifar100,ssb-v4,cnn,protocol-v6,0.4,0,10,5,2,347,739,0.002328124945051968,0.0051278750179335475,673644544,0.046875,0,74,3732e26ce7ee,3732e26ce7ee
235293ffcb748655,cifar100,ssb-v4,cnn,protocol-v6,0.4,0,10,5,2,348,740,0.002273582969792187,0.005213333060964942,673644544,0.0234375,1,75,3732e26ce7ee,bd0f5b0e01e2
235293ffcb748655,cifar100,ssb-v4,cnn,protocol-v6,0.4,0,10,5,2,349,741,0.0023615830577909946,0.005124166957102716,673644544,0.0390625,0,75,bd0f5b0e01e2,bd0f5b0e01e2
235293ffcb748655,cifar100,ssb-v4,cnn,protocol-v6,0.4,0,10,5,2,350,742,0.002333084004931152,0.005142749985679984,673644544,0.0546875,0,75,bd0f5b0e01e2,bd0f5b0e01e2
235293ffcb748655,cifar100,ssb-v4,cnn,protocol-v6,0.4,0,10,5,2,351,743,0.0024564999621361494,0.005155625054612756,673644544,0.0234375,0,75,bd0f5b0e01e2,bd0f5b0e01e2
235293ffcb748655,cifar100,ssb-v4,cnn,protocol-v6,0.4,0,10,5,2,352,744,0.002316292026080191,0.0051463330164551735,673660928,0.046875,0,75,bd0f5b0e01e2,bd0f5b0e01e2
235293ffcb748655,cifar100,ssb-v4,cnn,protocol-v6,0.4,0,10,5,2,353,745,0.002324459026567638,0.005114667001180351,673677312,0.0546875,0,75,bd0f5b0e01e2,bd0f5b0e01e2
235293ffcb748655,cifar100,ssb-v4,cnn,protocol-v6,0.4,0,10,5,2,354,746,0.0023969169706106186,0.00514987506903708,673677312,0.0234375,0,75,bd0f5b0e01e2,bd0f5b0e01e2
235293ffcb748655,cifar100,ssb-v4,cnn,protocol-v6,0.4,0,10,5,2,355,747,0.002397832926362753,0.005143582937307656,673677312,0.0703125,0,75,bd0f5b0e01e2,bd0f5b0e01e2
235293ffcb748655,cifar100,ssb-v4,cnn,protocol-v6,0.4,0,10,5,2,356,748,0.0023410830181092024,0.005156375002115965,673677312,0.078125,0,75,bd0f5b0e01e2,bd0f5b0e01e2
235293ffcb748655,cifar100,ssb-v4,cnn,protocol-v6,0.4,0,10,5,2,357,749,0.002311832970008254,0.005136541090905666,673677312,0.078125,0,75,bd0f5b0e01e2,bd0f5b0e01e2
235293ffcb748655,cifar100,ssb-v4,cnn,protocol-v6,0.4,0,10,5,2,358,750,0.002334291930310428,0.005162958987057209,673677312,0.0546875,1,76,bd0f5b0e01e2,2bd16f0fc271
235293ffcb748655,cifar100,ssb-v4,cnn,protocol-v6,0.4,0,10,5,2,359,751,0.002332416013814509,0.005132374935783446,673677312,0.015625,0,76,2bd16f0fc271,2bd16f0fc271
235293ffcb748655,cifar100,ssb-v4,cnn,protocol-v6,0.4,0,10,5,2,360,752,0.0023424579994753003,0.005109333083964884,673677312,0.046875,0,76,2bd16f0fc271,2bd16f0fc271
235293ffcb748655,cifar100,ssb-v4,cnn,protocol-v6,0.4,0,10,5,2,361,753,0.002323874970898032,0.0051369169959798455,673677312,0.015625,0,76,2bd16f0fc271,2bd16f0fc271
235293ffcb748655,cifar100,ssb-v4,cnn,protocol-v6,0.4,0,10,5,2,362,754,0.002347666071727872,0.005158166983164847,673677312,0.0546875,0,76,2bd16f0fc271,2bd16f0fc271
235293ffcb748655,cifar100,ssb-v4,cnn,protocol-v6,0.4,0,10,5,2,363,755,0.002331124967895448,0.005164291011169553,673677312,0.078125,0,76,2bd16f0fc271,2bd16f0fc271
235293ffcb748655,cifar100,ssb-v4,cnn,protocol-v6,0.4,0,10,5,2,364,756,0.002323750057257712,0.0051217080326750875,673677312,0.015625,0,76,2bd16f0fc271,2bd16f0fc271
235293ffcb748655,cifar100,ssb-v4,cnn,protocol-v6,0.4,0,10,5,2,365,757,0.0022824169136583805,0.005127582931891084,673677312,0.0625,0,76,2bd16f0fc271,2bd16f0fc271
235293ffcb748655,cifar100,ssb-v4,cnn,protocol-v6,0.4,0,10,5,2,366,758,0.0023250000085681677,0.005227459012530744,673677312,0.109375,0,76,2bd16f0fc271,2bd16f0fc271
235293ffcb748655,cifar100,ssb-v4,cnn,protocol-v6,0.4,0,10,5,2,367,759,0.0023877910571172833,0.005136750056408346,673677312,0.0625,0,76,2bd16f0fc271,2bd16f0fc271
235293ffcb748655,cifar100,ssb-v4,cnn,protocol-v6,0.4,0,10,5,2,368,760,0.002287082956172526,0.005138083011843264,673677312,0.015625,1,77,2bd16f0fc271,958a58b5cbb2
235293ffcb748655,cifar100,ssb-v4,cnn,protocol-v6,0.4,0,10,5,2,369,761,0.0022701671114191413,0.005123708047904074,673677312,0.0390625,0,77,958a58b5cbb2,958a58b5cbb2
235293ffcb748655,cifar100,ssb-v4,cnn,protocol-v6,0.4,0,10,5,2,370,762,0.0024689589627087116,0.00513395806774497,673677312,0.0390625,0,77,958a58b5cbb2,958a58b5cbb2
235293ffcb748655,cifar100,ssb-v4,cnn,protocol-v6,0.4,0,10,5,2,371,763,0.0023047910071909428,0.005122458096593618,673677312,0.046875,0,77,958a58b5cbb2,958a58b5cbb2
235293ffcb748655,cifar100,ssb-v4,cnn,protocol-v6,0.4,0,10,5,2,372,764,0.0022713749203830957,0.005138500011526048,673677312,0.046875,0,77,958a58b5cbb2,958a58b5cbb2
235293ffcb748655,cifar100,ssb-v4,cnn,protocol-v6,0.4,0,10,5,2,373,765,0.0023227500496432185,0.005105208954773843,673677312,0.046875,0,77,958a58b5cbb2,958a58b5cbb2
235293ffcb748655,cifar100,ssb-v4,cnn,protocol-v6,0.4,0,10,5,2,374,766,0.0023080420214682817,0.005146209034137428,673677312,0.0546875,0,77,958a58b5cbb2,958a58b5cbb2
235293ffcb748655,cifar100,ssb-v4,cnn,protocol-v6,0.4,0,10,5,2,375,767,0.0023186670150607824,0.005137749947607517,673677312,0.0625,0,77,958a58b5cbb2,958a58b5cbb2
235293ffcb748655,cifar100,ssb-v4,cnn,protocol-v6,0.4,0,10,5,2,376,768,0.00232512503862381,0.005167874973267317,673677312,0.0234375,0,77,958a58b5cbb2,958a58b5cbb2
235293ffcb748655,cifar100,ssb-v4,cnn,protocol-v6,0.4,0,10,5,2,377,769,0.0022869999520480633,0.005139834014698863,673677312,0.0625,0,77,958a58b5cbb2,958a58b5cbb2
235293ffcb748655,cifar100,ssb-v4,cnn,protocol-v6,0.4,0,10,5,2,378,770,0.002318292041309178,0.005142500041984022,673677312,0.078125,1,78,958a58b5cbb2,4da3a1087e9a
235293ffcb748655,cifar100,ssb-v4,cnn,protocol-v6,0.4,0,10,5,2,379,771,0.0023285000352188945,0.005138208041898906,673677312,0.0703125,0,78,4da3a1087e9a,4da3a1087e9a
235293ffcb748655,cifar100,ssb-v4,cnn,protocol-v6,0.4,0,10,5,2,380,772,0.0023265000199899077,0.005109500023536384,673677312,0.0546875,0,78,4da3a1087e9a,4da3a1087e9a
235293ffcb748655,cifar100,ssb-v4,cnn,protocol-v6,0.4,0,10,5,2,381,773,0.0022825830383226275,0.0051342908991500735,673677312,0.0625,0,78,4da3a1087e9a,4da3a1087e9a
235293ffcb748655,cifar100,ssb-v4,cnn,protocol-v6,0.4,0,10,5,2,382,774,0.002383582992479205,0.00514029199257493,673677312,0.046875,0,78,4da3a1087e9a,4da3a1087e9a
235293ffcb748655,cifar100,ssb-v4,cnn,protocol-v6,0.4,0,10,5,2,383,775,0.0023155410308390856,0.005143665941432118,673677312,0.0625,0,78,4da3a1087e9a,4da3a1087e9a
235293ffcb748655,cifar100,ssb-v4,cnn,protocol-v6,0.4,0,10,5,2,384,776,0.0023096660152077675,0.005120999994687736,673693696,0.0390625,0,78,4da3a1087e9a,4da3a1087e9a
235293ffcb748655,cifar100,ssb-v4,cnn,protocol-v6,0.4,0,10,5,2,385,777,0.002322333981283009,0.005137332947924733,673693696,0.0703125,0,78,4da3a1087e9a,4da3a1087e9a
235293ffcb748655,cifar100,ssb-v4,cnn,protocol-v6,0.4,0,10,5,2,386,778,0.0023313750280067325,0.005210790899582207,673693696,0.03125,0,78,4da3a1087e9a,4da3a1087e9a
235293ffcb748655,cifar100,ssb-v4,cnn,protocol-v6,0.4,0,10,5,2,387,779,0.00236454198602587,0.005132999969646335,673693696,0.03125,0,78,4da3a1087e9a,4da3a1087e9a
235293ffcb748655,cifar100,ssb-v4,cnn,protocol-v6,0.4,0,10,5,2,388,780,0.0023948339512571692,0.005124083021655679,673693696,0.0546875,1,79,4da3a1087e9a,4aa533ea4605
235293ffcb748655,cifar100,ssb-v4,cnn,protocol-v6,0.4,0,10,5,2,389,781,0.002327082911506295,0.005139959044754505,673693696,0.109375,0,79,4aa533ea4605,4aa533ea4605
235293ffcb748655,cifar100,ssb-v4,cnn,protocol-v6,0.4,0,10,5,2,390,782,0.0017329159891232848,0.0036586670903488994,673693696,0.075,0,79,4aa533ea4605,4aa533ea4605
235293ffcb748655,cifar100,ssb-v4,cnn,protocol-v6,0.4,0,10,5,3,0,783,0.002282375004142523,0.005379542009904981,673660928,0.0546875,0,79,4aa533ea4605,4aa533ea4605
235293ffcb748655,cifar100,ssb-v4,cnn,protocol-v6,0.4,0,10,5,3,1,784,0.002268416923470795,0.005485665984451771,673677312,0.0390625,0,79,4aa533ea4605,4aa533ea4605
235293ffcb748655,cifar100,ssb-v4,cnn,protocol-v6,0.4,0,10,5,3,2,785,0.0023182500153779984,0.005194500088691711,673677312,0.0546875,0,79,4aa533ea4605,4aa533ea4605
235293ffcb748655,cifar100,ssb-v4,cnn,protocol-v6,0.4,0,10,5,3,3,786,0.0023737919982522726,0.005164667032659054,673677312,0.09375,0,79,4aa533ea4605,4aa533ea4605
235293ffcb748655,cifar100,ssb-v4,cnn,protocol-v6,0.4,0,10,5,3,4,787,0.00232524995226413,0.005151125020347536,673677312,0.078125,0,79,4aa533ea4605,4aa533ea4605
235293ffcb748655,cifar100,ssb-v4,cnn,protocol-v6,0.4,0,10,5,3,5,788,0.002333291107788682,0.005257874960079789,673677312,0.0703125,0,79,4aa533ea4605,4aa533ea4605
235293ffcb748655,cifar100,ssb-v4,cnn,protocol-v6,0.4,0,10,5,3,6,789,0.0023273329716175795,0.005159792024642229,673677312,0.0546875,0,79,4aa533ea4605,4aa533ea4605
235293ffcb748655,cifar100,ssb-v4,cnn,protocol-v6,0.4,0,10,5,3,7,790,0.002371374983340502,0.005279749981127679,673677312,0.0703125,1,80,4aa533ea4605,5278edc2cafa
235293ffcb748655,cifar100,ssb-v4,cnn,protocol-v6,0.4,0,10,5,3,8,791,0.0024135829880833626,0.005152874975465238,673677312,0.0234375,0,80,5278edc2cafa,5278edc2cafa
235293ffcb748655,cifar100,ssb-v4,cnn,protocol-v6,0.4,0,10,5,3,9,792,0.0023782500065863132,0.005138375097885728,673693696,0.0390625,0,80,5278edc2cafa,5278edc2cafa
235293ffcb748655,cifar100,ssb-v4,cnn,protocol-v6,0.4,0,10,5,3,10,793,0.0023157079704105854,0.005136374966241419,673693696,0.0234375,0,80,5278edc2cafa,5278edc2cafa
235293ffcb748655,cifar100,ssb-v4,cnn,protocol-v6,0.4,0,10,5,3,11,794,0.0023705419152975082,0.005162124987691641,673693696,0.0625,0,80,5278edc2cafa,5278edc2cafa
235293ffcb748655,cifar100,ssb-v4,cnn,protocol-v6,0.4,0,10,5,3,12,795,0.002350584021769464,0.005141707952134311,673693696,0.03125,0,80,5278edc2cafa,5278edc2cafa
235293ffcb748655,cifar100,ssb-v4,cnn,protocol-v6,0.4,0,10,5,3,13,796,0.0023664580658078194,0.005151291028596461,673693696,0.0859375,0,80,5278edc2cafa,5278edc2cafa
235293ffcb748655,cifar100,ssb-v4,cnn,protocol-v6,0.4,0,10,5,3,14,797,0.002422708086669445,0.005168291041627526,673693696,0.0390625,0,80,5278edc2cafa,5278edc2cafa
235293ffcb748655,cifar100,ssb-v4,cnn,protocol-v6,0.4,0,10,5,3,15,798,0.002354457974433899,0.0051561660366132855,673710080,0.0234375,0,80,5278edc2cafa,5278edc2cafa
235293ffcb748655,cifar100,ssb-v4,cnn,protocol-v6,0.4,0,10,5,3,16,799,0.002345917047932744,0.005125915980897844,673710080,0.0625,0,80,5278edc2cafa,5278edc2cafa
235293ffcb748655,cifar100,ssb-v4,cnn,protocol-v6,0.4,0,10,5,3,17,800,0.0024143329355865717,0.005158875021152198,673710080,0.0625,1,81,5278edc2cafa,589e1411db4d
235293ffcb748655,cifar100,ssb-v4,cnn,protocol-v6,0.4,0,10,5,3,18,801,0.002338749938644469,0.005199207924306393,673710080,0.0234375,0,81,589e1411db4d,589e1411db4d
235293ffcb748655,cifar100,ssb-v4,cnn,protocol-v6,0.4,0,10,5,3,19,802,0.002304875059053302,0.005146874929778278,673710080,0.0078125,0,81,589e1411db4d,589e1411db4d
235293ffcb748655,cifar100,ssb-v4,cnn,protocol-v6,0.4,0,10,5,3,20,803,0.002355917007662356,0.005147124989889562,673726464,0.046875,0,81,589e1411db4d,589e1411db4d
235293ffcb748655,cifar100,ssb-v4,cnn,protocol-v6,0.4,0,10,5,3,21,804,0.0023261249298229814,0.0051634160336107016,673726464,0.046875,0,81,589e1411db4d,589e1411db4d
235293ffcb748655,cifar100,ssb-v4,cnn,protocol-v6,0.4,0,10,5,3,22,805,0.0023072499316185713,0.00514195894356817,673726464,0.0234375,0,81,589e1411db4d,589e1411db4d
235293ffcb748655,cifar100,ssb-v4,cnn,protocol-v6,0.4,0,10,5,3,23,806,0.0024002499412745237,0.005185042042285204,673726464,0.0859375,0,81,589e1411db4d,589e1411db4d
235293ffcb748655,cifar100,ssb-v4,cnn,protocol-v6,0.4,0,10,5,3,24,807,0.0022886249935254455,0.005171542055904865,673726464,0.0625,0,81,589e1411db4d,589e1411db4d
235293ffcb748655,cifar100,ssb-v4,cnn,protocol-v6,0.4,0,10,5,3,25,808,0.002364667016081512,0.00510558404494077,673726464,0.0703125,0,81,589e1411db4d,589e1411db4d
235293ffcb748655,cifar100,ssb-v4,cnn,protocol-v6,0.4,0,10,5,3,26,809,0.0023130839690566063,0.005152917001396418,673726464,0.03125,0,81,589e1411db4d,589e1411db4d
235293ffcb748655,cifar100,ssb-v4,cnn,protocol-v6,0.4,0,10,5,3,27,810,0.002305499976500869,0.005177165963687003,673726464,0.03125,1,82,589e1411db4d,f6091ad438a5
235293ffcb748655,cifar100,ssb-v4,cnn,protocol-v6,0.4,0,10,5,3,28,811,0.002336750039830804,0.005135042010806501,673759232,0.0234375,0,82,f6091ad438a5,f6091ad438a5
235293ffcb748655,cifar100,ssb-v4,cnn,protocol-v6,0.4,0,10,5,3,29,812,0.002480332972481847,0.005183291039429605,673759232,0.03125,0,82,f6091ad438a5,f6091ad438a5
235293ffcb748655,cifar100,ssb-v4,cnn,protocol-v6,0.4,0,10,5,3,30,813,0.002337417099624872,0.005156082916073501,673759232,0.0703125,0,82,f6091ad438a5,f6091ad438a5
235293ffcb748655,cifar100,ssb-v4,cnn,protocol-v6,0.4,0,10,5,3,31,814,0.002378624980337918,0.005166166927665472,673759232,0.09375,0,82,f6091ad438a5,f6091ad438a5
235293ffcb748655,cifar100,ssb-v4,cnn,protocol-v6,0.4,0,10,5,3,32,815,0.002354874974116683,0.005153999896720052,673759232,0.046875,0,82,f6091ad438a5,f6091ad438a5
235293ffcb748655,cifar100,ssb-v4,cnn,protocol-v6,0.4,0,10,5,3,33,816,0.002422583056613803,0.0051536670653149486,673759232,0.078125,0,82,f6091ad438a5,f6091ad438a5
235293ffcb748655,cifar100,ssb-v4,cnn,protocol-v6,0.4,0,10,5,3,34,817,0.002380958991125226,0.005150875076651573,673759232,0.0546875,0,82,f6091ad438a5,f6091ad438a5
235293ffcb748655,cifar100,ssb-v4,cnn,protocol-v6,0.4,0,10,5,3,35,818,0.002472582971677184,0.005124083021655679,673775616,0.046875,0,82,f6091ad438a5,f6091ad438a5
235293ffcb748655,cifar100,ssb-v4,cnn,protocol-v6,0.4,0,10,5,3,36,819,0.002325457986444235,0.0051538749830797315,673775616,0.046875,0,82,f6091ad438a5,f6091ad438a5
235293ffcb748655,cifar100,ssb-v4,cnn,protocol-v6,0.4,0,10,5,3,37,820,0.0023993749637156725,0.005183457979001105,673775616,0.0390625,1,83,f6091ad438a5,04f322572606
235293ffcb748655,cifar100,ssb-v4,cnn,protocol-v6,0.4,0,10,5,3,38,821,0.002353707910515368,0.0051481249975040555,673775616,0.046875,0,83,04f322572606,04f322572606
235293ffcb748655,cifar100,ssb-v4,cnn,protocol-v6,0.4,0,10,5,3,39,822,0.0022455829894170165,0.005165915936231613,673775616,0.09375,0,83,04f322572606,04f322572606
235293ffcb748655,cifar100,ssb-v4,cnn,protocol-v6,0.4,0,10,5,3,40,823,0.0023101670667529106,0.005145667004399002,673775616,0.046875,0,83,04f322572606,04f322572606
235293ffcb748655,cifar100,ssb-v4,cnn,protocol-v6,0.4,0,10,5,3,41,824,0.0023112919880077243,0.005164999980479479,673775616,0.046875,0,83,04f322572606,04f322572606
235293ffcb748655,cifar100,ssb-v4,cnn,protocol-v6,0.4,0,10,5,3,42,825,0.0022928339894860983,0.005182957975193858,673775616,0.046875,0,83,04f322572606,04f322572606
235293ffcb748655,cifar100,ssb-v4,cnn,protocol-v6,0.4,0,10,5,3,43,826,0.0023028330178931355,0.005151582998223603,673775616,0.0390625,0,83,04f322572606,04f322572606
235293ffcb748655,cifar100,ssb-v4,cnn,protocol-v6,0.4,0,10,5,3,44,827,0.0022729160264134407,0.005142124951817095,673775616,0.0390625,0,83,04f322572606,04f322572606
235293ffcb748655,cifar100,ssb-v4,cnn,protocol-v6,0.4,0,10,5,3,45,828,0.0023386660031974316,0.005201125051826239,673775616,0.0625,0,83,04f322572606,04f322572606
235293ffcb748655,cifar100,ssb-v4,cnn,protocol-v6,0.4,0,10,5,3,46,829,0.0026527500012889504,0.005475957994349301,673775616,0.0625,0,83,04f322572606,04f322572606
235293ffcb748655,cifar100,ssb-v4,cnn,protocol-v6,0.4,0,10,5,3,47,830,0.0026409999700263143,0.0059973340248689055,673775616,0.0234375,1,84,04f322572606,6feee6af0318
235293ffcb748655,cifar100,ssb-v4,cnn,protocol-v6,0.4,0,10,5,3,48,831,0.002632332965731621,0.005880540935322642,673775616,0.0703125,0,84,6feee6af0318,6feee6af0318
235293ffcb748655,cifar100,ssb-v4,cnn,protocol-v6,0.4,0,10,5,3,49,832,0.0025766249746084213,0.005388083984144032,673792000,0.046875,0,84,6feee6af0318,6feee6af0318
235293ffcb748655,cifar100,ssb-v4,cnn,protocol-v6,0.4,0,10,5,3,50,833,0.002371415961533785,0.005182708031497896,673792000,0.046875,0,84,6feee6af0318,6feee6af0318
235293ffcb748655,cifar100,ssb-v4,cnn,protocol-v6,0.4,0,10,5,3,51,834,0.0023382080253213644,0.005171290948055685,673792000,0.046875,0,84,6feee6af0318,6feee6af0318
235293ffcb748655,cifar100,ssb-v4,cnn,protocol-v6,0.4,0,10,5,3,52,835,0.0023675410775467753,0.005155791994184256,673792000,0.0546875,0,84,6feee6af0318,6feee6af0318
235293ffcb748655,cifar100,ssb-v4,cnn,protocol-v6,0.4,0,10,5,3,53,836,0.002360458020120859,0.00529804197140038,673792000,0.0703125,0,84,6feee6af0318,6feee6af0318
235293ffcb748655,cifar100,ssb-v4,cnn,protocol-v6,0.4,0,10,5,3,54,837,0.0023492909967899323,0.005126125062815845,673792000,0.0546875,0,84,6feee6af0318,6feee6af0318
235293ffcb748655,cifar100,ssb-v4,cnn,protocol-v6,0.4,0,10,5,3,55,838,0.0023474169429391623,0.005120791960507631,673792000,0.0546875,0,84,6feee6af0318,6feee6af0318
235293ffcb748655,cifar100,ssb-v4,cnn,protocol-v6,0.4,0,10,5,3,56,839,0.0023623750312253833,0.005187707953155041,673792000,0.046875,0,84,6feee6af0318,6feee6af0318
235293ffcb748655,cifar100,ssb-v4,cnn,protocol-v6,0.4,0,10,5,3,57,840,0.0024016250390559435,0.005160250002518296,673792000,0.078125,1,85,6feee6af0318,54e15019070c
235293ffcb748655,cifar100,ssb-v4,cnn,protocol-v6,0.4,0,10,5,3,58,841,0.0023722919868305326,0.0051741249626502395,673792000,0.0625,0,85,54e15019070c,54e15019070c
235293ffcb748655,cifar100,ssb-v4,cnn,protocol-v6,0.4,0,10,5,3,59,842,0.00230925006326288,0.005173875018954277,673792000,0.046875,0,85,54e15019070c,54e15019070c
235293ffcb748655,cifar100,ssb-v4,cnn,protocol-v6,0.4,0,10,5,3,60,843,0.0022761248983442783,0.005159999942407012,673792000,0.03125,0,85,54e15019070c,54e15019070c
235293ffcb748655,cifar100,ssb-v4,cnn,protocol-v6,0.4,0,10,5,3,61,844,0.002328834030777216,0.005155459046363831,673792000,0.0625,0,85,54e15019070c,54e15019070c
235293ffcb748655,cifar100,ssb-v4,cnn,protocol-v6,0.4,0,10,5,3,62,845,0.002310000010766089,0.005142417037859559,673792000,0.0859375,0,85,54e15019070c,54e15019070c
235293ffcb748655,cifar100,ssb-v4,cnn,protocol-v6,0.4,0,10,5,3,63,846,0.0023161250865086913,0.005158832995221019,673808384,0.046875,0,85,54e15019070c,54e15019070c
235293ffcb748655,cifar100,ssb-v4,cnn,protocol-v6,0.4,0,10,5,3,64,847,0.0022924579679965973,0.005110958940349519,673824768,0.0390625,0,85,54e15019070c,54e15019070c
235293ffcb748655,cifar100,ssb-v4,cnn,protocol-v6,0.4,0,10,5,3,65,848,0.002259041997604072,0.005112458020448685,673824768,0.0546875,0,85,54e15019070c,54e15019070c
235293ffcb748655,cifar100,ssb-v4,cnn,protocol-v6,0.4,0,10,5,3,66,849,0.002306833048351109,0.005141708999872208,673824768,0.0625,0,85,54e15019070c,54e15019070c
235293ffcb748655,cifar100,ssb-v4,cnn,protocol-v6,0.4,0,10,5,3,67,850,0.0022568749263882637,0.00510770792607218,673841152,0.0703125,1,86,54e15019070c,5345a1f9e6b5
235293ffcb748655,cifar100,ssb-v4,cnn,protocol-v6,0.4,0,10,5,3,68,851,0.002297916100360453,0.005177459097467363,673841152,0.046875,0,86,5345a1f9e6b5,5345a1f9e6b5
235293ffcb748655,cifar100,ssb-v4,cnn,protocol-v6,0.4,0,10,5,3,69,852,0.002352416981011629,0.005175665952265263,673841152,0.03125,0,86,5345a1f9e6b5,5345a1f9e6b5
235293ffcb748655,cifar100,ssb-v4,cnn,protocol-v6,0.4,0,10,5,3,70,853,0.002388208988122642,0.005121625028550625,673841152,0.0703125,0,86,5345a1f9e6b5,5345a1f9e6b5
235293ffcb748655,cifar100,ssb-v4,cnn,protocol-v6,0.4,0,10,5,3,71,854,0.0023348750546574593,0.005098499939776957,673841152,0.0546875,0,86,5345a1f9e6b5,5345a1f9e6b5
235293ffcb748655,cifar100,ssb-v4,cnn,protocol-v6,0.4,0,10,5,3,72,855,0.0023540420224890113,0.0051750000566244125,673841152,0.015625,0,86,5345a1f9e6b5,5345a1f9e6b5
235293ffcb748655,cifar100,ssb-v4,cnn,protocol-v6,0.4,0,10,5,3,73,856,0.0023276250576600432,0.005151999997906387,673841152,0.0390625,0,86,5345a1f9e6b5,5345a1f9e6b5
235293ffcb748655,cifar100,ssb-v4,cnn,protocol-v6,0.4,0,10,5,3,74,857,0.0023334999568760395,0.005129583063535392,673841152,0.0625,0,86,5345a1f9e6b5,5345a1f9e6b5
235293ffcb748655,cifar100,ssb-v4,cnn,protocol-v6,0.4,0,10,5,3,75,858,0.0023401660146191716,0.005122957983985543,673841152,0.078125,0,86,5345a1f9e6b5,5345a1f9e6b5
235293ffcb748655,cifar100,ssb-v4,cnn,protocol-v6,0.4,0,10,5,3,76,859,0.0023497079964727163,0.0051068749744445086,673841152,0.0546875,0,86,5345a1f9e6b5,5345a1f9e6b5
235293ffcb748655,cifar100,ssb-v4,cnn,protocol-v6,0.4,0,10,5,3,77,860,0.0022778339916840196,0.005133083905093372,673841152,0.0703125,1,87,5345a1f9e6b5,fc8b2a0916a6
235293ffcb748655,cifar100,ssb-v4,cnn,protocol-v6,0.4,0,10,5,3,78,861,0.0023687499342486262,0.005126749980263412,673841152,0.0546875,0,87,fc8b2a0916a6,fc8b2a0916a6
235293ffcb748655,cifar100,ssb-v4,cnn,protocol-v6,0.4,0,10,5,3,79,862,0.002317250007763505,0.0051347080152481794,673841152,0.0703125,0,87,fc8b2a0916a6,fc8b2a0916a6
235293ffcb748655,cifar100,ssb-v4,cnn,protocol-v6,0.4,0,10,5,3,80,863,0.002301375032402575,0.005110792000778019,673841152,0.0234375,0,87,fc8b2a0916a6,fc8b2a0916a6
235293ffcb748655,cifar100,ssb-v4,cnn,protocol-v6,0.4,0,10,5,3,81,864,0.002258624997921288,0.005184374982491136,673841152,0.0625,0,87,fc8b2a0916a6,fc8b2a0916a6
235293ffcb748655,cifar100,ssb-v4,cnn,protocol-v6,0.4,0,10,5,3,82,865,0.002308584051206708,0.005136833991855383,673857536,0.0859375,0,87,fc8b2a0916a6,fc8b2a0916a6
235293ffcb748655,cifar100,ssb-v4,cnn,protocol-v6,0.4,0,10,5,3,83,866,0.002308957977220416,0.005149499978870153,673857536,0.0546875,0,87,fc8b2a0916a6,fc8b2a0916a6
235293ffcb748655,cifar100,ssb-v4,cnn,protocol-v6,0.4,0,10,5,3,84,867,0.002291874960064888,0.00511091691441834,673857536,0.0234375,0,87,fc8b2a0916a6,fc8b2a0916a6
235293ffcb748655,cifar100,ssb-v4,cnn,protocol-v6,0.4,0,10,5,3,85,868,0.002305208006873727,0.005133292055688798,673857536,0.03125,0,87,fc8b2a0916a6,fc8b2a0916a6
235293ffcb748655,cifar100,ssb-v4,cnn,protocol-v6,0.4,0,10,5,3,86,869,0.002291790908202529,0.0051390830194577575,673857536,0.046875,0,87,fc8b2a0916a6,fc8b2a0916a6
235293ffcb748655,cifar100,ssb-v4,cnn,protocol-v6,0.4,0,10,5,3,87,870,0.0022914999863132834,0.005054875044152141,673857536,0.1171875,1,88,fc8b2a0916a6,0576b5136ab8
235293ffcb748655,cifar100,ssb-v4,cnn,protocol-v6,0.4,0,10,5,3,88,871,0.0024128330405801535,0.005137000000104308,673890304,0.0703125,0,88,0576b5136ab8,0576b5136ab8
235293ffcb748655,cifar100,ssb-v4,cnn,protocol-v6,0.4,0,10,5,3,89,872,0.002354166004806757,0.005130124976858497,673890304,0.0234375,0,88,0576b5136ab8,0576b5136ab8
235293ffcb748655,cifar100,ssb-v4,cnn,protocol-v6,0.4,0,10,5,3,90,873,0.0023543749703094363,0.005124500021338463,673890304,0.0234375,0,88,0576b5136ab8,0576b5136ab8
235293ffcb748655,cifar100,ssb-v4,cnn,protocol-v6,0.4,0,10,5,3,91,874,0.0023535829968750477,0.00511879101395607,673890304,0.0546875,0,88,0576b5136ab8,0576b5136ab8
235293ffcb748655,cifar100,ssb-v4,cnn,protocol-v6,0.4,0,10,5,3,92,875,0.002337832935154438,0.005119208013638854,673906688,0.0703125,0,88,0576b5136ab8,0576b5136ab8
235293ffcb748655,cifar100,ssb-v4,cnn,protocol-v6,0.4,0,10,5,3,93,876,0.0023620000574737787,0.005151166929863393,673906688,0.0546875,0,88,0576b5136ab8,0576b5136ab8
235293ffcb748655,cifar100,ssb-v4,cnn,protocol-v6,0.4,0,10,5,3,94,877,0.0022925419034436345,0.005144333001226187,673906688,0.0390625,0,88,0576b5136ab8,0576b5136ab8
235293ffcb748655,cifar100,ssb-v4,cnn,protocol-v6,0.4,0,10,5,3,95,878,0.0024015839444473386,0.005148082971572876,673906688,0.03125,0,88,0576b5136ab8,0576b5136ab8
235293ffcb748655,cifar100,ssb-v4,cnn,protocol-v6,0.4,0,10,5,3,96,879,0.0023435420589521527,0.005116500076837838,673906688,0.0546875,0,88,0576b5136ab8,0576b5136ab8
235293ffcb748655,cifar100,ssb-v4,cnn,protocol-v6,0.4,0,10,5,3,97,880,0.0023669999791309237,0.005124749965034425,673906688,0.0625,1,89,0576b5136ab8,a7ed6b95e9b2
235293ffcb748655,cifar100,ssb-v4,cnn,protocol-v6,0.4,0,10,5,3,98,881,0.0023395420284941792,0.005110375001095235,673906688,0.0390625,0,89,a7ed6b95e9b2,a7ed6b95e9b2
235293ffcb748655,cifar100,ssb-v4,cnn,protocol-v6,0.4,0,10,5,3,99,882,0.0022932090796530247,0.0050855830777436495,673906688,0.0625,0,89,a7ed6b95e9b2,a7ed6b95e9b2
235293ffcb748655,cifar100,ssb-v4,cnn,protocol-v6,0.4,0,10,5,3,100,883,0.0023127919994294643,0.005099500063806772,673906688,0.09375,0,89,a7ed6b95e9b2,a7ed6b95e9b2
235293ffcb748655,cifar100,ssb-v4,cnn,protocol-v6,0.4,0,10,5,3,101,884,0.0022509589325636625,0.005122041911818087,673906688,0.03125,0,89,a7ed6b95e9b2,a7ed6b95e9b2
235293ffcb748655,cifar100,ssb-v4,cnn,protocol-v6,0.4,0,10,5,3,102,885,0.0022792499512434006,0.005205749999731779,673906688,0.0390625,0,89,a7ed6b95e9b2,a7ed6b95e9b2
235293ffcb748655,cifar100,ssb-v4,cnn,protocol-v6,0.4,0,10,5,3,103,886,0.002301041968166828,0.005119958077557385,673906688,0.0546875,0,89,a7ed6b95e9b2,a7ed6b95e9b2
235293ffcb748655,cifar100,ssb-v4,cnn,protocol-v6,0.4,0,10,5,3,104,887,0.0023247499484568834,0.005105457967147231,673906688,0.0703125,0,89,a7ed6b95e9b2,a7ed6b95e9b2
235293ffcb748655,cifar100,ssb-v4,cnn,protocol-v6,0.4,0,10,5,3,105,888,0.002298334031365812,0.005138333071954548,673906688,0.0546875,0,89,a7ed6b95e9b2,a7ed6b95e9b2
235293ffcb748655,cifar100,ssb-v4,cnn,protocol-v6,0.4,0,10,5,3,106,889,0.0022993750171735883,0.005122458096593618,673906688,0.046875,0,89,a7ed6b95e9b2,a7ed6b95e9b2
235293ffcb748655,cifar100,ssb-v4,cnn,protocol-v6,0.4,0,10,5,3,107,890,0.002262915950268507,0.00518629199359566,673906688,0.0859375,1,90,a7ed6b95e9b2,f591a8cf03ea
235293ffcb748655,cifar100,ssb-v4,cnn,protocol-v6,0.4,0,10,5,3,108,891,0.0023467499995604157,0.005200459039770067,673906688,0.0703125,0,90,f591a8cf03ea,f591a8cf03ea
235293ffcb748655,cifar100,ssb-v4,cnn,protocol-v6,0.4,0,10,5,3,109,892,0.0023717909352853894,0.005117165972478688,673906688,0.0625,0,90,f591a8cf03ea,f591a8cf03ea
235293ffcb748655,cifar100,ssb-v4,cnn,protocol-v6,0.4,0,10,5,3,110,893,0.002366167027503252,0.00510104198474437,673906688,0.0859375,0,90,f591a8cf03ea,f591a8cf03ea
235293ffcb748655,cifar100,ssb-v4,cnn,protocol-v6,0.4,0,10,5,3,111,894,0.0023619160056114197,0.005141749978065491,673906688,0.09375,0,90,f591a8cf03ea,f591a8cf03ea
235293ffcb748655,cifar100,ssb-v4,cnn,protocol-v6,0.4,0,10,5,3,112,895,0.0023131249472498894,0.005136166932061315,673906688,0.0625,0,90,f591a8cf03ea,f591a8cf03ea
235293ffcb748655,cifar100,ssb-v4,cnn,protocol-v6,0.4,0,10,5,3,113,896,0.002349416958168149,0.00516066700220108,673906688,0.0625,0,90,f591a8cf03ea,f591a8cf03ea
235293ffcb748655,cifar100,ssb-v4,cnn,protocol-v6,0.4,0,10,5,3,114,897,0.0023594590602442622,0.005135249928571284,673906688,0.0625,0,90,f591a8cf03ea,f591a8cf03ea
235293ffcb748655,cifar100,ssb-v4,cnn,protocol-v6,0.4,0,10,5,3,115,898,0.002286582952365279,0.005138083011843264,673906688,0.078125,0,90,f591a8cf03ea,f591a8cf03ea
235293ffcb748655,cifar100,ssb-v4,cnn,protocol-v6,0.4,0,10,5,3,116,899,0.002342084073461592,0.005130999954417348,673906688,0.0625,0,90,f591a8cf03ea,f591a8cf03ea
235293ffcb748655,cifar100,ssb-v4,cnn,protocol-v6,0.4,0,10,5,3,117,900,0.002349958987906575,0.005194500088691711,673923072,0.078125,1,91,f591a8cf03ea,4da7264bd73a
235293ffcb748655,cifar100,ssb-v4,cnn,protocol-v6,0.4,0,10,5,3,118,901,0.00234400003682822,0.0051003750413656235,673923072,0.0546875,0,91,4da7264bd73a,4da7264bd73a
235293ffcb748655,cifar100,ssb-v4,cnn,protocol-v6,0.4,0,10,5,3,119,902,0.002270958968438208,0.005149167031049728,673923072,0.0390625,0,91,4da7264bd73a,4da7264bd73a
235293ffcb748655,cifar100,ssb-v4,cnn,protocol-v6,0.4,0,10,5,3,120,903,0.002238707966171205,0.005223041051067412,673923072,0.0546875,0,91,4da7264bd73a,4da7264bd73a
235293ffcb748655,cifar100,ssb-v4,cnn,protocol-v6,0.4,0,10,5,3,121,904,0.002290292060934007,0.005128583055920899,673923072,0.0390625,0,91,4da7264bd73a,4da7264bd73a
235293ffcb748655,cifar100,ssb-v4,cnn,protocol-v6,0.4,0,10,5,3,122,905,0.002315332996658981,0.005156249972060323,673923072,0.078125,0,91,4da7264bd73a,4da7264bd73a
235293ffcb748655,cifar100,ssb-v4,cnn,protocol-v6,0.4,0,10,5,3,123,906,0.002340707927942276,0.005121791968122125,673923072,0.03125,0,91,4da7264bd73a,4da7264bd73a
235293ffcb748655,cifar100,ssb-v4,cnn,protocol-v6,0.4,0,10,5,3,124,907,0.0022901250049471855,0.00511170900426805,673923072,0.09375,0,91,4da7264bd73a,4da7264bd73a
235293ffcb748655,cifar100,ssb-v4,cnn,protocol-v6,0.4,0,10,5,3,125,908,0.0023188339546322823,0.0051752079743891954,673923072,0.0703125,0,91,4da7264bd73a,4da7264bd73a
235293ffcb748655,cifar100,ssb-v4,cnn,protocol-v6,0.4,0,10,5,3,126,909,0.0022519580088555813,0.005141583038493991,673923072,0.0625,0,91,4da7264bd73a,4da7264bd73a
235293ffcb748655,cifar100,ssb-v4,cnn,protocol-v6,0.4,0,10,5,3,127,910,0.0023005000548437238,0.005137708969414234,673923072,0.0859375,1,92,4da7264bd73a,b53886b53011
235293ffcb748655,cifar100,ssb-v4,cnn,protocol-v6,0.4,0,10,5,3,128,911,0.0023454579059034586,0.005170874996110797,673923072,0.0390625,0,92,b53886b53011,b53886b53011
235293ffcb748655,cifar100,ssb-v4,cnn,protocol-v6,0.4,0,10,5,3,129,912,0.002298083039931953,0.005127499927766621,673939456,0.0234375,0,92,b53886b53011,b53886b53011
235293ffcb748655,cifar100,ssb-v4,cnn,protocol-v6,0.4,0,10,5,3,130,913,0.002356124925427139,0.005157209001481533,673939456,0.0703125,0,92,b53886b53011,b53886b53011
235293ffcb748655,cifar100,ssb-v4,cnn,protocol-v6,0.4,0,10,5,3,131,914,0.0023321249755099416,0.005137500003911555,673939456,0.015625,0,92,b53886b53011,b53886b53011
235293ffcb748655,cifar100,ssb-v4,cnn,protocol-v6,0.4,0,10,5,3,132,915,0.0023400000063702464,0.005138417007401586,673939456,0.0625,0,92,b53886b53011,b53886b53011
235293ffcb748655,cifar100,ssb-v4,cnn,protocol-v6,0.4,0,10,5,3,133,916,0.002338333986699581,0.005125666968524456,673939456,0.03125,0,92,b53886b53011,b53886b53011
235293ffcb748655,cifar100,ssb-v4,cnn,protocol-v6,0.4,0,10,5,3,134,917,0.002330874907784164,0.005120916990563273,673955840,0.078125,0,92,b53886b53011,b53886b53011
235293ffcb748655,cifar100,ssb-v4,cnn,protocol-v6,0.4,0,10,5,3,135,918,0.0023444159887731075,0.005119042005389929,673955840,0.0390625,0,92,b53886b53011,b53886b53011
235293ffcb748655,cifar100,ssb-v4,cnn,protocol-v6,0.4,0,10,5,3,136,919,0.0023375420132651925,0.005184959038160741,673955840,0.046875,0,92,b53886b53011,b53886b53011
235293ffcb748655,cifar100,ssb-v4,cnn,protocol-v6,0.4,0,10,5,3,137,920,0.00229854101780802,0.005106374970637262,673955840,0.0546875,1,93,b53886b53011,1d5a7806ea24
235293ffcb748655,cifar100,ssb-v4,cnn,protocol-v6,0.4,0,10,5,3,138,921,0.002360000042244792,0.00515149999409914,673972224,0.0,0,93,1d5a7806ea24,1d5a7806ea24
235293ffcb748655,cifar100,ssb-v4,cnn,protocol-v6,0.4,0,10,5,3,139,922,0.002334624994546175,0.0051304170629009604,673972224,0.046875,0,93,1d5a7806ea24,1d5a7806ea24
235293ffcb748655,cifar100,ssb-v4,cnn,protocol-v6,0.4,0,10,5,3,140,923,0.00224974995944649,0.005110499914735556,673972224,0.0546875,0,93,1d5a7806ea24,1d5a7806ea24
235293ffcb748655,cifar100,ssb-v4,cnn,protocol-v6,0.4,0,10,5,3,141,924,0.002293124911375344,0.005131207988597453,673972224,0.0546875,0,93,1d5a7806ea24,1d5a7806ea24
235293ffcb748655,cifar100,ssb-v4,cnn,protocol-v6,0.4,0,10,5,3,142,925,0.0022962919902056456,0.005120832938700914,673972224,0.0625,0,93,1d5a7806ea24,1d5a7806ea24
235293ffcb748655,cifar100,ssb-v4,cnn,protocol-v6,0.4,0,10,5,3,143,926,0.0023097919765859842,0.005135665996931493,673972224,0.03125,0,93,1d5a7806ea24,1d5a7806ea24
235293ffcb748655,cifar100,ssb-v4,cnn,protocol-v6,0.4,0,10,5,3,144,927,0.002310125040821731,0.005152416997589171,673972224,0.078125,0,93,1d5a7806ea24,1d5a7806ea24
235293ffcb748655,cifar100,ssb-v4,cnn,protocol-v6,0.4,0,10,5,3,145,928,0.002309333998709917,0.00515616696793586,673972224,0.046875,0,93,1d5a7806ea24,1d5a7806ea24
235293ffcb748655,cifar100,ssb-v4,cnn,protocol-v6,0.4,0,10,5,3,146,929,0.0022857090225443244,0.005194332916289568,673988608,0.078125,0,93,1d5a7806ea24,1d5a7806ea24
235293ffcb748655,cifar100,ssb-v4,cnn,protocol-v6,0.4,0,10,5,3,147,930,0.0022974590538069606,0.005138583946973085,673988608,0.0234375,1,94,1d5a7806ea24,09c6b8de7cb0
235293ffcb748655,cifar100,ssb-v4,cnn,protocol-v6,0.4,0,10,5,3,148,931,0.0023679579608142376,0.005139000015333295,673988608,0.046875,0,94,09c6b8de7cb0,09c6b8de7cb0
235293ffcb748655,cifar100,ssb-v4,cnn,protocol-v6,0.4,0,10,5,3,149,932,0.002375790965743363,0.005123874987475574,673988608,0.046875,0,94,09c6b8de7cb0,09c6b8de7cb0
235293ffcb748655,cifar100,ssb-v4,cnn,protocol-v6,0.4,0,10,5,3,150,933,0.0023609589552506804,0.0051377080380916595,673988608,0.046875,0,94,09c6b8de7cb0,09c6b8de7cb0
235293ffcb748655,cifar100,ssb-v4,cnn,protocol-v6,0.4,0,10,5,3,151,934,0.0023539160611107945,0.005124874995090067,673988608,0.0234375,0,94,09c6b8de7cb0,09c6b8de7cb0
235293ffcb748655,cifar100,ssb-v4,cnn,protocol-v6,0.4,0,10,5,3,152,935,0.002304541994817555,0.005109374993480742,673988608,0.0703125,0,94,09c6b8de7cb0,09c6b8de7cb0
235293ffcb748655,cifar100,ssb-v4,cnn,protocol-v6,0.4,0,10,5,3,153,936,0.00235000008251518,0.005085957935079932,673988608,0.0390625,0,94,09c6b8de7cb0,09c6b8de7cb0
235293ffcb748655,cifar100,ssb-v4,cnn,protocol-v6,0.4,0,10,5,3,154,937,0.002348625101149082,0.005028125015087426,673988608,0.078125,0,94,09c6b8de7cb0,09c6b8de7cb0
235293ffcb748655,cifar100,ssb-v4,cnn,protocol-v6,0.4,0,10,5,3,155,938,0.0022992909653112292,0.005163124995306134,673988608,0.046875,0,94,09c6b8de7cb0,09c6b8de7cb0
235293ffcb748655,cifar100,ssb-v4,cnn,protocol-v6,0.4,0,10,5,3,156,939,0.0023543749703094363,0.005141875008121133,673988608,0.0390625,0,94,09c6b8de7cb0,09c6b8de7cb0
235293ffcb748655,cifar100,ssb-v4,cnn,protocol-v6,0.4,0,10,5,3,157,940,0.002352749928832054,0.005143290967680514,673988608,0.0546875,1,95,09c6b8de7cb0,39ef53188ef9
235293ffcb748655,cifar100,ssb-v4,cnn,protocol-v6,0.4,0,10,5,3,158,941,0.002374375006183982,0.005120833055116236,673988608,0.0703125,0,95,39ef53188ef9,39ef53188ef9
235293ffcb748655,cifar100,ssb-v4,cnn,protocol-v6,0.4,0,10,5,3,159,942,0.002296374994330108,0.0051090830238536,673988608,0.0859375,0,95,39ef53188ef9,39ef53188ef9
235293ffcb748655,cifar100,ssb-v4,cnn,protocol-v6,0.4,0,10,5,3,160,943,0.002309583011083305,0.005142792011611164,673988608,0.0546875,0,95,39ef53188ef9,39ef53188ef9
235293ffcb748655,cifar100,ssb-v4,cnn,protocol-v6,0.4,0,10,5,3,161,944,0.002265166025608778,0.005134499981068075,673988608,0.046875,0,95,39ef53188ef9,39ef53188ef9
235293ffcb748655,cifar100,ssb-v4,cnn,protocol-v6,0.4,0,10,5,3,162,945,0.0023102499544620514,0.005142709007486701,673988608,0.046875,0,95,39ef53188ef9,39ef53188ef9
235293ffcb748655,cifar100,ssb-v4,cnn,protocol-v6,0.4,0,10,5,3,163,946,0.002267249976284802,0.005184291978366673,673988608,0.0234375,0,95,39ef53188ef9,39ef53188ef9
235293ffcb748655,cifar100,ssb-v4,cnn,protocol-v6,0.4,0,10,5,3,164,947,0.002308707917109132,0.005137874977663159,673988608,0.078125,0,95,39ef53188ef9,39ef53188ef9
235293ffcb748655,cifar100,ssb-v4,cnn,protocol-v6,0.4,0,10,5,3,165,948,0.0023094579810276628,0.005159958032891154,673988608,0.109375,0,95,39ef53188ef9,39ef53188ef9
235293ffcb748655,cifar100,ssb-v4,cnn,protocol-v6,0.4,0,10,5,3,166,949,0.0022553340531885624,0.005126332980580628,673988608,0.0625,0,95,39ef53188ef9,39ef53188ef9
235293ffcb748655,cifar100,ssb-v4,cnn,protocol-v6,0.4,0,10,5,3,167,950,0.0022962919902056456,0.0051466249860823154,673988608,0.0625,1,96,39ef53188ef9,5b2cbb15b2bd
235293ffcb748655,cifar100,ssb-v4,cnn,protocol-v6,0.4,0,10,5,3,168,951,0.0023457499919459224,0.005106374970637262,673988608,0.0625,0,96,5b2cbb15b2bd,5b2cbb15b2bd
235293ffcb748655,cifar100,ssb-v4,cnn,protocol-v6,0.4,0,10,5,3,169,952,0.0023654999677091837,0.005117250024341047,673988608,0.046875,0,96,5b2cbb15b2bd,5b2cbb15b2bd
235293ffcb748655,cifar100,ssb-v4,cnn,protocol-v6,0.4,0,10,5,3,170,953,0.0024150420213118196,0.005119332927279174,673988608,0.03125,0,96,5b2cbb15b2bd,5b2cbb15b2bd
235293ffcb748655,cifar100,ssb-v4,cnn,protocol-v6,0.4,0,10,5,3,171,954,0.0023326249793171883,0.005162667017430067,673988608,0.046875,0,96,5b2cbb15b2bd,5b2cbb15b2bd
235293ffcb748655,cifar100,ssb-v4,cnn,protocol-v6,0.4,0,10,5,3,172,955,0.002349084010347724,0.0051328339613974094,673988608,0.0234375,0,96,5b2cbb15b2bd,5b2cbb15b2bd
235293ffcb748655,cifar100,ssb-v4,cnn,protocol-v6,0.4,0,10,5,3,173,956,0.0022989579010754824,0.005137750064022839,673988608,0.046875,0,96,5b2cbb15b2bd,5b2cbb15b2bd
235293ffcb748655,cifar100,ssb-v4,cnn,protocol-v6,0.4,0,10,5,3,174,957,0.002322708023712039,0.005200417013838887,673988608,0.0859375,0,96,5b2cbb15b2bd,5b2cbb15b2bd
235293ffcb748655,cifar100,ssb-v4,cnn,protocol-v6,0.4,0,10,5,3,175,958,0.0023482090327888727,0.005153291975148022,673988608,0.0625,0,96,5b2cbb15b2bd,5b2cbb15b2bd
235293ffcb748655,cifar100,ssb-v4,cnn,protocol-v6,0.4,0,10,5,3,176,959,0.00249104097019881,0.00515820796135813,673988608,0.1015625,0,96,5b2cbb15b2bd,5b2cbb15b2bd
235293ffcb748655,cifar100,ssb-v4,cnn,protocol-v6,0.4,0,10,5,3,177,960,0.0023939169477671385,0.0051257089944556355,673988608,0.09375,1,97,5b2cbb15b2bd,699b7b5f211c
235293ffcb748655,cifar100,ssb-v4,cnn,protocol-v6,0.4,0,10,5,3,178,961,0.0023697499418631196,0.0051650829846039414,673988608,0.0234375,0,97,699b7b5f211c,699b7b5f211c
235293ffcb748655,cifar100,ssb-v4,cnn,protocol-v6,0.4,0,10,5,3,179,962,0.0022967919940128922,0.005144291906617582,673988608,0.046875,0,97,699b7b5f211c,699b7b5f211c
235293ffcb748655,cifar100,ssb-v4,cnn,protocol-v6,0.4,0,10,5,3,180,963,0.002249874989502132,0.005124000017531216,673988608,0.0234375,0,97,699b7b5f211c,699b7b5f211c
235293ffcb748655,cifar100,ssb-v4,cnn,protocol-v6,0.4,0,10,5,3,181,964,0.0022750829812139273,0.005145750008523464,673988608,0.09375,0,97,699b7b5f211c,699b7b5f211c
235293ffcb748655,cifar100,ssb-v4,cnn,protocol-v6,0.4,0,10,5,3,182,965,0.002466500038281083,0.005130667006596923,673988608,0.0234375,0,97,699b7b5f211c,699b7b5f211c
235293ffcb748655,cifar100,ssb-v4,cnn,protocol-v6,0.4,0,10,5,3,183,966,0.0022576249903067946,0.005150209064595401,673988608,0.0859375,0,97,699b7b5f211c,699b7b5f211c
235293ffcb748655,cifar100,ssb-v4,cnn,protocol-v6,0.4,0,10,5,3,184,967,0.002289583091624081,0.005127457901835442,673988608,0.0625,0,97,699b7b5f211c,699b7b5f211c
235293ffcb748655,cifar100,ssb-v4,cnn,protocol-v6,0.4,0,10,5,3,185,968,0.002320457948371768,0.005137917003594339,673988608,0.03125,0,97,699b7b5f211c,699b7b5f211c
235293ffcb748655,cifar100,ssb-v4,cnn,protocol-v6,0.4,0,10,5,3,186,969,0.0022540000500157475,0.005238958052359521,674004992,0.0859375,0,97,699b7b5f211c,699b7b5f211c
235293ffcb748655,cifar100,ssb-v4,cnn,protocol-v6,0.4,0,10,5,3,187,970,0.0023162500001490116,0.00512795802205801,674004992,0.0546875,1,98,699b7b5f211c,aedb74bcf808
235293ffcb748655,cifar100,ssb-v4,cnn,protocol-v6,0.4,0,10,5,3,188,971,0.0023558749817311764,0.005096458015032113,674004992,0.0234375,0,98,aedb74bcf808,aedb74bcf808
235293ffcb748655,cifar100,ssb-v4,cnn,protocol-v6,0.4,0,10,5,3,189,972,0.00240983406547457,0.005126958945766091,674021376,0.0859375,0,98,aedb74bcf808,aedb74bcf808
235293ffcb748655,cifar100,ssb-v4,cnn,protocol-v6,0.4,0,10,5,3,190,973,0.002340958104468882,0.005165999988093972,674021376,0.0859375,0,98,aedb74bcf808,aedb74bcf808
235293ffcb748655,cifar100,ssb-v4,cnn,protocol-v6,0.4,0,10,5,3,191,974,0.0023232089588418603,0.005154208047315478,674021376,0.078125,0,98,aedb74bcf808,aedb74bcf808
235293ffcb748655,cifar100,ssb-v4,cnn,protocol-v6,0.4,0,10,5,3,192,975,0.0023356250021606684,0.005099750007502735,674021376,0.0625,0,98,aedb74bcf808,aedb74bcf808
235293ffcb748655,cifar100,ssb-v4,cnn,protocol-v6,0.4,0,10,5,3,193,976,0.0022921670461073518,0.005127207958139479,674021376,0.0703125,0,98,aedb74bcf808,aedb74bcf808
235293ffcb748655,cifar100,ssb-v4,cnn,protocol-v6,0.4,0,10,5,3,194,977,0.0023437089985236526,0.005133791011758149,674021376,0.109375,0,98,aedb74bcf808,aedb74bcf808
235293ffcb748655,cifar100,ssb-v4,cnn,protocol-v6,0.4,0,10,5,3,195,978,0.0023517500376328826,0.005128832999616861,674021376,0.09375,0,98,aedb74bcf808,aedb74bcf808
235293ffcb748655,cifar100,ssb-v4,cnn,protocol-v6,0.4,0,10,5,3,196,979,0.0022901250049471855,0.005114333005622029,674021376,0.0703125,0,98,aedb74bcf808,aedb74bcf808
235293ffcb748655,cifar100,ssb-v4,cnn,protocol-v6,0.4,0,10,5,3,197,980,0.0024076250847429037,0.005163082969374955,674021376,0.0546875,1,99,aedb74bcf808,214118e81c06
235293ffcb748655,cifar100,ssb-v4,cnn,protocol-v6,0.4,0,10,5,3,198,981,0.002364041982218623,0.0051182908937335014,674037760,0.0546875,0,99,214118e81c06,214118e81c06
235293ffcb748655,cifar100,ssb-v4,cnn,protocol-v6,0.4,0,10,5,3,199,982,0.002272874931804836,0.005131333018653095,674037760,0.0390625,0,99,214118e81c06,214118e81c06
235293ffcb748655,cifar100,ssb-v4,cnn,protocol-v6,0.4,0,10,5,3,200,983,0.0023165830643847585,0.005164582980796695,674037760,0.0390625,0,99,214118e81c06,214118e81c06
235293ffcb748655,cifar100,ssb-v4,cnn,protocol-v6,0.4,0,10,5,3,201,984,0.002300624968484044,0.005097708897665143,674037760,0.0625,0,99,214118e81c06,214118e81c06
235293ffcb748655,cifar100,ssb-v4,cnn,protocol-v6,0.4,0,10,5,3,202,985,0.00224604201503098,0.005120749934576452,674037760,0.125,0,99,214118e81c06,214118e81c06
235293ffcb748655,cifar100,ssb-v4,cnn,protocol-v6,0.4,0,10,5,3,203,986,0.0023173330118879676,0.005170708056539297,674037760,0.0390625,0,99,214118e81c06,214118e81c06
235293ffcb748655,cifar100,ssb-v4,cnn,protocol-v6,0.4,0,10,5,3,204,987,0.002297625062055886,0.005126999923959374,674037760,0.0546875,0,99,214118e81c06,214118e81c06
235293ffcb748655,cifar100,ssb-v4,cnn,protocol-v6,0.4,0,10,5,3,205,988,0.0022529170382767916,0.005161417066119611,674037760,0.0703125,0,99,214118e81c06,214118e81c06
235293ffcb748655,cifar100,ssb-v4,cnn,protocol-v6,0.4,0,10,5,3,206,989,0.0022980410140007734,0.005125458003021777,674037760,0.046875,0,99,214118e81c06,214118e81c06
235293ffcb748655,cifar100,ssb-v4,cnn,protocol-v6,0.4,0,10,5,3,207,990,0.002312875003553927,0.0051380000077188015,674037760,0.0859375,1,100,214118e81c06,385e345fc15d
235293ffcb748655,cifar100,ssb-v4,cnn,protocol-v6,0.4,0,10,5,3,208,991,0.002405166975222528,0.005117207998409867,674037760,0.0859375,0,100,385e345fc15d,385e345fc15d
235293ffcb748655,cifar100,ssb-v4,cnn,protocol-v6,0.4,0,10,5,3,209,992,0.0023255840642377734,0.005141583038493991,674037760,0.0703125,0,100,385e345fc15d,385e345fc15d
235293ffcb748655,cifar100,ssb-v4,cnn,protocol-v6,0.4,0,10,5,3,210,993,0.0023272919934242964,0.005109834019094706,674037760,0.078125,0,100,385e345fc15d,385e345fc15d
235293ffcb748655,cifar100,ssb-v4,cnn,protocol-v6,0.4,0,10,5,3,211,994,0.0023654160322621465,0.0051217080326750875,674037760,0.0546875,0,100,385e345fc15d,385e345fc15d
235293ffcb748655,cifar100,ssb-v4,cnn,protocol-v6,0.4,0,10,5,3,212,995,0.0023263749899342656,0.005088749923743308,674037760,0.0546875,0,100,385e345fc15d,385e345fc15d
235293ffcb748655,cifar100,ssb-v4,cnn,protocol-v6,0.4,0,10,5,3,213,996,0.002331041032448411,0.005134250037372112,674037760,0.0703125,0,100,385e345fc15d,385e345fc15d
235293ffcb748655,cifar100,ssb-v4,cnn,protocol-v6,0.4,0,10,5,3,214,997,0.0022956249304115772,0.005111749982461333,674037760,0.0546875,0,100,385e345fc15d,385e345fc15d
235293ffcb748655,cifar100,ssb-v4,cnn,protocol-v6,0.4,0,10,5,3,215,998,0.0023242919705808163,0.005125374998897314,674037760,0.0625,0,100,385e345fc15d,385e345fc15d
235293ffcb748655,cifar100,ssb-v4,cnn,protocol-v6,0.4,0,10,5,3,216,999,0.002343249972909689,0.0051250000251457095,674054144,0.0859375,0,100,385e345fc15d,385e345fc15d
235293ffcb748655,cifar100,ssb-v4,cnn,protocol-v6,0.4,0,10,5,3,217,1000,0.002369666937738657,0.005131624988280237,674054144,0.0625,1,101,385e345fc15d,5b3d30c5f97f
235293ffcb748655,cifar100,ssb-v4,cnn,protocol-v6,0.4,0,10,5,3,218,1001,0.002373209106735885,0.005112749990075827,674054144,0.03125,0,101,5b3d30c5f97f,5b3d30c5f97f
235293ffcb748655,cifar100,ssb-v4,cnn,protocol-v6,0.4,0,10,5,3,219,1002,0.0022602080134674907,0.0050684589659795165,674086912,0.1015625,0,101,5b3d30c5f97f,5b3d30c5f97f
235293ffcb748655,cifar100,ssb-v4,cnn,protocol-v6,0.4,0,10,5,3,220,1003,0.0023664579493924975,0.005114499945193529,674086912,0.046875,0,101,5b3d30c5f97f,5b3d30c5f97f
235293ffcb748655,cifar100,ssb-v4,cnn,protocol-v6,0.4,0,10,5,3,221,1004,0.00230775005184114,0.005132124992087483,674086912,0.0859375,0,101,5b3d30c5f97f,5b3d30c5f97f
235293ffcb748655,cifar100,ssb-v4,cnn,protocol-v6,0.4,0,10,5,3,222,1005,0.002256541047245264,0.005114582949317992,674086912,0.0390625,0,101,5b3d30c5f97f,5b3d30c5f97f
235293ffcb748655,cifar100,ssb-v4,cnn,protocol-v6,0.4,0,10,5,3,223,1006,0.0023025840055197477,0.005152125027962029,674086912,0.0625,0,101,5b3d30c5f97f,5b3d30c5f97f
235293ffcb748655,cifar100,ssb-v4,cnn,protocol-v6,0.4,0,10,5,3,224,1007,0.0023092919727787375,0.005126208998262882,674086912,0.09375,0,101,5b3d30c5f97f,5b3d30c5f97f
235293ffcb748655,cifar100,ssb-v4,cnn,protocol-v6,0.4,0,10,5,3,225,1008,0.0023025000700727105,0.005148667027242482,674103296,0.1015625,0,101,5b3d30c5f97f,5b3d30c5f97f
235293ffcb748655,cifar100,ssb-v4,cnn,protocol-v6,0.4,0,10,5,3,226,1009,0.0023037500213831663,0.005132332909852266,674103296,0.03125,0,101,5b3d30c5f97f,5b3d30c5f97f
235293ffcb748655,cifar100,ssb-v4,cnn,protocol-v6,0.4,0,10,5,3,227,1010,0.0022585829719901085,0.005100582959130406,674103296,0.0625,1,102,5b3d30c5f97f,ef2f799266e1
235293ffcb748655,cifar100,ssb-v4,cnn,protocol-v6,0.4,0,10,5,3,228,1011,0.0023430419387295842,0.005075625027529895,674103296,0.03125,0,102,ef2f799266e1,ef2f799266e1
235293ffcb748655,cifar100,ssb-v4,cnn,protocol-v6,0.4,0,10,5,3,229,1012,0.0023595409002155066,0.005124874995090067,674119680,0.0390625,0,102,ef2f799266e1,ef2f799266e1
235293ffcb748655,cifar100,ssb-v4,cnn,protocol-v6,0.4,0,10,5,3,230,1013,0.0023008750285953283,0.0051083340076729655,674119680,0.0390625,0,102,ef2f799266e1,ef2f799266e1
235293ffcb748655,cifar100,ssb-v4,cnn,protocol-v6,0.4,0,10,5,3,231,1014,0.0023379590129479766,0.005101499962620437,674119680,0.0625,0,102,ef2f799266e1,ef2f799266e1
235293ffcb748655,cifar100,ssb-v4,cnn,protocol-v6,0.4,0,10,5,3,232,1015,0.0023252919781953096,0.005112832994200289,674119680,0.0625,0,102,ef2f799266e1,ef2f799266e1
235293ffcb748655,cifar100,ssb-v4,cnn,protocol-v6,0.4,0,10,5,3,233,1016,0.00231858401093632,0.005138959037140012,674119680,0.09375,0,102,ef2f799266e1,ef2f799266e1
235293ffcb748655,cifar100,ssb-v4,cnn,protocol-v6,0.4,0,10,5,3,234,1017,0.002343958942219615,0.005138749955222011,674119680,0.0546875,0,102,ef2f799266e1,ef2f799266e1
235293ffcb748655,cifar100,ssb-v4,cnn,protocol-v6,0.4,0,10,5,3,235,1018,0.0023299999302253127,0.005117791006341577,674119680,0.046875,0,102,ef2f799266e1,ef2f799266e1
235293ffcb748655,cifar100,ssb-v4,cnn,protocol-v6,0.4,0,10,5,3,236,1019,0.0023430419387295842,0.005123084061779082,674119680,0.1171875,0,102,ef2f799266e1,ef2f799266e1
235293ffcb748655,cifar100,ssb-v4,cnn,protocol-v6,0.4,0,10,5,3,237,1020,0.0023312499979510903,0.005108500015921891,674119680,0.0859375,1,103,ef2f799266e1,40dba91a28be
235293ffcb748655,cifar100,ssb-v4,cnn,protocol-v6,0.4,0,10,5,3,238,1021,0.0022849999368190765,0.005112208076752722,674119680,0.03125,0,103,40dba91a28be,40dba91a28be
235293ffcb748655,cifar100,ssb-v4,cnn,protocol-v6,0.4,0,10,5,3,239,1022,0.0022951250430196524,0.005090499995276332,674119680,0.046875,0,103,40dba91a28be,40dba91a28be
235293ffcb748655,cifar100,ssb-v4,cnn,protocol-v6,0.4,0,10,5,3,240,1023,0.002324917004443705,0.0051470419857650995,674119680,0.0546875,0,103,40dba91a28be,40dba91a28be
235293ffcb748655,cifar100,ssb-v4,cnn,protocol-v6,0.4,0,10,5,3,241,1024,0.0022544580278918147,0.005131417070515454,674136064,0.0625,0,103,40dba91a28be,40dba91a28be
235293ffcb748655,cifar100,ssb-v4,cnn,protocol-v6,0.4,0,10,5,3,242,1025,0.0022656249348074198,0.005077625042758882,674136064,0.078125,0,103,40dba91a28be,40dba91a28be
235293ffcb748655,cifar100,ssb-v4,cnn,protocol-v6,0.4,0,10,5,3,243,1026,0.0023216670379042625,0.005274084047414362,674136064,0.0625,0,103,40dba91a28be,40dba91a28be
235293ffcb748655,cifar100,ssb-v4,cnn,protocol-v6,0.4,0,10,5,3,244,1027,0.002301792032085359,0.005119416979141533,674136064,0.1015625,0,103,40dba91a28be,40dba91a28be
235293ffcb748655,cifar100,ssb-v4,cnn,protocol-v6,0.4,0,10,5,3,245,1028,0.002278708037920296,0.005133750033564866,674136064,0.0390625,0,103,40dba91a28be,40dba91a28be
235293ffcb748655,cifar100,ssb-v4,cnn,protocol-v6,0.4,0,10,5,3,246,1029,0.0022671660408377647,0.005189624964259565,674136064,0.0703125,0,103,40dba91a28be,40dba91a28be
235293ffcb748655,cifar100,ssb-v4,cnn,protocol-v6,0.4,0,10,5,3,247,1030,0.002313624951057136,0.00515604205429554,674136064,0.046875,1,104,40dba91a28be,6fcfa94c748c
235293ffcb748655,cifar100,ssb-v4,cnn,protocol-v6,0.4,0,10,5,3,248,1031,0.0023597499821335077,0.005120707908645272,674136064,0.0703125,0,104,6fcfa94c748c,6fcfa94c748c
235293ffcb748655,cifar100,ssb-v4,cnn,protocol-v6,0.4,0,10,5,3,249,1032,0.0023561669513583183,0.0051154999528080225,674136064,0.0625,0,104,6fcfa94c748c,6fcfa94c748c
235293ffcb748655,cifar100,ssb-v4,cnn,protocol-v6,0.4,0,10,5,3,250,1033,0.0024096659617498517,0.00509770808275789,674136064,0.0625,0,104,6fcfa94c748c,6fcfa94c748c
235293ffcb748655,cifar100,ssb-v4,cnn,protocol-v6,0.4,0,10,5,3,251,1034,0.0023384169908240438,0.00514699995983392,674136064,0.0625,0,104,6fcfa94c748c,6fcfa94c748c
235293ffcb748655,cifar100,ssb-v4,cnn,protocol-v6,0.4,0,10,5,3,252,1035,0.002324333065189421,0.005141583038493991,674136064,0.046875,0,104,6fcfa94c748c,6fcfa94c748c
235293ffcb748655,cifar100,ssb-v4,cnn,protocol-v6,0.4,0,10,5,3,253,1036,0.0023665420012548566,0.005129417055286467,674136064,0.0703125,0,104,6fcfa94c748c,6fcfa94c748c
235293ffcb748655,cifar100,ssb-v4,cnn,protocol-v6,0.4,0,10,5,3,254,1037,0.0023434170288965106,0.005140791996382177,674136064,0.046875,0,104,6fcfa94c748c,6fcfa94c748c
235293ffcb748655,cifar100,ssb-v4,cnn,protocol-v6,0.4,0,10,5,3,255,1038,0.0023452499881386757,0.005142833921127021,674152448,0.0703125,0,104,6fcfa94c748c,6fcfa94c748c
235293ffcb748655,cifar100,ssb-v4,cnn,protocol-v6,0.4,0,10,5,3,256,1039,0.0023125000298023224,0.005147916032001376,674152448,0.0625,0,104,6fcfa94c748c,6fcfa94c748c
235293ffcb748655,cifar100,ssb-v4,cnn,protocol-v6,0.4,0,10,5,3,257,1040,0.0023275830317288637,0.005112417042255402,674152448,0.046875,1,105,6fcfa94c748c,cdb23968f01e
235293ffcb748655,cifar100,ssb-v4,cnn,protocol-v6,0.4,0,10,5,3,258,1041,0.002350624999962747,0.005105750053189695,674152448,0.078125,0,105,cdb23968f01e,cdb23968f01e
235293ffcb748655,cifar100,ssb-v4,cnn,protocol-v6,0.4,0,10,5,3,259,1042,0.0022497919853776693,0.0051466249860823154,674152448,0.1171875,0,105,cdb23968f01e,cdb23968f01e
235293ffcb748655,cifar100,ssb-v4,cnn,protocol-v6,0.4,0,10,5,3,260,1043,0.002307416987605393,0.005151333985850215,674152448,0.0390625,0,105,cdb23968f01e,cdb23968f01e
235293ffcb748655,cifar100,ssb-v4,cnn,protocol-v6,0.4,0,10,5,3,261,1044,0.0022928749676793814,0.005188083043321967,674152448,0.1015625,0,105,cdb23968f01e,cdb23968f01e
235293ffcb748655,cifar100,ssb-v4,cnn,protocol-v6,0.4,0,10,5,3,262,1045,0.00229049997869879,0.005211499985307455,674152448,0.0546875,0,105,cdb23968f01e,cdb23968f01e
235293ffcb748655,cifar100,ssb-v4,cnn,protocol-v6,0.4,0,10,5,3,263,1046,0.002310000010766089,0.00513862504158169,674168832,0.0546875,0,105,cdb23968f01e,cdb23968f01e
235293ffcb748655,cifar100,ssb-v4,cnn,protocol-v6,0.4,0,10,5,3,264,1047,0.0022828750079497695,0.005131165962666273,674168832,0.078125,0,105,cdb23968f01e,cdb23968f01e
235293ffcb748655,cifar100,ssb-v4,cnn,protocol-v6,0.4,0,10,5,3,265,1048,0.002264374983496964,0.00513124989811331,674168832,0.0703125,0,105,cdb23968f01e,cdb23968f01e
235293ffcb748655,cifar100,ssb-v4,cnn,protocol-v6,0.4,0,10,5,3,266,1049,0.0023460000520572066,0.005107083008624613,674168832,0.0546875,0,105,cdb23968f01e,cdb23968f01e
235293ffcb748655,cifar100,ssb-v4,cnn,protocol-v6,0.4,0,10,5,3,267,1050,0.002297000028192997,0.005141000030562282,674168832,0.0703125,1,106,cdb23968f01e,e893f8a5eab8
235293ffcb748655,cifar100,ssb-v4,cnn,protocol-v6,0.4,0,10,5,3,268,1051,0.00238475005608052,0.005105540971271694,674185216,0.046875,0,106,e893f8a5eab8,e893f8a5eab8
235293ffcb748655,cifar100,ssb-v4,cnn,protocol-v6,0.4,0,10,5,3,269,1052,0.002330582938157022,0.005057708011008799,674185216,0.0390625,0,106,e893f8a5eab8,e893f8a5eab8
235293ffcb748655,cifar100,ssb-v4,cnn,protocol-v6,0.4,0,10,5,3,270,1053,0.002349416958168149,0.005120499990880489,674185216,0.046875,0,106,e893f8a5eab8,e893f8a5eab8
235293ffcb748655,cifar100,ssb-v4,cnn,protocol-v6,0.4,0,10,5,3,271,1054,0.0023040419910103083,0.005126000032760203,674185216,0.046875,0,106,e893f8a5eab8,e893f8a5eab8
235293ffcb748655,cifar100,ssb-v4,cnn,protocol-v6,0.4,0,10,5,3,272,1055,0.0023343750508502126,0.0051287919050082564,674185216,0.0546875,0,106,e893f8a5eab8,e893f8a5eab8
235293ffcb748655,cifar100,ssb-v4,cnn,protocol-v6,0.4,0,10,5,3,273,1056,0.002344915992580354,0.005099875037558377,674185216,0.0625,0,106,e893f8a5eab8,e893f8a5eab8
235293ffcb748655,cifar100,ssb-v4,cnn,protocol-v6,0.4,0,10,5,3,274,1057,0.0023454169277101755,0.005186958936974406,674185216,0.09375,0,106,e893f8a5eab8,e893f8a5eab8
235293ffcb748655,cifar100,ssb-v4,cnn,protocol-v6,0.4,0,10,5,3,275,1058,0.00233291694894433,0.0051000420935451984,674185216,0.0625,0,106,e893f8a5eab8,e893f8a5eab8
235293ffcb748655,cifar100,ssb-v4,cnn,protocol-v6,0.4,0,10,5,3,276,1059,0.002296249964274466,0.005131041980348527,674185216,0.046875,0,106,e893f8a5eab8,e893f8a5eab8
235293ffcb748655,cifar100,ssb-v4,cnn,protocol-v6,0.4,0,10,5,3,277,1060,0.002332083065994084,0.005145667004399002,674201600,0.078125,1,107,e893f8a5eab8,88f04dfcd763
235293ffcb748655,cifar100,ssb-v4,cnn,protocol-v6,0.4,0,10,5,3,278,1061,0.002344292006455362,0.005132958060130477,674201600,0.0546875,0,107,88f04dfcd763,88f04dfcd763
235293ffcb748655,cifar100,ssb-v4,cnn,protocol-v6,0.4,0,10,5,3,279,1062,0.002322165993973613,0.005161333014257252,674201600,0.0703125,0,107,88f04dfcd763,88f04dfcd763
235293ffcb748655,cifar100,ssb-v4,cnn,protocol-v6,0.4,0,10,5,3,280,1063,0.002296874998137355,0.005148458061739802,674201600,0.0390625,0,107,88f04dfcd763,88f04dfcd763
235293ffcb748655,cifar100,ssb-v4,cnn,protocol-v6,0.4,0,10,5,3,281,1064,0.0023052499163895845,0.005149042000994086,674201600,0.0625,0,107,88f04dfcd763,88f04dfcd763
235293ffcb748655,cifar100,ssb-v4,cnn,protocol-v6,0.4,0,10,5,3,282,1065,0.0023570419289171696,0.005140500026755035,674201600,0.0390625,0,107,88f04dfcd763,88f04dfcd763
235293ffcb748655,cifar100,ssb-v4,cnn,protocol-v6,0.4,0,10,5,3,283,1066,0.002300624968484044,0.005138542037457228,674201600,0.0859375,0,107,88f04dfcd763,88f04dfcd763
235293ffcb748655,cifar100,ssb-v4,cnn,protocol-v6,0.4,0,10,5,3,284,1067,0.00226712494622916,0.0051348329288885,674201600,0.078125,0,107,88f04dfcd763,88f04dfcd763
235293ffcb748655,cifar100,ssb-v4,cnn,protocol-v6,0.4,0,10,5,3,285,1068,0.002354291034862399,0.005130582954734564,674201600,0.0703125,0,107,88f04dfcd763,88f04dfcd763
235293ffcb748655,cifar100,ssb-v4,cnn,protocol-v6,0.4,0,10,5,3,286,1069,0.0022977080661803484,0.0051451659528538585,674201600,0.1015625,0,107,88f04dfcd763,88f04dfcd763
235293ffcb748655,cifar100,ssb-v4,cnn,protocol-v6,0.4,0,10,5,3,287,1070,0.002246542018838227,0.005146874929778278,674201600,0.0703125,1,108,88f04dfcd763,7ec0a6f82586
235293ffcb748655,cifar100,ssb-v4,cnn,protocol-v6,0.4,0,10,5,3,288,1071,0.002358625060878694,0.005118499975651503,674201600,0.0234375,0,108,7ec0a6f82586,7ec0a6f82586
235293ffcb748655,cifar100,ssb-v4,cnn,protocol-v6,0.4,0,10,5,3,289,1072,0.0023617499973624945,0.005150584038347006,674217984,0.046875,0,108,7ec0a6f82586,7ec0a6f82586
235293ffcb748655,cifar100,ssb-v4,cnn,protocol-v6,0.4,0,10,5,3,290,1073,0.0023486249847337604,0.0051582499872893095,674217984,0.078125,0,108,7ec0a6f82586,7ec0a6f82586
235293ffcb748655,cifar100,ssb-v4,cnn,protocol-v6,0.4,0,10,5,3,291,1074,0.002354125026613474,0.005131208919920027,674217984,0.0390625,0,108,7ec0a6f82586,7ec0a6f82586
235293ffcb748655,cifar100,ssb-v4,cnn,protocol-v6,0.4,0,10,5,3,292,1075,0.002413374953903258,0.005122874979861081,674217984,0.0390625,0,108,7ec0a6f82586,7ec0a6f82586
235293ffcb748655,cifar100,ssb-v4,cnn,protocol-v6,0.4,0,10,5,3,293,1076,0.0023628328926861286,0.005131875048391521,674217984,0.0546875,0,108,7ec0a6f82586,7ec0a6f82586
235293ffcb748655,cifar100,ssb-v4,cnn,protocol-v6,0.4,0,10,5,3,294,1077,0.00229854101780802,0.0051520830020308495,674217984,0.140625,0,108,7ec0a6f82586,7ec0a6f82586
235293ffcb748655,cifar100,ssb-v4,cnn,protocol-v6,0.4,0,10,5,3,295,1078,0.00227462500333786,0.0051108329789713025,674217984,0.078125,0,108,7ec0a6f82586,7ec0a6f82586
235293ffcb748655,cifar100,ssb-v4,cnn,protocol-v6,0.4,0,10,5,3,296,1079,0.002353499992750585,0.0051561250584200025,674217984,0.0546875,0,108,7ec0a6f82586,7ec0a6f82586
235293ffcb748655,cifar100,ssb-v4,cnn,protocol-v6,0.4,0,10,5,3,297,1080,0.0023140840930864215,0.005135708022862673,674217984,0.1015625,1,109,7ec0a6f82586,de0efa9a182f
235293ffcb748655,cifar100,ssb-v4,cnn,protocol-v6,0.4,0,10,5,3,298,1081,0.0023558749817311764,0.00514945900067687,674217984,0.046875,0,109,de0efa9a182f,de0efa9a182f
235293ffcb748655,cifar100,ssb-v4,cnn,protocol-v6,0.4,0,10,5,3,299,1082,0.002307250048033893,0.005104832933284342,674217984,0.0390625,0,109,de0efa9a182f,de0efa9a182f
235293ffcb748655,cifar100,ssb-v4,cnn,protocol-v6,0.4,0,10,5,3,300,1083,0.002303041983395815,0.0051683749770745635,674234368,0.0546875,0,109,de0efa9a182f,de0efa9a182f
235293ffcb748655,cifar100,ssb-v4,cnn,protocol-v6,0.4,0,10,5,3,301,1084,0.0023196249967440963,0.0051284999353811145,674234368,0.046875,0,109,de0efa9a182f,de0efa9a182f
235293ffcb748655,cifar100,ssb-v4,cnn,protocol-v6,0.4,0,10,5,3,302,1085,0.0022916250163689256,0.005117957945913076,674234368,0.03125,0,109,de0efa9a182f,de0efa9a182f
235293ffcb748655,cifar100,ssb-v4,cnn,protocol-v6,0.4,0,10,5,3,303,1086,0.0023341249907389283,0.005116749904118478,674234368,0.0859375,0,109,de0efa9a182f,de0efa9a182f
235293ffcb748655,cifar100,ssb-v4,cnn,protocol-v6,0.4,0,10,5,3,304,1087,0.0022923749638721347,0.005125832976773381,674234368,0.0703125,0,109,de0efa9a182f,de0efa9a182f
235293ffcb748655,cifar100,ssb-v4,cnn,protocol-v6,0.4,0,10,5,3,305,1088,0.002315583056770265,0.005133875063620508,674234368,0.046875,0,109,de0efa9a182f,de0efa9a182f
235293ffcb748655,cifar100,ssb-v4,cnn,protocol-v6,0.4,0,10,5,3,306,1089,0.0024337091017514467,0.005135999992489815,674234368,0.0625,0,109,de0efa9a182f,de0efa9a182f
235293ffcb748655,cifar100,ssb-v4,cnn,protocol-v6,0.4,0,10,5,3,307,1090,0.00231087498832494,0.005151916993781924,674234368,0.0859375,1,110,de0efa9a182f,3b0d41939f18
235293ffcb748655,cifar100,ssb-v4,cnn,protocol-v6,0.4,0,10,5,3,308,1091,0.0023340419866144657,0.005156416911631823,674234368,0.078125,0,110,3b0d41939f18,3b0d41939f18
235293ffcb748655,cifar100,ssb-v4,cnn,protocol-v6,0.4,0,10,5,3,309,1092,0.002377333934418857,0.00516720802988857,674234368,0.078125,0,110,3b0d41939f18,3b0d41939f18
235293ffcb748655,cifar100,ssb-v4,cnn,protocol-v6,0.4,0,10,5,3,310,1093,0.00235820806119591,0.005137500003911555,674234368,0.109375,0,110,3b0d41939f18,3b0d41939f18
235293ffcb748655,cifar100,ssb-v4,cnn,protocol-v6,0.4,0,10,5,3,311,1094,0.002308167051523924,0.0051622920436784625,674234368,0.0546875,0,110,3b0d41939f18,3b0d41939f18
235293ffcb748655,cifar100,ssb-v4,cnn,protocol-v6,0.4,0,10,5,3,312,1095,0.0023460000520572066,0.00509337498806417,674234368,0.0859375,0,110,3b0d41939f18,3b0d41939f18
235293ffcb748655,cifar100,ssb-v4,cnn,protocol-v6,0.4,0,10,5,3,313,1096,0.0023345419904217124,0.005060416995547712,674234368,0.1015625,0,110,3b0d41939f18,3b0d41939f18
235293ffcb748655,cifar100,ssb-v4,cnn,protocol-v6,0.4,0,10,5,3,314,1097,0.0024346669670194387,0.005147874937392771,674250752,0.09375,0,110,3b0d41939f18,3b0d41939f18
235293ffcb748655,cifar100,ssb-v4,cnn,protocol-v6,0.4,0,10,5,3,315,1098,0.00234904105309397,0.005125166964717209,674267136,0.0078125,0,110,3b0d41939f18,3b0d41939f18
235293ffcb748655,cifar100,ssb-v4,cnn,protocol-v6,0.4,0,10,5,3,316,1099,0.002340167062357068,0.0051203330513089895,674267136,0.1171875,0,110,3b0d41939f18,3b0d41939f18
235293ffcb748655,cifar100,ssb-v4,cnn,protocol-v6,0.4,0,10,5,3,317,1100,0.002409416949376464,0.005133374943397939,674267136,0.0703125,1,111,3b0d41939f18,263ac1d286b3
235293ffcb748655,cifar100,ssb-v4,cnn,protocol-v6,0.4,0,10,5,3,318,1101,0.002359209000132978,0.005147124989889562,674267136,0.0390625,0,111,263ac1d286b3,263ac1d286b3
235293ffcb748655,cifar100,ssb-v4,cnn,protocol-v6,0.4,0,10,5,3,319,1102,0.002324500004760921,0.0051492080092430115,674267136,0.046875,0,111,263ac1d286b3,263ac1d286b3
235293ffcb748655,cifar100,ssb-v4,cnn,protocol-v6,0.4,0,10,5,3,320,1103,0.0022538750199601054,0.005123250070028007,674283520,0.046875,0,111,263ac1d286b3,263ac1d286b3
235293ffcb748655,cifar100,ssb-v4,cnn,protocol-v6,0.4,0,10,5,3,321,1104,0.0023029169533401728,0.0051723329816013575,674283520,0.0546875,0,111,263ac1d286b3,263ac1d286b3
235293ffcb748655,cifar100,ssb-v4,cnn,protocol-v6,0.4,0,10,5,3,322,1105,0.002315749996341765,0.005171584081836045,674283520,0.0390625,0,111,263ac1d286b3,263ac1d286b3
235293ffcb748655,cifar100,ssb-v4,cnn,protocol-v6,0.4,0,10,5,3,323,1106,0.002267500036396086,0.005146833951584995,674283520,0.0546875,0,111,263ac1d286b3,263ac1d286b3
235293ffcb748655,cifar100,ssb-v4,cnn,protocol-v6,0.4,0,10,5,3,324,1107,0.002314792014658451,0.005125041003338993,674283520,0.0234375,0,111,263ac1d286b3,263ac1d286b3
235293ffcb748655,cifar100,ssb-v4,cnn,protocol-v6,0.4,0,10,5,3,325,1108,0.0023092080373317003,0.00514195894356817,674283520,0.1171875,0,111,263ac1d286b3,263ac1d286b3
235293ffcb748655,cifar100,ssb-v4,cnn,protocol-v6,0.4,0,10,5,3,326,1109,0.0023048330331221223,0.005141665926203132,674283520,0.03125,0,111,263ac1d286b3,263ac1d286b3
235293ffcb748655,cifar100,ssb-v4,cnn,protocol-v6,0.4,0,10,5,3,327,1110,0.0023678340949118137,0.005164833972230554,674283520,0.046875,1,112,263ac1d286b3,33df83b98c63
235293ffcb748655,cifar100,ssb-v4,cnn,protocol-v6,0.4,0,10,5,3,328,1111,0.002377416007220745,0.005154749960638583,674283520,0.0859375,0,112,33df83b98c63,33df83b98c63
235293ffcb748655,cifar100,ssb-v4,cnn,protocol-v6,0.4,0,10,5,3,329,1112,0.00237791589461267,0.005166082992218435,674283520,0.0546875,0,112,33df83b98c63,33df83b98c63
235293ffcb748655,cifar100,ssb-v4,cnn,protocol-v6,0.4,0,10,5,3,330,1113,0.0023020419757813215,0.005134667037054896,674299904,0.0390625,0,112,33df83b98c63,33df83b98c63
235293ffcb748655,cifar100,ssb-v4,cnn,protocol-v6,0.4,0,10,5,3,331,1114,0.002338042017072439,0.005110415979288518,674299904,0.0546875,0,112,33df83b98c63,33df83b98c63
235293ffcb748655,cifar100,ssb-v4,cnn,protocol-v6,0.4,0,10,5,3,332,1115,0.0023546660086140037,0.005127541953697801,674299904,0.078125,0,112,33df83b98c63,33df83b98c63
235293ffcb748655,cifar100,ssb-v4,cnn,protocol-v6,0.4,0,10,5,3,333,1116,0.0023106669541448355,0.005145416944287717,674299904,0.09375,0,112,33df83b98c63,33df83b98c63
235293ffcb748655,cifar100,ssb-v4,cnn,protocol-v6,0.4,0,10,5,3,334,1117,0.0023390419082716107,0.00511508306954056,674299904,0.0546875,0,112,33df83b98c63,33df83b98c63
235293ffcb748655,cifar100,ssb-v4,cnn,protocol-v6,0.4,0,10,5,3,335,1118,0.0023504580603912473,0.005133833969011903,674299904,0.0625,0,112,33df83b98c63,33df83b98c63
235293ffcb748655,cifar100,ssb-v4,cnn,protocol-v6,0.4,0,10,5,3,336,1119,0.002302750013768673,0.005131165962666273,674299904,0.1015625,0,112,33df83b98c63,33df83b98c63
235293ffcb748655,cifar100,ssb-v4,cnn,protocol-v6,0.4,0,10,5,3,337,1120,0.0023341249907389283,0.005142832989804447,674299904,0.078125,1,113,33df83b98c63,603f8747a3bb
235293ffcb748655,cifar100,ssb-v4,cnn,protocol-v6,0.4,0,10,5,3,338,1121,0.0023342089261859655,0.005142417037859559,674316288,0.03125,0,113,603f8747a3bb,603f8747a3bb
235293ffcb748655,cifar100,ssb-v4,cnn,protocol-v6,0.4,0,10,5,3,339,1122,0.0022988750133663416,0.00513112498447299,674316288,0.0546875,0,113,603f8747a3bb,603f8747a3bb
235293ffcb748655,cifar100,ssb-v4,cnn,protocol-v6,0.4,0,10,5,3,340,1123,0.0022996249608695507,0.00510324991773814,674332672,0.0703125,0,113,603f8747a3bb,603f8747a3bb
235293ffcb748655,cifar100,ssb-v4,cnn,protocol-v6,0.4,0,10,5,3,341,1124,0.002294208970852196,0.005160708096809685,674332672,0.046875,0,113,603f8747a3bb,603f8747a3bb
235293ffcb748655,cifar100,ssb-v4,cnn,protocol-v6,0.4,0,10,5,3,342,1125,0.0022594999754801393,0.005122500006109476,674332672,0.0859375,0,113,603f8747a3bb,603f8747a3bb
235293ffcb748655,cifar100,ssb-v4,cnn,protocol-v6,0.4,0,10,5,3,343,1126,0.0022958749905228615,0.005145875038579106,674332672,0.046875,0,113,603f8747a3bb,603f8747a3bb
235293ffcb748655,cifar100,ssb-v4,cnn,protocol-v6,0.4,0,10,5,3,344,1127,0.0022909160470589995,0.0051191659877076745,674332672,0.0859375,0,113,603f8747a3bb,603f8747a3bb
235293ffcb748655,cifar100,ssb-v4,cnn,protocol-v6,0.4,0,10,5,3,345,1128,0.0022963329683989286,0.005134416976943612,674332672,0.015625,0,113,603f8747a3bb,603f8747a3bb
235293ffcb748655,cifar100,ssb-v4,cnn,protocol-v6,0.4,0,10,5,3,346,1129,0.00228733301628381,0.00511595793068409,674332672,0.0859375,0,113,603f8747a3bb,603f8747a3bb
235293ffcb748655,cifar100,ssb-v4,cnn,protocol-v6,0.4,0,10,5,3,347,1130,0.0023190000792965293,0.005151125020347536,674332672,0.0625,1,114,603f8747a3bb,2d162a82851d
235293ffcb748655,cifar100,ssb-v4,cnn,protocol-v6,0.4,0,10,5,3,348,1131,0.0023535420186817646,0.00511841697152704,674332672,0.046875,0,114,2d162a82851d,2d162a82851d
235293ffcb748655,cifar100,ssb-v4,cnn,protocol-v6,0.4,0,10,5,3,349,1132,0.0023451249580830336,0.005134166101925075,674332672,0.0546875,0,114,2d162a82851d,2d162a82851d
235293ffcb748655,cifar100,ssb-v4,cnn,protocol-v6,0.4,0,10,5,3,350,1133,0.0023674159310758114,0.005157832987606525,674332672,0.03125,0,114,2d162a82851d,2d162a82851d
235293ffcb748655,cifar100,ssb-v4,cnn,protocol-v6,0.4,0,10,5,3,351,1134,0.0024185829097405076,0.00512591702863574,674332672,0.046875,0,114,2d162a82851d,2d162a82851d
235293ffcb748655,cifar100,ssb-v4,cnn,protocol-v6,0.4,0,10,5,3,352,1135,0.002351708011701703,0.00512483308557421,674349056,0.0859375,0,114,2d162a82851d,2d162a82851d
235293ffcb748655,cifar100,ssb-v4,cnn,protocol-v6,0.4,0,10,5,3,353,1136,0.0023647499037906528,0.005131667014211416,674349056,0.046875,0,114,2d162a82851d,2d162a82851d
235293ffcb748655,cifar100,ssb-v4,cnn,protocol-v6,0.4,0,10,5,3,354,1137,0.0023204589961096644,0.005160457920283079,674349056,0.0390625,0,114,2d162a82851d,2d162a82851d
235293ffcb748655,cifar100,ssb-v4,cnn,protocol-v6,0.4,0,10,5,3,355,1138,0.002345666056498885,0.0051408750005066395,674349056,0.0859375,0,114,2d162a82851d,2d162a82851d
235293ffcb748655,cifar100,ssb-v4,cnn,protocol-v6,0.4,0,10,5,3,356,1139,0.0023938330123201013,0.005130000063218176,674349056,0.0625,0,114,2d162a82851d,2d162a82851d
235293ffcb748655,cifar100,ssb-v4,cnn,protocol-v6,0.4,0,10,5,3,357,1140,0.0023662500316277146,0.0051637920551002026,674349056,0.0703125,1,115,2d162a82851d,c9fc60a2c98d
235293ffcb748655,cifar100,ssb-v4,cnn,protocol-v6,0.4,0,10,5,3,358,1141,0.002427582978270948,0.005178374936804175,674349056,0.0546875,0,115,c9fc60a2c98d,c9fc60a2c98d
235293ffcb748655,cifar100,ssb-v4,cnn,protocol-v6,0.4,0,10,5,3,359,1142,0.0022726249881088734,0.0051697909366339445,674349056,0.0546875,0,115,c9fc60a2c98d,c9fc60a2c98d
235293ffcb748655,cifar100,ssb-v4,cnn,protocol-v6,0.4,0,10,5,3,360,1143,0.0023281669709831476,0.00514683302026242,674349056,0.078125,0,115,c9fc60a2c98d,c9fc60a2c98d
235293ffcb748655,cifar100,ssb-v4,cnn,protocol-v6,0.4,0,10,5,3,361,1144,0.002305417088791728,0.005129124969244003,674365440,0.0625,0,115,c9fc60a2c98d,c9fc60a2c98d
235293ffcb748655,cifar100,ssb-v4,cnn,protocol-v6,0.4,0,10,5,3,362,1145,0.002231582999229431,0.0051509999902918935,674365440,0.09375,0,115,c9fc60a2c98d,c9fc60a2c98d
235293ffcb748655,cifar100,ssb-v4,cnn,protocol-v6,0.4,0,10,5,3,363,1146,0.0022804170148447156,0.0051296669989824295,674365440,0.078125,0,115,c9fc60a2c98d,c9fc60a2c98d
235293ffcb748655,cifar100,ssb-v4,cnn,protocol-v6,0.4,0,10,5,3,364,1147,0.002304541994817555,0.0051570829236879945,674365440,0.0546875,0,115,c9fc60a2c98d,c9fc60a2c98d
235293ffcb748655,cifar100,ssb-v4,cnn,protocol-v6,0.4,0,10,5,3,365,1148,0.002258584019728005,0.00512812496162951,674365440,0.0859375,0,115,c9fc60a2c98d,c9fc60a2c98d
235293ffcb748655,cifar100,ssb-v4,cnn,protocol-v6,0.4,0,10,5,3,366,1149,0.0023006669944152236,0.005151124903932214,674365440,0.0859375,0,115,c9fc60a2c98d,c9fc60a2c98d
235293ffcb748655,cifar100,ssb-v4,cnn,protocol-v6,0.4,0,10,5,3,367,1150,0.0023067499278113246,0.0051620000740513206,674365440,0.046875,1,116,c9fc60a2c98d,d58962f7a213
235293ffcb748655,cifar100,ssb-v4,cnn,protocol-v6,0.4,0,10,5,3,368,1151,0.0023832499282434583,0.005203375010751188,674365440,0.046875,0,116,d58962f7a213,d58962f7a213
235293ffcb748655,cifar100,ssb-v4,cnn,protocol-v6,0.4,0,10,5,3,369,1152,0.002281834022141993,0.005168500007130206,674365440,0.046875,0,116,d58962f7a213,d58962f7a213
235293ffcb748655,cifar100,ssb-v4,cnn,protocol-v6,0.4,0,10,5,3,370,1153,0.0023586669703945518,0.005147000076249242,674365440,0.0546875,0,116,d58962f7a213,d58962f7a213
235293ffcb748655,cifar100,ssb-v4,cnn,protocol-v6,0.4,0,10,5,3,371,1154,0.002290167030878365,0.005124790943227708,674365440,0.0390625,0,116,d58962f7a213,d58962f7a213
235293ffcb748655,cifar100,ssb-v4,cnn,protocol-v6,0.4,0,10,5,3,372,1155,0.0023273329716175795,0.005165042006410658,674365440,0.0703125,0,116,d58962f7a213,d58962f7a213
235293ffcb748655,cifar100,ssb-v4,cnn,protocol-v6,0.4,0,10,5,3,373,1156,0.0024261659709736705,0.00519749999511987,674365440,0.0703125,0,116,d58962f7a213,d58962f7a213
235293ffcb748655,cifar100,ssb-v4,cnn,protocol-v6,0.4,0,10,5,3,374,1157,0.0023535829968750477,0.0051395000191405416,674365440,0.0625,0,116,d58962f7a213,d58962f7a213
235293ffcb748655,cifar100,ssb-v4,cnn,protocol-v6,0.4,0,10,5,3,375,1158,0.002427041996270418,0.005119999987073243,674365440,0.03125,0,116,d58962f7a213,d58962f7a213
235293ffcb748655,cifar100,ssb-v4,cnn,protocol-v6,0.4,0,10,5,3,376,1159,0.002354249940253794,0.005149708013050258,674365440,0.1171875,0,116,d58962f7a213,d58962f7a213
235293ffcb748655,cifar100,ssb-v4,cnn,protocol-v6,0.4,0,10,5,3,377,1160,0.0023561660200357437,0.005124291987158358,674365440,0.0625,1,117,d58962f7a213,836f8ffe2f24
235293ffcb748655,cifar100,ssb-v4,cnn,protocol-v6,0.4,0,10,5,3,378,1161,0.0022946660174056888,0.00514479202684015,674365440,0.0390625,0,117,836f8ffe2f24,836f8ffe2f24
235293ffcb748655,cifar100,ssb-v4,cnn,protocol-v6,0.4,0,10,5,3,379,1162,0.002318292041309178,0.00514849997125566,674365440,0.1015625,0,117,836f8ffe2f24,836f8ffe2f24
235293ffcb748655,cifar100,ssb-v4,cnn,protocol-v6,0.4,0,10,5,3,380,1163,0.002297708997502923,0.005181250046007335,674365440,0.0546875,0,117,836f8ffe2f24,836f8ffe2f24
235293ffcb748655,cifar100,ssb-v4,cnn,protocol-v6,0.4,0,10,5,3,381,1164,0.0023210420040413737,0.0051937910029664636,674365440,0.1171875,0,117,836f8ffe2f24,836f8ffe2f24
235293ffcb748655,cifar100,ssb-v4,cnn,protocol-v6,0.4,0,10,5,3,382,1165,0.0023732910631224513,0.005161792039871216,674365440,0.0546875,0,117,836f8ffe2f24,836f8ffe2f24
235293ffcb748655,cifar100,ssb-v4,cnn,protocol-v6,0.4,0,10,5,3,383,1166,0.0023012920282781124,0.005123874987475574,674365440,0.0625,0,117,836f8ffe2f24,836f8ffe2f24
235293ffcb748655,cifar100,ssb-v4,cnn,protocol-v6,0.4,0,10,5,3,384,1167,0.0022912919521331787,0.00513429194688797,674365440,0.0390625,0,117,836f8ffe2f24,836f8ffe2f24
235293ffcb748655,cifar100,ssb-v4,cnn,protocol-v6,0.4,0,10,5,3,385,1168,0.0023268749937415123,0.0052031249506399035,674365440,0.046875,0,117,836f8ffe2f24,836f8ffe2f24
235293ffcb748655,cifar100,ssb-v4,cnn,protocol-v6,0.4,0,10,5,3,386,1169,0.0022747089387848973,0.005240208934992552,674365440,0.046875,0,117,836f8ffe2f24,836f8ffe2f24
235293ffcb748655,cifar100,ssb-v4,cnn,protocol-v6,0.4,0,10,5,3,387,1170,0.002283124951645732,0.005159374908544123,674365440,0.078125,1,118,836f8ffe2f24,1cc996af2d59
235293ffcb748655,cifar100,ssb-v4,cnn,protocol-v6,0.4,0,10,5,3,388,1171,0.0024356250651180744,0.005205416004173458,674381824,0.078125,0,118,1cc996af2d59,1cc996af2d59
235293ffcb748655,cifar100,ssb-v4,cnn,protocol-v6,0.4,0,10,5,3,389,1172,0.0023326249793171883,0.005148250027559698,674381824,0.0625,0,118,1cc996af2d59,1cc996af2d59
235293ffcb748655,cifar100,ssb-v4,cnn,protocol-v6,0.4,0,10,5,3,390,1173,0.001833458081819117,0.0036133750109001994,674381824,0.1,0,118,1cc996af2d59,1cc996af2d59
