run_id,dataset,model,architecture,protocol_version,keep_ratio,block_size,seed,epoch,batch,forward_time_s,backward_time_s,memory_bytes,batch_accuracy
dbf5dfcbbc9f5410,cifar100,ssb-v2,cnn,protocol-v3,1.0,0,4,1,0,0.08224604197312146,0.07060191698838025,600948736,0.015625
dbf5dfcbbc9f5410,cifar100,ssb-v2,cnn,protocol-v3,1.0,0,4,1,1,0.008179375028703362,0.023934249999001622,618954752,0.0078125
dbf5dfcbbc9f5410,cifar100,ssb-v2,cnn,protocol-v3,1.0,0,4,1,2,0.006609875010326505,0.017559750005602837,619151360,0.0078125
dbf5dfcbbc9f5410,cifar100,ssb-v2,cnn,protocol-v3,1.0,0,4,1,3,0.005756374972406775,0.0162014159723185,619167744,0.0078125
dbf5dfcbbc9f5410,cifar100,ssb-v2,cnn,protocol-v3,1.0,0,4,1,4,0.0057305420050397515,0.01624525000806898,622280704,0.0234375
dbf5dfcbbc9f5410,cifar100,ssb-v2,cnn,protocol-v3,1.0,0,4,1,5,0.005727999960072339,0.016131540993228555,623869952,0.046875
dbf5dfcbbc9f5410,cifar100,ssb-v2,cnn,protocol-v3,1.0,0,4,1,6,0.005709249991923571,0.0161048750160262,623886336,0.0078125
dbf5dfcbbc9f5410,cifar100,ssb-v2,cnn,protocol-v3,1.0,0,4,1,7,0.005718791973777115,0.016125916969031096,623886336,0.015625
dbf5dfcbbc9f5410,cifar100,ssb-v2,cnn,protocol-v3,1.0,0,4,1,8,0.005694082996342331,0.016093167010694742,627032064,0.0078125
dbf5dfcbbc9f5410,cifar100,ssb-v2,cnn,protocol-v3,1.0,0,4,1,9,0.005775208002887666,0.01599791698390618,628604928,0.0078125
dbf5dfcbbc9f5410,cifar100,ssb-v2,cnn,protocol-v3,1.0,0,4,1,10,0.0057062499690800905,0.016136082995217294,628621312,0.0234375
dbf5dfcbbc9f5410,cifar100,ssb-v2,cnn,protocol-v3,1.0,0,4,1,11,0.005742625042330474,0.016110499971546233,628637696,0.015625
dbf5dfcbbc9f5410,cifar100,ssb-v2,cnn,protocol-v3,1.0,0,4,1,12,0.005731165991164744,0.016111208009533584,628654080,0.0078125
dbf5dfcbbc9f5410,cifar100,ssb-v2,cnn,protocol-v3,1.0,0,4,1,13,0.006149500026367605,0.016128709015902132,628654080,0.015625
dbf5dfcbbc9f5410,cifar100,ssb-v2,cnn,protocol-v3,1.0,0,4,1,14,0.006193416018504649,0.016106292023323476,628654080,0.0390625
dbf5dfcbbc9f5410,cifar100,ssb-v2,cnn,protocol-v3,1.0,0,4,1,15,0.005955457978416234,0.016188499983400106,628654080,0.0234375
dbf5dfcbbc9f5410,cifar100,ssb-v2,cnn,protocol-v3,1.0,0,4,1,16,0.006215000001247972,0.016026041004806757,628670464,0.015625
dbf5dfcbbc9f5410,cifar100,ssb-v2,cnn,protocol-v3,1.0,0,4,1,17,0.00568120798561722,0.016081749985460192,628670464,0.015625
dbf5dfcbbc9f5410,cifar100,ssb-v2,cnn,protocol-v3,1.0,0,4,1,18,0.005693665996659547,0.015904166037216783,628670464,0.0234375
dbf5dfcbbc9f5410,cifar100,ssb-v2,cnn,protocol-v3,1.0,0,4,1,19,0.005700207955669612,0.015970916021615267,628670464,0.0234375
dbf5dfcbbc9f5410,cifar100,ssb-v2,cnn,protocol-v3,1.0,0,4,1,20,0.00569412496406585,0.01606333302333951,628670464,0.03125
dbf5dfcbbc9f5410,cifar100,ssb-v2,cnn,protocol-v3,1.0,0,4,1,21,0.005694459017831832,0.016103583970107138,628670464,0.015625
dbf5dfcbbc9f5410,cifar100,ssb-v2,cnn,protocol-v3,1.0,0,4,1,22,0.00571358302840963,0.016057541011832654,628670464,0.0234375
dbf5dfcbbc9f5410,cifar100,ssb-v2,cnn,protocol-v3,1.0,0,4,1,23,0.006229499995242804,0.016053917002864182,628670464,0.0390625
dbf5dfcbbc9f5410,cifar100,ssb-v2,cnn,protocol-v3,1.0,0,4,1,24,0.006207083002664149,0.016069917008280754,628670464,0.03125
dbf5dfcbbc9f5410,cifar100,ssb-v2,cnn,protocol-v3,1.0,0,4,1,25,0.005716665997169912,0.01604254200356081,628670464,0.046875
dbf5dfcbbc9f5410,cifar100,ssb-v2,cnn,protocol-v3,1.0,0,4,1,26,0.006203291995916516,0.016418625018559396,628670464,0.0234375
dbf5dfcbbc9f5410,cifar100,ssb-v2,cnn,protocol-v3,1.0,0,4,1,27,0.005742000008467585,0.016107874980662018,628670464,0.0234375
dbf5dfcbbc9f5410,cifar100,ssb-v2,cnn,protocol-v3,1.0,0,4,1,28,0.005698458000551909,0.016045082942582667,628670464,0.0546875
dbf5dfcbbc9f5410,cifar100,ssb-v2,cnn,protocol-v3,1.0,0,4,1,29,0.006197666982188821,0.01616975001525134,628670464,0.0234375
dbf5dfcbbc9f5410,cifar100,ssb-v2,cnn,protocol-v3,1.0,0,4,1,30,0.0057204170152544975,0.01608525001211092,628670464,0.046875
dbf5dfcbbc9f5410,cifar100,ssb-v2,cnn,protocol-v3,1.0,0,4,1,31,0.005679290974512696,0.015912125003524125,628670464,0.0234375
dbf5dfcbbc9f5410,cifar100,ssb-v2,cnn,protocol-v3,1.0,0,4,1,32,0.0056990840239450336,0.015935375005938113,628670464,0.0390625
dbf5dfcbbc9f5410,cifar100,ssb-v2,cnn,protocol-v3,1.0,0,4,1,33,0.0056903749937191606,0.015991208027116954,628670464,0.0234375
dbf5dfcbbc9f5410,cifar100,ssb-v2,cnn,protocol-v3,1.0,0,4,1,34,0.005699290952179581,0.015928708016872406,628670464,0.078125
dbf5dfcbbc9f5410,cifar100,ssb-v2,cnn,protocol-v3,1.0,0,4,1,35,0.005690041987691075,0.016110916971229017,628670464,0.0546875
dbf5dfcbbc9f5410,cifar100,ssb-v2,cnn,protocol-v3,1.0,0,4,1,36,0.005723708018194884,0.016078874992672354,628670464,0.046875
dbf5dfcbbc9f5410,cifar100,ssb-v2,cnn,protocol-v3,1.0,0,4,1,37,0.006205709010828286,0.01606937503674999,628670464,0.0390625
dbf5dfcbbc9f5410,cifar100,ssb-v2,cnn,protocol-v3,1.0,0,4,1,38,0.006015958031639457,0.01608612498966977,628670464,0.046875
dbf5dfcbbc9f5410,cifar100,ssb-v2,cnn,protocol-v3,1.0,0,4,1,39,0.00604833394754678,0.016040833026636392,628670464,0.0703125
dbf5dfcbbc9f5410,cifar100,ssb-v2,cnn,protocol-v3,1.0,0,4,1,40,0.005978000001050532,0.016147667018231004,628670464,0.0859375
dbf5dfcbbc9f5410,cifar100,ssb-v2,cnn,protocol-v3,1.0,0,4,1,41,0.0056859999895095825,0.01598112500505522,628670464,0.046875
dbf5dfcbbc9f5410,cifar100,ssb-v2,cnn,protocol-v3,1.0,0,4,1,42,0.005729999975301325,0.016111499979160726,628670464,0.0390625
dbf5dfcbbc9f5410,cifar100,ssb-v2,cnn,protocol-v3,1.0,0,4,1,43,0.005708333046641201,0.016042541014030576,628670464,0.0078125
dbf5dfcbbc9f5410,cifar100,ssb-v2,cnn,protocol-v3,1.0,0,4,1,44,0.0056660830159671605,0.016066875017713755,628670464,0.0625
dbf5dfcbbc9f5410,cifar100,ssb-v2,cnn,protocol-v3,1.0,0,4,1,45,0.005707499978598207,0.016081459005363286,628670464,0.0546875
dbf5dfcbbc9f5410,cifar100,ssb-v2,cnn,protocol-v3,1.0,0,4,1,46,0.005702083988580853,0.01592837501084432,628670464,0.03125
dbf5dfcbbc9f5410,cifar100,ssb-v2,cnn,protocol-v3,1.0,0,4,1,47,0.0057053750497289,0.01608504098840058,628670464,0.0234375
dbf5dfcbbc9f5410,cifar100,ssb-v2,cnn,protocol-v3,1.0,0,4,1,48,0.006060374958906323,0.015948250016663224,628670464,0.0859375
dbf5dfcbbc9f5410,cifar100,ssb-v2,cnn,protocol-v3,1.0,0,4,1,49,0.005716125015169382,0.016064750030636787,628670464,0.0625
dbf5dfcbbc9f5410,cifar100,ssb-v2,cnn,protocol-v3,1.0,0,4,1,50,0.0058401249698363245,0.016135791956912726,628670464,0.0859375
dbf5dfcbbc9f5410,cifar100,ssb-v2,cnn,protocol-v3,1.0,0,4,1,51,0.005713124992325902,0.016118458006531,628670464,0.0234375
dbf5dfcbbc9f5410,cifar100,ssb-v2,cnn,protocol-v3,1.0,0,4,1,52,0.005695375031791627,0.016103792004287243,628670464,0.046875
dbf5dfcbbc9f5410,cifar100,ssb-v2,cnn,protocol-v3,1.0,0,4,1,53,0.005692082981113344,0.015989125007763505,628670464,0.1015625
dbf5dfcbbc9f5410,cifar100,ssb-v2,cnn,protocol-v3,1.0,0,4,1,54,0.005704750015866011,0.016070582962129265,628670464,0.09375
dbf5dfcbbc9f5410,cifar100,ssb-v2,cnn,protocol-v3,1.0,0,4,1,55,0.0056859589531086385,0.015965166967362165,628670464,0.0703125
dbf5dfcbbc9f5410,cifar100,ssb-v2,cnn,protocol-v3,1.0,0,4,1,56,0.005693457962479442,0.016033708001486957,628670464,0.0390625
dbf5dfcbbc9f5410,cifar100,ssb-v2,cnn,protocol-v3,1.0,0,4,1,57,0.005698499968275428,0.015948624990414828,628670464,0.046875
dbf5dfcbbc9f5410,cifar100,ssb-v2,cnn,protocol-v3,1.0,0,4,1,58,0.006240040995180607,0.016088292002677917,628670464,0.09375
dbf5dfcbbc9f5410,cifar100,ssb-v2,cnn,protocol-v3,1.0,0,4,1,59,0.005696249951142818,0.01613133301725611,628703232,0.0859375
dbf5dfcbbc9f5410,cifar100,ssb-v2,cnn,protocol-v3,1.0,0,4,1,60,0.005698000022675842,0.015991416992619634,628719616,0.046875
dbf5dfcbbc9f5410,cifar100,ssb-v2,cnn,protocol-v3,1.0,0,4,1,61,0.005692125007044524,0.016059500048868358,628719616,0.046875
dbf5dfcbbc9f5410,cifar100,ssb-v2,cnn,protocol-v3,1.0,0,4,1,62,0.00570216600317508,0.015969833999406546,628719616,0.0625
dbf5dfcbbc9f5410,cifar100,ssb-v2,cnn,protocol-v3,1.0,0,4,1,63,0.005688790988642722,0.016002291988115758,628719616,0.0625
dbf5dfcbbc9f5410,cifar100,ssb-v2,cnn,protocol-v3,1.0,0,4,1,64,0.005704624985810369,0.0160250419867225,628719616,0.078125
dbf5dfcbbc9f5410,cifar100,ssb-v2,cnn,protocol-v3,1.0,0,4,1,65,0.005684874951839447,0.015936249983496964,628719616,0.125
dbf5dfcbbc9f5410,cifar100,ssb-v2,cnn,protocol-v3,1.0,0,4,1,66,0.0056961660156957805,0.01606779097346589,628719616,0.109375
dbf5dfcbbc9f5410,cifar100,ssb-v2,cnn,protocol-v3,1.0,0,4,1,67,0.005691249971278012,0.016056500026024878,628719616,0.1171875
dbf5dfcbbc9f5410,cifar100,ssb-v2,cnn,protocol-v3,1.0,0,4,1,68,0.005696625041309744,0.016090957971755415,628719616,0.0859375
dbf5dfcbbc9f5410,cifar100,ssb-v2,cnn,protocol-v3,1.0,0,4,1,69,0.005683249968569726,0.016079583030659705,628719616,0.09375
dbf5dfcbbc9f5410,cifar100,ssb-v2,cnn,protocol-v3,1.0,0,4,1,70,0.005686999997124076,0.016067499993368983,628719616,0.0703125
dbf5dfcbbc9f5410,cifar100,ssb-v2,cnn,protocol-v3,1.0,0,4,1,71,0.0062119169742800295,0.016095916042104363,628719616,0.0703125
dbf5dfcbbc9f5410,cifar100,ssb-v2,cnn,protocol-v3,1.0,0,4,1,72,0.005697624990716577,0.016466040979139507,628719616,0.0859375
dbf5dfcbbc9f5410,cifar100,ssb-v2,cnn,protocol-v3,1.0,0,4,1,73,0.005694999999832362,0.01621620904188603,628719616,0.0546875
dbf5dfcbbc9f5410,cifar100,ssb-v2,cnn,protocol-v3,1.0,0,4,1,74,0.0056812500115484,0.015971791988704354,628719616,0.0625
dbf5dfcbbc9f5410,cifar100,ssb-v2,cnn,protocol-v3,1.0,0,4,1,75,0.00567079201573506,0.016059082990977913,628719616,0.0859375
dbf5dfcbbc9f5410,cifar100,ssb-v2,cnn,protocol-v3,1.0,0,4,1,76,0.00569545803591609,0.015945708961226046,628719616,0.0546875
dbf5dfcbbc9f5410,cifar100,ssb-v2,cnn,protocol-v3,1.0,0,4,1,77,0.00567279098322615,0.015935500035993755,628719616,0.0859375
dbf5dfcbbc9f5410,cifar100,ssb-v2,cnn,protocol-v3,1.0,0,4,1,78,0.0057598749990575016,0.01605899998685345,628719616,0.0703125
dbf5dfcbbc9f5410,cifar100,ssb-v2,cnn,protocol-v3,1.0,0,4,1,79,0.005708499986212701,0.01605741702951491,628719616,0.1015625
dbf5dfcbbc9f5410,cifar100,ssb-v2,cnn,protocol-v3,1.0,0,4,1,80,0.005693207960575819,0.01609370904043317,628719616,0.1171875
dbf5dfcbbc9f5410,cifar100,ssb-v2,cnn,protocol-v3,1.0,0,4,1,81,0.006052916985936463,0.01608000003034249,628736000,0.109375
dbf5dfcbbc9f5410,cifar100,ssb-v2,cnn,protocol-v3,1.0,0,4,1,82,0.005708708020392805,0.016007333004381508,628736000,0.09375
dbf5dfcbbc9f5410,cifar100,ssb-v2,cnn,protocol-v3,1.0,0,4,1,83,0.006235083972569555,0.015950625005643815,628736000,0.1015625
dbf5dfcbbc9f5410,cifar100,ssb-v2,cnn,protocol-v3,1.0,0,4,1,84,0.005977290973532945,0.016160708968527615,628736000,0.109375
dbf5dfcbbc9f5410,cifar100,ssb-v2,cnn,protocol-v3,1.0,0,4,1,85,0.0059679169789887965,0.016154957993421704,628736000,0.0703125
dbf5dfcbbc9f5410,cifar100,ssb-v2,cnn,protocol-v3,1.0,0,4,1,86,0.0057051669573411345,0.016060209018178284,628736000,0.125
dbf5dfcbbc9f5410,cifar100,ssb-v2,cnn,protocol-v3,1.0,0,4,1,87,0.005692916980478913,0.016016124980524182,628752384,0.109375
dbf5dfcbbc9f5410,cifar100,ssb-v2,cnn,protocol-v3,1.0,0,4,1,88,0.005704124982003123,0.01594504195963964,628752384,0.125
dbf5dfcbbc9f5410,cifar100,ssb-v2,cnn,protocol-v3,1.0,0,4,1,89,0.005695750005543232,0.015929333050735295,628752384,0.0625
dbf5dfcbbc9f5410,cifar100,ssb-v2,cnn,protocol-v3,1.0,0,4,1,90,0.00569320801878348,0.01607491698814556,628768768,0.109375
dbf5dfcbbc9f5410,cifar100,ssb-v2,cnn,protocol-v3,1.0,0,4,1,91,0.005713041988201439,0.015989582985639572,628768768,0.0859375
dbf5dfcbbc9f5410,cifar100,ssb-v2,cnn,protocol-v3,1.0,0,4,1,92,0.005961666989605874,0.016087875002995133,628768768,0.0859375
dbf5dfcbbc9f5410,cifar100,ssb-v2,cnn,protocol-v3,1.0,0,4,1,93,0.0060270000249147415,0.016038208035752177,628785152,0.078125
dbf5dfcbbc9f5410,cifar100,ssb-v2,cnn,protocol-v3,1.0,0,4,1,94,0.00604329101042822,0.01606962498044595,628785152,0.0859375
dbf5dfcbbc9f5410,cifar100,ssb-v2,cnn,protocol-v3,1.0,0,4,1,95,0.006040624983143061,0.016031916020438075,628785152,0.109375
dbf5dfcbbc9f5410,cifar100,ssb-v2,cnn,protocol-v3,1.0,0,4,1,96,0.006022874964401126,0.016054458974394947,628785152,0.1328125
dbf5dfcbbc9f5410,cifar100,ssb-v2,cnn,protocol-v3,1.0,0,4,1,97,0.005694749997928739,0.016098583990242332,628801536,0.140625
dbf5dfcbbc9f5410,cifar100,ssb-v2,cnn,protocol-v3,1.0,0,4,1,98,0.005701333051547408,0.01617079204879701,628801536,0.0546875
dbf5dfcbbc9f5410,cifar100,ssb-v2,cnn,protocol-v3,1.0,0,4,1,99,0.005678082990925759,0.01607779203914106,628801536,0.140625
dbf5dfcbbc9f5410,cifar100,ssb-v2,cnn,protocol-v3,1.0,0,4,1,100,0.005701916990801692,0.01595700002508238,628801536,0.0859375
dbf5dfcbbc9f5410,cifar100,ssb-v2,cnn,protocol-v3,1.0,0,4,1,101,0.005682417016942054,0.01607845799298957,628801536,0.109375
dbf5dfcbbc9f5410,cifar100,ssb-v2,cnn,protocol-v3,1.0,0,4,1,102,0.00568645796738565,0.01604774995939806,628801536,0.0859375
dbf5dfcbbc9f5410,cifar100,ssb-v2,cnn,protocol-v3,1.0,0,4,1,103,0.005693749990314245,0.01595229102531448,628801536,0.140625
dbf5dfcbbc9f5410,cifar100,ssb-v2,cnn,protocol-v3,1.0,0,4,1,104,0.005705042043700814,0.016080667031928897,628801536,0.125
dbf5dfcbbc9f5410,cifar100,ssb-v2,cnn,protocol-v3,1.0,0,4,1,105,0.005699792003724724,0.016124207992106676,628801536,0.125
dbf5dfcbbc9f5410,cifar100,ssb-v2,cnn,protocol-v3,1.0,0,4,1,106,0.005713833961635828,0.016034542000852525,628801536,0.09375
dbf5dfcbbc9f5410,cifar100,ssb-v2,cnn,protocol-v3,1.0,0,4,1,107,0.005694959021639079,0.01599487499333918,628801536,0.125
dbf5dfcbbc9f5410,cifar100,ssb-v2,cnn,protocol-v3,1.0,0,4,1,108,0.005690332967787981,0.01608616701560095,628801536,0.1015625
dbf5dfcbbc9f5410,cifar100,ssb-v2,cnn,protocol-v3,1.0,0,4,1,109,0.0057009170413948596,0.01605470897629857,628801536,0.1015625
dbf5dfcbbc9f5410,cifar100,ssb-v2,cnn,protocol-v3,1.0,0,4,1,110,0.005712041980586946,0.016071374993771315,628817920,0.09375
dbf5dfcbbc9f5410,cifar100,ssb-v2,cnn,protocol-v3,1.0,0,4,1,111,0.005694625026080757,0.015974749985616654,628817920,0.0859375
dbf5dfcbbc9f5410,cifar100,ssb-v2,cnn,protocol-v3,1.0,0,4,1,112,0.005708582990337163,0.016082750051282346,628817920,0.09375
dbf5dfcbbc9f5410,cifar100,ssb-v2,cnn,protocol-v3,1.0,0,4,1,113,0.005689167010132223,0.016035792010370642,628817920,0.1015625
dbf5dfcbbc9f5410,cifar100,ssb-v2,cnn,protocol-v3,1.0,0,4,1,114,0.005717666994314641,0.016054124978836626,628817920,0.1328125
dbf5dfcbbc9f5410,cifar100,ssb-v2,cnn,protocol-v3,1.0,0,4,1,115,0.005698916967958212,0.016038875037338585,628817920,0.1484375
dbf5dfcbbc9f5410,cifar100,ssb-v2,cnn,protocol-v3,1.0,0,4,1,116,0.005693292012438178,0.016001958982087672,628817920,0.078125
dbf5dfcbbc9f5410,cifar100,ssb-v2,cnn,protocol-v3,1.0,0,4,1,117,0.005704833019990474,0.015951999987009913,628817920,0.125
dbf5dfcbbc9f5410,cifar100,ssb-v2,cnn,protocol-v3,1.0,0,4,1,118,0.005675624997820705,0.015955292037688196,628817920,0.125
dbf5dfcbbc9f5410,cifar100,ssb-v2,cnn,protocol-v3,1.0,0,4,1,119,0.0058115419815294445,0.016153457981999964,628817920,0.09375
dbf5dfcbbc9f5410,cifar100,ssb-v2,cnn,protocol-v3,1.0,0,4,1,120,0.005858167016413063,0.016301416035275906,628817920,0.0859375
dbf5dfcbbc9f5410,cifar100,ssb-v2,cnn,protocol-v3,1.0,0,4,1,121,0.00627920898841694,0.01685604202793911,628834304,0.1171875
dbf5dfcbbc9f5410,cifar100,ssb-v2,cnn,protocol-v3,1.0,0,4,1,122,0.005918666021898389,0.01779987500049174,628834304,0.1640625
dbf5dfcbbc9f5410,cifar100,ssb-v2,cnn,protocol-v3,1.0,0,4,1,123,0.005824375024531037,0.016702332999557257,628834304,0.109375
dbf5dfcbbc9f5410,cifar100,ssb-v2,cnn,protocol-v3,1.0,0,4,1,124,0.005720916960854083,0.016572332999203354,628834304,0.15625
dbf5dfcbbc9f5410,cifar100,ssb-v2,cnn,protocol-v3,1.0,0,4,1,125,0.005711000005248934,0.015999708033632487,628834304,0.140625
dbf5dfcbbc9f5410,cifar100,ssb-v2,cnn,protocol-v3,1.0,0,4,1,126,0.0057055419893004,0.016039709036704153,628834304,0.125
dbf5dfcbbc9f5410,cifar100,ssb-v2,cnn,protocol-v3,1.0,0,4,1,127,0.0057088329922407866,0.016003667027689517,628850688,0.125
dbf5dfcbbc9f5410,cifar100,ssb-v2,cnn,protocol-v3,1.0,0,4,1,128,0.005735167011152953,0.016051833983510733,628850688,0.140625
dbf5dfcbbc9f5410,cifar100,ssb-v2,cnn,protocol-v3,1.0,0,4,1,129,0.005702166992705315,0.016116500017233193,628867072,0.125
dbf5dfcbbc9f5410,cifar100,ssb-v2,cnn,protocol-v3,1.0,0,4,1,130,0.005706750031094998,0.015997250040527433,628867072,0.109375
dbf5dfcbbc9f5410,cifar100,ssb-v2,cnn,protocol-v3,1.0,0,4,1,131,0.0057106660096906126,0.016088667034637183,628867072,0.0859375
dbf5dfcbbc9f5410,cifar100,ssb-v2,cnn,protocol-v3,1.0,0,4,1,132,0.005706000025384128,0.015991041029337794,628883456,0.171875
dbf5dfcbbc9f5410,cifar100,ssb-v2,cnn,protocol-v3,1.0,0,4,1,133,0.005694833002053201,0.016084125032648444,628883456,0.1484375
dbf5dfcbbc9f5410,cifar100,ssb-v2,cnn,protocol-v3,1.0,0,4,1,134,0.0057058329693973064,0.01654199999757111,628883456,0.1015625
dbf5dfcbbc9f5410,cifar100,ssb-v2,cnn,protocol-v3,1.0,0,4,1,135,0.005700749985408038,0.01614729198627174,628883456,0.140625
dbf5dfcbbc9f5410,cifar100,ssb-v2,cnn,protocol-v3,1.0,0,4,1,136,0.0056917910114862025,0.016078999964520335,628899840,0.109375
dbf5dfcbbc9f5410,cifar100,ssb-v2,cnn,protocol-v3,1.0,0,4,1,137,0.0056834169663488865,0.015982416982296854,628899840,0.140625
dbf5dfcbbc9f5410,cifar100,ssb-v2,cnn,protocol-v3,1.0,0,4,1,138,0.005680707981809974,0.015957374998833984,628899840,0.171875
dbf5dfcbbc9f5410,cifar100,ssb-v2,cnn,protocol-v3,1.0,0,4,1,139,0.0057065829751081765,0.01604462502291426,628916224,0.15625
dbf5dfcbbc9f5410,cifar100,ssb-v2,cnn,protocol-v3,1.0,0,4,1,140,0.005695790983736515,0.016062083013821393,628916224,0.1484375
dbf5dfcbbc9f5410,cifar100,ssb-v2,cnn,protocol-v3,1.0,0,4,1,141,0.005696333013474941,0.01601825002580881,628916224,0.1484375
dbf5dfcbbc9f5410,cifar100,ssb-v2,cnn,protocol-v3,1.0,0,4,1,142,0.006207374972291291,0.016087459051050246,628916224,0.1171875
dbf5dfcbbc9f5410,cifar100,ssb-v2,cnn,protocol-v3,1.0,0,4,1,143,0.005713708989787847,0.01608466700417921,628916224,0.1640625
dbf5dfcbbc9f5410,cifar100,ssb-v2,cnn,protocol-v3,1.0,0,4,1,144,0.005688457982614636,0.01599037501728162,628948992,0.1796875
dbf5dfcbbc9f5410,cifar100,ssb-v2,cnn,protocol-v3,1.0,0,4,1,145,0.005713249964173883,0.016239333024714142,628948992,0.0859375
dbf5dfcbbc9f5410,cifar100,ssb-v2,cnn,protocol-v3,1.0,0,4,1,146,0.005701875023078173,0.015941582969389856,628948992,0.140625
dbf5dfcbbc9f5410,cifar100,ssb-v2,cnn,protocol-v3,1.0,0,4,1,147,0.005683958006557077,0.01610745897050947,628948992,0.1328125
dbf5dfcbbc9f5410,cifar100,ssb-v2,cnn,protocol-v3,1.0,0,4,1,148,0.005715875013265759,0.015954667003825307,628948992,0.109375
dbf5dfcbbc9f5410,cifar100,ssb-v2,cnn,protocol-v3,1.0,0,4,1,149,0.005706374999135733,0.0160760409780778,628899840,0.125
dbf5dfcbbc9f5410,cifar100,ssb-v2,cnn,protocol-v3,1.0,0,4,1,150,0.005697290995158255,0.01608166698133573,628899840,0.15625
dbf5dfcbbc9f5410,cifar100,ssb-v2,cnn,protocol-v3,1.0,0,4,1,151,0.005690583027899265,0.015987624996341765,628899840,0.1484375
dbf5dfcbbc9f5410,cifar100,ssb-v2,cnn,protocol-v3,1.0,0,4,1,152,0.0056928329868242145,0.01607158302795142,628899840,0.2578125
dbf5dfcbbc9f5410,cifar100,ssb-v2,cnn,protocol-v3,1.0,0,4,1,153,0.005705457995645702,0.016115707985591143,628899840,0.1328125
dbf5dfcbbc9f5410,cifar100,ssb-v2,cnn,protocol-v3,1.0,0,4,1,154,0.005698416032828391,0.016097875020932406,628916224,0.125
dbf5dfcbbc9f5410,cifar100,ssb-v2,cnn,protocol-v3,1.0,0,4,1,155,0.005696042033378035,0.015968625026289374,628916224,0.1171875
dbf5dfcbbc9f5410,cifar100,ssb-v2,cnn,protocol-v3,1.0,0,4,1,156,0.005692375008948147,0.01600766699993983,628916224,0.109375
dbf5dfcbbc9f5410,cifar100,ssb-v2,cnn,protocol-v3,1.0,0,4,1,157,0.005714166967663914,0.016037499997764826,628916224,0.0625
dbf5dfcbbc9f5410,cifar100,ssb-v2,cnn,protocol-v3,1.0,0,4,1,158,0.005693957966286689,0.01592554198578,628916224,0.1484375
dbf5dfcbbc9f5410,cifar100,ssb-v2,cnn,protocol-v3,1.0,0,4,1,159,0.005697624990716577,0.016049291007220745,628916224,0.1640625
dbf5dfcbbc9f5410,cifar100,ssb-v2,cnn,protocol-v3,1.0,0,4,1,160,0.0056964169489219785,0.01610708300722763,628932608,0.140625
dbf5dfcbbc9f5410,cifar100,ssb-v2,cnn,protocol-v3,1.0,0,4,1,161,0.005696250009350479,0.016033500025514513,628932608,0.15625
dbf5dfcbbc9f5410,cifar100,ssb-v2,cnn,protocol-v3,1.0,0,4,1,162,0.005694999999832362,0.01605437498074025,628932608,0.1796875
dbf5dfcbbc9f5410,cifar100,ssb-v2,cnn,protocol-v3,1.0,0,4,1,163,0.0057001670356839895,0.016085749957710505,628932608,0.1953125
dbf5dfcbbc9f5410,cifar100,ssb-v2,cnn,protocol-v3,1.0,0,4,1,164,0.005696624983102083,0.016163165972102433,628932608,0.1796875
dbf5dfcbbc9f5410,cifar100,ssb-v2,cnn,protocol-v3,1.0,0,4,1,165,0.005681749957147986,0.016062250011600554,628932608,0.125
dbf5dfcbbc9f5410,cifar100,ssb-v2,cnn,protocol-v3,1.0,0,4,1,166,0.005691250029485673,0.015944458020385355,628932608,0.1796875
dbf5dfcbbc9f5410,cifar100,ssb-v2,cnn,protocol-v3,1.0,0,4,1,167,0.005699167028069496,0.015956832969095558,628932608,0.1171875
dbf5dfcbbc9f5410,cifar100,ssb-v2,cnn,protocol-v3,1.0,0,4,1,168,0.005703333008568734,0.01606649998575449,628932608,0.1328125
dbf5dfcbbc9f5410,cifar100,ssb-v2,cnn,protocol-v3,1.0,0,4,1,169,0.0057012090110220015,0.01601066702278331,628948992,0.15625
dbf5dfcbbc9f5410,cifar100,ssb-v2,cnn,protocol-v3,1.0,0,4,1,170,0.005684915988240391,0.016091833007521927,628948992,0.1640625
dbf5dfcbbc9f5410,cifar100,ssb-v2,cnn,protocol-v3,1.0,0,4,1,171,0.0057171250227838755,0.015980167023371905,628948992,0.1484375
dbf5dfcbbc9f5410,cifar100,ssb-v2,cnn,protocol-v3,1.0,0,4,1,172,0.006006082985550165,0.016038250003475696,628948992,0.15625
dbf5dfcbbc9f5410,cifar100,ssb-v2,cnn,protocol-v3,1.0,0,4,1,173,0.00622629199642688,0.01608012500219047,628948992,0.234375
dbf5dfcbbc9f5410,cifar100,ssb-v2,cnn,protocol-v3,1.0,0,4,1,174,0.006197458948008716,0.01619387505343184,628948992,0.140625
dbf5dfcbbc9f5410,cifar100,ssb-v2,cnn,protocol-v3,1.0,0,4,1,175,0.006050249969121069,0.016181290964595973,628948992,0.1640625
dbf5dfcbbc9f5410,cifar100,ssb-v2,cnn,protocol-v3,1.0,0,4,1,176,0.005681125039700419,0.01605449995258823,628948992,0.1796875
dbf5dfcbbc9f5410,cifar100,ssb-v2,cnn,protocol-v3,1.0,0,4,1,177,0.005644415970891714,0.01595337502658367,628948992,0.1484375
dbf5dfcbbc9f5410,cifar100,ssb-v2,cnn,protocol-v3,1.0,0,4,1,178,0.00563529203645885,0.01581500004976988,628948992,0.109375
dbf5dfcbbc9f5410,cifar100,ssb-v2,cnn,protocol-v3,1.0,0,4,1,179,0.005662667041178793,0.015914999996311963,628948992,0.15625
dbf5dfcbbc9f5410,cifar100,ssb-v2,cnn,protocol-v3,1.0,0,4,1,180,0.005630875006318092,0.015835124999284744,628948992,0.1171875
dbf5dfcbbc9f5410,cifar100,ssb-v2,cnn,protocol-v3,1.0,0,4,1,181,0.005698082968592644,0.016053500003181398,628965376,0.140625
dbf5dfcbbc9f5410,cifar100,ssb-v2,cnn,protocol-v3,1.0,0,4,1,182,0.005677458015270531,0.016111999982967973,628981760,0.140625
dbf5dfcbbc9f5410,cifar100,ssb-v2,cnn,protocol-v3,1.0,0,4,1,183,0.005686166987288743,0.016072249971330166,628981760,0.1328125
dbf5dfcbbc9f5410,cifar100,ssb-v2,cnn,protocol-v3,1.0,0,4,1,184,0.005689333949703723,0.016054834006354213,628981760,0.15625
dbf5dfcbbc9f5410,cifar100,ssb-v2,cnn,protocol-v3,1.0,0,4,1,185,0.005705249961465597,0.0161061660037376,628981760,0.140625
dbf5dfcbbc9f5410,cifar100,ssb-v2,cnn,protocol-v3,1.0,0,4,1,186,0.005708707962185144,0.01614437496755272,628981760,0.1171875
dbf5dfcbbc9f5410,cifar100,ssb-v2,cnn,protocol-v3,1.0,0,4,1,187,0.00570779200643301,0.015926541993394494,628981760,0.1796875
dbf5dfcbbc9f5410,cifar100,ssb-v2,cnn,protocol-v3,1.0,0,4,1,188,0.005700083973351866,0.01607954199425876,628981760,0.15625
dbf5dfcbbc9f5410,cifar100,ssb-v2,cnn,protocol-v3,1.0,0,4,1,189,0.005703333008568734,0.016036042012274265,628998144,0.171875
dbf5dfcbbc9f5410,cifar100,ssb-v2,cnn,protocol-v3,1.0,0,4,1,190,0.005695250001735985,0.01594316598493606,628998144,0.1796875
dbf5dfcbbc9f5410,cifar100,ssb-v2,cnn,protocol-v3,1.0,0,4,1,191,0.005696541978977621,0.016051625018008053,628998144,0.203125
dbf5dfcbbc9f5410,cifar100,ssb-v2,cnn,protocol-v3,1.0,0,4,1,192,0.005699166969861835,0.01625395898008719,628998144,0.1015625
dbf5dfcbbc9f5410,cifar100,ssb-v2,cnn,protocol-v3,1.0,0,4,1,193,0.005690584017429501,0.016025874996557832,628998144,0.171875
dbf5dfcbbc9f5410,cifar100,ssb-v2,cnn,protocol-v3,1.0,0,4,1,194,0.00568816700251773,0.015994458983186632,628998144,0.1328125
dbf5dfcbbc9f5410,cifar100,ssb-v2,cnn,protocol-v3,1.0,0,4,1,195,0.006083582993596792,0.015974959009326994,628998144,0.1328125
dbf5dfcbbc9f5410,cifar100,ssb-v2,cnn,protocol-v3,1.0,0,4,1,196,0.005680708040017635,0.016548292012885213,628998144,0.1796875
dbf5dfcbbc9f5410,cifar100,ssb-v2,cnn,protocol-v3,1.0,0,4,1,197,0.005691041995305568,0.016096375009510666,628998144,0.21875
dbf5dfcbbc9f5410,cifar100,ssb-v2,cnn,protocol-v3,1.0,0,4,1,198,0.005657083995174617,0.016241041012108326,629014528,0.1875
dbf5dfcbbc9f5410,cifar100,ssb-v2,cnn,protocol-v3,1.0,0,4,1,199,0.005964292038697749,0.016901042021345347,629014528,0.1796875
dbf5dfcbbc9f5410,cifar100,ssb-v2,cnn,protocol-v3,1.0,0,4,1,200,0.0060826249537058175,0.01634183299029246,629014528,0.1484375
dbf5dfcbbc9f5410,cifar100,ssb-v2,cnn,protocol-v3,1.0,0,4,1,201,0.005828708992339671,0.01614291698206216,629030912,0.1484375
dbf5dfcbbc9f5410,cifar100,ssb-v2,cnn,protocol-v3,1.0,0,4,1,202,0.005692625010851771,0.015975667047314346,629030912,0.2421875
dbf5dfcbbc9f5410,cifar100,ssb-v2,cnn,protocol-v3,1.0,0,4,1,203,0.005688667006324977,0.016033333027735353,629030912,0.203125
dbf5dfcbbc9f5410,cifar100,ssb-v2,cnn,protocol-v3,1.0,0,4,1,204,0.005702542024664581,0.016048457997385412,629047296,0.1875
dbf5dfcbbc9f5410,cifar100,ssb-v2,cnn,protocol-v3,1.0,0,4,1,205,0.005710708035621792,0.01603008300298825,629047296,0.1796875
dbf5dfcbbc9f5410,cifar100,ssb-v2,cnn,protocol-v3,1.0,0,4,1,206,0.006217333022505045,0.015937292017042637,629047296,0.1640625
dbf5dfcbbc9f5410,cifar100,ssb-v2,cnn,protocol-v3,1.0,0,4,1,207,0.005753958015702665,0.016084250004496425,629047296,0.171875
dbf5dfcbbc9f5410,cifar100,ssb-v2,cnn,protocol-v3,1.0,0,4,1,208,0.005705999967176467,0.01595058402745053,629047296,0.171875
dbf5dfcbbc9f5410,cifar100,ssb-v2,cnn,protocol-v3,1.0,0,4,1,209,0.005695250001735985,0.01611562503967434,629047296,0.2109375
dbf5dfcbbc9f5410,cifar100,ssb-v2,cnn,protocol-v3,1.0,0,4,1,210,0.005699832981918007,0.01605074998224154,629047296,0.15625
dbf5dfcbbc9f5410,cifar100,ssb-v2,cnn,protocol-v3,1.0,0,4,1,211,0.005685917043592781,0.015924040984828025,629063680,0.203125
dbf5dfcbbc9f5410,cifar100,ssb-v2,cnn,protocol-v3,1.0,0,4,1,212,0.0056968749850057065,0.016072249971330166,629063680,0.1796875
dbf5dfcbbc9f5410,cifar100,ssb-v2,cnn,protocol-v3,1.0,0,4,1,213,0.005689124984201044,0.016068083001300693,629063680,0.1796875
dbf5dfcbbc9f5410,cifar100,ssb-v2,cnn,protocol-v3,1.0,0,4,1,214,0.0057080829865299165,0.01607116701779887,629080064,0.1875
dbf5dfcbbc9f5410,cifar100,ssb-v2,cnn,protocol-v3,1.0,0,4,1,215,0.005732749996241182,0.015971084008924663,629080064,0.1640625
dbf5dfcbbc9f5410,cifar100,ssb-v2,cnn,protocol-v3,1.0,0,4,1,216,0.005703667004127055,0.016051042010076344,629096448,0.1640625
dbf5dfcbbc9f5410,cifar100,ssb-v2,cnn,protocol-v3,1.0,0,4,1,217,0.005699542001821101,0.01607637497363612,629096448,0.2265625
dbf5dfcbbc9f5410,cifar100,ssb-v2,cnn,protocol-v3,1.0,0,4,1,218,0.005693792016245425,0.016065875010099262,629096448,0.1953125
dbf5dfcbbc9f5410,cifar100,ssb-v2,cnn,protocol-v3,1.0,0,4,1,219,0.005694875027984381,0.01598720799665898,629096448,0.1875
dbf5dfcbbc9f5410,cifar100,ssb-v2,cnn,protocol-v3,1.0,0,4,1,220,0.0056979579967446625,0.015959708020091057,629096448,0.203125
dbf5dfcbbc9f5410,cifar100,ssb-v2,cnn,protocol-v3,1.0,0,4,1,221,0.005687833996489644,0.016060041030868888,629096448,0.1796875
dbf5dfcbbc9f5410,cifar100,ssb-v2,cnn,protocol-v3,1.0,0,4,1,222,0.005688208970241249,0.01603633299237117,629096448,0.140625
dbf5dfcbbc9f5410,cifar100,ssb-v2,cnn,protocol-v3,1.0,0,4,1,223,0.005720958986785263,0.016075082996394485,629096448,0.140625
dbf5dfcbbc9f5410,cifar100,ssb-v2,cnn,protocol-v3,1.0,0,4,1,224,0.006024000002071261,0.016073749982751906,629096448,0.1484375
dbf5dfcbbc9f5410,cifar100,ssb-v2,cnn,protocol-v3,1.0,0,4,1,225,0.0056975840125232935,0.016073542006779462,629096448,0.1328125
dbf5dfcbbc9f5410,cifar100,ssb-v2,cnn,protocol-v3,1.0,0,4,1,226,0.005926207988522947,0.01613966701552272,629096448,0.21875
dbf5dfcbbc9f5410,cifar100,ssb-v2,cnn,protocol-v3,1.0,0,4,1,227,0.005699250032193959,0.01608820800902322,629096448,0.1796875
dbf5dfcbbc9f5410,cifar100,ssb-v2,cnn,protocol-v3,1.0,0,4,1,228,0.005700042005628347,0.01603862503543496,629096448,0.1953125
dbf5dfcbbc9f5410,cifar100,ssb-v2,cnn,protocol-v3,1.0,0,4,1,229,0.0056758749997243285,0.016024707991164178,629096448,0.1328125
dbf5dfcbbc9f5410,cifar100,ssb-v2,cnn,protocol-v3,1.0,0,4,1,230,0.0056982910027727485,0.01591241598362103,629096448,0.1328125
dbf5dfcbbc9f5410,cifar100,ssb-v2,cnn,protocol-v3,1.0,0,4,1,231,0.005692915990948677,0.016028249985538423,629096448,0.15625
dbf5dfcbbc9f5410,cifar100,ssb-v2,cnn,protocol-v3,1.0,0,4,1,232,0.005699916044250131,0.01606558304047212,629096448,0.171875
dbf5dfcbbc9f5410,cifar100,ssb-v2,cnn,protocol-v3,1.0,0,4,1,233,0.0056917910114862025,0.016028915997594595,629096448,0.171875
dbf5dfcbbc9f5410,cifar100,ssb-v2,cnn,protocol-v3,1.0,0,4,1,234,0.006049749965313822,0.016031125036533922,629096448,0.1796875
dbf5dfcbbc9f5410,cifar100,ssb-v2,cnn,protocol-v3,1.0,0,4,1,235,0.005679624970071018,0.015913457958959043,629096448,0.125
dbf5dfcbbc9f5410,cifar100,ssb-v2,cnn,protocol-v3,1.0,0,4,1,236,0.005701459012925625,0.016598250018432736,629096448,0.1640625
dbf5dfcbbc9f5410,cifar100,ssb-v2,cnn,protocol-v3,1.0,0,4,1,237,0.0056874590227380395,0.016049291007220745,629112832,0.1796875
dbf5dfcbbc9f5410,cifar100,ssb-v2,cnn,protocol-v3,1.0,0,4,1,238,0.005704707989934832,0.01611504197353497,629129216,0.1640625
dbf5dfcbbc9f5410,cifar100,ssb-v2,cnn,protocol-v3,1.0,0,4,1,239,0.0056943329982459545,0.016031541978009045,629129216,0.21875
dbf5dfcbbc9f5410,cifar100,ssb-v2,cnn,protocol-v3,1.0,0,4,1,240,0.00568329100497067,0.015955874987412244,629129216,0.1953125
dbf5dfcbbc9f5410,cifar100,ssb-v2,cnn,protocol-v3,1.0,0,4,1,241,0.0056907079997472465,0.0160263329744339,629129216,0.203125
dbf5dfcbbc9f5410,cifar100,ssb-v2,cnn,protocol-v3,1.0,0,4,1,242,0.00576104101492092,0.01603454101132229,629129216,0.234375
dbf5dfcbbc9f5410,cifar100,ssb-v2,cnn,protocol-v3,1.0,0,4,1,243,0.005677792010828853,0.015980999974999577,629129216,0.125
dbf5dfcbbc9f5410,cifar100,ssb-v2,cnn,protocol-v3,1.0,0,4,1,244,0.0062173749902285635,0.01604224997572601,629129216,0.1640625
dbf5dfcbbc9f5410,cifar100,ssb-v2,cnn,protocol-v3,1.0,0,4,1,245,0.006207917002029717,0.015905832988210022,629129216,0.1484375
dbf5dfcbbc9f5410,cifar100,ssb-v2,cnn,protocol-v3,1.0,0,4,1,246,0.005731209006626159,0.015942291996907443,629129216,0.1875
dbf5dfcbbc9f5410,cifar100,ssb-v2,cnn,protocol-v3,1.0,0,4,1,247,0.005712917016353458,0.016034291998948902,629129216,0.1953125
dbf5dfcbbc9f5410,cifar100,ssb-v2,cnn,protocol-v3,1.0,0,4,1,248,0.005709459015633911,0.01603404199704528,629129216,0.265625
dbf5dfcbbc9f5410,cifar100,ssb-v2,cnn,protocol-v3,1.0,0,4,1,249,0.00568420795025304,0.016045583004597574,629129216,0.2890625
dbf5dfcbbc9f5410,cifar100,ssb-v2,cnn,protocol-v3,1.0,0,4,1,250,0.005706583964638412,0.01606887497473508,629129216,0.2421875
dbf5dfcbbc9f5410,cifar100,ssb-v2,cnn,protocol-v3,1.0,0,4,1,251,0.005693332990631461,0.01609020901378244,629129216,0.2421875
dbf5dfcbbc9f5410,cifar100,ssb-v2,cnn,protocol-v3,1.0,0,4,1,252,0.005690750025678426,0.01605437498074025,629129216,0.21875
dbf5dfcbbc9f5410,cifar100,ssb-v2,cnn,protocol-v3,1.0,0,4,1,253,0.005710249999538064,0.016042500035837293,629129216,0.1640625
dbf5dfcbbc9f5410,cifar100,ssb-v2,cnn,protocol-v3,1.0,0,4,1,254,0.005684582982212305,0.016086207993794233,629145600,0.171875
dbf5dfcbbc9f5410,cifar100,ssb-v2,cnn,protocol-v3,1.0,0,4,1,255,0.005694499996025115,0.016059541958384216,629145600,0.1953125
dbf5dfcbbc9f5410,cifar100,ssb-v2,cnn,protocol-v3,1.0,0,4,1,256,0.006074917037039995,0.016091083001811057,629145600,0.1953125
dbf5dfcbbc9f5410,cifar100,ssb-v2,cnn,protocol-v3,1.0,0,4,1,257,0.006037749990355223,0.016143042012117803,629178368,0.125
dbf5dfcbbc9f5410,cifar100,ssb-v2,cnn,protocol-v3,1.0,0,4,1,258,0.005708999990019947,0.016053292027208954,629178368,0.203125
dbf5dfcbbc9f5410,cifar100,ssb-v2,cnn,protocol-v3,1.0,0,4,1,259,0.0056943329982459545,0.015996708010789007,629178368,0.1484375
dbf5dfcbbc9f5410,cifar100,ssb-v2,cnn,protocol-v3,1.0,0,4,1,260,0.005708541953936219,0.016058958019129932,629178368,0.1953125
dbf5dfcbbc9f5410,cifar100,ssb-v2,cnn,protocol-v3,1.0,0,4,1,261,0.005693500046618283,0.016002457996364683,629178368,0.21875
dbf5dfcbbc9f5410,cifar100,ssb-v2,cnn,protocol-v3,1.0,0,4,1,262,0.005701125017367303,0.01604300003964454,629178368,0.1640625
dbf5dfcbbc9f5410,cifar100,ssb-v2,cnn,protocol-v3,1.0,0,4,1,263,0.005815040960442275,0.015928124950733036,629194752,0.21875
dbf5dfcbbc9f5410,cifar100,ssb-v2,cnn,protocol-v3,1.0,0,4,1,264,0.005695917003322393,0.016053207975346595,629194752,0.1796875
dbf5dfcbbc9f5410,cifar100,ssb-v2,cnn,protocol-v3,1.0,0,4,1,265,0.00567895796848461,0.016097540967166424,629194752,0.1875
dbf5dfcbbc9f5410,cifar100,ssb-v2,cnn,protocol-v3,1.0,0,4,1,266,0.005779458035249263,0.01601454202318564,629194752,0.1953125
dbf5dfcbbc9f5410,cifar100,ssb-v2,cnn,protocol-v3,1.0,0,4,1,267,0.005977666995022446,0.0160551670123823,629194752,0.2109375
dbf5dfcbbc9f5410,cifar100,ssb-v2,cnn,protocol-v3,1.0,0,4,1,268,0.006074000033549964,0.016098166990559548,629194752,0.1640625
dbf5dfcbbc9f5410,cifar100,ssb-v2,cnn,protocol-v3,1.0,0,4,1,269,0.005683999974280596,0.016018916969187558,629211136,0.2265625
dbf5dfcbbc9f5410,cifar100,ssb-v2,cnn,protocol-v3,1.0,0,4,1,270,0.0056909999693743885,0.01600525004323572,629211136,0.1953125
dbf5dfcbbc9f5410,cifar100,ssb-v2,cnn,protocol-v3,1.0,0,4,1,271,0.005695333005860448,0.016089791955891997,629211136,0.2578125
dbf5dfcbbc9f5410,cifar100,ssb-v2,cnn,protocol-v3,1.0,0,4,1,272,0.005674749962054193,0.015993000008165836,629227520,0.2578125
dbf5dfcbbc9f5410,cifar100,ssb-v2,cnn,protocol-v3,1.0,0,4,1,273,0.00569391599856317,0.016042208997532725,629227520,0.2265625
dbf5dfcbbc9f5410,cifar100,ssb-v2,cnn,protocol-v3,1.0,0,4,1,274,0.0056831249967217445,0.015940416953526437,629227520,0.15625
dbf5dfcbbc9f5410,cifar100,ssb-v2,cnn,protocol-v3,1.0,0,4,1,275,0.005697667016647756,0.016047875047661364,629227520,0.15625
dbf5dfcbbc9f5410,cifar100,ssb-v2,cnn,protocol-v3,1.0,0,4,1,276,0.0057008329895325005,0.016078166954685003,629227520,0.1953125
dbf5dfcbbc9f5410,cifar100,ssb-v2,cnn,protocol-v3,1.0,0,4,1,277,0.005697667016647756,0.01606795802945271,629227520,0.1875
dbf5dfcbbc9f5410,cifar100,ssb-v2,cnn,protocol-v3,1.0,0,4,1,278,0.005692042002920061,0.016026250028517097,629243904,0.3203125
dbf5dfcbbc9f5410,cifar100,ssb-v2,cnn,protocol-v3,1.0,0,4,1,279,0.0056938749621622264,0.016071624995674938,629243904,0.21875
dbf5dfcbbc9f5410,cifar100,ssb-v2,cnn,protocol-v3,1.0,0,4,1,280,0.005705582967493683,0.01592595799593255,629243904,0.2421875
dbf5dfcbbc9f5410,cifar100,ssb-v2,cnn,protocol-v3,1.0,0,4,1,281,0.005686666001565754,0.0160522079677321,629243904,0.203125
dbf5dfcbbc9f5410,cifar100,ssb-v2,cnn,protocol-v3,1.0,0,4,1,282,0.005695500003639609,0.016055667016189545,629243904,0.1171875
dbf5dfcbbc9f5410,cifar100,ssb-v2,cnn,protocol-v3,1.0,0,4,1,283,0.005697291984688491,0.01603758300188929,629243904,0.296875
dbf5dfcbbc9f5410,cifar100,ssb-v2,cnn,protocol-v3,1.0,0,4,1,284,0.006060958025045693,0.0160402090405114,629260288,0.2265625
dbf5dfcbbc9f5410,cifar100,ssb-v2,cnn,protocol-v3,1.0,0,4,1,285,0.005695208034012467,0.0160670829936862,629276672,0.25
dbf5dfcbbc9f5410,cifar100,ssb-v2,cnn,protocol-v3,1.0,0,4,1,286,0.005705040995962918,0.016103791014757007,629276672,0.2265625
dbf5dfcbbc9f5410,cifar100,ssb-v2,cnn,protocol-v3,1.0,0,4,1,287,0.0060656670248135924,0.016032666026148945,629276672,0.28125
dbf5dfcbbc9f5410,cifar100,ssb-v2,cnn,protocol-v3,1.0,0,4,1,288,0.005964374984614551,0.015990582993254066,629276672,0.25
dbf5dfcbbc9f5410,cifar100,ssb-v2,cnn,protocol-v3,1.0,0,4,1,289,0.00620870798593387,0.01620479201665148,629276672,0.2265625
dbf5dfcbbc9f5410,cifar100,ssb-v2,cnn,protocol-v3,1.0,0,4,1,290,0.005686249991413206,0.016048041987232864,629276672,0.2421875
dbf5dfcbbc9f5410,cifar100,ssb-v2,cnn,protocol-v3,1.0,0,4,1,291,0.005691458994988352,0.016066999989561737,629293056,0.1640625
dbf5dfcbbc9f5410,cifar100,ssb-v2,cnn,protocol-v3,1.0,0,4,1,292,0.0056834169663488865,0.015952832996845245,629293056,0.1640625
dbf5dfcbbc9f5410,cifar100,ssb-v2,cnn,protocol-v3,1.0,0,4,1,293,0.005697749962564558,0.016032083018217236,629293056,0.2578125
dbf5dfcbbc9f5410,cifar100,ssb-v2,cnn,protocol-v3,1.0,0,4,1,294,0.00567749998299405,0.015954624977894127,629293056,0.1640625
dbf5dfcbbc9f5410,cifar100,ssb-v2,cnn,protocol-v3,1.0,0,4,1,295,0.005710500001441687,0.016024583019316196,629293056,0.203125
dbf5dfcbbc9f5410,cifar100,ssb-v2,cnn,protocol-v3,1.0,0,4,1,296,0.005705624993424863,0.016090708028059453,629293056,0.2265625
dbf5dfcbbc9f5410,cifar100,ssb-v2,cnn,protocol-v3,1.0,0,4,1,297,0.006049707997590303,0.016065208008512855,629293056,0.2421875
dbf5dfcbbc9f5410,cifar100,ssb-v2,cnn,protocol-v3,1.0,0,4,1,298,0.006230500002857298,0.016013082989957184,629293056,0.234375
dbf5dfcbbc9f5410,cifar100,ssb-v2,cnn,protocol-v3,1.0,0,4,1,299,0.005700124951545149,0.016065875010099262,629293056,0.2734375
dbf5dfcbbc9f5410,cifar100,ssb-v2,cnn,protocol-v3,1.0,0,4,1,300,0.006055041973013431,0.016705999965779483,629293056,0.1640625
dbf5dfcbbc9f5410,cifar100,ssb-v2,cnn,protocol-v3,1.0,0,4,1,301,0.006195499969180673,0.016132584016304463,629293056,0.265625
dbf5dfcbbc9f5410,cifar100,ssb-v2,cnn,protocol-v3,1.0,0,4,1,302,0.005681583017576486,0.016173583979252726,629293056,0.203125
dbf5dfcbbc9f5410,cifar100,ssb-v2,cnn,protocol-v3,1.0,0,4,1,303,0.005687291966751218,0.016096250037662685,629293056,0.28125
dbf5dfcbbc9f5410,cifar100,ssb-v2,cnn,protocol-v3,1.0,0,4,1,304,0.0057040409883484244,0.01593524997588247,629293056,0.2421875
dbf5dfcbbc9f5410,cifar100,ssb-v2,cnn,protocol-v3,1.0,0,4,1,305,0.005689290992449969,0.016050999984145164,629293056,0.1796875
dbf5dfcbbc9f5410,cifar100,ssb-v2,cnn,protocol-v3,1.0,0,4,1,306,0.005692834034562111,0.016089667042251676,629309440,0.234375
dbf5dfcbbc9f5410,cifar100,ssb-v2,cnn,protocol-v3,1.0,0,4,1,307,0.005673500010743737,0.01596012501977384,629309440,0.2109375
dbf5dfcbbc9f5410,cifar100,ssb-v2,cnn,protocol-v3,1.0,0,4,1,308,0.00569091597571969,0.016063124989159405,629309440,0.2265625
dbf5dfcbbc9f5410,cifar100,ssb-v2,cnn,protocol-v3,1.0,0,4,1,309,0.005733292025979608,0.016070958983618766,629309440,0.234375
dbf5dfcbbc9f5410,cifar100,ssb-v2,cnn,protocol-v3,1.0,0,4,1,310,0.005687291966751218,0.01610658399295062,629309440,0.2265625
dbf5dfcbbc9f5410,cifar100,ssb-v2,cnn,protocol-v3,1.0,0,4,1,311,0.005720833025407046,0.01600941695505753,629309440,0.234375
dbf5dfcbbc9f5410,cifar100,ssb-v2,cnn,protocol-v3,1.0,0,4,1,312,0.005696833017282188,0.016035000036936253,629309440,0.2265625
dbf5dfcbbc9f5410,cifar100,ssb-v2,cnn,protocol-v3,1.0,0,4,1,313,0.005698167020455003,0.016068666998762637,629309440,0.2734375
dbf5dfcbbc9f5410,cifar100,ssb-v2,cnn,protocol-v3,1.0,0,4,1,314,0.005691832979209721,0.01601141697028652,629309440,0.2890625
dbf5dfcbbc9f5410,cifar100,ssb-v2,cnn,protocol-v3,1.0,0,4,1,315,0.005705833027604967,0.016090541030280292,629309440,0.2890625
dbf5dfcbbc9f5410,cifar100,ssb-v2,cnn,protocol-v3,1.0,0,4,1,316,0.005694833002053201,0.01609420799650252,629309440,0.2265625
dbf5dfcbbc9f5410,cifar100,ssb-v2,cnn,protocol-v3,1.0,0,4,1,317,0.005704667011741549,0.01603633299237117,629309440,0.2578125
dbf5dfcbbc9f5410,cifar100,ssb-v2,cnn,protocol-v3,1.0,0,4,1,318,0.005701082991436124,0.015959916985593736,629325824,0.234375
dbf5dfcbbc9f5410,cifar100,ssb-v2,cnn,protocol-v3,1.0,0,4,1,319,0.005701249989215285,0.01608675002353266,629325824,0.1875
dbf5dfcbbc9f5410,cifar100,ssb-v2,cnn,protocol-v3,1.0,0,4,1,320,0.00622629199642688,0.01607283402699977,629325824,0.2421875
dbf5dfcbbc9f5410,cifar100,ssb-v2,cnn,protocol-v3,1.0,0,4,1,321,0.00591754203196615,0.01612924999790266,629342208,0.203125
dbf5dfcbbc9f5410,cifar100,ssb-v2,cnn,protocol-v3,1.0,0,4,1,322,0.006469957996159792,0.016271082975436002,629342208,0.265625
dbf5dfcbbc9f5410,cifar100,ssb-v2,cnn,protocol-v3,1.0,0,4,1,323,0.005613084009382874,0.01604537502862513,629342208,0.21875
dbf5dfcbbc9f5410,cifar100,ssb-v2,cnn,protocol-v3,1.0,0,4,1,324,0.005717249994631857,0.016051624959800392,629342208,0.203125
dbf5dfcbbc9f5410,cifar100,ssb-v2,cnn,protocol-v3,1.0,0,4,1,325,0.005706166964955628,0.01597316697007045,629342208,0.234375
dbf5dfcbbc9f5410,cifar100,ssb-v2,cnn,protocol-v3,1.0,0,4,1,326,0.005700833979062736,0.016054124978836626,629342208,0.2265625
dbf5dfcbbc9f5410,cifar100,ssb-v2,cnn,protocol-v3,1.0,0,4,1,327,0.0056914170272648335,0.01595025003189221,629342208,0.203125
dbf5dfcbbc9f5410,cifar100,ssb-v2,cnn,protocol-v3,1.0,0,4,1,328,0.005712167010642588,0.01605970796663314,629342208,0.25
dbf5dfcbbc9f5410,cifar100,ssb-v2,cnn,protocol-v3,1.0,0,4,1,329,0.005699999979697168,0.01610179099952802,629342208,0.203125
dbf5dfcbbc9f5410,cifar100,ssb-v2,cnn,protocol-v3,1.0,0,4,1,330,0.0062112080049701035,0.016100833017844707,629342208,0.234375
dbf5dfcbbc9f5410,cifar100,ssb-v2,cnn,protocol-v3,1.0,0,4,1,331,0.006030791962984949,0.015978707990143448,629342208,0.2578125
dbf5dfcbbc9f5410,cifar100,ssb-v2,cnn,protocol-v3,1.0,0,4,1,332,0.0056965840049088,0.01605383399873972,629342208,0.25
dbf5dfcbbc9f5410,cifar100,ssb-v2,cnn,protocol-v3,1.0,0,4,1,333,0.0062188340234570205,0.01618575002066791,629342208,0.1953125
dbf5dfcbbc9f5410,cifar100,ssb-v2,cnn,protocol-v3,1.0,0,4,1,334,0.005692292004823685,0.016103749978356063,629342208,0.2109375
dbf5dfcbbc9f5410,cifar100,ssb-v2,cnn,protocol-v3,1.0,0,4,1,335,0.0056921669747680426,0.01606520899804309,629342208,0.203125
dbf5dfcbbc9f5410,cifar100,ssb-v2,cnn,protocol-v3,1.0,0,4,1,336,0.005713874998036772,0.015991166001185775,629342208,0.2109375
dbf5dfcbbc9f5410,cifar100,ssb-v2,cnn,protocol-v3,1.0,0,4,1,337,0.005691958998795599,0.016032625047955662,629342208,0.25
dbf5dfcbbc9f5410,cifar100,ssb-v2,cnn,protocol-v3,1.0,0,4,1,338,0.005699208006262779,0.016070749959908426,629342208,0.2265625
dbf5dfcbbc9f5410,cifar100,ssb-v2,cnn,protocol-v3,1.0,0,4,1,339,0.005678125016856939,0.01608329202281311,629342208,0.2578125
dbf5dfcbbc9f5410,cifar100,ssb-v2,cnn,protocol-v3,1.0,0,4,1,340,0.0060392500017769635,0.01608895801473409,629342208,0.265625
dbf5dfcbbc9f5410,cifar100,ssb-v2,cnn,protocol-v3,1.0,0,4,1,341,0.005697208980564028,0.015961291966959834,629342208,0.2265625
dbf5dfcbbc9f5410,cifar100,ssb-v2,cnn,protocol-v3,1.0,0,4,1,342,0.005782959051430225,0.01603774999966845,629342208,0.1953125
dbf5dfcbbc9f5410,cifar100,ssb-v2,cnn,protocol-v3,1.0,0,4,1,343,0.006218791997525841,0.016100666020065546,629342208,0.234375
dbf5dfcbbc9f5410,cifar100,ssb-v2,cnn,protocol-v3,1.0,0,4,1,344,0.006193207984324545,0.01600829098606482,629342208,0.21875
dbf5dfcbbc9f5410,cifar100,ssb-v2,cnn,protocol-v3,1.0,0,4,1,345,0.005702874972485006,0.016110875003505498,629342208,0.21875
dbf5dfcbbc9f5410,cifar100,ssb-v2,cnn,protocol-v3,1.0,0,4,1,346,0.005705334013327956,0.015984625031705946,629342208,0.2265625
dbf5dfcbbc9f5410,cifar100,ssb-v2,cnn,protocol-v3,1.0,0,4,1,347,0.005694583000149578,0.01600629201857373,629358592,0.234375
dbf5dfcbbc9f5410,cifar100,ssb-v2,cnn,protocol-v3,1.0,0,4,1,348,0.005687625030986965,0.01604987500468269,629358592,0.2578125
dbf5dfcbbc9f5410,cifar100,ssb-v2,cnn,protocol-v3,1.0,0,4,1,349,0.005705082963686436,0.016090166987851262,629358592,0.2578125
dbf5dfcbbc9f5410,cifar100,ssb-v2,cnn,protocol-v3,1.0,0,4,1,350,0.005715415987651795,0.016061457979958504,629358592,0.2578125
dbf5dfcbbc9f5410,cifar100,ssb-v2,cnn,protocol-v3,1.0,0,4,1,351,0.006043458997737616,0.01602745900163427,629358592,0.2578125
dbf5dfcbbc9f5410,cifar100,ssb-v2,cnn,protocol-v3,1.0,0,4,1,352,0.005693292012438178,0.016060082998592407,629374976,0.203125
dbf5dfcbbc9f5410,cifar100,ssb-v2,cnn,protocol-v3,1.0,0,4,1,353,0.005703625036403537,0.01597154198680073,629374976,0.234375
dbf5dfcbbc9f5410,cifar100,ssb-v2,cnn,protocol-v3,1.0,0,4,1,354,0.006050959054846317,0.016217750031501055,629374976,0.265625
dbf5dfcbbc9f5410,cifar100,ssb-v2,cnn,protocol-v3,1.0,0,4,1,355,0.006042958004400134,0.016185541986487806,629374976,0.2421875
dbf5dfcbbc9f5410,cifar100,ssb-v2,cnn,protocol-v3,1.0,0,4,1,356,0.005709999997634441,0.016099500004202127,629374976,0.25
dbf5dfcbbc9f5410,cifar100,ssb-v2,cnn,protocol-v3,1.0,0,4,1,357,0.005704750015866011,0.01596458296990022,629374976,0.2890625
dbf5dfcbbc9f5410,cifar100,ssb-v2,cnn,protocol-v3,1.0,0,4,1,358,0.005695790983736515,0.016067792021203786,629374976,0.2734375
dbf5dfcbbc9f5410,cifar100,ssb-v2,cnn,protocol-v3,1.0,0,4,1,359,0.005690291000064462,0.01606187503784895,629374976,0.1953125
dbf5dfcbbc9f5410,cifar100,ssb-v2,cnn,protocol-v3,1.0,0,4,1,360,0.005701458023395389,0.0160012089763768,629374976,0.265625
dbf5dfcbbc9f5410,cifar100,ssb-v2,cnn,protocol-v3,1.0,0,4,1,361,0.005667667021043599,0.016036624961998314,629391360,0.21875
dbf5dfcbbc9f5410,cifar100,ssb-v2,cnn,protocol-v3,1.0,0,4,1,362,0.005707708012778312,0.016074667044449598,629391360,0.2265625
dbf5dfcbbc9f5410,cifar100,ssb-v2,cnn,protocol-v3,1.0,0,4,1,363,0.006054541969206184,0.016023250005673617,629391360,0.3125
dbf5dfcbbc9f5410,cifar100,ssb-v2,cnn,protocol-v3,1.0,0,4,1,364,0.0056968750432133675,0.01661299995612353,629391360,0.28125
dbf5dfcbbc9f5410,cifar100,ssb-v2,cnn,protocol-v3,1.0,0,4,1,365,0.005812041985336691,0.01613920897943899,629391360,0.1796875
dbf5dfcbbc9f5410,cifar100,ssb-v2,cnn,protocol-v3,1.0,0,4,1,366,0.005685041018296033,0.016165665991138667,629391360,0.203125
dbf5dfcbbc9f5410,cifar100,ssb-v2,cnn,protocol-v3,1.0,0,4,1,367,0.0057312920107506216,0.016006958961952478,629391360,0.21875
dbf5dfcbbc9f5410,cifar100,ssb-v2,cnn,protocol-v3,1.0,0,4,1,368,0.005689374986104667,0.01604608295019716,629391360,0.2890625
dbf5dfcbbc9f5410,cifar100,ssb-v2,cnn,protocol-v3,1.0,0,4,1,369,0.005702124966774136,0.015923166007269174,629391360,0.28125
dbf5dfcbbc9f5410,cifar100,ssb-v2,cnn,protocol-v3,1.0,0,4,1,370,0.005687166005373001,0.016036291024647653,629391360,0.3046875
dbf5dfcbbc9f5410,cifar100,ssb-v2,cnn,protocol-v3,1.0,0,4,1,371,0.005706791009288281,0.01605020900024101,629391360,0.28125
dbf5dfcbbc9f5410,cifar100,ssb-v2,cnn,protocol-v3,1.0,0,4,1,372,0.005705250019673258,0.015939666016492993,629391360,0.1953125
dbf5dfcbbc9f5410,cifar100,ssb-v2,cnn,protocol-v3,1.0,0,4,1,373,0.005694749997928739,0.01607250003144145,629407744,0.28125
dbf5dfcbbc9f5410,cifar100,ssb-v2,cnn,protocol-v3,1.0,0,4,1,374,0.0060389169957488775,0.015826250019017607,629407744,0.2265625
dbf5dfcbbc9f5410,cifar100,ssb-v2,cnn,protocol-v3,1.0,0,4,1,375,0.0056914169690571725,0.016178624995518476,629407744,0.1953125
dbf5dfcbbc9f5410,cifar100,ssb-v2,cnn,protocol-v3,1.0,0,4,1,376,0.005693916988093406,0.01615491695702076,629424128,0.2265625
dbf5dfcbbc9f5410,cifar100,ssb-v2,cnn,protocol-v3,1.0,0,4,1,377,0.005695542029570788,0.016050208010710776,629440512,0.2265625
dbf5dfcbbc9f5410,cifar100,ssb-v2,cnn,protocol-v3,1.0,0,4,1,378,0.005693749990314245,0.01600295800017193,629440512,0.28125
dbf5dfcbbc9f5410,cifar100,ssb-v2,cnn,protocol-v3,1.0,0,4,1,379,0.0057040409883484244,0.016076209023594856,629440512,0.296875
dbf5dfcbbc9f5410,cifar100,ssb-v2,cnn,protocol-v3,1.0,0,4,1,380,0.0056946660042740405,0.016056208056397736,629440512,0.21875
dbf5dfcbbc9f5410,cifar100,ssb-v2,cnn,protocol-v3,1.0,0,4,1,381,0.005690040998160839,0.01604145800229162,629440512,0.3046875
dbf5dfcbbc9f5410,cifar100,ssb-v2,cnn,protocol-v3,1.0,0,4,1,382,0.005696709034964442,0.01598395803011954,629440512,0.2734375
dbf5dfcbbc9f5410,cifar100,ssb-v2,cnn,protocol-v3,1.0,0,4,1,383,0.006042458000592887,0.016063958988524973,629440512,0.3046875
dbf5dfcbbc9f5410,cifar100,ssb-v2,cnn,protocol-v3,1.0,0,4,1,384,0.006185124977491796,0.0160567500279285,629440512,0.3671875
dbf5dfcbbc9f5410,cifar100,ssb-v2,cnn,protocol-v3,1.0,0,4,1,385,0.006046792026609182,0.015936665993649513,629440512,0.2578125
dbf5dfcbbc9f5410,cifar100,ssb-v2,cnn,protocol-v3,1.0,0,4,1,386,0.005684375006239861,0.016512458969373256,629456896,0.140625
dbf5dfcbbc9f5410,cifar100,ssb-v2,cnn,protocol-v3,1.0,0,4,1,387,0.005666750017553568,0.015994332963600755,629456896,0.3046875
dbf5dfcbbc9f5410,cifar100,ssb-v2,cnn,protocol-v3,1.0,0,4,1,388,0.005686458956915885,0.016074041952379048,629456896,0.2890625
dbf5dfcbbc9f5410,cifar100,ssb-v2,cnn,protocol-v3,1.0,0,4,1,389,0.005700584035366774,0.015944625018164515,629456896,0.3203125
dbf5dfcbbc9f5410,cifar100,ssb-v2,cnn,protocol-v3,1.0,0,4,1,390,0.01464291597949341,0.05321016698144376,645464064,0.2875
dbf5dfcbbc9f5410,cifar100,ssb-v2,cnn,protocol-v3,1.0,0,4,2,0,0.006016625033225864,0.017681957979220897,655802368,0.375
dbf5dfcbbc9f5410,cifar100,ssb-v2,cnn,protocol-v3,1.0,0,4,2,1,0.0057952909846790135,0.016164916974958032,656048128,0.234375
dbf5dfcbbc9f5410,cifar100,ssb-v2,cnn,protocol-v3,1.0,0,4,2,2,0.00576983398059383,0.016216584015637636,656048128,0.21875
dbf5dfcbbc9f5410,cifar100,ssb-v2,cnn,protocol-v3,1.0,0,4,2,3,0.005704957991838455,0.01606741698924452,656048128,0.234375
dbf5dfcbbc9f5410,cifar100,ssb-v2,cnn,protocol-v3,1.0,0,4,2,4,0.005724082991946489,0.01600000000325963,656048128,0.2734375
dbf5dfcbbc9f5410,cifar100,ssb-v2,cnn,protocol-v3,1.0,0,4,2,5,0.00571749999653548,0.016118125000502914,656048128,0.2421875
dbf5dfcbbc9f5410,cifar100,ssb-v2,cnn,protocol-v3,1.0,0,4,2,6,0.005701042013242841,0.01614862499991432,656048128,0.28125
dbf5dfcbbc9f5410,cifar100,ssb-v2,cnn,protocol-v3,1.0,0,4,2,7,0.005697541986592114,0.016007416998036206,656048128,0.3515625
dbf5dfcbbc9f5410,cifar100,ssb-v2,cnn,protocol-v3,1.0,0,4,2,8,0.006050249969121069,0.016098042018711567,656048128,0.265625
dbf5dfcbbc9f5410,cifar100,ssb-v2,cnn,protocol-v3,1.0,0,4,2,9,0.006200083007570356,0.01609524997184053,656048128,0.296875
dbf5dfcbbc9f5410,cifar100,ssb-v2,cnn,protocol-v3,1.0,0,4,2,10,0.005986584001220763,0.016112249984871596,657555456,0.3125
dbf5dfcbbc9f5410,cifar100,ssb-v2,cnn,protocol-v3,1.0,0,4,2,11,0.00570012500975281,0.016017250018194318,657555456,0.2890625
dbf5dfcbbc9f5410,cifar100,ssb-v2,cnn,protocol-v3,1.0,0,4,2,12,0.006024374975822866,0.01612387504428625,657522688,0.2109375
dbf5dfcbbc9f5410,cifar100,ssb-v2,cnn,protocol-v3,1.0,0,4,2,13,0.006072750024031848,0.01613441703375429,657522688,0.28125
dbf5dfcbbc9f5410,cifar100,ssb-v2,cnn,protocol-v3,1.0,0,4,2,14,0.005704957991838455,0.016028165991883725,657522688,0.328125
dbf5dfcbbc9f5410,cifar100,ssb-v2,cnn,protocol-v3,1.0,0,4,2,15,0.005689874989911914,0.016102875000797212,657522688,0.2265625
dbf5dfcbbc9f5410,cifar100,ssb-v2,cnn,protocol-v3,1.0,0,4,2,16,0.005704874987713993,0.016140832973178476,657522688,0.3125
dbf5dfcbbc9f5410,cifar100,ssb-v2,cnn,protocol-v3,1.0,0,4,2,17,0.005695917003322393,0.016099916014354676,657522688,0.2890625
dbf5dfcbbc9f5410,cifar100,ssb-v2,cnn,protocol-v3,1.0,0,4,2,18,0.0056932499865069985,0.0161291669937782,657522688,0.2734375
dbf5dfcbbc9f5410,cifar100,ssb-v2,cnn,protocol-v3,1.0,0,4,2,19,0.00568200001725927,0.016038583999034017,657522688,0.3359375
dbf5dfcbbc9f5410,cifar100,ssb-v2,cnn,protocol-v3,1.0,0,4,2,20,0.005704915965907276,0.01609962497605011,657522688,0.234375
dbf5dfcbbc9f5410,cifar100,ssb-v2,cnn,protocol-v3,1.0,0,4,2,21,0.006213832995854318,0.016090916993562132,657522688,0.3046875
dbf5dfcbbc9f5410,cifar100,ssb-v2,cnn,protocol-v3,1.0,0,4,2,22,0.00568816700251773,0.016110499971546233,657522688,0.1875
dbf5dfcbbc9f5410,cifar100,ssb-v2,cnn,protocol-v3,1.0,0,4,2,23,0.006250875012483448,0.01606350002111867,657522688,0.3203125
dbf5dfcbbc9f5410,cifar100,ssb-v2,cnn,protocol-v3,1.0,0,4,2,24,0.006051834032405168,0.01599666604306549,657522688,0.3125
dbf5dfcbbc9f5410,cifar100,ssb-v2,cnn,protocol-v3,1.0,0,4,2,25,0.005952665989752859,0.01620708400150761,657522688,0.265625
dbf5dfcbbc9f5410,cifar100,ssb-v2,cnn,protocol-v3,1.0,0,4,2,26,0.005715584033168852,0.01617195800645277,657522688,0.3046875
dbf5dfcbbc9f5410,cifar100,ssb-v2,cnn,protocol-v3,1.0,0,4,2,27,0.005696708976756781,0.016080374945886433,657522688,0.25
dbf5dfcbbc9f5410,cifar100,ssb-v2,cnn,protocol-v3,1.0,0,4,2,28,0.005691875005140901,0.016061375034041703,657522688,0.375
dbf5dfcbbc9f5410,cifar100,ssb-v2,cnn,protocol-v3,1.0,0,4,2,29,0.00569712498690933,0.016160582948941737,657522688,0.28125
dbf5dfcbbc9f5410,cifar100,ssb-v2,cnn,protocol-v3,1.0,0,4,2,30,0.005710416997317225,0.016082624963019043,657522688,0.328125
dbf5dfcbbc9f5410,cifar100,ssb-v2,cnn,protocol-v3,1.0,0,4,2,31,0.005692083039321005,0.015989166975487024,657522688,0.2890625
dbf5dfcbbc9f5410,cifar100,ssb-v2,cnn,protocol-v3,1.0,0,4,2,32,0.0058202919899486005,0.016247124993242323,657522688,0.2421875
dbf5dfcbbc9f5410,cifar100,ssb-v2,cnn,protocol-v3,1.0,0,4,2,33,0.005818000005092472,0.0163522909861058,657522688,0.3359375
dbf5dfcbbc9f5410,cifar100,ssb-v2,cnn,protocol-v3,1.0,0,4,2,34,0.006217250018380582,0.01730574999237433,657522688,0.2578125
dbf5dfcbbc9f5410,cifar100,ssb-v2,cnn,protocol-v3,1.0,0,4,2,35,0.00592349999351427,0.018041666015051305,657522688,0.25
dbf5dfcbbc9f5410,cifar100,ssb-v2,cnn,protocol-v3,1.0,0,4,2,36,0.005761707958299667,0.016231957997661084,657522688,0.3046875
dbf5dfcbbc9f5410,cifar100,ssb-v2,cnn,protocol-v3,1.0,0,4,2,37,0.0057296670274809,0.016562500037252903,657522688,0.2578125
dbf5dfcbbc9f5410,cifar100,ssb-v2,cnn,protocol-v3,1.0,0,4,2,38,0.005697708984371275,0.01607866695849225,657522688,0.2890625
dbf5dfcbbc9f5410,cifar100,ssb-v2,cnn,protocol-v3,1.0,0,4,2,39,0.005694166989997029,0.01613745797658339,657522688,0.25
dbf5dfcbbc9f5410,cifar100,ssb-v2,cnn,protocol-v3,1.0,0,4,2,40,0.005726291972678155,0.01609512499999255,657522688,0.265625
dbf5dfcbbc9f5410,cifar100,ssb-v2,cnn,protocol-v3,1.0,0,4,2,41,0.005704874987713993,0.016094958991743624,657522688,0.2421875
dbf5dfcbbc9f5410,cifar100,ssb-v2,cnn,protocol-v3,1.0,0,4,2,42,0.005693416984286159,0.016060583002399653,657522688,0.3046875
dbf5dfcbbc9f5410,cifar100,ssb-v2,cnn,protocol-v3,1.0,0,4,2,43,0.005690667021553963,0.01614029100164771,657522688,0.2734375
dbf5dfcbbc9f5410,cifar100,ssb-v2,cnn,protocol-v3,1.0,0,4,2,44,0.005745750037021935,0.0160976669867523,657522688,0.3203125
dbf5dfcbbc9f5410,cifar100,ssb-v2,cnn,protocol-v3,1.0,0,4,2,45,0.0057185839978046715,0.016126375005114824,657522688,0.265625
dbf5dfcbbc9f5410,cifar100,ssb-v2,cnn,protocol-v3,1.0,0,4,2,46,0.006237833003979176,0.016141750034876168,659095552,0.265625
dbf5dfcbbc9f5410,cifar100,ssb-v2,cnn,protocol-v3,1.0,0,4,2,47,0.006230833008885384,0.01609229197492823,659095552,0.328125
dbf5dfcbbc9f5410,cifar100,ssb-v2,cnn,protocol-v3,1.0,0,4,2,48,0.005986333999317139,0.01624600001377985,659095552,0.34375
dbf5dfcbbc9f5410,cifar100,ssb-v2,cnn,protocol-v3,1.0,0,4,2,49,0.006183209014125168,0.016120542015414685,659095552,0.3203125
dbf5dfcbbc9f5410,cifar100,ssb-v2,cnn,protocol-v3,1.0,0,4,2,50,0.006231042032595724,0.016172749979887158,659095552,0.28125
dbf5dfcbbc9f5410,cifar100,ssb-v2,cnn,protocol-v3,1.0,0,4,2,51,0.005688083008863032,0.016263792000245303,659095552,0.296875
dbf5dfcbbc9f5410,cifar100,ssb-v2,cnn,protocol-v3,1.0,0,4,2,52,0.005705041985493153,0.01604858401697129,659111936,0.3046875
dbf5dfcbbc9f5410,cifar100,ssb-v2,cnn,protocol-v3,1.0,0,4,2,53,0.005708958022296429,0.01600258401595056,659111936,0.3046875
dbf5dfcbbc9f5410,cifar100,ssb-v2,cnn,protocol-v3,1.0,0,4,2,54,0.005689208977855742,0.016007917001843452,659111936,0.2421875
dbf5dfcbbc9f5410,cifar100,ssb-v2,cnn,protocol-v3,1.0,0,4,2,55,0.005695667001418769,0.016071958001703024,659111936,0.3046875
dbf5dfcbbc9f5410,cifar100,ssb-v2,cnn,protocol-v3,1.0,0,4,2,56,0.005705500021576881,0.015991208027116954,659111936,0.2734375
dbf5dfcbbc9f5410,cifar100,ssb-v2,cnn,protocol-v3,1.0,0,4,2,57,0.005704000010155141,0.0161354590090923,659111936,0.2578125
dbf5dfcbbc9f5410,cifar100,ssb-v2,cnn,protocol-v3,1.0,0,4,2,58,0.005710833007469773,0.016003333032131195,659111936,0.3359375
dbf5dfcbbc9f5410,cifar100,ssb-v2,cnn,protocol-v3,1.0,0,4,2,59,0.005720707995351404,0.016131249954923987,659111936,0.3046875
dbf5dfcbbc9f5410,cifar100,ssb-v2,cnn,protocol-v3,1.0,0,4,2,60,0.00570254196645692,0.01597895799204707,659111936,0.3359375
dbf5dfcbbc9f5410,cifar100,ssb-v2,cnn,protocol-v3,1.0,0,4,2,61,0.005697791988495737,0.01610316603910178,659111936,0.3203125
dbf5dfcbbc9f5410,cifar100,ssb-v2,cnn,protocol-v3,1.0,0,4,2,62,0.005686666001565754,0.015936499985400587,659111936,0.3671875
dbf5dfcbbc9f5410,cifar100,ssb-v2,cnn,protocol-v3,1.0,0,4,2,63,0.005691832979209721,0.01605954102706164,659111936,0.296875
dbf5dfcbbc9f5410,cifar100,ssb-v2,cnn,protocol-v3,1.0,0,4,2,64,0.005698250024579465,0.016120583983138204,659111936,0.3203125
dbf5dfcbbc9f5410,cifar100,ssb-v2,cnn,protocol-v3,1.0,0,4,2,65,0.005709499993827194,0.016100917011499405,659111936,0.28125
dbf5dfcbbc9f5410,cifar100,ssb-v2,cnn,protocol-v3,1.0,0,4,2,66,0.005696957989130169,0.016088832984678447,659111936,0.2578125
dbf5dfcbbc9f5410,cifar100,ssb-v2,cnn,protocol-v3,1.0,0,4,2,67,0.005693791958037764,0.016008792037609965,659111936,0.3515625
dbf5dfcbbc9f5410,cifar100,ssb-v2,cnn,protocol-v3,1.0,0,4,2,68,0.005699708010070026,0.016088875010609627,659111936,0.234375
dbf5dfcbbc9f5410,cifar100,ssb-v2,cnn,protocol-v3,1.0,0,4,2,69,0.006065624998882413,0.016106957977171987,659111936,0.2734375
dbf5dfcbbc9f5410,cifar100,ssb-v2,cnn,protocol-v3,1.0,0,4,2,70,0.005700750043615699,0.016026582976337522,659111936,0.21875
dbf5dfcbbc9f5410,cifar100,ssb-v2,cnn,protocol-v3,1.0,0,4,2,71,0.0057011659955605865,0.01601754204602912,659111936,0.2734375
dbf5dfcbbc9f5410,cifar100,ssb-v2,cnn,protocol-v3,1.0,0,4,2,72,0.006052291952073574,0.016144625027664006,659111936,0.3359375
dbf5dfcbbc9f5410,cifar100,ssb-v2,cnn,protocol-v3,1.0,0,4,2,73,0.006046334048733115,0.016074459010269493,659111936,0.265625
dbf5dfcbbc9f5410,cifar100,ssb-v2,cnn,protocol-v3,1.0,0,4,2,74,0.005704959039576352,0.01606895902659744,659111936,0.234375
dbf5dfcbbc9f5410,cifar100,ssb-v2,cnn,protocol-v3,1.0,0,4,2,75,0.00569562497548759,0.016196125012356788,659111936,0.296875
dbf5dfcbbc9f5410,cifar100,ssb-v2,cnn,protocol-v3,1.0,0,4,2,76,0.005706750031094998,0.016069750010501593,659111936,0.28125
dbf5dfcbbc9f5410,cifar100,ssb-v2,cnn,protocol-v3,1.0,0,4,2,77,0.005692999984603375,0.016106708033476025,659111936,0.328125
dbf5dfcbbc9f5410,cifar100,ssb-v2,cnn,protocol-v3,1.0,0,4,2,78,0.005696582957170904,0.0160627500154078,659111936,0.328125
dbf5dfcbbc9f5410,cifar100,ssb-v2,cnn,protocol-v3,1.0,0,4,2,79,0.00574912503361702,0.016114208032377064,659111936,0.359375
dbf5dfcbbc9f5410,cifar100,ssb-v2,cnn,protocol-v3,1.0,0,4,2,80,0.005694791034329683,0.016094833030365407,659111936,0.2890625
dbf5dfcbbc9f5410,cifar100,ssb-v2,cnn,protocol-v3,1.0,0,4,2,81,0.006046124966815114,0.016070167010184377,659111936,0.3203125
dbf5dfcbbc9f5410,cifar100,ssb-v2,cnn,protocol-v3,1.0,0,4,2,82,0.0061938330181874335,0.016084750008303672,659111936,0.2578125
dbf5dfcbbc9f5410,cifar100,ssb-v2,cnn,protocol-v3,1.0,0,4,2,83,0.006073124997783452,0.015946957981213927,659111936,0.3203125
dbf5dfcbbc9f5410,cifar100,ssb-v2,cnn,protocol-v3,1.0,0,4,2,84,0.005707125004846603,0.01609095901949331,659111936,0.34375
dbf5dfcbbc9f5410,cifar100,ssb-v2,cnn,protocol-v3,1.0,0,4,2,85,0.005689791985787451,0.016008917009457946,659111936,0.25
dbf5dfcbbc9f5410,cifar100,ssb-v2,cnn,protocol-v3,1.0,0,4,2,86,0.0056903749937191606,0.016042625007685274,659111936,0.359375
dbf5dfcbbc9f5410,cifar100,ssb-v2,cnn,protocol-v3,1.0,0,4,2,87,0.005700625013560057,0.015974792011547834,659111936,0.3046875
dbf5dfcbbc9f5410,cifar100,ssb-v2,cnn,protocol-v3,1.0,0,4,2,88,0.0057033749762922525,0.01601229200605303,659111936,0.3515625
dbf5dfcbbc9f5410,cifar100,ssb-v2,cnn,protocol-v3,1.0,0,4,2,89,0.0057059170212596655,0.016103917034342885,659111936,0.3203125
dbf5dfcbbc9f5410,cifar100,ssb-v2,cnn,protocol-v3,1.0,0,4,2,90,0.005696417007129639,0.015933290997054428,659111936,0.3984375
dbf5dfcbbc9f5410,cifar100,ssb-v2,cnn,protocol-v3,1.0,0,4,2,91,0.005705417017452419,0.016096416977234185,659111936,0.34375
dbf5dfcbbc9f5410,cifar100,ssb-v2,cnn,protocol-v3,1.0,0,4,2,92,0.0057052080519497395,0.016048458986915648,659111936,0.3515625
dbf5dfcbbc9f5410,cifar100,ssb-v2,cnn,protocol-v3,1.0,0,4,2,93,0.00621991598745808,0.01607458299258724,659111936,0.2890625
dbf5dfcbbc9f5410,cifar100,ssb-v2,cnn,protocol-v3,1.0,0,4,2,94,0.006193917011842132,0.016030667000450194,659111936,0.21875
dbf5dfcbbc9f5410,cifar100,ssb-v2,cnn,protocol-v3,1.0,0,4,2,95,0.005681166017893702,0.01609291700879112,659111936,0.28125
dbf5dfcbbc9f5410,cifar100,ssb-v2,cnn,protocol-v3,1.0,0,4,2,96,0.006057208054699004,0.016249625012278557,659128320,0.1640625
dbf5dfcbbc9f5410,cifar100,ssb-v2,cnn,protocol-v3,1.0,0,4,2,97,0.006205042009241879,0.015993791981600225,659128320,0.3671875
dbf5dfcbbc9f5410,cifar100,ssb-v2,cnn,protocol-v3,1.0,0,4,2,98,0.00568425003439188,0.01607562502613291,659128320,0.2421875
dbf5dfcbbc9f5410,cifar100,ssb-v2,cnn,protocol-v3,1.0,0,4,2,99,0.0056758339633233845,0.016124000016134232,659144704,0.375
dbf5dfcbbc9f5410,cifar100,ssb-v2,cnn,protocol-v3,1.0,0,4,2,100,0.005677292007021606,0.016087832977063954,659144704,0.328125
dbf5dfcbbc9f5410,cifar100,ssb-v2,cnn,protocol-v3,1.0,0,4,2,101,0.005707292002625763,0.01595929200993851,659161088,0.3125
dbf5dfcbbc9f5410,cifar100,ssb-v2,cnn,protocol-v3,1.0,0,4,2,102,0.005692459002602845,0.01610491704195738,659161088,0.328125
dbf5dfcbbc9f5410,cifar100,ssb-v2,cnn,protocol-v3,1.0,0,4,2,103,0.005695457977708429,0.016099125030450523,659161088,0.3359375
dbf5dfcbbc9f5410,cifar100,ssb-v2,cnn,protocol-v3,1.0,0,4,2,104,0.005697624990716577,0.0160537920310162,659161088,0.234375
dbf5dfcbbc9f5410,cifar100,ssb-v2,cnn,protocol-v3,1.0,0,4,2,105,0.005699625005945563,0.01601358299376443,659161088,0.3046875
dbf5dfcbbc9f5410,cifar100,ssb-v2,cnn,protocol-v3,1.0,0,4,2,106,0.005694834049791098,0.016074291022960097,659161088,0.3828125
dbf5dfcbbc9f5410,cifar100,ssb-v2,cnn,protocol-v3,1.0,0,4,2,107,0.005702499998733401,0.01663979102158919,659161088,0.296875
dbf5dfcbbc9f5410,cifar100,ssb-v2,cnn,protocol-v3,1.0,0,4,2,108,0.005703207978513092,0.016367040982004255,659161088,0.3515625
dbf5dfcbbc9f5410,cifar100,ssb-v2,cnn,protocol-v3,1.0,0,4,2,109,0.00568795797880739,0.016035125008784235,659161088,0.3125
dbf5dfcbbc9f5410,cifar100,ssb-v2,cnn,protocol-v3,1.0,0,4,2,110,0.005696250009350479,0.01604024996049702,659161088,0.3515625
dbf5dfcbbc9f5410,cifar100,ssb-v2,cnn,protocol-v3,1.0,0,4,2,111,0.005705624993424863,0.0159900410217233,659161088,0.3203125
dbf5dfcbbc9f5410,cifar100,ssb-v2,cnn,protocol-v3,1.0,0,4,2,112,0.0057139170239679515,0.016065958014223725,659177472,0.375
dbf5dfcbbc9f5410,cifar100,ssb-v2,cnn,protocol-v3,1.0,0,4,2,113,0.005694875027984381,0.01601287501398474,659177472,0.3203125
dbf5dfcbbc9f5410,cifar100,ssb-v2,cnn,protocol-v3,1.0,0,4,2,114,0.005691083031706512,0.016010416962672025,659177472,0.3359375
dbf5dfcbbc9f5410,cifar100,ssb-v2,cnn,protocol-v3,1.0,0,4,2,115,0.005705500021576881,0.01598787499824539,659177472,0.375
dbf5dfcbbc9f5410,cifar100,ssb-v2,cnn,protocol-v3,1.0,0,4,2,116,0.005692291015293449,0.0161155000096187,659177472,0.2578125
dbf5dfcbbc9f5410,cifar100,ssb-v2,cnn,protocol-v3,1.0,0,4,2,117,0.005701708025299013,0.015986958984285593,659177472,0.3203125
dbf5dfcbbc9f5410,cifar100,ssb-v2,cnn,protocol-v3,1.0,0,4,2,118,0.005685042007826269,0.016147707996424288,659177472,0.3203125
dbf5dfcbbc9f5410,cifar100,ssb-v2,cnn,protocol-v3,1.0,0,4,2,119,0.005707832984626293,0.01605224999366328,659177472,0.390625
dbf5dfcbbc9f5410,cifar100,ssb-v2,cnn,protocol-v3,1.0,0,4,2,120,0.005688624980393797,0.016106249997392297,659177472,0.3125
dbf5dfcbbc9f5410,cifar100,ssb-v2,cnn,protocol-v3,1.0,0,4,2,121,0.005693957966286689,0.01611112494720146,659177472,0.3125
dbf5dfcbbc9f5410,cifar100,ssb-v2,cnn,protocol-v3,1.0,0,4,2,122,0.0056986670242622495,0.016085875045973808,659177472,0.375
dbf5dfcbbc9f5410,cifar100,ssb-v2,cnn,protocol-v3,1.0,0,4,2,123,0.005705875053536147,0.0160747499903664,659177472,0.28125
dbf5dfcbbc9f5410,cifar100,ssb-v2,cnn,protocol-v3,1.0,0,4,2,124,0.005667167017236352,0.01604108395986259,659177472,0.2421875
dbf5dfcbbc9f5410,cifar100,ssb-v2,cnn,protocol-v3,1.0,0,4,2,125,0.005687249999027699,0.016031166014727205,659177472,0.3671875
dbf5dfcbbc9f5410,cifar100,ssb-v2,cnn,protocol-v3,1.0,0,4,2,126,0.005693875020369887,0.016069791978225112,659193856,0.3046875
dbf5dfcbbc9f5410,cifar100,ssb-v2,cnn,protocol-v3,1.0,0,4,2,127,0.006049000017810613,0.016002125048544258,659193856,0.3046875
dbf5dfcbbc9f5410,cifar100,ssb-v2,cnn,protocol-v3,1.0,0,4,2,128,0.005827500019222498,0.01611099997535348,659193856,0.3515625
dbf5dfcbbc9f5410,cifar100,ssb-v2,cnn,protocol-v3,1.0,0,4,2,129,0.005687291035428643,0.016169374983292073,659193856,0.3203125
dbf5dfcbbc9f5410,cifar100,ssb-v2,cnn,protocol-v3,1.0,0,4,2,130,0.005682124989107251,0.016033874999266118,659193856,0.2890625
dbf5dfcbbc9f5410,cifar100,ssb-v2,cnn,protocol-v3,1.0,0,4,2,131,0.005700999987311661,0.01606516703031957,659193856,0.3984375
dbf5dfcbbc9f5410,cifar100,ssb-v2,cnn,protocol-v3,1.0,0,4,2,132,0.005683417024556547,0.016028375015594065,659193856,0.3515625
dbf5dfcbbc9f5410,cifar100,ssb-v2,cnn,protocol-v3,1.0,0,4,2,133,0.00569095800165087,0.016080249974038452,659193856,0.3046875
dbf5dfcbbc9f5410,cifar100,ssb-v2,cnn,protocol-v3,1.0,0,4,2,134,0.005689791985787451,0.016118332976475358,659210240,0.328125
dbf5dfcbbc9f5410,cifar100,ssb-v2,cnn,protocol-v3,1.0,0,4,2,135,0.005700333975255489,0.016104625014122576,659210240,0.3046875
dbf5dfcbbc9f5410,cifar100,ssb-v2,cnn,protocol-v3,1.0,0,4,2,136,0.0060490419855341315,0.016067458025645465,659210240,0.3359375
dbf5dfcbbc9f5410,cifar100,ssb-v2,cnn,protocol-v3,1.0,0,4,2,137,0.006203333963640034,0.015963207988534123,659210240,0.265625
dbf5dfcbbc9f5410,cifar100,ssb-v2,cnn,protocol-v3,1.0,0,4,2,138,0.005678209010511637,0.01605974999256432,659210240,0.375
dbf5dfcbbc9f5410,cifar100,ssb-v2,cnn,protocol-v3,1.0,0,4,2,139,0.0056808749795891345,0.015976499998942018,659210240,0.3125
dbf5dfcbbc9f5410,cifar100,ssb-v2,cnn,protocol-v3,1.0,0,4,2,140,0.005704750015866011,0.0160866659716703,659210240,0.265625
dbf5dfcbbc9f5410,cifar100,ssb-v2,cnn,protocol-v3,1.0,0,4,2,141,0.005682875053025782,0.016052290971856564,659210240,0.3203125
dbf5dfcbbc9f5410,cifar100,ssb-v2,cnn,protocol-v3,1.0,0,4,2,142,0.005680333008058369,0.01595716702286154,659210240,0.328125
dbf5dfcbbc9f5410,cifar100,ssb-v2,cnn,protocol-v3,1.0,0,4,2,143,0.005705500021576881,0.016057208995334804,659210240,0.2734375
dbf5dfcbbc9f5410,cifar100,ssb-v2,cnn,protocol-v3,1.0,0,4,2,144,0.0056780410232022405,0.016036125016398728,659210240,0.3515625
dbf5dfcbbc9f5410,cifar100,ssb-v2,cnn,protocol-v3,1.0,0,4,2,145,0.005691124999430031,0.016132457996718585,659210240,0.3828125
dbf5dfcbbc9f5410,cifar100,ssb-v2,cnn,protocol-v3,1.0,0,4,2,146,0.005686792021151632,0.016089584038127214,659210240,0.328125
dbf5dfcbbc9f5410,cifar100,ssb-v2,cnn,protocol-v3,1.0,0,4,2,147,0.005713166028726846,0.016051459009759128,659210240,0.2890625
dbf5dfcbbc9f5410,cifar100,ssb-v2,cnn,protocol-v3,1.0,0,4,2,148,0.00604050001129508,0.016080500034149736,659226624,0.3046875
dbf5dfcbbc9f5410,cifar100,ssb-v2,cnn,protocol-v3,1.0,0,4,2,149,0.00570633402094245,0.01611412497004494,659226624,0.375
dbf5dfcbbc9f5410,cifar100,ssb-v2,cnn,protocol-v3,1.0,0,4,2,150,0.006034749967511743,0.01610058400547132,659226624,0.3671875
dbf5dfcbbc9f5410,cifar100,ssb-v2,cnn,protocol-v3,1.0,0,4,2,151,0.00603975000558421,0.016185374988708645,659226624,0.2890625
dbf5dfcbbc9f5410,cifar100,ssb-v2,cnn,protocol-v3,1.0,0,4,2,152,0.005680291971657425,0.0160840839962475,659243008,0.3203125
dbf5dfcbbc9f5410,cifar100,ssb-v2,cnn,protocol-v3,1.0,0,4,2,153,0.005680125032085925,0.01608312502503395,659243008,0.3359375
dbf5dfcbbc9f5410,cifar100,ssb-v2,cnn,protocol-v3,1.0,0,4,2,154,0.005701042013242841,0.016104916983749717,659243008,0.3125
dbf5dfcbbc9f5410,cifar100,ssb-v2,cnn,protocol-v3,1.0,0,4,2,155,0.005695332947652787,0.016015709028579295,659259392,0.328125
dbf5dfcbbc9f5410,cifar100,ssb-v2,cnn,protocol-v3,1.0,0,4,2,156,0.005696334003005177,0.01605283300159499,659275776,0.3203125
dbf5dfcbbc9f5410,cifar100,ssb-v2,cnn,protocol-v3,1.0,0,4,2,157,0.005696250009350479,0.016026625002268702,659275776,0.3515625
dbf5dfcbbc9f5410,cifar100,ssb-v2,cnn,protocol-v3,1.0,0,4,2,158,0.0057113750372081995,0.01607791701098904,659275776,0.3515625
dbf5dfcbbc9f5410,cifar100,ssb-v2,cnn,protocol-v3,1.0,0,4,2,159,0.006047457980457693,0.01605841697892174,659275776,0.34375
dbf5dfcbbc9f5410,cifar100,ssb-v2,cnn,protocol-v3,1.0,0,4,2,160,0.006202458986081183,0.016108833020552993,659275776,0.3046875
dbf5dfcbbc9f5410,cifar100,ssb-v2,cnn,protocol-v3,1.0,0,4,2,161,0.005940500006545335,0.016171582974493504,659275776,0.3359375
dbf5dfcbbc9f5410,cifar100,ssb-v2,cnn,protocol-v3,1.0,0,4,2,162,0.0057029579766094685,0.016117791994474828,659275776,0.328125
dbf5dfcbbc9f5410,cifar100,ssb-v2,cnn,protocol-v3,1.0,0,4,2,163,0.005700625013560057,0.016105292015708983,659275776,0.3359375
dbf5dfcbbc9f5410,cifar100,ssb-v2,cnn,protocol-v3,1.0,0,4,2,164,0.005695708037819713,0.015908790985122323,659292160,0.296875
dbf5dfcbbc9f5410,cifar100,ssb-v2,cnn,protocol-v3,1.0,0,4,2,165,0.005677874956745654,0.016057249973528087,660865024,0.3359375
dbf5dfcbbc9f5410,cifar100,ssb-v2,cnn,protocol-v3,1.0,0,4,2,166,0.005897208000533283,0.01618566596880555,660865024,0.2578125
dbf5dfcbbc9f5410,cifar100,ssb-v2,cnn,protocol-v3,1.0,0,4,2,167,0.005823583982419223,0.016167874971870333,660865024,0.3203125
dbf5dfcbbc9f5410,cifar100,ssb-v2,cnn,protocol-v3,1.0,0,4,2,168,0.005739999993238598,0.01621883304324001,660865024,0.3671875
dbf5dfcbbc9f5410,cifar100,ssb-v2,cnn,protocol-v3,1.0,0,4,2,169,0.005813667026814073,0.016197041957639158,660865024,0.296875
dbf5dfcbbc9f5410,cifar100,ssb-v2,cnn,protocol-v3,1.0,0,4,2,170,0.005700415989849716,0.01615066605154425,660865024,0.265625
dbf5dfcbbc9f5410,cifar100,ssb-v2,cnn,protocol-v3,1.0,0,4,2,171,0.005757124978117645,0.0161304579814896,660865024,0.28125
dbf5dfcbbc9f5410,cifar100,ssb-v2,cnn,protocol-v3,1.0,0,4,2,172,0.005980707996059209,0.016156208992470056,660881408,0.3203125
dbf5dfcbbc9f5410,cifar100,ssb-v2,cnn,protocol-v3,1.0,0,4,2,173,0.006031834054738283,0.01601120800478384,660881408,0.390625
dbf5dfcbbc9f5410,cifar100,ssb-v2,cnn,protocol-v3,1.0,0,4,2,174,0.0060743329813703895,0.016118416970130056,660881408,0.3671875
dbf5dfcbbc9f5410,cifar100,ssb-v2,cnn,protocol-v3,1.0,0,4,2,175,0.006203875003848225,0.016082624963019043,660881408,0.328125
dbf5dfcbbc9f5410,cifar100,ssb-v2,cnn,protocol-v3,1.0,0,4,2,176,0.005695583007764071,0.01644220796879381,660881408,0.3515625
dbf5dfcbbc9f5410,cifar100,ssb-v2,cnn,protocol-v3,1.0,0,4,2,177,0.005714792001526803,0.016102124995086342,660897792,0.390625
dbf5dfcbbc9f5410,cifar100,ssb-v2,cnn,protocol-v3,1.0,0,4,2,178,0.005701540969312191,0.01610425004037097,660897792,0.3671875
dbf5dfcbbc9f5410,cifar100,ssb-v2,cnn,protocol-v3,1.0,0,4,2,179,0.005707375006750226,0.016096333041787148,660897792,0.3359375
dbf5dfcbbc9f5410,cifar100,ssb-v2,cnn,protocol-v3,1.0,0,4,2,180,0.005708541022613645,0.016105082991998643,660914176,0.3359375
dbf5dfcbbc9f5410,cifar100,ssb-v2,cnn,protocol-v3,1.0,0,4,2,181,0.005692165985237807,0.01608820800902322,660914176,0.3046875
dbf5dfcbbc9f5410,cifar100,ssb-v2,cnn,protocol-v3,1.0,0,4,2,182,0.005735875049140304,0.01604837499326095,660914176,0.3671875
dbf5dfcbbc9f5410,cifar100,ssb-v2,cnn,protocol-v3,1.0,0,4,2,183,0.005692291946616024,0.01608820800902322,660914176,0.34375
dbf5dfcbbc9f5410,cifar100,ssb-v2,cnn,protocol-v3,1.0,0,4,2,184,0.006257249973714352,0.01612391695380211,660914176,0.3046875
dbf5dfcbbc9f5410,cifar100,ssb-v2,cnn,protocol-v3,1.0,0,4,2,185,0.006062000000383705,0.016005665995180607,660914176,0.2578125
dbf5dfcbbc9f5410,cifar100,ssb-v2,cnn,protocol-v3,1.0,0,4,2,186,0.005727540992666036,0.016112916986458004,660914176,0.375
dbf5dfcbbc9f5410,cifar100,ssb-v2,cnn,protocol-v3,1.0,0,4,2,187,0.006227708014193922,0.016229750006459653,660946944,0.3125
dbf5dfcbbc9f5410,cifar100,ssb-v2,cnn,protocol-v3,1.0,0,4,2,188,0.006039541971404105,0.01610804197844118,660946944,0.2734375
dbf5dfcbbc9f5410,cifar100,ssb-v2,cnn,protocol-v3,1.0,0,4,2,189,0.005694916006177664,0.016119833977427334,660946944,0.3203125
dbf5dfcbbc9f5410,cifar100,ssb-v2,cnn,protocol-v3,1.0,0,4,2,190,0.005709707969799638,0.016115541977342218,660946944,0.3828125
dbf5dfcbbc9f5410,cifar100,ssb-v2,cnn,protocol-v3,1.0,0,4,2,191,0.005692582984920591,0.016126208007335663,660946944,0.3046875
dbf5dfcbbc9f5410,cifar100,ssb-v2,cnn,protocol-v3,1.0,0,4,2,192,0.005684833973646164,0.016044125019107014,660946944,0.296875
dbf5dfcbbc9f5410,cifar100,ssb-v2,cnn,protocol-v3,1.0,0,4,2,193,0.005696957989130169,0.01611879200208932,660946944,0.3046875
dbf5dfcbbc9f5410,cifar100,ssb-v2,cnn,protocol-v3,1.0,0,4,2,194,0.0057109579793177545,0.016104332986287773,660946944,0.3671875
dbf5dfcbbc9f5410,cifar100,ssb-v2,cnn,protocol-v3,1.0,0,4,2,195,0.005692459002602845,0.016102082969155163,660946944,0.3359375
dbf5dfcbbc9f5410,cifar100,ssb-v2,cnn,protocol-v3,1.0,0,4,2,196,0.005743916961364448,0.01610054197954014,660963328,0.34375
dbf5dfcbbc9f5410,cifar100,ssb-v2,cnn,protocol-v3,1.0,0,4,2,197,0.005681000009644777,0.01609808299690485,660963328,0.3359375
dbf5dfcbbc9f5410,cifar100,ssb-v2,cnn,protocol-v3,1.0,0,4,2,198,0.006062500004190952,0.015979541989509016,660963328,0.3515625
dbf5dfcbbc9f5410,cifar100,ssb-v2,cnn,protocol-v3,1.0,0,4,2,199,0.00568495795596391,0.016207459033466876,660963328,0.4375
dbf5dfcbbc9f5410,cifar100,ssb-v2,cnn,protocol-v3,1.0,0,4,2,200,0.0056885419762693346,0.015997834037989378,660963328,0.296875
dbf5dfcbbc9f5410,cifar100,ssb-v2,cnn,protocol-v3,1.0,0,4,2,201,0.005707708012778312,0.0160189580055885,660963328,0.34375
dbf5dfcbbc9f5410,cifar100,ssb-v2,cnn,protocol-v3,1.0,0,4,2,202,0.005665832955855876,0.01594650000333786,660963328,0.34375
dbf5dfcbbc9f5410,cifar100,ssb-v2,cnn,protocol-v3,1.0,0,4,2,203,0.005679166992194951,0.01611504197353497,660963328,0.4453125
dbf5dfcbbc9f5410,cifar100,ssb-v2,cnn,protocol-v3,1.0,0,4,2,204,0.005683625000528991,0.01607549999607727,660963328,0.3359375
dbf5dfcbbc9f5410,cifar100,ssb-v2,cnn,protocol-v3,1.0,0,4,2,205,0.0057066670269705355,0.016017249959986657,660963328,0.4375
dbf5dfcbbc9f5410,cifar100,ssb-v2,cnn,protocol-v3,1.0,0,4,2,206,0.005694416991900653,0.01610112498747185,660963328,0.3125
dbf5dfcbbc9f5410,cifar100,ssb-v2,cnn,protocol-v3,1.0,0,4,2,207,0.006218791997525841,0.016073499980848283,660979712,0.3671875
dbf5dfcbbc9f5410,cifar100,ssb-v2,cnn,protocol-v3,1.0,0,4,2,208,0.006031625031027943,0.01607625000178814,660979712,0.3828125
dbf5dfcbbc9f5410,cifar100,ssb-v2,cnn,protocol-v3,1.0,0,4,2,209,0.005972250015474856,0.016095749975647777,660979712,0.3828125
dbf5dfcbbc9f5410,cifar100,ssb-v2,cnn,protocol-v3,1.0,0,4,2,210,0.0059679579571820796,0.016102665977086872,660979712,0.3125
dbf5dfcbbc9f5410,cifar100,ssb-v2,cnn,protocol-v3,1.0,0,4,2,211,0.00625733396736905,0.016048999968916178,660979712,0.40625
dbf5dfcbbc9f5410,cifar100,ssb-v2,cnn,protocol-v3,1.0,0,4,2,212,0.006055582955013961,0.016051665996201336,660979712,0.375
dbf5dfcbbc9f5410,cifar100,ssb-v2,cnn,protocol-v3,1.0,0,4,2,213,0.005696459033060819,0.016113290970679373,660996096,0.265625
dbf5dfcbbc9f5410,cifar100,ssb-v2,cnn,protocol-v3,1.0,0,4,2,214,0.005703834001906216,0.01610704098129645,660996096,0.3125
dbf5dfcbbc9f5410,cifar100,ssb-v2,cnn,protocol-v3,1.0,0,4,2,215,0.005698749970179051,0.016051832993980497,660996096,0.3828125
dbf5dfcbbc9f5410,cifar100,ssb-v2,cnn,protocol-v3,1.0,0,4,2,216,0.0057022920227609575,0.016034291998948902,660996096,0.3125
dbf5dfcbbc9f5410,cifar100,ssb-v2,cnn,protocol-v3,1.0,0,4,2,217,0.005695583997294307,0.0160232909838669,660996096,0.34375
dbf5dfcbbc9f5410,cifar100,ssb-v2,cnn,protocol-v3,1.0,0,4,2,218,0.005696250009350479,0.01609433302655816,661012480,0.3671875
dbf5dfcbbc9f5410,cifar100,ssb-v2,cnn,protocol-v3,1.0,0,4,2,219,0.005695667001418769,0.016062083013821393,661012480,0.390625
dbf5dfcbbc9f5410,cifar100,ssb-v2,cnn,protocol-v3,1.0,0,4,2,220,0.005685290961991996,0.016030667000450194,661012480,0.3125
dbf5dfcbbc9f5410,cifar100,ssb-v2,cnn,protocol-v3,1.0,0,4,2,221,0.006045042013283819,0.016110666969325393,661012480,0.3515625
dbf5dfcbbc9f5410,cifar100,ssb-v2,cnn,protocol-v3,1.0,0,4,2,222,0.006210666033439338,0.015963709040079266,661012480,0.4453125
dbf5dfcbbc9f5410,cifar100,ssb-v2,cnn,protocol-v3,1.0,0,4,2,223,0.006030332995578647,0.016032417013775557,661012480,0.3515625
dbf5dfcbbc9f5410,cifar100,ssb-v2,cnn,protocol-v3,1.0,0,4,2,224,0.0060237079742364585,0.016121666005346924,661012480,0.3125
dbf5dfcbbc9f5410,cifar100,ssb-v2,cnn,protocol-v3,1.0,0,4,2,225,0.0057015419588424265,0.015957458002958447,661012480,0.34375
dbf5dfcbbc9f5410,cifar100,ssb-v2,cnn,protocol-v3,1.0,0,4,2,226,0.00568966701393947,0.016098166001029313,661012480,0.2578125
dbf5dfcbbc9f5410,cifar100,ssb-v2,cnn,protocol-v3,1.0,0,4,2,227,0.005694166989997029,0.015980749973095953,661012480,0.296875
dbf5dfcbbc9f5410,cifar100,ssb-v2,cnn,protocol-v3,1.0,0,4,2,228,0.005713291990105063,0.01602949999505654,661012480,0.3046875
dbf5dfcbbc9f5410,cifar100,ssb-v2,cnn,protocol-v3,1.0,0,4,2,229,0.005691958009265363,0.01610258297296241,661028864,0.328125
dbf5dfcbbc9f5410,cifar100,ssb-v2,cnn,protocol-v3,1.0,0,4,2,230,0.005694833991583437,0.01606649998575449,661028864,0.3046875
dbf5dfcbbc9f5410,cifar100,ssb-v2,cnn,protocol-v3,1.0,0,4,2,231,0.0057018749648705125,0.016102249966934323,661028864,0.3828125
dbf5dfcbbc9f5410,cifar100,ssb-v2,cnn,protocol-v3,1.0,0,4,2,232,0.005726707982830703,0.01610204204916954,661045248,0.359375
dbf5dfcbbc9f5410,cifar100,ssb-v2,cnn,protocol-v3,1.0,0,4,2,233,0.005696292035281658,0.01607304095523432,661045248,0.4140625
dbf5dfcbbc9f5410,cifar100,ssb-v2,cnn,protocol-v3,1.0,0,4,2,234,0.0062303339946083724,0.016101290995720774,661045248,0.375
dbf5dfcbbc9f5410,cifar100,ssb-v2,cnn,protocol-v3,1.0,0,4,2,235,0.006204457953572273,0.016102458001114428,661045248,0.3046875
dbf5dfcbbc9f5410,cifar100,ssb-v2,cnn,protocol-v3,1.0,0,4,2,236,0.006040083011612296,0.015952749992720783,661045248,0.3515625
dbf5dfcbbc9f5410,cifar100,ssb-v2,cnn,protocol-v3,1.0,0,4,2,237,0.005702458962332457,0.016605041979346424,661045248,0.3203125
dbf5dfcbbc9f5410,cifar100,ssb-v2,cnn,protocol-v3,1.0,0,4,2,238,0.00622708402806893,0.01619624998420477,661061632,0.3984375
dbf5dfcbbc9f5410,cifar100,ssb-v2,cnn,protocol-v3,1.0,0,4,2,239,0.005698541004676372,0.016065125004388392,661061632,0.3359375
dbf5dfcbbc9f5410,cifar100,ssb-v2,cnn,protocol-v3,1.0,0,4,2,240,0.005686459015123546,0.016036916989833117,661061632,0.34375
dbf5dfcbbc9f5410,cifar100,ssb-v2,cnn,protocol-v3,1.0,0,4,2,241,0.005695333005860448,0.01603162504034117,661061632,0.4375
dbf5dfcbbc9f5410,cifar100,ssb-v2,cnn,protocol-v3,1.0,0,4,2,242,0.00569337495835498,0.015980749973095953,661061632,0.3203125
dbf5dfcbbc9f5410,cifar100,ssb-v2,cnn,protocol-v3,1.0,0,4,2,243,0.005696707987226546,0.016044249990954995,661078016,0.2421875
dbf5dfcbbc9f5410,cifar100,ssb-v2,cnn,protocol-v3,1.0,0,4,2,244,0.005693707964383066,0.016090665943920612,661078016,0.34375
dbf5dfcbbc9f5410,cifar100,ssb-v2,cnn,protocol-v3,1.0,0,4,2,245,0.0056909999693743885,0.016077041975222528,661094400,0.375
dbf5dfcbbc9f5410,cifar100,ssb-v2,cnn,protocol-v3,1.0,0,4,2,246,0.005705165967810899,0.016048334015067667,661094400,0.359375
dbf5dfcbbc9f5410,cifar100,ssb-v2,cnn,protocol-v3,1.0,0,4,2,247,0.005686499993316829,0.01611758302897215,661094400,0.3828125
dbf5dfcbbc9f5410,cifar100,ssb-v2,cnn,protocol-v3,1.0,0,4,2,248,0.006189375009853393,0.016201999969780445,661094400,0.3203125
dbf5dfcbbc9f5410,cifar100,ssb-v2,cnn,protocol-v3,1.0,0,4,2,249,0.006197541020810604,0.016214040981139988,661094400,0.3359375
dbf5dfcbbc9f5410,cifar100,ssb-v2,cnn,protocol-v3,1.0,0,4,2,250,0.006223083008080721,0.016132583026774228,661094400,0.390625
dbf5dfcbbc9f5410,cifar100,ssb-v2,cnn,protocol-v3,1.0,0,4,2,251,0.005704167007934302,0.01597604202106595,661094400,0.3203125
dbf5dfcbbc9f5410,cifar100,ssb-v2,cnn,protocol-v3,1.0,0,4,2,252,0.005691541999112815,0.015993708977475762,661094400,0.3046875
dbf5dfcbbc9f5410,cifar100,ssb-v2,cnn,protocol-v3,1.0,0,4,2,253,0.0057199999573640525,0.016091458965092897,661094400,0.359375
dbf5dfcbbc9f5410,cifar100,ssb-v2,cnn,protocol-v3,1.0,0,4,2,254,0.0056914580054581165,0.01603545801481232,661094400,0.28125
dbf5dfcbbc9f5410,cifar100,ssb-v2,cnn,protocol-v3,1.0,0,4,2,255,0.005700375011656433,0.01610633300151676,661094400,0.3828125
dbf5dfcbbc9f5410,cifar100,ssb-v2,cnn,protocol-v3,1.0,0,4,2,256,0.005688415956683457,0.016064167022705078,661094400,0.3515625
dbf5dfcbbc9f5410,cifar100,ssb-v2,cnn,protocol-v3,1.0,0,4,2,257,0.005691166035830975,0.01609245897270739,661110784,0.3671875
dbf5dfcbbc9f5410,cifar100,ssb-v2,cnn,protocol-v3,1.0,0,4,2,258,0.006051375006791204,0.015989875013474375,661110784,0.3671875
dbf5dfcbbc9f5410,cifar100,ssb-v2,cnn,protocol-v3,1.0,0,4,2,259,0.005693499988410622,0.016111999982967973,661110784,0.4296875
dbf5dfcbbc9f5410,cifar100,ssb-v2,cnn,protocol-v3,1.0,0,4,2,260,0.005707292002625763,0.016420875035692006,661110784,0.3359375
dbf5dfcbbc9f5410,cifar100,ssb-v2,cnn,protocol-v3,1.0,0,4,2,261,0.005688042030669749,0.016002750024199486,661110784,0.4140625
dbf5dfcbbc9f5410,cifar100,ssb-v2,cnn,protocol-v3,1.0,0,4,2,262,0.005694625026080757,0.016087999974843115,661110784,0.328125
dbf5dfcbbc9f5410,cifar100,ssb-v2,cnn,protocol-v3,1.0,0,4,2,263,0.005686041957233101,0.01600000000325963,661110784,0.3671875
dbf5dfcbbc9f5410,cifar100,ssb-v2,cnn,protocol-v3,1.0,0,4,2,264,0.005725540977437049,0.016094000020530075,661110784,0.34375
dbf5dfcbbc9f5410,cifar100,ssb-v2,cnn,protocol-v3,1.0,0,4,2,265,0.0056928329868242145,0.01608854200458154,661110784,0.375
dbf5dfcbbc9f5410,cifar100,ssb-v2,cnn,protocol-v3,1.0,0,4,2,266,0.0057370419963262975,0.016117040999233723,661127168,0.3125
dbf5dfcbbc9f5410,cifar100,ssb-v2,cnn,protocol-v3,1.0,0,4,2,267,0.005700332985725254,0.016096500039566308,661143552,0.3203125
dbf5dfcbbc9f5410,cifar100,ssb-v2,cnn,protocol-v3,1.0,0,4,2,268,0.005950624996330589,0.016086374991573393,661143552,0.328125
dbf5dfcbbc9f5410,cifar100,ssb-v2,cnn,protocol-v3,1.0,0,4,2,269,0.00603095896076411,0.01610591699136421,661143552,0.3515625
dbf5dfcbbc9f5410,cifar100,ssb-v2,cnn,protocol-v3,1.0,0,4,2,270,0.006216375040821731,0.016023834003135562,661143552,0.3359375
dbf5dfcbbc9f5410,cifar100,ssb-v2,cnn,protocol-v3,1.0,0,4,2,271,0.006044374953489751,0.01601974997902289,661159936,0.3125
dbf5dfcbbc9f5410,cifar100,ssb-v2,cnn,protocol-v3,1.0,0,4,2,272,0.005678125016856939,0.01663954195100814,661159936,0.3671875
dbf5dfcbbc9f5410,cifar100,ssb-v2,cnn,protocol-v3,1.0,0,4,2,273,0.005695208034012467,0.015981458011083305,661159936,0.34375
dbf5dfcbbc9f5410,cifar100,ssb-v2,cnn,protocol-v3,1.0,0,4,2,274,0.0056831249967217445,0.01609808299690485,661159936,0.3515625
dbf5dfcbbc9f5410,cifar100,ssb-v2,cnn,protocol-v3,1.0,0,4,2,275,0.005699416971765459,0.016100541048217565,661159936,0.3671875
dbf5dfcbbc9f5410,cifar100,ssb-v2,cnn,protocol-v3,1.0,0,4,2,276,0.005694249994121492,0.016031457984354347,661159936,0.359375
dbf5dfcbbc9f5410,cifar100,ssb-v2,cnn,protocol-v3,1.0,0,4,2,277,0.005700042005628347,0.016113792022224516,661159936,0.359375
dbf5dfcbbc9f5410,cifar100,ssb-v2,cnn,protocol-v3,1.0,0,4,2,278,0.005691499973181635,0.01598016597563401,661159936,0.3125
dbf5dfcbbc9f5410,cifar100,ssb-v2,cnn,protocol-v3,1.0,0,4,2,279,0.0056849580141715705,0.01612158300122246,661159936,0.2890625
dbf5dfcbbc9f5410,cifar100,ssb-v2,cnn,protocol-v3,1.0,0,4,2,280,0.005687249999027699,0.01606683398131281,661159936,0.3203125
dbf5dfcbbc9f5410,cifar100,ssb-v2,cnn,protocol-v3,1.0,0,4,2,281,0.005686166987288743,0.016078334010671824,661159936,0.3671875
dbf5dfcbbc9f5410,cifar100,ssb-v2,cnn,protocol-v3,1.0,0,4,2,282,0.0056957920314744115,0.016037292021792382,661192704,0.359375
dbf5dfcbbc9f5410,cifar100,ssb-v2,cnn,protocol-v3,1.0,0,4,2,283,0.005693625018466264,0.016105499991681427,661192704,0.3828125
dbf5dfcbbc9f5410,cifar100,ssb-v2,cnn,protocol-v3,1.0,0,4,2,284,0.005709332996048033,0.01603291602805257,661192704,0.34375
dbf5dfcbbc9f5410,cifar100,ssb-v2,cnn,protocol-v3,1.0,0,4,2,285,0.0057054999633692205,0.016092957986984402,661209088,0.28125
dbf5dfcbbc9f5410,cifar100,ssb-v2,cnn,protocol-v3,1.0,0,4,2,286,0.00568629102781415,0.015987000020686537,661209088,0.3125
dbf5dfcbbc9f5410,cifar100,ssb-v2,cnn,protocol-v3,1.0,0,4,2,287,0.005811584007460624,0.016112042008899152,661209088,0.3671875
dbf5dfcbbc9f5410,cifar100,ssb-v2,cnn,protocol-v3,1.0,0,4,2,288,0.005692791019100696,0.01597737497650087,661209088,0.296875
dbf5dfcbbc9f5410,cifar100,ssb-v2,cnn,protocol-v3,1.0,0,4,2,289,0.0056779999868012965,0.016110415977891535,661209088,0.4140625
dbf5dfcbbc9f5410,cifar100,ssb-v2,cnn,protocol-v3,1.0,0,4,2,290,0.005687457975000143,0.016229749948251992,661209088,0.359375
dbf5dfcbbc9f5410,cifar100,ssb-v2,cnn,protocol-v3,1.0,0,4,2,291,0.005697749962564558,0.016141750034876168,661209088,0.2734375
dbf5dfcbbc9f5410,cifar100,ssb-v2,cnn,protocol-v3,1.0,0,4,2,292,0.005695583007764071,0.01608837500680238,661209088,0.328125
dbf5dfcbbc9f5410,cifar100,ssb-v2,cnn,protocol-v3,1.0,0,4,2,293,0.005697749962564558,0.015966416976880282,661225472,0.375
dbf5dfcbbc9f5410,cifar100,ssb-v2,cnn,protocol-v3,1.0,0,4,2,294,0.005697749962564558,0.01600383297773078,661225472,0.34375
dbf5dfcbbc9f5410,cifar100,ssb-v2,cnn,protocol-v3,1.0,0,4,2,295,0.005684042000211775,0.016095291008241475,661225472,0.3671875
dbf5dfcbbc9f5410,cifar100,ssb-v2,cnn,protocol-v3,1.0,0,4,2,296,0.005712707992643118,0.01609041594201699,661225472,0.4921875
dbf5dfcbbc9f5410,cifar100,ssb-v2,cnn,protocol-v3,1.0,0,4,2,297,0.005691249971278012,0.01612162502715364,661241856,0.40625
dbf5dfcbbc9f5410,cifar100,ssb-v2,cnn,protocol-v3,1.0,0,4,2,298,0.006057457998394966,0.01607787498505786,661241856,0.296875
dbf5dfcbbc9f5410,cifar100,ssb-v2,cnn,protocol-v3,1.0,0,4,2,299,0.00624650000827387,0.016029291960876435,661258240,0.2890625
dbf5dfcbbc9f5410,cifar100,ssb-v2,cnn,protocol-v3,1.0,0,4,2,300,0.006056834012269974,0.01607700000749901,661258240,0.3359375
dbf5dfcbbc9f5410,cifar100,ssb-v2,cnn,protocol-v3,1.0,0,4,2,301,0.005691541999112815,0.016069791046902537,661258240,0.359375
dbf5dfcbbc9f5410,cifar100,ssb-v2,cnn,protocol-v3,1.0,0,4,2,302,0.006027875002473593,0.016098499996587634,661258240,0.3828125
dbf5dfcbbc9f5410,cifar100,ssb-v2,cnn,protocol-v3,1.0,0,4,2,303,0.006034416961483657,0.016182875027880073,661258240,0.40625
dbf5dfcbbc9f5410,cifar100,ssb-v2,cnn,protocol-v3,1.0,0,4,2,304,0.006217083020601422,0.016095583036076277,661258240,0.3125
dbf5dfcbbc9f5410,cifar100,ssb-v2,cnn,protocol-v3,1.0,0,4,2,305,0.005687333003152162,0.01605533401016146,661258240,0.359375
dbf5dfcbbc9f5410,cifar100,ssb-v2,cnn,protocol-v3,1.0,0,4,2,306,0.005680416012182832,0.015958584030158818,661258240,0.390625
dbf5dfcbbc9f5410,cifar100,ssb-v2,cnn,protocol-v3,1.0,0,4,2,307,0.0056989999720826745,0.01609508297406137,661258240,0.328125
dbf5dfcbbc9f5410,cifar100,ssb-v2,cnn,protocol-v3,1.0,0,4,2,308,0.005718042026273906,0.015993000008165836,661258240,0.3671875
dbf5dfcbbc9f5410,cifar100,ssb-v2,cnn,protocol-v3,1.0,0,4,2,309,0.005686292017344385,0.016038083005696535,661258240,0.34375
dbf5dfcbbc9f5410,cifar100,ssb-v2,cnn,protocol-v3,1.0,0,4,2,310,0.005669583042617887,0.016146917012520134,661258240,0.40625
dbf5dfcbbc9f5410,cifar100,ssb-v2,cnn,protocol-v3,1.0,0,4,2,311,0.006084500055294484,0.016145208035595715,661258240,0.296875
dbf5dfcbbc9f5410,cifar100,ssb-v2,cnn,protocol-v3,1.0,0,4,2,312,0.005699334025848657,0.01600462500937283,661258240,0.34375
dbf5dfcbbc9f5410,cifar100,ssb-v2,cnn,protocol-v3,1.0,0,4,2,313,0.005724625021684915,0.016091666009742767,661274624,0.3515625
dbf5dfcbbc9f5410,cifar100,ssb-v2,cnn,protocol-v3,1.0,0,4,2,314,0.006196499976795167,0.0160581250092946,661274624,0.25
dbf5dfcbbc9f5410,cifar100,ssb-v2,cnn,protocol-v3,1.0,0,4,2,315,0.0057059170212596655,0.016392125049605966,661274624,0.3984375
dbf5dfcbbc9f5410,cifar100,ssb-v2,cnn,protocol-v3,1.0,0,4,2,316,0.005732042016461492,0.016080499975942075,661274624,0.3203125
dbf5dfcbbc9f5410,cifar100,ssb-v2,cnn,protocol-v3,1.0,0,4,2,317,0.005698541994206607,0.01611170801334083,661274624,0.3203125
dbf5dfcbbc9f5410,cifar100,ssb-v2,cnn,protocol-v3,1.0,0,4,2,318,0.005690167017746717,0.016032958985306323,661274624,0.296875
dbf5dfcbbc9f5410,cifar100,ssb-v2,cnn,protocol-v3,1.0,0,4,2,319,0.005697541986592114,0.016061083995737135,661274624,0.359375
dbf5dfcbbc9f5410,cifar100,ssb-v2,cnn,protocol-v3,1.0,0,4,2,320,0.005679292022250593,0.016093874990474433,661274624,0.34375
dbf5dfcbbc9f5410,cifar100,ssb-v2,cnn,protocol-v3,1.0,0,4,2,321,0.00569041701965034,0.016094167018309236,661274624,0.3671875
dbf5dfcbbc9f5410,cifar100,ssb-v2,cnn,protocol-v3,1.0,0,4,2,322,0.00568200001725927,0.01600150001468137,661274624,0.2578125
dbf5dfcbbc9f5410,cifar100,ssb-v2,cnn,protocol-v3,1.0,0,4,2,323,0.0057091249618679285,0.01605600002221763,661274624,0.4140625
dbf5dfcbbc9f5410,cifar100,ssb-v2,cnn,protocol-v3,1.0,0,4,2,324,0.00576645799446851,0.015993041975889355,661274624,0.4765625
dbf5dfcbbc9f5410,cifar100,ssb-v2,cnn,protocol-v3,1.0,0,4,2,325,0.00570462504401803,0.016228207969106734,661291008,0.3515625
dbf5dfcbbc9f5410,cifar100,ssb-v2,cnn,protocol-v3,1.0,0,4,2,326,0.005706292053218931,0.016026124998461455,661291008,0.3203125
dbf5dfcbbc9f5410,cifar100,ssb-v2,cnn,protocol-v3,1.0,0,4,2,327,0.005687166005373001,0.015976207971107215,661291008,0.3515625
dbf5dfcbbc9f5410,cifar100,ssb-v2,cnn,protocol-v3,1.0,0,4,2,328,0.005687249999027699,0.016104541020467877,661307392,0.375
dbf5dfcbbc9f5410,cifar100,ssb-v2,cnn,protocol-v3,1.0,0,4,2,329,0.005691750033292919,0.016024500015191734,661307392,0.3203125
dbf5dfcbbc9f5410,cifar100,ssb-v2,cnn,protocol-v3,1.0,0,4,2,330,0.005687958968337625,0.01610504201380536,661323776,0.359375
dbf5dfcbbc9f5410,cifar100,ssb-v2,cnn,protocol-v3,1.0,0,4,2,331,0.005702625028789043,0.01608900004066527,661323776,0.3515625
dbf5dfcbbc9f5410,cifar100,ssb-v2,cnn,protocol-v3,1.0,0,4,2,332,0.005691291997209191,0.016128749994095415,661323776,0.359375
dbf5dfcbbc9f5410,cifar100,ssb-v2,cnn,protocol-v3,1.0,0,4,2,333,0.006211040948983282,0.016056332970038056,661323776,0.421875
dbf5dfcbbc9f5410,cifar100,ssb-v2,cnn,protocol-v3,1.0,0,4,2,334,0.0060510000330396,0.016120084037538618,661323776,0.4140625
dbf5dfcbbc9f5410,cifar100,ssb-v2,cnn,protocol-v3,1.0,0,4,2,335,0.00620875001186505,0.016119875013828278,661323776,0.40625
dbf5dfcbbc9f5410,cifar100,ssb-v2,cnn,protocol-v3,1.0,0,4,2,336,0.006048874987754971,0.016130541043821722,661323776,0.3515625
dbf5dfcbbc9f5410,cifar100,ssb-v2,cnn,protocol-v3,1.0,0,4,2,337,0.00621041702106595,0.016094667022116482,661323776,0.3984375
dbf5dfcbbc9f5410,cifar100,ssb-v2,cnn,protocol-v3,1.0,0,4,2,338,0.005702707974705845,0.016187625005841255,661356544,0.421875
dbf5dfcbbc9f5410,cifar100,ssb-v2,cnn,protocol-v3,1.0,0,4,2,339,0.005701125017367303,0.01610683399485424,661356544,0.359375
dbf5dfcbbc9f5410,cifar100,ssb-v2,cnn,protocol-v3,1.0,0,4,2,340,0.005691124999430031,0.01597975002368912,661356544,0.3359375
dbf5dfcbbc9f5410,cifar100,ssb-v2,cnn,protocol-v3,1.0,0,4,2,341,0.005703624978195876,0.01609645801363513,661356544,0.375
dbf5dfcbbc9f5410,cifar100,ssb-v2,cnn,protocol-v3,1.0,0,4,2,342,0.005710832949262112,0.015976417053025216,661356544,0.375
dbf5dfcbbc9f5410,cifar100,ssb-v2,cnn,protocol-v3,1.0,0,4,2,343,0.005685875017661601,0.01609945803647861,661356544,0.3671875
dbf5dfcbbc9f5410,cifar100,ssb-v2,cnn,protocol-v3,1.0,0,4,2,344,0.0056794999982230365,0.016102666035294533,661372928,0.3046875
dbf5dfcbbc9f5410,cifar100,ssb-v2,cnn,protocol-v3,1.0,0,4,2,345,0.005697457992937416,0.016023834003135562,661372928,0.3046875
dbf5dfcbbc9f5410,cifar100,ssb-v2,cnn,protocol-v3,1.0,0,4,2,346,0.005950083024799824,0.01600391697138548,661372928,0.3984375
dbf5dfcbbc9f5410,cifar100,ssb-v2,cnn,protocol-v3,1.0,0,4,2,347,0.005697250016964972,0.016082291956990957,661372928,0.3359375
dbf5dfcbbc9f5410,cifar100,ssb-v2,cnn,protocol-v3,1.0,0,4,2,348,0.005707166972570121,0.016065416974015534,661372928,0.359375
dbf5dfcbbc9f5410,cifar100,ssb-v2,cnn,protocol-v3,1.0,0,4,2,349,0.005967292003333569,0.016112125013023615,661372928,0.3359375
dbf5dfcbbc9f5410,cifar100,ssb-v2,cnn,protocol-v3,1.0,0,4,2,350,0.006190332991536707,0.01605908403871581,661372928,0.3828125
dbf5dfcbbc9f5410,cifar100,ssb-v2,cnn,protocol-v3,1.0,0,4,2,351,0.005690500023774803,0.016090958029963076,661372928,0.4296875
dbf5dfcbbc9f5410,cifar100,ssb-v2,cnn,protocol-v3,1.0,0,4,2,352,0.005679416994098574,0.016109166957903653,661372928,0.2734375
dbf5dfcbbc9f5410,cifar100,ssb-v2,cnn,protocol-v3,1.0,0,4,2,353,0.005708125012461096,0.016083041031379253,661389312,0.34375
dbf5dfcbbc9f5410,cifar100,ssb-v2,cnn,protocol-v3,1.0,0,4,2,354,0.005699000030290335,0.01610854099271819,661389312,0.359375
dbf5dfcbbc9f5410,cifar100,ssb-v2,cnn,protocol-v3,1.0,0,4,2,355,0.005687249999027699,0.016030667000450194,661389312,0.40625
dbf5dfcbbc9f5410,cifar100,ssb-v2,cnn,protocol-v3,1.0,0,4,2,356,0.005692083039321005,0.0160777079872787,661389312,0.359375
dbf5dfcbbc9f5410,cifar100,ssb-v2,cnn,protocol-v3,1.0,0,4,2,357,0.0057178750284947455,0.01614124997286126,661389312,0.3671875
dbf5dfcbbc9f5410,cifar100,ssb-v2,cnn,protocol-v3,1.0,0,4,2,358,0.0057041660184040666,0.015967000043019652,661389312,0.3125
dbf5dfcbbc9f5410,cifar100,ssb-v2,cnn,protocol-v3,1.0,0,4,2,359,0.006221582996658981,0.016089041950181127,661389312,0.359375
dbf5dfcbbc9f5410,cifar100,ssb-v2,cnn,protocol-v3,1.0,0,4,2,360,0.0060508750029839575,0.016057249973528087,661389312,0.3046875
dbf5dfcbbc9f5410,cifar100,ssb-v2,cnn,protocol-v3,1.0,0,4,2,361,0.006236624962184578,0.01612450001994148,661389312,0.34375
dbf5dfcbbc9f5410,cifar100,ssb-v2,cnn,protocol-v3,1.0,0,4,2,362,0.005689750018063933,0.016241875011473894,661389312,0.3828125
dbf5dfcbbc9f5410,cifar100,ssb-v2,cnn,protocol-v3,1.0,0,4,2,363,0.005688790988642722,0.01605904201278463,661389312,0.421875
dbf5dfcbbc9f5410,cifar100,ssb-v2,cnn,protocol-v3,1.0,0,4,2,364,0.005669333040714264,0.015969708969350904,661389312,0.4375
dbf5dfcbbc9f5410,cifar100,ssb-v2,cnn,protocol-v3,1.0,0,4,2,365,0.005682999966666102,0.015986916958354414,661405696,0.421875
dbf5dfcbbc9f5410,cifar100,ssb-v2,cnn,protocol-v3,1.0,0,4,2,366,0.005671416001860052,0.01606187503784895,661405696,0.4453125
dbf5dfcbbc9f5410,cifar100,ssb-v2,cnn,protocol-v3,1.0,0,4,2,367,0.005697000015061349,0.01596233301097527,661405696,0.3828125
dbf5dfcbbc9f5410,cifar100,ssb-v2,cnn,protocol-v3,1.0,0,4,2,368,0.005695750005543232,0.01606870803516358,661405696,0.375
dbf5dfcbbc9f5410,cifar100,ssb-v2,cnn,protocol-v3,1.0,0,4,2,369,0.005695915955584496,0.016088208998553455,661405696,0.3203125
dbf5dfcbbc9f5410,cifar100,ssb-v2,cnn,protocol-v3,1.0,0,4,2,370,0.006219582981429994,0.01609341602306813,661405696,0.359375
dbf5dfcbbc9f5410,cifar100,ssb-v2,cnn,protocol-v3,1.0,0,4,2,371,0.005693084036465734,0.016009499959181994,661405696,0.3828125
dbf5dfcbbc9f5410,cifar100,ssb-v2,cnn,protocol-v3,1.0,0,4,2,372,0.005727916024625301,0.016706458991393447,661422080,0.375
dbf5dfcbbc9f5410,cifar100,ssb-v2,cnn,protocol-v3,1.0,0,4,2,373,0.0056986669660545886,0.016211666981689632,661422080,0.359375
dbf5dfcbbc9f5410,cifar100,ssb-v2,cnn,protocol-v3,1.0,0,4,2,374,0.005683666036929935,0.016078207991085947,661422080,0.34375
dbf5dfcbbc9f5410,cifar100,ssb-v2,cnn,protocol-v3,1.0,0,4,2,375,0.005686000047717243,0.016103792004287243,661422080,0.40625
dbf5dfcbbc9f5410,cifar100,ssb-v2,cnn,protocol-v3,1.0,0,4,2,376,0.005701082991436124,0.01611041696742177,661422080,0.359375
dbf5dfcbbc9f5410,cifar100,ssb-v2,cnn,protocol-v3,1.0,0,4,2,377,0.005654792010318488,0.015971167013049126,661422080,0.375
dbf5dfcbbc9f5410,cifar100,ssb-v2,cnn,protocol-v3,1.0,0,4,2,378,0.005698417022358626,0.016116708982735872,661422080,0.359375
dbf5dfcbbc9f5410,cifar100,ssb-v2,cnn,protocol-v3,1.0,0,4,2,379,0.005709749995730817,0.016126041999086738,661422080,0.328125
dbf5dfcbbc9f5410,cifar100,ssb-v2,cnn,protocol-v3,1.0,0,4,2,380,0.005719291977584362,0.016100125038065016,661454848,0.359375
dbf5dfcbbc9f5410,cifar100,ssb-v2,cnn,protocol-v3,1.0,0,4,2,381,0.006043041998054832,0.015986790996976197,661454848,0.375
dbf5dfcbbc9f5410,cifar100,ssb-v2,cnn,protocol-v3,1.0,0,4,2,382,0.005689250014256686,0.016297875030431896,661454848,0.34375
dbf5dfcbbc9f5410,cifar100,ssb-v2,cnn,protocol-v3,1.0,0,4,2,383,0.005687583005055785,0.016192250011954457,661454848,0.328125
dbf5dfcbbc9f5410,cifar100,ssb-v2,cnn,protocol-v3,1.0,0,4,2,384,0.0056932499865069985,0.01610575005179271,661454848,0.390625
dbf5dfcbbc9f5410,cifar100,ssb-v2,cnn,protocol-v3,1.0,0,4,2,385,0.00574999995296821,0.016149417031556368,661454848,0.3984375
dbf5dfcbbc9f5410,cifar100,ssb-v2,cnn,protocol-v3,1.0,0,4,2,386,0.005691165977623314,0.01603770803194493,661454848,0.453125
dbf5dfcbbc9f5410,cifar100,ssb-v2,cnn,protocol-v3,1.0,0,4,2,387,0.0056997089996002614,0.016073792008683085,661454848,0.359375
dbf5dfcbbc9f5410,cifar100,ssb-v2,cnn,protocol-v3,1.0,0,4,2,388,0.005693792016245425,0.016120458021759987,661454848,0.3046875
dbf5dfcbbc9f5410,cifar100,ssb-v2,cnn,protocol-v3,1.0,0,4,2,389,0.005701916990801692,0.016101540997624397,661454848,0.4296875
dbf5dfcbbc9f5410,cifar100,ssb-v2,cnn,protocol-v3,1.0,0,4,2,390,0.0044176249648444355,0.012870499980635941,661454848,0.3
dbf5dfcbbc9f5410,cifar100,ssb-v2,cnn,protocol-v3,1.0,0,4,3,0,0.005993290978949517,0.016310916980728507,661487616,0.53125
dbf5dfcbbc9f5410,cifar100,ssb-v2,cnn,protocol-v3,1.0,0,4,3,1,0.005770916992332786,0.016260458040051162,661487616,0.390625
dbf5dfcbbc9f5410,cifar100,ssb-v2,cnn,protocol-v3,1.0,0,4,3,2,0.005733333993703127,0.016088834032416344,661487616,0.3828125
dbf5dfcbbc9f5410,cifar100,ssb-v2,cnn,protocol-v3,1.0,0,4,3,3,0.005724875023588538,0.01617270801216364,661487616,0.46875
dbf5dfcbbc9f5410,cifar100,ssb-v2,cnn,protocol-v3,1.0,0,4,3,4,0.005690874997526407,0.016151916002854705,661504000,0.421875
dbf5dfcbbc9f5410,cifar100,ssb-v2,cnn,protocol-v3,1.0,0,4,3,5,0.00571133301127702,0.016103832982480526,661504000,0.4140625
dbf5dfcbbc9f5410,cifar100,ssb-v2,cnn,protocol-v3,1.0,0,4,3,6,0.005696250009350479,0.016096542007289827,661520384,0.484375
dbf5dfcbbc9f5410,cifar100,ssb-v2,cnn,protocol-v3,1.0,0,4,3,7,0.005690958991181105,0.016131249954923987,661520384,0.5
dbf5dfcbbc9f5410,cifar100,ssb-v2,cnn,protocol-v3,1.0,0,4,3,8,0.0060024160193279386,0.01600783399771899,661520384,0.3203125
dbf5dfcbbc9f5410,cifar100,ssb-v2,cnn,protocol-v3,1.0,0,4,3,9,0.0057106249732896686,0.01611250004498288,661520384,0.375
dbf5dfcbbc9f5410,cifar100,ssb-v2,cnn,protocol-v3,1.0,0,4,3,10,0.006039542029611766,0.016274249996058643,661536768,0.453125
dbf5dfcbbc9f5410,cifar100,ssb-v2,cnn,protocol-v3,1.0,0,4,3,11,0.005709375021979213,0.01618125004461035,661536768,0.40625
dbf5dfcbbc9f5410,cifar100,ssb-v2,cnn,protocol-v3,1.0,0,4,3,12,0.005735625047236681,0.01619395799934864,661553152,0.390625
dbf5dfcbbc9f5410,cifar100,ssb-v2,cnn,protocol-v3,1.0,0,4,3,13,0.005701458023395389,0.016091083001811057,661553152,0.5078125
dbf5dfcbbc9f5410,cifar100,ssb-v2,cnn,protocol-v3,1.0,0,4,3,14,0.00569412496406585,0.016100874985568225,661553152,0.3125
dbf5dfcbbc9f5410,cifar100,ssb-v2,cnn,protocol-v3,1.0,0,4,3,15,0.005731042008846998,0.01603549998253584,661553152,0.3828125
dbf5dfcbbc9f5410,cifar100,ssb-v2,cnn,protocol-v3,1.0,0,4,3,16,0.005706499970983714,0.016112999990582466,661553152,0.3359375
dbf5dfcbbc9f5410,cifar100,ssb-v2,cnn,protocol-v3,1.0,0,4,3,17,0.005748707975726575,0.01611958397552371,661553152,0.46875
dbf5dfcbbc9f5410,cifar100,ssb-v2,cnn,protocol-v3,1.0,0,4,3,18,0.005688584002200514,0.016056250024121255,661553152,0.375
dbf5dfcbbc9f5410,cifar100,ssb-v2,cnn,protocol-v3,1.0,0,4,3,19,0.005723499984014779,0.0161125420127064,661553152,0.4453125
dbf5dfcbbc9f5410,cifar100,ssb-v2,cnn,protocol-v3,1.0,0,4,3,20,0.006188291998114437,0.0160657920059748,661553152,0.4609375
dbf5dfcbbc9f5410,cifar100,ssb-v2,cnn,protocol-v3,1.0,0,4,3,21,0.005687457975000143,0.016130333009641618,661553152,0.3984375
dbf5dfcbbc9f5410,cifar100,ssb-v2,cnn,protocol-v3,1.0,0,4,3,22,0.005695208965335041,0.016061208036262542,661553152,0.53125
dbf5dfcbbc9f5410,cifar100,ssb-v2,cnn,protocol-v3,1.0,0,4,3,23,0.005706791998818517,0.016140791994985193,661553152,0.4921875
dbf5dfcbbc9f5410,cifar100,ssb-v2,cnn,protocol-v3,1.0,0,4,3,24,0.005682542046997696,0.016115000005811453,661553152,0.4296875
dbf5dfcbbc9f5410,cifar100,ssb-v2,cnn,protocol-v3,1.0,0,4,3,25,0.00567895796848461,0.016011541010811925,661553152,0.4375
dbf5dfcbbc9f5410,cifar100,ssb-v2,cnn,protocol-v3,1.0,0,4,3,26,0.005675541993696243,0.016072250029537827,661553152,0.4921875
dbf5dfcbbc9f5410,cifar100,ssb-v2,cnn,protocol-v3,1.0,0,4,3,27,0.00570012500975281,0.016094084014184773,661553152,0.515625
dbf5dfcbbc9f5410,cifar100,ssb-v2,cnn,protocol-v3,1.0,0,4,3,28,0.005686042015440762,0.0161155000096187,661569536,0.4375
dbf5dfcbbc9f5410,cifar100,ssb-v2,cnn,protocol-v3,1.0,0,4,3,29,0.005686916992999613,0.016080958012025803,661569536,0.4375
dbf5dfcbbc9f5410,cifar100,ssb-v2,cnn,protocol-v3,1.0,0,4,3,30,0.006002040987368673,0.01610141701530665,661569536,0.4921875
dbf5dfcbbc9f5410,cifar100,ssb-v2,cnn,protocol-v3,1.0,0,4,3,31,0.0060516250086948276,0.016051125014200807,661569536,0.4375
dbf5dfcbbc9f5410,cifar100,ssb-v2,cnn,protocol-v3,1.0,0,4,3,32,0.006356249970849603,0.016233708010986447,661569536,0.46875
dbf5dfcbbc9f5410,cifar100,ssb-v2,cnn,protocol-v3,1.0,0,4,3,33,0.006187999970279634,0.016417707956861705,661569536,0.34375
dbf5dfcbbc9f5410,cifar100,ssb-v2,cnn,protocol-v3,1.0,0,4,3,34,0.0063452080357819796,0.018169292015954852,661602304,0.3671875
dbf5dfcbbc9f5410,cifar100,ssb-v2,cnn,protocol-v3,1.0,0,4,3,35,0.005911167012527585,0.01811325002927333,661602304,0.390625
dbf5dfcbbc9f5410,cifar100,ssb-v2,cnn,protocol-v3,1.0,0,4,3,36,0.005873041984159499,0.016541833989322186,661602304,0.3984375
dbf5dfcbbc9f5410,cifar100,ssb-v2,cnn,protocol-v3,1.0,0,4,3,37,0.005722458008676767,0.015952582994941622,661602304,0.3984375
dbf5dfcbbc9f5410,cifar100,ssb-v2,cnn,protocol-v3,1.0,0,4,3,38,0.0057044579880312085,0.01612041605403647,661618688,0.421875
dbf5dfcbbc9f5410,cifar100,ssb-v2,cnn,protocol-v3,1.0,0,4,3,39,0.005727791984099895,0.01612704200670123,661618688,0.484375
dbf5dfcbbc9f5410,cifar100,ssb-v2,cnn,protocol-v3,1.0,0,4,3,40,0.005833500006701797,0.016030500002671033,661635072,0.40625
dbf5dfcbbc9f5410,cifar100,ssb-v2,cnn,protocol-v3,1.0,0,4,3,41,0.005744167021475732,0.016115207981783897,661651456,0.421875
dbf5dfcbbc9f5410,cifar100,ssb-v2,cnn,protocol-v3,1.0,0,4,3,42,0.0062433749553747475,0.016087124997284263,661651456,0.4453125
dbf5dfcbbc9f5410,cifar100,ssb-v2,cnn,protocol-v3,1.0,0,4,3,43,0.006216874986421317,0.01608404202852398,661651456,0.390625
dbf5dfcbbc9f5410,cifar100,ssb-v2,cnn,protocol-v3,1.0,0,4,3,44,0.0060501249972730875,0.016002665972337127,661651456,0.4375
dbf5dfcbbc9f5410,cifar100,ssb-v2,cnn,protocol-v3,1.0,0,4,3,45,0.00569020799594,0.016456125013064593,661651456,0.4765625
dbf5dfcbbc9f5410,cifar100,ssb-v2,cnn,protocol-v3,1.0,0,4,3,46,0.005699999979697168,0.01621829200303182,661651456,0.4296875
dbf5dfcbbc9f5410,cifar100,ssb-v2,cnn,protocol-v3,1.0,0,4,3,47,0.00569187494693324,0.01605599996400997,661651456,0.3984375
dbf5dfcbbc9f5410,cifar100,ssb-v2,cnn,protocol-v3,1.0,0,4,3,48,0.005698958004359156,0.01610045798588544,661651456,0.46875
dbf5dfcbbc9f5410,cifar100,ssb-v2,cnn,protocol-v3,1.0,0,4,3,49,0.005705833027604967,0.016122333996463567,661651456,0.4453125
dbf5dfcbbc9f5410,cifar100,ssb-v2,cnn,protocol-v3,1.0,0,4,3,50,0.005706458992790431,0.016013332991860807,661667840,0.3515625
dbf5dfcbbc9f5410,cifar100,ssb-v2,cnn,protocol-v3,1.0,0,4,3,51,0.005678624962456524,0.01610741700278595,661684224,0.484375
dbf5dfcbbc9f5410,cifar100,ssb-v2,cnn,protocol-v3,1.0,0,4,3,52,0.005691124999430031,0.016107041970826685,661684224,0.375
dbf5dfcbbc9f5410,cifar100,ssb-v2,cnn,protocol-v3,1.0,0,4,3,53,0.005691875005140901,0.01606858294690028,661684224,0.5234375
dbf5dfcbbc9f5410,cifar100,ssb-v2,cnn,protocol-v3,1.0,0,4,3,54,0.005996582971420139,0.01608629198744893,661684224,0.390625
dbf5dfcbbc9f5410,cifar100,ssb-v2,cnn,protocol-v3,1.0,0,4,3,55,0.0062072500004433095,0.016103540954645723,661684224,0.359375
dbf5dfcbbc9f5410,cifar100,ssb-v2,cnn,protocol-v3,1.0,0,4,3,56,0.005681750015355647,0.016194374999031425,661684224,0.40625
dbf5dfcbbc9f5410,cifar100,ssb-v2,cnn,protocol-v3,1.0,0,4,3,57,0.005700833979062736,0.01604666601633653,661684224,0.3671875
dbf5dfcbbc9f5410,cifar100,ssb-v2,cnn,protocol-v3,1.0,0,4,3,58,0.005710249999538064,0.016047167009674013,661684224,0.40625
dbf5dfcbbc9f5410,cifar100,ssb-v2,cnn,protocol-v3,1.0,0,4,3,59,0.005686834047082812,0.016079667024314404,661684224,0.5078125
dbf5dfcbbc9f5410,cifar100,ssb-v2,cnn,protocol-v3,1.0,0,4,3,60,0.005694749997928739,0.015987833961844444,661684224,0.3671875
dbf5dfcbbc9f5410,cifar100,ssb-v2,cnn,protocol-v3,1.0,0,4,3,61,0.005703957984223962,0.016164332977496088,661700608,0.3984375
dbf5dfcbbc9f5410,cifar100,ssb-v2,cnn,protocol-v3,1.0,0,4,3,62,0.005712791986297816,0.016032624989748,661700608,0.3828125
dbf5dfcbbc9f5410,cifar100,ssb-v2,cnn,protocol-v3,1.0,0,4,3,63,0.005773750017397106,0.01612954103620723,661700608,0.4296875
dbf5dfcbbc9f5410,cifar100,ssb-v2,cnn,protocol-v3,1.0,0,4,3,64,0.0057112909853458405,0.016095499973744154,661700608,0.3359375
dbf5dfcbbc9f5410,cifar100,ssb-v2,cnn,protocol-v3,1.0,0,4,3,65,0.0061887079500593245,0.016122124972753227,661700608,0.484375
dbf5dfcbbc9f5410,cifar100,ssb-v2,cnn,protocol-v3,1.0,0,4,3,66,0.005981458991300315,0.01614033296937123,661700608,0.359375
dbf5dfcbbc9f5410,cifar100,ssb-v2,cnn,protocol-v3,1.0,0,4,3,67,0.005699582980014384,0.016173165990039706,661700608,0.4375
dbf5dfcbbc9f5410,cifar100,ssb-v2,cnn,protocol-v3,1.0,0,4,3,68,0.005992875027004629,0.0161095840157941,661700608,0.484375
dbf5dfcbbc9f5410,cifar100,ssb-v2,cnn,protocol-v3,1.0,0,4,3,69,0.006075916986446828,0.016240582976024598,661700608,0.4375
dbf5dfcbbc9f5410,cifar100,ssb-v2,cnn,protocol-v3,1.0,0,4,3,70,0.006016083003487438,0.01609212503535673,661700608,0.4140625
dbf5dfcbbc9f5410,cifar100,ssb-v2,cnn,protocol-v3,1.0,0,4,3,71,0.005697834014426917,0.015953666996210814,661716992,0.28125
dbf5dfcbbc9f5410,cifar100,ssb-v2,cnn,protocol-v3,1.0,0,4,3,72,0.005732457968406379,0.016004833043552935,661716992,0.453125
dbf5dfcbbc9f5410,cifar100,ssb-v2,cnn,protocol-v3,1.0,0,4,3,73,0.005703583010472357,0.016113458026666194,661716992,0.40625
dbf5dfcbbc9f5410,cifar100,ssb-v2,cnn,protocol-v3,1.0,0,4,3,74,0.005676332977600396,0.016070124984253198,661716992,0.546875
dbf5dfcbbc9f5410,cifar100,ssb-v2,cnn,protocol-v3,1.0,0,4,3,75,0.005702665948774666,0.016108916024677455,661716992,0.46875
dbf5dfcbbc9f5410,cifar100,ssb-v2,cnn,protocol-v3,1.0,0,4,3,76,0.005706333031412214,0.016014000051654875,661749760,0.4609375
dbf5dfcbbc9f5410,cifar100,ssb-v2,cnn,protocol-v3,1.0,0,4,3,77,0.005716833984479308,0.016112832992803305,661749760,0.4609375
dbf5dfcbbc9f5410,cifar100,ssb-v2,cnn,protocol-v3,1.0,0,4,3,78,0.005727000010665506,0.0161138330004178,661749760,0.40625
dbf5dfcbbc9f5410,cifar100,ssb-v2,cnn,protocol-v3,1.0,0,4,3,79,0.0057196670095436275,0.015990499989129603,661749760,0.421875
dbf5dfcbbc9f5410,cifar100,ssb-v2,cnn,protocol-v3,1.0,0,4,3,80,0.005694208026397973,0.01613654097309336,661749760,0.4765625
dbf5dfcbbc9f5410,cifar100,ssb-v2,cnn,protocol-v3,1.0,0,4,3,81,0.005695250001735985,0.01625820796471089,661749760,0.375
dbf5dfcbbc9f5410,cifar100,ssb-v2,cnn,protocol-v3,1.0,0,4,3,82,0.0056758749997243285,0.016036042012274265,661749760,0.3671875
dbf5dfcbbc9f5410,cifar100,ssb-v2,cnn,protocol-v3,1.0,0,4,3,83,0.005695333005860448,0.015981792006641626,661749760,0.46875
dbf5dfcbbc9f5410,cifar100,ssb-v2,cnn,protocol-v3,1.0,0,4,3,84,0.005721749970689416,0.01609795802505687,661749760,0.4453125
dbf5dfcbbc9f5410,cifar100,ssb-v2,cnn,protocol-v3,1.0,0,4,3,85,0.005714416969567537,0.01612683298299089,661749760,0.4609375
dbf5dfcbbc9f5410,cifar100,ssb-v2,cnn,protocol-v3,1.0,0,4,3,86,0.0057189170038327575,0.016131124983076006,663339008,0.34375
dbf5dfcbbc9f5410,cifar100,ssb-v2,cnn,protocol-v3,1.0,0,4,3,87,0.005695250001735985,0.015998832997865975,663339008,0.40625
dbf5dfcbbc9f5410,cifar100,ssb-v2,cnn,protocol-v3,1.0,0,4,3,88,0.00620950001757592,0.01613299996824935,663339008,0.375
dbf5dfcbbc9f5410,cifar100,ssb-v2,cnn,protocol-v3,1.0,0,4,3,89,0.0060609590145759284,0.016156667028553784,663355392,0.4375
dbf5dfcbbc9f5410,cifar100,ssb-v2,cnn,protocol-v3,1.0,0,4,3,90,0.0056979580549523234,0.016103749978356063,663355392,0.4609375
dbf5dfcbbc9f5410,cifar100,ssb-v2,cnn,protocol-v3,1.0,0,4,3,91,0.006235665990971029,0.01614579197485,663355392,0.453125
dbf5dfcbbc9f5410,cifar100,ssb-v2,cnn,protocol-v3,1.0,0,4,3,92,0.0060153339873068035,0.016097042011097074,663355392,0.3359375
dbf5dfcbbc9f5410,cifar100,ssb-v2,cnn,protocol-v3,1.0,0,4,3,93,0.006059999985154718,0.016133666969835758,663371776,0.4453125
dbf5dfcbbc9f5410,cifar100,ssb-v2,cnn,protocol-v3,1.0,0,4,3,94,0.005714792001526803,0.01607616600813344,663388160,0.3359375
dbf5dfcbbc9f5410,cifar100,ssb-v2,cnn,protocol-v3,1.0,0,4,3,95,0.005684082978405058,0.016006416990421712,663388160,0.4296875
dbf5dfcbbc9f5410,cifar100,ssb-v2,cnn,protocol-v3,1.0,0,4,3,96,0.005695541971363127,0.016044832998886704,663388160,0.4453125
dbf5dfcbbc9f5410,cifar100,ssb-v2,cnn,protocol-v3,1.0,0,4,3,97,0.005691916041541845,0.01613754202844575,663388160,0.46875
dbf5dfcbbc9f5410,cifar100,ssb-v2,cnn,protocol-v3,1.0,0,4,3,98,0.0056852499837987125,0.016049666970502585,663388160,0.40625
dbf5dfcbbc9f5410,cifar100,ssb-v2,cnn,protocol-v3,1.0,0,4,3,99,0.005700833047740161,0.016112959012389183,663404544,0.4140625
dbf5dfcbbc9f5410,cifar100,ssb-v2,cnn,protocol-v3,1.0,0,4,3,100,0.005709582997951657,0.01612624997505918,663404544,0.5625
dbf5dfcbbc9f5410,cifar100,ssb-v2,cnn,protocol-v3,1.0,0,4,3,101,0.005700625013560057,0.016074415994808078,663420928,0.390625
dbf5dfcbbc9f5410,cifar100,ssb-v2,cnn,protocol-v3,1.0,0,4,3,102,0.005676833039615303,0.0161064580315724,663420928,0.421875
dbf5dfcbbc9f5410,cifar100,ssb-v2,cnn,protocol-v3,1.0,0,4,3,103,0.006230416998732835,0.016270583029836416,663420928,0.5078125
dbf5dfcbbc9f5410,cifar100,ssb-v2,cnn,protocol-v3,1.0,0,4,3,104,0.006206916994415224,0.01617516699479893,663420928,0.4296875
dbf5dfcbbc9f5410,cifar100,ssb-v2,cnn,protocol-v3,1.0,0,4,3,105,0.005687625030986965,0.016076583007816225,663420928,0.421875
dbf5dfcbbc9f5410,cifar100,ssb-v2,cnn,protocol-v3,1.0,0,4,3,106,0.005682583956513554,0.016023083007894456,663420928,0.4765625
dbf5dfcbbc9f5410,cifar100,ssb-v2,cnn,protocol-v3,1.0,0,4,3,107,0.005694166989997029,0.01610120799159631,663420928,0.484375
dbf5dfcbbc9f5410,cifar100,ssb-v2,cnn,protocol-v3,1.0,0,4,3,108,0.005705666961148381,0.01612237497465685,663420928,0.5
dbf5dfcbbc9f5410,cifar100,ssb-v2,cnn,protocol-v3,1.0,0,4,3,109,0.005694916995707899,0.016120207961648703,663420928,0.53125
dbf5dfcbbc9f5410,cifar100,ssb-v2,cnn,protocol-v3,1.0,0,4,3,110,0.005702124966774136,0.01612087502144277,663420928,0.3125
dbf5dfcbbc9f5410,cifar100,ssb-v2,cnn,protocol-v3,1.0,0,4,3,111,0.005692375008948147,0.016116583021357656,663420928,0.34375
dbf5dfcbbc9f5410,cifar100,ssb-v2,cnn,protocol-v3,1.0,0,4,3,112,0.005684165982529521,0.016040416958276182,663420928,0.4140625
dbf5dfcbbc9f5410,cifar100,ssb-v2,cnn,protocol-v3,1.0,0,4,3,113,0.005723832990042865,0.016075957973953336,663420928,0.4296875
dbf5dfcbbc9f5410,cifar100,ssb-v2,cnn,protocol-v3,1.0,0,4,3,114,0.0060124589945189655,0.016049041005317122,663420928,0.4921875
dbf5dfcbbc9f5410,cifar100,ssb-v2,cnn,protocol-v3,1.0,0,4,3,115,0.006219542003236711,0.016081333975307643,663437312,0.3359375
dbf5dfcbbc9f5410,cifar100,ssb-v2,cnn,protocol-v3,1.0,0,4,3,116,0.0057127499603666365,0.016529417014680803,663453696,0.46875
dbf5dfcbbc9f5410,cifar100,ssb-v2,cnn,protocol-v3,1.0,0,4,3,117,0.005695125029888004,0.01603358401916921,663453696,0.46875
dbf5dfcbbc9f5410,cifar100,ssb-v2,cnn,protocol-v3,1.0,0,4,3,118,0.005701375019270927,0.016054291976615787,663453696,0.390625
dbf5dfcbbc9f5410,cifar100,ssb-v2,cnn,protocol-v3,1.0,0,4,3,119,0.005682917020749301,0.01599862502189353,663453696,0.5390625
dbf5dfcbbc9f5410,cifar100,ssb-v2,cnn,protocol-v3,1.0,0,4,3,120,0.005683208000846207,0.016099417000077665,663453696,0.390625
dbf5dfcbbc9f5410,cifar100,ssb-v2,cnn,protocol-v3,1.0,0,4,3,121,0.005706625001039356,0.016098959022201598,663453696,0.5234375
dbf5dfcbbc9f5410,cifar100,ssb-v2,cnn,protocol-v3,1.0,0,4,3,122,0.005694666993804276,0.016088959004264325,663453696,0.4140625
dbf5dfcbbc9f5410,cifar100,ssb-v2,cnn,protocol-v3,1.0,0,4,3,123,0.005693666986189783,0.016113749996293336,663470080,0.3828125
dbf5dfcbbc9f5410,cifar100,ssb-v2,cnn,protocol-v3,1.0,0,4,3,124,0.005686792021151632,0.01613150001503527,663470080,0.5390625
dbf5dfcbbc9f5410,cifar100,ssb-v2,cnn,protocol-v3,1.0,0,4,3,125,0.006222542026080191,0.016107500006910414,663486464,0.3671875
dbf5dfcbbc9f5410,cifar100,ssb-v2,cnn,protocol-v3,1.0,0,4,3,126,0.005689707992132753,0.016218375007156283,663486464,0.40625
dbf5dfcbbc9f5410,cifar100,ssb-v2,cnn,protocol-v3,1.0,0,4,3,127,0.005941000010352582,0.016539208008907735,663486464,0.4375
dbf5dfcbbc9f5410,cifar100,ssb-v2,cnn,protocol-v3,1.0,0,4,3,128,0.006023958034347743,0.016107667004689574,663486464,0.4296875
dbf5dfcbbc9f5410,cifar100,ssb-v2,cnn,protocol-v3,1.0,0,4,3,129,0.0056885419762693346,0.015958125004544854,663486464,0.421875
dbf5dfcbbc9f5410,cifar100,ssb-v2,cnn,protocol-v3,1.0,0,4,3,130,0.005666958983056247,0.01597287500044331,663502848,0.5
dbf5dfcbbc9f5410,cifar100,ssb-v2,cnn,protocol-v3,1.0,0,4,3,131,0.005709042015951127,0.01611495902761817,663502848,0.484375
dbf5dfcbbc9f5410,cifar100,ssb-v2,cnn,protocol-v3,1.0,0,4,3,132,0.00569116702536121,0.01600699999835342,663502848,0.3828125
dbf5dfcbbc9f5410,cifar100,ssb-v2,cnn,protocol-v3,1.0,0,4,3,133,0.005696458974853158,0.016082499991171062,663502848,0.4765625
dbf5dfcbbc9f5410,cifar100,ssb-v2,cnn,protocol-v3,1.0,0,4,3,134,0.00570087501546368,0.016030540980864316,663502848,0.53125
dbf5dfcbbc9f5410,cifar100,ssb-v2,cnn,protocol-v3,1.0,0,4,3,135,0.005684000032488257,0.016129540977999568,663502848,0.4296875
dbf5dfcbbc9f5410,cifar100,ssb-v2,cnn,protocol-v3,1.0,0,4,3,136,0.0057149159838445485,0.016094334016088396,663502848,0.3984375
dbf5dfcbbc9f5410,cifar100,ssb-v2,cnn,protocol-v3,1.0,0,4,3,137,0.005965875054243952,0.016084916016552597,663502848,0.453125
dbf5dfcbbc9f5410,cifar100,ssb-v2,cnn,protocol-v3,1.0,0,4,3,138,0.006039833009708673,0.01612004201160744,663502848,0.3984375
dbf5dfcbbc9f5410,cifar100,ssb-v2,cnn,protocol-v3,1.0,0,4,3,139,0.005693375016562641,0.016174749995116144,663519232,0.4921875
dbf5dfcbbc9f5410,cifar100,ssb-v2,cnn,protocol-v3,1.0,0,4,3,140,0.005671999999321997,0.016058042005170137,663519232,0.4609375
dbf5dfcbbc9f5410,cifar100,ssb-v2,cnn,protocol-v3,1.0,0,4,3,141,0.005689959041774273,0.015982375014573336,663519232,0.3828125
dbf5dfcbbc9f5410,cifar100,ssb-v2,cnn,protocol-v3,1.0,0,4,3,142,0.005683999974280596,0.01608354097697884,663519232,0.4921875
dbf5dfcbbc9f5410,cifar100,ssb-v2,cnn,protocol-v3,1.0,0,4,3,143,0.005706041993107647,0.016105875023640692,663519232,0.4609375
dbf5dfcbbc9f5410,cifar100,ssb-v2,cnn,protocol-v3,1.0,0,4,3,144,0.005691833037417382,0.016126499976962805,663519232,0.4296875
dbf5dfcbbc9f5410,cifar100,ssb-v2,cnn,protocol-v3,1.0,0,4,3,145,0.0056679160334169865,0.015976875030901283,663519232,0.5078125
dbf5dfcbbc9f5410,cifar100,ssb-v2,cnn,protocol-v3,1.0,0,4,3,146,0.005695625033695251,0.016086583025753498,663519232,0.421875
dbf5dfcbbc9f5410,cifar100,ssb-v2,cnn,protocol-v3,1.0,0,4,3,147,0.006230250000953674,0.016069250006694347,663519232,0.484375
dbf5dfcbbc9f5410,cifar100,ssb-v2,cnn,protocol-v3,1.0,0,4,3,148,0.0061841250280849636,0.016097999992780387,663519232,0.5390625
dbf5dfcbbc9f5410,cifar100,ssb-v2,cnn,protocol-v3,1.0,0,4,3,149,0.006001291039865464,0.016076791973318905,663519232,0.4609375
dbf5dfcbbc9f5410,cifar100,ssb-v2,cnn,protocol-v3,1.0,0,4,3,150,0.006039374973624945,0.016207707987632602,663519232,0.3671875
dbf5dfcbbc9f5410,cifar100,ssb-v2,cnn,protocol-v3,1.0,0,4,3,151,0.005690457997843623,0.016113833989948034,663519232,0.46875
dbf5dfcbbc9f5410,cifar100,ssb-v2,cnn,protocol-v3,1.0,0,4,3,152,0.005691083963029087,0.016094167018309236,663519232,0.46875
dbf5dfcbbc9f5410,cifar100,ssb-v2,cnn,protocol-v3,1.0,0,4,3,153,0.005705916963052005,0.016024499956984073,663519232,0.484375
dbf5dfcbbc9f5410,cifar100,ssb-v2,cnn,protocol-v3,1.0,0,4,3,154,0.005701583984773606,0.016082875023130327,663519232,0.3828125
dbf5dfcbbc9f5410,cifar100,ssb-v2,cnn,protocol-v3,1.0,0,4,3,155,0.005678665998857468,0.016044332995079458,663519232,0.3828125
dbf5dfcbbc9f5410,cifar100,ssb-v2,cnn,protocol-v3,1.0,0,4,3,156,0.00569208397064358,0.01604841701919213,663535616,0.4375
dbf5dfcbbc9f5410,cifar100,ssb-v2,cnn,protocol-v3,1.0,0,4,3,157,0.005704667011741549,0.016123915964271873,663552000,0.3515625
dbf5dfcbbc9f5410,cifar100,ssb-v2,cnn,protocol-v3,1.0,0,4,3,158,0.005682124989107251,0.0160976669867523,663552000,0.3203125
dbf5dfcbbc9f5410,cifar100,ssb-v2,cnn,protocol-v3,1.0,0,4,3,159,0.005700166977476329,0.016123500012326986,663552000,0.421875
dbf5dfcbbc9f5410,cifar100,ssb-v2,cnn,protocol-v3,1.0,0,4,3,160,0.006036667036823928,0.01610945799620822,663568384,0.4140625
dbf5dfcbbc9f5410,cifar100,ssb-v2,cnn,protocol-v3,1.0,0,4,3,161,0.005688292032573372,0.01611716696061194,663568384,0.4765625
dbf5dfcbbc9f5410,cifar100,ssb-v2,cnn,protocol-v3,1.0,0,4,3,162,0.005683707946445793,0.016109249962028116,663568384,0.390625
dbf5dfcbbc9f5410,cifar100,ssb-v2,cnn,protocol-v3,1.0,0,4,3,163,0.005698832974303514,0.01603025000076741,663568384,0.484375
dbf5dfcbbc9f5410,cifar100,ssb-v2,cnn,protocol-v3,1.0,0,4,3,164,0.0057026660069823265,0.01597754203248769,663568384,0.3984375
dbf5dfcbbc9f5410,cifar100,ssb-v2,cnn,protocol-v3,1.0,0,4,3,165,0.005678959016222507,0.015987791994120926,663568384,0.375
dbf5dfcbbc9f5410,cifar100,ssb-v2,cnn,protocol-v3,1.0,0,4,3,166,0.005684249976184219,0.016092291043605655,663568384,0.4296875
dbf5dfcbbc9f5410,cifar100,ssb-v2,cnn,protocol-v3,1.0,0,4,3,167,0.005705874995328486,0.016033000021707267,663568384,0.3515625
dbf5dfcbbc9f5410,cifar100,ssb-v2,cnn,protocol-v3,1.0,0,4,3,168,0.005679250054527074,0.015984707977622747,663568384,0.4453125
dbf5dfcbbc9f5410,cifar100,ssb-v2,cnn,protocol-v3,1.0,0,4,3,169,0.005705333023797721,0.016089584038127214,663584768,0.4921875
dbf5dfcbbc9f5410,cifar100,ssb-v2,cnn,protocol-v3,1.0,0,4,3,170,0.005686791962943971,0.016094291990157217,663584768,0.4921875
dbf5dfcbbc9f5410,cifar100,ssb-v2,cnn,protocol-v3,1.0,0,4,3,171,0.005680792033672333,0.016202124999836087,663584768,0.4609375
dbf5dfcbbc9f5410,cifar100,ssb-v2,cnn,protocol-v3,1.0,0,4,3,172,0.005694042018149048,0.01602124999044463,663584768,0.4140625
dbf5dfcbbc9f5410,cifar100,ssb-v2,cnn,protocol-v3,1.0,0,4,3,173,0.005682625051122159,0.015997417038306594,663584768,0.46875
dbf5dfcbbc9f5410,cifar100,ssb-v2,cnn,protocol-v3,1.0,0,4,3,174,0.005684708012267947,0.016095415980089456,663584768,0.4296875
dbf5dfcbbc9f5410,cifar100,ssb-v2,cnn,protocol-v3,1.0,0,4,3,175,0.0056961250375024974,0.01609666703734547,663584768,0.453125
dbf5dfcbbc9f5410,cifar100,ssb-v2,cnn,protocol-v3,1.0,0,4,3,176,0.005669625010341406,0.01598429202567786,663584768,0.4140625
dbf5dfcbbc9f5410,cifar100,ssb-v2,cnn,protocol-v3,1.0,0,4,3,177,0.005701707967091352,0.016069417004473507,663601152,0.453125
dbf5dfcbbc9f5410,cifar100,ssb-v2,cnn,protocol-v3,1.0,0,4,3,178,0.005703542032279074,0.01600162498652935,663617536,0.4140625
dbf5dfcbbc9f5410,cifar100,ssb-v2,cnn,protocol-v3,1.0,0,4,3,179,0.005940582952462137,0.016110208991449326,663617536,0.34375
dbf5dfcbbc9f5410,cifar100,ssb-v2,cnn,protocol-v3,1.0,0,4,3,180,0.006014165992382914,0.016063917020801455,663617536,0.4140625
dbf5dfcbbc9f5410,cifar100,ssb-v2,cnn,protocol-v3,1.0,0,4,3,181,0.005690124991815537,0.015938624972477555,663617536,0.4296875
dbf5dfcbbc9f5410,cifar100,ssb-v2,cnn,protocol-v3,1.0,0,4,3,182,0.005698499968275428,0.016092916019260883,663617536,0.4140625
dbf5dfcbbc9f5410,cifar100,ssb-v2,cnn,protocol-v3,1.0,0,4,3,183,0.005686499993316829,0.01610720803728327,663617536,0.453125
dbf5dfcbbc9f5410,cifar100,ssb-v2,cnn,protocol-v3,1.0,0,4,3,184,0.00572595902485773,0.016105292015708983,663617536,0.4296875
dbf5dfcbbc9f5410,cifar100,ssb-v2,cnn,protocol-v3,1.0,0,4,3,185,0.0056870830012485385,0.01611712499288842,663617536,0.546875
dbf5dfcbbc9f5410,cifar100,ssb-v2,cnn,protocol-v3,1.0,0,4,3,186,0.00569712498690933,0.01595412497408688,663617536,0.4140625
dbf5dfcbbc9f5410,cifar100,ssb-v2,cnn,protocol-v3,1.0,0,4,3,187,0.005690291000064462,0.016121499997098,663633920,0.390625
dbf5dfcbbc9f5410,cifar100,ssb-v2,cnn,protocol-v3,1.0,0,4,3,188,0.005710790981538594,0.01598274998832494,663633920,0.4609375
dbf5dfcbbc9f5410,cifar100,ssb-v2,cnn,protocol-v3,1.0,0,4,3,189,0.005687750002834946,0.01612391695380211,663666688,0.4921875
dbf5dfcbbc9f5410,cifar100,ssb-v2,cnn,protocol-v3,1.0,0,4,3,190,0.005745457950979471,0.016082916990853846,663666688,0.4375
dbf5dfcbbc9f5410,cifar100,ssb-v2,cnn,protocol-v3,1.0,0,4,3,191,0.005697708984371275,0.015960250049829483,663666688,0.5078125
dbf5dfcbbc9f5410,cifar100,ssb-v2,cnn,protocol-v3,1.0,0,4,3,192,0.005764958972577006,0.01603250001790002,663666688,0.390625
dbf5dfcbbc9f5410,cifar100,ssb-v2,cnn,protocol-v3,1.0,0,4,3,193,0.005678624962456524,0.01597816700814292,663683072,0.40625
dbf5dfcbbc9f5410,cifar100,ssb-v2,cnn,protocol-v3,1.0,0,4,3,194,0.005691875005140901,0.016110834025312215,663683072,0.4921875
dbf5dfcbbc9f5410,cifar100,ssb-v2,cnn,protocol-v3,1.0,0,4,3,195,0.005695916013792157,0.01605195802403614,663683072,0.390625
dbf5dfcbbc9f5410,cifar100,ssb-v2,cnn,protocol-v3,1.0,0,4,3,196,0.005698333028703928,0.016062457987572998,663683072,0.4296875
dbf5dfcbbc9f5410,cifar100,ssb-v2,cnn,protocol-v3,1.0,0,4,3,197,0.005685749987605959,0.016103082976769656,663683072,0.484375
dbf5dfcbbc9f5410,cifar100,ssb-v2,cnn,protocol-v3,1.0,0,4,3,198,0.005676666973158717,0.016095958009827882,663683072,0.3671875
dbf5dfcbbc9f5410,cifar100,ssb-v2,cnn,protocol-v3,1.0,0,4,3,199,0.0059676660457625985,0.016094624996185303,663683072,0.453125
dbf5dfcbbc9f5410,cifar100,ssb-v2,cnn,protocol-v3,1.0,0,4,3,200,0.005677458015270531,0.016093500016722828,663683072,0.3828125
dbf5dfcbbc9f5410,cifar100,ssb-v2,cnn,protocol-v3,1.0,0,4,3,201,0.0060468329465948045,0.015990083978977054,663683072,0.3828125
dbf5dfcbbc9f5410,cifar100,ssb-v2,cnn,protocol-v3,1.0,0,4,3,202,0.005697457992937416,0.016143999993801117,663683072,0.375
dbf5dfcbbc9f5410,cifar100,ssb-v2,cnn,protocol-v3,1.0,0,4,3,203,0.005697958986274898,0.016012542007956654,663683072,0.5625
dbf5dfcbbc9f5410,cifar100,ssb-v2,cnn,protocol-v3,1.0,0,4,3,204,0.005692749982699752,0.016035125008784235,663683072,0.3984375
dbf5dfcbbc9f5410,cifar100,ssb-v2,cnn,protocol-v3,1.0,0,4,3,205,0.005699875007849187,0.016107000003103167,663683072,0.3984375
dbf5dfcbbc9f5410,cifar100,ssb-v2,cnn,protocol-v3,1.0,0,4,3,206,0.00569783296668902,0.015965749975293875,663683072,0.390625
dbf5dfcbbc9f5410,cifar100,ssb-v2,cnn,protocol-v3,1.0,0,4,3,207,0.005678875022567809,0.016094624996185303,663683072,0.484375
dbf5dfcbbc9f5410,cifar100,ssb-v2,cnn,protocol-v3,1.0,0,4,3,208,0.005659999966155738,0.01609379198634997,663699456,0.4609375
dbf5dfcbbc9f5410,cifar100,ssb-v2,cnn,protocol-v3,1.0,0,4,3,209,0.005727832962293178,0.016093708982225507,663699456,0.453125
dbf5dfcbbc9f5410,cifar100,ssb-v2,cnn,protocol-v3,1.0,0,4,3,210,0.005940167000517249,0.016013542015571147,663699456,0.46875
dbf5dfcbbc9f5410,cifar100,ssb-v2,cnn,protocol-v3,1.0,0,4,3,211,0.00602462503593415,0.016121207969263196,663699456,0.46875
dbf5dfcbbc9f5410,cifar100,ssb-v2,cnn,protocol-v3,1.0,0,4,3,212,0.006109499954618514,0.01609733299119398,663699456,0.4140625
dbf5dfcbbc9f5410,cifar100,ssb-v2,cnn,protocol-v3,1.0,0,4,3,213,0.005683166964445263,0.01652629196178168,663699456,0.421875
dbf5dfcbbc9f5410,cifar100,ssb-v2,cnn,protocol-v3,1.0,0,4,3,214,0.005701332993339747,0.016086041985545307,663699456,0.3671875
dbf5dfcbbc9f5410,cifar100,ssb-v2,cnn,protocol-v3,1.0,0,4,3,215,0.005687874974682927,0.015980124997440726,663715840,0.4609375
dbf5dfcbbc9f5410,cifar100,ssb-v2,cnn,protocol-v3,1.0,0,4,3,216,0.005696541047655046,0.01611358398804441,663715840,0.453125
dbf5dfcbbc9f5410,cifar100,ssb-v2,cnn,protocol-v3,1.0,0,4,3,217,0.005698208988178521,0.016073042002972215,663715840,0.5
dbf5dfcbbc9f5410,cifar100,ssb-v2,cnn,protocol-v3,1.0,0,4,3,218,0.005697792046703398,0.015975582995451987,663715840,0.5234375
dbf5dfcbbc9f5410,cifar100,ssb-v2,cnn,protocol-v3,1.0,0,4,3,219,0.005682583025190979,0.016105416987556964,663715840,0.4609375
dbf5dfcbbc9f5410,cifar100,ssb-v2,cnn,protocol-v3,1.0,0,4,3,220,0.005700749985408038,0.01609916699817404,663715840,0.4609375
dbf5dfcbbc9f5410,cifar100,ssb-v2,cnn,protocol-v3,1.0,0,4,3,221,0.006194624991621822,0.016090375022031367,663715840,0.4140625
dbf5dfcbbc9f5410,cifar100,ssb-v2,cnn,protocol-v3,1.0,0,4,3,222,0.006235958018805832,0.01603395800339058,663715840,0.4453125
dbf5dfcbbc9f5410,cifar100,ssb-v2,cnn,protocol-v3,1.0,0,4,3,223,0.006052709009964019,0.016002832970116287,663715840,0.4375
dbf5dfcbbc9f5410,cifar100,ssb-v2,cnn,protocol-v3,1.0,0,4,3,224,0.006046125025022775,0.01608916698023677,663732224,0.453125
dbf5dfcbbc9f5410,cifar100,ssb-v2,cnn,protocol-v3,1.0,0,4,3,225,0.005681792041286826,0.016035125008784235,663732224,0.4453125
dbf5dfcbbc9f5410,cifar100,ssb-v2,cnn,protocol-v3,1.0,0,4,3,226,0.005691042053513229,0.01597616699291393,663732224,0.4765625
dbf5dfcbbc9f5410,cifar100,ssb-v2,cnn,protocol-v3,1.0,0,4,3,227,0.005703166010789573,0.0161053339834325,663748608,0.484375
dbf5dfcbbc9f5410,cifar100,ssb-v2,cnn,protocol-v3,1.0,0,4,3,228,0.00568870798451826,0.016086165967863053,663748608,0.46875
dbf5dfcbbc9f5410,cifar100,ssb-v2,cnn,protocol-v3,1.0,0,4,3,229,0.005696541978977621,0.016089541953988373,663781376,0.515625
dbf5dfcbbc9f5410,cifar100,ssb-v2,cnn,protocol-v3,1.0,0,4,3,230,0.005682207993231714,0.01610800001071766,663781376,0.4296875
dbf5dfcbbc9f5410,cifar100,ssb-v2,cnn,protocol-v3,1.0,0,4,3,231,0.005686290969606489,0.016105958027765155,663781376,0.4609375
dbf5dfcbbc9f5410,cifar100,ssb-v2,cnn,protocol-v3,1.0,0,4,3,232,0.005973249964881688,0.016096333973109722,663781376,0.4765625
dbf5dfcbbc9f5410,cifar100,ssb-v2,cnn,protocol-v3,1.0,0,4,3,233,0.0062028749962337315,0.016106250055599958,663781376,0.46875
dbf5dfcbbc9f5410,cifar100,ssb-v2,cnn,protocol-v3,1.0,0,4,3,234,0.006027541996445507,0.016089625016320497,663781376,0.46875
dbf5dfcbbc9f5410,cifar100,ssb-v2,cnn,protocol-v3,1.0,0,4,3,235,0.006024166999850422,0.016034375003073364,663781376,0.4921875
dbf5dfcbbc9f5410,cifar100,ssb-v2,cnn,protocol-v3,1.0,0,4,3,236,0.006029249983839691,0.016025999968405813,663781376,0.421875
dbf5dfcbbc9f5410,cifar100,ssb-v2,cnn,protocol-v3,1.0,0,4,3,237,0.006216583016794175,0.016128749994095415,663781376,0.40625
dbf5dfcbbc9f5410,cifar100,ssb-v2,cnn,protocol-v3,1.0,0,4,3,238,0.0056849169777706265,0.01603250001790002,663797760,0.3984375
dbf5dfcbbc9f5410,cifar100,ssb-v2,cnn,protocol-v3,1.0,0,4,3,239,0.005700457957573235,0.01606729201739654,663797760,0.4453125
dbf5dfcbbc9f5410,cifar100,ssb-v2,cnn,protocol-v3,1.0,0,4,3,240,0.00569041701965034,0.016015417000744492,663797760,0.4140625
dbf5dfcbbc9f5410,cifar100,ssb-v2,cnn,protocol-v3,1.0,0,4,3,241,0.0056921669747680426,0.01609212503535673,663797760,0.375
dbf5dfcbbc9f5410,cifar100,ssb-v2,cnn,protocol-v3,1.0,0,4,3,242,0.005697375047020614,0.015994374989531934,663797760,0.390625
dbf5dfcbbc9f5410,cifar100,ssb-v2,cnn,protocol-v3,1.0,0,4,3,243,0.005696624983102083,0.016030500002671033,663797760,0.4609375
dbf5dfcbbc9f5410,cifar100,ssb-v2,cnn,protocol-v3,1.0,0,4,3,244,0.006212459004018456,0.01610945799620822,663797760,0.4140625
dbf5dfcbbc9f5410,cifar100,ssb-v2,cnn,protocol-v3,1.0,0,4,3,245,0.005679666996002197,0.016123417008202523,663797760,0.3515625
dbf5dfcbbc9f5410,cifar100,ssb-v2,cnn,protocol-v3,1.0,0,4,3,246,0.0056975840125232935,0.016237040981650352,663797760,0.4140625
dbf5dfcbbc9f5410,cifar100,ssb-v2,cnn,protocol-v3,1.0,0,4,3,247,0.006008750002365559,0.016113708028569818,663797760,0.453125
dbf5dfcbbc9f5410,cifar100,ssb-v2,cnn,protocol-v3,1.0,0,4,3,248,0.006247999961487949,0.01622804201906547,663797760,0.4375
dbf5dfcbbc9f5410,cifar100,ssb-v2,cnn,protocol-v3,1.0,0,4,3,249,0.005687291035428643,0.01611245796084404,663797760,0.4140625
dbf5dfcbbc9f5410,cifar100,ssb-v2,cnn,protocol-v3,1.0,0,4,3,250,0.005684708012267947,0.015982666984200478,663797760,0.4609375
dbf5dfcbbc9f5410,cifar100,ssb-v2,cnn,protocol-v3,1.0,0,4,3,251,0.005689917015843093,0.01609512499999255,663797760,0.4375
dbf5dfcbbc9f5410,cifar100,ssb-v2,cnn,protocol-v3,1.0,0,4,3,252,0.0056813330156728625,0.01608295796904713,663797760,0.4921875
dbf5dfcbbc9f5410,cifar100,ssb-v2,cnn,protocol-v3,1.0,0,4,3,253,0.005689707992132753,0.016116334008984268,663797760,0.4453125
dbf5dfcbbc9f5410,cifar100,ssb-v2,cnn,protocol-v3,1.0,0,4,3,254,0.005817500001285225,0.016093875048682094,663814144,0.4609375
dbf5dfcbbc9f5410,cifar100,ssb-v2,cnn,protocol-v3,1.0,0,4,3,255,0.0057015829952433705,0.01614945800974965,663830528,0.4609375
dbf5dfcbbc9f5410,cifar100,ssb-v2,cnn,protocol-v3,1.0,0,4,3,256,0.006203416967764497,0.016110041993670166,663830528,0.453125
dbf5dfcbbc9f5410,cifar100,ssb-v2,cnn,protocol-v3,1.0,0,4,3,257,0.006020625005476177,0.01603699999395758,663830528,0.359375
dbf5dfcbbc9f5410,cifar100,ssb-v2,cnn,protocol-v3,1.0,0,4,3,258,0.0058413330116309226,0.016121875029057264,663830528,0.46875
dbf5dfcbbc9f5410,cifar100,ssb-v2,cnn,protocol-v3,1.0,0,4,3,259,0.006187166960444301,0.016105291026178747,663830528,0.4609375
dbf5dfcbbc9f5410,cifar100,ssb-v2,cnn,protocol-v3,1.0,0,4,3,260,0.006061166990548372,0.016201917023863643,663830528,0.421875
dbf5dfcbbc9f5410,cifar100,ssb-v2,cnn,protocol-v3,1.0,0,4,3,261,0.0057106249732896686,0.016132500022649765,663846912,0.3515625
dbf5dfcbbc9f5410,cifar100,ssb-v2,cnn,protocol-v3,1.0,0,4,3,262,0.00570162502117455,0.01599666604306549,663846912,0.375
dbf5dfcbbc9f5410,cifar100,ssb-v2,cnn,protocol-v3,1.0,0,4,3,263,0.0056917499750852585,0.016110167023725808,663846912,0.4375
dbf5dfcbbc9f5410,cifar100,ssb-v2,cnn,protocol-v3,1.0,0,4,3,264,0.00571362505434081,0.016029916994739324,663846912,0.4765625
dbf5dfcbbc9f5410,cifar100,ssb-v2,cnn,protocol-v3,1.0,0,4,3,265,0.005702666996512562,0.016082832997199148,663846912,0.40625
dbf5dfcbbc9f5410,cifar100,ssb-v2,cnn,protocol-v3,1.0,0,4,3,266,0.00568050000583753,0.01606966700637713,663846912,0.4375
dbf5dfcbbc9f5410,cifar100,ssb-v2,cnn,protocol-v3,1.0,0,4,3,267,0.005699875007849187,0.01609945803647861,663846912,0.4140625
dbf5dfcbbc9f5410,cifar100,ssb-v2,cnn,protocol-v3,1.0,0,4,3,268,0.006064708984922618,0.016034375003073364,663846912,0.421875
dbf5dfcbbc9f5410,cifar100,ssb-v2,cnn,protocol-v3,1.0,0,4,3,269,0.00606183399213478,0.016004165983758867,663846912,0.4296875
dbf5dfcbbc9f5410,cifar100,ssb-v2,cnn,protocol-v3,1.0,0,4,3,270,0.005693540966603905,0.01618366700131446,663846912,0.4765625
dbf5dfcbbc9f5410,cifar100,ssb-v2,cnn,protocol-v3,1.0,0,4,3,271,0.005721541994716972,0.016619333007838577,663846912,0.4609375
dbf5dfcbbc9f5410,cifar100,ssb-v2,cnn,protocol-v3,1.0,0,4,3,272,0.006003624992445111,0.016093374986667186,663863296,0.4296875
dbf5dfcbbc9f5410,cifar100,ssb-v2,cnn,protocol-v3,1.0,0,4,3,273,0.005694458959624171,0.016141458007041365,663863296,0.515625
dbf5dfcbbc9f5410,cifar100,ssb-v2,cnn,protocol-v3,1.0,0,4,3,274,0.0056978749926202,0.016005166980903596,663863296,0.453125
dbf5dfcbbc9f5410,cifar100,ssb-v2,cnn,protocol-v3,1.0,0,4,3,275,0.005702874972485006,0.016018208989407867,663863296,0.3828125
dbf5dfcbbc9f5410,cifar100,ssb-v2,cnn,protocol-v3,1.0,0,4,3,276,0.005710791039746255,0.01599854201776907,663863296,0.4296875
dbf5dfcbbc9f5410,cifar100,ssb-v2,cnn,protocol-v3,1.0,0,4,3,277,0.005696750013157725,0.016141500032972544,663863296,0.5
dbf5dfcbbc9f5410,cifar100,ssb-v2,cnn,protocol-v3,1.0,0,4,3,278,0.005729708005674183,0.016098707972560078,663879680,0.484375
dbf5dfcbbc9f5410,cifar100,ssb-v2,cnn,protocol-v3,1.0,0,4,3,279,0.00572370900772512,0.016107874980662018,663879680,0.4296875
dbf5dfcbbc9f5410,cifar100,ssb-v2,cnn,protocol-v3,1.0,0,4,3,280,0.006007166986819357,0.015980000025592744,663879680,0.453125
dbf5dfcbbc9f5410,cifar100,ssb-v2,cnn,protocol-v3,1.0,0,4,3,281,0.0056917499750852585,0.016062375041656196,663896064,0.5625
dbf5dfcbbc9f5410,cifar100,ssb-v2,cnn,protocol-v3,1.0,0,4,3,282,0.005700416979379952,0.016218500037211925,663896064,0.375
dbf5dfcbbc9f5410,cifar100,ssb-v2,cnn,protocol-v3,1.0,0,4,3,283,0.0057211670209653676,0.016055415966548026,663896064,0.390625
dbf5dfcbbc9f5410,cifar100,ssb-v2,cnn,protocol-v3,1.0,0,4,3,284,0.005698832974303514,0.01612545899115503,663896064,0.390625
dbf5dfcbbc9f5410,cifar100,ssb-v2,cnn,protocol-v3,1.0,0,4,3,285,0.00569937500404194,0.0159857920370996,663896064,0.40625
dbf5dfcbbc9f5410,cifar100,ssb-v2,cnn,protocol-v3,1.0,0,4,3,286,0.005711874982807785,0.016102416964713484,663912448,0.4140625
dbf5dfcbbc9f5410,cifar100,ssb-v2,cnn,protocol-v3,1.0,0,4,3,287,0.005695290979929268,0.016112042008899152,663912448,0.4140625
dbf5dfcbbc9f5410,cifar100,ssb-v2,cnn,protocol-v3,1.0,0,4,3,288,0.005766082962509245,0.01610141695709899,663912448,0.546875
dbf5dfcbbc9f5410,cifar100,ssb-v2,cnn,protocol-v3,1.0,0,4,3,289,0.00568816700251773,0.01609229197492823,663912448,0.5078125
dbf5dfcbbc9f5410,cifar100,ssb-v2,cnn,protocol-v3,1.0,0,4,3,290,0.006009249947965145,0.01609216700308025,663912448,0.4609375
dbf5dfcbbc9f5410,cifar100,ssb-v2,cnn,protocol-v3,1.0,0,4,3,291,0.005673166015185416,0.016121707973070443,663912448,0.453125
dbf5dfcbbc9f5410,cifar100,ssb-v2,cnn,protocol-v3,1.0,0,4,3,292,0.005689167010132223,0.016568124992772937,663912448,0.421875
dbf5dfcbbc9f5410,cifar100,ssb-v2,cnn,protocol-v3,1.0,0,4,3,293,0.006249208003282547,0.016067042015492916,663912448,0.5078125
dbf5dfcbbc9f5410,cifar100,ssb-v2,cnn,protocol-v3,1.0,0,4,3,294,0.005717792024370283,0.016120083048008382,663912448,0.421875
dbf5dfcbbc9f5410,cifar100,ssb-v2,cnn,protocol-v3,1.0,0,4,3,295,0.005708582990337163,0.016109707998111844,663928832,0.453125
dbf5dfcbbc9f5410,cifar100,ssb-v2,cnn,protocol-v3,1.0,0,4,3,296,0.005692999984603375,0.016113540972582996,663928832,0.453125
dbf5dfcbbc9f5410,cifar100,ssb-v2,cnn,protocol-v3,1.0,0,4,3,297,0.005704874987713993,0.01611308299470693,663928832,0.5
dbf5dfcbbc9f5410,cifar100,ssb-v2,cnn,protocol-v3,1.0,0,4,3,298,0.005689124984201044,0.01608312502503395,663928832,0.4375
dbf5dfcbbc9f5410,cifar100,ssb-v2,cnn,protocol-v3,1.0,0,4,3,299,0.00570908299414441,0.016047957993578166,663928832,0.484375
dbf5dfcbbc9f5410,cifar100,ssb-v2,cnn,protocol-v3,1.0,0,4,3,300,0.005706875002942979,0.016090666002128273,663945216,0.453125
dbf5dfcbbc9f5410,cifar100,ssb-v2,cnn,protocol-v3,1.0,0,4,3,301,0.0059476669994182885,0.01601191598456353,663945216,0.5546875
dbf5dfcbbc9f5410,cifar100,ssb-v2,cnn,protocol-v3,1.0,0,4,3,302,0.006015916005708277,0.016064374998677522,663961600,0.3828125
dbf5dfcbbc9f5410,cifar100,ssb-v2,cnn,protocol-v3,1.0,0,4,3,303,0.005930125014856458,0.0161201250157319,663961600,0.375
dbf5dfcbbc9f5410,cifar100,ssb-v2,cnn,protocol-v3,1.0,0,4,3,304,0.006170374981593341,0.0161274159909226,663961600,0.4375
dbf5dfcbbc9f5410,cifar100,ssb-v2,cnn,protocol-v3,1.0,0,4,3,305,0.00620800000615418,0.01613900001393631,663961600,0.4140625
dbf5dfcbbc9f5410,cifar100,ssb-v2,cnn,protocol-v3,1.0,0,4,3,306,0.0056772499810904264,0.016044000047259033,663961600,0.5
dbf5dfcbbc9f5410,cifar100,ssb-v2,cnn,protocol-v3,1.0,0,4,3,307,0.0056953749735839665,0.016117041988763958,663961600,0.4140625
dbf5dfcbbc9f5410,cifar100,ssb-v2,cnn,protocol-v3,1.0,0,4,3,308,0.005697040993254632,0.016006374964490533,663961600,0.375
dbf5dfcbbc9f5410,cifar100,ssb-v2,cnn,protocol-v3,1.0,0,4,3,309,0.005693666986189783,0.01605920901056379,663961600,0.421875
dbf5dfcbbc9f5410,cifar100,ssb-v2,cnn,protocol-v3,1.0,0,4,3,310,0.005707875010557473,0.01607008295832202,663961600,0.5
dbf5dfcbbc9f5410,cifar100,ssb-v2,cnn,protocol-v3,1.0,0,4,3,311,0.005675624997820705,0.01614058396080509,663961600,0.4140625
dbf5dfcbbc9f5410,cifar100,ssb-v2,cnn,protocol-v3,1.0,0,4,3,312,0.005711292033083737,0.016089375014416873,663961600,0.4921875
dbf5dfcbbc9f5410,cifar100,ssb-v2,cnn,protocol-v3,1.0,0,4,3,313,0.005714958009775728,0.01605870801722631,663977984,0.4140625
dbf5dfcbbc9f5410,cifar100,ssb-v2,cnn,protocol-v3,1.0,0,4,3,314,0.0062267500325106084,0.01607658399734646,663994368,0.4765625
dbf5dfcbbc9f5410,cifar100,ssb-v2,cnn,protocol-v3,1.0,0,4,3,315,0.006035708007402718,0.0160142500535585,663994368,0.484375
dbf5dfcbbc9f5410,cifar100,ssb-v2,cnn,protocol-v3,1.0,0,4,3,316,0.00620800000615418,0.01611337496433407,663994368,0.4296875
dbf5dfcbbc9f5410,cifar100,ssb-v2,cnn,protocol-v3,1.0,0,4,3,317,0.005705042043700814,0.016577458009123802,663994368,0.4375
dbf5dfcbbc9f5410,cifar100,ssb-v2,cnn,protocol-v3,1.0,0,4,3,318,0.006064874993171543,0.01612145802937448,664010752,0.4453125
dbf5dfcbbc9f5410,cifar100,ssb-v2,cnn,protocol-v3,1.0,0,4,3,319,0.006207333004567772,0.016037624969612807,664010752,0.4375
dbf5dfcbbc9f5410,cifar100,ssb-v2,cnn,protocol-v3,1.0,0,4,3,320,0.005697417014744133,0.01612549996934831,664010752,0.4609375
dbf5dfcbbc9f5410,cifar100,ssb-v2,cnn,protocol-v3,1.0,0,4,3,321,0.0056968749850057065,0.01609645801363513,664010752,0.4375
dbf5dfcbbc9f5410,cifar100,ssb-v2,cnn,protocol-v3,1.0,0,4,3,322,0.005686708027496934,0.016090541961602867,664010752,0.4453125
dbf5dfcbbc9f5410,cifar100,ssb-v2,cnn,protocol-v3,1.0,0,4,3,323,0.005683499970473349,0.01598429202567786,664010752,0.484375
dbf5dfcbbc9f5410,cifar100,ssb-v2,cnn,protocol-v3,1.0,0,4,3,324,0.005696250009350479,0.016070541983935982,664027136,0.34375
dbf5dfcbbc9f5410,cifar100,ssb-v2,cnn,protocol-v3,1.0,0,4,3,325,0.005679875030182302,0.016122874978464097,664027136,0.40625
dbf5dfcbbc9f5410,cifar100,ssb-v2,cnn,protocol-v3,1.0,0,4,3,326,0.005700708017684519,0.01611099997535348,664027136,0.4609375
dbf5dfcbbc9f5410,cifar100,ssb-v2,cnn,protocol-v3,1.0,0,4,3,327,0.00606758298818022,0.01601820799987763,664027136,0.4375
dbf5dfcbbc9f5410,cifar100,ssb-v2,cnn,protocol-v3,1.0,0,4,3,328,0.00601841596653685,0.01605962502071634,664027136,0.4609375
dbf5dfcbbc9f5410,cifar100,ssb-v2,cnn,protocol-v3,1.0,0,4,3,329,0.00621412496548146,0.01613041601376608,664027136,0.4453125
dbf5dfcbbc9f5410,cifar100,ssb-v2,cnn,protocol-v3,1.0,0,4,3,330,0.0061971250106580555,0.016084917006082833,664027136,0.515625
dbf5dfcbbc9f5410,cifar100,ssb-v2,cnn,protocol-v3,1.0,0,4,3,331,0.005704083014279604,0.016233875008765608,664027136,0.4921875
dbf5dfcbbc9f5410,cifar100,ssb-v2,cnn,protocol-v3,1.0,0,4,3,332,0.005698000022675842,0.016067707969341427,664027136,0.421875
dbf5dfcbbc9f5410,cifar100,ssb-v2,cnn,protocol-v3,1.0,0,4,3,333,0.005681542039383203,0.015904917032457888,664027136,0.40625
dbf5dfcbbc9f5410,cifar100,ssb-v2,cnn,protocol-v3,1.0,0,4,3,334,0.005703040980733931,0.01611158298328519,664043520,0.4453125
dbf5dfcbbc9f5410,cifar100,ssb-v2,cnn,protocol-v3,1.0,0,4,3,335,0.005683249968569726,0.01608537504216656,664043520,0.4921875
dbf5dfcbbc9f5410,cifar100,ssb-v2,cnn,protocol-v3,1.0,0,4,3,336,0.0056972079910337925,0.016103875008411705,664043520,0.5859375
dbf5dfcbbc9f5410,cifar100,ssb-v2,cnn,protocol-v3,1.0,0,4,3,337,0.005690041987691075,0.016102584020700306,664043520,0.34375
dbf5dfcbbc9f5410,cifar100,ssb-v2,cnn,protocol-v3,1.0,0,4,3,338,0.005698958993889391,0.016041208989918232,664043520,0.46875
dbf5dfcbbc9f5410,cifar100,ssb-v2,cnn,protocol-v3,1.0,0,4,3,339,0.005702708032913506,0.016079832974355668,664059904,0.46875
dbf5dfcbbc9f5410,cifar100,ssb-v2,cnn,protocol-v3,1.0,0,4,3,340,0.005955750006251037,0.01604745798977092,664076288,0.4609375
dbf5dfcbbc9f5410,cifar100,ssb-v2,cnn,protocol-v3,1.0,0,4,3,341,0.005688333010766655,0.016636124986689538,664076288,0.4453125
dbf5dfcbbc9f5410,cifar100,ssb-v2,cnn,protocol-v3,1.0,0,4,3,342,0.005680000002030283,0.016596834000665694,664076288,0.453125
dbf5dfcbbc9f5410,cifar100,ssb-v2,cnn,protocol-v3,1.0,0,4,3,343,0.005686000047717243,0.015985374979209155,664076288,0.4140625
dbf5dfcbbc9f5410,cifar100,ssb-v2,cnn,protocol-v3,1.0,0,4,3,344,0.005680707981809974,0.016017124988138676,664076288,0.5390625
dbf5dfcbbc9f5410,cifar100,ssb-v2,cnn,protocol-v3,1.0,0,4,3,345,0.0056855829898267984,0.016083499998785555,664076288,0.5
dbf5dfcbbc9f5410,cifar100,ssb-v2,cnn,protocol-v3,1.0,0,4,3,346,0.0057005410199053586,0.016031375038437545,664076288,0.4375
dbf5dfcbbc9f5410,cifar100,ssb-v2,cnn,protocol-v3,1.0,0,4,3,347,0.005679957976099104,0.016101750021334738,664076288,0.4453125
dbf5dfcbbc9f5410,cifar100,ssb-v2,cnn,protocol-v3,1.0,0,4,3,348,0.005710417055524886,0.016039500012993813,664092672,0.4296875
dbf5dfcbbc9f5410,cifar100,ssb-v2,cnn,protocol-v3,1.0,0,4,3,349,0.005704083014279604,0.016110916039906442,664092672,0.40625
dbf5dfcbbc9f5410,cifar100,ssb-v2,cnn,protocol-v3,1.0,0,4,3,350,0.00567899999441579,0.016135582991410047,664092672,0.4296875
dbf5dfcbbc9f5410,cifar100,ssb-v2,cnn,protocol-v3,1.0,0,4,3,351,0.005711166013497859,0.015994583955034614,664092672,0.4453125
dbf5dfcbbc9f5410,cifar100,ssb-v2,cnn,protocol-v3,1.0,0,4,3,352,0.005704707989934832,0.01610141701530665,664092672,0.453125
dbf5dfcbbc9f5410,cifar100,ssb-v2,cnn,protocol-v3,1.0,0,4,3,353,0.006231000006664544,0.016205666004680097,664092672,0.3984375
dbf5dfcbbc9f5410,cifar100,ssb-v2,cnn,protocol-v3,1.0,0,4,3,354,0.005672375031281263,0.015938707976602018,664092672,0.453125
dbf5dfcbbc9f5410,cifar100,ssb-v2,cnn,protocol-v3,1.0,0,4,3,355,0.005695208034012467,0.016101290995720774,664092672,0.4140625
dbf5dfcbbc9f5410,cifar100,ssb-v2,cnn,protocol-v3,1.0,0,4,3,356,0.005703250004444271,0.01608291600132361,664109056,0.4453125
dbf5dfcbbc9f5410,cifar100,ssb-v2,cnn,protocol-v3,1.0,0,4,3,357,0.0056899579940363765,0.016032291983719915,664109056,0.421875
dbf5dfcbbc9f5410,cifar100,ssb-v2,cnn,protocol-v3,1.0,0,4,3,358,0.005699959001503885,0.01610337500460446,664109056,0.46875
dbf5dfcbbc9f5410,cifar100,ssb-v2,cnn,protocol-v3,1.0,0,4,3,359,0.005679833993781358,0.016036125016398728,664109056,0.5078125
dbf5dfcbbc9f5410,cifar100,ssb-v2,cnn,protocol-v3,1.0,0,4,3,360,0.005692249978892505,0.01608995901187882,664109056,0.46875
dbf5dfcbbc9f5410,cifar100,ssb-v2,cnn,protocol-v3,1.0,0,4,3,361,0.00603449996560812,0.016121374967042357,664109056,0.4296875
dbf5dfcbbc9f5410,cifar100,ssb-v2,cnn,protocol-v3,1.0,0,4,3,362,0.006191624968778342,0.01595641701715067,664109056,0.53125
dbf5dfcbbc9f5410,cifar100,ssb-v2,cnn,protocol-v3,1.0,0,4,3,363,0.005707916978280991,0.016221958037931472,664125440,0.390625
dbf5dfcbbc9f5410,cifar100,ssb-v2,cnn,protocol-v3,1.0,0,4,3,364,0.005679874971974641,0.016105832997709513,664125440,0.4140625
dbf5dfcbbc9f5410,cifar100,ssb-v2,cnn,protocol-v3,1.0,0,4,3,365,0.005688041972462088,0.016063624992966652,664125440,0.4375
dbf5dfcbbc9f5410,cifar100,ssb-v2,cnn,protocol-v3,1.0,0,4,3,366,0.0057033339980989695,0.016026416036766022,664125440,0.46875
dbf5dfcbbc9f5410,cifar100,ssb-v2,cnn,protocol-v3,1.0,0,4,3,367,0.005687249999027699,0.015970708045642823,664141824,0.421875
dbf5dfcbbc9f5410,cifar100,ssb-v2,cnn,protocol-v3,1.0,0,4,3,368,0.005669166974257678,0.016098707972560078,664141824,0.375
dbf5dfcbbc9f5410,cifar100,ssb-v2,cnn,protocol-v3,1.0,0,4,3,369,0.005695917003322393,0.01600245898589492,664141824,0.4453125
dbf5dfcbbc9f5410,cifar100,ssb-v2,cnn,protocol-v3,1.0,0,4,3,370,0.0056910410057753325,0.01608095900155604,664141824,0.390625
dbf5dfcbbc9f5410,cifar100,ssb-v2,cnn,protocol-v3,1.0,0,4,3,371,0.005702791037037969,0.016062124981544912,664141824,0.4140625
dbf5dfcbbc9f5410,cifar100,ssb-v2,cnn,protocol-v3,1.0,0,4,3,372,0.006026084010954946,0.01609450002433732,664141824,0.484375
dbf5dfcbbc9f5410,cifar100,ssb-v2,cnn,protocol-v3,1.0,0,4,3,373,0.005703166010789573,0.016101540997624397,664141824,0.4296875
dbf5dfcbbc9f5410,cifar100,ssb-v2,cnn,protocol-v3,1.0,0,4,3,374,0.005693333048839122,0.01608820800902322,664141824,0.4375
dbf5dfcbbc9f5410,cifar100,ssb-v2,cnn,protocol-v3,1.0,0,4,3,375,0.0060454580234363675,0.016230667009949684,664141824,0.453125
dbf5dfcbbc9f5410,cifar100,ssb-v2,cnn,protocol-v3,1.0,0,4,3,376,0.006189709005411714,0.01603691600030288,664141824,0.4375
dbf5dfcbbc9f5410,cifar100,ssb-v2,cnn,protocol-v3,1.0,0,4,3,377,0.005688540986739099,0.016138500010129064,664141824,0.4140625
dbf5dfcbbc9f5410,cifar100,ssb-v2,cnn,protocol-v3,1.0,0,4,3,378,0.005710333003662527,0.01609300001291558,664158208,0.4765625
dbf5dfcbbc9f5410,cifar100,ssb-v2,cnn,protocol-v3,1.0,0,4,3,379,0.005685834039468318,0.016079958993941545,664158208,0.421875
dbf5dfcbbc9f5410,cifar100,ssb-v2,cnn,protocol-v3,1.0,0,4,3,380,0.005705958988983184,0.01608320901868865,664158208,0.5078125
dbf5dfcbbc9f5410,cifar100,ssb-v2,cnn,protocol-v3,1.0,0,4,3,381,0.005700625013560057,0.015971624990925193,664158208,0.4765625
dbf5dfcbbc9f5410,cifar100,ssb-v2,cnn,protocol-v3,1.0,0,4,3,382,0.005682833027094603,0.01607679098378867,664158208,0.46875
dbf5dfcbbc9f5410,cifar100,ssb-v2,cnn,protocol-v3,1.0,0,4,3,383,0.005693000042811036,0.016002625052351505,664190976,0.3828125
dbf5dfcbbc9f5410,cifar100,ssb-v2,cnn,protocol-v3,1.0,0,4,3,384,0.005698875000234693,0.016114374971948564,664190976,0.4921875
dbf5dfcbbc9f5410,cifar100,ssb-v2,cnn,protocol-v3,1.0,0,4,3,385,0.005679541965946555,0.01609491597628221,664190976,0.5078125
dbf5dfcbbc9f5410,cifar100,ssb-v2,cnn,protocol-v3,1.0,0,4,3,386,0.005721166031435132,0.015977790986653417,664207360,0.4921875
dbf5dfcbbc9f5410,cifar100,ssb-v2,cnn,protocol-v3,1.0,0,4,3,387,0.0056903749937191606,0.016062457987572998,664207360,0.375
dbf5dfcbbc9f5410,cifar100,ssb-v2,cnn,protocol-v3,1.0,0,4,3,388,0.005684875010047108,0.01604600000428036,664207360,0.3984375
dbf5dfcbbc9f5410,cifar100,ssb-v2,cnn,protocol-v3,1.0,0,4,3,389,0.005696207983419299,0.016086709045339376,664207360,0.3984375
dbf5dfcbbc9f5410,cifar100,ssb-v2,cnn,protocol-v3,1.0,0,4,3,390,0.0037930409889668226,0.011863916995935142,664207360,0.4375
