dataset,model,keep_ratio,seed,epoch,batch,backward_time_s,memory_bytes,batch_accuracy
fashion_mnist,pruning,0.4,11,1,0,0.02934137501870282,467828736,0.0390625
fashion_mnist,pruning,0.4,11,1,1,0.0014883329859003425,482033664,0.078125
fashion_mnist,pruning,0.4,11,1,2,0.0013997920032124966,482607104,0.21875
fashion_mnist,pruning,0.4,11,1,3,0.0013540420040953904,482607104,0.203125
fashion_mnist,pruning,0.4,11,1,4,0.0007947080011945218,482623488,0.21875
fashion_mnist,pruning,0.4,11,1,5,0.0007916670001577586,482623488,0.296875
fashion_mnist,pruning,0.4,11,1,6,0.0007783750188536942,483049472,0.2109375
fashion_mnist,pruning,0.4,11,1,7,0.0007895829912740737,483049472,0.3125
fashion_mnist,pruning,0.4,11,1,8,0.0007703750161454082,483065856,0.21875
fashion_mnist,pruning,0.4,11,1,9,0.0008074579818639904,483065856,0.3046875
fashion_mnist,pruning,0.4,11,1,10,0.0007588750158902258,483147776,0.2890625
fashion_mnist,pruning,0.4,11,1,11,0.0007842500053811818,483147776,0.328125
fashion_mnist,pruning,0.4,11,1,12,0.0007953339954838157,483164160,0.296875
fashion_mnist,pruning,0.4,11,1,13,0.0007972909952513874,483164160,0.296875
fashion_mnist,pruning,0.4,11,1,14,0.0007621249824296683,483196928,0.234375
fashion_mnist,pruning,0.4,11,1,15,0.000783957977546379,483196928,0.2578125
fashion_mnist,pruning,0.4,11,1,16,0.0007868750253692269,483196928,0.28125
fashion_mnist,pruning,0.4,11,1,17,0.0007921670039650053,483196928,0.3515625
fashion_mnist,pruning,0.4,11,1,18,0.0007831669936422259,483196928,0.2109375
fashion_mnist,pruning,0.4,11,1,19,0.0007869169930927455,483196928,0.359375
fashion_mnist,pruning,0.4,11,1,20,0.0007628749881405383,483196928,0.328125
fashion_mnist,pruning,0.4,11,1,21,0.0007859999896027148,483196928,0.3046875
fashion_mnist,pruning,0.4,11,1,22,0.0007830419926904142,483196928,0.3046875
fashion_mnist,pruning,0.4,11,1,23,0.0008035000064410269,483196928,0.3046875
fashion_mnist,pruning,0.4,11,1,24,0.0007883749785833061,483196928,0.2734375
fashion_mnist,pruning,0.4,11,1,25,0.0007751670200377703,483213312,0.34375
fashion_mnist,pruning,0.4,11,1,26,0.0007699579873587936,483213312,0.359375
fashion_mnist,pruning,0.4,11,1,27,0.0007797500002197921,483213312,0.328125
fashion_mnist,pruning,0.4,11,1,28,0.0007542089733760804,483213312,0.375
fashion_mnist,pruning,0.4,11,1,29,0.0007986659766174853,483213312,0.3046875
fashion_mnist,pruning,0.4,11,1,30,0.0007857090095058084,483229696,0.3125
fashion_mnist,pruning,0.4,11,1,31,0.0007752920209895819,483229696,0.2265625
fashion_mnist,pruning,0.4,11,1,32,0.0007566249987576157,483229696,0.3359375
fashion_mnist,pruning,0.4,11,1,33,0.000753250002162531,483229696,0.359375
fashion_mnist,pruning,0.4,11,1,34,0.0007548340072389692,483229696,0.328125
fashion_mnist,pruning,0.4,11,1,35,0.000773834006395191,483229696,0.359375
fashion_mnist,pruning,0.4,11,1,36,0.0007620840042363852,483229696,0.359375
fashion_mnist,pruning,0.4,11,1,37,0.0007972920138854533,483229696,0.359375
fashion_mnist,pruning,0.4,11,1,38,0.0008197920105885714,483262464,0.34375
fashion_mnist,pruning,0.4,11,1,39,0.0007827079971320927,483262464,0.3515625
fashion_mnist,pruning,0.4,11,1,40,0.0007367499929387122,483262464,0.3828125
fashion_mnist,pruning,0.4,11,1,41,0.0007934579916764051,483278848,0.390625
fashion_mnist,pruning,0.4,11,1,42,0.0007811669784132391,483278848,0.40625
fashion_mnist,pruning,0.4,11,1,43,0.0007601670222356915,483278848,0.390625
fashion_mnist,pruning,0.4,11,1,44,0.0007571250025648624,483278848,0.3203125
fashion_mnist,pruning,0.4,11,1,45,0.0007659999828319997,483278848,0.328125
fashion_mnist,pruning,0.4,11,1,46,0.0007502080115955323,483278848,0.3515625
fashion_mnist,pruning,0.4,11,1,47,0.0007407919911202043,483278848,0.3984375
fashion_mnist,pruning,0.4,11,1,48,0.0007857079908717424,483278848,0.3984375
fashion_mnist,pruning,0.4,11,1,49,0.0007685000018682331,483278848,0.34375
fashion_mnist,pruning,0.4,11,1,50,0.0007562499959021807,483278848,0.4140625
fashion_mnist,pruning,0.4,11,1,51,0.000777541019488126,483278848,0.328125
fashion_mnist,pruning,0.4,11,1,52,0.000770207989262417,483278848,0.421875
fashion_mnist,pruning,0.4,11,1,53,0.000846207985887304,483278848,0.328125
fashion_mnist,pruning,0.4,11,1,54,0.0007670840132050216,483278848,0.421875
fashion_mnist,pruning,0.4,11,1,55,0.0007741250155959278,483278848,0.3515625
fashion_mnist,pruning,0.4,11,1,56,0.0007690830097999424,483278848,0.390625
fashion_mnist,pruning,0.4,11,1,57,0.000765583012253046,483278848,0.4296875
fashion_mnist,pruning,0.4,11,1,58,0.0007573749753646553,483278848,0.453125
fashion_mnist,pruning,0.4,11,1,59,0.0007334999972954392,483278848,0.40625
fashion_mnist,pruning,0.4,11,1,60,0.0007710000209044665,483278848,0.4375
fashion_mnist,pruning,0.4,11,1,61,0.0007897499890532345,483278848,0.4140625
fashion_mnist,pruning,0.4,11,1,62,0.0007714579987805337,483278848,0.3359375
fashion_mnist,pruning,0.4,11,1,63,0.0007658329850528389,483278848,0.390625
fashion_mnist,pruning,0.4,11,1,64,0.0007866249943617731,483278848,0.4609375
fashion_mnist,pruning,0.4,11,1,65,0.0007928330160211772,483278848,0.3203125
fashion_mnist,pruning,0.4,11,1,66,0.000764124997658655,483278848,0.4296875
fashion_mnist,pruning,0.4,11,1,67,0.0007867079984862357,483278848,0.390625
fashion_mnist,pruning,0.4,11,1,68,0.0007658750109840184,483278848,0.3671875
fashion_mnist,pruning,0.4,11,1,69,0.0008027500007301569,483278848,0.4609375
fashion_mnist,pruning,0.4,11,1,70,0.000745666999137029,483278848,0.375
fashion_mnist,pruning,0.4,11,1,71,0.0007570000016130507,483278848,0.4140625
fashion_mnist,pruning,0.4,11,1,72,0.0007832500268705189,483278848,0.4375
fashion_mnist,pruning,0.4,11,1,73,0.0007597920193802565,483311616,0.2734375
fashion_mnist,pruning,0.4,11,1,74,0.000773874984588474,483311616,0.4296875
fashion_mnist,pruning,0.4,11,1,75,0.0008362919907085598,483311616,0.40625
fashion_mnist,pruning,0.4,11,1,76,0.0007728750060778111,483311616,0.4375
fashion_mnist,pruning,0.4,11,1,77,0.0008158329874277115,483311616,0.421875
fashion_mnist,pruning,0.4,11,1,78,0.0008355419849976897,483311616,0.4375
fashion_mnist,pruning,0.4,11,1,79,0.0007909580017440021,483311616,0.3671875
fashion_mnist,pruning,0.4,11,1,80,0.0007851659902371466,483311616,0.4375
fashion_mnist,pruning,0.4,11,1,81,0.0007896659953985363,483311616,0.3828125
fashion_mnist,pruning,0.4,11,1,82,0.0007734159880783409,483311616,0.3671875
fashion_mnist,pruning,0.4,11,1,83,0.0007788329967297614,483311616,0.421875
fashion_mnist,pruning,0.4,11,1,84,0.0007667909958399832,483311616,0.4609375
fashion_mnist,pruning,0.4,11,1,85,0.0007592500187456608,483311616,0.3984375
fashion_mnist,pruning,0.4,11,1,86,0.0007737090054433793,483311616,0.4140625
fashion_mnist,pruning,0.4,11,1,87,0.0007908330007921904,483328000,0.4453125
fashion_mnist,pruning,0.4,11,1,88,0.0007599170203320682,483328000,0.4375
fashion_mnist,pruning,0.4,11,1,89,0.0008133329974953085,483328000,0.390625
fashion_mnist,pruning,0.4,11,1,90,0.0007416670268867165,483328000,0.3203125
fashion_mnist,pruning,0.4,11,1,91,0.0007615000067744404,483328000,0.40625
fashion_mnist,pruning,0.4,11,1,92,0.0007264160085469484,483328000,0.421875
fashion_mnist,pruning,0.4,11,1,93,0.0007580840028822422,483328000,0.5390625
fashion_mnist,pruning,0.4,11,1,94,0.0007352500106208026,483344384,0.3984375
fashion_mnist,pruning,0.4,11,1,95,0.0007887500105425715,483344384,0.46875
fashion_mnist,pruning,0.4,11,1,96,0.0008767920080572367,483377152,0.53125
fashion_mnist,pruning,0.4,11,1,97,0.0008250840182881802,483377152,0.34375
fashion_mnist,pruning,0.4,11,1,98,0.0007887909887358546,483377152,0.421875
fashion_mnist,pruning,0.4,11,1,99,0.0008562500006519258,483377152,0.4609375
fashion_mnist,pruning,0.4,11,1,100,0.000778916000854224,483377152,0.4453125
fashion_mnist,pruning,0.4,11,1,101,0.0008247079967986792,483393536,0.3984375
fashion_mnist,pruning,0.4,11,1,102,0.0008593749953433871,483393536,0.4765625
fashion_mnist,pruning,0.4,11,1,103,0.0008093749929685146,483393536,0.484375
fashion_mnist,pruning,0.4,11,1,104,0.0008001250098459423,483393536,0.453125
fashion_mnist,pruning,0.4,11,1,105,0.0008033750054892153,483393536,0.4296875
fashion_mnist,pruning,0.4,11,1,106,0.0008005840063560754,483393536,0.40625
fashion_mnist,pruning,0.4,11,1,107,0.0007817500154487789,483393536,0.453125
fashion_mnist,pruning,0.4,11,1,108,0.0007898749900050461,483393536,0.453125
fashion_mnist,pruning,0.4,11,1,109,0.0007917079783510417,483393536,0.3828125
fashion_mnist,pruning,0.4,11,1,110,0.0007743749883957207,483393536,0.40625
fashion_mnist,pruning,0.4,11,1,111,0.0008175830007530749,483393536,0.4296875
fashion_mnist,pruning,0.4,11,1,112,0.000796709005953744,483393536,0.4609375
fashion_mnist,pruning,0.4,11,1,113,0.0007750829972792417,483393536,0.484375
fashion_mnist,pruning,0.4,11,1,114,0.0007697500113863498,483393536,0.4765625
fashion_mnist,pruning,0.4,11,1,115,0.0007836669974494725,483393536,0.453125
fashion_mnist,pruning,0.4,11,1,116,0.0007813750125933439,483393536,0.5234375
fashion_mnist,pruning,0.4,11,1,117,0.0007891669811215252,483393536,0.4921875
fashion_mnist,pruning,0.4,11,1,118,0.0007836669974494725,483393536,0.4140625
fashion_mnist,pruning,0.4,11,1,119,0.000766624987591058,483393536,0.46875
fashion_mnist,pruning,0.4,11,1,120,0.0007888749823905528,483393536,0.515625
fashion_mnist,pruning,0.4,11,1,121,0.0007724169990979135,483393536,0.53125
fashion_mnist,pruning,0.4,11,1,122,0.0008844999829307199,483393536,0.46875
fashion_mnist,pruning,0.4,11,1,123,0.0007852920098230243,483393536,0.4375
fashion_mnist,pruning,0.4,11,1,124,0.0007800000021234155,483393536,0.453125
fashion_mnist,pruning,0.4,11,1,125,0.0007719580025877804,483393536,0.4921875
fashion_mnist,pruning,0.4,11,1,126,0.0007970829901751131,483393536,0.484375
fashion_mnist,pruning,0.4,11,1,127,0.0007540420047007501,483393536,0.40625
fashion_mnist,pruning,0.4,11,1,128,0.000775666005210951,483393536,0.453125
fashion_mnist,pruning,0.4,11,1,129,0.0007805420027580112,483393536,0.4609375
fashion_mnist,pruning,0.4,11,1,130,0.0007702090078964829,483393536,0.4296875
fashion_mnist,pruning,0.4,11,1,131,0.0007653749780729413,483393536,0.3515625
fashion_mnist,pruning,0.4,11,1,132,0.0007910830026958138,483393536,0.421875
fashion_mnist,pruning,0.4,11,1,133,0.0007721249712631106,483393536,0.484375
fashion_mnist,pruning,0.4,11,1,134,0.0007703749870415777,483393536,0.390625
fashion_mnist,pruning,0.4,11,1,135,0.0007805000059306622,483393536,0.3984375
fashion_mnist,pruning,0.4,11,1,136,0.0007749159995000809,483393536,0.421875
fashion_mnist,pruning,0.4,11,1,137,0.0007668329926673323,483393536,0.421875
fashion_mnist,pruning,0.4,11,1,138,0.000870916002895683,483393536,0.375
fashion_mnist,pruning,0.4,11,1,139,0.0007551669841632247,483393536,0.421875
fashion_mnist,pruning,0.4,11,1,140,0.0007719589921180159,483393536,0.390625
fashion_mnist,pruning,0.4,11,1,141,0.0007863750215619802,483393536,0.453125
fashion_mnist,pruning,0.4,11,1,142,0.000757208006689325,483393536,0.390625
fashion_mnist,pruning,0.4,11,1,143,0.000738417002139613,483393536,0.421875
fashion_mnist,pruning,0.4,11,1,144,0.0007520829967688769,483393536,0.375
fashion_mnist,pruning,0.4,11,1,145,0.0007445420196745545,483393536,0.484375
fashion_mnist,pruning,0.4,11,1,146,0.0007833749987185001,483393536,0.4296875
fashion_mnist,pruning,0.4,11,1,147,0.0007661250128876418,483393536,0.46875
fashion_mnist,pruning,0.4,11,1,148,0.0007674579974263906,483393536,0.4140625
fashion_mnist,pruning,0.4,11,1,149,0.0007789169903844595,483393536,0.4609375
fashion_mnist,pruning,0.4,11,1,150,0.0007944169919937849,483393536,0.4296875
fashion_mnist,pruning,0.4,11,1,151,0.0007495830068364739,483393536,0.390625
fashion_mnist,pruning,0.4,11,1,152,0.0007742909947410226,483393536,0.4375
fashion_mnist,pruning,0.4,11,1,153,0.0007773749821353704,483393536,0.3828125
fashion_mnist,pruning,0.4,11,1,154,0.0007805000059306622,483803136,0.3984375
fashion_mnist,pruning,0.4,11,1,155,0.0007630420150235295,483803136,0.390625
fashion_mnist,pruning,0.4,11,1,156,0.0007554999901913106,483803136,0.4375
fashion_mnist,pruning,0.4,11,1,157,0.0007752079982310534,483803136,0.40625
fashion_mnist,pruning,0.4,11,1,158,0.0007712079968769103,483803136,0.390625
fashion_mnist,pruning,0.4,11,1,159,0.0007694170053582639,483803136,0.453125
fashion_mnist,pruning,0.4,11,1,160,0.0007500830106437206,483803136,0.5234375
fashion_mnist,pruning,0.4,11,1,161,0.000756124994950369,483803136,0.46875
fashion_mnist,pruning,0.4,11,1,162,0.0007588749867863953,483803136,0.3828125
fashion_mnist,pruning,0.4,11,1,163,0.0007726250041741878,483803136,0.46875
fashion_mnist,pruning,0.4,11,1,164,0.0007547920104116201,483803136,0.375
fashion_mnist,pruning,0.4,11,1,165,0.0007519579958170652,483803136,0.578125
fashion_mnist,pruning,0.4,11,1,166,0.0007547909917775542,483803136,0.390625
fashion_mnist,pruning,0.4,11,1,167,0.0007730000070296228,483803136,0.453125
fashion_mnist,pruning,0.4,11,1,168,0.0007598329975735396,483819520,0.375
fashion_mnist,pruning,0.4,11,1,169,0.0007659170078113675,483819520,0.4375
fashion_mnist,pruning,0.4,11,1,170,0.0007736660190857947,483835904,0.3984375
fashion_mnist,pruning,0.4,11,1,171,0.0007570000016130507,483835904,0.4140625
fashion_mnist,pruning,0.4,11,1,172,0.0008367080008611083,483835904,0.4296875
fashion_mnist,pruning,0.4,11,1,173,0.0007529589929617941,483835904,0.5078125
fashion_mnist,pruning,0.4,11,1,174,0.0007687500037718564,483835904,0.4609375
fashion_mnist,pruning,0.4,11,1,175,0.0007729169738013297,483835904,0.5234375
fashion_mnist,pruning,0.4,11,1,176,0.0007765839982312173,483835904,0.3828125
fashion_mnist,pruning,0.4,11,1,177,0.0007692919753026217,483835904,0.4765625
fashion_mnist,pruning,0.4,11,1,178,0.0007687500037718564,483835904,0.4453125
fashion_mnist,pruning,0.4,11,1,179,0.0007644170254934579,483835904,0.4921875
fashion_mnist,pruning,0.4,11,1,180,0.0008335000020451844,483835904,0.46875
fashion_mnist,pruning,0.4,11,1,181,0.0007430420082528144,483835904,0.375
fashion_mnist,pruning,0.4,11,1,182,0.0007157499785535038,483835904,0.4921875
fashion_mnist,pruning,0.4,11,1,183,0.0007653750071767718,483835904,0.4296875
fashion_mnist,pruning,0.4,11,1,184,0.0007587919826619327,483835904,0.453125
fashion_mnist,pruning,0.4,11,1,185,0.0007805000059306622,483835904,0.453125
fashion_mnist,pruning,0.4,11,1,186,0.000766249984735623,483835904,0.484375
fashion_mnist,pruning,0.4,11,1,187,0.000765208009397611,483835904,0.4609375
fashion_mnist,pruning,0.4,11,1,188,0.0007640410040039569,483852288,0.40625
fashion_mnist,pruning,0.4,11,1,189,0.00074562500230968,483852288,0.4921875
fashion_mnist,pruning,0.4,11,1,190,0.0007924579840619117,483852288,0.3984375
fashion_mnist,pruning,0.4,11,1,191,0.0007594579947181046,483852288,0.5234375
fashion_mnist,pruning,0.4,11,1,192,0.0007736670086160302,483852288,0.421875
fashion_mnist,pruning,0.4,11,1,193,0.0007782080210745335,483852288,0.390625
fashion_mnist,pruning,0.4,11,1,194,0.0007515830220654607,483852288,0.390625
fashion_mnist,pruning,0.4,11,1,195,0.0007751670200377703,483852288,0.3828125
fashion_mnist,pruning,0.4,11,1,196,0.0007629169849678874,483852288,0.4375
fashion_mnist,pruning,0.4,11,1,197,0.0008637910068500787,483852288,0.3671875
fashion_mnist,pruning,0.4,11,1,198,0.0007651250052731484,483852288,0.453125
fashion_mnist,pruning,0.4,11,1,199,0.0007647080055903643,483852288,0.4609375
fashion_mnist,pruning,0.4,11,1,200,0.0007679999980609864,483852288,0.5234375
fashion_mnist,pruning,0.4,11,1,201,0.0007509999850299209,483852288,0.4375
fashion_mnist,pruning,0.4,11,1,202,0.0007625409925822169,483852288,0.4296875
fashion_mnist,pruning,0.4,11,1,203,0.000752874999307096,483852288,0.4375
fashion_mnist,pruning,0.4,11,1,204,0.0007529169961344451,483852288,0.484375
fashion_mnist,pruning,0.4,11,1,205,0.0007590829918626696,483852288,0.46875
fashion_mnist,pruning,0.4,11,1,206,0.0007237920071929693,483852288,0.4609375
fashion_mnist,pruning,0.4,11,1,207,0.0007535420008935034,483852288,0.5390625
fashion_mnist,pruning,0.4,11,1,208,0.0007668329926673323,483852288,0.453125
fashion_mnist,pruning,0.4,11,1,209,0.000756458000978455,483852288,0.40625
fashion_mnist,pruning,0.4,11,1,210,0.0007609579770360142,483852288,0.4765625
fashion_mnist,pruning,0.4,11,1,211,0.0008604169997852296,483852288,0.3984375
fashion_mnist,pruning,0.4,11,1,212,0.0007752079982310534,483852288,0.4375
fashion_mnist,pruning,0.4,11,1,213,0.0007559579971712083,483852288,0.421875
fashion_mnist,pruning,0.4,11,1,214,0.000794166000559926,483852288,0.4609375
fashion_mnist,pruning,0.4,11,1,215,0.0007482920191250741,483852288,0.484375
fashion_mnist,pruning,0.4,11,1,216,0.0007668329926673323,483852288,0.4609375
fashion_mnist,pruning,0.4,11,1,217,0.0007595409988425672,483852288,0.4765625
fashion_mnist,pruning,0.4,11,1,218,0.0007589579909108579,483852288,0.4609375
fashion_mnist,pruning,0.4,11,1,219,0.0007685830059926957,483852288,0.484375
fashion_mnist,pruning,0.4,11,1,220,0.0007409999961964786,483852288,0.4609375
fashion_mnist,pruning,0.4,11,1,221,0.0007369579980149865,483852288,0.421875
fashion_mnist,pruning,0.4,11,1,222,0.0007745000184513628,483852288,0.453125
fashion_mnist,pruning,0.4,11,1,223,0.000761583010898903,483852288,0.46875
fashion_mnist,pruning,0.4,11,1,224,0.0007527499983552843,483852288,0.4609375
fashion_mnist,pruning,0.4,11,1,225,0.0007822919869795442,483852288,0.421875
fashion_mnist,pruning,0.4,11,1,226,0.0007429580145981163,483852288,0.4921875
fashion_mnist,pruning,0.4,11,1,227,0.0007392499828711152,483852288,0.4609375
fashion_mnist,pruning,0.4,11,1,228,0.0007295830000657588,483852288,0.4453125
fashion_mnist,pruning,0.4,11,1,229,0.0007572920003440231,483852288,0.46875
fashion_mnist,pruning,0.4,11,1,230,0.0007483749941457063,483852288,0.3984375
fashion_mnist,pruning,0.4,11,1,231,0.0007827090157661587,483852288,0.46875
fashion_mnist,pruning,0.4,11,1,232,0.0007484590169042349,483852288,0.5625
fashion_mnist,pruning,0.4,11,1,233,0.0007593750196974725,483852288,0.5078125
fashion_mnist,pruning,0.4,11,1,234,0.0007757919956929982,483852288,0.4296875
fashion_mnist,pruning,0.4,11,1,235,0.0007437909953296185,483852288,0.4921875
fashion_mnist,pruning,0.4,11,1,236,0.0007447090174537152,483852288,0.4609375
fashion_mnist,pruning,0.4,11,1,237,0.0007431669801007956,483852288,0.46875
fashion_mnist,pruning,0.4,11,1,238,0.000749625003663823,483852288,0.4765625
fashion_mnist,pruning,0.4,11,1,239,0.0008177909767255187,483852288,0.484375
fashion_mnist,pruning,0.4,11,1,240,0.000770207989262417,483852288,0.484375
fashion_mnist,pruning,0.4,11,1,241,0.0007611670007463545,483852288,0.453125
fashion_mnist,pruning,0.4,11,1,242,0.0007549170113634318,483852288,0.4375
fashion_mnist,pruning,0.4,11,1,243,0.0007854999857954681,483852288,0.484375
fashion_mnist,pruning,0.4,11,1,244,0.0007378750015050173,483852288,0.4765625
fashion_mnist,pruning,0.4,11,1,245,0.0007566660060547292,483852288,0.4296875
fashion_mnist,pruning,0.4,11,1,246,0.0007566249987576157,483852288,0.4296875
fashion_mnist,pruning,0.4,11,1,247,0.0007433329883497208,483852288,0.3984375
fashion_mnist,pruning,0.4,11,1,248,0.0007331660017371178,483852288,0.484375
fashion_mnist,pruning,0.4,11,1,249,0.0007653330103494227,483852288,0.46875
fashion_mnist,pruning,0.4,11,1,250,0.0007789999945089221,483852288,0.4609375
fashion_mnist,pruning,0.4,11,1,251,0.0007630419859196991,483852288,0.3515625
fashion_mnist,pruning,0.4,11,1,252,0.0007623750134371221,483852288,0.484375
fashion_mnist,pruning,0.4,11,1,253,0.000754708016756922,483852288,0.453125
fashion_mnist,pruning,0.4,11,1,254,0.000754291977500543,483852288,0.390625
fashion_mnist,pruning,0.4,11,1,255,0.0007403750205412507,483852288,0.3828125
fashion_mnist,pruning,0.4,11,1,256,0.0007766250055283308,483852288,0.421875
fashion_mnist,pruning,0.4,11,1,257,0.0007501670042984188,483852288,0.5078125
fashion_mnist,pruning,0.4,11,1,258,0.0007622500124853104,483852288,0.53125
fashion_mnist,pruning,0.4,11,1,259,0.0007554579933639616,483852288,0.5078125
fashion_mnist,pruning,0.4,11,1,260,0.0007510829891543835,483852288,0.4609375
fashion_mnist,pruning,0.4,11,1,261,0.0007679580012336373,483852288,0.4453125
fashion_mnist,pruning,0.4,11,1,262,0.0007449999975506216,483852288,0.3984375
fashion_mnist,pruning,0.4,11,1,263,0.0007687500037718564,483852288,0.46875
fashion_mnist,pruning,0.4,11,1,264,0.000749625003663823,483852288,0.4921875
fashion_mnist,pruning,0.4,11,1,265,0.000760082999477163,483852288,0.3984375
fashion_mnist,pruning,0.4,11,1,266,0.000747416983358562,483852288,0.328125
fashion_mnist,pruning,0.4,11,1,267,0.0007384999771602452,483852288,0.5078125
fashion_mnist,pruning,0.4,11,1,268,0.0007484579982701689,483852288,0.4609375
fashion_mnist,pruning,0.4,11,1,269,0.0007537920027971268,483852288,0.453125
fashion_mnist,pruning,0.4,11,1,270,0.0007465419766958803,483852288,0.4765625
fashion_mnist,pruning,0.4,11,1,271,0.0007520829967688769,483852288,0.484375
fashion_mnist,pruning,0.4,11,1,272,0.0007620830147061497,483852288,0.390625
fashion_mnist,pruning,0.4,11,1,273,0.0007435420120600611,483852288,0.3671875
fashion_mnist,pruning,0.4,11,1,274,0.0007199580140877515,483852288,0.4296875
fashion_mnist,pruning,0.4,11,1,275,0.0007356669811997563,483852288,0.453125
fashion_mnist,pruning,0.4,11,1,276,0.0008551249920856208,483852288,0.4453125
fashion_mnist,pruning,0.4,11,1,277,0.000737666996428743,483852288,0.53125
fashion_mnist,pruning,0.4,11,1,278,0.0007459160115104169,483852288,0.546875
fashion_mnist,pruning,0.4,11,1,279,0.0007620420074090362,483868672,0.34375
fashion_mnist,pruning,0.4,11,1,280,0.0007657080132048577,483868672,0.46875
fashion_mnist,pruning,0.4,11,1,281,0.0007527919951826334,483868672,0.4453125
fashion_mnist,pruning,0.4,11,1,282,0.0007374159758910537,483868672,0.46875
fashion_mnist,pruning,0.4,11,1,283,0.0007428330136463046,483868672,0.484375
fashion_mnist,pruning,0.4,11,1,284,0.0007607080042362213,483868672,0.46875
fashion_mnist,pruning,0.4,11,1,285,0.0007643749995622784,483868672,0.484375
fashion_mnist,pruning,0.4,11,1,286,0.0007248329930007458,483868672,0.4765625
fashion_mnist,pruning,0.4,11,1,287,0.0007610000029671937,483868672,0.453125
fashion_mnist,pruning,0.4,11,1,288,0.0007531669980380684,483868672,0.3828125
fashion_mnist,pruning,0.4,11,1,289,0.0007539159851148725,483868672,0.515625
fashion_mnist,pruning,0.4,11,1,290,0.0007297499978449196,483868672,0.46875
fashion_mnist,pruning,0.4,11,1,291,0.0007411249971482903,483868672,0.4765625
fashion_mnist,pruning,0.4,11,1,292,0.000715583999408409,483868672,0.5546875
fashion_mnist,pruning,0.4,11,1,293,0.0008026670257095248,483868672,0.4609375
fashion_mnist,pruning,0.4,11,1,294,0.0007627499871887267,483868672,0.5
fashion_mnist,pruning,0.4,11,1,295,0.000756124994950369,483885056,0.5546875
fashion_mnist,pruning,0.4,11,1,296,0.0007280420104507357,483885056,0.3984375
fashion_mnist,pruning,0.4,11,1,297,0.0007679999980609864,483885056,0.4375
fashion_mnist,pruning,0.4,11,1,298,0.0007453750004060566,483885056,0.484375
fashion_mnist,pruning,0.4,11,1,299,0.0007591669855173677,483885056,0.5
fashion_mnist,pruning,0.4,11,1,300,0.0007464590016752481,483885056,0.5234375
fashion_mnist,pruning,0.4,11,1,301,0.0007678749971091747,483885056,0.4375
fashion_mnist,pruning,0.4,11,1,302,0.0007595829956699163,483885056,0.5390625
fashion_mnist,pruning,0.4,11,1,303,0.0007275000098161399,483885056,0.484375
fashion_mnist,pruning,0.4,11,1,304,0.0007418750028591603,483885056,0.453125
fashion_mnist,pruning,0.4,11,1,305,0.0007619170064572245,483885056,0.390625
fashion_mnist,pruning,0.4,11,1,306,0.0007518340134993196,483885056,0.390625
fashion_mnist,pruning,0.4,11,1,307,0.0007705839816480875,483885056,0.4765625
fashion_mnist,pruning,0.4,11,1,308,0.0007584999839309603,483885056,0.375
fashion_mnist,pruning,0.4,11,1,309,0.0007422920025419444,483885056,0.4140625
fashion_mnist,pruning,0.4,11,1,310,0.0007401659968309104,483885056,0.4453125
fashion_mnist,pruning,0.4,11,1,311,0.0007453339931089431,483885056,0.484375
fashion_mnist,pruning,0.4,11,1,312,0.0007292079972103238,483885056,0.5859375
fashion_mnist,pruning,0.4,11,1,313,0.0007857499876990914,483885056,0.4921875
fashion_mnist,pruning,0.4,11,1,314,0.0007642080017831177,483885056,0.5234375
fashion_mnist,pruning,0.4,11,1,315,0.0007506670081056654,483885056,0.4375
fashion_mnist,pruning,0.4,11,1,316,0.0007640419935341924,483885056,0.40625
fashion_mnist,pruning,0.4,11,1,317,0.0007642080017831177,483885056,0.46875
fashion_mnist,pruning,0.4,11,1,318,0.0007396249857265502,483885056,0.421875
fashion_mnist,pruning,0.4,11,1,319,0.000742375006666407,483901440,0.390625
fashion_mnist,pruning,0.4,11,1,320,0.0007438329921569675,483901440,0.453125
fashion_mnist,pruning,0.4,11,1,321,0.0007563749968539923,483901440,0.40625
fashion_mnist,pruning,0.4,11,1,322,0.0007682919967919588,483901440,0.3828125
fashion_mnist,pruning,0.4,11,1,323,0.0007452080026268959,483901440,0.40625
fashion_mnist,pruning,0.4,11,1,324,0.0007470829878002405,483901440,0.3515625
fashion_mnist,pruning,0.4,11,1,325,0.0007432499842252582,483901440,0.5390625
fashion_mnist,pruning,0.4,11,1,326,0.0007211670163087547,483901440,0.5234375
fashion_mnist,pruning,0.4,11,1,327,0.000756875000661239,483901440,0.453125
fashion_mnist,pruning,0.4,11,1,328,0.0007477499893866479,483901440,0.4609375
fashion_mnist,pruning,0.4,11,1,329,0.00076224998338148,483901440,0.4921875
fashion_mnist,pruning,0.4,11,1,330,0.0007653750071767718,483917824,0.5078125
fashion_mnist,pruning,0.4,11,1,331,0.0007766660128254443,483917824,0.53125
fashion_mnist,pruning,0.4,11,1,332,0.0007295839895959944,483917824,0.40625
fashion_mnist,pruning,0.4,11,1,333,0.0007599160016980022,483917824,0.40625
fashion_mnist,pruning,0.4,11,1,334,0.0007664170116186142,483917824,0.4765625
fashion_mnist,pruning,0.4,11,1,335,0.0007500419742427766,483917824,0.4765625
fashion_mnist,pruning,0.4,11,1,336,0.0007570000016130507,483917824,0.3984375
fashion_mnist,pruning,0.4,11,1,337,0.0007715410029049963,483917824,0.484375
fashion_mnist,pruning,0.4,11,1,338,0.0007583329861517996,483917824,0.515625
fashion_mnist,pruning,0.4,11,1,339,0.0007556249911431223,483917824,0.4453125
fashion_mnist,pruning,0.4,11,1,340,0.0007404999923892319,483917824,0.4140625
fashion_mnist,pruning,0.4,11,1,341,0.0007392500119749457,483917824,0.4609375
fashion_mnist,pruning,0.4,11,1,342,0.0007493750017601997,483917824,0.4296875
fashion_mnist,pruning,0.4,11,1,343,0.000759374990593642,483917824,0.453125
fashion_mnist,pruning,0.4,11,1,344,0.0007421249756589532,483917824,0.515625
fashion_mnist,pruning,0.4,11,1,345,0.0007688339974265546,483917824,0.4140625
fashion_mnist,pruning,0.4,11,1,346,0.0007575829804409295,483917824,0.484375
fashion_mnist,pruning,0.4,11,1,347,0.0007330829976126552,483917824,0.421875
fashion_mnist,pruning,0.4,11,1,348,0.0007531669980380684,483917824,0.4375
fashion_mnist,pruning,0.4,11,1,349,0.0007566250278614461,483917824,0.3828125
fashion_mnist,pruning,0.4,11,1,350,0.0007186660077422857,483917824,0.5390625
fashion_mnist,pruning,0.4,11,1,351,0.0007522090163547546,483917824,0.484375
fashion_mnist,pruning,0.4,11,1,352,0.0007245829910971224,483917824,0.5078125
fashion_mnist,pruning,0.4,11,1,353,0.000751749990740791,483917824,0.3671875
fashion_mnist,pruning,0.4,11,1,354,0.000726082973415032,483917824,0.453125
fashion_mnist,pruning,0.4,11,1,355,0.0007459589978680015,483917824,0.5234375
fashion_mnist,pruning,0.4,11,1,356,0.0007477499893866479,483917824,0.4921875
fashion_mnist,pruning,0.4,11,1,357,0.0007398340094368905,483917824,0.375
fashion_mnist,pruning,0.4,11,1,358,0.0007633339846506715,483917824,0.4765625
fashion_mnist,pruning,0.4,11,1,359,0.0007585829880554229,483917824,0.4921875
fashion_mnist,pruning,0.4,11,1,360,0.0007652500062249601,483917824,0.4296875
fashion_mnist,pruning,0.4,11,1,361,0.0007777909922879189,483917824,0.4375
fashion_mnist,pruning,0.4,11,1,362,0.0007422079797834158,483917824,0.453125
fashion_mnist,pruning,0.4,11,1,363,0.0007483749941457063,483917824,0.4296875
fashion_mnist,pruning,0.4,11,1,364,0.0007419580069836229,483917824,0.34375
fashion_mnist,pruning,0.4,11,1,365,0.0007387910154648125,483917824,0.4765625
fashion_mnist,pruning,0.4,11,1,366,0.0007642499986104667,483917824,0.375
fashion_mnist,pruning,0.4,11,1,367,0.000763707997975871,483917824,0.46875
fashion_mnist,pruning,0.4,11,1,368,0.000754999986384064,483917824,0.453125
fashion_mnist,pruning,0.4,11,1,369,0.0007663340074941516,483917824,0.5234375
fashion_mnist,pruning,0.4,11,1,370,0.0007491669966839254,483917824,0.5390625
fashion_mnist,pruning,0.4,11,1,371,0.0007445000228472054,483917824,0.4609375
fashion_mnist,pruning,0.4,11,1,372,0.00074637500802055,483917824,0.484375
fashion_mnist,pruning,0.4,11,1,373,0.0007664999866392463,483917824,0.421875
fashion_mnist,pruning,0.4,11,1,374,0.0007502920052502304,483917824,0.390625
fashion_mnist,pruning,0.4,11,1,375,0.0007593339832965285,483917824,0.46875
fashion_mnist,pruning,0.4,11,1,376,0.0007553329924121499,483917824,0.53125
fashion_mnist,pruning,0.4,11,1,377,0.0007595000206492841,483917824,0.4375
fashion_mnist,pruning,0.4,11,1,378,0.0007495409809052944,483917824,0.40625
fashion_mnist,pruning,0.4,11,1,379,0.00074562500230968,483917824,0.53125
fashion_mnist,pruning,0.4,11,1,380,0.0007414580031763762,483917824,0.4609375
fashion_mnist,pruning,0.4,11,1,381,0.0007404159987345338,483917824,0.4375
fashion_mnist,pruning,0.4,11,1,382,0.000750000006519258,483917824,0.453125
fashion_mnist,pruning,0.4,11,1,383,0.0007589159940835088,483917824,0.4140625
fashion_mnist,pruning,0.4,11,1,384,0.0007633330242242664,483917824,0.53125
fashion_mnist,pruning,0.4,11,1,385,0.0007659159891773015,483917824,0.4375
fashion_mnist,pruning,0.4,11,1,386,0.0007560419908259064,483917824,0.4296875
fashion_mnist,pruning,0.4,11,1,387,0.0007583749829791486,483917824,0.4296875
fashion_mnist,pruning,0.4,11,1,388,0.0007668329926673323,483917824,0.4765625
fashion_mnist,pruning,0.4,11,1,389,0.0007512079901061952,483917824,0.484375
fashion_mnist,pruning,0.4,11,1,390,0.0007786669884808362,483917824,0.390625
fashion_mnist,pruning,0.4,11,1,391,0.0007389169768430293,483917824,0.421875
fashion_mnist,pruning,0.4,11,1,392,0.0007299160060938448,483917824,0.4140625
fashion_mnist,pruning,0.4,11,1,393,0.0007462500070687383,483917824,0.3671875
fashion_mnist,pruning,0.4,11,1,394,0.0007322920137085021,483917824,0.4296875
fashion_mnist,pruning,0.4,11,1,395,0.0007580840028822422,483917824,0.53125
fashion_mnist,pruning,0.4,11,1,396,0.0007470420096069574,483917824,0.421875
fashion_mnist,pruning,0.4,11,1,397,0.00077495799632743,483917824,0.4375
fashion_mnist,pruning,0.4,11,1,398,0.000753250002162531,483917824,0.484375
fashion_mnist,pruning,0.4,11,1,399,0.0007243339787237346,483917824,0.453125
fashion_mnist,pruning,0.4,11,1,400,0.0007535000040661544,483917824,0.4375
fashion_mnist,pruning,0.4,11,1,401,0.0007362499891314656,483917824,0.4453125
fashion_mnist,pruning,0.4,11,1,402,0.0007640419935341924,483917824,0.5390625
fashion_mnist,pruning,0.4,11,1,403,0.0007487080001737922,483917824,0.5
fashion_mnist,pruning,0.4,11,1,404,0.0007806670037098229,483917824,0.5
fashion_mnist,pruning,0.4,11,1,405,0.0007334580004680902,483917824,0.46875
fashion_mnist,pruning,0.4,11,1,406,0.0007598749944008887,483917824,0.53125
fashion_mnist,pruning,0.4,11,1,407,0.0007516249897889793,483917824,0.4609375
fashion_mnist,pruning,0.4,11,1,408,0.0007241249841172248,483917824,0.4921875
fashion_mnist,pruning,0.4,11,1,409,0.0008297500025946647,483917824,0.4765625
fashion_mnist,pruning,0.4,11,1,410,0.0007497920014429837,483917824,0.4609375
fashion_mnist,pruning,0.4,11,1,411,0.0007498330087400973,483917824,0.5
fashion_mnist,pruning,0.4,11,1,412,0.0007261669961735606,483917824,0.421875
fashion_mnist,pruning,0.4,11,1,413,0.0007548329886049032,483917824,0.4375
fashion_mnist,pruning,0.4,11,1,414,0.0007283329905476421,483917824,0.4609375
fashion_mnist,pruning,0.4,11,1,415,0.0007565410051029176,483917824,0.515625
fashion_mnist,pruning,0.4,11,1,416,0.0007758749998174608,483917824,0.453125
fashion_mnist,pruning,0.4,11,1,417,0.0007580829842481762,483917824,0.5390625
fashion_mnist,pruning,0.4,11,1,418,0.0007397080189548433,483917824,0.53125
fashion_mnist,pruning,0.4,11,1,419,0.0007467919785995036,483917824,0.4921875
fashion_mnist,pruning,0.4,11,1,420,0.0007581249810755253,483917824,0.453125
fashion_mnist,pruning,0.4,11,1,421,0.0007606250001117587,483917824,0.375
fashion_mnist,pruning,0.4,11,1,422,0.0007436659943778068,483934208,0.4375
fashion_mnist,pruning,0.4,11,1,423,0.000764083000831306,483934208,0.3984375
fashion_mnist,pruning,0.4,11,1,424,0.0007764589972794056,483934208,0.4921875
fashion_mnist,pruning,0.4,11,1,425,0.000777457986259833,483934208,0.4375
fashion_mnist,pruning,0.4,11,1,426,0.0007332499953918159,483934208,0.4375
fashion_mnist,pruning,0.4,11,1,427,0.0007384580094367266,483934208,0.515625
fashion_mnist,pruning,0.4,11,1,428,0.0007499170023947954,483934208,0.4609375
fashion_mnist,pruning,0.4,11,1,429,0.000850209005875513,483934208,0.515625
fashion_mnist,pruning,0.4,11,1,430,0.0007315840048249811,483934208,0.4375
fashion_mnist,pruning,0.4,11,1,431,0.0007715829997323453,483934208,0.421875
fashion_mnist,pruning,0.4,11,1,432,0.0007437079912051558,483934208,0.5078125
fashion_mnist,pruning,0.4,11,1,433,0.000755041983211413,483934208,0.421875
fashion_mnist,pruning,0.4,11,1,434,0.000766999990446493,483934208,0.4921875
fashion_mnist,pruning,0.4,11,1,435,0.0007516250188928097,483934208,0.484375
fashion_mnist,pruning,0.4,11,1,436,0.0007517909980379045,483934208,0.484375
fashion_mnist,pruning,0.4,11,1,437,0.0007751249941065907,483934208,0.421875
fashion_mnist,pruning,0.4,11,1,438,0.0007399999885819852,483934208,0.53125
fashion_mnist,pruning,0.4,11,1,439,0.0007638329989276826,483934208,0.5
fashion_mnist,pruning,0.4,11,1,440,0.0007656250090803951,483934208,0.46875
fashion_mnist,pruning,0.4,11,1,441,0.0007547920104116201,483934208,0.421875
fashion_mnist,pruning,0.4,11,1,442,0.0007693750085309148,483934208,0.4921875
fashion_mnist,pruning,0.4,11,1,443,0.0007469999836757779,483934208,0.4296875
fashion_mnist,pruning,0.4,11,1,444,0.0007397499866783619,483950592,0.46875
fashion_mnist,pruning,0.4,11,1,445,0.0007339589938055724,483950592,0.46875
fashion_mnist,pruning,0.4,11,1,446,0.0007578329823445529,483966976,0.4765625
fashion_mnist,pruning,0.4,11,1,447,0.0007416660082526505,483966976,0.5
fashion_mnist,pruning,0.4,11,1,448,0.0007236249803099781,483966976,0.4609375
fashion_mnist,pruning,0.4,11,1,449,0.0008163750171661377,483966976,0.53125
fashion_mnist,pruning,0.4,11,1,450,0.0007604169950354844,483966976,0.4765625
fashion_mnist,pruning,0.4,11,1,451,0.000756875000661239,483966976,0.4375
fashion_mnist,pruning,0.4,11,1,452,0.000755041983211413,483966976,0.515625
fashion_mnist,pruning,0.4,11,1,453,0.0007539170037489384,483966976,0.453125
fashion_mnist,pruning,0.4,11,1,454,0.0007547920104116201,483966976,0.515625
fashion_mnist,pruning,0.4,11,1,455,0.000750375009374693,483966976,0.4453125
fashion_mnist,pruning,0.4,11,1,456,0.0007464590016752481,483966976,0.421875
fashion_mnist,pruning,0.4,11,1,457,0.0007535420008935034,483966976,0.3515625
fashion_mnist,pruning,0.4,11,1,458,0.0007480829954147339,483966976,0.4765625
fashion_mnist,pruning,0.4,11,1,459,0.0007415830041281879,483966976,0.4140625
fashion_mnist,pruning,0.4,11,1,460,0.0007704999879933894,483966976,0.5078125
fashion_mnist,pruning,0.4,11,1,461,0.0007614170026499778,483983360,0.4296875
fashion_mnist,pruning,0.4,11,1,462,0.0007473749865312129,483983360,0.40625
fashion_mnist,pruning,0.4,11,1,463,0.0007433330174535513,483983360,0.4921875
fashion_mnist,pruning,0.4,11,1,464,0.000743458018405363,483983360,0.5078125
fashion_mnist,pruning,0.4,11,1,465,0.0007576659845653921,483983360,0.4296875
fashion_mnist,pruning,0.4,11,1,466,0.0008195419795811176,483983360,0.5078125
fashion_mnist,pruning,0.4,11,1,467,0.0007435409934259951,483983360,0.46875
fashion_mnist,pruning,0.4,11,1,468,0.020502207975368947,491814912,0.4479166666666667
fashion_mnist,pruning,0.4,11,2,0,0.0008357079932466149,496746496,0.46875
fashion_mnist,pruning,0.4,11,2,1,0.0008871660102158785,497221632,0.4453125
fashion_mnist,pruning,0.4,11,2,2,0.0008302089991047978,497221632,0.5234375
fashion_mnist,pruning,0.4,11,2,3,0.0012115410063415766,497238016,0.4375
fashion_mnist,pruning,0.4,11,2,4,0.001205957989441231,497598464,0.3984375
fashion_mnist,pruning,0.4,11,2,5,0.000761916977353394,497598464,0.5078125
fashion_mnist,pruning,0.4,11,2,6,0.0007740829896647483,497598464,0.3984375
fashion_mnist,pruning,0.4,11,2,7,0.0007790000236127526,497598464,0.40625
fashion_mnist,pruning,0.4,11,2,8,0.0007806660141795874,497598464,0.4140625
fashion_mnist,pruning,0.4,11,2,9,0.0008082909916993231,497598464,0.4609375
fashion_mnist,pruning,0.4,11,2,10,0.0007856669835746288,497598464,0.484375
fashion_mnist,pruning,0.4,11,2,11,0.0007822499901521951,497598464,0.4140625
fashion_mnist,pruning,0.4,11,2,12,0.0007826670189388096,497598464,0.421875
fashion_mnist,pruning,0.4,11,2,13,0.0007694590021856129,497598464,0.4453125
fashion_mnist,pruning,0.4,11,2,14,0.0007754580001346767,497598464,0.4765625
fashion_mnist,pruning,0.4,11,2,15,0.0007704159943386912,497598464,0.4296875
fashion_mnist,pruning,0.4,11,2,16,0.0008009170123841614,497598464,0.4140625
fashion_mnist,pruning,0.4,11,2,17,0.0007899999909568578,497598464,0.4765625
fashion_mnist,pruning,0.4,11,2,18,0.0007720839930698276,497598464,0.4765625
fashion_mnist,pruning,0.4,11,2,19,0.0007787499926052988,497598464,0.40625
fashion_mnist,pruning,0.4,11,2,20,0.0007628750172443688,497598464,0.375
fashion_mnist,pruning,0.4,11,2,21,0.0007874580041971058,497598464,0.4375
fashion_mnist,pruning,0.4,11,2,22,0.0007688750047236681,497598464,0.4609375
fashion_mnist,pruning,0.4,11,2,23,0.0007507079862989485,497598464,0.4375
fashion_mnist,pruning,0.4,11,2,24,0.0007984580006450415,497598464,0.4609375
fashion_mnist,pruning,0.4,11,2,25,0.0007636250229552388,497598464,0.4453125
fashion_mnist,pruning,0.4,11,2,26,0.0007787080248817801,497598464,0.5
fashion_mnist,pruning,0.4,11,2,27,0.0007526249974034727,497598464,0.5546875
fashion_mnist,pruning,0.4,11,2,28,0.0007781249878462404,497598464,0.453125
fashion_mnist,pruning,0.4,11,2,29,0.0007618750096298754,497598464,0.3984375
fashion_mnist,pruning,0.4,11,2,30,0.0007874160073697567,497598464,0.4765625
fashion_mnist,pruning,0.4,11,2,31,0.0007605829741805792,497598464,0.4765625
fashion_mnist,pruning,0.4,11,2,32,0.000757250003516674,497598464,0.421875
fashion_mnist,pruning,0.4,11,2,33,0.0007658340036869049,497598464,0.40625
fashion_mnist,pruning,0.4,11,2,34,0.0007635829970240593,497598464,0.4140625
fashion_mnist,pruning,0.4,11,2,35,0.0007800839957781136,497598464,0.421875
fashion_mnist,pruning,0.4,11,2,36,0.0007876250019762665,497598464,0.421875
fashion_mnist,pruning,0.4,11,2,37,0.000735125009668991,497598464,0.453125
fashion_mnist,pruning,0.4,11,2,38,0.0007845000072848052,497598464,0.5
fashion_mnist,pruning,0.4,11,2,39,0.0007575829804409295,497598464,0.46875
fashion_mnist,pruning,0.4,11,2,40,0.0007800839957781136,497598464,0.4375
fashion_mnist,pruning,0.4,11,2,41,0.0007749159995000809,497598464,0.453125
fashion_mnist,pruning,0.4,11,2,42,0.0007637919916305691,497598464,0.4296875
fashion_mnist,pruning,0.4,11,2,43,0.0007764589972794056,497598464,0.4453125
fashion_mnist,pruning,0.4,11,2,44,0.0007516250188928097,497598464,0.5078125
fashion_mnist,pruning,0.4,11,2,45,0.000766291021136567,497598464,0.4453125
fashion_mnist,pruning,0.4,11,2,46,0.0007798329752404243,497598464,0.4453125
fashion_mnist,pruning,0.4,11,2,47,0.0007605830032844096,497598464,0.4453125
fashion_mnist,pruning,0.4,11,2,48,0.0007349999796133488,497598464,0.453125
fashion_mnist,pruning,0.4,11,2,49,0.0007619590032845736,497598464,0.5
fashion_mnist,pruning,0.4,11,2,50,0.0007655840017832816,497598464,0.4609375
fashion_mnist,pruning,0.4,11,2,51,0.0007505420071538538,497598464,0.546875
fashion_mnist,pruning,0.4,11,2,52,0.0007813750125933439,497598464,0.4296875
fashion_mnist,pruning,0.4,11,2,53,0.0007686669996473938,497598464,0.4140625
fashion_mnist,pruning,0.4,11,2,54,0.0007666670135222375,497598464,0.46875
fashion_mnist,pruning,0.4,11,2,55,0.0007605830032844096,497598464,0.5234375
fashion_mnist,pruning,0.4,11,2,56,0.0007554579933639616,497598464,0.5546875
fashion_mnist,pruning,0.4,11,2,57,0.0007575409836135805,497598464,0.34375
fashion_mnist,pruning,0.4,11,2,58,0.0007420409820042551,497598464,0.4453125
fashion_mnist,pruning,0.4,11,2,59,0.0008125829917844385,497598464,0.4296875
fashion_mnist,pruning,0.4,11,2,60,0.0008105000015348196,497598464,0.4375
fashion_mnist,pruning,0.4,11,2,61,0.0007943750242702663,497598464,0.3984375
fashion_mnist,pruning,0.4,11,2,62,0.0008350420102942735,497614848,0.5234375
fashion_mnist,pruning,0.4,11,2,63,0.0007958750065881759,497614848,0.484375
fashion_mnist,pruning,0.4,11,2,64,0.00114412498078309,497614848,0.3984375
fashion_mnist,pruning,0.4,11,2,65,0.0012236670008860528,497614848,0.5
fashion_mnist,pruning,0.4,11,2,66,0.0008106669993139803,497631232,0.4765625
fashion_mnist,pruning,0.4,11,2,67,0.0007652500062249601,497631232,0.421875
fashion_mnist,pruning,0.4,11,2,68,0.00077420799061656,497631232,0.484375
fashion_mnist,pruning,0.4,11,2,69,0.0007841670012567192,497631232,0.515625
fashion_mnist,pruning,0.4,11,2,70,0.0007727500051259995,497631232,0.375
fashion_mnist,pruning,0.4,11,2,71,0.0007705839816480875,497631232,0.515625
fashion_mnist,pruning,0.4,11,2,72,0.000791583996033296,497631232,0.40625
fashion_mnist,pruning,0.4,11,2,73,0.0007682499999646097,497631232,0.5234375
fashion_mnist,pruning,0.4,11,2,74,0.0008377080084756017,497631232,0.4453125
fashion_mnist,pruning,0.4,11,2,75,0.0007779589795973152,497631232,0.40625
fashion_mnist,pruning,0.4,11,2,76,0.0007680000271648169,497631232,0.5234375
fashion_mnist,pruning,0.4,11,2,77,0.0007995000050868839,497647616,0.4453125
fashion_mnist,pruning,0.4,11,2,78,0.0007668330217711627,497647616,0.4453125
fashion_mnist,pruning,0.4,11,2,79,0.0007654170040041208,497647616,0.421875
fashion_mnist,pruning,0.4,11,2,80,0.0007811250106897205,497647616,0.4296875
fashion_mnist,pruning,0.4,11,2,81,0.0007639579998794943,497647616,0.390625
fashion_mnist,pruning,0.4,11,2,82,0.0007853749848436564,497647616,0.46875
fashion_mnist,pruning,0.4,11,2,83,0.0007755409751553088,497647616,0.453125
fashion_mnist,pruning,0.4,11,2,84,0.0007517909980379045,497647616,0.4765625
fashion_mnist,pruning,0.4,11,2,85,0.0007546670094598085,497647616,0.40625
fashion_mnist,pruning,0.4,11,2,86,0.0007540420047007501,497647616,0.4296875
fashion_mnist,pruning,0.4,11,2,87,0.0007723339949734509,497647616,0.5234375
fashion_mnist,pruning,0.4,11,2,88,0.0007447499956469983,497647616,0.4140625
fashion_mnist,pruning,0.4,11,2,89,0.0007782500179018825,497647616,0.40625
fashion_mnist,pruning,0.4,11,2,90,0.0007605840219184756,497647616,0.5234375
fashion_mnist,pruning,0.4,11,2,91,0.0007518749916926026,497647616,0.4765625
fashion_mnist,pruning,0.4,11,2,92,0.0007882080099079758,497647616,0.4609375
fashion_mnist,pruning,0.4,11,2,93,0.0007618340023327619,497647616,0.5
fashion_mnist,pruning,0.4,11,2,94,0.0007791669922880828,497647616,0.375
fashion_mnist,pruning,0.4,11,2,95,0.0007515840115956962,497647616,0.46875
fashion_mnist,pruning,0.4,11,2,96,0.0007637910021003336,497647616,0.546875
fashion_mnist,pruning,0.4,11,2,97,0.0007630830223206431,497647616,0.4609375
fashion_mnist,pruning,0.4,11,2,98,0.0007577920041512698,497647616,0.421875
fashion_mnist,pruning,0.4,11,2,99,0.0007379169983323663,497647616,0.4296875
fashion_mnist,pruning,0.4,11,2,100,0.0017310419934801757,497762304,0.453125
fashion_mnist,pruning,0.4,11,2,101,0.0009633330046199262,499056640,0.546875
fashion_mnist,pruning,0.4,11,2,102,0.0008797920017968863,499269632,0.3828125
fashion_mnist,pruning,0.4,11,2,103,0.0012422500003594905,499269632,0.421875
fashion_mnist,pruning,0.4,11,2,104,0.0011217079882044345,499269632,0.4609375
fashion_mnist,pruning,0.4,11,2,105,0.001137584011303261,499269632,0.4765625
fashion_mnist,pruning,0.4,11,2,106,0.001189417002024129,499269632,0.4453125
fashion_mnist,pruning,0.4,11,2,107,0.0008057079976424575,499269632,0.3828125
fashion_mnist,pruning,0.4,11,2,108,0.0007893750153016299,499269632,0.4453125
fashion_mnist,pruning,0.4,11,2,109,0.0008021249959710985,499269632,0.4921875
fashion_mnist,pruning,0.4,11,2,110,0.0007946249970700592,499269632,0.3984375
fashion_mnist,pruning,0.4,11,2,111,0.0007781669846735895,499269632,0.5703125
fashion_mnist,pruning,0.4,11,2,112,0.0007758749998174608,499269632,0.4140625
fashion_mnist,pruning,0.4,11,2,113,0.000768749974668026,499269632,0.4609375
fashion_mnist,pruning,0.4,11,2,114,0.0007410000253003091,499269632,0.4375
fashion_mnist,pruning,0.4,11,2,115,0.000781084003392607,499269632,0.4375
fashion_mnist,pruning,0.4,11,2,116,0.0007573339971713722,499269632,0.5234375
fashion_mnist,pruning,0.4,11,2,117,0.0007642499986104667,499269632,0.5546875
fashion_mnist,pruning,0.4,11,2,118,0.0008536660170648247,499269632,0.453125
fashion_mnist,pruning,0.4,11,2,119,0.0007585830171592534,499269632,0.4453125
fashion_mnist,pruning,0.4,11,2,120,0.0007555420161224902,499269632,0.46875
fashion_mnist,pruning,0.4,11,2,121,0.0007925420068204403,499269632,0.4453125
fashion_mnist,pruning,0.4,11,2,122,0.0007787499926052988,499269632,0.4140625
fashion_mnist,pruning,0.4,11,2,123,0.0007577079813927412,499269632,0.5078125
fashion_mnist,pruning,0.4,11,2,124,0.000753625005017966,499269632,0.5
fashion_mnist,pruning,0.4,11,2,125,0.0007564169936813414,499269632,0.5
fashion_mnist,pruning,0.4,11,2,126,0.0007581670070067048,499269632,0.5234375
fashion_mnist,pruning,0.4,11,2,127,0.0007647919992450625,499269632,0.4453125
fashion_mnist,pruning,0.4,11,2,128,0.0007657079841010273,499269632,0.5546875
fashion_mnist,pruning,0.4,11,2,129,0.0007769590010866523,499269632,0.5078125
fashion_mnist,pruning,0.4,11,2,130,0.0007759580039419234,499269632,0.5390625
fashion_mnist,pruning,0.4,11,2,131,0.0007642499986104667,499269632,0.4375
fashion_mnist,pruning,0.4,11,2,132,0.0008822499949019402,499269632,0.4140625
fashion_mnist,pruning,0.4,11,2,133,0.0007712079968769103,499269632,0.40625
fashion_mnist,pruning,0.4,11,2,134,0.0007617500086780638,499269632,0.4375
fashion_mnist,pruning,0.4,11,2,135,0.0007434999861288816,499269632,0.4453125
fashion_mnist,pruning,0.4,11,2,136,0.0007677910034544766,499269632,0.484375
fashion_mnist,pruning,0.4,11,2,137,0.0007670840132050216,499269632,0.5
fashion_mnist,pruning,0.4,11,2,138,0.0007726250041741878,499269632,0.4140625
fashion_mnist,pruning,0.4,11,2,139,0.0007829999958630651,499269632,0.5
fashion_mnist,pruning,0.4,11,2,140,0.0007620409887749702,499286016,0.5
fashion_mnist,pruning,0.4,11,2,141,0.0007524170214310288,499286016,0.4296875
fashion_mnist,pruning,0.4,11,2,142,0.0007758749998174608,499286016,0.4296875
fashion_mnist,pruning,0.4,11,2,143,0.0007766660128254443,499286016,0.453125
fashion_mnist,pruning,0.4,11,2,144,0.0007675840170122683,499302400,0.4609375
fashion_mnist,pruning,0.4,11,2,145,0.0007562500250060111,499302400,0.5234375
fashion_mnist,pruning,0.4,11,2,146,0.0007992090249899775,499302400,0.4140625
fashion_mnist,pruning,0.4,11,2,147,0.00073516700649634,499302400,0.375
fashion_mnist,pruning,0.4,11,2,148,0.0007527089910581708,499302400,0.46875
fashion_mnist,pruning,0.4,11,2,149,0.000767332996474579,499302400,0.5859375
fashion_mnist,pruning,0.4,11,2,150,0.0007586659921798855,499302400,0.46875
fashion_mnist,pruning,0.4,11,2,151,0.0007428329845424742,499302400,0.453125
fashion_mnist,pruning,0.4,11,2,152,0.0007287499902304262,499302400,0.46875
fashion_mnist,pruning,0.4,11,2,153,0.0007509170100092888,499302400,0.421875
fashion_mnist,pruning,0.4,11,2,154,0.0007762919995002449,499302400,0.421875
fashion_mnist,pruning,0.4,11,2,155,0.00074637500802055,499302400,0.5078125
fashion_mnist,pruning,0.4,11,2,156,0.0007806670037098229,499302400,0.421875
fashion_mnist,pruning,0.4,11,2,157,0.0007618750096298754,499302400,0.421875
fashion_mnist,pruning,0.4,11,2,158,0.0007556249911431223,499302400,0.4296875
fashion_mnist,pruning,0.4,11,2,159,0.0007295419927686453,499302400,0.46875
fashion_mnist,pruning,0.4,11,2,160,0.0007491660071536899,499302400,0.5546875
fashion_mnist,pruning,0.4,11,2,161,0.000755083019612357,499302400,0.5
fashion_mnist,pruning,0.4,11,2,162,0.0007716669933870435,499302400,0.4296875
fashion_mnist,pruning,0.4,11,2,163,0.00074712501373142,499302400,0.4765625
fashion_mnist,pruning,0.4,11,2,164,0.0007641660049557686,499302400,0.375
fashion_mnist,pruning,0.4,11,2,165,0.0007351249805651605,499302400,0.46875
fashion_mnist,pruning,0.4,11,2,166,0.0007588750158902258,499302400,0.5
fashion_mnist,pruning,0.4,11,2,167,0.0007617079827468842,499302400,0.484375
fashion_mnist,pruning,0.4,11,2,168,0.0007461660134140402,499302400,0.5078125
fashion_mnist,pruning,0.4,11,2,169,0.0007309169741347432,499302400,0.4609375
fashion_mnist,pruning,0.4,11,2,170,0.0007294169918168336,499302400,0.4375
fashion_mnist,pruning,0.4,11,2,171,0.0007508750131819397,499302400,0.4765625
fashion_mnist,pruning,0.4,11,2,172,0.0007600419921800494,499302400,0.46875
fashion_mnist,pruning,0.4,11,2,173,0.0007605409773532301,499302400,0.390625
fashion_mnist,pruning,0.4,11,2,174,0.0007131249876692891,499302400,0.3984375
fashion_mnist,pruning,0.4,11,2,175,0.0007737920095678419,499302400,0.484375
fashion_mnist,pruning,0.4,11,2,176,0.0007272500079125166,499302400,0.4375
fashion_mnist,pruning,0.4,11,2,177,0.0007783330220263451,499302400,0.5
fashion_mnist,pruning,0.4,11,2,178,0.0007527080015279353,499302400,0.4453125
fashion_mnist,pruning,0.4,11,2,179,0.0007433750142809004,499302400,0.4609375
fashion_mnist,pruning,0.4,11,2,180,0.0007624580175615847,499302400,0.4609375
fashion_mnist,pruning,0.4,11,2,181,0.0007544170075561851,499302400,0.4921875
fashion_mnist,pruning,0.4,11,2,182,0.0007595829956699163,499302400,0.4140625
fashion_mnist,pruning,0.4,11,2,183,0.0007643339922651649,499302400,0.515625
fashion_mnist,pruning,0.4,11,2,184,0.0007972499879542738,499302400,0.484375
fashion_mnist,pruning,0.4,11,2,185,0.00077495799632743,499302400,0.4609375
fashion_mnist,pruning,0.4,11,2,186,0.0007456660096067935,499302400,0.453125
fashion_mnist,pruning,0.4,11,2,187,0.0007301669975277036,499302400,0.4453125
fashion_mnist,pruning,0.4,11,2,188,0.0007390420068986714,499302400,0.5390625
fashion_mnist,pruning,0.4,11,2,189,0.0007377499714493752,499302400,0.5234375
fashion_mnist,pruning,0.4,11,2,190,0.0007436250161845237,499302400,0.453125
fashion_mnist,pruning,0.4,11,2,191,0.0007587079890072346,499302400,0.5234375
fashion_mnist,pruning,0.4,11,2,192,0.0007288749911822379,499302400,0.328125
fashion_mnist,pruning,0.4,11,2,193,0.0007317500130739063,499302400,0.4609375
fashion_mnist,pruning,0.4,11,2,194,0.0007273750088643283,499302400,0.4453125
fashion_mnist,pruning,0.4,11,2,195,0.0007486250251531601,499302400,0.4453125
fashion_mnist,pruning,0.4,11,2,196,0.0007371249957941473,499302400,0.4921875
fashion_mnist,pruning,0.4,11,2,197,0.0007359580195043236,499302400,0.5
fashion_mnist,pruning,0.4,11,2,198,0.0007225830049719661,499302400,0.46875
fashion_mnist,pruning,0.4,11,2,199,0.0007342910103034228,499302400,0.40625
fashion_mnist,pruning,0.4,11,2,200,0.000752874999307096,499302400,0.390625
fashion_mnist,pruning,0.4,11,2,201,0.0007443330250680447,499302400,0.5
fashion_mnist,pruning,0.4,11,2,202,0.0007205419824458659,499302400,0.4296875
fashion_mnist,pruning,0.4,11,2,203,0.0008227920043282211,499302400,0.421875
fashion_mnist,pruning,0.4,11,2,204,0.0007501249783672392,499302400,0.4921875
fashion_mnist,pruning,0.4,11,2,205,0.0007635829970240593,499302400,0.4140625
fashion_mnist,pruning,0.4,11,2,206,0.0007534169999416918,499302400,0.484375
fashion_mnist,pruning,0.4,11,2,207,0.0007472919824067503,499302400,0.390625
fashion_mnist,pruning,0.4,11,2,208,0.0007884159858804196,499302400,0.3359375
fashion_mnist,pruning,0.4,11,2,209,0.000736625021090731,499302400,0.453125
fashion_mnist,pruning,0.4,11,2,210,0.0007414169958792627,499302400,0.4296875
fashion_mnist,pruning,0.4,11,2,211,0.000743458018405363,499302400,0.4609375
fashion_mnist,pruning,0.4,11,2,212,0.0007743749883957207,499302400,0.4609375
fashion_mnist,pruning,0.4,11,2,213,0.000773124978877604,499302400,0.359375
fashion_mnist,pruning,0.4,11,2,214,0.0007487089897040278,499302400,0.3671875
fashion_mnist,pruning,0.4,11,2,215,0.0007702090078964829,499302400,0.5390625
fashion_mnist,pruning,0.4,11,2,216,0.0007719160057604313,499302400,0.4453125
fashion_mnist,pruning,0.4,11,2,217,0.0007584579871036112,499302400,0.4140625
fashion_mnist,pruning,0.4,11,2,218,0.0007512919837608933,499302400,0.421875
fashion_mnist,pruning,0.4,11,2,219,0.0007519579958170652,499302400,0.40625
fashion_mnist,pruning,0.4,11,2,220,0.000760833005188033,499302400,0.546875
fashion_mnist,pruning,0.4,11,2,221,0.0007324170146603137,499302400,0.4453125
fashion_mnist,pruning,0.4,11,2,222,0.0008638750005047768,499302400,0.484375
fashion_mnist,pruning,0.4,11,2,223,0.0007498330087400973,499302400,0.4609375
fashion_mnist,pruning,0.4,11,2,224,0.0007484579982701689,499302400,0.40625
fashion_mnist,pruning,0.4,11,2,225,0.0007742920133750886,499302400,0.4375
fashion_mnist,pruning,0.4,11,2,226,0.0007612089975737035,499302400,0.5078125
fashion_mnist,pruning,0.4,11,2,227,0.0007413339917548001,499302400,0.421875
fashion_mnist,pruning,0.4,11,2,228,0.0007450830016750842,499302400,0.4609375
fashion_mnist,pruning,0.4,11,2,229,0.0007663750147912651,499302400,0.4765625
fashion_mnist,pruning,0.4,11,2,230,0.0007582500111311674,499302400,0.4609375
fashion_mnist,pruning,0.4,11,2,231,0.0007495419995393604,499302400,0.5078125
fashion_mnist,pruning,0.4,11,2,232,0.0007764170004520565,499302400,0.484375
fashion_mnist,pruning,0.4,11,2,233,0.0007638749957550317,499302400,0.5078125
fashion_mnist,pruning,0.4,11,2,234,0.0007641669944860041,499302400,0.4453125
fashion_mnist,pruning,0.4,11,2,235,0.00078616599785164,499302400,0.5
fashion_mnist,pruning,0.4,11,2,236,0.0007478329935111105,499302400,0.4375
fashion_mnist,pruning,0.4,11,2,237,0.0007593750196974725,499302400,0.46875
fashion_mnist,pruning,0.4,11,2,238,0.0007546670094598085,499302400,0.53125
fashion_mnist,pruning,0.4,11,2,239,0.0008219589944928885,499302400,0.46875
fashion_mnist,pruning,0.4,11,2,240,0.0007653330103494227,499302400,0.421875
fashion_mnist,pruning,0.4,11,2,241,0.0007477499893866479,499302400,0.46875
fashion_mnist,pruning,0.4,11,2,242,0.0007522920204792172,499302400,0.4765625
fashion_mnist,pruning,0.4,11,2,243,0.0007514579920098186,499302400,0.46875
fashion_mnist,pruning,0.4,11,2,244,0.0007310420041903853,499302400,0.4453125
fashion_mnist,pruning,0.4,11,2,245,0.0007321250159293413,499302400,0.453125
fashion_mnist,pruning,0.4,11,2,246,0.0007482499931938946,499302400,0.390625
fashion_mnist,pruning,0.4,11,2,247,0.0007779999868944287,499302400,0.5234375
fashion_mnist,pruning,0.4,11,2,248,0.0007324580219574273,499302400,0.4140625
fashion_mnist,pruning,0.4,11,2,249,0.0007565840205643326,499302400,0.4921875
fashion_mnist,pruning,0.4,11,2,250,0.0007537909841630608,499302400,0.4765625
fashion_mnist,pruning,0.4,11,2,251,0.0007570409798063338,499302400,0.4765625
fashion_mnist,pruning,0.4,11,2,252,0.0007621670083608478,499302400,0.5390625
fashion_mnist,pruning,0.4,11,2,253,0.000754666980355978,499302400,0.5234375
fashion_mnist,pruning,0.4,11,2,254,0.00076149997767061,499302400,0.390625
fashion_mnist,pruning,0.4,11,2,255,0.0007656670059077442,499302400,0.484375
fashion_mnist,pruning,0.4,11,2,256,0.0008761670032981783,499302400,0.4296875
fashion_mnist,pruning,0.4,11,2,257,0.0007510420109611005,499302400,0.5078125
fashion_mnist,pruning,0.4,11,2,258,0.0007451660057995468,499302400,0.4765625
fashion_mnist,pruning,0.4,11,2,259,0.0007552919851150364,499302400,0.453125
fashion_mnist,pruning,0.4,11,2,260,0.0007364159973803908,499302400,0.484375
fashion_mnist,pruning,0.4,11,2,261,0.0007504999812226743,499302400,0.4609375
fashion_mnist,pruning,0.4,11,2,262,0.0007707499898970127,499302400,0.4609375
fashion_mnist,pruning,0.4,11,2,263,0.0007602080004289746,499302400,0.5078125
fashion_mnist,pruning,0.4,11,2,264,0.0007665419834665954,499302400,0.4765625
fashion_mnist,pruning,0.4,11,2,265,0.0007562919927295297,499302400,0.515625
fashion_mnist,pruning,0.4,11,2,266,0.0007547919813077897,499302400,0.4609375
fashion_mnist,pruning,0.4,11,2,267,0.0007715419924352318,499302400,0.4921875
fashion_mnist,pruning,0.4,11,2,268,0.0007517909980379045,499302400,0.4140625
fashion_mnist,pruning,0.4,11,2,269,0.0007777920109219849,499302400,0.5546875
fashion_mnist,pruning,0.4,11,2,270,0.0007625000143889338,499302400,0.4453125
fashion_mnist,pruning,0.4,11,2,271,0.0007455000013578683,499302400,0.4375
fashion_mnist,pruning,0.4,11,2,272,0.0007294169918168336,499302400,0.4609375
fashion_mnist,pruning,0.4,11,2,273,0.0008695829892531037,499302400,0.484375
fashion_mnist,pruning,0.4,11,2,274,0.0007746249902993441,499302400,0.4765625
fashion_mnist,pruning,0.4,11,2,275,0.0007545829867012799,499302400,0.5078125
fashion_mnist,pruning,0.4,11,2,276,0.0007365409983322024,499302400,0.5
fashion_mnist,pruning,0.4,11,2,277,0.0007684169977437705,499302400,0.46875
fashion_mnist,pruning,0.4,11,2,278,0.0007818749872967601,499302400,0.453125
fashion_mnist,pruning,0.4,11,2,279,0.0007907089893706143,499302400,0.4453125
fashion_mnist,pruning,0.4,11,2,280,0.0007650000043213367,499302400,0.4609375
fashion_mnist,pruning,0.4,11,2,281,0.0007574580085929483,499302400,0.4921875
fashion_mnist,pruning,0.4,11,2,282,0.0007777500140946358,499302400,0.4609375
fashion_mnist,pruning,0.4,11,2,283,0.000748499995097518,499302400,0.4453125
fashion_mnist,pruning,0.4,11,2,284,0.0007678330002818257,499302400,0.5078125
fashion_mnist,pruning,0.4,11,2,285,0.000771666003856808,499302400,0.5234375
fashion_mnist,pruning,0.4,11,2,286,0.0007263750012498349,499302400,0.4296875
fashion_mnist,pruning,0.4,11,2,287,0.0007314170070458204,499302400,0.3984375
fashion_mnist,pruning,0.4,11,2,288,0.0007322499877773225,499302400,0.4140625
fashion_mnist,pruning,0.4,11,2,289,0.0007639579998794943,499302400,0.4453125
fashion_mnist,pruning,0.4,11,2,290,0.0007645000005140901,499253248,0.453125
fashion_mnist,pruning,0.4,11,2,291,0.0007742920133750886,499253248,0.40625
fashion_mnist,pruning,0.4,11,2,292,0.0007704170129727572,499253248,0.4453125
fashion_mnist,pruning,0.4,11,2,293,0.0007708340126555413,499253248,0.453125
fashion_mnist,pruning,0.4,11,2,294,0.000778207991970703,499253248,0.4375
fashion_mnist,pruning,0.4,11,2,295,0.0007263339939527214,499253248,0.4609375
fashion_mnist,pruning,0.4,11,2,296,0.0007634579960722476,499253248,0.46875
fashion_mnist,pruning,0.4,11,2,297,0.0007523339882027358,499253248,0.484375
fashion_mnist,pruning,0.4,11,2,298,0.000828874995931983,499253248,0.46875
fashion_mnist,pruning,0.4,11,2,299,0.000757250003516674,499253248,0.515625
fashion_mnist,pruning,0.4,11,2,300,0.0007833330018911511,499253248,0.5
fashion_mnist,pruning,0.4,11,2,301,0.000838999985717237,499253248,0.4921875
fashion_mnist,pruning,0.4,11,2,302,0.0007575000054202974,499253248,0.5078125
fashion_mnist,pruning,0.4,11,2,303,0.0007251659990288317,499253248,0.484375
fashion_mnist,pruning,0.4,11,2,304,0.0007534160104114562,499253248,0.5234375
fashion_mnist,pruning,0.4,11,2,305,0.0007630830223206431,499253248,0.4140625
fashion_mnist,pruning,0.4,11,2,306,0.0007545840053353459,499253248,0.4453125
fashion_mnist,pruning,0.4,11,2,307,0.0007756249979138374,499253248,0.4765625
fashion_mnist,pruning,0.4,11,2,308,0.0007679999980609864,499253248,0.3671875
fashion_mnist,pruning,0.4,11,2,309,0.0007664170116186142,499253248,0.421875
fashion_mnist,pruning,0.4,11,2,310,0.0007830410031601787,499253248,0.546875
fashion_mnist,pruning,0.4,11,2,311,0.0007787919894326478,499253248,0.4609375
fashion_mnist,pruning,0.4,11,2,312,0.0007600419921800494,499253248,0.484375
fashion_mnist,pruning,0.4,11,2,313,0.0007636660011485219,499253248,0.5234375
fashion_mnist,pruning,0.4,11,2,314,0.0007476249884348363,499253248,0.515625
fashion_mnist,pruning,0.4,11,2,315,0.0008219169976655394,499253248,0.421875
fashion_mnist,pruning,0.4,11,2,316,0.0007780000159982592,499253248,0.4921875
fashion_mnist,pruning,0.4,11,2,317,0.0007430000114254653,499253248,0.4296875
fashion_mnist,pruning,0.4,11,2,318,0.00076224998338148,499253248,0.484375
fashion_mnist,pruning,0.4,11,2,319,0.0007598340162076056,499253248,0.4765625
fashion_mnist,pruning,0.4,11,2,320,0.0007232909847516567,499253248,0.453125
fashion_mnist,pruning,0.4,11,2,321,0.0007480840140487999,499253248,0.4375
fashion_mnist,pruning,0.4,11,2,322,0.0007255419914145023,499253248,0.3671875
fashion_mnist,pruning,0.4,11,2,323,0.0007591249886900187,499253248,0.34375
fashion_mnist,pruning,0.4,11,2,324,0.0007415830041281879,499253248,0.4609375
fashion_mnist,pruning,0.4,11,2,325,0.0007496670004911721,499253248,0.578125
fashion_mnist,pruning,0.4,11,2,326,0.0007650000043213367,499253248,0.4609375
fashion_mnist,pruning,0.4,11,2,327,0.0007708749908488244,499253248,0.46875
fashion_mnist,pruning,0.4,11,2,328,0.0007367090147454292,499253248,0.4375
fashion_mnist,pruning,0.4,11,2,329,0.0008360000210814178,499253248,0.421875
fashion_mnist,pruning,0.4,11,2,330,0.000765583012253046,499253248,0.5078125
fashion_mnist,pruning,0.4,11,2,331,0.0007696250104345381,499253248,0.5078125
fashion_mnist,pruning,0.4,11,2,332,0.0007339580042753369,499253248,0.4609375
fashion_mnist,pruning,0.4,11,2,333,0.0007455000013578683,499253248,0.4765625
fashion_mnist,pruning,0.4,11,2,334,0.0007544590043835342,499269632,0.515625
fashion_mnist,pruning,0.4,11,2,335,0.0007479169871658087,499269632,0.4375
fashion_mnist,pruning,0.4,11,2,336,0.0007678749971091747,499269632,0.53125
fashion_mnist,pruning,0.4,11,2,337,0.0007548749854322523,499269632,0.4921875
fashion_mnist,pruning,0.4,11,2,338,0.0007685419986955822,499269632,0.421875
fashion_mnist,pruning,0.4,11,2,339,0.0007597090152557939,499269632,0.421875
fashion_mnist,pruning,0.4,11,2,340,0.0007424590003211051,499269632,0.40625
fashion_mnist,pruning,0.4,11,2,341,0.0007634999928995967,499269632,0.453125
fashion_mnist,pruning,0.4,11,2,342,0.0007617500086780638,499269632,0.5625
fashion_mnist,pruning,0.4,11,2,343,0.000765208009397611,499269632,0.484375
fashion_mnist,pruning,0.4,11,2,344,0.0007635419897269458,499269632,0.5
fashion_mnist,pruning,0.4,11,2,345,0.0007567080028820783,499269632,0.484375
fashion_mnist,pruning,0.4,11,2,346,0.0007794589910190552,499269632,0.5
fashion_mnist,pruning,0.4,11,2,347,0.0007478750194422901,499269632,0.4375
fashion_mnist,pruning,0.4,11,2,348,0.0007539160142187029,499269632,0.5078125
fashion_mnist,pruning,0.4,11,2,349,0.0007426670053973794,499269632,0.4609375
fashion_mnist,pruning,0.4,11,2,350,0.0007480829954147339,499269632,0.40625
fashion_mnist,pruning,0.4,11,2,351,0.0007408329984173179,499269632,0.5
fashion_mnist,pruning,0.4,11,2,352,0.0007497080077882856,499269632,0.5703125
fashion_mnist,pruning,0.4,11,2,353,0.0007462499779649079,499269632,0.46875
fashion_mnist,pruning,0.4,11,2,354,0.0007617499795742333,499269632,0.515625
fashion_mnist,pruning,0.4,11,2,355,0.0007630829932168126,499269632,0.453125
fashion_mnist,pruning,0.4,11,2,356,0.0007418750028591603,499269632,0.546875
fashion_mnist,pruning,0.4,11,2,357,0.0007277499826159328,499269632,0.5859375
fashion_mnist,pruning,0.4,11,2,358,0.000755374989239499,499269632,0.40625
fashion_mnist,pruning,0.4,11,2,359,0.000743458978831768,499269632,0.46875
fashion_mnist,pruning,0.4,11,2,360,0.000810041994554922,499269632,0.4453125
fashion_mnist,pruning,0.4,11,2,361,0.0007472500146832317,499269632,0.453125
fashion_mnist,pruning,0.4,11,2,362,0.0007650410116184503,499269632,0.515625
fashion_mnist,pruning,0.4,11,2,363,0.0007497920014429837,499269632,0.4453125
fashion_mnist,pruning,0.4,11,2,364,0.0007631660264451057,499269632,0.515625
fashion_mnist,pruning,0.4,11,2,365,0.0007512499869335443,499269632,0.4453125
fashion_mnist,pruning,0.4,11,2,366,0.0007392090046778321,499269632,0.4140625
fashion_mnist,pruning,0.4,11,2,367,0.0007531659794040024,499269632,0.4453125
fashion_mnist,pruning,0.4,11,2,368,0.0007379169983323663,499269632,0.4296875
fashion_mnist,pruning,0.4,11,2,369,0.0007376249996013939,499269632,0.53125
fashion_mnist,pruning,0.4,11,2,370,0.0007534160104114562,499269632,0.46875
fashion_mnist,pruning,0.4,11,2,371,0.0007754590187687427,499269632,0.4765625
fashion_mnist,pruning,0.4,11,2,372,0.0011357089970260859,499269632,0.484375
fashion_mnist,pruning,0.4,11,2,373,0.0007468340045306832,499269632,0.515625
fashion_mnist,pruning,0.4,11,2,374,0.0007429590041283518,499269632,0.5390625
fashion_mnist,pruning,0.4,11,2,375,0.0007444579969160259,499269632,0.5234375
fashion_mnist,pruning,0.4,11,2,376,0.0007837500015739352,499269632,0.46875
fashion_mnist,pruning,0.4,11,2,377,0.0007670830236747861,499269632,0.4375
fashion_mnist,pruning,0.4,11,2,378,0.000793042010627687,499269632,0.4140625
fashion_mnist,pruning,0.4,11,2,379,0.0007672079955227673,499269632,0.5625
fashion_mnist,pruning,0.4,11,2,380,0.0007878750038798898,499269632,0.4140625
fashion_mnist,pruning,0.4,11,2,381,0.0007654160144738853,499269632,0.4921875
fashion_mnist,pruning,0.4,11,2,382,0.0007585830171592534,499269632,0.5546875
fashion_mnist,pruning,0.4,11,2,383,0.0007622500124853104,499269632,0.453125
fashion_mnist,pruning,0.4,11,2,384,0.0007297919946722686,499269632,0.4375
fashion_mnist,pruning,0.4,11,2,385,0.0007820830214768648,499269632,0.4453125
fashion_mnist,pruning,0.4,11,2,386,0.0007325420156121254,499269632,0.4140625
fashion_mnist,pruning,0.4,11,2,387,0.0007449580007232726,499269632,0.4296875
fashion_mnist,pruning,0.4,11,2,388,0.0007979160000104457,499269632,0.5
fashion_mnist,pruning,0.4,11,2,389,0.0007497089973185211,499269632,0.515625
fashion_mnist,pruning,0.4,11,2,390,0.0007764580077491701,499269632,0.484375
fashion_mnist,pruning,0.4,11,2,391,0.0007495830068364739,499286016,0.4375
fashion_mnist,pruning,0.4,11,2,392,0.0007624170102644712,499286016,0.4375
fashion_mnist,pruning,0.4,11,2,393,0.0007357920112553984,499286016,0.5390625
fashion_mnist,pruning,0.4,11,2,394,0.000778582994826138,499286016,0.4453125
fashion_mnist,pruning,0.4,11,2,395,0.0007715839892625809,499286016,0.53125
fashion_mnist,pruning,0.4,11,2,396,0.0007554579933639616,499286016,0.4609375
fashion_mnist,pruning,0.4,11,2,397,0.0007784999907016754,499286016,0.4765625
fashion_mnist,pruning,0.4,11,2,398,0.000734750006813556,499286016,0.5078125
fashion_mnist,pruning,0.4,11,2,399,0.00087704200996086,499286016,0.4453125
fashion_mnist,pruning,0.4,11,2,400,0.0007784999907016754,499286016,0.5078125
fashion_mnist,pruning,0.4,11,2,401,0.000757958012400195,499286016,0.4453125
fashion_mnist,pruning,0.4,11,2,402,0.0007866660016588867,499286016,0.4921875
fashion_mnist,pruning,0.4,11,2,403,0.0007855410221964121,499286016,0.3984375
fashion_mnist,pruning,0.4,11,2,404,0.0007660840055905282,499286016,0.484375
fashion_mnist,pruning,0.4,11,2,405,0.0007580840028822422,499286016,0.46875
fashion_mnist,pruning,0.4,11,2,406,0.0007749159995000809,499286016,0.5078125
fashion_mnist,pruning,0.4,11,2,407,0.0007590000168420374,499286016,0.390625
fashion_mnist,pruning,0.4,11,2,408,0.0007585840066894889,499286016,0.5234375
fashion_mnist,pruning,0.4,11,2,409,0.0007580420060548931,499286016,0.46875
fashion_mnist,pruning,0.4,11,2,410,0.0007554999901913106,499286016,0.484375
fashion_mnist,pruning,0.4,11,2,411,0.0007529169961344451,499286016,0.515625
fashion_mnist,pruning,0.4,11,2,412,0.0007197080121841282,499286016,0.40625
fashion_mnist,pruning,0.4,11,2,413,0.0008786249964032322,499286016,0.4609375
fashion_mnist,pruning,0.4,11,2,414,0.0007483340159524232,499286016,0.390625
fashion_mnist,pruning,0.4,11,2,415,0.0007492080039810389,499286016,0.5234375
fashion_mnist,pruning,0.4,11,2,416,0.0007625420112162828,499286016,0.515625
fashion_mnist,pruning,0.4,11,2,417,0.0007438749889843166,499286016,0.5390625
fashion_mnist,pruning,0.4,11,2,418,0.0007467090035788715,499286016,0.421875
fashion_mnist,pruning,0.4,11,2,419,0.0007548750145360827,499286016,0.5078125
fashion_mnist,pruning,0.4,11,2,420,0.0007454580045305192,499286016,0.4296875
fashion_mnist,pruning,0.4,11,2,421,0.0007395840075332671,499286016,0.4921875
fashion_mnist,pruning,0.4,11,2,422,0.0007403329946100712,499286016,0.484375
fashion_mnist,pruning,0.4,11,2,423,0.0007357090071309358,499286016,0.484375
fashion_mnist,pruning,0.4,11,2,424,0.0007473329897038639,499286016,0.3984375
fashion_mnist,pruning,0.4,11,2,425,0.0007593750196974725,499286016,0.46875
fashion_mnist,pruning,0.4,11,2,426,0.0007552499882876873,499286016,0.515625
fashion_mnist,pruning,0.4,11,2,427,0.0007511249859817326,499286016,0.46875
fashion_mnist,pruning,0.4,11,2,428,0.0007428749813698232,499286016,0.4296875
fashion_mnist,pruning,0.4,11,2,429,0.000746708014048636,499286016,0.5234375
fashion_mnist,pruning,0.4,11,2,430,0.0008661249885335565,499286016,0.4296875
fashion_mnist,pruning,0.4,11,2,431,0.000756499997805804,499286016,0.4453125
fashion_mnist,pruning,0.4,11,2,432,0.0007447499956469983,499286016,0.375
fashion_mnist,pruning,0.4,11,2,433,0.0007494580058846623,499286016,0.5
fashion_mnist,pruning,0.4,11,2,434,0.0007849590037949383,499286016,0.4140625
fashion_mnist,pruning,0.4,11,2,435,0.0007524589891545475,499286016,0.484375
fashion_mnist,pruning,0.4,11,2,436,0.0007661670097149909,499286016,0.4375
fashion_mnist,pruning,0.4,11,2,437,0.000744541990570724,499286016,0.546875
fashion_mnist,pruning,0.4,11,2,438,0.0007792499964125454,499286016,0.4453125
fashion_mnist,pruning,0.4,11,2,439,0.0007629160245414823,499286016,0.5078125
fashion_mnist,pruning,0.4,11,2,440,0.0007537079800385982,499286016,0.4296875
fashion_mnist,pruning,0.4,11,2,441,0.000760833005188033,499286016,0.4765625
fashion_mnist,pruning,0.4,11,2,442,0.0007482919900212437,499286016,0.4921875
fashion_mnist,pruning,0.4,11,2,443,0.0007486670219805092,499286016,0.5
fashion_mnist,pruning,0.4,11,2,444,0.0007652909844182432,499286016,0.4375
fashion_mnist,pruning,0.4,11,2,445,0.0007847499800845981,499286016,0.453125
fashion_mnist,pruning,0.4,11,2,446,0.0007584999839309603,499286016,0.4765625
fashion_mnist,pruning,0.4,11,2,447,0.0007733330130577087,499286016,0.390625
fashion_mnist,pruning,0.4,11,2,448,0.0007675829983782023,499286016,0.4921875
fashion_mnist,pruning,0.4,11,2,449,0.00074637500802055,499286016,0.4921875
fashion_mnist,pruning,0.4,11,2,450,0.0007760000007692724,499286016,0.4140625
fashion_mnist,pruning,0.4,11,2,451,0.0007664579898118973,499286016,0.375
fashion_mnist,pruning,0.4,11,2,452,0.0007665000157430768,499286016,0.4609375
fashion_mnist,pruning,0.4,11,2,453,0.0007547910208813846,499286016,0.4765625
fashion_mnist,pruning,0.4,11,2,454,0.0007679580012336373,499286016,0.46875
fashion_mnist,pruning,0.4,11,2,455,0.0007819170132279396,499286016,0.4375
fashion_mnist,pruning,0.4,11,2,456,0.0007397500157821923,499302400,0.4375
fashion_mnist,pruning,0.4,11,2,457,0.000753583008190617,499302400,0.3671875
fashion_mnist,pruning,0.4,11,2,458,0.0007597919902764261,499302400,0.4375
fashion_mnist,pruning,0.4,11,2,459,0.0007627090089954436,499302400,0.453125
fashion_mnist,pruning,0.4,11,2,460,0.0007547079876530915,499302400,0.4296875
fashion_mnist,pruning,0.4,11,2,461,0.0007710829959250987,499302400,0.4375
fashion_mnist,pruning,0.4,11,2,462,0.0007476250175386667,499302400,0.484375
fashion_mnist,pruning,0.4,11,2,463,0.0007358330185525119,499302400,0.484375
fashion_mnist,pruning,0.4,11,2,464,0.0008881670073606074,499302400,0.46875
fashion_mnist,pruning,0.4,11,2,465,0.0007677089888602495,499302400,0.4296875
fashion_mnist,pruning,0.4,11,2,466,0.0007552090100944042,499302400,0.5078125
fashion_mnist,pruning,0.4,11,2,467,0.0007554589828941971,499302400,0.40625
fashion_mnist,pruning,0.4,11,2,468,0.0008037090010475367,499302400,0.5
fashion_mnist,pruning,0.4,11,3,0,0.000849916017614305,499318784,0.4453125
fashion_mnist,pruning,0.4,11,3,1,0.0008492500055581331,499318784,0.4296875
fashion_mnist,pruning,0.4,11,3,2,0.000760875002015382,499318784,0.4921875
fashion_mnist,pruning,0.4,11,3,3,0.0007910839922260493,499335168,0.4453125
fashion_mnist,pruning,0.4,11,3,4,0.0007582909893244505,499335168,0.4453125
fashion_mnist,pruning,0.4,11,3,5,0.0007596659997943789,499335168,0.484375
fashion_mnist,pruning,0.4,11,3,6,0.0007867919921409339,499335168,0.4453125
fashion_mnist,pruning,0.4,11,3,7,0.0007522499945480376,499335168,0.46875
fashion_mnist,pruning,0.4,11,3,8,0.0007743750174995512,499335168,0.4453125
fashion_mnist,pruning,0.4,11,3,9,0.0007824999920558184,499335168,0.4375
fashion_mnist,pruning,0.4,11,3,10,0.0007740419823676348,499335168,0.4609375
fashion_mnist,pruning,0.4,11,3,11,0.0007578750082757324,499335168,0.46875
fashion_mnist,pruning,0.4,11,3,12,0.0007775830163154751,499335168,0.5078125
fashion_mnist,pruning,0.4,11,3,13,0.0007871249981690198,499335168,0.4453125
fashion_mnist,pruning,0.4,11,3,14,0.0007143330003600568,499335168,0.3515625
fashion_mnist,pruning,0.4,11,3,15,0.0007731250079814345,499335168,0.453125
fashion_mnist,pruning,0.4,11,3,16,0.0007627500162925571,499335168,0.40625
fashion_mnist,pruning,0.4,11,3,17,0.0007773339748382568,499335168,0.4140625
fashion_mnist,pruning,0.4,11,3,18,0.0007459170010406524,499335168,0.578125
fashion_mnist,pruning,0.4,11,3,19,0.0007725420000497252,499335168,0.5
fashion_mnist,pruning,0.4,11,3,20,0.0009151669801212847,499335168,0.5078125
fashion_mnist,pruning,0.4,11,3,21,0.0007578329823445529,499335168,0.375
fashion_mnist,pruning,0.4,11,3,22,0.0007250829949043691,499335168,0.515625
fashion_mnist,pruning,0.4,11,3,23,0.0007841660117264837,499335168,0.515625
fashion_mnist,pruning,0.4,11,3,24,0.0007492089935112745,499335168,0.515625
fashion_mnist,pruning,0.4,11,3,25,0.0007714170205872506,499335168,0.5625
fashion_mnist,pruning,0.4,11,3,26,0.0007746249902993441,499335168,0.515625
fashion_mnist,pruning,0.4,11,3,27,0.0007602910045534372,499335168,0.453125
fashion_mnist,pruning,0.4,11,3,28,0.0007878329779487103,499335168,0.4453125
fashion_mnist,pruning,0.4,11,3,29,0.0007543750107288361,499335168,0.4140625
fashion_mnist,pruning,0.4,11,3,30,0.0007621250115334988,499335168,0.546875
fashion_mnist,pruning,0.4,11,3,31,0.000760082999477163,499335168,0.4375
fashion_mnist,pruning,0.4,11,3,32,0.0007714999956078827,499335168,0.515625
fashion_mnist,pruning,0.4,11,3,33,0.0007717499975115061,499335168,0.421875
fashion_mnist,pruning,0.4,11,3,34,0.0007539579819422215,499335168,0.4765625
fashion_mnist,pruning,0.4,11,3,35,0.0007397079898510128,499335168,0.453125
fashion_mnist,pruning,0.4,11,3,36,0.0007712919905316085,499335168,0.40625
fashion_mnist,pruning,0.4,11,3,37,0.0007798330043442547,499335168,0.4609375
fashion_mnist,pruning,0.4,11,3,38,0.0007678339898120612,499335168,0.4609375
fashion_mnist,pruning,0.4,11,3,39,0.0007564160041511059,499335168,0.484375
fashion_mnist,pruning,0.4,11,3,40,0.0007565000269096345,499335168,0.4140625
fashion_mnist,pruning,0.4,11,3,41,0.0007420829788316041,499335168,0.5
fashion_mnist,pruning,0.4,11,3,42,0.0007626669830642641,499335168,0.4140625
fashion_mnist,pruning,0.4,11,3,43,0.0007748340140096843,499335168,0.4921875
fashion_mnist,pruning,0.4,11,3,44,0.0007682919967919588,499335168,0.4140625
fashion_mnist,pruning,0.4,11,3,45,0.0007739170105196536,499335168,0.484375
fashion_mnist,pruning,0.4,11,3,46,0.0007620419783052057,499335168,0.5
fashion_mnist,pruning,0.4,11,3,47,0.000759416026994586,499351552,0.4140625
fashion_mnist,pruning,0.4,11,3,48,0.0007638749957550317,499351552,0.515625
fashion_mnist,pruning,0.4,11,3,49,0.0007239580154418945,499351552,0.5546875
fashion_mnist,pruning,0.4,11,3,50,0.0007453330035787076,499351552,0.5234375
fashion_mnist,pruning,0.4,11,3,51,0.000760833005188033,499351552,0.46875
fashion_mnist,pruning,0.4,11,3,52,0.0007572920003440231,499351552,0.4375
fashion_mnist,pruning,0.4,11,3,53,0.0007259999983943999,499351552,0.453125
fashion_mnist,pruning,0.4,11,3,54,0.0008712499984540045,499351552,0.4453125
fashion_mnist,pruning,0.4,11,3,55,0.000777124980231747,499351552,0.5390625
fashion_mnist,pruning,0.4,11,3,56,0.0007599579985253513,499351552,0.4140625
fashion_mnist,pruning,0.4,11,3,57,0.0007506659894715995,499351552,0.484375
fashion_mnist,pruning,0.4,11,3,58,0.0007679999980609864,499351552,0.4296875
fashion_mnist,pruning,0.4,11,3,59,0.0007633340137545019,499351552,0.59375
fashion_mnist,pruning,0.4,11,3,60,0.0007523329986725003,499351552,0.40625
fashion_mnist,pruning,0.4,11,3,61,0.0007649170001968741,499351552,0.4921875
fashion_mnist,pruning,0.4,11,3,62,0.0007413749990519136,499351552,0.4765625
fashion_mnist,pruning,0.4,11,3,63,0.000735542009351775,499351552,0.515625
fashion_mnist,pruning,0.4,11,3,64,0.000762624986236915,499351552,0.4609375
fashion_mnist,pruning,0.4,11,3,65,0.0007672499923501164,499351552,0.46875
fashion_mnist,pruning,0.4,11,3,66,0.0007457090250682086,499351552,0.40625
fashion_mnist,pruning,0.4,11,3,67,0.0007396250148303807,499351552,0.4296875
fashion_mnist,pruning,0.4,11,3,68,0.0007489999989047647,499351552,0.4140625
fashion_mnist,pruning,0.4,11,3,69,0.0007675410015508533,499351552,0.484375
fashion_mnist,pruning,0.4,11,3,70,0.0007140419911593199,499351552,0.2890625
fashion_mnist,pruning,0.4,11,3,71,0.0007420830079354346,499351552,0.3828125
fashion_mnist,pruning,0.4,11,3,72,0.0007454579754266888,499351552,0.484375
fashion_mnist,pruning,0.4,11,3,73,0.000767374993301928,499351552,0.3984375
fashion_mnist,pruning,0.4,11,3,74,0.0008268750098068267,499351552,0.453125
fashion_mnist,pruning,0.4,11,3,75,0.000760458002332598,499351552,0.4921875
fashion_mnist,pruning,0.4,11,3,76,0.0007392499828711152,499351552,0.484375
fashion_mnist,pruning,0.4,11,3,77,0.0007671670173294842,499351552,0.484375
fashion_mnist,pruning,0.4,11,3,78,0.0007559170189779252,499351552,0.453125
fashion_mnist,pruning,0.4,11,3,79,0.0007597919902764261,499351552,0.4453125
fashion_mnist,pruning,0.4,11,3,80,0.0007624169811606407,499351552,0.4609375
fashion_mnist,pruning,0.4,11,3,81,0.0007645419973414391,499351552,0.453125
fashion_mnist,pruning,0.4,11,3,82,0.0007730000070296228,499351552,0.4921875
fashion_mnist,pruning,0.4,11,3,83,0.000778582994826138,499351552,0.4921875
fashion_mnist,pruning,0.4,11,3,84,0.0007657909882254899,499351552,0.46875
fashion_mnist,pruning,0.4,11,3,85,0.0007782919856254011,499351552,0.421875
fashion_mnist,pruning,0.4,11,3,86,0.0007504590030293912,499351552,0.4609375
fashion_mnist,pruning,0.4,11,3,87,0.0007439579931087792,499351552,0.4140625
fashion_mnist,pruning,0.4,11,3,88,0.0007594589842483401,499351552,0.5390625
fashion_mnist,pruning,0.4,11,3,89,0.0007768330106046051,499351552,0.46875
fashion_mnist,pruning,0.4,11,3,90,0.0007591670146211982,499351552,0.4453125
fashion_mnist,pruning,0.4,11,3,91,0.000766624987591058,499351552,0.453125
fashion_mnist,pruning,0.4,11,3,92,0.0007570419984403998,499351552,0.3828125
fashion_mnist,pruning,0.4,11,3,93,0.0007473330188076943,499351552,0.4765625
fashion_mnist,pruning,0.4,11,3,94,0.0007636669906787574,499351552,0.5546875
fashion_mnist,pruning,0.4,11,3,95,0.0007762080058455467,499351552,0.5234375
fashion_mnist,pruning,0.4,11,3,96,0.0007483329973183572,499351552,0.5078125
fashion_mnist,pruning,0.4,11,3,97,0.0007649170001968741,499351552,0.4921875
fashion_mnist,pruning,0.4,11,3,98,0.0007864159997552633,499351552,0.484375
fashion_mnist,pruning,0.4,11,3,99,0.0007459159824065864,499351552,0.53125
fashion_mnist,pruning,0.4,11,3,100,0.0007630420150235295,499351552,0.4375
fashion_mnist,pruning,0.4,11,3,101,0.0007634590147063136,499351552,0.4609375
fashion_mnist,pruning,0.4,11,3,102,0.0007538750069215894,499351552,0.5625
fashion_mnist,pruning,0.4,11,3,103,0.0007611670007463545,499351552,0.453125
fashion_mnist,pruning,0.4,11,3,104,0.0007446249946951866,499351552,0.4296875
fashion_mnist,pruning,0.4,11,3,105,0.0007844579813536257,499351552,0.4140625
fashion_mnist,pruning,0.4,11,3,106,0.0007567080028820783,499351552,0.453125
fashion_mnist,pruning,0.4,11,3,107,0.0007815840071998537,499351552,0.5
fashion_mnist,pruning,0.4,11,3,108,0.0007570000016130507,499351552,0.5390625
fashion_mnist,pruning,0.4,11,3,109,0.0007834169955458492,499351552,0.421875
fashion_mnist,pruning,0.4,11,3,110,0.0007801660103723407,499351552,0.5078125
fashion_mnist,pruning,0.4,11,3,111,0.0007614579808432609,499351552,0.4453125
fashion_mnist,pruning,0.4,11,3,112,0.0007429580145981163,499351552,0.4609375
fashion_mnist,pruning,0.4,11,3,113,0.0007477079925592989,499351552,0.4921875
fashion_mnist,pruning,0.4,11,3,114,0.0007803750049788505,499351552,0.3984375
fashion_mnist,pruning,0.4,11,3,115,0.000768416008213535,499351552,0.5078125
fashion_mnist,pruning,0.4,11,3,116,0.0007842920022085309,499351552,0.4296875
fashion_mnist,pruning,0.4,11,3,117,0.0007596670184284449,499351552,0.4765625
fashion_mnist,pruning,0.4,11,3,118,0.0007370410021394491,499351552,0.515625
fashion_mnist,pruning,0.4,11,3,119,0.0007490419957321137,499351552,0.4453125
fashion_mnist,pruning,0.4,11,3,120,0.0007460839988198131,499351552,0.3984375
fashion_mnist,pruning,0.4,11,3,121,0.0007302910089492798,499351552,0.4609375
fashion_mnist,pruning,0.4,11,3,122,0.000755041983211413,499351552,0.4296875
fashion_mnist,pruning,0.4,11,3,123,0.0007755830010864884,499351552,0.5078125
fashion_mnist,pruning,0.4,11,3,124,0.0007769159856252372,499351552,0.3984375
fashion_mnist,pruning,0.4,11,3,125,0.0007618750096298754,499351552,0.4921875
fashion_mnist,pruning,0.4,11,3,126,0.0007453749713022262,499367936,0.4375
fashion_mnist,pruning,0.4,11,3,127,0.0007705000170972198,499367936,0.453125
fashion_mnist,pruning,0.4,11,3,128,0.0007381670002359897,499367936,0.5
fashion_mnist,pruning,0.4,11,3,129,0.0007422500057145953,499367936,0.4453125
fashion_mnist,pruning,0.4,11,3,130,0.0007697090040892363,499384320,0.5078125
fashion_mnist,pruning,0.4,11,3,131,0.0007698340050410479,499384320,0.5
fashion_mnist,pruning,0.4,11,3,132,0.000731125008314848,499384320,0.4921875
fashion_mnist,pruning,0.4,11,3,133,0.0007730830111540854,499384320,0.53125
fashion_mnist,pruning,0.4,11,3,134,0.0007676249952055514,499384320,0.484375
fashion_mnist,pruning,0.4,11,3,135,0.0007529580034315586,499384320,0.5078125
fashion_mnist,pruning,0.4,11,3,136,0.0007453330035787076,499384320,0.53125
fashion_mnist,pruning,0.4,11,3,137,0.0007684169977437705,499384320,0.421875
fashion_mnist,pruning,0.4,11,3,138,0.0007297499978449196,499384320,0.46875
fashion_mnist,pruning,0.4,11,3,139,0.0008160840079654008,499384320,0.4453125
fashion_mnist,pruning,0.4,11,3,140,0.0007361249881796539,499400704,0.453125
fashion_mnist,pruning,0.4,11,3,141,0.0007345000049099326,499400704,0.4609375
fashion_mnist,pruning,0.4,11,3,142,0.0007562079990748316,499400704,0.4375
fashion_mnist,pruning,0.4,11,3,143,0.0007800830062478781,499400704,0.453125
fashion_mnist,pruning,0.4,11,3,144,0.000758624984882772,499400704,0.3984375
fashion_mnist,pruning,0.4,11,3,145,0.0007493330049328506,499400704,0.4453125
fashion_mnist,pruning,0.4,11,3,146,0.0007442919886671007,499400704,0.4453125
fashion_mnist,pruning,0.4,11,3,147,0.0007507499831262976,499400704,0.4921875
fashion_mnist,pruning,0.4,11,3,148,0.0007606660074088722,499400704,0.484375
fashion_mnist,pruning,0.4,11,3,149,0.0007598329975735396,499400704,0.453125
fashion_mnist,pruning,0.4,11,3,150,0.0007726670010015368,499400704,0.3984375
fashion_mnist,pruning,0.4,11,3,151,0.0007674170192331076,499400704,0.46875
fashion_mnist,pruning,0.4,11,3,152,0.0007508750131819397,499400704,0.40625
fashion_mnist,pruning,0.4,11,3,153,0.0007530840230174363,499400704,0.5078125
fashion_mnist,pruning,0.4,11,3,154,0.0007597920193802565,499400704,0.5078125
fashion_mnist,pruning,0.4,11,3,155,0.000755791988922283,499400704,0.40625
fashion_mnist,pruning,0.4,11,3,156,0.0007775840058457106,499400704,0.515625
fashion_mnist,pruning,0.4,11,3,157,0.0007783749897498637,499400704,0.4453125
fashion_mnist,pruning,0.4,11,3,158,0.0007396249857265502,499400704,0.375
fashion_mnist,pruning,0.4,11,3,159,0.0007687920005992055,499400704,0.4375
fashion_mnist,pruning,0.4,11,3,160,0.000759041984565556,499400704,0.4921875
fashion_mnist,pruning,0.4,11,3,161,0.0007695000094827265,499400704,0.4921875
fashion_mnist,pruning,0.4,11,3,162,0.0007509999850299209,499400704,0.4453125
fashion_mnist,pruning,0.4,11,3,163,0.0007614160131197423,499400704,0.46875
fashion_mnist,pruning,0.4,11,3,164,0.0007403339841403067,499400704,0.46875
fashion_mnist,pruning,0.4,11,3,165,0.000798832974396646,499400704,0.46875
fashion_mnist,pruning,0.4,11,3,166,0.0007570000016130507,499400704,0.4609375
fashion_mnist,pruning,0.4,11,3,167,0.0007651670021004975,499400704,0.40625
fashion_mnist,pruning,0.4,11,3,168,0.000761874980526045,499400704,0.4921875
fashion_mnist,pruning,0.4,11,3,169,0.0007421250047627836,499400704,0.4921875
fashion_mnist,pruning,0.4,11,3,170,0.0007576250063721091,499400704,0.46875
fashion_mnist,pruning,0.4,11,3,171,0.0007592920155730098,499400704,0.46875
fashion_mnist,pruning,0.4,11,3,172,0.0007222919957712293,499400704,0.3671875
fashion_mnist,pruning,0.4,11,3,173,0.0008907080045901239,499400704,0.4921875
fashion_mnist,pruning,0.4,11,3,174,0.0007508329872507602,499400704,0.5
fashion_mnist,pruning,0.4,11,3,175,0.0007630419859196991,499400704,0.4609375
fashion_mnist,pruning,0.4,11,3,176,0.0007337919960264117,499400704,0.375
fashion_mnist,pruning,0.4,11,3,177,0.0007529589929617941,499400704,0.4921875
fashion_mnist,pruning,0.4,11,3,178,0.0007430840050801635,499400704,0.4140625
fashion_mnist,pruning,0.4,11,3,179,0.0007415410073008388,499400704,0.375
fashion_mnist,pruning,0.4,11,3,180,0.000761208008043468,499400704,0.5
fashion_mnist,pruning,0.4,11,3,181,0.0007591669855173677,499400704,0.46875
fashion_mnist,pruning,0.4,11,3,182,0.0007432919810526073,499400704,0.4765625
fashion_mnist,pruning,0.4,11,3,183,0.0007643749995622784,499400704,0.4375
fashion_mnist,pruning,0.4,11,3,184,0.000756458000978455,499400704,0.515625
fashion_mnist,pruning,0.4,11,3,185,0.0007615000067744404,499400704,0.5078125
fashion_mnist,pruning,0.4,11,3,186,0.0007443749927915633,499400704,0.453125
fashion_mnist,pruning,0.4,11,3,187,0.0007525419932790101,499400704,0.453125
fashion_mnist,pruning,0.4,11,3,188,0.0007532079762313515,499400704,0.5078125
fashion_mnist,pruning,0.4,11,3,189,0.0007354170083999634,499400704,0.5078125
fashion_mnist,pruning,0.4,11,3,190,0.0007565419946331531,499400704,0.421875
fashion_mnist,pruning,0.4,11,3,191,0.0007695420063100755,499400704,0.4921875
fashion_mnist,pruning,0.4,11,3,192,0.0007440839835908264,499400704,0.5078125
fashion_mnist,pruning,0.4,11,3,193,0.0008000410161912441,499400704,0.4453125
fashion_mnist,pruning,0.4,11,3,194,0.0007401659968309104,499400704,0.484375
fashion_mnist,pruning,0.4,11,3,195,0.0007650839979760349,499400704,0.4296875
fashion_mnist,pruning,0.4,11,3,196,0.0007433750142809004,499400704,0.5078125
fashion_mnist,pruning,0.4,11,3,197,0.0007645420264452696,499400704,0.46875
fashion_mnist,pruning,0.4,11,3,198,0.0007709580240771174,499400704,0.46875
fashion_mnist,pruning,0.4,11,3,199,0.0007428749813698232,499400704,0.390625
fashion_mnist,pruning,0.4,11,3,200,0.0007473750156350434,499400704,0.4375
fashion_mnist,pruning,0.4,11,3,201,0.0007592499896418303,499400704,0.5078125
fashion_mnist,pruning,0.4,11,3,202,0.0007677919929847121,499400704,0.46875
fashion_mnist,pruning,0.4,11,3,203,0.0007535000040661544,499400704,0.484375
fashion_mnist,pruning,0.4,11,3,204,0.0007570000016130507,499400704,0.4375
fashion_mnist,pruning,0.4,11,3,205,0.000765583012253046,499400704,0.390625
fashion_mnist,pruning,0.4,11,3,206,0.0007762919995002449,499400704,0.4140625
fashion_mnist,pruning,0.4,11,3,207,0.0007535409822594374,499400704,0.4453125
fashion_mnist,pruning,0.4,11,3,208,0.0007768330106046051,499400704,0.515625
fashion_mnist,pruning,0.4,11,3,209,0.0007513329910580069,499400704,0.4375
fashion_mnist,pruning,0.4,11,3,210,0.0007402499904856086,499400704,0.515625
fashion_mnist,pruning,0.4,11,3,211,0.0007605830032844096,499400704,0.40625
fashion_mnist,pruning,0.4,11,3,212,0.0007614170026499778,499400704,0.4609375
fashion_mnist,pruning,0.4,11,3,213,0.0007480829954147339,499400704,0.5390625
fashion_mnist,pruning,0.4,11,3,214,0.0007482919900212437,499400704,0.484375
fashion_mnist,pruning,0.4,11,3,215,0.0007284580206032842,499400704,0.4296875
fashion_mnist,pruning,0.4,11,3,216,0.0007362080214079469,499400704,0.4140625
fashion_mnist,pruning,0.4,11,3,217,0.00077891701948829,499400704,0.5
fashion_mnist,pruning,0.4,11,3,218,0.000748499995097518,499400704,0.546875
fashion_mnist,pruning,0.4,11,3,219,0.0007610830070916563,499400704,0.34375
fashion_mnist,pruning,0.4,11,3,220,0.0007455419981852174,499400704,0.46875
fashion_mnist,pruning,0.4,11,3,221,0.0007575000054202974,499400704,0.5078125
fashion_mnist,pruning,0.4,11,3,222,0.0007415000000037253,499400704,0.46875
fashion_mnist,pruning,0.4,11,3,223,0.0007685000018682331,499400704,0.453125
fashion_mnist,pruning,0.4,11,3,224,0.0008157080155797303,499400704,0.5078125
fashion_mnist,pruning,0.4,11,3,225,0.0007754580001346767,499400704,0.46875
fashion_mnist,pruning,0.4,11,3,226,0.0007592909969389439,499400704,0.5546875
fashion_mnist,pruning,0.4,11,3,227,0.0007652089989278466,499400704,0.421875
fashion_mnist,pruning,0.4,11,3,228,0.0007688750047236681,499400704,0.4765625
fashion_mnist,pruning,0.4,11,3,229,0.0007591249886900187,499400704,0.4453125
fashion_mnist,pruning,0.4,11,3,230,0.0007567919965367764,499400704,0.4140625
fashion_mnist,pruning,0.4,11,3,231,0.0007708339835517108,499400704,0.5
fashion_mnist,pruning,0.4,11,3,232,0.000767374993301928,499400704,0.5078125
fashion_mnist,pruning,0.4,11,3,233,0.0007506670081056654,499417088,0.4140625
fashion_mnist,pruning,0.4,11,3,234,0.000736625021090731,499417088,0.5078125
fashion_mnist,pruning,0.4,11,3,235,0.0007502500084228814,499417088,0.5078125
fashion_mnist,pruning,0.4,11,3,236,0.0007386670040432364,499417088,0.453125
fashion_mnist,pruning,0.4,11,3,237,0.0007444160000886768,499417088,0.5
fashion_mnist,pruning,0.4,11,3,238,0.000725708989193663,499417088,0.40625
fashion_mnist,pruning,0.4,11,3,239,0.0007478329935111105,499417088,0.390625
fashion_mnist,pruning,0.4,11,3,240,0.0007527919951826334,499417088,0.5078125
fashion_mnist,pruning,0.4,11,3,241,0.0007370410021394491,499417088,0.4921875
fashion_mnist,pruning,0.4,11,3,242,0.0007553340110462159,499417088,0.4765625
fashion_mnist,pruning,0.4,11,3,243,0.0007747499912511557,499417088,0.453125
fashion_mnist,pruning,0.4,11,3,244,0.0008045000140555203,499417088,0.5625
fashion_mnist,pruning,0.4,11,3,245,0.0007422920025419444,499417088,0.546875
fashion_mnist,pruning,0.4,11,3,246,0.0007592089823447168,499417088,0.4609375
fashion_mnist,pruning,0.4,11,3,247,0.0007455839950125664,499417088,0.46875
fashion_mnist,pruning,0.4,11,3,248,0.0007707909971941262,499417088,0.5
fashion_mnist,pruning,0.4,11,3,249,0.0007612920016981661,499417088,0.421875
fashion_mnist,pruning,0.4,11,3,250,0.0007772500102873892,499433472,0.4765625
fashion_mnist,pruning,0.4,11,3,251,0.0007591669855173677,499433472,0.4921875
fashion_mnist,pruning,0.4,11,3,252,0.0007525830005761236,499433472,0.5
fashion_mnist,pruning,0.4,11,3,253,0.0007744579925201833,499433472,0.4609375
fashion_mnist,pruning,0.4,11,3,254,0.0007737500127404928,499433472,0.4375
fashion_mnist,pruning,0.4,11,3,255,0.0007487499970011413,499433472,0.5078125
fashion_mnist,pruning,0.4,11,3,256,0.0007543749816250056,499433472,0.546875
fashion_mnist,pruning,0.4,11,3,257,0.0007407090160995722,499433472,0.4453125
fashion_mnist,pruning,0.4,11,3,258,0.0007610830070916563,499433472,0.5
fashion_mnist,pruning,0.4,11,3,259,0.0007512920128647238,499433472,0.4375
fashion_mnist,pruning,0.4,11,3,260,0.0007555829943157732,499433472,0.4609375
fashion_mnist,pruning,0.4,11,3,261,0.0007514159951824695,499433472,0.453125
fashion_mnist,pruning,0.4,11,3,262,0.0007420830079354346,499433472,0.421875
fashion_mnist,pruning,0.4,11,3,263,0.0007526660047005862,499449856,0.5078125
fashion_mnist,pruning,0.4,11,3,264,0.0007630409963894635,499449856,0.4609375
fashion_mnist,pruning,0.4,11,3,265,0.0007347089995164424,499449856,0.515625
fashion_mnist,pruning,0.4,11,3,266,0.00074712501373142,499449856,0.5
fashion_mnist,pruning,0.4,11,3,267,0.0007424170034937561,499449856,0.5078125
fashion_mnist,pruning,0.4,11,3,268,0.0007390830141957849,499449856,0.4296875
fashion_mnist,pruning,0.4,11,3,269,0.0007645840232726187,499449856,0.453125
fashion_mnist,pruning,0.4,11,3,270,0.0007494160090573132,499449856,0.4765625
fashion_mnist,pruning,0.4,11,3,271,0.000753583008190617,499449856,0.5078125
fashion_mnist,pruning,0.4,11,3,272,0.0007526660047005862,499449856,0.5234375
fashion_mnist,pruning,0.4,11,3,273,0.0007711249927524477,499449856,0.4765625
fashion_mnist,pruning,0.4,11,3,274,0.000790165999205783,499449856,0.4296875
fashion_mnist,pruning,0.4,11,3,275,0.0008168330241460353,499449856,0.3671875
fashion_mnist,pruning,0.4,11,3,276,0.0007306670013349503,499449856,0.3828125
fashion_mnist,pruning,0.4,11,3,277,0.0007590409950353205,499449856,0.5
fashion_mnist,pruning,0.4,11,3,278,0.0007538749778177589,499449856,0.5078125
fashion_mnist,pruning,0.4,11,3,279,0.0007486669928766787,499449856,0.453125
fashion_mnist,pruning,0.4,11,3,280,0.0007592079928144813,499449856,0.4765625
fashion_mnist,pruning,0.4,11,3,281,0.0007372499967459589,499449856,0.5234375
fashion_mnist,pruning,0.4,11,3,282,0.0007632500200998038,499449856,0.515625
fashion_mnist,pruning,0.4,11,3,283,0.0007640419935341924,499449856,0.4921875
fashion_mnist,pruning,0.4,11,3,284,0.0007287090120371431,499449856,0.4453125
fashion_mnist,pruning,0.4,11,3,285,0.0007431659905705601,499449856,0.4453125
fashion_mnist,pruning,0.4,11,3,286,0.0007902499928604811,499449856,0.453125
fashion_mnist,pruning,0.4,11,3,287,0.0007727920019533485,499449856,0.46875
fashion_mnist,pruning,0.4,11,3,288,0.000756499997805804,499449856,0.484375
fashion_mnist,pruning,0.4,11,3,289,0.0007679999980609864,499449856,0.546875
fashion_mnist,pruning,0.4,11,3,290,0.0007540830119978637,499449856,0.4765625
fashion_mnist,pruning,0.4,11,3,291,0.000727875012671575,499449856,0.453125
fashion_mnist,pruning,0.4,11,3,292,0.0007603330013807863,499449856,0.4765625
fashion_mnist,pruning,0.4,11,3,293,0.000751458021113649,499449856,0.46875
fashion_mnist,pruning,0.4,11,3,294,0.0007259169942699373,499449856,0.5234375
fashion_mnist,pruning,0.4,11,3,295,0.0007953330059535801,499449856,0.5234375
fashion_mnist,pruning,0.4,11,3,296,0.0007493750017601997,499449856,0.453125
fashion_mnist,pruning,0.4,11,3,297,0.0007603749982081354,499449856,0.5234375
fashion_mnist,pruning,0.4,11,3,298,0.0007698750123381615,499449856,0.46875
fashion_mnist,pruning,0.4,11,3,299,0.000760458002332598,499449856,0.4453125
fashion_mnist,pruning,0.4,11,3,300,0.0007679580012336373,499449856,0.4921875
fashion_mnist,pruning,0.4,11,3,301,0.0007425840012729168,499449856,0.4921875
fashion_mnist,pruning,0.4,11,3,302,0.0007372910040430725,499449856,0.46875
fashion_mnist,pruning,0.4,11,3,303,0.0007576670031994581,499449856,0.53125
fashion_mnist,pruning,0.4,11,3,304,0.0007341250020544976,499449856,0.484375
fashion_mnist,pruning,0.4,11,3,305,0.0007557079952675849,499449856,0.546875
fashion_mnist,pruning,0.4,11,3,306,0.0007557079952675849,499449856,0.4296875
fashion_mnist,pruning,0.4,11,3,307,0.000773541018133983,499449856,0.4765625
fashion_mnist,pruning,0.4,11,3,308,0.0007492080039810389,499449856,0.515625
fashion_mnist,pruning,0.4,11,3,309,0.0008699999889358878,499449856,0.4140625
fashion_mnist,pruning,0.4,11,3,310,0.0007362090109381825,499449856,0.5
fashion_mnist,pruning,0.4,11,3,311,0.0007697500113863498,499449856,0.515625
fashion_mnist,pruning,0.4,11,3,312,0.0007557909993920475,499449856,0.484375
fashion_mnist,pruning,0.4,11,3,313,0.0007621669792570174,499466240,0.4609375
fashion_mnist,pruning,0.4,11,3,314,0.0007349160150624812,499466240,0.390625
fashion_mnist,pruning,0.4,11,3,315,0.0007638329989276826,499466240,0.5078125
fashion_mnist,pruning,0.4,11,3,316,0.0007393750129267573,499466240,0.5078125
fashion_mnist,pruning,0.4,11,3,317,0.0007671249913983047,499466240,0.4453125
fashion_mnist,pruning,0.4,11,3,318,0.0007703749870415777,499466240,0.375
fashion_mnist,pruning,0.4,11,3,319,0.0007545000116806477,499466240,0.4296875
fashion_mnist,pruning,0.4,11,3,320,0.0007578749791719019,499466240,0.515625
fashion_mnist,pruning,0.4,11,3,321,0.0007577090000268072,499466240,0.5234375
fashion_mnist,pruning,0.4,11,3,322,0.0007484169909730554,499466240,0.5234375
fashion_mnist,pruning,0.4,11,3,323,0.0007515419856645167,499466240,0.5
fashion_mnist,pruning,0.4,11,3,324,0.0007346250058617443,499466240,0.4140625
fashion_mnist,pruning,0.4,11,3,325,0.0007334580004680902,499466240,0.4296875
fashion_mnist,pruning,0.4,11,3,326,0.0007510829891543835,499482624,0.5703125
fashion_mnist,pruning,0.4,11,3,327,0.0007373340195044875,499482624,0.5234375
fashion_mnist,pruning,0.4,11,3,328,0.0007490420248359442,499482624,0.5546875
fashion_mnist,pruning,0.4,11,3,329,0.0007655829831492156,499482624,0.4765625
fashion_mnist,pruning,0.4,11,3,330,0.000754333013901487,499482624,0.3671875
fashion_mnist,pruning,0.4,11,3,331,0.0007594170165248215,499482624,0.453125
fashion_mnist,pruning,0.4,11,3,332,0.0007591669855173677,499482624,0.4609375
fashion_mnist,pruning,0.4,11,3,333,0.00082637500599958,499482624,0.421875
fashion_mnist,pruning,0.4,11,3,334,0.0007468340045306832,499482624,0.484375
fashion_mnist,pruning,0.4,11,3,335,0.0007606250001117587,499482624,0.4296875
fashion_mnist,pruning,0.4,11,3,336,0.0007468330150004476,499482624,0.5
fashion_mnist,pruning,0.4,11,3,337,0.0007526670233346522,499482624,0.453125
fashion_mnist,pruning,0.4,11,3,338,0.0007647500024177134,499482624,0.5
fashion_mnist,pruning,0.4,11,3,339,0.0007748340140096843,499482624,0.5
fashion_mnist,pruning,0.4,11,3,340,0.0007510829891543835,499482624,0.46875
fashion_mnist,pruning,0.4,11,3,341,0.0007603330013807863,499482624,0.484375
fashion_mnist,pruning,0.4,11,3,342,0.0007415420259349048,499482624,0.4296875
fashion_mnist,pruning,0.4,11,3,343,0.0007582090038340539,499482624,0.5078125
fashion_mnist,pruning,0.4,11,3,344,0.0007468330150004476,499482624,0.4609375
fashion_mnist,pruning,0.4,11,3,345,0.0007829159731045365,499482624,0.4375
fashion_mnist,pruning,0.4,11,3,346,0.0007653750071767718,499482624,0.46875
fashion_mnist,pruning,0.4,11,3,347,0.0007685000018682331,499482624,0.5078125
fashion_mnist,pruning,0.4,11,3,348,0.0007782499887980521,499482624,0.546875
fashion_mnist,pruning,0.4,11,3,349,0.0007717919943388551,499482624,0.40625
fashion_mnist,pruning,0.4,11,3,350,0.0007459169719368219,499482624,0.4140625
fashion_mnist,pruning,0.4,11,3,351,0.0007662919815629721,499482624,0.421875
fashion_mnist,pruning,0.4,11,3,352,0.0007440000190399587,499482624,0.4453125
fashion_mnist,pruning,0.4,11,3,353,0.0007449590193573385,499482624,0.4921875
fashion_mnist,pruning,0.4,11,3,354,0.0007760419975966215,499482624,0.390625
fashion_mnist,pruning,0.4,11,3,355,0.0007560419908259064,499482624,0.4765625
fashion_mnist,pruning,0.4,11,3,356,0.0007649999752175063,499482624,0.390625
fashion_mnist,pruning,0.4,11,3,357,0.0007614170026499778,499482624,0.4765625
fashion_mnist,pruning,0.4,11,3,358,0.000728292012354359,499482624,0.4296875
fashion_mnist,pruning,0.4,11,3,359,0.000753208005335182,499482624,0.4453125
fashion_mnist,pruning,0.4,11,3,360,0.0007515409961342812,499482624,0.5546875
fashion_mnist,pruning,0.4,11,3,361,0.0007404589850921184,499499008,0.4140625
fashion_mnist,pruning,0.4,11,3,362,0.0007599999953527004,499499008,0.5078125
fashion_mnist,pruning,0.4,11,3,363,0.0007782500179018825,499499008,0.4609375
fashion_mnist,pruning,0.4,11,3,364,0.0007357079884968698,499499008,0.515625
fashion_mnist,pruning,0.4,11,3,365,0.0007656250090803951,499499008,0.4453125
fashion_mnist,pruning,0.4,11,3,366,0.0007674999942537397,499499008,0.4296875
fashion_mnist,pruning,0.4,11,3,367,0.0007588340085931122,499499008,0.46875
fashion_mnist,pruning,0.4,11,3,368,0.0007661670097149909,499499008,0.4375
fashion_mnist,pruning,0.4,11,3,369,0.0007368749938905239,499499008,0.4609375
fashion_mnist,pruning,0.4,11,3,370,0.0007468749827239662,499499008,0.53125
fashion_mnist,pruning,0.4,11,3,371,0.000755374989239499,499499008,0.59375
fashion_mnist,pruning,0.4,11,3,372,0.0007657499809283763,499499008,0.4609375
fashion_mnist,pruning,0.4,11,3,373,0.0007540420047007501,499499008,0.3984375
fashion_mnist,pruning,0.4,11,3,374,0.0007689580088481307,499499008,0.5
fashion_mnist,pruning,0.4,11,3,375,0.000755041983211413,499499008,0.5546875
fashion_mnist,pruning,0.4,11,3,376,0.0007469580159522593,499499008,0.4375
fashion_mnist,pruning,0.4,11,3,377,0.0007436249870806932,499499008,0.453125
fashion_mnist,pruning,0.4,11,3,378,0.0007698330155108124,499499008,0.5625
fashion_mnist,pruning,0.4,11,3,379,0.0007624159916304052,499499008,0.5390625
fashion_mnist,pruning,0.4,11,3,380,0.0007518749916926026,499499008,0.4453125
fashion_mnist,pruning,0.4,11,3,381,0.000759374990593642,499499008,0.5
fashion_mnist,pruning,0.4,11,3,382,0.0008169999928213656,499499008,0.40625
fashion_mnist,pruning,0.4,11,3,383,0.0007868749962653965,499499008,0.46875
fashion_mnist,pruning,0.4,11,3,384,0.0008285840158350766,499499008,0.453125
fashion_mnist,pruning,0.4,11,3,385,0.0008016249921638519,499499008,0.453125
fashion_mnist,pruning,0.4,11,3,386,0.001207124994834885,499499008,0.484375
fashion_mnist,pruning,0.4,11,3,387,0.001159334002295509,499499008,0.4140625
fashion_mnist,pruning,0.4,11,3,388,0.0009162090136669576,499499008,0.390625
fashion_mnist,pruning,0.4,11,3,389,0.000905958004295826,499499008,0.46875
fashion_mnist,pruning,0.4,11,3,390,0.0008247499936260283,499499008,0.4609375
fashion_mnist,pruning,0.4,11,3,391,0.0008134999952744693,499499008,0.4375
fashion_mnist,pruning,0.4,11,3,392,0.0008200420124921948,499499008,0.5078125
fashion_mnist,pruning,0.4,11,3,393,0.0007965829863678664,499499008,0.453125
fashion_mnist,pruning,0.4,11,3,394,0.0007512090087402612,499499008,0.5
fashion_mnist,pruning,0.4,11,3,395,0.0007588340085931122,499499008,0.4453125
fashion_mnist,pruning,0.4,11,3,396,0.0008447500003967434,499499008,0.484375
fashion_mnist,pruning,0.4,11,3,397,0.0007660409901291132,499499008,0.5
fashion_mnist,pruning,0.4,11,3,398,0.0007355840061791241,499499008,0.46875
fashion_mnist,pruning,0.4,11,3,399,0.0007534580072388053,499499008,0.40625
fashion_mnist,pruning,0.4,11,3,400,0.0007687909819651395,499499008,0.4140625
fashion_mnist,pruning,0.4,11,3,401,0.0007784999907016754,499499008,0.5390625
fashion_mnist,pruning,0.4,11,3,402,0.0007761250017210841,499499008,0.4609375
fashion_mnist,pruning,0.4,11,3,403,0.0007432499842252582,499499008,0.5
fashion_mnist,pruning,0.4,11,3,404,0.0007675829983782023,499499008,0.5234375
fashion_mnist,pruning,0.4,11,3,405,0.0007842090271878988,499499008,0.40625
fashion_mnist,pruning,0.4,11,3,406,0.0007635420188307762,499499008,0.46875
fashion_mnist,pruning,0.4,11,3,407,0.0007592499896418303,499499008,0.46875
fashion_mnist,pruning,0.4,11,3,408,0.0007720419962424785,499499008,0.4296875
fashion_mnist,pruning,0.4,11,3,409,0.0007367919897660613,499499008,0.453125
fashion_mnist,pruning,0.4,11,3,410,0.0007577910146210343,499515392,0.4765625
fashion_mnist,pruning,0.4,11,3,411,0.0007626670121680945,499515392,0.4453125
fashion_mnist,pruning,0.4,11,3,412,0.000762666022637859,499515392,0.453125
fashion_mnist,pruning,0.4,11,3,413,0.0008712910057511181,499515392,0.390625
fashion_mnist,pruning,0.4,11,3,414,0.0007537920027971268,499515392,0.4140625
fashion_mnist,pruning,0.4,11,3,415,0.0007658339745830745,499515392,0.5
fashion_mnist,pruning,0.4,11,3,416,0.0007538329809904099,499515392,0.4375
fashion_mnist,pruning,0.4,11,3,417,0.0007685839955229312,499515392,0.453125
fashion_mnist,pruning,0.4,11,3,418,0.0007665840093977749,499515392,0.40625
fashion_mnist,pruning,0.4,11,3,419,0.000756124994950369,499515392,0.5078125
fashion_mnist,pruning,0.4,11,3,420,0.000739125011023134,499515392,0.4765625
fashion_mnist,pruning,0.4,11,3,421,0.0007627499871887267,499515392,0.5234375
fashion_mnist,pruning,0.4,11,3,422,0.0007375830027740449,499515392,0.5390625
fashion_mnist,pruning,0.4,11,3,423,0.0007824159984011203,499515392,0.5078125
fashion_mnist,pruning,0.4,11,3,424,0.0007720419962424785,499515392,0.4765625
fashion_mnist,pruning,0.4,11,3,425,0.0007602080004289746,499515392,0.46875
fashion_mnist,pruning,0.4,11,3,426,0.0007734170067124069,499515392,0.4765625
fashion_mnist,pruning,0.4,11,3,427,0.0007804580091033131,499531776,0.4296875
fashion_mnist,pruning,0.4,11,3,428,0.0007402499904856086,499531776,0.4765625
fashion_mnist,pruning,0.4,11,3,429,0.000770624988945201,499531776,0.5
fashion_mnist,pruning,0.4,11,3,430,0.0008289169927593321,499531776,0.421875
fashion_mnist,pruning,0.4,11,3,431,0.0007452080026268959,499531776,0.4765625
fashion_mnist,pruning,0.4,11,3,432,0.0007736670086160302,499531776,0.5234375
fashion_mnist,pruning,0.4,11,3,433,0.0007609580061398447,499531776,0.4765625
fashion_mnist,pruning,0.4,11,3,434,0.0007778749859426171,499531776,0.390625
fashion_mnist,pruning,0.4,11,3,435,0.0007432499842252582,499531776,0.453125
fashion_mnist,pruning,0.4,11,3,436,0.0007518749916926026,499531776,0.5
fashion_mnist,pruning,0.4,11,3,437,0.0007550409936811775,499531776,0.390625
fashion_mnist,pruning,0.4,11,3,438,0.0007701250142417848,499531776,0.34375
fashion_mnist,pruning,0.4,11,3,439,0.0007793750264681876,499531776,0.515625
fashion_mnist,pruning,0.4,11,3,440,0.0007726250041741878,499531776,0.515625
fashion_mnist,pruning,0.4,11,3,441,0.0007519169885199517,499531776,0.4140625
fashion_mnist,pruning,0.4,11,3,442,0.0007670419872738421,499531776,0.46875
fashion_mnist,pruning,0.4,11,3,443,0.0007764999754726887,499531776,0.5078125
fashion_mnist,pruning,0.4,11,3,444,0.0007407499942928553,499531776,0.453125
fashion_mnist,pruning,0.4,11,3,445,0.0007579590019304305,499531776,0.5078125
fashion_mnist,pruning,0.4,11,3,446,0.0007614170026499778,499531776,0.390625
fashion_mnist,pruning,0.4,11,3,447,0.0007505420071538538,499531776,0.453125
fashion_mnist,pruning,0.4,11,3,448,0.0007578329823445529,499531776,0.484375
fashion_mnist,pruning,0.4,11,3,449,0.0007571250025648624,499531776,0.515625
fashion_mnist,pruning,0.4,11,3,450,0.0007468329858966172,499531776,0.421875
fashion_mnist,pruning,0.4,11,3,451,0.0007419580069836229,499531776,0.4921875
fashion_mnist,pruning,0.4,11,3,452,0.0007338750001508743,499531776,0.5
fashion_mnist,pruning,0.4,11,3,453,0.0007371249957941473,499531776,0.46875
fashion_mnist,pruning,0.4,11,3,454,0.0007599999953527004,499531776,0.375
fashion_mnist,pruning,0.4,11,3,455,0.0007383330084849149,499531776,0.4921875
fashion_mnist,pruning,0.4,11,3,456,0.0007599999953527004,499531776,0.453125
fashion_mnist,pruning,0.4,11,3,457,0.0007757919956929982,499531776,0.484375
fashion_mnist,pruning,0.4,11,3,458,0.0007634579960722476,499548160,0.5078125
fashion_mnist,pruning,0.4,11,3,459,0.0007632920169271529,499548160,0.5078125
fashion_mnist,pruning,0.4,11,3,460,0.0008723330101929605,499548160,0.4609375
fashion_mnist,pruning,0.4,11,3,461,0.0007539170037489384,499548160,0.4453125
fashion_mnist,pruning,0.4,11,3,462,0.0007737079868093133,499548160,0.4140625
fashion_mnist,pruning,0.4,11,3,463,0.0007617090013809502,499548160,0.53125
fashion_mnist,pruning,0.4,11,3,464,0.0007617500086780638,499548160,0.4765625
fashion_mnist,pruning,0.4,11,3,465,0.0007668329926673323,499548160,0.46875
fashion_mnist,pruning,0.4,11,3,466,0.0007695830136071891,499548160,0.4140625
fashion_mnist,pruning,0.4,11,3,467,0.0007735840044915676,499564544,0.40625
fashion_mnist,pruning,0.4,11,3,468,0.000743833021260798,499580928,0.5833333333333334
