run_id,dataset,model,architecture,protocol_version,keep_ratio,block_size,seed,epoch,batch,forward_time_s,backward_time_s,memory_bytes,batch_accuracy
7e5d3d11439260ab,cifar10,ssb-v3-block,mlp,protocol-v3,0.6,128,2,1,0,0.05783520796103403,0.037202625011559576,715931648,0.0546875
7e5d3d11439260ab,cifar10,ssb-v3-block,mlp,protocol-v3,0.6,128,2,1,1,0.012210833025164902,0.01835329196183011,736411648,0.0859375
7e5d3d11439260ab,cifar10,ssb-v3-block,mlp,protocol-v3,0.6,128,2,1,2,0.008181250013876706,0.008932082972023636,739328000,0.1796875
7e5d3d11439260ab,cifar10,ssb-v3-block,mlp,protocol-v3,0.6,128,2,1,3,0.008567415992729366,0.012848291953559965,743260160,0.1796875
7e5d3d11439260ab,cifar10,ssb-v3-block,mlp,protocol-v3,0.6,128,2,1,4,0.0036720000207424164,0.0038859170163050294,744046592,0.109375
7e5d3d11439260ab,cifar10,ssb-v3-block,mlp,protocol-v3,0.6,128,2,1,5,0.004165249993093312,0.004287291027139872,745504768,0.15625
7e5d3d11439260ab,cifar10,ssb-v3-block,mlp,protocol-v3,0.6,128,2,1,6,0.006719500001054257,0.008791667001787573,747405312,0.1328125
7e5d3d11439260ab,cifar10,ssb-v3-block,mlp,protocol-v3,0.6,128,2,1,7,0.005432332982309163,0.007640834024641663,748994560,0.09375
7e5d3d11439260ab,cifar10,ssb-v3-block,mlp,protocol-v3,0.6,128,2,1,8,0.006300999957602471,0.008831708983052522,750665728,0.2109375
7e5d3d11439260ab,cifar10,ssb-v3-block,mlp,protocol-v3,0.6,128,2,1,9,0.004218874964863062,0.004997749987524003,752173056,0.1875
7e5d3d11439260ab,cifar10,ssb-v3-block,mlp,protocol-v3,0.6,128,2,1,10,0.0043091250117868185,0.0034909170353785157,753745920,0.078125
7e5d3d11439260ab,cifar10,ssb-v3-block,mlp,protocol-v3,0.6,128,2,1,11,0.00443320901831612,0.004092417017091066,753745920,0.1171875
7e5d3d11439260ab,cifar10,ssb-v3-block,mlp,protocol-v3,0.6,128,2,1,12,0.005866791005246341,0.007916125003248453,754909184,0.0625
7e5d3d11439260ab,cifar10,ssb-v3-block,mlp,protocol-v3,0.6,128,2,1,13,0.004018459003418684,0.0046333749778568745,755171328,0.1484375
7e5d3d11439260ab,cifar10,ssb-v3-block,mlp,protocol-v3,0.6,128,2,1,14,0.0034406670019961894,0.0036858750390820205,755875840,0.1796875
7e5d3d11439260ab,cifar10,ssb-v3-block,mlp,protocol-v3,0.6,128,2,1,15,0.0034355419920757413,0.003769917006138712,755875840,0.0859375
7e5d3d11439260ab,cifar10,ssb-v3-block,mlp,protocol-v3,0.6,128,2,1,16,0.006452000001445413,0.007681709015741944,757334016,0.1328125
7e5d3d11439260ab,cifar10,ssb-v3-block,mlp,protocol-v3,0.6,128,2,1,17,0.003515874966979027,0.004087624954991043,757596160,0.078125
7e5d3d11439260ab,cifar10,ssb-v3-block,mlp,protocol-v3,0.6,128,2,1,18,0.005867125000804663,0.008689958951435983,758726656,0.1640625
7e5d3d11439260ab,cifar10,ssb-v3-block,mlp,protocol-v3,0.6,128,2,1,19,0.003633041982538998,0.004124791012145579,759398400,0.1015625
7e5d3d11439260ab,cifar10,ssb-v3-block,mlp,protocol-v3,0.6,128,2,1,20,0.0033805419807322323,0.0035794589784927666,759644160,0.0625
7e5d3d11439260ab,cifar10,ssb-v3-block,mlp,protocol-v3,0.6,128,2,1,21,0.003693707985803485,0.004406041989568621,759644160,0.0859375
7e5d3d11439260ab,cifar10,ssb-v3-block,mlp,protocol-v3,0.6,128,2,1,22,0.004630750045180321,0.004743458004668355,759644160,0.15625
7e5d3d11439260ab,cifar10,ssb-v3-block,mlp,protocol-v3,0.6,128,2,1,23,0.003194040968082845,0.0036626249784603715,759644160,0.1328125
7e5d3d11439260ab,cifar10,ssb-v3-block,mlp,protocol-v3,0.6,128,2,1,24,0.0035400830092839897,0.0038414160371758044,759644160,0.1328125
7e5d3d11439260ab,cifar10,ssb-v3-block,mlp,protocol-v3,0.6,128,2,1,25,0.0034113749861717224,0.003982709022238851,759644160,0.09375
7e5d3d11439260ab,cifar10,ssb-v3-block,mlp,protocol-v3,0.6,128,2,1,26,0.0036165000055916607,0.0042602079920470715,759660544,0.1015625
7e5d3d11439260ab,cifar10,ssb-v3-block,mlp,protocol-v3,0.6,128,2,1,27,0.0038363750209100544,0.003964625007938594,759660544,0.15625
7e5d3d11439260ab,cifar10,ssb-v3-block,mlp,protocol-v3,0.6,128,2,1,28,0.003767124959267676,0.003877707989886403,759660544,0.203125
7e5d3d11439260ab,cifar10,ssb-v3-block,mlp,protocol-v3,0.6,128,2,1,29,0.003680458990857005,0.0044707499910146,759660544,0.125
7e5d3d11439260ab,cifar10,ssb-v3-block,mlp,protocol-v3,0.6,128,2,1,30,0.006152625021059066,0.008898833009880036,761020416,0.15625
7e5d3d11439260ab,cifar10,ssb-v3-block,mlp,protocol-v3,0.6,128,2,1,31,0.003809916030149907,0.004244957992341369,762462208,0.15625
7e5d3d11439260ab,cifar10,ssb-v3-block,mlp,protocol-v3,0.6,128,2,1,32,0.005264333973173052,0.0058470829972065985,763854848,0.0859375
7e5d3d11439260ab,cifar10,ssb-v3-block,mlp,protocol-v3,0.6,128,2,1,33,0.0037510410184040666,0.003580917022190988,764510208,0.1953125
7e5d3d11439260ab,cifar10,ssb-v3-block,mlp,protocol-v3,0.6,128,2,1,34,0.0036331249866634607,0.004325958027038723,764510208,0.140625
7e5d3d11439260ab,cifar10,ssb-v3-block,mlp,protocol-v3,0.6,128,2,1,35,0.003893209039233625,0.004478999995626509,764510208,0.15625
7e5d3d11439260ab,cifar10,ssb-v3-block,mlp,protocol-v3,0.6,128,2,1,36,0.0038915410405024886,0.003808415960520506,764510208,0.1796875
7e5d3d11439260ab,cifar10,ssb-v3-block,mlp,protocol-v3,0.6,128,2,1,37,0.0034090830013155937,0.0037274580099619925,764510208,0.078125
7e5d3d11439260ab,cifar10,ssb-v3-block,mlp,protocol-v3,0.6,128,2,1,38,0.0033962500165216625,0.003983041038736701,764772352,0.0625
7e5d3d11439260ab,cifar10,ssb-v3-block,mlp,protocol-v3,0.6,128,2,1,39,0.003981249989010394,0.004169917025137693,764788736,0.1484375
7e5d3d11439260ab,cifar10,ssb-v3-block,mlp,protocol-v3,0.6,128,2,1,40,0.006266124953981489,0.006522040988784283,765673472,0.1640625
7e5d3d11439260ab,cifar10,ssb-v3-block,mlp,protocol-v3,0.6,128,2,1,41,0.0031408339855261147,0.003146125003695488,766197760,0.125
7e5d3d11439260ab,cifar10,ssb-v3-block,mlp,protocol-v3,0.6,128,2,1,42,0.0036766250268556178,0.004157082992605865,766197760,0.0859375
7e5d3d11439260ab,cifar10,ssb-v3-block,mlp,protocol-v3,0.6,128,2,1,43,0.006400791986379772,0.0077973330044187605,767197184,0.1015625
7e5d3d11439260ab,cifar10,ssb-v3-block,mlp,protocol-v3,0.6,128,2,1,44,0.0035245000035502017,0.0038520420202985406,767197184,0.15625
7e5d3d11439260ab,cifar10,ssb-v3-block,mlp,protocol-v3,0.6,128,2,1,45,0.0032706669881008565,0.0035766669898293912,767197184,0.0859375
7e5d3d11439260ab,cifar10,ssb-v3-block,mlp,protocol-v3,0.6,128,2,1,46,0.0036037079989910126,0.003230416972655803,767197184,0.1015625
7e5d3d11439260ab,cifar10,ssb-v3-block,mlp,protocol-v3,0.6,128,2,1,47,0.0034920420148409903,0.0038402079953812063,767197184,0.3125
7e5d3d11439260ab,cifar10,ssb-v3-block,mlp,protocol-v3,0.6,128,2,1,48,0.003564500017091632,0.0040249580051749945,767426560,0.09375
7e5d3d11439260ab,cifar10,ssb-v3-block,mlp,protocol-v3,0.6,128,2,1,49,0.003689624951221049,0.004259584005922079,767426560,0.171875
7e5d3d11439260ab,cifar10,ssb-v3-block,mlp,protocol-v3,0.6,128,2,1,50,0.003555000002961606,0.0039045839803293347,767426560,0.0859375
7e5d3d11439260ab,cifar10,ssb-v3-block,mlp,protocol-v3,0.6,128,2,1,51,0.0033309159916825593,0.003944292024243623,767426560,0.2109375
7e5d3d11439260ab,cifar10,ssb-v3-block,mlp,protocol-v3,0.6,128,2,1,52,0.0035112500190734863,0.003855167014990002,767426560,0.140625
7e5d3d11439260ab,cifar10,ssb-v3-block,mlp,protocol-v3,0.6,128,2,1,53,0.004008499963674694,0.0036517499829642475,767426560,0.09375
7e5d3d11439260ab,cifar10,ssb-v3-block,mlp,protocol-v3,0.6,128,2,1,54,0.003231958020478487,0.00364266597898677,767442944,0.078125
7e5d3d11439260ab,cifar10,ssb-v3-block,mlp,protocol-v3,0.6,128,2,1,55,0.00563525001052767,0.005663999996613711,768262144,0.125
7e5d3d11439260ab,cifar10,ssb-v3-block,mlp,protocol-v3,0.6,128,2,1,56,0.003026625025086105,0.0031780830468051136,768262144,0.21875
7e5d3d11439260ab,cifar10,ssb-v3-block,mlp,protocol-v3,0.6,128,2,1,57,0.003881958022248,0.004459374991711229,768491520,0.1015625
7e5d3d11439260ab,cifar10,ssb-v3-block,mlp,protocol-v3,0.6,128,2,1,58,0.0035670409561134875,0.003710333025082946,768491520,0.1796875
7e5d3d11439260ab,cifar10,ssb-v3-block,mlp,protocol-v3,0.6,128,2,1,59,0.003095082996878773,0.003320917021483183,768491520,0.2265625
7e5d3d11439260ab,cifar10,ssb-v3-block,mlp,protocol-v3,0.6,128,2,1,60,0.0034650000161491334,0.0038829160039313138,768491520,0.171875
7e5d3d11439260ab,cifar10,ssb-v3-block,mlp,protocol-v3,0.6,128,2,1,61,0.0035578340175561607,0.004038833023514599,768491520,0.1484375
7e5d3d11439260ab,cifar10,ssb-v3-block,mlp,protocol-v3,0.6,128,2,1,62,0.003878084011375904,0.004382916959002614,768491520,0.1796875
7e5d3d11439260ab,cifar10,ssb-v3-block,mlp,protocol-v3,0.6,128,2,1,63,0.0031994589953683317,0.00366024998947978,768491520,0.1640625
7e5d3d11439260ab,cifar10,ssb-v3-block,mlp,protocol-v3,0.6,128,2,1,64,0.003391166974324733,0.0037026250502094626,768491520,0.0859375
7e5d3d11439260ab,cifar10,ssb-v3-block,mlp,protocol-v3,0.6,128,2,1,65,0.0031361659639514983,0.003415707964450121,768491520,0.0546875
7e5d3d11439260ab,cifar10,ssb-v3-block,mlp,protocol-v3,0.6,128,2,1,66,0.0034300420084036887,0.0038273329846560955,769523712,0.0859375
7e5d3d11439260ab,cifar10,ssb-v3-block,mlp,protocol-v3,0.6,128,2,1,67,0.004203582997433841,0.004363708023447543,769523712,0.0703125
7e5d3d11439260ab,cifar10,ssb-v3-block,mlp,protocol-v3,0.6,128,2,1,68,0.003595291986130178,0.0036820830428041518,769523712,0.203125
7e5d3d11439260ab,cifar10,ssb-v3-block,mlp,protocol-v3,0.6,128,2,1,69,0.0032662919838912785,0.003592583001591265,769523712,0.15625
7e5d3d11439260ab,cifar10,ssb-v3-block,mlp,protocol-v3,0.6,128,2,1,70,0.0037645410047844052,0.004533333994913846,769523712,0.109375
7e5d3d11439260ab,cifar10,ssb-v3-block,mlp,protocol-v3,0.6,128,2,1,71,0.0030650420230813324,0.003282999969087541,769523712,0.1953125
7e5d3d11439260ab,cifar10,ssb-v3-block,mlp,protocol-v3,0.6,128,2,1,72,0.0038333340198732913,0.004533957981038839,769523712,0.1015625
7e5d3d11439260ab,cifar10,ssb-v3-block,mlp,protocol-v3,0.6,128,2,1,73,0.003859125019516796,0.0037100419867783785,769540096,0.2265625
7e5d3d11439260ab,cifar10,ssb-v3-block,mlp,protocol-v3,0.6,128,2,1,74,0.003419624990783632,0.0037323330179788172,769540096,0.09375
7e5d3d11439260ab,cifar10,ssb-v3-block,mlp,protocol-v3,0.6,128,2,1,75,0.003913874970749021,0.004493458021897823,769540096,0.234375
7e5d3d11439260ab,cifar10,ssb-v3-block,mlp,protocol-v3,0.6,128,2,1,76,0.0036782080424018204,0.004018333042040467,769540096,0.1328125
7e5d3d11439260ab,cifar10,ssb-v3-block,mlp,protocol-v3,0.6,128,2,1,77,0.0037755410303361714,0.004438959003891796,769556480,0.09375
7e5d3d11439260ab,cifar10,ssb-v3-block,mlp,protocol-v3,0.6,128,2,1,78,0.0033922080183401704,0.004104082996491343,769556480,0.125
7e5d3d11439260ab,cifar10,ssb-v3-block,mlp,protocol-v3,0.6,128,2,1,79,0.003565374994650483,0.0038579999818466604,769556480,0.171875
7e5d3d11439260ab,cifar10,ssb-v3-block,mlp,protocol-v3,0.6,128,2,1,80,0.0031649169977754354,0.003386833006516099,769556480,0.109375
7e5d3d11439260ab,cifar10,ssb-v3-block,mlp,protocol-v3,0.6,128,2,1,81,0.006435415998566896,0.007349791994784027,770490368,0.125
7e5d3d11439260ab,cifar10,ssb-v3-block,mlp,protocol-v3,0.6,128,2,1,82,0.003687417018227279,0.003918624948710203,770752512,0.21875
7e5d3d11439260ab,cifar10,ssb-v3-block,mlp,protocol-v3,0.6,128,2,1,83,0.003364124975632876,0.0034995830501429737,771227648,0.265625
7e5d3d11439260ab,cifar10,ssb-v3-block,mlp,protocol-v3,0.6,128,2,1,84,0.0031595409964211285,0.0034657910000532866,771227648,0.1328125
7e5d3d11439260ab,cifar10,ssb-v3-block,mlp,protocol-v3,0.6,128,2,1,85,0.0034789580386132,0.003890459018293768,771227648,0.078125
7e5d3d11439260ab,cifar10,ssb-v3-block,mlp,protocol-v3,0.6,128,2,1,86,0.0035254579852335155,0.0033975410042330623,771227648,0.125
7e5d3d11439260ab,cifar10,ssb-v3-block,mlp,protocol-v3,0.6,128,2,1,87,0.0035715840058401227,0.0038674590177834034,771227648,0.2421875
7e5d3d11439260ab,cifar10,ssb-v3-block,mlp,protocol-v3,0.6,128,2,1,88,0.0037072920240461826,0.004027125018183142,771227648,0.21875
7e5d3d11439260ab,cifar10,ssb-v3-block,mlp,protocol-v3,0.6,128,2,1,89,0.0033197919838130474,0.003703832975588739,771227648,0.0859375
7e5d3d11439260ab,cifar10,ssb-v3-block,mlp,protocol-v3,0.6,128,2,1,90,0.0035219580167904496,0.0039432080229744315,771227648,0.1015625
7e5d3d11439260ab,cifar10,ssb-v3-block,mlp,protocol-v3,0.6,128,2,1,91,0.003393332997802645,0.00400066701695323,771227648,0.0859375
7e5d3d11439260ab,cifar10,ssb-v3-block,mlp,protocol-v3,0.6,128,2,1,92,0.0031792090157978237,0.003330292005557567,771227648,0.1328125
7e5d3d11439260ab,cifar10,ssb-v3-block,mlp,protocol-v3,0.6,128,2,1,93,0.00356737500987947,0.003950999991502613,771227648,0.203125
7e5d3d11439260ab,cifar10,ssb-v3-block,mlp,protocol-v3,0.6,128,2,1,94,0.0031944579677656293,0.0033388750161975622,771227648,0.078125
7e5d3d11439260ab,cifar10,ssb-v3-block,mlp,protocol-v3,0.6,128,2,1,95,0.0036786249838769436,0.0042212080443277955,771227648,0.125
7e5d3d11439260ab,cifar10,ssb-v3-block,mlp,protocol-v3,0.6,128,2,1,96,0.0038972910260781646,0.004561166977509856,771227648,0.2421875
7e5d3d11439260ab,cifar10,ssb-v3-block,mlp,protocol-v3,0.6,128,2,1,97,0.003595332964323461,0.004083708976395428,771227648,0.203125
7e5d3d11439260ab,cifar10,ssb-v3-block,mlp,protocol-v3,0.6,128,2,1,98,0.0035100000095553696,0.0038626249879598618,771227648,0.0703125
7e5d3d11439260ab,cifar10,ssb-v3-block,mlp,protocol-v3,0.6,128,2,1,99,0.003784332948271185,0.004427707986906171,771227648,0.1171875
7e5d3d11439260ab,cifar10,ssb-v3-block,mlp,protocol-v3,0.6,128,2,1,100,0.0035224580205976963,0.003966749995015562,771227648,0.0703125
7e5d3d11439260ab,cifar10,ssb-v3-block,mlp,protocol-v3,0.6,128,2,1,101,0.003945083997678012,0.00397112499922514,771227648,0.2421875
7e5d3d11439260ab,cifar10,ssb-v3-block,mlp,protocol-v3,0.6,128,2,1,102,0.0035187500179745257,0.0040720420074649155,771227648,0.1171875
7e5d3d11439260ab,cifar10,ssb-v3-block,mlp,protocol-v3,0.6,128,2,1,103,0.004066583001986146,0.004833084007259458,771227648,0.1875
7e5d3d11439260ab,cifar10,ssb-v3-block,mlp,protocol-v3,0.6,128,2,1,104,0.0036752920132130384,0.004128583997953683,771227648,0.15625
7e5d3d11439260ab,cifar10,ssb-v3-block,mlp,protocol-v3,0.6,128,2,1,105,0.003628209000453353,0.00417729199398309,771227648,0.1015625
7e5d3d11439260ab,cifar10,ssb-v3-block,mlp,protocol-v3,0.6,128,2,1,106,0.0032661670120432973,0.0037158330087549984,771227648,0.109375
7e5d3d11439260ab,cifar10,ssb-v3-block,mlp,protocol-v3,0.6,128,2,1,107,0.0030424579745158553,0.0033776669879443944,771227648,0.234375
7e5d3d11439260ab,cifar10,ssb-v3-block,mlp,protocol-v3,0.6,128,2,1,108,0.0032893330208025873,0.003456916951108724,771227648,0.2109375
7e5d3d11439260ab,cifar10,ssb-v3-block,mlp,protocol-v3,0.6,128,2,1,109,0.003691209014505148,0.004508332989644259,771227648,0.1328125
7e5d3d11439260ab,cifar10,ssb-v3-block,mlp,protocol-v3,0.6,128,2,1,110,0.0034993329900316894,0.004012541030533612,771227648,0.0703125
7e5d3d11439260ab,cifar10,ssb-v3-block,mlp,protocol-v3,0.6,128,2,1,111,0.003498750040307641,0.004260541987605393,771227648,0.0703125
7e5d3d11439260ab,cifar10,ssb-v3-block,mlp,protocol-v3,0.6,128,2,1,112,0.0033163749612867832,0.003936625027563423,771227648,0.09375
7e5d3d11439260ab,cifar10,ssb-v3-block,mlp,protocol-v3,0.6,128,2,1,113,0.00328137498581782,0.003432124969549477,771227648,0.296875
7e5d3d11439260ab,cifar10,ssb-v3-block,mlp,protocol-v3,0.6,128,2,1,114,0.003162417036946863,0.0038009999552741647,771227648,0.125
7e5d3d11439260ab,cifar10,ssb-v3-block,mlp,protocol-v3,0.6,128,2,1,115,0.003973084036260843,0.004010166972875595,771227648,0.1796875
7e5d3d11439260ab,cifar10,ssb-v3-block,mlp,protocol-v3,0.6,128,2,1,116,0.0035777079756371677,0.004095249983947724,771227648,0.125
7e5d3d11439260ab,cifar10,ssb-v3-block,mlp,protocol-v3,0.6,128,2,1,117,0.0034280410036444664,0.003940875001717359,771227648,0.1953125
7e5d3d11439260ab,cifar10,ssb-v3-block,mlp,protocol-v3,0.6,128,2,1,118,0.0035349169629625976,0.003969833021983504,771227648,0.1796875
7e5d3d11439260ab,cifar10,ssb-v3-block,mlp,protocol-v3,0.6,128,2,1,119,0.003679084009490907,0.003907542035449296,771227648,0.1875
7e5d3d11439260ab,cifar10,ssb-v3-block,mlp,protocol-v3,0.6,128,2,1,120,0.0032120830146595836,0.003406040952540934,771227648,0.0859375
7e5d3d11439260ab,cifar10,ssb-v3-block,mlp,protocol-v3,0.6,128,2,1,121,0.003840832971036434,0.004489667015150189,771227648,0.140625
7e5d3d11439260ab,cifar10,ssb-v3-block,mlp,protocol-v3,0.6,128,2,1,122,0.003408165997825563,0.004082083003595471,771227648,0.109375
7e5d3d11439260ab,cifar10,ssb-v3-block,mlp,protocol-v3,0.6,128,2,1,123,0.002638333011418581,0.0027984579792246222,771227648,0.109375
7e5d3d11439260ab,cifar10,ssb-v3-block,mlp,protocol-v3,0.6,128,2,1,124,0.003408165997825563,0.003901667019817978,771227648,0.15625
7e5d3d11439260ab,cifar10,ssb-v3-block,mlp,protocol-v3,0.6,128,2,1,125,0.005910250009037554,0.006709458015393466,771833856,0.21875
7e5d3d11439260ab,cifar10,ssb-v3-block,mlp,protocol-v3,0.6,128,2,1,126,0.003702332964166999,0.004263125010766089,771850240,0.3203125
7e5d3d11439260ab,cifar10,ssb-v3-block,mlp,protocol-v3,0.6,128,2,1,127,0.0036747499834746122,0.004190250008832663,771850240,0.2265625
7e5d3d11439260ab,cifar10,ssb-v3-block,mlp,protocol-v3,0.6,128,2,1,128,0.00400512496707961,0.004354125005193055,771850240,0.2421875
7e5d3d11439260ab,cifar10,ssb-v3-block,mlp,protocol-v3,0.6,128,2,1,129,0.0038564589922316372,0.004730540968012065,771850240,0.0703125
7e5d3d11439260ab,cifar10,ssb-v3-block,mlp,protocol-v3,0.6,128,2,1,130,0.006788041035179049,0.009382750024087727,772849664,0.2734375
7e5d3d11439260ab,cifar10,ssb-v3-block,mlp,protocol-v3,0.6,128,2,1,131,0.0030559999868273735,0.003158083010930568,772866048,0.203125
7e5d3d11439260ab,cifar10,ssb-v3-block,mlp,protocol-v3,0.6,128,2,1,132,0.0034931249683722854,0.004040542000439018,773341184,0.0859375
7e5d3d11439260ab,cifar10,ssb-v3-block,mlp,protocol-v3,0.6,128,2,1,133,0.003969749959651381,0.004024249967187643,773357568,0.21875
7e5d3d11439260ab,cifar10,ssb-v3-block,mlp,protocol-v3,0.6,128,2,1,134,0.0032707920181564987,0.0036125420010648668,773357568,0.2734375
7e5d3d11439260ab,cifar10,ssb-v3-block,mlp,protocol-v3,0.6,128,2,1,135,0.00411295797675848,0.004977541975677013,773357568,0.2421875
7e5d3d11439260ab,cifar10,ssb-v3-block,mlp,protocol-v3,0.6,128,2,1,136,0.0032557499944232404,0.0034710410400293767,773357568,0.1953125
7e5d3d11439260ab,cifar10,ssb-v3-block,mlp,protocol-v3,0.6,128,2,1,137,0.003359708993230015,0.0036336249904707074,773357568,0.140625
7e5d3d11439260ab,cifar10,ssb-v3-block,mlp,protocol-v3,0.6,128,2,1,138,0.003617500013206154,0.004109375004190952,773373952,0.2265625
7e5d3d11439260ab,cifar10,ssb-v3-block,mlp,protocol-v3,0.6,128,2,1,139,0.003618541988544166,0.004301459004636854,773373952,0.2421875
7e5d3d11439260ab,cifar10,ssb-v3-block,mlp,protocol-v3,0.6,128,2,1,140,0.003794750024098903,0.004253208986483514,773390336,0.2421875
7e5d3d11439260ab,cifar10,ssb-v3-block,mlp,protocol-v3,0.6,128,2,1,141,0.003797583980485797,0.004407708009239286,773406720,0.1015625
7e5d3d11439260ab,cifar10,ssb-v3-block,mlp,protocol-v3,0.6,128,2,1,142,0.003662208968307823,0.004370708018541336,773406720,0.15625
7e5d3d11439260ab,cifar10,ssb-v3-block,mlp,protocol-v3,0.6,128,2,1,143,0.003786208981182426,0.004406374995596707,774389760,0.109375
7e5d3d11439260ab,cifar10,ssb-v3-block,mlp,protocol-v3,0.6,128,2,1,144,0.003513458010274917,0.004234082996845245,774389760,0.09375
7e5d3d11439260ab,cifar10,ssb-v3-block,mlp,protocol-v3,0.6,128,2,1,145,0.003439209016505629,0.003795584023464471,774389760,0.2265625
7e5d3d11439260ab,cifar10,ssb-v3-block,mlp,protocol-v3,0.6,128,2,1,146,0.0033089169883169234,0.0034967499668709934,774389760,0.1328125
7e5d3d11439260ab,cifar10,ssb-v3-block,mlp,protocol-v3,0.6,128,2,1,147,0.003202958032488823,0.0035903750103898346,774389760,0.1796875
7e5d3d11439260ab,cifar10,ssb-v3-block,mlp,protocol-v3,0.6,128,2,1,148,0.0028252920019440353,0.003056708024814725,774389760,0.1640625
7e5d3d11439260ab,cifar10,ssb-v3-block,mlp,protocol-v3,0.6,128,2,1,149,0.0032945419661700726,0.003605582984164357,774389760,0.2890625
7e5d3d11439260ab,cifar10,ssb-v3-block,mlp,protocol-v3,0.6,128,2,1,150,0.0032646670006215572,0.0035831659915857017,774389760,0.1015625
7e5d3d11439260ab,cifar10,ssb-v3-block,mlp,protocol-v3,0.6,128,2,1,151,0.0034679160453379154,0.003942292009014636,774389760,0.203125
7e5d3d11439260ab,cifar10,ssb-v3-block,mlp,protocol-v3,0.6,128,2,1,152,0.0037890829844400287,0.004556125029921532,774406144,0.0546875
7e5d3d11439260ab,cifar10,ssb-v3-block,mlp,protocol-v3,0.6,128,2,1,153,0.003330416977405548,0.003874333982821554,774406144,0.1953125
7e5d3d11439260ab,cifar10,ssb-v3-block,mlp,protocol-v3,0.6,128,2,1,154,0.0035416250466369092,0.00380062498152256,774406144,0.265625
7e5d3d11439260ab,cifar10,ssb-v3-block,mlp,protocol-v3,0.6,128,2,1,155,0.0031675000209361315,0.003099458001088351,774406144,0.265625
7e5d3d11439260ab,cifar10,ssb-v3-block,mlp,protocol-v3,0.6,128,2,1,156,0.0032205829629674554,0.0037494589923880994,774406144,0.0859375
7e5d3d11439260ab,cifar10,ssb-v3-block,mlp,protocol-v3,0.6,128,2,1,157,0.0034459579619579017,0.0038921660161577165,774406144,0.2265625
7e5d3d11439260ab,cifar10,ssb-v3-block,mlp,protocol-v3,0.6,128,2,1,158,0.003768624970689416,0.004376875003799796,774406144,0.3203125
7e5d3d11439260ab,cifar10,ssb-v3-block,mlp,protocol-v3,0.6,128,2,1,159,0.0036751250154338777,0.0037643330288119614,774406144,0.1875
7e5d3d11439260ab,cifar10,ssb-v3-block,mlp,protocol-v3,0.6,128,2,1,160,0.00318620796315372,0.0034647919819690287,774406144,0.09375
7e5d3d11439260ab,cifar10,ssb-v3-block,mlp,protocol-v3,0.6,128,2,1,161,0.0030286250403150916,0.0031980000203475356,774406144,0.109375
7e5d3d11439260ab,cifar10,ssb-v3-block,mlp,protocol-v3,0.6,128,2,1,162,0.0033579999580979347,0.0034279159735888243,774406144,0.3203125
7e5d3d11439260ab,cifar10,ssb-v3-block,mlp,protocol-v3,0.6,128,2,1,163,0.0029572080238722265,0.00299466704018414,774406144,0.296875
7e5d3d11439260ab,cifar10,ssb-v3-block,mlp,protocol-v3,0.6,128,2,1,164,0.0033635420259088278,0.0038619590341113508,774406144,0.125
7e5d3d11439260ab,cifar10,ssb-v3-block,mlp,protocol-v3,0.6,128,2,1,165,0.004368791007436812,0.004345541994553059,774406144,0.1171875
7e5d3d11439260ab,cifar10,ssb-v3-block,mlp,protocol-v3,0.6,128,2,1,166,0.0038249159697443247,0.004643750027753413,774406144,0.328125
7e5d3d11439260ab,cifar10,ssb-v3-block,mlp,protocol-v3,0.6,128,2,1,167,0.0035133329802192748,0.004021625034511089,774406144,0.125
7e5d3d11439260ab,cifar10,ssb-v3-block,mlp,protocol-v3,0.6,128,2,1,168,0.003718834021128714,0.004447458020877093,774406144,0.328125
7e5d3d11439260ab,cifar10,ssb-v3-block,mlp,protocol-v3,0.6,128,2,1,169,0.0035481249797157943,0.0036647089873440564,774406144,0.1484375
7e5d3d11439260ab,cifar10,ssb-v3-block,mlp,protocol-v3,0.6,128,2,1,170,0.0033177919685840607,0.0037699579843319952,774406144,0.1953125
7e5d3d11439260ab,cifar10,ssb-v3-block,mlp,protocol-v3,0.6,128,2,1,171,0.003698791959322989,0.004150332999415696,774406144,0.1953125
7e5d3d11439260ab,cifar10,ssb-v3-block,mlp,protocol-v3,0.6,128,2,1,172,0.003582458011806011,0.004465124977286905,774422528,0.0625
7e5d3d11439260ab,cifar10,ssb-v3-block,mlp,protocol-v3,0.6,128,2,1,173,0.003972542006522417,0.004236875043716282,774438912,0.265625
7e5d3d11439260ab,cifar10,ssb-v3-block,mlp,protocol-v3,0.6,128,2,1,174,0.003573124995455146,0.004203958029393107,774438912,0.109375
7e5d3d11439260ab,cifar10,ssb-v3-block,mlp,protocol-v3,0.6,128,2,1,175,0.003786333021707833,0.004611999960616231,774438912,0.203125
7e5d3d11439260ab,cifar10,ssb-v3-block,mlp,protocol-v3,0.6,128,2,1,176,0.003051958978176117,0.00317929097218439,774438912,0.2109375
7e5d3d11439260ab,cifar10,ssb-v3-block,mlp,protocol-v3,0.6,128,2,1,177,0.0033081250148825347,0.003456709033343941,774438912,0.109375
7e5d3d11439260ab,cifar10,ssb-v3-block,mlp,protocol-v3,0.6,128,2,1,178,0.0033254589652642608,0.0031394169782288373,774438912,0.1328125
7e5d3d11439260ab,cifar10,ssb-v3-block,mlp,protocol-v3,0.6,128,2,1,179,0.003788125002756715,0.004465625039301813,774438912,0.125
7e5d3d11439260ab,cifar10,ssb-v3-block,mlp,protocol-v3,0.6,128,2,1,180,0.004509291960857809,0.004649500013329089,774438912,0.2734375
7e5d3d11439260ab,cifar10,ssb-v3-block,mlp,protocol-v3,0.6,128,2,1,181,0.0033692079596221447,0.003811667033005506,774471680,0.1484375
7e5d3d11439260ab,cifar10,ssb-v3-block,mlp,protocol-v3,0.6,128,2,1,182,0.003323167038615793,0.00350079097552225,774471680,0.1953125
7e5d3d11439260ab,cifar10,ssb-v3-block,mlp,protocol-v3,0.6,128,2,1,183,0.0033926249598152936,0.0038563330308534205,774471680,0.1015625
7e5d3d11439260ab,cifar10,ssb-v3-block,mlp,protocol-v3,0.6,128,2,1,184,0.003724291978869587,0.004499375005252659,774471680,0.203125
7e5d3d11439260ab,cifar10,ssb-v3-block,mlp,protocol-v3,0.6,128,2,1,185,0.0035113749909214675,0.003965542011428624,774471680,0.296875
7e5d3d11439260ab,cifar10,ssb-v3-block,mlp,protocol-v3,0.6,128,2,1,186,0.0036327920388430357,0.0042294589802622795,774471680,0.1015625
7e5d3d11439260ab,cifar10,ssb-v3-block,mlp,protocol-v3,0.6,128,2,1,187,0.0036802500253543258,0.004131207999307662,774488064,0.0625
7e5d3d11439260ab,cifar10,ssb-v3-block,mlp,protocol-v3,0.6,128,2,1,188,0.004293709003832191,0.006091332994401455,774488064,0.0703125
7e5d3d11439260ab,cifar10,ssb-v3-block,mlp,protocol-v3,0.6,128,2,1,189,0.006215207977220416,0.008049249998293817,774488064,0.2265625
7e5d3d11439260ab,cifar10,ssb-v3-block,mlp,protocol-v3,0.6,128,2,1,190,0.004682124999817461,0.00536045798799023,774488064,0.234375
7e5d3d11439260ab,cifar10,ssb-v3-block,mlp,protocol-v3,0.6,128,2,1,191,0.0030700420029461384,0.0030330420122481883,774488064,0.1640625
7e5d3d11439260ab,cifar10,ssb-v3-block,mlp,protocol-v3,0.6,128,2,1,192,0.003742749977391213,0.004398041986860335,774488064,0.0859375
7e5d3d11439260ab,cifar10,ssb-v3-block,mlp,protocol-v3,0.6,128,2,1,193,0.00348137499531731,0.003615708032157272,774488064,0.109375
7e5d3d11439260ab,cifar10,ssb-v3-block,mlp,protocol-v3,0.6,128,2,1,194,0.0032267500064335763,0.0031302079441957176,774504448,0.125
7e5d3d11439260ab,cifar10,ssb-v3-block,mlp,protocol-v3,0.6,128,2,1,195,0.0035399579792283475,0.0040532079874537885,774504448,0.0625
7e5d3d11439260ab,cifar10,ssb-v3-block,mlp,protocol-v3,0.6,128,2,1,196,0.0038864590460434556,0.003853917005471885,774504448,0.2109375
7e5d3d11439260ab,cifar10,ssb-v3-block,mlp,protocol-v3,0.6,128,2,1,197,0.004001250024884939,0.005024957994464785,774504448,0.1796875
7e5d3d11439260ab,cifar10,ssb-v3-block,mlp,protocol-v3,0.6,128,2,1,198,0.003296000009868294,0.0035774580319412053,774504448,0.2421875
7e5d3d11439260ab,cifar10,ssb-v3-block,mlp,protocol-v3,0.6,128,2,1,199,0.0037121669738553464,0.004026125010568649,774504448,0.1484375
7e5d3d11439260ab,cifar10,ssb-v3-block,mlp,protocol-v3,0.6,128,2,1,200,0.0034961249912157655,0.003934707958251238,774504448,0.140625
7e5d3d11439260ab,cifar10,ssb-v3-block,mlp,protocol-v3,0.6,128,2,1,201,0.003925292054191232,0.003889166982844472,774504448,0.2109375
7e5d3d11439260ab,cifar10,ssb-v3-block,mlp,protocol-v3,0.6,128,2,1,202,0.003579000011086464,0.004119957971852273,774520832,0.0625
7e5d3d11439260ab,cifar10,ssb-v3-block,mlp,protocol-v3,0.6,128,2,1,203,0.003310499945655465,0.0037669159937649965,774537216,0.046875
7e5d3d11439260ab,cifar10,ssb-v3-block,mlp,protocol-v3,0.6,128,2,1,204,0.0034789590281434357,0.003747790993656963,774537216,0.3046875
7e5d3d11439260ab,cifar10,ssb-v3-block,mlp,protocol-v3,0.6,128,2,1,205,0.003335916029755026,0.003978000022470951,774537216,0.03125
7e5d3d11439260ab,cifar10,ssb-v3-block,mlp,protocol-v3,0.6,128,2,1,206,0.003343291988130659,0.0036820840323343873,774537216,0.1484375
7e5d3d11439260ab,cifar10,ssb-v3-block,mlp,protocol-v3,0.6,128,2,1,207,0.0030182910268194973,0.0030133749824017286,774537216,0.21875
7e5d3d11439260ab,cifar10,ssb-v3-block,mlp,protocol-v3,0.6,128,2,1,208,0.0036238329485058784,0.0041816249722614884,774537216,0.28125
7e5d3d11439260ab,cifar10,ssb-v3-block,mlp,protocol-v3,0.6,128,2,1,209,0.003836292016785592,0.004558707994874567,774537216,0.296875
7e5d3d11439260ab,cifar10,ssb-v3-block,mlp,protocol-v3,0.6,128,2,1,210,0.00360587501199916,0.004158750001806766,774553600,0.2578125
7e5d3d11439260ab,cifar10,ssb-v3-block,mlp,protocol-v3,0.6,128,2,1,211,0.003726749971974641,0.004173042019829154,774553600,0.3046875
7e5d3d11439260ab,cifar10,ssb-v3-block,mlp,protocol-v3,0.6,128,2,1,212,0.0034823750029318035,0.0038305409834720194,774553600,0.1953125
7e5d3d11439260ab,cifar10,ssb-v3-block,mlp,protocol-v3,0.6,128,2,1,213,0.0038199160480871797,0.004656874982174486,774553600,0.0859375
7e5d3d11439260ab,cifar10,ssb-v3-block,mlp,protocol-v3,0.6,128,2,1,214,0.003113207989372313,0.0034116670140065253,774553600,0.1640625
7e5d3d11439260ab,cifar10,ssb-v3-block,mlp,protocol-v3,0.6,128,2,1,215,0.0027932089869864285,0.002782750001642853,774553600,0.1171875
7e5d3d11439260ab,cifar10,ssb-v3-block,mlp,protocol-v3,0.6,128,2,1,216,0.003495541983284056,0.0038404579972848296,774553600,0.34375
7e5d3d11439260ab,cifar10,ssb-v3-block,mlp,protocol-v3,0.6,128,2,1,217,0.002927292021922767,0.002937750017736107,774553600,0.1796875
7e5d3d11439260ab,cifar10,ssb-v3-block,mlp,protocol-v3,0.6,128,2,1,218,0.00404437497491017,0.004747666942421347,774553600,0.359375
7e5d3d11439260ab,cifar10,ssb-v3-block,mlp,protocol-v3,0.6,128,2,1,219,0.004120832949411124,0.0043822500156238675,774553600,0.296875
7e5d3d11439260ab,cifar10,ssb-v3-block,mlp,protocol-v3,0.6,128,2,1,220,0.0032907089916989207,0.0036765830009244382,774553600,0.15625
7e5d3d11439260ab,cifar10,ssb-v3-block,mlp,protocol-v3,0.6,128,2,1,221,0.0033597080036997795,0.0036441669799387455,774553600,0.1171875
7e5d3d11439260ab,cifar10,ssb-v3-block,mlp,protocol-v3,0.6,128,2,1,222,0.0038341249455697834,0.00443525001173839,774553600,0.3046875
7e5d3d11439260ab,cifar10,ssb-v3-block,mlp,protocol-v3,0.6,128,2,1,223,0.004360999970231205,0.005217666970565915,774553600,0.296875
7e5d3d11439260ab,cifar10,ssb-v3-block,mlp,protocol-v3,0.6,128,2,1,224,0.0028580829966813326,0.002963875012937933,774553600,0.09375
7e5d3d11439260ab,cifar10,ssb-v3-block,mlp,protocol-v3,0.6,128,2,1,225,0.0038501659873872995,0.004385833046399057,774553600,0.2890625
7e5d3d11439260ab,cifar10,ssb-v3-block,mlp,protocol-v3,0.6,128,2,1,226,0.0036437500384636223,0.0044759580050595105,774553600,0.09375
7e5d3d11439260ab,cifar10,ssb-v3-block,mlp,protocol-v3,0.6,128,2,1,227,0.0035232920199632645,0.004312374978326261,774553600,0.265625
7e5d3d11439260ab,cifar10,ssb-v3-block,mlp,protocol-v3,0.6,128,2,1,228,0.00374625000404194,0.004249332996550947,774553600,0.28125
7e5d3d11439260ab,cifar10,ssb-v3-block,mlp,protocol-v3,0.6,128,2,1,229,0.003910625004209578,0.004623958026058972,774553600,0.3359375
7e5d3d11439260ab,cifar10,ssb-v3-block,mlp,protocol-v3,0.6,128,2,1,230,0.003523542021866888,0.004039000021293759,774553600,0.25
7e5d3d11439260ab,cifar10,ssb-v3-block,mlp,protocol-v3,0.6,128,2,1,231,0.003687500022351742,0.003785250009968877,774553600,0.2734375
7e5d3d11439260ab,cifar10,ssb-v3-block,mlp,protocol-v3,0.6,128,2,1,232,0.0033576670102775097,0.0036375419585965574,774553600,0.234375
7e5d3d11439260ab,cifar10,ssb-v3-block,mlp,protocol-v3,0.6,128,2,1,233,0.003782583982683718,0.0048569580540061,774569984,0.09375
7e5d3d11439260ab,cifar10,ssb-v3-block,mlp,protocol-v3,0.6,128,2,1,234,0.0038925420376472175,0.003957917040679604,774569984,0.2421875
7e5d3d11439260ab,cifar10,ssb-v3-block,mlp,protocol-v3,0.6,128,2,1,235,0.0029573749634437263,0.0029792499844916165,774569984,0.21875
7e5d3d11439260ab,cifar10,ssb-v3-block,mlp,protocol-v3,0.6,128,2,1,236,0.002813790983054787,0.0028219170053489506,774569984,0.2109375
7e5d3d11439260ab,cifar10,ssb-v3-block,mlp,protocol-v3,0.6,128,2,1,237,0.0037791249924339354,0.0045262499479576945,774586368,0.140625
7e5d3d11439260ab,cifar10,ssb-v3-block,mlp,protocol-v3,0.6,128,2,1,238,0.004034542012959719,0.004018375009763986,774586368,0.078125
7e5d3d11439260ab,cifar10,ssb-v3-block,mlp,protocol-v3,0.6,128,2,1,239,0.0039797499775886536,0.003942832991015166,774586368,0.3359375
7e5d3d11439260ab,cifar10,ssb-v3-block,mlp,protocol-v3,0.6,128,2,1,240,0.0038084580446593463,0.004537458007689565,774586368,0.2265625
7e5d3d11439260ab,cifar10,ssb-v3-block,mlp,protocol-v3,0.6,128,2,1,241,0.003495125041808933,0.004160207987297326,774586368,0.1015625
7e5d3d11439260ab,cifar10,ssb-v3-block,mlp,protocol-v3,0.6,128,2,1,242,0.003531666996423155,0.004341457970440388,774586368,0.1953125
7e5d3d11439260ab,cifar10,ssb-v3-block,mlp,protocol-v3,0.6,128,2,1,243,0.003260584024246782,0.003313999972306192,774586368,0.0703125
7e5d3d11439260ab,cifar10,ssb-v3-block,mlp,protocol-v3,0.6,128,2,1,244,0.0032717499998398125,0.003554707975126803,774586368,0.109375
7e5d3d11439260ab,cifar10,ssb-v3-block,mlp,protocol-v3,0.6,128,2,1,245,0.0033402079716324806,0.003535417024977505,774586368,0.1796875
7e5d3d11439260ab,cifar10,ssb-v3-block,mlp,protocol-v3,0.6,128,2,1,246,0.003530958027113229,0.003962542046792805,774586368,0.28125
7e5d3d11439260ab,cifar10,ssb-v3-block,mlp,protocol-v3,0.6,128,2,1,247,0.0037742499844171107,0.005173875018954277,774602752,0.0703125
7e5d3d11439260ab,cifar10,ssb-v3-block,mlp,protocol-v3,0.6,128,2,1,248,0.004033250035718083,0.00487279100343585,774602752,0.3046875
7e5d3d11439260ab,cifar10,ssb-v3-block,mlp,protocol-v3,0.6,128,2,1,249,0.0034944170038215816,0.003879374999087304,774602752,0.3046875
7e5d3d11439260ab,cifar10,ssb-v3-block,mlp,protocol-v3,0.6,128,2,1,250,0.003668083983939141,0.004480458970647305,774602752,0.25
7e5d3d11439260ab,cifar10,ssb-v3-block,mlp,protocol-v3,0.6,128,2,1,251,0.003609832958318293,0.0034738340182229877,774602752,0.0859375
7e5d3d11439260ab,cifar10,ssb-v3-block,mlp,protocol-v3,0.6,128,2,1,252,0.0037950000260025263,0.004489790997467935,774602752,0.3203125
7e5d3d11439260ab,cifar10,ssb-v3-block,mlp,protocol-v3,0.6,128,2,1,253,0.003519749967381358,0.0038581250119023025,774602752,0.1640625
7e5d3d11439260ab,cifar10,ssb-v3-block,mlp,protocol-v3,0.6,128,2,1,254,0.003702915972098708,0.00429037498543039,774602752,0.1875
7e5d3d11439260ab,cifar10,ssb-v3-block,mlp,protocol-v3,0.6,128,2,1,255,0.003283750033006072,0.003475167031865567,774602752,0.359375
7e5d3d11439260ab,cifar10,ssb-v3-block,mlp,protocol-v3,0.6,128,2,1,256,0.003516750002745539,0.003824375045951456,774602752,0.3046875
7e5d3d11439260ab,cifar10,ssb-v3-block,mlp,protocol-v3,0.6,128,2,1,257,0.003117416985332966,0.0033424579887650907,774602752,0.21875
7e5d3d11439260ab,cifar10,ssb-v3-block,mlp,protocol-v3,0.6,128,2,1,258,0.0037918329471722245,0.004184915975201875,774619136,0.390625
7e5d3d11439260ab,cifar10,ssb-v3-block,mlp,protocol-v3,0.6,128,2,1,259,0.0038126659928821027,0.003640083014033735,774635520,0.1015625
7e5d3d11439260ab,cifar10,ssb-v3-block,mlp,protocol-v3,0.6,128,2,1,260,0.0034731249907054007,0.0037493330310098827,774635520,0.3125
7e5d3d11439260ab,cifar10,ssb-v3-block,mlp,protocol-v3,0.6,128,2,1,261,0.0031644580303691328,0.0033226660452783108,774635520,0.1953125
7e5d3d11439260ab,cifar10,ssb-v3-block,mlp,protocol-v3,0.6,128,2,1,262,0.0037083750357851386,0.004223167023155838,774635520,0.234375
7e5d3d11439260ab,cifar10,ssb-v3-block,mlp,protocol-v3,0.6,128,2,1,263,0.003981040965300053,0.004530750040430576,774635520,0.2421875
7e5d3d11439260ab,cifar10,ssb-v3-block,mlp,protocol-v3,0.6,128,2,1,264,0.003376250038854778,0.003766792011447251,774635520,0.2578125
7e5d3d11439260ab,cifar10,ssb-v3-block,mlp,protocol-v3,0.6,128,2,1,265,0.00365258299279958,0.004238332970999181,774635520,0.375
7e5d3d11439260ab,cifar10,ssb-v3-block,mlp,protocol-v3,0.6,128,2,1,266,0.004144999955315143,0.004511208040639758,774635520,0.28125
7e5d3d11439260ab,cifar10,ssb-v3-block,mlp,protocol-v3,0.6,128,2,1,267,0.00300512503599748,0.003328500024508685,774635520,0.234375
7e5d3d11439260ab,cifar10,ssb-v3-block,mlp,protocol-v3,0.6,128,2,1,268,0.00402870902325958,0.004787666955962777,774635520,0.2734375
7e5d3d11439260ab,cifar10,ssb-v3-block,mlp,protocol-v3,0.6,128,2,1,269,0.003791083989199251,0.00441637501353398,774635520,0.078125
7e5d3d11439260ab,cifar10,ssb-v3-block,mlp,protocol-v3,0.6,128,2,1,270,0.0032874579774215817,0.0035207500332035124,774651904,0.109375
7e5d3d11439260ab,cifar10,ssb-v3-block,mlp,protocol-v3,0.6,128,2,1,271,0.0034744999720714986,0.0037834999966435134,774651904,0.15625
7e5d3d11439260ab,cifar10,ssb-v3-block,mlp,protocol-v3,0.6,128,2,1,272,0.0029080829699523747,0.0031527919927611947,774651904,0.21875
7e5d3d11439260ab,cifar10,ssb-v3-block,mlp,protocol-v3,0.6,128,2,1,273,0.003084625001065433,0.0034865420311689377,774651904,0.0859375
7e5d3d11439260ab,cifar10,ssb-v3-block,mlp,protocol-v3,0.6,128,2,1,274,0.00373633299022913,0.004514250031206757,774651904,0.1015625
7e5d3d11439260ab,cifar10,ssb-v3-block,mlp,protocol-v3,0.6,128,2,1,275,0.004054000019095838,0.004100332967936993,774651904,0.1171875
7e5d3d11439260ab,cifar10,ssb-v3-block,mlp,protocol-v3,0.6,128,2,1,276,0.003927082987502217,0.00485337502323091,774651904,0.2421875
7e5d3d11439260ab,cifar10,ssb-v3-block,mlp,protocol-v3,0.6,128,2,1,277,0.0033840000396594405,0.003597875009290874,774651904,0.2890625
7e5d3d11439260ab,cifar10,ssb-v3-block,mlp,protocol-v3,0.6,128,2,1,278,0.003264542028773576,0.003731166012585163,774651904,0.125
7e5d3d11439260ab,cifar10,ssb-v3-block,mlp,protocol-v3,0.6,128,2,1,279,0.004867875017225742,0.0045012920163571835,774651904,0.109375
7e5d3d11439260ab,cifar10,ssb-v3-block,mlp,protocol-v3,0.6,128,2,1,280,0.00356233399361372,0.0040231249877251685,774651904,0.2578125
7e5d3d11439260ab,cifar10,ssb-v3-block,mlp,protocol-v3,0.6,128,2,1,281,0.0032238749554380774,0.0035733330296352506,774651904,0.1015625
7e5d3d11439260ab,cifar10,ssb-v3-block,mlp,protocol-v3,0.6,128,2,1,282,0.003437249979469925,0.003663834009785205,774668288,0.2265625
7e5d3d11439260ab,cifar10,ssb-v3-block,mlp,protocol-v3,0.6,128,2,1,283,0.0032795839942991734,0.003572500019799918,774668288,0.265625
7e5d3d11439260ab,cifar10,ssb-v3-block,mlp,protocol-v3,0.6,128,2,1,284,0.003682166978251189,0.00432045798515901,774668288,0.28125
7e5d3d11439260ab,cifar10,ssb-v3-block,mlp,protocol-v3,0.6,128,2,1,285,0.004247042001225054,0.005035166977904737,774684672,0.2734375
7e5d3d11439260ab,cifar10,ssb-v3-block,mlp,protocol-v3,0.6,128,2,1,286,0.003442875051405281,0.004052290983963758,774701056,0.1796875
7e5d3d11439260ab,cifar10,ssb-v3-block,mlp,protocol-v3,0.6,128,2,1,287,0.0037480409955605865,0.004470542015042156,774717440,0.296875
7e5d3d11439260ab,cifar10,ssb-v3-block,mlp,protocol-v3,0.6,128,2,1,288,0.0031886249780654907,0.0033374170307070017,774717440,0.296875
7e5d3d11439260ab,cifar10,ssb-v3-block,mlp,protocol-v3,0.6,128,2,1,289,0.0037958750035613775,0.0042315839673392475,774733824,0.1171875
7e5d3d11439260ab,cifar10,ssb-v3-block,mlp,protocol-v3,0.6,128,2,1,290,0.004242125025484711,0.00451129098655656,774733824,0.2890625
7e5d3d11439260ab,cifar10,ssb-v3-block,mlp,protocol-v3,0.6,128,2,1,291,0.0037044170312583447,0.004203832999337465,774733824,0.3359375
7e5d3d11439260ab,cifar10,ssb-v3-block,mlp,protocol-v3,0.6,128,2,1,292,0.003529790963511914,0.004045583016704768,774733824,0.3046875
7e5d3d11439260ab,cifar10,ssb-v3-block,mlp,protocol-v3,0.6,128,2,1,293,0.0035257500130683184,0.00382845796411857,774733824,0.2734375
7e5d3d11439260ab,cifar10,ssb-v3-block,mlp,protocol-v3,0.6,128,2,1,294,0.0034508330281823874,0.0036686669918708503,774750208,0.2734375
7e5d3d11439260ab,cifar10,ssb-v3-block,mlp,protocol-v3,0.6,128,2,1,295,0.0037367919576354325,0.004450458975043148,774750208,0.21875
7e5d3d11439260ab,cifar10,ssb-v3-block,mlp,protocol-v3,0.6,128,2,1,296,0.0035314169945195317,0.004175208974629641,774750208,0.0859375
7e5d3d11439260ab,cifar10,ssb-v3-block,mlp,protocol-v3,0.6,128,2,1,297,0.003583499987144023,0.004105667001567781,774750208,0.0703125
7e5d3d11439260ab,cifar10,ssb-v3-block,mlp,protocol-v3,0.6,128,2,1,298,0.0032992500346153975,0.0033880830160342157,774766592,0.2890625
7e5d3d11439260ab,cifar10,ssb-v3-block,mlp,protocol-v3,0.6,128,2,1,299,0.0031580000068061054,0.0035832499852404,774766592,0.1796875
7e5d3d11439260ab,cifar10,ssb-v3-block,mlp,protocol-v3,0.6,128,2,1,300,0.00320608401671052,0.003537332988344133,774766592,0.03125
7e5d3d11439260ab,cifar10,ssb-v3-block,mlp,protocol-v3,0.6,128,2,1,301,0.00373204197967425,0.004259041976183653,774766592,0.3203125
7e5d3d11439260ab,cifar10,ssb-v3-block,mlp,protocol-v3,0.6,128,2,1,302,0.0034019160084426403,0.003919249982573092,774766592,0.1484375
7e5d3d11439260ab,cifar10,ssb-v3-block,mlp,protocol-v3,0.6,128,2,1,303,0.0034481659531593323,0.00377354200463742,774766592,0.2890625
7e5d3d11439260ab,cifar10,ssb-v3-block,mlp,protocol-v3,0.6,128,2,1,304,0.003700291970744729,0.004275582963600755,774766592,0.1171875
7e5d3d11439260ab,cifar10,ssb-v3-block,mlp,protocol-v3,0.6,128,2,1,305,0.003308209008537233,0.0035002080257982016,774766592,0.40625
7e5d3d11439260ab,cifar10,ssb-v3-block,mlp,protocol-v3,0.6,128,2,1,306,0.003091874998062849,0.0029829999548383057,774766592,0.2578125
7e5d3d11439260ab,cifar10,ssb-v3-block,mlp,protocol-v3,0.6,128,2,1,307,0.0034401669981889427,0.003885667014401406,774766592,0.21875
7e5d3d11439260ab,cifar10,ssb-v3-block,mlp,protocol-v3,0.6,128,2,1,308,0.0030584170017391443,0.0031259169918484986,774782976,0.078125
7e5d3d11439260ab,cifar10,ssb-v3-block,mlp,protocol-v3,0.6,128,2,1,309,0.0034244999988004565,0.003742167027667165,774782976,0.2734375
7e5d3d11439260ab,cifar10,ssb-v3-block,mlp,protocol-v3,0.6,128,2,1,310,0.003689749981276691,0.004375917022116482,774782976,0.2265625
7e5d3d11439260ab,cifar10,ssb-v3-block,mlp,protocol-v3,0.6,128,2,1,311,0.003964999981690198,0.004660916980355978,774782976,0.3125
7e5d3d11439260ab,cifar10,ssb-v3-block,mlp,protocol-v3,0.6,128,2,1,312,0.0035783330095000565,0.003890082996804267,774799360,0.2734375
7e5d3d11439260ab,cifar10,ssb-v3-block,mlp,protocol-v3,0.6,128,2,1,313,0.0034444580087438226,0.003986666037235409,774799360,0.28125
7e5d3d11439260ab,cifar10,ssb-v3-block,mlp,protocol-v3,0.6,128,2,1,314,0.003436667029745877,0.003577625029720366,774799360,0.3125
7e5d3d11439260ab,cifar10,ssb-v3-block,mlp,protocol-v3,0.6,128,2,1,315,0.003115625004284084,0.0034214999759569764,774832128,0.1171875
7e5d3d11439260ab,cifar10,ssb-v3-block,mlp,protocol-v3,0.6,128,2,1,316,0.003315083042252809,0.003643167030531913,774832128,0.09375
7e5d3d11439260ab,cifar10,ssb-v3-block,mlp,protocol-v3,0.6,128,2,1,317,0.003969334007706493,0.004728165979031473,774832128,0.0859375
7e5d3d11439260ab,cifar10,ssb-v3-block,mlp,protocol-v3,0.6,128,2,1,318,0.003632917010691017,0.004282500012777746,774832128,0.25
7e5d3d11439260ab,cifar10,ssb-v3-block,mlp,protocol-v3,0.6,128,2,1,319,0.003456000005826354,0.003707416995894164,774832128,0.2890625
7e5d3d11439260ab,cifar10,ssb-v3-block,mlp,protocol-v3,0.6,128,2,1,320,0.0034738749964162707,0.0037571670254692435,774832128,0.3828125
7e5d3d11439260ab,cifar10,ssb-v3-block,mlp,protocol-v3,0.6,128,2,1,321,0.003529332985635847,0.00420308398315683,774848512,0.3046875
7e5d3d11439260ab,cifar10,ssb-v3-block,mlp,protocol-v3,0.6,128,2,1,322,0.00346625002566725,0.00346625002566725,774848512,0.2734375
7e5d3d11439260ab,cifar10,ssb-v3-block,mlp,protocol-v3,0.6,128,2,1,323,0.0037828750209882855,0.004471708962228149,774848512,0.2421875
7e5d3d11439260ab,cifar10,ssb-v3-block,mlp,protocol-v3,0.6,128,2,1,324,0.0028999579953961074,0.002886875008698553,774848512,0.2421875
7e5d3d11439260ab,cifar10,ssb-v3-block,mlp,protocol-v3,0.6,128,2,1,325,0.003545083978679031,0.003950207959860563,774864896,0.125
7e5d3d11439260ab,cifar10,ssb-v3-block,mlp,protocol-v3,0.6,128,2,1,326,0.003677540982607752,0.004532000049948692,774864896,0.390625
7e5d3d11439260ab,cifar10,ssb-v3-block,mlp,protocol-v3,0.6,128,2,1,327,0.0035104579874314368,0.004018625011667609,774864896,0.25
7e5d3d11439260ab,cifar10,ssb-v3-block,mlp,protocol-v3,0.6,128,2,1,328,0.0037965840310789645,0.003534915973432362,774864896,0.2734375
7e5d3d11439260ab,cifar10,ssb-v3-block,mlp,protocol-v3,0.6,128,2,1,329,0.003618541988544166,0.004383583029266447,774864896,0.1328125
7e5d3d11439260ab,cifar10,ssb-v3-block,mlp,protocol-v3,0.6,128,2,1,330,0.003928124962840229,0.004842334019485861,774864896,0.3359375
7e5d3d11439260ab,cifar10,ssb-v3-block,mlp,protocol-v3,0.6,128,2,1,331,0.003495040989946574,0.003522750048432499,774864896,0.203125
7e5d3d11439260ab,cifar10,ssb-v3-block,mlp,protocol-v3,0.6,128,2,1,332,0.0038280829903669655,0.0044488750281743705,774864896,0.0859375
7e5d3d11439260ab,cifar10,ssb-v3-block,mlp,protocol-v3,0.6,128,2,1,333,0.002741708012763411,0.0028402910102158785,774864896,0.25
7e5d3d11439260ab,cifar10,ssb-v3-block,mlp,protocol-v3,0.6,128,2,1,334,0.003853917005471885,0.004717583011370152,774864896,0.2265625
7e5d3d11439260ab,cifar10,ssb-v3-block,mlp,protocol-v3,0.6,128,2,1,335,0.004057416983414441,0.0033918340341188014,774864896,0.2578125
7e5d3d11439260ab,cifar10,ssb-v3-block,mlp,protocol-v3,0.6,128,2,1,336,0.0034937920281663537,0.004205166012980044,774864896,0.1484375
7e5d3d11439260ab,cifar10,ssb-v3-block,mlp,protocol-v3,0.6,128,2,1,337,0.0031961670028977096,0.0034604999818839133,774881280,0.25
7e5d3d11439260ab,cifar10,ssb-v3-block,mlp,protocol-v3,0.6,128,2,1,338,0.0036356669734232128,0.004435750015545636,774881280,0.078125
7e5d3d11439260ab,cifar10,ssb-v3-block,mlp,protocol-v3,0.6,128,2,1,339,0.0035326670040376484,0.0043170840363018215,774881280,0.328125
7e5d3d11439260ab,cifar10,ssb-v3-block,mlp,protocol-v3,0.6,128,2,1,340,0.0036812080070376396,0.004268750024493784,774881280,0.28125
7e5d3d11439260ab,cifar10,ssb-v3-block,mlp,protocol-v3,0.6,128,2,1,341,0.003494291042443365,0.004022208042442799,774881280,0.109375
7e5d3d11439260ab,cifar10,ssb-v3-block,mlp,protocol-v3,0.6,128,2,1,342,0.00398720899829641,0.00408362498274073,774881280,0.421875
7e5d3d11439260ab,cifar10,ssb-v3-block,mlp,protocol-v3,0.6,128,2,1,343,0.0038212499930523336,0.0044832080020569265,774881280,0.265625
7e5d3d11439260ab,cifar10,ssb-v3-block,mlp,protocol-v3,0.6,128,2,1,344,0.0035540409735403955,0.0038634579977951944,774897664,0.34375
7e5d3d11439260ab,cifar10,ssb-v3-block,mlp,protocol-v3,0.6,128,2,1,345,0.0033401669934391975,0.003733667021151632,774897664,0.1953125
7e5d3d11439260ab,cifar10,ssb-v3-block,mlp,protocol-v3,0.6,128,2,1,346,0.003177375008817762,0.0033188750385306776,774897664,0.1796875
7e5d3d11439260ab,cifar10,ssb-v3-block,mlp,protocol-v3,0.6,128,2,1,347,0.0032326250220648944,0.0034728340106084943,774897664,0.359375
7e5d3d11439260ab,cifar10,ssb-v3-block,mlp,protocol-v3,0.6,128,2,1,348,0.003310957981739193,0.0035238330019637942,774897664,0.359375
7e5d3d11439260ab,cifar10,ssb-v3-block,mlp,protocol-v3,0.6,128,2,1,349,0.003472208045423031,0.0038061249651946127,774897664,0.1328125
7e5d3d11439260ab,cifar10,ssb-v3-block,mlp,protocol-v3,0.6,128,2,1,350,0.0036340419901534915,0.00427450001006946,774897664,0.265625
7e5d3d11439260ab,cifar10,ssb-v3-block,mlp,protocol-v3,0.6,128,2,1,351,0.0034026249777525663,0.0038198339752852917,774897664,0.2421875
7e5d3d11439260ab,cifar10,ssb-v3-block,mlp,protocol-v3,0.6,128,2,1,352,0.0035542920231819153,0.004012459015939385,774897664,0.3203125
7e5d3d11439260ab,cifar10,ssb-v3-block,mlp,protocol-v3,0.6,128,2,1,353,0.0037349999765865505,0.004472915956284851,774897664,0.3046875
7e5d3d11439260ab,cifar10,ssb-v3-block,mlp,protocol-v3,0.6,128,2,1,354,0.003462167049292475,0.004002458008471876,774897664,0.078125
7e5d3d11439260ab,cifar10,ssb-v3-block,mlp,protocol-v3,0.6,128,2,1,355,0.0035973339690826833,0.003839417011477053,774897664,0.1171875
7e5d3d11439260ab,cifar10,ssb-v3-block,mlp,protocol-v3,0.6,128,2,1,356,0.0032876250334084034,0.0037402500165626407,774914048,0.09375
7e5d3d11439260ab,cifar10,ssb-v3-block,mlp,protocol-v3,0.6,128,2,1,357,0.0032908330322243273,0.003804250038228929,774930432,0.109375
7e5d3d11439260ab,cifar10,ssb-v3-block,mlp,protocol-v3,0.6,128,2,1,358,0.003501957980915904,0.0038715420523658395,774930432,0.328125
7e5d3d11439260ab,cifar10,ssb-v3-block,mlp,protocol-v3,0.6,128,2,1,359,0.003070749982725829,0.0033219580072909594,774930432,0.125
7e5d3d11439260ab,cifar10,ssb-v3-block,mlp,protocol-v3,0.6,128,2,1,360,0.003233750001527369,0.003551082976628095,774946816,0.2578125
7e5d3d11439260ab,cifar10,ssb-v3-block,mlp,protocol-v3,0.6,128,2,1,361,0.003949208010453731,0.004926833033096045,774946816,0.125
7e5d3d11439260ab,cifar10,ssb-v3-block,mlp,protocol-v3,0.6,128,2,1,362,0.0032340000034309924,0.0037041669711470604,774963200,0.125
7e5d3d11439260ab,cifar10,ssb-v3-block,mlp,protocol-v3,0.6,128,2,1,363,0.004062416031956673,0.004881499975454062,774963200,0.3125
7e5d3d11439260ab,cifar10,ssb-v3-block,mlp,protocol-v3,0.6,128,2,1,364,0.003320167015772313,0.0039192920085042715,774979584,0.109375
7e5d3d11439260ab,cifar10,ssb-v3-block,mlp,protocol-v3,0.6,128,2,1,365,0.003189917013514787,0.003237999975681305,774979584,0.234375
7e5d3d11439260ab,cifar10,ssb-v3-block,mlp,protocol-v3,0.6,128,2,1,366,0.0032169159967452288,0.003424125025048852,774995968,0.2421875
7e5d3d11439260ab,cifar10,ssb-v3-block,mlp,protocol-v3,0.6,128,2,1,367,0.003436375001911074,0.0036762499948963523,774995968,0.265625
7e5d3d11439260ab,cifar10,ssb-v3-block,mlp,protocol-v3,0.6,128,2,1,368,0.003812999988440424,0.004481624986510724,774995968,0.328125
7e5d3d11439260ab,cifar10,ssb-v3-block,mlp,protocol-v3,0.6,128,2,1,369,0.0033819589880295098,0.0037421250017359853,774995968,0.15625
7e5d3d11439260ab,cifar10,ssb-v3-block,mlp,protocol-v3,0.6,128,2,1,370,0.003535916970577091,0.0042512500076554716,774995968,0.125
7e5d3d11439260ab,cifar10,ssb-v3-block,mlp,protocol-v3,0.6,128,2,1,371,0.0034949170076288283,0.004014374979306012,774995968,0.109375
7e5d3d11439260ab,cifar10,ssb-v3-block,mlp,protocol-v3,0.6,128,2,1,372,0.0037377920234575868,0.004321749962400645,774995968,0.0546875
7e5d3d11439260ab,cifar10,ssb-v3-block,mlp,protocol-v3,0.6,128,2,1,373,0.003260499972384423,0.0036448329919949174,774995968,0.0859375
7e5d3d11439260ab,cifar10,ssb-v3-block,mlp,protocol-v3,0.6,128,2,1,374,0.003097458044067025,0.0032608750043436885,774995968,0.15625
7e5d3d11439260ab,cifar10,ssb-v3-block,mlp,protocol-v3,0.6,128,2,1,375,0.0036979590076953173,0.004173957975581288,774995968,0.2109375
7e5d3d11439260ab,cifar10,ssb-v3-block,mlp,protocol-v3,0.6,128,2,1,376,0.0038911669980734587,0.004478542017750442,774995968,0.3203125
7e5d3d11439260ab,cifar10,ssb-v3-block,mlp,protocol-v3,0.6,128,2,1,377,0.003810000023804605,0.00425862503470853,774995968,0.1015625
7e5d3d11439260ab,cifar10,ssb-v3-block,mlp,protocol-v3,0.6,128,2,1,378,0.003336624999064952,0.003539249999448657,774995968,0.2578125
7e5d3d11439260ab,cifar10,ssb-v3-block,mlp,protocol-v3,0.6,128,2,1,379,0.003792167000938207,0.0044473749585449696,774995968,0.3828125
7e5d3d11439260ab,cifar10,ssb-v3-block,mlp,protocol-v3,0.6,128,2,1,380,0.0043630420113913715,0.0047500000218860805,774995968,0.421875
7e5d3d11439260ab,cifar10,ssb-v3-block,mlp,protocol-v3,0.6,128,2,1,381,0.003397708002012223,0.00396062497748062,774995968,0.09375
7e5d3d11439260ab,cifar10,ssb-v3-block,mlp,protocol-v3,0.6,128,2,1,382,0.003025999991223216,0.003163540968671441,774995968,0.140625
7e5d3d11439260ab,cifar10,ssb-v3-block,mlp,protocol-v3,0.6,128,2,1,383,0.0031556669855490327,0.0032220419961959124,774995968,0.2109375
7e5d3d11439260ab,cifar10,ssb-v3-block,mlp,protocol-v3,0.6,128,2,1,384,0.0039046250167302787,0.00458983302814886,774995968,0.28125
7e5d3d11439260ab,cifar10,ssb-v3-block,mlp,protocol-v3,0.6,128,2,1,385,0.004032665980048478,0.0046224999823607504,774995968,0.1015625
7e5d3d11439260ab,cifar10,ssb-v3-block,mlp,protocol-v3,0.6,128,2,1,386,0.00399225001456216,0.004169291991274804,774995968,0.296875
7e5d3d11439260ab,cifar10,ssb-v3-block,mlp,protocol-v3,0.6,128,2,1,387,0.003467041999101639,0.003924707998521626,774995968,0.1015625
7e5d3d11439260ab,cifar10,ssb-v3-block,mlp,protocol-v3,0.6,128,2,1,388,0.0030170000391080976,0.0032174999942071736,774995968,0.2265625
7e5d3d11439260ab,cifar10,ssb-v3-block,mlp,protocol-v3,0.6,128,2,1,389,0.0033264579833485186,0.004109542001970112,774995968,0.0703125
7e5d3d11439260ab,cifar10,ssb-v3-block,mlp,protocol-v3,0.6,128,2,1,390,0.01119275001110509,0.02678675000788644,783024128,0.0625
7e5d3d11439260ab,cifar10,ssb-v3-block,mlp,protocol-v3,0.6,128,2,2,0,0.004857791995164007,0.006274625018704683,791756800,0.0703125
7e5d3d11439260ab,cifar10,ssb-v3-block,mlp,protocol-v3,0.6,128,2,2,1,0.004248542012646794,0.004566375049762428,792035328,0.3359375
7e5d3d11439260ab,cifar10,ssb-v3-block,mlp,protocol-v3,0.6,128,2,2,2,0.003112583013717085,0.003044834011234343,792657920,0.1015625
7e5d3d11439260ab,cifar10,ssb-v3-block,mlp,protocol-v3,0.6,128,2,2,3,0.0038169999606907368,0.004396124975755811,792805376,0.1015625
7e5d3d11439260ab,cifar10,ssb-v3-block,mlp,protocol-v3,0.6,128,2,2,4,0.0034637919743545353,0.0036831250181421638,792805376,0.2578125
7e5d3d11439260ab,cifar10,ssb-v3-block,mlp,protocol-v3,0.6,128,2,2,5,0.0035216660471633077,0.003715916012879461,792805376,0.2109375
7e5d3d11439260ab,cifar10,ssb-v3-block,mlp,protocol-v3,0.6,128,2,2,6,0.0037206659908406436,0.004356582998298109,792805376,0.359375
7e5d3d11439260ab,cifar10,ssb-v3-block,mlp,protocol-v3,0.6,128,2,2,7,0.0035314590204507113,0.004182417003903538,794378240,0.296875
7e5d3d11439260ab,cifar10,ssb-v3-block,mlp,protocol-v3,0.6,128,2,2,8,0.00372587499441579,0.004353290947619826,794820608,0.296875
7e5d3d11439260ab,cifar10,ssb-v3-block,mlp,protocol-v3,0.6,128,2,2,9,0.0034969589905813336,0.0042453749920241535,796393472,0.0859375
7e5d3d11439260ab,cifar10,ssb-v3-block,mlp,protocol-v3,0.6,128,2,2,10,0.00372962502297014,0.0042215000139549375,796393472,0.328125
7e5d3d11439260ab,cifar10,ssb-v3-block,mlp,protocol-v3,0.6,128,2,2,11,0.00330920796841383,0.003916165966074914,796393472,0.21875
7e5d3d11439260ab,cifar10,ssb-v3-block,mlp,protocol-v3,0.6,128,2,2,12,0.0032093750196509063,0.003683042014017701,796393472,0.234375
7e5d3d11439260ab,cifar10,ssb-v3-block,mlp,protocol-v3,0.6,128,2,2,13,0.003821958031039685,0.0043967090314254165,796393472,0.34375
7e5d3d11439260ab,cifar10,ssb-v3-block,mlp,protocol-v3,0.6,128,2,2,14,0.0033301249495707452,0.003664957999717444,796393472,0.078125
7e5d3d11439260ab,cifar10,ssb-v3-block,mlp,protocol-v3,0.6,128,2,2,15,0.0038694999529980123,0.004591165983583778,796393472,0.3203125
7e5d3d11439260ab,cifar10,ssb-v3-block,mlp,protocol-v3,0.6,128,2,2,16,0.00377708300948143,0.0042645829962566495,796393472,0.3125
7e5d3d11439260ab,cifar10,ssb-v3-block,mlp,protocol-v3,0.6,128,2,2,17,0.0033803750411607325,0.003659375011920929,796393472,0.0859375
7e5d3d11439260ab,cifar10,ssb-v3-block,mlp,protocol-v3,0.6,128,2,2,18,0.004129667009692639,0.005048083025030792,796459008,0.3125
7e5d3d11439260ab,cifar10,ssb-v3-block,mlp,protocol-v3,0.6,128,2,2,19,0.00528216699603945,0.006457166979089379,797278208,0.2734375
7e5d3d11439260ab,cifar10,ssb-v3-block,mlp,protocol-v3,0.6,128,2,2,20,0.004051583004184067,0.004329499963205308,797294592,0.0859375
7e5d3d11439260ab,cifar10,ssb-v3-block,mlp,protocol-v3,0.6,128,2,2,21,0.0040082919877022505,0.004489458980970085,797294592,0.125
7e5d3d11439260ab,cifar10,ssb-v3-block,mlp,protocol-v3,0.6,128,2,2,22,0.003990375029388815,0.004395125026348978,797294592,0.1875
7e5d3d11439260ab,cifar10,ssb-v3-block,mlp,protocol-v3,0.6,128,2,2,23,0.0037705409922637045,0.004661249986384064,797704192,0.1328125
7e5d3d11439260ab,cifar10,ssb-v3-block,mlp,protocol-v3,0.6,128,2,2,24,0.00373429199680686,0.004439667041879147,797704192,0.296875
7e5d3d11439260ab,cifar10,ssb-v3-block,mlp,protocol-v3,0.6,128,2,2,25,0.003080792026594281,0.0035344159696251154,797982720,0.265625
7e5d3d11439260ab,cifar10,ssb-v3-block,mlp,protocol-v3,0.6,128,2,2,26,0.00343858398264274,0.003311124979518354,797982720,0.1328125
7e5d3d11439260ab,cifar10,ssb-v3-block,mlp,protocol-v3,0.6,128,2,2,27,0.0031457500299438834,0.0034120409982278943,797982720,0.1328125
7e5d3d11439260ab,cifar10,ssb-v3-block,mlp,protocol-v3,0.6,128,2,2,28,0.0038110410096123815,0.004365833010524511,797982720,0.328125
7e5d3d11439260ab,cifar10,ssb-v3-block,mlp,protocol-v3,0.6,128,2,2,29,0.004256625019479543,0.004499708011280745,797982720,0.3203125
7e5d3d11439260ab,cifar10,ssb-v3-block,mlp,protocol-v3,0.6,128,2,2,30,0.003184375003911555,0.0029582090210169554,797982720,0.2734375
7e5d3d11439260ab,cifar10,ssb-v3-block,mlp,protocol-v3,0.6,128,2,2,31,0.003642458003014326,0.0040977500029839575,797982720,0.234375
7e5d3d11439260ab,cifar10,ssb-v3-block,mlp,protocol-v3,0.6,128,2,2,32,0.003416875028051436,0.003989082993939519,797982720,0.1015625
7e5d3d11439260ab,cifar10,ssb-v3-block,mlp,protocol-v3,0.6,128,2,2,33,0.0034745000302791595,0.003836125019006431,797982720,0.0859375
7e5d3d11439260ab,cifar10,ssb-v3-block,mlp,protocol-v3,0.6,128,2,2,34,0.003947707999031991,0.004525209020357579,797982720,0.421875
7e5d3d11439260ab,cifar10,ssb-v3-block,mlp,protocol-v3,0.6,128,2,2,35,0.00348829198628664,0.003977707994636148,797982720,0.1015625
7e5d3d11439260ab,cifar10,ssb-v3-block,mlp,protocol-v3,0.6,128,2,2,36,0.0038329160306602716,0.004593582998495549,797982720,0.0625
7e5d3d11439260ab,cifar10,ssb-v3-block,mlp,protocol-v3,0.6,128,2,2,37,0.003972083039116114,0.0041792080155573785,797982720,0.2578125
7e5d3d11439260ab,cifar10,ssb-v3-block,mlp,protocol-v3,0.6,128,2,2,38,0.0034947500098496675,0.0037378750275820494,797982720,0.265625
7e5d3d11439260ab,cifar10,ssb-v3-block,mlp,protocol-v3,0.6,128,2,2,39,0.003332291031256318,0.0036271659773774445,797982720,0.328125
7e5d3d11439260ab,cifar10,ssb-v3-block,mlp,protocol-v3,0.6,128,2,2,40,0.0038792910054326057,0.00441283400868997,797982720,0.3203125
7e5d3d11439260ab,cifar10,ssb-v3-block,mlp,protocol-v3,0.6,128,2,2,41,0.003508875030092895,0.0036539159482344985,797982720,0.3125
7e5d3d11439260ab,cifar10,ssb-v3-block,mlp,protocol-v3,0.6,128,2,2,42,0.0034762920113280416,0.003725582966580987,797982720,0.2890625
7e5d3d11439260ab,cifar10,ssb-v3-block,mlp,protocol-v3,0.6,128,2,2,43,0.0034670840250328183,0.003740500018466264,797982720,0.1015625
7e5d3d11439260ab,cifar10,ssb-v3-block,mlp,protocol-v3,0.6,128,2,2,44,0.0038530000019818544,0.0043430840014480054,797982720,0.3125
7e5d3d11439260ab,cifar10,ssb-v3-block,mlp,protocol-v3,0.6,128,2,2,45,0.0035966249997727573,0.004240249982103705,797982720,0.15625
7e5d3d11439260ab,cifar10,ssb-v3-block,mlp,protocol-v3,0.6,128,2,2,46,0.00392050005029887,0.004581832967232913,797982720,0.3203125
7e5d3d11439260ab,cifar10,ssb-v3-block,mlp,protocol-v3,0.6,128,2,2,47,0.0035156660014763474,0.004161874996498227,797982720,0.3046875
7e5d3d11439260ab,cifar10,ssb-v3-block,mlp,protocol-v3,0.6,128,2,2,48,0.003934499982278794,0.0046653330209665,797982720,0.3515625
7e5d3d11439260ab,cifar10,ssb-v3-block,mlp,protocol-v3,0.6,128,2,2,49,0.003378374967724085,0.004156665992923081,797982720,0.3203125
7e5d3d11439260ab,cifar10,ssb-v3-block,mlp,protocol-v3,0.6,128,2,2,50,0.0036018340033479035,0.004005999944638461,797982720,0.328125
7e5d3d11439260ab,cifar10,ssb-v3-block,mlp,protocol-v3,0.6,128,2,2,51,0.004246958007570356,0.00619679200462997,797982720,0.2890625
7e5d3d11439260ab,cifar10,ssb-v3-block,mlp,protocol-v3,0.6,128,2,2,52,0.0047064999816939235,0.005165916052646935,797982720,0.0546875
7e5d3d11439260ab,cifar10,ssb-v3-block,mlp,protocol-v3,0.6,128,2,2,53,0.0039290839922614396,0.004990582994651049,797982720,0.1484375
7e5d3d11439260ab,cifar10,ssb-v3-block,mlp,protocol-v3,0.6,128,2,2,54,0.0043522080522961915,0.004855207982473075,797982720,0.3203125
7e5d3d11439260ab,cifar10,ssb-v3-block,mlp,protocol-v3,0.6,128,2,2,55,0.0035004999954253435,0.004038208979181945,797999104,0.109375
7e5d3d11439260ab,cifar10,ssb-v3-block,mlp,protocol-v3,0.6,128,2,2,56,0.0032095839851535857,0.0036500419955700636,797999104,0.0703125
7e5d3d11439260ab,cifar10,ssb-v3-block,mlp,protocol-v3,0.6,128,2,2,57,0.0033512910013087094,0.003667249984573573,797999104,0.2578125
7e5d3d11439260ab,cifar10,ssb-v3-block,mlp,protocol-v3,0.6,128,2,2,58,0.0034970000269822776,0.004192750027868897,797999104,0.0546875
7e5d3d11439260ab,cifar10,ssb-v3-block,mlp,protocol-v3,0.6,128,2,2,59,0.003866792016196996,0.003674665989819914,797999104,0.1171875
7e5d3d11439260ab,cifar10,ssb-v3-block,mlp,protocol-v3,0.6,128,2,2,60,0.0033751250011846423,0.003914582950528711,797999104,0.1171875
7e5d3d11439260ab,cifar10,ssb-v3-block,mlp,protocol-v3,0.6,128,2,2,61,0.0034119579941034317,0.0039550839574076235,797999104,0.2734375
7e5d3d11439260ab,cifar10,ssb-v3-block,mlp,protocol-v3,0.6,128,2,2,62,0.003459832980297506,0.004037290986161679,797999104,0.171875
7e5d3d11439260ab,cifar10,ssb-v3-block,mlp,protocol-v3,0.6,128,2,2,63,0.0037481249892152846,0.0040568329859524965,797999104,0.328125
7e5d3d11439260ab,cifar10,ssb-v3-block,mlp,protocol-v3,0.6,128,2,2,64,0.004008666961453855,0.004863916023168713,797999104,0.1015625
7e5d3d11439260ab,cifar10,ssb-v3-block,mlp,protocol-v3,0.6,128,2,2,65,0.003812458016909659,0.004044166998937726,797999104,0.25
7e5d3d11439260ab,cifar10,ssb-v3-block,mlp,protocol-v3,0.6,128,2,2,66,0.0038336249999701977,0.004582584020681679,797999104,0.140625
7e5d3d11439260ab,cifar10,ssb-v3-block,mlp,protocol-v3,0.6,128,2,2,67,0.003606541024055332,0.003906791971530765,797999104,0.3359375
7e5d3d11439260ab,cifar10,ssb-v3-block,mlp,protocol-v3,0.6,128,2,2,68,0.004009124997537583,0.004056625009980053,797999104,0.3125
7e5d3d11439260ab,cifar10,ssb-v3-block,mlp,protocol-v3,0.6,128,2,2,69,0.0033605829812586308,0.003746541973669082,797999104,0.109375
7e5d3d11439260ab,cifar10,ssb-v3-block,mlp,protocol-v3,0.6,128,2,2,70,0.0033987080096267164,0.003824041981715709,797999104,0.2109375
7e5d3d11439260ab,cifar10,ssb-v3-block,mlp,protocol-v3,0.6,128,2,2,71,0.0029772919951938093,0.003185582987498492,797999104,0.2578125
7e5d3d11439260ab,cifar10,ssb-v3-block,mlp,protocol-v3,0.6,128,2,2,72,0.003775916004087776,0.00433916604379192,797999104,0.1015625
7e5d3d11439260ab,cifar10,ssb-v3-block,mlp,protocol-v3,0.6,128,2,2,73,0.003273207985330373,0.0034570840070955455,797999104,0.125
7e5d3d11439260ab,cifar10,ssb-v3-block,mlp,protocol-v3,0.6,128,2,2,74,0.003702542046085,0.004236457985825837,797999104,0.09375
7e5d3d11439260ab,cifar10,ssb-v3-block,mlp,protocol-v3,0.6,128,2,2,75,0.003574332979042083,0.004153624991886318,797999104,0.125
7e5d3d11439260ab,cifar10,ssb-v3-block,mlp,protocol-v3,0.6,128,2,2,76,0.003752749995328486,0.004267624986823648,797999104,0.328125
7e5d3d11439260ab,cifar10,ssb-v3-block,mlp,protocol-v3,0.6,128,2,2,77,0.0033506660256534815,0.003702124988194555,797999104,0.0859375
7e5d3d11439260ab,cifar10,ssb-v3-block,mlp,protocol-v3,0.6,128,2,2,78,0.00387541699456051,0.00424962502438575,797999104,0.1328125
7e5d3d11439260ab,cifar10,ssb-v3-block,mlp,protocol-v3,0.6,128,2,2,79,0.003750167030375451,0.0045132500235922635,797999104,0.2421875
7e5d3d11439260ab,cifar10,ssb-v3-block,mlp,protocol-v3,0.6,128,2,2,80,0.0034914579591713846,0.003948749974370003,797999104,0.15625
7e5d3d11439260ab,cifar10,ssb-v3-block,mlp,protocol-v3,0.6,128,2,2,81,0.003592749999370426,0.0043047089711762965,797999104,0.3984375
7e5d3d11439260ab,cifar10,ssb-v3-block,mlp,protocol-v3,0.6,128,2,2,82,0.003369165991898626,0.0037084579817019403,797999104,0.09375
7e5d3d11439260ab,cifar10,ssb-v3-block,mlp,protocol-v3,0.6,128,2,2,83,0.003733833960723132,0.004212915955577046,797999104,0.234375
7e5d3d11439260ab,cifar10,ssb-v3-block,mlp,protocol-v3,0.6,128,2,2,84,0.0036541249719448388,0.004437791008967906,797999104,0.0625
7e5d3d11439260ab,cifar10,ssb-v3-block,mlp,protocol-v3,0.6,128,2,2,85,0.003538459015544504,0.003871083026751876,797999104,0.1171875
7e5d3d11439260ab,cifar10,ssb-v3-block,mlp,protocol-v3,0.6,128,2,2,86,0.0034933750284835696,0.003961750015150756,797999104,0.078125
7e5d3d11439260ab,cifar10,ssb-v3-block,mlp,protocol-v3,0.6,128,2,2,87,0.0038482919917441905,0.004328000009991229,797999104,0.25
7e5d3d11439260ab,cifar10,ssb-v3-block,mlp,protocol-v3,0.6,128,2,2,88,0.003999083011876792,0.003712542005814612,797999104,0.078125
7e5d3d11439260ab,cifar10,ssb-v3-block,mlp,protocol-v3,0.6,128,2,2,89,0.0034843329922296107,0.003860166994854808,797999104,0.0390625
7e5d3d11439260ab,cifar10,ssb-v3-block,mlp,protocol-v3,0.6,128,2,2,90,0.004050499992445111,0.004635707999113947,797999104,0.2890625
7e5d3d11439260ab,cifar10,ssb-v3-block,mlp,protocol-v3,0.6,128,2,2,91,0.00376512500224635,0.004635874996893108,797999104,0.3359375
7e5d3d11439260ab,cifar10,ssb-v3-block,mlp,protocol-v3,0.6,128,2,2,92,0.0038462919765152037,0.0045585420448333025,797999104,0.3203125
7e5d3d11439260ab,cifar10,ssb-v3-block,mlp,protocol-v3,0.6,128,2,2,93,0.0035490409936755896,0.003963334020227194,797999104,0.328125
7e5d3d11439260ab,cifar10,ssb-v3-block,mlp,protocol-v3,0.6,128,2,2,94,0.003848833031952381,0.003657374996691942,797999104,0.3046875
7e5d3d11439260ab,cifar10,ssb-v3-block,mlp,protocol-v3,0.6,128,2,2,95,0.0032939579687081277,0.0035279999719932675,797999104,0.09375
7e5d3d11439260ab,cifar10,ssb-v3-block,mlp,protocol-v3,0.6,128,2,2,96,0.003458250022958964,0.004022583016194403,797999104,0.078125
7e5d3d11439260ab,cifar10,ssb-v3-block,mlp,protocol-v3,0.6,128,2,2,97,0.003109999990556389,0.003251665970310569,798015488,0.3359375
7e5d3d11439260ab,cifar10,ssb-v3-block,mlp,protocol-v3,0.6,128,2,2,98,0.0036122919991612434,0.00423279101960361,798015488,0.2734375
7e5d3d11439260ab,cifar10,ssb-v3-block,mlp,protocol-v3,0.6,128,2,2,99,0.0037207499844953418,0.004254041996318847,798015488,0.2421875
7e5d3d11439260ab,cifar10,ssb-v3-block,mlp,protocol-v3,0.6,128,2,2,100,0.003621709009166807,0.004389583016745746,798015488,0.09375
7e5d3d11439260ab,cifar10,ssb-v3-block,mlp,protocol-v3,0.6,128,2,2,101,0.0035843750229105353,0.0041408330434933305,798015488,0.2890625
7e5d3d11439260ab,cifar10,ssb-v3-block,mlp,protocol-v3,0.6,128,2,2,102,0.0033196249860338867,0.0037348339683376253,798015488,0.09375
7e5d3d11439260ab,cifar10,ssb-v3-block,mlp,protocol-v3,0.6,128,2,2,103,0.0034144590026699007,0.003645416989456862,798015488,0.1171875
7e5d3d11439260ab,cifar10,ssb-v3-block,mlp,protocol-v3,0.6,128,2,2,104,0.003371042024809867,0.003824707993771881,798015488,0.125
7e5d3d11439260ab,cifar10,ssb-v3-block,mlp,protocol-v3,0.6,128,2,2,105,0.003430584038142115,0.003901874995790422,798015488,0.140625
7e5d3d11439260ab,cifar10,ssb-v3-block,mlp,protocol-v3,0.6,128,2,2,106,0.0037319579860195518,0.004400749981869012,798015488,0.125
7e5d3d11439260ab,cifar10,ssb-v3-block,mlp,protocol-v3,0.6,128,2,2,107,0.003549667017068714,0.004225416982080787,798015488,0.125
7e5d3d11439260ab,cifar10,ssb-v3-block,mlp,protocol-v3,0.6,128,2,2,108,0.0036990829976275563,0.004180290969088674,798015488,0.125
7e5d3d11439260ab,cifar10,ssb-v3-block,mlp,protocol-v3,0.6,128,2,2,109,0.003435624996200204,0.003894749970640987,798015488,0.09375
7e5d3d11439260ab,cifar10,ssb-v3-block,mlp,protocol-v3,0.6,128,2,2,110,0.003065875032916665,0.003144457994494587,798015488,0.25
7e5d3d11439260ab,cifar10,ssb-v3-block,mlp,protocol-v3,0.6,128,2,2,111,0.003689874953124672,0.0045298750046640635,798015488,0.28125
7e5d3d11439260ab,cifar10,ssb-v3-block,mlp,protocol-v3,0.6,128,2,2,112,0.0032343330094590783,0.0036987499915994704,798015488,0.1171875
7e5d3d11439260ab,cifar10,ssb-v3-block,mlp,protocol-v3,0.6,128,2,2,113,0.003761625033803284,0.004503167001530528,798015488,0.125
7e5d3d11439260ab,cifar10,ssb-v3-block,mlp,protocol-v3,0.6,128,2,2,114,0.0030978749855421484,0.0028952910215593874,798015488,0.125
7e5d3d11439260ab,cifar10,ssb-v3-block,mlp,protocol-v3,0.6,128,2,2,115,0.00397187500493601,0.004587708041071892,798015488,0.296875
7e5d3d11439260ab,cifar10,ssb-v3-block,mlp,protocol-v3,0.6,128,2,2,116,0.0033699580235406756,0.0034983750083483756,798015488,0.265625
7e5d3d11439260ab,cifar10,ssb-v3-block,mlp,protocol-v3,0.6,128,2,2,117,0.0036026660236530006,0.004045500012580305,798031872,0.328125
7e5d3d11439260ab,cifar10,ssb-v3-block,mlp,protocol-v3,0.6,128,2,2,118,0.003817290998995304,0.003755000012461096,798031872,0.3984375
7e5d3d11439260ab,cifar10,ssb-v3-block,mlp,protocol-v3,0.6,128,2,2,119,0.003176832979079336,0.003364083997439593,798031872,0.203125
7e5d3d11439260ab,cifar10,ssb-v3-block,mlp,protocol-v3,0.6,128,2,2,120,0.0034554589656181633,0.0035378329921513796,798048256,0.3515625
7e5d3d11439260ab,cifar10,ssb-v3-block,mlp,protocol-v3,0.6,128,2,2,121,0.0035340000176802278,0.003986625000834465,798048256,0.1171875
7e5d3d11439260ab,cifar10,ssb-v3-block,mlp,protocol-v3,0.6,128,2,2,122,0.0038916670018807054,0.004572417004965246,798064640,0.2734375
7e5d3d11439260ab,cifar10,ssb-v3-block,mlp,protocol-v3,0.6,128,2,2,123,0.0029913749895058572,0.0034256670041941106,798064640,0.1484375
7e5d3d11439260ab,cifar10,ssb-v3-block,mlp,protocol-v3,0.6,128,2,2,124,0.004028707975521684,0.004630124953109771,798064640,0.40625
7e5d3d11439260ab,cifar10,ssb-v3-block,mlp,protocol-v3,0.6,128,2,2,125,0.0031666249851696193,0.0032043750397861004,798064640,0.2890625
7e5d3d11439260ab,cifar10,ssb-v3-block,mlp,protocol-v3,0.6,128,2,2,126,0.0033915420062839985,0.0036025840090587735,798064640,0.09375
7e5d3d11439260ab,cifar10,ssb-v3-block,mlp,protocol-v3,0.6,128,2,2,127,0.00332716602133587,0.0036018750397488475,798064640,0.1328125
7e5d3d11439260ab,cifar10,ssb-v3-block,mlp,protocol-v3,0.6,128,2,2,128,0.00312812504125759,0.0034170839935541153,798064640,0.0546875
7e5d3d11439260ab,cifar10,ssb-v3-block,mlp,protocol-v3,0.6,128,2,2,129,0.0033318749628961086,0.003796165983658284,798064640,0.265625
7e5d3d11439260ab,cifar10,ssb-v3-block,mlp,protocol-v3,0.6,128,2,2,130,0.003818625002168119,0.004637584032025188,798064640,0.3203125
7e5d3d11439260ab,cifar10,ssb-v3-block,mlp,protocol-v3,0.6,128,2,2,131,0.003856791998259723,0.003665124997496605,798064640,0.1171875
7e5d3d11439260ab,cifar10,ssb-v3-block,mlp,protocol-v3,0.6,128,2,2,132,0.0035970419994555414,0.004375124990474433,798064640,0.0703125
7e5d3d11439260ab,cifar10,ssb-v3-block,mlp,protocol-v3,0.6,128,2,2,133,0.003540291974786669,0.0039033330394886434,798064640,0.109375
7e5d3d11439260ab,cifar10,ssb-v3-block,mlp,protocol-v3,0.6,128,2,2,134,0.003126957977656275,0.0033484590239822865,798064640,0.0859375
7e5d3d11439260ab,cifar10,ssb-v3-block,mlp,protocol-v3,0.6,128,2,2,135,0.0032363749924115837,0.003694834013003856,798064640,0.1171875
7e5d3d11439260ab,cifar10,ssb-v3-block,mlp,protocol-v3,0.6,128,2,2,136,0.0040282499976456165,0.003954750020056963,798064640,0.2265625
7e5d3d11439260ab,cifar10,ssb-v3-block,mlp,protocol-v3,0.6,128,2,2,137,0.003413999977055937,0.003791249997448176,798064640,0.0703125
7e5d3d11439260ab,cifar10,ssb-v3-block,mlp,protocol-v3,0.6,128,2,2,138,0.003375291998963803,0.0035893749445676804,798064640,0.1328125
7e5d3d11439260ab,cifar10,ssb-v3-block,mlp,protocol-v3,0.6,128,2,2,139,0.0037400409928523004,0.004499041999224573,798064640,0.0546875
7e5d3d11439260ab,cifar10,ssb-v3-block,mlp,protocol-v3,0.6,128,2,2,140,0.003780375001952052,0.0045798750361427665,798064640,0.359375
7e5d3d11439260ab,cifar10,ssb-v3-block,mlp,protocol-v3,0.6,128,2,2,141,0.0035292499815113842,0.004130457993596792,798064640,0.2890625
7e5d3d11439260ab,cifar10,ssb-v3-block,mlp,protocol-v3,0.6,128,2,2,142,0.003893165965564549,0.00467766699148342,798064640,0.3515625
7e5d3d11439260ab,cifar10,ssb-v3-block,mlp,protocol-v3,0.6,128,2,2,143,0.0035811669658869505,0.003396624990273267,798064640,0.1171875
7e5d3d11439260ab,cifar10,ssb-v3-block,mlp,protocol-v3,0.6,128,2,2,144,0.003992500016465783,0.004874542006291449,798064640,0.296875
7e5d3d11439260ab,cifar10,ssb-v3-block,mlp,protocol-v3,0.6,128,2,2,145,0.0035552080371417105,0.003926417033653706,798081024,0.09375
7e5d3d11439260ab,cifar10,ssb-v3-block,mlp,protocol-v3,0.6,128,2,2,146,0.0037110420526005328,0.0039652499835938215,798081024,0.3203125
7e5d3d11439260ab,cifar10,ssb-v3-block,mlp,protocol-v3,0.6,128,2,2,147,0.003411250014323741,0.0034290420007891953,798081024,0.296875
7e5d3d11439260ab,cifar10,ssb-v3-block,mlp,protocol-v3,0.6,128,2,2,148,0.004079249978531152,0.004225959011819214,798081024,0.0546875
7e5d3d11439260ab,cifar10,ssb-v3-block,mlp,protocol-v3,0.6,128,2,2,149,0.0031780829885974526,0.003381374990567565,798081024,0.09375
7e5d3d11439260ab,cifar10,ssb-v3-block,mlp,protocol-v3,0.6,128,2,2,150,0.0036372499889694154,0.004282000008970499,798081024,0.3125
7e5d3d11439260ab,cifar10,ssb-v3-block,mlp,protocol-v3,0.6,128,2,2,151,0.004077124991454184,0.004819958005100489,798081024,0.2890625
7e5d3d11439260ab,cifar10,ssb-v3-block,mlp,protocol-v3,0.6,128,2,2,152,0.0035184999578632414,0.004028833995107561,798081024,0.1328125
7e5d3d11439260ab,cifar10,ssb-v3-block,mlp,protocol-v3,0.6,128,2,2,153,0.0029972080374136567,0.002995957969687879,798081024,0.078125
7e5d3d11439260ab,cifar10,ssb-v3-block,mlp,protocol-v3,0.6,128,2,2,154,0.0036546249757520854,0.004113874980248511,798081024,0.3828125
7e5d3d11439260ab,cifar10,ssb-v3-block,mlp,protocol-v3,0.6,128,2,2,155,0.003527125052642077,0.00399429100798443,798081024,0.375
7e5d3d11439260ab,cifar10,ssb-v3-block,mlp,protocol-v3,0.6,128,2,2,156,0.003480499959550798,0.003773709002416581,798081024,0.328125
7e5d3d11439260ab,cifar10,ssb-v3-block,mlp,protocol-v3,0.6,128,2,2,157,0.003346666053403169,0.003963708993978798,798081024,0.1171875
7e5d3d11439260ab,cifar10,ssb-v3-block,mlp,protocol-v3,0.6,128,2,2,158,0.0031528330291621387,0.003214084019418806,798081024,0.25
7e5d3d11439260ab,cifar10,ssb-v3-block,mlp,protocol-v3,0.6,128,2,2,159,0.0034796669497154653,0.0037618750357069075,798081024,0.203125
7e5d3d11439260ab,cifar10,ssb-v3-block,mlp,protocol-v3,0.6,128,2,2,160,0.003907208039890975,0.004632750002201647,798081024,0.3125
7e5d3d11439260ab,cifar10,ssb-v3-block,mlp,protocol-v3,0.6,128,2,2,161,0.0034867909853346646,0.0038323330227285624,798081024,0.3125
7e5d3d11439260ab,cifar10,ssb-v3-block,mlp,protocol-v3,0.6,128,2,2,162,0.0035101670073345304,0.004025582980830222,798097408,0.2734375
7e5d3d11439260ab,cifar10,ssb-v3-block,mlp,protocol-v3,0.6,128,2,2,163,0.0036366250133141875,0.004033125005662441,798097408,0.3359375
7e5d3d11439260ab,cifar10,ssb-v3-block,mlp,protocol-v3,0.6,128,2,2,164,0.0034567919792607427,0.003756791993509978,798097408,0.2734375
7e5d3d11439260ab,cifar10,ssb-v3-block,mlp,protocol-v3,0.6,128,2,2,165,0.003544334031175822,0.0039587499923072755,798097408,0.359375
7e5d3d11439260ab,cifar10,ssb-v3-block,mlp,protocol-v3,0.6,128,2,2,166,0.0032944579725153744,0.0037358339759521186,798097408,0.1171875
7e5d3d11439260ab,cifar10,ssb-v3-block,mlp,protocol-v3,0.6,128,2,2,167,0.0034184170071966946,0.003954041050747037,798097408,0.1015625
7e5d3d11439260ab,cifar10,ssb-v3-block,mlp,protocol-v3,0.6,128,2,2,168,0.0030919999699108303,0.0033267500111833215,798113792,0.1640625
7e5d3d11439260ab,cifar10,ssb-v3-block,mlp,protocol-v3,0.6,128,2,2,169,0.0031538340263068676,0.003235749958548695,798113792,0.3828125
7e5d3d11439260ab,cifar10,ssb-v3-block,mlp,protocol-v3,0.6,128,2,2,170,0.0036887500318698585,0.00437187502393499,798113792,0.3125
7e5d3d11439260ab,cifar10,ssb-v3-block,mlp,protocol-v3,0.6,128,2,2,171,0.0033897909452207386,0.003750292002223432,798113792,0.2890625
7e5d3d11439260ab,cifar10,ssb-v3-block,mlp,protocol-v3,0.6,128,2,2,172,0.003446750051807612,0.003952667000703514,798113792,0.328125
7e5d3d11439260ab,cifar10,ssb-v3-block,mlp,protocol-v3,0.6,128,2,2,173,0.003198582970071584,0.003421667031943798,798113792,0.0859375
7e5d3d11439260ab,cifar10,ssb-v3-block,mlp,protocol-v3,0.6,128,2,2,174,0.003266374988015741,0.003049249993637204,798130176,0.265625
7e5d3d11439260ab,cifar10,ssb-v3-block,mlp,protocol-v3,0.6,128,2,2,175,0.0036689999978989363,0.00432041595922783,798130176,0.3203125
7e5d3d11439260ab,cifar10,ssb-v3-block,mlp,protocol-v3,0.6,128,2,2,176,0.003536333970259875,0.003943832998629659,798130176,0.109375
7e5d3d11439260ab,cifar10,ssb-v3-block,mlp,protocol-v3,0.6,128,2,2,177,0.0032032080343924463,0.003418083011638373,798130176,0.28125
7e5d3d11439260ab,cifar10,ssb-v3-block,mlp,protocol-v3,0.6,128,2,2,178,0.003144040994811803,0.003190541989170015,798130176,0.296875
7e5d3d11439260ab,cifar10,ssb-v3-block,mlp,protocol-v3,0.6,128,2,2,179,0.0035201249993406236,0.004050582996569574,798130176,0.078125
7e5d3d11439260ab,cifar10,ssb-v3-block,mlp,protocol-v3,0.6,128,2,2,180,0.0034697919618338346,0.004131541994865984,798130176,0.3125
7e5d3d11439260ab,cifar10,ssb-v3-block,mlp,protocol-v3,0.6,128,2,2,181,0.003093209001235664,0.003400209010578692,798130176,0.3515625
7e5d3d11439260ab,cifar10,ssb-v3-block,mlp,protocol-v3,0.6,128,2,2,182,0.0035138330422341824,0.004071749979630113,798130176,0.3515625
7e5d3d11439260ab,cifar10,ssb-v3-block,mlp,protocol-v3,0.6,128,2,2,183,0.003454208024777472,0.003713957965373993,798130176,0.2890625
7e5d3d11439260ab,cifar10,ssb-v3-block,mlp,protocol-v3,0.6,128,2,2,184,0.004351332958322018,0.005160000000614673,798130176,0.359375
7e5d3d11439260ab,cifar10,ssb-v3-block,mlp,protocol-v3,0.6,128,2,2,185,0.004075457982253283,0.004259624984115362,798130176,0.125
7e5d3d11439260ab,cifar10,ssb-v3-block,mlp,protocol-v3,0.6,128,2,2,186,0.003624417004175484,0.00429187499685213,798146560,0.109375
7e5d3d11439260ab,cifar10,ssb-v3-block,mlp,protocol-v3,0.6,128,2,2,187,0.0035289169754832983,0.0039978339918889105,798162944,0.2265625
7e5d3d11439260ab,cifar10,ssb-v3-block,mlp,protocol-v3,0.6,128,2,2,188,0.0030945419566705823,0.0031892079859972,798162944,0.2421875
7e5d3d11439260ab,cifar10,ssb-v3-block,mlp,protocol-v3,0.6,128,2,2,189,0.0034548750263638794,0.004178541013970971,798179328,0.1171875
7e5d3d11439260ab,cifar10,ssb-v3-block,mlp,protocol-v3,0.6,128,2,2,190,0.0036613750271499157,0.003653791034594178,798179328,0.1015625
7e5d3d11439260ab,cifar10,ssb-v3-block,mlp,protocol-v3,0.6,128,2,2,191,0.003466040943749249,0.0037684999988414347,798179328,0.0703125
7e5d3d11439260ab,cifar10,ssb-v3-block,mlp,protocol-v3,0.6,128,2,2,192,0.003469749994110316,0.0038279579603113234,798179328,0.0859375
7e5d3d11439260ab,cifar10,ssb-v3-block,mlp,protocol-v3,0.6,128,2,2,193,0.00322004099143669,0.003404791990760714,798179328,0.1484375
7e5d3d11439260ab,cifar10,ssb-v3-block,mlp,protocol-v3,0.6,128,2,2,194,0.0035464169923216105,0.003957125009037554,798179328,0.078125
7e5d3d11439260ab,cifar10,ssb-v3-block,mlp,protocol-v3,0.6,128,2,2,195,0.0037487500230781734,0.004142541030887514,798179328,0.25
7e5d3d11439260ab,cifar10,ssb-v3-block,mlp,protocol-v3,0.6,128,2,2,196,0.0033392920158803463,0.003656500019133091,798179328,0.140625
7e5d3d11439260ab,cifar10,ssb-v3-block,mlp,protocol-v3,0.6,128,2,2,197,0.0029624159797094762,0.00329483300447464,798179328,0.0859375
7e5d3d11439260ab,cifar10,ssb-v3-block,mlp,protocol-v3,0.6,128,2,2,198,0.003284459002315998,0.003810749971307814,798179328,0.2734375
7e5d3d11439260ab,cifar10,ssb-v3-block,mlp,protocol-v3,0.6,128,2,2,199,0.0037020830204710364,0.004190624982584268,798179328,0.2890625
7e5d3d11439260ab,cifar10,ssb-v3-block,mlp,protocol-v3,0.6,128,2,2,200,0.0032396670430898666,0.003573999973013997,798179328,0.25
7e5d3d11439260ab,cifar10,ssb-v3-block,mlp,protocol-v3,0.6,128,2,2,201,0.0035778749734163284,0.004186959005892277,798195712,0.28125
7e5d3d11439260ab,cifar10,ssb-v3-block,mlp,protocol-v3,0.6,128,2,2,202,0.003203583008144051,0.003573875001166016,798195712,0.1171875
7e5d3d11439260ab,cifar10,ssb-v3-block,mlp,protocol-v3,0.6,128,2,2,203,0.0036412919871509075,0.004210499988403171,798195712,0.046875
7e5d3d11439260ab,cifar10,ssb-v3-block,mlp,protocol-v3,0.6,128,2,2,204,0.0035897080088034272,0.003989292017649859,798195712,0.3515625
7e5d3d11439260ab,cifar10,ssb-v3-block,mlp,protocol-v3,0.6,128,2,2,205,0.002975374984089285,0.0031497080344706774,798195712,0.1328125
7e5d3d11439260ab,cifar10,ssb-v3-block,mlp,protocol-v3,0.6,128,2,2,206,0.0028960840427316725,0.003102417045738548,798195712,0.109375
7e5d3d11439260ab,cifar10,ssb-v3-block,mlp,protocol-v3,0.6,128,2,2,207,0.003455374971963465,0.0040796250104904175,798195712,0.1015625
7e5d3d11439260ab,cifar10,ssb-v3-block,mlp,protocol-v3,0.6,128,2,2,208,0.004130833025556058,0.003510290989652276,798195712,0.2890625
7e5d3d11439260ab,cifar10,ssb-v3-block,mlp,protocol-v3,0.6,128,2,2,209,0.003054874949157238,0.003176458994857967,798195712,0.21875
7e5d3d11439260ab,cifar10,ssb-v3-block,mlp,protocol-v3,0.6,128,2,2,210,0.002536082989536226,0.00243087497074157,798195712,0.09375
7e5d3d11439260ab,cifar10,ssb-v3-block,mlp,protocol-v3,0.6,128,2,2,211,0.002546291972976178,0.0024349999730475247,798195712,0.109375
7e5d3d11439260ab,cifar10,ssb-v3-block,mlp,protocol-v3,0.6,128,2,2,212,0.0035266659688204527,0.0041903749806806445,798195712,0.2578125
7e5d3d11439260ab,cifar10,ssb-v3-block,mlp,protocol-v3,0.6,128,2,2,213,0.0037675409694202244,0.003535332973115146,798212096,0.3125
7e5d3d11439260ab,cifar10,ssb-v3-block,mlp,protocol-v3,0.6,128,2,2,214,0.0036545839975588024,0.0040546670206822455,798212096,0.0859375
7e5d3d11439260ab,cifar10,ssb-v3-block,mlp,protocol-v3,0.6,128,2,2,215,0.003756958991289139,0.0037943749921396375,798212096,0.1015625
7e5d3d11439260ab,cifar10,ssb-v3-block,mlp,protocol-v3,0.6,128,2,2,216,0.003453959012404084,0.0035107909934595227,798212096,0.3046875
7e5d3d11439260ab,cifar10,ssb-v3-block,mlp,protocol-v3,0.6,128,2,2,217,0.003896417038049549,0.00471166695933789,798212096,0.1015625
7e5d3d11439260ab,cifar10,ssb-v3-block,mlp,protocol-v3,0.6,128,2,2,218,0.004040125000756234,0.00430549995508045,798212096,0.34375
7e5d3d11439260ab,cifar10,ssb-v3-block,mlp,protocol-v3,0.6,128,2,2,219,0.0030312499729916453,0.0035144169814884663,798212096,0.09375
7e5d3d11439260ab,cifar10,ssb-v3-block,mlp,protocol-v3,0.6,128,2,2,220,0.0030777500360272825,0.003392042010091245,798212096,0.09375
7e5d3d11439260ab,cifar10,ssb-v3-block,mlp,protocol-v3,0.6,128,2,2,221,0.00318416696973145,0.00382995797554031,798212096,0.09375
7e5d3d11439260ab,cifar10,ssb-v3-block,mlp,protocol-v3,0.6,128,2,2,222,0.0034907080116681755,0.0038818339817225933,798212096,0.2734375
7e5d3d11439260ab,cifar10,ssb-v3-block,mlp,protocol-v3,0.6,128,2,2,223,0.0033090829965658486,0.003266541985794902,798228480,0.234375
7e5d3d11439260ab,cifar10,ssb-v3-block,mlp,protocol-v3,0.6,128,2,2,224,0.003085542004555464,0.003315792011562735,798228480,0.1015625
7e5d3d11439260ab,cifar10,ssb-v3-block,mlp,protocol-v3,0.6,128,2,2,225,0.003300042008049786,0.003612832981161773,798228480,0.3984375
7e5d3d11439260ab,cifar10,ssb-v3-block,mlp,protocol-v3,0.6,128,2,2,226,0.003218833007849753,0.003483832988422364,798228480,0.09375
7e5d3d11439260ab,cifar10,ssb-v3-block,mlp,protocol-v3,0.6,128,2,2,227,0.0034917499870061874,0.003986374998930842,798228480,0.3515625
7e5d3d11439260ab,cifar10,ssb-v3-block,mlp,protocol-v3,0.6,128,2,2,228,0.0033634999999776483,0.003825416963081807,798228480,0.09375
7e5d3d11439260ab,cifar10,ssb-v3-block,mlp,protocol-v3,0.6,128,2,2,229,0.003579916025046259,0.003833084017969668,798244864,0.359375
7e5d3d11439260ab,cifar10,ssb-v3-block,mlp,protocol-v3,0.6,128,2,2,230,0.003362709016073495,0.0036890420014970005,798244864,0.3046875
7e5d3d11439260ab,cifar10,ssb-v3-block,mlp,protocol-v3,0.6,128,2,2,231,0.003761832951568067,0.004361833969596773,798261248,0.359375
7e5d3d11439260ab,cifar10,ssb-v3-block,mlp,protocol-v3,0.6,128,2,2,232,0.0034468339872546494,0.003922125033568591,798261248,0.3828125
7e5d3d11439260ab,cifar10,ssb-v3-block,mlp,protocol-v3,0.6,128,2,2,233,0.003211459028534591,0.00354004098335281,798261248,0.3203125
7e5d3d11439260ab,cifar10,ssb-v3-block,mlp,protocol-v3,0.6,128,2,2,234,0.0031928340322338045,0.0033242080244235694,798261248,0.0859375
7e5d3d11439260ab,cifar10,ssb-v3-block,mlp,protocol-v3,0.6,128,2,2,235,0.0034480419708415866,0.0038734590052627027,798261248,0.375
7e5d3d11439260ab,cifar10,ssb-v3-block,mlp,protocol-v3,0.6,128,2,2,236,0.003713332989718765,0.0044462920050136745,798277632,0.3203125
7e5d3d11439260ab,cifar10,ssb-v3-block,mlp,protocol-v3,0.6,128,2,2,237,0.0037198750069364905,0.004376417025923729,798277632,0.28125
7e5d3d11439260ab,cifar10,ssb-v3-block,mlp,protocol-v3,0.6,128,2,2,238,0.003384999989066273,0.0035632499493658543,798277632,0.09375
7e5d3d11439260ab,cifar10,ssb-v3-block,mlp,protocol-v3,0.6,128,2,2,239,0.0033030409831553698,0.0038227919721975923,798277632,0.1328125
7e5d3d11439260ab,cifar10,ssb-v3-block,mlp,protocol-v3,0.6,128,2,2,240,0.0038285410264506936,0.004608041024766862,798294016,0.2578125
7e5d3d11439260ab,cifar10,ssb-v3-block,mlp,protocol-v3,0.6,128,2,2,241,0.0033074580132961273,0.0037220410304144025,798294016,0.125
7e5d3d11439260ab,cifar10,ssb-v3-block,mlp,protocol-v3,0.6,128,2,2,242,0.003986167022958398,0.004621541011147201,798294016,0.2734375
7e5d3d11439260ab,cifar10,ssb-v3-block,mlp,protocol-v3,0.6,128,2,2,243,0.0035031670122407377,0.0038945419946685433,798294016,0.359375
7e5d3d11439260ab,cifar10,ssb-v3-block,mlp,protocol-v3,0.6,128,2,2,244,0.0034210840240120888,0.0038566250004805624,798294016,0.34375
7e5d3d11439260ab,cifar10,ssb-v3-block,mlp,protocol-v3,0.6,128,2,2,245,0.007402624993119389,0.009985374985262752,799571968,0.3515625
7e5d3d11439260ab,cifar10,ssb-v3-block,mlp,protocol-v3,0.6,128,2,2,246,0.003720165987033397,0.0040231249877251685,799571968,0.359375
7e5d3d11439260ab,cifar10,ssb-v3-block,mlp,protocol-v3,0.6,128,2,2,247,0.003530624962877482,0.0036345829721540213,800145408,0.2734375
7e5d3d11439260ab,cifar10,ssb-v3-block,mlp,protocol-v3,0.6,128,2,2,248,0.003702541987877339,0.004187666985671967,800145408,0.109375
7e5d3d11439260ab,cifar10,ssb-v3-block,mlp,protocol-v3,0.6,128,2,2,249,0.003919582988601178,0.003407917043659836,800145408,0.1171875
7e5d3d11439260ab,cifar10,ssb-v3-block,mlp,protocol-v3,0.6,128,2,2,250,0.003767083981074393,0.004502416995819658,800145408,0.0859375
7e5d3d11439260ab,cifar10,ssb-v3-block,mlp,protocol-v3,0.6,128,2,2,251,0.003186292015016079,0.003604499972425401,800555008,0.1875
7e5d3d11439260ab,cifar10,ssb-v3-block,mlp,protocol-v3,0.6,128,2,2,252,0.003680041991174221,0.004202416981570423,800555008,0.1015625
7e5d3d11439260ab,cifar10,ssb-v3-block,mlp,protocol-v3,0.6,128,2,2,253,0.003725042042788118,0.0037096249870955944,800555008,0.3203125
7e5d3d11439260ab,cifar10,ssb-v3-block,mlp,protocol-v3,0.6,128,2,2,254,0.0036145420162938535,0.004024917026981711,800555008,0.2421875
7e5d3d11439260ab,cifar10,ssb-v3-block,mlp,protocol-v3,0.6,128,2,2,255,0.0035013329470530152,0.004013249999843538,800555008,0.0859375
7e5d3d11439260ab,cifar10,ssb-v3-block,mlp,protocol-v3,0.6,128,2,2,256,0.00328829197678715,0.004146375053096563,800555008,0.1640625
7e5d3d11439260ab,cifar10,ssb-v3-block,mlp,protocol-v3,0.6,128,2,2,257,0.003887458995450288,0.003837041964288801,800555008,0.3359375
7e5d3d11439260ab,cifar10,ssb-v3-block,mlp,protocol-v3,0.6,128,2,2,258,0.0035932919709011912,0.004109874949790537,800555008,0.3046875
7e5d3d11439260ab,cifar10,ssb-v3-block,mlp,protocol-v3,0.6,128,2,2,259,0.0036884999717585742,0.004103666986338794,800555008,0.328125
7e5d3d11439260ab,cifar10,ssb-v3-block,mlp,protocol-v3,0.6,128,2,2,260,0.0034956250456161797,0.003824375045951456,800555008,0.3125
7e5d3d11439260ab,cifar10,ssb-v3-block,mlp,protocol-v3,0.6,128,2,2,261,0.0034633330069482327,0.003741916036233306,800555008,0.109375
7e5d3d11439260ab,cifar10,ssb-v3-block,mlp,protocol-v3,0.6,128,2,2,262,0.0035942919785156846,0.003982707974500954,800555008,0.2890625
7e5d3d11439260ab,cifar10,ssb-v3-block,mlp,protocol-v3,0.6,128,2,2,263,0.0036364999832585454,0.0037444999907165766,800555008,0.3125
7e5d3d11439260ab,cifar10,ssb-v3-block,mlp,protocol-v3,0.6,128,2,2,264,0.003499167039990425,0.004109166970010847,800555008,0.25
7e5d3d11439260ab,cifar10,ssb-v3-block,mlp,protocol-v3,0.6,128,2,2,265,0.0032878339989110827,0.003877165960147977,800555008,0.09375
7e5d3d11439260ab,cifar10,ssb-v3-block,mlp,protocol-v3,0.6,128,2,2,266,0.0034571660216897726,0.0038948329747654498,800555008,0.09375
7e5d3d11439260ab,cifar10,ssb-v3-block,mlp,protocol-v3,0.6,128,2,2,267,0.0037812499795109034,0.004338458995334804,800555008,0.3359375
7e5d3d11439260ab,cifar10,ssb-v3-block,mlp,protocol-v3,0.6,128,2,2,268,0.0034834580146707594,0.003683209011796862,800555008,0.3828125
7e5d3d11439260ab,cifar10,ssb-v3-block,mlp,protocol-v3,0.6,128,2,2,269,0.003619791998062283,0.0038722919998690486,800555008,0.3125
7e5d3d11439260ab,cifar10,ssb-v3-block,mlp,protocol-v3,0.6,128,2,2,270,0.0036440420080907643,0.004033208009786904,800555008,0.3203125
7e5d3d11439260ab,cifar10,ssb-v3-block,mlp,protocol-v3,0.6,128,2,2,271,0.003351291990838945,0.003604459052439779,800555008,0.3515625
7e5d3d11439260ab,cifar10,ssb-v3-block,mlp,protocol-v3,0.6,128,2,2,272,0.003222041006665677,0.0033306669793091714,800555008,0.296875
7e5d3d11439260ab,cifar10,ssb-v3-block,mlp,protocol-v3,0.6,128,2,2,273,0.0029383330256678164,0.0031495829462073743,800555008,0.171875
7e5d3d11439260ab,cifar10,ssb-v3-block,mlp,protocol-v3,0.6,128,2,2,274,0.0031067500240169466,0.00307691702619195,800555008,0.4140625
7e5d3d11439260ab,cifar10,ssb-v3-block,mlp,protocol-v3,0.6,128,2,2,275,0.0037166670081205666,0.004393499984871596,800555008,0.109375
7e5d3d11439260ab,cifar10,ssb-v3-block,mlp,protocol-v3,0.6,128,2,2,276,0.00362475001020357,0.0035424589877948165,800555008,0.265625
7e5d3d11439260ab,cifar10,ssb-v3-block,mlp,protocol-v3,0.6,128,2,2,277,0.0038035839679650962,0.004903749970253557,800555008,0.125
7e5d3d11439260ab,cifar10,ssb-v3-block,mlp,protocol-v3,0.6,128,2,2,278,0.0033284579985775054,0.003741416963748634,800555008,0.1484375
7e5d3d11439260ab,cifar10,ssb-v3-block,mlp,protocol-v3,0.6,128,2,2,279,0.003297499963082373,0.003558333031833172,800555008,0.3515625
7e5d3d11439260ab,cifar10,ssb-v3-block,mlp,protocol-v3,0.6,128,2,2,280,0.003301916003692895,0.003507792018353939,800555008,0.328125
7e5d3d11439260ab,cifar10,ssb-v3-block,mlp,protocol-v3,0.6,128,2,2,281,0.002798750007059425,0.002542792004533112,800571392,0.1328125
7e5d3d11439260ab,cifar10,ssb-v3-block,mlp,protocol-v3,0.6,128,2,2,282,0.0038511669845320284,0.004541166010312736,800571392,0.3046875
7e5d3d11439260ab,cifar10,ssb-v3-block,mlp,protocol-v3,0.6,128,2,2,283,0.004280916997231543,0.004543708986602724,800571392,0.359375
7e5d3d11439260ab,cifar10,ssb-v3-block,mlp,protocol-v3,0.6,128,2,2,284,0.0035692090168595314,0.003970624995417893,800571392,0.3203125
7e5d3d11439260ab,cifar10,ssb-v3-block,mlp,protocol-v3,0.6,128,2,2,285,0.0034615000477060676,0.003890042018610984,800522240,0.109375
7e5d3d11439260ab,cifar10,ssb-v3-block,mlp,protocol-v3,0.6,128,2,2,286,0.0037601669901050627,0.004164791025687009,800522240,0.109375
7e5d3d11439260ab,cifar10,ssb-v3-block,mlp,protocol-v3,0.6,128,2,2,287,0.003598665993195027,0.0038551659672521055,800522240,0.40625
7e5d3d11439260ab,cifar10,ssb-v3-block,mlp,protocol-v3,0.6,128,2,2,288,0.0033073750091716647,0.003669042023830116,800522240,0.28125
7e5d3d11439260ab,cifar10,ssb-v3-block,mlp,protocol-v3,0.6,128,2,2,289,0.003717833023983985,0.004182291973847896,800522240,0.359375
7e5d3d11439260ab,cifar10,ssb-v3-block,mlp,protocol-v3,0.6,128,2,2,290,0.003281167009845376,0.0035593329812400043,800522240,0.2421875
7e5d3d11439260ab,cifar10,ssb-v3-block,mlp,protocol-v3,0.6,128,2,2,291,0.003674666048027575,0.0042215830180794,800522240,0.0859375
7e5d3d11439260ab,cifar10,ssb-v3-block,mlp,protocol-v3,0.6,128,2,2,292,0.0038115419447422028,0.0042407080181874335,800522240,0.28125
7e5d3d11439260ab,cifar10,ssb-v3-block,mlp,protocol-v3,0.6,128,2,2,293,0.0034438329748809338,0.00370645901421085,800522240,0.328125
7e5d3d11439260ab,cifar10,ssb-v3-block,mlp,protocol-v3,0.6,128,2,2,294,0.003759542014449835,0.004277875006664544,800522240,0.3359375
7e5d3d11439260ab,cifar10,ssb-v3-block,mlp,protocol-v3,0.6,128,2,2,295,0.0032369159744121134,0.0035343340132385492,800522240,0.2265625
7e5d3d11439260ab,cifar10,ssb-v3-block,mlp,protocol-v3,0.6,128,2,2,296,0.003146458009723574,0.003504708001855761,800522240,0.125
7e5d3d11439260ab,cifar10,ssb-v3-block,mlp,protocol-v3,0.6,128,2,2,297,0.003237791999708861,0.003461957967374474,800522240,0.0859375
7e5d3d11439260ab,cifar10,ssb-v3-block,mlp,protocol-v3,0.6,128,2,2,298,0.004005625029094517,0.004701416997704655,800522240,0.28125
7e5d3d11439260ab,cifar10,ssb-v3-block,mlp,protocol-v3,0.6,128,2,2,299,0.003747749957256019,0.003561332996468991,800522240,0.140625
7e5d3d11439260ab,cifar10,ssb-v3-block,mlp,protocol-v3,0.6,128,2,2,300,0.004091624985449016,0.004727000021375716,800522240,0.296875
7e5d3d11439260ab,cifar10,ssb-v3-block,mlp,protocol-v3,0.6,128,2,2,301,0.003027042024768889,0.003131709003355354,800538624,0.125
7e5d3d11439260ab,cifar10,ssb-v3-block,mlp,protocol-v3,0.6,128,2,2,302,0.0034131669672206044,0.004000250017270446,800538624,0.078125
7e5d3d11439260ab,cifar10,ssb-v3-block,mlp,protocol-v3,0.6,128,2,2,303,0.0042617080034688115,0.004818583023734391,800538624,0.109375
7e5d3d11439260ab,cifar10,ssb-v3-block,mlp,protocol-v3,0.6,128,2,2,304,0.004097208962775767,0.004421541001647711,800538624,0.078125
7e5d3d11439260ab,cifar10,ssb-v3-block,mlp,protocol-v3,0.6,128,2,2,305,0.003447374969255179,0.004226125020068139,800538624,0.1953125
7e5d3d11439260ab,cifar10,ssb-v3-block,mlp,protocol-v3,0.6,128,2,2,306,0.0036916660028509796,0.004489125043619424,800538624,0.2890625
7e5d3d11439260ab,cifar10,ssb-v3-block,mlp,protocol-v3,0.6,128,2,2,307,0.004216708010062575,0.004589166957885027,800538624,0.3515625
7e5d3d11439260ab,cifar10,ssb-v3-block,mlp,protocol-v3,0.6,128,2,2,308,0.004124708008021116,0.00460062496131286,800538624,0.0859375
7e5d3d11439260ab,cifar10,ssb-v3-block,mlp,protocol-v3,0.6,128,2,2,309,0.0034646670101210475,0.003913499996997416,800538624,0.0625
7e5d3d11439260ab,cifar10,ssb-v3-block,mlp,protocol-v3,0.6,128,2,2,310,0.0035582089913077652,0.004030334006529301,800538624,0.3359375
7e5d3d11439260ab,cifar10,ssb-v3-block,mlp,protocol-v3,0.6,128,2,2,311,0.003926749981474131,0.003286291961558163,800538624,0.3125
7e5d3d11439260ab,cifar10,ssb-v3-block,mlp,protocol-v3,0.6,128,2,2,312,0.0032999590039253235,0.0036814159830100834,800538624,0.3125
7e5d3d11439260ab,cifar10,ssb-v3-block,mlp,protocol-v3,0.6,128,2,2,313,0.0031823329627513885,0.0035457080230116844,800538624,0.3125
7e5d3d11439260ab,cifar10,ssb-v3-block,mlp,protocol-v3,0.6,128,2,2,314,0.003169542003888637,0.003489083028398454,800538624,0.3125
7e5d3d11439260ab,cifar10,ssb-v3-block,mlp,protocol-v3,0.6,128,2,2,315,0.0033894999651238322,0.0038809580146335065,800538624,0.0546875
7e5d3d11439260ab,cifar10,ssb-v3-block,mlp,protocol-v3,0.6,128,2,2,316,0.0033189169480465353,0.003512708004564047,800538624,0.3359375
7e5d3d11439260ab,cifar10,ssb-v3-block,mlp,protocol-v3,0.6,128,2,2,317,0.003819082980044186,0.004273790982551873,800538624,0.359375
7e5d3d11439260ab,cifar10,ssb-v3-block,mlp,protocol-v3,0.6,128,2,2,318,0.003765790956094861,0.004384208004921675,800538624,0.296875
7e5d3d11439260ab,cifar10,ssb-v3-block,mlp,protocol-v3,0.6,128,2,2,319,0.003361749986652285,0.003807666013017297,800538624,0.1171875
7e5d3d11439260ab,cifar10,ssb-v3-block,mlp,protocol-v3,0.6,128,2,2,320,0.0037154589663259685,0.004446125007234514,800538624,0.0703125
7e5d3d11439260ab,cifar10,ssb-v3-block,mlp,protocol-v3,0.6,128,2,2,321,0.0035792079870589077,0.004154917027335614,800538624,0.3125
7e5d3d11439260ab,cifar10,ssb-v3-block,mlp,protocol-v3,0.6,128,2,2,322,0.0037408749922178686,0.004299457999877632,800538624,0.3125
7e5d3d11439260ab,cifar10,ssb-v3-block,mlp,protocol-v3,0.6,128,2,2,323,0.0031122920336201787,0.0031399999861605465,800538624,0.2890625
7e5d3d11439260ab,cifar10,ssb-v3-block,mlp,protocol-v3,0.6,128,2,2,324,0.003915084002073854,0.004358749953098595,800538624,0.09375
7e5d3d11439260ab,cifar10,ssb-v3-block,mlp,protocol-v3,0.6,128,2,2,325,0.0031883330084383488,0.003418374981265515,800538624,0.1328125
7e5d3d11439260ab,cifar10,ssb-v3-block,mlp,protocol-v3,0.6,128,2,2,326,0.003411583020351827,0.003897625021636486,800538624,0.28125
7e5d3d11439260ab,cifar10,ssb-v3-block,mlp,protocol-v3,0.6,128,2,2,327,0.003584790974855423,0.00417691603070125,800538624,0.3515625
7e5d3d11439260ab,cifar10,ssb-v3-block,mlp,protocol-v3,0.6,128,2,2,328,0.0035715840058401227,0.003835707961115986,800538624,0.4375
7e5d3d11439260ab,cifar10,ssb-v3-block,mlp,protocol-v3,0.6,128,2,2,329,0.0031654160120524466,0.0034524999791756272,800538624,0.0546875
7e5d3d11439260ab,cifar10,ssb-v3-block,mlp,protocol-v3,0.6,128,2,2,330,0.0037106249947100878,0.0041019999771378934,800538624,0.3359375
7e5d3d11439260ab,cifar10,ssb-v3-block,mlp,protocol-v3,0.6,128,2,2,331,0.003961124981287867,0.004565749957691878,800538624,0.078125
7e5d3d11439260ab,cifar10,ssb-v3-block,mlp,protocol-v3,0.6,128,2,2,332,0.003524666011799127,0.003943125018849969,800538624,0.1015625
7e5d3d11439260ab,cifar10,ssb-v3-block,mlp,protocol-v3,0.6,128,2,2,333,0.003275332972407341,0.0035639579873532057,800555008,0.1171875
7e5d3d11439260ab,cifar10,ssb-v3-block,mlp,protocol-v3,0.6,128,2,2,334,0.0039630410028621554,0.004667917033657432,800571392,0.375
7e5d3d11439260ab,cifar10,ssb-v3-block,mlp,protocol-v3,0.6,128,2,2,335,0.0032846250105649233,0.0038724170299246907,800571392,0.109375
7e5d3d11439260ab,cifar10,ssb-v3-block,mlp,protocol-v3,0.6,128,2,2,336,0.003442249959334731,0.0038824169896543026,800571392,0.265625
7e5d3d11439260ab,cifar10,ssb-v3-block,mlp,protocol-v3,0.6,128,2,2,337,0.0038142920238897204,0.004669666988775134,800571392,0.0859375
7e5d3d11439260ab,cifar10,ssb-v3-block,mlp,protocol-v3,0.6,128,2,2,338,0.003213333955500275,0.0033201249898411334,800571392,0.1171875
7e5d3d11439260ab,cifar10,ssb-v3-block,mlp,protocol-v3,0.6,128,2,2,339,0.0033507500193081796,0.003741708002053201,800571392,0.1328125
7e5d3d11439260ab,cifar10,ssb-v3-block,mlp,protocol-v3,0.6,128,2,2,340,0.0036294159945100546,0.004170334024820477,800571392,0.078125
7e5d3d11439260ab,cifar10,ssb-v3-block,mlp,protocol-v3,0.6,128,2,2,341,0.0030880840495228767,0.0033969160285778344,800571392,0.078125
7e5d3d11439260ab,cifar10,ssb-v3-block,mlp,protocol-v3,0.6,128,2,2,342,0.003839540993794799,0.004655458964407444,800571392,0.0625
7e5d3d11439260ab,cifar10,ssb-v3-block,mlp,protocol-v3,0.6,128,2,2,343,0.00379595800768584,0.0037250000168569386,800571392,0.25
7e5d3d11439260ab,cifar10,ssb-v3-block,mlp,protocol-v3,0.6,128,2,2,344,0.0036916249664500356,0.004514250031206757,800571392,0.0859375
7e5d3d11439260ab,cifar10,ssb-v3-block,mlp,protocol-v3,0.6,128,2,2,345,0.0036907090106979012,0.004249249992426485,800571392,0.3359375
7e5d3d11439260ab,cifar10,ssb-v3-block,mlp,protocol-v3,0.6,128,2,2,346,0.0031716669909656048,0.003522292012348771,800571392,0.0546875
7e5d3d11439260ab,cifar10,ssb-v3-block,mlp,protocol-v3,0.6,128,2,2,347,0.003325041034258902,0.0036547500058077276,800587776,0.140625
7e5d3d11439260ab,cifar10,ssb-v3-block,mlp,protocol-v3,0.6,128,2,2,348,0.0033933749655261636,0.0034383749589323997,800587776,0.40625
7e5d3d11439260ab,cifar10,ssb-v3-block,mlp,protocol-v3,0.6,128,2,2,349,0.0036022079875692725,0.004434000002220273,800587776,0.0859375
7e5d3d11439260ab,cifar10,ssb-v3-block,mlp,protocol-v3,0.6,128,2,2,350,0.0034304169821552932,0.0035858749761246145,800587776,0.3203125
7e5d3d11439260ab,cifar10,ssb-v3-block,mlp,protocol-v3,0.6,128,2,2,351,0.0029277499997988343,0.002956166979856789,800587776,0.1015625
7e5d3d11439260ab,cifar10,ssb-v3-block,mlp,protocol-v3,0.6,128,2,2,352,0.0031938329921104014,0.0035327920340932906,800587776,0.1015625
7e5d3d11439260ab,cifar10,ssb-v3-block,mlp,protocol-v3,0.6,128,2,2,353,0.00314791698474437,0.003206124994903803,800587776,0.2734375
7e5d3d11439260ab,cifar10,ssb-v3-block,mlp,protocol-v3,0.6,128,2,2,354,0.003158500010613352,0.0035032499581575394,800587776,0.0703125
7e5d3d11439260ab,cifar10,ssb-v3-block,mlp,protocol-v3,0.6,128,2,2,355,0.0030303329695016146,0.0032141670235432684,800587776,0.2421875
7e5d3d11439260ab,cifar10,ssb-v3-block,mlp,protocol-v3,0.6,128,2,2,356,0.003462082997430116,0.004001208988483995,800587776,0.125
7e5d3d11439260ab,cifar10,ssb-v3-block,mlp,protocol-v3,0.6,128,2,2,357,0.004051624971907586,0.003831207985058427,800587776,0.3046875
7e5d3d11439260ab,cifar10,ssb-v3-block,mlp,protocol-v3,0.6,128,2,2,358,0.0037848750362172723,0.0044336249702610075,800587776,0.140625
7e5d3d11439260ab,cifar10,ssb-v3-block,mlp,protocol-v3,0.6,128,2,2,359,0.0036060840357095003,0.004238375055138022,800587776,0.125
7e5d3d11439260ab,cifar10,ssb-v3-block,mlp,protocol-v3,0.6,128,2,2,360,0.0035596659872680902,0.004439958953298628,800587776,0.0859375
7e5d3d11439260ab,cifar10,ssb-v3-block,mlp,protocol-v3,0.6,128,2,2,361,0.0033961249864660203,0.003958834044169635,800587776,0.234375
7e5d3d11439260ab,cifar10,ssb-v3-block,mlp,protocol-v3,0.6,128,2,2,362,0.0036665420047938824,0.004421915975399315,800587776,0.109375
7e5d3d11439260ab,cifar10,ssb-v3-block,mlp,protocol-v3,0.6,128,2,2,363,0.00375745800556615,0.004309375013690442,800587776,0.296875
7e5d3d11439260ab,cifar10,ssb-v3-block,mlp,protocol-v3,0.6,128,2,2,364,0.0036590000381693244,0.004408375010825694,800587776,0.0859375
7e5d3d11439260ab,cifar10,ssb-v3-block,mlp,protocol-v3,0.6,128,2,2,365,0.003929333994165063,0.004498000023886561,800587776,0.3125
7e5d3d11439260ab,cifar10,ssb-v3-block,mlp,protocol-v3,0.6,128,2,2,366,0.003470290976110846,0.003731583012267947,800604160,0.1015625
7e5d3d11439260ab,cifar10,ssb-v3-block,mlp,protocol-v3,0.6,128,2,2,367,0.0035574170178733766,0.004202915995847434,800604160,0.0859375
7e5d3d11439260ab,cifar10,ssb-v3-block,mlp,protocol-v3,0.6,128,2,2,368,0.0035967910080216825,0.004160583019256592,800604160,0.28125
7e5d3d11439260ab,cifar10,ssb-v3-block,mlp,protocol-v3,0.6,128,2,2,369,0.0033524170285090804,0.0038192920037545264,800604160,0.125
7e5d3d11439260ab,cifar10,ssb-v3-block,mlp,protocol-v3,0.6,128,2,2,370,0.003158459032420069,0.003528333967551589,800604160,0.1015625
7e5d3d11439260ab,cifar10,ssb-v3-block,mlp,protocol-v3,0.6,128,2,2,371,0.00331370800267905,0.0035673329839482903,800604160,0.328125
7e5d3d11439260ab,cifar10,ssb-v3-block,mlp,protocol-v3,0.6,128,2,2,372,0.003844083985313773,0.004428624990396202,800604160,0.046875
7e5d3d11439260ab,cifar10,ssb-v3-block,mlp,protocol-v3,0.6,128,2,2,373,0.0038833750295452774,0.004487250000238419,800604160,0.3046875
7e5d3d11439260ab,cifar10,ssb-v3-block,mlp,protocol-v3,0.6,128,2,2,374,0.0032346670050174,0.0034311250201426446,800604160,0.0859375
7e5d3d11439260ab,cifar10,ssb-v3-block,mlp,protocol-v3,0.6,128,2,2,375,0.003225749998819083,0.0038081250386312604,800604160,0.28125
7e5d3d11439260ab,cifar10,ssb-v3-block,mlp,protocol-v3,0.6,128,2,2,376,0.0035781670012511313,0.004012874967884272,800604160,0.109375
7e5d3d11439260ab,cifar10,ssb-v3-block,mlp,protocol-v3,0.6,128,2,2,377,0.0034227080177515745,0.0037536669988185167,800604160,0.3671875
7e5d3d11439260ab,cifar10,ssb-v3-block,mlp,protocol-v3,0.6,128,2,2,378,0.004001250024884939,0.0045483330031856894,800604160,0.390625
7e5d3d11439260ab,cifar10,ssb-v3-block,mlp,protocol-v3,0.6,128,2,2,379,0.0030162909533828497,0.0031209589797072113,800604160,0.1015625
7e5d3d11439260ab,cifar10,ssb-v3-block,mlp,protocol-v3,0.6,128,2,2,380,0.0033027500030584633,0.0037335840170271695,800604160,0.09375
7e5d3d11439260ab,cifar10,ssb-v3-block,mlp,protocol-v3,0.6,128,2,2,381,0.0037486660294234753,0.004535167012363672,800604160,0.140625
7e5d3d11439260ab,cifar10,ssb-v3-block,mlp,protocol-v3,0.6,128,2,2,382,0.003491666982881725,0.004194625013042241,800620544,0.265625
7e5d3d11439260ab,cifar10,ssb-v3-block,mlp,protocol-v3,0.6,128,2,2,383,0.0032407920225523412,0.0036608329974114895,800620544,0.28125
7e5d3d11439260ab,cifar10,ssb-v3-block,mlp,protocol-v3,0.6,128,2,2,384,0.0036613750271499157,0.0042630419484339654,800620544,0.3046875
7e5d3d11439260ab,cifar10,ssb-v3-block,mlp,protocol-v3,0.6,128,2,2,385,0.003532957984134555,0.004095249983947724,800620544,0.0859375
7e5d3d11439260ab,cifar10,ssb-v3-block,mlp,protocol-v3,0.6,128,2,2,386,0.0032426660181954503,0.003765208995901048,800620544,0.1015625
7e5d3d11439260ab,cifar10,ssb-v3-block,mlp,protocol-v3,0.6,128,2,2,387,0.003642625000793487,0.004164625017438084,800620544,0.1484375
7e5d3d11439260ab,cifar10,ssb-v3-block,mlp,protocol-v3,0.6,128,2,2,388,0.003352458996232599,0.003614499990362674,800620544,0.2578125
7e5d3d11439260ab,cifar10,ssb-v3-block,mlp,protocol-v3,0.6,128,2,2,389,0.002794082975015044,0.002978334028739482,800636928,0.109375
7e5d3d11439260ab,cifar10,ssb-v3-block,mlp,protocol-v3,0.6,128,2,2,390,0.008604916976764798,0.012984834029339254,802799616,0.25
7e5d3d11439260ab,cifar10,ssb-v3-block,mlp,protocol-v3,0.6,128,2,3,0,0.0037192919990047812,0.004539625020697713,804257792,0.078125
7e5d3d11439260ab,cifar10,ssb-v3-block,mlp,protocol-v3,0.6,128,2,3,1,0.0032876250334084034,0.0035593329812400043,804257792,0.2734375
7e5d3d11439260ab,cifar10,ssb-v3-block,mlp,protocol-v3,0.6,128,2,3,2,0.0038333749980665743,0.0042479169787839055,804257792,0.296875
7e5d3d11439260ab,cifar10,ssb-v3-block,mlp,protocol-v3,0.6,128,2,3,3,0.003832707996480167,0.0036208329838700593,804257792,0.1640625
7e5d3d11439260ab,cifar10,ssb-v3-block,mlp,protocol-v3,0.6,128,2,3,4,0.003663750016130507,0.003923458978533745,804257792,0.2578125
7e5d3d11439260ab,cifar10,ssb-v3-block,mlp,protocol-v3,0.6,128,2,3,5,0.0034258750383742154,0.004125041014049202,804257792,0.078125
7e5d3d11439260ab,cifar10,ssb-v3-block,mlp,protocol-v3,0.6,128,2,3,6,0.0033935419633053243,0.0037709170137532055,804257792,0.078125
7e5d3d11439260ab,cifar10,ssb-v3-block,mlp,protocol-v3,0.6,128,2,3,7,0.0031022499897517264,0.0032740000169724226,804257792,0.0859375
7e5d3d11439260ab,cifar10,ssb-v3-block,mlp,protocol-v3,0.6,128,2,3,8,0.0031749579939059913,0.0032762920018285513,804257792,0.109375
7e5d3d11439260ab,cifar10,ssb-v3-block,mlp,protocol-v3,0.6,128,2,3,9,0.0035304169869050384,0.0036581670283339918,804257792,0.3046875
7e5d3d11439260ab,cifar10,ssb-v3-block,mlp,protocol-v3,0.6,128,2,3,10,0.0032897080527618527,0.00368645804701373,804257792,0.1171875
7e5d3d11439260ab,cifar10,ssb-v3-block,mlp,protocol-v3,0.6,128,2,3,11,0.0037880000309087336,0.004491083032917231,804257792,0.0625
7e5d3d11439260ab,cifar10,ssb-v3-block,mlp,protocol-v3,0.6,128,2,3,12,0.003788375004660338,0.004466416023205966,804257792,0.28125
7e5d3d11439260ab,cifar10,ssb-v3-block,mlp,protocol-v3,0.6,128,2,3,13,0.0037658330402337015,0.004266834002919495,804257792,0.4296875
7e5d3d11439260ab,cifar10,ssb-v3-block,mlp,protocol-v3,0.6,128,2,3,14,0.003769083006773144,0.004252040991559625,804257792,0.3203125
7e5d3d11439260ab,cifar10,ssb-v3-block,mlp,protocol-v3,0.6,128,2,3,15,0.0037821250152774155,0.003950540965888649,804257792,0.1328125
7e5d3d11439260ab,cifar10,ssb-v3-block,mlp,protocol-v3,0.6,128,2,3,16,0.0038536249776370823,0.004475708992686123,804257792,0.375
7e5d3d11439260ab,cifar10,ssb-v3-block,mlp,protocol-v3,0.6,128,2,3,17,0.004014749953057617,0.004248958022799343,804257792,0.2265625
7e5d3d11439260ab,cifar10,ssb-v3-block,mlp,protocol-v3,0.6,128,2,3,18,0.00336533400695771,0.0036696669994853437,804257792,0.296875
7e5d3d11439260ab,cifar10,ssb-v3-block,mlp,protocol-v3,0.6,128,2,3,19,0.003199416969437152,0.0033105830079875886,804257792,0.2109375
7e5d3d11439260ab,cifar10,ssb-v3-block,mlp,protocol-v3,0.6,128,2,3,20,0.0034701669937931,0.003837833006400615,804257792,0.078125
7e5d3d11439260ab,cifar10,ssb-v3-block,mlp,protocol-v3,0.6,128,2,3,21,0.003824500017799437,0.004497083020396531,804257792,0.25
7e5d3d11439260ab,cifar10,ssb-v3-block,mlp,protocol-v3,0.6,128,2,3,22,0.003809874993748963,0.004162249970249832,804257792,0.390625
7e5d3d11439260ab,cifar10,ssb-v3-block,mlp,protocol-v3,0.6,128,2,3,23,0.003589417028706521,0.003957125009037554,804257792,0.328125
7e5d3d11439260ab,cifar10,ssb-v3-block,mlp,protocol-v3,0.6,128,2,3,24,0.003518999961670488,0.0037489589885808527,804257792,0.296875
7e5d3d11439260ab,cifar10,ssb-v3-block,mlp,protocol-v3,0.6,128,2,3,25,0.0033184170024469495,0.0038702909951098263,804257792,0.09375
7e5d3d11439260ab,cifar10,ssb-v3-block,mlp,protocol-v3,0.6,128,2,3,26,0.0034462909679859877,0.003962957998737693,804257792,0.046875
7e5d3d11439260ab,cifar10,ssb-v3-block,mlp,protocol-v3,0.6,128,2,3,27,0.0035338749876245856,0.003887832979671657,804257792,0.0625
7e5d3d11439260ab,cifar10,ssb-v3-block,mlp,protocol-v3,0.6,128,2,3,28,0.0037357500405050814,0.004286749986931682,804257792,0.28125
7e5d3d11439260ab,cifar10,ssb-v3-block,mlp,protocol-v3,0.6,128,2,3,29,0.003644999989774078,0.004293916979804635,804257792,0.3984375
7e5d3d11439260ab,cifar10,ssb-v3-block,mlp,protocol-v3,0.6,128,2,3,30,0.0034362919977866113,0.004048000031616539,804257792,0.3203125
7e5d3d11439260ab,cifar10,ssb-v3-block,mlp,protocol-v3,0.6,128,2,3,31,0.00377333298092708,0.004405250016134232,804257792,0.09375
7e5d3d11439260ab,cifar10,ssb-v3-block,mlp,protocol-v3,0.6,128,2,3,32,0.0031431250390596688,0.0034554170561023057,804257792,0.0703125
7e5d3d11439260ab,cifar10,ssb-v3-block,mlp,protocol-v3,0.6,128,2,3,33,0.0033862910349853337,0.003812457958701998,804257792,0.234375
7e5d3d11439260ab,cifar10,ssb-v3-block,mlp,protocol-v3,0.6,128,2,3,34,0.003675582993309945,0.0040814580279402435,804257792,0.140625
7e5d3d11439260ab,cifar10,ssb-v3-block,mlp,protocol-v3,0.6,128,2,3,35,0.003473374992609024,0.0037924580392427742,804257792,0.2578125
7e5d3d11439260ab,cifar10,ssb-v3-block,mlp,protocol-v3,0.6,128,2,3,36,0.0037725840229541063,0.004513207997661084,804257792,0.1015625
7e5d3d11439260ab,cifar10,ssb-v3-block,mlp,protocol-v3,0.6,128,2,3,37,0.0031305000302381814,0.0032850830466486514,804257792,0.09375
7e5d3d11439260ab,cifar10,ssb-v3-block,mlp,protocol-v3,0.6,128,2,3,38,0.0030431250343099236,0.0032638750271871686,804257792,0.3203125
7e5d3d11439260ab,cifar10,ssb-v3-block,mlp,protocol-v3,0.6,128,2,3,39,0.003406542004086077,0.0037687079748138785,804257792,0.1171875
7e5d3d11439260ab,cifar10,ssb-v3-block,mlp,protocol-v3,0.6,128,2,3,40,0.004148875013925135,0.00396437500603497,804257792,0.0859375
7e5d3d11439260ab,cifar10,ssb-v3-block,mlp,protocol-v3,0.6,128,2,3,41,0.0035637920373119414,0.004123334016185254,804274176,0.0859375
7e5d3d11439260ab,cifar10,ssb-v3-block,mlp,protocol-v3,0.6,128,2,3,42,0.003629916987847537,0.004024416033644229,804274176,0.4453125
7e5d3d11439260ab,cifar10,ssb-v3-block,mlp,protocol-v3,0.6,128,2,3,43,0.00393708300543949,0.004666500026360154,804274176,0.078125
7e5d3d11439260ab,cifar10,ssb-v3-block,mlp,protocol-v3,0.6,128,2,3,44,0.003339999995660037,0.00355075002880767,804290560,0.1328125
7e5d3d11439260ab,cifar10,ssb-v3-block,mlp,protocol-v3,0.6,128,2,3,45,0.00358791695907712,0.004162958008237183,804290560,0.0859375
7e5d3d11439260ab,cifar10,ssb-v3-block,mlp,protocol-v3,0.6,128,2,3,46,0.0038932920433580875,0.004657874989788979,804290560,0.0859375
7e5d3d11439260ab,cifar10,ssb-v3-block,mlp,protocol-v3,0.6,128,2,3,47,0.0034749169717542827,0.003969083947595209,804290560,0.1171875
7e5d3d11439260ab,cifar10,ssb-v3-block,mlp,protocol-v3,0.6,128,2,3,48,0.003628375008702278,0.004246958007570356,804290560,0.2890625
7e5d3d11439260ab,cifar10,ssb-v3-block,mlp,protocol-v3,0.6,128,2,3,49,0.0038053340394981205,0.0037271660403348505,804290560,0.3515625
7e5d3d11439260ab,cifar10,ssb-v3-block,mlp,protocol-v3,0.6,128,2,3,50,0.0033750419970601797,0.003772833035327494,804290560,0.109375
7e5d3d11439260ab,cifar10,ssb-v3-block,mlp,protocol-v3,0.6,128,2,3,51,0.003555249946657568,0.004742541001178324,804290560,0.1015625
7e5d3d11439260ab,cifar10,ssb-v3-block,mlp,protocol-v3,0.6,128,2,3,52,0.004125916981138289,0.0046790000051259995,804290560,0.09375
7e5d3d11439260ab,cifar10,ssb-v3-block,mlp,protocol-v3,0.6,128,2,3,53,0.004457624978385866,0.005142125010024756,804290560,0.2734375
7e5d3d11439260ab,cifar10,ssb-v3-block,mlp,protocol-v3,0.6,128,2,3,54,0.004928375012241304,0.005446665978524834,804290560,0.125
7e5d3d11439260ab,cifar10,ssb-v3-block,mlp,protocol-v3,0.6,128,2,3,55,0.004608207964338362,0.006344624969642609,804290560,0.2734375
7e5d3d11439260ab,cifar10,ssb-v3-block,mlp,protocol-v3,0.6,128,2,3,56,0.004819999972824007,0.005075583001598716,804290560,0.359375
7e5d3d11439260ab,cifar10,ssb-v3-block,mlp,protocol-v3,0.6,128,2,3,57,0.004329000017605722,0.004923207976389676,804290560,0.078125
7e5d3d11439260ab,cifar10,ssb-v3-block,mlp,protocol-v3,0.6,128,2,3,58,0.004421582969371229,0.004194250039290637,804290560,0.296875
7e5d3d11439260ab,cifar10,ssb-v3-block,mlp,protocol-v3,0.6,128,2,3,59,0.004428334010299295,0.004844666982535273,804290560,0.390625
7e5d3d11439260ab,cifar10,ssb-v3-block,mlp,protocol-v3,0.6,128,2,3,60,0.0038240410503931344,0.0046297910157591105,804290560,0.09375
7e5d3d11439260ab,cifar10,ssb-v3-block,mlp,protocol-v3,0.6,128,2,3,61,0.003427291987463832,0.004716916009783745,804290560,0.09375
7e5d3d11439260ab,cifar10,ssb-v3-block,mlp,protocol-v3,0.6,128,2,3,62,0.004073167045135051,0.004273208964150399,804290560,0.3046875
7e5d3d11439260ab,cifar10,ssb-v3-block,mlp,protocol-v3,0.6,128,2,3,63,0.003129916964098811,0.0032828330295160413,804290560,0.09375
7e5d3d11439260ab,cifar10,ssb-v3-block,mlp,protocol-v3,0.6,128,2,3,64,0.003389458986930549,0.0037362080183811486,804290560,0.0859375
7e5d3d11439260ab,cifar10,ssb-v3-block,mlp,protocol-v3,0.6,128,2,3,65,0.0035637920373119414,0.004122083017136902,804290560,0.109375
7e5d3d11439260ab,cifar10,ssb-v3-block,mlp,protocol-v3,0.6,128,2,3,66,0.0035979999811388552,0.004247415985446423,804290560,0.109375
7e5d3d11439260ab,cifar10,ssb-v3-block,mlp,protocol-v3,0.6,128,2,3,67,0.0038636670215055346,0.0038108750013634562,804290560,0.296875
7e5d3d11439260ab,cifar10,ssb-v3-block,mlp,protocol-v3,0.6,128,2,3,68,0.0035314169945195317,0.003909708000719547,804290560,0.390625
7e5d3d11439260ab,cifar10,ssb-v3-block,mlp,protocol-v3,0.6,128,2,3,69,0.00362550001591444,0.004032082972116768,804290560,0.2890625
7e5d3d11439260ab,cifar10,ssb-v3-block,mlp,protocol-v3,0.6,128,2,3,70,0.003633374988567084,0.0042754579917527735,804290560,0.3125
7e5d3d11439260ab,cifar10,ssb-v3-block,mlp,protocol-v3,0.6,128,2,3,71,0.0036864160210825503,0.004056333971675485,804290560,0.359375
7e5d3d11439260ab,cifar10,ssb-v3-block,mlp,protocol-v3,0.6,128,2,3,72,0.0039449159521609545,0.0042406669817864895,804290560,0.09375
7e5d3d11439260ab,cifar10,ssb-v3-block,mlp,protocol-v3,0.6,128,2,3,73,0.003485332999844104,0.003798999998252839,804290560,0.078125
7e5d3d11439260ab,cifar10,ssb-v3-block,mlp,protocol-v3,0.6,128,2,3,74,0.003409500000998378,0.003731790988240391,804290560,0.1484375
7e5d3d11439260ab,cifar10,ssb-v3-block,mlp,protocol-v3,0.6,128,2,3,75,0.0035502910031937063,0.004459999967366457,804290560,0.078125
7e5d3d11439260ab,cifar10,ssb-v3-block,mlp,protocol-v3,0.6,128,2,3,76,0.003499208018183708,0.0041038329945877194,804290560,0.140625
7e5d3d11439260ab,cifar10,ssb-v3-block,mlp,protocol-v3,0.6,128,2,3,77,0.00381574995117262,0.003454625024460256,804290560,0.109375
7e5d3d11439260ab,cifar10,ssb-v3-block,mlp,protocol-v3,0.6,128,2,3,78,0.003574208007194102,0.003835459006950259,804290560,0.3046875
7e5d3d11439260ab,cifar10,ssb-v3-block,mlp,protocol-v3,0.6,128,2,3,79,0.004151374974753708,0.005000250006560236,804290560,0.28125
7e5d3d11439260ab,cifar10,ssb-v3-block,mlp,protocol-v3,0.6,128,2,3,80,0.0037013330147601664,0.004610833013430238,804306944,0.40625
7e5d3d11439260ab,cifar10,ssb-v3-block,mlp,protocol-v3,0.6,128,2,3,81,0.0030327500426210463,0.00364679197082296,804306944,0.0703125
7e5d3d11439260ab,cifar10,ssb-v3-block,mlp,protocol-v3,0.6,128,2,3,82,0.004205834004096687,0.005034958012402058,804306944,0.3203125
7e5d3d11439260ab,cifar10,ssb-v3-block,mlp,protocol-v3,0.6,128,2,3,83,0.004091459035407752,0.004423125006724149,804306944,0.3515625
7e5d3d11439260ab,cifar10,ssb-v3-block,mlp,protocol-v3,0.6,128,2,3,84,0.0032315829885192215,0.0034760000417008996,804306944,0.3125
7e5d3d11439260ab,cifar10,ssb-v3-block,mlp,protocol-v3,0.6,128,2,3,85,0.003283750033006072,0.0037819590070284903,804306944,0.25
7e5d3d11439260ab,cifar10,ssb-v3-block,mlp,protocol-v3,0.6,128,2,3,86,0.003417916945181787,0.003807875036727637,804306944,0.3515625
7e5d3d11439260ab,cifar10,ssb-v3-block,mlp,protocol-v3,0.6,128,2,3,87,0.003692416998092085,0.004189042025245726,804306944,0.2265625
7e5d3d11439260ab,cifar10,ssb-v3-block,mlp,protocol-v3,0.6,128,2,3,88,0.0034178339992649853,0.003570791974198073,804306944,0.21875
7e5d3d11439260ab,cifar10,ssb-v3-block,mlp,protocol-v3,0.6,128,2,3,89,0.0038674999959766865,0.004529541009105742,804306944,0.34375
7e5d3d11439260ab,cifar10,ssb-v3-block,mlp,protocol-v3,0.6,128,2,3,90,0.0030674170120619237,0.0028849999653175473,804306944,0.0859375
7e5d3d11439260ab,cifar10,ssb-v3-block,mlp,protocol-v3,0.6,128,2,3,91,0.0035495420452207327,0.004029582953080535,804306944,0.25
7e5d3d11439260ab,cifar10,ssb-v3-block,mlp,protocol-v3,0.6,128,2,3,92,0.003815875039435923,0.0044719589641317725,804306944,0.109375
7e5d3d11439260ab,cifar10,ssb-v3-block,mlp,protocol-v3,0.6,128,2,3,93,0.0037810830399394035,0.004498666035942733,804306944,0.3046875
7e5d3d11439260ab,cifar10,ssb-v3-block,mlp,protocol-v3,0.6,128,2,3,94,0.0032435000175610185,0.003507667046505958,804306944,0.296875
7e5d3d11439260ab,cifar10,ssb-v3-block,mlp,protocol-v3,0.6,128,2,3,95,0.0036318329512141645,0.004336041980423033,804306944,0.2890625
7e5d3d11439260ab,cifar10,ssb-v3-block,mlp,protocol-v3,0.6,128,2,3,96,0.003096874977927655,0.0032966670114547014,804306944,0.2265625
7e5d3d11439260ab,cifar10,ssb-v3-block,mlp,protocol-v3,0.6,128,2,3,97,0.0032509159645996988,0.003453875018749386,804306944,0.1015625
7e5d3d11439260ab,cifar10,ssb-v3-block,mlp,protocol-v3,0.6,128,2,3,98,0.0038305839989334345,0.004392999981064349,804306944,0.34375
7e5d3d11439260ab,cifar10,ssb-v3-block,mlp,protocol-v3,0.6,128,2,3,99,0.0035406670067459345,0.003376792010385543,804306944,0.2734375
7e5d3d11439260ab,cifar10,ssb-v3-block,mlp,protocol-v3,0.6,128,2,3,100,0.0035348329693078995,0.004143583006225526,804306944,0.390625
7e5d3d11439260ab,cifar10,ssb-v3-block,mlp,protocol-v3,0.6,128,2,3,101,0.003348250000271946,0.003840375051368028,804306944,0.0546875
7e5d3d11439260ab,cifar10,ssb-v3-block,mlp,protocol-v3,0.6,128,2,3,102,0.0039543749880976975,0.004809458972886205,804306944,0.375
7e5d3d11439260ab,cifar10,ssb-v3-block,mlp,protocol-v3,0.6,128,2,3,103,0.004441333003342152,0.00507900002412498,804306944,0.328125
7e5d3d11439260ab,cifar10,ssb-v3-block,mlp,protocol-v3,0.6,128,2,3,104,0.0035832090070471168,0.0043247080175206065,804306944,0.1015625
7e5d3d11439260ab,cifar10,ssb-v3-block,mlp,protocol-v3,0.6,128,2,3,105,0.0035353339626453817,0.003999624983407557,804306944,0.3515625
7e5d3d11439260ab,cifar10,ssb-v3-block,mlp,protocol-v3,0.6,128,2,3,106,0.003117457963526249,0.0033424999564886093,804306944,0.359375
7e5d3d11439260ab,cifar10,ssb-v3-block,mlp,protocol-v3,0.6,128,2,3,107,0.004730916989501566,0.00473558297380805,804306944,0.140625
7e5d3d11439260ab,cifar10,ssb-v3-block,mlp,protocol-v3,0.6,128,2,3,108,0.003731166012585163,0.003654250002000481,804306944,0.28125
7e5d3d11439260ab,cifar10,ssb-v3-block,mlp,protocol-v3,0.6,128,2,3,109,0.0037354169762693346,0.004476333037018776,804306944,0.0859375
7e5d3d11439260ab,cifar10,ssb-v3-block,mlp,protocol-v3,0.6,128,2,3,110,0.003857625008095056,0.004590584023389965,804306944,0.3359375
7e5d3d11439260ab,cifar10,ssb-v3-block,mlp,protocol-v3,0.6,128,2,3,111,0.0033660830231383443,0.0040039169834926724,804306944,0.2421875
7e5d3d11439260ab,cifar10,ssb-v3-block,mlp,protocol-v3,0.6,128,2,3,112,0.0034170420258305967,0.0038697089767083526,804306944,0.0859375
7e5d3d11439260ab,cifar10,ssb-v3-block,mlp,protocol-v3,0.6,128,2,3,113,0.0038398749893531203,0.004282833018805832,804306944,0.3203125
7e5d3d11439260ab,cifar10,ssb-v3-block,mlp,protocol-v3,0.6,128,2,3,114,0.003396000014618039,0.003818417026195675,804306944,0.2421875
7e5d3d11439260ab,cifar10,ssb-v3-block,mlp,protocol-v3,0.6,128,2,3,115,0.0035889160353690386,0.004063416970893741,804306944,0.390625
7e5d3d11439260ab,cifar10,ssb-v3-block,mlp,protocol-v3,0.6,128,2,3,116,0.0035727499634958804,0.00390700000571087,804306944,0.3515625
7e5d3d11439260ab,cifar10,ssb-v3-block,mlp,protocol-v3,0.6,128,2,3,117,0.003663624986074865,0.004244207986630499,804306944,0.1015625
7e5d3d11439260ab,cifar10,ssb-v3-block,mlp,protocol-v3,0.6,128,2,3,118,0.003449832962360233,0.004089957976248115,804306944,0.109375
7e5d3d11439260ab,cifar10,ssb-v3-block,mlp,protocol-v3,0.6,128,2,3,119,0.0032628750195726752,0.003687583957798779,804306944,0.28125
7e5d3d11439260ab,cifar10,ssb-v3-block,mlp,protocol-v3,0.6,128,2,3,120,0.0034452920081093907,0.004029083997011185,804306944,0.375
7e5d3d11439260ab,cifar10,ssb-v3-block,mlp,protocol-v3,0.6,128,2,3,121,0.003359207999892533,0.00379520800197497,804306944,0.078125
7e5d3d11439260ab,cifar10,ssb-v3-block,mlp,protocol-v3,0.6,128,2,3,122,0.003489250026177615,0.003893291053827852,804306944,0.0625
7e5d3d11439260ab,cifar10,ssb-v3-block,mlp,protocol-v3,0.6,128,2,3,123,0.0033112079836428165,0.0035365410149097443,804306944,0.234375
7e5d3d11439260ab,cifar10,ssb-v3-block,mlp,protocol-v3,0.6,128,2,3,124,0.0036142499884590507,0.004552540951408446,804306944,0.296875
7e5d3d11439260ab,cifar10,ssb-v3-block,mlp,protocol-v3,0.6,128,2,3,125,0.0036204999778419733,0.004195417044684291,804306944,0.3046875
7e5d3d11439260ab,cifar10,ssb-v3-block,mlp,protocol-v3,0.6,128,2,3,126,0.0035855829482898116,0.004191707994323224,804306944,0.28125
7e5d3d11439260ab,cifar10,ssb-v3-block,mlp,protocol-v3,0.6,128,2,3,127,0.003485750057734549,0.003908208978828043,804306944,0.0859375
7e5d3d11439260ab,cifar10,ssb-v3-block,mlp,protocol-v3,0.6,128,2,3,128,0.003755333018489182,0.00442120898514986,804323328,0.078125
7e5d3d11439260ab,cifar10,ssb-v3-block,mlp,protocol-v3,0.6,128,2,3,129,0.003296750015579164,0.0034902500337921083,804323328,0.265625
7e5d3d11439260ab,cifar10,ssb-v3-block,mlp,protocol-v3,0.6,128,2,3,130,0.0032544999849051237,0.0034845000482164323,804339712,0.25
7e5d3d11439260ab,cifar10,ssb-v3-block,mlp,protocol-v3,0.6,128,2,3,131,0.0035742920008488,0.004224499978590757,804339712,0.1015625
7e5d3d11439260ab,cifar10,ssb-v3-block,mlp,protocol-v3,0.6,128,2,3,132,0.00346099998569116,0.004025834030471742,804339712,0.3359375
7e5d3d11439260ab,cifar10,ssb-v3-block,mlp,protocol-v3,0.6,128,2,3,133,0.00355391699122265,0.004238332970999181,804339712,0.0625
7e5d3d11439260ab,cifar10,ssb-v3-block,mlp,protocol-v3,0.6,128,2,3,134,0.0031813750392757356,0.0034635000047273934,804356096,0.0859375
7e5d3d11439260ab,cifar10,ssb-v3-block,mlp,protocol-v3,0.6,128,2,3,135,0.0031009999802336097,0.003287083003669977,804356096,0.0625
7e5d3d11439260ab,cifar10,ssb-v3-block,mlp,protocol-v3,0.6,128,2,3,136,0.0028484169743023813,0.003024833044037223,804356096,0.1640625
7e5d3d11439260ab,cifar10,ssb-v3-block,mlp,protocol-v3,0.6,128,2,3,137,0.003521249978803098,0.003900500014424324,804356096,0.328125
7e5d3d11439260ab,cifar10,ssb-v3-block,mlp,protocol-v3,0.6,128,2,3,138,0.003800540987867862,0.0046109159593470395,804356096,0.34375
7e5d3d11439260ab,cifar10,ssb-v3-block,mlp,protocol-v3,0.6,128,2,3,139,0.0036290420102886856,0.004174917005002499,804356096,0.3125
7e5d3d11439260ab,cifar10,ssb-v3-block,mlp,protocol-v3,0.6,128,2,3,140,0.0035995839862152934,0.0037437500432133675,804356096,0.296875
7e5d3d11439260ab,cifar10,ssb-v3-block,mlp,protocol-v3,0.6,128,2,3,141,0.0033285419922322035,0.0035447499831207097,804356096,0.3515625
7e5d3d11439260ab,cifar10,ssb-v3-block,mlp,protocol-v3,0.6,128,2,3,142,0.0036572079989127815,0.004000165965408087,804356096,0.328125
7e5d3d11439260ab,cifar10,ssb-v3-block,mlp,protocol-v3,0.6,128,2,3,143,0.0035907920100726187,0.004354916047304869,804356096,0.2734375
7e5d3d11439260ab,cifar10,ssb-v3-block,mlp,protocol-v3,0.6,128,2,3,144,0.0032168750185519457,0.0031531249987892807,804356096,0.125
7e5d3d11439260ab,cifar10,ssb-v3-block,mlp,protocol-v3,0.6,128,2,3,145,0.0037174170138314366,0.0038954580086283386,804356096,0.0859375
7e5d3d11439260ab,cifar10,ssb-v3-block,mlp,protocol-v3,0.6,128,2,3,146,0.002903499989770353,0.0029946249560452998,804356096,0.234375
7e5d3d11439260ab,cifar10,ssb-v3-block,mlp,protocol-v3,0.6,128,2,3,147,0.0032664170139469206,0.0036110419896431267,804356096,0.1328125
7e5d3d11439260ab,cifar10,ssb-v3-block,mlp,protocol-v3,0.6,128,2,3,148,0.0038305839989334345,0.0042624999769032,804356096,0.3671875
7e5d3d11439260ab,cifar10,ssb-v3-block,mlp,protocol-v3,0.6,128,2,3,149,0.003862791054416448,0.0038891250151209533,804372480,0.2734375
7e5d3d11439260ab,cifar10,ssb-v3-block,mlp,protocol-v3,0.6,128,2,3,150,0.0036342499661259353,0.004025541013106704,804372480,0.3671875
7e5d3d11439260ab,cifar10,ssb-v3-block,mlp,protocol-v3,0.6,128,2,3,151,0.003960333007853478,0.00461487501161173,804372480,0.359375
7e5d3d11439260ab,cifar10,ssb-v3-block,mlp,protocol-v3,0.6,128,2,3,152,0.0033713330049067736,0.0035457920166663826,804372480,0.109375
7e5d3d11439260ab,cifar10,ssb-v3-block,mlp,protocol-v3,0.6,128,2,3,153,0.0037105410010553896,0.004417999996803701,804372480,0.0859375
7e5d3d11439260ab,cifar10,ssb-v3-block,mlp,protocol-v3,0.6,128,2,3,154,0.003302041965071112,0.003944666008464992,804388864,0.296875
7e5d3d11439260ab,cifar10,ssb-v3-block,mlp,protocol-v3,0.6,128,2,3,155,0.003534124989528209,0.004023374989628792,804388864,0.3359375
7e5d3d11439260ab,cifar10,ssb-v3-block,mlp,protocol-v3,0.6,128,2,3,156,0.003671957994811237,0.003851916000712663,804405248,0.3203125
7e5d3d11439260ab,cifar10,ssb-v3-block,mlp,protocol-v3,0.6,128,2,3,157,0.003581291006412357,0.004225082986522466,804405248,0.1015625
7e5d3d11439260ab,cifar10,ssb-v3-block,mlp,protocol-v3,0.6,128,2,3,158,0.00397408299613744,0.004605333029758185,804405248,0.2890625
7e5d3d11439260ab,cifar10,ssb-v3-block,mlp,protocol-v3,0.6,128,2,3,159,0.003345125005580485,0.0038344169734045863,804405248,0.390625
7e5d3d11439260ab,cifar10,ssb-v3-block,mlp,protocol-v3,0.6,128,2,3,160,0.003303166013211012,0.003484958957415074,804405248,0.140625
7e5d3d11439260ab,cifar10,ssb-v3-block,mlp,protocol-v3,0.6,128,2,3,161,0.0032776249572634697,0.0038507499848492444,804405248,0.1171875
7e5d3d11439260ab,cifar10,ssb-v3-block,mlp,protocol-v3,0.6,128,2,3,162,0.0028127090190537274,0.0028390419902279973,804405248,0.265625
7e5d3d11439260ab,cifar10,ssb-v3-block,mlp,protocol-v3,0.6,128,2,3,163,0.003635499975644052,0.004225584038067609,804405248,0.1015625
7e5d3d11439260ab,cifar10,ssb-v3-block,mlp,protocol-v3,0.6,128,2,3,164,0.003271833003964275,0.0033554580295458436,804405248,0.3203125
7e5d3d11439260ab,cifar10,ssb-v3-block,mlp,protocol-v3,0.6,128,2,3,165,0.0029163340223021805,0.0032456250046379864,804405248,0.359375
7e5d3d11439260ab,cifar10,ssb-v3-block,mlp,protocol-v3,0.6,128,2,3,166,0.0036719159688800573,0.004034208017401397,804421632,0.359375
7e5d3d11439260ab,cifar10,ssb-v3-block,mlp,protocol-v3,0.6,128,2,3,167,0.0037272089975886047,0.00450999999884516,804421632,0.3203125
7e5d3d11439260ab,cifar10,ssb-v3-block,mlp,protocol-v3,0.6,128,2,3,168,0.003160832973662764,0.0032125000143423676,804421632,0.2890625
7e5d3d11439260ab,cifar10,ssb-v3-block,mlp,protocol-v3,0.6,128,2,3,169,0.0033612909610383213,0.0034724579891189933,804421632,0.3671875
7e5d3d11439260ab,cifar10,ssb-v3-block,mlp,protocol-v3,0.6,128,2,3,170,0.003399208013433963,0.003997290972620249,804421632,0.2421875
7e5d3d11439260ab,cifar10,ssb-v3-block,mlp,protocol-v3,0.6,128,2,3,171,0.003244291990995407,0.003500875027384609,804421632,0.375
7e5d3d11439260ab,cifar10,ssb-v3-block,mlp,protocol-v3,0.6,128,2,3,172,0.0035153329954482615,0.004166040976997465,804438016,0.078125
7e5d3d11439260ab,cifar10,ssb-v3-block,mlp,protocol-v3,0.6,128,2,3,173,0.0038172920467332006,0.0037340839626267552,804438016,0.2421875
7e5d3d11439260ab,cifar10,ssb-v3-block,mlp,protocol-v3,0.6,128,2,3,174,0.0036474160151556134,0.004180415999144316,804438016,0.0703125
7e5d3d11439260ab,cifar10,ssb-v3-block,mlp,protocol-v3,0.6,128,2,3,175,0.0036830419558100402,0.004263125010766089,804438016,0.3515625
7e5d3d11439260ab,cifar10,ssb-v3-block,mlp,protocol-v3,0.6,128,2,3,176,0.0034060830366797745,0.003868207975756377,804438016,0.1015625
7e5d3d11439260ab,cifar10,ssb-v3-block,mlp,protocol-v3,0.6,128,2,3,177,0.003316666989121586,0.0034044170170091093,804438016,0.28125
7e5d3d11439260ab,cifar10,ssb-v3-block,mlp,protocol-v3,0.6,128,2,3,178,0.0033410419709980488,0.003889041021466255,804438016,0.1171875
7e5d3d11439260ab,cifar10,ssb-v3-block,mlp,protocol-v3,0.6,128,2,3,179,0.002827957971021533,0.002844457980245352,804438016,0.375
7e5d3d11439260ab,cifar10,ssb-v3-block,mlp,protocol-v3,0.6,128,2,3,180,0.0033094999962486327,0.0032182499999180436,804438016,0.421875
7e5d3d11439260ab,cifar10,ssb-v3-block,mlp,protocol-v3,0.6,128,2,3,181,0.0036605840432457626,0.004182583012152463,804438016,0.375
7e5d3d11439260ab,cifar10,ssb-v3-block,mlp,protocol-v3,0.6,128,2,3,182,0.0038464590325020254,0.0035271249944344163,804438016,0.09375
7e5d3d11439260ab,cifar10,ssb-v3-block,mlp,protocol-v3,0.6,128,2,3,183,0.003476083977147937,0.003762667009141296,804438016,0.3359375
7e5d3d11439260ab,cifar10,ssb-v3-block,mlp,protocol-v3,0.6,128,2,3,184,0.003326374979224056,0.0037905419594608247,804438016,0.3984375
7e5d3d11439260ab,cifar10,ssb-v3-block,mlp,protocol-v3,0.6,128,2,3,185,0.0032994159846566617,0.003526707994751632,804438016,0.34375
7e5d3d11439260ab,cifar10,ssb-v3-block,mlp,protocol-v3,0.6,128,2,3,186,0.0037031659740023315,0.004250917001627386,804454400,0.390625
7e5d3d11439260ab,cifar10,ssb-v3-block,mlp,protocol-v3,0.6,128,2,3,187,0.0032048329594545066,0.0033233329886570573,804454400,0.3125
7e5d3d11439260ab,cifar10,ssb-v3-block,mlp,protocol-v3,0.6,128,2,3,188,0.003909333958290517,0.004678333003539592,804454400,0.3125
7e5d3d11439260ab,cifar10,ssb-v3-block,mlp,protocol-v3,0.6,128,2,3,189,0.002879791019950062,0.0029357500025071204,804454400,0.3515625
7e5d3d11439260ab,cifar10,ssb-v3-block,mlp,protocol-v3,0.6,128,2,3,190,0.003306541999336332,0.0034875000128522515,804454400,0.359375
7e5d3d11439260ab,cifar10,ssb-v3-block,mlp,protocol-v3,0.6,128,2,3,191,0.0036700829514302313,0.004102291946765035,804454400,0.09375
7e5d3d11439260ab,cifar10,ssb-v3-block,mlp,protocol-v3,0.6,128,2,3,192,0.0036530420184135437,0.004245582967996597,804454400,0.3671875
7e5d3d11439260ab,cifar10,ssb-v3-block,mlp,protocol-v3,0.6,128,2,3,193,0.004018374951556325,0.004953375027980655,804454400,0.125
7e5d3d11439260ab,cifar10,ssb-v3-block,mlp,protocol-v3,0.6,128,2,3,194,0.003731709031853825,0.004246208001859486,804454400,0.3671875
7e5d3d11439260ab,cifar10,ssb-v3-block,mlp,protocol-v3,0.6,128,2,3,195,0.0028441250324249268,0.003006082959473133,804470784,0.0625
7e5d3d11439260ab,cifar10,ssb-v3-block,mlp,protocol-v3,0.6,128,2,3,196,0.0036423749988898635,0.004227374971378595,804470784,0.265625
7e5d3d11439260ab,cifar10,ssb-v3-block,mlp,protocol-v3,0.6,128,2,3,197,0.0037723330315202475,0.003972958016674966,804487168,0.359375
7e5d3d11439260ab,cifar10,ssb-v3-block,mlp,protocol-v3,0.6,128,2,3,198,0.003548208042047918,0.004152917012106627,804487168,0.375
7e5d3d11439260ab,cifar10,ssb-v3-block,mlp,protocol-v3,0.6,128,2,3,199,0.003946333017665893,0.004190834006294608,804503552,0.1640625
7e5d3d11439260ab,cifar10,ssb-v3-block,mlp,protocol-v3,0.6,128,2,3,200,0.003488000016659498,0.003996499988716096,804503552,0.3671875
7e5d3d11439260ab,cifar10,ssb-v3-block,mlp,protocol-v3,0.6,128,2,3,201,0.0036642499617300928,0.004402291029691696,804503552,0.09375
7e5d3d11439260ab,cifar10,ssb-v3-block,mlp,protocol-v3,0.6,128,2,3,202,0.0034162920201197267,0.0037902090116403997,804503552,0.1171875
7e5d3d11439260ab,cifar10,ssb-v3-block,mlp,protocol-v3,0.6,128,2,3,203,0.0036656250013038516,0.004204624972771853,804503552,0.0859375
7e5d3d11439260ab,cifar10,ssb-v3-block,mlp,protocol-v3,0.6,128,2,3,204,0.003861374978441745,0.004497167014051229,804503552,0.3671875
7e5d3d11439260ab,cifar10,ssb-v3-block,mlp,protocol-v3,0.6,128,2,3,205,0.003423666988965124,0.004067583009600639,804503552,0.1484375
7e5d3d11439260ab,cifar10,ssb-v3-block,mlp,protocol-v3,0.6,128,2,3,206,0.003392707963939756,0.0037354169762693346,804503552,0.25
7e5d3d11439260ab,cifar10,ssb-v3-block,mlp,protocol-v3,0.6,128,2,3,207,0.003078124951571226,0.0033521250006742775,804503552,0.0546875
7e5d3d11439260ab,cifar10,ssb-v3-block,mlp,protocol-v3,0.6,128,2,3,208,0.003588166960980743,0.004130500019527972,804503552,0.46875
7e5d3d11439260ab,cifar10,ssb-v3-block,mlp,protocol-v3,0.6,128,2,3,209,0.003591958957258612,0.0034491250407882035,804503552,0.0859375
7e5d3d11439260ab,cifar10,ssb-v3-block,mlp,protocol-v3,0.6,128,2,3,210,0.0038610839983448386,0.0037757499958388507,804503552,0.2109375
7e5d3d11439260ab,cifar10,ssb-v3-block,mlp,protocol-v3,0.6,128,2,3,211,0.0037303330027498305,0.00435429101344198,804503552,0.375
7e5d3d11439260ab,cifar10,ssb-v3-block,mlp,protocol-v3,0.6,128,2,3,212,0.003325040976051241,0.0037430839729495347,804503552,0.109375
7e5d3d11439260ab,cifar10,ssb-v3-block,mlp,protocol-v3,0.6,128,2,3,213,0.0037090000114403665,0.00411316700046882,804519936,0.375
7e5d3d11439260ab,cifar10,ssb-v3-block,mlp,protocol-v3,0.6,128,2,3,214,0.003687958000227809,0.00466458301525563,804519936,0.125
7e5d3d11439260ab,cifar10,ssb-v3-block,mlp,protocol-v3,0.6,128,2,3,215,0.003992290992755443,0.004038167011458427,804519936,0.3359375
7e5d3d11439260ab,cifar10,ssb-v3-block,mlp,protocol-v3,0.6,128,2,3,216,0.002978708012960851,0.003112708975095302,804519936,0.140625
7e5d3d11439260ab,cifar10,ssb-v3-block,mlp,protocol-v3,0.6,128,2,3,217,0.0035585000296123326,0.0040568329859524965,804519936,0.28125
7e5d3d11439260ab,cifar10,ssb-v3-block,mlp,protocol-v3,0.6,128,2,3,218,0.0036114590475335717,0.0038825409719720483,804519936,0.3203125
7e5d3d11439260ab,cifar10,ssb-v3-block,mlp,protocol-v3,0.6,128,2,3,219,0.003358583024237305,0.00379820802481845,804519936,0.1015625
7e5d3d11439260ab,cifar10,ssb-v3-block,mlp,protocol-v3,0.6,128,2,3,220,0.003964582982007414,0.003503624990116805,804519936,0.078125
7e5d3d11439260ab,cifar10,ssb-v3-block,mlp,protocol-v3,0.6,128,2,3,221,0.003949125006329268,0.004921749990899116,804519936,0.1015625
7e5d3d11439260ab,cifar10,ssb-v3-block,mlp,protocol-v3,0.6,128,2,3,222,0.003708458039909601,0.004298957996070385,804519936,0.40625
7e5d3d11439260ab,cifar10,ssb-v3-block,mlp,protocol-v3,0.6,128,2,3,223,0.003740375046618283,0.004377375007607043,804519936,0.109375
7e5d3d11439260ab,cifar10,ssb-v3-block,mlp,protocol-v3,0.6,128,2,3,224,0.0032744579948484898,0.003737499995622784,804519936,0.0546875
7e5d3d11439260ab,cifar10,ssb-v3-block,mlp,protocol-v3,0.6,128,2,3,225,0.003709999960847199,0.0043112909770570695,804519936,0.34375
7e5d3d11439260ab,cifar10,ssb-v3-block,mlp,protocol-v3,0.6,128,2,3,226,0.003733457997441292,0.0042240420007146895,804536320,0.328125
7e5d3d11439260ab,cifar10,ssb-v3-block,mlp,protocol-v3,0.6,128,2,3,227,0.0032655419781804085,0.0035957079962827265,804536320,0.328125
7e5d3d11439260ab,cifar10,ssb-v3-block,mlp,protocol-v3,0.6,128,2,3,228,0.0035026249825023115,0.003942875016946346,804536320,0.1015625
7e5d3d11439260ab,cifar10,ssb-v3-block,mlp,protocol-v3,0.6,128,2,3,229,0.0035813330323435366,0.003818000026512891,804536320,0.28125
7e5d3d11439260ab,cifar10,ssb-v3-block,mlp,protocol-v3,0.6,128,2,3,230,0.00370645901421085,0.004402792023029178,804536320,0.140625
7e5d3d11439260ab,cifar10,ssb-v3-block,mlp,protocol-v3,0.6,128,2,3,231,0.0029609580524265766,0.002895584038924426,804536320,0.0859375
7e5d3d11439260ab,cifar10,ssb-v3-block,mlp,protocol-v3,0.6,128,2,3,232,0.003526874992530793,0.0039753749733790755,804536320,0.078125
7e5d3d11439260ab,cifar10,ssb-v3-block,mlp,protocol-v3,0.6,128,2,3,233,0.0033084999886341393,0.0036355420015752316,804536320,0.140625
7e5d3d11439260ab,cifar10,ssb-v3-block,mlp,protocol-v3,0.6,128,2,3,234,0.0037913749692961574,0.004657750017940998,804536320,0.0859375
7e5d3d11439260ab,cifar10,ssb-v3-block,mlp,protocol-v3,0.6,128,2,3,235,0.003161999979056418,0.0028266250155866146,804536320,0.09375
7e5d3d11439260ab,cifar10,ssb-v3-block,mlp,protocol-v3,0.6,128,2,3,236,0.003948665980715305,0.004765624995343387,804536320,0.078125
7e5d3d11439260ab,cifar10,ssb-v3-block,mlp,protocol-v3,0.6,128,2,3,237,0.0038798750028945506,0.004699458018876612,804536320,0.34375
7e5d3d11439260ab,cifar10,ssb-v3-block,mlp,protocol-v3,0.6,128,2,3,238,0.0034680000389926136,0.0043141659698449075,804536320,0.109375
7e5d3d11439260ab,cifar10,ssb-v3-block,mlp,protocol-v3,0.6,128,2,3,239,0.002911166986450553,0.0027741669910028577,804569088,0.171875
7e5d3d11439260ab,cifar10,ssb-v3-block,mlp,protocol-v3,0.6,128,2,3,240,0.0034779160050675273,0.004024875001050532,804585472,0.109375
7e5d3d11439260ab,cifar10,ssb-v3-block,mlp,protocol-v3,0.6,128,2,3,241,0.003534250019583851,0.004051583004184067,804585472,0.109375
7e5d3d11439260ab,cifar10,ssb-v3-block,mlp,protocol-v3,0.6,128,2,3,242,0.003188250004313886,0.003311542037408799,804585472,0.3828125
7e5d3d11439260ab,cifar10,ssb-v3-block,mlp,protocol-v3,0.6,128,2,3,243,0.003762165957596153,0.004668625013437122,804585472,0.328125
7e5d3d11439260ab,cifar10,ssb-v3-block,mlp,protocol-v3,0.6,128,2,3,244,0.0039757079794071615,0.0038659159909002483,804585472,0.1171875
7e5d3d11439260ab,cifar10,ssb-v3-block,mlp,protocol-v3,0.6,128,2,3,245,0.0037603750242851675,0.004674416966736317,804585472,0.140625
7e5d3d11439260ab,cifar10,ssb-v3-block,mlp,protocol-v3,0.6,128,2,3,246,0.003231792012229562,0.003606792015489191,804585472,0.125
7e5d3d11439260ab,cifar10,ssb-v3-block,mlp,protocol-v3,0.6,128,2,3,247,0.0033198330202139914,0.003373958053998649,804585472,0.328125
7e5d3d11439260ab,cifar10,ssb-v3-block,mlp,protocol-v3,0.6,128,2,3,248,0.003833332972135395,0.004343541979324073,804585472,0.3828125
7e5d3d11439260ab,cifar10,ssb-v3-block,mlp,protocol-v3,0.6,128,2,3,249,0.004036416998133063,0.004312500008381903,804585472,0.3984375
7e5d3d11439260ab,cifar10,ssb-v3-block,mlp,protocol-v3,0.6,128,2,3,250,0.00373166601639241,0.004160499956924468,804585472,0.2734375
7e5d3d11439260ab,cifar10,ssb-v3-block,mlp,protocol-v3,0.6,128,2,3,251,0.0033837910159491003,0.003887833037879318,804601856,0.34375
7e5d3d11439260ab,cifar10,ssb-v3-block,mlp,protocol-v3,0.6,128,2,3,252,0.004039958002977073,0.004880917025730014,804601856,0.3671875
7e5d3d11439260ab,cifar10,ssb-v3-block,mlp,protocol-v3,0.6,128,2,3,253,0.003422332985792309,0.0036788330180570483,804601856,0.328125
7e5d3d11439260ab,cifar10,ssb-v3-block,mlp,protocol-v3,0.6,128,2,3,254,0.0032690420048311353,0.0036774170002900064,804618240,0.265625
7e5d3d11439260ab,cifar10,ssb-v3-block,mlp,protocol-v3,0.6,128,2,3,255,0.0033493340015411377,0.0036433330387808383,804618240,0.296875
7e5d3d11439260ab,cifar10,ssb-v3-block,mlp,protocol-v3,0.6,128,2,3,256,0.0034069999819621444,0.0036484170123003423,804618240,0.375
7e5d3d11439260ab,cifar10,ssb-v3-block,mlp,protocol-v3,0.6,128,2,3,257,0.0031420839950442314,0.003408999997191131,804618240,0.109375
7e5d3d11439260ab,cifar10,ssb-v3-block,mlp,protocol-v3,0.6,128,2,3,258,0.003299292002338916,0.0035836250171996653,804618240,0.3515625
7e5d3d11439260ab,cifar10,ssb-v3-block,mlp,protocol-v3,0.6,128,2,3,259,0.003695750026963651,0.004468166967853904,804618240,0.3359375
7e5d3d11439260ab,cifar10,ssb-v3-block,mlp,protocol-v3,0.6,128,2,3,260,0.0035662080044858158,0.004064917040523142,804618240,0.296875
7e5d3d11439260ab,cifar10,ssb-v3-block,mlp,protocol-v3,0.6,128,2,3,261,0.003717583022080362,0.004168792045675218,804618240,0.109375
7e5d3d11439260ab,cifar10,ssb-v3-block,mlp,protocol-v3,0.6,128,2,3,262,0.003543166967574507,0.003913957974873483,804618240,0.3828125
7e5d3d11439260ab,cifar10,ssb-v3-block,mlp,protocol-v3,0.6,128,2,3,263,0.003792624978814274,0.004410290974192321,804618240,0.0234375
7e5d3d11439260ab,cifar10,ssb-v3-block,mlp,protocol-v3,0.6,128,2,3,264,0.0026720830355770886,0.002653250005096197,804618240,0.2421875
7e5d3d11439260ab,cifar10,ssb-v3-block,mlp,protocol-v3,0.6,128,2,3,265,0.0033039170084521174,0.004088749992661178,804618240,0.109375
7e5d3d11439260ab,cifar10,ssb-v3-block,mlp,protocol-v3,0.6,128,2,3,266,0.0032250419608317316,0.003527749970089644,804618240,0.2421875
7e5d3d11439260ab,cifar10,ssb-v3-block,mlp,protocol-v3,0.6,128,2,3,267,0.004243374976795167,0.0037027089856565,804618240,0.3046875
7e5d3d11439260ab,cifar10,ssb-v3-block,mlp,protocol-v3,0.6,128,2,3,268,0.0038963750121183693,0.0046790000051259995,804634624,0.375
7e5d3d11439260ab,cifar10,ssb-v3-block,mlp,protocol-v3,0.6,128,2,3,269,0.003774583979975432,0.004296667000744492,804634624,0.125
7e5d3d11439260ab,cifar10,ssb-v3-block,mlp,protocol-v3,0.6,128,2,3,270,0.0033635839936323464,0.004061791987624019,804634624,0.1015625
7e5d3d11439260ab,cifar10,ssb-v3-block,mlp,protocol-v3,0.6,128,2,3,271,0.003531792026478797,0.003874208952765912,804634624,0.328125
7e5d3d11439260ab,cifar10,ssb-v3-block,mlp,protocol-v3,0.6,128,2,3,272,0.0034460420138202608,0.0038264159811660647,804634624,0.3671875
7e5d3d11439260ab,cifar10,ssb-v3-block,mlp,protocol-v3,0.6,128,2,3,273,0.003606166981626302,0.004128540982492268,804634624,0.3359375
7e5d3d11439260ab,cifar10,ssb-v3-block,mlp,protocol-v3,0.6,128,2,3,274,0.003630167047958821,0.004278832988347858,804634624,0.078125
7e5d3d11439260ab,cifar10,ssb-v3-block,mlp,protocol-v3,0.6,128,2,3,275,0.0031436249846592546,0.0035936670028604567,804634624,0.0625
7e5d3d11439260ab,cifar10,ssb-v3-block,mlp,protocol-v3,0.6,128,2,3,276,0.0037123330403119326,0.004420917015522718,804634624,0.3515625
7e5d3d11439260ab,cifar10,ssb-v3-block,mlp,protocol-v3,0.6,128,2,3,277,0.0035787909873761237,0.0038268340285867453,804634624,0.078125
7e5d3d11439260ab,cifar10,ssb-v3-block,mlp,protocol-v3,0.6,128,2,3,278,0.0035020409850403666,0.004138000018429011,804634624,0.3515625
7e5d3d11439260ab,cifar10,ssb-v3-block,mlp,protocol-v3,0.6,128,2,3,279,0.0030622080084867775,0.0033641670015640557,804634624,0.09375
7e5d3d11439260ab,cifar10,ssb-v3-block,mlp,protocol-v3,0.6,128,2,3,280,0.004051709023769945,0.004726333019789308,804634624,0.4609375
7e5d3d11439260ab,cifar10,ssb-v3-block,mlp,protocol-v3,0.6,128,2,3,281,0.00335220800479874,0.003940667025744915,804634624,0.125
7e5d3d11439260ab,cifar10,ssb-v3-block,mlp,protocol-v3,0.6,128,2,3,282,0.0037929589743725955,0.004615459009073675,804634624,0.1484375
7e5d3d11439260ab,cifar10,ssb-v3-block,mlp,protocol-v3,0.6,128,2,3,283,0.003557290998287499,0.004038124985527247,804651008,0.328125
7e5d3d11439260ab,cifar10,ssb-v3-block,mlp,protocol-v3,0.6,128,2,3,284,0.0032430830178782344,0.0035665829782374203,804651008,0.234375
7e5d3d11439260ab,cifar10,ssb-v3-block,mlp,protocol-v3,0.6,128,2,3,285,0.002839999971911311,0.002831999969203025,804667392,0.3203125
7e5d3d11439260ab,cifar10,ssb-v3-block,mlp,protocol-v3,0.6,128,2,3,286,0.0036627909867092967,0.004586207971442491,804667392,0.125
7e5d3d11439260ab,cifar10,ssb-v3-block,mlp,protocol-v3,0.6,128,2,3,287,0.004101166967302561,0.00358775001950562,804667392,0.3671875
7e5d3d11439260ab,cifar10,ssb-v3-block,mlp,protocol-v3,0.6,128,2,3,288,0.003220332961063832,0.0041555839707143605,804667392,0.0859375
7e5d3d11439260ab,cifar10,ssb-v3-block,mlp,protocol-v3,0.6,128,2,3,289,0.0038234160165302455,0.004435249953530729,804667392,0.0703125
7e5d3d11439260ab,cifar10,ssb-v3-block,mlp,protocol-v3,0.6,128,2,3,290,0.002631832961924374,0.002655374992173165,804667392,0.1875
7e5d3d11439260ab,cifar10,ssb-v3-block,mlp,protocol-v3,0.6,128,2,3,291,0.003216375014744699,0.003504500025883317,804667392,0.359375
7e5d3d11439260ab,cifar10,ssb-v3-block,mlp,protocol-v3,0.6,128,2,3,292,0.003281832963693887,0.0035879170172847807,804667392,0.296875
7e5d3d11439260ab,cifar10,ssb-v3-block,mlp,protocol-v3,0.6,128,2,3,293,0.0035742089967243373,0.004134749993681908,804667392,0.1640625
7e5d3d11439260ab,cifar10,ssb-v3-block,mlp,protocol-v3,0.6,128,2,3,294,0.0037786250468343496,0.004944625019561499,804667392,0.1640625
7e5d3d11439260ab,cifar10,ssb-v3-block,mlp,protocol-v3,0.6,128,2,3,295,0.003316999995149672,0.0036771249724552035,804683776,0.046875
7e5d3d11439260ab,cifar10,ssb-v3-block,mlp,protocol-v3,0.6,128,2,3,296,0.003696041996590793,0.004384083964396268,804700160,0.3828125
7e5d3d11439260ab,cifar10,ssb-v3-block,mlp,protocol-v3,0.6,128,2,3,297,0.003339958027936518,0.003802583960350603,804700160,0.1328125
7e5d3d11439260ab,cifar10,ssb-v3-block,mlp,protocol-v3,0.6,128,2,3,298,0.003049542021472007,0.0030414590146392584,804700160,0.3046875
7e5d3d11439260ab,cifar10,ssb-v3-block,mlp,protocol-v3,0.6,128,2,3,299,0.003105082956608385,0.0033023330033756793,804700160,0.109375
7e5d3d11439260ab,cifar10,ssb-v3-block,mlp,protocol-v3,0.6,128,2,3,300,0.003308541956357658,0.0037018749862909317,804700160,0.109375
7e5d3d11439260ab,cifar10,ssb-v3-block,mlp,protocol-v3,0.6,128,2,3,301,0.0034184579853899777,0.0037244579871185124,804700160,0.328125
7e5d3d11439260ab,cifar10,ssb-v3-block,mlp,protocol-v3,0.6,128,2,3,302,0.0036230419646017253,0.004178292001597583,804700160,0.140625
7e5d3d11439260ab,cifar10,ssb-v3-block,mlp,protocol-v3,0.6,128,2,3,303,0.0031410419614985585,0.0035052080056630075,804700160,0.09375
7e5d3d11439260ab,cifar10,ssb-v3-block,mlp,protocol-v3,0.6,128,2,3,304,0.0039576670387759805,0.004802499955985695,804700160,0.3046875
7e5d3d11439260ab,cifar10,ssb-v3-block,mlp,protocol-v3,0.6,128,2,3,305,0.003596500027924776,0.003882416000124067,804700160,0.1328125
7e5d3d11439260ab,cifar10,ssb-v3-block,mlp,protocol-v3,0.6,128,2,3,306,0.0036588750081136823,0.0038485410041175783,804700160,0.34375
7e5d3d11439260ab,cifar10,ssb-v3-block,mlp,protocol-v3,0.6,128,2,3,307,0.0030251669813878834,0.003044750017579645,804700160,0.09375
7e5d3d11439260ab,cifar10,ssb-v3-block,mlp,protocol-v3,0.6,128,2,3,308,0.0032379170297645032,0.00357504200655967,804700160,0.109375
7e5d3d11439260ab,cifar10,ssb-v3-block,mlp,protocol-v3,0.6,128,2,3,309,0.003627832978963852,0.004219209018629044,804700160,0.3125
7e5d3d11439260ab,cifar10,ssb-v3-block,mlp,protocol-v3,0.6,128,2,3,310,0.0037765000015497208,0.004511083010584116,804716544,0.046875
7e5d3d11439260ab,cifar10,ssb-v3-block,mlp,protocol-v3,0.6,128,2,3,311,0.0035782919730991125,0.004216875007841736,804716544,0.2734375
7e5d3d11439260ab,cifar10,ssb-v3-block,mlp,protocol-v3,0.6,128,2,3,312,0.003419834014493972,0.003744417044799775,804716544,0.0859375
7e5d3d11439260ab,cifar10,ssb-v3-block,mlp,protocol-v3,0.6,128,2,3,313,0.0036136669805273414,0.004240582988131791,804716544,0.3125
7e5d3d11439260ab,cifar10,ssb-v3-block,mlp,protocol-v3,0.6,128,2,3,314,0.0038594999932684004,0.004645542008802295,804716544,0.3515625
7e5d3d11439260ab,cifar10,ssb-v3-block,mlp,protocol-v3,0.6,128,2,3,315,0.00382995797554031,0.004482292046304792,804716544,0.28125
7e5d3d11439260ab,cifar10,ssb-v3-block,mlp,protocol-v3,0.6,128,2,3,316,0.003389083023648709,0.004172541026491672,804716544,0.09375
7e5d3d11439260ab,cifar10,ssb-v3-block,mlp,protocol-v3,0.6,128,2,3,317,0.003384415991604328,0.003607042017392814,804716544,0.328125
7e5d3d11439260ab,cifar10,ssb-v3-block,mlp,protocol-v3,0.6,128,2,3,318,0.003583042009267956,0.0041045419638976455,804716544,0.0859375
7e5d3d11439260ab,cifar10,ssb-v3-block,mlp,protocol-v3,0.6,128,2,3,319,0.003141708963084966,0.00343129102839157,804716544,0.109375
7e5d3d11439260ab,cifar10,ssb-v3-block,mlp,protocol-v3,0.6,128,2,3,320,0.0035234170500189066,0.004023792047519237,804716544,0.1328125
7e5d3d11439260ab,cifar10,ssb-v3-block,mlp,protocol-v3,0.6,128,2,3,321,0.0036899169790558517,0.004054874996654689,804716544,0.28125
7e5d3d11439260ab,cifar10,ssb-v3-block,mlp,protocol-v3,0.6,128,2,3,322,0.0037346669705584645,0.004458624986000359,804716544,0.0859375
7e5d3d11439260ab,cifar10,ssb-v3-block,mlp,protocol-v3,0.6,128,2,3,323,0.004394583986140788,0.005083833995740861,804716544,0.3359375
7e5d3d11439260ab,cifar10,ssb-v3-block,mlp,protocol-v3,0.6,128,2,3,324,0.003617290989495814,0.004313124984037131,804716544,0.0703125
7e5d3d11439260ab,cifar10,ssb-v3-block,mlp,protocol-v3,0.6,128,2,3,325,0.0037609169958159328,0.004564167000353336,804732928,0.0703125
7e5d3d11439260ab,cifar10,ssb-v3-block,mlp,protocol-v3,0.6,128,2,3,326,0.0037303330027498305,0.00431762496009469,804749312,0.109375
7e5d3d11439260ab,cifar10,ssb-v3-block,mlp,protocol-v3,0.6,128,2,3,327,0.0036124999751336873,0.003298416966572404,804749312,0.2890625
7e5d3d11439260ab,cifar10,ssb-v3-block,mlp,protocol-v3,0.6,128,2,3,328,0.0034908329835161567,0.00372437498299405,804765696,0.3671875
7e5d3d11439260ab,cifar10,ssb-v3-block,mlp,protocol-v3,0.6,128,2,3,329,0.0038405830273404717,0.004484875011257827,804765696,0.3671875
7e5d3d11439260ab,cifar10,ssb-v3-block,mlp,protocol-v3,0.6,128,2,3,330,0.0038220419664867222,0.004566500021610409,804765696,0.0703125
7e5d3d11439260ab,cifar10,ssb-v3-block,mlp,protocol-v3,0.6,128,2,3,331,0.0035555000067688525,0.003810207999777049,804765696,0.4765625
7e5d3d11439260ab,cifar10,ssb-v3-block,mlp,protocol-v3,0.6,128,2,3,332,0.003216792014427483,0.0034014589618891478,804765696,0.1328125
7e5d3d11439260ab,cifar10,ssb-v3-block,mlp,protocol-v3,0.6,128,2,3,333,0.003406875010114163,0.003566458006389439,804765696,0.34375
7e5d3d11439260ab,cifar10,ssb-v3-block,mlp,protocol-v3,0.6,128,2,3,334,0.0032067919964902103,0.0032415000023320317,804765696,0.296875
7e5d3d11439260ab,cifar10,ssb-v3-block,mlp,protocol-v3,0.6,128,2,3,335,0.003920082992408425,0.004816500004380941,804765696,0.375
7e5d3d11439260ab,cifar10,ssb-v3-block,mlp,protocol-v3,0.6,128,2,3,336,0.003430332988500595,0.0032937920186668634,804765696,0.3203125
7e5d3d11439260ab,cifar10,ssb-v3-block,mlp,protocol-v3,0.6,128,2,3,337,0.003667208948172629,0.004465124977286905,804782080,0.2890625
7e5d3d11439260ab,cifar10,ssb-v3-block,mlp,protocol-v3,0.6,128,2,3,338,0.002976583957206458,0.003184625005815178,804798464,0.0859375
7e5d3d11439260ab,cifar10,ssb-v3-block,mlp,protocol-v3,0.6,128,2,3,339,0.0035023330128751695,0.004154207999818027,804798464,0.078125
7e5d3d11439260ab,cifar10,ssb-v3-block,mlp,protocol-v3,0.6,128,2,3,340,0.003881625016219914,0.00376979197608307,804798464,0.0234375
7e5d3d11439260ab,cifar10,ssb-v3-block,mlp,protocol-v3,0.6,128,2,3,341,0.0030151669634506106,0.0031684580026194453,804798464,0.1015625
7e5d3d11439260ab,cifar10,ssb-v3-block,mlp,protocol-v3,0.6,128,2,3,342,0.003538459015544504,0.003911792009603232,804798464,0.390625
7e5d3d11439260ab,cifar10,ssb-v3-block,mlp,protocol-v3,0.6,128,2,3,343,0.004050249990541488,0.004818374989554286,804798464,0.3515625
7e5d3d11439260ab,cifar10,ssb-v3-block,mlp,protocol-v3,0.6,128,2,3,344,0.0035847920225933194,0.004200708994176239,804798464,0.3203125
7e5d3d11439260ab,cifar10,ssb-v3-block,mlp,protocol-v3,0.6,128,2,3,345,0.0032252499950118363,0.003497666970361024,804798464,0.0703125
7e5d3d11439260ab,cifar10,ssb-v3-block,mlp,protocol-v3,0.6,128,2,3,346,0.003794416959863156,0.00442441605264321,804798464,0.078125
7e5d3d11439260ab,cifar10,ssb-v3-block,mlp,protocol-v3,0.6,128,2,3,347,0.003634542052168399,0.0035972080077044666,804798464,0.3203125
7e5d3d11439260ab,cifar10,ssb-v3-block,mlp,protocol-v3,0.6,128,2,3,348,0.0030079580028541386,0.0030898329569026828,804798464,0.1171875
7e5d3d11439260ab,cifar10,ssb-v3-block,mlp,protocol-v3,0.6,128,2,3,349,0.003916624991688877,0.0049378330004401505,804798464,0.296875
7e5d3d11439260ab,cifar10,ssb-v3-block,mlp,protocol-v3,0.6,128,2,3,350,0.003499999991618097,0.004230666963849217,804798464,0.3125
7e5d3d11439260ab,cifar10,ssb-v3-block,mlp,protocol-v3,0.6,128,2,3,351,0.003581124998163432,0.0042964580352418125,804814848,0.140625
7e5d3d11439260ab,cifar10,ssb-v3-block,mlp,protocol-v3,0.6,128,2,3,352,0.0035890419967472553,0.004048625007271767,804831232,0.3515625
7e5d3d11439260ab,cifar10,ssb-v3-block,mlp,protocol-v3,0.6,128,2,3,353,0.003997290972620249,0.004755542031489313,804831232,0.4375
7e5d3d11439260ab,cifar10,ssb-v3-block,mlp,protocol-v3,0.6,128,2,3,354,0.0034167090198025107,0.0037700000102631748,804831232,0.140625
7e5d3d11439260ab,cifar10,ssb-v3-block,mlp,protocol-v3,0.6,128,2,3,355,0.0038900000508874655,0.004597207996994257,804831232,0.3671875
7e5d3d11439260ab,cifar10,ssb-v3-block,mlp,protocol-v3,0.6,128,2,3,356,0.0037085830117575824,0.004310125019401312,804831232,0.3359375
7e5d3d11439260ab,cifar10,ssb-v3-block,mlp,protocol-v3,0.6,128,2,3,357,0.003736083977855742,0.004448708961717784,804831232,0.1015625
7e5d3d11439260ab,cifar10,ssb-v3-block,mlp,protocol-v3,0.6,128,2,3,358,0.003907082951627672,0.004388083005324006,804831232,0.328125
7e5d3d11439260ab,cifar10,ssb-v3-block,mlp,protocol-v3,0.6,128,2,3,359,0.0036068750196136534,0.004350500006694347,804831232,0.1171875
7e5d3d11439260ab,cifar10,ssb-v3-block,mlp,protocol-v3,0.6,128,2,3,360,0.0036902910214848816,0.00413558300351724,804831232,0.2890625
7e5d3d11439260ab,cifar10,ssb-v3-block,mlp,protocol-v3,0.6,128,2,3,361,0.003618750022724271,0.004167041974142194,804831232,0.0859375
7e5d3d11439260ab,cifar10,ssb-v3-block,mlp,protocol-v3,0.6,128,2,3,362,0.003563750011380762,0.003978708002250642,804831232,0.34375
7e5d3d11439260ab,cifar10,ssb-v3-block,mlp,protocol-v3,0.6,128,2,3,363,0.004160499956924468,0.005079749971628189,804831232,0.078125
7e5d3d11439260ab,cifar10,ssb-v3-block,mlp,protocol-v3,0.6,128,2,3,364,0.0038041670341044664,0.0038698750431649387,804831232,0.09375
7e5d3d11439260ab,cifar10,ssb-v3-block,mlp,protocol-v3,0.6,128,2,3,365,0.003444374946411699,0.004093875002581626,804831232,0.2734375
7e5d3d11439260ab,cifar10,ssb-v3-block,mlp,protocol-v3,0.6,128,2,3,366,0.003240707970689982,0.003533374983817339,804831232,0.3359375
7e5d3d11439260ab,cifar10,ssb-v3-block,mlp,protocol-v3,0.6,128,2,3,367,0.003504041989799589,0.0040897500002756715,804831232,0.078125
7e5d3d11439260ab,cifar10,ssb-v3-block,mlp,protocol-v3,0.6,128,2,3,368,0.0037745420122519135,0.004486791032832116,804831232,0.0625
7e5d3d11439260ab,cifar10,ssb-v3-block,mlp,protocol-v3,0.6,128,2,3,369,0.0038720419979654253,0.003849417029414326,804831232,0.359375
7e5d3d11439260ab,cifar10,ssb-v3-block,mlp,protocol-v3,0.6,128,2,3,370,0.0036382920225150883,0.004189166997093707,804847616,0.4140625
7e5d3d11439260ab,cifar10,ssb-v3-block,mlp,protocol-v3,0.6,128,2,3,371,0.0034827920026145875,0.004084916959982365,804847616,0.0625
7e5d3d11439260ab,cifar10,ssb-v3-block,mlp,protocol-v3,0.6,128,2,3,372,0.0036300410283729434,0.004365125030744821,804847616,0.109375
7e5d3d11439260ab,cifar10,ssb-v3-block,mlp,protocol-v3,0.6,128,2,3,373,0.003963874944020063,0.004078083031345159,804847616,0.28125
7e5d3d11439260ab,cifar10,ssb-v3-block,mlp,protocol-v3,0.6,128,2,3,374,0.003335291985422373,0.003973083046730608,804864000,0.1328125
7e5d3d11439260ab,cifar10,ssb-v3-block,mlp,protocol-v3,0.6,128,2,3,375,0.0038092079921625555,0.00466308300383389,804880384,0.09375
7e5d3d11439260ab,cifar10,ssb-v3-block,mlp,protocol-v3,0.6,128,2,3,376,0.003254332987125963,0.0033997499849647284,804880384,0.3984375
7e5d3d11439260ab,cifar10,ssb-v3-block,mlp,protocol-v3,0.6,128,2,3,377,0.0037299160030670464,0.004316792008467019,804880384,0.3359375
7e5d3d11439260ab,cifar10,ssb-v3-block,mlp,protocol-v3,0.6,128,2,3,378,0.003905042016413063,0.00427595799556002,804880384,0.0703125
7e5d3d11439260ab,cifar10,ssb-v3-block,mlp,protocol-v3,0.6,128,2,3,379,0.003129499964416027,0.0032956249779090285,804880384,0.2890625
7e5d3d11439260ab,cifar10,ssb-v3-block,mlp,protocol-v3,0.6,128,2,3,380,0.0035375419538468122,0.003875708964187652,804880384,0.1328125
7e5d3d11439260ab,cifar10,ssb-v3-block,mlp,protocol-v3,0.6,128,2,3,381,0.0032846250105649233,0.004109790956135839,804880384,0.1015625
7e5d3d11439260ab,cifar10,ssb-v3-block,mlp,protocol-v3,0.6,128,2,3,382,0.0034845839836634696,0.0032574579818174243,804880384,0.1328125
7e5d3d11439260ab,cifar10,ssb-v3-block,mlp,protocol-v3,0.6,128,2,3,383,0.0037146670510992408,0.004190667008515447,804896768,0.1328125
7e5d3d11439260ab,cifar10,ssb-v3-block,mlp,protocol-v3,0.6,128,2,3,384,0.00343895802507177,0.003967500000726432,804896768,0.40625
7e5d3d11439260ab,cifar10,ssb-v3-block,mlp,protocol-v3,0.6,128,2,3,385,0.0035397090250626206,0.004075583012308925,804896768,0.328125
7e5d3d11439260ab,cifar10,ssb-v3-block,mlp,protocol-v3,0.6,128,2,3,386,0.003557833028025925,0.0038997919764369726,804913152,0.3984375
7e5d3d11439260ab,cifar10,ssb-v3-block,mlp,protocol-v3,0.6,128,2,3,387,0.003896250040270388,0.004018583975266665,804913152,0.25
7e5d3d11439260ab,cifar10,ssb-v3-block,mlp,protocol-v3,0.6,128,2,3,388,0.0033226250088773668,0.00371316698146984,804913152,0.3203125
7e5d3d11439260ab,cifar10,ssb-v3-block,mlp,protocol-v3,0.6,128,2,3,389,0.003391832986380905,0.0038194580120034516,804913152,0.046875
7e5d3d11439260ab,cifar10,ssb-v3-block,mlp,protocol-v3,0.6,128,2,3,390,0.009446749987546355,0.012789292028173804,807387136,0.4625
