run_id,dataset,model,architecture,protocol_version,keep_ratio,block_size,seed,epoch,batch,forward_time_s,backward_time_s,memory_bytes,batch_accuracy
74a66f7906f6bff1,svhn,ssb-v2-block,mlp,protocol-v3,0.8,64,2,1,0,0.05453441699501127,0.04901099996641278,719028224,0.125
74a66f7906f6bff1,svhn,ssb-v2-block,mlp,protocol-v3,0.8,64,2,1,1,0.0018986660288646817,0.024651249987073243,736444416,0.1640625
74a66f7906f6bff1,svhn,ssb-v2-block,mlp,protocol-v3,0.8,64,2,1,2,0.0020513749914243817,0.01698520896025002,739672064,0.15625
74a66f7906f6bff1,svhn,ssb-v2-block,mlp,protocol-v3,0.8,64,2,1,3,0.001437750004697591,0.021911583025939763,743636992,0.1015625
74a66f7906f6bff1,svhn,ssb-v2-block,mlp,protocol-v3,0.8,64,2,1,4,0.0014443749678321183,0.0070078750140964985,745160704,0.15625
74a66f7906f6bff1,svhn,ssb-v2-block,mlp,protocol-v3,0.8,64,2,1,5,0.0014505829894915223,0.0081581249833107,745160704,0.09375
74a66f7906f6bff1,svhn,ssb-v2-block,mlp,protocol-v3,0.8,64,2,1,6,0.0014642499736510217,0.017680958029814065,748191744,0.125
74a66f7906f6bff1,svhn,ssb-v2-block,mlp,protocol-v3,0.8,64,2,1,7,0.0014372500008903444,0.006750250002369285,749060096,0.125
74a66f7906f6bff1,svhn,ssb-v2-block,mlp,protocol-v3,0.8,64,2,1,8,0.0014933340135030448,0.01275970897404477,750354432,0.0859375
74a66f7906f6bff1,svhn,ssb-v2-block,mlp,protocol-v3,0.8,64,2,1,9,0.0014179590507410467,0.023083875013981014,753713152,0.1875
74a66f7906f6bff1,svhn,ssb-v2-block,mlp,protocol-v3,0.8,64,2,1,10,0.0015130420215427876,0.016471250040922314,757678080,0.109375
74a66f7906f6bff1,svhn,ssb-v2-block,mlp,protocol-v3,0.8,64,2,1,11,0.001508583955001086,0.006859958986751735,758333440,0.0703125
74a66f7906f6bff1,svhn,ssb-v2-block,mlp,protocol-v3,0.8,64,2,1,12,0.001506083004642278,0.00685862498357892,758333440,0.078125
74a66f7906f6bff1,svhn,ssb-v2-block,mlp,protocol-v3,0.8,64,2,1,13,0.001433999976143241,0.01371116703376174,760725504,0.09375
74a66f7906f6bff1,svhn,ssb-v2-block,mlp,protocol-v3,0.8,64,2,1,14,0.0014858749927952886,0.012491832952946424,763625472,0.1171875
74a66f7906f6bff1,svhn,ssb-v2-block,mlp,protocol-v3,0.8,64,2,1,15,0.001471749972552061,0.006712709029670805,764215296,0.2265625
74a66f7906f6bff1,svhn,ssb-v2-block,mlp,protocol-v3,0.8,64,2,1,16,0.0014621249865740538,0.007291375019121915,764215296,0.171875
74a66f7906f6bff1,svhn,ssb-v2-block,mlp,protocol-v3,0.8,64,2,1,17,0.0018652090220712125,0.007098041998688132,764624896,0.09375
74a66f7906f6bff1,svhn,ssb-v2-block,mlp,protocol-v3,0.8,64,2,1,18,0.0013824999914504588,0.00765400001546368,764624896,0.09375
74a66f7906f6bff1,svhn,ssb-v2-block,mlp,protocol-v3,0.8,64,2,1,19,0.0014942910056561232,0.007352749991696328,764641280,0.0703125
74a66f7906f6bff1,svhn,ssb-v2-block,mlp,protocol-v3,0.8,64,2,1,20,0.0013927079853601754,0.006962415995076299,764641280,0.140625
74a66f7906f6bff1,svhn,ssb-v2-block,mlp,protocol-v3,0.8,64,2,1,21,0.0014642089954577386,0.0073943329625763,764641280,0.046875
74a66f7906f6bff1,svhn,ssb-v2-block,mlp,protocol-v3,0.8,64,2,1,22,0.0014828750281594694,0.007595041999593377,764641280,0.234375
74a66f7906f6bff1,svhn,ssb-v2-block,mlp,protocol-v3,0.8,64,2,1,23,0.0013890829868614674,0.006755459005944431,764641280,0.2265625
74a66f7906f6bff1,svhn,ssb-v2-block,mlp,protocol-v3,0.8,64,2,1,24,0.001503916981164366,0.00670537498081103,764641280,0.1484375
74a66f7906f6bff1,svhn,ssb-v2-block,mlp,protocol-v3,0.8,64,2,1,25,0.0014733750140294433,0.006881541048642248,764657664,0.109375
74a66f7906f6bff1,svhn,ssb-v2-block,mlp,protocol-v3,0.8,64,2,1,26,0.001443208020646125,0.006820290989708155,764674048,0.1953125
74a66f7906f6bff1,svhn,ssb-v2-block,mlp,protocol-v3,0.8,64,2,1,27,0.0013908339897170663,0.00688258302398026,764674048,0.140625
74a66f7906f6bff1,svhn,ssb-v2-block,mlp,protocol-v3,0.8,64,2,1,28,0.0014014579937793314,0.006936584017239511,764690432,0.15625
74a66f7906f6bff1,svhn,ssb-v2-block,mlp,protocol-v3,0.8,64,2,1,29,0.00137141696177423,0.007257500023115426,764690432,0.09375
74a66f7906f6bff1,svhn,ssb-v2-block,mlp,protocol-v3,0.8,64,2,1,30,0.0014584590098820627,0.007109666999895126,764690432,0.0546875
74a66f7906f6bff1,svhn,ssb-v2-block,mlp,protocol-v3,0.8,64,2,1,31,0.0014672499964945018,0.013236792001407593,765476864,0.1640625
74a66f7906f6bff1,svhn,ssb-v2-block,mlp,protocol-v3,0.8,64,2,1,32,0.001512250048108399,0.006655832985416055,765476864,0.1015625
74a66f7906f6bff1,svhn,ssb-v2-block,mlp,protocol-v3,0.8,64,2,1,33,0.0013845000066794455,0.006817250046879053,765788160,0.1640625
74a66f7906f6bff1,svhn,ssb-v2-block,mlp,protocol-v3,0.8,64,2,1,34,0.0014260000316426158,0.007328790961764753,766033920,0.171875
74a66f7906f6bff1,svhn,ssb-v2-block,mlp,protocol-v3,0.8,64,2,1,35,0.001428959018085152,0.007335916976444423,766181376,0.0859375
74a66f7906f6bff1,svhn,ssb-v2-block,mlp,protocol-v3,0.8,64,2,1,36,0.0014057079679332674,0.007774917001370341,766197760,0.109375
74a66f7906f6bff1,svhn,ssb-v2-block,mlp,protocol-v3,0.8,64,2,1,37,0.0014922909904271364,0.006688875029794872,766197760,0.15625
74a66f7906f6bff1,svhn,ssb-v2-block,mlp,protocol-v3,0.8,64,2,1,38,0.001479708997067064,0.006854790961369872,766214144,0.0703125
74a66f7906f6bff1,svhn,ssb-v2-block,mlp,protocol-v3,0.8,64,2,1,39,0.001416624989360571,0.006907000031787902,766214144,0.1328125
74a66f7906f6bff1,svhn,ssb-v2-block,mlp,protocol-v3,0.8,64,2,1,40,0.001422167057171464,0.006805083015933633,766214144,0.1875
74a66f7906f6bff1,svhn,ssb-v2-block,mlp,protocol-v3,0.8,64,2,1,41,0.0013951250002719462,0.006309000018518418,766230528,0.1640625
74a66f7906f6bff1,svhn,ssb-v2-block,mlp,protocol-v3,0.8,64,2,1,42,0.0013869169633835554,0.013191458012443036,767033344,0.1171875
74a66f7906f6bff1,svhn,ssb-v2-block,mlp,protocol-v3,0.8,64,2,1,43,0.0014634999679401517,0.006868666969239712,767328256,0.1328125
74a66f7906f6bff1,svhn,ssb-v2-block,mlp,protocol-v3,0.8,64,2,1,44,0.0014190420042723417,0.007090333034284413,767328256,0.1484375
74a66f7906f6bff1,svhn,ssb-v2-block,mlp,protocol-v3,0.8,64,2,1,45,0.0015627919929102063,0.006474790978245437,767377408,0.1484375
74a66f7906f6bff1,svhn,ssb-v2-block,mlp,protocol-v3,0.8,64,2,1,46,0.0014091249904595315,0.00796124996850267,767393792,0.0703125
74a66f7906f6bff1,svhn,ssb-v2-block,mlp,protocol-v3,0.8,64,2,1,47,0.0014907909790053964,0.006951167015358806,767770624,0.0859375
74a66f7906f6bff1,svhn,ssb-v2-block,mlp,protocol-v3,0.8,64,2,1,48,0.0013710420462302864,0.00711658300133422,767770624,0.1171875
74a66f7906f6bff1,svhn,ssb-v2-block,mlp,protocol-v3,0.8,64,2,1,49,0.0014807090046815574,0.0071728749899193645,768475136,0.15625
74a66f7906f6bff1,svhn,ssb-v2-block,mlp,protocol-v3,0.8,64,2,1,50,0.0013967499835416675,0.006946916982997209,768475136,0.1953125
74a66f7906f6bff1,svhn,ssb-v2-block,mlp,protocol-v3,0.8,64,2,1,51,0.001445000001695007,0.006731832982040942,768475136,0.1875
74a66f7906f6bff1,svhn,ssb-v2-block,mlp,protocol-v3,0.8,64,2,1,52,0.0014564580051228404,0.007021749974228442,768475136,0.1171875
74a66f7906f6bff1,svhn,ssb-v2-block,mlp,protocol-v3,0.8,64,2,1,53,0.001420999993570149,0.008677082951180637,768475136,0.171875
74a66f7906f6bff1,svhn,ssb-v2-block,mlp,protocol-v3,0.8,64,2,1,54,0.0014277079608291388,0.01353558397386223,769294336,0.1875
74a66f7906f6bff1,svhn,ssb-v2-block,mlp,protocol-v3,0.8,64,2,1,55,0.001503292005509138,0.007129582983907312,769540096,0.1796875
74a66f7906f6bff1,svhn,ssb-v2-block,mlp,protocol-v3,0.8,64,2,1,56,0.0014773340080864727,0.012114916986320168,770342912,0.234375
74a66f7906f6bff1,svhn,ssb-v2-block,mlp,protocol-v3,0.8,64,2,1,57,0.0014254580019041896,0.007085249992087483,771112960,0.1796875
74a66f7906f6bff1,svhn,ssb-v2-block,mlp,protocol-v3,0.8,64,2,1,58,0.0014045839780010283,0.006980250007472932,771112960,0.1953125
74a66f7906f6bff1,svhn,ssb-v2-block,mlp,protocol-v3,0.8,64,2,1,59,0.0014889159938320518,0.006272875005379319,771112960,0.15625
74a66f7906f6bff1,svhn,ssb-v2-block,mlp,protocol-v3,0.8,64,2,1,60,0.001431916025467217,0.006446083018090576,771112960,0.234375
74a66f7906f6bff1,svhn,ssb-v2-block,mlp,protocol-v3,0.8,64,2,1,61,0.0013640829711221159,0.007401917013339698,771112960,0.1171875
74a66f7906f6bff1,svhn,ssb-v2-block,mlp,protocol-v3,0.8,64,2,1,62,0.0014006249839439988,0.00768558302661404,771112960,0.09375
74a66f7906f6bff1,svhn,ssb-v2-block,mlp,protocol-v3,0.8,64,2,1,63,0.0014350000419653952,0.006722457997966558,771538944,0.1796875
74a66f7906f6bff1,svhn,ssb-v2-block,mlp,protocol-v3,0.8,64,2,1,64,0.0013933749869465828,0.006631875003222376,771538944,0.171875
74a66f7906f6bff1,svhn,ssb-v2-block,mlp,protocol-v3,0.8,64,2,1,65,0.0014682090259157121,0.006687292014248669,771538944,0.1796875
74a66f7906f6bff1,svhn,ssb-v2-block,mlp,protocol-v3,0.8,64,2,1,66,0.001403625006787479,0.007157124986406416,771538944,0.25
74a66f7906f6bff1,svhn,ssb-v2-block,mlp,protocol-v3,0.8,64,2,1,67,0.0014724580105394125,0.006725583982188255,771538944,0.1953125
74a66f7906f6bff1,svhn,ssb-v2-block,mlp,protocol-v3,0.8,64,2,1,68,0.001388792006764561,0.0067602909984998405,771538944,0.2421875
74a66f7906f6bff1,svhn,ssb-v2-block,mlp,protocol-v3,0.8,64,2,1,69,0.0014690830139443278,0.01233316696016118,772440064,0.1953125
74a66f7906f6bff1,svhn,ssb-v2-block,mlp,protocol-v3,0.8,64,2,1,70,0.0014210420195013285,0.006990332971327007,772751360,0.2734375
74a66f7906f6bff1,svhn,ssb-v2-block,mlp,protocol-v3,0.8,64,2,1,71,0.0013899579644203186,0.007082499971147627,772751360,0.1796875
74a66f7906f6bff1,svhn,ssb-v2-block,mlp,protocol-v3,0.8,64,2,1,72,0.0013637079973705113,0.007248083013109863,772751360,0.25
74a66f7906f6bff1,svhn,ssb-v2-block,mlp,protocol-v3,0.8,64,2,1,73,0.0014112499775364995,0.0072818329790607095,772751360,0.1875
74a66f7906f6bff1,svhn,ssb-v2-block,mlp,protocol-v3,0.8,64,2,1,74,0.0013557920465245843,0.007128291006665677,772751360,0.1640625
74a66f7906f6bff1,svhn,ssb-v2-block,mlp,protocol-v3,0.8,64,2,1,75,0.0014919579843990505,0.007225999957881868,772751360,0.1328125
74a66f7906f6bff1,svhn,ssb-v2-block,mlp,protocol-v3,0.8,64,2,1,76,0.001460209023207426,0.006845208001323044,772751360,0.09375
74a66f7906f6bff1,svhn,ssb-v2-block,mlp,protocol-v3,0.8,64,2,1,77,0.0014056669897399843,0.006988666020333767,772751360,0.140625
74a66f7906f6bff1,svhn,ssb-v2-block,mlp,protocol-v3,0.8,64,2,1,78,0.0014530000044032931,0.006900832988321781,773210112,0.171875
74a66f7906f6bff1,svhn,ssb-v2-block,mlp,protocol-v3,0.8,64,2,1,79,0.001417083025444299,0.006643125030677766,773210112,0.1328125
74a66f7906f6bff1,svhn,ssb-v2-block,mlp,protocol-v3,0.8,64,2,1,80,0.0014606670010834932,0.006915625010151416,773210112,0.203125
74a66f7906f6bff1,svhn,ssb-v2-block,mlp,protocol-v3,0.8,64,2,1,81,0.0014737499877810478,0.0068815420381724834,773210112,0.15625
74a66f7906f6bff1,svhn,ssb-v2-block,mlp,protocol-v3,0.8,64,2,1,82,0.0014727080124430358,0.006806291989050806,773210112,0.203125
74a66f7906f6bff1,svhn,ssb-v2-block,mlp,protocol-v3,0.8,64,2,1,83,0.0014062919653952122,0.006647167028859258,773210112,0.171875
74a66f7906f6bff1,svhn,ssb-v2-block,mlp,protocol-v3,0.8,64,2,1,84,0.001396167033817619,0.006734750000759959,773210112,0.140625
74a66f7906f6bff1,svhn,ssb-v2-block,mlp,protocol-v3,0.8,64,2,1,85,0.001474166987463832,0.00772033300017938,773210112,0.1328125
74a66f7906f6bff1,svhn,ssb-v2-block,mlp,protocol-v3,0.8,64,2,1,86,0.001406166993547231,0.0069166249595582485,773210112,0.15625
74a66f7906f6bff1,svhn,ssb-v2-block,mlp,protocol-v3,0.8,64,2,1,87,0.0013757499982602894,0.006858917011413723,773210112,0.1796875
74a66f7906f6bff1,svhn,ssb-v2-block,mlp,protocol-v3,0.8,64,2,1,88,0.0014607910416088998,0.006753209047019482,773210112,0.1640625
74a66f7906f6bff1,svhn,ssb-v2-block,mlp,protocol-v3,0.8,64,2,1,89,0.0014755000011064112,0.006699291989207268,773210112,0.1484375
74a66f7906f6bff1,svhn,ssb-v2-block,mlp,protocol-v3,0.8,64,2,1,90,0.0014099169638939202,0.006520375027321279,773210112,0.15625
74a66f7906f6bff1,svhn,ssb-v2-block,mlp,protocol-v3,0.8,64,2,1,91,0.0013813750119879842,0.007265582971740514,773210112,0.1953125
74a66f7906f6bff1,svhn,ssb-v2-block,mlp,protocol-v3,0.8,64,2,1,92,0.0014762919745407999,0.006974999967496842,773210112,0.140625
74a66f7906f6bff1,svhn,ssb-v2-block,mlp,protocol-v3,0.8,64,2,1,93,0.0014691249816678464,0.007080624985974282,773210112,0.171875
74a66f7906f6bff1,svhn,ssb-v2-block,mlp,protocol-v3,0.8,64,2,1,94,0.0013995419722050428,0.0069482080289162695,773210112,0.15625
74a66f7906f6bff1,svhn,ssb-v2-block,mlp,protocol-v3,0.8,64,2,1,95,0.0014661250170320272,0.007123999996110797,773210112,0.1484375
74a66f7906f6bff1,svhn,ssb-v2-block,mlp,protocol-v3,0.8,64,2,1,96,0.0014173330273479223,0.0065952090080827475,773210112,0.125
74a66f7906f6bff1,svhn,ssb-v2-block,mlp,protocol-v3,0.8,64,2,1,97,0.0014262089971452951,0.006639500032179058,773210112,0.1796875
74a66f7906f6bff1,svhn,ssb-v2-block,mlp,protocol-v3,0.8,64,2,1,98,0.0014654589467681944,0.006549041019752622,773210112,0.1796875
74a66f7906f6bff1,svhn,ssb-v2-block,mlp,protocol-v3,0.8,64,2,1,99,0.0014292499981820583,0.006662249972578138,773226496,0.265625
74a66f7906f6bff1,svhn,ssb-v2-block,mlp,protocol-v3,0.8,64,2,1,100,0.0014107089955359697,0.006521667004562914,773226496,0.1875
74a66f7906f6bff1,svhn,ssb-v2-block,mlp,protocol-v3,0.8,64,2,1,101,0.0014468749868683517,0.0071132080047391355,773226496,0.1484375
74a66f7906f6bff1,svhn,ssb-v2-block,mlp,protocol-v3,0.8,64,2,1,102,0.001456208003219217,0.006916959013324231,773226496,0.1640625
74a66f7906f6bff1,svhn,ssb-v2-block,mlp,protocol-v3,0.8,64,2,1,103,0.001385540992487222,0.007047458027955145,773226496,0.2109375
74a66f7906f6bff1,svhn,ssb-v2-block,mlp,protocol-v3,0.8,64,2,1,104,0.0013724169693887234,0.0071855830028653145,773226496,0.2109375
74a66f7906f6bff1,svhn,ssb-v2-block,mlp,protocol-v3,0.8,64,2,1,105,0.0014628749922849238,0.006401291990187019,773226496,0.1484375
74a66f7906f6bff1,svhn,ssb-v2-block,mlp,protocol-v3,0.8,64,2,1,106,0.0013981250231154263,0.007348000013735145,773226496,0.1171875
74a66f7906f6bff1,svhn,ssb-v2-block,mlp,protocol-v3,0.8,64,2,1,107,0.0014198330463841558,0.006515499961096793,773226496,0.25
74a66f7906f6bff1,svhn,ssb-v2-block,mlp,protocol-v3,0.8,64,2,1,108,0.0014682500041089952,0.006619249994400889,773226496,0.21875
74a66f7906f6bff1,svhn,ssb-v2-block,mlp,protocol-v3,0.8,64,2,1,109,0.001458332990296185,0.006841290974989533,773226496,0.2109375
74a66f7906f6bff1,svhn,ssb-v2-block,mlp,protocol-v3,0.8,64,2,1,110,0.0013713340158574283,0.0069263329496607184,773226496,0.1875
74a66f7906f6bff1,svhn,ssb-v2-block,mlp,protocol-v3,0.8,64,2,1,111,0.0014146659523248672,0.007007290958426893,773226496,0.1640625
74a66f7906f6bff1,svhn,ssb-v2-block,mlp,protocol-v3,0.8,64,2,1,112,0.0014048750163055956,0.007281708007212728,773226496,0.2109375
74a66f7906f6bff1,svhn,ssb-v2-block,mlp,protocol-v3,0.8,64,2,1,113,0.0013547079870477319,0.006901625019963831,773242880,0.1484375
74a66f7906f6bff1,svhn,ssb-v2-block,mlp,protocol-v3,0.8,64,2,1,114,0.0014079579850658774,0.006704042025376111,773242880,0.2734375
74a66f7906f6bff1,svhn,ssb-v2-block,mlp,protocol-v3,0.8,64,2,1,115,0.0014142079744488,0.007362791977357119,773242880,0.125
74a66f7906f6bff1,svhn,ssb-v2-block,mlp,protocol-v3,0.8,64,2,1,116,0.0014747910317964852,0.006885666982270777,773242880,0.09375
74a66f7906f6bff1,svhn,ssb-v2-block,mlp,protocol-v3,0.8,64,2,1,117,0.0014746669912710786,0.006694624957162887,773242880,0.1640625
74a66f7906f6bff1,svhn,ssb-v2-block,mlp,protocol-v3,0.8,64,2,1,118,0.0013813750119879842,0.007177458028309047,773242880,0.171875
74a66f7906f6bff1,svhn,ssb-v2-block,mlp,protocol-v3,0.8,64,2,1,119,0.0014067500014789402,0.006485917023383081,773242880,0.1328125
74a66f7906f6bff1,svhn,ssb-v2-block,mlp,protocol-v3,0.8,64,2,1,120,0.0014739580219611526,0.006251625018194318,773242880,0.140625
74a66f7906f6bff1,svhn,ssb-v2-block,mlp,protocol-v3,0.8,64,2,1,121,0.001399375032633543,0.007063291966915131,773242880,0.1640625
74a66f7906f6bff1,svhn,ssb-v2-block,mlp,protocol-v3,0.8,64,2,1,122,0.0014357920153997838,0.006775209039915353,773242880,0.203125
74a66f7906f6bff1,svhn,ssb-v2-block,mlp,protocol-v3,0.8,64,2,1,123,0.0014653339749202132,0.006606499955523759,773259264,0.1875
74a66f7906f6bff1,svhn,ssb-v2-block,mlp,protocol-v3,0.8,64,2,1,124,0.0014683750341646373,0.007514500000979751,773275648,0.21875
74a66f7906f6bff1,svhn,ssb-v2-block,mlp,protocol-v3,0.8,64,2,1,125,0.001456958008930087,0.007140709029044956,773275648,0.1796875
74a66f7906f6bff1,svhn,ssb-v2-block,mlp,protocol-v3,0.8,64,2,1,126,0.0014474160270765424,0.007251167029608041,773275648,0.203125
74a66f7906f6bff1,svhn,ssb-v2-block,mlp,protocol-v3,0.8,64,2,1,127,0.0014352909638546407,0.007408250006847084,773275648,0.1796875
74a66f7906f6bff1,svhn,ssb-v2-block,mlp,protocol-v3,0.8,64,2,1,128,0.0014133339864201844,0.006794916989747435,773292032,0.125
74a66f7906f6bff1,svhn,ssb-v2-block,mlp,protocol-v3,0.8,64,2,1,129,0.0014005420380271971,0.007303041988052428,773292032,0.078125
74a66f7906f6bff1,svhn,ssb-v2-block,mlp,protocol-v3,0.8,64,2,1,130,0.0014113750075921416,0.007217625039629638,773292032,0.109375
74a66f7906f6bff1,svhn,ssb-v2-block,mlp,protocol-v3,0.8,64,2,1,131,0.0014709169627167284,0.006392707990016788,773292032,0.0390625
74a66f7906f6bff1,svhn,ssb-v2-block,mlp,protocol-v3,0.8,64,2,1,132,0.00145370903192088,0.006980958976782858,773292032,0.2109375
74a66f7906f6bff1,svhn,ssb-v2-block,mlp,protocol-v3,0.8,64,2,1,133,0.001464832981582731,0.007268875022418797,773292032,0.21875
74a66f7906f6bff1,svhn,ssb-v2-block,mlp,protocol-v3,0.8,64,2,1,134,0.0014673339901492,0.006930833973456174,773292032,0.109375
74a66f7906f6bff1,svhn,ssb-v2-block,mlp,protocol-v3,0.8,64,2,1,135,0.001513292023446411,0.0074585830443538725,773292032,0.21875
74a66f7906f6bff1,svhn,ssb-v2-block,mlp,protocol-v3,0.8,64,2,1,136,0.0014690830139443278,0.007297458010725677,773292032,0.203125
74a66f7906f6bff1,svhn,ssb-v2-block,mlp,protocol-v3,0.8,64,2,1,137,0.0014699160237796605,0.00657412497093901,773292032,0.1328125
74a66f7906f6bff1,svhn,ssb-v2-block,mlp,protocol-v3,0.8,64,2,1,138,0.0014111250056885183,0.0071324160089716315,773308416,0.125
74a66f7906f6bff1,svhn,ssb-v2-block,mlp,protocol-v3,0.8,64,2,1,139,0.0014089579926803708,0.007169957971200347,773308416,0.1328125
74a66f7906f6bff1,svhn,ssb-v2-block,mlp,protocol-v3,0.8,64,2,1,140,0.0014052910264581442,0.007376374967861921,773308416,0.1796875
74a66f7906f6bff1,svhn,ssb-v2-block,mlp,protocol-v3,0.8,64,2,1,141,0.0014076250372454524,0.006893541954923421,773308416,0.2109375
74a66f7906f6bff1,svhn,ssb-v2-block,mlp,protocol-v3,0.8,64,2,1,142,0.0014672499964945018,0.006923332985024899,773308416,0.1484375
74a66f7906f6bff1,svhn,ssb-v2-block,mlp,protocol-v3,0.8,64,2,1,143,0.0014144169981591403,0.007324791979044676,773308416,0.203125
74a66f7906f6bff1,svhn,ssb-v2-block,mlp,protocol-v3,0.8,64,2,1,144,0.001465582987293601,0.006793542008381337,773308416,0.2421875
74a66f7906f6bff1,svhn,ssb-v2-block,mlp,protocol-v3,0.8,64,2,1,145,0.001394958992023021,0.006748875021003187,773308416,0.15625
74a66f7906f6bff1,svhn,ssb-v2-block,mlp,protocol-v3,0.8,64,2,1,146,0.0013897090102545917,0.006997207994572818,773308416,0.203125
74a66f7906f6bff1,svhn,ssb-v2-block,mlp,protocol-v3,0.8,64,2,1,147,0.0014552079956047237,0.006704707979224622,773308416,0.1640625
74a66f7906f6bff1,svhn,ssb-v2-block,mlp,protocol-v3,0.8,64,2,1,148,0.0014690000098198652,0.006825916992966086,773308416,0.171875
74a66f7906f6bff1,svhn,ssb-v2-block,mlp,protocol-v3,0.8,64,2,1,149,0.0014039580128155649,0.006778000039048493,773308416,0.171875
74a66f7906f6bff1,svhn,ssb-v2-block,mlp,protocol-v3,0.8,64,2,1,150,0.0013677089591510594,0.006627290975302458,773308416,0.1171875
74a66f7906f6bff1,svhn,ssb-v2-block,mlp,protocol-v3,0.8,64,2,1,151,0.0014800410135649145,0.007071624975651503,773324800,0.1484375
74a66f7906f6bff1,svhn,ssb-v2-block,mlp,protocol-v3,0.8,64,2,1,152,0.0014580420101992786,0.007088833022862673,773324800,0.171875
74a66f7906f6bff1,svhn,ssb-v2-block,mlp,protocol-v3,0.8,64,2,1,153,0.0014605000033043325,0.006357291014865041,773324800,0.2109375
74a66f7906f6bff1,svhn,ssb-v2-block,mlp,protocol-v3,0.8,64,2,1,154,0.0014315000153146684,0.00672104099066928,773324800,0.1875
74a66f7906f6bff1,svhn,ssb-v2-block,mlp,protocol-v3,0.8,64,2,1,155,0.0014700419851578772,0.0071624169941060245,773324800,0.1796875
74a66f7906f6bff1,svhn,ssb-v2-block,mlp,protocol-v3,0.8,64,2,1,156,0.0013905419618822634,0.007107917044777423,773324800,0.203125
74a66f7906f6bff1,svhn,ssb-v2-block,mlp,protocol-v3,0.8,64,2,1,157,0.0014561249990947545,0.007147708034608513,773324800,0.1484375
74a66f7906f6bff1,svhn,ssb-v2-block,mlp,protocol-v3,0.8,64,2,1,158,0.0014715840225107968,0.00722091703210026,773324800,0.1484375
74a66f7906f6bff1,svhn,ssb-v2-block,mlp,protocol-v3,0.8,64,2,1,159,0.0013882089988328516,0.006595208018552512,773341184,0.109375
74a66f7906f6bff1,svhn,ssb-v2-block,mlp,protocol-v3,0.8,64,2,1,160,0.0013753329985775054,0.006526125012896955,773341184,0.25
74a66f7906f6bff1,svhn,ssb-v2-block,mlp,protocol-v3,0.8,64,2,1,161,0.0014679590240120888,0.006398167053703219,773341184,0.1796875
74a66f7906f6bff1,svhn,ssb-v2-block,mlp,protocol-v3,0.8,64,2,1,162,0.0014357080217450857,0.00663604203145951,773341184,0.203125
74a66f7906f6bff1,svhn,ssb-v2-block,mlp,protocol-v3,0.8,64,2,1,163,0.001377584005240351,0.006289999990258366,773341184,0.25
74a66f7906f6bff1,svhn,ssb-v2-block,mlp,protocol-v3,0.8,64,2,1,164,0.0014535830123350024,0.006983375002164394,773373952,0.234375
74a66f7906f6bff1,svhn,ssb-v2-block,mlp,protocol-v3,0.8,64,2,1,165,0.001408291980624199,0.0068782499874942005,773373952,0.2109375
74a66f7906f6bff1,svhn,ssb-v2-block,mlp,protocol-v3,0.8,64,2,1,166,0.0013786660274490714,0.007323958037886769,773373952,0.203125
74a66f7906f6bff1,svhn,ssb-v2-block,mlp,protocol-v3,0.8,64,2,1,167,0.0014638329739682376,0.006888874981086701,773373952,0.234375
74a66f7906f6bff1,svhn,ssb-v2-block,mlp,protocol-v3,0.8,64,2,1,168,0.0014352500438690186,0.00678391702240333,773373952,0.1796875
74a66f7906f6bff1,svhn,ssb-v2-block,mlp,protocol-v3,0.8,64,2,1,169,0.0013852090341970325,0.006839999987278134,773373952,0.1796875
74a66f7906f6bff1,svhn,ssb-v2-block,mlp,protocol-v3,0.8,64,2,1,170,0.001450041017960757,0.006182707962580025,773390336,0.1171875
74a66f7906f6bff1,svhn,ssb-v2-block,mlp,protocol-v3,0.8,64,2,1,171,0.0016405830392614007,0.007677291985601187,773390336,0.1796875
74a66f7906f6bff1,svhn,ssb-v2-block,mlp,protocol-v3,0.8,64,2,1,172,0.00182245799805969,0.008658083039335907,773390336,0.09375
74a66f7906f6bff1,svhn,ssb-v2-block,mlp,protocol-v3,0.8,64,2,1,173,0.001798542041797191,0.008718999975826591,773406720,0.28125
74a66f7906f6bff1,svhn,ssb-v2-block,mlp,protocol-v3,0.8,64,2,1,174,0.001798874989617616,0.00850954104680568,773406720,0.1484375
74a66f7906f6bff1,svhn,ssb-v2-block,mlp,protocol-v3,0.8,64,2,1,175,0.0016407499788329005,0.0080390420043841,773406720,0.203125
74a66f7906f6bff1,svhn,ssb-v2-block,mlp,protocol-v3,0.8,64,2,1,176,0.001463750028051436,0.006502667034510523,773406720,0.203125
74a66f7906f6bff1,svhn,ssb-v2-block,mlp,protocol-v3,0.8,64,2,1,177,0.0015280420193448663,0.006488749990239739,773406720,0.203125
74a66f7906f6bff1,svhn,ssb-v2-block,mlp,protocol-v3,0.8,64,2,1,178,0.001387084019370377,0.006132708047516644,773406720,0.171875
74a66f7906f6bff1,svhn,ssb-v2-block,mlp,protocol-v3,0.8,64,2,1,179,0.0014645420014858246,0.006898500025272369,773406720,0.0703125
74a66f7906f6bff1,svhn,ssb-v2-block,mlp,protocol-v3,0.8,64,2,1,180,0.0014126659953035414,0.007227917027194053,773406720,0.0625
74a66f7906f6bff1,svhn,ssb-v2-block,mlp,protocol-v3,0.8,64,2,1,181,0.001417374995071441,0.007778334023896605,773406720,0.0859375
74a66f7906f6bff1,svhn,ssb-v2-block,mlp,protocol-v3,0.8,64,2,1,182,0.0014542079879902303,0.006738332973327488,773423104,0.1875
74a66f7906f6bff1,svhn,ssb-v2-block,mlp,protocol-v3,0.8,64,2,1,183,0.0014089169562794268,0.007100959017407149,773423104,0.171875
74a66f7906f6bff1,svhn,ssb-v2-block,mlp,protocol-v3,0.8,64,2,1,184,0.0014271250111050904,0.007117417000699788,773423104,0.171875
74a66f7906f6bff1,svhn,ssb-v2-block,mlp,protocol-v3,0.8,64,2,1,185,0.0013612909824587405,0.007052666042000055,773423104,0.1796875
74a66f7906f6bff1,svhn,ssb-v2-block,mlp,protocol-v3,0.8,64,2,1,186,0.0014804999809712172,0.006610165990423411,773423104,0.1796875
74a66f7906f6bff1,svhn,ssb-v2-block,mlp,protocol-v3,0.8,64,2,1,187,0.0014542080461978912,0.006516917026601732,773423104,0.109375
74a66f7906f6bff1,svhn,ssb-v2-block,mlp,protocol-v3,0.8,64,2,1,188,0.0013723749434575438,0.006334667035844177,773439488,0.1171875
74a66f7906f6bff1,svhn,ssb-v2-block,mlp,protocol-v3,0.8,64,2,1,189,0.0014642499736510217,0.007480165979359299,773455872,0.140625
74a66f7906f6bff1,svhn,ssb-v2-block,mlp,protocol-v3,0.8,64,2,1,190,0.0014017079956829548,0.006788667000364512,773455872,0.1015625
74a66f7906f6bff1,svhn,ssb-v2-block,mlp,protocol-v3,0.8,64,2,1,191,0.0014500419492833316,0.0066574999946169555,773455872,0.1796875
74a66f7906f6bff1,svhn,ssb-v2-block,mlp,protocol-v3,0.8,64,2,1,192,0.0014566250029020011,0.0071826669736765325,773455872,0.171875
74a66f7906f6bff1,svhn,ssb-v2-block,mlp,protocol-v3,0.8,64,2,1,193,0.0014327500248327851,0.006474833004176617,773455872,0.2421875
74a66f7906f6bff1,svhn,ssb-v2-block,mlp,protocol-v3,0.8,64,2,1,194,0.0014037910150364041,0.006771499989554286,773455872,0.171875
74a66f7906f6bff1,svhn,ssb-v2-block,mlp,protocol-v3,0.8,64,2,1,195,0.0014133749646134675,0.007037666975520551,773488640,0.1796875
74a66f7906f6bff1,svhn,ssb-v2-block,mlp,protocol-v3,0.8,64,2,1,196,0.0013814159901812673,0.006897374987602234,773488640,0.203125
74a66f7906f6bff1,svhn,ssb-v2-block,mlp,protocol-v3,0.8,64,2,1,197,0.0014654589467681944,0.006957459030672908,773488640,0.2265625
74a66f7906f6bff1,svhn,ssb-v2-block,mlp,protocol-v3,0.8,64,2,1,198,0.0014484159764833748,0.006789833016227931,773488640,0.1328125
74a66f7906f6bff1,svhn,ssb-v2-block,mlp,protocol-v3,0.8,64,2,1,199,0.001385167008265853,0.0075037499773316085,773488640,0.2734375
74a66f7906f6bff1,svhn,ssb-v2-block,mlp,protocol-v3,0.8,64,2,1,200,0.0014129580231383443,0.00691845896653831,773488640,0.2421875
74a66f7906f6bff1,svhn,ssb-v2-block,mlp,protocol-v3,0.8,64,2,1,201,0.0013690420310012996,0.006944416963960975,773505024,0.1875
74a66f7906f6bff1,svhn,ssb-v2-block,mlp,protocol-v3,0.8,64,2,1,202,0.0014532500063069165,0.006763000041246414,773505024,0.1953125
74a66f7906f6bff1,svhn,ssb-v2-block,mlp,protocol-v3,0.8,64,2,1,203,0.0013689580373466015,0.0070968749932944775,773505024,0.234375
74a66f7906f6bff1,svhn,ssb-v2-block,mlp,protocol-v3,0.8,64,2,1,204,0.0014127909671515226,0.007133083010558039,773505024,0.203125
74a66f7906f6bff1,svhn,ssb-v2-block,mlp,protocol-v3,0.8,64,2,1,205,0.0013955000322312117,0.006930500036105514,773505024,0.1953125
74a66f7906f6bff1,svhn,ssb-v2-block,mlp,protocol-v3,0.8,64,2,1,206,0.0014027089928276837,0.006810792023316026,773521408,0.2109375
74a66f7906f6bff1,svhn,ssb-v2-block,mlp,protocol-v3,0.8,64,2,1,207,0.0014453750336542726,0.0067595840082503855,773521408,0.234375
74a66f7906f6bff1,svhn,ssb-v2-block,mlp,protocol-v3,0.8,64,2,1,208,0.001450084033422172,0.007047375023830682,773537792,0.234375
74a66f7906f6bff1,svhn,ssb-v2-block,mlp,protocol-v3,0.8,64,2,1,209,0.0014642500318586826,0.0075153340003453195,773537792,0.171875
74a66f7906f6bff1,svhn,ssb-v2-block,mlp,protocol-v3,0.8,64,2,1,210,0.0014587080222554505,0.0073343749972991645,773537792,0.171875
74a66f7906f6bff1,svhn,ssb-v2-block,mlp,protocol-v3,0.8,64,2,1,211,0.0014556250534951687,0.006574583996552974,773537792,0.1953125
74a66f7906f6bff1,svhn,ssb-v2-block,mlp,protocol-v3,0.8,64,2,1,212,0.0013940000208094716,0.006772542023099959,773537792,0.1875
74a66f7906f6bff1,svhn,ssb-v2-block,mlp,protocol-v3,0.8,64,2,1,213,0.0014337499742396176,0.006290542019996792,773537792,0.1875
74a66f7906f6bff1,svhn,ssb-v2-block,mlp,protocol-v3,0.8,64,2,1,214,0.0014112080098129809,0.007347667007707059,773537792,0.15625
74a66f7906f6bff1,svhn,ssb-v2-block,mlp,protocol-v3,0.8,64,2,1,215,0.0014222919708117843,0.006621374981477857,773537792,0.125
74a66f7906f6bff1,svhn,ssb-v2-block,mlp,protocol-v3,0.8,64,2,1,216,0.0014679579762741923,0.007369124970864505,773537792,0.1171875
74a66f7906f6bff1,svhn,ssb-v2-block,mlp,protocol-v3,0.8,64,2,1,217,0.0014242500183172524,0.006810708960983902,773537792,0.1171875
74a66f7906f6bff1,svhn,ssb-v2-block,mlp,protocol-v3,0.8,64,2,1,218,0.0014255000278353691,0.007064250006806105,773537792,0.1328125
74a66f7906f6bff1,svhn,ssb-v2-block,mlp,protocol-v3,0.8,64,2,1,219,0.0013996660127304494,0.00746858399361372,773554176,0.125
74a66f7906f6bff1,svhn,ssb-v2-block,mlp,protocol-v3,0.8,64,2,1,220,0.001414917001966387,0.006595791026484221,773554176,0.21875
74a66f7906f6bff1,svhn,ssb-v2-block,mlp,protocol-v3,0.8,64,2,1,221,0.0013904580264352262,0.005783041997347027,773554176,0.2265625
74a66f7906f6bff1,svhn,ssb-v2-block,mlp,protocol-v3,0.8,64,2,1,222,0.0013683750294148922,0.007116416993085295,773554176,0.1953125
74a66f7906f6bff1,svhn,ssb-v2-block,mlp,protocol-v3,0.8,64,2,1,223,0.0014029999729245901,0.006411292008124292,773570560,0.1953125
74a66f7906f6bff1,svhn,ssb-v2-block,mlp,protocol-v3,0.8,64,2,1,224,0.0014595829998143017,0.006766792037524283,773570560,0.1796875
74a66f7906f6bff1,svhn,ssb-v2-block,mlp,protocol-v3,0.8,64,2,1,225,0.0014233330148272216,0.007127124990802258,773570560,0.1796875
74a66f7906f6bff1,svhn,ssb-v2-block,mlp,protocol-v3,0.8,64,2,1,226,0.0013764160103164613,0.006977249984629452,773570560,0.2109375
74a66f7906f6bff1,svhn,ssb-v2-block,mlp,protocol-v3,0.8,64,2,1,227,0.0014627919881604612,0.007443042006343603,773570560,0.21875
74a66f7906f6bff1,svhn,ssb-v2-block,mlp,protocol-v3,0.8,64,2,1,228,0.0014567910111509264,0.007474832993466407,773570560,0.2109375
74a66f7906f6bff1,svhn,ssb-v2-block,mlp,protocol-v3,0.8,64,2,1,229,0.0014476249925792217,0.007064333010930568,773570560,0.15625
74a66f7906f6bff1,svhn,ssb-v2-block,mlp,protocol-v3,0.8,64,2,1,230,0.0014065830036997795,0.006959708989597857,773570560,0.15625
74a66f7906f6bff1,svhn,ssb-v2-block,mlp,protocol-v3,0.8,64,2,1,231,0.0014062499976716936,0.007047875027637929,773570560,0.21875
74a66f7906f6bff1,svhn,ssb-v2-block,mlp,protocol-v3,0.8,64,2,1,232,0.001466625020839274,0.007199083978775889,773570560,0.1796875
74a66f7906f6bff1,svhn,ssb-v2-block,mlp,protocol-v3,0.8,64,2,1,233,0.0014241250464692712,0.006964291969779879,773570560,0.21875
74a66f7906f6bff1,svhn,ssb-v2-block,mlp,protocol-v3,0.8,64,2,1,234,0.0014019999653100967,0.0067646660027094185,773570560,0.15625
74a66f7906f6bff1,svhn,ssb-v2-block,mlp,protocol-v3,0.8,64,2,1,235,0.0013759580324403942,0.006779042014386505,773586944,0.1796875
74a66f7906f6bff1,svhn,ssb-v2-block,mlp,protocol-v3,0.8,64,2,1,236,0.0014024999691173434,0.006992499984335154,773586944,0.171875
74a66f7906f6bff1,svhn,ssb-v2-block,mlp,protocol-v3,0.8,64,2,1,237,0.0014592500519938767,0.007310041051823646,773603328,0.234375
74a66f7906f6bff1,svhn,ssb-v2-block,mlp,protocol-v3,0.8,64,2,1,238,0.0014498750097118318,0.006740249984432012,773619712,0.2265625
74a66f7906f6bff1,svhn,ssb-v2-block,mlp,protocol-v3,0.8,64,2,1,239,0.0015380840050056577,0.006984167033806443,773619712,0.1875
74a66f7906f6bff1,svhn,ssb-v2-block,mlp,protocol-v3,0.8,64,2,1,240,0.0013796670245938003,0.006529750011395663,773586944,0.1875
74a66f7906f6bff1,svhn,ssb-v2-block,mlp,protocol-v3,0.8,64,2,1,241,0.0017974170041270554,0.007009916007518768,773586944,0.1640625
74a66f7906f6bff1,svhn,ssb-v2-block,mlp,protocol-v3,0.8,64,2,1,242,0.0013745420146733522,0.006907583971042186,773586944,0.2265625
74a66f7906f6bff1,svhn,ssb-v2-block,mlp,protocol-v3,0.8,64,2,1,243,0.001457999984268099,0.006446374987717718,773586944,0.1953125
74a66f7906f6bff1,svhn,ssb-v2-block,mlp,protocol-v3,0.8,64,2,1,244,0.001411916979122907,0.006728917011059821,773586944,0.1875
74a66f7906f6bff1,svhn,ssb-v2-block,mlp,protocol-v3,0.8,64,2,1,245,0.0014263329794630408,0.007235375000163913,773586944,0.1171875
74a66f7906f6bff1,svhn,ssb-v2-block,mlp,protocol-v3,0.8,64,2,1,246,0.001381249981932342,0.007045083038974553,773586944,0.171875
74a66f7906f6bff1,svhn,ssb-v2-block,mlp,protocol-v3,0.8,64,2,1,247,0.0014543329598382115,0.006628416012972593,773586944,0.1484375
74a66f7906f6bff1,svhn,ssb-v2-block,mlp,protocol-v3,0.8,64,2,1,248,0.0014553749933838844,0.007245709013659507,773603328,0.1796875
74a66f7906f6bff1,svhn,ssb-v2-block,mlp,protocol-v3,0.8,64,2,1,249,0.001419665990397334,0.006092333002015948,773603328,0.1953125
74a66f7906f6bff1,svhn,ssb-v2-block,mlp,protocol-v3,0.8,64,2,1,250,0.0014164589811116457,0.007153749989811331,773603328,0.2421875
74a66f7906f6bff1,svhn,ssb-v2-block,mlp,protocol-v3,0.8,64,2,1,251,0.0014599999994970858,0.006751374981831759,773603328,0.171875
74a66f7906f6bff1,svhn,ssb-v2-block,mlp,protocol-v3,0.8,64,2,1,252,0.0013922919752076268,0.007231041963677853,773603328,0.1796875
74a66f7906f6bff1,svhn,ssb-v2-block,mlp,protocol-v3,0.8,64,2,1,253,0.0013992500025779009,0.006654333032201976,773603328,0.234375
74a66f7906f6bff1,svhn,ssb-v2-block,mlp,protocol-v3,0.8,64,2,1,254,0.0013772500096820295,0.007002916012424976,773603328,0.1953125
74a66f7906f6bff1,svhn,ssb-v2-block,mlp,protocol-v3,0.8,64,2,1,255,0.0014714580029249191,0.006741666991729289,773603328,0.15625
74a66f7906f6bff1,svhn,ssb-v2-block,mlp,protocol-v3,0.8,64,2,1,256,0.001407915959134698,0.006585500028450042,773603328,0.125
74a66f7906f6bff1,svhn,ssb-v2-block,mlp,protocol-v3,0.8,64,2,1,257,0.0014193329843692482,0.00635304203024134,773603328,0.1015625
74a66f7906f6bff1,svhn,ssb-v2-block,mlp,protocol-v3,0.8,64,2,1,258,0.0014640000299550593,0.0074754999950528145,773603328,0.203125
74a66f7906f6bff1,svhn,ssb-v2-block,mlp,protocol-v3,0.8,64,2,1,259,0.0014085419825278223,0.006871833000332117,773603328,0.1171875
74a66f7906f6bff1,svhn,ssb-v2-block,mlp,protocol-v3,0.8,64,2,1,260,0.0014564579469151795,0.006854041013866663,773603328,0.1875
74a66f7906f6bff1,svhn,ssb-v2-block,mlp,protocol-v3,0.8,64,2,1,261,0.0014052499900572002,0.00688199995784089,773619712,0.171875
74a66f7906f6bff1,svhn,ssb-v2-block,mlp,protocol-v3,0.8,64,2,1,262,0.0014102499699220061,0.006823290954343975,773619712,0.1640625
74a66f7906f6bff1,svhn,ssb-v2-block,mlp,protocol-v3,0.8,64,2,1,263,0.001446041977033019,0.006893458019476384,773636096,0.1875
74a66f7906f6bff1,svhn,ssb-v2-block,mlp,protocol-v3,0.8,64,2,1,264,0.0014396249898709357,0.006647916976362467,773636096,0.15625
74a66f7906f6bff1,svhn,ssb-v2-block,mlp,protocol-v3,0.8,64,2,1,265,0.0013917919714003801,0.007032208028249443,773636096,0.1171875
74a66f7906f6bff1,svhn,ssb-v2-block,mlp,protocol-v3,0.8,64,2,1,266,0.0014075419749133289,0.006887666997499764,773636096,0.1484375
74a66f7906f6bff1,svhn,ssb-v2-block,mlp,protocol-v3,0.8,64,2,1,267,0.0013997909845784307,0.006819124973844737,773636096,0.1484375
74a66f7906f6bff1,svhn,ssb-v2-block,mlp,protocol-v3,0.8,64,2,1,268,0.0014448339934460819,0.0067403329885564744,773636096,0.1875
74a66f7906f6bff1,svhn,ssb-v2-block,mlp,protocol-v3,0.8,64,2,1,269,0.0014312920393422246,0.006454000016674399,773636096,0.140625
74a66f7906f6bff1,svhn,ssb-v2-block,mlp,protocol-v3,0.8,64,2,1,270,0.0013843339984305203,0.006542124960105866,773636096,0.1796875
74a66f7906f6bff1,svhn,ssb-v2-block,mlp,protocol-v3,0.8,64,2,1,271,0.0013900420162826777,0.006751709035597742,773636096,0.203125
74a66f7906f6bff1,svhn,ssb-v2-block,mlp,protocol-v3,0.8,64,2,1,272,0.0014106659800745547,0.00644704099977389,773636096,0.2109375
74a66f7906f6bff1,svhn,ssb-v2-block,mlp,protocol-v3,0.8,64,2,1,273,0.0014388749841600657,0.010795875045005232,774373376,0.1484375
74a66f7906f6bff1,svhn,ssb-v2-block,mlp,protocol-v3,0.8,64,2,1,274,0.0014297079760581255,0.006791207997594029,774504448,0.21875
74a66f7906f6bff1,svhn,ssb-v2-block,mlp,protocol-v3,0.8,64,2,1,275,0.0013908750261180103,0.0075400000205263495,774504448,0.1796875
74a66f7906f6bff1,svhn,ssb-v2-block,mlp,protocol-v3,0.8,64,2,1,276,0.0014715000288560987,0.007008416985627264,774569984,0.125
74a66f7906f6bff1,svhn,ssb-v2-block,mlp,protocol-v3,0.8,64,2,1,277,0.0014633749960921705,0.0070437079994007945,774586368,0.1875
74a66f7906f6bff1,svhn,ssb-v2-block,mlp,protocol-v3,0.8,64,2,1,278,0.0014368330012075603,0.00711308402242139,774586368,0.1015625
74a66f7906f6bff1,svhn,ssb-v2-block,mlp,protocol-v3,0.8,64,2,1,279,0.0013909160043112934,0.00747416599188,774586368,0.1015625
74a66f7906f6bff1,svhn,ssb-v2-block,mlp,protocol-v3,0.8,64,2,1,280,0.0013943749945610762,0.007155583007261157,774602752,0.2109375
74a66f7906f6bff1,svhn,ssb-v2-block,mlp,protocol-v3,0.8,64,2,1,281,0.0014073749771341681,0.006730917026288807,774602752,0.21875
74a66f7906f6bff1,svhn,ssb-v2-block,mlp,protocol-v3,0.8,64,2,1,282,0.0014636249979957938,0.007009208959061652,774602752,0.2265625
74a66f7906f6bff1,svhn,ssb-v2-block,mlp,protocol-v3,0.8,64,2,1,283,0.0014572920044884086,0.006800249975640327,774602752,0.265625
74a66f7906f6bff1,svhn,ssb-v2-block,mlp,protocol-v3,0.8,64,2,1,284,0.0014558749971911311,0.007271624985150993,774602752,0.2109375
74a66f7906f6bff1,svhn,ssb-v2-block,mlp,protocol-v3,0.8,64,2,1,285,0.0014556249952875078,0.006851874990388751,774619136,0.1875
74a66f7906f6bff1,svhn,ssb-v2-block,mlp,protocol-v3,0.8,64,2,1,286,0.001408333017025143,0.006782625045161694,774635520,0.21875
74a66f7906f6bff1,svhn,ssb-v2-block,mlp,protocol-v3,0.8,64,2,1,287,0.0013964580139145255,0.0073278750060126185,774635520,0.1875
74a66f7906f6bff1,svhn,ssb-v2-block,mlp,protocol-v3,0.8,64,2,1,288,0.0014039159868843853,0.006293917016591877,774635520,0.203125
74a66f7906f6bff1,svhn,ssb-v2-block,mlp,protocol-v3,0.8,64,2,1,289,0.0015443749725818634,0.0073914999957196414,774635520,0.1875
74a66f7906f6bff1,svhn,ssb-v2-block,mlp,protocol-v3,0.8,64,2,1,290,0.001454374985769391,0.007209209026768804,774668288,0.140625
74a66f7906f6bff1,svhn,ssb-v2-block,mlp,protocol-v3,0.8,64,2,1,291,0.0014550830237567425,0.006881416018586606,774668288,0.203125
74a66f7906f6bff1,svhn,ssb-v2-block,mlp,protocol-v3,0.8,64,2,1,292,0.001415250007994473,0.006904417008627206,774668288,0.15625
74a66f7906f6bff1,svhn,ssb-v2-block,mlp,protocol-v3,0.8,64,2,1,293,0.001403583970386535,0.0067143329652026296,774668288,0.125
74a66f7906f6bff1,svhn,ssb-v2-block,mlp,protocol-v3,0.8,64,2,1,294,0.0014589159982278943,0.006467290979344398,774668288,0.1796875
74a66f7906f6bff1,svhn,ssb-v2-block,mlp,protocol-v3,0.8,64,2,1,295,0.001408458047080785,0.006825124961324036,774668288,0.125
74a66f7906f6bff1,svhn,ssb-v2-block,mlp,protocol-v3,0.8,64,2,1,296,0.0015063330065459013,0.00718516600318253,774668288,0.1875
74a66f7906f6bff1,svhn,ssb-v2-block,mlp,protocol-v3,0.8,64,2,1,297,0.0014669590163975954,0.007850750000216067,774668288,0.1875
74a66f7906f6bff1,svhn,ssb-v2-block,mlp,protocol-v3,0.8,64,2,1,298,0.0013950829743407667,0.006976124946959317,774668288,0.109375
74a66f7906f6bff1,svhn,ssb-v2-block,mlp,protocol-v3,0.8,64,2,1,299,0.0013752909726463258,0.007015542010776699,774668288,0.140625
74a66f7906f6bff1,svhn,ssb-v2-block,mlp,protocol-v3,0.8,64,2,1,300,0.0014580830466002226,0.00680745899444446,774668288,0.1953125
74a66f7906f6bff1,svhn,ssb-v2-block,mlp,protocol-v3,0.8,64,2,1,301,0.0014047500444576144,0.006890333956107497,774668288,0.1328125
74a66f7906f6bff1,svhn,ssb-v2-block,mlp,protocol-v3,0.8,64,2,1,302,0.001532207999844104,0.00680274999467656,774668288,0.171875
74a66f7906f6bff1,svhn,ssb-v2-block,mlp,protocol-v3,0.8,64,2,1,303,0.0013806250062771142,0.006771207961719483,774668288,0.203125
74a66f7906f6bff1,svhn,ssb-v2-block,mlp,protocol-v3,0.8,64,2,1,304,0.0014377919724211097,0.006892625009641051,774668288,0.171875
74a66f7906f6bff1,svhn,ssb-v2-block,mlp,protocol-v3,0.8,64,2,1,305,0.0013660829863511026,0.0071715000085532665,774668288,0.15625
74a66f7906f6bff1,svhn,ssb-v2-block,mlp,protocol-v3,0.8,64,2,1,306,0.0013941249926574528,0.00664108304772526,774668288,0.2265625
74a66f7906f6bff1,svhn,ssb-v2-block,mlp,protocol-v3,0.8,64,2,1,307,0.0014484580024145544,0.007076916983351111,774668288,0.203125
74a66f7906f6bff1,svhn,ssb-v2-block,mlp,protocol-v3,0.8,64,2,1,308,0.0014558339607901871,0.006782541982829571,774668288,0.2109375
74a66f7906f6bff1,svhn,ssb-v2-block,mlp,protocol-v3,0.8,64,2,1,309,0.0014006249839439988,0.007038416981231421,774668288,0.171875
74a66f7906f6bff1,svhn,ssb-v2-block,mlp,protocol-v3,0.8,64,2,1,310,0.0013872080016881227,0.007316291972529143,774668288,0.1796875
74a66f7906f6bff1,svhn,ssb-v2-block,mlp,protocol-v3,0.8,64,2,1,311,0.0014059999957680702,0.007283208018634468,774668288,0.1875
74a66f7906f6bff1,svhn,ssb-v2-block,mlp,protocol-v3,0.8,64,2,1,312,0.0013743750168941915,0.006625082984101027,774668288,0.1484375
74a66f7906f6bff1,svhn,ssb-v2-block,mlp,protocol-v3,0.8,64,2,1,313,0.0014764590305276215,0.007060249976348132,774684672,0.2109375
74a66f7906f6bff1,svhn,ssb-v2-block,mlp,protocol-v3,0.8,64,2,1,314,0.0014577080146409571,0.006135708012152463,774684672,0.203125
74a66f7906f6bff1,svhn,ssb-v2-block,mlp,protocol-v3,0.8,64,2,1,315,0.001406207971740514,0.0065760830184444785,774684672,0.1796875
74a66f7906f6bff1,svhn,ssb-v2-block,mlp,protocol-v3,0.8,64,2,1,316,0.0014620419824495912,0.006915125006344169,774684672,0.15625
74a66f7906f6bff1,svhn,ssb-v2-block,mlp,protocol-v3,0.8,64,2,1,317,0.0014531660126522183,0.006648500042501837,774684672,0.203125
74a66f7906f6bff1,svhn,ssb-v2-block,mlp,protocol-v3,0.8,64,2,1,318,0.001419625012204051,0.006959292048122734,774684672,0.1796875
74a66f7906f6bff1,svhn,ssb-v2-block,mlp,protocol-v3,0.8,64,2,1,319,0.0013792500249110162,0.007564875006210059,774684672,0.15625
74a66f7906f6bff1,svhn,ssb-v2-block,mlp,protocol-v3,0.8,64,2,1,320,0.001382207963615656,0.0069047079887241125,774684672,0.15625
74a66f7906f6bff1,svhn,ssb-v2-block,mlp,protocol-v3,0.8,64,2,1,321,0.0014602500014007092,0.0070940000005066395,774684672,0.171875
74a66f7906f6bff1,svhn,ssb-v2-block,mlp,protocol-v3,0.8,64,2,1,322,0.0014535000082105398,0.006364582979585975,774684672,0.21875
74a66f7906f6bff1,svhn,ssb-v2-block,mlp,protocol-v3,0.8,64,2,1,323,0.0013966250116936862,0.007052375003695488,774684672,0.1640625
74a66f7906f6bff1,svhn,ssb-v2-block,mlp,protocol-v3,0.8,64,2,1,324,0.0013807089999318123,0.0067679170169867575,774684672,0.1953125
74a66f7906f6bff1,svhn,ssb-v2-block,mlp,protocol-v3,0.8,64,2,1,325,0.0014535419759340584,0.006957833014894277,774684672,0.1953125
74a66f7906f6bff1,svhn,ssb-v2-block,mlp,protocol-v3,0.8,64,2,1,326,0.0014027499710209668,0.006824999989476055,774684672,0.1640625
74a66f7906f6bff1,svhn,ssb-v2-block,mlp,protocol-v3,0.8,64,2,1,327,0.0013920000055804849,0.006795708031859249,774684672,0.2109375
74a66f7906f6bff1,svhn,ssb-v2-block,mlp,protocol-v3,0.8,64,2,1,328,0.0015315409982576966,0.006795792025513947,774684672,0.140625
74a66f7906f6bff1,svhn,ssb-v2-block,mlp,protocol-v3,0.8,64,2,1,329,0.0014567089965566993,0.00664500001585111,774701056,0.25
74a66f7906f6bff1,svhn,ssb-v2-block,mlp,protocol-v3,0.8,64,2,1,330,0.001404083042871207,0.0069250420201569796,774701056,0.1953125
74a66f7906f6bff1,svhn,ssb-v2-block,mlp,protocol-v3,0.8,64,2,1,331,0.0014021660317666829,0.007040707976557314,774701056,0.2109375
74a66f7906f6bff1,svhn,ssb-v2-block,mlp,protocol-v3,0.8,64,2,1,332,0.001370083016809076,0.00660124997375533,774701056,0.203125
74a66f7906f6bff1,svhn,ssb-v2-block,mlp,protocol-v3,0.8,64,2,1,333,0.001444959023501724,0.0061442090081982315,774701056,0.15625
74a66f7906f6bff1,svhn,ssb-v2-block,mlp,protocol-v3,0.8,64,2,1,334,0.0014100000262260437,0.006719333992805332,774701056,0.234375
74a66f7906f6bff1,svhn,ssb-v2-block,mlp,protocol-v3,0.8,64,2,1,335,0.0014000419760122895,0.00685250002425164,774701056,0.1796875
74a66f7906f6bff1,svhn,ssb-v2-block,mlp,protocol-v3,0.8,64,2,1,336,0.0014476250507868826,0.00684704101877287,774701056,0.1953125
74a66f7906f6bff1,svhn,ssb-v2-block,mlp,protocol-v3,0.8,64,2,1,337,0.0014617919805459678,0.006880583008751273,774701056,0.1875
74a66f7906f6bff1,svhn,ssb-v2-block,mlp,protocol-v3,0.8,64,2,1,338,0.0014028330333530903,0.006759458978194743,774701056,0.125
74a66f7906f6bff1,svhn,ssb-v2-block,mlp,protocol-v3,0.8,64,2,1,339,0.0013987079728394747,0.006834500003606081,774701056,0.2109375
74a66f7906f6bff1,svhn,ssb-v2-block,mlp,protocol-v3,0.8,64,2,1,340,0.001394250022713095,0.007051333959680051,774701056,0.171875
74a66f7906f6bff1,svhn,ssb-v2-block,mlp,protocol-v3,0.8,64,2,1,341,0.001457249978557229,0.006139417004305869,774701056,0.21875
74a66f7906f6bff1,svhn,ssb-v2-block,mlp,protocol-v3,0.8,64,2,1,342,0.0014143339940346777,0.006644042034167796,774701056,0.1953125
74a66f7906f6bff1,svhn,ssb-v2-block,mlp,protocol-v3,0.8,64,2,1,343,0.0014539159601554275,0.006750125030521303,774701056,0.1640625
74a66f7906f6bff1,svhn,ssb-v2-block,mlp,protocol-v3,0.8,64,2,1,344,0.0013994579785503447,0.006427041022107005,774701056,0.15625
74a66f7906f6bff1,svhn,ssb-v2-block,mlp,protocol-v3,0.8,64,2,1,345,0.0014626249903813004,0.007239125028718263,774701056,0.109375
74a66f7906f6bff1,svhn,ssb-v2-block,mlp,protocol-v3,0.8,64,2,1,346,0.0013932500150986016,0.006700166966766119,774701056,0.1640625
74a66f7906f6bff1,svhn,ssb-v2-block,mlp,protocol-v3,0.8,64,2,1,347,0.0014553339569829404,0.007156040985137224,774701056,0.1171875
74a66f7906f6bff1,svhn,ssb-v2-block,mlp,protocol-v3,0.8,64,2,1,348,0.0014055840438231826,0.006891292054206133,774701056,0.1328125
74a66f7906f6bff1,svhn,ssb-v2-block,mlp,protocol-v3,0.8,64,2,1,349,0.0013982500531710684,0.006902791967149824,774701056,0.171875
74a66f7906f6bff1,svhn,ssb-v2-block,mlp,protocol-v3,0.8,64,2,1,350,0.0013589159934781492,0.0070039580459706485,774701056,0.1875
74a66f7906f6bff1,svhn,ssb-v2-block,mlp,protocol-v3,0.8,64,2,1,351,0.0014624579926021397,0.006944916967768222,774701056,0.234375
74a66f7906f6bff1,svhn,ssb-v2-block,mlp,protocol-v3,0.8,64,2,1,352,0.0014511669869534671,0.007051915978081524,774701056,0.1875
74a66f7906f6bff1,svhn,ssb-v2-block,mlp,protocol-v3,0.8,64,2,1,353,0.0013959169737063348,0.00718987500295043,774701056,0.234375
74a66f7906f6bff1,svhn,ssb-v2-block,mlp,protocol-v3,0.8,64,2,1,354,0.0014035000349394977,0.006988000008277595,774701056,0.171875
74a66f7906f6bff1,svhn,ssb-v2-block,mlp,protocol-v3,0.8,64,2,1,355,0.001399707980453968,0.006809749989770353,774701056,0.1640625
74a66f7906f6bff1,svhn,ssb-v2-block,mlp,protocol-v3,0.8,64,2,1,356,0.001364208001177758,0.006400332960765809,774701056,0.2109375
74a66f7906f6bff1,svhn,ssb-v2-block,mlp,protocol-v3,0.8,64,2,1,357,0.0014045420102775097,0.006798250018619001,774717440,0.1953125
74a66f7906f6bff1,svhn,ssb-v2-block,mlp,protocol-v3,0.8,64,2,1,358,0.0013767500058747828,0.007071416999679059,774717440,0.2109375
74a66f7906f6bff1,svhn,ssb-v2-block,mlp,protocol-v3,0.8,64,2,1,359,0.0014104999718256295,0.00686145800864324,774717440,0.171875
74a66f7906f6bff1,svhn,ssb-v2-block,mlp,protocol-v3,0.8,64,2,1,360,0.0014098749961704016,0.006729666027240455,774717440,0.203125
74a66f7906f6bff1,svhn,ssb-v2-block,mlp,protocol-v3,0.8,64,2,1,361,0.0013544579851441085,0.007652625034097582,774717440,0.1796875
74a66f7906f6bff1,svhn,ssb-v2-block,mlp,protocol-v3,0.8,64,2,1,362,0.0014170409995131195,0.0063776670140214264,774717440,0.171875
74a66f7906f6bff1,svhn,ssb-v2-block,mlp,protocol-v3,0.8,64,2,1,363,0.001422208035364747,0.007024582999292761,774717440,0.21875
74a66f7906f6bff1,svhn,ssb-v2-block,mlp,protocol-v3,0.8,64,2,1,364,0.0014495000359602273,0.006398333003744483,774717440,0.265625
74a66f7906f6bff1,svhn,ssb-v2-block,mlp,protocol-v3,0.8,64,2,1,365,0.0013885409571230412,0.006192207976710051,774717440,0.1953125
74a66f7906f6bff1,svhn,ssb-v2-block,mlp,protocol-v3,0.8,64,2,1,366,0.0013905000523664057,0.006438374985009432,774717440,0.1953125
74a66f7906f6bff1,svhn,ssb-v2-block,mlp,protocol-v3,0.8,64,2,1,367,0.0013919170014560223,0.0068992910091765225,774717440,0.15625
74a66f7906f6bff1,svhn,ssb-v2-block,mlp,protocol-v3,0.8,64,2,1,368,0.0013780419831164181,0.00710762501694262,774717440,0.2265625
74a66f7906f6bff1,svhn,ssb-v2-block,mlp,protocol-v3,0.8,64,2,1,369,0.0014455000055022538,0.0070911250077188015,774717440,0.2109375
74a66f7906f6bff1,svhn,ssb-v2-block,mlp,protocol-v3,0.8,64,2,1,370,0.0014548749895766377,0.0070991660468280315,774717440,0.2265625
74a66f7906f6bff1,svhn,ssb-v2-block,mlp,protocol-v3,0.8,64,2,1,371,0.0014502910198643804,0.006276624975726008,774717440,0.2265625
74a66f7906f6bff1,svhn,ssb-v2-block,mlp,protocol-v3,0.8,64,2,1,372,0.0013766250340268016,0.006996832962613553,774733824,0.171875
74a66f7906f6bff1,svhn,ssb-v2-block,mlp,protocol-v3,0.8,64,2,1,373,0.0014491670299321413,0.0062760000000707805,774733824,0.1796875
74a66f7906f6bff1,svhn,ssb-v2-block,mlp,protocol-v3,0.8,64,2,1,374,0.0013944170204922557,0.0062994579784572124,774733824,0.1796875
74a66f7906f6bff1,svhn,ssb-v2-block,mlp,protocol-v3,0.8,64,2,1,375,0.001456499972846359,0.007175833045039326,774733824,0.21875
74a66f7906f6bff1,svhn,ssb-v2-block,mlp,protocol-v3,0.8,64,2,1,376,0.0014476660289801657,0.007297999982256442,774750208,0.1953125
74a66f7906f6bff1,svhn,ssb-v2-block,mlp,protocol-v3,0.8,64,2,1,377,0.0014568750048056245,0.006799999973736703,774750208,0.2265625
74a66f7906f6bff1,svhn,ssb-v2-block,mlp,protocol-v3,0.8,64,2,1,378,0.0013817499857395887,0.006661583029199392,774750208,0.1328125
74a66f7906f6bff1,svhn,ssb-v2-block,mlp,protocol-v3,0.8,64,2,1,379,0.0013745410251431167,0.006770917039830238,774750208,0.15625
74a66f7906f6bff1,svhn,ssb-v2-block,mlp,protocol-v3,0.8,64,2,1,380,0.0014247919898480177,0.0070675829774700105,774750208,0.1484375
74a66f7906f6bff1,svhn,ssb-v2-block,mlp,protocol-v3,0.8,64,2,1,381,0.0014529580366797745,0.006823957955930382,774750208,0.234375
74a66f7906f6bff1,svhn,ssb-v2-block,mlp,protocol-v3,0.8,64,2,1,382,0.0014016249915584922,0.006676500022877008,774750208,0.1796875
74a66f7906f6bff1,svhn,ssb-v2-block,mlp,protocol-v3,0.8,64,2,1,383,0.0014264589990489185,0.013307957968208939,775749632,0.15625
74a66f7906f6bff1,svhn,ssb-v2-block,mlp,protocol-v3,0.8,64,2,1,384,0.0014768329565413296,0.007372499967459589,775979008,0.125
74a66f7906f6bff1,svhn,ssb-v2-block,mlp,protocol-v3,0.8,64,2,1,385,0.0014765409869141877,0.006960250029806048,775995392,0.1875
74a66f7906f6bff1,svhn,ssb-v2-block,mlp,protocol-v3,0.8,64,2,1,386,0.0014037499786354601,0.007220749976113439,776011776,0.109375
74a66f7906f6bff1,svhn,ssb-v2-block,mlp,protocol-v3,0.8,64,2,1,387,0.0013948749983683228,0.00684441695921123,776011776,0.25
74a66f7906f6bff1,svhn,ssb-v2-block,mlp,protocol-v3,0.8,64,2,1,388,0.001365666976198554,0.006883916968945414,776011776,0.1796875
74a66f7906f6bff1,svhn,ssb-v2-block,mlp,protocol-v3,0.8,64,2,1,389,0.0014071250334382057,0.006474750000052154,776241152,0.2265625
74a66f7906f6bff1,svhn,ssb-v2-block,mlp,protocol-v3,0.8,64,2,1,390,0.0013975839829072356,0.0065576250199228525,776241152,0.1796875
74a66f7906f6bff1,svhn,ssb-v2-block,mlp,protocol-v3,0.8,64,2,1,391,0.0013853749842382967,0.006575833016540855,776241152,0.1953125
74a66f7906f6bff1,svhn,ssb-v2-block,mlp,protocol-v3,0.8,64,2,1,392,0.0014598750276491046,0.007227000023704022,776241152,0.234375
74a66f7906f6bff1,svhn,ssb-v2-block,mlp,protocol-v3,0.8,64,2,1,393,0.0014560410054400563,0.006971583003178239,776241152,0.203125
74a66f7906f6bff1,svhn,ssb-v2-block,mlp,protocol-v3,0.8,64,2,1,394,0.0014010830200277269,0.00689266697736457,776257536,0.15625
74a66f7906f6bff1,svhn,ssb-v2-block,mlp,protocol-v3,0.8,64,2,1,395,0.0014517499948851764,0.006383208034094423,776257536,0.1484375
74a66f7906f6bff1,svhn,ssb-v2-block,mlp,protocol-v3,0.8,64,2,1,396,0.0014588329941034317,0.00680070900125429,776273920,0.1640625
74a66f7906f6bff1,svhn,ssb-v2-block,mlp,protocol-v3,0.8,64,2,1,397,0.0013974999892525375,0.006949457980226725,776273920,0.171875
74a66f7906f6bff1,svhn,ssb-v2-block,mlp,protocol-v3,0.8,64,2,1,398,0.0013672919594682753,0.0066763340146280825,776273920,0.171875
74a66f7906f6bff1,svhn,ssb-v2-block,mlp,protocol-v3,0.8,64,2,1,399,0.0014505840372294188,0.007349582971073687,776273920,0.1484375
74a66f7906f6bff1,svhn,ssb-v2-block,mlp,protocol-v3,0.8,64,2,1,400,0.0014043329865671694,0.00714216596679762,776273920,0.1953125
74a66f7906f6bff1,svhn,ssb-v2-block,mlp,protocol-v3,0.8,64,2,1,401,0.0013967080158181489,0.006991040951106697,776273920,0.1875
74a66f7906f6bff1,svhn,ssb-v2-block,mlp,protocol-v3,0.8,64,2,1,402,0.0014690830139443278,0.006686083041131496,776273920,0.1640625
74a66f7906f6bff1,svhn,ssb-v2-block,mlp,protocol-v3,0.8,64,2,1,403,0.001457958947867155,0.006868208001833409,776273920,0.1875
74a66f7906f6bff1,svhn,ssb-v2-block,mlp,protocol-v3,0.8,64,2,1,404,0.001383791968692094,0.007463125046342611,776273920,0.1328125
74a66f7906f6bff1,svhn,ssb-v2-block,mlp,protocol-v3,0.8,64,2,1,405,0.0013983339886181056,0.006913833029102534,776273920,0.15625
74a66f7906f6bff1,svhn,ssb-v2-block,mlp,protocol-v3,0.8,64,2,1,406,0.0013693750370293856,0.006912000011652708,776273920,0.1484375
74a66f7906f6bff1,svhn,ssb-v2-block,mlp,protocol-v3,0.8,64,2,1,407,0.0014591249637305737,0.0067790409666486084,776273920,0.171875
74a66f7906f6bff1,svhn,ssb-v2-block,mlp,protocol-v3,0.8,64,2,1,408,0.0013935420429334044,0.006578959000762552,776273920,0.109375
74a66f7906f6bff1,svhn,ssb-v2-block,mlp,protocol-v3,0.8,64,2,1,409,0.001393957994878292,0.007295999967027456,776273920,0.125
74a66f7906f6bff1,svhn,ssb-v2-block,mlp,protocol-v3,0.8,64,2,1,410,0.00137254100991413,0.006200457981321961,776273920,0.140625
74a66f7906f6bff1,svhn,ssb-v2-block,mlp,protocol-v3,0.8,64,2,1,411,0.001381250040140003,0.00715287501225248,776273920,0.15625
74a66f7906f6bff1,svhn,ssb-v2-block,mlp,protocol-v3,0.8,64,2,1,412,0.001387749973218888,0.007132125028874725,776273920,0.1640625
74a66f7906f6bff1,svhn,ssb-v2-block,mlp,protocol-v3,0.8,64,2,1,413,0.0014519579708576202,0.007182917033787817,776273920,0.1484375
74a66f7906f6bff1,svhn,ssb-v2-block,mlp,protocol-v3,0.8,64,2,1,414,0.0014444579719565809,0.007019000011496246,776273920,0.125
74a66f7906f6bff1,svhn,ssb-v2-block,mlp,protocol-v3,0.8,64,2,1,415,0.0013701660209335387,0.007024375023320317,776273920,0.1875
74a66f7906f6bff1,svhn,ssb-v2-block,mlp,protocol-v3,0.8,64,2,1,416,0.0013899159966968,0.0069220419973134995,776273920,0.1484375
74a66f7906f6bff1,svhn,ssb-v2-block,mlp,protocol-v3,0.8,64,2,1,417,0.0013992500025779009,0.00677341700065881,776273920,0.2265625
74a66f7906f6bff1,svhn,ssb-v2-block,mlp,protocol-v3,0.8,64,2,1,418,0.001433041994459927,0.006756459013558924,776273920,0.2421875
74a66f7906f6bff1,svhn,ssb-v2-block,mlp,protocol-v3,0.8,64,2,1,419,0.0015310000162571669,0.006247499957680702,776273920,0.203125
74a66f7906f6bff1,svhn,ssb-v2-block,mlp,protocol-v3,0.8,64,2,1,420,0.0014489589957520366,0.00699658301891759,776273920,0.125
74a66f7906f6bff1,svhn,ssb-v2-block,mlp,protocol-v3,0.8,64,2,1,421,0.001454083016142249,0.006758540985174477,776273920,0.2265625
74a66f7906f6bff1,svhn,ssb-v2-block,mlp,protocol-v3,0.8,64,2,1,422,0.0014027500292286277,0.006889582960866392,776273920,0.21875
74a66f7906f6bff1,svhn,ssb-v2-block,mlp,protocol-v3,0.8,64,2,1,423,0.0013979579671286047,0.006772499997168779,776273920,0.2109375
74a66f7906f6bff1,svhn,ssb-v2-block,mlp,protocol-v3,0.8,64,2,1,424,0.001371457998175174,0.0077770419884473085,776273920,0.2265625
74a66f7906f6bff1,svhn,ssb-v2-block,mlp,protocol-v3,0.8,64,2,1,425,0.001408084004651755,0.006973750016186386,776273920,0.1328125
74a66f7906f6bff1,svhn,ssb-v2-block,mlp,protocol-v3,0.8,64,2,1,426,0.0014603750314563513,0.0072822499787434936,776273920,0.2421875
74a66f7906f6bff1,svhn,ssb-v2-block,mlp,protocol-v3,0.8,64,2,1,427,0.0014651250094175339,0.00714837497798726,776273920,0.15625
74a66f7906f6bff1,svhn,ssb-v2-block,mlp,protocol-v3,0.8,64,2,1,428,0.001487292000092566,0.006299207976553589,776290304,0.2421875
74a66f7906f6bff1,svhn,ssb-v2-block,mlp,protocol-v3,0.8,64,2,1,429,0.001454416022170335,0.006653041986282915,776290304,0.1953125
74a66f7906f6bff1,svhn,ssb-v2-block,mlp,protocol-v3,0.8,64,2,1,430,0.0014057080261409283,0.006612166995182633,776290304,0.1640625
74a66f7906f6bff1,svhn,ssb-v2-block,mlp,protocol-v3,0.8,64,2,1,431,0.0014781670179218054,0.006943541986402124,776290304,0.1484375
74a66f7906f6bff1,svhn,ssb-v2-block,mlp,protocol-v3,0.8,64,2,1,432,0.0014683330082334578,0.007165708986576647,776290304,0.1484375
74a66f7906f6bff1,svhn,ssb-v2-block,mlp,protocol-v3,0.8,64,2,1,433,0.0014620000147260725,0.007083667034748942,776290304,0.1953125
74a66f7906f6bff1,svhn,ssb-v2-block,mlp,protocol-v3,0.8,64,2,1,434,0.001397250045556575,0.006302124995272607,776290304,0.1953125
74a66f7906f6bff1,svhn,ssb-v2-block,mlp,protocol-v3,0.8,64,2,1,435,0.001469917013309896,0.006789916951674968,776306688,0.25
74a66f7906f6bff1,svhn,ssb-v2-block,mlp,protocol-v3,0.8,64,2,1,436,0.0014604589669033885,0.007192332996055484,776306688,0.21875
74a66f7906f6bff1,svhn,ssb-v2-block,mlp,protocol-v3,0.8,64,2,1,437,0.0014432920143008232,0.006780750001780689,776306688,0.140625
74a66f7906f6bff1,svhn,ssb-v2-block,mlp,protocol-v3,0.8,64,2,1,438,0.0014119170373305678,0.007027250016108155,776306688,0.15625
74a66f7906f6bff1,svhn,ssb-v2-block,mlp,protocol-v3,0.8,64,2,1,439,0.0014237919822335243,0.0071469160029664636,776306688,0.1484375
74a66f7906f6bff1,svhn,ssb-v2-block,mlp,protocol-v3,0.8,64,2,1,440,0.0013845840003341436,0.006797667010687292,776306688,0.171875
74a66f7906f6bff1,svhn,ssb-v2-block,mlp,protocol-v3,0.8,64,2,1,441,0.0014595829998143017,0.006718792021274567,776306688,0.1953125
74a66f7906f6bff1,svhn,ssb-v2-block,mlp,protocol-v3,0.8,64,2,1,442,0.0014589159982278943,0.007126541982870549,776306688,0.1875
74a66f7906f6bff1,svhn,ssb-v2-block,mlp,protocol-v3,0.8,64,2,1,443,0.001453957986086607,0.00721100001828745,776306688,0.15625
74a66f7906f6bff1,svhn,ssb-v2-block,mlp,protocol-v3,0.8,64,2,1,444,0.001460833998862654,0.007687375007662922,776306688,0.1484375
74a66f7906f6bff1,svhn,ssb-v2-block,mlp,protocol-v3,0.8,64,2,1,445,0.001450749987270683,0.006987375032622367,776306688,0.2578125
74a66f7906f6bff1,svhn,ssb-v2-block,mlp,protocol-v3,0.8,64,2,1,446,0.0014642919995822012,0.006691624992527068,776306688,0.171875
74a66f7906f6bff1,svhn,ssb-v2-block,mlp,protocol-v3,0.8,64,2,1,447,0.0014606670010834932,0.0063216250273399055,776306688,0.1328125
74a66f7906f6bff1,svhn,ssb-v2-block,mlp,protocol-v3,0.8,64,2,1,448,0.0013991250307299197,0.006665666995104402,776306688,0.21875
74a66f7906f6bff1,svhn,ssb-v2-block,mlp,protocol-v3,0.8,64,2,1,449,0.0013882909552194178,0.0066154999658465385,776306688,0.171875
74a66f7906f6bff1,svhn,ssb-v2-block,mlp,protocol-v3,0.8,64,2,1,450,0.0014606249751523137,0.006701749982312322,776306688,0.2578125
74a66f7906f6bff1,svhn,ssb-v2-block,mlp,protocol-v3,0.8,64,2,1,451,0.001470541988965124,0.006861416972242296,776306688,0.1875
74a66f7906f6bff1,svhn,ssb-v2-block,mlp,protocol-v3,0.8,64,2,1,452,0.0014674999983981252,0.006868208001833409,776306688,0.1875
74a66f7906f6bff1,svhn,ssb-v2-block,mlp,protocol-v3,0.8,64,2,1,453,0.0014587080222554505,0.0073040000279434025,776306688,0.1796875
74a66f7906f6bff1,svhn,ssb-v2-block,mlp,protocol-v3,0.8,64,2,1,454,0.0014564159791916609,0.007270500005688518,776323072,0.2109375
74a66f7906f6bff1,svhn,ssb-v2-block,mlp,protocol-v3,0.8,64,2,1,455,0.0014473749906755984,0.007319833035580814,776323072,0.1953125
74a66f7906f6bff1,svhn,ssb-v2-block,mlp,protocol-v3,0.8,64,2,1,456,0.0014601669972762465,0.006735250004567206,776323072,0.203125
74a66f7906f6bff1,svhn,ssb-v2-block,mlp,protocol-v3,0.8,64,2,1,457,0.0013946249964646995,0.006821208982728422,776323072,0.265625
74a66f7906f6bff1,svhn,ssb-v2-block,mlp,protocol-v3,0.8,64,2,1,458,0.0013782079913653433,0.006908999988809228,776323072,0.1640625
74a66f7906f6bff1,svhn,ssb-v2-block,mlp,protocol-v3,0.8,64,2,1,459,0.0014576250105164945,0.007398124958854169,776323072,0.1796875
74a66f7906f6bff1,svhn,ssb-v2-block,mlp,protocol-v3,0.8,64,2,1,460,0.0014528330066241324,0.006771582993678749,776323072,0.2265625
74a66f7906f6bff1,svhn,ssb-v2-block,mlp,protocol-v3,0.8,64,2,1,461,0.0013863749918527901,0.006495332985650748,776323072,0.2265625
74a66f7906f6bff1,svhn,ssb-v2-block,mlp,protocol-v3,0.8,64,2,1,462,0.0014044579584151506,0.006524665979668498,776323072,0.171875
74a66f7906f6bff1,svhn,ssb-v2-block,mlp,protocol-v3,0.8,64,2,1,463,0.001389875018503517,0.006782583019230515,776323072,0.2265625
74a66f7906f6bff1,svhn,ssb-v2-block,mlp,protocol-v3,0.8,64,2,1,464,0.0014201249578036368,0.006694959010928869,776323072,0.140625
74a66f7906f6bff1,svhn,ssb-v2-block,mlp,protocol-v3,0.8,64,2,1,465,0.001448832976166159,0.0070350419846363366,776339456,0.125
74a66f7906f6bff1,svhn,ssb-v2-block,mlp,protocol-v3,0.8,64,2,1,466,0.0014611249789595604,0.007005167019087821,776339456,0.171875
74a66f7906f6bff1,svhn,ssb-v2-block,mlp,protocol-v3,0.8,64,2,1,467,0.0014546250458806753,0.00709700002335012,776355840,0.1796875
74a66f7906f6bff1,svhn,ssb-v2-block,mlp,protocol-v3,0.8,64,2,1,468,0.0013886250089854002,0.0070255830069072545,776355840,0.1953125
74a66f7906f6bff1,svhn,ssb-v2-block,mlp,protocol-v3,0.8,64,2,1,469,0.0014332080027088523,0.006947459012735635,776355840,0.1875
74a66f7906f6bff1,svhn,ssb-v2-block,mlp,protocol-v3,0.8,64,2,1,470,0.0014518750249408185,0.007302833022549748,776355840,0.1640625
74a66f7906f6bff1,svhn,ssb-v2-block,mlp,protocol-v3,0.8,64,2,1,471,0.0014478329685516655,0.0067111250245943666,776355840,0.203125
74a66f7906f6bff1,svhn,ssb-v2-block,mlp,protocol-v3,0.8,64,2,1,472,0.0014011249877512455,0.007085249992087483,776355840,0.21875
74a66f7906f6bff1,svhn,ssb-v2-block,mlp,protocol-v3,0.8,64,2,1,473,0.001410790951922536,0.007241165963932872,776355840,0.1953125
74a66f7906f6bff1,svhn,ssb-v2-block,mlp,protocol-v3,0.8,64,2,1,474,0.0014153330121189356,0.006423207989428192,776372224,0.2265625
74a66f7906f6bff1,svhn,ssb-v2-block,mlp,protocol-v3,0.8,64,2,1,475,0.0013961250078864396,0.006650666007772088,776388608,0.2265625
74a66f7906f6bff1,svhn,ssb-v2-block,mlp,protocol-v3,0.8,64,2,1,476,0.001468417001888156,0.007197124999947846,776388608,0.1953125
74a66f7906f6bff1,svhn,ssb-v2-block,mlp,protocol-v3,0.8,64,2,1,477,0.0014049579622223973,0.0068888330133631825,776388608,0.171875
74a66f7906f6bff1,svhn,ssb-v2-block,mlp,protocol-v3,0.8,64,2,1,478,0.0014023340190760791,0.006670333037618548,776388608,0.1796875
74a66f7906f6bff1,svhn,ssb-v2-block,mlp,protocol-v3,0.8,64,2,1,479,0.00137870799517259,0.006737667019478977,776388608,0.1796875
74a66f7906f6bff1,svhn,ssb-v2-block,mlp,protocol-v3,0.8,64,2,1,480,0.001416458049789071,0.007215083984192461,776388608,0.1953125
74a66f7906f6bff1,svhn,ssb-v2-block,mlp,protocol-v3,0.8,64,2,1,481,0.001469625043682754,0.006744166021235287,776388608,0.203125
74a66f7906f6bff1,svhn,ssb-v2-block,mlp,protocol-v3,0.8,64,2,1,482,0.0014817499904893339,0.007170875032898039,776388608,0.234375
74a66f7906f6bff1,svhn,ssb-v2-block,mlp,protocol-v3,0.8,64,2,1,483,0.0013904999941587448,0.007676584005821496,776388608,0.15625
74a66f7906f6bff1,svhn,ssb-v2-block,mlp,protocol-v3,0.8,64,2,1,484,0.0014540840056724846,0.0066867920104414225,776404992,0.1953125
74a66f7906f6bff1,svhn,ssb-v2-block,mlp,protocol-v3,0.8,64,2,1,485,0.0014369169948622584,0.006458416988607496,776404992,0.203125
74a66f7906f6bff1,svhn,ssb-v2-block,mlp,protocol-v3,0.8,64,2,1,486,0.001426790957339108,0.006588040967471898,776404992,0.1953125
74a66f7906f6bff1,svhn,ssb-v2-block,mlp,protocol-v3,0.8,64,2,1,487,0.0014089170144870877,0.00705941702472046,776404992,0.203125
74a66f7906f6bff1,svhn,ssb-v2-block,mlp,protocol-v3,0.8,64,2,1,488,0.0014245000202208757,0.006858707987703383,776421376,0.1484375
74a66f7906f6bff1,svhn,ssb-v2-block,mlp,protocol-v3,0.8,64,2,1,489,0.0013706670142710209,0.006887916999403387,776421376,0.1796875
74a66f7906f6bff1,svhn,ssb-v2-block,mlp,protocol-v3,0.8,64,2,1,490,0.0014204159961082041,0.0068862499902024865,776421376,0.1640625
74a66f7906f6bff1,svhn,ssb-v2-block,mlp,protocol-v3,0.8,64,2,1,491,0.0013839579769410193,0.007176082988735288,776421376,0.1640625
74a66f7906f6bff1,svhn,ssb-v2-block,mlp,protocol-v3,0.8,64,2,1,492,0.00145725003676489,0.006516333029139787,776421376,0.140625
74a66f7906f6bff1,svhn,ssb-v2-block,mlp,protocol-v3,0.8,64,2,1,493,0.0014548749895766377,0.006537540990393609,776421376,0.1953125
74a66f7906f6bff1,svhn,ssb-v2-block,mlp,protocol-v3,0.8,64,2,1,494,0.0014501250116154552,0.006775041983928531,776421376,0.2265625
74a66f7906f6bff1,svhn,ssb-v2-block,mlp,protocol-v3,0.8,64,2,1,495,0.001395750034134835,0.006609834032133222,776421376,0.203125
74a66f7906f6bff1,svhn,ssb-v2-block,mlp,protocol-v3,0.8,64,2,1,496,0.0014508750173263252,0.007090499973855913,776421376,0.1640625
74a66f7906f6bff1,svhn,ssb-v2-block,mlp,protocol-v3,0.8,64,2,1,497,0.0014594169915653765,0.0068134169559925795,776421376,0.15625
74a66f7906f6bff1,svhn,ssb-v2-block,mlp,protocol-v3,0.8,64,2,1,498,0.0013925830135121942,0.006688833003863692,776421376,0.2734375
74a66f7906f6bff1,svhn,ssb-v2-block,mlp,protocol-v3,0.8,64,2,1,499,0.0014509999891743064,0.007181708991993219,776421376,0.1484375
74a66f7906f6bff1,svhn,ssb-v2-block,mlp,protocol-v3,0.8,64,2,1,500,0.001413165999110788,0.007029750035144389,776421376,0.234375
74a66f7906f6bff1,svhn,ssb-v2-block,mlp,protocol-v3,0.8,64,2,1,501,0.0013964999816380441,0.011034416034817696,777207808,0.2265625
74a66f7906f6bff1,svhn,ssb-v2-block,mlp,protocol-v3,0.8,64,2,1,502,0.0014262920012697577,0.0074705000151880085,777437184,0.1953125
74a66f7906f6bff1,svhn,ssb-v2-block,mlp,protocol-v3,0.8,64,2,1,503,0.0014059590175747871,0.006865042028948665,777584640,0.1953125
74a66f7906f6bff1,svhn,ssb-v2-block,mlp,protocol-v3,0.8,64,2,1,504,0.0014051669859327376,0.006910083000548184,777601024,0.171875
74a66f7906f6bff1,svhn,ssb-v2-block,mlp,protocol-v3,0.8,64,2,1,505,0.0014137079706415534,0.0072511250036768615,777601024,0.234375
74a66f7906f6bff1,svhn,ssb-v2-block,mlp,protocol-v3,0.8,64,2,1,506,0.0013881250051781535,0.008042041037697345,777601024,0.203125
74a66f7906f6bff1,svhn,ssb-v2-block,mlp,protocol-v3,0.8,64,2,1,507,0.0013878339668735862,0.006800041999667883,777601024,0.2109375
74a66f7906f6bff1,svhn,ssb-v2-block,mlp,protocol-v3,0.8,64,2,1,508,0.0015401659766212106,0.0065579579677432775,777601024,0.1640625
74a66f7906f6bff1,svhn,ssb-v2-block,mlp,protocol-v3,0.8,64,2,1,509,0.0014777920441702008,0.006797290989197791,777601024,0.21875
74a66f7906f6bff1,svhn,ssb-v2-block,mlp,protocol-v3,0.8,64,2,1,510,0.0014259589952416718,0.006794665998313576,777601024,0.1875
74a66f7906f6bff1,svhn,ssb-v2-block,mlp,protocol-v3,0.8,64,2,1,511,0.0014769579865969718,0.0069184579770080745,777601024,0.171875
74a66f7906f6bff1,svhn,ssb-v2-block,mlp,protocol-v3,0.8,64,2,1,512,0.0014052920159883797,0.007111957995221019,777601024,0.171875
74a66f7906f6bff1,svhn,ssb-v2-block,mlp,protocol-v3,0.8,64,2,1,513,0.0014654580154456198,0.00710537499981001,777617408,0.21875
74a66f7906f6bff1,svhn,ssb-v2-block,mlp,protocol-v3,0.8,64,2,1,514,0.0014064169954508543,0.006548750039655715,777617408,0.1328125
74a66f7906f6bff1,svhn,ssb-v2-block,mlp,protocol-v3,0.8,64,2,1,515,0.0015452500083483756,0.007280124991666526,777617408,0.140625
74a66f7906f6bff1,svhn,ssb-v2-block,mlp,protocol-v3,0.8,64,2,1,516,0.0013832499971613288,0.006802582996897399,777617408,0.1640625
74a66f7906f6bff1,svhn,ssb-v2-block,mlp,protocol-v3,0.8,64,2,1,517,0.0014663750189356506,0.006543000054080039,777617408,0.234375
74a66f7906f6bff1,svhn,ssb-v2-block,mlp,protocol-v3,0.8,64,2,1,518,0.0013875839649699628,0.006450708955526352,777617408,0.1484375
74a66f7906f6bff1,svhn,ssb-v2-block,mlp,protocol-v3,0.8,64,2,1,519,0.0014044999843463302,0.006981250015087426,777617408,0.1875
74a66f7906f6bff1,svhn,ssb-v2-block,mlp,protocol-v3,0.8,64,2,1,520,0.0013875840231776237,0.006791834020987153,777617408,0.1171875
74a66f7906f6bff1,svhn,ssb-v2-block,mlp,protocol-v3,0.8,64,2,1,521,0.0013891669805161655,0.007215584046207368,777617408,0.1953125
74a66f7906f6bff1,svhn,ssb-v2-block,mlp,protocol-v3,0.8,64,2,1,522,0.0013993329484947026,0.006984542007558048,777617408,0.1875
74a66f7906f6bff1,svhn,ssb-v2-block,mlp,protocol-v3,0.8,64,2,1,523,0.001372584025375545,0.006535707972943783,777617408,0.1640625
74a66f7906f6bff1,svhn,ssb-v2-block,mlp,protocol-v3,0.8,64,2,1,524,0.0014574590022675693,0.006443166988901794,777617408,0.140625
74a66f7906f6bff1,svhn,ssb-v2-block,mlp,protocol-v3,0.8,64,2,1,525,0.0014323329669423401,0.006846208998467773,777617408,0.171875
74a66f7906f6bff1,svhn,ssb-v2-block,mlp,protocol-v3,0.8,64,2,1,526,0.0014001249801367521,0.006471249973401427,777617408,0.1640625
74a66f7906f6bff1,svhn,ssb-v2-block,mlp,protocol-v3,0.8,64,2,1,527,0.0014503340353257954,0.006463291996624321,777617408,0.2421875
74a66f7906f6bff1,svhn,ssb-v2-block,mlp,protocol-v3,0.8,64,2,1,528,0.0014660829911008477,0.007133208971936256,777633792,0.203125
74a66f7906f6bff1,svhn,ssb-v2-block,mlp,protocol-v3,0.8,64,2,1,529,0.0014512499910779297,0.006931416981387883,777633792,0.171875
74a66f7906f6bff1,svhn,ssb-v2-block,mlp,protocol-v3,0.8,64,2,1,530,0.001401540997903794,0.0068399159936234355,777633792,0.1875
74a66f7906f6bff1,svhn,ssb-v2-block,mlp,protocol-v3,0.8,64,2,1,531,0.0013929589767940342,0.014047125005163252,778485760,0.125
74a66f7906f6bff1,svhn,ssb-v2-block,mlp,protocol-v3,0.8,64,2,1,532,0.0015613330178894103,0.007152291014790535,778731520,0.1796875
74a66f7906f6bff1,svhn,ssb-v2-block,mlp,protocol-v3,0.8,64,2,1,533,0.0014175840187817812,0.007089207996614277,778731520,0.15625
74a66f7906f6bff1,svhn,ssb-v2-block,mlp,protocol-v3,0.8,64,2,1,534,0.0013820420135743916,0.006973042036406696,778731520,0.1640625
74a66f7906f6bff1,svhn,ssb-v2-block,mlp,protocol-v3,0.8,64,2,1,535,0.0014019169611856341,0.008114249969366938,778731520,0.2265625
74a66f7906f6bff1,svhn,ssb-v2-block,mlp,protocol-v3,0.8,64,2,1,536,0.0017973749781958759,0.006988542038016021,778731520,0.265625
74a66f7906f6bff1,svhn,ssb-v2-block,mlp,protocol-v3,0.8,64,2,1,537,0.001455332967452705,0.0073603749624453485,778731520,0.2109375
74a66f7906f6bff1,svhn,ssb-v2-block,mlp,protocol-v3,0.8,64,2,1,538,0.0014567080070264637,0.00684950000140816,779157504,0.203125
74a66f7906f6bff1,svhn,ssb-v2-block,mlp,protocol-v3,0.8,64,2,1,539,0.0014570410130545497,0.006872958038002253,779157504,0.234375
74a66f7906f6bff1,svhn,ssb-v2-block,mlp,protocol-v3,0.8,64,2,1,540,0.0014039580128155649,0.006599375046789646,779157504,0.1953125
74a66f7906f6bff1,svhn,ssb-v2-block,mlp,protocol-v3,0.8,64,2,1,541,0.0013787909992970526,0.00666987500153482,779157504,0.1875
74a66f7906f6bff1,svhn,ssb-v2-block,mlp,protocol-v3,0.8,64,2,1,542,0.001452541968319565,0.007219916966278106,779157504,0.203125
74a66f7906f6bff1,svhn,ssb-v2-block,mlp,protocol-v3,0.8,64,2,1,543,0.0014614170067943633,0.006562250026036054,779157504,0.171875
74a66f7906f6bff1,svhn,ssb-v2-block,mlp,protocol-v3,0.8,64,2,1,544,0.0014089579926803708,0.006852667022030801,779157504,0.1640625
74a66f7906f6bff1,svhn,ssb-v2-block,mlp,protocol-v3,0.8,64,2,1,545,0.0013834999990649521,0.007030500040855259,779157504,0.1875
74a66f7906f6bff1,svhn,ssb-v2-block,mlp,protocol-v3,0.8,64,2,1,546,0.0014578750124201179,0.007010541972704232,779157504,0.15625
74a66f7906f6bff1,svhn,ssb-v2-block,mlp,protocol-v3,0.8,64,2,1,547,0.0014128750190138817,0.006393874995410442,779157504,0.1640625
74a66f7906f6bff1,svhn,ssb-v2-block,mlp,protocol-v3,0.8,64,2,1,548,0.0013760830042883754,0.006965917011257261,779157504,0.1953125
74a66f7906f6bff1,svhn,ssb-v2-block,mlp,protocol-v3,0.8,64,2,1,549,0.0013438329915516078,0.006778583978302777,779157504,0.2421875
74a66f7906f6bff1,svhn,ssb-v2-block,mlp,protocol-v3,0.8,64,2,1,550,0.0014638329739682376,0.006560041976626962,779157504,0.15625
74a66f7906f6bff1,svhn,ssb-v2-block,mlp,protocol-v3,0.8,64,2,1,551,0.0014260419993661344,0.007059458002913743,779157504,0.2109375
74a66f7906f6bff1,svhn,ssb-v2-block,mlp,protocol-v3,0.8,64,2,1,552,0.0016044170479290187,0.007067291997373104,779157504,0.203125
74a66f7906f6bff1,svhn,ssb-v2-block,mlp,protocol-v3,0.8,64,2,1,553,0.001399375032633543,0.005887208040803671,779157504,0.203125
74a66f7906f6bff1,svhn,ssb-v2-block,mlp,protocol-v3,0.8,64,2,1,554,0.0014050420140847564,0.007263957988470793,779157504,0.1953125
74a66f7906f6bff1,svhn,ssb-v2-block,mlp,protocol-v3,0.8,64,2,1,555,0.0014679169980809093,0.0063784579979255795,779173888,0.171875
74a66f7906f6bff1,svhn,ssb-v2-block,mlp,protocol-v3,0.8,64,2,1,556,0.0014026249991729856,0.0070557090220972896,779173888,0.2578125
74a66f7906f6bff1,svhn,ssb-v2-block,mlp,protocol-v3,0.8,64,2,1,557,0.0013683330034837127,0.012103040993679315,779878400,0.21875
74a66f7906f6bff1,svhn,ssb-v2-block,mlp,protocol-v3,0.8,64,2,1,558,0.0014512499910779297,0.006582750007510185,780140544,0.21875
74a66f7906f6bff1,svhn,ssb-v2-block,mlp,protocol-v3,0.8,64,2,1,559,0.001465457957237959,0.010486666986253113,780582912,0.1328125
74a66f7906f6bff1,svhn,ssb-v2-block,mlp,protocol-v3,0.8,64,2,1,560,0.0014395000180229545,0.007054708024952561,780812288,0.171875
74a66f7906f6bff1,svhn,ssb-v2-block,mlp,protocol-v3,0.8,64,2,1,561,0.0013992500025779009,0.007017750001978129,780812288,0.140625
74a66f7906f6bff1,svhn,ssb-v2-block,mlp,protocol-v3,0.8,64,2,1,562,0.0014771660207770765,0.007470583019312471,780812288,0.1953125
74a66f7906f6bff1,svhn,ssb-v2-block,mlp,protocol-v3,0.8,64,2,1,563,0.0013967500417493284,0.007080124982167035,781336576,0.2265625
74a66f7906f6bff1,svhn,ssb-v2-block,mlp,protocol-v3,0.8,64,2,1,564,0.0013741250149905682,0.00706087495200336,781336576,0.1875
74a66f7906f6bff1,svhn,ssb-v2-block,mlp,protocol-v3,0.8,64,2,1,565,0.0014635410043410957,0.006590208970010281,781336576,0.2109375
74a66f7906f6bff1,svhn,ssb-v2-block,mlp,protocol-v3,0.8,64,2,1,566,0.0014469170127995312,0.007350875006522983,781352960,0.1953125
74a66f7906f6bff1,svhn,ssb-v2-block,mlp,protocol-v3,0.8,64,2,1,567,0.0014314170111902058,0.007151500030886382,781352960,0.1640625
74a66f7906f6bff1,svhn,ssb-v2-block,mlp,protocol-v3,0.8,64,2,1,568,0.0013807499781250954,0.006716917036101222,781352960,0.1640625
74a66f7906f6bff1,svhn,ssb-v2-block,mlp,protocol-v3,0.8,64,2,1,569,0.001413833990227431,0.0063274169806391,781352960,0.15625
74a66f7906f6bff1,svhn,ssb-v2-block,mlp,protocol-v3,0.8,64,2,1,570,0.0013796249986626208,0.00688349996926263,781352960,0.1640625
74a66f7906f6bff1,svhn,ssb-v2-block,mlp,protocol-v3,0.8,64,2,1,571,0.001461584004573524,0.007032333000097424,781352960,0.2265625
74a66f7906f6bff1,svhn,ssb-v2-block,mlp,protocol-v3,0.8,64,2,1,572,0.010864000010769814,0.037976125022396445,789725184,0.12195121951219512
74a66f7906f6bff1,svhn,ssb-v2-block,mlp,protocol-v3,0.8,64,2,2,0,0.0017318750033155084,0.007249041984323412,799801344,0.203125
74a66f7906f6bff1,svhn,ssb-v2-block,mlp,protocol-v3,0.8,64,2,2,1,0.001965500006917864,0.00929833302507177,800833536,0.1796875
74a66f7906f6bff1,svhn,ssb-v2-block,mlp,protocol-v3,0.8,64,2,2,2,0.0014570829807780683,0.007475708029232919,800833536,0.1953125
74a66f7906f6bff1,svhn,ssb-v2-block,mlp,protocol-v3,0.8,64,2,2,3,0.0014706660294905305,0.007351959007792175,802406400,0.171875
74a66f7906f6bff1,svhn,ssb-v2-block,mlp,protocol-v3,0.8,64,2,2,4,0.0014749590191058815,0.007135584019124508,802783232,0.2109375
74a66f7906f6bff1,svhn,ssb-v2-block,mlp,protocol-v3,0.8,64,2,2,5,0.0015148749807849526,0.007141249952837825,802783232,0.1953125
74a66f7906f6bff1,svhn,ssb-v2-block,mlp,protocol-v3,0.8,64,2,2,6,0.0015004170127213001,0.007020250021014363,803241984,0.1953125
74a66f7906f6bff1,svhn,ssb-v2-block,mlp,protocol-v3,0.8,64,2,2,7,0.001471750030759722,0.007486457994673401,803241984,0.2265625
74a66f7906f6bff1,svhn,ssb-v2-block,mlp,protocol-v3,0.8,64,2,2,8,0.0013910409761592746,0.007097791996784508,803241984,0.125
74a66f7906f6bff1,svhn,ssb-v2-block,mlp,protocol-v3,0.8,64,2,2,9,0.0014172089868225157,0.007030916982330382,803241984,0.234375
74a66f7906f6bff1,svhn,ssb-v2-block,mlp,protocol-v3,0.8,64,2,2,10,0.0013974999892525375,0.006823709001764655,803241984,0.1953125
74a66f7906f6bff1,svhn,ssb-v2-block,mlp,protocol-v3,0.8,64,2,2,11,0.0014837920316495001,0.0068029999965801835,803241984,0.2109375
74a66f7906f6bff1,svhn,ssb-v2-block,mlp,protocol-v3,0.8,64,2,2,12,0.0014707910013385117,0.007076208014041185,803241984,0.2109375
74a66f7906f6bff1,svhn,ssb-v2-block,mlp,protocol-v3,0.8,64,2,2,13,0.0014077919768169522,0.0066839579958468676,803241984,0.21875
74a66f7906f6bff1,svhn,ssb-v2-block,mlp,protocol-v3,0.8,64,2,2,14,0.001393207989167422,0.00711229199077934,804814848,0.1796875
74a66f7906f6bff1,svhn,ssb-v2-block,mlp,protocol-v3,0.8,64,2,2,15,0.0013886659871786833,0.006577791995368898,804831232,0.2421875
74a66f7906f6bff1,svhn,ssb-v2-block,mlp,protocol-v3,0.8,64,2,2,16,0.0014651670353487134,0.006820500013418496,804831232,0.234375
74a66f7906f6bff1,svhn,ssb-v2-block,mlp,protocol-v3,0.8,64,2,2,17,0.0014547500177286565,0.0069070840254426,804831232,0.1171875
74a66f7906f6bff1,svhn,ssb-v2-block,mlp,protocol-v3,0.8,64,2,2,18,0.0014273329870775342,0.007452916994225234,804831232,0.2109375
74a66f7906f6bff1,svhn,ssb-v2-block,mlp,protocol-v3,0.8,64,2,2,19,0.0013914579758420587,0.006467792030889541,804847616,0.2109375
74a66f7906f6bff1,svhn,ssb-v2-block,mlp,protocol-v3,0.8,64,2,2,20,0.0013770419755019248,0.006493749970104545,804847616,0.1953125
74a66f7906f6bff1,svhn,ssb-v2-block,mlp,protocol-v3,0.8,64,2,2,21,0.001457542006392032,0.007038916985038668,804864000,0.1796875
74a66f7906f6bff1,svhn,ssb-v2-block,mlp,protocol-v3,0.8,64,2,2,22,0.0014642919995822012,0.0067610410042107105,804864000,0.1796875
74a66f7906f6bff1,svhn,ssb-v2-block,mlp,protocol-v3,0.8,64,2,2,23,0.0015466660261154175,0.006715500028803945,804864000,0.2734375
74a66f7906f6bff1,svhn,ssb-v2-block,mlp,protocol-v3,0.8,64,2,2,24,0.001375499996356666,0.00648666697088629,804864000,0.25
74a66f7906f6bff1,svhn,ssb-v2-block,mlp,protocol-v3,0.8,64,2,2,25,0.0014552919892594218,0.007543459010776132,804880384,0.1953125
74a66f7906f6bff1,svhn,ssb-v2-block,mlp,protocol-v3,0.8,64,2,2,26,0.0015100000309757888,0.0065637920051813126,804896768,0.109375
74a66f7906f6bff1,svhn,ssb-v2-block,mlp,protocol-v3,0.8,64,2,2,27,0.001469500013627112,0.00717845797771588,804896768,0.203125
74a66f7906f6bff1,svhn,ssb-v2-block,mlp,protocol-v3,0.8,64,2,2,28,0.0014630830264650285,0.0063538330141454935,804896768,0.2109375
74a66f7906f6bff1,svhn,ssb-v2-block,mlp,protocol-v3,0.8,64,2,2,29,0.001417832972947508,0.006535749998874962,804896768,0.2421875
74a66f7906f6bff1,svhn,ssb-v2-block,mlp,protocol-v3,0.8,64,2,2,30,0.001464792003389448,0.007196832972113043,804896768,0.1796875
74a66f7906f6bff1,svhn,ssb-v2-block,mlp,protocol-v3,0.8,64,2,2,31,0.001465209003072232,0.006869666976854205,804896768,0.1796875
74a66f7906f6bff1,svhn,ssb-v2-block,mlp,protocol-v3,0.8,64,2,2,32,0.0014446249697357416,0.006878583983052522,804896768,0.2421875
74a66f7906f6bff1,svhn,ssb-v2-block,mlp,protocol-v3,0.8,64,2,2,33,0.001480082981288433,0.00671416602563113,804896768,0.234375
74a66f7906f6bff1,svhn,ssb-v2-block,mlp,protocol-v3,0.8,64,2,2,34,0.0014110840274952352,0.006959124992135912,804896768,0.1328125
74a66f7906f6bff1,svhn,ssb-v2-block,mlp,protocol-v3,0.8,64,2,2,35,0.0014114170335233212,0.007388415979221463,804896768,0.1796875
74a66f7906f6bff1,svhn,ssb-v2-block,mlp,protocol-v3,0.8,64,2,2,36,0.001389582990668714,0.007296333031263202,804896768,0.1796875
74a66f7906f6bff1,svhn,ssb-v2-block,mlp,protocol-v3,0.8,64,2,2,37,0.001422459026798606,0.0069144999724812806,804896768,0.171875
74a66f7906f6bff1,svhn,ssb-v2-block,mlp,protocol-v3,0.8,64,2,2,38,0.0013763749739155173,0.007011207984760404,804896768,0.21875
74a66f7906f6bff1,svhn,ssb-v2-block,mlp,protocol-v3,0.8,64,2,2,39,0.0014209580258466303,0.006746791012119502,804896768,0.1875
74a66f7906f6bff1,svhn,ssb-v2-block,mlp,protocol-v3,0.8,64,2,2,40,0.0014321249909698963,0.007081124989781529,804896768,0.234375
74a66f7906f6bff1,svhn,ssb-v2-block,mlp,protocol-v3,0.8,64,2,2,41,0.0014323750510811806,0.007017208030447364,804896768,0.1484375
74a66f7906f6bff1,svhn,ssb-v2-block,mlp,protocol-v3,0.8,64,2,2,42,0.0014059159439057112,0.006775290996301919,804896768,0.2890625
74a66f7906f6bff1,svhn,ssb-v2-block,mlp,protocol-v3,0.8,64,2,2,43,0.001393540995195508,0.006832874962128699,804896768,0.203125
74a66f7906f6bff1,svhn,ssb-v2-block,mlp,protocol-v3,0.8,64,2,2,44,0.0013830410316586494,0.006993249990046024,804896768,0.234375
74a66f7906f6bff1,svhn,ssb-v2-block,mlp,protocol-v3,0.8,64,2,2,45,0.0014060829998925328,0.00692295900080353,804929536,0.1953125
74a66f7906f6bff1,svhn,ssb-v2-block,mlp,protocol-v3,0.8,64,2,2,46,0.0013470419798977673,0.006946541019715369,804929536,0.234375
74a66f7906f6bff1,svhn,ssb-v2-block,mlp,protocol-v3,0.8,64,2,2,47,0.0014613330131396651,0.0072039999649859965,804929536,0.140625
74a66f7906f6bff1,svhn,ssb-v2-block,mlp,protocol-v3,0.8,64,2,2,48,0.001424291986040771,0.006610166979953647,804929536,0.2265625
74a66f7906f6bff1,svhn,ssb-v2-block,mlp,protocol-v3,0.8,64,2,2,49,0.0015490830410271883,0.0070650409907102585,806502400,0.1875
74a66f7906f6bff1,svhn,ssb-v2-block,mlp,protocol-v3,0.8,64,2,2,50,0.001419208012521267,0.006953332980629057,806502400,0.21875
74a66f7906f6bff1,svhn,ssb-v2-block,mlp,protocol-v3,0.8,64,2,2,51,0.0013795410050079226,0.006454958987887949,806502400,0.1953125
74a66f7906f6bff1,svhn,ssb-v2-block,mlp,protocol-v3,0.8,64,2,2,52,0.0014585829921998084,0.006764833000488579,806502400,0.2421875
74a66f7906f6bff1,svhn,ssb-v2-block,mlp,protocol-v3,0.8,64,2,2,53,0.0014901250251568854,0.008466958010103554,806502400,0.21875
74a66f7906f6bff1,svhn,ssb-v2-block,mlp,protocol-v3,0.8,64,2,2,54,0.0017169580096378922,0.00880520895589143,806502400,0.1953125
74a66f7906f6bff1,svhn,ssb-v2-block,mlp,protocol-v3,0.8,64,2,2,55,0.0019887080416083336,0.00920487497933209,806502400,0.2265625
74a66f7906f6bff1,svhn,ssb-v2-block,mlp,protocol-v3,0.8,64,2,2,56,0.0018882909789681435,0.009236124984454364,806502400,0.21875
74a66f7906f6bff1,svhn,ssb-v2-block,mlp,protocol-v3,0.8,64,2,2,57,0.001975167018827051,0.0094652499537915,806502400,0.203125
74a66f7906f6bff1,svhn,ssb-v2-block,mlp,protocol-v3,0.8,64,2,2,58,0.0024067090125754476,0.008961290994193405,806502400,0.15625
74a66f7906f6bff1,svhn,ssb-v2-block,mlp,protocol-v3,0.8,64,2,2,59,0.0015082090394571424,0.007027874991763383,806502400,0.234375
74a66f7906f6bff1,svhn,ssb-v2-block,mlp,protocol-v3,0.8,64,2,2,60,0.0014280829927884042,0.007667459023650736,806502400,0.203125
74a66f7906f6bff1,svhn,ssb-v2-block,mlp,protocol-v3,0.8,64,2,2,61,0.001465165987610817,0.006830749975051731,806535168,0.2109375
74a66f7906f6bff1,svhn,ssb-v2-block,mlp,protocol-v3,0.8,64,2,2,62,0.0014750840491615236,0.006816042005084455,806535168,0.2578125
74a66f7906f6bff1,svhn,ssb-v2-block,mlp,protocol-v3,0.8,64,2,2,63,0.0014053339837118983,0.007538083998952061,806535168,0.203125
74a66f7906f6bff1,svhn,ssb-v2-block,mlp,protocol-v3,0.8,64,2,2,64,0.0014549170155078173,0.006759292038623244,806535168,0.296875
74a66f7906f6bff1,svhn,ssb-v2-block,mlp,protocol-v3,0.8,64,2,2,65,0.001455457997508347,0.006029958021827042,806535168,0.1796875
74a66f7906f6bff1,svhn,ssb-v2-block,mlp,protocol-v3,0.8,64,2,2,66,0.0014741250197403133,0.006995874980930239,806535168,0.21875
74a66f7906f6bff1,svhn,ssb-v2-block,mlp,protocol-v3,0.8,64,2,2,67,0.0014267500373534858,0.006726208026520908,806535168,0.1875
74a66f7906f6bff1,svhn,ssb-v2-block,mlp,protocol-v3,0.8,64,2,2,68,0.0013869159738533199,0.007050000014714897,806535168,0.1953125
74a66f7906f6bff1,svhn,ssb-v2-block,mlp,protocol-v3,0.8,64,2,2,69,0.0014124999870546162,0.007246875029522926,806535168,0.140625
74a66f7906f6bff1,svhn,ssb-v2-block,mlp,protocol-v3,0.8,64,2,2,70,0.0014255410060286522,0.006794958026148379,806535168,0.2421875
74a66f7906f6bff1,svhn,ssb-v2-block,mlp,protocol-v3,0.8,64,2,2,71,0.001377333013806492,0.006760292046237737,806535168,0.2421875
74a66f7906f6bff1,svhn,ssb-v2-block,mlp,protocol-v3,0.8,64,2,2,72,0.0014762909850105643,0.007255292031913996,806535168,0.234375
74a66f7906f6bff1,svhn,ssb-v2-block,mlp,protocol-v3,0.8,64,2,2,73,0.0014496250078082085,0.006825666991062462,806535168,0.234375
74a66f7906f6bff1,svhn,ssb-v2-block,mlp,protocol-v3,0.8,64,2,2,74,0.0014022079994902015,0.006834416009951383,806535168,0.25
74a66f7906f6bff1,svhn,ssb-v2-block,mlp,protocol-v3,0.8,64,2,2,75,0.0014648749493062496,0.0072269170195795596,806535168,0.171875
74a66f7906f6bff1,svhn,ssb-v2-block,mlp,protocol-v3,0.8,64,2,2,76,0.0014839160139672458,0.007284209015779197,806535168,0.2109375
74a66f7906f6bff1,svhn,ssb-v2-block,mlp,protocol-v3,0.8,64,2,2,77,0.0013902499922551215,0.006716417032293975,806535168,0.1875
74a66f7906f6bff1,svhn,ssb-v2-block,mlp,protocol-v3,0.8,64,2,2,78,0.0014707089867442846,0.0071089580305852,806535168,0.3046875
74a66f7906f6bff1,svhn,ssb-v2-block,mlp,protocol-v3,0.8,64,2,2,79,0.0014057080261409283,0.006767707993276417,806551552,0.203125
74a66f7906f6bff1,svhn,ssb-v2-block,mlp,protocol-v3,0.8,64,2,2,80,0.0014083749847486615,0.006768666033167392,806551552,0.2578125
74a66f7906f6bff1,svhn,ssb-v2-block,mlp,protocol-v3,0.8,64,2,2,81,0.0014174170210026205,0.006958124984521419,806551552,0.2265625
74a66f7906f6bff1,svhn,ssb-v2-block,mlp,protocol-v3,0.8,64,2,2,82,0.0014874169719405472,0.0072072499897331,806551552,0.21875
74a66f7906f6bff1,svhn,ssb-v2-block,mlp,protocol-v3,0.8,64,2,2,83,0.001361624978017062,0.0070231250138022006,806551552,0.1640625
74a66f7906f6bff1,svhn,ssb-v2-block,mlp,protocol-v3,0.8,64,2,2,84,0.0014353749575093389,0.007233290991280228,806551552,0.1171875
74a66f7906f6bff1,svhn,ssb-v2-block,mlp,protocol-v3,0.8,64,2,2,85,0.0014192499802447855,0.0072858750354498625,806551552,0.1796875
74a66f7906f6bff1,svhn,ssb-v2-block,mlp,protocol-v3,0.8,64,2,2,86,0.0014387500123120844,0.007185916998423636,806551552,0.2265625
74a66f7906f6bff1,svhn,ssb-v2-block,mlp,protocol-v3,0.8,64,2,2,87,0.0014577079564332962,0.00722708401735872,806551552,0.1328125
74a66f7906f6bff1,svhn,ssb-v2-block,mlp,protocol-v3,0.8,64,2,2,88,0.001468874979764223,0.007393083011265844,806567936,0.203125
74a66f7906f6bff1,svhn,ssb-v2-block,mlp,protocol-v3,0.8,64,2,2,89,0.0014784170198254287,0.0067508750362321734,806567936,0.2421875
74a66f7906f6bff1,svhn,ssb-v2-block,mlp,protocol-v3,0.8,64,2,2,90,0.0013785840128548443,0.006775166955776513,806567936,0.2734375
74a66f7906f6bff1,svhn,ssb-v2-block,mlp,protocol-v3,0.8,64,2,2,91,0.0013730829814448953,0.006252999999560416,806567936,0.1796875
74a66f7906f6bff1,svhn,ssb-v2-block,mlp,protocol-v3,0.8,64,2,2,92,0.0013983329990878701,0.00709175004158169,806567936,0.1875
74a66f7906f6bff1,svhn,ssb-v2-block,mlp,protocol-v3,0.8,64,2,2,93,0.0013772080419585109,0.006646916037425399,806567936,0.2265625
74a66f7906f6bff1,svhn,ssb-v2-block,mlp,protocol-v3,0.8,64,2,2,94,0.0013955830363556743,0.006127082975581288,806567936,0.265625
74a66f7906f6bff1,svhn,ssb-v2-block,mlp,protocol-v3,0.8,64,2,2,95,0.001472917036153376,0.007799000013619661,806567936,0.2421875
74a66f7906f6bff1,svhn,ssb-v2-block,mlp,protocol-v3,0.8,64,2,2,96,0.0014694590354338288,0.0070374999777413905,806535168,0.1875
74a66f7906f6bff1,svhn,ssb-v2-block,mlp,protocol-v3,0.8,64,2,2,97,0.0014757910394109786,0.007096249959431589,806535168,0.203125
74a66f7906f6bff1,svhn,ssb-v2-block,mlp,protocol-v3,0.8,64,2,2,98,0.0014804169768467546,0.006472415989264846,806535168,0.25
74a66f7906f6bff1,svhn,ssb-v2-block,mlp,protocol-v3,0.8,64,2,2,99,0.0014726250083185732,0.006083249987568706,806535168,0.1796875
74a66f7906f6bff1,svhn,ssb-v2-block,mlp,protocol-v3,0.8,64,2,2,100,0.0013933330192230642,0.006997583957854658,806535168,0.25
74a66f7906f6bff1,svhn,ssb-v2-block,mlp,protocol-v3,0.8,64,2,2,101,0.001468875037971884,0.006704541970975697,806535168,0.21875
74a66f7906f6bff1,svhn,ssb-v2-block,mlp,protocol-v3,0.8,64,2,2,102,0.001376125030219555,0.0069669579970650375,806535168,0.25
74a66f7906f6bff1,svhn,ssb-v2-block,mlp,protocol-v3,0.8,64,2,2,103,0.0014064160059206188,0.007293958042282611,806535168,0.234375
74a66f7906f6bff1,svhn,ssb-v2-block,mlp,protocol-v3,0.8,64,2,2,104,0.0014150419738143682,0.00731383403763175,806535168,0.2578125
74a66f7906f6bff1,svhn,ssb-v2-block,mlp,protocol-v3,0.8,64,2,2,105,0.001398624968715012,0.006687167042400688,806535168,0.265625
74a66f7906f6bff1,svhn,ssb-v2-block,mlp,protocol-v3,0.8,64,2,2,106,0.0013892079587094486,0.0070758339716121554,806535168,0.21875
74a66f7906f6bff1,svhn,ssb-v2-block,mlp,protocol-v3,0.8,64,2,2,107,0.0014697919832542539,0.0071154170436784625,806535168,0.234375
74a66f7906f6bff1,svhn,ssb-v2-block,mlp,protocol-v3,0.8,64,2,2,108,0.0014008749858476222,0.006859124987386167,806535168,0.1953125
74a66f7906f6bff1,svhn,ssb-v2-block,mlp,protocol-v3,0.8,64,2,2,109,0.0014116670354269445,0.006474417052231729,806535168,0.2265625
74a66f7906f6bff1,svhn,ssb-v2-block,mlp,protocol-v3,0.8,64,2,2,110,0.001391666999552399,0.007109583995770663,806535168,0.2109375
74a66f7906f6bff1,svhn,ssb-v2-block,mlp,protocol-v3,0.8,64,2,2,111,0.0013890409609302878,0.006427832995541394,806535168,0.2265625
74a66f7906f6bff1,svhn,ssb-v2-block,mlp,protocol-v3,0.8,64,2,2,112,0.0014679579762741923,0.0068539580097422,806551552,0.2109375
74a66f7906f6bff1,svhn,ssb-v2-block,mlp,protocol-v3,0.8,64,2,2,113,0.0013532500015571713,0.006685832981020212,806551552,0.2734375
74a66f7906f6bff1,svhn,ssb-v2-block,mlp,protocol-v3,0.8,64,2,2,114,0.001413416990544647,0.006598666950594634,806567936,0.25
74a66f7906f6bff1,svhn,ssb-v2-block,mlp,protocol-v3,0.8,64,2,2,115,0.0014169159694574773,0.006837124994490296,806567936,0.21875
74a66f7906f6bff1,svhn,ssb-v2-block,mlp,protocol-v3,0.8,64,2,2,116,0.0013793330290354788,0.007031665998511016,806567936,0.1640625
74a66f7906f6bff1,svhn,ssb-v2-block,mlp,protocol-v3,0.8,64,2,2,117,0.0014632079983130097,0.006668041984084994,806567936,0.3125
74a66f7906f6bff1,svhn,ssb-v2-block,mlp,protocol-v3,0.8,64,2,2,118,0.0014097920502535999,0.007092332991305739,806567936,0.25
74a66f7906f6bff1,svhn,ssb-v2-block,mlp,protocol-v3,0.8,64,2,2,119,0.0013888340326957405,0.006601875007618219,806567936,0.21875
74a66f7906f6bff1,svhn,ssb-v2-block,mlp,protocol-v3,0.8,64,2,2,120,0.0014712080010212958,0.007012374990154058,806567936,0.234375
74a66f7906f6bff1,svhn,ssb-v2-block,mlp,protocol-v3,0.8,64,2,2,121,0.0014547499595209956,0.00763508299132809,806567936,0.21875
74a66f7906f6bff1,svhn,ssb-v2-block,mlp,protocol-v3,0.8,64,2,2,122,0.0014589999918825924,0.007216374971903861,806567936,0.25
74a66f7906f6bff1,svhn,ssb-v2-block,mlp,protocol-v3,0.8,64,2,2,123,0.0013920000055804849,0.0072390420245938,806567936,0.1484375
74a66f7906f6bff1,svhn,ssb-v2-block,mlp,protocol-v3,0.8,64,2,2,124,0.0014169580535963178,0.006842124974355102,806567936,0.171875
74a66f7906f6bff1,svhn,ssb-v2-block,mlp,protocol-v3,0.8,64,2,2,125,0.0013849579845555127,0.007229457958601415,806567936,0.171875
74a66f7906f6bff1,svhn,ssb-v2-block,mlp,protocol-v3,0.8,64,2,2,126,0.0014018340152688324,0.007190875010564923,806567936,0.2578125
74a66f7906f6bff1,svhn,ssb-v2-block,mlp,protocol-v3,0.8,64,2,2,127,0.0014048329903744161,0.006938958016689867,806567936,0.171875
74a66f7906f6bff1,svhn,ssb-v2-block,mlp,protocol-v3,0.8,64,2,2,128,0.001428708026651293,0.006978999997954816,806567936,0.28125
74a66f7906f6bff1,svhn,ssb-v2-block,mlp,protocol-v3,0.8,64,2,2,129,0.00136674998793751,0.007082999974954873,806567936,0.265625
74a66f7906f6bff1,svhn,ssb-v2-block,mlp,protocol-v3,0.8,64,2,2,130,0.0014642500318586826,0.006988084001932293,806567936,0.2265625
74a66f7906f6bff1,svhn,ssb-v2-block,mlp,protocol-v3,0.8,64,2,2,131,0.0014615829568356276,0.006827208038885146,806567936,0.2578125
74a66f7906f6bff1,svhn,ssb-v2-block,mlp,protocol-v3,0.8,64,2,2,132,0.0014690420357510448,0.007227832975331694,806584320,0.2109375
74a66f7906f6bff1,svhn,ssb-v2-block,mlp,protocol-v3,0.8,64,2,2,133,0.0014013330219313502,0.006927584006916732,806584320,0.234375
74a66f7906f6bff1,svhn,ssb-v2-block,mlp,protocol-v3,0.8,64,2,2,134,0.0013930409913882613,0.006560583016835153,806584320,0.234375
74a66f7906f6bff1,svhn,ssb-v2-block,mlp,protocol-v3,0.8,64,2,2,135,0.0014628340140916407,0.007046665996313095,806584320,0.1171875
74a66f7906f6bff1,svhn,ssb-v2-block,mlp,protocol-v3,0.8,64,2,2,136,0.0013969999854452908,0.007049000007100403,806600704,0.2265625
74a66f7906f6bff1,svhn,ssb-v2-block,mlp,protocol-v3,0.8,64,2,2,137,0.0014596250257454813,0.007094124972354621,806600704,0.1875
74a66f7906f6bff1,svhn,ssb-v2-block,mlp,protocol-v3,0.8,64,2,2,138,0.0014007079880684614,0.007414583000354469,806600704,0.265625
74a66f7906f6bff1,svhn,ssb-v2-block,mlp,protocol-v3,0.8,64,2,2,139,0.0013993329484947026,0.00686758296797052,806600704,0.1328125
74a66f7906f6bff1,svhn,ssb-v2-block,mlp,protocol-v3,0.8,64,2,2,140,0.001397582993377,0.006928666029125452,806600704,0.1875
74a66f7906f6bff1,svhn,ssb-v2-block,mlp,protocol-v3,0.8,64,2,2,141,0.0013676660018973053,0.006604542024433613,806600704,0.2109375
74a66f7906f6bff1,svhn,ssb-v2-block,mlp,protocol-v3,0.8,64,2,2,142,0.001386208983603865,0.007309959037229419,806600704,0.1875
74a66f7906f6bff1,svhn,ssb-v2-block,mlp,protocol-v3,0.8,64,2,2,143,0.0014017909998074174,0.006854291015770286,806600704,0.140625
74a66f7906f6bff1,svhn,ssb-v2-block,mlp,protocol-v3,0.8,64,2,2,144,0.001384125032927841,0.006536584056448191,806600704,0.2421875
74a66f7906f6bff1,svhn,ssb-v2-block,mlp,protocol-v3,0.8,64,2,2,145,0.0014547919854521751,0.007158749969676137,806617088,0.1953125
74a66f7906f6bff1,svhn,ssb-v2-block,mlp,protocol-v3,0.8,64,2,2,146,0.0014541660202667117,0.007169291959144175,806617088,0.171875
74a66f7906f6bff1,svhn,ssb-v2-block,mlp,protocol-v3,0.8,64,2,2,147,0.001460166007746011,0.007038499985355884,806617088,0.2421875
74a66f7906f6bff1,svhn,ssb-v2-block,mlp,protocol-v3,0.8,64,2,2,148,0.001394999970216304,0.0069162079598754644,806633472,0.1640625
74a66f7906f6bff1,svhn,ssb-v2-block,mlp,protocol-v3,0.8,64,2,2,149,0.0014199170400388539,0.006946707959286869,806633472,0.15625
74a66f7906f6bff1,svhn,ssb-v2-block,mlp,protocol-v3,0.8,64,2,2,150,0.0014128329930827022,0.006942416017409414,806633472,0.1875
74a66f7906f6bff1,svhn,ssb-v2-block,mlp,protocol-v3,0.8,64,2,2,151,0.001406166993547231,0.0066039160010404885,806633472,0.203125
74a66f7906f6bff1,svhn,ssb-v2-block,mlp,protocol-v3,0.8,64,2,2,152,0.0014562919968739152,0.006958000012673438,806633472,0.1875
74a66f7906f6bff1,svhn,ssb-v2-block,mlp,protocol-v3,0.8,64,2,2,153,0.0014531250344589353,0.006683041981887072,806649856,0.171875
74a66f7906f6bff1,svhn,ssb-v2-block,mlp,protocol-v3,0.8,64,2,2,154,0.0013927919790148735,0.006924458022695035,806649856,0.1171875
74a66f7906f6bff1,svhn,ssb-v2-block,mlp,protocol-v3,0.8,64,2,2,155,0.0013669159961864352,0.007511749980039895,806649856,0.2421875
74a66f7906f6bff1,svhn,ssb-v2-block,mlp,protocol-v3,0.8,64,2,2,156,0.0013749999925494194,0.006291791971307248,806649856,0.2265625
74a66f7906f6bff1,svhn,ssb-v2-block,mlp,protocol-v3,0.8,64,2,2,157,0.0014714580029249191,0.006864708964712918,806649856,0.2421875
74a66f7906f6bff1,svhn,ssb-v2-block,mlp,protocol-v3,0.8,64,2,2,158,0.0014685830101370811,0.006575040984898806,806666240,0.21875
74a66f7906f6bff1,svhn,ssb-v2-block,mlp,protocol-v3,0.8,64,2,2,159,0.0014031670289114118,0.006664375017862767,806666240,0.2421875
74a66f7906f6bff1,svhn,ssb-v2-block,mlp,protocol-v3,0.8,64,2,2,160,0.001460083993151784,0.0067993749980814755,806666240,0.2265625
74a66f7906f6bff1,svhn,ssb-v2-block,mlp,protocol-v3,0.8,64,2,2,161,0.0014415420009754598,0.006804209027905017,806666240,0.21875
74a66f7906f6bff1,svhn,ssb-v2-block,mlp,protocol-v3,0.8,64,2,2,162,0.0014045410207472742,0.006910500000230968,806666240,0.1953125
74a66f7906f6bff1,svhn,ssb-v2-block,mlp,protocol-v3,0.8,64,2,2,163,0.0013902499922551215,0.007335999980568886,806666240,0.2578125
74a66f7906f6bff1,svhn,ssb-v2-block,mlp,protocol-v3,0.8,64,2,2,164,0.001400708977598697,0.006392541981767863,806666240,0.2890625
74a66f7906f6bff1,svhn,ssb-v2-block,mlp,protocol-v3,0.8,64,2,2,165,0.0014598339912481606,0.007430500001646578,806682624,0.3046875
74a66f7906f6bff1,svhn,ssb-v2-block,mlp,protocol-v3,0.8,64,2,2,166,0.001468874979764223,0.007000999990850687,806682624,0.25
74a66f7906f6bff1,svhn,ssb-v2-block,mlp,protocol-v3,0.8,64,2,2,167,0.0014023329713381827,0.006833333987742662,806682624,0.2109375
74a66f7906f6bff1,svhn,ssb-v2-block,mlp,protocol-v3,0.8,64,2,2,168,0.001409041986335069,0.006999834033194929,806682624,0.21875
74a66f7906f6bff1,svhn,ssb-v2-block,mlp,protocol-v3,0.8,64,2,2,169,0.0014118750113993883,0.005997458996716887,806682624,0.21875
74a66f7906f6bff1,svhn,ssb-v2-block,mlp,protocol-v3,0.8,64,2,2,170,0.001411625009495765,0.006564665993209928,806682624,0.25
74a66f7906f6bff1,svhn,ssb-v2-block,mlp,protocol-v3,0.8,64,2,2,171,0.0014711670228280127,0.006646249967161566,806682624,0.3203125
74a66f7906f6bff1,svhn,ssb-v2-block,mlp,protocol-v3,0.8,64,2,2,172,0.0013839580351486802,0.006992959009949118,806699008,0.3359375
74a66f7906f6bff1,svhn,ssb-v2-block,mlp,protocol-v3,0.8,64,2,2,173,0.0013730830396525562,0.0074136670446023345,806699008,0.203125
74a66f7906f6bff1,svhn,ssb-v2-block,mlp,protocol-v3,0.8,64,2,2,174,0.001386582967825234,0.006769458006601781,806715392,0.28125
74a66f7906f6bff1,svhn,ssb-v2-block,mlp,protocol-v3,0.8,64,2,2,175,0.001458417042158544,0.006936584017239511,806715392,0.1953125
74a66f7906f6bff1,svhn,ssb-v2-block,mlp,protocol-v3,0.8,64,2,2,176,0.0013959170319139957,0.0067027920158579946,806731776,0.28125
74a66f7906f6bff1,svhn,ssb-v2-block,mlp,protocol-v3,0.8,64,2,2,177,0.0013717080000787973,0.006968250032514334,806764544,0.2578125
74a66f7906f6bff1,svhn,ssb-v2-block,mlp,protocol-v3,0.8,64,2,2,178,0.001452124968636781,0.0071128749987110496,806764544,0.234375
74a66f7906f6bff1,svhn,ssb-v2-block,mlp,protocol-v3,0.8,64,2,2,179,0.0014472919865511358,0.006723584025166929,806764544,0.1875
74a66f7906f6bff1,svhn,ssb-v2-block,mlp,protocol-v3,0.8,64,2,2,180,0.0014646659838035703,0.006781040981877595,806764544,0.2265625
74a66f7906f6bff1,svhn,ssb-v2-block,mlp,protocol-v3,0.8,64,2,2,181,0.0014382920344360173,0.006810875027440488,806764544,0.1953125
74a66f7906f6bff1,svhn,ssb-v2-block,mlp,protocol-v3,0.8,64,2,2,182,0.0014563750009983778,0.007386207988020033,806764544,0.2421875
74a66f7906f6bff1,svhn,ssb-v2-block,mlp,protocol-v3,0.8,64,2,2,183,0.0014165000175125897,0.006488666986115277,806764544,0.2421875
74a66f7906f6bff1,svhn,ssb-v2-block,mlp,protocol-v3,0.8,64,2,2,184,0.0014535830123350024,0.006546374992467463,806764544,0.28125
74a66f7906f6bff1,svhn,ssb-v2-block,mlp,protocol-v3,0.8,64,2,2,185,0.0014355839812196791,0.007430792029481381,806764544,0.2421875
74a66f7906f6bff1,svhn,ssb-v2-block,mlp,protocol-v3,0.8,64,2,2,186,0.0014086669543758035,0.006882791989482939,806764544,0.28125
74a66f7906f6bff1,svhn,ssb-v2-block,mlp,protocol-v3,0.8,64,2,2,187,0.0014063749695196748,0.006952167022973299,806764544,0.25
74a66f7906f6bff1,svhn,ssb-v2-block,mlp,protocol-v3,0.8,64,2,2,188,0.0013859589817002416,0.006796207977458835,806764544,0.2265625
74a66f7906f6bff1,svhn,ssb-v2-block,mlp,protocol-v3,0.8,64,2,2,189,0.0014286249643191695,0.006944249966181815,806764544,0.25
74a66f7906f6bff1,svhn,ssb-v2-block,mlp,protocol-v3,0.8,64,2,2,190,0.0014739999896846712,0.007094792032148689,806764544,0.21875
74a66f7906f6bff1,svhn,ssb-v2-block,mlp,protocol-v3,0.8,64,2,2,191,0.0014621250447817147,0.007710333040449768,806764544,0.296875
74a66f7906f6bff1,svhn,ssb-v2-block,mlp,protocol-v3,0.8,64,2,2,192,0.0013992090243846178,0.006852750026155263,806764544,0.25
74a66f7906f6bff1,svhn,ssb-v2-block,mlp,protocol-v3,0.8,64,2,2,193,0.0014663750189356506,0.0069897499633952975,806764544,0.2890625
74a66f7906f6bff1,svhn,ssb-v2-block,mlp,protocol-v3,0.8,64,2,2,194,0.0014010000159032643,0.00661791703896597,806780928,0.1640625
74a66f7906f6bff1,svhn,ssb-v2-block,mlp,protocol-v3,0.8,64,2,2,195,0.0014100829721428454,0.006574957980774343,806780928,0.1953125
74a66f7906f6bff1,svhn,ssb-v2-block,mlp,protocol-v3,0.8,64,2,2,196,0.0014085419825278223,0.007235958997625858,806780928,0.2421875
74a66f7906f6bff1,svhn,ssb-v2-block,mlp,protocol-v3,0.8,64,2,2,197,0.0013985419645905495,0.0069597080000676215,806780928,0.28125
74a66f7906f6bff1,svhn,ssb-v2-block,mlp,protocol-v3,0.8,64,2,2,198,0.0014171249931678176,0.007195416954346001,806780928,0.1953125
74a66f7906f6bff1,svhn,ssb-v2-block,mlp,protocol-v3,0.8,64,2,2,199,0.0013725829776376486,0.0074639589875005186,806780928,0.265625
74a66f7906f6bff1,svhn,ssb-v2-block,mlp,protocol-v3,0.8,64,2,2,200,0.0014230000087991357,0.007140166009776294,806797312,0.265625
74a66f7906f6bff1,svhn,ssb-v2-block,mlp,protocol-v3,0.8,64,2,2,201,0.0013629170134663582,0.007034999958705157,806797312,0.3125
74a66f7906f6bff1,svhn,ssb-v2-block,mlp,protocol-v3,0.8,64,2,2,202,0.001430083008017391,0.006762375007383525,806797312,0.234375
74a66f7906f6bff1,svhn,ssb-v2-block,mlp,protocol-v3,0.8,64,2,2,203,0.0013861659681424499,0.006397082994226366,806797312,0.2109375
74a66f7906f6bff1,svhn,ssb-v2-block,mlp,protocol-v3,0.8,64,2,2,204,0.0014770830166526139,0.006549042009282857,806797312,0.2421875
74a66f7906f6bff1,svhn,ssb-v2-block,mlp,protocol-v3,0.8,64,2,2,205,0.0013861249899491668,0.006740082986652851,806797312,0.3125
74a66f7906f6bff1,svhn,ssb-v2-block,mlp,protocol-v3,0.8,64,2,2,206,0.0013767919735983014,0.0069021249655634165,806797312,0.2734375
74a66f7906f6bff1,svhn,ssb-v2-block,mlp,protocol-v3,0.8,64,2,2,207,0.0014672079705633223,0.006616249971557409,806797312,0.2421875
74a66f7906f6bff1,svhn,ssb-v2-block,mlp,protocol-v3,0.8,64,2,2,208,0.001399375032633543,0.0068858329905197024,806797312,0.171875
74a66f7906f6bff1,svhn,ssb-v2-block,mlp,protocol-v3,0.8,64,2,2,209,0.0013647089945152402,0.006863375019747764,806797312,0.3125
74a66f7906f6bff1,svhn,ssb-v2-block,mlp,protocol-v3,0.8,64,2,2,210,0.0014740829938091338,0.006968499976210296,806797312,0.2421875
74a66f7906f6bff1,svhn,ssb-v2-block,mlp,protocol-v3,0.8,64,2,2,211,0.001535832998342812,0.006965207983739674,806797312,0.2890625
74a66f7906f6bff1,svhn,ssb-v2-block,mlp,protocol-v3,0.8,64,2,2,212,0.001441667031031102,0.007423165952786803,806813696,0.2265625
74a66f7906f6bff1,svhn,ssb-v2-block,mlp,protocol-v3,0.8,64,2,2,213,0.001420083048287779,0.007096832967363298,806813696,0.28125
74a66f7906f6bff1,svhn,ssb-v2-block,mlp,protocol-v3,0.8,64,2,2,214,0.001410875003784895,0.0073995410348288715,806813696,0.234375
74a66f7906f6bff1,svhn,ssb-v2-block,mlp,protocol-v3,0.8,64,2,2,215,0.0014654159895144403,0.007027999963611364,806813696,0.28125
74a66f7906f6bff1,svhn,ssb-v2-block,mlp,protocol-v3,0.8,64,2,2,216,0.0014647080097347498,0.006607833027373999,806813696,0.1953125
74a66f7906f6bff1,svhn,ssb-v2-block,mlp,protocol-v3,0.8,64,2,2,217,0.001404083042871207,0.006550999998580664,806830080,0.265625
74a66f7906f6bff1,svhn,ssb-v2-block,mlp,protocol-v3,0.8,64,2,2,218,0.001499250007327646,0.007041500008199364,806830080,0.265625
74a66f7906f6bff1,svhn,ssb-v2-block,mlp,protocol-v3,0.8,64,2,2,219,0.001461624982766807,0.007338292023632675,806846464,0.3046875
74a66f7906f6bff1,svhn,ssb-v2-block,mlp,protocol-v3,0.8,64,2,2,220,0.0014055409701541066,0.006960875005461276,806846464,0.25
74a66f7906f6bff1,svhn,ssb-v2-block,mlp,protocol-v3,0.8,64,2,2,221,0.001414791971910745,0.007391249993816018,806846464,0.203125
74a66f7906f6bff1,svhn,ssb-v2-block,mlp,protocol-v3,0.8,64,2,2,222,0.0014706249930895865,0.006789584003854543,806846464,0.2890625
74a66f7906f6bff1,svhn,ssb-v2-block,mlp,protocol-v3,0.8,64,2,2,223,0.0013829999952577055,0.006674833013676107,806846464,0.2578125
74a66f7906f6bff1,svhn,ssb-v2-block,mlp,protocol-v3,0.8,64,2,2,224,0.0014183330349624157,0.007581667043268681,806846464,0.3046875
74a66f7906f6bff1,svhn,ssb-v2-block,mlp,protocol-v3,0.8,64,2,2,225,0.0014084589784033597,0.007285917003173381,806846464,0.328125
74a66f7906f6bff1,svhn,ssb-v2-block,mlp,protocol-v3,0.8,64,2,2,226,0.0014051670441403985,0.0076670420239679515,806862848,0.21875
74a66f7906f6bff1,svhn,ssb-v2-block,mlp,protocol-v3,0.8,64,2,2,227,0.0014020420494489372,0.006597125029657036,806862848,0.265625
74a66f7906f6bff1,svhn,ssb-v2-block,mlp,protocol-v3,0.8,64,2,2,228,0.0014665829949080944,0.006527208024635911,806862848,0.234375
74a66f7906f6bff1,svhn,ssb-v2-block,mlp,protocol-v3,0.8,64,2,2,229,0.0015421249554492533,0.006927542039193213,806879232,0.2109375
74a66f7906f6bff1,svhn,ssb-v2-block,mlp,protocol-v3,0.8,64,2,2,230,0.001466332993004471,0.007139666995499283,806879232,0.2890625
74a66f7906f6bff1,svhn,ssb-v2-block,mlp,protocol-v3,0.8,64,2,2,231,0.0014131669886410236,0.006928833026904613,806895616,0.2421875
74a66f7906f6bff1,svhn,ssb-v2-block,mlp,protocol-v3,0.8,64,2,2,232,0.0013560000224970281,0.007079374976456165,806895616,0.234375
74a66f7906f6bff1,svhn,ssb-v2-block,mlp,protocol-v3,0.8,64,2,2,233,0.0013797919964417815,0.0068414160050451756,806895616,0.2421875
74a66f7906f6bff1,svhn,ssb-v2-block,mlp,protocol-v3,0.8,64,2,2,234,0.0014704579953104258,0.007271749956998974,806895616,0.21875
74a66f7906f6bff1,svhn,ssb-v2-block,mlp,protocol-v3,0.8,64,2,2,235,0.001485082961153239,0.0068605419946834445,806895616,0.2578125
74a66f7906f6bff1,svhn,ssb-v2-block,mlp,protocol-v3,0.8,64,2,2,236,0.0014137090183794498,0.006662542000412941,806895616,0.171875
74a66f7906f6bff1,svhn,ssb-v2-block,mlp,protocol-v3,0.8,64,2,2,237,0.0014685830101370811,0.006921457999851555,806895616,0.203125
74a66f7906f6bff1,svhn,ssb-v2-block,mlp,protocol-v3,0.8,64,2,2,238,0.001402583031449467,0.007051415974274278,806895616,0.296875
74a66f7906f6bff1,svhn,ssb-v2-block,mlp,protocol-v3,0.8,64,2,2,239,0.001416624989360571,0.007001416990533471,806895616,0.1953125
74a66f7906f6bff1,svhn,ssb-v2-block,mlp,protocol-v3,0.8,64,2,2,240,0.0013958329800516367,0.0072649160283617675,806895616,0.296875
74a66f7906f6bff1,svhn,ssb-v2-block,mlp,protocol-v3,0.8,64,2,2,241,0.0013733329833485186,0.006573416001629084,806895616,0.3125
74a66f7906f6bff1,svhn,ssb-v2-block,mlp,protocol-v3,0.8,64,2,2,242,0.0014765419764444232,0.0073364999843761325,806895616,0.2578125
74a66f7906f6bff1,svhn,ssb-v2-block,mlp,protocol-v3,0.8,64,2,2,243,0.0014694170095026493,0.007414540974423289,806895616,0.28125
74a66f7906f6bff1,svhn,ssb-v2-block,mlp,protocol-v3,0.8,64,2,2,244,0.0014070419711060822,0.006911999953445047,806895616,0.2734375
74a66f7906f6bff1,svhn,ssb-v2-block,mlp,protocol-v3,0.8,64,2,2,245,0.0013982499949634075,0.007463458983693272,806895616,0.296875
74a66f7906f6bff1,svhn,ssb-v2-block,mlp,protocol-v3,0.8,64,2,2,246,0.0014749589608982205,0.006799167022109032,806895616,0.28125
74a66f7906f6bff1,svhn,ssb-v2-block,mlp,protocol-v3,0.8,64,2,2,247,0.001545208040624857,0.006263749965000898,806895616,0.2734375
74a66f7906f6bff1,svhn,ssb-v2-block,mlp,protocol-v3,0.8,64,2,2,248,0.0013964169775135815,0.007057791983243078,806895616,0.1953125
74a66f7906f6bff1,svhn,ssb-v2-block,mlp,protocol-v3,0.8,64,2,2,249,0.0014642500318586826,0.007196709048002958,806895616,0.2578125
74a66f7906f6bff1,svhn,ssb-v2-block,mlp,protocol-v3,0.8,64,2,2,250,0.0014744169893674552,0.006898750027175993,806895616,0.25
74a66f7906f6bff1,svhn,ssb-v2-block,mlp,protocol-v3,0.8,64,2,2,251,0.001463000022340566,0.007093874970450997,806895616,0.2578125
74a66f7906f6bff1,svhn,ssb-v2-block,mlp,protocol-v3,0.8,64,2,2,252,0.0014613330131396651,0.00747137499274686,806912000,0.2734375
74a66f7906f6bff1,svhn,ssb-v2-block,mlp,protocol-v3,0.8,64,2,2,253,0.0014686670037917793,0.006834624975454062,806912000,0.296875
74a66f7906f6bff1,svhn,ssb-v2-block,mlp,protocol-v3,0.8,64,2,2,254,0.001469207985792309,0.00678629195317626,806928384,0.203125
74a66f7906f6bff1,svhn,ssb-v2-block,mlp,protocol-v3,0.8,64,2,2,255,0.0014057919615879655,0.006992540962528437,806928384,0.234375
74a66f7906f6bff1,svhn,ssb-v2-block,mlp,protocol-v3,0.8,64,2,2,256,0.0013909589615650475,0.00672499998472631,806944768,0.1640625
74a66f7906f6bff1,svhn,ssb-v2-block,mlp,protocol-v3,0.8,64,2,2,257,0.0014665829949080944,0.006274082988966256,806944768,0.2265625
74a66f7906f6bff1,svhn,ssb-v2-block,mlp,protocol-v3,0.8,64,2,2,258,0.001413790974766016,0.006998041004408151,806944768,0.3125
74a66f7906f6bff1,svhn,ssb-v2-block,mlp,protocol-v3,0.8,64,2,2,259,0.0013906670501455665,0.007172833022195846,806961152,0.2734375
74a66f7906f6bff1,svhn,ssb-v2-block,mlp,protocol-v3,0.8,64,2,2,260,0.0014005000120960176,0.007132083992473781,806961152,0.3125
74a66f7906f6bff1,svhn,ssb-v2-block,mlp,protocol-v3,0.8,64,2,2,261,0.0014682919718325138,0.007113208994269371,806961152,0.2109375
74a66f7906f6bff1,svhn,ssb-v2-block,mlp,protocol-v3,0.8,64,2,2,262,0.0014613340026699007,0.007268292014487088,806961152,0.3203125
74a66f7906f6bff1,svhn,ssb-v2-block,mlp,protocol-v3,0.8,64,2,2,263,0.0014618330169469118,0.006485708989202976,806961152,0.203125
74a66f7906f6bff1,svhn,ssb-v2-block,mlp,protocol-v3,0.8,64,2,2,264,0.0014071660116314888,0.006960250029806048,806961152,0.2734375
74a66f7906f6bff1,svhn,ssb-v2-block,mlp,protocol-v3,0.8,64,2,2,265,0.0013869579997844994,0.007225375040434301,806961152,0.203125
74a66f7906f6bff1,svhn,ssb-v2-block,mlp,protocol-v3,0.8,64,2,2,266,0.0014491669717244804,0.006936541001778096,806961152,0.25
74a66f7906f6bff1,svhn,ssb-v2-block,mlp,protocol-v3,0.8,64,2,2,267,0.0014644580078311265,0.007197666971478611,806977536,0.2734375
74a66f7906f6bff1,svhn,ssb-v2-block,mlp,protocol-v3,0.8,64,2,2,268,0.001456499972846359,0.0071226670406758785,806977536,0.3046875
74a66f7906f6bff1,svhn,ssb-v2-block,mlp,protocol-v3,0.8,64,2,2,269,0.0014482500264421105,0.007627708953805268,806977536,0.28125
74a66f7906f6bff1,svhn,ssb-v2-block,mlp,protocol-v3,0.8,64,2,2,270,0.0014685830101370811,0.007284875027835369,806977536,0.234375
74a66f7906f6bff1,svhn,ssb-v2-block,mlp,protocol-v3,0.8,64,2,2,271,0.0013832079712301493,0.00745249999454245,806993920,0.2734375
74a66f7906f6bff1,svhn,ssb-v2-block,mlp,protocol-v3,0.8,64,2,2,272,0.001501666964031756,0.006954791955649853,806993920,0.2890625
74a66f7906f6bff1,svhn,ssb-v2-block,mlp,protocol-v3,0.8,64,2,2,273,0.0013981250231154263,0.006924916000571102,806993920,0.2109375
74a66f7906f6bff1,svhn,ssb-v2-block,mlp,protocol-v3,0.8,64,2,2,274,0.0014555830275639892,0.007008332991972566,807010304,0.2421875
74a66f7906f6bff1,svhn,ssb-v2-block,mlp,protocol-v3,0.8,64,2,2,275,0.0014534170040860772,0.006968625006265938,807010304,0.3046875
74a66f7906f6bff1,svhn,ssb-v2-block,mlp,protocol-v3,0.8,64,2,2,276,0.0013817499857395887,0.00675154197961092,807010304,0.2890625
74a66f7906f6bff1,svhn,ssb-v2-block,mlp,protocol-v3,0.8,64,2,2,277,0.0013789579970762134,0.00672574999043718,807010304,0.28125
74a66f7906f6bff1,svhn,ssb-v2-block,mlp,protocol-v3,0.8,64,2,2,278,0.001459833001717925,0.007271667011082172,807010304,0.2578125
74a66f7906f6bff1,svhn,ssb-v2-block,mlp,protocol-v3,0.8,64,2,2,279,0.0014312080456875265,0.006785541016142815,807010304,0.2734375
74a66f7906f6bff1,svhn,ssb-v2-block,mlp,protocol-v3,0.8,64,2,2,280,0.0013777079875580966,0.006363000022247434,807026688,0.296875
74a66f7906f6bff1,svhn,ssb-v2-block,mlp,protocol-v3,0.8,64,2,2,281,0.001445625035557896,0.007134083018172532,807043072,0.234375
74a66f7906f6bff1,svhn,ssb-v2-block,mlp,protocol-v3,0.8,64,2,2,282,0.0013973329914733768,0.006822750030551106,807043072,0.1875
74a66f7906f6bff1,svhn,ssb-v2-block,mlp,protocol-v3,0.8,64,2,2,283,0.0014338329783640802,0.006754709000233561,807059456,0.2578125
74a66f7906f6bff1,svhn,ssb-v2-block,mlp,protocol-v3,0.8,64,2,2,284,0.0014457079814746976,0.00707287504337728,807059456,0.2109375
74a66f7906f6bff1,svhn,ssb-v2-block,mlp,protocol-v3,0.8,64,2,2,285,0.0014070830075070262,0.006631958996877074,807059456,0.203125
74a66f7906f6bff1,svhn,ssb-v2-block,mlp,protocol-v3,0.8,64,2,2,286,0.0013640000252053142,0.006160792021546513,807059456,0.28125
74a66f7906f6bff1,svhn,ssb-v2-block,mlp,protocol-v3,0.8,64,2,2,287,0.001407333998940885,0.0071378329885192215,807059456,0.203125
74a66f7906f6bff1,svhn,ssb-v2-block,mlp,protocol-v3,0.8,64,2,2,288,0.001405125018209219,0.007495792000554502,807059456,0.296875
74a66f7906f6bff1,svhn,ssb-v2-block,mlp,protocol-v3,0.8,64,2,2,289,0.0014639169676229358,0.007139334047678858,807059456,0.28125
74a66f7906f6bff1,svhn,ssb-v2-block,mlp,protocol-v3,0.8,64,2,2,290,0.0014187499764375389,0.006694249983411282,807059456,0.265625
74a66f7906f6bff1,svhn,ssb-v2-block,mlp,protocol-v3,0.8,64,2,2,291,0.0013755839900113642,0.007439665962010622,807059456,0.1875
74a66f7906f6bff1,svhn,ssb-v2-block,mlp,protocol-v3,0.8,64,2,2,292,0.0013785420451313257,0.006794749991968274,807059456,0.15625
74a66f7906f6bff1,svhn,ssb-v2-block,mlp,protocol-v3,0.8,64,2,2,293,0.0013991249725222588,0.0065865410142578185,807059456,0.2265625
74a66f7906f6bff1,svhn,ssb-v2-block,mlp,protocol-v3,0.8,64,2,2,294,0.0014182499726302922,0.0072654999676160514,807075840,0.1953125
74a66f7906f6bff1,svhn,ssb-v2-block,mlp,protocol-v3,0.8,64,2,2,295,0.0014350830460898578,0.006740540964528918,807092224,0.21875
74a66f7906f6bff1,svhn,ssb-v2-block,mlp,protocol-v3,0.8,64,2,2,296,0.0014037499786354601,0.007147541968151927,807092224,0.2109375
74a66f7906f6bff1,svhn,ssb-v2-block,mlp,protocol-v3,0.8,64,2,2,297,0.0014140409766696393,0.00685025000711903,807092224,0.2421875
74a66f7906f6bff1,svhn,ssb-v2-block,mlp,protocol-v3,0.8,64,2,2,298,0.0014087919844314456,0.0072666670312173665,807092224,0.3671875
74a66f7906f6bff1,svhn,ssb-v2-block,mlp,protocol-v3,0.8,64,2,2,299,0.0014607089688070118,0.006909417046699673,807092224,0.1640625
74a66f7906f6bff1,svhn,ssb-v2-block,mlp,protocol-v3,0.8,64,2,2,300,0.0014677500003017485,0.006791624997276813,807092224,0.1875
74a66f7906f6bff1,svhn,ssb-v2-block,mlp,protocol-v3,0.8,64,2,2,301,0.0014625000185333192,0.007122542010620236,807092224,0.25
74a66f7906f6bff1,svhn,ssb-v2-block,mlp,protocol-v3,0.8,64,2,2,302,0.001390957972034812,0.007055208028759807,807092224,0.3125
74a66f7906f6bff1,svhn,ssb-v2-block,mlp,protocol-v3,0.8,64,2,2,303,0.0013975409674458206,0.007053292007185519,807092224,0.2734375
74a66f7906f6bff1,svhn,ssb-v2-block,mlp,protocol-v3,0.8,64,2,2,304,0.0014037080109119415,0.0071472079725936055,807092224,0.1796875
74a66f7906f6bff1,svhn,ssb-v2-block,mlp,protocol-v3,0.8,64,2,2,305,0.0014057079679332674,0.006513375032227486,807108608,0.25
74a66f7906f6bff1,svhn,ssb-v2-block,mlp,protocol-v3,0.8,64,2,2,306,0.0013849590322934091,0.006730958994012326,807108608,0.2109375
74a66f7906f6bff1,svhn,ssb-v2-block,mlp,protocol-v3,0.8,64,2,2,307,0.0013844590284861624,0.006898874999023974,807108608,0.21875
74a66f7906f6bff1,svhn,ssb-v2-block,mlp,protocol-v3,0.8,64,2,2,308,0.0014114999794401228,0.006361624982673675,807108608,0.21875
74a66f7906f6bff1,svhn,ssb-v2-block,mlp,protocol-v3,0.8,64,2,2,309,0.0013839169987477362,0.007090458006132394,807108608,0.2890625
74a66f7906f6bff1,svhn,ssb-v2-block,mlp,protocol-v3,0.8,64,2,2,310,0.0014100410044193268,0.007198041013907641,807108608,0.234375
74a66f7906f6bff1,svhn,ssb-v2-block,mlp,protocol-v3,0.8,64,2,2,311,0.0015323749976232648,0.0073379999957978725,807108608,0.2578125
74a66f7906f6bff1,svhn,ssb-v2-block,mlp,protocol-v3,0.8,64,2,2,312,0.001383082999382168,0.006348458991851658,807108608,0.2109375
74a66f7906f6bff1,svhn,ssb-v2-block,mlp,protocol-v3,0.8,64,2,2,313,0.0014022919931448996,0.006804457982070744,807108608,0.2421875
74a66f7906f6bff1,svhn,ssb-v2-block,mlp,protocol-v3,0.8,64,2,2,314,0.0013913330039940774,0.00728558300761506,807108608,0.2265625
74a66f7906f6bff1,svhn,ssb-v2-block,mlp,protocol-v3,0.8,64,2,2,315,0.001417791994754225,0.006324874993879348,807108608,0.2578125
74a66f7906f6bff1,svhn,ssb-v2-block,mlp,protocol-v3,0.8,64,2,2,316,0.001383041962981224,0.007152999984100461,807108608,0.2578125
74a66f7906f6bff1,svhn,ssb-v2-block,mlp,protocol-v3,0.8,64,2,2,317,0.0013977499911561608,0.006869249977171421,807108608,0.2421875
74a66f7906f6bff1,svhn,ssb-v2-block,mlp,protocol-v3,0.8,64,2,2,318,0.0013902080245316029,0.006721707992255688,807124992,0.265625
74a66f7906f6bff1,svhn,ssb-v2-block,mlp,protocol-v3,0.8,64,2,2,319,0.0013907499960623682,0.007507874979637563,807124992,0.1875
74a66f7906f6bff1,svhn,ssb-v2-block,mlp,protocol-v3,0.8,64,2,2,320,0.0013746669865213335,0.006677500030491501,807124992,0.2265625
74a66f7906f6bff1,svhn,ssb-v2-block,mlp,protocol-v3,0.8,64,2,2,321,0.001408417010679841,0.006389208021573722,807124992,0.1875
74a66f7906f6bff1,svhn,ssb-v2-block,mlp,protocol-v3,0.8,64,2,2,322,0.0013838750310242176,0.006957457982935011,807124992,0.203125
74a66f7906f6bff1,svhn,ssb-v2-block,mlp,protocol-v3,0.8,64,2,2,323,0.001374458021018654,0.006493333028629422,807141376,0.2265625
74a66f7906f6bff1,svhn,ssb-v2-block,mlp,protocol-v3,0.8,64,2,2,324,0.00144379201810807,0.0064449579804204404,807141376,0.2734375
74a66f7906f6bff1,svhn,ssb-v2-block,mlp,protocol-v3,0.8,64,2,2,325,0.001411332981660962,0.006931792013347149,807141376,0.1796875
74a66f7906f6bff1,svhn,ssb-v2-block,mlp,protocol-v3,0.8,64,2,2,326,0.0013662910205312073,0.007170625030994415,807141376,0.2421875
74a66f7906f6bff1,svhn,ssb-v2-block,mlp,protocol-v3,0.8,64,2,2,327,0.0014350420096889138,0.006575917010195553,807141376,0.2421875
74a66f7906f6bff1,svhn,ssb-v2-block,mlp,protocol-v3,0.8,64,2,2,328,0.0013875839649699628,0.006357167032547295,807141376,0.2265625
74a66f7906f6bff1,svhn,ssb-v2-block,mlp,protocol-v3,0.8,64,2,2,329,0.0014657090068794787,0.006452749948948622,807141376,0.2578125
74a66f7906f6bff1,svhn,ssb-v2-block,mlp,protocol-v3,0.8,64,2,2,330,0.0014685000060126185,0.007285667001269758,807141376,0.234375
74a66f7906f6bff1,svhn,ssb-v2-block,mlp,protocol-v3,0.8,64,2,2,331,0.0014590409700758755,0.006957540987059474,807157760,0.2734375
74a66f7906f6bff1,svhn,ssb-v2-block,mlp,protocol-v3,0.8,64,2,2,332,0.001470999966841191,0.006432958005461842,807157760,0.3359375
74a66f7906f6bff1,svhn,ssb-v2-block,mlp,protocol-v3,0.8,64,2,2,333,0.0013521250220946968,0.007213541015516967,807157760,0.2265625
74a66f7906f6bff1,svhn,ssb-v2-block,mlp,protocol-v3,0.8,64,2,2,334,0.001460541971027851,0.007058249961119145,807157760,0.234375
74a66f7906f6bff1,svhn,ssb-v2-block,mlp,protocol-v3,0.8,64,2,2,335,0.0014459170051850379,0.006931749987415969,807174144,0.2734375
74a66f7906f6bff1,svhn,ssb-v2-block,mlp,protocol-v3,0.8,64,2,2,336,0.0014553749933838844,0.0066393750021234155,807174144,0.2265625
74a66f7906f6bff1,svhn,ssb-v2-block,mlp,protocol-v3,0.8,64,2,2,337,0.0014129590126685798,0.00701400003163144,807206912,0.2421875
74a66f7906f6bff1,svhn,ssb-v2-block,mlp,protocol-v3,0.8,64,2,2,338,0.0013716249959543347,0.006675250013358891,807206912,0.2421875
74a66f7906f6bff1,svhn,ssb-v2-block,mlp,protocol-v3,0.8,64,2,2,339,0.0014710830291733146,0.006678584031760693,807206912,0.296875
74a66f7906f6bff1,svhn,ssb-v2-block,mlp,protocol-v3,0.8,64,2,2,340,0.0014562500291503966,0.006726916995830834,807206912,0.2578125
74a66f7906f6bff1,svhn,ssb-v2-block,mlp,protocol-v3,0.8,64,2,2,341,0.0013980409712530673,0.007104958000127226,807223296,0.28125
74a66f7906f6bff1,svhn,ssb-v2-block,mlp,protocol-v3,0.8,64,2,2,342,0.0014147920301184058,0.007058999966830015,807223296,0.2421875
74a66f7906f6bff1,svhn,ssb-v2-block,mlp,protocol-v3,0.8,64,2,2,343,0.0013822080218233168,0.007019167009275407,807223296,0.296875
74a66f7906f6bff1,svhn,ssb-v2-block,mlp,protocol-v3,0.8,64,2,2,344,0.0013872499694116414,0.006688416993711144,807223296,0.3359375
74a66f7906f6bff1,svhn,ssb-v2-block,mlp,protocol-v3,0.8,64,2,2,345,0.0014336250023916364,0.00681625003926456,807223296,0.2734375
74a66f7906f6bff1,svhn,ssb-v2-block,mlp,protocol-v3,0.8,64,2,2,346,0.0014009160222485662,0.006745417020283639,807223296,0.2890625
74a66f7906f6bff1,svhn,ssb-v2-block,mlp,protocol-v3,0.8,64,2,2,347,0.00144920899765566,0.006802708958275616,807223296,0.1484375
74a66f7906f6bff1,svhn,ssb-v2-block,mlp,protocol-v3,0.8,64,2,2,348,0.0014683750341646373,0.006652625044807792,807223296,0.203125
74a66f7906f6bff1,svhn,ssb-v2-block,mlp,protocol-v3,0.8,64,2,2,349,0.0014176659751683474,0.007010625035036355,807223296,0.21875
74a66f7906f6bff1,svhn,ssb-v2-block,mlp,protocol-v3,0.8,64,2,2,350,0.0014565830351784825,0.006718041026033461,807223296,0.203125
74a66f7906f6bff1,svhn,ssb-v2-block,mlp,protocol-v3,0.8,64,2,2,351,0.0013890420086681843,0.00709341699257493,807223296,0.2421875
74a66f7906f6bff1,svhn,ssb-v2-block,mlp,protocol-v3,0.8,64,2,2,352,0.0013733750092796981,0.00709100003587082,807223296,0.3046875
74a66f7906f6bff1,svhn,ssb-v2-block,mlp,protocol-v3,0.8,64,2,2,353,0.0014560419949702919,0.007142291986383498,807239680,0.265625
74a66f7906f6bff1,svhn,ssb-v2-block,mlp,protocol-v3,0.8,64,2,2,354,0.0013940419885329902,0.00672574999043718,807239680,0.296875
74a66f7906f6bff1,svhn,ssb-v2-block,mlp,protocol-v3,0.8,64,2,2,355,0.0014035000349394977,0.0066499169915914536,807239680,0.234375
74a66f7906f6bff1,svhn,ssb-v2-block,mlp,protocol-v3,0.8,64,2,2,356,0.0013912499998696148,0.006816916982643306,807256064,0.2265625
74a66f7906f6bff1,svhn,ssb-v2-block,mlp,protocol-v3,0.8,64,2,2,357,0.0013873340212740004,0.007076332985889167,807256064,0.21875
74a66f7906f6bff1,svhn,ssb-v2-block,mlp,protocol-v3,0.8,64,2,2,358,0.0014573750086128712,0.006832124956417829,807256064,0.2421875
74a66f7906f6bff1,svhn,ssb-v2-block,mlp,protocol-v3,0.8,64,2,2,359,0.0014637919957749546,0.0068873330019414425,807256064,0.28125
74a66f7906f6bff1,svhn,ssb-v2-block,mlp,protocol-v3,0.8,64,2,2,360,0.0014582080184482038,0.006683541985694319,807256064,0.3125
74a66f7906f6bff1,svhn,ssb-v2-block,mlp,protocol-v3,0.8,64,2,2,361,0.0013631670153699815,0.006867750023957342,807256064,0.2890625
74a66f7906f6bff1,svhn,ssb-v2-block,mlp,protocol-v3,0.8,64,2,2,362,0.0013802920002490282,0.0069238750147633255,807256064,0.265625
74a66f7906f6bff1,svhn,ssb-v2-block,mlp,protocol-v3,0.8,64,2,2,363,0.0014555000234395266,0.006850667006801814,807256064,0.21875
74a66f7906f6bff1,svhn,ssb-v2-block,mlp,protocol-v3,0.8,64,2,2,364,0.001381541951559484,0.00688204204197973,807256064,0.25
74a66f7906f6bff1,svhn,ssb-v2-block,mlp,protocol-v3,0.8,64,2,2,365,0.0014066669973544776,0.006421792029868811,807256064,0.3359375
74a66f7906f6bff1,svhn,ssb-v2-block,mlp,protocol-v3,0.8,64,2,2,366,0.001448625000193715,0.006543207971844822,807256064,0.2578125
74a66f7906f6bff1,svhn,ssb-v2-block,mlp,protocol-v3,0.8,64,2,2,367,0.0014197499840520322,0.006821207993198186,807256064,0.296875
74a66f7906f6bff1,svhn,ssb-v2-block,mlp,protocol-v3,0.8,64,2,2,368,0.001381915993988514,0.006845666968729347,807256064,0.25
74a66f7906f6bff1,svhn,ssb-v2-block,mlp,protocol-v3,0.8,64,2,2,369,0.001370707992464304,0.006589583994355053,807272448,0.2578125
74a66f7906f6bff1,svhn,ssb-v2-block,mlp,protocol-v3,0.8,64,2,2,370,0.0013649999746121466,0.006511082989163697,807272448,0.1875
74a66f7906f6bff1,svhn,ssb-v2-block,mlp,protocol-v3,0.8,64,2,2,371,0.0013725419994443655,0.0071295410161837935,807272448,0.328125
74a66f7906f6bff1,svhn,ssb-v2-block,mlp,protocol-v3,0.8,64,2,2,372,0.0014607500052079558,0.006690332957077771,807272448,0.234375
74a66f7906f6bff1,svhn,ssb-v2-block,mlp,protocol-v3,0.8,64,2,2,373,0.0014643330359831452,0.00710762501694262,807288832,0.2734375
74a66f7906f6bff1,svhn,ssb-v2-block,mlp,protocol-v3,0.8,64,2,2,374,0.0014169589849188924,0.0065293749794363976,807305216,0.3046875
74a66f7906f6bff1,svhn,ssb-v2-block,mlp,protocol-v3,0.8,64,2,2,375,0.0013912910362705588,0.007127167016733438,807305216,0.25
74a66f7906f6bff1,svhn,ssb-v2-block,mlp,protocol-v3,0.8,64,2,2,376,0.0014489999739453197,0.007938834023661911,807305216,0.2578125
74a66f7906f6bff1,svhn,ssb-v2-block,mlp,protocol-v3,0.8,64,2,2,377,0.0013832499971613288,0.007029249973129481,807305216,0.3203125
74a66f7906f6bff1,svhn,ssb-v2-block,mlp,protocol-v3,0.8,64,2,2,378,0.001572333974763751,0.007449791010003537,807305216,0.28125
74a66f7906f6bff1,svhn,ssb-v2-block,mlp,protocol-v3,0.8,64,2,2,379,0.0013459170004352927,0.006797750014811754,807305216,0.2421875
74a66f7906f6bff1,svhn,ssb-v2-block,mlp,protocol-v3,0.8,64,2,2,380,0.00146958400728181,0.007314625021535903,807305216,0.234375
74a66f7906f6bff1,svhn,ssb-v2-block,mlp,protocol-v3,0.8,64,2,2,381,0.0013846670044586062,0.0068073750007897615,807321600,0.28125
74a66f7906f6bff1,svhn,ssb-v2-block,mlp,protocol-v3,0.8,64,2,2,382,0.0013912499998696148,0.006868458003737032,807321600,0.15625
74a66f7906f6bff1,svhn,ssb-v2-block,mlp,protocol-v3,0.8,64,2,2,383,0.0013767079799436033,0.0069810409913770854,807321600,0.28125
74a66f7906f6bff1,svhn,ssb-v2-block,mlp,protocol-v3,0.8,64,2,2,384,0.001400000008288771,0.0071323750307783484,807321600,0.25
74a66f7906f6bff1,svhn,ssb-v2-block,mlp,protocol-v3,0.8,64,2,2,385,0.001449667033739388,0.006152166984975338,807337984,0.2734375
74a66f7906f6bff1,svhn,ssb-v2-block,mlp,protocol-v3,0.8,64,2,2,386,0.0014132920186966658,0.006522375042550266,807337984,0.2734375
74a66f7906f6bff1,svhn,ssb-v2-block,mlp,protocol-v3,0.8,64,2,2,387,0.0014470830210484564,0.006555959000252187,807337984,0.2421875
74a66f7906f6bff1,svhn,ssb-v2-block,mlp,protocol-v3,0.8,64,2,2,388,0.0014408329734578729,0.006520875031128526,807354368,0.2109375
74a66f7906f6bff1,svhn,ssb-v2-block,mlp,protocol-v3,0.8,64,2,2,389,0.0013723750016652048,0.006728874985128641,807354368,0.25
74a66f7906f6bff1,svhn,ssb-v2-block,mlp,protocol-v3,0.8,64,2,2,390,0.0013764589675702155,0.0069658749853260815,807354368,0.328125
74a66f7906f6bff1,svhn,ssb-v2-block,mlp,protocol-v3,0.8,64,2,2,391,0.0014885829878039658,0.0067949999938718975,807354368,0.234375
74a66f7906f6bff1,svhn,ssb-v2-block,mlp,protocol-v3,0.8,64,2,2,392,0.0014712499687448144,0.007041792036034167,807354368,0.2421875
74a66f7906f6bff1,svhn,ssb-v2-block,mlp,protocol-v3,0.8,64,2,2,393,0.001393584010656923,0.007088415964972228,807354368,0.2578125
74a66f7906f6bff1,svhn,ssb-v2-block,mlp,protocol-v3,0.8,64,2,2,394,0.0013560829684138298,0.006704750005155802,807354368,0.25
74a66f7906f6bff1,svhn,ssb-v2-block,mlp,protocol-v3,0.8,64,2,2,395,0.0014547500177286565,0.0073003340512514114,807354368,0.4375
74a66f7906f6bff1,svhn,ssb-v2-block,mlp,protocol-v3,0.8,64,2,2,396,0.001403625006787479,0.007245582994073629,807354368,0.2421875
74a66f7906f6bff1,svhn,ssb-v2-block,mlp,protocol-v3,0.8,64,2,2,397,0.0014664159971289337,0.007690541970077902,807354368,0.296875
74a66f7906f6bff1,svhn,ssb-v2-block,mlp,protocol-v3,0.8,64,2,2,398,0.0014205420156940818,0.006654915981926024,807354368,0.3515625
74a66f7906f6bff1,svhn,ssb-v2-block,mlp,protocol-v3,0.8,64,2,2,399,0.00146808399586007,0.006384708045516163,807354368,0.25
74a66f7906f6bff1,svhn,ssb-v2-block,mlp,protocol-v3,0.8,64,2,2,400,0.0014026249991729856,0.007163957983721048,807354368,0.2890625
74a66f7906f6bff1,svhn,ssb-v2-block,mlp,protocol-v3,0.8,64,2,2,401,0.0014051669859327376,0.006876208004541695,807354368,0.3125
74a66f7906f6bff1,svhn,ssb-v2-block,mlp,protocol-v3,0.8,64,2,2,402,0.0014409589930437505,0.006926291040144861,807370752,0.234375
74a66f7906f6bff1,svhn,ssb-v2-block,mlp,protocol-v3,0.8,64,2,2,403,0.0014552499633282423,0.007418416964355856,807370752,0.3125
74a66f7906f6bff1,svhn,ssb-v2-block,mlp,protocol-v3,0.8,64,2,2,404,0.0015170830301940441,0.006270374986343086,807370752,0.265625
74a66f7906f6bff1,svhn,ssb-v2-block,mlp,protocol-v3,0.8,64,2,2,405,0.0014493750059045851,0.006411958020180464,807370752,0.2734375
74a66f7906f6bff1,svhn,ssb-v2-block,mlp,protocol-v3,0.8,64,2,2,406,0.0014194159884937108,0.006618166982661933,807370752,0.2578125
74a66f7906f6bff1,svhn,ssb-v2-block,mlp,protocol-v3,0.8,64,2,2,407,0.001466624962631613,0.006662750034593046,807370752,0.296875
74a66f7906f6bff1,svhn,ssb-v2-block,mlp,protocol-v3,0.8,64,2,2,408,0.0014369580312632024,0.006931584037374705,807387136,0.3203125
74a66f7906f6bff1,svhn,ssb-v2-block,mlp,protocol-v3,0.8,64,2,2,409,0.001452916010748595,0.007028458989225328,807387136,0.2890625
74a66f7906f6bff1,svhn,ssb-v2-block,mlp,protocol-v3,0.8,64,2,2,410,0.0013832090189680457,0.00720108300447464,807403520,0.390625
74a66f7906f6bff1,svhn,ssb-v2-block,mlp,protocol-v3,0.8,64,2,2,411,0.0013954580063000321,0.006668542046099901,807403520,0.28125
74a66f7906f6bff1,svhn,ssb-v2-block,mlp,protocol-v3,0.8,64,2,2,412,0.001456166966818273,0.0068510829587467015,807403520,0.3125
74a66f7906f6bff1,svhn,ssb-v2-block,mlp,protocol-v3,0.8,64,2,2,413,0.0014580839779227972,0.007159499975387007,807403520,0.25
74a66f7906f6bff1,svhn,ssb-v2-block,mlp,protocol-v3,0.8,64,2,2,414,0.0014606250333599746,0.006550749996677041,807403520,0.2890625
74a66f7906f6bff1,svhn,ssb-v2-block,mlp,protocol-v3,0.8,64,2,2,415,0.0013980840449221432,0.006752167013473809,807403520,0.3203125
74a66f7906f6bff1,svhn,ssb-v2-block,mlp,protocol-v3,0.8,64,2,2,416,0.0014495409559458494,0.006827250006608665,807403520,0.34375
74a66f7906f6bff1,svhn,ssb-v2-block,mlp,protocol-v3,0.8,64,2,2,417,0.0014700420433655381,0.007464791997335851,807403520,0.2734375
74a66f7906f6bff1,svhn,ssb-v2-block,mlp,protocol-v3,0.8,64,2,2,418,0.0014589999918825924,0.006281832989770919,807403520,0.203125
74a66f7906f6bff1,svhn,ssb-v2-block,mlp,protocol-v3,0.8,64,2,2,419,0.0014027089928276837,0.00666162499692291,807403520,0.28125
74a66f7906f6bff1,svhn,ssb-v2-block,mlp,protocol-v3,0.8,64,2,2,420,0.0013745840406045318,0.0069770419504493475,807403520,0.28125
74a66f7906f6bff1,svhn,ssb-v2-block,mlp,protocol-v3,0.8,64,2,2,421,0.0014566669706255198,0.00625266699353233,807403520,0.2421875
74a66f7906f6bff1,svhn,ssb-v2-block,mlp,protocol-v3,0.8,64,2,2,422,0.001420249987859279,0.006471916974987835,807403520,0.3125
74a66f7906f6bff1,svhn,ssb-v2-block,mlp,protocol-v3,0.8,64,2,2,423,0.001462792046368122,0.006705750012770295,807403520,0.3515625
74a66f7906f6bff1,svhn,ssb-v2-block,mlp,protocol-v3,0.8,64,2,2,424,0.0014593340456485748,0.007007458014413714,807419904,0.390625
74a66f7906f6bff1,svhn,ssb-v2-block,mlp,protocol-v3,0.8,64,2,2,425,0.0014617909910157323,0.006142958009149879,807419904,0.2578125
74a66f7906f6bff1,svhn,ssb-v2-block,mlp,protocol-v3,0.8,64,2,2,426,0.0014639999717473984,0.006663582986220717,807436288,0.375
74a66f7906f6bff1,svhn,ssb-v2-block,mlp,protocol-v3,0.8,64,2,2,427,0.0013935419847257435,0.0068496669991873205,807436288,0.2734375
74a66f7906f6bff1,svhn,ssb-v2-block,mlp,protocol-v3,0.8,64,2,2,428,0.001400750013999641,0.0068833750556223094,807436288,0.234375
74a66f7906f6bff1,svhn,ssb-v2-block,mlp,protocol-v3,0.8,64,2,2,429,0.001404415990691632,0.006354332959745079,807436288,0.421875
74a66f7906f6bff1,svhn,ssb-v2-block,mlp,protocol-v3,0.8,64,2,2,430,0.0014633749960921705,0.007063374971039593,807436288,0.25
74a66f7906f6bff1,svhn,ssb-v2-block,mlp,protocol-v3,0.8,64,2,2,431,0.001453207980375737,0.00690183398546651,807436288,0.2109375
74a66f7906f6bff1,svhn,ssb-v2-block,mlp,protocol-v3,0.8,64,2,2,432,0.0014138749684207141,0.0065318329725414515,807452672,0.3359375
74a66f7906f6bff1,svhn,ssb-v2-block,mlp,protocol-v3,0.8,64,2,2,433,0.0014287499943748116,0.006853999977465719,807452672,0.2578125
74a66f7906f6bff1,svhn,ssb-v2-block,mlp,protocol-v3,0.8,64,2,2,434,0.0014315000153146684,0.006978417048230767,807452672,0.1953125
74a66f7906f6bff1,svhn,ssb-v2-block,mlp,protocol-v3,0.8,64,2,2,435,0.001407999952789396,0.006599083018954843,807452672,0.1640625
74a66f7906f6bff1,svhn,ssb-v2-block,mlp,protocol-v3,0.8,64,2,2,436,0.0014008749858476222,0.00626837502932176,807452672,0.296875
74a66f7906f6bff1,svhn,ssb-v2-block,mlp,protocol-v3,0.8,64,2,2,437,0.001464041997678578,0.006809583981521428,807452672,0.34375
74a66f7906f6bff1,svhn,ssb-v2-block,mlp,protocol-v3,0.8,64,2,2,438,0.0014078330132178962,0.007133540988434106,807452672,0.25
74a66f7906f6bff1,svhn,ssb-v2-block,mlp,protocol-v3,0.8,64,2,2,439,0.001401625049766153,0.00681095797335729,807452672,0.2890625
74a66f7906f6bff1,svhn,ssb-v2-block,mlp,protocol-v3,0.8,64,2,2,440,0.0014002909883856773,0.0062952080043032765,807452672,0.2421875
74a66f7906f6bff1,svhn,ssb-v2-block,mlp,protocol-v3,0.8,64,2,2,441,0.001379791006911546,0.006693416042253375,807452672,0.25
74a66f7906f6bff1,svhn,ssb-v2-block,mlp,protocol-v3,0.8,64,2,2,442,0.0013904580264352262,0.006933750002644956,807452672,0.2578125
74a66f7906f6bff1,svhn,ssb-v2-block,mlp,protocol-v3,0.8,64,2,2,443,0.001376916014123708,0.006946082983631641,807469056,0.234375
74a66f7906f6bff1,svhn,ssb-v2-block,mlp,protocol-v3,0.8,64,2,2,444,0.0014562910073436797,0.0068098329938948154,807469056,0.171875
74a66f7906f6bff1,svhn,ssb-v2-block,mlp,protocol-v3,0.8,64,2,2,445,0.0014583750162273645,0.006786292011383921,807469056,0.328125
74a66f7906f6bff1,svhn,ssb-v2-block,mlp,protocol-v3,0.8,64,2,2,446,0.0014287919620983303,0.007377374975476414,807469056,0.1640625
74a66f7906f6bff1,svhn,ssb-v2-block,mlp,protocol-v3,0.8,64,2,2,447,0.0014666669885627925,0.006897374987602234,807469056,0.171875
74a66f7906f6bff1,svhn,ssb-v2-block,mlp,protocol-v3,0.8,64,2,2,448,0.0014070830075070262,0.00680445897160098,807469056,0.1875
74a66f7906f6bff1,svhn,ssb-v2-block,mlp,protocol-v3,0.8,64,2,2,449,0.001393500017002225,0.0066719590104185045,807469056,0.0859375
74a66f7906f6bff1,svhn,ssb-v2-block,mlp,protocol-v3,0.8,64,2,2,450,0.0013753750245086849,0.007148917007725686,807469056,0.0859375
74a66f7906f6bff1,svhn,ssb-v2-block,mlp,protocol-v3,0.8,64,2,2,451,0.0014415830373764038,0.006621417007409036,807469056,0.109375
74a66f7906f6bff1,svhn,ssb-v2-block,mlp,protocol-v3,0.8,64,2,2,452,0.0015132499975152314,0.006945542001631111,807485440,0.2109375
74a66f7906f6bff1,svhn,ssb-v2-block,mlp,protocol-v3,0.8,64,2,2,453,0.001408000010997057,0.006686292006634176,807485440,0.203125
74a66f7906f6bff1,svhn,ssb-v2-block,mlp,protocol-v3,0.8,64,2,2,454,0.0014066249714232981,0.007550583977717906,807485440,0.21875
74a66f7906f6bff1,svhn,ssb-v2-block,mlp,protocol-v3,0.8,64,2,2,455,0.0014560000272467732,0.006375166994985193,807501824,0.1953125
74a66f7906f6bff1,svhn,ssb-v2-block,mlp,protocol-v3,0.8,64,2,2,456,0.0014591669896617532,0.006738250027410686,807501824,0.1796875
74a66f7906f6bff1,svhn,ssb-v2-block,mlp,protocol-v3,0.8,64,2,2,457,0.0014215420233085752,0.007402791001368314,807518208,0.203125
74a66f7906f6bff1,svhn,ssb-v2-block,mlp,protocol-v3,0.8,64,2,2,458,0.0014270829851739109,0.007009166991338134,807518208,0.2421875
74a66f7906f6bff1,svhn,ssb-v2-block,mlp,protocol-v3,0.8,64,2,2,459,0.0014029169688001275,0.006953082978725433,807518208,0.2265625
74a66f7906f6bff1,svhn,ssb-v2-block,mlp,protocol-v3,0.8,64,2,2,460,0.0013969999854452908,0.0070063750026747584,807518208,0.2890625
74a66f7906f6bff1,svhn,ssb-v2-block,mlp,protocol-v3,0.8,64,2,2,461,0.001374458021018654,0.00716874998761341,807518208,0.15625
74a66f7906f6bff1,svhn,ssb-v2-block,mlp,protocol-v3,0.8,64,2,2,462,0.001409167016390711,0.006979708035942167,807518208,0.296875
74a66f7906f6bff1,svhn,ssb-v2-block,mlp,protocol-v3,0.8,64,2,2,463,0.0014597499975934625,0.0068330840440467,807518208,0.2578125
74a66f7906f6bff1,svhn,ssb-v2-block,mlp,protocol-v3,0.8,64,2,2,464,0.0013935419847257435,0.007019874989055097,807534592,0.3359375
74a66f7906f6bff1,svhn,ssb-v2-block,mlp,protocol-v3,0.8,64,2,2,465,0.001354374981019646,0.007500666019041091,807550976,0.25
74a66f7906f6bff1,svhn,ssb-v2-block,mlp,protocol-v3,0.8,64,2,2,466,0.0013847500085830688,0.007000291952863336,807550976,0.2890625
74a66f7906f6bff1,svhn,ssb-v2-block,mlp,protocol-v3,0.8,64,2,2,467,0.0013786249910481274,0.006739792006555945,807550976,0.296875
74a66f7906f6bff1,svhn,ssb-v2-block,mlp,protocol-v3,0.8,64,2,2,468,0.0014476660289801657,0.007348290993832052,807550976,0.28125
74a66f7906f6bff1,svhn,ssb-v2-block,mlp,protocol-v3,0.8,64,2,2,469,0.0014136669924482703,0.00693245796719566,807550976,0.234375
74a66f7906f6bff1,svhn,ssb-v2-block,mlp,protocol-v3,0.8,64,2,2,470,0.0013821659958921373,0.006828291981946677,807550976,0.203125
74a66f7906f6bff1,svhn,ssb-v2-block,mlp,protocol-v3,0.8,64,2,2,471,0.0015410839696414769,0.007136458007153124,807550976,0.2734375
74a66f7906f6bff1,svhn,ssb-v2-block,mlp,protocol-v3,0.8,64,2,2,472,0.0017807920230552554,0.0068902079947292805,807550976,0.25
74a66f7906f6bff1,svhn,ssb-v2-block,mlp,protocol-v3,0.8,64,2,2,473,0.0014450419694185257,0.006615665974095464,807550976,0.25
74a66f7906f6bff1,svhn,ssb-v2-block,mlp,protocol-v3,0.8,64,2,2,474,0.0014970829943194985,0.007078625028952956,807550976,0.2890625
74a66f7906f6bff1,svhn,ssb-v2-block,mlp,protocol-v3,0.8,64,2,2,475,0.0014841659576632082,0.006550499994773418,807567360,0.2734375
74a66f7906f6bff1,svhn,ssb-v2-block,mlp,protocol-v3,0.8,64,2,2,476,0.001392750011291355,0.006563125003594905,807567360,0.2734375
74a66f7906f6bff1,svhn,ssb-v2-block,mlp,protocol-v3,0.8,64,2,2,477,0.001474208023864776,0.0068855840363539755,807567360,0.2734375
74a66f7906f6bff1,svhn,ssb-v2-block,mlp,protocol-v3,0.8,64,2,2,478,0.0014796669711358845,0.00664049998158589,807567360,0.2890625
74a66f7906f6bff1,svhn,ssb-v2-block,mlp,protocol-v3,0.8,64,2,2,479,0.0014215409755706787,0.007156042032875121,807567360,0.3359375
74a66f7906f6bff1,svhn,ssb-v2-block,mlp,protocol-v3,0.8,64,2,2,480,0.0014554589870385826,0.007121959002688527,807567360,0.2421875
74a66f7906f6bff1,svhn,ssb-v2-block,mlp,protocol-v3,0.8,64,2,2,481,0.001389457960613072,0.007209791976492852,807567360,0.328125
74a66f7906f6bff1,svhn,ssb-v2-block,mlp,protocol-v3,0.8,64,2,2,482,0.0014557079994119704,0.006846625008620322,807583744,0.2578125
74a66f7906f6bff1,svhn,ssb-v2-block,mlp,protocol-v3,0.8,64,2,2,483,0.0014041660469956696,0.0069887079880572855,807583744,0.2890625
74a66f7906f6bff1,svhn,ssb-v2-block,mlp,protocol-v3,0.8,64,2,2,484,0.0014619159628637135,0.006828040990512818,807583744,0.234375
74a66f7906f6bff1,svhn,ssb-v2-block,mlp,protocol-v3,0.8,64,2,2,485,0.0013950840220786631,0.0070462090079672635,807583744,0.2265625
74a66f7906f6bff1,svhn,ssb-v2-block,mlp,protocol-v3,0.8,64,2,2,486,0.0014171250513754785,0.006626083981245756,807616512,0.34375
74a66f7906f6bff1,svhn,ssb-v2-block,mlp,protocol-v3,0.8,64,2,2,487,0.0014750409754924476,0.0074577920022420585,807616512,0.328125
74a66f7906f6bff1,svhn,ssb-v2-block,mlp,protocol-v3,0.8,64,2,2,488,0.001461916952393949,0.006245249998755753,807616512,0.296875
74a66f7906f6bff1,svhn,ssb-v2-block,mlp,protocol-v3,0.8,64,2,2,489,0.0013854579883627594,0.007664040953386575,807616512,0.28125
74a66f7906f6bff1,svhn,ssb-v2-block,mlp,protocol-v3,0.8,64,2,2,490,0.001465582987293601,0.007154666993301362,807616512,0.375
74a66f7906f6bff1,svhn,ssb-v2-block,mlp,protocol-v3,0.8,64,2,2,491,0.0014566250029020011,0.006744667014572769,807616512,0.3203125
74a66f7906f6bff1,svhn,ssb-v2-block,mlp,protocol-v3,0.8,64,2,2,492,0.0014009590377099812,0.006510250037536025,807616512,0.3203125
74a66f7906f6bff1,svhn,ssb-v2-block,mlp,protocol-v3,0.8,64,2,2,493,0.0014657910214737058,0.006520874972920865,807632896,0.296875
74a66f7906f6bff1,svhn,ssb-v2-block,mlp,protocol-v3,0.8,64,2,2,494,0.0014920830144546926,0.0072152079665102065,807632896,0.28125
74a66f7906f6bff1,svhn,ssb-v2-block,mlp,protocol-v3,0.8,64,2,2,495,0.0014625420444644988,0.0069000000366941094,807632896,0.2734375
74a66f7906f6bff1,svhn,ssb-v2-block,mlp,protocol-v3,0.8,64,2,2,496,0.0013964580139145255,0.0069463750114664435,807632896,0.3515625
74a66f7906f6bff1,svhn,ssb-v2-block,mlp,protocol-v3,0.8,64,2,2,497,0.0013825000496581197,0.007430792029481381,807632896,0.3125
74a66f7906f6bff1,svhn,ssb-v2-block,mlp,protocol-v3,0.8,64,2,2,498,0.001367791963275522,0.006450499990023673,807632896,0.3359375
74a66f7906f6bff1,svhn,ssb-v2-block,mlp,protocol-v3,0.8,64,2,2,499,0.001463000022340566,0.006693667033687234,807632896,0.421875
74a66f7906f6bff1,svhn,ssb-v2-block,mlp,protocol-v3,0.8,64,2,2,500,0.001440624997485429,0.0070042089791968465,807649280,0.296875
74a66f7906f6bff1,svhn,ssb-v2-block,mlp,protocol-v3,0.8,64,2,2,501,0.0013904580264352262,0.006842667004093528,807649280,0.2578125
74a66f7906f6bff1,svhn,ssb-v2-block,mlp,protocol-v3,0.8,64,2,2,502,0.0013924160157330334,0.00723566603846848,807649280,0.34375
74a66f7906f6bff1,svhn,ssb-v2-block,mlp,protocol-v3,0.8,64,2,2,503,0.0013905829982832074,0.007155416999012232,807649280,0.3515625
74a66f7906f6bff1,svhn,ssb-v2-block,mlp,protocol-v3,0.8,64,2,2,504,0.0014124580193310976,0.00692725001135841,807665664,0.3125
74a66f7906f6bff1,svhn,ssb-v2-block,mlp,protocol-v3,0.8,64,2,2,505,0.0013961669756099582,0.0071197499637492,807665664,0.28125
74a66f7906f6bff1,svhn,ssb-v2-block,mlp,protocol-v3,0.8,64,2,2,506,0.0014589169877581298,0.006393207993824035,807665664,0.2890625
74a66f7906f6bff1,svhn,ssb-v2-block,mlp,protocol-v3,0.8,64,2,2,507,0.0013709169579669833,0.006300084001850337,807665664,0.2734375
74a66f7906f6bff1,svhn,ssb-v2-block,mlp,protocol-v3,0.8,64,2,2,508,0.0015859580016694963,0.006868291995488107,807665664,0.28125
74a66f7906f6bff1,svhn,ssb-v2-block,mlp,protocol-v3,0.8,64,2,2,509,0.001396042003761977,0.0072202919982373714,807665664,0.2578125
74a66f7906f6bff1,svhn,ssb-v2-block,mlp,protocol-v3,0.8,64,2,2,510,0.0013934169546701014,0.006674791977275163,807665664,0.3359375
74a66f7906f6bff1,svhn,ssb-v2-block,mlp,protocol-v3,0.8,64,2,2,511,0.0014589169877581298,0.007492040982469916,807665664,0.2734375
74a66f7906f6bff1,svhn,ssb-v2-block,mlp,protocol-v3,0.8,64,2,2,512,0.001372625003568828,0.006483083998318762,807665664,0.3359375
74a66f7906f6bff1,svhn,ssb-v2-block,mlp,protocol-v3,0.8,64,2,2,513,0.0014780830242671072,0.007609999971464276,807665664,0.328125
74a66f7906f6bff1,svhn,ssb-v2-block,mlp,protocol-v3,0.8,64,2,2,514,0.0014585419557988644,0.0070983339683152735,807665664,0.2734375
74a66f7906f6bff1,svhn,ssb-v2-block,mlp,protocol-v3,0.8,64,2,2,515,0.0014519580290652812,0.007251333969179541,807682048,0.25
74a66f7906f6bff1,svhn,ssb-v2-block,mlp,protocol-v3,0.8,64,2,2,516,0.0014512500492855906,0.006800292001571506,807682048,0.3671875
74a66f7906f6bff1,svhn,ssb-v2-block,mlp,protocol-v3,0.8,64,2,2,517,0.0014057499938644469,0.006751500011887401,807682048,0.3515625
74a66f7906f6bff1,svhn,ssb-v2-block,mlp,protocol-v3,0.8,64,2,2,518,0.001380917034111917,0.006578125001396984,807682048,0.2734375
74a66f7906f6bff1,svhn,ssb-v2-block,mlp,protocol-v3,0.8,64,2,2,519,0.0014572920044884086,0.006937541009392589,807682048,0.3359375
74a66f7906f6bff1,svhn,ssb-v2-block,mlp,protocol-v3,0.8,64,2,2,520,0.0013886250089854002,0.006922125001437962,807682048,0.375
74a66f7906f6bff1,svhn,ssb-v2-block,mlp,protocol-v3,0.8,64,2,2,521,0.0013957080082036555,0.006464708014391363,807698432,0.359375
74a66f7906f6bff1,svhn,ssb-v2-block,mlp,protocol-v3,0.8,64,2,2,522,0.0014584169839508832,0.006992999988142401,807698432,0.34375
74a66f7906f6bff1,svhn,ssb-v2-block,mlp,protocol-v3,0.8,64,2,2,523,0.001459374965634197,0.007212583033833653,807698432,0.3046875
74a66f7906f6bff1,svhn,ssb-v2-block,mlp,protocol-v3,0.8,64,2,2,524,0.001471291994675994,0.006747875013388693,807698432,0.34375
74a66f7906f6bff1,svhn,ssb-v2-block,mlp,protocol-v3,0.8,64,2,2,525,0.0013756669941358268,0.006539999973028898,807698432,0.3203125
74a66f7906f6bff1,svhn,ssb-v2-block,mlp,protocol-v3,0.8,64,2,2,526,0.0013980829971842468,0.007024249993264675,807698432,0.28125
74a66f7906f6bff1,svhn,ssb-v2-block,mlp,protocol-v3,0.8,64,2,2,527,0.0014084169524721801,0.007080583018250763,807698432,0.3125
74a66f7906f6bff1,svhn,ssb-v2-block,mlp,protocol-v3,0.8,64,2,2,528,0.001445000001695007,0.0061622909852303565,807698432,0.25
74a66f7906f6bff1,svhn,ssb-v2-block,mlp,protocol-v3,0.8,64,2,2,529,0.0013785420451313257,0.0064453340019099414,807698432,0.34375
74a66f7906f6bff1,svhn,ssb-v2-block,mlp,protocol-v3,0.8,64,2,2,530,0.001398916996549815,0.006511458021122962,807698432,0.3203125
74a66f7906f6bff1,svhn,ssb-v2-block,mlp,protocol-v3,0.8,64,2,2,531,0.001428708026651293,0.0072507080039940774,807714816,0.25
74a66f7906f6bff1,svhn,ssb-v2-block,mlp,protocol-v3,0.8,64,2,2,532,0.001383041962981224,0.007515583012718707,807714816,0.328125
74a66f7906f6bff1,svhn,ssb-v2-block,mlp,protocol-v3,0.8,64,2,2,533,0.0014055409701541066,0.006642125023063272,807714816,0.3046875
74a66f7906f6bff1,svhn,ssb-v2-block,mlp,protocol-v3,0.8,64,2,2,534,0.0014908750308677554,0.007243041996844113,807714816,0.34375
74a66f7906f6bff1,svhn,ssb-v2-block,mlp,protocol-v3,0.8,64,2,2,535,0.001466291956603527,0.00700874999165535,807714816,0.234375
74a66f7906f6bff1,svhn,ssb-v2-block,mlp,protocol-v3,0.8,64,2,2,536,0.0014445409760810435,0.00705995800672099,807714816,0.3515625
74a66f7906f6bff1,svhn,ssb-v2-block,mlp,protocol-v3,0.8,64,2,2,537,0.0014403749955818057,0.006596790975891054,807731200,0.359375
74a66f7906f6bff1,svhn,ssb-v2-block,mlp,protocol-v3,0.8,64,2,2,538,0.0014002079842612147,0.007318084011785686,807731200,0.2890625
74a66f7906f6bff1,svhn,ssb-v2-block,mlp,protocol-v3,0.8,64,2,2,539,0.0013720420538447797,0.007180500018876046,807747584,0.34375
74a66f7906f6bff1,svhn,ssb-v2-block,mlp,protocol-v3,0.8,64,2,2,540,0.0013852919801138341,0.007500500010792166,807747584,0.3046875
74a66f7906f6bff1,svhn,ssb-v2-block,mlp,protocol-v3,0.8,64,2,2,541,0.0013774170074611902,0.006599165964871645,807747584,0.296875
74a66f7906f6bff1,svhn,ssb-v2-block,mlp,protocol-v3,0.8,64,2,2,542,0.0014574999804608524,0.007321458018850535,807747584,0.2421875
74a66f7906f6bff1,svhn,ssb-v2-block,mlp,protocol-v3,0.8,64,2,2,543,0.0014703749911859632,0.006316791987046599,807763968,0.2578125
74a66f7906f6bff1,svhn,ssb-v2-block,mlp,protocol-v3,0.8,64,2,2,544,0.0013956250040791929,0.007317584007978439,807763968,0.25
74a66f7906f6bff1,svhn,ssb-v2-block,mlp,protocol-v3,0.8,64,2,2,545,0.0014480419922620058,0.006021000037435442,807763968,0.3828125
74a66f7906f6bff1,svhn,ssb-v2-block,mlp,protocol-v3,0.8,64,2,2,546,0.0013966250116936862,0.007184332993347198,807763968,0.328125
74a66f7906f6bff1,svhn,ssb-v2-block,mlp,protocol-v3,0.8,64,2,2,547,0.0013742079609073699,0.00691041600657627,807763968,0.2421875
74a66f7906f6bff1,svhn,ssb-v2-block,mlp,protocol-v3,0.8,64,2,2,548,0.0013789169606752694,0.006816042005084455,807763968,0.2734375
74a66f7906f6bff1,svhn,ssb-v2-block,mlp,protocol-v3,0.8,64,2,2,549,0.0014553330256603658,0.006994208029936999,807763968,0.265625
74a66f7906f6bff1,svhn,ssb-v2-block,mlp,protocol-v3,0.8,64,2,2,550,0.0014496250078082085,0.006077042024116963,807763968,0.3125
74a66f7906f6bff1,svhn,ssb-v2-block,mlp,protocol-v3,0.8,64,2,2,551,0.0013661669800058007,0.0074625000124797225,807763968,0.234375
74a66f7906f6bff1,svhn,ssb-v2-block,mlp,protocol-v3,0.8,64,2,2,552,0.0014338749460875988,0.007191249984316528,807780352,0.2734375
74a66f7906f6bff1,svhn,ssb-v2-block,mlp,protocol-v3,0.8,64,2,2,553,0.001532499969471246,0.00722220801981166,807780352,0.2890625
74a66f7906f6bff1,svhn,ssb-v2-block,mlp,protocol-v3,0.8,64,2,2,554,0.0014592500519938767,0.006796333007514477,807796736,0.328125
74a66f7906f6bff1,svhn,ssb-v2-block,mlp,protocol-v3,0.8,64,2,2,555,0.0014564170269295573,0.0073249589768238366,807796736,0.3984375
74a66f7906f6bff1,svhn,ssb-v2-block,mlp,protocol-v3,0.8,64,2,2,556,0.0014582080184482038,0.006442666985094547,807796736,0.359375
74a66f7906f6bff1,svhn,ssb-v2-block,mlp,protocol-v3,0.8,64,2,2,557,0.0014042920083738863,0.006128665991127491,807796736,0.265625
74a66f7906f6bff1,svhn,ssb-v2-block,mlp,protocol-v3,0.8,64,2,2,558,0.0014273750130087137,0.0071149999857880175,807796736,0.2578125
74a66f7906f6bff1,svhn,ssb-v2-block,mlp,protocol-v3,0.8,64,2,2,559,0.0014566250029020011,0.007040917000267655,807796736,0.3203125
74a66f7906f6bff1,svhn,ssb-v2-block,mlp,protocol-v3,0.8,64,2,2,560,0.0014545840094797313,0.006301958987023681,807796736,0.25
74a66f7906f6bff1,svhn,ssb-v2-block,mlp,protocol-v3,0.8,64,2,2,561,0.0013832499971613288,0.006436916999518871,807813120,0.25
74a66f7906f6bff1,svhn,ssb-v2-block,mlp,protocol-v3,0.8,64,2,2,562,0.0014059579698368907,0.007245832995977253,807813120,0.3359375
74a66f7906f6bff1,svhn,ssb-v2-block,mlp,protocol-v3,0.8,64,2,2,563,0.0013992080348543823,0.006986666994635016,807829504,0.2421875
74a66f7906f6bff1,svhn,ssb-v2-block,mlp,protocol-v3,0.8,64,2,2,564,0.0014066660078242421,0.006962041021324694,807829504,0.328125
74a66f7906f6bff1,svhn,ssb-v2-block,mlp,protocol-v3,0.8,64,2,2,565,0.0014576659887097776,0.0070144160417839885,807829504,0.2578125
74a66f7906f6bff1,svhn,ssb-v2-block,mlp,protocol-v3,0.8,64,2,2,566,0.0013745419564656913,0.006763125013094395,807845888,0.328125
74a66f7906f6bff1,svhn,ssb-v2-block,mlp,protocol-v3,0.8,64,2,2,567,0.001413875026628375,0.006528416997753084,807845888,0.3984375
74a66f7906f6bff1,svhn,ssb-v2-block,mlp,protocol-v3,0.8,64,2,2,568,0.0014012500178068876,0.006685499974992126,807845888,0.296875
74a66f7906f6bff1,svhn,ssb-v2-block,mlp,protocol-v3,0.8,64,2,2,569,0.0013702920405194163,0.006756249989848584,807845888,0.2734375
74a66f7906f6bff1,svhn,ssb-v2-block,mlp,protocol-v3,0.8,64,2,2,570,0.001470249961130321,0.006777208007406443,807845888,0.2578125
74a66f7906f6bff1,svhn,ssb-v2-block,mlp,protocol-v3,0.8,64,2,2,571,0.0014544170117005706,0.007074041990563273,807845888,0.359375
74a66f7906f6bff1,svhn,ssb-v2-block,mlp,protocol-v3,0.8,64,2,2,572,0.0011178749846294522,0.018858542025554925,808697856,0.2682926829268293
74a66f7906f6bff1,svhn,ssb-v2-block,mlp,protocol-v3,0.8,64,2,3,0,0.0014684999478049576,0.007039874966721982,811204608,0.3046875
74a66f7906f6bff1,svhn,ssb-v2-block,mlp,protocol-v3,0.8,64,2,3,1,0.0015536670107394457,0.006747665989678353,811204608,0.359375
74a66f7906f6bff1,svhn,ssb-v2-block,mlp,protocol-v3,0.8,64,2,3,2,0.0014447499997913837,0.007016542018391192,811220992,0.3671875
74a66f7906f6bff1,svhn,ssb-v2-block,mlp,protocol-v3,0.8,64,2,3,3,0.0015248749987222254,0.006985125015489757,811220992,0.359375
74a66f7906f6bff1,svhn,ssb-v2-block,mlp,protocol-v3,0.8,64,2,3,4,0.001465249981265515,0.00714895804412663,811237376,0.296875
74a66f7906f6bff1,svhn,ssb-v2-block,mlp,protocol-v3,0.8,64,2,3,5,0.0014428329886868596,0.006554415973369032,811237376,0.25
74a66f7906f6bff1,svhn,ssb-v2-block,mlp,protocol-v3,0.8,64,2,3,6,0.0014043329865671694,0.007317791983950883,811237376,0.3671875
74a66f7906f6bff1,svhn,ssb-v2-block,mlp,protocol-v3,0.8,64,2,3,7,0.001395417028106749,0.0071754580130800605,811237376,0.3359375
74a66f7906f6bff1,svhn,ssb-v2-block,mlp,protocol-v3,0.8,64,2,3,8,0.0013965410180389881,0.0070849579642526805,811237376,0.3046875
74a66f7906f6bff1,svhn,ssb-v2-block,mlp,protocol-v3,0.8,64,2,3,9,0.001457165984902531,0.006656499987002462,811237376,0.3515625
74a66f7906f6bff1,svhn,ssb-v2-block,mlp,protocol-v3,0.8,64,2,3,10,0.0014689579838886857,0.007074041990563273,811237376,0.3203125
74a66f7906f6bff1,svhn,ssb-v2-block,mlp,protocol-v3,0.8,64,2,3,11,0.0014100000262260437,0.0073933330131694674,811237376,0.375
74a66f7906f6bff1,svhn,ssb-v2-block,mlp,protocol-v3,0.8,64,2,3,12,0.0014800409553572536,0.006634333054535091,811237376,0.3046875
74a66f7906f6bff1,svhn,ssb-v2-block,mlp,protocol-v3,0.8,64,2,3,13,0.0014142919681034982,0.007447333016898483,811237376,0.375
74a66f7906f6bff1,svhn,ssb-v2-block,mlp,protocol-v3,0.8,64,2,3,14,0.0014747079694643617,0.006736082956194878,811237376,0.296875
74a66f7906f6bff1,svhn,ssb-v2-block,mlp,protocol-v3,0.8,64,2,3,15,0.0014057499938644469,0.007024334045127034,811237376,0.3046875
74a66f7906f6bff1,svhn,ssb-v2-block,mlp,protocol-v3,0.8,64,2,3,16,0.0013867089874111116,0.0069720830069854856,811237376,0.3046875
74a66f7906f6bff1,svhn,ssb-v2-block,mlp,protocol-v3,0.8,64,2,3,17,0.0014364160015247762,0.006817833986133337,811237376,0.296875
74a66f7906f6bff1,svhn,ssb-v2-block,mlp,protocol-v3,0.8,64,2,3,18,0.001375833002384752,0.0072467499994672835,811237376,0.3125
74a66f7906f6bff1,svhn,ssb-v2-block,mlp,protocol-v3,0.8,64,2,3,19,0.0013767919735983014,0.007397292007226497,811237376,0.328125
74a66f7906f6bff1,svhn,ssb-v2-block,mlp,protocol-v3,0.8,64,2,3,20,0.001429333002306521,0.007006958010606468,811237376,0.3671875
74a66f7906f6bff1,svhn,ssb-v2-block,mlp,protocol-v3,0.8,64,2,3,21,0.0013654580106958747,0.0067744170082733035,811253760,0.34375
74a66f7906f6bff1,svhn,ssb-v2-block,mlp,protocol-v3,0.8,64,2,3,22,0.0014748750254511833,0.007197000028099865,811253760,0.3359375
74a66f7906f6bff1,svhn,ssb-v2-block,mlp,protocol-v3,0.8,64,2,3,23,0.0014063339913263917,0.006822999974247068,811253760,0.359375
74a66f7906f6bff1,svhn,ssb-v2-block,mlp,protocol-v3,0.8,64,2,3,24,0.001398625026922673,0.0071490000118501484,811253760,0.3515625
74a66f7906f6bff1,svhn,ssb-v2-block,mlp,protocol-v3,0.8,64,2,3,25,0.0014287920203059912,0.006683124986011535,811270144,0.375
74a66f7906f6bff1,svhn,ssb-v2-block,mlp,protocol-v3,0.8,64,2,3,26,0.0013659159885719419,0.00685195904225111,811286528,0.3125
74a66f7906f6bff1,svhn,ssb-v2-block,mlp,protocol-v3,0.8,64,2,3,27,0.0014028330333530903,0.006794082990381867,811286528,0.3125
74a66f7906f6bff1,svhn,ssb-v2-block,mlp,protocol-v3,0.8,64,2,3,28,0.00149500003317371,0.0066856659832410514,811286528,0.28125
74a66f7906f6bff1,svhn,ssb-v2-block,mlp,protocol-v3,0.8,64,2,3,29,0.0014722500345669687,0.00690612499602139,811286528,0.3046875
74a66f7906f6bff1,svhn,ssb-v2-block,mlp,protocol-v3,0.8,64,2,3,30,0.0014139579725451767,0.007137208012863994,811286528,0.265625
74a66f7906f6bff1,svhn,ssb-v2-block,mlp,protocol-v3,0.8,64,2,3,31,0.0014086249866522849,0.007056874979753047,811286528,0.3046875
74a66f7906f6bff1,svhn,ssb-v2-block,mlp,protocol-v3,0.8,64,2,3,32,0.0014305419754236937,0.006628083996474743,811302912,0.203125
74a66f7906f6bff1,svhn,ssb-v2-block,mlp,protocol-v3,0.8,64,2,3,33,0.0014147500041872263,0.006220750045031309,811302912,0.2421875
74a66f7906f6bff1,svhn,ssb-v2-block,mlp,protocol-v3,0.8,64,2,3,34,0.0014628750504925847,0.007062416989356279,811302912,0.296875
74a66f7906f6bff1,svhn,ssb-v2-block,mlp,protocol-v3,0.8,64,2,3,35,0.0014767919783480465,0.0069919159868732095,811302912,0.2265625
74a66f7906f6bff1,svhn,ssb-v2-block,mlp,protocol-v3,0.8,64,2,3,36,0.001426416973117739,0.006990708003286272,811302912,0.28125
74a66f7906f6bff1,svhn,ssb-v2-block,mlp,protocol-v3,0.8,64,2,3,37,0.0014779579942114651,0.007152916979975998,811302912,0.3828125
74a66f7906f6bff1,svhn,ssb-v2-block,mlp,protocol-v3,0.8,64,2,3,38,0.001467082998715341,0.006653041986282915,811302912,0.2578125
74a66f7906f6bff1,svhn,ssb-v2-block,mlp,protocol-v3,0.8,64,2,3,39,0.0014485419960692525,0.0072778749745339155,811302912,0.2265625
74a66f7906f6bff1,svhn,ssb-v2-block,mlp,protocol-v3,0.8,64,2,3,40,0.0014159580459818244,0.007234374992549419,811302912,0.3203125
74a66f7906f6bff1,svhn,ssb-v2-block,mlp,protocol-v3,0.8,64,2,3,41,0.0014074579812586308,0.007136167027056217,811302912,0.2890625
74a66f7906f6bff1,svhn,ssb-v2-block,mlp,protocol-v3,0.8,64,2,3,42,0.0014312080456875265,0.00682387501001358,811302912,0.28125
74a66f7906f6bff1,svhn,ssb-v2-block,mlp,protocol-v3,0.8,64,2,3,43,0.001408417010679841,0.007056124974042177,811302912,0.2109375
74a66f7906f6bff1,svhn,ssb-v2-block,mlp,protocol-v3,0.8,64,2,3,44,0.001479207945521921,0.006617375009227544,811319296,0.34375
74a66f7906f6bff1,svhn,ssb-v2-block,mlp,protocol-v3,0.8,64,2,3,45,0.001468125032261014,0.007450291013810784,811319296,0.2265625
74a66f7906f6bff1,svhn,ssb-v2-block,mlp,protocol-v3,0.8,64,2,3,46,0.0014563750009983778,0.0069303750060498714,811319296,0.3046875
74a66f7906f6bff1,svhn,ssb-v2-block,mlp,protocol-v3,0.8,64,2,3,47,0.0013868749956600368,0.00710070802597329,811319296,0.265625
74a66f7906f6bff1,svhn,ssb-v2-block,mlp,protocol-v3,0.8,64,2,3,48,0.0013813329860568047,0.007351833977736533,811319296,0.2265625
74a66f7906f6bff1,svhn,ssb-v2-block,mlp,protocol-v3,0.8,64,2,3,49,0.001438041974324733,0.007232500007376075,811319296,0.234375
74a66f7906f6bff1,svhn,ssb-v2-block,mlp,protocol-v3,0.8,64,2,3,50,0.001379542052745819,0.007503542001359165,811319296,0.2734375
74a66f7906f6bff1,svhn,ssb-v2-block,mlp,protocol-v3,0.8,64,2,3,51,0.0014084579888731241,0.006644750013947487,811319296,0.1953125
74a66f7906f6bff1,svhn,ssb-v2-block,mlp,protocol-v3,0.8,64,2,3,52,0.0015124580240808427,0.007229084032587707,811319296,0.2578125
74a66f7906f6bff1,svhn,ssb-v2-block,mlp,protocol-v3,0.8,64,2,3,53,0.0015800830442458391,0.008633125049527735,811319296,0.265625
74a66f7906f6bff1,svhn,ssb-v2-block,mlp,protocol-v3,0.8,64,2,3,54,0.0019974579918198287,0.009121583017986268,811335680,0.2265625
74a66f7906f6bff1,svhn,ssb-v2-block,mlp,protocol-v3,0.8,64,2,3,55,0.001995291968341917,0.009855790995061398,811335680,0.296875
74a66f7906f6bff1,svhn,ssb-v2-block,mlp,protocol-v3,0.8,64,2,3,56,0.0023687919601798058,0.010667167021892965,811335680,0.265625
74a66f7906f6bff1,svhn,ssb-v2-block,mlp,protocol-v3,0.8,64,2,3,57,0.0021167919621802866,0.010803916957229376,811335680,0.328125
74a66f7906f6bff1,svhn,ssb-v2-block,mlp,protocol-v3,0.8,64,2,3,58,0.0023744170321151614,0.012283124960958958,811335680,0.3046875
74a66f7906f6bff1,svhn,ssb-v2-block,mlp,protocol-v3,0.8,64,2,3,59,0.002254833991173655,0.010570957965683192,811335680,0.34375
74a66f7906f6bff1,svhn,ssb-v2-block,mlp,protocol-v3,0.8,64,2,3,60,0.0017802499933168292,0.008224917051848024,811335680,0.234375
74a66f7906f6bff1,svhn,ssb-v2-block,mlp,protocol-v3,0.8,64,2,3,61,0.0014650830416940153,0.0072022079839371145,811352064,0.1875
74a66f7906f6bff1,svhn,ssb-v2-block,mlp,protocol-v3,0.8,64,2,3,62,0.0014184590545482934,0.006781000003684312,811352064,0.3046875
74a66f7906f6bff1,svhn,ssb-v2-block,mlp,protocol-v3,0.8,64,2,3,63,0.0014123329892754555,0.007335999980568886,811352064,0.234375
74a66f7906f6bff1,svhn,ssb-v2-block,mlp,protocol-v3,0.8,64,2,3,64,0.0014206250198185444,0.006671292008832097,811352064,0.296875
74a66f7906f6bff1,svhn,ssb-v2-block,mlp,protocol-v3,0.8,64,2,3,65,0.0014015419874340296,0.007125584001187235,811352064,0.3125
74a66f7906f6bff1,svhn,ssb-v2-block,mlp,protocol-v3,0.8,64,2,3,66,0.0014027500292286277,0.0068478750181384385,811352064,0.265625
74a66f7906f6bff1,svhn,ssb-v2-block,mlp,protocol-v3,0.8,64,2,3,67,0.0014723340282216668,0.007279584009665996,811352064,0.2421875
74a66f7906f6bff1,svhn,ssb-v2-block,mlp,protocol-v3,0.8,64,2,3,68,0.0014603749732486904,0.007084125012625009,811352064,0.28125
74a66f7906f6bff1,svhn,ssb-v2-block,mlp,protocol-v3,0.8,64,2,3,69,0.001480333972722292,0.006150290952064097,811352064,0.28125
74a66f7906f6bff1,svhn,ssb-v2-block,mlp,protocol-v3,0.8,64,2,3,70,0.0013890420086681843,0.006589333002921194,811352064,0.2421875
74a66f7906f6bff1,svhn,ssb-v2-block,mlp,protocol-v3,0.8,64,2,3,71,0.0014589169877581298,0.0071332500083372,811352064,0.21875
74a66f7906f6bff1,svhn,ssb-v2-block,mlp,protocol-v3,0.8,64,2,3,72,0.0014893339830450714,0.006850624980870634,811352064,0.15625
74a66f7906f6bff1,svhn,ssb-v2-block,mlp,protocol-v3,0.8,64,2,3,73,0.001388042001053691,0.006382250052411109,811352064,0.2734375
74a66f7906f6bff1,svhn,ssb-v2-block,mlp,protocol-v3,0.8,64,2,3,74,0.001406499999575317,0.007059541996568441,811352064,0.28125
74a66f7906f6bff1,svhn,ssb-v2-block,mlp,protocol-v3,0.8,64,2,3,75,0.0013898329925723374,0.0074451660038903356,811352064,0.2734375
74a66f7906f6bff1,svhn,ssb-v2-block,mlp,protocol-v3,0.8,64,2,3,76,0.001450665993615985,0.006517958012409508,811352064,0.25
74a66f7906f6bff1,svhn,ssb-v2-block,mlp,protocol-v3,0.8,64,2,3,77,0.0014651250094175339,0.006922791013494134,811352064,0.3984375
74a66f7906f6bff1,svhn,ssb-v2-block,mlp,protocol-v3,0.8,64,2,3,78,0.0013822910259477794,0.0073890420026145875,811368448,0.34375
74a66f7906f6bff1,svhn,ssb-v2-block,mlp,protocol-v3,0.8,64,2,3,79,0.001404459006153047,0.006636000005528331,811384832,0.359375
74a66f7906f6bff1,svhn,ssb-v2-block,mlp,protocol-v3,0.8,64,2,3,80,0.0014905830030329525,0.006973333016503602,811384832,0.3515625
74a66f7906f6bff1,svhn,ssb-v2-block,mlp,protocol-v3,0.8,64,2,3,81,0.0014578330446965992,0.006835334002971649,811384832,0.265625
74a66f7906f6bff1,svhn,ssb-v2-block,mlp,protocol-v3,0.8,64,2,3,82,0.0013961669756099582,0.006499833019915968,811384832,0.2890625
74a66f7906f6bff1,svhn,ssb-v2-block,mlp,protocol-v3,0.8,64,2,3,83,0.0013929580454714596,0.0070010420167818666,811401216,0.296875
74a66f7906f6bff1,svhn,ssb-v2-block,mlp,protocol-v3,0.8,64,2,3,84,0.0014685830101370811,0.007511167030315846,811401216,0.3359375
74a66f7906f6bff1,svhn,ssb-v2-block,mlp,protocol-v3,0.8,64,2,3,85,0.0013901669881306589,0.007080374984070659,811401216,0.28125
74a66f7906f6bff1,svhn,ssb-v2-block,mlp,protocol-v3,0.8,64,2,3,86,0.0014737080200575292,0.006257375003769994,811401216,0.3046875
74a66f7906f6bff1,svhn,ssb-v2-block,mlp,protocol-v3,0.8,64,2,3,87,0.001404415990691632,0.006731792003847659,811401216,0.21875
74a66f7906f6bff1,svhn,ssb-v2-block,mlp,protocol-v3,0.8,64,2,3,88,0.0014695829595439136,0.006943957996554673,811401216,0.2734375
74a66f7906f6bff1,svhn,ssb-v2-block,mlp,protocol-v3,0.8,64,2,3,89,0.0014512909692712128,0.007070707972161472,811401216,0.359375
74a66f7906f6bff1,svhn,ssb-v2-block,mlp,protocol-v3,0.8,64,2,3,90,0.0013985830009914935,0.007410124992020428,811401216,0.2890625
74a66f7906f6bff1,svhn,ssb-v2-block,mlp,protocol-v3,0.8,64,2,3,91,0.0014694160199724138,0.007268874964211136,811401216,0.2734375
74a66f7906f6bff1,svhn,ssb-v2-block,mlp,protocol-v3,0.8,64,2,3,92,0.0014145419700071216,0.006581374967936426,811401216,0.3515625
74a66f7906f6bff1,svhn,ssb-v2-block,mlp,protocol-v3,0.8,64,2,3,93,0.0013863330241292715,0.006686625012662262,811401216,0.28125
74a66f7906f6bff1,svhn,ssb-v2-block,mlp,protocol-v3,0.8,64,2,3,94,0.001464499975554645,0.006456500035710633,811401216,0.3515625
74a66f7906f6bff1,svhn,ssb-v2-block,mlp,protocol-v3,0.8,64,2,3,95,0.0013809999800287187,0.006539791997056454,811433984,0.3515625
74a66f7906f6bff1,svhn,ssb-v2-block,mlp,protocol-v3,0.8,64,2,3,96,0.0013844590284861624,0.006968667032197118,811433984,0.3984375
74a66f7906f6bff1,svhn,ssb-v2-block,mlp,protocol-v3,0.8,64,2,3,97,0.0013983329990878701,0.006625334033742547,811433984,0.3203125
74a66f7906f6bff1,svhn,ssb-v2-block,mlp,protocol-v3,0.8,64,2,3,98,0.0013899169862270355,0.006610708020161837,811433984,0.3046875
74a66f7906f6bff1,svhn,ssb-v2-block,mlp,protocol-v3,0.8,64,2,3,99,0.0014133329968899488,0.007063790981192142,811433984,0.2578125
74a66f7906f6bff1,svhn,ssb-v2-block,mlp,protocol-v3,0.8,64,2,3,100,0.0014017079956829548,0.006831792008597404,811433984,0.3203125
74a66f7906f6bff1,svhn,ssb-v2-block,mlp,protocol-v3,0.8,64,2,3,101,0.0013597499928437173,0.007063666998874396,811433984,0.3125
74a66f7906f6bff1,svhn,ssb-v2-block,mlp,protocol-v3,0.8,64,2,3,102,0.0014003330143168569,0.013027167005930096,812400640,0.359375
74a66f7906f6bff1,svhn,ssb-v2-block,mlp,protocol-v3,0.8,64,2,3,103,0.0014775419840589166,0.006969583046156913,812793856,0.3515625
74a66f7906f6bff1,svhn,ssb-v2-block,mlp,protocol-v3,0.8,64,2,3,104,0.0014112499775364995,0.007418834022246301,812793856,0.3125
74a66f7906f6bff1,svhn,ssb-v2-block,mlp,protocol-v3,0.8,64,2,3,105,0.0013739169808104634,0.006916249985806644,813137920,0.359375
74a66f7906f6bff1,svhn,ssb-v2-block,mlp,protocol-v3,0.8,64,2,3,106,0.0014039169764146209,0.006999834033194929,813137920,0.3828125
74a66f7906f6bff1,svhn,ssb-v2-block,mlp,protocol-v3,0.8,64,2,3,107,0.0014762079808861017,0.0065308340126648545,813137920,0.34375
74a66f7906f6bff1,svhn,ssb-v2-block,mlp,protocol-v3,0.8,64,2,3,108,0.0014609170029871166,0.00666683295276016,813137920,0.2734375
74a66f7906f6bff1,svhn,ssb-v2-block,mlp,protocol-v3,0.8,64,2,3,109,0.0014100420521572232,0.006912374985404313,813137920,0.3203125
74a66f7906f6bff1,svhn,ssb-v2-block,mlp,protocol-v3,0.8,64,2,3,110,0.0013837080332450569,0.007084582990501076,813137920,0.2890625
74a66f7906f6bff1,svhn,ssb-v2-block,mlp,protocol-v3,0.8,64,2,3,111,0.0014664999907836318,0.00629620801191777,813154304,0.28125
74a66f7906f6bff1,svhn,ssb-v2-block,mlp,protocol-v3,0.8,64,2,3,112,0.001459082996007055,0.007364917022641748,813154304,0.328125
74a66f7906f6bff1,svhn,ssb-v2-block,mlp,protocol-v3,0.8,64,2,3,113,0.0015034170355647802,0.006840208021458238,813154304,0.28125
74a66f7906f6bff1,svhn,ssb-v2-block,mlp,protocol-v3,0.8,64,2,3,114,0.0014611250371672213,0.006940249993931502,813170688,0.2734375
74a66f7906f6bff1,svhn,ssb-v2-block,mlp,protocol-v3,0.8,64,2,3,115,0.0014014579937793314,0.006972666014917195,813170688,0.3203125
74a66f7906f6bff1,svhn,ssb-v2-block,mlp,protocol-v3,0.8,64,2,3,116,0.0014096249942667782,0.006625582987908274,813170688,0.3203125
74a66f7906f6bff1,svhn,ssb-v2-block,mlp,protocol-v3,0.8,64,2,3,117,0.0014615419786423445,0.006902207969687879,813170688,0.296875
74a66f7906f6bff1,svhn,ssb-v2-block,mlp,protocol-v3,0.8,64,2,3,118,0.001418875006493181,0.006488332990556955,813170688,0.359375
74a66f7906f6bff1,svhn,ssb-v2-block,mlp,protocol-v3,0.8,64,2,3,119,0.0013751250226050615,0.007036916969809681,813170688,0.34375
74a66f7906f6bff1,svhn,ssb-v2-block,mlp,protocol-v3,0.8,64,2,3,120,0.001454374985769391,0.006964916014112532,813170688,0.3046875
74a66f7906f6bff1,svhn,ssb-v2-block,mlp,protocol-v3,0.8,64,2,3,121,0.001492624985985458,0.007211416959762573,813170688,0.296875
74a66f7906f6bff1,svhn,ssb-v2-block,mlp,protocol-v3,0.8,64,2,3,122,0.0014411659794859588,0.007189250027295202,813170688,0.3828125
74a66f7906f6bff1,svhn,ssb-v2-block,mlp,protocol-v3,0.8,64,2,3,123,0.0014724169741384685,0.007447333016898483,813170688,0.2578125
74a66f7906f6bff1,svhn,ssb-v2-block,mlp,protocol-v3,0.8,64,2,3,124,0.0014725420041941106,0.00686558400047943,813170688,0.28125
74a66f7906f6bff1,svhn,ssb-v2-block,mlp,protocol-v3,0.8,64,2,3,125,0.0013930419809184968,0.007114916981663555,813170688,0.3828125
74a66f7906f6bff1,svhn,ssb-v2-block,mlp,protocol-v3,0.8,64,2,3,126,0.001458417042158544,0.007070540974382311,813170688,0.390625
74a66f7906f6bff1,svhn,ssb-v2-block,mlp,protocol-v3,0.8,64,2,3,127,0.0014580420101992786,0.007082958007231355,813170688,0.46875
74a66f7906f6bff1,svhn,ssb-v2-block,mlp,protocol-v3,0.8,64,2,3,128,0.0014074579812586308,0.007426041993312538,813170688,0.34375
74a66f7906f6bff1,svhn,ssb-v2-block,mlp,protocol-v3,0.8,64,2,3,129,0.0013785840128548443,0.007353457971476018,813170688,0.3359375
74a66f7906f6bff1,svhn,ssb-v2-block,mlp,protocol-v3,0.8,64,2,3,130,0.0014043329865671694,0.006805250013712794,813170688,0.3203125
74a66f7906f6bff1,svhn,ssb-v2-block,mlp,protocol-v3,0.8,64,2,3,131,0.0013778749853372574,0.006873792037367821,813170688,0.3828125
74a66f7906f6bff1,svhn,ssb-v2-block,mlp,protocol-v3,0.8,64,2,3,132,0.0014615420368500054,0.00689695798791945,813170688,0.34375
74a66f7906f6bff1,svhn,ssb-v2-block,mlp,protocol-v3,0.8,64,2,3,133,0.001490541035309434,0.006979083002079278,813170688,0.234375
74a66f7906f6bff1,svhn,ssb-v2-block,mlp,protocol-v3,0.8,64,2,3,134,0.0014003340038470924,0.007085458026267588,813170688,0.3046875
74a66f7906f6bff1,svhn,ssb-v2-block,mlp,protocol-v3,0.8,64,2,3,135,0.0014033340266905725,0.007259583042468876,813187072,0.296875
74a66f7906f6bff1,svhn,ssb-v2-block,mlp,protocol-v3,0.8,64,2,3,136,0.0014036669745109975,0.006967082968913019,813187072,0.2265625
74a66f7906f6bff1,svhn,ssb-v2-block,mlp,protocol-v3,0.8,64,2,3,137,0.0013860409962944686,0.007336041948292404,813187072,0.328125
74a66f7906f6bff1,svhn,ssb-v2-block,mlp,protocol-v3,0.8,64,2,3,138,0.0014644169714301825,0.007170916011091322,813187072,0.296875
74a66f7906f6bff1,svhn,ssb-v2-block,mlp,protocol-v3,0.8,64,2,3,139,0.0014076660154387355,0.006914417026564479,813187072,0.28125
74a66f7906f6bff1,svhn,ssb-v2-block,mlp,protocol-v3,0.8,64,2,3,140,0.0014552089851349592,0.006631250027567148,813187072,0.3203125
74a66f7906f6bff1,svhn,ssb-v2-block,mlp,protocol-v3,0.8,64,2,3,141,0.001458041020669043,0.007058250019326806,813187072,0.3125
74a66f7906f6bff1,svhn,ssb-v2-block,mlp,protocol-v3,0.8,64,2,3,142,0.0013771670055575669,0.0071360410074703395,813187072,0.3046875
74a66f7906f6bff1,svhn,ssb-v2-block,mlp,protocol-v3,0.8,64,2,3,143,0.001446707989089191,0.0064646250102669,813187072,0.25
74a66f7906f6bff1,svhn,ssb-v2-block,mlp,protocol-v3,0.8,64,2,3,144,0.001388499978929758,0.0070997499860823154,813187072,0.2578125
74a66f7906f6bff1,svhn,ssb-v2-block,mlp,protocol-v3,0.8,64,2,3,145,0.0014052079641260207,0.00688649999210611,813187072,0.3359375
74a66f7906f6bff1,svhn,ssb-v2-block,mlp,protocol-v3,0.8,64,2,3,146,0.0015226670075207949,0.006855583982542157,813187072,0.2734375
74a66f7906f6bff1,svhn,ssb-v2-block,mlp,protocol-v3,0.8,64,2,3,147,0.001466624962631613,0.006467959028668702,813187072,0.25
74a66f7906f6bff1,svhn,ssb-v2-block,mlp,protocol-v3,0.8,64,2,3,148,0.001401791989337653,0.006254458974581212,813187072,0.15625
74a66f7906f6bff1,svhn,ssb-v2-block,mlp,protocol-v3,0.8,64,2,3,149,0.001453540986403823,0.007179874985013157,813187072,0.1484375
74a66f7906f6bff1,svhn,ssb-v2-block,mlp,protocol-v3,0.8,64,2,3,150,0.0014009160222485662,0.006799291993957013,813187072,0.3125
74a66f7906f6bff1,svhn,ssb-v2-block,mlp,protocol-v3,0.8,64,2,3,151,0.0014150419738143682,0.00760054198326543,813187072,0.2734375
74a66f7906f6bff1,svhn,ssb-v2-block,mlp,protocol-v3,0.8,64,2,3,152,0.0014797920011915267,0.007071457977872342,813187072,0.234375
74a66f7906f6bff1,svhn,ssb-v2-block,mlp,protocol-v3,0.8,64,2,3,153,0.0013571660383604467,0.007486125046852976,813187072,0.1640625
74a66f7906f6bff1,svhn,ssb-v2-block,mlp,protocol-v3,0.8,64,2,3,154,0.0014585829921998084,0.006758791045285761,813187072,0.1796875
74a66f7906f6bff1,svhn,ssb-v2-block,mlp,protocol-v3,0.8,64,2,3,155,0.0014016249915584922,0.007108666992280632,813187072,0.234375
74a66f7906f6bff1,svhn,ssb-v2-block,mlp,protocol-v3,0.8,64,2,3,156,0.0014079580432735384,0.006994750001467764,813187072,0.328125
74a66f7906f6bff1,svhn,ssb-v2-block,mlp,protocol-v3,0.8,64,2,3,157,0.0014732920099049807,0.006763832992874086,813187072,0.265625
74a66f7906f6bff1,svhn,ssb-v2-block,mlp,protocol-v3,0.8,64,2,3,158,0.001462374988477677,0.006889707990922034,813187072,0.171875
74a66f7906f6bff1,svhn,ssb-v2-block,mlp,protocol-v3,0.8,64,2,3,159,0.0014030409511178732,0.007455167011357844,813187072,0.203125
74a66f7906f6bff1,svhn,ssb-v2-block,mlp,protocol-v3,0.8,64,2,3,160,0.0014719580067321658,0.0069619169807992876,813187072,0.2578125
74a66f7906f6bff1,svhn,ssb-v2-block,mlp,protocol-v3,0.8,64,2,3,161,0.0013777089770883322,0.006672582996543497,813187072,0.296875
74a66f7906f6bff1,svhn,ssb-v2-block,mlp,protocol-v3,0.8,64,2,3,162,0.001372625003568828,0.007382708019576967,813187072,0.3671875
74a66f7906f6bff1,svhn,ssb-v2-block,mlp,protocol-v3,0.8,64,2,3,163,0.0014031250029802322,0.00757266697473824,813187072,0.2421875
74a66f7906f6bff1,svhn,ssb-v2-block,mlp,protocol-v3,0.8,64,2,3,164,0.0014042920083738863,0.006630083022173494,813203456,0.25
74a66f7906f6bff1,svhn,ssb-v2-block,mlp,protocol-v3,0.8,64,2,3,165,0.0013810829841531813,0.007358458009548485,813203456,0.265625
74a66f7906f6bff1,svhn,ssb-v2-block,mlp,protocol-v3,0.8,64,2,3,166,0.0014008330181241035,0.00745325000025332,813203456,0.2421875
74a66f7906f6bff1,svhn,ssb-v2-block,mlp,protocol-v3,0.8,64,2,3,167,0.0014114999794401228,0.007283207960426807,813203456,0.21875
74a66f7906f6bff1,svhn,ssb-v2-block,mlp,protocol-v3,0.8,64,2,3,168,0.0014113750075921416,0.007040208030957729,813203456,0.2890625
74a66f7906f6bff1,svhn,ssb-v2-block,mlp,protocol-v3,0.8,64,2,3,169,0.0013835830031894147,0.00755137501982972,813203456,0.25
74a66f7906f6bff1,svhn,ssb-v2-block,mlp,protocol-v3,0.8,64,2,3,170,0.0013748750207014382,0.0067646660027094185,813203456,0.359375
74a66f7906f6bff1,svhn,ssb-v2-block,mlp,protocol-v3,0.8,64,2,3,171,0.001381582987960428,0.007338541967328638,813203456,0.3203125
74a66f7906f6bff1,svhn,ssb-v2-block,mlp,protocol-v3,0.8,64,2,3,172,0.0013810829841531813,0.0067433330113999546,813203456,0.3359375
74a66f7906f6bff1,svhn,ssb-v2-block,mlp,protocol-v3,0.8,64,2,3,173,0.0014582499861717224,0.006660542043391615,813203456,0.2578125
74a66f7906f6bff1,svhn,ssb-v2-block,mlp,protocol-v3,0.8,64,2,3,174,0.0013997499481774867,0.006579583045095205,813219840,0.2421875
74a66f7906f6bff1,svhn,ssb-v2-block,mlp,protocol-v3,0.8,64,2,3,175,0.0014015419874340296,0.0070680000353604555,813219840,0.2265625
74a66f7906f6bff1,svhn,ssb-v2-block,mlp,protocol-v3,0.8,64,2,3,176,0.001404374954290688,0.007566583983134478,813219840,0.28125
74a66f7906f6bff1,svhn,ssb-v2-block,mlp,protocol-v3,0.8,64,2,3,177,0.001381334033794701,0.006614124984480441,813219840,0.234375
74a66f7906f6bff1,svhn,ssb-v2-block,mlp,protocol-v3,0.8,64,2,3,178,0.0014527500024996698,0.0068179169902578,813236224,0.25
74a66f7906f6bff1,svhn,ssb-v2-block,mlp,protocol-v3,0.8,64,2,3,179,0.0014414159813895822,0.007002791971899569,813236224,0.296875
74a66f7906f6bff1,svhn,ssb-v2-block,mlp,protocol-v3,0.8,64,2,3,180,0.0014670839882455766,0.006820624985266477,813236224,0.1953125
74a66f7906f6bff1,svhn,ssb-v2-block,mlp,protocol-v3,0.8,64,2,3,181,0.0013898329925723374,0.007623749959748238,813236224,0.296875
74a66f7906f6bff1,svhn,ssb-v2-block,mlp,protocol-v3,0.8,64,2,3,182,0.00140579097205773,0.006823666975833476,813236224,0.25
74a66f7906f6bff1,svhn,ssb-v2-block,mlp,protocol-v3,0.8,64,2,3,183,0.001379124994855374,0.006639083963818848,813236224,0.3203125
74a66f7906f6bff1,svhn,ssb-v2-block,mlp,protocol-v3,0.8,64,2,3,184,0.0014574169763363898,0.00700279203010723,813236224,0.28125
74a66f7906f6bff1,svhn,ssb-v2-block,mlp,protocol-v3,0.8,64,2,3,185,0.0014659580192528665,0.006759874988347292,813236224,0.3671875
74a66f7906f6bff1,svhn,ssb-v2-block,mlp,protocol-v3,0.8,64,2,3,186,0.0014111250056885183,0.006743416015524417,813236224,0.3046875
74a66f7906f6bff1,svhn,ssb-v2-block,mlp,protocol-v3,0.8,64,2,3,187,0.0013875840231776237,0.006819375033956021,813236224,0.28125
74a66f7906f6bff1,svhn,ssb-v2-block,mlp,protocol-v3,0.8,64,2,3,188,0.00146808399586007,0.00756629096576944,813236224,0.3515625
74a66f7906f6bff1,svhn,ssb-v2-block,mlp,protocol-v3,0.8,64,2,3,189,0.0014682500041089952,0.0066187920165248215,813236224,0.3125
74a66f7906f6bff1,svhn,ssb-v2-block,mlp,protocol-v3,0.8,64,2,3,190,0.0014527920284308493,0.00637266697594896,813236224,0.34375
74a66f7906f6bff1,svhn,ssb-v2-block,mlp,protocol-v3,0.8,64,2,3,191,0.0013753750245086849,0.007287207990884781,813236224,0.28125
74a66f7906f6bff1,svhn,ssb-v2-block,mlp,protocol-v3,0.8,64,2,3,192,0.0013837500009685755,0.00711512501584366,813252608,0.3203125
74a66f7906f6bff1,svhn,ssb-v2-block,mlp,protocol-v3,0.8,64,2,3,193,0.0014608330093324184,0.007004584011156112,813252608,0.25
74a66f7906f6bff1,svhn,ssb-v2-block,mlp,protocol-v3,0.8,64,2,3,194,0.0013785840128548443,0.006801749987062067,813252608,0.328125
74a66f7906f6bff1,svhn,ssb-v2-block,mlp,protocol-v3,0.8,64,2,3,195,0.0014512079651467502,0.006762834032997489,813252608,0.3125
74a66f7906f6bff1,svhn,ssb-v2-block,mlp,protocol-v3,0.8,64,2,3,196,0.0014215830015018582,0.006901457963977009,813252608,0.2265625
74a66f7906f6bff1,svhn,ssb-v2-block,mlp,protocol-v3,0.8,64,2,3,197,0.0013987080310471356,0.007031583052594215,813252608,0.4140625
74a66f7906f6bff1,svhn,ssb-v2-block,mlp,protocol-v3,0.8,64,2,3,198,0.0013727499754168093,0.006666000001132488,813252608,0.40625
74a66f7906f6bff1,svhn,ssb-v2-block,mlp,protocol-v3,0.8,64,2,3,199,0.0014477500226348639,0.006529083999339491,813252608,0.3203125
74a66f7906f6bff1,svhn,ssb-v2-block,mlp,protocol-v3,0.8,64,2,3,200,0.0013982910313643515,0.007022625009994954,813252608,0.2734375
74a66f7906f6bff1,svhn,ssb-v2-block,mlp,protocol-v3,0.8,64,2,3,201,0.0014122499851509929,0.0072334170108661056,813252608,0.328125
74a66f7906f6bff1,svhn,ssb-v2-block,mlp,protocol-v3,0.8,64,2,3,202,0.0014059580280445516,0.006696500000543892,813268992,0.3125
74a66f7906f6bff1,svhn,ssb-v2-block,mlp,protocol-v3,0.8,64,2,3,203,0.0014009170117788017,0.006511333980597556,813268992,0.375
74a66f7906f6bff1,svhn,ssb-v2-block,mlp,protocol-v3,0.8,64,2,3,204,0.0014713749988004565,0.00674537499435246,813268992,0.4375
74a66f7906f6bff1,svhn,ssb-v2-block,mlp,protocol-v3,0.8,64,2,3,205,0.0013677909737452865,0.0061876659747213125,813268992,0.3828125
74a66f7906f6bff1,svhn,ssb-v2-block,mlp,protocol-v3,0.8,64,2,3,206,0.0014687079819850624,0.007196250022388995,813268992,0.3671875
74a66f7906f6bff1,svhn,ssb-v2-block,mlp,protocol-v3,0.8,64,2,3,207,0.001384458038955927,0.00701116694835946,813268992,0.328125
74a66f7906f6bff1,svhn,ssb-v2-block,mlp,protocol-v3,0.8,64,2,3,208,0.001397582993377,0.006781083007808775,813268992,0.328125
74a66f7906f6bff1,svhn,ssb-v2-block,mlp,protocol-v3,0.8,64,2,3,209,0.0014126250171102583,0.0071157499914988875,813268992,0.3671875
74a66f7906f6bff1,svhn,ssb-v2-block,mlp,protocol-v3,0.8,64,2,3,210,0.001376583008095622,0.007654167013242841,813268992,0.375
74a66f7906f6bff1,svhn,ssb-v2-block,mlp,protocol-v3,0.8,64,2,3,211,0.0014055829960852861,0.0067410829942673445,813285376,0.3671875
74a66f7906f6bff1,svhn,ssb-v2-block,mlp,protocol-v3,0.8,64,2,3,212,0.0014725829823873937,0.006997290998697281,813301760,0.359375
74a66f7906f6bff1,svhn,ssb-v2-block,mlp,protocol-v3,0.8,64,2,3,213,0.0013871670234948397,0.006673249998129904,813301760,0.3359375
74a66f7906f6bff1,svhn,ssb-v2-block,mlp,protocol-v3,0.8,64,2,3,214,0.0013763339957222342,0.00730087497504428,813301760,0.34375
74a66f7906f6bff1,svhn,ssb-v2-block,mlp,protocol-v3,0.8,64,2,3,215,0.0013962920056656003,0.006568084005266428,813301760,0.34375
74a66f7906f6bff1,svhn,ssb-v2-block,mlp,protocol-v3,0.8,64,2,3,216,0.0014556669630110264,0.006194582965690643,813301760,0.328125
74a66f7906f6bff1,svhn,ssb-v2-block,mlp,protocol-v3,0.8,64,2,3,217,0.0014542079879902303,0.00730162498075515,813301760,0.3046875
74a66f7906f6bff1,svhn,ssb-v2-block,mlp,protocol-v3,0.8,64,2,3,218,0.001397874963004142,0.006834790983702987,813301760,0.28125
74a66f7906f6bff1,svhn,ssb-v2-block,mlp,protocol-v3,0.8,64,2,3,219,0.0014161249855533242,0.006815125001594424,813301760,0.328125
74a66f7906f6bff1,svhn,ssb-v2-block,mlp,protocol-v3,0.8,64,2,3,220,0.0013952499721199274,0.006838416971731931,813301760,0.3203125
74a66f7906f6bff1,svhn,ssb-v2-block,mlp,protocol-v3,0.8,64,2,3,221,0.0014577920082956553,0.00662237498909235,813301760,0.359375
74a66f7906f6bff1,svhn,ssb-v2-block,mlp,protocol-v3,0.8,64,2,3,222,0.0014179170248098671,0.006733875023201108,813301760,0.28125
74a66f7906f6bff1,svhn,ssb-v2-block,mlp,protocol-v3,0.8,64,2,3,223,0.0013785000192001462,0.0063476249924860895,813301760,0.328125
74a66f7906f6bff1,svhn,ssb-v2-block,mlp,protocol-v3,0.8,64,2,3,224,0.0014599160058423877,0.006743750011082739,813301760,0.3359375
74a66f7906f6bff1,svhn,ssb-v2-block,mlp,protocol-v3,0.8,64,2,3,225,0.001417041989043355,0.007216542027890682,813301760,0.375
74a66f7906f6bff1,svhn,ssb-v2-block,mlp,protocol-v3,0.8,64,2,3,226,0.001386707997880876,0.007340958050917834,813301760,0.28125
74a66f7906f6bff1,svhn,ssb-v2-block,mlp,protocol-v3,0.8,64,2,3,227,0.0013731669750995934,0.0064627500250935555,813301760,0.3671875
74a66f7906f6bff1,svhn,ssb-v2-block,mlp,protocol-v3,0.8,64,2,3,228,0.0013470409903675318,0.006538333022035658,813301760,0.390625
74a66f7906f6bff1,svhn,ssb-v2-block,mlp,protocol-v3,0.8,64,2,3,229,0.0013767919735983014,0.0075772920390591025,813301760,0.2890625
74a66f7906f6bff1,svhn,ssb-v2-block,mlp,protocol-v3,0.8,64,2,3,230,0.001368874975014478,0.006879041960928589,813301760,0.296875
74a66f7906f6bff1,svhn,ssb-v2-block,mlp,protocol-v3,0.8,64,2,3,231,0.0014766249805688858,0.006561875052284449,813318144,0.3046875
74a66f7906f6bff1,svhn,ssb-v2-block,mlp,protocol-v3,0.8,64,2,3,232,0.0013982499949634075,0.007399416994303465,813318144,0.3359375
74a66f7906f6bff1,svhn,ssb-v2-block,mlp,protocol-v3,0.8,64,2,3,233,0.0013400410534814,0.0067450840142555535,813318144,0.21875
74a66f7906f6bff1,svhn,ssb-v2-block,mlp,protocol-v3,0.8,64,2,3,234,0.0014142909785732627,0.006905750022269785,813318144,0.296875
74a66f7906f6bff1,svhn,ssb-v2-block,mlp,protocol-v3,0.8,64,2,3,235,0.0013839160092175007,0.00719529198249802,813318144,0.2734375
74a66f7906f6bff1,svhn,ssb-v2-block,mlp,protocol-v3,0.8,64,2,3,236,0.0015154590364545584,0.006743791978806257,813350912,0.34375
74a66f7906f6bff1,svhn,ssb-v2-block,mlp,protocol-v3,0.8,64,2,3,237,0.0014672499964945018,0.006487917038612068,813350912,0.375
74a66f7906f6bff1,svhn,ssb-v2-block,mlp,protocol-v3,0.8,64,2,3,238,0.001402667025104165,0.0067189999972470105,813350912,0.3203125
74a66f7906f6bff1,svhn,ssb-v2-block,mlp,protocol-v3,0.8,64,2,3,239,0.0014585420140065253,0.006011958001181483,813350912,0.3828125
74a66f7906f6bff1,svhn,ssb-v2-block,mlp,protocol-v3,0.8,64,2,3,240,0.0013745839823968709,0.0069778329925611615,813350912,0.3203125
74a66f7906f6bff1,svhn,ssb-v2-block,mlp,protocol-v3,0.8,64,2,3,241,0.0013907499960623682,0.006641332991421223,813350912,0.2734375
74a66f7906f6bff1,svhn,ssb-v2-block,mlp,protocol-v3,0.8,64,2,3,242,0.0014550830237567425,0.007060416974127293,813367296,0.3515625
74a66f7906f6bff1,svhn,ssb-v2-block,mlp,protocol-v3,0.8,64,2,3,243,0.0013924160157330334,0.0071447500376962125,813367296,0.390625
74a66f7906f6bff1,svhn,ssb-v2-block,mlp,protocol-v3,0.8,64,2,3,244,0.001404415990691632,0.006663375010248274,813367296,0.359375
74a66f7906f6bff1,svhn,ssb-v2-block,mlp,protocol-v3,0.8,64,2,3,245,0.0013788749929517508,0.0070726670091971755,813367296,0.375
74a66f7906f6bff1,svhn,ssb-v2-block,mlp,protocol-v3,0.8,64,2,3,246,0.0014091250486671925,0.0071894999709911644,813367296,0.359375
74a66f7906f6bff1,svhn,ssb-v2-block,mlp,protocol-v3,0.8,64,2,3,247,0.0013985420227982104,0.007348665967583656,813367296,0.421875
74a66f7906f6bff1,svhn,ssb-v2-block,mlp,protocol-v3,0.8,64,2,3,248,0.0014540409902110696,0.006735999952070415,813367296,0.3359375
74a66f7906f6bff1,svhn,ssb-v2-block,mlp,protocol-v3,0.8,64,2,3,249,0.0013846670044586062,0.0071787089691497386,813367296,0.375
74a66f7906f6bff1,svhn,ssb-v2-block,mlp,protocol-v3,0.8,64,2,3,250,0.0014002079842612147,0.00711979198968038,813383680,0.2890625
74a66f7906f6bff1,svhn,ssb-v2-block,mlp,protocol-v3,0.8,64,2,3,251,0.0013964169775135815,0.006737624993547797,813383680,0.3046875
74a66f7906f6bff1,svhn,ssb-v2-block,mlp,protocol-v3,0.8,64,2,3,252,0.0014596250257454813,0.006556958018336445,813400064,0.328125
74a66f7906f6bff1,svhn,ssb-v2-block,mlp,protocol-v3,0.8,64,2,3,253,0.0014005840057507157,0.006761916039977223,813400064,0.3046875
74a66f7906f6bff1,svhn,ssb-v2-block,mlp,protocol-v3,0.8,64,2,3,254,0.0013657920062541962,0.006693166971672326,813400064,0.34375
74a66f7906f6bff1,svhn,ssb-v2-block,mlp,protocol-v3,0.8,64,2,3,255,0.0014965830487199128,0.00693791703088209,813400064,0.3828125
74a66f7906f6bff1,svhn,ssb-v2-block,mlp,protocol-v3,0.8,64,2,3,256,0.0014102499699220061,0.007129041012376547,813400064,0.3515625
74a66f7906f6bff1,svhn,ssb-v2-block,mlp,protocol-v3,0.8,64,2,3,257,0.0014519999967887998,0.006429750006645918,813400064,0.3984375
74a66f7906f6bff1,svhn,ssb-v2-block,mlp,protocol-v3,0.8,64,2,3,258,0.0013740829890593886,0.00711824995232746,813400064,0.40625
74a66f7906f6bff1,svhn,ssb-v2-block,mlp,protocol-v3,0.8,64,2,3,259,0.0014006250421516597,0.0063363749650307,813416448,0.3359375
74a66f7906f6bff1,svhn,ssb-v2-block,mlp,protocol-v3,0.8,64,2,3,260,0.0014493329799734056,0.00701995799317956,813416448,0.4140625
74a66f7906f6bff1,svhn,ssb-v2-block,mlp,protocol-v3,0.8,64,2,3,261,0.0014049580204300582,0.006522375042550266,813416448,0.3671875
74a66f7906f6bff1,svhn,ssb-v2-block,mlp,protocol-v3,0.8,64,2,3,262,0.0014049169840291142,0.007477041974198073,813416448,0.3203125
74a66f7906f6bff1,svhn,ssb-v2-block,mlp,protocol-v3,0.8,64,2,3,263,0.0013778330176137388,0.007159375003539026,813416448,0.3828125
74a66f7906f6bff1,svhn,ssb-v2-block,mlp,protocol-v3,0.8,64,2,3,264,0.0014709160313941538,0.007094416010659188,813432832,0.390625
74a66f7906f6bff1,svhn,ssb-v2-block,mlp,protocol-v3,0.8,64,2,3,265,0.0014559999690391123,0.006909832998644561,813432832,0.34375
74a66f7906f6bff1,svhn,ssb-v2-block,mlp,protocol-v3,0.8,64,2,3,266,0.001461624982766807,0.0068805000046268106,813432832,0.3515625
74a66f7906f6bff1,svhn,ssb-v2-block,mlp,protocol-v3,0.8,64,2,3,267,0.0014501659898087382,0.006895833008456975,813449216,0.3359375
74a66f7906f6bff1,svhn,ssb-v2-block,mlp,protocol-v3,0.8,64,2,3,268,0.0013920830097049475,0.006484084005933255,813449216,0.359375
74a66f7906f6bff1,svhn,ssb-v2-block,mlp,protocol-v3,0.8,64,2,3,269,0.0015370000037364662,0.006294165970757604,813449216,0.3515625
74a66f7906f6bff1,svhn,ssb-v2-block,mlp,protocol-v3,0.8,64,2,3,270,0.0013691250351257622,0.006933792028576136,813449216,0.375
74a66f7906f6bff1,svhn,ssb-v2-block,mlp,protocol-v3,0.8,64,2,3,271,0.0014154170057736337,0.006979541969485581,813449216,0.4140625
74a66f7906f6bff1,svhn,ssb-v2-block,mlp,protocol-v3,0.8,64,2,3,272,0.0014625840121880174,0.007430459023453295,813449216,0.390625
74a66f7906f6bff1,svhn,ssb-v2-block,mlp,protocol-v3,0.8,64,2,3,273,0.0014522079727612436,0.006820916023571044,813449216,0.3203125
74a66f7906f6bff1,svhn,ssb-v2-block,mlp,protocol-v3,0.8,64,2,3,274,0.00147687504068017,0.006768917024601251,813449216,0.390625
74a66f7906f6bff1,svhn,ssb-v2-block,mlp,protocol-v3,0.8,64,2,3,275,0.0013965839752927423,0.007140208035707474,813449216,0.34375
74a66f7906f6bff1,svhn,ssb-v2-block,mlp,protocol-v3,0.8,64,2,3,276,0.0014574580127373338,0.006856082996819168,813449216,0.3359375
74a66f7906f6bff1,svhn,ssb-v2-block,mlp,protocol-v3,0.8,64,2,3,277,0.0013799589942209423,0.006439541990403086,813449216,0.3828125
74a66f7906f6bff1,svhn,ssb-v2-block,mlp,protocol-v3,0.8,64,2,3,278,0.0014658329891972244,0.006111999973654747,813449216,0.3359375
74a66f7906f6bff1,svhn,ssb-v2-block,mlp,protocol-v3,0.8,64,2,3,279,0.0014643340255133808,0.00716574996476993,813449216,0.375
74a66f7906f6bff1,svhn,ssb-v2-block,mlp,protocol-v3,0.8,64,2,3,280,0.0014610000071115792,0.006974458985496312,813449216,0.3203125
74a66f7906f6bff1,svhn,ssb-v2-block,mlp,protocol-v3,0.8,64,2,3,281,0.0014013749896548688,0.0067741250386461616,813449216,0.390625
74a66f7906f6bff1,svhn,ssb-v2-block,mlp,protocol-v3,0.8,64,2,3,282,0.0013793340185657144,0.007071750005707145,813449216,0.3828125
74a66f7906f6bff1,svhn,ssb-v2-block,mlp,protocol-v3,0.8,64,2,3,283,0.0014016659697517753,0.006953416974283755,813465600,0.3984375
74a66f7906f6bff1,svhn,ssb-v2-block,mlp,protocol-v3,0.8,64,2,3,284,0.001373708015307784,0.007156875042710453,813465600,0.34375
74a66f7906f6bff1,svhn,ssb-v2-block,mlp,protocol-v3,0.8,64,2,3,285,0.0014582909643650055,0.007042084005661309,813481984,0.40625
74a66f7906f6bff1,svhn,ssb-v2-block,mlp,protocol-v3,0.8,64,2,3,286,0.0013797080027870834,0.007321958022657782,813481984,0.4296875
74a66f7906f6bff1,svhn,ssb-v2-block,mlp,protocol-v3,0.8,64,2,3,287,0.0014625000185333192,0.006959582970011979,813481984,0.390625
74a66f7906f6bff1,svhn,ssb-v2-block,mlp,protocol-v3,0.8,64,2,3,288,0.001404792012181133,0.006495417037513107,813481984,0.4375
74a66f7906f6bff1,svhn,ssb-v2-block,mlp,protocol-v3,0.8,64,2,3,289,0.001407707983162254,0.007089541992172599,813481984,0.3671875
74a66f7906f6bff1,svhn,ssb-v2-block,mlp,protocol-v3,0.8,64,2,3,290,0.001466207962948829,0.0069694590056315064,813481984,0.3828125
74a66f7906f6bff1,svhn,ssb-v2-block,mlp,protocol-v3,0.8,64,2,3,291,0.001457874954212457,0.006954165990464389,813481984,0.4609375
74a66f7906f6bff1,svhn,ssb-v2-block,mlp,protocol-v3,0.8,64,2,3,292,0.0013992090243846178,0.007260625017806888,813481984,0.40625
74a66f7906f6bff1,svhn,ssb-v2-block,mlp,protocol-v3,0.8,64,2,3,293,0.001386290998198092,0.00716108299093321,813481984,0.4375
74a66f7906f6bff1,svhn,ssb-v2-block,mlp,protocol-v3,0.8,64,2,3,294,0.0014081249828450382,0.006699457997456193,813498368,0.4453125
74a66f7906f6bff1,svhn,ssb-v2-block,mlp,protocol-v3,0.8,64,2,3,295,0.001464041997678578,0.0069384160451591015,813498368,0.3671875
74a66f7906f6bff1,svhn,ssb-v2-block,mlp,protocol-v3,0.8,64,2,3,296,0.0014472079928964376,0.006829042045865208,813498368,0.328125
74a66f7906f6bff1,svhn,ssb-v2-block,mlp,protocol-v3,0.8,64,2,3,297,0.001452916010748595,0.0066723329946398735,813514752,0.3671875
74a66f7906f6bff1,svhn,ssb-v2-block,mlp,protocol-v3,0.8,64,2,3,298,0.0014071249752305448,0.00654912501340732,813531136,0.4453125
74a66f7906f6bff1,svhn,ssb-v2-block,mlp,protocol-v3,0.8,64,2,3,299,0.0014649590011686087,0.006884208007249981,813531136,0.4921875
74a66f7906f6bff1,svhn,ssb-v2-block,mlp,protocol-v3,0.8,64,2,3,300,0.0014600830036215484,0.006743500009179115,813531136,0.375
74a66f7906f6bff1,svhn,ssb-v2-block,mlp,protocol-v3,0.8,64,2,3,301,0.0014069160097278655,0.00676049996400252,813531136,0.40625
74a66f7906f6bff1,svhn,ssb-v2-block,mlp,protocol-v3,0.8,64,2,3,302,0.0014647909556515515,0.00655062502482906,813531136,0.515625
74a66f7906f6bff1,svhn,ssb-v2-block,mlp,protocol-v3,0.8,64,2,3,303,0.0014889159938320518,0.006784500030335039,813531136,0.3671875
74a66f7906f6bff1,svhn,ssb-v2-block,mlp,protocol-v3,0.8,64,2,3,304,0.001399667002260685,0.006335292011499405,813531136,0.4453125
74a66f7906f6bff1,svhn,ssb-v2-block,mlp,protocol-v3,0.8,64,2,3,305,0.0014608330093324184,0.006743332953192294,813531136,0.3828125
74a66f7906f6bff1,svhn,ssb-v2-block,mlp,protocol-v3,0.8,64,2,3,306,0.001425333961378783,0.006547124998178333,813531136,0.3984375
74a66f7906f6bff1,svhn,ssb-v2-block,mlp,protocol-v3,0.8,64,2,3,307,0.0013737909612245858,0.006895542028360069,813531136,0.453125
74a66f7906f6bff1,svhn,ssb-v2-block,mlp,protocol-v3,0.8,64,2,3,308,0.0014690419775433838,0.007074124994687736,813531136,0.3671875
74a66f7906f6bff1,svhn,ssb-v2-block,mlp,protocol-v3,0.8,64,2,3,309,0.0014542910503223538,0.00642741599585861,813531136,0.40625
74a66f7906f6bff1,svhn,ssb-v2-block,mlp,protocol-v3,0.8,64,2,3,310,0.0014024159754626453,0.006488165992777795,813531136,0.3828125
74a66f7906f6bff1,svhn,ssb-v2-block,mlp,protocol-v3,0.8,64,2,3,311,0.001423708046786487,0.007175375008955598,813531136,0.40625
74a66f7906f6bff1,svhn,ssb-v2-block,mlp,protocol-v3,0.8,64,2,3,312,0.0014079170068725944,0.006557041022460908,813531136,0.3671875
74a66f7906f6bff1,svhn,ssb-v2-block,mlp,protocol-v3,0.8,64,2,3,313,0.0013422910124063492,0.006874417013023049,813531136,0.3828125
74a66f7906f6bff1,svhn,ssb-v2-block,mlp,protocol-v3,0.8,64,2,3,314,0.0014104170259088278,0.006988416949752718,813531136,0.3046875
74a66f7906f6bff1,svhn,ssb-v2-block,mlp,protocol-v3,0.8,64,2,3,315,0.0014059170498512685,0.007026375038549304,813531136,0.3359375
74a66f7906f6bff1,svhn,ssb-v2-block,mlp,protocol-v3,0.8,64,2,3,316,0.0014477089862339199,0.006974541989620775,813531136,0.359375
74a66f7906f6bff1,svhn,ssb-v2-block,mlp,protocol-v3,0.8,64,2,3,317,0.001447166025172919,0.006706791988108307,813531136,0.421875
74a66f7906f6bff1,svhn,ssb-v2-block,mlp,protocol-v3,0.8,64,2,3,318,0.0013951250002719462,0.007215749996248633,813531136,0.40625
74a66f7906f6bff1,svhn,ssb-v2-block,mlp,protocol-v3,0.8,64,2,3,319,0.0014168330235406756,0.00653937499737367,813547520,0.421875
74a66f7906f6bff1,svhn,ssb-v2-block,mlp,protocol-v3,0.8,64,2,3,320,0.0014519169926643372,0.006316708982922137,813547520,0.3828125
74a66f7906f6bff1,svhn,ssb-v2-block,mlp,protocol-v3,0.8,64,2,3,321,0.001398957974743098,0.006622290995437652,813547520,0.3125
74a66f7906f6bff1,svhn,ssb-v2-block,mlp,protocol-v3,0.8,64,2,3,322,0.0014641250018030405,0.006934500008355826,813563904,0.390625
74a66f7906f6bff1,svhn,ssb-v2-block,mlp,protocol-v3,0.8,64,2,3,323,0.0014334580046124756,0.006791709049139172,813563904,0.34375
74a66f7906f6bff1,svhn,ssb-v2-block,mlp,protocol-v3,0.8,64,2,3,324,0.0014121660497039557,0.007034500013105571,813563904,0.3828125
74a66f7906f6bff1,svhn,ssb-v2-block,mlp,protocol-v3,0.8,64,2,3,325,0.0013987080310471356,0.006805707991588861,813563904,0.390625
74a66f7906f6bff1,svhn,ssb-v2-block,mlp,protocol-v3,0.8,64,2,3,326,0.0013966669794172049,0.0066459160298109055,813563904,0.3671875
74a66f7906f6bff1,svhn,ssb-v2-block,mlp,protocol-v3,0.8,64,2,3,327,0.0014756250311620533,0.007365083030890673,813563904,0.40625
74a66f7906f6bff1,svhn,ssb-v2-block,mlp,protocol-v3,0.8,64,2,3,328,0.001447125046979636,0.007750124961603433,813563904,0.40625
74a66f7906f6bff1,svhn,ssb-v2-block,mlp,protocol-v3,0.8,64,2,3,329,0.0014625840121880174,0.0072999580297619104,813563904,0.3984375
74a66f7906f6bff1,svhn,ssb-v2-block,mlp,protocol-v3,0.8,64,2,3,330,0.0014485830324701965,0.006700916972476989,813596672,0.375
74a66f7906f6bff1,svhn,ssb-v2-block,mlp,protocol-v3,0.8,64,2,3,331,0.0014042090042494237,0.0068232910125516355,813596672,0.3515625
74a66f7906f6bff1,svhn,ssb-v2-block,mlp,protocol-v3,0.8,64,2,3,332,0.0013911249698139727,0.006912833021488041,813596672,0.421875
74a66f7906f6bff1,svhn,ssb-v2-block,mlp,protocol-v3,0.8,64,2,3,333,0.0014614169485867023,0.0064888750202953815,813596672,0.40625
74a66f7906f6bff1,svhn,ssb-v2-block,mlp,protocol-v3,0.8,64,2,3,334,0.0013876660377718508,0.0072077090153470635,813596672,0.3125
74a66f7906f6bff1,svhn,ssb-v2-block,mlp,protocol-v3,0.8,64,2,3,335,0.0013986669946461916,0.006931042007636279,813596672,0.21875
74a66f7906f6bff1,svhn,ssb-v2-block,mlp,protocol-v3,0.8,64,2,3,336,0.0014828750281594694,0.006872250000014901,813596672,0.234375
74a66f7906f6bff1,svhn,ssb-v2-block,mlp,protocol-v3,0.8,64,2,3,337,0.0014647500356659293,0.006688125024084002,813596672,0.234375
74a66f7906f6bff1,svhn,ssb-v2-block,mlp,protocol-v3,0.8,64,2,3,338,0.001458292012102902,0.006953250034712255,813596672,0.3671875
74a66f7906f6bff1,svhn,ssb-v2-block,mlp,protocol-v3,0.8,64,2,3,339,0.0013960000360384583,0.006676916964352131,813596672,0.328125
74a66f7906f6bff1,svhn,ssb-v2-block,mlp,protocol-v3,0.8,64,2,3,340,0.0013817080180160701,0.006705625040922314,813596672,0.2421875
74a66f7906f6bff1,svhn,ssb-v2-block,mlp,protocol-v3,0.8,64,2,3,341,0.0014598750276491046,0.007574165996629745,813596672,0.3203125
74a66f7906f6bff1,svhn,ssb-v2-block,mlp,protocol-v3,0.8,64,2,3,342,0.001453333010431379,0.007256792043335736,813596672,0.25
74a66f7906f6bff1,svhn,ssb-v2-block,mlp,protocol-v3,0.8,64,2,3,343,0.001465582987293601,0.007176791958045214,813596672,0.296875
74a66f7906f6bff1,svhn,ssb-v2-block,mlp,protocol-v3,0.8,64,2,3,344,0.0014654580154456198,0.006972166011109948,813596672,0.3046875
74a66f7906f6bff1,svhn,ssb-v2-block,mlp,protocol-v3,0.8,64,2,3,345,0.0013868749956600368,0.006748749990947545,813596672,0.2578125
74a66f7906f6bff1,svhn,ssb-v2-block,mlp,protocol-v3,0.8,64,2,3,346,0.001408749958500266,0.006637000013142824,813613056,0.3828125
74a66f7906f6bff1,svhn,ssb-v2-block,mlp,protocol-v3,0.8,64,2,3,347,0.0014136669924482703,0.006699624995235354,813613056,0.2890625
74a66f7906f6bff1,svhn,ssb-v2-block,mlp,protocol-v3,0.8,64,2,3,348,0.0014089169562794268,0.007213000033516437,813629440,0.265625
74a66f7906f6bff1,svhn,ssb-v2-block,mlp,protocol-v3,0.8,64,2,3,349,0.001401041983626783,0.00765625003259629,813645824,0.2734375
74a66f7906f6bff1,svhn,ssb-v2-block,mlp,protocol-v3,0.8,64,2,3,350,0.0014027910074219108,0.007172083016484976,813645824,0.265625
74a66f7906f6bff1,svhn,ssb-v2-block,mlp,protocol-v3,0.8,64,2,3,351,0.0014074170030653477,0.00613320799311623,813645824,0.3125
74a66f7906f6bff1,svhn,ssb-v2-block,mlp,protocol-v3,0.8,64,2,3,352,0.0014547089813277125,0.0066523749846965075,813645824,0.1875
74a66f7906f6bff1,svhn,ssb-v2-block,mlp,protocol-v3,0.8,64,2,3,353,0.0014045420102775097,0.00693470798432827,813645824,0.34375
74a66f7906f6bff1,svhn,ssb-v2-block,mlp,protocol-v3,0.8,64,2,3,354,0.001393916958477348,0.0073369579622522,813645824,0.3671875
74a66f7906f6bff1,svhn,ssb-v2-block,mlp,protocol-v3,0.8,64,2,3,355,0.001502791012171656,0.0067962080356664956,813645824,0.3515625
74a66f7906f6bff1,svhn,ssb-v2-block,mlp,protocol-v3,0.8,64,2,3,356,0.0013697089743800461,0.006837875000201166,813645824,0.375
74a66f7906f6bff1,svhn,ssb-v2-block,mlp,protocol-v3,0.8,64,2,3,357,0.0014676249702461064,0.006477084010839462,813645824,0.3515625
74a66f7906f6bff1,svhn,ssb-v2-block,mlp,protocol-v3,0.8,64,2,3,358,0.0013949170242995024,0.00704424997093156,813645824,0.3671875
74a66f7906f6bff1,svhn,ssb-v2-block,mlp,protocol-v3,0.8,64,2,3,359,0.0014015830238349736,0.006561041984241456,813662208,0.3359375
74a66f7906f6bff1,svhn,ssb-v2-block,mlp,protocol-v3,0.8,64,2,3,360,0.0014535000082105398,0.0070701660006307065,813662208,0.390625
74a66f7906f6bff1,svhn,ssb-v2-block,mlp,protocol-v3,0.8,64,2,3,361,0.0014575410168617964,0.007286541978828609,813678592,0.375
74a66f7906f6bff1,svhn,ssb-v2-block,mlp,protocol-v3,0.8,64,2,3,362,0.0016090000281110406,0.006735957984346896,813678592,0.375
74a66f7906f6bff1,svhn,ssb-v2-block,mlp,protocol-v3,0.8,64,2,3,363,0.0014567080070264637,0.006730749970301986,813694976,0.28125
74a66f7906f6bff1,svhn,ssb-v2-block,mlp,protocol-v3,0.8,64,2,3,364,0.0013898329925723374,0.006767749960999936,813694976,0.3203125
74a66f7906f6bff1,svhn,ssb-v2-block,mlp,protocol-v3,0.8,64,2,3,365,0.0014111659838818014,0.007011917012277991,813694976,0.390625
74a66f7906f6bff1,svhn,ssb-v2-block,mlp,protocol-v3,0.8,64,2,3,366,0.001399042026605457,0.007085457968059927,813694976,0.40625
74a66f7906f6bff1,svhn,ssb-v2-block,mlp,protocol-v3,0.8,64,2,3,367,0.001380500034429133,0.006872040976304561,813694976,0.4296875
74a66f7906f6bff1,svhn,ssb-v2-block,mlp,protocol-v3,0.8,64,2,3,368,0.00152058299863711,0.007304958009626716,813694976,0.421875
74a66f7906f6bff1,svhn,ssb-v2-block,mlp,protocol-v3,0.8,64,2,3,369,0.0014652080135419965,0.0064080419833771884,813694976,0.4609375
74a66f7906f6bff1,svhn,ssb-v2-block,mlp,protocol-v3,0.8,64,2,3,370,0.0014382090303115547,0.006627499999012798,813711360,0.40625
74a66f7906f6bff1,svhn,ssb-v2-block,mlp,protocol-v3,0.8,64,2,3,371,0.0014676249702461064,0.0072322500054724514,813711360,0.375
74a66f7906f6bff1,svhn,ssb-v2-block,mlp,protocol-v3,0.8,64,2,3,372,0.0014649999793618917,0.00700049998704344,813711360,0.3046875
74a66f7906f6bff1,svhn,ssb-v2-block,mlp,protocol-v3,0.8,64,2,3,373,0.0014587920159101486,0.006738791998941451,813711360,0.3984375
74a66f7906f6bff1,svhn,ssb-v2-block,mlp,protocol-v3,0.8,64,2,3,374,0.0014019579975865781,0.007044500031042844,813727744,0.4453125
74a66f7906f6bff1,svhn,ssb-v2-block,mlp,protocol-v3,0.8,64,2,3,375,0.0015567500377073884,0.007104334014002234,813727744,0.3828125
74a66f7906f6bff1,svhn,ssb-v2-block,mlp,protocol-v3,0.8,64,2,3,376,0.0013737499830313027,0.006763082987163216,813727744,0.4453125
74a66f7906f6bff1,svhn,ssb-v2-block,mlp,protocol-v3,0.8,64,2,3,377,0.0014519999967887998,0.006982040998991579,813727744,0.4140625
74a66f7906f6bff1,svhn,ssb-v2-block,mlp,protocol-v3,0.8,64,2,3,378,0.001422458968590945,0.006736540992278606,813727744,0.34375
74a66f7906f6bff1,svhn,ssb-v2-block,mlp,protocol-v3,0.8,64,2,3,379,0.0013912079739384353,0.00726387498434633,813727744,0.34375
74a66f7906f6bff1,svhn,ssb-v2-block,mlp,protocol-v3,0.8,64,2,3,380,0.0014053330523893237,0.007269082998391241,813727744,0.421875
74a66f7906f6bff1,svhn,ssb-v2-block,mlp,protocol-v3,0.8,64,2,3,381,0.001391666999552399,0.006987333006691188,813744128,0.421875
74a66f7906f6bff1,svhn,ssb-v2-block,mlp,protocol-v3,0.8,64,2,3,382,0.0014522079727612436,0.006531624996569008,813744128,0.390625
74a66f7906f6bff1,svhn,ssb-v2-block,mlp,protocol-v3,0.8,64,2,3,383,0.0014571250067092478,0.006824582989793271,813744128,0.4140625
74a66f7906f6bff1,svhn,ssb-v2-block,mlp,protocol-v3,0.8,64,2,3,384,0.0014075000071898103,0.007151625002734363,813760512,0.3515625
74a66f7906f6bff1,svhn,ssb-v2-block,mlp,protocol-v3,0.8,64,2,3,385,0.0014079579850658774,0.006634792021941394,813760512,0.4765625
74a66f7906f6bff1,svhn,ssb-v2-block,mlp,protocol-v3,0.8,64,2,3,386,0.0013831249671056867,0.0067350000026635826,813760512,0.328125
74a66f7906f6bff1,svhn,ssb-v2-block,mlp,protocol-v3,0.8,64,2,3,387,0.0014634589897468686,0.006580292014405131,813760512,0.3671875
74a66f7906f6bff1,svhn,ssb-v2-block,mlp,protocol-v3,0.8,64,2,3,388,0.0014022079994902015,0.006810042017605156,813760512,0.4140625
74a66f7906f6bff1,svhn,ssb-v2-block,mlp,protocol-v3,0.8,64,2,3,389,0.0013897910248488188,0.007032958965282887,813776896,0.421875
74a66f7906f6bff1,svhn,ssb-v2-block,mlp,protocol-v3,0.8,64,2,3,390,0.0014575000386685133,0.007090999977663159,813776896,0.4765625
74a66f7906f6bff1,svhn,ssb-v2-block,mlp,protocol-v3,0.8,64,2,3,391,0.001407582953106612,0.006491084001027048,813776896,0.296875
74a66f7906f6bff1,svhn,ssb-v2-block,mlp,protocol-v3,0.8,64,2,3,392,0.0014053749619051814,0.0063955000368878245,813776896,0.296875
74a66f7906f6bff1,svhn,ssb-v2-block,mlp,protocol-v3,0.8,64,2,3,393,0.0014566669706255198,0.0069481669925153255,813776896,0.453125
74a66f7906f6bff1,svhn,ssb-v2-block,mlp,protocol-v3,0.8,64,2,3,394,0.0014642499736510217,0.006985666987020522,813776896,0.34375
74a66f7906f6bff1,svhn,ssb-v2-block,mlp,protocol-v3,0.8,64,2,3,395,0.0014048750163055956,0.006731500034220517,813776896,0.4140625
74a66f7906f6bff1,svhn,ssb-v2-block,mlp,protocol-v3,0.8,64,2,3,396,0.0013874999713152647,0.006785499979741871,813776896,0.3125
74a66f7906f6bff1,svhn,ssb-v2-block,mlp,protocol-v3,0.8,64,2,3,397,0.0014649999793618917,0.006965624983422458,813776896,0.390625
74a66f7906f6bff1,svhn,ssb-v2-block,mlp,protocol-v3,0.8,64,2,3,398,0.0014612500090152025,0.006974457995966077,813809664,0.421875
74a66f7906f6bff1,svhn,ssb-v2-block,mlp,protocol-v3,0.8,64,2,3,399,0.0013739169808104634,0.0070672500296495855,813809664,0.4140625
74a66f7906f6bff1,svhn,ssb-v2-block,mlp,protocol-v3,0.8,64,2,3,400,0.0014785839593969285,0.007415624975692481,813809664,0.453125
74a66f7906f6bff1,svhn,ssb-v2-block,mlp,protocol-v3,0.8,64,2,3,401,0.0014180419966578484,0.006879916996695101,813826048,0.46875
74a66f7906f6bff1,svhn,ssb-v2-block,mlp,protocol-v3,0.8,64,2,3,402,0.0013780840090475976,0.007097084017004818,813826048,0.3359375
74a66f7906f6bff1,svhn,ssb-v2-block,mlp,protocol-v3,0.8,64,2,3,403,0.001459833001717925,0.0072135000373236835,813826048,0.3671875
74a66f7906f6bff1,svhn,ssb-v2-block,mlp,protocol-v3,0.8,64,2,3,404,0.001444583002012223,0.006836874992586672,813842432,0.421875
74a66f7906f6bff1,svhn,ssb-v2-block,mlp,protocol-v3,0.8,64,2,3,405,0.0014392919838428497,0.0072537080268375576,813842432,0.4140625
74a66f7906f6bff1,svhn,ssb-v2-block,mlp,protocol-v3,0.8,64,2,3,406,0.0013849580427631736,0.00704349996522069,813842432,0.4453125
74a66f7906f6bff1,svhn,ssb-v2-block,mlp,protocol-v3,0.8,64,2,3,407,0.0013720000279136002,0.0071598750073462725,813842432,0.46875
74a66f7906f6bff1,svhn,ssb-v2-block,mlp,protocol-v3,0.8,64,2,3,408,0.0013804170303046703,0.006804624979849905,813842432,0.3125
74a66f7906f6bff1,svhn,ssb-v2-block,mlp,protocol-v3,0.8,64,2,3,409,0.0014568750048056245,0.007630458974745125,813858816,0.3515625
74a66f7906f6bff1,svhn,ssb-v2-block,mlp,protocol-v3,0.8,64,2,3,410,0.0014332080027088523,0.0066683749901130795,813858816,0.375
74a66f7906f6bff1,svhn,ssb-v2-block,mlp,protocol-v3,0.8,64,2,3,411,0.0014281670446507633,0.00608420796925202,813858816,0.4609375
74a66f7906f6bff1,svhn,ssb-v2-block,mlp,protocol-v3,0.8,64,2,3,412,0.0013995409826748073,0.00683133298298344,813858816,0.421875
74a66f7906f6bff1,svhn,ssb-v2-block,mlp,protocol-v3,0.8,64,2,3,413,0.0014874999760650098,0.007005584018770605,813858816,0.3515625
74a66f7906f6bff1,svhn,ssb-v2-block,mlp,protocol-v3,0.8,64,2,3,414,0.0014730829861946404,0.006659083999693394,813858816,0.421875
74a66f7906f6bff1,svhn,ssb-v2-block,mlp,protocol-v3,0.8,64,2,3,415,0.0014050829922780395,0.007009583991020918,813858816,0.3359375
74a66f7906f6bff1,svhn,ssb-v2-block,mlp,protocol-v3,0.8,64,2,3,416,0.0014642089954577386,0.007560750003904104,813858816,0.421875
74a66f7906f6bff1,svhn,ssb-v2-block,mlp,protocol-v3,0.8,64,2,3,417,0.0014707919908687472,0.007109666999895126,813858816,0.421875
74a66f7906f6bff1,svhn,ssb-v2-block,mlp,protocol-v3,0.8,64,2,3,418,0.0013896249583922327,0.007131416001357138,813858816,0.4921875
74a66f7906f6bff1,svhn,ssb-v2-block,mlp,protocol-v3,0.8,64,2,3,419,0.0014121250133030117,0.006904540990944952,813875200,0.453125
74a66f7906f6bff1,svhn,ssb-v2-block,mlp,protocol-v3,0.8,64,2,3,420,0.0014124999870546162,0.007015417038928717,813875200,0.390625
74a66f7906f6bff1,svhn,ssb-v2-block,mlp,protocol-v3,0.8,64,2,3,421,0.0014542920398525894,0.006743250007275492,813875200,0.375
74a66f7906f6bff1,svhn,ssb-v2-block,mlp,protocol-v3,0.8,64,2,3,422,0.0016857499722391367,0.006857083993963897,813875200,0.34375
74a66f7906f6bff1,svhn,ssb-v2-block,mlp,protocol-v3,0.8,64,2,3,423,0.0014214999973773956,0.007354874978773296,813875200,0.4921875
74a66f7906f6bff1,svhn,ssb-v2-block,mlp,protocol-v3,0.8,64,2,3,424,0.0014485419960692525,0.006868791999295354,813875200,0.3828125
74a66f7906f6bff1,svhn,ssb-v2-block,mlp,protocol-v3,0.8,64,2,3,425,0.0014049999881535769,0.006781957985367626,813875200,0.34375
74a66f7906f6bff1,svhn,ssb-v2-block,mlp,protocol-v3,0.8,64,2,3,426,0.0015012090443633497,0.006845541996881366,813875200,0.40625
74a66f7906f6bff1,svhn,ssb-v2-block,mlp,protocol-v3,0.8,64,2,3,427,0.001456082973163575,0.0070166250225156546,813875200,0.390625
74a66f7906f6bff1,svhn,ssb-v2-block,mlp,protocol-v3,0.8,64,2,3,428,0.0014293750282377005,0.0067277500056661665,813875200,0.4140625
74a66f7906f6bff1,svhn,ssb-v2-block,mlp,protocol-v3,0.8,64,2,3,429,0.0014657920110039413,0.006920707994140685,813875200,0.3984375
74a66f7906f6bff1,svhn,ssb-v2-block,mlp,protocol-v3,0.8,64,2,3,430,0.0014105410082265735,0.006927042035385966,813875200,0.4140625
74a66f7906f6bff1,svhn,ssb-v2-block,mlp,protocol-v3,0.8,64,2,3,431,0.001402541995048523,0.007071040978189558,813907968,0.3828125
74a66f7906f6bff1,svhn,ssb-v2-block,mlp,protocol-v3,0.8,64,2,3,432,0.0014065830036997795,0.006889750016853213,813907968,0.421875
74a66f7906f6bff1,svhn,ssb-v2-block,mlp,protocol-v3,0.8,64,2,3,433,0.0013944579986855388,0.007308207976166159,813907968,0.4375
74a66f7906f6bff1,svhn,ssb-v2-block,mlp,protocol-v3,0.8,64,2,3,434,0.0013931249850429595,0.0067993749980814755,813907968,0.4140625
74a66f7906f6bff1,svhn,ssb-v2-block,mlp,protocol-v3,0.8,64,2,3,435,0.0013932500150986016,0.007021041994448751,813924352,0.453125
74a66f7906f6bff1,svhn,ssb-v2-block,mlp,protocol-v3,0.8,64,2,3,436,0.0013716249959543347,0.006769166036974639,813924352,0.421875
74a66f7906f6bff1,svhn,ssb-v2-block,mlp,protocol-v3,0.8,64,2,3,437,0.0014097079983912408,0.006563625007402152,813924352,0.3515625
74a66f7906f6bff1,svhn,ssb-v2-block,mlp,protocol-v3,0.8,64,2,3,438,0.0014063330017961562,0.007283916987944394,813924352,0.4296875
74a66f7906f6bff1,svhn,ssb-v2-block,mlp,protocol-v3,0.8,64,2,3,439,0.0015522080357186496,0.006718584045302123,813924352,0.375
74a66f7906f6bff1,svhn,ssb-v2-block,mlp,protocol-v3,0.8,64,2,3,440,0.0014016249915584922,0.007050791988149285,813924352,0.421875
74a66f7906f6bff1,svhn,ssb-v2-block,mlp,protocol-v3,0.8,64,2,3,441,0.0013763749739155173,0.007510374998673797,813940736,0.4609375
74a66f7906f6bff1,svhn,ssb-v2-block,mlp,protocol-v3,0.8,64,2,3,442,0.0013776670093648136,0.006384707987308502,813940736,0.3984375
74a66f7906f6bff1,svhn,ssb-v2-block,mlp,protocol-v3,0.8,64,2,3,443,0.001451167045161128,0.006958916026633233,813940736,0.375
74a66f7906f6bff1,svhn,ssb-v2-block,mlp,protocol-v3,0.8,64,2,3,444,0.0014595829998143017,0.006815040949732065,813940736,0.3828125
74a66f7906f6bff1,svhn,ssb-v2-block,mlp,protocol-v3,0.8,64,2,3,445,0.0014387089759111404,0.0066256250138394535,813940736,0.34375
74a66f7906f6bff1,svhn,ssb-v2-block,mlp,protocol-v3,0.8,64,2,3,446,0.001379750028718263,0.006820041977334768,813940736,0.4140625
74a66f7906f6bff1,svhn,ssb-v2-block,mlp,protocol-v3,0.8,64,2,3,447,0.0014515829971060157,0.006909666990395635,813940736,0.4453125
74a66f7906f6bff1,svhn,ssb-v2-block,mlp,protocol-v3,0.8,64,2,3,448,0.0013984160032123327,0.00686708401190117,813940736,0.421875
74a66f7906f6bff1,svhn,ssb-v2-block,mlp,protocol-v3,0.8,64,2,3,449,0.0013806659844703972,0.007080624985974282,813957120,0.3984375
74a66f7906f6bff1,svhn,ssb-v2-block,mlp,protocol-v3,0.8,64,2,3,450,0.0014594999956898391,0.006952584022656083,813957120,0.40625
74a66f7906f6bff1,svhn,ssb-v2-block,mlp,protocol-v3,0.8,64,2,3,451,0.001452916010748595,0.006430374982301146,813957120,0.3515625
74a66f7906f6bff1,svhn,ssb-v2-block,mlp,protocol-v3,0.8,64,2,3,452,0.0015255840262398124,0.006933041964657605,813957120,0.390625
74a66f7906f6bff1,svhn,ssb-v2-block,mlp,protocol-v3,0.8,64,2,3,453,0.0014074999489821494,0.00715004198718816,813957120,0.4375
74a66f7906f6bff1,svhn,ssb-v2-block,mlp,protocol-v3,0.8,64,2,3,454,0.001392417005263269,0.006357959005981684,813957120,0.453125
74a66f7906f6bff1,svhn,ssb-v2-block,mlp,protocol-v3,0.8,64,2,3,455,0.0014555829693563282,0.006971708033233881,813957120,0.3515625
74a66f7906f6bff1,svhn,ssb-v2-block,mlp,protocol-v3,0.8,64,2,3,456,0.0014646659838035703,0.007437334046699107,813957120,0.390625
74a66f7906f6bff1,svhn,ssb-v2-block,mlp,protocol-v3,0.8,64,2,3,457,0.0014787919935770333,0.006481833988800645,813957120,0.375
74a66f7906f6bff1,svhn,ssb-v2-block,mlp,protocol-v3,0.8,64,2,3,458,0.0013799999724142253,0.006751457985956222,813957120,0.4609375
74a66f7906f6bff1,svhn,ssb-v2-block,mlp,protocol-v3,0.8,64,2,3,459,0.0014621660229749978,0.0066749160178005695,813957120,0.4296875
74a66f7906f6bff1,svhn,ssb-v2-block,mlp,protocol-v3,0.8,64,2,3,460,0.0014541670097969472,0.006831500038970262,813957120,0.4453125
74a66f7906f6bff1,svhn,ssb-v2-block,mlp,protocol-v3,0.8,64,2,3,461,0.0014001669478602707,0.006941166007891297,813957120,0.359375
74a66f7906f6bff1,svhn,ssb-v2-block,mlp,protocol-v3,0.8,64,2,3,462,0.001387332973536104,0.0067892500082962215,813957120,0.4375
74a66f7906f6bff1,svhn,ssb-v2-block,mlp,protocol-v3,0.8,64,2,3,463,0.0014204999897629023,0.0072217920096591115,813973504,0.3828125
74a66f7906f6bff1,svhn,ssb-v2-block,mlp,protocol-v3,0.8,64,2,3,464,0.0014736669836565852,0.0071269170148298144,813989888,0.453125
74a66f7906f6bff1,svhn,ssb-v2-block,mlp,protocol-v3,0.8,64,2,3,465,0.0014589999918825924,0.006899875006638467,813989888,0.4609375
74a66f7906f6bff1,svhn,ssb-v2-block,mlp,protocol-v3,0.8,64,2,3,466,0.0014609169447794557,0.00674387498293072,813989888,0.4921875
74a66f7906f6bff1,svhn,ssb-v2-block,mlp,protocol-v3,0.8,64,2,3,467,0.001396792009472847,0.006902292021550238,813989888,0.3671875
74a66f7906f6bff1,svhn,ssb-v2-block,mlp,protocol-v3,0.8,64,2,3,468,0.0013738330453634262,0.007204624998848885,813989888,0.515625
74a66f7906f6bff1,svhn,ssb-v2-block,mlp,protocol-v3,0.8,64,2,3,469,0.0014515409711748362,0.007085624965839088,813989888,0.359375
74a66f7906f6bff1,svhn,ssb-v2-block,mlp,protocol-v3,0.8,64,2,3,470,0.0014628330245614052,0.007118457986507565,813989888,0.421875
74a66f7906f6bff1,svhn,ssb-v2-block,mlp,protocol-v3,0.8,64,2,3,471,0.0014584999880753458,0.007066291989758611,814006272,0.453125
74a66f7906f6bff1,svhn,ssb-v2-block,mlp,protocol-v3,0.8,64,2,3,472,0.0014664579648524523,0.006605292030144483,814006272,0.4609375
74a66f7906f6bff1,svhn,ssb-v2-block,mlp,protocol-v3,0.8,64,2,3,473,0.001379708992317319,0.007056790986098349,814022656,0.46875
74a66f7906f6bff1,svhn,ssb-v2-block,mlp,protocol-v3,0.8,64,2,3,474,0.0013882500352337956,0.007066000020131469,814039040,0.359375
74a66f7906f6bff1,svhn,ssb-v2-block,mlp,protocol-v3,0.8,64,2,3,475,0.0014082089764997363,0.0072721660253591835,814039040,0.4609375
74a66f7906f6bff1,svhn,ssb-v2-block,mlp,protocol-v3,0.8,64,2,3,476,0.001366000040434301,0.007167708012275398,814039040,0.4453125
74a66f7906f6bff1,svhn,ssb-v2-block,mlp,protocol-v3,0.8,64,2,3,477,0.001481790968682617,0.007086541969329119,814039040,0.4296875
74a66f7906f6bff1,svhn,ssb-v2-block,mlp,protocol-v3,0.8,64,2,3,478,0.001464832981582731,0.007066666032187641,814039040,0.421875
74a66f7906f6bff1,svhn,ssb-v2-block,mlp,protocol-v3,0.8,64,2,3,479,0.0014563330332748592,0.00716108299093321,814039040,0.4453125
74a66f7906f6bff1,svhn,ssb-v2-block,mlp,protocol-v3,0.8,64,2,3,480,0.001458417042158544,0.007110541046131402,814039040,0.4296875
74a66f7906f6bff1,svhn,ssb-v2-block,mlp,protocol-v3,0.8,64,2,3,481,0.0014395000180229545,0.00637433398514986,814039040,0.4140625
74a66f7906f6bff1,svhn,ssb-v2-block,mlp,protocol-v3,0.8,64,2,3,482,0.0013908749679103494,0.006408666959032416,814039040,0.390625
74a66f7906f6bff1,svhn,ssb-v2-block,mlp,protocol-v3,0.8,64,2,3,483,0.0014682500041089952,0.006918707978911698,814055424,0.421875
74a66f7906f6bff1,svhn,ssb-v2-block,mlp,protocol-v3,0.8,64,2,3,484,0.0014500420074909925,0.007276000047568232,814055424,0.53125
74a66f7906f6bff1,svhn,ssb-v2-block,mlp,protocol-v3,0.8,64,2,3,485,0.0014683330082334578,0.0073369170422665775,814055424,0.4375
74a66f7906f6bff1,svhn,ssb-v2-block,mlp,protocol-v3,0.8,64,2,3,486,0.0015657920157536864,0.007036833965685219,814055424,0.375
74a66f7906f6bff1,svhn,ssb-v2-block,mlp,protocol-v3,0.8,64,2,3,487,0.0014277920126914978,0.006814208987634629,814071808,0.4296875
74a66f7906f6bff1,svhn,ssb-v2-block,mlp,protocol-v3,0.8,64,2,3,488,0.001379124994855374,0.006907999981194735,814071808,0.4921875
74a66f7906f6bff1,svhn,ssb-v2-block,mlp,protocol-v3,0.8,64,2,3,489,0.0013995420304127038,0.006293750018812716,814071808,0.40625
74a66f7906f6bff1,svhn,ssb-v2-block,mlp,protocol-v3,0.8,64,2,3,490,0.00146658398443833,0.007113667030353099,814071808,0.4296875
74a66f7906f6bff1,svhn,ssb-v2-block,mlp,protocol-v3,0.8,64,2,3,491,0.0014527080347761512,0.006719875033013523,814071808,0.3984375
74a66f7906f6bff1,svhn,ssb-v2-block,mlp,protocol-v3,0.8,64,2,3,492,0.0014097500243224204,0.006906041002366692,814088192,0.421875
74a66f7906f6bff1,svhn,ssb-v2-block,mlp,protocol-v3,0.8,64,2,3,493,0.0014722089981660247,0.006451709021348506,814088192,0.46875
74a66f7906f6bff1,svhn,ssb-v2-block,mlp,protocol-v3,0.8,64,2,3,494,0.0013902499922551215,0.00688795797759667,814088192,0.46875
74a66f7906f6bff1,svhn,ssb-v2-block,mlp,protocol-v3,0.8,64,2,3,495,0.0014140420244075358,0.006870499986689538,814104576,0.3984375
74a66f7906f6bff1,svhn,ssb-v2-block,mlp,protocol-v3,0.8,64,2,3,496,0.0013834169949404895,0.0070483749732375145,814104576,0.4609375
74a66f7906f6bff1,svhn,ssb-v2-block,mlp,protocol-v3,0.8,64,2,3,497,0.0014646660420112312,0.006797665962949395,814104576,0.40625
74a66f7906f6bff1,svhn,ssb-v2-block,mlp,protocol-v3,0.8,64,2,3,498,0.0014621249865740538,0.007102500007022172,814104576,0.3359375
74a66f7906f6bff1,svhn,ssb-v2-block,mlp,protocol-v3,0.8,64,2,3,499,0.001457999984268099,0.006911374977789819,814104576,0.3984375
74a66f7906f6bff1,svhn,ssb-v2-block,mlp,protocol-v3,0.8,64,2,3,500,0.001405458024237305,0.006840749992989004,814104576,0.46875
74a66f7906f6bff1,svhn,ssb-v2-block,mlp,protocol-v3,0.8,64,2,3,501,0.0014238329604268074,0.006945333967451006,814104576,0.3828125
74a66f7906f6bff1,svhn,ssb-v2-block,mlp,protocol-v3,0.8,64,2,3,502,0.001373999984934926,0.007228834030684084,814104576,0.484375
74a66f7906f6bff1,svhn,ssb-v2-block,mlp,protocol-v3,0.8,64,2,3,503,0.0014146659523248672,0.006861332978587598,814104576,0.390625
74a66f7906f6bff1,svhn,ssb-v2-block,mlp,protocol-v3,0.8,64,2,3,504,0.0014698330196551979,0.00685691594844684,814104576,0.3984375
74a66f7906f6bff1,svhn,ssb-v2-block,mlp,protocol-v3,0.8,64,2,3,505,0.0013948749983683228,0.00673100003041327,814104576,0.3671875
74a66f7906f6bff1,svhn,ssb-v2-block,mlp,protocol-v3,0.8,64,2,3,506,0.001394249964505434,0.007005084014963359,814104576,0.390625
74a66f7906f6bff1,svhn,ssb-v2-block,mlp,protocol-v3,0.8,64,2,3,507,0.0013969580177217722,0.00787812500493601,814104576,0.3359375
74a66f7906f6bff1,svhn,ssb-v2-block,mlp,protocol-v3,0.8,64,2,3,508,0.0014029580052010715,0.0067096250131726265,814120960,0.4609375
74a66f7906f6bff1,svhn,ssb-v2-block,mlp,protocol-v3,0.8,64,2,3,509,0.0014040410169400275,0.006906583032105118,814120960,0.40625
74a66f7906f6bff1,svhn,ssb-v2-block,mlp,protocol-v3,0.8,64,2,3,510,0.0014745830558240414,0.007337875023949891,814120960,0.46875
74a66f7906f6bff1,svhn,ssb-v2-block,mlp,protocol-v3,0.8,64,2,3,511,0.001400791050400585,0.007067291997373104,814120960,0.484375
74a66f7906f6bff1,svhn,ssb-v2-block,mlp,protocol-v3,0.8,64,2,3,512,0.0014552500215359032,0.006902791967149824,814120960,0.5234375
74a66f7906f6bff1,svhn,ssb-v2-block,mlp,protocol-v3,0.8,64,2,3,513,0.0014042500406503677,0.007562790997326374,814137344,0.390625
74a66f7906f6bff1,svhn,ssb-v2-block,mlp,protocol-v3,0.8,64,2,3,514,0.0013965420075692236,0.006789041042793542,814153728,0.375
74a66f7906f6bff1,svhn,ssb-v2-block,mlp,protocol-v3,0.8,64,2,3,515,0.0014648340293206275,0.006912040989845991,814153728,0.3984375
74a66f7906f6bff1,svhn,ssb-v2-block,mlp,protocol-v3,0.8,64,2,3,516,0.0014603339950554073,0.006424249964766204,814153728,0.390625
74a66f7906f6bff1,svhn,ssb-v2-block,mlp,protocol-v3,0.8,64,2,3,517,0.0014026249991729856,0.006675000011455268,814153728,0.4296875
74a66f7906f6bff1,svhn,ssb-v2-block,mlp,protocol-v3,0.8,64,2,3,518,0.0013820420135743916,0.007030042004771531,814153728,0.4921875
74a66f7906f6bff1,svhn,ssb-v2-block,mlp,protocol-v3,0.8,64,2,3,519,0.0014604580355808139,0.007381582981906831,814153728,0.484375
74a66f7906f6bff1,svhn,ssb-v2-block,mlp,protocol-v3,0.8,64,2,3,520,0.0014610840007662773,0.006790500017814338,814153728,0.421875
74a66f7906f6bff1,svhn,ssb-v2-block,mlp,protocol-v3,0.8,64,2,3,521,0.0014584999880753458,0.006571332982275635,814170112,0.3671875
74a66f7906f6bff1,svhn,ssb-v2-block,mlp,protocol-v3,0.8,64,2,3,522,0.0013969170395284891,0.007578834018204361,814170112,0.3828125
74a66f7906f6bff1,svhn,ssb-v2-block,mlp,protocol-v3,0.8,64,2,3,523,0.001405542017892003,0.007104833028279245,814170112,0.3671875
74a66f7906f6bff1,svhn,ssb-v2-block,mlp,protocol-v3,0.8,64,2,3,524,0.0014088749885559082,0.006861208996269852,814170112,0.4140625
74a66f7906f6bff1,svhn,ssb-v2-block,mlp,protocol-v3,0.8,64,2,3,525,0.001376125030219555,0.006622583954595029,814170112,0.4609375
74a66f7906f6bff1,svhn,ssb-v2-block,mlp,protocol-v3,0.8,64,2,3,526,0.0013937919866293669,0.0071544169913977385,814170112,0.4296875
74a66f7906f6bff1,svhn,ssb-v2-block,mlp,protocol-v3,0.8,64,2,3,527,0.0014086670125834644,0.006863625021651387,814170112,0.4296875
74a66f7906f6bff1,svhn,ssb-v2-block,mlp,protocol-v3,0.8,64,2,3,528,0.0013852919801138341,0.006517500034533441,814170112,0.3984375
74a66f7906f6bff1,svhn,ssb-v2-block,mlp,protocol-v3,0.8,64,2,3,529,0.0014559589908458292,0.007262125029228628,814186496,0.453125
74a66f7906f6bff1,svhn,ssb-v2-block,mlp,protocol-v3,0.8,64,2,3,530,0.0014602500014007092,0.007166458002757281,814186496,0.4375
74a66f7906f6bff1,svhn,ssb-v2-block,mlp,protocol-v3,0.8,64,2,3,531,0.0014588329941034317,0.007135917025152594,814202880,0.421875
74a66f7906f6bff1,svhn,ssb-v2-block,mlp,protocol-v3,0.8,64,2,3,532,0.0014075840008445084,0.006889708980452269,814202880,0.3984375
74a66f7906f6bff1,svhn,ssb-v2-block,mlp,protocol-v3,0.8,64,2,3,533,0.0013852089759893715,0.007054332992993295,814202880,0.421875
74a66f7906f6bff1,svhn,ssb-v2-block,mlp,protocol-v3,0.8,64,2,3,534,0.0013752089580520988,0.006654667027760297,814219264,0.390625
74a66f7906f6bff1,svhn,ssb-v2-block,mlp,protocol-v3,0.8,64,2,3,535,0.0014640839654020965,0.0072739580064080656,814219264,0.453125
74a66f7906f6bff1,svhn,ssb-v2-block,mlp,protocol-v3,0.8,64,2,3,536,0.001475416007451713,0.00696816697018221,814235648,0.4453125
74a66f7906f6bff1,svhn,ssb-v2-block,mlp,protocol-v3,0.8,64,2,3,537,0.0014548749895766377,0.0070632079732604325,814235648,0.4140625
74a66f7906f6bff1,svhn,ssb-v2-block,mlp,protocol-v3,0.8,64,2,3,538,0.0013873749994672835,0.006982250022701919,814235648,0.4140625
74a66f7906f6bff1,svhn,ssb-v2-block,mlp,protocol-v3,0.8,64,2,3,539,0.0013704170123673975,0.007265083026140928,814235648,0.46875
74a66f7906f6bff1,svhn,ssb-v2-block,mlp,protocol-v3,0.8,64,2,3,540,0.0014849579893052578,0.007404709002003074,814235648,0.359375
74a66f7906f6bff1,svhn,ssb-v2-block,mlp,protocol-v3,0.8,64,2,3,541,0.001406292023602873,0.006785709003452212,814235648,0.390625
74a66f7906f6bff1,svhn,ssb-v2-block,mlp,protocol-v3,0.8,64,2,3,542,0.0014712080010212958,0.007228291011415422,814235648,0.4296875
74a66f7906f6bff1,svhn,ssb-v2-block,mlp,protocol-v3,0.8,64,2,3,543,0.0014632079983130097,0.007075333036482334,814235648,0.5234375
74a66f7906f6bff1,svhn,ssb-v2-block,mlp,protocol-v3,0.8,64,2,3,544,0.0013818330480717123,0.0067577079753391445,814235648,0.4296875
74a66f7906f6bff1,svhn,ssb-v2-block,mlp,protocol-v3,0.8,64,2,3,545,0.0014079579850658774,0.0066244579502381384,814235648,0.296875
74a66f7906f6bff1,svhn,ssb-v2-block,mlp,protocol-v3,0.8,64,2,3,546,0.0013997919741086662,0.0070439999690279365,814235648,0.34375
74a66f7906f6bff1,svhn,ssb-v2-block,mlp,protocol-v3,0.8,64,2,3,547,0.0013760830042883754,0.007292542024515569,814235648,0.390625
74a66f7906f6bff1,svhn,ssb-v2-block,mlp,protocol-v3,0.8,64,2,3,548,0.0013456669985316694,0.006677832978311926,814235648,0.390625
74a66f7906f6bff1,svhn,ssb-v2-block,mlp,protocol-v3,0.8,64,2,3,549,0.0014310409897007048,0.007074374996591359,814252032,0.5234375
74a66f7906f6bff1,svhn,ssb-v2-block,mlp,protocol-v3,0.8,64,2,3,550,0.001431583019439131,0.006835374981164932,814252032,0.4453125
74a66f7906f6bff1,svhn,ssb-v2-block,mlp,protocol-v3,0.8,64,2,3,551,0.0013767500058747828,0.007230707968119532,814252032,0.28125
74a66f7906f6bff1,svhn,ssb-v2-block,mlp,protocol-v3,0.8,64,2,3,552,0.0013809999800287187,0.006899041996803135,814252032,0.4140625
74a66f7906f6bff1,svhn,ssb-v2-block,mlp,protocol-v3,0.8,64,2,3,553,0.0014366250252351165,0.006984541018027812,814252032,0.4375
74a66f7906f6bff1,svhn,ssb-v2-block,mlp,protocol-v3,0.8,64,2,3,554,0.0013886669767089188,0.006748207961209118,814252032,0.4453125
74a66f7906f6bff1,svhn,ssb-v2-block,mlp,protocol-v3,0.8,64,2,3,555,0.0014611249789595604,0.006450417044106871,814252032,0.4765625
74a66f7906f6bff1,svhn,ssb-v2-block,mlp,protocol-v3,0.8,64,2,3,556,0.0013966250116936862,0.006774249952286482,814252032,0.4453125
74a66f7906f6bff1,svhn,ssb-v2-block,mlp,protocol-v3,0.8,64,2,3,557,0.0014530419721268117,0.006878207961563021,814252032,0.4375
74a66f7906f6bff1,svhn,ssb-v2-block,mlp,protocol-v3,0.8,64,2,3,558,0.0013937499606981874,0.006974042044021189,814252032,0.40625
74a66f7906f6bff1,svhn,ssb-v2-block,mlp,protocol-v3,0.8,64,2,3,559,0.0013983750250190496,0.00714316702215001,814252032,0.453125
74a66f7906f6bff1,svhn,ssb-v2-block,mlp,protocol-v3,0.8,64,2,3,560,0.0014105000300332904,0.007617875002324581,814252032,0.4296875
74a66f7906f6bff1,svhn,ssb-v2-block,mlp,protocol-v3,0.8,64,2,3,561,0.0013916250318288803,0.007017750001978129,814252032,0.3828125
74a66f7906f6bff1,svhn,ssb-v2-block,mlp,protocol-v3,0.8,64,2,3,562,0.0014620419824495912,0.007357958995271474,814252032,0.40625
74a66f7906f6bff1,svhn,ssb-v2-block,mlp,protocol-v3,0.8,64,2,3,563,0.0014448330039158463,0.006487915990874171,814252032,0.390625
74a66f7906f6bff1,svhn,ssb-v2-block,mlp,protocol-v3,0.8,64,2,3,564,0.001402875001076609,0.007365417026448995,814268416,0.4453125
74a66f7906f6bff1,svhn,ssb-v2-block,mlp,protocol-v3,0.8,64,2,3,565,0.001393584010656923,0.0073621669434942305,814284800,0.4921875
74a66f7906f6bff1,svhn,ssb-v2-block,mlp,protocol-v3,0.8,64,2,3,566,0.001374291954562068,0.0069684170302934945,814301184,0.421875
74a66f7906f6bff1,svhn,ssb-v2-block,mlp,protocol-v3,0.8,64,2,3,567,0.0014738329919055104,0.006857165950350463,814301184,0.4609375
74a66f7906f6bff1,svhn,ssb-v2-block,mlp,protocol-v3,0.8,64,2,3,568,0.0014617500128224492,0.006956958037335426,814301184,0.4140625
74a66f7906f6bff1,svhn,ssb-v2-block,mlp,protocol-v3,0.8,64,2,3,569,0.0013984160032123327,0.006459957978222519,814333952,0.4609375
74a66f7906f6bff1,svhn,ssb-v2-block,mlp,protocol-v3,0.8,64,2,3,570,0.0014011669554747641,0.006796125031542033,814333952,0.421875
74a66f7906f6bff1,svhn,ssb-v2-block,mlp,protocol-v3,0.8,64,2,3,571,0.0014402499655261636,0.007245374959893525,814333952,0.3828125
74a66f7906f6bff1,svhn,ssb-v2-block,mlp,protocol-v3,0.8,64,2,3,572,0.001129999989643693,0.013141500006895512,815628288,0.4878048780487805
