dataset,model,keep_ratio,seed,epoch,batch,backward_time_s,memory_bytes,batch_accuracy
svhn,ssb-v2,0.8,13,1,0,0.05101945801288821,718143488,0.1328125
svhn,ssb-v2,0.8,13,1,1,0.03631358401617035,739819520,0.203125
svhn,ssb-v2,0.8,13,1,2,0.03238895800313912,746389504,0.1953125
svhn,ssb-v2,0.8,13,1,3,0.02267462501185946,751583232,0.15625
svhn,ssb-v2,0.8,13,1,4,0.021815917018102482,756187136,0.0546875
svhn,ssb-v2,0.8,13,1,5,0.022955499996896833,760610816,0.09375
svhn,ssb-v2,0.8,13,1,6,0.026069624989759177,765132800,0.09375
svhn,ssb-v2,0.8,13,1,7,0.02364141700672917,769982464,0.109375
svhn,ssb-v2,0.8,13,1,8,0.02274154097540304,774225920,0.0625
svhn,ssb-v2,0.8,13,1,9,0.024924792000092566,779419648,0.0703125
svhn,ssb-v2,0.8,13,1,10,0.01874358399072662,783876096,0.0390625
svhn,ssb-v2,0.8,13,1,11,0.017008875001920387,786677760,0.1796875
svhn,ssb-v2,0.8,13,1,12,0.017117957992013544,789954560,0.1484375
svhn,ssb-v2,0.8,13,1,13,0.022933875006856397,795672576,0.1171875
svhn,ssb-v2,0.8,13,1,14,0.018456040997989476,799424512,0.140625
svhn,ssb-v2,0.8,13,1,15,0.023468166997190565,802652160,0.0703125
svhn,ssb-v2,0.8,13,1,16,0.01718200001050718,806092800,0.03125
svhn,ssb-v2,0.8,13,1,17,0.012448875000700355,808337408,0.171875
svhn,ssb-v2,0.8,13,1,18,0.02424033300485462,813236224,0.1171875
svhn,ssb-v2,0.8,13,1,19,0.013091958011500537,815513600,0.1640625
svhn,ssb-v2,0.8,13,1,20,0.03087937500094995,820477952,0.25
svhn,ssb-v2,0.8,13,1,21,0.017114499991293997,823902208,0.125
svhn,ssb-v2,0.8,13,1,22,0.01791029202286154,826867712,0.15625
svhn,ssb-v2,0.8,13,1,23,0.01809779100585729,830111744,0.1484375
svhn,ssb-v2,0.8,13,1,24,0.007148000004235655,831651840,0.09375
svhn,ssb-v2,0.8,13,1,25,0.0227241660177242,835158016,0.078125
svhn,ssb-v2,0.8,13,1,26,0.018894457985879853,839286784,0.0859375
svhn,ssb-v2,0.8,13,1,27,0.006935832992894575,839712768,0.1953125
svhn,ssb-v2,0.8,13,1,28,0.012785416998667642,841973760,0.203125
svhn,ssb-v2,0.8,13,1,29,0.012054874998284504,843071488,0.2109375
svhn,ssb-v2,0.8,13,1,30,0.012357500003417954,844857344,0.046875
svhn,ssb-v2,0.8,13,1,31,0.013198499975260347,845742080,0.140625
svhn,ssb-v2,0.8,13,1,32,0.02457979100290686,849821696,0.125
svhn,ssb-v2,0.8,13,1,33,0.017772666993550956,853016576,0.09375
svhn,ssb-v2,0.8,13,1,34,0.012495333008700982,854769664,0.1015625
svhn,ssb-v2,0.8,13,1,35,0.013212707999628037,857669632,0.109375
svhn,ssb-v2,0.8,13,1,36,0.007480416999896988,857669632,0.1875
svhn,ssb-v2,0.8,13,1,37,0.014179791003698483,860127232,0.2109375
svhn,ssb-v2,0.8,13,1,38,0.022178709012223408,863911936,0.1875
svhn,ssb-v2,0.8,13,1,39,0.012839249975513667,865337344,0.1640625
svhn,ssb-v2,0.8,13,1,40,0.012215875001857057,868106240,0.140625
svhn,ssb-v2,0.8,13,1,41,0.01925212499918416,870268928,0.125
svhn,ssb-v2,0.8,13,1,42,0.01851158300996758,872611840,0.09375
svhn,ssb-v2,0.8,13,1,43,0.01207037499989383,874725376,0.0859375
svhn,ssb-v2,0.8,13,1,44,0.012621250003576279,876150784,0.09375
svhn,ssb-v2,0.8,13,1,45,0.022450125019531697,880754688,0.0859375
svhn,ssb-v2,0.8,13,1,46,0.01270641601877287,882180096,0.1875
svhn,ssb-v2,0.8,13,1,47,0.007178041996667162,882409472,0.21875
svhn,ssb-v2,0.8,13,1,48,0.006785042001865804,883900416,0.21875
svhn,ssb-v2,0.8,13,1,49,0.01811162498779595,886063104,0.125
svhn,ssb-v2,0.8,13,1,50,0.006894666992593557,886063104,0.21875
svhn,ssb-v2,0.8,13,1,51,0.01771108401590027,888586240,0.1796875
svhn,ssb-v2,0.8,13,1,52,0.019918792007956654,890912768,0.2421875
svhn,ssb-v2,0.8,13,1,53,0.018595124973217025,893829120,0.1640625
svhn,ssb-v2,0.8,13,1,54,0.01049987500300631,894812160,0.171875
svhn,ssb-v2,0.8,13,1,55,0.01249466699664481,896008192,0.2265625
svhn,ssb-v2,0.8,13,1,56,0.018083915987517685,898514944,0.109375
svhn,ssb-v2,0.8,13,1,57,0.011366834020009264,899006464,0.1796875
svhn,ssb-v2,0.8,13,1,58,0.008576874999562278,899006464,0.1171875
svhn,ssb-v2,0.8,13,1,59,0.017942167003639042,901218304,0.1796875
svhn,ssb-v2,0.8,13,1,60,0.017546457995194942,904790016,0.109375
svhn,ssb-v2,0.8,13,1,61,0.012221999990288168,906362880,0.1015625
svhn,ssb-v2,0.8,13,1,62,0.01841179101029411,909443072,0.25
svhn,ssb-v2,0.8,13,1,63,0.01861125000868924,911589376,0.1640625
svhn,ssb-v2,0.8,13,1,64,0.01314495800761506,914030592,0.1875
svhn,ssb-v2,0.8,13,1,65,0.013344415987376124,916373504,0.203125
svhn,ssb-v2,0.8,13,1,66,0.05234004199155606,918142976,0.1171875
svhn,ssb-v2,0.8,13,1,67,0.011152916005812585,918421504,0.1484375
svhn,ssb-v2,0.8,13,1,68,0.027959750004811212,920862720,0.1171875
svhn,ssb-v2,0.8,13,1,69,0.012148583016823977,921092096,0.171875
svhn,ssb-v2,0.8,13,1,70,0.011202374997083098,922238976,0.15625
svhn,ssb-v2,0.8,13,1,71,0.027309166005579755,925220864,0.1640625
svhn,ssb-v2,0.8,13,1,72,0.007415292027872056,926711808,0.1484375
svhn,ssb-v2,0.8,13,1,73,0.013119834009557962,927416320,0.1484375
svhn,ssb-v2,0.8,13,1,74,0.007868790999054909,928301056,0.203125
svhn,ssb-v2,0.8,13,1,75,0.006937999976798892,929529856,0.171875
svhn,ssb-v2,0.8,13,1,76,0.012677874998189509,930316288,0.1171875
svhn,ssb-v2,0.8,13,1,77,0.012277583009563386,931823616,0.21875
svhn,ssb-v2,0.8,13,1,78,0.007037041999865323,931823616,0.171875
svhn,ssb-v2,0.8,13,1,79,0.007092375017236918,932642816,0.2109375
svhn,ssb-v2,0.8,13,1,80,0.012829457991756499,933838848,0.1875
svhn,ssb-v2,0.8,13,1,81,0.01333245899877511,934756352,0.1484375
svhn,ssb-v2,0.8,13,1,82,0.0077444159833248705,934952960,0.1796875
svhn,ssb-v2,0.8,13,1,83,0.006772541004465893,935739392,0.1015625
svhn,ssb-v2,0.8,13,1,84,0.006907041999511421,935739392,0.1484375
svhn,ssb-v2,0.8,13,1,85,0.012911458004964516,936493056,0.1171875
svhn,ssb-v2,0.8,13,1,86,0.006907125003635883,936558592,0.1015625
svhn,ssb-v2,0.8,13,1,87,0.006845249998150393,936558592,0.1171875
svhn,ssb-v2,0.8,13,1,88,0.012823708006180823,937476096,0.1796875
svhn,ssb-v2,0.8,13,1,89,0.01226158402278088,938196992,0.2265625
svhn,ssb-v2,0.8,13,1,90,0.006940582999959588,938196992,0.1953125
svhn,ssb-v2,0.8,13,1,91,0.00773341697640717,938196992,0.234375
svhn,ssb-v2,0.8,13,1,92,0.00698166701477021,938196992,0.1328125
svhn,ssb-v2,0.8,13,1,93,0.006831499980762601,939278336,0.1953125
svhn,ssb-v2,0.8,13,1,94,0.012975625024409965,941555712,0.1484375
svhn,ssb-v2,0.8,13,1,95,0.012494041991885751,942407680,0.2109375
svhn,ssb-v2,0.8,13,1,96,0.01780824997695163,943996928,0.171875
svhn,ssb-v2,0.8,13,1,97,0.006848708988400176,945291264,0.1328125
svhn,ssb-v2,0.8,13,1,98,0.006703834020299837,945848320,0.1171875
svhn,ssb-v2,0.8,13,1,99,0.013365791004616767,947814400,0.171875
svhn,ssb-v2,0.8,13,1,100,0.01727808400755748,949518336,0.1640625
svhn,ssb-v2,0.8,13,1,101,0.013297958008479327,950943744,0.2265625
svhn,ssb-v2,0.8,13,1,102,0.012192082998808473,953384960,0.1875
svhn,ssb-v2,0.8,13,1,103,0.012314417021116242,955252736,0.1328125
svhn,ssb-v2,0.8,13,1,104,0.007295208022696897,955367424,0.2578125
svhn,ssb-v2,0.8,13,1,105,0.007381791016086936,956203008,0.2265625
svhn,ssb-v2,0.8,13,1,106,0.00695883299340494,956219392,0.171875
svhn,ssb-v2,0.8,13,1,107,0.007574832998216152,956219392,0.1484375
svhn,ssb-v2,0.8,13,1,108,0.006856457999674603,956219392,0.15625
svhn,ssb-v2,0.8,13,1,109,0.007723249989794567,956219392,0.1796875
svhn,ssb-v2,0.8,13,1,110,0.017282749991863966,957054976,0.1328125
svhn,ssb-v2,0.8,13,1,111,0.018204249994596466,957906944,0.0859375
svhn,ssb-v2,0.8,13,1,112,0.008355708996532485,958627840,0.125
svhn,ssb-v2,0.8,13,1,113,0.008344958012457937,958660608,0.140625
svhn,ssb-v2,0.8,13,1,114,0.007871042005717754,959348736,0.1796875
svhn,ssb-v2,0.8,13,1,115,0.006915707985172048,959348736,0.15625
svhn,ssb-v2,0.8,13,1,116,0.006858957989607006,959348736,0.2734375
svhn,ssb-v2,0.8,13,1,117,0.01328770798863843,960086016,0.1875
svhn,ssb-v2,0.8,13,1,118,0.012494916998548433,960954368,0.203125
svhn,ssb-v2,0.8,13,1,119,0.0067845419980585575,961839104,0.203125
svhn,ssb-v2,0.8,13,1,120,0.006793916021706536,961839104,0.140625
svhn,ssb-v2,0.8,13,1,121,0.020384915987960994,964018176,0.1484375
svhn,ssb-v2,0.8,13,1,122,0.006829624995589256,964034560,0.09375
svhn,ssb-v2,0.8,13,1,123,0.007001332996878773,964804608,0.1015625
svhn,ssb-v2,0.8,13,1,124,0.007458292006049305,964804608,0.203125
svhn,ssb-v2,0.8,13,1,125,0.007252792012877762,965525504,0.1328125
svhn,ssb-v2,0.8,13,1,126,0.006756957998732105,965541888,0.2578125
svhn,ssb-v2,0.8,13,1,127,0.006899416010128334,965558272,0.203125
svhn,ssb-v2,0.8,13,1,128,0.006826458004070446,965558272,0.28125
svhn,ssb-v2,0.8,13,1,129,0.006848874996649101,965558272,0.171875
svhn,ssb-v2,0.8,13,1,130,0.007054040994262323,965558272,0.21875
svhn,ssb-v2,0.8,13,1,131,0.00681866699596867,965558272,0.1796875
svhn,ssb-v2,0.8,13,1,132,0.006781166011933237,965558272,0.1171875
svhn,ssb-v2,0.8,13,1,133,0.006972542003495619,965558272,0.171875
svhn,ssb-v2,0.8,13,1,134,0.013129041995853186,966361088,0.1796875
svhn,ssb-v2,0.8,13,1,135,0.012759540986735374,967704576,0.1953125
svhn,ssb-v2,0.8,13,1,136,0.006768332998035476,967983104,0.078125
svhn,ssb-v2,0.8,13,1,137,0.00688800000352785,968359936,0.15625
svhn,ssb-v2,0.8,13,1,138,0.006728542008204386,968376320,0.140625
svhn,ssb-v2,0.8,13,1,139,0.018265082995640114,970080256,0.140625
svhn,ssb-v2,0.8,13,1,140,0.006891208002343774,970194944,0.1875
svhn,ssb-v2,0.8,13,1,141,0.007110665988875553,970866688,0.1953125
svhn,ssb-v2,0.8,13,1,142,0.007437874999595806,970866688,0.203125
svhn,ssb-v2,0.8,13,1,143,0.00725345901446417,970866688,0.203125
svhn,ssb-v2,0.8,13,1,144,0.00844091601902619,970883072,0.1875
svhn,ssb-v2,0.8,13,1,145,0.013500916014891118,971816960,0.1328125
svhn,ssb-v2,0.8,13,1,146,0.018179459002567455,974323712,0.2265625
svhn,ssb-v2,0.8,13,1,147,0.013275417004479095,975126528,0.1640625
svhn,ssb-v2,0.8,13,1,148,0.0067675420141313225,976633856,0.125
svhn,ssb-v2,0.8,13,1,149,0.012628833996132016,978108416,0.140625
svhn,ssb-v2,0.8,13,1,150,0.007260457990923896,979599360,0.15625
svhn,ssb-v2,0.8,13,1,151,0.006889042007969692,979697664,0.15625
svhn,ssb-v2,0.8,13,1,152,0.006853708007838577,979697664,0.1953125
svhn,ssb-v2,0.8,13,1,153,0.013276625017169863,980385792,0.21875
svhn,ssb-v2,0.8,13,1,154,0.006925916997715831,980713472,0.171875
svhn,ssb-v2,0.8,13,1,155,0.0070798750093672425,980975616,0.1875
svhn,ssb-v2,0.8,13,1,156,0.006850958016002551,981237760,0.1640625
svhn,ssb-v2,0.8,13,1,157,0.00686591598787345,981254144,0.2265625
svhn,ssb-v2,0.8,13,1,158,0.013183750008465722,982138880,0.21875
svhn,ssb-v2,0.8,13,1,159,0.007017334020929411,982335488,0.2734375
svhn,ssb-v2,0.8,13,1,160,0.013118916976964101,983580672,0.171875
svhn,ssb-v2,0.8,13,1,161,0.007977542001754045,983580672,0.203125
svhn,ssb-v2,0.8,13,1,162,0.020210041984682903,985268224,0.1484375
svhn,ssb-v2,0.8,13,1,163,0.01268029198399745,986955776,0.1953125
svhn,ssb-v2,0.8,13,1,164,0.007302790996618569,988430336,0.3125
svhn,ssb-v2,0.8,13,1,165,0.006701333011733368,988430336,0.171875
svhn,ssb-v2,0.8,13,1,166,0.007213000004412606,988430336,0.1953125
svhn,ssb-v2,0.8,13,1,167,0.006867874995805323,988839936,0.1796875
svhn,ssb-v2,0.8,13,1,168,0.0068837500002700835,989118464,0.203125
svhn,ssb-v2,0.8,13,1,169,0.012860124988947064,989904896,0.1484375
svhn,ssb-v2,0.8,13,1,170,0.006847415992524475,989904896,0.1328125
svhn,ssb-v2,0.8,13,1,171,0.006805167009588331,990150656,0.171875
svhn,ssb-v2,0.8,13,1,172,0.006883416004711762,990150656,0.171875
svhn,ssb-v2,0.8,13,1,173,0.00784199999179691,990150656,0.1328125
svhn,ssb-v2,0.8,13,1,174,0.006868083000881597,990150656,0.1484375
svhn,ssb-v2,0.8,13,1,175,0.006951125018531457,990150656,0.1015625
svhn,ssb-v2,0.8,13,1,176,0.006901125016156584,990625792,0.15625
svhn,ssb-v2,0.8,13,1,177,0.013152375002391636,991444992,0.25
svhn,ssb-v2,0.8,13,1,178,0.00673866699798964,991739904,0.1875
svhn,ssb-v2,0.8,13,1,179,0.006915500009199604,991739904,0.1484375
svhn,ssb-v2,0.8,13,1,180,0.0067085420014336705,992182272,0.171875
svhn,ssb-v2,0.8,13,1,181,0.006868208001833409,992182272,0.15625
svhn,ssb-v2,0.8,13,1,182,0.013159207999706268,992968704,0.1796875
svhn,ssb-v2,0.8,13,1,183,0.012504125013947487,993689600,0.21875
svhn,ssb-v2,0.8,13,1,184,0.012529500003438443,994623488,0.140625
svhn,ssb-v2,0.8,13,1,185,0.006729750020895153,994623488,0.203125
svhn,ssb-v2,0.8,13,1,186,0.007026041013887152,995655680,0.2265625
svhn,ssb-v2,0.8,13,1,187,0.01320924999890849,996442112,0.1484375
svhn,ssb-v2,0.8,13,1,188,0.006995750009082258,996655104,0.171875
svhn,ssb-v2,0.8,13,1,189,0.01275654201162979,997556224,0.25
svhn,ssb-v2,0.8,13,1,190,0.013984375022118911,998408192,0.1953125
svhn,ssb-v2,0.8,13,1,191,0.0075262079772073776,998588416,0.1640625
svhn,ssb-v2,0.8,13,1,192,0.0068782499874942005,998588416,0.15625
svhn,ssb-v2,0.8,13,1,193,0.006823417003033683,999145472,0.140625
svhn,ssb-v2,0.8,13,1,194,0.007310957997106016,1000620032,0.140625
svhn,ssb-v2,0.8,13,1,195,0.007435375009663403,1000620032,0.2109375
svhn,ssb-v2,0.8,13,1,196,0.006920000014360994,1000620032,0.140625
svhn,ssb-v2,0.8,13,1,197,0.006887582974741235,1000620032,0.15625
svhn,ssb-v2,0.8,13,1,198,0.007046125014312565,1000620032,0.21875
svhn,ssb-v2,0.8,13,1,199,0.006907041009981185,1000620032,0.1796875
svhn,ssb-v2,0.8,13,1,200,0.013035375013714656,1001439232,0.25
svhn,ssb-v2,0.8,13,1,201,0.012786124978447333,1002536960,0.1484375
svhn,ssb-v2,0.8,13,1,202,0.007128249999368563,1002586112,0.1796875
svhn,ssb-v2,0.8,13,1,203,0.012533583998447284,1003405312,0.1953125
svhn,ssb-v2,0.8,13,1,204,0.006809625017922372,1003864064,0.2265625
svhn,ssb-v2,0.8,13,1,205,0.012538790993858129,1004896256,0.171875
svhn,ssb-v2,0.8,13,1,206,0.006796000001486391,1005142016,0.1953125
svhn,ssb-v2,0.8,13,1,207,0.006883958005346358,1005387776,0.2109375
svhn,ssb-v2,0.8,13,1,208,0.006952666997676715,1005404160,0.1328125
svhn,ssb-v2,0.8,13,1,209,0.006908791983732954,1005420544,0.1640625
svhn,ssb-v2,0.8,13,1,210,0.013033999974140897,1006321664,0.1328125
svhn,ssb-v2,0.8,13,1,211,0.006799624999985099,1006764032,0.1796875
svhn,ssb-v2,0.8,13,1,212,0.0069235000119078904,1006764032,0.15625
svhn,ssb-v2,0.8,13,1,213,0.006865417002700269,1006764032,0.2421875
svhn,ssb-v2,0.8,13,1,214,0.006897625018609688,1006895104,0.1875
svhn,ssb-v2,0.8,13,1,215,0.007541833998402581,1006895104,0.1640625
svhn,ssb-v2,0.8,13,1,216,0.007833708979887888,1006895104,0.1640625
svhn,ssb-v2,0.8,13,1,217,0.019093249982688576,1008402432,0.1875
svhn,ssb-v2,0.8,13,1,218,0.01247220899676904,1009401856,0.2421875
svhn,ssb-v2,0.8,13,1,219,0.006912666984135285,1010614272,0.2109375
svhn,ssb-v2,0.8,13,1,220,0.0067388339957688,1010614272,0.1953125
svhn,ssb-v2,0.8,13,1,221,0.006924375018570572,1011122176,0.140625
svhn,ssb-v2,0.8,13,1,222,0.006995750009082258,1011122176,0.1953125
svhn,ssb-v2,0.8,13,1,223,0.007355207984801382,1011122176,0.203125
svhn,ssb-v2,0.8,13,1,224,0.00704558301367797,1011138560,0.2109375
svhn,ssb-v2,0.8,13,1,225,0.013013582996791229,1011875840,0.109375
svhn,ssb-v2,0.8,13,1,226,0.00683229198330082,1012383744,0.1796875
svhn,ssb-v2,0.8,13,1,227,0.006914291996508837,1012383744,0.1171875
svhn,ssb-v2,0.8,13,1,228,0.006882625020807609,1012383744,0.109375
svhn,ssb-v2,0.8,13,1,229,0.007551417016657069,1012383744,0.15625
svhn,ssb-v2,0.8,13,1,230,0.014403624983970076,1013153792,0.2265625
svhn,ssb-v2,0.8,13,1,231,0.006809583981521428,1013891072,0.1953125
svhn,ssb-v2,0.8,13,1,232,0.0066991659987252206,1013891072,0.078125
svhn,ssb-v2,0.8,13,1,233,0.006745040998794138,1013907456,0.171875
svhn,ssb-v2,0.8,13,1,234,0.007053999986965209,1013907456,0.1875
svhn,ssb-v2,0.8,13,1,235,0.007403832976706326,1013907456,0.1796875
svhn,ssb-v2,0.8,13,1,236,0.008214374975068495,1013907456,0.203125
svhn,ssb-v2,0.8,13,1,237,0.006825500022387132,1013907456,0.203125
svhn,ssb-v2,0.8,13,1,238,0.006830416998127475,1014104064,0.1796875
svhn,ssb-v2,0.8,13,1,239,0.006941666011698544,1014104064,0.234375
svhn,ssb-v2,0.8,13,1,240,0.0069351250131148845,1014120448,0.1796875
svhn,ssb-v2,0.8,13,1,241,0.006776458991225809,1014120448,0.171875
svhn,ssb-v2,0.8,13,1,242,0.007054333982523531,1014120448,0.1875
svhn,ssb-v2,0.8,13,1,243,0.006815041997469962,1014136832,0.1875
svhn,ssb-v2,0.8,13,1,244,0.0068239579850342125,1014136832,0.1328125
svhn,ssb-v2,0.8,13,1,245,0.006939832994248718,1014136832,0.1796875
svhn,ssb-v2,0.8,13,1,246,0.013344333012355492,1015070720,0.1640625
svhn,ssb-v2,0.8,13,1,247,0.006849416997283697,1015742464,0.2109375
svhn,ssb-v2,0.8,13,1,248,0.006940667022718117,1015742464,0.171875
svhn,ssb-v2,0.8,13,1,249,0.006680624996079132,1015742464,0.15625
svhn,ssb-v2,0.8,13,1,250,0.006801749987062067,1015758848,0.234375
svhn,ssb-v2,0.8,13,1,251,0.006840082991402596,1015758848,0.1484375
svhn,ssb-v2,0.8,13,1,252,0.006828874989878386,1015758848,0.1484375
svhn,ssb-v2,0.8,13,1,253,0.006897292012581602,1015775232,0.1328125
svhn,ssb-v2,0.8,13,1,254,0.0069662079913541675,1015775232,0.1875
svhn,ssb-v2,0.8,13,1,255,0.012936291983351111,1016610816,0.1640625
svhn,ssb-v2,0.8,13,1,256,0.012541542004328221,1018003456,0.171875
svhn,ssb-v2,0.8,13,1,257,0.007048250001389533,1018036224,0.1796875
svhn,ssb-v2,0.8,13,1,258,0.012654207996092737,1018855424,0.1953125
svhn,ssb-v2,0.8,13,1,259,0.0073933750099968165,1019789312,0.2109375
svhn,ssb-v2,0.8,13,1,260,0.006836165994172916,1020395520,0.171875
svhn,ssb-v2,0.8,13,1,261,0.0071490420086774975,1020395520,0.1875
svhn,ssb-v2,0.8,13,1,262,0.007711458980338648,1021067264,0.171875
svhn,ssb-v2,0.8,13,1,263,0.006824457988841459,1021067264,0.2109375
svhn,ssb-v2,0.8,13,1,264,0.006887041992740706,1021067264,0.2109375
svhn,ssb-v2,0.8,13,1,265,0.006989791989326477,1021132800,0.21875
svhn,ssb-v2,0.8,13,1,266,0.006958332989597693,1021132800,0.1640625
svhn,ssb-v2,0.8,13,1,267,0.007081833988195285,1021132800,0.21875
svhn,ssb-v2,0.8,13,1,268,0.007020374992862344,1021132800,0.25
svhn,ssb-v2,0.8,13,1,269,0.0070582079933956265,1021132800,0.1953125
svhn,ssb-v2,0.8,13,1,270,0.00691904200357385,1021132800,0.2578125
svhn,ssb-v2,0.8,13,1,271,0.006802874995628372,1021132800,0.234375
svhn,ssb-v2,0.8,13,1,272,0.00675641602720134,1021132800,0.203125
svhn,ssb-v2,0.8,13,1,273,0.014566500001819804,1021968384,0.21875
svhn,ssb-v2,0.8,13,1,274,0.006944000022485852,1021968384,0.15625
svhn,ssb-v2,0.8,13,1,275,0.006845166994025931,1021968384,0.1796875
svhn,ssb-v2,0.8,13,1,276,0.0068866249930579215,1022394368,0.1796875
svhn,ssb-v2,0.8,13,1,277,0.0072059590020217,1022722048,0.140625
svhn,ssb-v2,0.8,13,1,278,0.007688542013056576,1022722048,0.2890625
svhn,ssb-v2,0.8,13,1,279,0.0070372080081142485,1022722048,0.203125
svhn,ssb-v2,0.8,13,1,280,0.0069676660059485584,1022722048,0.15625
svhn,ssb-v2,0.8,13,1,281,0.006889000011142343,1022722048,0.1875
svhn,ssb-v2,0.8,13,1,282,0.00692520898883231,1022722048,0.234375
svhn,ssb-v2,0.8,13,1,283,0.007053791981888935,1022722048,0.1328125
svhn,ssb-v2,0.8,13,1,284,0.013443375006318092,1023557632,0.2265625
svhn,ssb-v2,0.8,13,1,285,0.00679883299744688,1023557632,0.1875
svhn,ssb-v2,0.8,13,1,286,0.007060958014335483,1023967232,0.1875
svhn,ssb-v2,0.8,13,1,287,0.006814041000325233,1023983616,0.140625
svhn,ssb-v2,0.8,13,1,288,0.007561583013739437,1023983616,0.0859375
svhn,ssb-v2,0.8,13,1,289,0.01399708300596103,1025032192,0.1171875
svhn,ssb-v2,0.8,13,1,290,0.006994875002419576,1025032192,0.1796875
svhn,ssb-v2,0.8,13,1,291,0.0069279170129448175,1025490944,0.2265625
svhn,ssb-v2,0.8,13,1,292,0.006976415985263884,1025490944,0.2109375
svhn,ssb-v2,0.8,13,1,293,0.007988042023498565,1025769472,0.1953125
svhn,ssb-v2,0.8,13,1,294,0.007892417022958398,1025785856,0.2109375
svhn,ssb-v2,0.8,13,1,295,0.006961666978895664,1025785856,0.2109375
svhn,ssb-v2,0.8,13,1,296,0.006791624997276813,1025785856,0.2578125
svhn,ssb-v2,0.8,13,1,297,0.006886041024699807,1025785856,0.203125
svhn,ssb-v2,0.8,13,1,298,0.007036166003672406,1025785856,0.1484375
svhn,ssb-v2,0.8,13,1,299,0.007300792000023648,1025785856,0.1796875
svhn,ssb-v2,0.8,13,1,300,0.007171499979449436,1025785856,0.234375
svhn,ssb-v2,0.8,13,1,301,0.006844916002592072,1025785856,0.2421875
svhn,ssb-v2,0.8,13,1,302,0.006822625000495464,1025785856,0.203125
svhn,ssb-v2,0.8,13,1,303,0.006929458002559841,1025785856,0.1796875
svhn,ssb-v2,0.8,13,1,304,0.006815083994297311,1025785856,0.171875
svhn,ssb-v2,0.8,13,1,305,0.0068427909864112735,1025785856,0.203125
svhn,ssb-v2,0.8,13,1,306,0.007443208014592528,1025785856,0.21875
svhn,ssb-v2,0.8,13,1,307,0.006783958000596613,1025785856,0.28125
svhn,ssb-v2,0.8,13,1,308,0.006913959019584581,1025785856,0.1953125
svhn,ssb-v2,0.8,13,1,309,0.006873874983284622,1025802240,0.171875
svhn,ssb-v2,0.8,13,1,310,0.006811667000874877,1025802240,0.2265625
svhn,ssb-v2,0.8,13,1,311,0.013184834009734914,1026588672,0.1796875
svhn,ssb-v2,0.8,13,1,312,0.006753124995157123,1026605056,0.1875
svhn,ssb-v2,0.8,13,1,313,0.013403582997852936,1027506176,0.1953125
svhn,ssb-v2,0.8,13,1,314,0.007034834008663893,1027817472,0.1875
svhn,ssb-v2,0.8,13,1,315,0.0067418329999782145,1027817472,0.1875
svhn,ssb-v2,0.8,13,1,316,0.00687212502816692,1027964928,0.2734375
svhn,ssb-v2,0.8,13,1,317,0.0069423750101123005,1027964928,0.2109375
svhn,ssb-v2,0.8,13,1,318,0.007178041007136926,1027964928,0.171875
svhn,ssb-v2,0.8,13,1,319,0.00730162498075515,1027964928,0.125
svhn,ssb-v2,0.8,13,1,320,0.006953375006560236,1027964928,0.25
svhn,ssb-v2,0.8,13,1,321,0.006804917007684708,1027964928,0.21875
svhn,ssb-v2,0.8,13,1,322,0.013204999995650724,1028669440,0.1953125
svhn,ssb-v2,0.8,13,1,323,0.0068500839988701046,1028685824,0.15625
svhn,ssb-v2,0.8,13,1,324,0.006985749991144985,1029128192,0.1640625
svhn,ssb-v2,0.8,13,1,325,0.007046625018119812,1029128192,0.234375
svhn,ssb-v2,0.8,13,1,326,0.006982709019212052,1029128192,0.125
svhn,ssb-v2,0.8,13,1,327,0.007339582982240245,1029128192,0.1875
svhn,ssb-v2,0.8,13,1,328,0.007299459015484899,1029128192,0.1953125
svhn,ssb-v2,0.8,13,1,329,0.006797292007831857,1029128192,0.2734375
svhn,ssb-v2,0.8,13,1,330,0.006882124987896532,1030406144,0.1875
svhn,ssb-v2,0.8,13,1,331,0.006871499994304031,1030406144,0.125
svhn,ssb-v2,0.8,13,1,332,0.00681341701420024,1030406144,0.1875
svhn,ssb-v2,0.8,13,1,333,0.00684575000195764,1030406144,0.1640625
svhn,ssb-v2,0.8,13,1,334,0.006994333991315216,1030406144,0.171875
svhn,ssb-v2,0.8,13,1,335,0.006824583018897101,1030406144,0.203125
svhn,ssb-v2,0.8,13,1,336,0.013290500006405637,1031274496,0.3125
svhn,ssb-v2,0.8,13,1,337,0.006871457997476682,1031274496,0.1640625
svhn,ssb-v2,0.8,13,1,338,0.013387083017732948,1032241152,0.1953125
svhn,ssb-v2,0.8,13,1,339,0.007178582978667691,1032880128,0.2265625
svhn,ssb-v2,0.8,13,1,340,0.006828415993368253,1033306112,0.1796875
svhn,ssb-v2,0.8,13,1,341,0.006863791000796482,1033322496,0.2109375
svhn,ssb-v2,0.8,13,1,342,0.006963457999518141,1033322496,0.21875
svhn,ssb-v2,0.8,13,1,343,0.006796959001803771,1033420800,0.2265625
svhn,ssb-v2,0.8,13,1,344,0.0075203750166110694,1033420800,0.15625
svhn,ssb-v2,0.8,13,1,345,0.006832042010501027,1033437184,0.2265625
svhn,ssb-v2,0.8,13,1,346,0.006794416025513783,1033437184,0.1640625
svhn,ssb-v2,0.8,13,1,347,0.007049916981486604,1033437184,0.140625
svhn,ssb-v2,0.8,13,1,348,0.006817458022851497,1033437184,0.203125
svhn,ssb-v2,0.8,13,1,349,0.006946584006072953,1033437184,0.125
svhn,ssb-v2,0.8,13,1,350,0.00676479100366123,1033437184,0.203125
svhn,ssb-v2,0.8,13,1,351,0.013723000010941178,1034338304,0.15625
svhn,ssb-v2,0.8,13,1,352,0.006895415979670361,1034338304,0.1640625
svhn,ssb-v2,0.8,13,1,353,0.00680891697993502,1034338304,0.2421875
svhn,ssb-v2,0.8,13,1,354,0.006870874989544973,1034338304,0.15625
svhn,ssb-v2,0.8,13,1,355,0.006787541002267972,1034649600,0.2421875
svhn,ssb-v2,0.8,13,1,356,0.007027583982562646,1034649600,0.1875
svhn,ssb-v2,0.8,13,1,357,0.006992499984335154,1035091968,0.203125
svhn,ssb-v2,0.8,13,1,358,0.006845416995929554,1035108352,0.2265625
svhn,ssb-v2,0.8,13,1,359,0.006768958002794534,1035141120,0.203125
svhn,ssb-v2,0.8,13,1,360,0.006885542010422796,1035141120,0.203125
svhn,ssb-v2,0.8,13,1,361,0.006901666987687349,1035141120,0.171875
svhn,ssb-v2,0.8,13,1,362,0.006840582995209843,1035141120,0.203125
svhn,ssb-v2,0.8,13,1,363,0.006815833010477945,1035141120,0.25
svhn,ssb-v2,0.8,13,1,364,0.006912999990163371,1035157504,0.15625
svhn,ssb-v2,0.8,13,1,365,0.0068029999965801835,1035157504,0.1484375
svhn,ssb-v2,0.8,13,1,366,0.006825582997407764,1035157504,0.1640625
svhn,ssb-v2,0.8,13,1,367,0.00700033301836811,1035157504,0.2109375
svhn,ssb-v2,0.8,13,1,368,0.006762083008652553,1035157504,0.21875
svhn,ssb-v2,0.8,13,1,369,0.006839374982519075,1035157504,0.15625
svhn,ssb-v2,0.8,13,1,370,0.006865291012218222,1035157504,0.1875
svhn,ssb-v2,0.8,13,1,371,0.006812790990807116,1035157504,0.1875
svhn,ssb-v2,0.8,13,1,372,0.0068963749799877405,1035157504,0.1640625
svhn,ssb-v2,0.8,13,1,373,0.0068309160124044865,1035157504,0.203125
svhn,ssb-v2,0.8,13,1,374,0.0069879590009804815,1035157504,0.125
svhn,ssb-v2,0.8,13,1,375,0.0068029999965801835,1035157504,0.1953125
svhn,ssb-v2,0.8,13,1,376,0.006864208990009502,1035173888,0.203125
svhn,ssb-v2,0.8,13,1,377,0.006904082983965054,1035173888,0.171875
svhn,ssb-v2,0.8,13,1,378,0.0070089169894345105,1035173888,0.2421875
svhn,ssb-v2,0.8,13,1,379,0.01332704199012369,1035960320,0.25
svhn,ssb-v2,0.8,13,1,380,0.006805457989685237,1036238848,0.1953125
svhn,ssb-v2,0.8,13,1,381,0.006860749999759719,1036713984,0.28125
svhn,ssb-v2,0.8,13,1,382,0.012996958015719429,1037484032,0.21875
svhn,ssb-v2,0.8,13,1,383,0.006787541002267972,1037484032,0.2578125
svhn,ssb-v2,0.8,13,1,384,0.006927291018655524,1037877248,0.203125
svhn,ssb-v2,0.8,13,1,385,0.01365149999037385,1038811136,0.2734375
svhn,ssb-v2,0.8,13,1,386,0.007254083000589162,1039417344,0.1640625
svhn,ssb-v2,0.8,13,1,387,0.006885666982270777,1039417344,0.171875
svhn,ssb-v2,0.8,13,1,388,0.006790832994738594,1039417344,0.1796875
svhn,ssb-v2,0.8,13,1,389,0.006785042001865804,1039859712,0.15625
svhn,ssb-v2,0.8,13,1,390,0.007716374995652586,1039859712,0.2109375
svhn,ssb-v2,0.8,13,1,391,0.007926124992081895,1039859712,0.0859375
svhn,ssb-v2,0.8,13,1,392,0.006827332981629297,1039859712,0.2578125
svhn,ssb-v2,0.8,13,1,393,0.0068102079967502505,1039859712,0.21875
svhn,ssb-v2,0.8,13,1,394,0.007004624989349395,1039859712,0.2109375
svhn,ssb-v2,0.8,13,1,395,0.006850208010291681,1039859712,0.1796875
svhn,ssb-v2,0.8,13,1,396,0.006969333975575864,1039859712,0.1875
svhn,ssb-v2,0.8,13,1,397,0.006943875021534041,1039859712,0.1640625
svhn,ssb-v2,0.8,13,1,398,0.00681920800707303,1039859712,0.2109375
svhn,ssb-v2,0.8,13,1,399,0.00689041698933579,1039859712,0.171875
svhn,ssb-v2,0.8,13,1,400,0.006835749984020367,1039859712,0.203125
svhn,ssb-v2,0.8,13,1,401,0.0069317500165198,1039859712,0.1640625
svhn,ssb-v2,0.8,13,1,402,0.006916916987393051,1039859712,0.1796875
svhn,ssb-v2,0.8,13,1,403,0.00677245800034143,1039859712,0.140625
svhn,ssb-v2,0.8,13,1,404,0.006820375012466684,1039859712,0.1875
svhn,ssb-v2,0.8,13,1,405,0.006998541997745633,1039859712,0.1875
svhn,ssb-v2,0.8,13,1,406,0.0069293339911382645,1039859712,0.109375
svhn,ssb-v2,0.8,13,1,407,0.006831083999713883,1039876096,0.1171875
svhn,ssb-v2,0.8,13,1,408,0.0069434169854503125,1039876096,0.1484375
svhn,ssb-v2,0.8,13,1,409,0.006924540997715667,1039876096,0.1875
svhn,ssb-v2,0.8,13,1,410,0.006873957987409085,1039876096,0.1484375
svhn,ssb-v2,0.8,13,1,411,0.006823542003985494,1039892480,0.171875
svhn,ssb-v2,0.8,13,1,412,0.0068410420208238065,1039925248,0.1171875
svhn,ssb-v2,0.8,13,1,413,0.00691004199325107,1039925248,0.1640625
svhn,ssb-v2,0.8,13,1,414,0.0068671250191982836,1039925248,0.1796875
svhn,ssb-v2,0.8,13,1,415,0.006982874998357147,1039925248,0.1640625
svhn,ssb-v2,0.8,13,1,416,0.0068410410021897405,1039925248,0.234375
svhn,ssb-v2,0.8,13,1,417,0.006829916994320229,1039925248,0.203125
svhn,ssb-v2,0.8,13,1,418,0.006813084008172154,1039925248,0.1015625
svhn,ssb-v2,0.8,13,1,419,0.006809957994846627,1039925248,0.1484375
svhn,ssb-v2,0.8,13,1,420,0.0067917499982286245,1039941632,0.21875
svhn,ssb-v2,0.8,13,1,421,0.006793542008381337,1039941632,0.1875
svhn,ssb-v2,0.8,13,1,422,0.006857583008240908,1039941632,0.2109375
svhn,ssb-v2,0.8,13,1,423,0.00690312500228174,1039958016,0.1484375
svhn,ssb-v2,0.8,13,1,424,0.006820667011197656,1039958016,0.203125
svhn,ssb-v2,0.8,13,1,425,0.006814082997152582,1039958016,0.1953125
svhn,ssb-v2,0.8,13,1,426,0.006766582984710112,1039958016,0.2421875
svhn,ssb-v2,0.8,13,1,427,0.015280249994248152,1040891904,0.1796875
svhn,ssb-v2,0.8,13,1,428,0.006896291015436873,1041137664,0.1796875
svhn,ssb-v2,0.8,13,1,429,0.006747916981112212,1041137664,0.171875
svhn,ssb-v2,0.8,13,1,430,0.006716832984238863,1041399808,0.1484375
svhn,ssb-v2,0.8,13,1,431,0.00736929097911343,1041399808,0.2265625
svhn,ssb-v2,0.8,13,1,432,0.006947957997908816,1041399808,0.234375
svhn,ssb-v2,0.8,13,1,433,0.01473299998906441,1042235392,0.1953125
svhn,ssb-v2,0.8,13,1,434,0.007022499979939312,1042530304,0.1796875
svhn,ssb-v2,0.8,13,1,435,0.0069781659985892475,1042972672,0.1796875
svhn,ssb-v2,0.8,13,1,436,0.013159207999706268,1043824640,0.1640625
svhn,ssb-v2,0.8,13,1,437,0.0068623750121332705,1044070400,0.1328125
svhn,ssb-v2,0.8,13,1,438,0.006807958998251706,1044070400,0.1484375
svhn,ssb-v2,0.8,13,1,439,0.007030833017779514,1044070400,0.15625
svhn,ssb-v2,0.8,13,1,440,0.006983458006288856,1044070400,0.1796875
svhn,ssb-v2,0.8,13,1,441,0.007239250000566244,1044725760,0.1484375
svhn,ssb-v2,0.8,13,1,442,0.007339915988268331,1044725760,0.1875
svhn,ssb-v2,0.8,13,1,443,0.006935749988770112,1044824064,0.171875
svhn,ssb-v2,0.8,13,1,444,0.006964165979297832,1044824064,0.171875
svhn,ssb-v2,0.8,13,1,445,0.006891625002026558,1044824064,0.1953125
svhn,ssb-v2,0.8,13,1,446,0.013613125018309802,1045577728,0.171875
svhn,ssb-v2,0.8,13,1,447,0.012800167023669928,1046331392,0.1328125
svhn,ssb-v2,0.8,13,1,448,0.006993374990997836,1046609920,0.234375
svhn,ssb-v2,0.8,13,1,449,0.007401875016512349,1046609920,0.171875
svhn,ssb-v2,0.8,13,1,450,0.006693791976431385,1047183360,0.1484375
svhn,ssb-v2,0.8,13,1,451,0.007078916998580098,1047183360,0.1953125
svhn,ssb-v2,0.8,13,1,452,0.007236459001433104,1047183360,0.140625
svhn,ssb-v2,0.8,13,1,453,0.007831583003280684,1047789568,0.140625
svhn,ssb-v2,0.8,13,1,454,0.006934083008673042,1047789568,0.171875
svhn,ssb-v2,0.8,13,1,455,0.0068511250137817115,1047789568,0.1640625
svhn,ssb-v2,0.8,13,1,456,0.00697400001809001,1047789568,0.1875
svhn,ssb-v2,0.8,13,1,457,0.006877750012790784,1047789568,0.203125
svhn,ssb-v2,0.8,13,1,458,0.006769957981305197,1047789568,0.1640625
svhn,ssb-v2,0.8,13,1,459,0.0068989580031484365,1047789568,0.21875
svhn,ssb-v2,0.8,13,1,460,0.006887042021844536,1047789568,0.1953125
svhn,ssb-v2,0.8,13,1,461,0.006889665994094685,1047789568,0.234375
svhn,ssb-v2,0.8,13,1,462,0.006956625002203509,1047789568,0.1640625
svhn,ssb-v2,0.8,13,1,463,0.006883416994241998,1047789568,0.265625
svhn,ssb-v2,0.8,13,1,464,0.00681154101039283,1047789568,0.1953125
svhn,ssb-v2,0.8,13,1,465,0.006763250014046207,1047789568,0.15625
svhn,ssb-v2,0.8,13,1,466,0.006819416012149304,1047789568,0.1484375
svhn,ssb-v2,0.8,13,1,467,0.006813624990172684,1047789568,0.1953125
svhn,ssb-v2,0.8,13,1,468,0.0069050420133862644,1047789568,0.1875
svhn,ssb-v2,0.8,13,1,469,0.006801374984206632,1047789568,0.1875
svhn,ssb-v2,0.8,13,1,470,0.006792708998546004,1047789568,0.1875
svhn,ssb-v2,0.8,13,1,471,0.006771832995582372,1047789568,0.1953125
svhn,ssb-v2,0.8,13,1,472,0.006859666988020763,1047805952,0.1640625
svhn,ssb-v2,0.8,13,1,473,0.013719083013711497,1048739840,0.15625
svhn,ssb-v2,0.8,13,1,474,0.006729791988618672,1048739840,0.171875
svhn,ssb-v2,0.8,13,1,475,0.0069488330045714974,1048739840,0.21875
svhn,ssb-v2,0.8,13,1,476,0.006841916998382658,1049231360,0.125
svhn,ssb-v2,0.8,13,1,477,0.007539333018939942,1049231360,0.140625
svhn,ssb-v2,0.8,13,1,478,0.007832291012164205,1049493504,0.1875
svhn,ssb-v2,0.8,13,1,479,0.013310750015079975,1050214400,0.1953125
svhn,ssb-v2,0.8,13,1,480,0.006832500017480925,1050689536,0.2265625
svhn,ssb-v2,0.8,13,1,481,0.006712792004691437,1050689536,0.1875
svhn,ssb-v2,0.8,13,1,482,0.006782832992030308,1050705920,0.1796875
svhn,ssb-v2,0.8,13,1,483,0.007896499999333173,1050935296,0.1640625
svhn,ssb-v2,0.8,13,1,484,0.008425832987995818,1050984448,0.21875
svhn,ssb-v2,0.8,13,1,485,0.0069398750201798975,1050984448,0.203125
svhn,ssb-v2,0.8,13,1,486,0.007020333025138825,1050984448,0.1953125
svhn,ssb-v2,0.8,13,1,487,0.006905458023538813,1050984448,0.234375
svhn,ssb-v2,0.8,13,1,488,0.0067808750027325004,1051000832,0.203125
svhn,ssb-v2,0.8,13,1,489,0.007448791991919279,1051000832,0.171875
svhn,ssb-v2,0.8,13,1,490,0.007456999999703839,1051000832,0.1875
svhn,ssb-v2,0.8,13,1,491,0.007635916990693659,1051000832,0.1796875
svhn,ssb-v2,0.8,13,1,492,0.006911292002769187,1051000832,0.1328125
svhn,ssb-v2,0.8,13,1,493,0.006991041998844594,1051000832,0.1953125
svhn,ssb-v2,0.8,13,1,494,0.013398417009739205,1051852800,0.171875
svhn,ssb-v2,0.8,13,1,495,0.007126125012291595,1051852800,0.1875
svhn,ssb-v2,0.8,13,1,496,0.006912333978107199,1052327936,0.1171875
svhn,ssb-v2,0.8,13,1,497,0.007057833019644022,1052327936,0.1484375
svhn,ssb-v2,0.8,13,1,498,0.013062666985206306,1053048832,0.15625
svhn,ssb-v2,0.8,13,1,499,0.006784665980376303,1053343744,0.1328125
svhn,ssb-v2,0.8,13,1,500,0.006678000005194917,1053360128,0.1640625
svhn,ssb-v2,0.8,13,1,501,0.0068450410035438836,1053360128,0.2109375
svhn,ssb-v2,0.8,13,1,502,0.007311291992664337,1053360128,0.1484375
svhn,ssb-v2,0.8,13,1,503,0.007908750005299225,1053360128,0.2265625
svhn,ssb-v2,0.8,13,1,504,0.008046041009947658,1053360128,0.1953125
svhn,ssb-v2,0.8,13,1,505,0.0068536659819073975,1053360128,0.1953125
svhn,ssb-v2,0.8,13,1,506,0.006788708007661626,1053360128,0.2265625
svhn,ssb-v2,0.8,13,1,507,0.006813958985731006,1053360128,0.1484375
svhn,ssb-v2,0.8,13,1,508,0.006830833008280024,1053360128,0.2265625
svhn,ssb-v2,0.8,13,1,509,0.006930333009222522,1053360128,0.21875
svhn,ssb-v2,0.8,13,1,510,0.006844374991487712,1053360128,0.15625
svhn,ssb-v2,0.8,13,1,511,0.0068157080095261335,1053376512,0.1484375
svhn,ssb-v2,0.8,13,1,512,0.01359283397323452,1054294016,0.1953125
svhn,ssb-v2,0.8,13,1,513,0.007005457999184728,1054507008,0.1953125
svhn,ssb-v2,0.8,13,1,514,0.006907458999194205,1055457280,0.1875
svhn,ssb-v2,0.8,13,1,515,0.006801333016483113,1055457280,0.1953125
svhn,ssb-v2,0.8,13,1,516,0.013119915995048359,1056489472,0.2421875
svhn,ssb-v2,0.8,13,1,517,0.006678250007098541,1056751616,0.140625
svhn,ssb-v2,0.8,13,1,518,0.006749958003638312,1056751616,0.140625
svhn,ssb-v2,0.8,13,1,519,0.006994916999246925,1056751616,0.1875
svhn,ssb-v2,0.8,13,1,520,0.006867042015073821,1056980992,0.1796875
svhn,ssb-v2,0.8,13,1,521,0.0068949580017942935,1056980992,0.1796875
svhn,ssb-v2,0.8,13,1,522,0.008136541000567377,1056980992,0.1796875
svhn,ssb-v2,0.8,13,1,523,0.006789709004806355,1057226752,0.2421875
svhn,ssb-v2,0.8,13,1,524,0.006914333993336186,1057226752,0.1484375
svhn,ssb-v2,0.8,13,1,525,0.006899708008859307,1057226752,0.1875
svhn,ssb-v2,0.8,13,1,526,0.006936584017239511,1057226752,0.203125
svhn,ssb-v2,0.8,13,1,527,0.006867167016025633,1057226752,0.21875
svhn,ssb-v2,0.8,13,1,528,0.0073118750005960464,1057226752,0.125
svhn,ssb-v2,0.8,13,1,529,0.006816249981056899,1057226752,0.2109375
svhn,ssb-v2,0.8,13,1,530,0.006919958017533645,1057243136,0.1875
svhn,ssb-v2,0.8,13,1,531,0.006856291991425678,1057243136,0.25
svhn,ssb-v2,0.8,13,1,532,0.006946249981410801,1057243136,0.1796875
svhn,ssb-v2,0.8,13,1,533,0.006772875000024214,1057243136,0.15625
svhn,ssb-v2,0.8,13,1,534,0.006827209028415382,1057243136,0.21875
svhn,ssb-v2,0.8,13,1,535,0.00682312500430271,1057243136,0.1875
svhn,ssb-v2,0.8,13,1,536,0.006853166996734217,1057243136,0.203125
svhn,ssb-v2,0.8,13,1,537,0.006892708013765514,1057243136,0.1640625
svhn,ssb-v2,0.8,13,1,538,0.0068087910185568035,1057259520,0.1328125
svhn,ssb-v2,0.8,13,1,539,0.0070687079860363156,1057275904,0.203125
svhn,ssb-v2,0.8,13,1,540,0.00683974998537451,1057275904,0.15625
svhn,ssb-v2,0.8,13,1,541,0.006919832987478003,1057275904,0.171875
svhn,ssb-v2,0.8,13,1,542,0.006855624989839271,1057275904,0.1953125
svhn,ssb-v2,0.8,13,1,543,0.007012624992057681,1057275904,0.140625
svhn,ssb-v2,0.8,13,1,544,0.006814541993662715,1057275904,0.1953125
svhn,ssb-v2,0.8,13,1,545,0.013584917003754526,1058078720,0.203125
svhn,ssb-v2,0.8,13,1,546,0.00669266699696891,1058078720,0.203125
svhn,ssb-v2,0.8,13,1,547,0.0068938329932279885,1058078720,0.1640625
svhn,ssb-v2,0.8,13,1,548,0.006836499989731237,1058390016,0.1640625
svhn,ssb-v2,0.8,13,1,549,0.01320924999890849,1059700736,0.203125
svhn,ssb-v2,0.8,13,1,550,0.006895792001159862,1059700736,0.171875
svhn,ssb-v2,0.8,13,1,551,0.0069416250044014305,1060126720,0.171875
svhn,ssb-v2,0.8,13,1,552,0.01286791599704884,1060945920,0.1796875
svhn,ssb-v2,0.8,13,1,553,0.006883249996462837,1061535744,0.1875
svhn,ssb-v2,0.8,13,1,554,0.006859459012048319,1061912576,0.1796875
svhn,ssb-v2,0.8,13,1,555,0.006905499991262332,1062010880,0.1875
svhn,ssb-v2,0.8,13,1,556,0.006910292024258524,1062010880,0.2265625
svhn,ssb-v2,0.8,13,1,557,0.007570500019937754,1062010880,0.1484375
svhn,ssb-v2,0.8,13,1,558,0.006955999997444451,1062010880,0.1796875
svhn,ssb-v2,0.8,13,1,559,0.007317790994420648,1062010880,0.1875
svhn,ssb-v2,0.8,13,1,560,0.00692874999367632,1062010880,0.15625
svhn,ssb-v2,0.8,13,1,561,0.0068134590110275894,1062010880,0.15625
svhn,ssb-v2,0.8,13,1,562,0.007003791019087657,1062010880,0.15625
svhn,ssb-v2,0.8,13,1,563,0.006791042018448934,1062010880,0.1015625
svhn,ssb-v2,0.8,13,1,564,0.006968041998334229,1062010880,0.1953125
svhn,ssb-v2,0.8,13,1,565,0.006773083005100489,1062010880,0.171875
svhn,ssb-v2,0.8,13,1,566,0.0069347909884527326,1062010880,0.1796875
svhn,ssb-v2,0.8,13,1,567,0.006833334016846493,1062010880,0.171875
svhn,ssb-v2,0.8,13,1,568,0.006897083017975092,1062010880,0.234375
svhn,ssb-v2,0.8,13,1,569,0.006820084003265947,1062010880,0.1953125
svhn,ssb-v2,0.8,13,1,570,0.006960291997529566,1062010880,0.203125
svhn,ssb-v2,0.8,13,1,571,0.006798332993639633,1062010880,0.1640625
svhn,ssb-v2,0.8,13,1,572,0.04654595901956782,1071087616,0.2682926829268293
svhn,ssb-v2,0.8,13,2,0,0.009038625023094937,1080934400,0.15625
svhn,ssb-v2,0.8,13,2,1,0.006900875014252961,1081180160,0.1875
svhn,ssb-v2,0.8,13,2,2,0.006792375002987683,1073020928,0.21875
svhn,ssb-v2,0.8,13,2,3,0.006841499998699874,1073020928,0.1875
svhn,ssb-v2,0.8,13,2,4,0.007056500006001443,1074593792,0.1484375
svhn,ssb-v2,0.8,13,2,5,0.006852332997368649,1074610176,0.2421875
svhn,ssb-v2,0.8,13,2,6,0.006878208019770682,1074610176,0.1953125
svhn,ssb-v2,0.8,13,2,7,0.007001582998782396,1074610176,0.1953125
svhn,ssb-v2,0.8,13,2,8,0.006941915984498337,1074610176,0.15625
svhn,ssb-v2,0.8,13,2,9,0.007012707996182144,1074610176,0.234375
svhn,ssb-v2,0.8,13,2,10,0.006947124988073483,1074610176,0.171875
svhn,ssb-v2,0.8,13,2,11,0.007496291014831513,1052655616,0.1640625
svhn,ssb-v2,0.8,13,2,12,0.006737249990692362,1052655616,0.203125
svhn,ssb-v2,0.8,13,2,13,0.007117417000699788,1052295168,0.1328125
svhn,ssb-v2,0.8,13,2,14,0.006896542006870732,1032945664,0.2109375
svhn,ssb-v2,0.8,13,2,15,0.00703133299248293,1032945664,0.2421875
svhn,ssb-v2,0.8,13,2,16,0.00695079198339954,1032945664,0.1875
svhn,ssb-v2,0.8,13,2,17,0.0069246670173015445,1032945664,0.21875
svhn,ssb-v2,0.8,13,2,18,0.007098250003764406,1032945664,0.1875
svhn,ssb-v2,0.8,13,2,19,0.00674837501719594,1032945664,0.1796875
svhn,ssb-v2,0.8,13,2,20,0.0068511670106090605,1032945664,0.1875
svhn,ssb-v2,0.8,13,2,21,0.006865542003652081,1032945664,0.1328125
svhn,ssb-v2,0.8,13,2,22,0.006886874994961545,1032945664,0.15625
svhn,ssb-v2,0.8,13,2,23,0.013922957994509488,1033814016,0.1875
svhn,ssb-v2,0.8,13,2,24,0.007113166997442022,1033814016,0.140625
svhn,ssb-v2,0.8,13,2,25,0.006976625008974224,1033814016,0.1171875
svhn,ssb-v2,0.8,13,2,26,0.006871833000332117,1034108928,0.1171875
svhn,ssb-v2,0.8,13,2,27,0.007876958989072591,1034305536,0.1640625
svhn,ssb-v2,0.8,13,2,28,0.007458416977897286,1026834432,0.1796875
svhn,ssb-v2,0.8,13,2,29,0.00690237499657087,1025802240,0.1484375
svhn,ssb-v2,0.8,13,2,30,0.007087792007951066,1025802240,0.2421875
svhn,ssb-v2,0.8,13,2,31,0.006897249986650422,1025802240,0.1875
svhn,ssb-v2,0.8,13,2,32,0.0068330840149428695,1025802240,0.171875
svhn,ssb-v2,0.8,13,2,33,0.0068707500176969916,1025818624,0.1953125
svhn,ssb-v2,0.8,13,2,34,0.007333541987463832,1025818624,0.203125
svhn,ssb-v2,0.8,13,2,35,0.006817291985498741,1025818624,0.1953125
svhn,ssb-v2,0.8,13,2,36,0.006973666982958093,1025818624,0.1953125
svhn,ssb-v2,0.8,13,2,37,0.0069492080074269325,1025982464,0.140625
svhn,ssb-v2,0.8,13,2,38,0.006871958990814164,1025982464,0.234375
svhn,ssb-v2,0.8,13,2,39,0.006832165992818773,1025982464,0.25
svhn,ssb-v2,0.8,13,2,40,0.007057667011395097,1025982464,0.1953125
svhn,ssb-v2,0.8,13,2,41,0.006982416001847014,1025982464,0.15625
svhn,ssb-v2,0.8,13,2,42,0.006947750021936372,1025998848,0.171875
svhn,ssb-v2,0.8,13,2,43,0.00693845798377879,1025998848,0.171875
svhn,ssb-v2,0.8,13,2,44,0.006832249986473471,1025998848,0.2109375
svhn,ssb-v2,0.8,13,2,45,0.006881457986310124,1025998848,0.15625
svhn,ssb-v2,0.8,13,2,46,0.007011667010374367,1025998848,0.1796875
svhn,ssb-v2,0.8,13,2,47,0.0068815419799648225,1025998848,0.203125
svhn,ssb-v2,0.8,13,2,48,0.006904666981426999,1025998848,0.109375
svhn,ssb-v2,0.8,13,2,49,0.006840374990133569,1025998848,0.1640625
svhn,ssb-v2,0.8,13,2,50,0.0068829579977318645,1025998848,0.2109375
svhn,ssb-v2,0.8,13,2,51,0.007034417008981109,1025998848,0.1875
svhn,ssb-v2,0.8,13,2,52,0.006877500010887161,1025998848,0.171875
svhn,ssb-v2,0.8,13,2,53,0.008183124999050051,1026015232,0.2265625
svhn,ssb-v2,0.8,13,2,54,0.008501332980813459,1026015232,0.1484375
svhn,ssb-v2,0.8,13,2,55,0.011426125012803823,1026015232,0.203125
svhn,ssb-v2,0.8,13,2,56,0.009601083002053201,1026015232,0.1875
svhn,ssb-v2,0.8,13,2,57,0.007847125001717359,1026015232,0.1640625
svhn,ssb-v2,0.8,13,2,58,0.007051624997984618,1026015232,0.1484375
svhn,ssb-v2,0.8,13,2,59,0.006958916987059638,1026031616,0.1875
svhn,ssb-v2,0.8,13,2,60,0.006959999998798594,1026031616,0.1484375
svhn,ssb-v2,0.8,13,2,61,0.006957417004741728,1026031616,0.1484375
svhn,ssb-v2,0.8,13,2,62,0.006901584012666717,1026031616,0.171875
svhn,ssb-v2,0.8,13,2,63,0.006824083015089855,1026031616,0.2109375
svhn,ssb-v2,0.8,13,2,64,0.006835916981799528,1026031616,0.1484375
svhn,ssb-v2,0.8,13,2,65,0.006965916982153431,1026031616,0.171875
svhn,ssb-v2,0.8,13,2,66,0.006792416999815032,1026031616,0.1484375
svhn,ssb-v2,0.8,13,2,67,0.006914792000316083,1026031616,0.203125
svhn,ssb-v2,0.8,13,2,68,0.0069300409813877195,1026031616,0.1484375
svhn,ssb-v2,0.8,13,2,69,0.006856416002847254,1026048000,0.171875
svhn,ssb-v2,0.8,13,2,70,0.006874582992168143,1026048000,0.1796875
svhn,ssb-v2,0.8,13,2,71,0.006851499987533316,1026048000,0.203125
svhn,ssb-v2,0.8,13,2,72,0.006860583001980558,1026048000,0.2109375
svhn,ssb-v2,0.8,13,2,73,0.007041332981316373,1026048000,0.21875
svhn,ssb-v2,0.8,13,2,74,0.007090166007401422,1026048000,0.21875
svhn,ssb-v2,0.8,13,2,75,0.0067783750128000975,1026048000,0.25
svhn,ssb-v2,0.8,13,2,76,0.0068334170209709555,1026048000,0.234375
svhn,ssb-v2,0.8,13,2,77,0.006924791989149526,1026048000,0.140625
svhn,ssb-v2,0.8,13,2,78,0.007014083996182308,1026048000,0.1640625
svhn,ssb-v2,0.8,13,2,79,0.006815000000642613,1026048000,0.1875
svhn,ssb-v2,0.8,13,2,80,0.006805292010540143,1026048000,0.2109375
svhn,ssb-v2,0.8,13,2,81,0.006840917019871995,1026064384,0.171875
svhn,ssb-v2,0.8,13,2,82,0.00682012498145923,1026064384,0.2109375
svhn,ssb-v2,0.8,13,2,83,0.006916209007613361,1026064384,0.21875
svhn,ssb-v2,0.8,13,2,84,0.007042416982585564,1026064384,0.1953125
svhn,ssb-v2,0.8,13,2,85,0.006959082995308563,1026064384,0.2109375
svhn,ssb-v2,0.8,13,2,86,0.0067481659934856,1026064384,0.1640625
svhn,ssb-v2,0.8,13,2,87,0.006903292000060901,1026064384,0.1953125
svhn,ssb-v2,0.8,13,2,88,0.0068420419993344694,1026064384,0.1953125
svhn,ssb-v2,0.8,13,2,89,0.0070610829861834645,1026064384,0.2421875
svhn,ssb-v2,0.8,13,2,90,0.008752166002523154,1026064384,0.171875
svhn,ssb-v2,0.8,13,2,91,0.006781208998290822,1026064384,0.2109375
svhn,ssb-v2,0.8,13,2,92,0.00687137502245605,1026097152,0.2578125
svhn,ssb-v2,0.8,13,2,93,0.006877249979879707,1026097152,0.203125
svhn,ssb-v2,0.8,13,2,94,0.006775124988052994,1026097152,0.140625
svhn,ssb-v2,0.8,13,2,95,0.006957417004741728,1026097152,0.1875
svhn,ssb-v2,0.8,13,2,96,0.007123625022359192,1026113536,0.1796875
svhn,ssb-v2,0.8,13,2,97,0.013670875021489337,1026998272,0.2421875
svhn,ssb-v2,0.8,13,2,98,0.0069626249896828085,1026998272,0.171875
svhn,ssb-v2,0.8,13,2,99,0.006850500009022653,1026998272,0.1953125
svhn,ssb-v2,0.8,13,2,100,0.007259125006385148,1027244032,0.1953125
svhn,ssb-v2,0.8,13,2,101,0.007838332996470854,1027244032,0.2109375
svhn,ssb-v2,0.8,13,2,102,0.00839195802109316,1027244032,0.25
svhn,ssb-v2,0.8,13,2,103,0.006858125008875504,1027653632,0.2578125
svhn,ssb-v2,0.8,13,2,104,0.006772708002245054,1027653632,0.1953125
svhn,ssb-v2,0.8,13,2,105,0.006855082989204675,1027653632,0.1953125
svhn,ssb-v2,0.8,13,2,106,0.006840417016064748,1027653632,0.125
svhn,ssb-v2,0.8,13,2,107,0.00682687500375323,1027653632,0.21875
svhn,ssb-v2,0.8,13,2,108,0.006820499984314665,1027653632,0.1875
svhn,ssb-v2,0.8,13,2,109,0.007368499995209277,1027670016,0.1484375
svhn,ssb-v2,0.8,13,2,110,0.015512292011408135,1028472832,0.203125
svhn,ssb-v2,0.8,13,2,111,0.0069159170088823885,1028472832,0.1796875
svhn,ssb-v2,0.8,13,2,112,0.006764291989384219,1028472832,0.21875
svhn,ssb-v2,0.8,13,2,113,0.007195333018898964,1028784128,0.15625
svhn,ssb-v2,0.8,13,2,114,0.007733583013759926,1029210112,0.171875
svhn,ssb-v2,0.8,13,2,115,0.006851291982457042,1029210112,0.1796875
svhn,ssb-v2,0.8,13,2,116,0.006870040990179405,1029226496,0.171875
svhn,ssb-v2,0.8,13,2,117,0.006951540999580175,1029226496,0.1796875
svhn,ssb-v2,0.8,13,2,118,0.0068515409948304296,1029226496,0.203125
svhn,ssb-v2,0.8,13,2,119,0.006884875008836389,1029242880,0.21875
svhn,ssb-v2,0.8,13,2,120,0.006948624999495223,1029242880,0.1796875
svhn,ssb-v2,0.8,13,2,121,0.006966416985960677,1029242880,0.171875
svhn,ssb-v2,0.8,13,2,122,0.006860833003884181,1029242880,0.1796875
svhn,ssb-v2,0.8,13,2,123,0.006933374999789521,1029242880,0.1796875
svhn,ssb-v2,0.8,13,2,124,0.006939624989172444,1029242880,0.1640625
svhn,ssb-v2,0.8,13,2,125,0.0067976250138599426,1029242880,0.203125
svhn,ssb-v2,0.8,13,2,126,0.00690912498976104,1029242880,0.2109375
svhn,ssb-v2,0.8,13,2,127,0.0069160420098342,1029242880,0.15625
svhn,ssb-v2,0.8,13,2,128,0.01335499997367151,1029947392,0.1796875
svhn,ssb-v2,0.8,13,2,129,0.006988708017161116,1030225920,0.1875
svhn,ssb-v2,0.8,13,2,130,0.0068724580050911754,1030225920,0.1796875
svhn,ssb-v2,0.8,13,2,131,0.006950790993869305,1030684672,0.21875
svhn,ssb-v2,0.8,13,2,132,0.0068276250094641,1030684672,0.203125
svhn,ssb-v2,0.8,13,2,133,0.008429374982370064,1030684672,0.1875
svhn,ssb-v2,0.8,13,2,134,0.006815375003498048,1030684672,0.234375
svhn,ssb-v2,0.8,13,2,135,0.006971542024984956,1030684672,0.15625
svhn,ssb-v2,0.8,13,2,136,0.007039250020170584,1030684672,0.1875
svhn,ssb-v2,0.8,13,2,137,0.0068381660094019026,1030684672,0.140625
svhn,ssb-v2,0.8,13,2,138,0.0068105829996056855,1030684672,0.203125
svhn,ssb-v2,0.8,13,2,139,0.006842667004093528,1030684672,0.1953125
svhn,ssb-v2,0.8,13,2,140,0.007445416995324194,1030684672,0.1875
svhn,ssb-v2,0.8,13,2,141,0.006752541987225413,1030684672,0.2109375
svhn,ssb-v2,0.8,13,2,142,0.0068427920050453395,1030684672,0.140625
svhn,ssb-v2,0.8,13,2,143,0.006861000001663342,1030684672,0.140625
svhn,ssb-v2,0.8,13,2,144,0.0068877090234309435,1030684672,0.15625
svhn,ssb-v2,0.8,13,2,145,0.006783249991713092,1030684672,0.1796875
svhn,ssb-v2,0.8,13,2,146,0.006893790996400639,1030684672,0.1875
svhn,ssb-v2,0.8,13,2,147,0.006835458014393225,1030684672,0.1953125
svhn,ssb-v2,0.8,13,2,148,0.00690520802163519,1030701056,0.1328125
svhn,ssb-v2,0.8,13,2,149,0.013805832975776866,1031569408,0.203125
svhn,ssb-v2,0.8,13,2,150,0.006875999999465421,1031569408,0.1953125
svhn,ssb-v2,0.8,13,2,151,0.006684708001557738,1031569408,0.2421875
svhn,ssb-v2,0.8,13,2,152,0.006819916015956551,1031569408,0.234375
svhn,ssb-v2,0.8,13,2,153,0.007028041989542544,1031569408,0.2265625
svhn,ssb-v2,0.8,13,2,154,0.007179917010944337,1031569408,0.15625
svhn,ssb-v2,0.8,13,2,155,0.006828957994002849,1031569408,0.171875
svhn,ssb-v2,0.8,13,2,156,0.0068348749773576856,1031569408,0.1875
svhn,ssb-v2,0.8,13,2,157,0.006898374995216727,1031569408,0.15625
svhn,ssb-v2,0.8,13,2,158,0.007002583995927125,1031585792,0.1171875
svhn,ssb-v2,0.8,13,2,159,0.013684542005648836,1032962048,0.2109375
svhn,ssb-v2,0.8,13,2,160,0.006918958999449387,1033699328,0.1640625
svhn,ssb-v2,0.8,13,2,161,0.006851082987850532,1033748480,0.1953125
svhn,ssb-v2,0.8,13,2,162,0.00681641700793989,1033961472,0.2109375
svhn,ssb-v2,0.8,13,2,163,0.006892167002661154,1033961472,0.1640625
svhn,ssb-v2,0.8,13,2,164,0.007670166989555582,1033961472,0.2109375
svhn,ssb-v2,0.8,13,2,165,0.014593708998290822,1034862592,0.2421875
svhn,ssb-v2,0.8,13,2,166,0.00706612499197945,1034862592,0.2578125
svhn,ssb-v2,0.8,13,2,167,0.006884834001539275,1035354112,0.171875
svhn,ssb-v2,0.8,13,2,168,0.006852874998003244,1035354112,0.2109375
svhn,ssb-v2,0.8,13,2,169,0.0073542079771868885,1035354112,0.1640625
svhn,ssb-v2,0.8,13,2,170,0.006854583014501259,1035599872,0.1640625
svhn,ssb-v2,0.8,13,2,171,0.007321374985622242,1035599872,0.25
svhn,ssb-v2,0.8,13,2,172,0.006910208001499996,1035599872,0.1484375
svhn,ssb-v2,0.8,13,2,173,0.006874707993119955,1035599872,0.15625
svhn,ssb-v2,0.8,13,2,174,0.006876375002320856,1035599872,0.2109375
svhn,ssb-v2,0.8,13,2,175,0.007020250021014363,1035616256,0.171875
svhn,ssb-v2,0.8,13,2,176,0.006917916995007545,1035616256,0.1640625
svhn,ssb-v2,0.8,13,2,177,0.006968417001189664,1035616256,0.2265625
svhn,ssb-v2,0.8,13,2,178,0.007002791011473164,1035616256,0.1796875
svhn,ssb-v2,0.8,13,2,179,0.006834208994405344,1035616256,0.1953125
svhn,ssb-v2,0.8,13,2,180,0.007069082988891751,1035616256,0.1171875
svhn,ssb-v2,0.8,13,2,181,0.007036750001134351,1035616256,0.2421875
svhn,ssb-v2,0.8,13,2,182,0.0069980419939383864,1035616256,0.1875
svhn,ssb-v2,0.8,13,2,183,0.0068833749974146485,1035616256,0.171875
svhn,ssb-v2,0.8,13,2,184,0.0069821659999433905,1035616256,0.2421875
svhn,ssb-v2,0.8,13,2,185,0.006967374996747822,1035616256,0.2109375
svhn,ssb-v2,0.8,13,2,186,0.006850540987215936,1035616256,0.1875
svhn,ssb-v2,0.8,13,2,187,0.006928457994945347,1035616256,0.203125
svhn,ssb-v2,0.8,13,2,188,0.006940541003132239,1035616256,0.1796875
svhn,ssb-v2,0.8,13,2,189,0.006870042008813471,1035616256,0.1640625
svhn,ssb-v2,0.8,13,2,190,0.0066860409860964864,1035616256,0.1875
svhn,ssb-v2,0.8,13,2,191,0.00684183300472796,1035616256,0.171875
svhn,ssb-v2,0.8,13,2,192,0.00693937498726882,1035616256,0.171875
svhn,ssb-v2,0.8,13,2,193,0.007128166005713865,1035616256,0.1640625
svhn,ssb-v2,0.8,13,2,194,0.006843291019322351,1035616256,0.203125
svhn,ssb-v2,0.8,13,2,195,0.00680054200347513,1035616256,0.1796875
svhn,ssb-v2,0.8,13,2,196,0.006797541020205244,1035616256,0.21875
svhn,ssb-v2,0.8,13,2,197,0.006881749985041097,1035616256,0.1640625
svhn,ssb-v2,0.8,13,2,198,0.006884292000904679,1035616256,0.15625
svhn,ssb-v2,0.8,13,2,199,0.006878542015329003,1035616256,0.140625
svhn,ssb-v2,0.8,13,2,200,0.007129540987079963,1035616256,0.203125
svhn,ssb-v2,0.8,13,2,201,0.006697499979054555,1035616256,0.15625
svhn,ssb-v2,0.8,13,2,202,0.006801292009186,1035616256,0.2109375
svhn,ssb-v2,0.8,13,2,203,0.006862916023237631,1035616256,0.1796875
svhn,ssb-v2,0.8,13,2,204,0.006850708014098927,1035616256,0.2890625
svhn,ssb-v2,0.8,13,2,205,0.006828167010098696,1035616256,0.1875
svhn,ssb-v2,0.8,13,2,206,0.007099707989254966,1035616256,0.25
svhn,ssb-v2,0.8,13,2,207,0.007008084008703008,1035616256,0.171875
svhn,ssb-v2,0.8,13,2,208,0.006898125022416934,1035616256,0.2734375
svhn,ssb-v2,0.8,13,2,209,0.006855749990791082,1035616256,0.171875
svhn,ssb-v2,0.8,13,2,210,0.006848582997918129,1035616256,0.171875
svhn,ssb-v2,0.8,13,2,211,0.006808665988501161,1035616256,0.1875
svhn,ssb-v2,0.8,13,2,212,0.006817540997872129,1035616256,0.21875
svhn,ssb-v2,0.8,13,2,213,0.006889125012094155,1035616256,0.1171875
svhn,ssb-v2,0.8,13,2,214,0.006775625020964071,1035616256,0.2109375
svhn,ssb-v2,0.8,13,2,215,0.007024666992947459,1035616256,0.171875
svhn,ssb-v2,0.8,13,2,216,0.006814666994614527,1035616256,0.203125
svhn,ssb-v2,0.8,13,2,217,0.00694612500956282,1035616256,0.1796875
svhn,ssb-v2,0.8,13,2,218,0.006882708985358477,1035616256,0.2578125
svhn,ssb-v2,0.8,13,2,219,0.006928999995579943,1035632640,0.203125
svhn,ssb-v2,0.8,13,2,220,0.007003417005762458,1035632640,0.1796875
svhn,ssb-v2,0.8,13,2,221,0.006932292017154396,1035632640,0.1875
svhn,ssb-v2,0.8,13,2,222,0.006876625004224479,1035632640,0.21875
svhn,ssb-v2,0.8,13,2,223,0.006854250008473173,1035649024,0.21875
svhn,ssb-v2,0.8,13,2,224,0.0068826249917037785,1035649024,0.1796875
svhn,ssb-v2,0.8,13,2,225,0.006841124995844439,1035649024,0.15625
svhn,ssb-v2,0.8,13,2,226,0.00685470798634924,1035649024,0.234375
svhn,ssb-v2,0.8,13,2,227,0.006753916008165106,1035649024,0.2265625
svhn,ssb-v2,0.8,13,2,228,0.013900291989557445,1036517376,0.1328125
svhn,ssb-v2,0.8,13,2,229,0.006821790972026065,1036763136,0.1796875
svhn,ssb-v2,0.8,13,2,230,0.006899041996803135,1036779520,0.1484375
svhn,ssb-v2,0.8,13,2,231,0.006884917005663738,1036779520,0.203125
svhn,ssb-v2,0.8,13,2,232,0.007780374988215044,1036779520,0.1640625
svhn,ssb-v2,0.8,13,2,233,0.007285582978511229,1036779520,0.1796875
svhn,ssb-v2,0.8,13,2,234,0.007279209006810561,1036779520,0.21875
svhn,ssb-v2,0.8,13,2,235,0.006869833014206961,1036795904,0.1796875
svhn,ssb-v2,0.8,13,2,236,0.006858083012048155,1036795904,0.2265625
svhn,ssb-v2,0.8,13,2,237,0.006878917018184438,1036795904,0.140625
svhn,ssb-v2,0.8,13,2,238,0.007235957978991792,1036795904,0.1796875
svhn,ssb-v2,0.8,13,2,239,0.007458707987098023,1036795904,0.2265625
svhn,ssb-v2,0.8,13,2,240,0.007009749999269843,1036795904,0.21875
svhn,ssb-v2,0.8,13,2,241,0.00689116699504666,1036795904,0.140625
svhn,ssb-v2,0.8,13,2,242,0.006811083003412932,1036795904,0.203125
svhn,ssb-v2,0.8,13,2,243,0.006864208000479266,1036795904,0.2109375
svhn,ssb-v2,0.8,13,2,244,0.007048542000120506,1037271040,0.1953125
svhn,ssb-v2,0.8,13,2,245,0.0068543750094249845,1037271040,0.15625
svhn,ssb-v2,0.8,13,2,246,0.006867916992632672,1037271040,0.140625
svhn,ssb-v2,0.8,13,2,247,0.006894082995131612,1037271040,0.15625
svhn,ssb-v2,0.8,13,2,248,0.006987000000663102,1037271040,0.1796875
svhn,ssb-v2,0.8,13,2,249,0.007019959011813626,1037271040,0.1796875
svhn,ssb-v2,0.8,13,2,250,0.006803458993090317,1037271040,0.2109375
svhn,ssb-v2,0.8,13,2,251,0.00694983298308216,1037271040,0.171875
svhn,ssb-v2,0.8,13,2,252,0.006857458007289097,1037271040,0.1640625
svhn,ssb-v2,0.8,13,2,253,0.006946917012101039,1037271040,0.2109375
svhn,ssb-v2,0.8,13,2,254,0.006780750001780689,1037271040,0.1953125
svhn,ssb-v2,0.8,13,2,255,0.006803666998166591,1037271040,0.2109375
svhn,ssb-v2,0.8,13,2,256,0.006929458002559841,1037271040,0.171875
svhn,ssb-v2,0.8,13,2,257,0.006923999986611307,1037271040,0.171875
svhn,ssb-v2,0.8,13,2,258,0.006913958000950515,1037271040,0.1640625
svhn,ssb-v2,0.8,13,2,259,0.006831165985204279,1037271040,0.21875
svhn,ssb-v2,0.8,13,2,260,0.006953082978725433,1037271040,0.1796875
svhn,ssb-v2,0.8,13,2,261,0.006812207982875407,1037271040,0.2109375
svhn,ssb-v2,0.8,13,2,262,0.0068416659778449684,1037271040,0.171875
svhn,ssb-v2,0.8,13,2,263,0.00679754200973548,1037271040,0.21875
svhn,ssb-v2,0.8,13,2,264,0.006911791017046198,1037271040,0.1796875
svhn,ssb-v2,0.8,13,2,265,0.0068713749933522195,1037271040,0.1875
svhn,ssb-v2,0.8,13,2,266,0.0068214579951018095,1037271040,0.1328125
svhn,ssb-v2,0.8,13,2,267,0.006770334002794698,1037271040,0.15625
svhn,ssb-v2,0.8,13,2,268,0.006964542000787333,1037271040,0.2265625
svhn,ssb-v2,0.8,13,2,269,0.006836749991634861,1037271040,0.171875
svhn,ssb-v2,0.8,13,2,270,0.006892999983392656,1037271040,0.1875
svhn,ssb-v2,0.8,13,2,271,0.006997791992034763,1037271040,0.1953125
svhn,ssb-v2,0.8,13,2,272,0.007041167002171278,1037271040,0.2265625
svhn,ssb-v2,0.8,13,2,273,0.006866332987556234,1037271040,0.234375
svhn,ssb-v2,0.8,13,2,274,0.00700725000933744,1037271040,0.2109375
svhn,ssb-v2,0.8,13,2,275,0.006820333015639335,1037271040,0.2734375
svhn,ssb-v2,0.8,13,2,276,0.006890291988383979,1037271040,0.171875
svhn,ssb-v2,0.8,13,2,277,0.006945208995603025,1037271040,0.171875
svhn,ssb-v2,0.8,13,2,278,0.006864666996989399,1037271040,0.21875
svhn,ssb-v2,0.8,13,2,279,0.01344629199593328,1038073856,0.1640625
svhn,ssb-v2,0.8,13,2,280,0.006815542001277208,1038729216,0.1953125
svhn,ssb-v2,0.8,13,2,281,0.006833291990915313,1038811136,0.2578125
svhn,ssb-v2,0.8,13,2,282,0.006930958013981581,1038811136,0.2109375
svhn,ssb-v2,0.8,13,2,283,0.007324125006562099,1038811136,0.1640625
svhn,ssb-v2,0.8,13,2,284,0.007448582997312769,1038811136,0.1640625
svhn,ssb-v2,0.8,13,2,285,0.007754708989523351,1038811136,0.15625
svhn,ssb-v2,0.8,13,2,286,0.006852416991023347,1038811136,0.1484375
svhn,ssb-v2,0.8,13,2,287,0.006861125002615154,1038811136,0.1875
svhn,ssb-v2,0.8,13,2,288,0.006739124975865707,1038811136,0.1796875
svhn,ssb-v2,0.8,13,2,289,0.0068312079820316285,1038811136,0.1640625
svhn,ssb-v2,0.8,13,2,290,0.006996000010985881,1038811136,0.2421875
svhn,ssb-v2,0.8,13,2,291,0.006938792008440942,1038811136,0.15625
svhn,ssb-v2,0.8,13,2,292,0.006836959015345201,1038811136,0.1640625
svhn,ssb-v2,0.8,13,2,293,0.006869500008178875,1038811136,0.1796875
svhn,ssb-v2,0.8,13,2,294,0.006959624995943159,1038811136,0.1640625
svhn,ssb-v2,0.8,13,2,295,0.006923207984073088,1038811136,0.21875
svhn,ssb-v2,0.8,13,2,296,0.0068170840095262975,1038811136,0.2109375
svhn,ssb-v2,0.8,13,2,297,0.00681175000499934,1038811136,0.1796875
svhn,ssb-v2,0.8,13,2,298,0.006913416989846155,1038811136,0.171875
svhn,ssb-v2,0.8,13,2,299,0.006885624985443428,1038811136,0.1953125
svhn,ssb-v2,0.8,13,2,300,0.007078875001752749,1038811136,0.1796875
svhn,ssb-v2,0.8,13,2,301,0.00686462500016205,1038811136,0.234375
svhn,ssb-v2,0.8,13,2,302,0.006924583023646846,1038811136,0.125
svhn,ssb-v2,0.8,13,2,303,0.006788874976336956,1038811136,0.140625
svhn,ssb-v2,0.8,13,2,304,0.006897583982208744,1038811136,0.15625
svhn,ssb-v2,0.8,13,2,305,0.006826708005974069,1038811136,0.1484375
svhn,ssb-v2,0.8,13,2,306,0.006794082990381867,1038827520,0.21875
svhn,ssb-v2,0.8,13,2,307,0.006833584018750116,1038827520,0.2265625
svhn,ssb-v2,0.8,13,2,308,0.006925624998984858,1038827520,0.1796875
svhn,ssb-v2,0.8,13,2,309,0.013731250015553087,1039695872,0.2109375
svhn,ssb-v2,0.8,13,2,310,0.006729791988618672,1039695872,0.1640625
svhn,ssb-v2,0.8,13,2,311,0.006766958977095783,1040154624,0.1875
svhn,ssb-v2,0.8,13,2,312,0.013421125011518598,1041186816,0.1796875
svhn,ssb-v2,0.8,13,2,313,0.006939749990124255,1041743872,0.21875
svhn,ssb-v2,0.8,13,2,314,0.00687116599874571,1041743872,0.1875
svhn,ssb-v2,0.8,13,2,315,0.007094625005265698,1041743872,0.140625
svhn,ssb-v2,0.8,13,2,316,0.006819083995651454,1041989632,0.21875
svhn,ssb-v2,0.8,13,2,317,0.00757866699132137,1041989632,0.2109375
svhn,ssb-v2,0.8,13,2,318,0.006851791986264288,1041989632,0.1796875
svhn,ssb-v2,0.8,13,2,319,0.013324667001143098,1042710528,0.203125
svhn,ssb-v2,0.8,13,2,320,0.012482459016609937,1043955712,0.1484375
svhn,ssb-v2,0.8,13,2,321,0.007115624990547076,1043955712,0.203125
svhn,ssb-v2,0.8,13,2,322,0.007155250001233071,1043955712,0.1640625
svhn,ssb-v2,0.8,13,2,323,0.00867641600780189,1045168128,0.28125
svhn,ssb-v2,0.8,13,2,324,0.007789916999172419,1046052864,0.171875
svhn,ssb-v2,0.8,13,2,325,0.010108082991791889,1046052864,0.1953125
svhn,ssb-v2,0.8,13,2,326,0.011375333997420967,1047625728,0.203125
svhn,ssb-v2,0.8,13,2,327,0.008535250002751127,1047625728,0.15625
svhn,ssb-v2,0.8,13,2,328,0.007343583012698218,1048035328,0.2421875
svhn,ssb-v2,0.8,13,2,329,0.007012374990154058,1048035328,0.1796875
svhn,ssb-v2,0.8,13,2,330,0.006867957999929786,1048035328,0.171875
svhn,ssb-v2,0.8,13,2,331,0.006957042001886293,1048035328,0.25
svhn,ssb-v2,0.8,13,2,332,0.006881875015096739,1048035328,0.1875
svhn,ssb-v2,0.8,13,2,333,0.006796458997996524,1048035328,0.1640625
svhn,ssb-v2,0.8,13,2,334,0.006776499998522922,1048035328,0.109375
svhn,ssb-v2,0.8,13,2,335,0.006774542009225115,1048035328,0.1875
svhn,ssb-v2,0.8,13,2,336,0.006944041000679135,1048035328,0.1875
svhn,ssb-v2,0.8,13,2,337,0.006906499998876825,1048035328,0.1875
svhn,ssb-v2,0.8,13,2,338,0.0069573329819832,1048035328,0.15625
svhn,ssb-v2,0.8,13,2,339,0.006982708000577986,1048035328,0.203125
svhn,ssb-v2,0.8,13,2,340,0.0067212500143796206,1048035328,0.1953125
svhn,ssb-v2,0.8,13,2,341,0.006871624995255843,1048035328,0.203125
svhn,ssb-v2,0.8,13,2,342,0.006714499992085621,1048035328,0.203125
svhn,ssb-v2,0.8,13,2,343,0.00684741698205471,1048035328,0.2109375
svhn,ssb-v2,0.8,13,2,344,0.006840916001237929,1048035328,0.1640625
svhn,ssb-v2,0.8,13,2,345,0.006788083002902567,1048035328,0.21875
svhn,ssb-v2,0.8,13,2,346,0.00699208298465237,1048068096,0.171875
svhn,ssb-v2,0.8,13,2,347,0.006891541997902095,1048068096,0.1484375
svhn,ssb-v2,0.8,13,2,348,0.006861000001663342,1048068096,0.171875
svhn,ssb-v2,0.8,13,2,349,0.006915792007930577,1048068096,0.1328125
svhn,ssb-v2,0.8,13,2,350,0.006892542005516589,1048068096,0.25
svhn,ssb-v2,0.8,13,2,351,0.006904000008944422,1048068096,0.1640625
svhn,ssb-v2,0.8,13,2,352,0.006922041007783264,1048068096,0.1953125
svhn,ssb-v2,0.8,13,2,353,0.006795209017582238,1048068096,0.25
svhn,ssb-v2,0.8,13,2,354,0.006852124992292374,1048068096,0.2109375
svhn,ssb-v2,0.8,13,2,355,0.006945458007976413,1048068096,0.1484375
svhn,ssb-v2,0.8,13,2,356,0.007022999983746558,1048068096,0.1484375
svhn,ssb-v2,0.8,13,2,357,0.006859958986751735,1048068096,0.234375
svhn,ssb-v2,0.8,13,2,358,0.006833958002971485,1048068096,0.171875
svhn,ssb-v2,0.8,13,2,359,0.0069633749953936785,1048084480,0.1796875
svhn,ssb-v2,0.8,13,2,360,0.006911749980645254,1048084480,0.2265625
svhn,ssb-v2,0.8,13,2,361,0.0069734170101583,1048084480,0.1875
svhn,ssb-v2,0.8,13,2,362,0.006893624988151714,1048084480,0.1953125
svhn,ssb-v2,0.8,13,2,363,0.007021708006504923,1048100864,0.2109375
svhn,ssb-v2,0.8,13,2,364,0.007021500001428649,1048100864,0.25
svhn,ssb-v2,0.8,13,2,365,0.013502542016794905,1049001984,0.1875
svhn,ssb-v2,0.8,13,2,366,0.007139834022382274,1049018368,0.171875
svhn,ssb-v2,0.8,13,2,367,0.006926959002157673,1049018368,0.171875
svhn,ssb-v2,0.8,13,2,368,0.006744790996890515,1049264128,0.140625
svhn,ssb-v2,0.8,13,2,369,0.007386832992779091,1049264128,0.1171875
svhn,ssb-v2,0.8,13,2,370,0.008325458009494469,1049755648,0.1875
svhn,ssb-v2,0.8,13,2,371,0.006997666991082951,1049755648,0.2734375
svhn,ssb-v2,0.8,13,2,372,0.006848624994745478,1049755648,0.171875
svhn,ssb-v2,0.8,13,2,373,0.007076874986523762,1049755648,0.1328125
svhn,ssb-v2,0.8,13,2,374,0.006828082987340167,1049755648,0.2109375
svhn,ssb-v2,0.8,13,2,375,0.006965542008401826,1049755648,0.1640625
svhn,ssb-v2,0.8,13,2,376,0.006905874994117767,1049755648,0.1875
svhn,ssb-v2,0.8,13,2,377,0.006905167014338076,1049755648,0.1640625
svhn,ssb-v2,0.8,13,2,378,0.006990124995354563,1049755648,0.3203125
svhn,ssb-v2,0.8,13,2,379,0.00682516599772498,1049755648,0.234375
svhn,ssb-v2,0.8,13,2,380,0.006782291980925947,1049755648,0.1796875
svhn,ssb-v2,0.8,13,2,381,0.006932958000106737,1049755648,0.1640625
svhn,ssb-v2,0.8,13,2,382,0.006725125014781952,1049755648,0.125
svhn,ssb-v2,0.8,13,2,383,0.0069075840001460165,1049755648,0.2109375
svhn,ssb-v2,0.8,13,2,384,0.006803749973187223,1049755648,0.1796875
svhn,ssb-v2,0.8,13,2,385,0.006854709004983306,1049755648,0.15625
svhn,ssb-v2,0.8,13,2,386,0.006994583003688604,1049755648,0.1328125
svhn,ssb-v2,0.8,13,2,387,0.006787708989577368,1049755648,0.203125
svhn,ssb-v2,0.8,13,2,388,0.006837875000201166,1049755648,0.2109375
svhn,ssb-v2,0.8,13,2,389,0.0067512090026866645,1049755648,0.21875
svhn,ssb-v2,0.8,13,2,390,0.006796208006562665,1049755648,0.1640625
svhn,ssb-v2,0.8,13,2,391,0.006863916991278529,1049755648,0.2421875
svhn,ssb-v2,0.8,13,2,392,0.006851458019809797,1049755648,0.234375
svhn,ssb-v2,0.8,13,2,393,0.0068525419919751585,1049755648,0.1796875
svhn,ssb-v2,0.8,13,2,394,0.0068637919903267175,1049755648,0.21875
svhn,ssb-v2,0.8,13,2,395,0.006991749978624284,1049755648,0.2421875
svhn,ssb-v2,0.8,13,2,396,0.006805832992540672,1049755648,0.2265625
svhn,ssb-v2,0.8,13,2,397,0.00688649999210611,1049755648,0.21875
svhn,ssb-v2,0.8,13,2,398,0.006833833002019674,1049755648,0.1171875
svhn,ssb-v2,0.8,13,2,399,0.006922375003341585,1049755648,0.2265625
svhn,ssb-v2,0.8,13,2,400,0.006929041992407292,1049755648,0.2578125
svhn,ssb-v2,0.8,13,2,401,0.0069137920218054205,1049755648,0.1953125
svhn,ssb-v2,0.8,13,2,402,0.006831457983935252,1049755648,0.1875
svhn,ssb-v2,0.8,13,2,403,0.0069640830042771995,1049755648,0.2109375
svhn,ssb-v2,0.8,13,2,404,0.006971666996832937,1049755648,0.171875
svhn,ssb-v2,0.8,13,2,405,0.006991458008997142,1049755648,0.234375
svhn,ssb-v2,0.8,13,2,406,0.0069771660200785846,1049755648,0.109375
svhn,ssb-v2,0.8,13,2,407,0.006746750004822388,1049755648,0.2109375
svhn,ssb-v2,0.8,13,2,408,0.006814583990490064,1049755648,0.1875
svhn,ssb-v2,0.8,13,2,409,0.007027082989225164,1049755648,0.21875
svhn,ssb-v2,0.8,13,2,410,0.007063249999191612,1049755648,0.21875
svhn,ssb-v2,0.8,13,2,411,0.006871207995573059,1049755648,0.2421875
svhn,ssb-v2,0.8,13,2,412,0.007033624977339059,1049755648,0.171875
svhn,ssb-v2,0.8,13,2,413,0.006827874982263893,1049755648,0.21875
svhn,ssb-v2,0.8,13,2,414,0.006862083013402298,1049755648,0.2109375
svhn,ssb-v2,0.8,13,2,415,0.006990666006458923,1049755648,0.171875
svhn,ssb-v2,0.8,13,2,416,0.0067660409840755165,1049755648,0.1796875
svhn,ssb-v2,0.8,13,2,417,0.0069054579944349825,1049755648,0.1484375
svhn,ssb-v2,0.8,13,2,418,0.006965625012526289,1049755648,0.15625
svhn,ssb-v2,0.8,13,2,419,0.007089708000421524,1049755648,0.140625
svhn,ssb-v2,0.8,13,2,420,0.006842999981017783,1049755648,0.1640625
svhn,ssb-v2,0.8,13,2,421,0.006845124997198582,1049755648,0.1328125
svhn,ssb-v2,0.8,13,2,422,0.006868750002468005,1049755648,0.2421875
svhn,ssb-v2,0.8,13,2,423,0.006942249980056658,1049755648,0.1796875
svhn,ssb-v2,0.8,13,2,424,0.0068402909964788705,1049755648,0.140625
svhn,ssb-v2,0.8,13,2,425,0.006833708001067862,1049755648,0.1875
svhn,ssb-v2,0.8,13,2,426,0.006866167008411139,1049755648,0.1484375
svhn,ssb-v2,0.8,13,2,427,0.006853041995782405,1049755648,0.2421875
svhn,ssb-v2,0.8,13,2,428,0.006761791999451816,1049755648,0.203125
svhn,ssb-v2,0.8,13,2,429,0.0068290409981273115,1049755648,0.2265625
svhn,ssb-v2,0.8,13,2,430,0.006808666017604992,1049755648,0.3046875
svhn,ssb-v2,0.8,13,2,431,0.006851957994513214,1049755648,0.1796875
svhn,ssb-v2,0.8,13,2,432,0.006772749999072403,1049755648,0.2265625
svhn,ssb-v2,0.8,13,2,433,0.006943375017726794,1049755648,0.171875
svhn,ssb-v2,0.8,13,2,434,0.0071743330045137554,1049755648,0.1328125
svhn,ssb-v2,0.8,13,2,435,0.006877500010887161,1049755648,0.2265625
svhn,ssb-v2,0.8,13,2,436,0.006916082988027483,1049755648,0.171875
svhn,ssb-v2,0.8,13,2,437,0.006972584000322968,1049772032,0.21875
svhn,ssb-v2,0.8,13,2,438,0.007093457999872044,1049772032,0.203125
svhn,ssb-v2,0.8,13,2,439,0.00684950000140816,1049772032,0.2265625
svhn,ssb-v2,0.8,13,2,440,0.007074374996591359,1049772032,0.2265625
svhn,ssb-v2,0.8,13,2,441,0.007034084002953023,1049772032,0.171875
svhn,ssb-v2,0.8,13,2,442,0.006934624980203807,1049772032,0.203125
svhn,ssb-v2,0.8,13,2,443,0.006862999987788498,1049772032,0.2265625
svhn,ssb-v2,0.8,13,2,444,0.0068786669871769845,1049772032,0.1484375
svhn,ssb-v2,0.8,13,2,445,0.006835208012489602,1049772032,0.2265625
svhn,ssb-v2,0.8,13,2,446,0.006823500007158145,1049772032,0.15625
svhn,ssb-v2,0.8,13,2,447,0.0067849170009139925,1049772032,0.140625
svhn,ssb-v2,0.8,13,2,448,0.006974290998186916,1049772032,0.25
svhn,ssb-v2,0.8,13,2,449,0.006852374994195998,1049772032,0.2109375
svhn,ssb-v2,0.8,13,2,450,0.006985749991144985,1049772032,0.15625
svhn,ssb-v2,0.8,13,2,451,0.006988999986788258,1049772032,0.1875
svhn,ssb-v2,0.8,13,2,452,0.006962665996979922,1049772032,0.1875
svhn,ssb-v2,0.8,13,2,453,0.007023624988505617,1049772032,0.1796875
svhn,ssb-v2,0.8,13,2,454,0.006816125009208918,1049772032,0.2109375
svhn,ssb-v2,0.8,13,2,455,0.006867958989460021,1049772032,0.15625
svhn,ssb-v2,0.8,13,2,456,0.006860082998173311,1049772032,0.2265625
svhn,ssb-v2,0.8,13,2,457,0.006998666998697445,1049772032,0.1484375
svhn,ssb-v2,0.8,13,2,458,0.006953292002435774,1049772032,0.234375
svhn,ssb-v2,0.8,13,2,459,0.00678366600186564,1049772032,0.1328125
svhn,ssb-v2,0.8,13,2,460,0.006894999998621643,1049772032,0.1796875
svhn,ssb-v2,0.8,13,2,461,0.0069952089979778975,1049772032,0.1328125
svhn,ssb-v2,0.8,13,2,462,0.0069419580104295164,1049772032,0.21875
svhn,ssb-v2,0.8,13,2,463,0.006820666982093826,1049772032,0.1875
svhn,ssb-v2,0.8,13,2,464,0.0068119170027785,1049772032,0.1796875
svhn,ssb-v2,0.8,13,2,465,0.006908083014423028,1049772032,0.1796875
svhn,ssb-v2,0.8,13,2,466,0.006973667012061924,1049772032,0.265625
svhn,ssb-v2,0.8,13,2,467,0.006765250000171363,1049772032,0.1796875
svhn,ssb-v2,0.8,13,2,468,0.006920042011188343,1049772032,0.21875
svhn,ssb-v2,0.8,13,2,469,0.0068041250051464885,1049772032,0.1640625
svhn,ssb-v2,0.8,13,2,470,0.006743584002833813,1049772032,0.171875
svhn,ssb-v2,0.8,13,2,471,0.006781666015740484,1049772032,0.1953125
svhn,ssb-v2,0.8,13,2,472,0.006845416995929554,1049772032,0.2265625
svhn,ssb-v2,0.8,13,2,473,0.006786540994653478,1049788416,0.1953125
svhn,ssb-v2,0.8,13,2,474,0.006816665991209447,1049788416,0.203125
svhn,ssb-v2,0.8,13,2,475,0.006873167003504932,1049788416,0.234375
svhn,ssb-v2,0.8,13,2,476,0.0068877080047968775,1049788416,0.1875
svhn,ssb-v2,0.8,13,2,477,0.006790541985537857,1049788416,0.1484375
svhn,ssb-v2,0.8,13,2,478,0.006825167016359046,1049788416,0.1875
svhn,ssb-v2,0.8,13,2,479,0.006827208009781316,1049788416,0.28125
svhn,ssb-v2,0.8,13,2,480,0.006766542006516829,1049788416,0.1953125
svhn,ssb-v2,0.8,13,2,481,0.006792333995690569,1049804800,0.1796875
svhn,ssb-v2,0.8,13,2,482,0.006802916992455721,1049804800,0.171875
svhn,ssb-v2,0.8,13,2,483,0.006914625002536923,1049804800,0.265625
svhn,ssb-v2,0.8,13,2,484,0.006984790990827605,1049804800,0.2109375
svhn,ssb-v2,0.8,13,2,485,0.006815750006353483,1049804800,0.2109375
svhn,ssb-v2,0.8,13,2,486,0.006973042007302865,1049804800,0.0859375
svhn,ssb-v2,0.8,13,2,487,0.013944832986453548,1050673152,0.2421875
svhn,ssb-v2,0.8,13,2,488,0.006715667026583105,1050673152,0.1953125
svhn,ssb-v2,0.8,13,2,489,0.007008166023297235,1050918912,0.2421875
svhn,ssb-v2,0.8,13,2,490,0.013633458002004772,1051770880,0.15625
svhn,ssb-v2,0.8,13,2,491,0.0068902079947292805,1052000256,0.1953125
svhn,ssb-v2,0.8,13,2,492,0.0068406250211410224,1052377088,0.2109375
svhn,ssb-v2,0.8,13,2,493,0.006916207988979295,1052704768,0.1484375
svhn,ssb-v2,0.8,13,2,494,0.007888332998845726,1052704768,0.125
svhn,ssb-v2,0.8,13,2,495,0.008657250000396743,1052704768,0.1953125
svhn,ssb-v2,0.8,13,2,496,0.0069817920157220215,1052704768,0.21875
svhn,ssb-v2,0.8,13,2,497,0.00687208300223574,1053016064,0.1796875
svhn,ssb-v2,0.8,13,2,498,0.006878874992253259,1053016064,0.2109375
svhn,ssb-v2,0.8,13,2,499,0.006892499979585409,1053016064,0.15625
svhn,ssb-v2,0.8,13,2,500,0.006788374972529709,1053016064,0.1875
svhn,ssb-v2,0.8,13,2,501,0.007135874999221414,1053016064,0.2109375
svhn,ssb-v2,0.8,13,2,502,0.006906750000780448,1053016064,0.2265625
svhn,ssb-v2,0.8,13,2,503,0.0068667080195154995,1053016064,0.1640625
svhn,ssb-v2,0.8,13,2,504,0.006962666986510158,1053016064,0.1875
svhn,ssb-v2,0.8,13,2,505,0.006879166990984231,1053016064,0.1953125
svhn,ssb-v2,0.8,13,2,506,0.0068725000019185245,1053016064,0.1875
svhn,ssb-v2,0.8,13,2,507,0.006907749979291111,1053016064,0.1484375
svhn,ssb-v2,0.8,13,2,508,0.006771083018975332,1053016064,0.1796875
svhn,ssb-v2,0.8,13,2,509,0.006873959006043151,1053016064,0.1328125
svhn,ssb-v2,0.8,13,2,510,0.00702837499557063,1053016064,0.1953125
svhn,ssb-v2,0.8,13,2,511,0.006980083009693772,1053016064,0.109375
svhn,ssb-v2,0.8,13,2,512,0.006953500007512048,1053032448,0.15625
svhn,ssb-v2,0.8,13,2,513,0.006832250015577301,1053032448,0.1953125
svhn,ssb-v2,0.8,13,2,514,0.006895416998304427,1053032448,0.1875
svhn,ssb-v2,0.8,13,2,515,0.006925124995177612,1052999680,0.1640625
svhn,ssb-v2,0.8,13,2,516,0.006985041982261464,1052999680,0.234375
svhn,ssb-v2,0.8,13,2,517,0.006917249993421137,1052999680,0.1328125
svhn,ssb-v2,0.8,13,2,518,0.006853917002445087,1052999680,0.203125
svhn,ssb-v2,0.8,13,2,519,0.006917832972249016,1052999680,0.203125
svhn,ssb-v2,0.8,13,2,520,0.006911250005941838,1052999680,0.2109375
svhn,ssb-v2,0.8,13,2,521,0.006912374985404313,1052999680,0.1484375
svhn,ssb-v2,0.8,13,2,522,0.00680800000554882,1052999680,0.171875
svhn,ssb-v2,0.8,13,2,523,0.006940458988538012,1052999680,0.171875
svhn,ssb-v2,0.8,13,2,524,0.006791874999180436,1052999680,0.2109375
svhn,ssb-v2,0.8,13,2,525,0.007072000007610768,1052999680,0.203125
svhn,ssb-v2,0.8,13,2,526,0.0068519169872161,1052999680,0.2265625
svhn,ssb-v2,0.8,13,2,527,0.007023832993581891,1052999680,0.21875
svhn,ssb-v2,0.8,13,2,528,0.006869457982247695,1052999680,0.140625
svhn,ssb-v2,0.8,13,2,529,0.006826583005022258,1052999680,0.234375
svhn,ssb-v2,0.8,13,2,530,0.00699529200210236,1052999680,0.21875
svhn,ssb-v2,0.8,13,2,531,0.006969374982872978,1053016064,0.1953125
svhn,ssb-v2,0.8,13,2,532,0.006884583010105416,1053016064,0.140625
svhn,ssb-v2,0.8,13,2,533,0.006795333989430219,1053016064,0.2109375
svhn,ssb-v2,0.8,13,2,534,0.006954167009098455,1053016064,0.15625
svhn,ssb-v2,0.8,13,2,535,0.006826625001849607,1053016064,0.1796875
svhn,ssb-v2,0.8,13,2,536,0.006851374986581504,1053016064,0.15625
svhn,ssb-v2,0.8,13,2,537,0.007023957994533703,1053016064,0.2109375
svhn,ssb-v2,0.8,13,2,538,0.006918958009919152,1053016064,0.2578125
svhn,ssb-v2,0.8,13,2,539,0.00683604198275134,1053016064,0.1328125
svhn,ssb-v2,0.8,13,2,540,0.006859832996269688,1053016064,0.1953125
svhn,ssb-v2,0.8,13,2,541,0.006821874994784594,1053016064,0.171875
svhn,ssb-v2,0.8,13,2,542,0.0069311670085880905,1053016064,0.234375
svhn,ssb-v2,0.8,13,2,543,0.006898999999975786,1053016064,0.1796875
svhn,ssb-v2,0.8,13,2,544,0.006877125008031726,1053032448,0.1796875
svhn,ssb-v2,0.8,13,2,545,0.006848042015917599,1053032448,0.1484375
svhn,ssb-v2,0.8,13,2,546,0.006863457994768396,1053032448,0.1640625
svhn,ssb-v2,0.8,13,2,547,0.013947790983365849,1053966336,0.1796875
svhn,ssb-v2,0.8,13,2,548,0.006698541983496398,1053966336,0.203125
svhn,ssb-v2,0.8,13,2,549,0.006837791996076703,1053982720,0.1953125
svhn,ssb-v2,0.8,13,2,550,0.006795207998948172,1053982720,0.203125
svhn,ssb-v2,0.8,13,2,551,0.007537208002759144,1053982720,0.125
svhn,ssb-v2,0.8,13,2,552,0.008172250003553927,1054130176,0.15625
svhn,ssb-v2,0.8,13,2,553,0.006955541000934318,1054130176,0.1875
svhn,ssb-v2,0.8,13,2,554,0.006844749994343147,1054130176,0.21875
svhn,ssb-v2,0.8,13,2,555,0.00697320798644796,1054130176,0.125
svhn,ssb-v2,0.8,13,2,556,0.006822791998274624,1054130176,0.21875
svhn,ssb-v2,0.8,13,2,557,0.007066541991662234,1054556160,0.1484375
svhn,ssb-v2,0.8,13,2,558,0.007143125025322661,1054556160,0.1796875
svhn,ssb-v2,0.8,13,2,559,0.007311958994250745,1054556160,0.15625
svhn,ssb-v2,0.8,13,2,560,0.006923625012859702,1054556160,0.2734375
svhn,ssb-v2,0.8,13,2,561,0.00680204201489687,1054556160,0.21875
svhn,ssb-v2,0.8,13,2,562,0.006923166976775974,1054556160,0.203125
svhn,ssb-v2,0.8,13,2,563,0.0069897500216029584,1054556160,0.1796875
svhn,ssb-v2,0.8,13,2,564,0.006849124998552725,1054556160,0.2578125
svhn,ssb-v2,0.8,13,2,565,0.006857083993963897,1054556160,0.2421875
svhn,ssb-v2,0.8,13,2,566,0.0067612920247484,1054556160,0.1796875
svhn,ssb-v2,0.8,13,2,567,0.007053375011309981,1054556160,0.1953125
svhn,ssb-v2,0.8,13,2,568,0.006858791020931676,1054556160,0.1796875
svhn,ssb-v2,0.8,13,2,569,0.007003000006079674,1054556160,0.1640625
svhn,ssb-v2,0.8,13,2,570,0.006845333002274856,1054556160,0.140625
svhn,ssb-v2,0.8,13,2,571,0.006835707987193018,1054556160,0.1796875
svhn,ssb-v2,0.8,13,2,572,0.034002166998106986,1058783232,0.21951219512195122
svhn,ssb-v2,0.8,13,3,0,0.0073535830015316606,1051787264,0.1875
svhn,ssb-v2,0.8,13,3,1,0.0077926249941810966,1013907456,0.2109375
svhn,ssb-v2,0.8,13,3,2,0.00862370801041834,935018496,0.1875
svhn,ssb-v2,0.8,13,3,3,0.008681625011377037,910835712,0.1796875
svhn,ssb-v2,0.8,13,3,4,0.009364458004711196,910835712,0.21875
svhn,ssb-v2,0.8,13,3,5,0.007747499999823049,910835712,0.1796875
svhn,ssb-v2,0.8,13,3,6,0.0072004160028882325,910835712,0.2265625
svhn,ssb-v2,0.8,13,3,7,0.006778250011848286,910835712,0.1640625
svhn,ssb-v2,0.8,13,3,8,0.006796249974286184,910835712,0.2421875
svhn,ssb-v2,0.8,13,3,9,0.006789208011468872,910835712,0.2265625
svhn,ssb-v2,0.8,13,3,10,0.006854500010376796,910835712,0.21875
svhn,ssb-v2,0.8,13,3,11,0.00692124999477528,910835712,0.1796875
svhn,ssb-v2,0.8,13,3,12,0.006956708995858207,910835712,0.21875
svhn,ssb-v2,0.8,13,3,13,0.006824417010648176,910835712,0.265625
svhn,ssb-v2,0.8,13,3,14,0.0069615410175174475,910835712,0.15625
svhn,ssb-v2,0.8,13,3,15,0.006850833015050739,910835712,0.171875
svhn,ssb-v2,0.8,13,3,16,0.007059583003865555,910835712,0.1328125
svhn,ssb-v2,0.8,13,3,17,0.006900000007590279,910835712,0.2109375
svhn,ssb-v2,0.8,13,3,18,0.006895874976180494,910835712,0.2109375
svhn,ssb-v2,0.8,13,3,19,0.0068926670064684,910835712,0.1171875
svhn,ssb-v2,0.8,13,3,20,0.006815375003498048,910835712,0.234375
svhn,ssb-v2,0.8,13,3,21,0.0067952920217067,910835712,0.1796875
svhn,ssb-v2,0.8,13,3,22,0.006863957998575643,910835712,0.15625
svhn,ssb-v2,0.8,13,3,23,0.006761666008969769,910852096,0.1953125
svhn,ssb-v2,0.8,13,3,24,0.006967791996430606,910852096,0.21875
svhn,ssb-v2,0.8,13,3,25,0.006885207985760644,910852096,0.2109375
svhn,ssb-v2,0.8,13,3,26,0.007005291001405567,910852096,0.1484375
svhn,ssb-v2,0.8,13,3,27,0.006822750001447275,910852096,0.1796875
svhn,ssb-v2,0.8,13,3,28,0.007033125002635643,910852096,0.1796875
svhn,ssb-v2,0.8,13,3,29,0.0070914580137468874,910852096,0.1640625
svhn,ssb-v2,0.8,13,3,30,0.006837249995442107,910852096,0.171875
svhn,ssb-v2,0.8,13,3,31,0.006886374991154298,910852096,0.2109375
svhn,ssb-v2,0.8,13,3,32,0.006824417010648176,910852096,0.203125
svhn,ssb-v2,0.8,13,3,33,0.00696108301053755,910852096,0.1875
svhn,ssb-v2,0.8,13,3,34,0.006968250003410503,910852096,0.203125
svhn,ssb-v2,0.8,13,3,35,0.006907417002366856,910852096,0.1640625
svhn,ssb-v2,0.8,13,3,36,0.006904500012751669,910852096,0.1484375
svhn,ssb-v2,0.8,13,3,37,0.00682237499859184,910852096,0.203125
svhn,ssb-v2,0.8,13,3,38,0.006958332989597693,910852096,0.234375
svhn,ssb-v2,0.8,13,3,39,0.0069094159989617765,910868480,0.15625
svhn,ssb-v2,0.8,13,3,40,0.007034000009298325,911654912,0.25
svhn,ssb-v2,0.8,13,3,41,0.007128249999368563,911654912,0.1796875
svhn,ssb-v2,0.8,13,3,42,0.0068001250037923455,911654912,0.15625
svhn,ssb-v2,0.8,13,3,43,0.007042750017717481,911654912,0.171875
svhn,ssb-v2,0.8,13,3,44,0.0068348339991644025,911654912,0.1875
svhn,ssb-v2,0.8,13,3,45,0.006891167024150491,911654912,0.234375
svhn,ssb-v2,0.8,13,3,46,0.006845291994977742,911654912,0.1953125
svhn,ssb-v2,0.8,13,3,47,0.006851915997685865,911654912,0.2734375
svhn,ssb-v2,0.8,13,3,48,0.006852791004348546,911654912,0.15625
svhn,ssb-v2,0.8,13,3,49,0.0068709999904967844,911654912,0.171875
svhn,ssb-v2,0.8,13,3,50,0.006963207997614518,911654912,0.140625
svhn,ssb-v2,0.8,13,3,51,0.006945790984900668,911654912,0.171875
svhn,ssb-v2,0.8,13,3,52,0.006856291001895443,911654912,0.203125
svhn,ssb-v2,0.8,13,3,53,0.007616832997882739,911654912,0.1953125
svhn,ssb-v2,0.8,13,3,54,0.008428708009887487,911654912,0.2734375
svhn,ssb-v2,0.8,13,3,55,0.011358207993907854,911654912,0.140625
svhn,ssb-v2,0.8,13,3,56,0.01241916700382717,911654912,0.171875
svhn,ssb-v2,0.8,13,3,57,0.009380790987052023,911654912,0.1640625
svhn,ssb-v2,0.8,13,3,58,0.008000832982361317,911654912,0.21875
svhn,ssb-v2,0.8,13,3,59,0.007750582997687161,911654912,0.1796875
svhn,ssb-v2,0.8,13,3,60,0.007039624993922189,911654912,0.203125
svhn,ssb-v2,0.8,13,3,61,0.007285708998097107,911654912,0.1953125
svhn,ssb-v2,0.8,13,3,62,0.006775959016522393,911654912,0.21875
svhn,ssb-v2,0.8,13,3,63,0.014402000000700355,912687104,0.171875
svhn,ssb-v2,0.8,13,3,64,0.007071083993650973,912949248,0.1875
svhn,ssb-v2,0.8,13,3,65,0.007096292014466599,912949248,0.125
svhn,ssb-v2,0.8,13,3,66,0.006893584009958431,912949248,0.1640625
svhn,ssb-v2,0.8,13,3,67,0.008029707998503,912949248,0.1171875
svhn,ssb-v2,0.8,13,3,68,0.00748354199458845,912949248,0.1796875
svhn,ssb-v2,0.8,13,3,69,0.006870917015476152,912949248,0.171875
svhn,ssb-v2,0.8,13,3,70,0.006864416995085776,912949248,0.1640625
svhn,ssb-v2,0.8,13,3,71,0.006971833005081862,912949248,0.1953125
svhn,ssb-v2,0.8,13,3,72,0.006973792013013735,912949248,0.203125
svhn,ssb-v2,0.8,13,3,73,0.00674929199158214,912949248,0.1796875
svhn,ssb-v2,0.8,13,3,74,0.013917500007664785,913653760,0.140625
svhn,ssb-v2,0.8,13,3,75,0.007152040983783081,913653760,0.2109375
svhn,ssb-v2,0.8,13,3,76,0.006910458003403619,913653760,0.25
svhn,ssb-v2,0.8,13,3,77,0.0068042500060983,913653760,0.140625
svhn,ssb-v2,0.8,13,3,78,0.007027999992715195,913653760,0.15625
svhn,ssb-v2,0.8,13,3,79,0.007322500023292378,913653760,0.1875
svhn,ssb-v2,0.8,13,3,80,0.007260666985530406,913653760,0.1875
svhn,ssb-v2,0.8,13,3,81,0.007016916002612561,913653760,0.1796875
svhn,ssb-v2,0.8,13,3,82,0.0070249169948510826,913653760,0.203125
svhn,ssb-v2,0.8,13,3,83,0.008698749996256083,914587648,0.15625
svhn,ssb-v2,0.8,13,3,84,0.006853750004665926,914587648,0.1640625
svhn,ssb-v2,0.8,13,3,85,0.0068232910125516355,914587648,0.15625
svhn,ssb-v2,0.8,13,3,86,0.00698966599884443,914587648,0.171875
svhn,ssb-v2,0.8,13,3,87,0.006835375010268763,914587648,0.15625
svhn,ssb-v2,0.8,13,3,88,0.006840957998065278,914866176,0.171875
svhn,ssb-v2,0.8,13,3,89,0.007012541027506813,914882560,0.171875
svhn,ssb-v2,0.8,13,3,90,0.006967083987547085,914898944,0.2109375
svhn,ssb-v2,0.8,13,3,91,0.006881584005896002,914898944,0.234375
svhn,ssb-v2,0.8,13,3,92,0.006757416995242238,914898944,0.1953125
svhn,ssb-v2,0.8,13,3,93,0.006963207997614518,914898944,0.1875
svhn,ssb-v2,0.8,13,3,94,0.00688329100375995,914898944,0.1875
svhn,ssb-v2,0.8,13,3,95,0.006920624990016222,914898944,0.2109375
svhn,ssb-v2,0.8,13,3,96,0.0067334999912418425,914898944,0.21875
svhn,ssb-v2,0.8,13,3,97,0.007018625008640811,914898944,0.21875
svhn,ssb-v2,0.8,13,3,98,0.006886457995278761,914898944,0.2109375
svhn,ssb-v2,0.8,13,3,99,0.006912250013556331,914898944,0.1796875
svhn,ssb-v2,0.8,13,3,100,0.006691791990306228,914898944,0.21875
svhn,ssb-v2,0.8,13,3,101,0.006785416015191004,914898944,0.203125
svhn,ssb-v2,0.8,13,3,102,0.006835084001068026,914898944,0.2265625
svhn,ssb-v2,0.8,13,3,103,0.006833292020019144,914948096,0.1875
svhn,ssb-v2,0.8,13,3,104,0.006753541005309671,914948096,0.15625
svhn,ssb-v2,0.8,13,3,105,0.006974083022214472,914948096,0.1875
svhn,ssb-v2,0.8,13,3,106,0.006938958016689867,914964480,0.296875
svhn,ssb-v2,0.8,13,3,107,0.006935959012480453,914964480,0.2890625
svhn,ssb-v2,0.8,13,3,108,0.006899916013935581,914964480,0.2109375
svhn,ssb-v2,0.8,13,3,109,0.006844082992756739,914964480,0.1640625
svhn,ssb-v2,0.8,13,3,110,0.006756082992069423,914964480,0.140625
svhn,ssb-v2,0.8,13,3,111,0.006843125011073425,914964480,0.1953125
svhn,ssb-v2,0.8,13,3,112,0.0071739999984856695,914980864,0.1875
svhn,ssb-v2,0.8,13,3,113,0.00690091701108031,914980864,0.1875
svhn,ssb-v2,0.8,13,3,114,0.0068622919789049774,914980864,0.1328125
svhn,ssb-v2,0.8,13,3,115,0.008845166012179106,918241280,0.2109375
svhn,ssb-v2,0.8,13,3,116,0.00869249997776933,918241280,0.1796875
svhn,ssb-v2,0.8,13,3,117,0.009963624994270504,918650880,0.1953125
svhn,ssb-v2,0.8,13,3,118,0.01237991699599661,918650880,0.1171875
svhn,ssb-v2,0.8,13,3,119,0.010495750000700355,918650880,0.1875
svhn,ssb-v2,0.8,13,3,120,0.008167624997440726,918650880,0.1953125
svhn,ssb-v2,0.8,13,3,121,0.00735137501033023,918650880,0.1875
svhn,ssb-v2,0.8,13,3,122,0.006830709025962278,918650880,0.203125
svhn,ssb-v2,0.8,13,3,123,0.006767292012227699,918814720,0.1875
svhn,ssb-v2,0.8,13,3,124,0.006779874995118007,918831104,0.1953125
svhn,ssb-v2,0.8,13,3,125,0.006935957993846387,918831104,0.2109375
svhn,ssb-v2,0.8,13,3,126,0.0067161670012865216,918831104,0.1875
svhn,ssb-v2,0.8,13,3,127,0.006816500012064353,918831104,0.1953125
svhn,ssb-v2,0.8,13,3,128,0.007015917013632134,918831104,0.25
svhn,ssb-v2,0.8,13,3,129,0.006967666995478794,918831104,0.1953125
svhn,ssb-v2,0.8,13,3,130,0.006886916991788894,918831104,0.1640625
svhn,ssb-v2,0.8,13,3,131,0.00689545797649771,918831104,0.2578125
svhn,ssb-v2,0.8,13,3,132,0.006960957980481908,918831104,0.1796875
svhn,ssb-v2,0.8,13,3,133,0.0069789590197615325,918831104,0.1953125
svhn,ssb-v2,0.8,13,3,134,0.008701749989995733,918831104,0.203125
svhn,ssb-v2,0.8,13,3,135,0.006832042010501027,918831104,0.2421875
svhn,ssb-v2,0.8,13,3,136,0.006828916986705735,918831104,0.1640625
svhn,ssb-v2,0.8,13,3,137,0.006894542020745575,918831104,0.1796875
svhn,ssb-v2,0.8,13,3,138,0.007000584009801969,918863872,0.125
svhn,ssb-v2,0.8,13,3,139,0.007013208989519626,918863872,0.1484375
svhn,ssb-v2,0.8,13,3,140,0.006896832986967638,918863872,0.203125
svhn,ssb-v2,0.8,13,3,141,0.007487000024411827,918863872,0.21875
svhn,ssb-v2,0.8,13,3,142,0.006883707974338904,918863872,0.15625
svhn,ssb-v2,0.8,13,3,143,0.014253583998652175,919879680,0.125
svhn,ssb-v2,0.8,13,3,144,0.0069886659912299365,919928832,0.2109375
svhn,ssb-v2,0.8,13,3,145,0.010066457994980738,919945216,0.234375
svhn,ssb-v2,0.8,13,3,146,0.010973625001497567,921862144,0.2265625
svhn,ssb-v2,0.8,13,3,147,0.008458041993435472,922009600,0.171875
svhn,ssb-v2,0.8,13,3,148,0.009681291994638741,922009600,0.2109375
svhn,ssb-v2,0.8,13,3,149,0.007349000021349639,922009600,0.109375
svhn,ssb-v2,0.8,13,3,150,0.006830875005107373,922009600,0.1796875
svhn,ssb-v2,0.8,13,3,151,0.006905332993483171,922009600,0.203125
svhn,ssb-v2,0.8,13,3,152,0.0069618749839719385,922009600,0.21875
svhn,ssb-v2,0.8,13,3,153,0.006832999992184341,922009600,0.1796875
svhn,ssb-v2,0.8,13,3,154,0.00721641699783504,922009600,0.171875
svhn,ssb-v2,0.8,13,3,155,0.006835625012172386,922009600,0.15625
svhn,ssb-v2,0.8,13,3,156,0.00701770800515078,922009600,0.203125
svhn,ssb-v2,0.8,13,3,157,0.00691079199896194,922009600,0.1328125
svhn,ssb-v2,0.8,13,3,158,0.006936916004633531,922009600,0.1875
svhn,ssb-v2,0.8,13,3,159,0.0068174579937476665,922173440,0.171875
svhn,ssb-v2,0.8,13,3,160,0.006791666004573926,922173440,0.203125
svhn,ssb-v2,0.8,13,3,161,0.006842125003458932,922173440,0.1484375
svhn,ssb-v2,0.8,13,3,162,0.006843874987680465,922173440,0.15625
svhn,ssb-v2,0.8,13,3,163,0.006827875011367723,922173440,0.21875
svhn,ssb-v2,0.8,13,3,164,0.006889333017170429,922173440,0.1796875
svhn,ssb-v2,0.8,13,3,165,0.007017500000074506,922173440,0.2109375
svhn,ssb-v2,0.8,13,3,166,0.006993666989728808,922173440,0.125
svhn,ssb-v2,0.8,13,3,167,0.006863749993499368,922173440,0.2109375
svhn,ssb-v2,0.8,13,3,168,0.006898124993313104,922173440,0.1953125
svhn,ssb-v2,0.8,13,3,169,0.006996125011937693,922173440,0.1953125
svhn,ssb-v2,0.8,13,3,170,0.006856749998405576,922173440,0.21875
svhn,ssb-v2,0.8,13,3,171,0.007009916997049004,922173440,0.1953125
svhn,ssb-v2,0.8,13,3,172,0.006883958005346358,922173440,0.15625
svhn,ssb-v2,0.8,13,3,173,0.006970499991439283,922173440,0.1484375
svhn,ssb-v2,0.8,13,3,174,0.007013333000941202,922681344,0.1328125
svhn,ssb-v2,0.8,13,3,175,0.006811791012296453,922681344,0.2265625
svhn,ssb-v2,0.8,13,3,176,0.007013708993326873,922681344,0.171875
svhn,ssb-v2,0.8,13,3,177,0.006860041990876198,922681344,0.2265625
svhn,ssb-v2,0.8,13,3,178,0.0068989580031484365,922681344,0.1953125
svhn,ssb-v2,0.8,13,3,179,0.006923208013176918,922681344,0.1796875
svhn,ssb-v2,0.8,13,3,180,0.006975040974793956,922681344,0.1875
svhn,ssb-v2,0.8,13,3,181,0.006925458001205698,922681344,0.1953125
svhn,ssb-v2,0.8,13,3,182,0.0069420000072568655,922681344,0.15625
svhn,ssb-v2,0.8,13,3,183,0.006902041001012549,922681344,0.125
svhn,ssb-v2,0.8,13,3,184,0.006893249985296279,922681344,0.140625
svhn,ssb-v2,0.8,13,3,185,0.00682462498662062,922681344,0.1953125
svhn,ssb-v2,0.8,13,3,186,0.006738791998941451,922681344,0.140625
svhn,ssb-v2,0.8,13,3,187,0.0068073750007897615,922681344,0.171875
svhn,ssb-v2,0.8,13,3,188,0.006930624978849664,922681344,0.28125
svhn,ssb-v2,0.8,13,3,189,0.006897750019561499,922681344,0.1953125
svhn,ssb-v2,0.8,13,3,190,0.006962125014979392,922681344,0.21875
svhn,ssb-v2,0.8,13,3,191,0.00688445899868384,922681344,0.15625
svhn,ssb-v2,0.8,13,3,192,0.0070136669964995235,922681344,0.203125
svhn,ssb-v2,0.8,13,3,193,0.00688724999781698,922681344,0.1640625
svhn,ssb-v2,0.8,13,3,194,0.006939583021448925,922697728,0.1875
svhn,ssb-v2,0.8,13,3,195,0.00678858399624005,922697728,0.2421875
svhn,ssb-v2,0.8,13,3,196,0.007026415987638757,922697728,0.15625
svhn,ssb-v2,0.8,13,3,197,0.014214208000339568,923566080,0.1953125
svhn,ssb-v2,0.8,13,3,198,0.0068391670065466315,923566080,0.203125
svhn,ssb-v2,0.8,13,3,199,0.00701862497953698,923598848,0.171875
svhn,ssb-v2,0.8,13,3,200,0.0069177089899312705,923598848,0.171875
svhn,ssb-v2,0.8,13,3,201,0.007925832993350923,923631616,0.125
svhn,ssb-v2,0.8,13,3,202,0.007353709021117538,924352512,0.2734375
svhn,ssb-v2,0.8,13,3,203,0.013909583009080961,925171712,0.1640625
svhn,ssb-v2,0.8,13,3,204,0.007031959015876055,925171712,0.1953125
svhn,ssb-v2,0.8,13,3,205,0.006914250028785318,925646848,0.1328125
svhn,ssb-v2,0.8,13,3,206,0.006967541004996747,925646848,0.171875
svhn,ssb-v2,0.8,13,3,207,0.0068820420128759,925646848,0.1796875
svhn,ssb-v2,0.8,13,3,208,0.006906583992531523,925646848,0.1953125
svhn,ssb-v2,0.8,13,3,209,0.007465082977432758,925908992,0.203125
svhn,ssb-v2,0.8,13,3,210,0.00693341699661687,925908992,0.1328125
svhn,ssb-v2,0.8,13,3,211,0.0070231250138022006,925908992,0.1953125
svhn,ssb-v2,0.8,13,3,212,0.00695529198856093,925908992,0.203125
svhn,ssb-v2,0.8,13,3,213,0.0069104579742997885,925908992,0.2109375
svhn,ssb-v2,0.8,13,3,214,0.006800625007599592,925908992,0.21875
svhn,ssb-v2,0.8,13,3,215,0.006809374986914918,925908992,0.2421875
svhn,ssb-v2,0.8,13,3,216,0.007034417008981109,925908992,0.203125
svhn,ssb-v2,0.8,13,3,217,0.006980750011280179,925908992,0.203125
svhn,ssb-v2,0.8,13,3,218,0.006862709007691592,925908992,0.1953125
svhn,ssb-v2,0.8,13,3,219,0.00687154199113138,925925376,0.2734375
svhn,ssb-v2,0.8,13,3,220,0.006870917015476152,925925376,0.1875
svhn,ssb-v2,0.8,13,3,221,0.0069731660187244415,925925376,0.2109375
svhn,ssb-v2,0.8,13,3,222,0.006893040990689769,925925376,0.1640625
svhn,ssb-v2,0.8,13,3,223,0.006860374996904284,925941760,0.1484375
svhn,ssb-v2,0.8,13,3,224,0.014680583000881597,926728192,0.1796875
svhn,ssb-v2,0.8,13,3,225,0.006919791980180889,926728192,0.2109375
svhn,ssb-v2,0.8,13,3,226,0.007068417005939409,927039488,0.203125
svhn,ssb-v2,0.8,13,3,227,0.006927042006282136,927498240,0.2421875
svhn,ssb-v2,0.8,13,3,228,0.007914834015537053,927498240,0.1875
svhn,ssb-v2,0.8,13,3,229,0.007509291986934841,927498240,0.1640625
svhn,ssb-v2,0.8,13,3,230,0.007013833004748449,927498240,0.2109375
svhn,ssb-v2,0.8,13,3,231,0.006952541996724904,927498240,0.15625
svhn,ssb-v2,0.8,13,3,232,0.007020666002063081,927498240,0.1953125
svhn,ssb-v2,0.8,13,3,233,0.006853708007838577,927498240,0.15625
svhn,ssb-v2,0.8,13,3,234,0.0068370000226423144,927498240,0.1796875
svhn,ssb-v2,0.8,13,3,235,0.007063041994115338,927498240,0.15625
svhn,ssb-v2,0.8,13,3,236,0.006888207979500294,927514624,0.171875
svhn,ssb-v2,0.8,13,3,237,0.006873209000332281,927514624,0.203125
svhn,ssb-v2,0.8,13,3,238,0.00691208298667334,927514624,0.234375
svhn,ssb-v2,0.8,13,3,239,0.006947665999177843,927514624,0.21875
svhn,ssb-v2,0.8,13,3,240,0.006800667004426941,927514624,0.1640625
svhn,ssb-v2,0.8,13,3,241,0.006933166994713247,927514624,0.1953125
svhn,ssb-v2,0.8,13,3,242,0.007026499981293455,927514624,0.15625
svhn,ssb-v2,0.8,13,3,243,0.006838375004008412,927531008,0.25
svhn,ssb-v2,0.8,13,3,244,0.006992417009314522,927531008,0.15625
svhn,ssb-v2,0.8,13,3,245,0.006795333989430219,927531008,0.2109375
svhn,ssb-v2,0.8,13,3,246,0.007050499989418313,927531008,0.2109375
svhn,ssb-v2,0.8,13,3,247,0.006856666004750878,927531008,0.15625
svhn,ssb-v2,0.8,13,3,248,0.006910708005307242,927531008,0.2734375
svhn,ssb-v2,0.8,13,3,249,0.006907832983415574,927531008,0.21875
svhn,ssb-v2,0.8,13,3,250,0.007024958002148196,927531008,0.1484375
svhn,ssb-v2,0.8,13,3,251,0.006848541990621015,927531008,0.203125
svhn,ssb-v2,0.8,13,3,252,0.006972790986765176,927531008,0.1953125
svhn,ssb-v2,0.8,13,3,253,0.006907749979291111,927531008,0.171875
svhn,ssb-v2,0.8,13,3,254,0.006911958014825359,927531008,0.25
svhn,ssb-v2,0.8,13,3,255,0.006774583016522229,927531008,0.125
svhn,ssb-v2,0.8,13,3,256,0.006848334014648572,927531008,0.171875
svhn,ssb-v2,0.8,13,3,257,0.007012916001258418,927531008,0.2109375
svhn,ssb-v2,0.8,13,3,258,0.006782875017961487,927531008,0.2109375
svhn,ssb-v2,0.8,13,3,259,0.006869750010082498,927531008,0.1953125
svhn,ssb-v2,0.8,13,3,260,0.006779415998607874,927531008,0.15625
svhn,ssb-v2,0.8,13,3,261,0.006935415993211791,927531008,0.171875
svhn,ssb-v2,0.8,13,3,262,0.006823415984399617,927531008,0.171875
svhn,ssb-v2,0.8,13,3,263,0.006814458989538252,927531008,0.15625
svhn,ssb-v2,0.8,13,3,264,0.006829209014540538,927531008,0.1484375
svhn,ssb-v2,0.8,13,3,265,0.006980834004934877,927531008,0.1484375
svhn,ssb-v2,0.8,13,3,266,0.00693491700803861,927531008,0.15625
svhn,ssb-v2,0.8,13,3,267,0.006907749979291111,927531008,0.1484375
svhn,ssb-v2,0.8,13,3,268,0.006789167004171759,927531008,0.203125
svhn,ssb-v2,0.8,13,3,269,0.006763459008652717,927531008,0.2109375
svhn,ssb-v2,0.8,13,3,270,0.006849792000139132,927531008,0.2421875
svhn,ssb-v2,0.8,13,3,271,0.006910958996741101,927531008,0.125
svhn,ssb-v2,0.8,13,3,272,0.006986583000980318,927547392,0.1796875
svhn,ssb-v2,0.8,13,3,273,0.00685491701005958,927547392,0.203125
svhn,ssb-v2,0.8,13,3,274,0.006848832999821752,927547392,0.2421875
svhn,ssb-v2,0.8,13,3,275,0.006870915996842086,927547392,0.203125
svhn,ssb-v2,0.8,13,3,276,0.006849875004263595,927547392,0.1640625
svhn,ssb-v2,0.8,13,3,277,0.006858208012999967,927547392,0.203125
svhn,ssb-v2,0.8,13,3,278,0.006818416004534811,927547392,0.1875
svhn,ssb-v2,0.8,13,3,279,0.006931582989636809,927547392,0.15625
svhn,ssb-v2,0.8,13,3,280,0.006732624984579161,927547392,0.2109375
svhn,ssb-v2,0.8,13,3,281,0.0069652080128435045,927547392,0.140625
svhn,ssb-v2,0.8,13,3,282,0.006914915982633829,927547392,0.2265625
svhn,ssb-v2,0.8,13,3,283,0.006931665993761271,927547392,0.171875
svhn,ssb-v2,0.8,13,3,284,0.007067916012601927,927547392,0.140625
svhn,ssb-v2,0.8,13,3,285,0.006846833013696596,927547392,0.1875
svhn,ssb-v2,0.8,13,3,286,0.006904416979523376,927547392,0.1640625
svhn,ssb-v2,0.8,13,3,287,0.0069068749726284295,927547392,0.15625
svhn,ssb-v2,0.8,13,3,288,0.0069227920030243695,927547392,0.15625
svhn,ssb-v2,0.8,13,3,289,0.006926834001205862,927547392,0.2890625
svhn,ssb-v2,0.8,13,3,290,0.015693833003751934,928448512,0.25
svhn,ssb-v2,0.8,13,3,291,0.006968583009438589,928448512,0.1875
svhn,ssb-v2,0.8,13,3,292,0.006847832992207259,928448512,0.15625
svhn,ssb-v2,0.8,13,3,293,0.006985541986068711,928448512,0.15625
svhn,ssb-v2,0.8,13,3,294,0.007875957991927862,928448512,0.2421875
svhn,ssb-v2,0.8,13,3,295,0.008221333002438769,929087488,0.1171875
svhn,ssb-v2,0.8,13,3,296,0.007027709012618288,929103872,0.1796875
svhn,ssb-v2,0.8,13,3,297,0.006868249998660758,929103872,0.1875
svhn,ssb-v2,0.8,13,3,298,0.006867457996122539,929103872,0.1953125
svhn,ssb-v2,0.8,13,3,299,0.007400167000014335,929120256,0.1875
svhn,ssb-v2,0.8,13,3,300,0.0070010000199545175,929120256,0.2578125
svhn,ssb-v2,0.8,13,3,301,0.006833499995991588,929120256,0.203125
svhn,ssb-v2,0.8,13,3,302,0.006850375008070841,929251328,0.1875
svhn,ssb-v2,0.8,13,3,303,0.006795624998630956,929251328,0.2421875
svhn,ssb-v2,0.8,13,3,304,0.0067468329798430204,929251328,0.1796875
svhn,ssb-v2,0.8,13,3,305,0.0068544159876182675,929251328,0.171875
svhn,ssb-v2,0.8,13,3,306,0.007027874991763383,929251328,0.2109375
svhn,ssb-v2,0.8,13,3,307,0.0068080830096732825,929251328,0.1875
svhn,ssb-v2,0.8,13,3,308,0.007063375000143424,929251328,0.203125
svhn,ssb-v2,0.8,13,3,309,0.007001041987678036,929251328,0.21875
svhn,ssb-v2,0.8,13,3,310,0.006950874987524003,929251328,0.203125
svhn,ssb-v2,0.8,13,3,311,0.007093958993209526,929251328,0.1953125
svhn,ssb-v2,0.8,13,3,312,0.0068612500035669655,929251328,0.1484375
svhn,ssb-v2,0.8,13,3,313,0.006965332984691486,929251328,0.2109375
svhn,ssb-v2,0.8,13,3,314,0.00685120900743641,929251328,0.1796875
svhn,ssb-v2,0.8,13,3,315,0.00695733301108703,929251328,0.1640625
svhn,ssb-v2,0.8,13,3,316,0.006934041011845693,929251328,0.2265625
svhn,ssb-v2,0.8,13,3,317,0.006824249983765185,929251328,0.15625
svhn,ssb-v2,0.8,13,3,318,0.007089749997248873,929251328,0.2265625
svhn,ssb-v2,0.8,13,3,319,0.006835625012172386,929251328,0.125
svhn,ssb-v2,0.8,13,3,320,0.0069894159969408065,929251328,0.1953125
svhn,ssb-v2,0.8,13,3,321,0.013741125003434718,930168832,0.25
svhn,ssb-v2,0.8,13,3,322,0.006884208996780217,930201600,0.2265625
svhn,ssb-v2,0.8,13,3,323,0.0070505829935427755,930201600,0.1875
svhn,ssb-v2,0.8,13,3,324,0.00685095798689872,930217984,0.1796875
svhn,ssb-v2,0.8,13,3,325,0.007539582991739735,930217984,0.1953125
svhn,ssb-v2,0.8,13,3,326,0.0070991250104270875,930955264,0.15625
svhn,ssb-v2,0.8,13,3,327,0.0071671250043436885,930955264,0.21875
svhn,ssb-v2,0.8,13,3,328,0.006836417014710605,930955264,0.1796875
svhn,ssb-v2,0.8,13,3,329,0.006838290981249884,930955264,0.140625
svhn,ssb-v2,0.8,13,3,330,0.006902332999743521,930955264,0.21875
svhn,ssb-v2,0.8,13,3,331,0.006823374977102503,930955264,0.15625
svhn,ssb-v2,0.8,13,3,332,0.006968291010707617,930955264,0.171875
svhn,ssb-v2,0.8,13,3,333,0.006903542001964524,930955264,0.1640625
svhn,ssb-v2,0.8,13,3,334,0.006871915975352749,930955264,0.203125
svhn,ssb-v2,0.8,13,3,335,0.006873791018733755,930955264,0.1875
svhn,ssb-v2,0.8,13,3,336,0.006835500011220574,930955264,0.15625
svhn,ssb-v2,0.8,13,3,337,0.006953999982215464,930955264,0.1796875
svhn,ssb-v2,0.8,13,3,338,0.006848708988400176,930955264,0.21875
svhn,ssb-v2,0.8,13,3,339,0.006839084002422169,930971648,0.1640625
svhn,ssb-v2,0.8,13,3,340,0.007000334007898346,930971648,0.21875
svhn,ssb-v2,0.8,13,3,341,0.006899875006638467,930971648,0.1953125
svhn,ssb-v2,0.8,13,3,342,0.006968875008169562,930971648,0.1796875
svhn,ssb-v2,0.8,13,3,343,0.006823209027061239,930971648,0.171875
svhn,ssb-v2,0.8,13,3,344,0.006889999989653006,930971648,0.1484375
svhn,ssb-v2,0.8,13,3,345,0.006819542002631351,930971648,0.234375
svhn,ssb-v2,0.8,13,3,346,0.006784124998375773,930971648,0.1875
svhn,ssb-v2,0.8,13,3,347,0.006898250023368746,930971648,0.1640625
svhn,ssb-v2,0.8,13,3,348,0.007017374999122694,930988032,0.25
svhn,ssb-v2,0.8,13,3,349,0.006952667026780546,930988032,0.234375
svhn,ssb-v2,0.8,13,3,350,0.00680875001125969,930988032,0.171875
svhn,ssb-v2,0.8,13,3,351,0.006967041990719736,930988032,0.1640625
svhn,ssb-v2,0.8,13,3,352,0.00707583301118575,930988032,0.25
svhn,ssb-v2,0.8,13,3,353,0.006885625014547259,930988032,0.125
svhn,ssb-v2,0.8,13,3,354,0.006797207985073328,930988032,0.2578125
svhn,ssb-v2,0.8,13,3,355,0.0069879590009804815,930988032,0.1953125
svhn,ssb-v2,0.8,13,3,356,0.0068388340005185455,930988032,0.1484375
svhn,ssb-v2,0.8,13,3,357,0.006956957979127765,930988032,0.15625
svhn,ssb-v2,0.8,13,3,358,0.0068102499935775995,930988032,0.1875
svhn,ssb-v2,0.8,13,3,359,0.007091250008670613,930988032,0.1796875
svhn,ssb-v2,0.8,13,3,360,0.006980916979955509,931004416,0.171875
svhn,ssb-v2,0.8,13,3,361,0.006827000004705042,931004416,0.1875
svhn,ssb-v2,0.8,13,3,362,0.006922208005562425,931004416,0.15625
svhn,ssb-v2,0.8,13,3,363,0.006849874975159764,931004416,0.203125
svhn,ssb-v2,0.8,13,3,364,0.006886250019306317,931004416,0.171875
svhn,ssb-v2,0.8,13,3,365,0.006829916994320229,931168256,0.1796875
svhn,ssb-v2,0.8,13,3,366,0.006942625012015924,931168256,0.1953125
svhn,ssb-v2,0.8,13,3,367,0.006914875004440546,931168256,0.1953125
svhn,ssb-v2,0.8,13,3,368,0.006734124996000901,931168256,0.21875
svhn,ssb-v2,0.8,13,3,369,0.006857792002847418,931184640,0.15625
svhn,ssb-v2,0.8,13,3,370,0.006856624997453764,931184640,0.171875
svhn,ssb-v2,0.8,13,3,371,0.006975541997235268,931184640,0.2265625
svhn,ssb-v2,0.8,13,3,372,0.006949458009330556,931184640,0.15625
svhn,ssb-v2,0.8,13,3,373,0.00683004199527204,931184640,0.1796875
svhn,ssb-v2,0.8,13,3,374,0.006758874980732799,931184640,0.1796875
svhn,ssb-v2,0.8,13,3,375,0.006827417004387826,931184640,0.203125
svhn,ssb-v2,0.8,13,3,376,0.006936332996701822,931184640,0.1796875
svhn,ssb-v2,0.8,13,3,377,0.0068365829938557,931184640,0.1796875
svhn,ssb-v2,0.8,13,3,378,0.006879416003357619,931184640,0.15625
svhn,ssb-v2,0.8,13,3,379,0.006872666999697685,931184640,0.1953125
svhn,ssb-v2,0.8,13,3,380,0.006808457983424887,931184640,0.1484375
svhn,ssb-v2,0.8,13,3,381,0.006796666013542563,931184640,0.21875
svhn,ssb-v2,0.8,13,3,382,0.006775583984563127,931184640,0.2265625
svhn,ssb-v2,0.8,13,3,383,0.006975791009608656,931184640,0.1796875
svhn,ssb-v2,0.8,13,3,384,0.0069652080128435045,931184640,0.1875
svhn,ssb-v2,0.8,13,3,385,0.006851207988802344,931184640,0.140625
svhn,ssb-v2,0.8,13,3,386,0.006818499998189509,931184640,0.2421875
svhn,ssb-v2,0.8,13,3,387,0.006939249986317009,931184640,0.1875
svhn,ssb-v2,0.8,13,3,388,0.0069159590057097375,931184640,0.1796875
svhn,ssb-v2,0.8,13,3,389,0.00692779099335894,931184640,0.21875
svhn,ssb-v2,0.8,13,3,390,0.006986084015807137,931184640,0.1796875
svhn,ssb-v2,0.8,13,3,391,0.0067921669979114085,931184640,0.1328125
svhn,ssb-v2,0.8,13,3,392,0.006966291985008866,931184640,0.1796875
svhn,ssb-v2,0.8,13,3,393,0.00682237499859184,931184640,0.1875
svhn,ssb-v2,0.8,13,3,394,0.007021208002697676,931184640,0.1484375
svhn,ssb-v2,0.8,13,3,395,0.0068869999959133565,931217408,0.203125
svhn,ssb-v2,0.8,13,3,396,0.006815041997469962,931217408,0.2109375
svhn,ssb-v2,0.8,13,3,397,0.006832041020970792,931217408,0.1484375
svhn,ssb-v2,0.8,13,3,398,0.0069058340159244835,931217408,0.2421875
svhn,ssb-v2,0.8,13,3,399,0.006882083020173013,931217408,0.203125
svhn,ssb-v2,0.8,13,3,400,0.006900999986100942,931217408,0.1875
svhn,ssb-v2,0.8,13,3,401,0.006930082978215069,931217408,0.1328125
svhn,ssb-v2,0.8,13,3,402,0.006746792001649737,931217408,0.1328125
svhn,ssb-v2,0.8,13,3,403,0.006879624997964129,931217408,0.1796875
svhn,ssb-v2,0.8,13,3,404,0.0067204580118414015,931217408,0.1953125
svhn,ssb-v2,0.8,13,3,405,0.006925708003109321,931217408,0.1796875
svhn,ssb-v2,0.8,13,3,406,0.006856833992060274,931217408,0.1875
svhn,ssb-v2,0.8,13,3,407,0.006860666995635256,931217408,0.1796875
svhn,ssb-v2,0.8,13,3,408,0.006834083003923297,931217408,0.1875
svhn,ssb-v2,0.8,13,3,409,0.006784916011383757,931217408,0.171875
svhn,ssb-v2,0.8,13,3,410,0.006949375005206093,931233792,0.171875
svhn,ssb-v2,0.8,13,3,411,0.006874207989312708,931233792,0.171875
svhn,ssb-v2,0.8,13,3,412,0.006841875001555309,931233792,0.2109375
svhn,ssb-v2,0.8,13,3,413,0.006953708012588322,931233792,0.140625
svhn,ssb-v2,0.8,13,3,414,0.006798042013542727,931233792,0.203125
svhn,ssb-v2,0.8,13,3,415,0.006904167006723583,931233792,0.2421875
svhn,ssb-v2,0.8,13,3,416,0.006751042004907504,931233792,0.203125
svhn,ssb-v2,0.8,13,3,417,0.006721417012158781,931233792,0.2265625
svhn,ssb-v2,0.8,13,3,418,0.006842624978162348,931233792,0.2109375
svhn,ssb-v2,0.8,13,3,419,0.0069376250030472875,931233792,0.21875
svhn,ssb-v2,0.8,13,3,420,0.006834790983702987,931233792,0.1875
svhn,ssb-v2,0.8,13,3,421,0.007041042001219466,931233792,0.15625
svhn,ssb-v2,0.8,13,3,422,0.006963124993490055,931233792,0.1640625
svhn,ssb-v2,0.8,13,3,423,0.006789290986489505,931233792,0.1796875
svhn,ssb-v2,0.8,13,3,424,0.006860374996904284,931233792,0.1875
svhn,ssb-v2,0.8,13,3,425,0.006739375006873161,931233792,0.1953125
svhn,ssb-v2,0.8,13,3,426,0.00680966698564589,931233792,0.15625
svhn,ssb-v2,0.8,13,3,427,0.013483415998052806,932069376,0.1796875
svhn,ssb-v2,0.8,13,3,428,0.006973583018407226,932167680,0.2265625
svhn,ssb-v2,0.8,13,3,429,0.00687041599303484,932167680,0.2109375
svhn,ssb-v2,0.8,13,3,430,0.006964041996980086,932167680,0.2265625
svhn,ssb-v2,0.8,13,3,431,0.006845249998150393,932167680,0.234375
svhn,ssb-v2,0.8,13,3,432,0.0077769999916199595,932167680,0.2109375
svhn,ssb-v2,0.8,13,3,433,0.008167541003786027,932184064,0.1875
svhn,ssb-v2,0.8,13,3,434,0.006900750013301149,932184064,0.1796875
svhn,ssb-v2,0.8,13,3,435,0.00683904200559482,932184064,0.1640625
svhn,ssb-v2,0.8,13,3,436,0.006906750000780448,932184064,0.28125
svhn,ssb-v2,0.8,13,3,437,0.0069141660060267895,932184064,0.15625
svhn,ssb-v2,0.8,13,3,438,0.007408250006847084,932806656,0.2421875
svhn,ssb-v2,0.8,13,3,439,0.0068323329905979335,932806656,0.2578125
svhn,ssb-v2,0.8,13,3,440,0.006930083007318899,932806656,0.2109375
svhn,ssb-v2,0.8,13,3,441,0.00677395801176317,932806656,0.1640625
svhn,ssb-v2,0.8,13,3,442,0.007015042006969452,932806656,0.25
svhn,ssb-v2,0.8,13,3,443,0.006977542012464255,932806656,0.1484375
svhn,ssb-v2,0.8,13,3,444,0.006895875005284324,932806656,0.1796875
svhn,ssb-v2,0.8,13,3,445,0.006903375004185364,932806656,0.1875
svhn,ssb-v2,0.8,13,3,446,0.0068211249890737236,932806656,0.1875
svhn,ssb-v2,0.8,13,3,447,0.006945708999410272,932806656,0.2421875
svhn,ssb-v2,0.8,13,3,448,0.0068384589976631105,932806656,0.15625
svhn,ssb-v2,0.8,13,3,449,0.0068855419813189656,932806656,0.21875
svhn,ssb-v2,0.8,13,3,450,0.0068818749859929085,932823040,0.171875
svhn,ssb-v2,0.8,13,3,451,0.006951082992600277,932839424,0.234375
svhn,ssb-v2,0.8,13,3,452,0.006821666000178084,932839424,0.1953125
svhn,ssb-v2,0.8,13,3,453,0.006876333995023742,932839424,0.2109375
svhn,ssb-v2,0.8,13,3,454,0.0067888750054407865,932839424,0.1484375
svhn,ssb-v2,0.8,13,3,455,0.006997958989813924,932839424,0.125
svhn,ssb-v2,0.8,13,3,456,0.006820416980190203,932839424,0.1796875
svhn,ssb-v2,0.8,13,3,457,0.006962790997931734,932839424,0.140625
svhn,ssb-v2,0.8,13,3,458,0.0068438339803833514,932839424,0.1640625
svhn,ssb-v2,0.8,13,3,459,0.006827916979091242,932839424,0.203125
svhn,ssb-v2,0.8,13,3,460,0.006878707994474098,932839424,0.1875
svhn,ssb-v2,0.8,13,3,461,0.006982833001529798,932839424,0.15625
svhn,ssb-v2,0.8,13,3,462,0.006850541016319767,932839424,0.1171875
svhn,ssb-v2,0.8,13,3,463,0.006838416011305526,932839424,0.2265625
svhn,ssb-v2,0.8,13,3,464,0.0070093750255182385,932839424,0.15625
svhn,ssb-v2,0.8,13,3,465,0.0068562500237021595,932839424,0.25
svhn,ssb-v2,0.8,13,3,466,0.006942624982912093,932839424,0.2109375
svhn,ssb-v2,0.8,13,3,467,0.0068652920017484576,932839424,0.140625
svhn,ssb-v2,0.8,13,3,468,0.006922291009686887,932839424,0.1640625
svhn,ssb-v2,0.8,13,3,469,0.006778875016607344,932839424,0.2109375
svhn,ssb-v2,0.8,13,3,470,0.006824916985351592,932839424,0.1953125
svhn,ssb-v2,0.8,13,3,471,0.00678033399162814,932839424,0.15625
svhn,ssb-v2,0.8,13,3,472,0.006879291002405807,932839424,0.1796875
svhn,ssb-v2,0.8,13,3,473,0.006831875012721866,932855808,0.1875
svhn,ssb-v2,0.8,13,3,474,0.006850625009974465,932855808,0.2421875
svhn,ssb-v2,0.8,13,3,475,0.00703883299138397,932855808,0.1796875
svhn,ssb-v2,0.8,13,3,476,0.0067914169922005385,932855808,0.1328125
svhn,ssb-v2,0.8,13,3,477,0.006770583015168086,932855808,0.1953125
svhn,ssb-v2,0.8,13,3,478,0.0068478750181384385,932855808,0.296875
svhn,ssb-v2,0.8,13,3,479,0.00705791698419489,932855808,0.1796875
svhn,ssb-v2,0.8,13,3,480,0.006967624998651445,932855808,0.1953125
svhn,ssb-v2,0.8,13,3,481,0.006820042006438598,932855808,0.125
svhn,ssb-v2,0.8,13,3,482,0.006902332999743521,932855808,0.1171875
svhn,ssb-v2,0.8,13,3,483,0.0068312090006656945,932855808,0.15625
svhn,ssb-v2,0.8,13,3,484,0.007179500011261553,932855808,0.1484375
svhn,ssb-v2,0.8,13,3,485,0.006882374989800155,932855808,0.21875
svhn,ssb-v2,0.8,13,3,486,0.007030833017779514,932872192,0.1484375
svhn,ssb-v2,0.8,13,3,487,0.006845500000054017,932888576,0.2109375
svhn,ssb-v2,0.8,13,3,488,0.006894374993862584,932888576,0.1953125
svhn,ssb-v2,0.8,13,3,489,0.007017374999122694,932888576,0.203125
svhn,ssb-v2,0.8,13,3,490,0.006961084000067785,932888576,0.2109375
svhn,ssb-v2,0.8,13,3,491,0.006922083004610613,932888576,0.125
svhn,ssb-v2,0.8,13,3,492,0.00708033298724331,932888576,0.3046875
svhn,ssb-v2,0.8,13,3,493,0.007568624976556748,932888576,0.234375
svhn,ssb-v2,0.8,13,3,494,0.008684208994964138,932888576,0.171875
svhn,ssb-v2,0.8,13,3,495,0.011443291004979983,932888576,0.1953125
svhn,ssb-v2,0.8,13,3,496,0.013107708015013486,932888576,0.1875
svhn,ssb-v2,0.8,13,3,497,0.012706374982371926,932888576,0.203125
svhn,ssb-v2,0.8,13,3,498,0.009971374995075166,932888576,0.1484375
svhn,ssb-v2,0.8,13,3,499,0.007872541988035664,932888576,0.125
svhn,ssb-v2,0.8,13,3,500,0.007000042009167373,932888576,0.171875
svhn,ssb-v2,0.8,13,3,501,0.006822249997640029,932888576,0.1796875
svhn,ssb-v2,0.8,13,3,502,0.006957791018066928,932888576,0.2109375
svhn,ssb-v2,0.8,13,3,503,0.00735362499835901,932888576,0.140625
svhn,ssb-v2,0.8,13,3,504,0.006813791987951845,932888576,0.171875
svhn,ssb-v2,0.8,13,3,505,0.006820999988121912,932888576,0.1796875
svhn,ssb-v2,0.8,13,3,506,0.0068920830090064555,932888576,0.15625
svhn,ssb-v2,0.8,13,3,507,0.006952374998945743,932888576,0.2109375
svhn,ssb-v2,0.8,13,3,508,0.006830250000348315,932888576,0.125
svhn,ssb-v2,0.8,13,3,509,0.006943166983546689,932888576,0.15625
svhn,ssb-v2,0.8,13,3,510,0.006778166018193588,932888576,0.15625
svhn,ssb-v2,0.8,13,3,511,0.006850290985312313,932888576,0.1875
svhn,ssb-v2,0.8,13,3,512,0.006829749996541068,932888576,0.1640625
svhn,ssb-v2,0.8,13,3,513,0.006966874992940575,932888576,0.203125
svhn,ssb-v2,0.8,13,3,514,0.00699829199584201,932904960,0.1875
svhn,ssb-v2,0.8,13,3,515,0.006793292006477714,932904960,0.1953125
svhn,ssb-v2,0.8,13,3,516,0.006769334024284035,932904960,0.1875
svhn,ssb-v2,0.8,13,3,517,0.006799958006013185,932904960,0.15625
svhn,ssb-v2,0.8,13,3,518,0.00705716697848402,932904960,0.1484375
svhn,ssb-v2,0.8,13,3,519,0.006900916981976479,932904960,0.171875
svhn,ssb-v2,0.8,13,3,520,0.01661704102298245,933937152,0.2578125
svhn,ssb-v2,0.8,13,3,521,0.006956917000934482,933953536,0.2265625
svhn,ssb-v2,0.8,13,3,522,0.015508666023379192,935510016,0.171875
svhn,ssb-v2,0.8,13,3,523,0.006941750005353242,935510016,0.1953125
svhn,ssb-v2,0.8,13,3,524,0.007002917001955211,935952384,0.1875
svhn,ssb-v2,0.8,13,3,525,0.007085417018970475,936312832,0.21875
svhn,ssb-v2,0.8,13,3,526,0.007343000004766509,936394752,0.1796875
svhn,ssb-v2,0.8,13,3,527,0.007698834000620991,936394752,0.2265625
svhn,ssb-v2,0.8,13,3,528,0.009875458985334262,936394752,0.171875
svhn,ssb-v2,0.8,13,3,529,0.012382791988784447,924860416,0.1953125
svhn,ssb-v2,0.8,13,3,530,0.012784624996129423,923680768,0.2421875
svhn,ssb-v2,0.8,13,3,531,0.011031417001504451,893239296,0.1875
svhn,ssb-v2,0.8,13,3,532,0.011840833991300315,893239296,0.2265625
svhn,ssb-v2,0.8,13,3,533,0.012023707997286692,893239296,0.1640625
svhn,ssb-v2,0.8,13,3,534,0.011876833013957366,893239296,0.15625
svhn,ssb-v2,0.8,13,3,535,0.012054959021043032,893239296,0.15625
svhn,ssb-v2,0.8,13,3,536,0.0123669579916168,893255680,0.2109375
svhn,ssb-v2,0.8,13,3,537,0.011970042018219829,893255680,0.140625
svhn,ssb-v2,0.8,13,3,538,0.012326083000516519,893255680,0.171875
svhn,ssb-v2,0.8,13,3,539,0.012510874978033826,893255680,0.171875
svhn,ssb-v2,0.8,13,3,540,0.010128666006494313,893255680,0.1953125
svhn,ssb-v2,0.8,13,3,541,0.007998999994015321,893255680,0.2578125
svhn,ssb-v2,0.8,13,3,542,0.007200707972515374,893255680,0.21875
svhn,ssb-v2,0.8,13,3,543,0.0068315829848870635,893255680,0.203125
svhn,ssb-v2,0.8,13,3,544,0.0067917499982286245,893255680,0.2421875
svhn,ssb-v2,0.8,13,3,545,0.006947999994736165,893272064,0.171875
svhn,ssb-v2,0.8,13,3,546,0.00684945797547698,893272064,0.2578125
svhn,ssb-v2,0.8,13,3,547,0.006820209004217759,893272064,0.2265625
svhn,ssb-v2,0.8,13,3,548,0.006799958006013185,893272064,0.234375
svhn,ssb-v2,0.8,13,3,549,0.006995291012572125,893272064,0.1796875
svhn,ssb-v2,0.8,13,3,550,0.00687604199629277,893288448,0.203125
svhn,ssb-v2,0.8,13,3,551,0.006884625006932765,893288448,0.1875
svhn,ssb-v2,0.8,13,3,552,0.006758042000001296,893288448,0.171875
svhn,ssb-v2,0.8,13,3,553,0.00683604201185517,893288448,0.125
svhn,ssb-v2,0.8,13,3,554,0.006921583000803366,893288448,0.1640625
svhn,ssb-v2,0.8,13,3,555,0.007045167003525421,893288448,0.125
svhn,ssb-v2,0.8,13,3,556,0.006949332979274914,893288448,0.21875
svhn,ssb-v2,0.8,13,3,557,0.006808832986280322,893304832,0.234375
svhn,ssb-v2,0.8,13,3,558,0.006848790973890573,893304832,0.2109375
svhn,ssb-v2,0.8,13,3,559,0.006807041994761676,893304832,0.28125
svhn,ssb-v2,0.8,13,3,560,0.00684275000821799,893304832,0.2109375
svhn,ssb-v2,0.8,13,3,561,0.006866625015391037,893304832,0.140625
svhn,ssb-v2,0.8,13,3,562,0.006874209007946774,893304832,0.1640625
svhn,ssb-v2,0.8,13,3,563,0.006847792014013976,893304832,0.1171875
svhn,ssb-v2,0.8,13,3,564,0.014368417003424838,894140416,0.203125
svhn,ssb-v2,0.8,13,3,565,0.006857041997136548,894156800,0.1953125
svhn,ssb-v2,0.8,13,3,566,0.007101832976331934,874708992,0.1953125
svhn,ssb-v2,0.8,13,3,567,0.00684950000140816,875003904,0.21875
svhn,ssb-v2,0.8,13,3,568,0.007328500010771677,875003904,0.171875
svhn,ssb-v2,0.8,13,3,569,0.007633500004885718,875003904,0.171875
svhn,ssb-v2,0.8,13,3,570,0.006872166006360203,875003904,0.1875
svhn,ssb-v2,0.8,13,3,571,0.006955415999982506,875446272,0.1640625
svhn,ssb-v2,0.8,13,3,572,0.03150049998657778,880803840,0.34146341463414637
