dataset,model,keep_ratio,seed,epoch,batch,backward_time_s,memory_bytes,batch_accuracy
fashion_mnist,ssb-v1,1.0,6,1,0,0.04089304100489244,474611712,0.078125
fashion_mnist,ssb-v1,1.0,6,1,1,0.004402208985993639,487391232,0.2890625
fashion_mnist,ssb-v1,1.0,6,1,2,0.005604083009529859,488308736,0.4375
fashion_mnist,ssb-v1,1.0,6,1,3,0.0036828750162385404,488357888,0.53125
fashion_mnist,ssb-v1,1.0,6,1,4,0.0029405000095721334,488374272,0.6171875
fashion_mnist,ssb-v1,1.0,6,1,5,0.0029363330104388297,488783872,0.6015625
fashion_mnist,ssb-v1,1.0,6,1,6,0.002828208002028987,488800256,0.7578125
fashion_mnist,ssb-v1,1.0,6,1,7,0.0029086660069879144,488800256,0.65625
fashion_mnist,ssb-v1,1.0,6,1,8,0.002837708016159013,488816640,0.640625
fashion_mnist,ssb-v1,1.0,6,1,9,0.00287687499076128,488816640,0.6796875
fashion_mnist,ssb-v1,1.0,6,1,10,0.0026967500161845237,488849408,0.7578125
fashion_mnist,ssb-v1,1.0,6,1,11,0.0029618749977089465,488865792,0.7109375
fashion_mnist,ssb-v1,1.0,6,1,12,0.002835958992363885,488882176,0.65625
fashion_mnist,ssb-v1,1.0,6,1,13,0.0029276249988470227,488882176,0.703125
fashion_mnist,ssb-v1,1.0,6,1,14,0.002910374983912334,488898560,0.734375
fashion_mnist,ssb-v1,1.0,6,1,15,0.0029016670014243573,488898560,0.6796875
fashion_mnist,ssb-v1,1.0,6,1,16,0.002819334011292085,488914944,0.7734375
fashion_mnist,ssb-v1,1.0,6,1,17,0.0028866670036222786,488914944,0.75
fashion_mnist,ssb-v1,1.0,6,1,18,0.0028695830260403454,488931328,0.7109375
fashion_mnist,ssb-v1,1.0,6,1,19,0.0029312499973457307,488931328,0.703125
fashion_mnist,ssb-v1,1.0,6,1,20,0.0029481250094249845,488931328,0.765625
fashion_mnist,ssb-v1,1.0,6,1,21,0.002989666012581438,488931328,0.7578125
fashion_mnist,ssb-v1,1.0,6,1,22,0.002974875009385869,488931328,0.8125
fashion_mnist,ssb-v1,1.0,6,1,23,0.0029595830128528178,488947712,0.765625
fashion_mnist,ssb-v1,1.0,6,1,24,0.0029222499870229512,488947712,0.7421875
fashion_mnist,ssb-v1,1.0,6,1,25,0.0029317500011529773,488947712,0.78125
fashion_mnist,ssb-v1,1.0,6,1,26,0.0029212500085122883,488947712,0.7421875
fashion_mnist,ssb-v1,1.0,6,1,27,0.002971250010887161,488947712,0.765625
fashion_mnist,ssb-v1,1.0,6,1,28,0.002898500009905547,488947712,0.765625
fashion_mnist,ssb-v1,1.0,6,1,29,0.0028920410259161144,488947712,0.8046875
fashion_mnist,ssb-v1,1.0,6,1,30,0.0029949999880045652,488947712,0.8203125
fashion_mnist,ssb-v1,1.0,6,1,31,0.002818500011926517,488947712,0.8359375
fashion_mnist,ssb-v1,1.0,6,1,32,0.0029341669869609177,488947712,0.7421875
fashion_mnist,ssb-v1,1.0,6,1,33,0.002991958986967802,488964096,0.7578125
fashion_mnist,ssb-v1,1.0,6,1,34,0.0027211669948883355,488964096,0.734375
fashion_mnist,ssb-v1,1.0,6,1,35,0.002825042000040412,489242624,0.7890625
fashion_mnist,ssb-v1,1.0,6,1,36,0.0028262920095585287,489242624,0.8515625
fashion_mnist,ssb-v1,1.0,6,1,37,0.002726624981733039,489242624,0.765625
fashion_mnist,ssb-v1,1.0,6,1,38,0.0028269169852137566,489242624,0.8515625
fashion_mnist,ssb-v1,1.0,6,1,39,0.002779791015200317,489652224,0.78125
fashion_mnist,ssb-v1,1.0,6,1,40,0.0028687499871011823,489668608,0.7890625
fashion_mnist,ssb-v1,1.0,6,1,41,0.002888999995775521,489668608,0.78125
fashion_mnist,ssb-v1,1.0,6,1,42,0.0029327499796636403,489668608,0.78125
fashion_mnist,ssb-v1,1.0,6,1,43,0.0027621249901130795,489668608,0.8046875
fashion_mnist,ssb-v1,1.0,6,1,44,0.003013040986843407,490455040,0.7890625
fashion_mnist,ssb-v1,1.0,6,1,45,0.0029337499872781336,490471424,0.8046875
fashion_mnist,ssb-v1,1.0,6,1,46,0.0028986250108573586,490471424,0.78125
fashion_mnist,ssb-v1,1.0,6,1,47,0.0028658749943133444,490471424,0.8125
fashion_mnist,ssb-v1,1.0,6,1,48,0.002926458022557199,490487808,0.7578125
fashion_mnist,ssb-v1,1.0,6,1,49,0.002784665994113311,490487808,0.875
fashion_mnist,ssb-v1,1.0,6,1,50,0.0028610829904209822,490487808,0.8046875
fashion_mnist,ssb-v1,1.0,6,1,51,0.002905166009441018,490487808,0.78125
fashion_mnist,ssb-v1,1.0,6,1,52,0.002822999987984076,490487808,0.78125
fashion_mnist,ssb-v1,1.0,6,1,53,0.0028115409950260073,490487808,0.890625
fashion_mnist,ssb-v1,1.0,6,1,54,0.0029159580008126795,490487808,0.8125
fashion_mnist,ssb-v1,1.0,6,1,55,0.0027765000122599304,490487808,0.84375
fashion_mnist,ssb-v1,1.0,6,1,56,0.0028690409963019192,490487808,0.765625
fashion_mnist,ssb-v1,1.0,6,1,57,0.0027021249989047647,490504192,0.828125
fashion_mnist,ssb-v1,1.0,6,1,58,0.002741874981438741,490504192,0.8203125
fashion_mnist,ssb-v1,1.0,6,1,59,0.0026993750070687383,490504192,0.796875
fashion_mnist,ssb-v1,1.0,6,1,60,0.0028614160255528986,490504192,0.859375
fashion_mnist,ssb-v1,1.0,6,1,61,0.003872125002089888,490504192,0.828125
fashion_mnist,ssb-v1,1.0,6,1,62,0.004334917000960559,490504192,0.8125
fashion_mnist,ssb-v1,1.0,6,1,63,0.0034014580014627427,490504192,0.828125
fashion_mnist,ssb-v1,1.0,6,1,64,0.003324582998175174,490504192,0.796875
fashion_mnist,ssb-v1,1.0,6,1,65,0.0038377080054488033,490504192,0.765625
fashion_mnist,ssb-v1,1.0,6,1,66,0.0036487909965217113,490504192,0.828125
fashion_mnist,ssb-v1,1.0,6,1,67,0.003434832993661985,490930176,0.859375
fashion_mnist,ssb-v1,1.0,6,1,68,0.0031276660156436265,490930176,0.78125
fashion_mnist,ssb-v1,1.0,6,1,69,0.002956291980808601,490930176,0.8125
fashion_mnist,ssb-v1,1.0,6,1,70,0.003024208010174334,490930176,0.84375
fashion_mnist,ssb-v1,1.0,6,1,71,0.0027531250088941306,490930176,0.7578125
fashion_mnist,ssb-v1,1.0,6,1,72,0.0029066659917589277,490930176,0.7890625
fashion_mnist,ssb-v1,1.0,6,1,73,0.002816249994793907,490930176,0.8828125
fashion_mnist,ssb-v1,1.0,6,1,74,0.0028512499993667006,490930176,0.8046875
fashion_mnist,ssb-v1,1.0,6,1,75,0.0027286250260658562,490930176,0.796875
fashion_mnist,ssb-v1,1.0,6,1,76,0.0028379580180626363,490946560,0.84375
fashion_mnist,ssb-v1,1.0,6,1,77,0.0029317500011529773,490946560,0.8515625
fashion_mnist,ssb-v1,1.0,6,1,78,0.00286229100311175,490946560,0.8515625
fashion_mnist,ssb-v1,1.0,6,1,79,0.002891334006562829,490962944,0.796875
fashion_mnist,ssb-v1,1.0,6,1,80,0.002810500009218231,490962944,0.796875
fashion_mnist,ssb-v1,1.0,6,1,81,0.0028601250087376684,490962944,0.8984375
fashion_mnist,ssb-v1,1.0,6,1,82,0.002932250004960224,490962944,0.8828125
fashion_mnist,ssb-v1,1.0,6,1,83,0.0027995409909635782,490962944,0.8046875
fashion_mnist,ssb-v1,1.0,6,1,84,0.00280529199517332,490962944,0.921875
fashion_mnist,ssb-v1,1.0,6,1,85,0.0028182909882161766,490979328,0.8203125
fashion_mnist,ssb-v1,1.0,6,1,86,0.0028055000002495944,490979328,0.8671875
fashion_mnist,ssb-v1,1.0,6,1,87,0.002985458995681256,491012096,0.8671875
fashion_mnist,ssb-v1,1.0,6,1,88,0.0028878750163130462,491012096,0.765625
fashion_mnist,ssb-v1,1.0,6,1,89,0.0029390839918050915,491012096,0.8359375
fashion_mnist,ssb-v1,1.0,6,1,90,0.0028147079865448177,491012096,0.859375
fashion_mnist,ssb-v1,1.0,6,1,91,0.0028359580028336495,491012096,0.765625
fashion_mnist,ssb-v1,1.0,6,1,92,0.002923499996541068,491012096,0.7734375
fashion_mnist,ssb-v1,1.0,6,1,93,0.002894000004744157,491028480,0.7890625
fashion_mnist,ssb-v1,1.0,6,1,94,0.002880499989259988,491044864,0.765625
fashion_mnist,ssb-v1,1.0,6,1,95,0.002847208990715444,491061248,0.796875
fashion_mnist,ssb-v1,1.0,6,1,96,0.002891332987928763,491061248,0.8515625
fashion_mnist,ssb-v1,1.0,6,1,97,0.0029233329987619072,491061248,0.84375
fashion_mnist,ssb-v1,1.0,6,1,98,0.0029335410217754543,491061248,0.765625
fashion_mnist,ssb-v1,1.0,6,1,99,0.0029013749735895544,491077632,0.84375
fashion_mnist,ssb-v1,1.0,6,1,100,0.002793666993966326,491077632,0.828125
fashion_mnist,ssb-v1,1.0,6,1,101,0.002927042020019144,491077632,0.7734375
fashion_mnist,ssb-v1,1.0,6,1,102,0.002752625005086884,491077632,0.8125
fashion_mnist,ssb-v1,1.0,6,1,103,0.002784499985864386,491077632,0.828125
fashion_mnist,ssb-v1,1.0,6,1,104,0.0028371250082273036,491077632,0.859375
fashion_mnist,ssb-v1,1.0,6,1,105,0.002850749995559454,491077632,0.8046875
fashion_mnist,ssb-v1,1.0,6,1,106,0.0029069579904899,491077632,0.8046875
fashion_mnist,ssb-v1,1.0,6,1,107,0.0027698339836206287,491077632,0.875
fashion_mnist,ssb-v1,1.0,6,1,108,0.0028127499972470105,491077632,0.828125
fashion_mnist,ssb-v1,1.0,6,1,109,0.0028666250000242144,491077632,0.8046875
fashion_mnist,ssb-v1,1.0,6,1,110,0.002917750010965392,491077632,0.7890625
fashion_mnist,ssb-v1,1.0,6,1,111,0.002941708982689306,491077632,0.765625
fashion_mnist,ssb-v1,1.0,6,1,112,0.002893374999985099,491077632,0.8125
fashion_mnist,ssb-v1,1.0,6,1,113,0.0028482920024544,491077632,0.7734375
fashion_mnist,ssb-v1,1.0,6,1,114,0.002805458992952481,491077632,0.8359375
fashion_mnist,ssb-v1,1.0,6,1,115,0.002835332998074591,491077632,0.8359375
fashion_mnist,ssb-v1,1.0,6,1,116,0.002863083005649969,491077632,0.8515625
fashion_mnist,ssb-v1,1.0,6,1,117,0.0028453329869080335,491077632,0.84375
fashion_mnist,ssb-v1,1.0,6,1,118,0.0028524170047603548,491077632,0.84375
fashion_mnist,ssb-v1,1.0,6,1,119,0.002879167004721239,491077632,0.8046875
fashion_mnist,ssb-v1,1.0,6,1,120,0.0028271670162212104,491077632,0.7734375
fashion_mnist,ssb-v1,1.0,6,1,121,0.002742957993177697,491077632,0.8125
fashion_mnist,ssb-v1,1.0,6,1,122,0.002849459007848054,491094016,0.796875
fashion_mnist,ssb-v1,1.0,6,1,123,0.002915290999226272,491094016,0.796875
fashion_mnist,ssb-v1,1.0,6,1,124,0.002711083012400195,491094016,0.875
fashion_mnist,ssb-v1,1.0,6,1,125,0.002745708014117554,491094016,0.8359375
fashion_mnist,ssb-v1,1.0,6,1,126,0.0027668749971780926,491094016,0.8515625
fashion_mnist,ssb-v1,1.0,6,1,127,0.002815541985910386,491126784,0.796875
fashion_mnist,ssb-v1,1.0,6,1,128,0.002888999995775521,491126784,0.75
fashion_mnist,ssb-v1,1.0,6,1,129,0.0028640830132644624,491126784,0.8046875
fashion_mnist,ssb-v1,1.0,6,1,130,0.002955542004201561,491126784,0.796875
fashion_mnist,ssb-v1,1.0,6,1,131,0.002907457994297147,491126784,0.765625
fashion_mnist,ssb-v1,1.0,6,1,132,0.002822749986080453,491126784,0.859375
fashion_mnist,ssb-v1,1.0,6,1,133,0.0028741660062223673,491126784,0.8203125
fashion_mnist,ssb-v1,1.0,6,1,134,0.002775915985694155,491143168,0.8046875
fashion_mnist,ssb-v1,1.0,6,1,135,0.002863917005015537,491143168,0.8046875
fashion_mnist,ssb-v1,1.0,6,1,136,0.0028742909780703485,491143168,0.8359375
fashion_mnist,ssb-v1,1.0,6,1,137,0.0027830000035464764,491143168,0.8125
fashion_mnist,ssb-v1,1.0,6,1,138,0.0028692909982055426,491143168,0.84375
fashion_mnist,ssb-v1,1.0,6,1,139,0.002804666990414262,491143168,0.7734375
fashion_mnist,ssb-v1,1.0,6,1,140,0.0027187090017832816,491143168,0.7890625
fashion_mnist,ssb-v1,1.0,6,1,141,0.0028842499887105078,491143168,0.765625
fashion_mnist,ssb-v1,1.0,6,1,142,0.002942666003946215,491143168,0.8515625
fashion_mnist,ssb-v1,1.0,6,1,143,0.0027153330156579614,491143168,0.8359375
fashion_mnist,ssb-v1,1.0,6,1,144,0.0030292500159703195,491143168,0.8203125
fashion_mnist,ssb-v1,1.0,6,1,145,0.0028188340074848384,491143168,0.84375
fashion_mnist,ssb-v1,1.0,6,1,146,0.0029171670030336827,491143168,0.84375
fashion_mnist,ssb-v1,1.0,6,1,147,0.0028609999862965196,491143168,0.859375
fashion_mnist,ssb-v1,1.0,6,1,148,0.002970083005493507,491143168,0.8828125
fashion_mnist,ssb-v1,1.0,6,1,149,0.002815583982737735,491143168,0.78125
fashion_mnist,ssb-v1,1.0,6,1,150,0.00291558398748748,491159552,0.828125
fashion_mnist,ssb-v1,1.0,6,1,151,0.002864499983843416,491159552,0.8671875
fashion_mnist,ssb-v1,1.0,6,1,152,0.002924749976955354,491159552,0.7421875
fashion_mnist,ssb-v1,1.0,6,1,153,0.002781917020911351,491159552,0.765625
fashion_mnist,ssb-v1,1.0,6,1,154,0.002821333007887006,491159552,0.796875
fashion_mnist,ssb-v1,1.0,6,1,155,0.002726500009885058,491159552,0.8125
fashion_mnist,ssb-v1,1.0,6,1,156,0.0028032080153934658,491159552,0.7890625
fashion_mnist,ssb-v1,1.0,6,1,157,0.0028556249744724482,491159552,0.8203125
fashion_mnist,ssb-v1,1.0,6,1,158,0.0028470000252127647,491159552,0.8125
fashion_mnist,ssb-v1,1.0,6,1,159,0.002953624993097037,491159552,0.7890625
fashion_mnist,ssb-v1,1.0,6,1,160,0.0027936250262428075,491159552,0.8359375
fashion_mnist,ssb-v1,1.0,6,1,161,0.002810999983921647,491159552,0.8046875
fashion_mnist,ssb-v1,1.0,6,1,162,0.0028564580134116113,491159552,0.8671875
fashion_mnist,ssb-v1,1.0,6,1,163,0.002886125002987683,491159552,0.859375
fashion_mnist,ssb-v1,1.0,6,1,164,0.00291912499233149,491159552,0.859375
fashion_mnist,ssb-v1,1.0,6,1,165,0.002888375020120293,491159552,0.8203125
fashion_mnist,ssb-v1,1.0,6,1,166,0.002811500016832724,491159552,0.8359375
fashion_mnist,ssb-v1,1.0,6,1,167,0.0027620420150924474,491175936,0.8515625
fashion_mnist,ssb-v1,1.0,6,1,168,0.002836250001564622,491175936,0.75
fashion_mnist,ssb-v1,1.0,6,1,169,0.0029573329957202077,491192320,0.828125
fashion_mnist,ssb-v1,1.0,6,1,170,0.0028748750046361238,491192320,0.8203125
fashion_mnist,ssb-v1,1.0,6,1,171,0.002840166009264067,491192320,0.8359375
fashion_mnist,ssb-v1,1.0,6,1,172,0.002726125007029623,491192320,0.859375
fashion_mnist,ssb-v1,1.0,6,1,173,0.0028139170026406646,491208704,0.796875
fashion_mnist,ssb-v1,1.0,6,1,174,0.0028811249940190464,491225088,0.859375
fashion_mnist,ssb-v1,1.0,6,1,175,0.002875125006539747,491225088,0.8359375
fashion_mnist,ssb-v1,1.0,6,1,176,0.002811667014611885,491225088,0.84375
fashion_mnist,ssb-v1,1.0,6,1,177,0.0027968750218860805,491225088,0.8984375
fashion_mnist,ssb-v1,1.0,6,1,178,0.002801249996991828,491225088,0.8828125
fashion_mnist,ssb-v1,1.0,6,1,179,0.0028504170186351985,491225088,0.828125
fashion_mnist,ssb-v1,1.0,6,1,180,0.0028613749891519547,491225088,0.8046875
fashion_mnist,ssb-v1,1.0,6,1,181,0.002859333995729685,491225088,0.8203125
fashion_mnist,ssb-v1,1.0,6,1,182,0.002792290993966162,491225088,0.828125
fashion_mnist,ssb-v1,1.0,6,1,183,0.0027864580042660236,491225088,0.796875
fashion_mnist,ssb-v1,1.0,6,1,184,0.002865584014216438,491225088,0.84375
fashion_mnist,ssb-v1,1.0,6,1,185,0.002807250013574958,491225088,0.859375
fashion_mnist,ssb-v1,1.0,6,1,186,0.00291016700793989,491225088,0.859375
fashion_mnist,ssb-v1,1.0,6,1,187,0.0027536250127013773,491225088,0.859375
fashion_mnist,ssb-v1,1.0,6,1,188,0.0026860840152949095,491225088,0.84375
fashion_mnist,ssb-v1,1.0,6,1,189,0.0027082499873358756,491241472,0.8671875
fashion_mnist,ssb-v1,1.0,6,1,190,0.002843208989361301,491241472,0.8046875
fashion_mnist,ssb-v1,1.0,6,1,191,0.0028113330190535635,491241472,0.8046875
fashion_mnist,ssb-v1,1.0,6,1,192,0.0029213340021669865,491241472,0.8359375
fashion_mnist,ssb-v1,1.0,6,1,193,0.002923791005741805,491241472,0.84375
fashion_mnist,ssb-v1,1.0,6,1,194,0.0029071670142002404,491257856,0.8359375
fashion_mnist,ssb-v1,1.0,6,1,195,0.002798417001031339,491257856,0.84375
fashion_mnist,ssb-v1,1.0,6,1,196,0.0029058330110274255,491257856,0.8671875
fashion_mnist,ssb-v1,1.0,6,1,197,0.0029754590068478137,491257856,0.84375
fashion_mnist,ssb-v1,1.0,6,1,198,0.0028681250114459544,491257856,0.8359375
fashion_mnist,ssb-v1,1.0,6,1,199,0.002908041002228856,491257856,0.8984375
fashion_mnist,ssb-v1,1.0,6,1,200,0.0028451250109355897,491257856,0.875
fashion_mnist,ssb-v1,1.0,6,1,201,0.002960541984066367,491257856,0.8671875
fashion_mnist,ssb-v1,1.0,6,1,202,0.0029253749817144126,491257856,0.8515625
fashion_mnist,ssb-v1,1.0,6,1,203,0.0028187910211272538,491257856,0.8828125
fashion_mnist,ssb-v1,1.0,6,1,204,0.0027971249946858734,491257856,0.796875
fashion_mnist,ssb-v1,1.0,6,1,205,0.002828333992511034,491257856,0.8359375
fashion_mnist,ssb-v1,1.0,6,1,206,0.0027912499790545553,491257856,0.8359375
fashion_mnist,ssb-v1,1.0,6,1,207,0.0028637500072363764,491257856,0.78125
fashion_mnist,ssb-v1,1.0,6,1,208,0.0028643329860642552,491257856,0.859375
fashion_mnist,ssb-v1,1.0,6,1,209,0.0028569170099217445,491274240,0.828125
fashion_mnist,ssb-v1,1.0,6,1,210,0.002949624991742894,491274240,0.7890625
fashion_mnist,ssb-v1,1.0,6,1,211,0.0027900840213987976,491274240,0.8125
fashion_mnist,ssb-v1,1.0,6,1,212,0.00278716700267978,491274240,0.8359375
fashion_mnist,ssb-v1,1.0,6,1,213,0.0028725840093102306,491274240,0.8515625
fashion_mnist,ssb-v1,1.0,6,1,214,0.0028509999974630773,491274240,0.8203125
fashion_mnist,ssb-v1,1.0,6,1,215,0.002897375001339242,491290624,0.859375
fashion_mnist,ssb-v1,1.0,6,1,216,0.0029104999848641455,491290624,0.859375
fashion_mnist,ssb-v1,1.0,6,1,217,0.002861415996449068,491290624,0.8828125
fashion_mnist,ssb-v1,1.0,6,1,218,0.0028633330075535923,491290624,0.828125
fashion_mnist,ssb-v1,1.0,6,1,219,0.0028426249918993562,491290624,0.8046875
fashion_mnist,ssb-v1,1.0,6,1,220,0.002894207980716601,491290624,0.875
fashion_mnist,ssb-v1,1.0,6,1,221,0.002823707996867597,491307008,0.8359375
fashion_mnist,ssb-v1,1.0,6,1,222,0.0028319999983068556,491323392,0.859375
fashion_mnist,ssb-v1,1.0,6,1,223,0.0028011669928673655,491323392,0.8125
fashion_mnist,ssb-v1,1.0,6,1,224,0.002937000012025237,491339776,0.8046875
fashion_mnist,ssb-v1,1.0,6,1,225,0.0028304999868851155,491339776,0.890625
fashion_mnist,ssb-v1,1.0,6,1,226,0.002824625000357628,491339776,0.859375
fashion_mnist,ssb-v1,1.0,6,1,227,0.002846957999281585,491339776,0.8515625
fashion_mnist,ssb-v1,1.0,6,1,228,0.0028468749951571226,491339776,0.859375
fashion_mnist,ssb-v1,1.0,6,1,229,0.002969374996609986,491339776,0.8671875
fashion_mnist,ssb-v1,1.0,6,1,230,0.002797583001665771,491339776,0.84375
fashion_mnist,ssb-v1,1.0,6,1,231,0.002845584007445723,491339776,0.8125
fashion_mnist,ssb-v1,1.0,6,1,232,0.0027790419990196824,491339776,0.8125
fashion_mnist,ssb-v1,1.0,6,1,233,0.0028414169792085886,491339776,0.90625
fashion_mnist,ssb-v1,1.0,6,1,234,0.002890375006245449,491339776,0.875
fashion_mnist,ssb-v1,1.0,6,1,235,0.0030163750052452087,491339776,0.8125
fashion_mnist,ssb-v1,1.0,6,1,236,0.002932499977760017,491339776,0.8515625
fashion_mnist,ssb-v1,1.0,6,1,237,0.00282845800393261,491339776,0.8359375
fashion_mnist,ssb-v1,1.0,6,1,238,0.00286566698923707,491339776,0.84375
fashion_mnist,ssb-v1,1.0,6,1,239,0.0028401669987943023,491339776,0.859375
fashion_mnist,ssb-v1,1.0,6,1,240,0.002892000018619001,491356160,0.8984375
fashion_mnist,ssb-v1,1.0,6,1,241,0.002828124997904524,491356160,0.828125
fashion_mnist,ssb-v1,1.0,6,1,242,0.0029060840024612844,491372544,0.8359375
fashion_mnist,ssb-v1,1.0,6,1,243,0.002771125000435859,491372544,0.7734375
fashion_mnist,ssb-v1,1.0,6,1,244,0.0029074589838273823,491372544,0.875
fashion_mnist,ssb-v1,1.0,6,1,245,0.002876916987588629,491372544,0.8046875
fashion_mnist,ssb-v1,1.0,6,1,246,0.002861042012227699,491372544,0.8515625
fashion_mnist,ssb-v1,1.0,6,1,247,0.002768874983303249,491372544,0.859375
fashion_mnist,ssb-v1,1.0,6,1,248,0.002794333006022498,491372544,0.8203125
fashion_mnist,ssb-v1,1.0,6,1,249,0.002874790981877595,491372544,0.828125
fashion_mnist,ssb-v1,1.0,6,1,250,0.002910582988988608,491372544,0.90625
fashion_mnist,ssb-v1,1.0,6,1,251,0.002874375000828877,491388928,0.8359375
fashion_mnist,ssb-v1,1.0,6,1,252,0.0027279590140096843,491388928,0.796875
fashion_mnist,ssb-v1,1.0,6,1,253,0.0028028340020682663,491438080,0.84375
fashion_mnist,ssb-v1,1.0,6,1,254,0.0048530829953961074,492650496,0.8828125
fashion_mnist,ssb-v1,1.0,6,1,255,0.004328917013481259,493371392,0.796875
fashion_mnist,ssb-v1,1.0,6,1,256,0.0041704580071382225,493387776,0.7890625
fashion_mnist,ssb-v1,1.0,6,1,257,0.0041979579837061465,493387776,0.8828125
fashion_mnist,ssb-v1,1.0,6,1,258,0.0031828749924898148,493387776,0.875
fashion_mnist,ssb-v1,1.0,6,1,259,0.002808792021824047,493387776,0.84375
fashion_mnist,ssb-v1,1.0,6,1,260,0.0026817090110853314,493387776,0.8125
fashion_mnist,ssb-v1,1.0,6,1,261,0.0027386250148992985,493404160,0.84375
fashion_mnist,ssb-v1,1.0,6,1,262,0.0027816670190077275,493404160,0.8671875
fashion_mnist,ssb-v1,1.0,6,1,263,0.0028051249973941594,493420544,0.828125
fashion_mnist,ssb-v1,1.0,6,1,264,0.002795875014271587,493420544,0.859375
fashion_mnist,ssb-v1,1.0,6,1,265,0.0028158329951111227,493420544,0.8515625
fashion_mnist,ssb-v1,1.0,6,1,266,0.002819416986312717,493420544,0.921875
fashion_mnist,ssb-v1,1.0,6,1,267,0.0028503750218078494,493420544,0.890625
fashion_mnist,ssb-v1,1.0,6,1,268,0.0028303340077400208,493420544,0.84375
fashion_mnist,ssb-v1,1.0,6,1,269,0.0029143750143703073,493420544,0.796875
fashion_mnist,ssb-v1,1.0,6,1,270,0.0028143749805167317,493420544,0.8515625
fashion_mnist,ssb-v1,1.0,6,1,271,0.002832583006238565,493420544,0.875
fashion_mnist,ssb-v1,1.0,6,1,272,0.0027422080165706575,493420544,0.8125
fashion_mnist,ssb-v1,1.0,6,1,273,0.002765207987977192,493420544,0.8828125
fashion_mnist,ssb-v1,1.0,6,1,274,0.0028079579933546484,493420544,0.890625
fashion_mnist,ssb-v1,1.0,6,1,275,0.002680499979760498,493420544,0.8125
fashion_mnist,ssb-v1,1.0,6,1,276,0.0027350829914212227,493420544,0.78125
fashion_mnist,ssb-v1,1.0,6,1,277,0.0028622499958146363,493420544,0.859375
fashion_mnist,ssb-v1,1.0,6,1,278,0.002783125004498288,493420544,0.90625
fashion_mnist,ssb-v1,1.0,6,1,279,0.0027749589935410768,493436928,0.7734375
fashion_mnist,ssb-v1,1.0,6,1,280,0.002731709013460204,493436928,0.890625
fashion_mnist,ssb-v1,1.0,6,1,281,0.0027612500125542283,493436928,0.859375
fashion_mnist,ssb-v1,1.0,6,1,282,0.002668333996552974,493453312,0.8671875
fashion_mnist,ssb-v1,1.0,6,1,283,0.002841042005456984,493453312,0.859375
fashion_mnist,ssb-v1,1.0,6,1,284,0.002841708017513156,493453312,0.8828125
fashion_mnist,ssb-v1,1.0,6,1,285,0.0028022920014336705,493453312,0.8671875
fashion_mnist,ssb-v1,1.0,6,1,286,0.002782958996249363,493453312,0.84375
fashion_mnist,ssb-v1,1.0,6,1,287,0.0027643330104183406,493453312,0.859375
fashion_mnist,ssb-v1,1.0,6,1,288,0.003114709019428119,493453312,0.8125
fashion_mnist,ssb-v1,1.0,6,1,289,0.0027705839893314987,493453312,0.859375
fashion_mnist,ssb-v1,1.0,6,1,290,0.0027687080146279186,493453312,0.828125
fashion_mnist,ssb-v1,1.0,6,1,291,0.002745208010310307,493453312,0.7734375
fashion_mnist,ssb-v1,1.0,6,1,292,0.002774791995761916,493453312,0.8203125
fashion_mnist,ssb-v1,1.0,6,1,293,0.002763958997093141,493453312,0.890625
fashion_mnist,ssb-v1,1.0,6,1,294,0.0027984579792246222,493453312,0.8515625
fashion_mnist,ssb-v1,1.0,6,1,295,0.002760332979960367,493453312,0.8125
fashion_mnist,ssb-v1,1.0,6,1,296,0.0027347499853931367,493453312,0.8515625
fashion_mnist,ssb-v1,1.0,6,1,297,0.0027786249993368983,493453312,0.859375
fashion_mnist,ssb-v1,1.0,6,1,298,0.002809375000651926,493453312,0.8515625
fashion_mnist,ssb-v1,1.0,6,1,299,0.0026987089950125664,493453312,0.8671875
fashion_mnist,ssb-v1,1.0,6,1,300,0.002601624990347773,493453312,0.8203125
fashion_mnist,ssb-v1,1.0,6,1,301,0.002774374996079132,493453312,0.8046875
fashion_mnist,ssb-v1,1.0,6,1,302,0.0027466250176075846,493453312,0.859375
fashion_mnist,ssb-v1,1.0,6,1,303,0.0026853749877773225,493453312,0.8671875
fashion_mnist,ssb-v1,1.0,6,1,304,0.002788292011246085,493453312,0.8828125
fashion_mnist,ssb-v1,1.0,6,1,305,0.00289649999467656,493453312,0.890625
fashion_mnist,ssb-v1,1.0,6,1,306,0.002719917014474049,493453312,0.8828125
fashion_mnist,ssb-v1,1.0,6,1,307,0.002784499985864386,493469696,0.796875
fashion_mnist,ssb-v1,1.0,6,1,308,0.0027117920108139515,493469696,0.8125
fashion_mnist,ssb-v1,1.0,6,1,309,0.0025944170192815363,493469696,0.8671875
fashion_mnist,ssb-v1,1.0,6,1,310,0.002827292017173022,493502464,0.8125
fashion_mnist,ssb-v1,1.0,6,1,311,0.002860124979633838,493518848,0.8046875
fashion_mnist,ssb-v1,1.0,6,1,312,0.002861042012227699,493518848,0.828125
fashion_mnist,ssb-v1,1.0,6,1,313,0.0029898750071879476,493518848,0.7890625
fashion_mnist,ssb-v1,1.0,6,1,314,0.0028713750070892274,493518848,0.7890625
fashion_mnist,ssb-v1,1.0,6,1,315,0.002818915992975235,493518848,0.8046875
fashion_mnist,ssb-v1,1.0,6,1,316,0.0029260000155773014,493518848,0.859375
fashion_mnist,ssb-v1,1.0,6,1,317,0.0027767500141635537,493518848,0.8203125
fashion_mnist,ssb-v1,1.0,6,1,318,0.0028157909982837737,493518848,0.8828125
fashion_mnist,ssb-v1,1.0,6,1,319,0.0027476669929455966,493535232,0.921875
fashion_mnist,ssb-v1,1.0,6,1,320,0.002759499999228865,493535232,0.8125
fashion_mnist,ssb-v1,1.0,6,1,321,0.002814542007399723,493535232,0.8671875
fashion_mnist,ssb-v1,1.0,6,1,322,0.0028114999877288938,493535232,0.8203125
fashion_mnist,ssb-v1,1.0,6,1,323,0.002843042020685971,493535232,0.8828125
fashion_mnist,ssb-v1,1.0,6,1,324,0.0028510419942904264,493535232,0.8828125
fashion_mnist,ssb-v1,1.0,6,1,325,0.0029129999747965485,493535232,0.8515625
fashion_mnist,ssb-v1,1.0,6,1,326,0.002841333014657721,493535232,0.8359375
fashion_mnist,ssb-v1,1.0,6,1,327,0.00282100000185892,493535232,0.828125
fashion_mnist,ssb-v1,1.0,6,1,328,0.00257574999704957,493551616,0.796875
fashion_mnist,ssb-v1,1.0,6,1,329,0.002783374977298081,493551616,0.921875
fashion_mnist,ssb-v1,1.0,6,1,330,0.0026478749932721257,493551616,0.8515625
fashion_mnist,ssb-v1,1.0,6,1,331,0.002762582997092977,493551616,0.875
fashion_mnist,ssb-v1,1.0,6,1,332,0.0028093330038245767,493551616,0.890625
fashion_mnist,ssb-v1,1.0,6,1,333,0.002828958007739857,493551616,0.875
fashion_mnist,ssb-v1,1.0,6,1,334,0.002912584022851661,493568000,0.8359375
fashion_mnist,ssb-v1,1.0,6,1,335,0.002819916990119964,493584384,0.8359375
fashion_mnist,ssb-v1,1.0,6,1,336,0.0027902080037165433,493584384,0.859375
fashion_mnist,ssb-v1,1.0,6,1,337,0.002816666994476691,493584384,0.828125
fashion_mnist,ssb-v1,1.0,6,1,338,0.0028298750112298876,493584384,0.8125
fashion_mnist,ssb-v1,1.0,6,1,339,0.0029190420173108578,493584384,0.8359375
fashion_mnist,ssb-v1,1.0,6,1,340,0.002861624991055578,493584384,0.8125
fashion_mnist,ssb-v1,1.0,6,1,341,0.002937333978479728,493584384,0.828125
fashion_mnist,ssb-v1,1.0,6,1,342,0.002705417020479217,493584384,0.890625
fashion_mnist,ssb-v1,1.0,6,1,343,0.002806165983201936,493584384,0.90625
fashion_mnist,ssb-v1,1.0,6,1,344,0.0026703750190790743,493584384,0.78125
fashion_mnist,ssb-v1,1.0,6,1,345,0.002828249998856336,493584384,0.796875
fashion_mnist,ssb-v1,1.0,6,1,346,0.002876459009712562,493584384,0.8046875
fashion_mnist,ssb-v1,1.0,6,1,347,0.0028195409977342933,493600768,0.8203125
fashion_mnist,ssb-v1,1.0,6,1,348,0.002907374990172684,493600768,0.828125
fashion_mnist,ssb-v1,1.0,6,1,349,0.0027821249968837947,493600768,0.8125
fashion_mnist,ssb-v1,1.0,6,1,350,0.0028717920067720115,493600768,0.890625
fashion_mnist,ssb-v1,1.0,6,1,351,0.0029165839951019734,493600768,0.8828125
fashion_mnist,ssb-v1,1.0,6,1,352,0.0030002910061739385,493600768,0.8359375
fashion_mnist,ssb-v1,1.0,6,1,353,0.002833666978403926,493633536,0.9375
fashion_mnist,ssb-v1,1.0,6,1,354,0.002970208995975554,493633536,0.84375
fashion_mnist,ssb-v1,1.0,6,1,355,0.002824249997502193,493633536,0.78125
fashion_mnist,ssb-v1,1.0,6,1,356,0.004263582988642156,493633536,0.8671875
fashion_mnist,ssb-v1,1.0,6,1,357,0.002850666001904756,493633536,0.828125
fashion_mnist,ssb-v1,1.0,6,1,358,0.0028586669941432774,493633536,0.8515625
fashion_mnist,ssb-v1,1.0,6,1,359,0.002906125009758398,493649920,0.875
fashion_mnist,ssb-v1,1.0,6,1,360,0.00288883299799636,493666304,0.875
fashion_mnist,ssb-v1,1.0,6,1,361,0.0026890419831033796,493666304,0.828125
fashion_mnist,ssb-v1,1.0,6,1,362,0.0027242920186836272,493666304,0.8203125
fashion_mnist,ssb-v1,1.0,6,1,363,0.002705000020796433,493666304,0.8515625
fashion_mnist,ssb-v1,1.0,6,1,364,0.0028284159780014306,493666304,0.8515625
fashion_mnist,ssb-v1,1.0,6,1,365,0.002769000013358891,493666304,0.8828125
fashion_mnist,ssb-v1,1.0,6,1,366,0.0027929999923799187,493682688,0.8984375
fashion_mnist,ssb-v1,1.0,6,1,367,0.00283483398379758,493682688,0.8671875
fashion_mnist,ssb-v1,1.0,6,1,368,0.00285820898716338,493682688,0.8203125
fashion_mnist,ssb-v1,1.0,6,1,369,0.0027957920101471245,493682688,0.875
fashion_mnist,ssb-v1,1.0,6,1,370,0.002758125017862767,493699072,0.8203125
fashion_mnist,ssb-v1,1.0,6,1,371,0.002859917003661394,493715456,0.90625
fashion_mnist,ssb-v1,1.0,6,1,372,0.002709291991777718,493715456,0.8359375
fashion_mnist,ssb-v1,1.0,6,1,373,0.002805791998980567,493715456,0.8125
fashion_mnist,ssb-v1,1.0,6,1,374,0.002726708014961332,493731840,0.875
fashion_mnist,ssb-v1,1.0,6,1,375,0.0028049579996149987,493731840,0.890625
fashion_mnist,ssb-v1,1.0,6,1,376,0.002850667020538822,493731840,0.8046875
fashion_mnist,ssb-v1,1.0,6,1,377,0.002866374998120591,493731840,0.8125
fashion_mnist,ssb-v1,1.0,6,1,378,0.0028546249959617853,493731840,0.859375
fashion_mnist,ssb-v1,1.0,6,1,379,0.0027681250066962093,493731840,0.8671875
fashion_mnist,ssb-v1,1.0,6,1,380,0.00281349997385405,493731840,0.8828125
fashion_mnist,ssb-v1,1.0,6,1,381,0.002772541018202901,493731840,0.875
fashion_mnist,ssb-v1,1.0,6,1,382,0.002797291992465034,493731840,0.8515625
fashion_mnist,ssb-v1,1.0,6,1,383,0.002843041002051905,493731840,0.8359375
fashion_mnist,ssb-v1,1.0,6,1,384,0.0027004169824067503,493748224,0.8046875
fashion_mnist,ssb-v1,1.0,6,1,385,0.0028932089917361736,493748224,0.8828125
fashion_mnist,ssb-v1,1.0,6,1,386,0.0027595830033533275,493748224,0.875
fashion_mnist,ssb-v1,1.0,6,1,387,0.0028539169870782644,493748224,0.859375
fashion_mnist,ssb-v1,1.0,6,1,388,0.0029244159813970327,493748224,0.8828125
fashion_mnist,ssb-v1,1.0,6,1,389,0.00284233401180245,493748224,0.84375
fashion_mnist,ssb-v1,1.0,6,1,390,0.002988084015669301,493748224,0.8515625
fashion_mnist,ssb-v1,1.0,6,1,391,0.002758749993517995,493748224,0.9140625
fashion_mnist,ssb-v1,1.0,6,1,392,0.0027220830088481307,493748224,0.859375
fashion_mnist,ssb-v1,1.0,6,1,393,0.002772874984657392,493748224,0.84375
fashion_mnist,ssb-v1,1.0,6,1,394,0.002812499995343387,493748224,0.8515625
fashion_mnist,ssb-v1,1.0,6,1,395,0.002771875006146729,493748224,0.8125
fashion_mnist,ssb-v1,1.0,6,1,396,0.00278641699696891,493748224,0.84375
fashion_mnist,ssb-v1,1.0,6,1,397,0.0027489170024637133,493748224,0.8203125
fashion_mnist,ssb-v1,1.0,6,1,398,0.0028024589992128313,493764608,0.875
fashion_mnist,ssb-v1,1.0,6,1,399,0.00291091701365076,493764608,0.8203125
fashion_mnist,ssb-v1,1.0,6,1,400,0.0027100830047857016,493780992,0.859375
fashion_mnist,ssb-v1,1.0,6,1,401,0.0028346659964881837,493780992,0.796875
fashion_mnist,ssb-v1,1.0,6,1,402,0.0028536250174511224,493780992,0.875
fashion_mnist,ssb-v1,1.0,6,1,403,0.0030327080166898668,493780992,0.859375
fashion_mnist,ssb-v1,1.0,6,1,404,0.0027792920009233057,493780992,0.8828125
fashion_mnist,ssb-v1,1.0,6,1,405,0.002945291984360665,493780992,0.8671875
fashion_mnist,ssb-v1,1.0,6,1,406,0.0028534169832710177,493780992,0.828125
fashion_mnist,ssb-v1,1.0,6,1,407,0.002904958004364744,493797376,0.890625
fashion_mnist,ssb-v1,1.0,6,1,408,0.0028329170017968863,493797376,0.8671875
fashion_mnist,ssb-v1,1.0,6,1,409,0.002912584022851661,493813760,0.875
fashion_mnist,ssb-v1,1.0,6,1,410,0.002793832973111421,493813760,0.890625
fashion_mnist,ssb-v1,1.0,6,1,411,0.0027995410200674087,493813760,0.859375
fashion_mnist,ssb-v1,1.0,6,1,412,0.002773457992589101,493813760,0.90625
fashion_mnist,ssb-v1,1.0,6,1,413,0.0028053749992977828,493813760,0.828125
fashion_mnist,ssb-v1,1.0,6,1,414,0.0029020000074524432,493813760,0.8515625
fashion_mnist,ssb-v1,1.0,6,1,415,0.002790291007841006,493813760,0.8984375
fashion_mnist,ssb-v1,1.0,6,1,416,0.002924208005424589,493813760,0.8125
fashion_mnist,ssb-v1,1.0,6,1,417,0.002733834000537172,493813760,0.8515625
fashion_mnist,ssb-v1,1.0,6,1,418,0.0028039579920005053,493813760,0.8515625
fashion_mnist,ssb-v1,1.0,6,1,419,0.002628625021316111,493813760,0.8515625
fashion_mnist,ssb-v1,1.0,6,1,420,0.0030425410077441484,493813760,0.84375
fashion_mnist,ssb-v1,1.0,6,1,421,0.0027668749971780926,493813760,0.8359375
fashion_mnist,ssb-v1,1.0,6,1,422,0.0028064160142093897,493813760,0.8125
fashion_mnist,ssb-v1,1.0,6,1,423,0.0027601670008152723,493813760,0.7890625
fashion_mnist,ssb-v1,1.0,6,1,424,0.0028021249745506793,493813760,0.7578125
fashion_mnist,ssb-v1,1.0,6,1,425,0.0028411670064087957,493813760,0.9296875
fashion_mnist,ssb-v1,1.0,6,1,426,0.0028559160127770156,493813760,0.8671875
fashion_mnist,ssb-v1,1.0,6,1,427,0.002930791990365833,493813760,0.7734375
fashion_mnist,ssb-v1,1.0,6,1,428,0.002807707991451025,493813760,0.8515625
fashion_mnist,ssb-v1,1.0,6,1,429,0.0029119999962858856,493813760,0.9375
fashion_mnist,ssb-v1,1.0,6,1,430,0.0027470000204630196,493813760,0.8828125
fashion_mnist,ssb-v1,1.0,6,1,431,0.0028011249960400164,493813760,0.859375
fashion_mnist,ssb-v1,1.0,6,1,432,0.002812457998516038,493813760,0.875
fashion_mnist,ssb-v1,1.0,6,1,433,0.002838749991497025,493846528,0.84375
fashion_mnist,ssb-v1,1.0,6,1,434,0.0028685000143013895,493846528,0.7890625
fashion_mnist,ssb-v1,1.0,6,1,435,0.002819874993292615,493846528,0.8359375
fashion_mnist,ssb-v1,1.0,6,1,436,0.002790540980640799,493846528,0.890625
fashion_mnist,ssb-v1,1.0,6,1,437,0.002982582984259352,493846528,0.8671875
fashion_mnist,ssb-v1,1.0,6,1,438,0.002818416978698224,493846528,0.8984375
fashion_mnist,ssb-v1,1.0,6,1,439,0.0028432919934857637,493846528,0.828125
fashion_mnist,ssb-v1,1.0,6,1,440,0.002827832999173552,493862912,0.8515625
fashion_mnist,ssb-v1,1.0,6,1,441,0.002879707986721769,493862912,0.90625
fashion_mnist,ssb-v1,1.0,6,1,442,0.002768334001302719,493879296,0.8671875
fashion_mnist,ssb-v1,1.0,6,1,443,0.0028178750071674585,493879296,0.8984375
fashion_mnist,ssb-v1,1.0,6,1,444,0.0027997080178465694,493879296,0.859375
fashion_mnist,ssb-v1,1.0,6,1,445,0.002756583009613678,493879296,0.8125
fashion_mnist,ssb-v1,1.0,6,1,446,0.0026559590187389404,493879296,0.890625
fashion_mnist,ssb-v1,1.0,6,1,447,0.002729208004893735,493895680,0.875
fashion_mnist,ssb-v1,1.0,6,1,448,0.0026811659918166697,493895680,0.8515625
fashion_mnist,ssb-v1,1.0,6,1,449,0.0028017500007990748,493895680,0.8359375
fashion_mnist,ssb-v1,1.0,6,1,450,0.002744124998571351,493895680,0.8515625
fashion_mnist,ssb-v1,1.0,6,1,451,0.0028112079889979213,493912064,0.8828125
fashion_mnist,ssb-v1,1.0,6,1,452,0.002870791999157518,493912064,0.875
fashion_mnist,ssb-v1,1.0,6,1,453,0.002826125011779368,493928448,0.8359375
fashion_mnist,ssb-v1,1.0,6,1,454,0.002915459015639499,493928448,0.8515625
fashion_mnist,ssb-v1,1.0,6,1,455,0.002785167016554624,493944832,0.84375
fashion_mnist,ssb-v1,1.0,6,1,456,0.002856707986211404,493944832,0.828125
fashion_mnist,ssb-v1,1.0,6,1,457,0.002786083990940824,493944832,0.84375
fashion_mnist,ssb-v1,1.0,6,1,458,0.0028390410006977618,493944832,0.9375
fashion_mnist,ssb-v1,1.0,6,1,459,0.0027972500247415155,493944832,0.8671875
fashion_mnist,ssb-v1,1.0,6,1,460,0.0028575000178534538,493944832,0.890625
fashion_mnist,ssb-v1,1.0,6,1,461,0.0028813750250265002,493944832,0.8359375
fashion_mnist,ssb-v1,1.0,6,1,462,0.00277033299789764,493944832,0.8046875
fashion_mnist,ssb-v1,1.0,6,1,463,0.0028227079892531037,493944832,0.8359375
fashion_mnist,ssb-v1,1.0,6,1,464,0.0026803750079125166,493944832,0.828125
fashion_mnist,ssb-v1,1.0,6,1,465,0.0027870829799212515,493944832,0.9140625
fashion_mnist,ssb-v1,1.0,6,1,466,0.002768041013041511,493944832,0.8671875
fashion_mnist,ssb-v1,1.0,6,1,467,0.00290400002268143,493944832,0.875
fashion_mnist,ssb-v1,1.0,6,1,468,0.03282129199942574,505462784,0.875
fashion_mnist,ssb-v1,1.0,6,2,0,0.003901290998328477,512704512,0.8125
fashion_mnist,ssb-v1,1.0,6,2,1,0.004218917019898072,513146880,0.8515625
fashion_mnist,ssb-v1,1.0,6,2,2,0.004215916007524356,513359872,0.921875
fashion_mnist,ssb-v1,1.0,6,2,3,0.002985832979902625,513507328,0.8671875
fashion_mnist,ssb-v1,1.0,6,2,4,0.0030753749888390303,513507328,0.828125
fashion_mnist,ssb-v1,1.0,6,2,5,0.003054500004509464,513507328,0.859375
fashion_mnist,ssb-v1,1.0,6,2,6,0.0028649169835262,513507328,0.8515625
fashion_mnist,ssb-v1,1.0,6,2,7,0.0028641659882850945,513507328,0.8203125
fashion_mnist,ssb-v1,1.0,6,2,8,0.0029114159988239408,513507328,0.8828125
fashion_mnist,ssb-v1,1.0,6,2,9,0.0028498750180006027,513507328,0.921875
fashion_mnist,ssb-v1,1.0,6,2,10,0.0029381249914877117,513507328,0.859375
fashion_mnist,ssb-v1,1.0,6,2,11,0.0028593750030267984,513507328,0.859375
fashion_mnist,ssb-v1,1.0,6,2,12,0.0028853330004494637,513507328,0.8984375
fashion_mnist,ssb-v1,1.0,6,2,13,0.002979166980367154,513540096,0.921875
fashion_mnist,ssb-v1,1.0,6,2,14,0.002770167018752545,513540096,0.8984375
fashion_mnist,ssb-v1,1.0,6,2,15,0.002899749990319833,513540096,0.890625
fashion_mnist,ssb-v1,1.0,6,2,16,0.00291016700793989,513540096,0.859375
fashion_mnist,ssb-v1,1.0,6,2,17,0.0028023339982610196,513540096,0.8515625
fashion_mnist,ssb-v1,1.0,6,2,18,0.0028202079993207008,513556480,0.8828125
fashion_mnist,ssb-v1,1.0,6,2,19,0.002922833024058491,513556480,0.859375
fashion_mnist,ssb-v1,1.0,6,2,20,0.002843124995706603,513556480,0.828125
fashion_mnist,ssb-v1,1.0,6,2,21,0.002942374994745478,513572864,0.8671875
fashion_mnist,ssb-v1,1.0,6,2,22,0.0029227080231066793,513572864,0.8984375
fashion_mnist,ssb-v1,1.0,6,2,23,0.002877207996789366,513572864,0.8671875
fashion_mnist,ssb-v1,1.0,6,2,24,0.002861999993911013,513572864,0.875
fashion_mnist,ssb-v1,1.0,6,2,25,0.0029466669948305935,513572864,0.84375
fashion_mnist,ssb-v1,1.0,6,2,26,0.0028266670124139637,513572864,0.8828125
fashion_mnist,ssb-v1,1.0,6,2,27,0.002865042013581842,513572864,0.90625
fashion_mnist,ssb-v1,1.0,6,2,28,0.002940665988717228,513572864,0.9140625
fashion_mnist,ssb-v1,1.0,6,2,29,0.00288304197601974,513572864,0.9140625
fashion_mnist,ssb-v1,1.0,6,2,30,0.0029189999913796782,513572864,0.890625
fashion_mnist,ssb-v1,1.0,6,2,31,0.002855166996596381,513572864,0.90625
fashion_mnist,ssb-v1,1.0,6,2,32,0.002851791010471061,513572864,0.8359375
fashion_mnist,ssb-v1,1.0,6,2,33,0.002851458004442975,513572864,0.8671875
fashion_mnist,ssb-v1,1.0,6,2,34,0.002913459000410512,513572864,0.828125
fashion_mnist,ssb-v1,1.0,6,2,35,0.0029104999848641455,513572864,0.8984375
fashion_mnist,ssb-v1,1.0,6,2,36,0.0028913330170325935,513572864,0.875
fashion_mnist,ssb-v1,1.0,6,2,37,0.0029325840005185455,513572864,0.8515625
fashion_mnist,ssb-v1,1.0,6,2,38,0.002804415998980403,513572864,0.84375
fashion_mnist,ssb-v1,1.0,6,2,39,0.00268358297762461,513572864,0.8359375
fashion_mnist,ssb-v1,1.0,6,2,40,0.0029138330137357116,513572864,0.8671875
fashion_mnist,ssb-v1,1.0,6,2,41,0.002831749996403232,513572864,0.859375
fashion_mnist,ssb-v1,1.0,6,2,42,0.002870333002647385,513572864,0.8046875
fashion_mnist,ssb-v1,1.0,6,2,43,0.0028268329915590584,513572864,0.859375
fashion_mnist,ssb-v1,1.0,6,2,44,0.0027929170173592865,513572864,0.875
fashion_mnist,ssb-v1,1.0,6,2,45,0.0028027910157106817,513572864,0.8203125
fashion_mnist,ssb-v1,1.0,6,2,46,0.002860709006199613,513572864,0.8671875
fashion_mnist,ssb-v1,1.0,6,2,47,0.0029622500005643815,513572864,0.8671875
fashion_mnist,ssb-v1,1.0,6,2,48,0.002773582993540913,513572864,0.828125
fashion_mnist,ssb-v1,1.0,6,2,49,0.002770582999801263,513572864,0.890625
fashion_mnist,ssb-v1,1.0,6,2,50,0.002892999997129664,513572864,0.875
fashion_mnist,ssb-v1,1.0,6,2,51,0.002865417016437277,513572864,0.875
fashion_mnist,ssb-v1,1.0,6,2,52,0.0028320419951342046,513572864,0.890625
fashion_mnist,ssb-v1,1.0,6,2,53,0.002866666007321328,513572864,0.828125
fashion_mnist,ssb-v1,1.0,6,2,54,0.0028099579794798046,513572864,0.8828125
fashion_mnist,ssb-v1,1.0,6,2,55,0.002881249994970858,513572864,0.8515625
fashion_mnist,ssb-v1,1.0,6,2,56,0.0026953750057145953,513572864,0.921875
fashion_mnist,ssb-v1,1.0,6,2,57,0.0028744999726768583,513572864,0.828125
fashion_mnist,ssb-v1,1.0,6,2,58,0.0028400000010151416,513572864,0.84375
fashion_mnist,ssb-v1,1.0,6,2,59,0.0029479579825419933,513572864,0.890625
fashion_mnist,ssb-v1,1.0,6,2,60,0.0028556250035762787,513572864,0.8515625
fashion_mnist,ssb-v1,1.0,6,2,61,0.002894917008234188,513572864,0.828125
fashion_mnist,ssb-v1,1.0,6,2,62,0.0029200830031186342,513572864,0.8671875
fashion_mnist,ssb-v1,1.0,6,2,63,0.0029197919939178973,513572864,0.9296875
fashion_mnist,ssb-v1,1.0,6,2,64,0.0029409170092549175,513572864,0.890625
fashion_mnist,ssb-v1,1.0,6,2,65,0.002808583027217537,513572864,0.8828125
fashion_mnist,ssb-v1,1.0,6,2,66,0.0028466249932534993,513589248,0.859375
fashion_mnist,ssb-v1,1.0,6,2,67,0.002927082998212427,513589248,0.859375
fashion_mnist,ssb-v1,1.0,6,2,68,0.0029168330074753612,513589248,0.8828125
fashion_mnist,ssb-v1,1.0,6,2,69,0.002916749974247068,513589248,0.8359375
fashion_mnist,ssb-v1,1.0,6,2,70,0.002819541987264529,513589248,0.84375
fashion_mnist,ssb-v1,1.0,6,2,71,0.002803416980896145,513589248,0.8828125
fashion_mnist,ssb-v1,1.0,6,2,72,0.0027994579868391156,513589248,0.875
fashion_mnist,ssb-v1,1.0,6,2,73,0.0028132919978816062,513589248,0.8984375
fashion_mnist,ssb-v1,1.0,6,2,74,0.002861790999304503,513589248,0.8515625
fashion_mnist,ssb-v1,1.0,6,2,75,0.0027779169904533774,513589248,0.875
fashion_mnist,ssb-v1,1.0,6,2,76,0.0027662089851219207,513589248,0.8515625
fashion_mnist,ssb-v1,1.0,6,2,77,0.002953416988020763,513589248,0.8359375
fashion_mnist,ssb-v1,1.0,6,2,78,0.0029173749790061265,513589248,0.859375
fashion_mnist,ssb-v1,1.0,6,2,79,0.002865125017706305,513589248,0.8359375
fashion_mnist,ssb-v1,1.0,6,2,80,0.002894000004744157,513589248,0.8359375
fashion_mnist,ssb-v1,1.0,6,2,81,0.00277875000028871,513589248,0.890625
fashion_mnist,ssb-v1,1.0,6,2,82,0.002770500024780631,513589248,0.9140625
fashion_mnist,ssb-v1,1.0,6,2,83,0.002699083008337766,513589248,0.921875
fashion_mnist,ssb-v1,1.0,6,2,84,0.002847499999916181,513589248,0.8671875
fashion_mnist,ssb-v1,1.0,6,2,85,0.0028537919861264527,513605632,0.8984375
fashion_mnist,ssb-v1,1.0,6,2,86,0.0027621249901130795,513605632,0.890625
fashion_mnist,ssb-v1,1.0,6,2,87,0.0029361670021899045,513605632,0.8984375
fashion_mnist,ssb-v1,1.0,6,2,88,0.0028662499971687794,513605632,0.8984375
fashion_mnist,ssb-v1,1.0,6,2,89,0.0027363330009393394,513605632,0.8984375
fashion_mnist,ssb-v1,1.0,6,2,90,0.0027716250042431056,513605632,0.890625
fashion_mnist,ssb-v1,1.0,6,2,91,0.0028482910129241645,513605632,0.90625
fashion_mnist,ssb-v1,1.0,6,2,92,0.0027524579782038927,513605632,0.8671875
fashion_mnist,ssb-v1,1.0,6,2,93,0.0029129999747965485,513605632,0.8515625
fashion_mnist,ssb-v1,1.0,6,2,94,0.002818957989802584,513605632,0.828125
fashion_mnist,ssb-v1,1.0,6,2,95,0.0029955829959362745,513605632,0.875
fashion_mnist,ssb-v1,1.0,6,2,96,0.002844250004272908,513605632,0.828125
fashion_mnist,ssb-v1,1.0,6,2,97,0.0027898749976884574,513605632,0.875
fashion_mnist,ssb-v1,1.0,6,2,98,0.002805625001201406,513605632,0.9296875
fashion_mnist,ssb-v1,1.0,6,2,99,0.0029251249798107892,513605632,0.84375
fashion_mnist,ssb-v1,1.0,6,2,100,0.0028685829893220216,513605632,0.875
fashion_mnist,ssb-v1,1.0,6,2,101,0.002920250000897795,513605632,0.859375
fashion_mnist,ssb-v1,1.0,6,2,102,0.002743749995715916,513605632,0.90625
fashion_mnist,ssb-v1,1.0,6,2,103,0.0028154590108897537,513605632,0.890625
fashion_mnist,ssb-v1,1.0,6,2,104,0.002801666996674612,513605632,0.8515625
fashion_mnist,ssb-v1,1.0,6,2,105,0.0028607499843928963,513605632,0.859375
fashion_mnist,ssb-v1,1.0,6,2,106,0.002933417010353878,513605632,0.8203125
fashion_mnist,ssb-v1,1.0,6,2,107,0.00276583299273625,513605632,0.8828125
fashion_mnist,ssb-v1,1.0,6,2,108,0.002989624976180494,513605632,0.875
fashion_mnist,ssb-v1,1.0,6,2,109,0.002713583002332598,513605632,0.921875
fashion_mnist,ssb-v1,1.0,6,2,110,0.00288041599560529,513605632,0.875
fashion_mnist,ssb-v1,1.0,6,2,111,0.002790334023302421,513605632,0.90625
fashion_mnist,ssb-v1,1.0,6,2,112,0.0028386249905452132,513605632,0.90625
fashion_mnist,ssb-v1,1.0,6,2,113,0.0028365420002955943,513605632,0.8125
fashion_mnist,ssb-v1,1.0,6,2,114,0.002881583000998944,513605632,0.8359375
fashion_mnist,ssb-v1,1.0,6,2,115,0.0028232079930603504,513605632,0.890625
fashion_mnist,ssb-v1,1.0,6,2,116,0.0028079999901819974,513605632,0.9140625
fashion_mnist,ssb-v1,1.0,6,2,117,0.002753375010797754,513605632,0.875
fashion_mnist,ssb-v1,1.0,6,2,118,0.0029371669807005674,513605632,0.828125
fashion_mnist,ssb-v1,1.0,6,2,119,0.0028601670055650175,513605632,0.859375
fashion_mnist,ssb-v1,1.0,6,2,120,0.0029072079923935235,513605632,0.890625
fashion_mnist,ssb-v1,1.0,6,2,121,0.0028794999816454947,513605632,0.890625
fashion_mnist,ssb-v1,1.0,6,2,122,0.0028267920133657753,513605632,0.8125
fashion_mnist,ssb-v1,1.0,6,2,123,0.0028518329781945795,513605632,0.9453125
fashion_mnist,ssb-v1,1.0,6,2,124,0.0028172919992357492,513605632,0.890625
fashion_mnist,ssb-v1,1.0,6,2,125,0.0030233750003390014,513605632,0.8125
fashion_mnist,ssb-v1,1.0,6,2,126,0.0027312499878462404,513605632,0.875
fashion_mnist,ssb-v1,1.0,6,2,127,0.0028844580228906125,513605632,0.875
fashion_mnist,ssb-v1,1.0,6,2,128,0.0027101250016130507,513605632,0.8828125
fashion_mnist,ssb-v1,1.0,6,2,129,0.002904499997384846,513622016,0.84375
fashion_mnist,ssb-v1,1.0,6,2,130,0.0028830829833168536,513622016,0.9140625
fashion_mnist,ssb-v1,1.0,6,2,131,0.002927499997895211,513622016,0.890625
fashion_mnist,ssb-v1,1.0,6,2,132,0.0028980839997529984,513622016,0.890625
fashion_mnist,ssb-v1,1.0,6,2,133,0.0029083749977871776,513622016,0.859375
fashion_mnist,ssb-v1,1.0,6,2,134,0.0027589999954216182,513622016,0.8359375
fashion_mnist,ssb-v1,1.0,6,2,135,0.002795125008560717,513622016,0.8671875
fashion_mnist,ssb-v1,1.0,6,2,136,0.0027851669874507934,513622016,0.921875
fashion_mnist,ssb-v1,1.0,6,2,137,0.002766707999398932,513622016,0.8515625
fashion_mnist,ssb-v1,1.0,6,2,138,0.002651749993674457,513622016,0.859375
fashion_mnist,ssb-v1,1.0,6,2,139,0.0028626669954974204,513622016,0.875
fashion_mnist,ssb-v1,1.0,6,2,140,0.002906791982240975,513622016,0.8984375
fashion_mnist,ssb-v1,1.0,6,2,141,0.002846957999281585,513622016,0.859375
fashion_mnist,ssb-v1,1.0,6,2,142,0.002672709000762552,513622016,0.828125
fashion_mnist,ssb-v1,1.0,6,2,143,0.002824291994329542,513622016,0.921875
fashion_mnist,ssb-v1,1.0,6,2,144,0.002778791997116059,513622016,0.9140625
fashion_mnist,ssb-v1,1.0,6,2,145,0.0028487500094342977,513622016,0.84375
fashion_mnist,ssb-v1,1.0,6,2,146,0.0029195410024840385,513622016,0.84375
fashion_mnist,ssb-v1,1.0,6,2,147,0.002790041995467618,513622016,0.8828125
fashion_mnist,ssb-v1,1.0,6,2,148,0.002871292002964765,513622016,0.875
fashion_mnist,ssb-v1,1.0,6,2,149,0.002949999994598329,513622016,0.875
fashion_mnist,ssb-v1,1.0,6,2,150,0.0028275410004425794,513622016,0.796875
fashion_mnist,ssb-v1,1.0,6,2,151,0.002843082998879254,513622016,0.859375
fashion_mnist,ssb-v1,1.0,6,2,152,0.002902458014432341,513622016,0.9453125
fashion_mnist,ssb-v1,1.0,6,2,153,0.0028477500018198043,513622016,0.8203125
fashion_mnist,ssb-v1,1.0,6,2,154,0.002836708998074755,513622016,0.78125
fashion_mnist,ssb-v1,1.0,6,2,155,0.002787542005535215,513622016,0.84375
fashion_mnist,ssb-v1,1.0,6,2,156,0.002781916002277285,513622016,0.890625
fashion_mnist,ssb-v1,1.0,6,2,157,0.0028517909813672304,513622016,0.8359375
fashion_mnist,ssb-v1,1.0,6,2,158,0.0026813340082298964,513622016,0.921875
fashion_mnist,ssb-v1,1.0,6,2,159,0.0028512499993667006,513622016,0.8984375
fashion_mnist,ssb-v1,1.0,6,2,160,0.0027767499850597233,513622016,0.8359375
fashion_mnist,ssb-v1,1.0,6,2,161,0.0029383750224951655,513622016,0.890625
fashion_mnist,ssb-v1,1.0,6,2,162,0.002838959015207365,513622016,0.8828125
fashion_mnist,ssb-v1,1.0,6,2,163,0.002989000000525266,513622016,0.828125
fashion_mnist,ssb-v1,1.0,6,2,164,0.002775583998300135,513622016,0.90625
fashion_mnist,ssb-v1,1.0,6,2,165,0.002871416014386341,513622016,0.796875
fashion_mnist,ssb-v1,1.0,6,2,166,0.002849040989531204,513622016,0.8046875
fashion_mnist,ssb-v1,1.0,6,2,167,0.002884208020986989,513622016,0.859375
fashion_mnist,ssb-v1,1.0,6,2,168,0.002960166981210932,513622016,0.8984375
fashion_mnist,ssb-v1,1.0,6,2,169,0.0028267079906072468,513622016,0.859375
fashion_mnist,ssb-v1,1.0,6,2,170,0.0028043329948559403,513622016,0.796875
fashion_mnist,ssb-v1,1.0,6,2,171,0.0027784580015577376,513622016,0.8828125
fashion_mnist,ssb-v1,1.0,6,2,172,0.0027272090082988143,513622016,0.8515625
fashion_mnist,ssb-v1,1.0,6,2,173,0.0026710829988587648,513622016,0.875
fashion_mnist,ssb-v1,1.0,6,2,174,0.0026784999936353415,513622016,0.9140625
fashion_mnist,ssb-v1,1.0,6,2,175,0.0026842090010177344,513622016,0.859375
fashion_mnist,ssb-v1,1.0,6,2,176,0.0026453750033397228,513638400,0.90625
fashion_mnist,ssb-v1,1.0,6,2,177,0.0027728330169338733,513638400,0.828125
fashion_mnist,ssb-v1,1.0,6,2,178,0.002778167021460831,513638400,0.8671875
fashion_mnist,ssb-v1,1.0,6,2,179,0.004279500019038096,513638400,0.828125
fashion_mnist,ssb-v1,1.0,6,2,180,0.0035012919979635626,513638400,0.875
fashion_mnist,ssb-v1,1.0,6,2,181,0.003447625000262633,513638400,0.8671875
fashion_mnist,ssb-v1,1.0,6,2,182,0.003880167001625523,513638400,0.890625
fashion_mnist,ssb-v1,1.0,6,2,183,0.003692416998092085,513638400,0.8203125
fashion_mnist,ssb-v1,1.0,6,2,184,0.0034586669935379177,513638400,0.90625
fashion_mnist,ssb-v1,1.0,6,2,185,0.0032033750030677766,513638400,0.84375
fashion_mnist,ssb-v1,1.0,6,2,186,0.003019833005964756,513638400,0.859375
fashion_mnist,ssb-v1,1.0,6,2,187,0.0030316660122480243,513638400,0.859375
fashion_mnist,ssb-v1,1.0,6,2,188,0.0028686249861493707,513654784,0.8515625
fashion_mnist,ssb-v1,1.0,6,2,189,0.0028798340063076466,513654784,0.8125
fashion_mnist,ssb-v1,1.0,6,2,190,0.002951125003164634,513654784,0.84375
fashion_mnist,ssb-v1,1.0,6,2,191,0.002809416997479275,513654784,0.84375
fashion_mnist,ssb-v1,1.0,6,2,192,0.002941792015917599,513654784,0.8359375
fashion_mnist,ssb-v1,1.0,6,2,193,0.002885249996325001,513654784,0.9140625
fashion_mnist,ssb-v1,1.0,6,2,194,0.002972291986225173,513654784,0.859375
fashion_mnist,ssb-v1,1.0,6,2,195,0.002808208024362102,513654784,0.8671875
fashion_mnist,ssb-v1,1.0,6,2,196,0.0028347909974399954,513654784,0.828125
fashion_mnist,ssb-v1,1.0,6,2,197,0.00283633399521932,513654784,0.90625
fashion_mnist,ssb-v1,1.0,6,2,198,0.002949584013549611,513654784,0.84375
fashion_mnist,ssb-v1,1.0,6,2,199,0.0027994159900117666,513671168,0.875
fashion_mnist,ssb-v1,1.0,6,2,200,0.0028256250079721212,513671168,0.859375
fashion_mnist,ssb-v1,1.0,6,2,201,0.0028589580033440143,513671168,0.9453125
fashion_mnist,ssb-v1,1.0,6,2,202,0.002872499986551702,513671168,0.890625
fashion_mnist,ssb-v1,1.0,6,2,203,0.0028845829947385937,513671168,0.859375
fashion_mnist,ssb-v1,1.0,6,2,204,0.002919291000580415,513687552,0.90625
fashion_mnist,ssb-v1,1.0,6,2,205,0.0027722079830709845,513687552,0.90625
fashion_mnist,ssb-v1,1.0,6,2,206,0.0029872499871999025,513687552,0.859375
fashion_mnist,ssb-v1,1.0,6,2,207,0.002869083982659504,513687552,0.8984375
fashion_mnist,ssb-v1,1.0,6,2,208,0.002945417014416307,513687552,0.9140625
fashion_mnist,ssb-v1,1.0,6,2,209,0.0028157500200904906,513687552,0.8828125
fashion_mnist,ssb-v1,1.0,6,2,210,0.0028258750098757446,513687552,0.84375
fashion_mnist,ssb-v1,1.0,6,2,211,0.0029019579815212637,513687552,0.890625
fashion_mnist,ssb-v1,1.0,6,2,212,0.002865582995582372,513687552,0.859375
fashion_mnist,ssb-v1,1.0,6,2,213,0.0029512090259231627,513687552,0.890625
fashion_mnist,ssb-v1,1.0,6,2,214,0.0028199999942444265,513687552,0.890625
fashion_mnist,ssb-v1,1.0,6,2,215,0.0028497079911176115,513687552,0.875
fashion_mnist,ssb-v1,1.0,6,2,216,0.0028574999887496233,513687552,0.8515625
fashion_mnist,ssb-v1,1.0,6,2,217,0.0028733749932143837,513687552,0.875
fashion_mnist,ssb-v1,1.0,6,2,218,0.0028260829858481884,513687552,0.8515625
fashion_mnist,ssb-v1,1.0,6,2,219,0.002828749973559752,513687552,0.8671875
fashion_mnist,ssb-v1,1.0,6,2,220,0.0028946250095032156,513687552,0.921875
fashion_mnist,ssb-v1,1.0,6,2,221,0.002983667014632374,513687552,0.875
fashion_mnist,ssb-v1,1.0,6,2,222,0.0030559999868273735,513687552,0.875
fashion_mnist,ssb-v1,1.0,6,2,223,0.002760083007160574,513687552,0.875
fashion_mnist,ssb-v1,1.0,6,2,224,0.002823041984811425,513687552,0.859375
fashion_mnist,ssb-v1,1.0,6,2,225,0.0029453749884851277,513687552,0.9140625
fashion_mnist,ssb-v1,1.0,6,2,226,0.0028744580049533397,513687552,0.890625
fashion_mnist,ssb-v1,1.0,6,2,227,0.002945167012512684,513687552,0.8828125
fashion_mnist,ssb-v1,1.0,6,2,228,0.0027528750069905072,513687552,0.890625
fashion_mnist,ssb-v1,1.0,6,2,229,0.002820624999003485,513687552,0.875
fashion_mnist,ssb-v1,1.0,6,2,230,0.002874541998608038,513687552,0.921875
fashion_mnist,ssb-v1,1.0,6,2,231,0.0028809579962398857,513687552,0.875
fashion_mnist,ssb-v1,1.0,6,2,232,0.0029308329976629466,513703936,0.8125
fashion_mnist,ssb-v1,1.0,6,2,233,0.0028085839876439422,513703936,0.8515625
fashion_mnist,ssb-v1,1.0,6,2,234,0.0028009590168949217,513703936,0.875
fashion_mnist,ssb-v1,1.0,6,2,235,0.002894500008551404,513703936,0.8828125
fashion_mnist,ssb-v1,1.0,6,2,236,0.0028079159965272993,513703936,0.890625
fashion_mnist,ssb-v1,1.0,6,2,237,0.002796792017761618,513703936,0.890625
fashion_mnist,ssb-v1,1.0,6,2,238,0.0027914590027648956,513720320,0.859375
fashion_mnist,ssb-v1,1.0,6,2,239,0.002842374989995733,513720320,0.90625
fashion_mnist,ssb-v1,1.0,6,2,240,0.0029285000055097044,513720320,0.8984375
fashion_mnist,ssb-v1,1.0,6,2,241,0.0028028749802615494,513736704,0.90625
fashion_mnist,ssb-v1,1.0,6,2,242,0.0029032499878667295,513736704,0.859375
fashion_mnist,ssb-v1,1.0,6,2,243,0.0027097919955849648,513736704,0.859375
fashion_mnist,ssb-v1,1.0,6,2,244,0.0029740829777438194,513736704,0.890625
fashion_mnist,ssb-v1,1.0,6,2,245,0.002927583991549909,513736704,0.890625
fashion_mnist,ssb-v1,1.0,6,2,246,0.0029222500161267817,513736704,0.90625
fashion_mnist,ssb-v1,1.0,6,2,247,0.002814375009620562,513736704,0.8203125
fashion_mnist,ssb-v1,1.0,6,2,248,0.0028633750043809414,513736704,0.8515625
fashion_mnist,ssb-v1,1.0,6,2,249,0.0028896669973619282,513736704,0.90625
fashion_mnist,ssb-v1,1.0,6,2,250,0.0029270419909153134,513736704,0.875
fashion_mnist,ssb-v1,1.0,6,2,251,0.002919084014138207,513736704,0.9296875
fashion_mnist,ssb-v1,1.0,6,2,252,0.00286920799408108,513736704,0.8671875
fashion_mnist,ssb-v1,1.0,6,2,253,0.002804166986607015,513736704,0.8671875
fashion_mnist,ssb-v1,1.0,6,2,254,0.0028332500078249723,513736704,0.8515625
fashion_mnist,ssb-v1,1.0,6,2,255,0.002807875018334016,513753088,0.90625
fashion_mnist,ssb-v1,1.0,6,2,256,0.0027210410044062883,513753088,0.8515625
fashion_mnist,ssb-v1,1.0,6,2,257,0.0027862499991897494,513753088,0.8515625
fashion_mnist,ssb-v1,1.0,6,2,258,0.0029127080051694065,513753088,0.8671875
fashion_mnist,ssb-v1,1.0,6,2,259,0.0029072919860482216,513769472,0.8828125
fashion_mnist,ssb-v1,1.0,6,2,260,0.0027958329883404076,513769472,0.875
fashion_mnist,ssb-v1,1.0,6,2,261,0.002973208000184968,513769472,0.8515625
fashion_mnist,ssb-v1,1.0,6,2,262,0.0028760419809259474,513769472,0.9140625
fashion_mnist,ssb-v1,1.0,6,2,263,0.0030163750052452087,513769472,0.875
fashion_mnist,ssb-v1,1.0,6,2,264,0.002765375014860183,513785856,0.8515625
fashion_mnist,ssb-v1,1.0,6,2,265,0.0029931659810245037,513802240,0.8671875
fashion_mnist,ssb-v1,1.0,6,2,266,0.0028085000230930746,513802240,0.8671875
fashion_mnist,ssb-v1,1.0,6,2,267,0.002805541007546708,513802240,0.84375
fashion_mnist,ssb-v1,1.0,6,2,268,0.0028239590174052864,513802240,0.8671875
fashion_mnist,ssb-v1,1.0,6,2,269,0.002896666992455721,513802240,0.8671875
fashion_mnist,ssb-v1,1.0,6,2,270,0.002918334008427337,513802240,0.8671875
fashion_mnist,ssb-v1,1.0,6,2,271,0.002826917014317587,513802240,0.9296875
fashion_mnist,ssb-v1,1.0,6,2,272,0.0029354159778449684,513802240,0.8984375
fashion_mnist,ssb-v1,1.0,6,2,273,0.0027763330144807696,513802240,0.8828125
fashion_mnist,ssb-v1,1.0,6,2,274,0.002682167018065229,513802240,0.8671875
fashion_mnist,ssb-v1,1.0,6,2,275,0.002739958988968283,513802240,0.890625
fashion_mnist,ssb-v1,1.0,6,2,276,0.002861207991372794,513802240,0.875
fashion_mnist,ssb-v1,1.0,6,2,277,0.0028372080123517662,513802240,0.8984375
fashion_mnist,ssb-v1,1.0,6,2,278,0.003038166993064806,513802240,0.875
fashion_mnist,ssb-v1,1.0,6,2,279,0.002877582999644801,513802240,0.90625
fashion_mnist,ssb-v1,1.0,6,2,280,0.0029615419916808605,513818624,0.859375
fashion_mnist,ssb-v1,1.0,6,2,281,0.0028537079924717546,513818624,0.90625
fashion_mnist,ssb-v1,1.0,6,2,282,0.0029294160194694996,513818624,0.8515625
fashion_mnist,ssb-v1,1.0,6,2,283,0.0026630000211298466,513818624,0.8671875
fashion_mnist,ssb-v1,1.0,6,2,284,0.003004666999913752,513818624,0.890625
fashion_mnist,ssb-v1,1.0,6,2,285,0.002895499987062067,513818624,0.8984375
fashion_mnist,ssb-v1,1.0,6,2,286,0.002785958000458777,513818624,0.875
fashion_mnist,ssb-v1,1.0,6,2,287,0.002919708000263199,513818624,0.921875
fashion_mnist,ssb-v1,1.0,6,2,288,0.002761624986305833,513818624,0.8671875
fashion_mnist,ssb-v1,1.0,6,2,289,0.0028275829972699285,513818624,0.84375
fashion_mnist,ssb-v1,1.0,6,2,290,0.0029452920134644955,513818624,0.9296875
fashion_mnist,ssb-v1,1.0,6,2,291,0.002898582984926179,513818624,0.859375
fashion_mnist,ssb-v1,1.0,6,2,292,0.002835459017660469,513818624,0.90625
fashion_mnist,ssb-v1,1.0,6,2,293,0.0027528750069905072,513818624,0.875
fashion_mnist,ssb-v1,1.0,6,2,294,0.00284658299642615,513818624,0.828125
fashion_mnist,ssb-v1,1.0,6,2,295,0.0029035000188741833,513818624,0.7890625
fashion_mnist,ssb-v1,1.0,6,2,296,0.002923166990512982,513818624,0.9140625
fashion_mnist,ssb-v1,1.0,6,2,297,0.0028946250095032156,513818624,0.875
fashion_mnist,ssb-v1,1.0,6,2,298,0.0028080419870093465,513818624,0.8828125
fashion_mnist,ssb-v1,1.0,6,2,299,0.002943500003311783,513818624,0.796875
fashion_mnist,ssb-v1,1.0,6,2,300,0.002902875014115125,513835008,0.8828125
fashion_mnist,ssb-v1,1.0,6,2,301,0.002776208013528958,513835008,0.8828125
fashion_mnist,ssb-v1,1.0,6,2,302,0.0027699169877450913,513835008,0.890625
fashion_mnist,ssb-v1,1.0,6,2,303,0.002822249982273206,513835008,0.84375
fashion_mnist,ssb-v1,1.0,6,2,304,0.002816166990669444,513835008,0.8359375
fashion_mnist,ssb-v1,1.0,6,2,305,0.0029461670201271772,513835008,0.859375
fashion_mnist,ssb-v1,1.0,6,2,306,0.002804666990414262,513851392,0.8046875
fashion_mnist,ssb-v1,1.0,6,2,307,0.0028195409977342933,513851392,0.8984375
fashion_mnist,ssb-v1,1.0,6,2,308,0.002880333981011063,513851392,0.828125
fashion_mnist,ssb-v1,1.0,6,2,309,0.0028404170006979257,513851392,0.859375
fashion_mnist,ssb-v1,1.0,6,2,310,0.0029223330202512443,513851392,0.859375
fashion_mnist,ssb-v1,1.0,6,2,311,0.0028047079977113754,513851392,0.875
fashion_mnist,ssb-v1,1.0,6,2,312,0.00269854100770317,513867776,0.8984375
fashion_mnist,ssb-v1,1.0,6,2,313,0.0028304590086918324,513867776,0.90625
fashion_mnist,ssb-v1,1.0,6,2,314,0.0028669160092249513,513867776,0.828125
fashion_mnist,ssb-v1,1.0,6,2,315,0.0029055420018266886,513867776,0.828125
fashion_mnist,ssb-v1,1.0,6,2,316,0.0028827499772887677,513867776,0.8828125
fashion_mnist,ssb-v1,1.0,6,2,317,0.002869249990908429,513867776,0.8671875
fashion_mnist,ssb-v1,1.0,6,2,318,0.0029283750045578927,513867776,0.8515625
fashion_mnist,ssb-v1,1.0,6,2,319,0.0027281660004518926,513867776,0.9140625
fashion_mnist,ssb-v1,1.0,6,2,320,0.0027442080026958138,513867776,0.8359375
fashion_mnist,ssb-v1,1.0,6,2,321,0.0027242090145591646,513867776,0.8203125
fashion_mnist,ssb-v1,1.0,6,2,322,0.002890000003390014,513867776,0.875
fashion_mnist,ssb-v1,1.0,6,2,323,0.0028797920094802976,513867776,0.9375
fashion_mnist,ssb-v1,1.0,6,2,324,0.002941666985861957,513867776,0.8671875
fashion_mnist,ssb-v1,1.0,6,2,325,0.0028047499945387244,513867776,0.8203125
fashion_mnist,ssb-v1,1.0,6,2,326,0.0028341249853838235,513884160,0.859375
fashion_mnist,ssb-v1,1.0,6,2,327,0.0028976670000702143,513884160,0.8203125
fashion_mnist,ssb-v1,1.0,6,2,328,0.002935500000603497,513884160,0.8125
fashion_mnist,ssb-v1,1.0,6,2,329,0.0027969999937340617,513884160,0.8515625
fashion_mnist,ssb-v1,1.0,6,2,330,0.0028158750210423023,513884160,0.8671875
fashion_mnist,ssb-v1,1.0,6,2,331,0.0027963340107817203,513884160,0.875
fashion_mnist,ssb-v1,1.0,6,2,332,0.0028321669960860163,513884160,0.8828125
fashion_mnist,ssb-v1,1.0,6,2,333,0.0028238339873496443,513884160,0.8828125
fashion_mnist,ssb-v1,1.0,6,2,334,0.002882333006709814,513900544,0.84375
fashion_mnist,ssb-v1,1.0,6,2,335,0.00280604200088419,513900544,0.875
fashion_mnist,ssb-v1,1.0,6,2,336,0.0029330830147955567,513900544,0.8671875
fashion_mnist,ssb-v1,1.0,6,2,337,0.0028545829991344362,513900544,0.8359375
fashion_mnist,ssb-v1,1.0,6,2,338,0.00282845800393261,513916928,0.84375
fashion_mnist,ssb-v1,1.0,6,2,339,0.0029039999935775995,513916928,0.890625
fashion_mnist,ssb-v1,1.0,6,2,340,0.0028621249948628247,513916928,0.859375
fashion_mnist,ssb-v1,1.0,6,2,341,0.002987457992276177,513933312,0.8828125
fashion_mnist,ssb-v1,1.0,6,2,342,0.002762332995189354,513933312,0.8828125
fashion_mnist,ssb-v1,1.0,6,2,343,0.0028702499985229224,513933312,0.8515625
fashion_mnist,ssb-v1,1.0,6,2,344,0.0028573749877978116,513933312,0.8828125
fashion_mnist,ssb-v1,1.0,6,2,345,0.00286791700636968,513933312,0.8671875
fashion_mnist,ssb-v1,1.0,6,2,346,0.002950125024653971,513933312,0.84375
fashion_mnist,ssb-v1,1.0,6,2,347,0.002801958005875349,513933312,0.875
fashion_mnist,ssb-v1,1.0,6,2,348,0.0028249169990886003,513933312,0.9375
fashion_mnist,ssb-v1,1.0,6,2,349,0.0028546249959617853,513933312,0.8671875
fashion_mnist,ssb-v1,1.0,6,2,350,0.0029127919988241047,513933312,0.84375
fashion_mnist,ssb-v1,1.0,6,2,351,0.0027729999856092036,513933312,0.8203125
fashion_mnist,ssb-v1,1.0,6,2,352,0.0028458749875426292,513933312,0.8984375
fashion_mnist,ssb-v1,1.0,6,2,353,0.0029337079904507846,513933312,0.8671875
fashion_mnist,ssb-v1,1.0,6,2,354,0.00272733299061656,513933312,0.8671875
fashion_mnist,ssb-v1,1.0,6,2,355,0.002788415993563831,513933312,0.84375
fashion_mnist,ssb-v1,1.0,6,2,356,0.0028072919812984765,513933312,0.875
fashion_mnist,ssb-v1,1.0,6,2,357,0.0028428749938029796,513933312,0.8046875
fashion_mnist,ssb-v1,1.0,6,2,358,0.0028931249980814755,513933312,0.8671875
fashion_mnist,ssb-v1,1.0,6,2,359,0.002726165985222906,513933312,0.8671875
fashion_mnist,ssb-v1,1.0,6,2,360,0.0029510000022128224,513933312,0.890625
fashion_mnist,ssb-v1,1.0,6,2,361,0.002708792017074302,513933312,0.90625
fashion_mnist,ssb-v1,1.0,6,2,362,0.0029019170033279806,513933312,0.8984375
fashion_mnist,ssb-v1,1.0,6,2,363,0.0028425419877748936,513933312,0.8828125
fashion_mnist,ssb-v1,1.0,6,2,364,0.002848707983503118,513949696,0.859375
fashion_mnist,ssb-v1,1.0,6,2,365,0.0028989580168854445,513949696,0.8515625
fashion_mnist,ssb-v1,1.0,6,2,366,0.002789125021081418,513949696,0.8203125
fashion_mnist,ssb-v1,1.0,6,2,367,0.0028517080063465983,513949696,0.890625
fashion_mnist,ssb-v1,1.0,6,2,368,0.002830957993865013,513949696,0.8828125
fashion_mnist,ssb-v1,1.0,6,2,369,0.002875332982512191,513966080,0.875
fashion_mnist,ssb-v1,1.0,6,2,370,0.0028090830019209534,513966080,0.8515625
fashion_mnist,ssb-v1,1.0,6,2,371,0.002899292012443766,513966080,0.8671875
fashion_mnist,ssb-v1,1.0,6,2,372,0.00275537499692291,513966080,0.8359375
fashion_mnist,ssb-v1,1.0,6,2,373,0.002765000012004748,513966080,0.8515625
fashion_mnist,ssb-v1,1.0,6,2,374,0.0029219170100986958,513966080,0.8359375
fashion_mnist,ssb-v1,1.0,6,2,375,0.0028359580028336495,513966080,0.859375
fashion_mnist,ssb-v1,1.0,6,2,376,0.002719292009714991,513982464,0.890625
fashion_mnist,ssb-v1,1.0,6,2,377,0.0030426250013988465,513982464,0.9140625
fashion_mnist,ssb-v1,1.0,6,2,378,0.0027540829905774444,513982464,0.859375
fashion_mnist,ssb-v1,1.0,6,2,379,0.0028756669780705124,513982464,0.8515625
fashion_mnist,ssb-v1,1.0,6,2,380,0.002833040984114632,513982464,0.8828125
fashion_mnist,ssb-v1,1.0,6,2,381,0.002834374987287447,513982464,0.8828125
fashion_mnist,ssb-v1,1.0,6,2,382,0.0028915000148117542,513982464,0.8515625
fashion_mnist,ssb-v1,1.0,6,2,383,0.0026926249847747386,513982464,0.921875
fashion_mnist,ssb-v1,1.0,6,2,384,0.002808375022141263,513982464,0.890625
fashion_mnist,ssb-v1,1.0,6,2,385,0.002848250005627051,513982464,0.890625
fashion_mnist,ssb-v1,1.0,6,2,386,0.002851208992069587,513998848,0.921875
fashion_mnist,ssb-v1,1.0,6,2,387,0.002869875024771318,513998848,0.84375
fashion_mnist,ssb-v1,1.0,6,2,388,0.002753208013018593,514015232,0.8671875
fashion_mnist,ssb-v1,1.0,6,2,389,0.0027697499899659306,514015232,0.859375
fashion_mnist,ssb-v1,1.0,6,2,390,0.0028777080005966127,514031616,0.8515625
fashion_mnist,ssb-v1,1.0,6,2,391,0.0028252500051166862,514031616,0.90625
fashion_mnist,ssb-v1,1.0,6,2,392,0.0029290830134414136,514031616,0.9375
fashion_mnist,ssb-v1,1.0,6,2,393,0.0028891669935546815,514031616,0.8671875
fashion_mnist,ssb-v1,1.0,6,2,394,0.0028983750089537352,514031616,0.84375
fashion_mnist,ssb-v1,1.0,6,2,395,0.002840208006091416,514031616,0.84375
fashion_mnist,ssb-v1,1.0,6,2,396,0.0029765829967800528,514031616,0.8203125
fashion_mnist,ssb-v1,1.0,6,2,397,0.0028357920236885548,514031616,0.8359375
fashion_mnist,ssb-v1,1.0,6,2,398,0.0027878749824594706,514031616,0.921875
fashion_mnist,ssb-v1,1.0,6,2,399,0.0027971249946858734,514031616,0.9296875
fashion_mnist,ssb-v1,1.0,6,2,400,0.0028501669876277447,514048000,0.890625
fashion_mnist,ssb-v1,1.0,6,2,401,0.0028677080117631704,514048000,0.875
fashion_mnist,ssb-v1,1.0,6,2,402,0.002792916988255456,514048000,0.9140625
fashion_mnist,ssb-v1,1.0,6,2,403,0.0028505829977802932,514048000,0.875
fashion_mnist,ssb-v1,1.0,6,2,404,0.0028221249813213944,514048000,0.859375
fashion_mnist,ssb-v1,1.0,6,2,405,0.002908082999056205,514048000,0.8359375
fashion_mnist,ssb-v1,1.0,6,2,406,0.002806249976856634,514048000,0.84375
fashion_mnist,ssb-v1,1.0,6,2,407,0.0028218339721206576,514048000,0.875
fashion_mnist,ssb-v1,1.0,6,2,408,0.00279912500991486,514048000,0.8359375
fashion_mnist,ssb-v1,1.0,6,2,409,0.0028597080090548843,514048000,0.859375
fashion_mnist,ssb-v1,1.0,6,2,410,0.0028656670183409005,514048000,0.8515625
fashion_mnist,ssb-v1,1.0,6,2,411,0.0027985419728793204,514048000,0.8671875
fashion_mnist,ssb-v1,1.0,6,2,412,0.002774666005279869,514048000,0.828125
fashion_mnist,ssb-v1,1.0,6,2,413,0.00286920799408108,514048000,0.8515625
fashion_mnist,ssb-v1,1.0,6,2,414,0.00282024999614805,514064384,0.8671875
fashion_mnist,ssb-v1,1.0,6,2,415,0.0028940420015715063,514064384,0.8828125
fashion_mnist,ssb-v1,1.0,6,2,416,0.002757874986855313,514064384,0.84375
fashion_mnist,ssb-v1,1.0,6,2,417,0.00277970900060609,514064384,0.828125
fashion_mnist,ssb-v1,1.0,6,2,418,0.0027347079885657877,514064384,0.9140625
fashion_mnist,ssb-v1,1.0,6,2,419,0.0027784160047303885,514064384,0.8671875
fashion_mnist,ssb-v1,1.0,6,2,420,0.0027841669798363,514064384,0.890625
fashion_mnist,ssb-v1,1.0,6,2,421,0.002719917014474049,514064384,0.890625
fashion_mnist,ssb-v1,1.0,6,2,422,0.0028777090192306787,514064384,0.828125
fashion_mnist,ssb-v1,1.0,6,2,423,0.0028803749883081764,514064384,0.859375
fashion_mnist,ssb-v1,1.0,6,2,424,0.0028680830146186054,514064384,0.9453125
fashion_mnist,ssb-v1,1.0,6,2,425,0.0027835410146508366,514064384,0.8828125
fashion_mnist,ssb-v1,1.0,6,2,426,0.0028159590146970004,514064384,0.875
fashion_mnist,ssb-v1,1.0,6,2,427,0.0027523750031832606,514064384,0.859375
fashion_mnist,ssb-v1,1.0,6,2,428,0.0029072910256218165,514064384,0.8828125
fashion_mnist,ssb-v1,1.0,6,2,429,0.002914291020715609,514064384,0.8515625
fashion_mnist,ssb-v1,1.0,6,2,430,0.0028783329762518406,514064384,0.875
fashion_mnist,ssb-v1,1.0,6,2,431,0.002802415983751416,514064384,0.84375
fashion_mnist,ssb-v1,1.0,6,2,432,0.002969832974486053,514064384,0.8828125
fashion_mnist,ssb-v1,1.0,6,2,433,0.002865999995265156,514064384,0.9140625
fashion_mnist,ssb-v1,1.0,6,2,434,0.0029609579942189157,514080768,0.9140625
fashion_mnist,ssb-v1,1.0,6,2,435,0.0028062080091331154,514080768,0.8671875
fashion_mnist,ssb-v1,1.0,6,2,436,0.0027757080097217113,514080768,0.8515625
fashion_mnist,ssb-v1,1.0,6,2,437,0.0028550829738378525,514097152,0.8671875
fashion_mnist,ssb-v1,1.0,6,2,438,0.0027933329984080046,514097152,0.8359375
fashion_mnist,ssb-v1,1.0,6,2,439,0.002927833003923297,514097152,0.796875
fashion_mnist,ssb-v1,1.0,6,2,440,0.0027566249773371965,514097152,0.859375
fashion_mnist,ssb-v1,1.0,6,2,441,0.002927499997895211,514097152,0.8828125
fashion_mnist,ssb-v1,1.0,6,2,442,0.002776292007183656,514097152,0.890625
fashion_mnist,ssb-v1,1.0,6,2,443,0.0027917500119656324,514113536,0.84375
fashion_mnist,ssb-v1,1.0,6,2,444,0.002815916988765821,514113536,0.8671875
fashion_mnist,ssb-v1,1.0,6,2,445,0.002827666001394391,514113536,0.859375
fashion_mnist,ssb-v1,1.0,6,2,446,0.0028662919939961284,514113536,0.828125
fashion_mnist,ssb-v1,1.0,6,2,447,0.0029500410018954426,514113536,0.890625
fashion_mnist,ssb-v1,1.0,6,2,448,0.0028475830040406436,514113536,0.875
fashion_mnist,ssb-v1,1.0,6,2,449,0.0028032090049237013,514113536,0.921875
fashion_mnist,ssb-v1,1.0,6,2,450,0.002830624987836927,514129920,0.9140625
fashion_mnist,ssb-v1,1.0,6,2,451,0.0029344579961616546,514129920,0.890625
fashion_mnist,ssb-v1,1.0,6,2,452,0.002794375002849847,514129920,0.8515625
fashion_mnist,ssb-v1,1.0,6,2,453,0.0028157909982837737,514129920,0.8515625
fashion_mnist,ssb-v1,1.0,6,2,454,0.002849333017366007,514129920,0.859375
fashion_mnist,ssb-v1,1.0,6,2,455,0.002866292023099959,514129920,0.875
fashion_mnist,ssb-v1,1.0,6,2,456,0.00291220800136216,514129920,0.875
fashion_mnist,ssb-v1,1.0,6,2,457,0.002765124983852729,514129920,0.890625
fashion_mnist,ssb-v1,1.0,6,2,458,0.0028045829967595637,514129920,0.90625
fashion_mnist,ssb-v1,1.0,6,2,459,0.002872042008675635,514129920,0.875
fashion_mnist,ssb-v1,1.0,6,2,460,0.0028338749834802,514129920,0.859375
fashion_mnist,ssb-v1,1.0,6,2,461,0.002781417017104104,514129920,0.8984375
fashion_mnist,ssb-v1,1.0,6,2,462,0.002818624983774498,514129920,0.890625
fashion_mnist,ssb-v1,1.0,6,2,463,0.002796166983898729,514129920,0.8984375
fashion_mnist,ssb-v1,1.0,6,2,464,0.0028678749804385006,514146304,0.875
fashion_mnist,ssb-v1,1.0,6,2,465,0.002827832999173552,514146304,0.9140625
fashion_mnist,ssb-v1,1.0,6,2,466,0.0029028340068180114,514162688,0.90625
fashion_mnist,ssb-v1,1.0,6,2,467,0.0028321659774519503,514162688,0.8515625
fashion_mnist,ssb-v1,1.0,6,2,468,0.002889374998630956,514162688,0.8958333333333334
fashion_mnist,ssb-v1,1.0,6,3,0,0.002849084004992619,514162688,0.8984375
fashion_mnist,ssb-v1,1.0,6,3,1,0.0028927079983986914,514162688,0.9140625
fashion_mnist,ssb-v1,1.0,6,3,2,0.003061708004679531,514162688,0.84375
fashion_mnist,ssb-v1,1.0,6,3,3,0.002820291992975399,514162688,0.875
fashion_mnist,ssb-v1,1.0,6,3,4,0.0029317919979803264,514179072,0.90625
fashion_mnist,ssb-v1,1.0,6,3,5,0.0029444580140989274,514179072,0.9296875
fashion_mnist,ssb-v1,1.0,6,3,6,0.0028537090111058205,514195456,0.90625
fashion_mnist,ssb-v1,1.0,6,3,7,0.0028290840273257345,514195456,0.8125
fashion_mnist,ssb-v1,1.0,6,3,8,0.0028614579932764173,514195456,0.921875
fashion_mnist,ssb-v1,1.0,6,3,9,0.0028636660135816783,514195456,0.8984375
fashion_mnist,ssb-v1,1.0,6,3,10,0.0029379589832387865,514195456,0.8671875
fashion_mnist,ssb-v1,1.0,6,3,11,0.0028781250002793968,514195456,0.90625
fashion_mnist,ssb-v1,1.0,6,3,12,0.0027969999937340617,514195456,0.859375
fashion_mnist,ssb-v1,1.0,6,3,13,0.0029422079969663173,514228224,0.8828125
fashion_mnist,ssb-v1,1.0,6,3,14,0.002775291010038927,514228224,0.859375
fashion_mnist,ssb-v1,1.0,6,3,15,0.002835291001247242,514228224,0.921875
fashion_mnist,ssb-v1,1.0,6,3,16,0.0028070840053260326,514228224,0.890625
fashion_mnist,ssb-v1,1.0,6,3,17,0.003043292002985254,514228224,0.90625
fashion_mnist,ssb-v1,1.0,6,3,18,0.002820624999003485,514244608,0.9140625
fashion_mnist,ssb-v1,1.0,6,3,19,0.0029855000029783696,514244608,0.8671875
fashion_mnist,ssb-v1,1.0,6,3,20,0.00287241701153107,514244608,0.8828125
fashion_mnist,ssb-v1,1.0,6,3,21,0.002923874999396503,514244608,0.90625
fashion_mnist,ssb-v1,1.0,6,3,22,0.0028364589961711317,514244608,0.875
fashion_mnist,ssb-v1,1.0,6,3,23,0.002838125015841797,514260992,0.890625
fashion_mnist,ssb-v1,1.0,6,3,24,0.0028730829944834113,514260992,0.890625
fashion_mnist,ssb-v1,1.0,6,3,25,0.002853834012057632,514260992,0.828125
fashion_mnist,ssb-v1,1.0,6,3,26,0.0029534170171245933,514260992,0.921875
fashion_mnist,ssb-v1,1.0,6,3,27,0.002919541992014274,514260992,0.8828125
fashion_mnist,ssb-v1,1.0,6,3,28,0.002811041980748996,514260992,0.859375
fashion_mnist,ssb-v1,1.0,6,3,29,0.0026915830094367266,514260992,0.875
fashion_mnist,ssb-v1,1.0,6,3,30,0.002897874976042658,514260992,0.8515625
fashion_mnist,ssb-v1,1.0,6,3,31,0.0027369589952286333,514260992,0.890625
fashion_mnist,ssb-v1,1.0,6,3,32,0.0028087090176995844,514260992,0.9375
fashion_mnist,ssb-v1,1.0,6,3,33,0.0027324169932398945,514260992,0.8828125
fashion_mnist,ssb-v1,1.0,6,3,34,0.002900499996030703,514260992,0.8984375
fashion_mnist,ssb-v1,1.0,6,3,35,0.002915499993832782,514277376,0.8984375
fashion_mnist,ssb-v1,1.0,6,3,36,0.0027659580227918923,514277376,0.796875
fashion_mnist,ssb-v1,1.0,6,3,37,0.002851540979463607,514277376,0.875
fashion_mnist,ssb-v1,1.0,6,3,38,0.002898249978898093,514277376,0.8828125
fashion_mnist,ssb-v1,1.0,6,3,39,0.0028497079911176115,514293760,0.90625
fashion_mnist,ssb-v1,1.0,6,3,40,0.002861666987882927,514293760,0.8828125
fashion_mnist,ssb-v1,1.0,6,3,41,0.0027681250066962093,514293760,0.8828125
fashion_mnist,ssb-v1,1.0,6,3,42,0.0028291250055190176,514293760,0.8984375
fashion_mnist,ssb-v1,1.0,6,3,43,0.0027348329895175993,514310144,0.875
fashion_mnist,ssb-v1,1.0,6,3,44,0.0028896669973619282,514310144,0.890625
fashion_mnist,ssb-v1,1.0,6,3,45,0.002890917006880045,514310144,0.90625
fashion_mnist,ssb-v1,1.0,6,3,46,0.002780832990538329,514310144,0.8984375
fashion_mnist,ssb-v1,1.0,6,3,47,0.0028485840011853725,514310144,0.875
fashion_mnist,ssb-v1,1.0,6,3,48,0.0027857499953825027,514310144,0.9453125
fashion_mnist,ssb-v1,1.0,6,3,49,0.0028199579974170774,514310144,0.8984375
fashion_mnist,ssb-v1,1.0,6,3,50,0.0027386659930925816,514310144,0.921875
fashion_mnist,ssb-v1,1.0,6,3,51,0.002884084009565413,514310144,0.8671875
fashion_mnist,ssb-v1,1.0,6,3,52,0.0027545419870875776,514310144,0.890625
fashion_mnist,ssb-v1,1.0,6,3,53,0.0028662080003414303,514310144,0.84375
fashion_mnist,ssb-v1,1.0,6,3,54,0.0027235419838689268,514310144,0.9140625
fashion_mnist,ssb-v1,1.0,6,3,55,0.002676208008779213,514310144,0.921875
fashion_mnist,ssb-v1,1.0,6,3,56,0.0027072499797213823,514310144,0.8828125
fashion_mnist,ssb-v1,1.0,6,3,57,0.002687083004275337,514310144,0.859375
fashion_mnist,ssb-v1,1.0,6,3,58,0.002785165997920558,514310144,0.9296875
fashion_mnist,ssb-v1,1.0,6,3,59,0.0027668330003507435,514310144,0.90625
fashion_mnist,ssb-v1,1.0,6,3,60,0.0028582079976331443,514326528,0.8828125
fashion_mnist,ssb-v1,1.0,6,3,61,0.0027894579980056733,514326528,0.859375
fashion_mnist,ssb-v1,1.0,6,3,62,0.0028132910083513707,514326528,0.8984375
fashion_mnist,ssb-v1,1.0,6,3,63,0.0028529999835882336,514326528,0.9140625
fashion_mnist,ssb-v1,1.0,6,3,64,0.0030008750036358833,514326528,0.90625
fashion_mnist,ssb-v1,1.0,6,3,65,0.0027622499910648912,514326528,0.859375
fashion_mnist,ssb-v1,1.0,6,3,66,0.0029146249871701,514326528,0.859375
fashion_mnist,ssb-v1,1.0,6,3,67,0.0027807080186903477,514326528,0.890625
fashion_mnist,ssb-v1,1.0,6,3,68,0.0028083329962100834,514326528,0.890625
fashion_mnist,ssb-v1,1.0,6,3,69,0.002733000001171604,514326528,0.921875
fashion_mnist,ssb-v1,1.0,6,3,70,0.0028370830113999546,514326528,0.8828125
fashion_mnist,ssb-v1,1.0,6,3,71,0.0027669579721987247,514326528,0.9296875
fashion_mnist,ssb-v1,1.0,6,3,72,0.0028469169919844717,514326528,0.890625
fashion_mnist,ssb-v1,1.0,6,3,73,0.0029224579920992255,514326528,0.890625
fashion_mnist,ssb-v1,1.0,6,3,74,0.002772541978629306,514326528,0.9375
fashion_mnist,ssb-v1,1.0,6,3,75,0.002814917010255158,514326528,0.890625
fashion_mnist,ssb-v1,1.0,6,3,76,0.0028066250088158995,514342912,0.90625
fashion_mnist,ssb-v1,1.0,6,3,77,0.0027580829919315875,514342912,0.8984375
fashion_mnist,ssb-v1,1.0,6,3,78,0.0028563750092871487,514342912,0.875
fashion_mnist,ssb-v1,1.0,6,3,79,0.0029581660055555403,514359296,0.8515625
fashion_mnist,ssb-v1,1.0,6,3,80,0.0029255000117700547,514359296,0.9140625
fashion_mnist,ssb-v1,1.0,6,3,81,0.0029825830133631825,514359296,0.8671875
fashion_mnist,ssb-v1,1.0,6,3,82,0.0028424999909475446,514359296,0.9140625
fashion_mnist,ssb-v1,1.0,6,3,83,0.00303333398187533,514359296,0.921875
fashion_mnist,ssb-v1,1.0,6,3,84,0.0029197919939178973,514359296,0.921875
fashion_mnist,ssb-v1,1.0,6,3,85,0.0028480000037234277,514359296,0.8984375
fashion_mnist,ssb-v1,1.0,6,3,86,0.0028448750090319663,514359296,0.890625
fashion_mnist,ssb-v1,1.0,6,3,87,0.0028505419904831797,514359296,0.890625
fashion_mnist,ssb-v1,1.0,6,3,88,0.002923124993685633,514359296,0.8828125
fashion_mnist,ssb-v1,1.0,6,3,89,0.002913040982093662,514359296,0.8515625
fashion_mnist,ssb-v1,1.0,6,3,90,0.0028227920120116323,514359296,0.859375
fashion_mnist,ssb-v1,1.0,6,3,91,0.002844333997927606,514375680,0.875
fashion_mnist,ssb-v1,1.0,6,3,92,0.0028609590081032366,514375680,0.8828125
fashion_mnist,ssb-v1,1.0,6,3,93,0.0029200839926488698,514375680,0.8828125
fashion_mnist,ssb-v1,1.0,6,3,94,0.0027749589935410768,514375680,0.84375
fashion_mnist,ssb-v1,1.0,6,3,95,0.0028496250160969794,514375680,0.84375
fashion_mnist,ssb-v1,1.0,6,3,96,0.0028782500012312084,514392064,0.9296875
fashion_mnist,ssb-v1,1.0,6,3,97,0.0027879579865839332,514392064,0.890625
fashion_mnist,ssb-v1,1.0,6,3,98,0.002929375012172386,514392064,0.8984375
fashion_mnist,ssb-v1,1.0,6,3,99,0.0028427089855540544,514392064,0.9296875
fashion_mnist,ssb-v1,1.0,6,3,100,0.0029561250121332705,514392064,0.8828125
fashion_mnist,ssb-v1,1.0,6,3,101,0.002914707991294563,514392064,0.8515625
fashion_mnist,ssb-v1,1.0,6,3,102,0.0028080839838366956,514392064,0.8984375
fashion_mnist,ssb-v1,1.0,6,3,103,0.002870750002330169,514392064,0.9140625
fashion_mnist,ssb-v1,1.0,6,3,104,0.002820666995830834,514392064,0.8828125
fashion_mnist,ssb-v1,1.0,6,3,105,0.002867125003831461,514392064,0.8671875
fashion_mnist,ssb-v1,1.0,6,3,106,0.002870374999474734,514392064,0.8359375
fashion_mnist,ssb-v1,1.0,6,3,107,0.002785458986181766,514408448,0.8515625
fashion_mnist,ssb-v1,1.0,6,3,108,0.00281670899130404,514408448,0.90625
fashion_mnist,ssb-v1,1.0,6,3,109,0.0029082920227665454,514408448,0.890625
fashion_mnist,ssb-v1,1.0,6,3,110,0.002841082983650267,514408448,0.8671875
fashion_mnist,ssb-v1,1.0,6,3,111,0.002911874995334074,514408448,0.921875
fashion_mnist,ssb-v1,1.0,6,3,112,0.0027682090003509074,514408448,0.9453125
fashion_mnist,ssb-v1,1.0,6,3,113,0.0028187500138301402,514408448,0.8828125
fashion_mnist,ssb-v1,1.0,6,3,114,0.0029265419871080667,514408448,0.921875
fashion_mnist,ssb-v1,1.0,6,3,115,0.002836583007592708,514408448,0.828125
fashion_mnist,ssb-v1,1.0,6,3,116,0.0027954579854849726,514408448,0.8203125
fashion_mnist,ssb-v1,1.0,6,3,117,0.0029340409964788705,514408448,0.8359375
fashion_mnist,ssb-v1,1.0,6,3,118,0.002843208989361301,514408448,0.8515625
fashion_mnist,ssb-v1,1.0,6,3,119,0.0028133330051787198,514408448,0.8046875
fashion_mnist,ssb-v1,1.0,6,3,120,0.002849040989531204,514408448,0.796875
fashion_mnist,ssb-v1,1.0,6,3,121,0.0027877920074388385,514408448,0.8828125
fashion_mnist,ssb-v1,1.0,6,3,122,0.0028006670181639493,514424832,0.859375
fashion_mnist,ssb-v1,1.0,6,3,123,0.0028670000028796494,514424832,0.8203125
fashion_mnist,ssb-v1,1.0,6,3,124,0.002823499991791323,514424832,0.84375
fashion_mnist,ssb-v1,1.0,6,3,125,0.002840083005139604,514424832,0.8125
fashion_mnist,ssb-v1,1.0,6,3,126,0.0027588329976424575,514424832,0.890625
fashion_mnist,ssb-v1,1.0,6,3,127,0.0026546659937594086,514424832,0.875
fashion_mnist,ssb-v1,1.0,6,3,128,0.002829790988471359,514424832,0.84375
fashion_mnist,ssb-v1,1.0,6,3,129,0.002730624983087182,514424832,0.890625
fashion_mnist,ssb-v1,1.0,6,3,130,0.002806915988912806,514424832,0.8359375
fashion_mnist,ssb-v1,1.0,6,3,131,0.0028649999876506627,514424832,0.8515625
fashion_mnist,ssb-v1,1.0,6,3,132,0.0028967079997528344,514441216,0.90625
fashion_mnist,ssb-v1,1.0,6,3,133,0.0028424159972928464,514457600,0.875
fashion_mnist,ssb-v1,1.0,6,3,134,0.002897792001022026,514457600,0.859375
fashion_mnist,ssb-v1,1.0,6,3,135,0.002898333012126386,514473984,0.8984375
fashion_mnist,ssb-v1,1.0,6,3,136,0.002882540982682258,514473984,0.875
fashion_mnist,ssb-v1,1.0,6,3,137,0.002855124999769032,514473984,0.84375
fashion_mnist,ssb-v1,1.0,6,3,138,0.0028748329787049443,514473984,0.890625
fashion_mnist,ssb-v1,1.0,6,3,139,0.0027678329788614064,514473984,0.8515625
fashion_mnist,ssb-v1,1.0,6,3,140,0.002798417001031339,514490368,0.90625
fashion_mnist,ssb-v1,1.0,6,3,141,0.0027941250009462237,514490368,0.9453125
fashion_mnist,ssb-v1,1.0,6,3,142,0.002833415986970067,514490368,0.875
fashion_mnist,ssb-v1,1.0,6,3,143,0.0028658329974859953,514490368,0.875
fashion_mnist,ssb-v1,1.0,6,3,144,0.0028406250057742,514490368,0.890625
fashion_mnist,ssb-v1,1.0,6,3,145,0.0029157919925637543,514490368,0.8515625
fashion_mnist,ssb-v1,1.0,6,3,146,0.002734167006565258,514490368,0.8828125
fashion_mnist,ssb-v1,1.0,6,3,147,0.0028119999915361404,514490368,0.859375
fashion_mnist,ssb-v1,1.0,6,3,148,0.002593040990177542,514490368,0.8359375
fashion_mnist,ssb-v1,1.0,6,3,149,0.0028108340047765523,514490368,0.859375
fashion_mnist,ssb-v1,1.0,6,3,150,0.0028399160073604435,514490368,0.8828125
fashion_mnist,ssb-v1,1.0,6,3,151,0.002858041989384219,514490368,0.859375
fashion_mnist,ssb-v1,1.0,6,3,152,0.0028516669990494847,514490368,0.875
fashion_mnist,ssb-v1,1.0,6,3,153,0.002785541000775993,514490368,0.8984375
fashion_mnist,ssb-v1,1.0,6,3,154,0.0029042500245850533,514490368,0.859375
fashion_mnist,ssb-v1,1.0,6,3,155,0.0028727910248562694,514490368,0.875
fashion_mnist,ssb-v1,1.0,6,3,156,0.0028428340156096965,514490368,0.84375
fashion_mnist,ssb-v1,1.0,6,3,157,0.0029189999913796782,514506752,0.8984375
fashion_mnist,ssb-v1,1.0,6,3,158,0.0027708749985322356,514506752,0.921875
fashion_mnist,ssb-v1,1.0,6,3,159,0.0028726659948006272,514506752,0.921875
fashion_mnist,ssb-v1,1.0,6,3,160,0.0028642090037465096,514506752,0.8671875
fashion_mnist,ssb-v1,1.0,6,3,161,0.0028302909922786057,514506752,0.8671875
fashion_mnist,ssb-v1,1.0,6,3,162,0.002849207987310365,514506752,0.890625
fashion_mnist,ssb-v1,1.0,6,3,163,0.002765624987659976,514506752,0.890625
fashion_mnist,ssb-v1,1.0,6,3,164,0.002777042012894526,514506752,0.8828125
fashion_mnist,ssb-v1,1.0,6,3,165,0.0027607080119196326,514506752,0.8984375
fashion_mnist,ssb-v1,1.0,6,3,166,0.0028700410039164126,514506752,0.90625
fashion_mnist,ssb-v1,1.0,6,3,167,0.0028238329978194088,514506752,0.9296875
fashion_mnist,ssb-v1,1.0,6,3,168,0.0029473330068867654,514506752,0.8359375
fashion_mnist,ssb-v1,1.0,6,3,169,0.0028912499838043004,514506752,0.8984375
fashion_mnist,ssb-v1,1.0,6,3,170,0.0030207910167519003,514506752,0.859375
fashion_mnist,ssb-v1,1.0,6,3,171,0.0027304580144118518,514506752,0.8828125
fashion_mnist,ssb-v1,1.0,6,3,172,0.002760250004939735,514523136,0.84375
fashion_mnist,ssb-v1,1.0,6,3,173,0.0028550419956445694,514523136,0.8828125
fashion_mnist,ssb-v1,1.0,6,3,174,0.0028594579780474305,514523136,0.9140625
fashion_mnist,ssb-v1,1.0,6,3,175,0.002946582972072065,514523136,0.8515625
fashion_mnist,ssb-v1,1.0,6,3,176,0.002777916000923142,514523136,0.8828125
fashion_mnist,ssb-v1,1.0,6,3,177,0.002834707993315533,514523136,0.859375
fashion_mnist,ssb-v1,1.0,6,3,178,0.0028878329903818667,514523136,0.84375
fashion_mnist,ssb-v1,1.0,6,3,179,0.002964832994621247,514523136,0.84375
fashion_mnist,ssb-v1,1.0,6,3,180,0.002906167006585747,514523136,0.859375
fashion_mnist,ssb-v1,1.0,6,3,181,0.0028019169985782355,514523136,0.8515625
fashion_mnist,ssb-v1,1.0,6,3,182,0.0028255420038476586,514523136,0.8984375
fashion_mnist,ssb-v1,1.0,6,3,183,0.0027998329896945506,514539520,0.90625
fashion_mnist,ssb-v1,1.0,6,3,184,0.00286791700636968,514539520,0.875
fashion_mnist,ssb-v1,1.0,6,3,185,0.0029679999861400574,514539520,0.90625
fashion_mnist,ssb-v1,1.0,6,3,186,0.002804499992635101,514555904,0.90625
fashion_mnist,ssb-v1,1.0,6,3,187,0.0028222500113770366,514555904,0.859375
fashion_mnist,ssb-v1,1.0,6,3,188,0.0028767499898094684,514555904,0.8828125
fashion_mnist,ssb-v1,1.0,6,3,189,0.002771708997897804,514555904,0.8671875
fashion_mnist,ssb-v1,1.0,6,3,190,0.002813750004861504,514555904,0.8828125
fashion_mnist,ssb-v1,1.0,6,3,191,0.0027258330082986504,514555904,0.8515625
fashion_mnist,ssb-v1,1.0,6,3,192,0.0026113750063814223,514555904,0.8203125
fashion_mnist,ssb-v1,1.0,6,3,193,0.00270941702183336,514555904,0.84375
fashion_mnist,ssb-v1,1.0,6,3,194,0.002714582980843261,514555904,0.8671875
fashion_mnist,ssb-v1,1.0,6,3,195,0.0027217079768888652,514555904,0.8984375
fashion_mnist,ssb-v1,1.0,6,3,196,0.00274641698342748,514555904,0.8515625
fashion_mnist,ssb-v1,1.0,6,3,197,0.0027680000057443976,514555904,0.9140625
fashion_mnist,ssb-v1,1.0,6,3,198,0.002699041011510417,514555904,0.828125
fashion_mnist,ssb-v1,1.0,6,3,199,0.002634375006891787,514572288,0.90625
fashion_mnist,ssb-v1,1.0,6,3,200,0.002817958011291921,514572288,0.8984375
fashion_mnist,ssb-v1,1.0,6,3,201,0.002819874993292615,514572288,0.8515625
fashion_mnist,ssb-v1,1.0,6,3,202,0.002867332979803905,514572288,0.8828125
fashion_mnist,ssb-v1,1.0,6,3,203,0.0027959580183960497,514572288,0.8671875
fashion_mnist,ssb-v1,1.0,6,3,204,0.0028345839818939567,514572288,0.84375
fashion_mnist,ssb-v1,1.0,6,3,205,0.002923916996223852,514572288,0.875
fashion_mnist,ssb-v1,1.0,6,3,206,0.0028397499991115183,514572288,0.9296875
fashion_mnist,ssb-v1,1.0,6,3,207,0.0029169159824959934,514572288,0.859375
fashion_mnist,ssb-v1,1.0,6,3,208,0.0027881659916602075,514572288,0.8203125
fashion_mnist,ssb-v1,1.0,6,3,209,0.0028219999803695828,514572288,0.8671875
fashion_mnist,ssb-v1,1.0,6,3,210,0.0026287499931640923,514572288,0.8671875
fashion_mnist,ssb-v1,1.0,6,3,211,0.0029588749748654664,514572288,0.828125
fashion_mnist,ssb-v1,1.0,6,3,212,0.002930334012489766,514572288,0.8359375
fashion_mnist,ssb-v1,1.0,6,3,213,0.002821333007887006,514572288,0.8359375
fashion_mnist,ssb-v1,1.0,6,3,214,0.0028152499871794134,514588672,0.9140625
fashion_mnist,ssb-v1,1.0,6,3,215,0.0028127499972470105,514588672,0.90625
fashion_mnist,ssb-v1,1.0,6,3,216,0.002819124987581745,514588672,0.8515625
fashion_mnist,ssb-v1,1.0,6,3,217,0.002875292004318908,514588672,0.9296875
fashion_mnist,ssb-v1,1.0,6,3,218,0.002888916991651058,514588672,0.8359375
fashion_mnist,ssb-v1,1.0,6,3,219,0.0028312499925959855,514588672,0.8515625
fashion_mnist,ssb-v1,1.0,6,3,220,0.00287912500789389,514588672,0.9140625
fashion_mnist,ssb-v1,1.0,6,3,221,0.002838707994669676,514588672,0.8671875
fashion_mnist,ssb-v1,1.0,6,3,222,0.0029274159751366824,514588672,0.90625
fashion_mnist,ssb-v1,1.0,6,3,223,0.0028677909867838025,514588672,0.8671875
fashion_mnist,ssb-v1,1.0,6,3,224,0.0026874159811995924,514605056,0.90625
fashion_mnist,ssb-v1,1.0,6,3,225,0.0028930420230608433,514605056,0.9140625
fashion_mnist,ssb-v1,1.0,6,3,226,0.002813832979882136,514605056,0.953125
fashion_mnist,ssb-v1,1.0,6,3,227,0.0028438329754862934,514621440,0.9140625
fashion_mnist,ssb-v1,1.0,6,3,228,0.0028385830228216946,514621440,0.8671875
fashion_mnist,ssb-v1,1.0,6,3,229,0.002927499997895211,514621440,0.921875
fashion_mnist,ssb-v1,1.0,6,3,230,0.0027683750085998327,514637824,0.8984375
fashion_mnist,ssb-v1,1.0,6,3,231,0.0028043329948559403,514637824,0.890625
fashion_mnist,ssb-v1,1.0,6,3,232,0.002956375014036894,514637824,0.9296875
fashion_mnist,ssb-v1,1.0,6,3,233,0.002878500003134832,514637824,0.8984375
fashion_mnist,ssb-v1,1.0,6,3,234,0.0029087080038152635,514637824,0.9296875
fashion_mnist,ssb-v1,1.0,6,3,235,0.0028162079979665577,514637824,0.875
fashion_mnist,ssb-v1,1.0,6,3,236,0.0028163329989183694,514637824,0.9140625
fashion_mnist,ssb-v1,1.0,6,3,237,0.002795875014271587,514654208,0.921875
fashion_mnist,ssb-v1,1.0,6,3,238,0.0028586249973159283,514654208,0.9296875
fashion_mnist,ssb-v1,1.0,6,3,239,0.0028935839945916086,514654208,0.8828125
fashion_mnist,ssb-v1,1.0,6,3,240,0.0027894160011783242,514654208,0.921875
fashion_mnist,ssb-v1,1.0,6,3,241,0.0029082089895382524,514654208,0.859375
fashion_mnist,ssb-v1,1.0,6,3,242,0.0027895419916603714,514654208,0.921875
fashion_mnist,ssb-v1,1.0,6,3,243,0.002898957987781614,514654208,0.9140625
fashion_mnist,ssb-v1,1.0,6,3,244,0.002935083000920713,514654208,0.859375
fashion_mnist,ssb-v1,1.0,6,3,245,0.002921249979408458,514654208,0.9296875
fashion_mnist,ssb-v1,1.0,6,3,246,0.0028792910161428154,514654208,0.921875
fashion_mnist,ssb-v1,1.0,6,3,247,0.0028677080117631704,514654208,0.84375
fashion_mnist,ssb-v1,1.0,6,3,248,0.0028979589988011867,514654208,0.8671875
fashion_mnist,ssb-v1,1.0,6,3,249,0.002847042022040114,514654208,0.8515625
fashion_mnist,ssb-v1,1.0,6,3,250,0.0027640829794108868,514654208,0.8828125
fashion_mnist,ssb-v1,1.0,6,3,251,0.00291912499233149,514654208,0.8984375
fashion_mnist,ssb-v1,1.0,6,3,252,0.0027805000136140734,514670592,0.9140625
fashion_mnist,ssb-v1,1.0,6,3,253,0.0028527499816846102,514670592,0.8671875
fashion_mnist,ssb-v1,1.0,6,3,254,0.0028487500094342977,514670592,0.875
fashion_mnist,ssb-v1,1.0,6,3,255,0.0029606659954879433,514686976,0.875
fashion_mnist,ssb-v1,1.0,6,3,256,0.002699416974792257,514686976,0.8203125
fashion_mnist,ssb-v1,1.0,6,3,257,0.0029502079996746033,514686976,0.875
fashion_mnist,ssb-v1,1.0,6,3,258,0.002791125007206574,514686976,0.8828125
fashion_mnist,ssb-v1,1.0,6,3,259,0.002767166995909065,514686976,0.8984375
fashion_mnist,ssb-v1,1.0,6,3,260,0.002790291007841006,514703360,0.890625
fashion_mnist,ssb-v1,1.0,6,3,261,0.0028142920054960996,514703360,0.859375
fashion_mnist,ssb-v1,1.0,6,3,262,0.002883583016227931,514703360,0.8984375
fashion_mnist,ssb-v1,1.0,6,3,263,0.002827499993145466,514703360,0.8984375
fashion_mnist,ssb-v1,1.0,6,3,264,0.002942708000773564,514703360,0.921875
fashion_mnist,ssb-v1,1.0,6,3,265,0.002751708001596853,514703360,0.8515625
fashion_mnist,ssb-v1,1.0,6,3,266,0.0029724169871769845,514703360,0.890625
fashion_mnist,ssb-v1,1.0,6,3,267,0.0028327909822110087,514703360,0.90625
fashion_mnist,ssb-v1,1.0,6,3,268,0.0028166250267531723,514703360,0.8515625
fashion_mnist,ssb-v1,1.0,6,3,269,0.0028290410118643194,514703360,0.8671875
fashion_mnist,ssb-v1,1.0,6,3,270,0.0027037920081056654,514703360,0.859375
fashion_mnist,ssb-v1,1.0,6,3,271,0.002815250016283244,514703360,0.90625
fashion_mnist,ssb-v1,1.0,6,3,272,0.0028937499737367034,514703360,0.8828125
fashion_mnist,ssb-v1,1.0,6,3,273,0.0029352499986998737,514719744,0.9140625
fashion_mnist,ssb-v1,1.0,6,3,274,0.002918540994869545,514719744,0.8828125
fashion_mnist,ssb-v1,1.0,6,3,275,0.002817083994159475,514719744,0.8671875
fashion_mnist,ssb-v1,1.0,6,3,276,0.002828833006788045,514719744,0.8828125
fashion_mnist,ssb-v1,1.0,6,3,277,0.0027844169817399234,514719744,0.8203125
fashion_mnist,ssb-v1,1.0,6,3,278,0.00284754199674353,514719744,0.8515625
fashion_mnist,ssb-v1,1.0,6,3,279,0.0028945419762749225,514719744,0.921875
fashion_mnist,ssb-v1,1.0,6,3,280,0.002831292018527165,514719744,0.90625
fashion_mnist,ssb-v1,1.0,6,3,281,0.002911332994699478,514719744,0.8671875
fashion_mnist,ssb-v1,1.0,6,3,282,0.0027029159828089178,514719744,0.8671875
fashion_mnist,ssb-v1,1.0,6,3,283,0.002957917022285983,514736128,0.921875
fashion_mnist,ssb-v1,1.0,6,3,284,0.002888999995775521,514736128,0.8984375
fashion_mnist,ssb-v1,1.0,6,3,285,0.002840333996573463,514736128,0.8671875
fashion_mnist,ssb-v1,1.0,6,3,286,0.00275370801682584,514736128,0.921875
fashion_mnist,ssb-v1,1.0,6,3,287,0.002732124994508922,514736128,0.875
fashion_mnist,ssb-v1,1.0,6,3,288,0.002854791993740946,514736128,0.875
fashion_mnist,ssb-v1,1.0,6,3,289,0.0028329999768175185,514736128,0.8671875
fashion_mnist,ssb-v1,1.0,6,3,290,0.0028573329909704626,514736128,0.8828125
fashion_mnist,ssb-v1,1.0,6,3,291,0.002774334017885849,514736128,0.921875
fashion_mnist,ssb-v1,1.0,6,3,292,0.0028652909968513995,514736128,0.890625
fashion_mnist,ssb-v1,1.0,6,3,293,0.002944124978967011,514736128,0.890625
fashion_mnist,ssb-v1,1.0,6,3,294,0.0029477500065695494,514736128,0.8828125
fashion_mnist,ssb-v1,1.0,6,3,295,0.002890875010052696,514752512,0.859375
fashion_mnist,ssb-v1,1.0,6,3,296,0.0029774580034427345,514752512,0.8828125
fashion_mnist,ssb-v1,1.0,6,3,297,0.002843916998244822,514752512,0.875
fashion_mnist,ssb-v1,1.0,6,3,298,0.0028565829852595925,514768896,0.875
fashion_mnist,ssb-v1,1.0,6,3,299,0.0028998339839745313,514768896,0.921875
fashion_mnist,ssb-v1,1.0,6,3,300,0.00286304100882262,514768896,0.90625
fashion_mnist,ssb-v1,1.0,6,3,301,0.0029135420045349747,514768896,0.8671875
fashion_mnist,ssb-v1,1.0,6,3,302,0.002672667003935203,514768896,0.8828125
fashion_mnist,ssb-v1,1.0,6,3,303,0.0027221250056754798,514768896,0.8984375
fashion_mnist,ssb-v1,1.0,6,3,304,0.0026782909990288317,514768896,0.8984375
fashion_mnist,ssb-v1,1.0,6,3,305,0.0029290830134414136,514768896,0.9453125
fashion_mnist,ssb-v1,1.0,6,3,306,0.0041147910233121365,514768896,0.90625
fashion_mnist,ssb-v1,1.0,6,3,307,0.0042577499989420176,514768896,0.875
fashion_mnist,ssb-v1,1.0,6,3,308,0.0035488340072333813,514768896,0.8984375
fashion_mnist,ssb-v1,1.0,6,3,309,0.003115459025138989,514768896,0.859375
fashion_mnist,ssb-v1,1.0,6,3,310,0.0038276659906841815,514768896,0.8671875
fashion_mnist,ssb-v1,1.0,6,3,311,0.0037813750095665455,514768896,0.875
fashion_mnist,ssb-v1,1.0,6,3,312,0.0033509170170873404,514768896,0.9453125
fashion_mnist,ssb-v1,1.0,6,3,313,0.003106749994913116,514768896,0.90625
fashion_mnist,ssb-v1,1.0,6,3,314,0.0028979170019738376,514768896,0.9140625
fashion_mnist,ssb-v1,1.0,6,3,315,0.0031966249807737768,514768896,0.875
fashion_mnist,ssb-v1,1.0,6,3,316,0.0028648750158026814,514768896,0.8359375
fashion_mnist,ssb-v1,1.0,6,3,317,0.0028385830228216946,514768896,0.8671875
fashion_mnist,ssb-v1,1.0,6,3,318,0.002627041976666078,514768896,0.859375
fashion_mnist,ssb-v1,1.0,6,3,319,0.002850749995559454,514768896,0.890625
fashion_mnist,ssb-v1,1.0,6,3,320,0.0028238329978194088,514768896,0.828125
fashion_mnist,ssb-v1,1.0,6,3,321,0.0028205419948790222,514768896,0.8828125
fashion_mnist,ssb-v1,1.0,6,3,322,0.0029027500131633133,514768896,0.890625
fashion_mnist,ssb-v1,1.0,6,3,323,0.0028838329890277237,514768896,0.8828125
fashion_mnist,ssb-v1,1.0,6,3,324,0.002870208991225809,514768896,0.875
fashion_mnist,ssb-v1,1.0,6,3,325,0.002894957986427471,514768896,0.8828125
fashion_mnist,ssb-v1,1.0,6,3,326,0.0028362910088617355,514768896,0.875
fashion_mnist,ssb-v1,1.0,6,3,327,0.002822624985128641,514768896,0.8984375
fashion_mnist,ssb-v1,1.0,6,3,328,0.0028815839905291796,514785280,0.9140625
fashion_mnist,ssb-v1,1.0,6,3,329,0.00287241701153107,514785280,0.8359375
fashion_mnist,ssb-v1,1.0,6,3,330,0.0030160000023897737,514785280,0.8515625
fashion_mnist,ssb-v1,1.0,6,3,331,0.0027937910053879023,514785280,0.875
fashion_mnist,ssb-v1,1.0,6,3,332,0.0029567079909611493,514785280,0.890625
fashion_mnist,ssb-v1,1.0,6,3,333,0.0029643749876413494,514785280,0.859375
fashion_mnist,ssb-v1,1.0,6,3,334,0.002937375014880672,514785280,0.8984375
fashion_mnist,ssb-v1,1.0,6,3,335,0.0027793330082204193,514785280,0.8828125
fashion_mnist,ssb-v1,1.0,6,3,336,0.002838749991497025,514785280,0.8984375
fashion_mnist,ssb-v1,1.0,6,3,337,0.002697333024116233,514785280,0.8671875
fashion_mnist,ssb-v1,1.0,6,3,338,0.0029072499892208725,514785280,0.9375
fashion_mnist,ssb-v1,1.0,6,3,339,0.002901958010625094,514785280,0.875
fashion_mnist,ssb-v1,1.0,6,3,340,0.0029494169866666198,514785280,0.828125
fashion_mnist,ssb-v1,1.0,6,3,341,0.00285649998113513,514785280,0.9140625
fashion_mnist,ssb-v1,1.0,6,3,342,0.0028359590214677155,514785280,0.8828125
fashion_mnist,ssb-v1,1.0,6,3,343,0.002897750004194677,514785280,0.8671875
fashion_mnist,ssb-v1,1.0,6,3,344,0.002793207997456193,514785280,0.8828125
fashion_mnist,ssb-v1,1.0,6,3,345,0.0029096250073052943,514801664,0.921875
fashion_mnist,ssb-v1,1.0,6,3,346,0.0029228340135887265,514801664,0.890625
fashion_mnist,ssb-v1,1.0,6,3,347,0.0028485420043580234,514801664,0.8984375
fashion_mnist,ssb-v1,1.0,6,3,348,0.0028252920019440353,514801664,0.8984375
fashion_mnist,ssb-v1,1.0,6,3,349,0.0028986250108573586,514818048,0.8984375
fashion_mnist,ssb-v1,1.0,6,3,350,0.0028187499847263098,514818048,0.8671875
fashion_mnist,ssb-v1,1.0,6,3,351,0.0030034169903956354,514818048,0.8671875
fashion_mnist,ssb-v1,1.0,6,3,352,0.0029155000229366124,514818048,0.9375
fashion_mnist,ssb-v1,1.0,6,3,353,0.00289070897269994,514818048,0.859375
fashion_mnist,ssb-v1,1.0,6,3,354,0.0026364169898442924,514818048,0.9140625
fashion_mnist,ssb-v1,1.0,6,3,355,0.0029357080056797713,514818048,0.875
fashion_mnist,ssb-v1,1.0,6,3,356,0.002939333993708715,514818048,0.8671875
fashion_mnist,ssb-v1,1.0,6,3,357,0.0029188749904278666,514834432,0.875
fashion_mnist,ssb-v1,1.0,6,3,358,0.0029002910014241934,514834432,0.890625
fashion_mnist,ssb-v1,1.0,6,3,359,0.0028392919921316206,514834432,0.8515625
fashion_mnist,ssb-v1,1.0,6,3,360,0.0029306669894140214,514834432,0.84375
fashion_mnist,ssb-v1,1.0,6,3,361,0.0028319580014795065,514834432,0.8515625
fashion_mnist,ssb-v1,1.0,6,3,362,0.0027796669746749103,514834432,0.84375
fashion_mnist,ssb-v1,1.0,6,3,363,0.002802375005558133,514834432,0.84375
fashion_mnist,ssb-v1,1.0,6,3,364,0.002911541989305988,514834432,0.8828125
fashion_mnist,ssb-v1,1.0,6,3,365,0.002838791027897969,514834432,0.8359375
fashion_mnist,ssb-v1,1.0,6,3,366,0.002816000021994114,514834432,0.9140625
fashion_mnist,ssb-v1,1.0,6,3,367,0.002837874984834343,514834432,0.8828125
fashion_mnist,ssb-v1,1.0,6,3,368,0.002963041013572365,514834432,0.828125
fashion_mnist,ssb-v1,1.0,6,3,369,0.0027651659911498427,514834432,0.875
fashion_mnist,ssb-v1,1.0,6,3,370,0.0027587910008151084,514834432,0.859375
fashion_mnist,ssb-v1,1.0,6,3,371,0.00276958299218677,514850816,0.8828125
fashion_mnist,ssb-v1,1.0,6,3,372,0.002752667001914233,514850816,0.859375
fashion_mnist,ssb-v1,1.0,6,3,373,0.0027657499886117876,514850816,0.84375
fashion_mnist,ssb-v1,1.0,6,3,374,0.002941624989034608,514850816,0.8828125
fashion_mnist,ssb-v1,1.0,6,3,375,0.0029384590161498636,514850816,0.8984375
fashion_mnist,ssb-v1,1.0,6,3,376,0.002778833993943408,514850816,0.84375
fashion_mnist,ssb-v1,1.0,6,3,377,0.002820458001224324,514850816,0.890625
fashion_mnist,ssb-v1,1.0,6,3,378,0.0028892920236103237,514850816,0.8984375
fashion_mnist,ssb-v1,1.0,6,3,379,0.0028713750070892274,514850816,0.8984375
fashion_mnist,ssb-v1,1.0,6,3,380,0.002948541019577533,514867200,0.875
fashion_mnist,ssb-v1,1.0,6,3,381,0.0026163330185227096,514867200,0.8828125
fashion_mnist,ssb-v1,1.0,6,3,382,0.002798959001665935,514867200,0.890625
fashion_mnist,ssb-v1,1.0,6,3,383,0.002801666996674612,514867200,0.9296875
fashion_mnist,ssb-v1,1.0,6,3,384,0.0028500409971456975,514867200,0.875
fashion_mnist,ssb-v1,1.0,6,3,385,0.002913750009611249,514867200,0.9296875
fashion_mnist,ssb-v1,1.0,6,3,386,0.0029159999976400286,514867200,0.90625
fashion_mnist,ssb-v1,1.0,6,3,387,0.002870540978619829,514867200,0.890625
fashion_mnist,ssb-v1,1.0,6,3,388,0.002778416994260624,514867200,0.8671875
fashion_mnist,ssb-v1,1.0,6,3,389,0.002843208989361301,514867200,0.8984375
fashion_mnist,ssb-v1,1.0,6,3,390,0.0028472499980125576,514867200,0.9140625
fashion_mnist,ssb-v1,1.0,6,3,391,0.0028923340141773224,514867200,0.859375
fashion_mnist,ssb-v1,1.0,6,3,392,0.002777291985694319,514867200,0.8984375
fashion_mnist,ssb-v1,1.0,6,3,393,0.0028537499892991036,514867200,0.90625
fashion_mnist,ssb-v1,1.0,6,3,394,0.0028203330002725124,514867200,0.875
fashion_mnist,ssb-v1,1.0,6,3,395,0.0029151670169085264,514867200,0.8671875
fashion_mnist,ssb-v1,1.0,6,3,396,0.002839833003235981,514867200,0.8984375
fashion_mnist,ssb-v1,1.0,6,3,397,0.0028786670009139925,514867200,0.890625
fashion_mnist,ssb-v1,1.0,6,3,398,0.002780292008537799,514867200,0.84375
fashion_mnist,ssb-v1,1.0,6,3,399,0.002773375017568469,514883584,0.8671875
fashion_mnist,ssb-v1,1.0,6,3,400,0.0028306669846642762,514883584,0.84375
fashion_mnist,ssb-v1,1.0,6,3,401,0.0027108749782200903,514883584,0.8984375
fashion_mnist,ssb-v1,1.0,6,3,402,0.002907667018007487,514883584,0.9140625
fashion_mnist,ssb-v1,1.0,6,3,403,0.0028292500064708292,514883584,0.875
fashion_mnist,ssb-v1,1.0,6,3,404,0.0028436669963411987,514883584,0.890625
fashion_mnist,ssb-v1,1.0,6,3,405,0.002940541977295652,514883584,0.875
fashion_mnist,ssb-v1,1.0,6,3,406,0.0028160419897176325,514883584,0.8359375
fashion_mnist,ssb-v1,1.0,6,3,407,0.0029047919961158186,514883584,0.875
fashion_mnist,ssb-v1,1.0,6,3,408,0.0029458749922923744,514883584,0.890625
fashion_mnist,ssb-v1,1.0,6,3,409,0.00279145801323466,514883584,0.8984375
fashion_mnist,ssb-v1,1.0,6,3,410,0.0028258330130483955,514899968,0.9140625
fashion_mnist,ssb-v1,1.0,6,3,411,0.002743583987466991,514899968,0.890625
fashion_mnist,ssb-v1,1.0,6,3,412,0.0028404580079950392,514899968,0.8359375
fashion_mnist,ssb-v1,1.0,6,3,413,0.002767165977274999,514899968,0.8671875
fashion_mnist,ssb-v1,1.0,6,3,414,0.0029642079898621887,514916352,0.890625
fashion_mnist,ssb-v1,1.0,6,3,415,0.0029320830071810633,514916352,0.9140625
fashion_mnist,ssb-v1,1.0,6,3,416,0.0027977499994449317,514916352,0.890625
fashion_mnist,ssb-v1,1.0,6,3,417,0.002776625013211742,514916352,0.8671875
fashion_mnist,ssb-v1,1.0,6,3,418,0.0029420409991871566,514932736,0.8828125
fashion_mnist,ssb-v1,1.0,6,3,419,0.0029340829933062196,514932736,0.8828125
fashion_mnist,ssb-v1,1.0,6,3,420,0.002896124991821125,514932736,0.9140625
fashion_mnist,ssb-v1,1.0,6,3,421,0.002806750009767711,514932736,0.9296875
fashion_mnist,ssb-v1,1.0,6,3,422,0.002824665978550911,514932736,0.875
fashion_mnist,ssb-v1,1.0,6,3,423,0.0029092089971527457,514932736,0.875
fashion_mnist,ssb-v1,1.0,6,3,424,0.0029667920025531203,514932736,0.890625
fashion_mnist,ssb-v1,1.0,6,3,425,0.0028608750144485384,514932736,0.8671875
fashion_mnist,ssb-v1,1.0,6,3,426,0.0027811249892693013,514932736,0.859375
fashion_mnist,ssb-v1,1.0,6,3,427,0.002873333025490865,514932736,0.9140625
fashion_mnist,ssb-v1,1.0,6,3,428,0.0029320000030566007,514949120,0.921875
fashion_mnist,ssb-v1,1.0,6,3,429,0.002810584002872929,514949120,0.90625
fashion_mnist,ssb-v1,1.0,6,3,430,0.0029063340043649077,514949120,0.828125
fashion_mnist,ssb-v1,1.0,6,3,431,0.002881791995605454,514949120,0.875
fashion_mnist,ssb-v1,1.0,6,3,432,0.0028268329915590584,514949120,0.859375
fashion_mnist,ssb-v1,1.0,6,3,433,0.002708250016439706,514949120,0.875
fashion_mnist,ssb-v1,1.0,6,3,434,0.002920250000897795,514949120,0.890625
fashion_mnist,ssb-v1,1.0,6,3,435,0.0029527499864343554,514949120,0.921875
fashion_mnist,ssb-v1,1.0,6,3,436,0.0029005410033278167,514949120,0.84375
fashion_mnist,ssb-v1,1.0,6,3,437,0.0027709589921869338,514949120,0.8671875
fashion_mnist,ssb-v1,1.0,6,3,438,0.0028201660024933517,514949120,0.875
fashion_mnist,ssb-v1,1.0,6,3,439,0.0028009999950882047,514949120,0.875
fashion_mnist,ssb-v1,1.0,6,3,440,0.002843583992216736,514949120,0.9140625
fashion_mnist,ssb-v1,1.0,6,3,441,0.002943416009657085,514949120,0.875
fashion_mnist,ssb-v1,1.0,6,3,442,0.002762791991699487,514949120,0.8828125
fashion_mnist,ssb-v1,1.0,6,3,443,0.002820291992975399,514949120,0.8671875
fashion_mnist,ssb-v1,1.0,6,3,444,0.002826291980454698,514965504,0.875
fashion_mnist,ssb-v1,1.0,6,3,445,0.0028522499778773636,514965504,0.890625
fashion_mnist,ssb-v1,1.0,6,3,446,0.0029603749862872064,514965504,0.90625
fashion_mnist,ssb-v1,1.0,6,3,447,0.002763124997727573,514965504,0.8984375
fashion_mnist,ssb-v1,1.0,6,3,448,0.0028272079944144934,514965504,0.8203125
fashion_mnist,ssb-v1,1.0,6,3,449,0.0028996249893680215,514965504,0.8984375
fashion_mnist,ssb-v1,1.0,6,3,450,0.0027744580002035946,514965504,0.9375
fashion_mnist,ssb-v1,1.0,6,3,451,0.002840291999746114,514965504,0.8984375
fashion_mnist,ssb-v1,1.0,6,3,452,0.0027378750091884285,514981888,0.875
fashion_mnist,ssb-v1,1.0,6,3,453,0.0028569999849423766,514981888,0.8359375
fashion_mnist,ssb-v1,1.0,6,3,454,0.002835082996170968,514981888,0.890625
fashion_mnist,ssb-v1,1.0,6,3,455,0.00282695799251087,514981888,0.8125
fashion_mnist,ssb-v1,1.0,6,3,456,0.0028944170044269413,514981888,0.859375
fashion_mnist,ssb-v1,1.0,6,3,457,0.002769832994090393,514981888,0.84375
fashion_mnist,ssb-v1,1.0,6,3,458,0.0027982080064248294,514981888,0.921875
fashion_mnist,ssb-v1,1.0,6,3,459,0.002761999989161268,514981888,0.8671875
fashion_mnist,ssb-v1,1.0,6,3,460,0.0028874999843537807,514981888,0.875
fashion_mnist,ssb-v1,1.0,6,3,461,0.0028508749965112656,514981888,0.890625
fashion_mnist,ssb-v1,1.0,6,3,462,0.0029220829892437905,514981888,0.90625
fashion_mnist,ssb-v1,1.0,6,3,463,0.0028082090138923377,514981888,0.8515625
fashion_mnist,ssb-v1,1.0,6,3,464,0.00278716700267978,514981888,0.8671875
fashion_mnist,ssb-v1,1.0,6,3,465,0.0028734999941661954,514981888,0.8828125
fashion_mnist,ssb-v1,1.0,6,3,466,0.0028408330108504742,514981888,0.796875
fashion_mnist,ssb-v1,1.0,6,3,467,0.002941666985861957,514998272,0.8828125
fashion_mnist,ssb-v1,1.0,6,3,468,0.0028853330004494637,514998272,0.90625
