dataset,model,keep_ratio,seed,epoch,batch,backward_time_s,memory_bytes,batch_accuracy
fashion_mnist,ssb-v1,0.6,16,1,0,0.03835629200330004,478511104,0.078125
fashion_mnist,ssb-v1,0.6,16,1,1,0.023780457995599136,499023872,0.2890625
fashion_mnist,ssb-v1,0.6,16,1,2,0.02316141701885499,505937920,0.296875
fashion_mnist,ssb-v1,0.6,16,1,3,0.019024041015654802,511098880,0.3671875
fashion_mnist,ssb-v1,0.6,16,1,4,0.02147133299149573,517210112,0.3359375
fashion_mnist,ssb-v1,0.6,16,1,5,0.017477624991443008,521945088,0.4375
fashion_mnist,ssb-v1,0.6,16,1,6,0.016504958999576047,526680064,0.4140625
fashion_mnist,ssb-v1,0.6,16,1,7,0.017281208012718707,531644416,0.40625
fashion_mnist,ssb-v1,0.6,16,1,8,0.013089874992147088,534822912,0.4921875
fashion_mnist,ssb-v1,0.6,16,1,9,0.021633208001730964,541065216,0.4921875
fashion_mnist,ssb-v1,0.6,16,1,10,0.01272479200270027,544423936,0.5234375
fashion_mnist,ssb-v1,0.6,16,1,11,0.01763324998319149,549552128,0.453125
fashion_mnist,ssb-v1,0.6,16,1,12,0.01255800001672469,552714240,0.625
fashion_mnist,ssb-v1,0.6,16,1,13,0.01696279100724496,557170688,0.53125
fashion_mnist,ssb-v1,0.6,16,1,14,0.018034125008853152,562479104,0.515625
fashion_mnist,ssb-v1,0.6,16,1,15,0.003712125006131828,562855936,0.515625
fashion_mnist,ssb-v1,0.6,16,1,16,0.013570374983828515,565968896,0.4375
fashion_mnist,ssb-v1,0.6,16,1,17,0.01201220799703151,569049088,0.4609375
fashion_mnist,ssb-v1,0.6,16,1,18,0.012043124996125698,572506112,0.5
fashion_mnist,ssb-v1,0.6,16,1,19,0.0025174169859383255,572833792,0.5234375
fashion_mnist,ssb-v1,0.6,16,1,20,0.01276179199339822,575651840,0.4453125
fashion_mnist,ssb-v1,0.6,16,1,21,0.00788504199590534,577339392,0.5
fashion_mnist,ssb-v1,0.6,16,1,22,0.012599041016073897,580419584,0.515625
fashion_mnist,ssb-v1,0.6,16,1,23,0.01302062498871237,583352320,0.546875
fashion_mnist,ssb-v1,0.6,16,1,24,0.012700332998065278,586268672,0.5703125
fashion_mnist,ssb-v1,0.6,16,1,25,0.01820525000221096,590643200,0.5625
fashion_mnist,ssb-v1,0.6,16,1,26,0.013041916012298316,593903616,0.4609375
fashion_mnist,ssb-v1,0.6,16,1,27,0.008747792016947642,595755008,0.5078125
fashion_mnist,ssb-v1,0.6,16,1,28,0.007646041980478913,597426176,0.375
fashion_mnist,ssb-v1,0.6,16,1,29,0.012183999991975725,600571904,0.6171875
fashion_mnist,ssb-v1,0.6,16,1,30,0.012076457991497591,603734016,0.6171875
fashion_mnist,ssb-v1,0.6,16,1,31,0.0135074169957079,606846976,0.5703125
fashion_mnist,ssb-v1,0.6,16,1,32,0.008133374998578802,608665600,0.4765625
fashion_mnist,ssb-v1,0.6,16,1,33,0.012294416985241696,611254272,0.5
fashion_mnist,ssb-v1,0.6,16,1,34,0.012619957997230813,614465536,0.546875
fashion_mnist,ssb-v1,0.6,16,1,35,0.007717041997238994,615956480,0.5546875
fashion_mnist,ssb-v1,0.6,16,1,36,0.008560792019125074,617578496,0.546875
fashion_mnist,ssb-v1,0.6,16,1,37,0.002891250012908131,617922560,0.515625
fashion_mnist,ssb-v1,0.6,16,1,38,0.01730637499713339,622313472,0.609375
fashion_mnist,ssb-v1,0.6,16,1,39,0.007388333004200831,623771648,0.7109375
fashion_mnist,ssb-v1,0.6,16,1,40,0.002550042001530528,624115712,0.5546875
fashion_mnist,ssb-v1,0.6,16,1,41,0.0075895420159213245,626065408,0.5625
fashion_mnist,ssb-v1,0.6,16,1,42,0.0025306669995188713,626442240,0.578125
fashion_mnist,ssb-v1,0.6,16,1,43,0.018425499991280958,630013952,0.5859375
fashion_mnist,ssb-v1,0.6,16,1,44,0.007647624996025115,631603200,0.6015625
fashion_mnist,ssb-v1,0.6,16,1,45,0.0076217500027269125,633389056,0.65625
fashion_mnist,ssb-v1,0.6,16,1,46,0.007448332995409146,635174912,0.6328125
fashion_mnist,ssb-v1,0.6,16,1,47,0.007583750004414469,636583936,0.5390625
fashion_mnist,ssb-v1,0.6,16,1,48,0.002491833991371095,636928000,0.4140625
fashion_mnist,ssb-v1,0.6,16,1,49,0.012288750003790483,639516672,0.4609375
fashion_mnist,ssb-v1,0.6,16,1,50,0.012489125016145408,642400256,0.6015625
fashion_mnist,ssb-v1,0.6,16,1,51,0.0024554170086048543,642678784,0.6875
fashion_mnist,ssb-v1,0.6,16,1,52,0.007362791977357119,644612096,0.5390625
fashion_mnist,ssb-v1,0.6,16,1,53,0.007408250006847084,645906432,0.484375
fashion_mnist,ssb-v1,0.6,16,1,54,0.007433749997289851,647462912,0.5546875
fashion_mnist,ssb-v1,0.6,16,1,55,0.0025104999949689955,647938048,0.5703125
fashion_mnist,ssb-v1,0.6,16,1,56,0.012641500012250617,650739712,0.5
fashion_mnist,ssb-v1,0.6,16,1,57,0.007172790996264666,652918784,0.40625
fashion_mnist,ssb-v1,0.6,16,1,58,0.008007124997675419,653967360,0.484375
fashion_mnist,ssb-v1,0.6,16,1,59,0.007118290988728404,656080896,0.6015625
fashion_mnist,ssb-v1,0.6,16,1,60,0.019805624993750826,657293312,0.640625
fashion_mnist,ssb-v1,0.6,16,1,61,0.007802250009262934,658866176,0.7109375
fashion_mnist,ssb-v1,0.6,16,1,62,0.008799708011792973,660324352,0.6328125
fashion_mnist,ssb-v1,0.6,16,1,63,0.018126250011846423,664698880,0.5859375
fashion_mnist,ssb-v1,0.6,16,1,64,0.007870583009207621,666451968,0.53125
fashion_mnist,ssb-v1,0.6,16,1,65,0.008293624996440485,667893760,0.5625
fashion_mnist,ssb-v1,0.6,16,1,66,0.0027450830093584955,668254208,0.6171875
fashion_mnist,ssb-v1,0.6,16,1,67,0.003300042008049786,668254208,0.546875
fashion_mnist,ssb-v1,0.6,16,1,68,0.0026295409770682454,668614656,0.5859375
fashion_mnist,ssb-v1,0.6,16,1,69,0.007697041000938043,669827072,0.640625
fashion_mnist,ssb-v1,0.6,16,1,70,0.0023487920116167516,669827072,0.59375
fashion_mnist,ssb-v1,0.6,16,1,71,0.0129595419857651,672563200,0.6953125
fashion_mnist,ssb-v1,0.6,16,1,72,0.007301957986783236,674480128,0.5625
fashion_mnist,ssb-v1,0.6,16,1,73,0.0025078339967876673,674545664,0.6171875
fashion_mnist,ssb-v1,0.6,16,1,74,0.002552166988607496,674889728,0.578125
fashion_mnist,ssb-v1,0.6,16,1,75,0.002542000001994893,674955264,0.625
fashion_mnist,ssb-v1,0.6,16,1,76,0.00789400000940077,675971072,0.6328125
fashion_mnist,ssb-v1,0.6,16,1,77,0.00766020902665332,677396480,0.609375
fashion_mnist,ssb-v1,0.6,16,1,78,0.002489290985977277,678035456,0.6171875
fashion_mnist,ssb-v1,0.6,16,1,79,0.007383500022115186,678952960,0.5625
fashion_mnist,ssb-v1,0.6,16,1,80,0.012466541025787592,682295296,0.5625
fashion_mnist,ssb-v1,0.6,16,1,81,0.0023477919748984277,682655744,0.6015625
fashion_mnist,ssb-v1,0.6,16,1,82,0.0024865830200724304,682655744,0.734375
fashion_mnist,ssb-v1,0.6,16,1,83,0.002524416020605713,683032576,0.75
fashion_mnist,ssb-v1,0.6,16,1,84,0.007460041990270838,684081152,0.7109375
fashion_mnist,ssb-v1,0.6,16,1,85,0.0025727909815032035,684425216,0.71875
fashion_mnist,ssb-v1,0.6,16,1,86,0.0025315830134786665,684425216,0.703125
fashion_mnist,ssb-v1,0.6,16,1,87,0.0026215839898213744,684638208,0.59375
fashion_mnist,ssb-v1,0.6,16,1,88,0.007711291022133082,685768704,0.71875
fashion_mnist,ssb-v1,0.6,16,1,89,0.007676290988456458,686931968,0.6953125
fashion_mnist,ssb-v1,0.6,16,1,90,0.0024053749802988023,687308800,0.7109375
fashion_mnist,ssb-v1,0.6,16,1,91,0.002534375002142042,687325184,0.6484375
fashion_mnist,ssb-v1,0.6,16,1,92,0.01243558301939629,689963008,0.65625
fashion_mnist,ssb-v1,0.6,16,1,93,0.002523000002838671,690339840,0.7421875
fashion_mnist,ssb-v1,0.6,16,1,94,0.009436916996492073,692469760,0.6328125
fashion_mnist,ssb-v1,0.6,16,1,95,0.002486333018168807,692813824,0.75
fashion_mnist,ssb-v1,0.6,16,1,96,0.0025327919865958393,693092352,0.640625
fashion_mnist,ssb-v1,0.6,16,1,97,0.004596708022290841,694419456,0.734375
fashion_mnist,ssb-v1,0.6,16,1,98,0.011179167020600289,695910400,0.6953125
fashion_mnist,ssb-v1,0.6,16,1,99,0.008581041998695582,697581568,0.734375
fashion_mnist,ssb-v1,0.6,16,1,100,0.003702832997078076,697925632,0.71875
fashion_mnist,ssb-v1,0.6,16,1,101,0.003549458982888609,697925632,0.765625
fashion_mnist,ssb-v1,0.6,16,1,102,0.002460541989421472,697942016,0.796875
fashion_mnist,ssb-v1,0.6,16,1,103,0.008257084002252668,699187200,0.796875
fashion_mnist,ssb-v1,0.6,16,1,104,0.007794540986651555,700317696,0.734375
fashion_mnist,ssb-v1,0.6,16,1,105,0.002474000008078292,700661760,0.7890625
fashion_mnist,ssb-v1,0.6,16,1,106,0.002479083981597796,700923904,0.6953125
fashion_mnist,ssb-v1,0.6,16,1,107,0.0026129999896511436,700923904,0.7578125
fashion_mnist,ssb-v1,0.6,16,1,108,0.007685290998779237,701988864,0.703125
fashion_mnist,ssb-v1,0.6,16,1,109,0.00251483399188146,702185472,0.7421875
fashion_mnist,ssb-v1,0.6,16,1,110,0.0024257919867523015,702414848,0.7265625
fashion_mnist,ssb-v1,0.6,16,1,111,0.0025056249869521707,702808064,0.734375
fashion_mnist,ssb-v1,0.6,16,1,112,0.007938333990750834,703889408,0.75
fashion_mnist,ssb-v1,0.6,16,1,113,0.0023255420092027634,703889408,0.734375
fashion_mnist,ssb-v1,0.6,16,1,114,0.002505874988855794,703889408,0.7265625
fashion_mnist,ssb-v1,0.6,16,1,115,0.007562667015008628,705085440,0.75
fashion_mnist,ssb-v1,0.6,16,1,116,0.002423792000627145,705232896,0.8125
fashion_mnist,ssb-v1,0.6,16,1,117,0.007677083020098507,706347008,0.71875
fashion_mnist,ssb-v1,0.6,16,1,118,0.002350791997741908,706723840,0.8359375
fashion_mnist,ssb-v1,0.6,16,1,119,0.0025205420097336173,706723840,0.84375
fashion_mnist,ssb-v1,0.6,16,1,120,0.002542666014051065,707067904,0.7109375
fashion_mnist,ssb-v1,0.6,16,1,121,0.0074863749905489385,708231168,0.6796875
fashion_mnist,ssb-v1,0.6,16,1,122,0.007696708984440193,709885952,0.796875
fashion_mnist,ssb-v1,0.6,16,1,123,0.0024659999762661755,710230016,0.8046875
fashion_mnist,ssb-v1,0.6,16,1,124,0.004480042000068352,710246400,0.8125
fashion_mnist,ssb-v1,0.6,16,1,125,0.002400500001385808,710262784,0.765625
fashion_mnist,ssb-v1,0.6,16,1,126,0.002603166998596862,710492160,0.734375
fashion_mnist,ssb-v1,0.6,16,1,127,0.0024870420165825635,710492160,0.765625
fashion_mnist,ssb-v1,0.6,16,1,128,0.0024722499947529286,710492160,0.7890625
fashion_mnist,ssb-v1,0.6,16,1,129,0.007864707993576303,711376896,0.8046875
fashion_mnist,ssb-v1,0.6,16,1,130,0.0024441249843221158,711753728,0.796875
fashion_mnist,ssb-v1,0.6,16,1,131,0.0076778750226367265,712769536,0.65625
fashion_mnist,ssb-v1,0.6,16,1,132,0.002275500010000542,713015296,0.7421875
fashion_mnist,ssb-v1,0.6,16,1,133,0.002477707981597632,713375744,0.75
fashion_mnist,ssb-v1,0.6,16,1,134,0.002608124981634319,713375744,0.7109375
fashion_mnist,ssb-v1,0.6,16,1,135,0.002493750012945384,713375744,0.703125
fashion_mnist,ssb-v1,0.6,16,1,136,0.0026133340143132955,713375744,0.7734375
fashion_mnist,ssb-v1,0.6,16,1,137,0.0024639160255901515,713392128,0.7109375
fashion_mnist,ssb-v1,0.6,16,1,138,0.008930457988753915,714489856,0.7421875
fashion_mnist,ssb-v1,0.6,16,1,139,0.00764799999888055,715554816,0.7578125
fashion_mnist,ssb-v1,0.6,16,1,140,0.0073796250217128545,717357056,0.78125
fashion_mnist,ssb-v1,0.6,16,1,141,0.002401334000751376,717635584,0.671875
fashion_mnist,ssb-v1,0.6,16,1,142,0.002299374988069758,717635584,0.7421875
fashion_mnist,ssb-v1,0.6,16,1,143,0.0024160419998224825,717864960,0.671875
fashion_mnist,ssb-v1,0.6,16,1,144,0.002501792012481019,717914112,0.765625
fashion_mnist,ssb-v1,0.6,16,1,145,0.007904291996965185,719208448,0.7734375
fashion_mnist,ssb-v1,0.6,16,1,146,0.0024082500021904707,719831040,0.8203125
fashion_mnist,ssb-v1,0.6,16,1,147,0.007693000021390617,721059840,0.6875
fashion_mnist,ssb-v1,0.6,16,1,148,0.007455334009137005,722403328,0.78125
fashion_mnist,ssb-v1,0.6,16,1,149,0.007841707993065938,723533824,0.71875
fashion_mnist,ssb-v1,0.6,16,1,150,0.007443749986123294,725204992,0.7890625
fashion_mnist,ssb-v1,0.6,16,1,151,0.007283459010068327,726597632,0.78125
fashion_mnist,ssb-v1,0.6,16,1,152,0.002445834019454196,726941696,0.75
fashion_mnist,ssb-v1,0.6,16,1,153,0.0023704580089543015,726941696,0.7109375
fashion_mnist,ssb-v1,0.6,16,1,154,0.0024919580027926713,727285760,0.8359375
fashion_mnist,ssb-v1,0.6,16,1,155,0.0025842080067377537,727629824,0.78125
fashion_mnist,ssb-v1,0.6,16,1,156,0.002654957992490381,727990272,0.7421875
fashion_mnist,ssb-v1,0.6,16,1,157,0.0025236250075977296,728006656,0.734375
fashion_mnist,ssb-v1,0.6,16,1,158,0.002510458987671882,728023040,0.703125
fashion_mnist,ssb-v1,0.6,16,1,159,0.008714541996596381,729038848,0.734375
fashion_mnist,ssb-v1,0.6,16,1,160,0.002527167001971975,729399296,0.71875
fashion_mnist,ssb-v1,0.6,16,1,161,0.007845666026696563,730300416,0.7265625
fashion_mnist,ssb-v1,0.6,16,1,162,0.002398000011453405,730775552,0.7578125
fashion_mnist,ssb-v1,0.6,16,1,163,0.007897375005995855,731873280,0.71875
fashion_mnist,ssb-v1,0.6,16,1,164,0.002468958991812542,732217344,0.75
fashion_mnist,ssb-v1,0.6,16,1,165,0.0024790829920675606,732233728,0.8046875
fashion_mnist,ssb-v1,0.6,16,1,166,0.002503040974261239,732594176,0.765625
fashion_mnist,ssb-v1,0.6,16,1,167,0.002613457996631041,732594176,0.71875
fashion_mnist,ssb-v1,0.6,16,1,168,0.0024689999991096556,732594176,0.8203125
fashion_mnist,ssb-v1,0.6,16,1,169,0.002500167000107467,732610560,0.7890625
fashion_mnist,ssb-v1,0.6,16,1,170,0.0024962500028777868,732610560,0.78125
fashion_mnist,ssb-v1,0.6,16,1,171,0.0025436670111957937,732610560,0.7578125
fashion_mnist,ssb-v1,0.6,16,1,172,0.002434832975268364,732626944,0.796875
fashion_mnist,ssb-v1,0.6,16,1,173,0.0022547919943463057,732626944,0.7421875
fashion_mnist,ssb-v1,0.6,16,1,174,0.008859749999828637,733413376,0.7421875
fashion_mnist,ssb-v1,0.6,16,1,175,0.0025570830039214343,733773824,0.7109375
fashion_mnist,ssb-v1,0.6,16,1,176,0.002324583998415619,733773824,0.7421875
fashion_mnist,ssb-v1,0.6,16,1,177,0.012658749998081475,736329728,0.71875
fashion_mnist,ssb-v1,0.6,16,1,178,0.002577082981588319,736673792,0.6484375
fashion_mnist,ssb-v1,0.6,16,1,179,0.0023968750028871,737017856,0.65625
fashion_mnist,ssb-v1,0.6,16,1,180,0.0024568339867983013,737083392,0.6875
fashion_mnist,ssb-v1,0.6,16,1,181,0.002421040990157053,737083392,0.7109375
fashion_mnist,ssb-v1,0.6,16,1,182,0.0024247080145869404,737083392,0.7734375
fashion_mnist,ssb-v1,0.6,16,1,183,0.007859000004827976,738263040,0.78125
fashion_mnist,ssb-v1,0.6,16,1,184,0.002465958008542657,738639872,0.7421875
fashion_mnist,ssb-v1,0.6,16,1,185,0.0025162910169456154,738639872,0.734375
fashion_mnist,ssb-v1,0.6,16,1,186,0.002391167014138773,738983936,0.7421875
fashion_mnist,ssb-v1,0.6,16,1,187,0.0023631669755559415,738983936,0.65625
fashion_mnist,ssb-v1,0.6,16,1,188,0.002526374999433756,738983936,0.765625
fashion_mnist,ssb-v1,0.6,16,1,189,0.0025032919947989285,739000320,0.7109375
fashion_mnist,ssb-v1,0.6,16,1,190,0.0025026670191437006,739000320,0.734375
fashion_mnist,ssb-v1,0.6,16,1,191,0.002415916998870671,739000320,0.6953125
fashion_mnist,ssb-v1,0.6,16,1,192,0.0024987079959828407,739000320,0.7890625
fashion_mnist,ssb-v1,0.6,16,1,193,0.002387791988439858,739000320,0.7109375
fashion_mnist,ssb-v1,0.6,16,1,194,0.002569208008935675,739000320,0.796875
fashion_mnist,ssb-v1,0.6,16,1,195,0.002659667021362111,739000320,0.7421875
fashion_mnist,ssb-v1,0.6,16,1,196,0.0024893750087358057,739000320,0.703125
fashion_mnist,ssb-v1,0.6,16,1,197,0.0024981249880511314,739000320,0.71875
fashion_mnist,ssb-v1,0.6,16,1,198,0.002487250021658838,739000320,0.7265625
fashion_mnist,ssb-v1,0.6,16,1,199,0.0025197920040227473,739000320,0.6484375
fashion_mnist,ssb-v1,0.6,16,1,200,0.009032583009684458,739983360,0.78125
fashion_mnist,ssb-v1,0.6,16,1,201,0.0023577919928357005,740229120,0.703125
fashion_mnist,ssb-v1,0.6,16,1,202,0.0024907499901019037,740229120,0.7265625
fashion_mnist,ssb-v1,0.6,16,1,203,0.0024620410113129765,740589568,0.6875
fashion_mnist,ssb-v1,0.6,16,1,204,0.0024285420076921582,740589568,0.65625
fashion_mnist,ssb-v1,0.6,16,1,205,0.0025815420085564256,740589568,0.703125
fashion_mnist,ssb-v1,0.6,16,1,206,0.008217833004891872,741507072,0.75
fashion_mnist,ssb-v1,0.6,16,1,207,0.002914416982093826,741752832,0.7734375
fashion_mnist,ssb-v1,0.6,16,1,208,0.002442083990899846,741752832,0.7421875
fashion_mnist,ssb-v1,0.6,16,1,209,0.008234082983108237,742981632,0.7734375
fashion_mnist,ssb-v1,0.6,16,1,210,0.007020374992862344,744177664,0.71875
fashion_mnist,ssb-v1,0.6,16,1,211,0.002270625001983717,744521728,0.7734375
fashion_mnist,ssb-v1,0.6,16,1,212,0.007983958028489724,745734144,0.71875
fashion_mnist,ssb-v1,0.6,16,1,213,0.0025557089829817414,746078208,0.765625
fashion_mnist,ssb-v1,0.6,16,1,214,0.0024489999923389405,746307584,0.78125
fashion_mnist,ssb-v1,0.6,16,1,215,0.0025163330137729645,746307584,0.7265625
fashion_mnist,ssb-v1,0.6,16,1,216,0.002405208011623472,746323968,0.7734375
fashion_mnist,ssb-v1,0.6,16,1,217,0.002552625024691224,746323968,0.7578125
fashion_mnist,ssb-v1,0.6,16,1,218,0.0028091669955756515,746340352,0.65625
fashion_mnist,ssb-v1,0.6,16,1,219,0.002451582986395806,746684416,0.6875
fashion_mnist,ssb-v1,0.6,16,1,220,0.002504667005268857,746684416,0.703125
fashion_mnist,ssb-v1,0.6,16,1,221,0.002452665998134762,746700800,0.7421875
fashion_mnist,ssb-v1,0.6,16,1,222,0.0024028750194702297,746700800,0.7734375
fashion_mnist,ssb-v1,0.6,16,1,223,0.00237199998809956,746700800,0.7578125
fashion_mnist,ssb-v1,0.6,16,1,224,0.0026100830000359565,746700800,0.7578125
fashion_mnist,ssb-v1,0.6,16,1,225,0.002500542002962902,746700800,0.765625
fashion_mnist,ssb-v1,0.6,16,1,226,0.0024554590054322034,746799104,0.8515625
fashion_mnist,ssb-v1,0.6,16,1,227,0.0024573749979026616,746799104,0.8046875
fashion_mnist,ssb-v1,0.6,16,1,228,0.002435957983834669,746799104,0.7265625
fashion_mnist,ssb-v1,0.6,16,1,229,0.0027798340015579015,746799104,0.703125
fashion_mnist,ssb-v1,0.6,16,1,230,0.0023156669922173023,746799104,0.7421875
fashion_mnist,ssb-v1,0.6,16,1,231,0.0023766669910401106,746799104,0.7578125
fashion_mnist,ssb-v1,0.6,16,1,232,0.002324041008250788,746799104,0.765625
fashion_mnist,ssb-v1,0.6,16,1,233,0.002523542003473267,746799104,0.7890625
fashion_mnist,ssb-v1,0.6,16,1,234,0.0024241660139523447,746799104,0.7421875
fashion_mnist,ssb-v1,0.6,16,1,235,0.0025078329781536013,746799104,0.8046875
fashion_mnist,ssb-v1,0.6,16,1,236,0.0025490419939160347,746799104,0.8203125
fashion_mnist,ssb-v1,0.6,16,1,237,0.002389333996688947,746799104,0.828125
fashion_mnist,ssb-v1,0.6,16,1,238,0.0029776250012218952,746799104,0.78125
fashion_mnist,ssb-v1,0.6,16,1,239,0.0024345829733647406,746799104,0.7578125
fashion_mnist,ssb-v1,0.6,16,1,240,0.0030073749949224293,746799104,0.859375
fashion_mnist,ssb-v1,0.6,16,1,241,0.0023740830074530095,746799104,0.828125
fashion_mnist,ssb-v1,0.6,16,1,242,0.002366708009503782,746799104,0.7578125
fashion_mnist,ssb-v1,0.6,16,1,243,0.002457208000123501,746799104,0.8125
fashion_mnist,ssb-v1,0.6,16,1,244,0.002361291990382597,746799104,0.7734375
fashion_mnist,ssb-v1,0.6,16,1,245,0.009133749990724027,747667456,0.8203125
fashion_mnist,ssb-v1,0.6,16,1,246,0.002378832985414192,747913216,0.71875
fashion_mnist,ssb-v1,0.6,16,1,247,0.002459041977999732,747913216,0.828125
fashion_mnist,ssb-v1,0.6,16,1,248,0.0027105000044684857,748158976,0.8046875
fashion_mnist,ssb-v1,0.6,16,1,249,0.0022416669817175716,748453888,0.78125
fashion_mnist,ssb-v1,0.6,16,1,250,0.002203165990067646,748453888,0.71875
fashion_mnist,ssb-v1,0.6,16,1,251,0.0023499999952036887,748453888,0.7265625
fashion_mnist,ssb-v1,0.6,16,1,252,0.0023139590048231184,748453888,0.78125
fashion_mnist,ssb-v1,0.6,16,1,253,0.002214333013398573,748453888,0.7578125
fashion_mnist,ssb-v1,0.6,16,1,254,0.0023268329969141632,748453888,0.765625
fashion_mnist,ssb-v1,0.6,16,1,255,0.002406624989816919,748453888,0.7734375
fashion_mnist,ssb-v1,0.6,16,1,256,0.0024904999881982803,748453888,0.7890625
fashion_mnist,ssb-v1,0.6,16,1,257,0.008549833000870422,749273088,0.765625
fashion_mnist,ssb-v1,0.6,16,1,258,0.0025132090086117387,749518848,0.765625
fashion_mnist,ssb-v1,0.6,16,1,259,0.0023615829995833337,749748224,0.7421875
fashion_mnist,ssb-v1,0.6,16,1,260,0.0025654580094851553,749748224,0.78125
fashion_mnist,ssb-v1,0.6,16,1,261,0.007742332993075252,750927872,0.7890625
fashion_mnist,ssb-v1,0.6,16,1,262,0.002561625005910173,751190016,0.8046875
fashion_mnist,ssb-v1,0.6,16,1,263,0.002498125017154962,751206400,0.8125
fashion_mnist,ssb-v1,0.6,16,1,264,0.0025339169951621443,751206400,0.7890625
fashion_mnist,ssb-v1,0.6,16,1,265,0.008106082997983322,752304128,0.8203125
fashion_mnist,ssb-v1,0.6,16,1,266,0.0023689579975325614,752664576,0.8203125
fashion_mnist,ssb-v1,0.6,16,1,267,0.002431999979307875,753025024,0.8671875
fashion_mnist,ssb-v1,0.6,16,1,268,0.002416292001726106,753025024,0.7578125
fashion_mnist,ssb-v1,0.6,16,1,269,0.002469583007041365,753025024,0.8203125
fashion_mnist,ssb-v1,0.6,16,1,270,0.0024494169920217246,753041408,0.8046875
fashion_mnist,ssb-v1,0.6,16,1,271,0.007814457989297807,753975296,0.765625
fashion_mnist,ssb-v1,0.6,16,1,272,0.0024617500021122396,754352128,0.796875
fashion_mnist,ssb-v1,0.6,16,1,273,0.002488583995727822,754597888,0.7734375
fashion_mnist,ssb-v1,0.6,16,1,274,0.0024849580076988786,754597888,0.8125
fashion_mnist,ssb-v1,0.6,16,1,275,0.002490165992639959,754597888,0.8125
fashion_mnist,ssb-v1,0.6,16,1,276,0.0024519580183550715,754597888,0.828125
fashion_mnist,ssb-v1,0.6,16,1,277,0.009671334002632648,755515392,0.7578125
fashion_mnist,ssb-v1,0.6,16,1,278,0.0026105419965460896,755515392,0.765625
fashion_mnist,ssb-v1,0.6,16,1,279,0.0026435829931870103,755515392,0.8203125
fashion_mnist,ssb-v1,0.6,16,1,280,0.0024630000116303563,755859456,0.78125
fashion_mnist,ssb-v1,0.6,16,1,281,0.0025200420059263706,756203520,0.859375
fashion_mnist,ssb-v1,0.6,16,1,282,0.002493250009138137,756203520,0.828125
fashion_mnist,ssb-v1,0.6,16,1,283,0.002482165989931673,756203520,0.828125
fashion_mnist,ssb-v1,0.6,16,1,284,0.002467582991812378,756203520,0.75
fashion_mnist,ssb-v1,0.6,16,1,285,0.002510249993065372,756203520,0.703125
fashion_mnist,ssb-v1,0.6,16,1,286,0.009312291978858411,757121024,0.765625
fashion_mnist,ssb-v1,0.6,16,1,287,0.002682249993085861,757366784,0.78125
fashion_mnist,ssb-v1,0.6,16,1,288,0.007422583003062755,758693888,0.75
fashion_mnist,ssb-v1,0.6,16,1,289,0.0023927500005811453,759037952,0.7421875
fashion_mnist,ssb-v1,0.6,16,1,290,0.002510666992748156,759037952,0.8515625
fashion_mnist,ssb-v1,0.6,16,1,291,0.0023977500095497817,759037952,0.78125
fashion_mnist,ssb-v1,0.6,16,1,292,0.0022785000037401915,759037952,0.7734375
fashion_mnist,ssb-v1,0.6,16,1,293,0.0024025419843383133,759037952,0.8125
fashion_mnist,ssb-v1,0.6,16,1,294,0.0022084999945946038,759382016,0.7578125
fashion_mnist,ssb-v1,0.6,16,1,295,0.002372124989051372,759382016,0.796875
fashion_mnist,ssb-v1,0.6,16,1,296,0.0023779170005582273,759382016,0.875
fashion_mnist,ssb-v1,0.6,16,1,297,0.0025150419969577342,759382016,0.7734375
fashion_mnist,ssb-v1,0.6,16,1,298,0.002440332988044247,759382016,0.8828125
fashion_mnist,ssb-v1,0.6,16,1,299,0.002461916010361165,759382016,0.8203125
fashion_mnist,ssb-v1,0.6,16,1,300,0.0030128330108709633,759382016,0.8125
fashion_mnist,ssb-v1,0.6,16,1,301,0.0035130839969497174,759382016,0.828125
fashion_mnist,ssb-v1,0.6,16,1,302,0.0029997500241734087,759398400,0.734375
fashion_mnist,ssb-v1,0.6,16,1,303,0.0031636249914299697,759398400,0.7890625
fashion_mnist,ssb-v1,0.6,16,1,304,0.0036050420021638274,759398400,0.8515625
fashion_mnist,ssb-v1,0.6,16,1,305,0.0036684170190710574,759398400,0.8203125
fashion_mnist,ssb-v1,0.6,16,1,306,0.0036208340025041252,759398400,0.78125
fashion_mnist,ssb-v1,0.6,16,1,307,0.0037105000228621066,759398400,0.7578125
fashion_mnist,ssb-v1,0.6,16,1,308,0.0033458329853601754,759398400,0.71875
fashion_mnist,ssb-v1,0.6,16,1,309,0.0031620409863535315,759414784,0.75
fashion_mnist,ssb-v1,0.6,16,1,310,0.003185000008670613,759431168,0.7578125
fashion_mnist,ssb-v1,0.6,16,1,311,0.010151833004783839,760332288,0.7890625
fashion_mnist,ssb-v1,0.6,16,1,312,0.013635333016281947,762740736,0.765625
fashion_mnist,ssb-v1,0.6,16,1,313,0.002419041993562132,763232256,0.703125
fashion_mnist,ssb-v1,0.6,16,1,314,0.0024767499999143183,763576320,0.765625
fashion_mnist,ssb-v1,0.6,16,1,315,0.002501084003597498,763936768,0.7734375
fashion_mnist,ssb-v1,0.6,16,1,316,0.0024912499939091504,763936768,0.7734375
fashion_mnist,ssb-v1,0.6,16,1,317,0.002502957999240607,763936768,0.796875
fashion_mnist,ssb-v1,0.6,16,1,318,0.002512916980776936,763936768,0.765625
fashion_mnist,ssb-v1,0.6,16,1,319,0.002640082995640114,763953152,0.828125
fashion_mnist,ssb-v1,0.6,16,1,320,0.002538916014600545,763953152,0.7734375
fashion_mnist,ssb-v1,0.6,16,1,321,0.002437999995891005,763969536,0.765625
fashion_mnist,ssb-v1,0.6,16,1,322,0.0025316670071333647,763969536,0.7890625
fashion_mnist,ssb-v1,0.6,16,1,323,0.0026425000105518848,763969536,0.796875
fashion_mnist,ssb-v1,0.6,16,1,324,0.002497792011126876,763969536,0.7265625
fashion_mnist,ssb-v1,0.6,16,1,325,0.014927500014891848,766132224,0.78125
fashion_mnist,ssb-v1,0.6,16,1,326,0.0025217499933205545,766476288,0.8125
fashion_mnist,ssb-v1,0.6,16,1,327,0.0023822090006433427,766476288,0.7578125
fashion_mnist,ssb-v1,0.6,16,1,328,0.002528916986193508,766492672,0.8203125
fashion_mnist,ssb-v1,0.6,16,1,329,0.0024131670070346445,766492672,0.8046875
fashion_mnist,ssb-v1,0.6,16,1,330,0.00255762500455603,766492672,0.734375
fashion_mnist,ssb-v1,0.6,16,1,331,0.0024024999875109643,766853120,0.703125
fashion_mnist,ssb-v1,0.6,16,1,332,0.002500917005818337,766853120,0.7109375
fashion_mnist,ssb-v1,0.6,16,1,333,0.008404958003666252,768131072,0.734375
fashion_mnist,ssb-v1,0.6,16,1,334,0.0024386669974774122,768131072,0.71875
fashion_mnist,ssb-v1,0.6,16,1,335,0.002491374994860962,768131072,0.7109375
fashion_mnist,ssb-v1,0.6,16,1,336,0.0025393750111106783,768507904,0.7578125
fashion_mnist,ssb-v1,0.6,16,1,337,0.002480041002854705,768770048,0.8046875
fashion_mnist,ssb-v1,0.6,16,1,338,0.0024410419864580035,768770048,0.7421875
fashion_mnist,ssb-v1,0.6,16,1,339,0.0025124159874394536,768770048,0.7734375
fashion_mnist,ssb-v1,0.6,16,1,340,0.0024772910110186785,768770048,0.7578125
fashion_mnist,ssb-v1,0.6,16,1,341,0.002576791011961177,768770048,0.71875
fashion_mnist,ssb-v1,0.6,16,1,342,0.002445499994792044,768770048,0.828125
fashion_mnist,ssb-v1,0.6,16,1,343,0.002514541003620252,768770048,0.7890625
fashion_mnist,ssb-v1,0.6,16,1,344,0.0024565000203438103,768770048,0.8125
fashion_mnist,ssb-v1,0.6,16,1,345,0.002523959003156051,768770048,0.7890625
fashion_mnist,ssb-v1,0.6,16,1,346,0.0024012910143937916,768770048,0.8203125
fashion_mnist,ssb-v1,0.6,16,1,347,0.0025205420097336173,768770048,0.71875
fashion_mnist,ssb-v1,0.6,16,1,348,0.002351208997424692,768786432,0.7578125
fashion_mnist,ssb-v1,0.6,16,1,349,0.0025260410038754344,768786432,0.7890625
fashion_mnist,ssb-v1,0.6,16,1,350,0.002408583997748792,768786432,0.765625
fashion_mnist,ssb-v1,0.6,16,1,351,0.002577042003395036,768786432,0.796875
fashion_mnist,ssb-v1,0.6,16,1,352,0.0025053749850485474,768786432,0.8203125
fashion_mnist,ssb-v1,0.6,16,1,353,0.002617416001157835,768786432,0.8203125
fashion_mnist,ssb-v1,0.6,16,1,354,0.002474209002684802,768786432,0.796875
fashion_mnist,ssb-v1,0.6,16,1,355,0.009012624999741092,769622016,0.8359375
fashion_mnist,ssb-v1,0.6,16,1,356,0.0024571660032961518,769622016,0.8515625
fashion_mnist,ssb-v1,0.6,16,1,357,0.0025205420097336173,769622016,0.8671875
fashion_mnist,ssb-v1,0.6,16,1,358,0.0024984579940792173,769851392,0.8203125
fashion_mnist,ssb-v1,0.6,16,1,359,0.002517082990380004,769867776,0.8203125
fashion_mnist,ssb-v1,0.6,16,1,360,0.002471332991262898,769884160,0.796875
fashion_mnist,ssb-v1,0.6,16,1,361,0.0025523749936837703,769884160,0.8125
fashion_mnist,ssb-v1,0.6,16,1,362,0.0023958749952726066,769884160,0.8203125
fashion_mnist,ssb-v1,0.6,16,1,363,0.0025047909875866026,770113536,0.8203125
fashion_mnist,ssb-v1,0.6,16,1,364,0.008800333016552031,771227648,0.8046875
fashion_mnist,ssb-v1,0.6,16,1,365,0.007247291010571644,772472832,0.7890625
fashion_mnist,ssb-v1,0.6,16,1,366,0.0024377079971600324,772685824,0.859375
fashion_mnist,ssb-v1,0.6,16,1,367,0.002422624995233491,772685824,0.7734375
fashion_mnist,ssb-v1,0.6,16,1,368,0.002456166985211894,772915200,0.765625
fashion_mnist,ssb-v1,0.6,16,1,369,0.002417084004264325,773177344,0.796875
fashion_mnist,ssb-v1,0.6,16,1,370,0.002469791012117639,773537792,0.7890625
fashion_mnist,ssb-v1,0.6,16,1,371,0.007704792020376772,774668288,0.734375
fashion_mnist,ssb-v1,0.6,16,1,372,0.0025656249781604856,774717440,0.8203125
fashion_mnist,ssb-v1,0.6,16,1,373,0.00248583298525773,774717440,0.765625
fashion_mnist,ssb-v1,0.6,16,1,374,0.002466792007908225,774717440,0.7890625
fashion_mnist,ssb-v1,0.6,16,1,375,0.002510125021217391,774717440,0.8046875
fashion_mnist,ssb-v1,0.6,16,1,376,0.002454541972838342,775061504,0.828125
fashion_mnist,ssb-v1,0.6,16,1,377,0.002469625003868714,775061504,0.7109375
fashion_mnist,ssb-v1,0.6,16,1,378,0.0023908750154078007,775061504,0.796875
fashion_mnist,ssb-v1,0.6,16,1,379,0.0026428749843034893,775061504,0.796875
fashion_mnist,ssb-v1,0.6,16,1,380,0.002365166990784928,775061504,0.7578125
fashion_mnist,ssb-v1,0.6,16,1,381,0.002631917013786733,775061504,0.7421875
fashion_mnist,ssb-v1,0.6,16,1,382,0.0023790409904904664,775077888,0.828125
fashion_mnist,ssb-v1,0.6,16,1,383,0.002541624999139458,775077888,0.78125
fashion_mnist,ssb-v1,0.6,16,1,384,0.0025116250035353005,775077888,0.84375
fashion_mnist,ssb-v1,0.6,16,1,385,0.0024004589940886945,775077888,0.8203125
fashion_mnist,ssb-v1,0.6,16,1,386,0.00920991599559784,776060928,0.7734375
fashion_mnist,ssb-v1,0.6,16,1,387,0.0025557920162100345,776290304,0.7890625
fashion_mnist,ssb-v1,0.6,16,1,388,0.002418999996734783,776290304,0.8125
fashion_mnist,ssb-v1,0.6,16,1,389,0.002514749998226762,776634368,0.796875
fashion_mnist,ssb-v1,0.6,16,1,390,0.0024648339895065874,776634368,0.8046875
fashion_mnist,ssb-v1,0.6,16,1,391,0.0024992499966174364,776634368,0.8046875
fashion_mnist,ssb-v1,0.6,16,1,392,0.002552124991780147,776634368,0.8515625
fashion_mnist,ssb-v1,0.6,16,1,393,0.002489625010639429,776634368,0.8125
fashion_mnist,ssb-v1,0.6,16,1,394,0.0024676659959368408,776634368,0.78125
fashion_mnist,ssb-v1,0.6,16,1,395,0.002474000008078292,776634368,0.734375
fashion_mnist,ssb-v1,0.6,16,1,396,0.0023557090025860816,776634368,0.7890625
fashion_mnist,ssb-v1,0.6,16,1,397,0.0023372919822577387,776634368,0.796875
fashion_mnist,ssb-v1,0.6,16,1,398,0.002558000007411465,776634368,0.7734375
fashion_mnist,ssb-v1,0.6,16,1,399,0.00914595799986273,777535488,0.828125
fashion_mnist,ssb-v1,0.6,16,1,400,0.0026706659991759807,777781248,0.84375
fashion_mnist,ssb-v1,0.6,16,1,401,0.0024307079729624093,777797632,0.78125
fashion_mnist,ssb-v1,0.6,16,1,402,0.0025164579856209457,777797632,0.703125
fashion_mnist,ssb-v1,0.6,16,1,403,0.0024918340204749256,777797632,0.7265625
fashion_mnist,ssb-v1,0.6,16,1,404,0.002463500015437603,777797632,0.8125
fashion_mnist,ssb-v1,0.6,16,1,405,0.002412083005765453,777797632,0.8125
fashion_mnist,ssb-v1,0.6,16,1,406,0.0024108749930746853,778174464,0.734375
fashion_mnist,ssb-v1,0.6,16,1,407,0.002478957991115749,778190848,0.78125
fashion_mnist,ssb-v1,0.6,16,1,408,0.009423332987353206,779026432,0.7265625
fashion_mnist,ssb-v1,0.6,16,1,409,0.0024125410127453506,779386880,0.828125
fashion_mnist,ssb-v1,0.6,16,1,410,0.002487334015313536,779386880,0.734375
fashion_mnist,ssb-v1,0.6,16,1,411,0.002493667008820921,779386880,0.7265625
fashion_mnist,ssb-v1,0.6,16,1,412,0.0024693330051377416,779501568,0.75
fashion_mnist,ssb-v1,0.6,16,1,413,0.008018916996661574,780500992,0.765625
fashion_mnist,ssb-v1,0.6,16,1,414,0.0024865000159479678,780713984,0.7734375
fashion_mnist,ssb-v1,0.6,16,1,415,0.0022349159989971668,780713984,0.734375
fashion_mnist,ssb-v1,0.6,16,1,416,0.0024997910077217966,780713984,0.671875
fashion_mnist,ssb-v1,0.6,16,1,417,0.0025371249939780682,781008896,0.796875
fashion_mnist,ssb-v1,0.6,16,1,418,0.0025117089971899986,781008896,0.7890625
fashion_mnist,ssb-v1,0.6,16,1,419,0.0024597920128144324,781352960,0.7421875
fashion_mnist,ssb-v1,0.6,16,1,420,0.0025257079978473485,781352960,0.7109375
fashion_mnist,ssb-v1,0.6,16,1,421,0.002440709009533748,781352960,0.703125
fashion_mnist,ssb-v1,0.6,16,1,422,0.002474957989761606,781352960,0.671875
fashion_mnist,ssb-v1,0.6,16,1,423,0.0024897090042941272,781352960,0.75
fashion_mnist,ssb-v1,0.6,16,1,424,0.002521583024645224,781352960,0.7421875
fashion_mnist,ssb-v1,0.6,16,1,425,0.0025383329775650054,781352960,0.78125
fashion_mnist,ssb-v1,0.6,16,1,426,0.0026440830260980874,781352960,0.7578125
fashion_mnist,ssb-v1,0.6,16,1,427,0.002480124996509403,781352960,0.7578125
fashion_mnist,ssb-v1,0.6,16,1,428,0.002437082992400974,781352960,0.7734375
fashion_mnist,ssb-v1,0.6,16,1,429,0.0024930000072345138,781352960,0.8125
fashion_mnist,ssb-v1,0.6,16,1,430,0.002517417015042156,781369344,0.796875
fashion_mnist,ssb-v1,0.6,16,1,431,0.0025233750056941062,781369344,0.765625
fashion_mnist,ssb-v1,0.6,16,1,432,0.008996999997179955,782270464,0.7265625
fashion_mnist,ssb-v1,0.6,16,1,433,0.007950708008138463,783515648,0.796875
fashion_mnist,ssb-v1,0.6,16,1,434,0.00255612499313429,783777792,0.78125
fashion_mnist,ssb-v1,0.6,16,1,435,0.002490708022378385,784121856,0.828125
fashion_mnist,ssb-v1,0.6,16,1,436,0.0025611669989302754,784121856,0.8046875
fashion_mnist,ssb-v1,0.6,16,1,437,0.002377332973992452,784121856,0.7890625
fashion_mnist,ssb-v1,0.6,16,1,438,0.0024977080174721777,784121856,0.8203125
fashion_mnist,ssb-v1,0.6,16,1,439,0.0024934169778134674,784121856,0.7890625
fashion_mnist,ssb-v1,0.6,16,1,440,0.0025349170027766377,784482304,0.796875
fashion_mnist,ssb-v1,0.6,16,1,441,0.002468792023137212,784482304,0.8125
fashion_mnist,ssb-v1,0.6,16,1,442,0.00261629099259153,784482304,0.7734375
fashion_mnist,ssb-v1,0.6,16,1,443,0.0023727919906377792,784482304,0.796875
fashion_mnist,ssb-v1,0.6,16,1,444,0.002519542002119124,784482304,0.78125
fashion_mnist,ssb-v1,0.6,16,1,445,0.0024080000002868474,784498688,0.8125
fashion_mnist,ssb-v1,0.6,16,1,446,0.0025122090009972453,784515072,0.8515625
fashion_mnist,ssb-v1,0.6,16,1,447,0.0024791249888949096,784515072,0.796875
fashion_mnist,ssb-v1,0.6,16,1,448,0.0025764169986359775,784515072,0.796875
fashion_mnist,ssb-v1,0.6,16,1,449,0.009157583001069725,785350656,0.78125
fashion_mnist,ssb-v1,0.6,16,1,450,0.007964207994518802,786530304,0.8515625
fashion_mnist,ssb-v1,0.6,16,1,451,0.002505000011296943,786808832,0.8359375
fashion_mnist,ssb-v1,0.6,16,1,452,0.002382375008892268,786808832,0.828125
fashion_mnist,ssb-v1,0.6,16,1,453,0.0024182500201277435,787038208,0.8125
fashion_mnist,ssb-v1,0.6,16,1,454,0.002447125007165596,787038208,0.8125
fashion_mnist,ssb-v1,0.6,16,1,455,0.0025426250067539513,787398656,0.828125
fashion_mnist,ssb-v1,0.6,16,1,456,0.00245724999695085,787611648,0.8359375
fashion_mnist,ssb-v1,0.6,16,1,457,0.002525624993722886,787628032,0.734375
fashion_mnist,ssb-v1,0.6,16,1,458,0.00249670899938792,787644416,0.8828125
fashion_mnist,ssb-v1,0.6,16,1,459,0.0024976249842438847,787644416,0.78125
fashion_mnist,ssb-v1,0.6,16,1,460,0.0024607499944977462,787644416,0.8125
fashion_mnist,ssb-v1,0.6,16,1,461,0.002507292025256902,787644416,0.859375
fashion_mnist,ssb-v1,0.6,16,1,462,0.002539959008572623,787644416,0.8359375
fashion_mnist,ssb-v1,0.6,16,1,463,0.002535083011025563,787644416,0.8046875
fashion_mnist,ssb-v1,0.6,16,1,464,0.008815916982712224,788594688,0.8046875
fashion_mnist,ssb-v1,0.6,16,1,465,0.002436290989862755,788840448,0.78125
fashion_mnist,ssb-v1,0.6,16,1,466,0.0025215000205207616,788840448,0.828125
fashion_mnist,ssb-v1,0.6,16,1,467,0.0024285830149892718,788840448,0.8515625
fashion_mnist,ssb-v1,0.6,16,1,468,0.0349810830084607,800669696,0.8541666666666666
fashion_mnist,ssb-v1,0.6,16,2,0,0.002398000011453405,808435712,0.7265625
fashion_mnist,ssb-v1,0.6,16,2,1,0.002499916998203844,808812544,0.8125
fashion_mnist,ssb-v1,0.6,16,2,2,0.0033987080096267164,809123840,0.8203125
fashion_mnist,ssb-v1,0.6,16,2,3,0.0037336669920478016,809140224,0.8125
fashion_mnist,ssb-v1,0.6,16,2,4,0.003656083979876712,809549824,0.8359375
fashion_mnist,ssb-v1,0.6,16,2,5,0.0030728329729754478,809549824,0.8671875
fashion_mnist,ssb-v1,0.6,16,2,6,0.0025216250214725733,809549824,0.7578125
fashion_mnist,ssb-v1,0.6,16,2,7,0.0023825830139685422,809549824,0.7890625
fashion_mnist,ssb-v1,0.6,16,2,8,0.0024857089738361537,809549824,0.7890625
fashion_mnist,ssb-v1,0.6,16,2,9,0.009287540975492448,810516480,0.8203125
fashion_mnist,ssb-v1,0.6,16,2,10,0.0024585000064689666,810909696,0.8671875
fashion_mnist,ssb-v1,0.6,16,2,11,0.0026680000009946525,811204608,0.78125
fashion_mnist,ssb-v1,0.6,16,2,12,0.0024358340015169233,811204608,0.8515625
fashion_mnist,ssb-v1,0.6,16,2,13,0.00239666600828059,811204608,0.9140625
fashion_mnist,ssb-v1,0.6,16,2,14,0.0024324579862877727,811204608,0.8359375
fashion_mnist,ssb-v1,0.6,16,2,15,0.002601249987492338,811220992,0.7890625
fashion_mnist,ssb-v1,0.6,16,2,16,0.002522624999983236,811220992,0.7265625
fashion_mnist,ssb-v1,0.6,16,2,17,0.0024640419869683683,811220992,0.78125
fashion_mnist,ssb-v1,0.6,16,2,18,0.002503041992895305,811220992,0.7890625
fashion_mnist,ssb-v1,0.6,16,2,19,0.0023948749876581132,811220992,0.859375
fashion_mnist,ssb-v1,0.6,16,2,20,0.0024805830034893006,811220992,0.828125
fashion_mnist,ssb-v1,0.6,16,2,21,0.0023994999937713146,811220992,0.828125
fashion_mnist,ssb-v1,0.6,16,2,22,0.002502249990357086,811220992,0.765625
fashion_mnist,ssb-v1,0.6,16,2,23,0.0024147499934770167,811220992,0.796875
fashion_mnist,ssb-v1,0.6,16,2,24,0.002618167025502771,811220992,0.859375
fashion_mnist,ssb-v1,0.6,16,2,25,0.002362750004976988,811220992,0.796875
fashion_mnist,ssb-v1,0.6,16,2,26,0.0025116250035353005,811220992,0.75
fashion_mnist,ssb-v1,0.6,16,2,27,0.0024444579903502017,811220992,0.71875
fashion_mnist,ssb-v1,0.6,16,2,28,0.002352916984818876,811220992,0.8125
fashion_mnist,ssb-v1,0.6,16,2,29,0.002540124987717718,811220992,0.875
fashion_mnist,ssb-v1,0.6,16,2,30,0.0024332079919986427,811220992,0.828125
fashion_mnist,ssb-v1,0.6,16,2,31,0.00251741599640809,811220992,0.8125
fashion_mnist,ssb-v1,0.6,16,2,32,0.0024544580082874745,811220992,0.828125
fashion_mnist,ssb-v1,0.6,16,2,33,0.0025095420132856816,811220992,0.796875
fashion_mnist,ssb-v1,0.6,16,2,34,0.002447959006531164,811220992,0.8125
fashion_mnist,ssb-v1,0.6,16,2,35,0.002517124987207353,811220992,0.7109375
fashion_mnist,ssb-v1,0.6,16,2,36,0.002446708007482812,811220992,0.8203125
fashion_mnist,ssb-v1,0.6,16,2,37,0.002590291987871751,811220992,0.734375
fashion_mnist,ssb-v1,0.6,16,2,38,0.0024859999830368906,811237376,0.7890625
fashion_mnist,ssb-v1,0.6,16,2,39,0.0025144999963231385,811237376,0.8046875
fashion_mnist,ssb-v1,0.6,16,2,40,0.009308209002483636,812236800,0.78125
fashion_mnist,ssb-v1,0.6,16,2,41,0.002544459013734013,812236800,0.796875
fashion_mnist,ssb-v1,0.6,16,2,42,0.002555207989644259,812236800,0.75
fashion_mnist,ssb-v1,0.6,16,2,43,0.0024597080191597342,812580864,0.7734375
fashion_mnist,ssb-v1,0.6,16,2,44,0.00243912500445731,812580864,0.7890625
fashion_mnist,ssb-v1,0.6,16,2,45,0.0024583329795859754,812580864,0.8125
fashion_mnist,ssb-v1,0.6,16,2,46,0.002497916982974857,812826624,0.671875
fashion_mnist,ssb-v1,0.6,16,2,47,0.002502207993529737,812826624,0.7578125
fashion_mnist,ssb-v1,0.6,16,2,48,0.002481541014276445,812826624,0.7890625
fashion_mnist,ssb-v1,0.6,16,2,49,0.002461041003698483,812826624,0.7265625
fashion_mnist,ssb-v1,0.6,16,2,50,0.0024841660051606596,812826624,0.7421875
fashion_mnist,ssb-v1,0.6,16,2,51,0.0023626660113222897,812826624,0.796875
fashion_mnist,ssb-v1,0.6,16,2,52,0.0025152500020340085,812826624,0.8359375
fashion_mnist,ssb-v1,0.6,16,2,53,0.002461208001477644,812826624,0.8046875
fashion_mnist,ssb-v1,0.6,16,2,54,0.0026219169958494604,812826624,0.7265625
fashion_mnist,ssb-v1,0.6,16,2,55,0.002453624998452142,812826624,0.8125
fashion_mnist,ssb-v1,0.6,16,2,56,0.002532332990085706,812826624,0.7734375
fashion_mnist,ssb-v1,0.6,16,2,57,0.002512791979825124,812826624,0.8046875
fashion_mnist,ssb-v1,0.6,16,2,58,0.00243633400532417,812826624,0.7890625
fashion_mnist,ssb-v1,0.6,16,2,59,0.0025052079872693866,812826624,0.84375
fashion_mnist,ssb-v1,0.6,16,2,60,0.002359750011237338,812843008,0.7890625
fashion_mnist,ssb-v1,0.6,16,2,61,0.0024719999928493053,812843008,0.84375
fashion_mnist,ssb-v1,0.6,16,2,62,0.009404959011590108,813727744,0.734375
fashion_mnist,ssb-v1,0.6,16,2,63,0.0025279160181526095,813973504,0.8125
fashion_mnist,ssb-v1,0.6,16,2,64,0.0024762909743003547,813973504,0.828125
fashion_mnist,ssb-v1,0.6,16,2,65,0.00260137501754798,813973504,0.7734375
fashion_mnist,ssb-v1,0.6,16,2,66,0.002609207993373275,814235648,0.78125
fashion_mnist,ssb-v1,0.6,16,2,67,0.0024427089956589043,814235648,0.7265625
fashion_mnist,ssb-v1,0.6,16,2,68,0.002506624994566664,814235648,0.6796875
fashion_mnist,ssb-v1,0.6,16,2,69,0.0024934169778134674,814235648,0.6875
fashion_mnist,ssb-v1,0.6,16,2,70,0.002443708013743162,814235648,0.8046875
fashion_mnist,ssb-v1,0.6,16,2,71,0.002429040992865339,814448640,0.7890625
fashion_mnist,ssb-v1,0.6,16,2,72,0.002466834004735574,814448640,0.84375
fashion_mnist,ssb-v1,0.6,16,2,73,0.0023945000139065087,814448640,0.7734375
fashion_mnist,ssb-v1,0.6,16,2,74,0.0025306669995188713,814448640,0.8203125
fashion_mnist,ssb-v1,0.6,16,2,75,0.002611582982353866,814448640,0.875
fashion_mnist,ssb-v1,0.6,16,2,76,0.0024874579976312816,814448640,0.765625
fashion_mnist,ssb-v1,0.6,16,2,77,0.002436958020552993,814448640,0.8203125
fashion_mnist,ssb-v1,0.6,16,2,78,0.0024857080134097487,814448640,0.8046875
fashion_mnist,ssb-v1,0.6,16,2,79,0.0024872499925550073,814448640,0.7578125
fashion_mnist,ssb-v1,0.6,16,2,80,0.002437459013890475,814448640,0.78125
fashion_mnist,ssb-v1,0.6,16,2,81,0.002406624989816919,814448640,0.84375
fashion_mnist,ssb-v1,0.6,16,2,82,0.002347582980291918,814448640,0.828125
fashion_mnist,ssb-v1,0.6,16,2,83,0.0024741249799262732,814448640,0.7578125
fashion_mnist,ssb-v1,0.6,16,2,84,0.002502542018191889,814448640,0.765625
fashion_mnist,ssb-v1,0.6,16,2,85,0.002489832986611873,814448640,0.734375
fashion_mnist,ssb-v1,0.6,16,2,86,0.0025282090064138174,814465024,0.84375
fashion_mnist,ssb-v1,0.6,16,2,87,0.0024817500088829547,814465024,0.8359375
fashion_mnist,ssb-v1,0.6,16,2,88,0.0024722499947529286,814465024,0.8203125
fashion_mnist,ssb-v1,0.6,16,2,89,0.002437459013890475,814465024,0.84375
fashion_mnist,ssb-v1,0.6,16,2,90,0.0024988329969346523,814465024,0.84375
fashion_mnist,ssb-v1,0.6,16,2,91,0.0023682090104557574,814465024,0.828125
fashion_mnist,ssb-v1,0.6,16,2,92,0.0024082080053631216,814465024,0.84375
fashion_mnist,ssb-v1,0.6,16,2,93,0.0025277500099036843,814465024,0.8046875
fashion_mnist,ssb-v1,0.6,16,2,94,0.002415291004581377,814465024,0.84375
fashion_mnist,ssb-v1,0.6,16,2,95,0.0024664580123499036,814465024,0.8828125
fashion_mnist,ssb-v1,0.6,16,2,96,0.0023601249849889427,814465024,0.796875
fashion_mnist,ssb-v1,0.6,16,2,97,0.002432292007142678,814465024,0.8046875
fashion_mnist,ssb-v1,0.6,16,2,98,0.0024752500175964087,814465024,0.8515625
fashion_mnist,ssb-v1,0.6,16,2,99,0.0024027499894145876,814465024,0.8359375
fashion_mnist,ssb-v1,0.6,16,2,100,0.0024488329945597798,814465024,0.78125
fashion_mnist,ssb-v1,0.6,16,2,101,0.0025228750018868595,814465024,0.8203125
fashion_mnist,ssb-v1,0.6,16,2,102,0.002363875013543293,814465024,0.84375
fashion_mnist,ssb-v1,0.6,16,2,103,0.0024691250000614673,814465024,0.8203125
fashion_mnist,ssb-v1,0.6,16,2,104,0.0023727910011075437,814465024,0.7734375
fashion_mnist,ssb-v1,0.6,16,2,105,0.00925704202381894,815431680,0.8359375
fashion_mnist,ssb-v1,0.6,16,2,106,0.002412165980786085,815431680,0.859375
fashion_mnist,ssb-v1,0.6,16,2,107,0.0025696669763419777,815677440,0.78125
fashion_mnist,ssb-v1,0.6,16,2,108,0.0024307910061907023,815677440,0.7734375
fashion_mnist,ssb-v1,0.6,16,2,109,0.002457000024151057,816021504,0.8203125
fashion_mnist,ssb-v1,0.6,16,2,110,0.0025357909908052534,816021504,0.7578125
fashion_mnist,ssb-v1,0.6,16,2,111,0.0025176670169457793,816021504,0.765625
fashion_mnist,ssb-v1,0.6,16,2,112,0.002423375000944361,816021504,0.8125
fashion_mnist,ssb-v1,0.6,16,2,113,0.0024971670063678175,816021504,0.7890625
fashion_mnist,ssb-v1,0.6,16,2,114,0.002647125016665086,816021504,0.84375
fashion_mnist,ssb-v1,0.6,16,2,115,0.002506165998056531,816021504,0.8203125
fashion_mnist,ssb-v1,0.6,16,2,116,0.0024792919866740704,816021504,0.8515625
fashion_mnist,ssb-v1,0.6,16,2,117,0.0024126250064000487,816021504,0.75
fashion_mnist,ssb-v1,0.6,16,2,118,0.0024998330045491457,816021504,0.75
fashion_mnist,ssb-v1,0.6,16,2,119,0.0023811669962015003,816021504,0.75
fashion_mnist,ssb-v1,0.6,16,2,120,0.0024524170148652047,816021504,0.765625
fashion_mnist,ssb-v1,0.6,16,2,121,0.002520332986023277,816021504,0.8046875
fashion_mnist,ssb-v1,0.6,16,2,122,0.0024545000051148236,816021504,0.796875
fashion_mnist,ssb-v1,0.6,16,2,123,0.002481834002537653,816021504,0.828125
fashion_mnist,ssb-v1,0.6,16,2,124,0.009488999989116564,816906240,0.8046875
fashion_mnist,ssb-v1,0.6,16,2,125,0.002416917006485164,816906240,0.796875
fashion_mnist,ssb-v1,0.6,16,2,126,0.0023638749844394624,816906240,0.8046875
fashion_mnist,ssb-v1,0.6,16,2,127,0.002485792007064447,816906240,0.7734375
fashion_mnist,ssb-v1,0.6,16,2,128,0.00241445898427628,816906240,0.8125
fashion_mnist,ssb-v1,0.6,16,2,129,0.0025240829854737967,816906240,0.734375
fashion_mnist,ssb-v1,0.6,16,2,130,0.00241595899569802,816906240,0.8125
fashion_mnist,ssb-v1,0.6,16,2,131,0.002579166990472004,817201152,0.7890625
fashion_mnist,ssb-v1,0.6,16,2,132,0.0024129580124281347,817561600,0.8203125
fashion_mnist,ssb-v1,0.6,16,2,133,0.002682209014892578,817561600,0.7734375
fashion_mnist,ssb-v1,0.6,16,2,134,0.0023876669874880463,817561600,0.765625
fashion_mnist,ssb-v1,0.6,16,2,135,0.002457833004882559,817561600,0.828125
fashion_mnist,ssb-v1,0.6,16,2,136,0.0023876659979578108,817561600,0.7890625
fashion_mnist,ssb-v1,0.6,16,2,137,0.002474666980560869,817561600,0.8125
fashion_mnist,ssb-v1,0.6,16,2,138,0.0025150419969577342,817561600,0.671875
fashion_mnist,ssb-v1,0.6,16,2,139,0.010218292009085417,818495488,0.7890625
fashion_mnist,ssb-v1,0.6,16,2,140,0.0025168750144075602,818806784,0.6796875
fashion_mnist,ssb-v1,0.6,16,2,141,0.0026137919921893626,818806784,0.75
fashion_mnist,ssb-v1,0.6,16,2,142,0.0024874579976312816,818806784,0.7109375
fashion_mnist,ssb-v1,0.6,16,2,143,0.0026124580181203783,818806784,0.6796875
fashion_mnist,ssb-v1,0.6,16,2,144,0.008448375010630116,819986432,0.765625
fashion_mnist,ssb-v1,0.6,16,2,145,0.0025497919996269047,820215808,0.8125
fashion_mnist,ssb-v1,0.6,16,2,146,0.002516833017580211,820215808,0.8203125
fashion_mnist,ssb-v1,0.6,16,2,147,0.002525124989915639,820314112,0.7265625
fashion_mnist,ssb-v1,0.6,16,2,148,0.0024787079892121255,820314112,0.765625
fashion_mnist,ssb-v1,0.6,16,2,149,0.0025498330069240183,820740096,0.7578125
fashion_mnist,ssb-v1,0.6,16,2,150,0.008043458015890792,821641216,0.796875
fashion_mnist,ssb-v1,0.6,16,2,151,0.002532292011892423,821886976,0.8046875
fashion_mnist,ssb-v1,0.6,16,2,152,0.008892417012248188,822624256,0.8828125
fashion_mnist,ssb-v1,0.6,16,2,153,0.0023658330028411,822722560,0.8359375
fashion_mnist,ssb-v1,0.6,16,2,154,0.002484708995325491,822951936,0.8046875
fashion_mnist,ssb-v1,0.6,16,2,155,0.002494500018656254,822951936,0.765625
fashion_mnist,ssb-v1,0.6,16,2,156,0.002534708008170128,822951936,0.765625
fashion_mnist,ssb-v1,0.6,16,2,157,0.0025051670090761036,822951936,0.765625
fashion_mnist,ssb-v1,0.6,16,2,158,0.007825291977496818,824459264,0.8046875
fashion_mnist,ssb-v1,0.6,16,2,159,0.0025418750010430813,824803328,0.8125
fashion_mnist,ssb-v1,0.6,16,2,160,0.002531957987230271,824803328,0.78125
fashion_mnist,ssb-v1,0.6,16,2,161,0.0025084579829126596,825163776,0.796875
fashion_mnist,ssb-v1,0.6,16,2,162,0.002521499991416931,825163776,0.8359375
fashion_mnist,ssb-v1,0.6,16,2,163,0.0024960839946288615,825163776,0.828125
fashion_mnist,ssb-v1,0.6,16,2,164,0.0026158749824389815,825163776,0.8671875
fashion_mnist,ssb-v1,0.6,16,2,165,0.002504791977116838,825442304,0.78125
fashion_mnist,ssb-v1,0.6,16,2,166,0.002606750000268221,825442304,0.828125
fashion_mnist,ssb-v1,0.6,16,2,167,0.002498582995031029,825442304,0.859375
fashion_mnist,ssb-v1,0.6,16,2,168,0.0024466670001856983,825442304,0.8203125
fashion_mnist,ssb-v1,0.6,16,2,169,0.002514583000447601,825442304,0.84375
fashion_mnist,ssb-v1,0.6,16,2,170,0.002424625010462478,825442304,0.8203125
fashion_mnist,ssb-v1,0.6,16,2,171,0.0025189579755533487,825442304,0.8046875
fashion_mnist,ssb-v1,0.6,16,2,172,0.002498125017154962,825442304,0.734375
fashion_mnist,ssb-v1,0.6,16,2,173,0.0025335420214105397,825442304,0.8203125
fashion_mnist,ssb-v1,0.6,16,2,174,0.002388291002716869,825442304,0.84375
fashion_mnist,ssb-v1,0.6,16,2,175,0.002563500020187348,825442304,0.84375
fashion_mnist,ssb-v1,0.6,16,2,176,0.0024003750004339963,825442304,0.828125
fashion_mnist,ssb-v1,0.6,16,2,177,0.0024532910028938204,825442304,0.6640625
fashion_mnist,ssb-v1,0.6,16,2,178,0.0024694580060895532,825442304,0.8203125
fashion_mnist,ssb-v1,0.6,16,2,179,0.002360292011871934,825442304,0.8125
fashion_mnist,ssb-v1,0.6,16,2,180,0.0024733750033192337,825442304,0.7890625
fashion_mnist,ssb-v1,0.6,16,2,181,0.0024328329891432077,825442304,0.8125
fashion_mnist,ssb-v1,0.6,16,2,182,0.0023456669878214598,825442304,0.7890625
fashion_mnist,ssb-v1,0.6,16,2,183,0.0024482499866280705,825442304,0.765625
fashion_mnist,ssb-v1,0.6,16,2,184,0.009182667010463774,826392576,0.8046875
fashion_mnist,ssb-v1,0.6,16,2,185,0.0025324159942101687,826687488,0.8046875
fashion_mnist,ssb-v1,0.6,16,2,186,0.00252829201053828,827031552,0.78125
fashion_mnist,ssb-v1,0.6,16,2,187,0.002526208001654595,827031552,0.7734375
fashion_mnist,ssb-v1,0.6,16,2,188,0.0025174169859383255,827031552,0.765625
fashion_mnist,ssb-v1,0.6,16,2,189,0.002629707974847406,827031552,0.828125
fashion_mnist,ssb-v1,0.6,16,2,190,0.0024584580096416175,827031552,0.8046875
fashion_mnist,ssb-v1,0.6,16,2,191,0.0024697500048205256,827031552,0.8046875
fashion_mnist,ssb-v1,0.6,16,2,192,0.0024141669855453074,827031552,0.765625
fashion_mnist,ssb-v1,0.6,16,2,193,0.0024140830209944397,827031552,0.765625
fashion_mnist,ssb-v1,0.6,16,2,194,0.0025306669995188713,827031552,0.8359375
fashion_mnist,ssb-v1,0.6,16,2,195,0.002454541972838342,827031552,0.7265625
fashion_mnist,ssb-v1,0.6,16,2,196,0.00251558399759233,827031552,0.78125
fashion_mnist,ssb-v1,0.6,16,2,197,0.002412166999420151,827031552,0.7890625
fashion_mnist,ssb-v1,0.6,16,2,198,0.002446209022309631,827031552,0.765625
fashion_mnist,ssb-v1,0.6,16,2,199,0.002308208990143612,827031552,0.71875
fashion_mnist,ssb-v1,0.6,16,2,200,0.002490875020157546,827031552,0.8046875
fashion_mnist,ssb-v1,0.6,16,2,201,0.0024682919902261347,827031552,0.71875
fashion_mnist,ssb-v1,0.6,16,2,202,0.0025027079973369837,827031552,0.828125
fashion_mnist,ssb-v1,0.6,16,2,203,0.0026215419929940253,827031552,0.8125
fashion_mnist,ssb-v1,0.6,16,2,204,0.002463332988554612,827031552,0.7578125
fashion_mnist,ssb-v1,0.6,16,2,205,0.0025225419958587736,827031552,0.734375
fashion_mnist,ssb-v1,0.6,16,2,206,0.0024304580001626164,827031552,0.8203125
fashion_mnist,ssb-v1,0.6,16,2,207,0.002548332995502278,827031552,0.78125
fashion_mnist,ssb-v1,0.6,16,2,208,0.002538041997468099,827031552,0.8125
fashion_mnist,ssb-v1,0.6,16,2,209,0.0025067920214496553,827031552,0.796875
fashion_mnist,ssb-v1,0.6,16,2,210,0.0024278749770019203,827031552,0.78125
fashion_mnist,ssb-v1,0.6,16,2,211,0.002439000003505498,827031552,0.75
fashion_mnist,ssb-v1,0.6,16,2,212,0.0024011250061448663,827031552,0.703125
fashion_mnist,ssb-v1,0.6,16,2,213,0.0025259170215576887,827031552,0.671875
fashion_mnist,ssb-v1,0.6,16,2,214,0.002525999996578321,827031552,0.7265625
fashion_mnist,ssb-v1,0.6,16,2,215,0.0026171249919570982,827031552,0.765625
fashion_mnist,ssb-v1,0.6,16,2,216,0.009462375019211322,827834368,0.8046875
fashion_mnist,ssb-v1,0.6,16,2,217,0.002355000004172325,828211200,0.734375
fashion_mnist,ssb-v1,0.6,16,2,218,0.0023746670049149543,828211200,0.703125
fashion_mnist,ssb-v1,0.6,16,2,219,0.008264792006229982,829407232,0.7109375
fashion_mnist,ssb-v1,0.6,16,2,220,0.002334333024919033,829734912,0.734375
fashion_mnist,ssb-v1,0.6,16,2,221,0.0026172089856117964,829734912,0.765625
fashion_mnist,ssb-v1,0.6,16,2,222,0.002486915996996686,829734912,0.71875
fashion_mnist,ssb-v1,0.6,16,2,223,0.0024594579881522804,829734912,0.8203125
fashion_mnist,ssb-v1,0.6,16,2,224,0.0023931670002639294,829734912,0.875
fashion_mnist,ssb-v1,0.6,16,2,225,0.0025837079738266766,829734912,0.8671875
fashion_mnist,ssb-v1,0.6,16,2,226,0.002479458024026826,829734912,0.796875
fashion_mnist,ssb-v1,0.6,16,2,227,0.002499750000424683,830095360,0.75
fashion_mnist,ssb-v1,0.6,16,2,228,0.0025337080005556345,830111744,0.7421875
fashion_mnist,ssb-v1,0.6,16,2,229,0.002444416983053088,830111744,0.75
fashion_mnist,ssb-v1,0.6,16,2,230,0.002521082991734147,830111744,0.859375
fashion_mnist,ssb-v1,0.6,16,2,231,0.0024814170028548688,830111744,0.7890625
fashion_mnist,ssb-v1,0.6,16,2,232,0.002373875002376735,830111744,0.8203125
fashion_mnist,ssb-v1,0.6,16,2,233,0.002595333004137501,830111744,0.8046875
fashion_mnist,ssb-v1,0.6,16,2,234,0.00246920800418593,830111744,0.8203125
fashion_mnist,ssb-v1,0.6,16,2,235,0.002510833990527317,830111744,0.8046875
fashion_mnist,ssb-v1,0.6,16,2,236,0.002515708009013906,830111744,0.8046875
fashion_mnist,ssb-v1,0.6,16,2,237,0.002427750005153939,830111744,0.8359375
fashion_mnist,ssb-v1,0.6,16,2,238,0.002461833006236702,830111744,0.78125
fashion_mnist,ssb-v1,0.6,16,2,239,0.0024655419983901083,830111744,0.8125
fashion_mnist,ssb-v1,0.6,16,2,240,0.00241595899569802,830111744,0.8515625
fashion_mnist,ssb-v1,0.6,16,2,241,0.0024597920128144324,830111744,0.734375
fashion_mnist,ssb-v1,0.6,16,2,242,0.0025176659983117133,830111744,0.8359375
fashion_mnist,ssb-v1,0.6,16,2,243,0.0023457499919459224,830111744,0.84375
fashion_mnist,ssb-v1,0.6,16,2,244,0.0026106250006705523,830111744,0.8359375
fashion_mnist,ssb-v1,0.6,16,2,245,0.002497375011444092,830111744,0.8671875
fashion_mnist,ssb-v1,0.6,16,2,246,0.0025458330055698752,830111744,0.8125
fashion_mnist,ssb-v1,0.6,16,2,247,0.0025020829925779253,830111744,0.8515625
fashion_mnist,ssb-v1,0.6,16,2,248,0.00244733301224187,830111744,0.8125
fashion_mnist,ssb-v1,0.6,16,2,249,0.0024481250147800893,830111744,0.8203125
fashion_mnist,ssb-v1,0.6,16,2,250,0.0023908339790068567,830111744,0.8125
fashion_mnist,ssb-v1,0.6,16,2,251,0.0022828330111224204,830111744,0.828125
fashion_mnist,ssb-v1,0.6,16,2,252,0.0024693330051377416,830111744,0.828125
fashion_mnist,ssb-v1,0.6,16,2,253,0.002462790987920016,830111744,0.8046875
fashion_mnist,ssb-v1,0.6,16,2,254,0.00245349999750033,830111744,0.828125
fashion_mnist,ssb-v1,0.6,16,2,255,0.002410249988315627,830111744,0.8046875
fashion_mnist,ssb-v1,0.6,16,2,256,0.002469250001013279,830111744,0.8046875
fashion_mnist,ssb-v1,0.6,16,2,257,0.002346500026760623,830111744,0.859375
fashion_mnist,ssb-v1,0.6,16,2,258,0.002464334014803171,830111744,0.7578125
fashion_mnist,ssb-v1,0.6,16,2,259,0.002464625024003908,830111744,0.7890625
fashion_mnist,ssb-v1,0.6,16,2,260,0.0023762499913573265,830111744,0.78125
fashion_mnist,ssb-v1,0.6,16,2,261,0.002634708012919873,830111744,0.7890625
fashion_mnist,ssb-v1,0.6,16,2,262,0.0024527920177206397,830111744,0.8203125
fashion_mnist,ssb-v1,0.6,16,2,263,0.0024633750144857913,830111744,0.84375
fashion_mnist,ssb-v1,0.6,16,2,264,0.002486249984940514,830111744,0.8515625
fashion_mnist,ssb-v1,0.6,16,2,265,0.0024348750011995435,830111744,0.8046875
fashion_mnist,ssb-v1,0.6,16,2,266,0.009302749997004867,831111168,0.8359375
fashion_mnist,ssb-v1,0.6,16,2,267,0.002625249995617196,831488000,0.8203125
fashion_mnist,ssb-v1,0.6,16,2,268,0.002361000020755455,831488000,0.78125
fashion_mnist,ssb-v1,0.6,16,2,269,0.0027037909894715995,831488000,0.7734375
fashion_mnist,ssb-v1,0.6,16,2,270,0.002482792013324797,831488000,0.8359375
fashion_mnist,ssb-v1,0.6,16,2,271,0.0025243750133085996,831750144,0.890625
fashion_mnist,ssb-v1,0.6,16,2,272,0.0025059170147869736,831750144,0.8515625
fashion_mnist,ssb-v1,0.6,16,2,273,0.0024888329789973795,831750144,0.8359375
fashion_mnist,ssb-v1,0.6,16,2,274,0.0025284170114900917,831750144,0.734375
fashion_mnist,ssb-v1,0.6,16,2,275,0.0025154589966405183,831750144,0.8125
fashion_mnist,ssb-v1,0.6,16,2,276,0.0025055829901248217,831750144,0.8671875
fashion_mnist,ssb-v1,0.6,16,2,277,0.002415250026388094,831750144,0.8359375
fashion_mnist,ssb-v1,0.6,16,2,278,0.0025432920083403587,831750144,0.78125
fashion_mnist,ssb-v1,0.6,16,2,279,0.002379542012931779,831750144,0.8984375
fashion_mnist,ssb-v1,0.6,16,2,280,0.002583291003247723,831750144,0.7890625
fashion_mnist,ssb-v1,0.6,16,2,281,0.0024787499860394746,831750144,0.84375
fashion_mnist,ssb-v1,0.6,16,2,282,0.0027255000022705644,831750144,0.8828125
fashion_mnist,ssb-v1,0.6,16,2,283,0.008285040996270254,832749568,0.7890625
fashion_mnist,ssb-v1,0.6,16,2,284,0.002536707994295284,832749568,0.828125
fashion_mnist,ssb-v1,0.6,16,2,285,0.002464709017658606,832765952,0.828125
fashion_mnist,ssb-v1,0.6,16,2,286,0.002620541985379532,833110016,0.8203125
fashion_mnist,ssb-v1,0.6,16,2,287,0.0025571250007487833,833126400,0.8125
fashion_mnist,ssb-v1,0.6,16,2,288,0.0024090830120258033,833355776,0.828125
fashion_mnist,ssb-v1,0.6,16,2,289,0.0025143340171780437,833355776,0.8515625
fashion_mnist,ssb-v1,0.6,16,2,290,0.0025573750026524067,833355776,0.8515625
fashion_mnist,ssb-v1,0.6,16,2,291,0.0025127920089289546,833355776,0.8515625
fashion_mnist,ssb-v1,0.6,16,2,292,0.0025110839924309403,833355776,0.7734375
fashion_mnist,ssb-v1,0.6,16,2,293,0.00248041600571014,833355776,0.8359375
fashion_mnist,ssb-v1,0.6,16,2,294,0.002463334007188678,833355776,0.8359375
fashion_mnist,ssb-v1,0.6,16,2,295,0.0024892079818528146,833355776,0.828125
fashion_mnist,ssb-v1,0.6,16,2,296,0.0024067919875960797,833355776,0.859375
fashion_mnist,ssb-v1,0.6,16,2,297,0.0024915829999372363,833355776,0.84375
fashion_mnist,ssb-v1,0.6,16,2,298,0.009218624996719882,834289664,0.8125
fashion_mnist,ssb-v1,0.6,16,2,299,0.002435000002151355,834650112,0.796875
fashion_mnist,ssb-v1,0.6,16,2,300,0.002500083006452769,834650112,0.84375
fashion_mnist,ssb-v1,0.6,16,2,301,0.002550750010414049,834945024,0.859375
fashion_mnist,ssb-v1,0.6,16,2,302,0.002542000001994893,834961408,0.8515625
fashion_mnist,ssb-v1,0.6,16,2,303,0.0025004579802043736,834961408,0.8203125
fashion_mnist,ssb-v1,0.6,16,2,304,0.0023960419930517673,834961408,0.8203125
fashion_mnist,ssb-v1,0.6,16,2,305,0.0024739999789744616,834961408,0.7578125
fashion_mnist,ssb-v1,0.6,16,2,306,0.0025012079859152436,834961408,0.8359375
fashion_mnist,ssb-v1,0.6,16,2,307,0.002517666987841949,834961408,0.765625
fashion_mnist,ssb-v1,0.6,16,2,308,0.0023994160001166165,834961408,0.7734375
fashion_mnist,ssb-v1,0.6,16,2,309,0.0025608339929021895,834977792,0.8125
fashion_mnist,ssb-v1,0.6,16,2,310,0.0024088339996524155,834977792,0.8203125
fashion_mnist,ssb-v1,0.6,16,2,311,0.002527458011172712,834977792,0.765625
fashion_mnist,ssb-v1,0.6,16,2,312,0.002517417015042156,834977792,0.8203125
fashion_mnist,ssb-v1,0.6,16,2,313,0.0025505420053377748,834977792,0.8125
fashion_mnist,ssb-v1,0.6,16,2,314,0.002493665990186855,834977792,0.8125
fashion_mnist,ssb-v1,0.6,16,2,315,0.0025024590140674263,834977792,0.8359375
fashion_mnist,ssb-v1,0.6,16,2,316,0.002476291003404185,834977792,0.8046875
fashion_mnist,ssb-v1,0.6,16,2,317,0.0024962080060504377,834977792,0.8828125
fashion_mnist,ssb-v1,0.6,16,2,318,0.009218417020747438,835846144,0.84375
fashion_mnist,ssb-v1,0.6,16,2,319,0.002608166978461668,836091904,0.8359375
fashion_mnist,ssb-v1,0.6,16,2,320,0.002523542003473267,836321280,0.8046875
fashion_mnist,ssb-v1,0.6,16,2,321,0.0025325840106233954,836321280,0.8671875
fashion_mnist,ssb-v1,0.6,16,2,322,0.002486165991285816,836321280,0.8359375
fashion_mnist,ssb-v1,0.6,16,2,323,0.0025390420050825924,836567040,0.8671875
fashion_mnist,ssb-v1,0.6,16,2,324,0.002422999998088926,836567040,0.8515625
fashion_mnist,ssb-v1,0.6,16,2,325,0.0024197089951485395,836567040,0.7734375
fashion_mnist,ssb-v1,0.6,16,2,326,0.002418833988485858,836567040,0.8359375
fashion_mnist,ssb-v1,0.6,16,2,327,0.0025489170220680535,836567040,0.8515625
fashion_mnist,ssb-v1,0.6,16,2,328,0.002381958009209484,836567040,0.828125
fashion_mnist,ssb-v1,0.6,16,2,329,0.002623917011078447,836567040,0.8359375
fashion_mnist,ssb-v1,0.6,16,2,330,0.002500917005818337,836567040,0.84375
fashion_mnist,ssb-v1,0.6,16,2,331,0.00248454199754633,836567040,0.8359375
fashion_mnist,ssb-v1,0.6,16,2,332,0.0025160000077448785,836567040,0.8046875
fashion_mnist,ssb-v1,0.6,16,2,333,0.0025234589993488044,836567040,0.828125
fashion_mnist,ssb-v1,0.6,16,2,334,0.0024752499884925783,836567040,0.8515625
fashion_mnist,ssb-v1,0.6,16,2,335,0.002388124994467944,836567040,0.8515625
fashion_mnist,ssb-v1,0.6,16,2,336,0.0025190839951392263,836567040,0.84375
fashion_mnist,ssb-v1,0.6,16,2,337,0.002421832992695272,836567040,0.8515625
fashion_mnist,ssb-v1,0.6,16,2,338,0.0024783329863566905,836567040,0.8046875
fashion_mnist,ssb-v1,0.6,16,2,339,0.002603875007480383,836567040,0.8359375
fashion_mnist,ssb-v1,0.6,16,2,340,0.0024671669816598296,836567040,0.890625
fashion_mnist,ssb-v1,0.6,16,2,341,0.002696334006031975,836567040,0.765625
fashion_mnist,ssb-v1,0.6,16,2,342,0.00246845799847506,836567040,0.84375
fashion_mnist,ssb-v1,0.6,16,2,343,0.0024846669984981418,836567040,0.828125
fashion_mnist,ssb-v1,0.6,16,2,344,0.002409082982921973,836567040,0.796875
fashion_mnist,ssb-v1,0.6,16,2,345,0.0025195830094162375,836567040,0.8515625
fashion_mnist,ssb-v1,0.6,16,2,346,0.0023688329965807498,836567040,0.78125
fashion_mnist,ssb-v1,0.6,16,2,347,0.00244679200113751,836567040,0.7890625
fashion_mnist,ssb-v1,0.6,16,2,348,0.0025069169932976365,836567040,0.8046875
fashion_mnist,ssb-v1,0.6,16,2,349,0.0024562919861637056,836567040,0.78125
fashion_mnist,ssb-v1,0.6,16,2,350,0.002516625012503937,836567040,0.78125
fashion_mnist,ssb-v1,0.6,16,2,351,0.0024502920277882367,836567040,0.8671875
fashion_mnist,ssb-v1,0.6,16,2,352,0.0024938750138971955,836567040,0.7578125
fashion_mnist,ssb-v1,0.6,16,2,353,0.0023867499839980155,836567040,0.796875
fashion_mnist,ssb-v1,0.6,16,2,354,0.0023869580181781203,836567040,0.78125
fashion_mnist,ssb-v1,0.6,16,2,355,0.002505084004951641,836567040,0.75
fashion_mnist,ssb-v1,0.6,16,2,356,0.0025143329985439777,836567040,0.7890625
fashion_mnist,ssb-v1,0.6,16,2,357,0.0024973749823402613,836567040,0.7890625
fashion_mnist,ssb-v1,0.6,16,2,358,0.0023690419911872596,836567040,0.8671875
fashion_mnist,ssb-v1,0.6,16,2,359,0.0025344580062665045,836567040,0.90625
fashion_mnist,ssb-v1,0.6,16,2,360,0.0024267080007120967,836567040,0.7734375
fashion_mnist,ssb-v1,0.6,16,2,361,0.0024514590040780604,836567040,0.8515625
fashion_mnist,ssb-v1,0.6,16,2,362,0.0025012079859152436,836567040,0.765625
fashion_mnist,ssb-v1,0.6,16,2,363,0.0024016249808482826,836567040,0.796875
fashion_mnist,ssb-v1,0.6,16,2,364,0.002501790993846953,836567040,0.859375
fashion_mnist,ssb-v1,0.6,16,2,365,0.0023596250102855265,836567040,0.8046875
fashion_mnist,ssb-v1,0.6,16,2,366,0.002477625006577,836567040,0.7421875
fashion_mnist,ssb-v1,0.6,16,2,367,0.0024972090031951666,836567040,0.8359375
fashion_mnist,ssb-v1,0.6,16,2,368,0.002501792012481019,836567040,0.84375
fashion_mnist,ssb-v1,0.6,16,2,369,0.0024832089839037508,836567040,0.828125
fashion_mnist,ssb-v1,0.6,16,2,370,0.0023845830000936985,836567040,0.8359375
fashion_mnist,ssb-v1,0.6,16,2,371,0.0025610419979784638,836567040,0.765625
fashion_mnist,ssb-v1,0.6,16,2,372,0.002488957979949191,836567040,0.8203125
fashion_mnist,ssb-v1,0.6,16,2,373,0.0025200420059263706,836567040,0.84375
fashion_mnist,ssb-v1,0.6,16,2,374,0.0024751249875407666,836567040,0.78125
fashion_mnist,ssb-v1,0.6,16,2,375,0.0025146670232061297,836567040,0.8125
fashion_mnist,ssb-v1,0.6,16,2,376,0.002460499992594123,836567040,0.8203125
fashion_mnist,ssb-v1,0.6,16,2,377,0.0024119580048136413,836567040,0.8671875
fashion_mnist,ssb-v1,0.6,16,2,378,0.0024978330184239894,836567040,0.78125
fashion_mnist,ssb-v1,0.6,16,2,379,0.0023872080200817436,836567040,0.8125
fashion_mnist,ssb-v1,0.6,16,2,380,0.0025762500008568168,836567040,0.875
fashion_mnist,ssb-v1,0.6,16,2,381,0.0025537080073263496,836567040,0.796875
fashion_mnist,ssb-v1,0.6,16,2,382,0.002466457983246073,836567040,0.84375
fashion_mnist,ssb-v1,0.6,16,2,383,0.0024706670083105564,836567040,0.796875
fashion_mnist,ssb-v1,0.6,16,2,384,0.0025109589914791286,836567040,0.84375
fashion_mnist,ssb-v1,0.6,16,2,385,0.0024569999950472265,836567040,0.8515625
fashion_mnist,ssb-v1,0.6,16,2,386,0.002423999976599589,836567040,0.890625
fashion_mnist,ssb-v1,0.6,16,2,387,0.0024823329877108335,836567040,0.7578125
fashion_mnist,ssb-v1,0.6,16,2,388,0.0023654169926885515,836567040,0.859375
fashion_mnist,ssb-v1,0.6,16,2,389,0.0025305000017397106,836567040,0.8203125
fashion_mnist,ssb-v1,0.6,16,2,390,0.002563374990131706,836567040,0.84375
fashion_mnist,ssb-v1,0.6,16,2,391,0.002463249984430149,836567040,0.8359375
fashion_mnist,ssb-v1,0.6,16,2,392,0.0025513750151731074,836567040,0.875
fashion_mnist,ssb-v1,0.6,16,2,393,0.002339375001611188,836567040,0.8046875
fashion_mnist,ssb-v1,0.6,16,2,394,0.0025931670097634196,836567040,0.828125
fashion_mnist,ssb-v1,0.6,16,2,395,0.0023837089829612523,836567040,0.921875
fashion_mnist,ssb-v1,0.6,16,2,396,0.002467334008542821,836567040,0.8046875
fashion_mnist,ssb-v1,0.6,16,2,397,0.002393250004388392,836567040,0.796875
fashion_mnist,ssb-v1,0.6,16,2,398,0.002387332991929725,836567040,0.8125
fashion_mnist,ssb-v1,0.6,16,2,399,0.0024377079971600324,836567040,0.75
fashion_mnist,ssb-v1,0.6,16,2,400,0.0023601249849889427,836567040,0.8515625
fashion_mnist,ssb-v1,0.6,16,2,401,0.002612334006698802,836567040,0.8828125
fashion_mnist,ssb-v1,0.6,16,2,402,0.0024998750013764948,836567040,0.890625
fashion_mnist,ssb-v1,0.6,16,2,403,0.0025074580044019967,836567040,0.8125
fashion_mnist,ssb-v1,0.6,16,2,404,0.002455791982356459,836567040,0.8046875
fashion_mnist,ssb-v1,0.6,16,2,405,0.0023293750127777457,836567040,0.890625
fashion_mnist,ssb-v1,0.6,16,2,406,0.0023505419958382845,836567040,0.828125
fashion_mnist,ssb-v1,0.6,16,2,407,0.0023086669971235096,836567040,0.859375
fashion_mnist,ssb-v1,0.6,16,2,408,0.003487166977720335,836567040,0.875
fashion_mnist,ssb-v1,0.6,16,2,409,0.003429624979617074,836567040,0.84375
fashion_mnist,ssb-v1,0.6,16,2,410,0.0029147089808247983,836567040,0.84375
fashion_mnist,ssb-v1,0.6,16,2,411,0.002876040991395712,836567040,0.8515625
fashion_mnist,ssb-v1,0.6,16,2,412,0.003010667016496882,836567040,0.765625
fashion_mnist,ssb-v1,0.6,16,2,413,0.002805791998980567,836567040,0.8359375
fashion_mnist,ssb-v1,0.6,16,2,414,0.0033404999994672835,836567040,0.8515625
fashion_mnist,ssb-v1,0.6,16,2,415,0.003446250018896535,836583424,0.828125
fashion_mnist,ssb-v1,0.6,16,2,416,0.003675082989502698,836583424,0.8046875
fashion_mnist,ssb-v1,0.6,16,2,417,0.0032505840063095093,836583424,0.7421875
fashion_mnist,ssb-v1,0.6,16,2,418,0.002870666008675471,836583424,0.8125
fashion_mnist,ssb-v1,0.6,16,2,419,0.0029063340043649077,836583424,0.8671875
fashion_mnist,ssb-v1,0.6,16,2,420,0.002608332986710593,836583424,0.8515625
fashion_mnist,ssb-v1,0.6,16,2,421,0.0024574589915573597,836599808,0.8359375
fashion_mnist,ssb-v1,0.6,16,2,422,0.0023155419912654907,836599808,0.8125
fashion_mnist,ssb-v1,0.6,16,2,423,0.0023065409914124757,836599808,0.8671875
fashion_mnist,ssb-v1,0.6,16,2,424,0.002353792020585388,836599808,0.8359375
fashion_mnist,ssb-v1,0.6,16,2,425,0.002331750001758337,836599808,0.8671875
fashion_mnist,ssb-v1,0.6,16,2,426,0.0023492499894928187,836599808,0.84375
fashion_mnist,ssb-v1,0.6,16,2,427,0.002422999998088926,836599808,0.828125
fashion_mnist,ssb-v1,0.6,16,2,428,0.002552874997491017,836599808,0.7890625
fashion_mnist,ssb-v1,0.6,16,2,429,0.0024839999969117343,836599808,0.84375
fashion_mnist,ssb-v1,0.6,16,2,430,0.0025108330009970814,836599808,0.84375
fashion_mnist,ssb-v1,0.6,16,2,431,0.0025203330151271075,836599808,0.859375
fashion_mnist,ssb-v1,0.6,16,2,432,0.0024827090092003345,836599808,0.8828125
fashion_mnist,ssb-v1,0.6,16,2,433,0.0023642079904675484,836599808,0.8125
fashion_mnist,ssb-v1,0.6,16,2,434,0.00925158298923634,837533696,0.8125
fashion_mnist,ssb-v1,0.6,16,2,435,0.0025443750200793147,837779456,0.8671875
fashion_mnist,ssb-v1,0.6,16,2,436,0.002486833982402459,837779456,0.7890625
fashion_mnist,ssb-v1,0.6,16,2,437,0.0025590420118533075,837779456,0.7578125
fashion_mnist,ssb-v1,0.6,16,2,438,0.0025114160089287907,837779456,0.8203125
fashion_mnist,ssb-v1,0.6,16,2,439,0.0025297919928561896,838025216,0.8203125
fashion_mnist,ssb-v1,0.6,16,2,440,0.002526209020288661,838025216,0.828125
fashion_mnist,ssb-v1,0.6,16,2,441,0.0024760830274317414,838025216,0.8515625
fashion_mnist,ssb-v1,0.6,16,2,442,0.0024583329795859754,838254592,0.8046875
fashion_mnist,ssb-v1,0.6,16,2,443,0.0025183340185321867,838254592,0.8125
fashion_mnist,ssb-v1,0.6,16,2,444,0.002462083997670561,838254592,0.8671875
fashion_mnist,ssb-v1,0.6,16,2,445,0.002507291006622836,838254592,0.8046875
fashion_mnist,ssb-v1,0.6,16,2,446,0.002491833991371095,838254592,0.765625
fashion_mnist,ssb-v1,0.6,16,2,447,0.002512458013370633,838254592,0.703125
fashion_mnist,ssb-v1,0.6,16,2,448,0.002555332990596071,838254592,0.8515625
fashion_mnist,ssb-v1,0.6,16,2,449,0.002470999985234812,838254592,0.78125
fashion_mnist,ssb-v1,0.6,16,2,450,0.00249725001049228,838254592,0.8359375
fashion_mnist,ssb-v1,0.6,16,2,451,0.002542624977650121,838254592,0.828125
fashion_mnist,ssb-v1,0.6,16,2,452,0.0024807919980958104,838254592,0.7734375
fashion_mnist,ssb-v1,0.6,16,2,453,0.0023656670236960053,838254592,0.875
fashion_mnist,ssb-v1,0.6,16,2,454,0.002476041001500562,838254592,0.8125
fashion_mnist,ssb-v1,0.6,16,2,455,0.0024265419924631715,838254592,0.8515625
fashion_mnist,ssb-v1,0.6,16,2,456,0.00952333299210295,839270400,0.8203125
fashion_mnist,ssb-v1,0.6,16,2,457,0.0026013749884441495,839630848,0.8046875
fashion_mnist,ssb-v1,0.6,16,2,458,0.00258025000221096,839876608,0.7890625
fashion_mnist,ssb-v1,0.6,16,2,459,0.002533666993258521,839876608,0.7890625
fashion_mnist,ssb-v1,0.6,16,2,460,0.0025156250048894435,839876608,0.765625
fashion_mnist,ssb-v1,0.6,16,2,461,0.002540290995966643,839876608,0.828125
fashion_mnist,ssb-v1,0.6,16,2,462,0.002475332992617041,839876608,0.875
fashion_mnist,ssb-v1,0.6,16,2,463,0.002704665996134281,839876608,0.84375
fashion_mnist,ssb-v1,0.6,16,2,464,0.002471791987773031,839876608,0.890625
fashion_mnist,ssb-v1,0.6,16,2,465,0.0024912079970818013,839876608,0.8203125
fashion_mnist,ssb-v1,0.6,16,2,466,0.0024118750006891787,839876608,0.8828125
fashion_mnist,ssb-v1,0.6,16,2,467,0.002609084011055529,839876608,0.7578125
fashion_mnist,ssb-v1,0.6,16,2,468,0.02556574999471195,845070336,0.8333333333333334
fashion_mnist,ssb-v1,0.6,16,3,0,0.002550999983213842,846118912,0.8125
fashion_mnist,ssb-v1,0.6,16,3,1,0.002679833007277921,846151680,0.7890625
fashion_mnist,ssb-v1,0.6,16,3,2,0.0025682080013211817,846151680,0.84375
fashion_mnist,ssb-v1,0.6,16,3,3,0.0024905830214265734,846151680,0.8125
fashion_mnist,ssb-v1,0.6,16,3,4,0.002571625023847446,846151680,0.8828125
fashion_mnist,ssb-v1,0.6,16,3,5,0.009679750015493482,847036416,0.8359375
fashion_mnist,ssb-v1,0.6,16,3,6,0.0024672499857842922,847282176,0.875
fashion_mnist,ssb-v1,0.6,16,3,7,0.002616874990053475,847527936,0.8125
fashion_mnist,ssb-v1,0.6,16,3,8,0.002512290986487642,847757312,0.890625
fashion_mnist,ssb-v1,0.6,16,3,9,0.002528665994759649,847757312,0.8984375
fashion_mnist,ssb-v1,0.6,16,3,10,0.002391332993283868,847757312,0.8203125
fashion_mnist,ssb-v1,0.6,16,3,11,0.002587124996352941,847757312,0.8671875
fashion_mnist,ssb-v1,0.6,16,3,12,0.0026274579868186265,847757312,0.8515625
fashion_mnist,ssb-v1,0.6,16,3,13,0.002470000006724149,847757312,0.8671875
fashion_mnist,ssb-v1,0.6,16,3,14,0.002610374998766929,847757312,0.8359375
fashion_mnist,ssb-v1,0.6,16,3,15,0.0025527079997118562,847757312,0.828125
fashion_mnist,ssb-v1,0.6,16,3,16,0.0024932090018410236,847757312,0.8359375
fashion_mnist,ssb-v1,0.6,16,3,17,0.002394207986071706,847757312,0.8359375
fashion_mnist,ssb-v1,0.6,16,3,18,0.0025356670084875077,847757312,0.875
fashion_mnist,ssb-v1,0.6,16,3,19,0.0024554999836254865,847757312,0.8515625
fashion_mnist,ssb-v1,0.6,16,3,20,0.002587124996352941,847757312,0.8828125
fashion_mnist,ssb-v1,0.6,16,3,21,0.0024893749796319753,847757312,0.828125
fashion_mnist,ssb-v1,0.6,16,3,22,0.0023652079980820417,847757312,0.8203125
fashion_mnist,ssb-v1,0.6,16,3,23,0.002482165989931673,847757312,0.8671875
fashion_mnist,ssb-v1,0.6,16,3,24,0.0024567910004407167,847757312,0.8125
fashion_mnist,ssb-v1,0.6,16,3,25,0.0025154580071102828,847757312,0.8671875
fashion_mnist,ssb-v1,0.6,16,3,26,0.002459917013766244,847757312,0.8046875
fashion_mnist,ssb-v1,0.6,16,3,27,0.0025287909957114607,847757312,0.8515625
fashion_mnist,ssb-v1,0.6,16,3,28,0.002493415988283232,847757312,0.8984375
fashion_mnist,ssb-v1,0.6,16,3,29,0.0024679999914951622,847757312,0.90625
fashion_mnist,ssb-v1,0.6,16,3,30,0.002533666993258521,847757312,0.90625
fashion_mnist,ssb-v1,0.6,16,3,31,0.002418333024252206,847757312,0.8671875
fashion_mnist,ssb-v1,0.6,16,3,32,0.0025449999957345426,847757312,0.828125
fashion_mnist,ssb-v1,0.6,16,3,33,0.0023922919936012477,847757312,0.7734375
fashion_mnist,ssb-v1,0.6,16,3,34,0.0026700840098783374,847757312,0.8125
fashion_mnist,ssb-v1,0.6,16,3,35,0.00235312498989515,847757312,0.828125
fashion_mnist,ssb-v1,0.6,16,3,36,0.0025229169987142086,847757312,0.8359375
fashion_mnist,ssb-v1,0.6,16,3,37,0.002388499997323379,847757312,0.8125
fashion_mnist,ssb-v1,0.6,16,3,38,0.00240679201669991,847757312,0.8125
fashion_mnist,ssb-v1,0.6,16,3,39,0.00250716699520126,847757312,0.8203125
fashion_mnist,ssb-v1,0.6,16,3,40,0.0024346660065930337,847757312,0.8203125
fashion_mnist,ssb-v1,0.6,16,3,41,0.002467500016791746,847757312,0.8359375
fashion_mnist,ssb-v1,0.6,16,3,42,0.002353583986405283,847757312,0.78125
fashion_mnist,ssb-v1,0.6,16,3,43,0.0025519169867038727,847757312,0.8828125
fashion_mnist,ssb-v1,0.6,16,3,44,0.0024807500012684613,847757312,0.828125
fashion_mnist,ssb-v1,0.6,16,3,45,0.002409292006632313,847757312,0.90625
fashion_mnist,ssb-v1,0.6,16,3,46,0.002502249990357086,847773696,0.828125
fashion_mnist,ssb-v1,0.6,16,3,47,0.002582416986115277,847773696,0.8515625
fashion_mnist,ssb-v1,0.6,16,3,48,0.002488917001755908,847773696,0.8359375
fashion_mnist,ssb-v1,0.6,16,3,49,0.002411749999737367,847773696,0.8203125
fashion_mnist,ssb-v1,0.6,16,3,50,0.0025115410098806024,847773696,0.84375
fashion_mnist,ssb-v1,0.6,16,3,51,0.0024553329858463258,847773696,0.7890625
fashion_mnist,ssb-v1,0.6,16,3,52,0.0023138750111684203,847773696,0.875
fashion_mnist,ssb-v1,0.6,16,3,53,0.0024369579914491624,847773696,0.8515625
fashion_mnist,ssb-v1,0.6,16,3,54,0.002463875018293038,847773696,0.84375
fashion_mnist,ssb-v1,0.6,16,3,55,0.0024184999929275364,847773696,0.8203125
fashion_mnist,ssb-v1,0.6,16,3,56,0.002354041993385181,847773696,0.8671875
fashion_mnist,ssb-v1,0.6,16,3,57,0.002411709021544084,847773696,0.8359375
fashion_mnist,ssb-v1,0.6,16,3,58,0.0024686249962542206,847773696,0.8359375
fashion_mnist,ssb-v1,0.6,16,3,59,0.0023642919841222465,847773696,0.796875
fashion_mnist,ssb-v1,0.6,16,3,60,0.0024279580102302134,847773696,0.7890625
fashion_mnist,ssb-v1,0.6,16,3,61,0.0025393750111106783,847773696,0.7890625
fashion_mnist,ssb-v1,0.6,16,3,62,0.002451500011375174,847773696,0.84375
fashion_mnist,ssb-v1,0.6,16,3,63,0.002582791988970712,847773696,0.765625
fashion_mnist,ssb-v1,0.6,16,3,64,0.0024169169773813337,847773696,0.7890625
fashion_mnist,ssb-v1,0.6,16,3,65,0.002510041987989098,847773696,0.8359375
fashion_mnist,ssb-v1,0.6,16,3,66,0.0024537499994039536,847773696,0.8359375
fashion_mnist,ssb-v1,0.6,16,3,67,0.002494624990504235,847773696,0.8359375
fashion_mnist,ssb-v1,0.6,16,3,68,0.002345874992897734,847773696,0.84375
fashion_mnist,ssb-v1,0.6,16,3,69,0.0024745000118855387,847773696,0.828125
fashion_mnist,ssb-v1,0.6,16,3,70,0.002481707982951775,847773696,0.8046875
fashion_mnist,ssb-v1,0.6,16,3,71,0.0024766669957898557,847773696,0.8203125
fashion_mnist,ssb-v1,0.6,16,3,72,0.0023376249882858247,847773696,0.796875
fashion_mnist,ssb-v1,0.6,16,3,73,0.0024769160081632435,847773696,0.84375
fashion_mnist,ssb-v1,0.6,16,3,74,0.0025358749844599515,847773696,0.7734375
fashion_mnist,ssb-v1,0.6,16,3,75,0.0024865000159479678,847773696,0.734375
fashion_mnist,ssb-v1,0.6,16,3,76,0.002478792011970654,847773696,0.796875
fashion_mnist,ssb-v1,0.6,16,3,77,0.0024188749957829714,847773696,0.8515625
fashion_mnist,ssb-v1,0.6,16,3,78,0.002483749995008111,847773696,0.84375
fashion_mnist,ssb-v1,0.6,16,3,79,0.0024445829913020134,847773696,0.8203125
fashion_mnist,ssb-v1,0.6,16,3,80,0.0024766669957898557,847773696,0.8203125
fashion_mnist,ssb-v1,0.6,16,3,81,0.0025393330142833292,847773696,0.75
fashion_mnist,ssb-v1,0.6,16,3,82,0.0024799169914331287,847773696,0.84375
fashion_mnist,ssb-v1,0.6,16,3,83,0.0025028329982887954,847773696,0.8828125
fashion_mnist,ssb-v1,0.6,16,3,84,0.002466291974997148,847773696,0.84375
fashion_mnist,ssb-v1,0.6,16,3,85,0.0024549159861635417,847773696,0.8046875
fashion_mnist,ssb-v1,0.6,16,3,86,0.0024759589869063348,847773696,0.8046875
fashion_mnist,ssb-v1,0.6,16,3,87,0.0024667090037837625,847773696,0.8046875
fashion_mnist,ssb-v1,0.6,16,3,88,0.002503708004951477,847773696,0.7734375
fashion_mnist,ssb-v1,0.6,16,3,89,0.0025386659835930914,847773696,0.7578125
fashion_mnist,ssb-v1,0.6,16,3,90,0.002519000001484528,847773696,0.8359375
fashion_mnist,ssb-v1,0.6,16,3,91,0.002505874988855794,847773696,0.875
fashion_mnist,ssb-v1,0.6,16,3,92,0.0024046250036917627,847773696,0.859375
fashion_mnist,ssb-v1,0.6,16,3,93,0.0024082910094875842,847773696,0.8203125
fashion_mnist,ssb-v1,0.6,16,3,94,0.002491416991688311,847773696,0.875
fashion_mnist,ssb-v1,0.6,16,3,95,0.0024776669743005186,847773696,0.8515625
fashion_mnist,ssb-v1,0.6,16,3,96,0.0024983329931274056,847773696,0.7890625
fashion_mnist,ssb-v1,0.6,16,3,97,0.0023087089939508587,847773696,0.890625
fashion_mnist,ssb-v1,0.6,16,3,98,0.002485166012775153,847790080,0.8828125
fashion_mnist,ssb-v1,0.6,16,3,99,0.0023745000071357936,847790080,0.8203125
fashion_mnist,ssb-v1,0.6,16,3,100,0.0024982080212794244,847790080,0.828125
fashion_mnist,ssb-v1,0.6,16,3,101,0.0024868329928722233,847790080,0.7890625
fashion_mnist,ssb-v1,0.6,16,3,102,0.0024514999822713435,847790080,0.84375
fashion_mnist,ssb-v1,0.6,16,3,103,0.002522624999983236,847790080,0.828125
fashion_mnist,ssb-v1,0.6,16,3,104,0.0024845840234775096,847790080,0.84375
fashion_mnist,ssb-v1,0.6,16,3,105,0.002505792013835162,847790080,0.8828125
fashion_mnist,ssb-v1,0.6,16,3,106,0.002506542019546032,847790080,0.84375
fashion_mnist,ssb-v1,0.6,16,3,107,0.002458999981172383,847790080,0.8203125
fashion_mnist,ssb-v1,0.6,16,3,108,0.0024390830076299608,847790080,0.8359375
fashion_mnist,ssb-v1,0.6,16,3,109,0.0025222919939551502,847790080,0.8203125
fashion_mnist,ssb-v1,0.6,16,3,110,0.002396083000348881,847790080,0.859375
fashion_mnist,ssb-v1,0.6,16,3,111,0.0025596249906811863,847790080,0.921875
fashion_mnist,ssb-v1,0.6,16,3,112,0.0024265839892905205,847790080,0.828125
fashion_mnist,ssb-v1,0.6,16,3,113,0.00243483399390243,847790080,0.859375
fashion_mnist,ssb-v1,0.6,16,3,114,0.002424667007289827,847790080,0.796875
fashion_mnist,ssb-v1,0.6,16,3,115,0.002368665998801589,847790080,0.8359375
fashion_mnist,ssb-v1,0.6,16,3,116,0.002497290988685563,847790080,0.796875
fashion_mnist,ssb-v1,0.6,16,3,117,0.0024707499833311886,847790080,0.8203125
fashion_mnist,ssb-v1,0.6,16,3,118,0.0024639999901410192,847790080,0.796875
fashion_mnist,ssb-v1,0.6,16,3,119,0.0024906250182539225,847790080,0.8359375
fashion_mnist,ssb-v1,0.6,16,3,120,0.0024071669904515147,847790080,0.84375
fashion_mnist,ssb-v1,0.6,16,3,121,0.0024655000015627593,847806464,0.8359375
fashion_mnist,ssb-v1,0.6,16,3,122,0.0024584580096416175,847806464,0.8125
fashion_mnist,ssb-v1,0.6,16,3,123,0.0024771659809630364,847806464,0.7890625
fashion_mnist,ssb-v1,0.6,16,3,124,0.002446499973302707,847806464,0.8125
fashion_mnist,ssb-v1,0.6,16,3,125,0.0024566669890191406,847806464,0.8359375
fashion_mnist,ssb-v1,0.6,16,3,126,0.0024055420071817935,847806464,0.8203125
fashion_mnist,ssb-v1,0.6,16,3,127,0.002402999991318211,847806464,0.796875
fashion_mnist,ssb-v1,0.6,16,3,128,0.00237499998183921,847806464,0.796875
fashion_mnist,ssb-v1,0.6,16,3,129,0.0025197909853886813,847806464,0.78125
fashion_mnist,ssb-v1,0.6,16,3,130,0.0023996249947231263,847806464,0.796875
fashion_mnist,ssb-v1,0.6,16,3,131,0.00246566699934192,847806464,0.8515625
fashion_mnist,ssb-v1,0.6,16,3,132,0.002469333994667977,847806464,0.875
fashion_mnist,ssb-v1,0.6,16,3,133,0.0023161670251283795,847806464,0.8359375
fashion_mnist,ssb-v1,0.6,16,3,134,0.0026138749963138252,847806464,0.828125
fashion_mnist,ssb-v1,0.6,16,3,135,0.0024470420030411333,847806464,0.7578125
fashion_mnist,ssb-v1,0.6,16,3,136,0.002455125009873882,847806464,0.875
fashion_mnist,ssb-v1,0.6,16,3,137,0.0025023329944815487,847806464,0.859375
fashion_mnist,ssb-v1,0.6,16,3,138,0.002401667006779462,847806464,0.8359375
fashion_mnist,ssb-v1,0.6,16,3,139,0.002492583997081965,847806464,0.859375
fashion_mnist,ssb-v1,0.6,16,3,140,0.0022975410101935267,847806464,0.859375
fashion_mnist,ssb-v1,0.6,16,3,141,0.0025089590053539723,847806464,0.8515625
fashion_mnist,ssb-v1,0.6,16,3,142,0.0024028749903663993,847806464,0.8203125
fashion_mnist,ssb-v1,0.6,16,3,143,0.002445999998599291,847806464,0.84375
fashion_mnist,ssb-v1,0.6,16,3,144,0.00958991699735634,848510976,0.828125
fashion_mnist,ssb-v1,0.6,16,3,145,0.0023994999937713146,848510976,0.8828125
fashion_mnist,ssb-v1,0.6,16,3,146,0.0027083749882876873,848920576,0.84375
fashion_mnist,ssb-v1,0.6,16,3,147,0.002444665995426476,849199104,0.796875
fashion_mnist,ssb-v1,0.6,16,3,148,0.0025076250021811575,849215488,0.796875
fashion_mnist,ssb-v1,0.6,16,3,149,0.002432125009363517,849215488,0.7734375
fashion_mnist,ssb-v1,0.6,16,3,150,0.00835362501675263,850067456,0.8515625
fashion_mnist,ssb-v1,0.6,16,3,151,0.0023855839972384274,850116608,0.8125
fashion_mnist,ssb-v1,0.6,16,3,152,0.002560875000199303,850231296,0.859375
fashion_mnist,ssb-v1,0.6,16,3,153,0.002493457985110581,850231296,0.8671875
fashion_mnist,ssb-v1,0.6,16,3,154,0.0025747499894350767,850231296,0.78125
fashion_mnist,ssb-v1,0.6,16,3,155,0.0024956669949460775,850231296,0.84375
fashion_mnist,ssb-v1,0.6,16,3,156,0.002494540996849537,850231296,0.8203125
fashion_mnist,ssb-v1,0.6,16,3,157,0.002477250003721565,850231296,0.8515625
fashion_mnist,ssb-v1,0.6,16,3,158,0.0024044169986154884,850706432,0.8046875
fashion_mnist,ssb-v1,0.6,16,3,159,0.002474790991982445,850706432,0.875
fashion_mnist,ssb-v1,0.6,16,3,160,0.00248733299667947,850706432,0.796875
fashion_mnist,ssb-v1,0.6,16,3,161,0.0025383339961990714,850722816,0.8125
fashion_mnist,ssb-v1,0.6,16,3,162,0.0024815420038066804,850722816,0.75
fashion_mnist,ssb-v1,0.6,16,3,163,0.0026267089997418225,850722816,0.7265625
fashion_mnist,ssb-v1,0.6,16,3,164,0.0025132499868050218,850722816,0.765625
fashion_mnist,ssb-v1,0.6,16,3,165,0.0024817080120556056,850722816,0.875
fashion_mnist,ssb-v1,0.6,16,3,166,0.002497625013347715,850722816,0.8359375
fashion_mnist,ssb-v1,0.6,16,3,167,0.002483709016814828,850722816,0.84375
fashion_mnist,ssb-v1,0.6,16,3,168,0.0024070829967968166,850739200,0.84375
fashion_mnist,ssb-v1,0.6,16,3,169,0.0024613749992568046,850739200,0.78125
fashion_mnist,ssb-v1,0.6,16,3,170,0.0024461249995511025,850739200,0.9140625
fashion_mnist,ssb-v1,0.6,16,3,171,0.002432791981846094,850739200,0.828125
fashion_mnist,ssb-v1,0.6,16,3,172,0.009247165988199413,851787776,0.796875
fashion_mnist,ssb-v1,0.6,16,3,173,0.00278395798522979,851787776,0.8671875
fashion_mnist,ssb-v1,0.6,16,3,174,0.0024979579902719706,851804160,0.8515625
fashion_mnist,ssb-v1,0.6,16,3,175,0.0024949589860625565,851804160,0.859375
fashion_mnist,ssb-v1,0.6,16,3,176,0.0025640419917181134,851804160,0.8828125
fashion_mnist,ssb-v1,0.6,16,3,177,0.002437000017380342,852049920,0.8515625
fashion_mnist,ssb-v1,0.6,16,3,178,0.002537624997785315,852049920,0.796875
fashion_mnist,ssb-v1,0.6,16,3,179,0.0025519999908283353,852066304,0.8828125
fashion_mnist,ssb-v1,0.6,16,3,180,0.002490584010956809,852426752,0.8515625
fashion_mnist,ssb-v1,0.6,16,3,181,0.002478417009115219,852426752,0.8515625
fashion_mnist,ssb-v1,0.6,16,3,182,0.002341250015888363,852426752,0.8828125
fashion_mnist,ssb-v1,0.6,16,3,183,0.002364374988246709,852426752,0.78125
fashion_mnist,ssb-v1,0.6,16,3,184,0.0025034999998752028,852426752,0.765625
fashion_mnist,ssb-v1,0.6,16,3,185,0.0024855840019881725,852426752,0.796875
fashion_mnist,ssb-v1,0.6,16,3,186,0.025010166980791837,853409792,0.828125
fashion_mnist,ssb-v1,0.6,16,3,187,0.0033460420090705156,853671936,0.828125
fashion_mnist,ssb-v1,0.6,16,3,188,0.003367291996255517,853901312,0.7890625
fashion_mnist,ssb-v1,0.6,16,3,189,0.0034893339907284826,853901312,0.84375
fashion_mnist,ssb-v1,0.6,16,3,190,0.0031300419941544533,853901312,0.8203125
fashion_mnist,ssb-v1,0.6,16,3,191,0.003044415992917493,853901312,0.8203125
fashion_mnist,ssb-v1,0.6,16,3,192,0.0033929169876500964,853901312,0.8046875
fashion_mnist,ssb-v1,0.6,16,3,193,0.003971708007156849,854147072,0.8125
fashion_mnist,ssb-v1,0.6,16,3,194,0.0038872919976711273,854147072,0.8359375
fashion_mnist,ssb-v1,0.6,16,3,195,0.003817499993601814,854147072,0.8046875
fashion_mnist,ssb-v1,0.6,16,3,196,0.003834415983874351,854147072,0.78125
fashion_mnist,ssb-v1,0.6,16,3,197,0.0034619999933056533,854147072,0.796875
fashion_mnist,ssb-v1,0.6,16,3,198,0.0031460829777643085,854147072,0.796875
fashion_mnist,ssb-v1,0.6,16,3,199,0.003132333018584177,854147072,0.796875
fashion_mnist,ssb-v1,0.6,16,3,200,0.0028332500078249723,854147072,0.890625
fashion_mnist,ssb-v1,0.6,16,3,201,0.002749000006588176,854147072,0.78125
fashion_mnist,ssb-v1,0.6,16,3,202,0.002561250003054738,854147072,0.828125
fashion_mnist,ssb-v1,0.6,16,3,203,0.002426791994366795,854147072,0.828125
fashion_mnist,ssb-v1,0.6,16,3,204,0.0025842080067377537,854147072,0.8359375
fashion_mnist,ssb-v1,0.6,16,3,205,0.0024618750030640513,854147072,0.8203125
fashion_mnist,ssb-v1,0.6,16,3,206,0.0024094169784802943,854147072,0.875
fashion_mnist,ssb-v1,0.6,16,3,207,0.002350416994886473,854147072,0.84375
fashion_mnist,ssb-v1,0.6,16,3,208,0.0024232919968198985,854147072,0.859375
fashion_mnist,ssb-v1,0.6,16,3,209,0.002402624988462776,854147072,0.8828125
fashion_mnist,ssb-v1,0.6,16,3,210,0.002420167002128437,854147072,0.8359375
fashion_mnist,ssb-v1,0.6,16,3,211,0.0024725830007810146,854147072,0.8671875
fashion_mnist,ssb-v1,0.6,16,3,212,0.0025175829941872507,854147072,0.84375
fashion_mnist,ssb-v1,0.6,16,3,213,0.0024909169878810644,854147072,0.8828125
fashion_mnist,ssb-v1,0.6,16,3,214,0.002480417024344206,854147072,0.796875
fashion_mnist,ssb-v1,0.6,16,3,215,0.0024922080046962947,854147072,0.8515625
fashion_mnist,ssb-v1,0.6,16,3,216,0.0026130419864784926,854147072,0.7890625
fashion_mnist,ssb-v1,0.6,16,3,217,0.002328875008970499,854147072,0.875
fashion_mnist,ssb-v1,0.6,16,3,218,0.0024516659905202687,854147072,0.890625
fashion_mnist,ssb-v1,0.6,16,3,219,0.002435125003103167,854147072,0.8671875
fashion_mnist,ssb-v1,0.6,16,3,220,0.002489166014129296,854147072,0.8125
fashion_mnist,ssb-v1,0.6,16,3,221,0.0023917500220704824,854147072,0.859375
fashion_mnist,ssb-v1,0.6,16,3,222,0.0024095420085359365,854147072,0.8828125
fashion_mnist,ssb-v1,0.6,16,3,223,0.002621416002511978,854147072,0.796875
fashion_mnist,ssb-v1,0.6,16,3,224,0.002404500002739951,854147072,0.8359375
fashion_mnist,ssb-v1,0.6,16,3,225,0.0023794579901732504,854147072,0.859375
fashion_mnist,ssb-v1,0.6,16,3,226,0.0023704160121269524,854147072,0.8125
fashion_mnist,ssb-v1,0.6,16,3,227,0.002486249984940514,854147072,0.828125
fashion_mnist,ssb-v1,0.6,16,3,228,0.0024738330102991313,854147072,0.8203125
fashion_mnist,ssb-v1,0.6,16,3,229,0.002348332986002788,854147072,0.78125
fashion_mnist,ssb-v1,0.6,16,3,230,0.002452709013596177,854147072,0.875
fashion_mnist,ssb-v1,0.6,16,3,231,0.002334833989152685,854147072,0.8359375
fashion_mnist,ssb-v1,0.6,16,3,232,0.002564833004726097,854147072,0.796875
fashion_mnist,ssb-v1,0.6,16,3,233,0.002406957995845005,854163456,0.8125
fashion_mnist,ssb-v1,0.6,16,3,234,0.002394417009782046,854163456,0.859375
fashion_mnist,ssb-v1,0.6,16,3,235,0.0024400420079473406,854163456,0.84375
fashion_mnist,ssb-v1,0.6,16,3,236,0.002389416011283174,854163456,0.8359375
fashion_mnist,ssb-v1,0.6,16,3,237,0.0024846660089679062,854163456,0.8671875
fashion_mnist,ssb-v1,0.6,16,3,238,0.0024200839980039746,854163456,0.84375
fashion_mnist,ssb-v1,0.6,16,3,239,0.002333667012862861,854163456,0.84375
fashion_mnist,ssb-v1,0.6,16,3,240,0.002550790988607332,854163456,0.8046875
fashion_mnist,ssb-v1,0.6,16,3,241,0.0024538750003557652,854163456,0.8984375
fashion_mnist,ssb-v1,0.6,16,3,242,0.0024323330144397914,854163456,0.8359375
fashion_mnist,ssb-v1,0.6,16,3,243,0.002466916019329801,854163456,0.7578125
fashion_mnist,ssb-v1,0.6,16,3,244,0.0024454159720335156,854163456,0.8359375
fashion_mnist,ssb-v1,0.6,16,3,245,0.00245349999750033,854163456,0.8828125
fashion_mnist,ssb-v1,0.6,16,3,246,0.002497750014299527,854163456,0.875
fashion_mnist,ssb-v1,0.6,16,3,247,0.0024392080085817724,854163456,0.8671875
fashion_mnist,ssb-v1,0.6,16,3,248,0.0024904999881982803,854163456,0.8203125
fashion_mnist,ssb-v1,0.6,16,3,249,0.002423208992695436,854163456,0.828125
fashion_mnist,ssb-v1,0.6,16,3,250,0.002510958001948893,854163456,0.8359375
fashion_mnist,ssb-v1,0.6,16,3,251,0.002412542002275586,854163456,0.859375
fashion_mnist,ssb-v1,0.6,16,3,252,0.002326916001038626,854163456,0.859375
fashion_mnist,ssb-v1,0.6,16,3,253,0.0024678329937160015,854163456,0.84375
fashion_mnist,ssb-v1,0.6,16,3,254,0.0024491250223945826,854163456,0.8359375
fashion_mnist,ssb-v1,0.6,16,3,255,0.0024622500059194863,854163456,0.875
fashion_mnist,ssb-v1,0.6,16,3,256,0.002465249999659136,854163456,0.828125
fashion_mnist,ssb-v1,0.6,16,3,257,0.0024565829953644425,854163456,0.84375
fashion_mnist,ssb-v1,0.6,16,3,258,0.002481790987076238,854163456,0.84375
fashion_mnist,ssb-v1,0.6,16,3,259,0.0025942080246750265,854163456,0.796875
fashion_mnist,ssb-v1,0.6,16,3,260,0.002424374979455024,854163456,0.7734375
fashion_mnist,ssb-v1,0.6,16,3,261,0.0025597909989301115,854163456,0.859375
fashion_mnist,ssb-v1,0.6,16,3,262,0.0024770000018179417,854163456,0.8046875
fashion_mnist,ssb-v1,0.6,16,3,263,0.002428125008009374,854163456,0.8359375
fashion_mnist,ssb-v1,0.6,16,3,264,0.00879366698791273,855261184,0.8671875
fashion_mnist,ssb-v1,0.6,16,3,265,0.0024545420019421726,855261184,0.828125
fashion_mnist,ssb-v1,0.6,16,3,266,0.0025156670017167926,855506944,0.828125
fashion_mnist,ssb-v1,0.6,16,3,267,0.00254341698018834,855506944,0.84375
fashion_mnist,ssb-v1,0.6,16,3,268,0.0025350000069011003,855883776,0.859375
fashion_mnist,ssb-v1,0.6,16,3,269,0.0025430420064367354,855883776,0.8359375
fashion_mnist,ssb-v1,0.6,16,3,270,0.0025208329898305237,855883776,0.8046875
fashion_mnist,ssb-v1,0.6,16,3,271,0.0025021669862326235,855883776,0.8203125
fashion_mnist,ssb-v1,0.6,16,3,272,0.0024788749869912863,855883776,0.8359375
fashion_mnist,ssb-v1,0.6,16,3,273,0.0024599169846624136,855883776,0.8125
fashion_mnist,ssb-v1,0.6,16,3,274,0.0024357079819310457,855883776,0.8359375
fashion_mnist,ssb-v1,0.6,16,3,275,0.002472541993483901,855883776,0.796875
fashion_mnist,ssb-v1,0.6,16,3,276,0.0023852910089772195,855883776,0.8203125
fashion_mnist,ssb-v1,0.6,16,3,277,0.0025741249846760184,855883776,0.8046875
fashion_mnist,ssb-v1,0.6,16,3,278,0.0023540840193163604,855883776,0.8359375
fashion_mnist,ssb-v1,0.6,16,3,279,0.002496749977581203,855883776,0.8359375
fashion_mnist,ssb-v1,0.6,16,3,280,0.0026078329829033464,855883776,0.8515625
fashion_mnist,ssb-v1,0.6,16,3,281,0.0024793750199023634,855883776,0.828125
fashion_mnist,ssb-v1,0.6,16,3,282,0.002492083003744483,855883776,0.875
fashion_mnist,ssb-v1,0.6,16,3,283,0.002414042013697326,855883776,0.8359375
fashion_mnist,ssb-v1,0.6,16,3,284,0.0024601659970358014,855883776,0.890625
fashion_mnist,ssb-v1,0.6,16,3,285,0.0023331670090556145,855883776,0.796875
fashion_mnist,ssb-v1,0.6,16,3,286,0.002494500018656254,855883776,0.84375
fashion_mnist,ssb-v1,0.6,16,3,287,0.0024720000219531357,855883776,0.828125
fashion_mnist,ssb-v1,0.6,16,3,288,0.0023745000071357936,855883776,0.8125
fashion_mnist,ssb-v1,0.6,16,3,289,0.0025826669880189,855883776,0.890625
fashion_mnist,ssb-v1,0.6,16,3,290,0.002499333000741899,855883776,0.8671875
fashion_mnist,ssb-v1,0.6,16,3,291,0.0024958330031950027,855883776,0.828125
fashion_mnist,ssb-v1,0.6,16,3,292,0.002513583021936938,855883776,0.7890625
fashion_mnist,ssb-v1,0.6,16,3,293,0.0024953339889179915,855883776,0.8359375
fashion_mnist,ssb-v1,0.6,16,3,294,0.002526249998481944,855883776,0.84375
fashion_mnist,ssb-v1,0.6,16,3,295,0.0023995839874260128,855883776,0.9296875
fashion_mnist,ssb-v1,0.6,16,3,296,0.002497750014299527,855883776,0.7578125
fashion_mnist,ssb-v1,0.6,16,3,297,0.002395791991148144,855883776,0.71875
fashion_mnist,ssb-v1,0.6,16,3,298,0.0025994169991463423,855883776,0.78125
fashion_mnist,ssb-v1,0.6,16,3,299,0.0023790409904904664,855883776,0.7734375
fashion_mnist,ssb-v1,0.6,16,3,300,0.0024976249842438847,855883776,0.7421875
fashion_mnist,ssb-v1,0.6,16,3,301,0.002515333006158471,855883776,0.7890625
fashion_mnist,ssb-v1,0.6,16,3,302,0.002453666995279491,855883776,0.78125
fashion_mnist,ssb-v1,0.6,16,3,303,0.002465249999659136,855883776,0.7890625
fashion_mnist,ssb-v1,0.6,16,3,304,0.0024047920014709234,855883776,0.875
fashion_mnist,ssb-v1,0.6,16,3,305,0.0025282499846071005,855883776,0.8203125
fashion_mnist,ssb-v1,0.6,16,3,306,0.0024634579895064235,855883776,0.84375
fashion_mnist,ssb-v1,0.6,16,3,307,0.0024023749865591526,855883776,0.890625
fashion_mnist,ssb-v1,0.6,16,3,308,0.0024939579889178276,855883776,0.8984375
fashion_mnist,ssb-v1,0.6,16,3,309,0.00237649999326095,855883776,0.8359375
fashion_mnist,ssb-v1,0.6,16,3,310,0.002472292020684108,855883776,0.8671875
fashion_mnist,ssb-v1,0.6,16,3,311,0.00243633400532417,855883776,0.8125
fashion_mnist,ssb-v1,0.6,16,3,312,0.002474959008395672,855883776,0.8671875
fashion_mnist,ssb-v1,0.6,16,3,313,0.0024705830146558583,855883776,0.75
fashion_mnist,ssb-v1,0.6,16,3,314,0.0023472080065403134,855883776,0.8046875
fashion_mnist,ssb-v1,0.6,16,3,315,0.002435500005958602,855883776,0.8046875
fashion_mnist,ssb-v1,0.6,16,3,316,0.0024561670143157244,855883776,0.8203125
fashion_mnist,ssb-v1,0.6,16,3,317,0.002482624986441806,855883776,0.75
fashion_mnist,ssb-v1,0.6,16,3,318,0.002466999983880669,855883776,0.765625
fashion_mnist,ssb-v1,0.6,16,3,319,0.0023998329997994006,855883776,0.796875
fashion_mnist,ssb-v1,0.6,16,3,320,0.0025716669915709645,855883776,0.828125
fashion_mnist,ssb-v1,0.6,16,3,321,0.0024920419964473695,855883776,0.8046875
fashion_mnist,ssb-v1,0.6,16,3,322,0.0024550840025767684,855883776,0.7734375
fashion_mnist,ssb-v1,0.6,16,3,323,0.002533416001824662,855883776,0.765625
fashion_mnist,ssb-v1,0.6,16,3,324,0.00247912501799874,855883776,0.7890625
fashion_mnist,ssb-v1,0.6,16,3,325,0.0025486249942332506,855883776,0.8203125
fashion_mnist,ssb-v1,0.6,16,3,326,0.002458208007737994,855883776,0.796875
fashion_mnist,ssb-v1,0.6,16,3,327,0.002422541001578793,855883776,0.7734375
fashion_mnist,ssb-v1,0.6,16,3,328,0.002402000012807548,855883776,0.7890625
fashion_mnist,ssb-v1,0.6,16,3,329,0.0025744580198079348,855883776,0.796875
fashion_mnist,ssb-v1,0.6,16,3,330,0.002500500006135553,855883776,0.8125
fashion_mnist,ssb-v1,0.6,16,3,331,0.0023482910182792693,855883776,0.796875
fashion_mnist,ssb-v1,0.6,16,3,332,0.002475167013471946,855883776,0.859375
fashion_mnist,ssb-v1,0.6,16,3,333,0.0023701250029262155,855883776,0.875
fashion_mnist,ssb-v1,0.6,16,3,334,0.002571250020992011,855883776,0.8046875
fashion_mnist,ssb-v1,0.6,16,3,335,0.002458333008689806,855883776,0.7890625
fashion_mnist,ssb-v1,0.6,16,3,336,0.00252829201053828,855883776,0.8125
fashion_mnist,ssb-v1,0.6,16,3,337,0.002447917009703815,855883776,0.7890625
fashion_mnist,ssb-v1,0.6,16,3,338,0.00257895901449956,855883776,0.859375
fashion_mnist,ssb-v1,0.6,16,3,339,0.0025030410033650696,855883776,0.828125
fashion_mnist,ssb-v1,0.6,16,3,340,0.002410375018371269,855883776,0.8359375
fashion_mnist,ssb-v1,0.6,16,3,341,0.0024604169884696603,855883776,0.84375
fashion_mnist,ssb-v1,0.6,16,3,342,0.002359540987526998,855883776,0.890625
fashion_mnist,ssb-v1,0.6,16,3,343,0.002502207993529737,855883776,0.828125
fashion_mnist,ssb-v1,0.6,16,3,344,0.0023596250102855265,855883776,0.8359375
fashion_mnist,ssb-v1,0.6,16,3,345,0.002353208023123443,855883776,0.859375
fashion_mnist,ssb-v1,0.6,16,3,346,0.0026156250096391886,855883776,0.8828125
fashion_mnist,ssb-v1,0.6,16,3,347,0.00255183398257941,855883776,0.8046875
fashion_mnist,ssb-v1,0.6,16,3,348,0.00245800000266172,855883776,0.8203125
fashion_mnist,ssb-v1,0.6,16,3,349,0.002508709003450349,855900160,0.8203125
fashion_mnist,ssb-v1,0.6,16,3,350,0.0024316670023836195,855900160,0.890625
fashion_mnist,ssb-v1,0.6,16,3,351,0.002477292000548914,855916544,0.8984375
fashion_mnist,ssb-v1,0.6,16,3,352,0.0023809999984223396,855916544,0.84375
fashion_mnist,ssb-v1,0.6,16,3,353,0.0024702080118004233,855916544,0.8125
fashion_mnist,ssb-v1,0.6,16,3,354,0.0024792499898467213,855916544,0.828125
fashion_mnist,ssb-v1,0.6,16,3,355,0.0024182920169550925,855916544,0.828125
fashion_mnist,ssb-v1,0.6,16,3,356,0.0025110000278800726,855916544,0.875
fashion_mnist,ssb-v1,0.6,16,3,357,0.0023603750159963965,855916544,0.8125
fashion_mnist,ssb-v1,0.6,16,3,358,0.002516500011552125,855916544,0.84375
fashion_mnist,ssb-v1,0.6,16,3,359,0.0023902909888420254,855916544,0.828125
fashion_mnist,ssb-v1,0.6,16,3,360,0.0025043330097105354,855916544,0.8515625
fashion_mnist,ssb-v1,0.6,16,3,361,0.0024409579928033054,855916544,0.875
fashion_mnist,ssb-v1,0.6,16,3,362,0.0024931250081863254,855916544,0.828125
fashion_mnist,ssb-v1,0.6,16,3,363,0.0024758340150583535,855916544,0.8203125
fashion_mnist,ssb-v1,0.6,16,3,364,0.0023821670038159937,855916544,0.875
fashion_mnist,ssb-v1,0.6,16,3,365,0.002375999989453703,855916544,0.84375
fashion_mnist,ssb-v1,0.6,16,3,366,0.0023635419784113765,855916544,0.8671875
fashion_mnist,ssb-v1,0.6,16,3,367,0.0025354999816045165,855916544,0.84375
fashion_mnist,ssb-v1,0.6,16,3,368,0.0024424160073976964,855916544,0.8671875
fashion_mnist,ssb-v1,0.6,16,3,369,0.002387249987805262,855916544,0.8046875
fashion_mnist,ssb-v1,0.6,16,3,370,0.009571541013428941,856866816,0.8828125
fashion_mnist,ssb-v1,0.6,16,3,371,0.002306708018295467,856866816,0.828125
fashion_mnist,ssb-v1,0.6,16,3,372,0.0025369159993715584,857243648,0.8203125
fashion_mnist,ssb-v1,0.6,16,3,373,0.002414875023532659,857538560,0.859375
fashion_mnist,ssb-v1,0.6,16,3,374,0.002468541992129758,857538560,0.8203125
fashion_mnist,ssb-v1,0.6,16,3,375,0.0023871669836807996,857538560,0.84375
fashion_mnist,ssb-v1,0.6,16,3,376,0.002544832997955382,857538560,0.859375
fashion_mnist,ssb-v1,0.6,16,3,377,0.002474082983098924,857538560,0.8046875
fashion_mnist,ssb-v1,0.6,16,3,378,0.002504416013834998,857538560,0.8359375
fashion_mnist,ssb-v1,0.6,16,3,379,0.0024995830026455224,857538560,0.7421875
fashion_mnist,ssb-v1,0.6,16,3,380,0.0024912079970818013,857538560,0.8359375
fashion_mnist,ssb-v1,0.6,16,3,381,0.002481250005075708,857538560,0.8515625
fashion_mnist,ssb-v1,0.6,16,3,382,0.0024828750174492598,857538560,0.828125
fashion_mnist,ssb-v1,0.6,16,3,383,0.0024540830054320395,857538560,0.859375
fashion_mnist,ssb-v1,0.6,16,3,384,0.002426041988655925,857538560,0.8359375
fashion_mnist,ssb-v1,0.6,16,3,385,0.002562040986958891,857538560,0.8125
fashion_mnist,ssb-v1,0.6,16,3,386,0.0023771660053171217,857538560,0.75
fashion_mnist,ssb-v1,0.6,16,3,387,0.0026097090158145875,857538560,0.859375
fashion_mnist,ssb-v1,0.6,16,3,388,0.00249520898796618,857538560,0.8359375
fashion_mnist,ssb-v1,0.6,16,3,389,0.002456541988067329,857538560,0.8125
fashion_mnist,ssb-v1,0.6,16,3,390,0.002555458020651713,857538560,0.765625
fashion_mnist,ssb-v1,0.6,16,3,391,0.0023832909937482327,857538560,0.8359375
fashion_mnist,ssb-v1,0.6,16,3,392,0.0023335409932769835,857538560,0.875
fashion_mnist,ssb-v1,0.6,16,3,393,0.0024003330036066473,857538560,0.8359375
fashion_mnist,ssb-v1,0.6,16,3,394,0.002271208999445662,857538560,0.8671875
fashion_mnist,ssb-v1,0.6,16,3,395,0.002495332999387756,857538560,0.7421875
fashion_mnist,ssb-v1,0.6,16,3,396,0.0023799580230843276,857538560,0.8359375
fashion_mnist,ssb-v1,0.6,16,3,397,0.002306000009411946,857538560,0.8125
fashion_mnist,ssb-v1,0.6,16,3,398,0.0023612079967278987,857554944,0.8671875
fashion_mnist,ssb-v1,0.6,16,3,399,0.0024061250151135027,857554944,0.8671875
fashion_mnist,ssb-v1,0.6,16,3,400,0.0022808339854236692,857571328,0.8125
fashion_mnist,ssb-v1,0.6,16,3,401,0.002377083001192659,857571328,0.828125
fashion_mnist,ssb-v1,0.6,16,3,402,0.0024310830049216747,857571328,0.765625
fashion_mnist,ssb-v1,0.6,16,3,403,0.0023009580036159605,857571328,0.8203125
fashion_mnist,ssb-v1,0.6,16,3,404,0.002481958013959229,857571328,0.84375
fashion_mnist,ssb-v1,0.6,16,3,405,0.0023376249882858247,857571328,0.8203125
fashion_mnist,ssb-v1,0.6,16,3,406,0.00241424998966977,857571328,0.7890625
fashion_mnist,ssb-v1,0.6,16,3,407,0.0024803330015856773,857571328,0.8125
fashion_mnist,ssb-v1,0.6,16,3,408,0.002479292015777901,857571328,0.828125
fashion_mnist,ssb-v1,0.6,16,3,409,0.002602958003990352,857571328,0.7890625
fashion_mnist,ssb-v1,0.6,16,3,410,0.00245124998036772,857571328,0.796875
fashion_mnist,ssb-v1,0.6,16,3,411,0.0025344160094391555,857571328,0.8828125
fashion_mnist,ssb-v1,0.6,16,3,412,0.0023760830226819962,857571328,0.84375
fashion_mnist,ssb-v1,0.6,16,3,413,0.002612292009871453,857571328,0.8671875
fashion_mnist,ssb-v1,0.6,16,3,414,0.0024489579955115914,857571328,0.765625
fashion_mnist,ssb-v1,0.6,16,3,415,0.0025147080013994128,857571328,0.828125
fashion_mnist,ssb-v1,0.6,16,3,416,0.0024890000058803707,857571328,0.8515625
fashion_mnist,ssb-v1,0.6,16,3,417,0.002402999991318211,857571328,0.8046875
fashion_mnist,ssb-v1,0.6,16,3,418,0.0024894580128602684,857571328,0.78125
fashion_mnist,ssb-v1,0.6,16,3,419,0.002409958018688485,857571328,0.84375
fashion_mnist,ssb-v1,0.6,16,3,420,0.0024398329842370003,857571328,0.8515625
fashion_mnist,ssb-v1,0.6,16,3,421,0.002461208001477644,857571328,0.8359375
fashion_mnist,ssb-v1,0.6,16,3,422,0.002357375022256747,857571328,0.7734375
fashion_mnist,ssb-v1,0.6,16,3,423,0.002481667004758492,857571328,0.8359375
fashion_mnist,ssb-v1,0.6,16,3,424,0.002498791989637539,857571328,0.828125
fashion_mnist,ssb-v1,0.6,16,3,425,0.002606916008517146,857571328,0.8203125
fashion_mnist,ssb-v1,0.6,16,3,426,0.002505250013200566,857571328,0.828125
fashion_mnist,ssb-v1,0.6,16,3,427,0.0024770000018179417,857571328,0.7734375
fashion_mnist,ssb-v1,0.6,16,3,428,0.0024834999931044877,857571328,0.7890625
fashion_mnist,ssb-v1,0.6,16,3,429,0.0023901669774204493,857571328,0.8515625
fashion_mnist,ssb-v1,0.6,16,3,430,0.0024782909895293415,857571328,0.7890625
fashion_mnist,ssb-v1,0.6,16,3,431,0.0024097499845083803,857571328,0.7578125
fashion_mnist,ssb-v1,0.6,16,3,432,0.0024802499974612147,857571328,0.84375
fashion_mnist,ssb-v1,0.6,16,3,433,0.002464457997120917,857571328,0.8203125
fashion_mnist,ssb-v1,0.6,16,3,434,0.002489415986929089,857571328,0.859375
fashion_mnist,ssb-v1,0.6,16,3,435,0.002524458017433062,857571328,0.8203125
fashion_mnist,ssb-v1,0.6,16,3,436,0.002484833006747067,857571328,0.8203125
fashion_mnist,ssb-v1,0.6,16,3,437,0.0025280829868279397,857571328,0.84375
fashion_mnist,ssb-v1,0.6,16,3,438,0.002495083987014368,857571328,0.828125
fashion_mnist,ssb-v1,0.6,16,3,439,0.0024697920016478747,857571328,0.7578125
fashion_mnist,ssb-v1,0.6,16,3,440,0.0025108340196311474,857571328,0.859375
fashion_mnist,ssb-v1,0.6,16,3,441,0.0025213749904651195,857571328,0.875
fashion_mnist,ssb-v1,0.6,16,3,442,0.002479667018633336,857571328,0.734375
fashion_mnist,ssb-v1,0.6,16,3,443,0.0023400000063702464,857571328,0.765625
fashion_mnist,ssb-v1,0.6,16,3,444,0.002642333012772724,857571328,0.8203125
fashion_mnist,ssb-v1,0.6,16,3,445,0.002486708981450647,857571328,0.7890625
fashion_mnist,ssb-v1,0.6,16,3,446,0.0024525829940102994,857571328,0.796875
fashion_mnist,ssb-v1,0.6,16,3,447,0.002479165996192023,857571328,0.796875
fashion_mnist,ssb-v1,0.6,16,3,448,0.0024559589801356196,857571328,0.828125
fashion_mnist,ssb-v1,0.6,16,3,449,0.0024874160008039325,857571328,0.890625
fashion_mnist,ssb-v1,0.6,16,3,450,0.0023545839940197766,857587712,0.828125
fashion_mnist,ssb-v1,0.6,16,3,451,0.0025123750092461705,857587712,0.859375
fashion_mnist,ssb-v1,0.6,16,3,452,0.0024154999991878867,857587712,0.8203125
fashion_mnist,ssb-v1,0.6,16,3,453,0.0024148749944288284,857587712,0.84375
fashion_mnist,ssb-v1,0.6,16,3,454,0.0024681250215508044,857587712,0.796875
fashion_mnist,ssb-v1,0.6,16,3,455,0.002367167006013915,857587712,0.796875
fashion_mnist,ssb-v1,0.6,16,3,456,0.002522416994906962,857587712,0.8359375
fashion_mnist,ssb-v1,0.6,16,3,457,0.002543416019761935,857587712,0.8203125
fashion_mnist,ssb-v1,0.6,16,3,458,0.0024478329869452864,857587712,0.8046875
fashion_mnist,ssb-v1,0.6,16,3,459,0.0024557500146329403,857587712,0.875
fashion_mnist,ssb-v1,0.6,16,3,460,0.0024493749951943755,857587712,0.8671875
fashion_mnist,ssb-v1,0.6,16,3,461,0.0023914579942356795,857587712,0.78125
fashion_mnist,ssb-v1,0.6,16,3,462,0.0023796250170562416,857587712,0.8515625
fashion_mnist,ssb-v1,0.6,16,3,463,0.002487791993189603,857587712,0.7734375
fashion_mnist,ssb-v1,0.6,16,3,464,0.0025964999804273248,857587712,0.796875
fashion_mnist,ssb-v1,0.6,16,3,465,0.002487374993506819,857604096,0.875
fashion_mnist,ssb-v1,0.6,16,3,466,0.0024355830100830644,857604096,0.8046875
fashion_mnist,ssb-v1,0.6,16,3,467,0.0023876669874880463,857604096,0.828125
fashion_mnist,ssb-v1,0.6,16,3,468,0.02054262498859316,861749248,0.8229166666666666
