run_id,dataset,model,architecture,protocol_version,keep_ratio,block_size,seed,epoch,batch,forward_time_s,backward_time_s,memory_bytes,batch_accuracy
32b7d5fd6a30850f,svhn,ssb-v1-block,mlp,protocol-v3,0.6,32,5,1,0,0.05273995903553441,0.045187832962255925,720535552,0.046875
32b7d5fd6a30850f,svhn,ssb-v1-block,mlp,protocol-v3,0.6,32,5,1,1,0.002815874991938472,0.02456287498353049,738164736,0.171875
32b7d5fd6a30850f,svhn,ssb-v1-block,mlp,protocol-v3,0.6,32,5,1,2,0.002757333975750953,0.018406708957627416,740999168,0.2265625
32b7d5fd6a30850f,svhn,ssb-v1-block,mlp,protocol-v3,0.6,32,5,1,3,0.0019113340531475842,0.016922667040489614,744849408,0.1171875
32b7d5fd6a30850f,svhn,ssb-v1-block,mlp,protocol-v3,0.6,32,5,1,4,0.001906125049572438,0.01670141698559746,749748224,0.1484375
32b7d5fd6a30850f,svhn,ssb-v1-block,mlp,protocol-v3,0.6,32,5,1,5,0.0015621670172549784,0.012342667032498866,752091136,0.1171875
32b7d5fd6a30850f,svhn,ssb-v1-block,mlp,protocol-v3,0.6,32,5,1,6,0.0014112499775364995,0.011431708990130574,754089984,0.109375
32b7d5fd6a30850f,svhn,ssb-v1-block,mlp,protocol-v3,0.6,32,5,1,7,0.0013923750375397503,0.015286999987438321,755843072,0.0390625
32b7d5fd6a30850f,svhn,ssb-v1-block,mlp,protocol-v3,0.6,32,5,1,8,0.001949833007529378,0.006094708980526775,757350400,0.125
32b7d5fd6a30850f,svhn,ssb-v1-block,mlp,protocol-v3,0.6,32,5,1,9,0.001402291003614664,0.01885933300945908,761511936,0.1640625
32b7d5fd6a30850f,svhn,ssb-v1-block,mlp,protocol-v3,0.6,32,5,1,10,0.0014585829921998084,0.01523316599195823,764002304,0.0625
32b7d5fd6a30850f,svhn,ssb-v1-block,mlp,protocol-v3,0.6,32,5,1,11,0.0015445419703610241,0.005581583012826741,765526016,0.1171875
32b7d5fd6a30850f,svhn,ssb-v1-block,mlp,protocol-v3,0.6,32,5,1,12,0.0014655840350314975,0.010222500015515834,767229952,0.125
32b7d5fd6a30850f,svhn,ssb-v1-block,mlp,protocol-v3,0.6,32,5,1,13,0.0014363750233314931,0.0056001669727265835,767459328,0.0703125
32b7d5fd6a30850f,svhn,ssb-v1-block,mlp,protocol-v3,0.6,32,5,1,14,0.0014516660012304783,0.005366375029552728,769048576,0.1875
32b7d5fd6a30850f,svhn,ssb-v1-block,mlp,protocol-v3,0.6,32,5,1,15,0.0015385830192826688,0.005310625012498349,769081344,0.1875
32b7d5fd6a30850f,svhn,ssb-v1-block,mlp,protocol-v3,0.6,32,5,1,16,0.0015083749894984066,0.005172542005311698,769081344,0.078125
32b7d5fd6a30850f,svhn,ssb-v1-block,mlp,protocol-v3,0.6,32,5,1,17,0.0014887090073898435,0.011029459012206644,769933312,0.1015625
32b7d5fd6a30850f,svhn,ssb-v1-block,mlp,protocol-v3,0.6,32,5,1,18,0.001460166007746011,0.010897750034928322,771112960,0.109375
32b7d5fd6a30850f,svhn,ssb-v1-block,mlp,protocol-v3,0.6,32,5,1,19,0.0014067080337554216,0.005349582992494106,771424256,0.109375
32b7d5fd6a30850f,svhn,ssb-v1-block,mlp,protocol-v3,0.6,32,5,1,20,0.0014981250278651714,0.005069791979622096,771817472,0.1953125
32b7d5fd6a30850f,svhn,ssb-v1-block,mlp,protocol-v3,0.6,32,5,1,21,0.0014149160124361515,0.005282291967887431,772751360,0.1875
32b7d5fd6a30850f,svhn,ssb-v1-block,mlp,protocol-v3,0.6,32,5,1,22,0.0014502920093946159,0.005480957974214107,772767744,0.0703125
32b7d5fd6a30850f,svhn,ssb-v1-block,mlp,protocol-v3,0.6,32,5,1,23,0.0014848329592496157,0.005425292009022087,772767744,0.234375
32b7d5fd6a30850f,svhn,ssb-v1-block,mlp,protocol-v3,0.6,32,5,1,24,0.0014009999576956034,0.012001249997410923,773603328,0.0625
32b7d5fd6a30850f,svhn,ssb-v1-block,mlp,protocol-v3,0.6,32,5,1,25,0.0014404589892365038,0.005374290980398655,773799936,0.1171875
32b7d5fd6a30850f,svhn,ssb-v1-block,mlp,protocol-v3,0.6,32,5,1,26,0.0014223749749362469,0.010680167004466057,775094272,0.0859375
32b7d5fd6a30850f,svhn,ssb-v1-block,mlp,protocol-v3,0.6,32,5,1,27,0.0014540409902110696,0.010824166995007545,775749632,0.1328125
32b7d5fd6a30850f,svhn,ssb-v1-block,mlp,protocol-v3,0.6,32,5,1,28,0.001781583996489644,0.010141750040929765,777502720,0.140625
32b7d5fd6a30850f,svhn,ssb-v1-block,mlp,protocol-v3,0.6,32,5,1,29,0.0014228749787434936,0.005061124975327402,778174464,0.1640625
32b7d5fd6a30850f,svhn,ssb-v1-block,mlp,protocol-v3,0.6,32,5,1,30,0.0014625420444644988,0.011327875021379441,779239424,0.078125
32b7d5fd6a30850f,svhn,ssb-v1-block,mlp,protocol-v3,0.6,32,5,1,31,0.0017034999909810722,0.0051585829933173954,779255808,0.078125
32b7d5fd6a30850f,svhn,ssb-v1-block,mlp,protocol-v3,0.6,32,5,1,32,0.0014458330115303397,0.005098166991956532,779255808,0.0703125
32b7d5fd6a30850f,svhn,ssb-v1-block,mlp,protocol-v3,0.6,32,5,1,33,0.0014331659767776728,0.005592291010543704,779534336,0.0546875
32b7d5fd6a30850f,svhn,ssb-v1-block,mlp,protocol-v3,0.6,32,5,1,34,0.0015054160030558705,0.005237333010882139,779976704,0.1015625
32b7d5fd6a30850f,svhn,ssb-v1-block,mlp,protocol-v3,0.6,32,5,1,35,0.00147033401299268,0.005072625004686415,780369920,0.125
32b7d5fd6a30850f,svhn,ssb-v1-block,mlp,protocol-v3,0.6,32,5,1,36,0.0014314160216599703,0.005327833001501858,780369920,0.21875
32b7d5fd6a30850f,svhn,ssb-v1-block,mlp,protocol-v3,0.6,32,5,1,37,0.0014802090008743107,0.004800499998964369,780369920,0.2578125
32b7d5fd6a30850f,svhn,ssb-v1-block,mlp,protocol-v3,0.6,32,5,1,38,0.0013981660013087094,0.010456416988745332,781008896,0.2109375
32b7d5fd6a30850f,svhn,ssb-v1-block,mlp,protocol-v3,0.6,32,5,1,39,0.001503917039372027,0.005410125013440847,781008896,0.1171875
32b7d5fd6a30850f,svhn,ssb-v1-block,mlp,protocol-v3,0.6,32,5,1,40,0.0014837500057183206,0.011470750032458454,781582336,0.0703125
32b7d5fd6a30850f,svhn,ssb-v1-block,mlp,protocol-v3,0.6,32,5,1,41,0.0016130000003613532,0.010883000039029866,783106048,0.0703125
32b7d5fd6a30850f,svhn,ssb-v1-block,mlp,protocol-v3,0.6,32,5,1,42,0.0014915000065229833,0.009915250004269183,784941056,0.1640625
32b7d5fd6a30850f,svhn,ssb-v1-block,mlp,protocol-v3,0.6,32,5,1,43,0.0014000420342199504,0.010057999985292554,785711104,0.109375
32b7d5fd6a30850f,svhn,ssb-v1-block,mlp,protocol-v3,0.6,32,5,1,44,0.0014627500204369426,0.005346624995581806,786137088,0.15625
32b7d5fd6a30850f,svhn,ssb-v1-block,mlp,protocol-v3,0.6,32,5,1,45,0.0014890829916112125,0.0051955830422230065,786399232,0.0625
32b7d5fd6a30850f,svhn,ssb-v1-block,mlp,protocol-v3,0.6,32,5,1,46,0.0014899999951012433,0.005585374950896949,786399232,0.109375
32b7d5fd6a30850f,svhn,ssb-v1-block,mlp,protocol-v3,0.6,32,5,1,47,0.0014773749862797558,0.010774124995805323,787202048,0.1640625
32b7d5fd6a30850f,svhn,ssb-v1-block,mlp,protocol-v3,0.6,32,5,1,48,0.001985125010833144,0.010618416999932379,788168704,0.1953125
32b7d5fd6a30850f,svhn,ssb-v1-block,mlp,protocol-v3,0.6,32,5,1,49,0.0014766670065000653,0.0052309169550426304,789659648,0.046875
32b7d5fd6a30850f,svhn,ssb-v1-block,mlp,protocol-v3,0.6,32,5,1,50,0.0014127499889582396,0.005141125002410263,790462464,0.140625
32b7d5fd6a30850f,svhn,ssb-v1-block,mlp,protocol-v3,0.6,32,5,1,51,0.0014315000153146684,0.010668166039977223,791330816,0.21875
32b7d5fd6a30850f,svhn,ssb-v1-block,mlp,protocol-v3,0.6,32,5,1,52,0.001799000019673258,0.005280417040921748,791330816,0.1171875
32b7d5fd6a30850f,svhn,ssb-v1-block,mlp,protocol-v3,0.6,32,5,1,53,0.0014368750271387398,0.005538250028621405,791330816,0.21875
32b7d5fd6a30850f,svhn,ssb-v1-block,mlp,protocol-v3,0.6,32,5,1,54,0.0014619999565184116,0.005213833996094763,791330816,0.1171875
32b7d5fd6a30850f,svhn,ssb-v1-block,mlp,protocol-v3,0.6,32,5,1,55,0.001435916987247765,0.005239667021669447,791330816,0.1640625
32b7d5fd6a30850f,svhn,ssb-v1-block,mlp,protocol-v3,0.6,32,5,1,56,0.0014203749597072601,0.005161666020285338,791330816,0.0703125
32b7d5fd6a30850f,svhn,ssb-v1-block,mlp,protocol-v3,0.6,32,5,1,57,0.0013927090330980718,0.005311874963808805,791707648,0.1484375
32b7d5fd6a30850f,svhn,ssb-v1-block,mlp,protocol-v3,0.6,32,5,1,58,0.0013957920018583536,0.005663916002959013,791707648,0.2265625
32b7d5fd6a30850f,svhn,ssb-v1-block,mlp,protocol-v3,0.6,32,5,1,59,0.0014545419835485518,0.0051995000103488564,792051712,0.1171875
32b7d5fd6a30850f,svhn,ssb-v1-block,mlp,protocol-v3,0.6,32,5,1,60,0.0013510829885490239,0.005356042005587369,792051712,0.0234375
32b7d5fd6a30850f,svhn,ssb-v1-block,mlp,protocol-v3,0.6,32,5,1,61,0.0014874589978717268,0.005161333014257252,792051712,0.0703125
32b7d5fd6a30850f,svhn,ssb-v1-block,mlp,protocol-v3,0.6,32,5,1,62,0.0014158750418573618,0.005493832984939218,792068096,0.2109375
32b7d5fd6a30850f,svhn,ssb-v1-block,mlp,protocol-v3,0.6,32,5,1,63,0.0014787910040467978,0.005109917023219168,792068096,0.1171875
32b7d5fd6a30850f,svhn,ssb-v1-block,mlp,protocol-v3,0.6,32,5,1,64,0.001463416963815689,0.0057029579766094685,792084480,0.109375
32b7d5fd6a30850f,svhn,ssb-v1-block,mlp,protocol-v3,0.6,32,5,1,65,0.0014097500243224204,0.005456999992020428,792084480,0.0625
32b7d5fd6a30850f,svhn,ssb-v1-block,mlp,protocol-v3,0.6,32,5,1,66,0.0014092079945839942,0.005457166000269353,792084480,0.078125
32b7d5fd6a30850f,svhn,ssb-v1-block,mlp,protocol-v3,0.6,32,5,1,67,0.0015812090132385492,0.004971125046722591,792084480,0.15625
32b7d5fd6a30850f,svhn,ssb-v1-block,mlp,protocol-v3,0.6,32,5,1,68,0.0014604169991798699,0.005526125023607165,792084480,0.125
32b7d5fd6a30850f,svhn,ssb-v1-block,mlp,protocol-v3,0.6,32,5,1,69,0.0013915830058977008,0.012902666989248246,792903680,0.2109375
32b7d5fd6a30850f,svhn,ssb-v1-block,mlp,protocol-v3,0.6,32,5,1,70,0.0014701249892823398,0.005301375000271946,792903680,0.1484375
32b7d5fd6a30850f,svhn,ssb-v1-block,mlp,protocol-v3,0.6,32,5,1,71,0.001493083022069186,0.010953540971968323,793739264,0.1875
32b7d5fd6a30850f,svhn,ssb-v1-block,mlp,protocol-v3,0.6,32,5,1,72,0.0014162079896777868,0.0052722920081578195,793739264,0.0703125
32b7d5fd6a30850f,svhn,ssb-v1-block,mlp,protocol-v3,0.6,32,5,1,73,0.0014360829954966903,0.005329707986675203,793739264,0.078125
32b7d5fd6a30850f,svhn,ssb-v1-block,mlp,protocol-v3,0.6,32,5,1,74,0.0015214160084724426,0.00509187497664243,793739264,0.0703125
32b7d5fd6a30850f,svhn,ssb-v1-block,mlp,protocol-v3,0.6,32,5,1,75,0.0015008340124040842,0.005389333004131913,794509312,0.125
32b7d5fd6a30850f,svhn,ssb-v1-block,mlp,protocol-v3,0.6,32,5,1,76,0.0014897919609211385,0.005079124995972961,794509312,0.0703125
32b7d5fd6a30850f,svhn,ssb-v1-block,mlp,protocol-v3,0.6,32,5,1,77,0.0014932909980416298,0.005273334041703492,795197440,0.140625
32b7d5fd6a30850f,svhn,ssb-v1-block,mlp,protocol-v3,0.6,32,5,1,78,0.0014097499661147594,0.005110792000778019,795197440,0.15625
32b7d5fd6a30850f,svhn,ssb-v1-block,mlp,protocol-v3,0.6,32,5,1,79,0.0014798339689150453,0.005156082974281162,795197440,0.1484375
32b7d5fd6a30850f,svhn,ssb-v1-block,mlp,protocol-v3,0.6,32,5,1,80,0.001429750001989305,0.012479749973863363,796131328,0.0703125
32b7d5fd6a30850f,svhn,ssb-v1-block,mlp,protocol-v3,0.6,32,5,1,81,0.0015101670287549496,0.010355249978601933,797179904,0.15625
32b7d5fd6a30850f,svhn,ssb-v1-block,mlp,protocol-v3,0.6,32,5,1,82,0.001410124998074025,0.005343375029042363,797671424,0.1640625
32b7d5fd6a30850f,svhn,ssb-v1-block,mlp,protocol-v3,0.6,32,5,1,83,0.0014245419879443944,0.0054597919806838036,798064640,0.1328125
32b7d5fd6a30850f,svhn,ssb-v1-block,mlp,protocol-v3,0.6,32,5,1,84,0.0014368750271387398,0.005874416965525597,798064640,0.078125
32b7d5fd6a30850f,svhn,ssb-v1-block,mlp,protocol-v3,0.6,32,5,1,85,0.001469082955736667,0.005864458973519504,798064640,0.1875
32b7d5fd6a30850f,svhn,ssb-v1-block,mlp,protocol-v3,0.6,32,5,1,86,0.0014845000114291906,0.0057217919966205955,798294016,0.1484375
32b7d5fd6a30850f,svhn,ssb-v1-block,mlp,protocol-v3,0.6,32,5,1,87,0.0014087919844314456,0.005191875039599836,798294016,0.203125
32b7d5fd6a30850f,svhn,ssb-v1-block,mlp,protocol-v3,0.6,32,5,1,88,0.0014590000500902534,0.005331499967724085,798294016,0.1796875
32b7d5fd6a30850f,svhn,ssb-v1-block,mlp,protocol-v3,0.6,32,5,1,89,0.001458624959923327,0.005685292009729892,798294016,0.0390625
32b7d5fd6a30850f,svhn,ssb-v1-block,mlp,protocol-v3,0.6,32,5,1,90,0.001471750030759722,0.005080792005173862,798294016,0.0859375
32b7d5fd6a30850f,svhn,ssb-v1-block,mlp,protocol-v3,0.6,32,5,1,91,0.0014624170144088566,0.005528832960408181,798294016,0.0546875
32b7d5fd6a30850f,svhn,ssb-v1-block,mlp,protocol-v3,0.6,32,5,1,92,0.0014211660018190742,0.005712374986615032,798294016,0.0546875
32b7d5fd6a30850f,svhn,ssb-v1-block,mlp,protocol-v3,0.6,32,5,1,93,0.0014248340157791972,0.011942458047997206,799096832,0.1796875
32b7d5fd6a30850f,svhn,ssb-v1-block,mlp,protocol-v3,0.6,32,5,1,94,0.0014270839747041464,0.019836833991575986,800014336,0.2890625
32b7d5fd6a30850f,svhn,ssb-v1-block,mlp,protocol-v3,0.6,32,5,1,95,0.0013712919899262488,0.005878666008356959,800784384,0.2421875
32b7d5fd6a30850f,svhn,ssb-v1-block,mlp,protocol-v3,0.6,32,5,1,96,0.0015118330484256148,0.005633707973174751,801521664,0.2109375
32b7d5fd6a30850f,svhn,ssb-v1-block,mlp,protocol-v3,0.6,32,5,1,97,0.0014330410049296916,0.004975290969014168,801521664,0.0625
32b7d5fd6a30850f,svhn,ssb-v1-block,mlp,protocol-v3,0.6,32,5,1,98,0.0014382500085048378,0.005407499964348972,801521664,0.0859375
32b7d5fd6a30850f,svhn,ssb-v1-block,mlp,protocol-v3,0.6,32,5,1,99,0.0014224579790607095,0.005327916995156556,801538048,0.171875
32b7d5fd6a30850f,svhn,ssb-v1-block,mlp,protocol-v3,0.6,32,5,1,100,0.0014591669896617532,0.005667666962835938,801538048,0.171875
32b7d5fd6a30850f,svhn,ssb-v1-block,mlp,protocol-v3,0.6,32,5,1,101,0.0014067089650779963,0.005691041995305568,801538048,0.1484375
32b7d5fd6a30850f,svhn,ssb-v1-block,mlp,protocol-v3,0.6,32,5,1,102,0.0014312920393422246,0.007366665988229215,801538048,0.1171875
32b7d5fd6a30850f,svhn,ssb-v1-block,mlp,protocol-v3,0.6,32,5,1,103,0.001425707945600152,0.005314249952789396,801538048,0.1640625
32b7d5fd6a30850f,svhn,ssb-v1-block,mlp,protocol-v3,0.6,32,5,1,104,0.001496375014539808,0.006022999994456768,801554432,0.203125
32b7d5fd6a30850f,svhn,ssb-v1-block,mlp,protocol-v3,0.6,32,5,1,105,0.0014984580338932574,0.013150624989066273,802455552,0.203125
32b7d5fd6a30850f,svhn,ssb-v1-block,mlp,protocol-v3,0.6,32,5,1,106,0.0014409160357899964,0.005808042013086379,802455552,0.2578125
32b7d5fd6a30850f,svhn,ssb-v1-block,mlp,protocol-v3,0.6,32,5,1,107,0.001502125000115484,0.004941666033118963,802455552,0.0625
32b7d5fd6a30850f,svhn,ssb-v1-block,mlp,protocol-v3,0.6,32,5,1,108,0.0014074170030653477,0.005406416021287441,802717696,0.1015625
32b7d5fd6a30850f,svhn,ssb-v1-block,mlp,protocol-v3,0.6,32,5,1,109,0.0014607090270146728,0.011931875022128224,803422208,0.1171875
32b7d5fd6a30850f,svhn,ssb-v1-block,mlp,protocol-v3,0.6,32,5,1,110,0.0014594999956898391,0.007679332979023457,804438016,0.1484375
32b7d5fd6a30850f,svhn,ssb-v1-block,mlp,protocol-v3,0.6,32,5,1,111,0.001412290963344276,0.005320666008628905,804651008,0.2109375
32b7d5fd6a30850f,svhn,ssb-v1-block,mlp,protocol-v3,0.6,32,5,1,112,0.001462958985939622,0.005641915951855481,804651008,0.15625
32b7d5fd6a30850f,svhn,ssb-v1-block,mlp,protocol-v3,0.6,32,5,1,113,0.0014996250392869115,0.005266249994747341,804651008,0.125
32b7d5fd6a30850f,svhn,ssb-v1-block,mlp,protocol-v3,0.6,32,5,1,114,0.0014062499976716936,0.0056147080031223595,804651008,0.15625
32b7d5fd6a30850f,svhn,ssb-v1-block,mlp,protocol-v3,0.6,32,5,1,115,0.0014468339504674077,0.005654209002386779,804667392,0.125
32b7d5fd6a30850f,svhn,ssb-v1-block,mlp,protocol-v3,0.6,32,5,1,116,0.0014639589935541153,0.00573100004112348,804667392,0.1484375
32b7d5fd6a30850f,svhn,ssb-v1-block,mlp,protocol-v3,0.6,32,5,1,117,0.0013622079859487712,0.007126082957256585,804667392,0.1796875
32b7d5fd6a30850f,svhn,ssb-v1-block,mlp,protocol-v3,0.6,32,5,1,118,0.0014084999565966427,0.0059919170453213155,804667392,0.2265625
32b7d5fd6a30850f,svhn,ssb-v1-block,mlp,protocol-v3,0.6,32,5,1,119,0.0014620829606428742,0.005122583999764174,804683776,0.1640625
32b7d5fd6a30850f,svhn,ssb-v1-block,mlp,protocol-v3,0.6,32,5,1,120,0.0014586250181309879,0.005381750001106411,804683776,0.1484375
32b7d5fd6a30850f,svhn,ssb-v1-block,mlp,protocol-v3,0.6,32,5,1,121,0.001479750033468008,0.005323208984918892,804683776,0.078125
32b7d5fd6a30850f,svhn,ssb-v1-block,mlp,protocol-v3,0.6,32,5,1,122,0.0014575839741155505,0.005393792001996189,804683776,0.109375
32b7d5fd6a30850f,svhn,ssb-v1-block,mlp,protocol-v3,0.6,32,5,1,123,0.001473582990001887,0.004964749969076365,804683776,0.1328125
32b7d5fd6a30850f,svhn,ssb-v1-block,mlp,protocol-v3,0.6,32,5,1,124,0.001426458009518683,0.004726458981167525,804700160,0.1171875
32b7d5fd6a30850f,svhn,ssb-v1-block,mlp,protocol-v3,0.6,32,5,1,125,0.0014679580344818532,0.005089583981316537,804700160,0.109375
32b7d5fd6a30850f,svhn,ssb-v1-block,mlp,protocol-v3,0.6,32,5,1,126,0.0014195420080795884,0.005010041990317404,804700160,0.1328125
32b7d5fd6a30850f,svhn,ssb-v1-block,mlp,protocol-v3,0.6,32,5,1,127,0.001463458000216633,0.00524366699391976,804700160,0.1796875
32b7d5fd6a30850f,svhn,ssb-v1-block,mlp,protocol-v3,0.6,32,5,1,128,0.0014678339939564466,0.0060454169870354235,804700160,0.1640625
32b7d5fd6a30850f,svhn,ssb-v1-block,mlp,protocol-v3,0.6,32,5,1,129,0.001441959000658244,0.006073541997466236,804700160,0.203125
32b7d5fd6a30850f,svhn,ssb-v1-block,mlp,protocol-v3,0.6,32,5,1,130,0.001385957992170006,0.005634624976664782,806305792,0.171875
32b7d5fd6a30850f,svhn,ssb-v1-block,mlp,protocol-v3,0.6,32,5,1,131,0.0014431249583140016,0.0053892090218141675,806305792,0.1796875
32b7d5fd6a30850f,svhn,ssb-v1-block,mlp,protocol-v3,0.6,32,5,1,132,0.0014662910252809525,0.004892500001005828,806305792,0.1171875
32b7d5fd6a30850f,svhn,ssb-v1-block,mlp,protocol-v3,0.6,32,5,1,133,0.0014720409526489675,0.005462499975692481,806305792,0.046875
32b7d5fd6a30850f,svhn,ssb-v1-block,mlp,protocol-v3,0.6,32,5,1,134,0.0013984999968670309,0.005898166971746832,806305792,0.078125
32b7d5fd6a30850f,svhn,ssb-v1-block,mlp,protocol-v3,0.6,32,5,1,135,0.0014722920022904873,0.005334000044967979,806305792,0.1484375
32b7d5fd6a30850f,svhn,ssb-v1-block,mlp,protocol-v3,0.6,32,5,1,136,0.001475582947023213,0.005708916985895485,806305792,0.125
32b7d5fd6a30850f,svhn,ssb-v1-block,mlp,protocol-v3,0.6,32,5,1,137,0.0013913329457864165,0.005627708043903112,806322176,0.15625
32b7d5fd6a30850f,svhn,ssb-v1-block,mlp,protocol-v3,0.6,32,5,1,138,0.0014182499726302922,0.005665500008035451,806322176,0.109375
32b7d5fd6a30850f,svhn,ssb-v1-block,mlp,protocol-v3,0.6,32,5,1,139,0.0014588329941034317,0.005400875001214445,806322176,0.1484375
32b7d5fd6a30850f,svhn,ssb-v1-block,mlp,protocol-v3,0.6,32,5,1,140,0.0014533749781548977,0.005229291971772909,806322176,0.2109375
32b7d5fd6a30850f,svhn,ssb-v1-block,mlp,protocol-v3,0.6,32,5,1,141,0.0014742500497959554,0.00530108402017504,806322176,0.234375
32b7d5fd6a30850f,svhn,ssb-v1-block,mlp,protocol-v3,0.6,32,5,1,142,0.001383416005410254,0.005659750022459775,806322176,0.125
32b7d5fd6a30850f,svhn,ssb-v1-block,mlp,protocol-v3,0.6,32,5,1,143,0.0014192500384524465,0.005349499988369644,806338560,0.203125
32b7d5fd6a30850f,svhn,ssb-v1-block,mlp,protocol-v3,0.6,32,5,1,144,0.0014074579812586308,0.0049707909929566085,806338560,0.2109375
32b7d5fd6a30850f,svhn,ssb-v1-block,mlp,protocol-v3,0.6,32,5,1,145,0.0014709170209243894,0.0054448749870061874,806338560,0.1484375
32b7d5fd6a30850f,svhn,ssb-v1-block,mlp,protocol-v3,0.6,32,5,1,146,0.0014700000174343586,0.004939458041917533,806338560,0.1640625
32b7d5fd6a30850f,svhn,ssb-v1-block,mlp,protocol-v3,0.6,32,5,1,147,0.0014147090259939432,0.00534012500429526,806338560,0.140625
32b7d5fd6a30850f,svhn,ssb-v1-block,mlp,protocol-v3,0.6,32,5,1,148,0.001462250016629696,0.005382207978982478,806338560,0.0625
32b7d5fd6a30850f,svhn,ssb-v1-block,mlp,protocol-v3,0.6,32,5,1,149,0.0013812920078635216,0.00539991696132347,806338560,0.0859375
32b7d5fd6a30850f,svhn,ssb-v1-block,mlp,protocol-v3,0.6,32,5,1,150,0.0013946659746579826,0.005535500007681549,806338560,0.171875
32b7d5fd6a30850f,svhn,ssb-v1-block,mlp,protocol-v3,0.6,32,5,1,151,0.0013566669658757746,0.005991582991555333,806338560,0.1796875
32b7d5fd6a30850f,svhn,ssb-v1-block,mlp,protocol-v3,0.6,32,5,1,152,0.0014155420358292758,0.006186167011037469,806338560,0.140625
32b7d5fd6a30850f,svhn,ssb-v1-block,mlp,protocol-v3,0.6,32,5,1,153,0.0014591249637305737,0.006273375009186566,806354944,0.1875
32b7d5fd6a30850f,svhn,ssb-v1-block,mlp,protocol-v3,0.6,32,5,1,154,0.0014218330034054816,0.0048690419644117355,806354944,0.1484375
32b7d5fd6a30850f,svhn,ssb-v1-block,mlp,protocol-v3,0.6,32,5,1,155,0.001468874979764223,0.005196249985601753,806354944,0.1640625
32b7d5fd6a30850f,svhn,ssb-v1-block,mlp,protocol-v3,0.6,32,5,1,156,0.0013540409854613245,0.005172500037588179,806354944,0.1484375
32b7d5fd6a30850f,svhn,ssb-v1-block,mlp,protocol-v3,0.6,32,5,1,157,0.0013727080076932907,0.005238084006123245,806354944,0.1328125
32b7d5fd6a30850f,svhn,ssb-v1-block,mlp,protocol-v3,0.6,32,5,1,158,0.0014417499769479036,0.005593958019744605,806354944,0.140625
32b7d5fd6a30850f,svhn,ssb-v1-block,mlp,protocol-v3,0.6,32,5,1,159,0.0014385409886017442,0.005690500023774803,806354944,0.1640625
32b7d5fd6a30850f,svhn,ssb-v1-block,mlp,protocol-v3,0.6,32,5,1,160,0.0013682080316357315,0.005315624992363155,806354944,0.0703125
32b7d5fd6a30850f,svhn,ssb-v1-block,mlp,protocol-v3,0.6,32,5,1,161,0.001376959029585123,0.005486625013872981,806354944,0.1171875
32b7d5fd6a30850f,svhn,ssb-v1-block,mlp,protocol-v3,0.6,32,5,1,162,0.0013893340365029871,0.005448209005407989,806354944,0.09375
32b7d5fd6a30850f,svhn,ssb-v1-block,mlp,protocol-v3,0.6,32,5,1,163,0.001418875006493181,0.005424416041933,806387712,0.171875
32b7d5fd6a30850f,svhn,ssb-v1-block,mlp,protocol-v3,0.6,32,5,1,164,0.0014770410489290953,0.0052603340009227395,806387712,0.2421875
32b7d5fd6a30850f,svhn,ssb-v1-block,mlp,protocol-v3,0.6,32,5,1,165,0.001402875001076609,0.005294999980833381,806387712,0.203125
32b7d5fd6a30850f,svhn,ssb-v1-block,mlp,protocol-v3,0.6,32,5,1,166,0.0014702079934068024,0.013934832997620106,807092224,0.2734375
32b7d5fd6a30850f,svhn,ssb-v1-block,mlp,protocol-v3,0.6,32,5,1,167,0.0015460419817827642,0.005186708993278444,807190528,0.234375
32b7d5fd6a30850f,svhn,ssb-v1-block,mlp,protocol-v3,0.6,32,5,1,168,0.0013815840356983244,0.005027415987569839,807190528,0.203125
32b7d5fd6a30850f,svhn,ssb-v1-block,mlp,protocol-v3,0.6,32,5,1,169,0.0014770419802516699,0.005681000009644777,807190528,0.1328125
32b7d5fd6a30850f,svhn,ssb-v1-block,mlp,protocol-v3,0.6,32,5,1,170,0.001386249961797148,0.005547791952267289,807190528,0.1640625
32b7d5fd6a30850f,svhn,ssb-v1-block,mlp,protocol-v3,0.6,32,5,1,171,0.0014040840324014425,0.005653750034980476,807190528,0.1640625
32b7d5fd6a30850f,svhn,ssb-v1-block,mlp,protocol-v3,0.6,32,5,1,172,0.0014705000212416053,0.0050825829966925085,807190528,0.171875
32b7d5fd6a30850f,svhn,ssb-v1-block,mlp,protocol-v3,0.6,32,5,1,173,0.001467792026232928,0.005772541044279933,807190528,0.1328125
32b7d5fd6a30850f,svhn,ssb-v1-block,mlp,protocol-v3,0.6,32,5,1,174,0.0013912910362705588,0.006174457957968116,807190528,0.1875
32b7d5fd6a30850f,svhn,ssb-v1-block,mlp,protocol-v3,0.6,32,5,1,175,0.0014737499877810478,0.006132790993433446,807190528,0.078125
32b7d5fd6a30850f,svhn,ssb-v1-block,mlp,protocol-v3,0.6,32,5,1,176,0.001487957953941077,0.005336624977644533,807206912,0.09375
32b7d5fd6a30850f,svhn,ssb-v1-block,mlp,protocol-v3,0.6,32,5,1,177,0.0017124590231105685,0.010532999993301928,808157184,0.140625
32b7d5fd6a30850f,svhn,ssb-v1-block,mlp,protocol-v3,0.6,32,5,1,178,0.001858667004853487,0.006597624975256622,808353792,0.265625
32b7d5fd6a30850f,svhn,ssb-v1-block,mlp,protocol-v3,0.6,32,5,1,179,0.0019686249434016645,0.009831000003032386,808648704,0.21875
32b7d5fd6a30850f,svhn,ssb-v1-block,mlp,protocol-v3,0.6,32,5,1,180,0.0022487500100396574,0.006910333002451807,808648704,0.1796875
32b7d5fd6a30850f,svhn,ssb-v1-block,mlp,protocol-v3,0.6,32,5,1,181,0.0016574589535593987,0.006550708960276097,808648704,0.1796875
32b7d5fd6a30850f,svhn,ssb-v1-block,mlp,protocol-v3,0.6,32,5,1,182,0.001641915994696319,0.005433291953522712,808648704,0.1796875
32b7d5fd6a30850f,svhn,ssb-v1-block,mlp,protocol-v3,0.6,32,5,1,183,0.0014691659598611295,0.005895374983083457,808648704,0.265625
32b7d5fd6a30850f,svhn,ssb-v1-block,mlp,protocol-v3,0.6,32,5,1,184,0.0015489999786950648,0.005757040984462947,808648704,0.078125
32b7d5fd6a30850f,svhn,ssb-v1-block,mlp,protocol-v3,0.6,32,5,1,185,0.0013963329838588834,0.0051738329930230975,808648704,0.078125
32b7d5fd6a30850f,svhn,ssb-v1-block,mlp,protocol-v3,0.6,32,5,1,186,0.0014570420025847852,0.005267750006169081,808648704,0.171875
32b7d5fd6a30850f,svhn,ssb-v1-block,mlp,protocol-v3,0.6,32,5,1,187,0.0014248329680413008,0.005320125026628375,808648704,0.1328125
32b7d5fd6a30850f,svhn,ssb-v1-block,mlp,protocol-v3,0.6,32,5,1,188,0.0014835830079391599,0.012246042024344206,809500672,0.15625
32b7d5fd6a30850f,svhn,ssb-v1-block,mlp,protocol-v3,0.6,32,5,1,189,0.0015168749960139394,0.005193207995034754,809746432,0.1484375
32b7d5fd6a30850f,svhn,ssb-v1-block,mlp,protocol-v3,0.6,32,5,1,190,0.00148620898835361,0.0054695410071872175,809746432,0.140625
32b7d5fd6a30850f,svhn,ssb-v1-block,mlp,protocol-v3,0.6,32,5,1,191,0.0014816250186413527,0.005496042023878545,809746432,0.1796875
32b7d5fd6a30850f,svhn,ssb-v1-block,mlp,protocol-v3,0.6,32,5,1,192,0.0014576669782400131,0.005364458018448204,809746432,0.1953125
32b7d5fd6a30850f,svhn,ssb-v1-block,mlp,protocol-v3,0.6,32,5,1,193,0.0015406659804284573,0.005207042035181075,809746432,0.2109375
32b7d5fd6a30850f,svhn,ssb-v1-block,mlp,protocol-v3,0.6,32,5,1,194,0.001462208980228752,0.004955750016961247,809746432,0.2578125
32b7d5fd6a30850f,svhn,ssb-v1-block,mlp,protocol-v3,0.6,32,5,1,195,0.0013907919637858868,0.00480195798445493,809762816,0.203125
32b7d5fd6a30850f,svhn,ssb-v1-block,mlp,protocol-v3,0.6,32,5,1,196,0.001474624965339899,0.005599332973361015,809762816,0.171875
32b7d5fd6a30850f,svhn,ssb-v1-block,mlp,protocol-v3,0.6,32,5,1,197,0.0014678749721497297,0.005590000015217811,809762816,0.140625
32b7d5fd6a30850f,svhn,ssb-v1-block,mlp,protocol-v3,0.6,32,5,1,198,0.0014089170144870877,0.005758667015470564,809762816,0.15625
32b7d5fd6a30850f,svhn,ssb-v1-block,mlp,protocol-v3,0.6,32,5,1,199,0.001401167013682425,0.006211250030901283,809762816,0.078125
32b7d5fd6a30850f,svhn,ssb-v1-block,mlp,protocol-v3,0.6,32,5,1,200,0.0014295419678092003,0.00570854201214388,810254336,0.03125
32b7d5fd6a30850f,svhn,ssb-v1-block,mlp,protocol-v3,0.6,32,5,1,201,0.0014665419585071504,0.0054062079871073365,810270720,0.125
32b7d5fd6a30850f,svhn,ssb-v1-block,mlp,protocol-v3,0.6,32,5,1,202,0.0014707499649375677,0.005334833054803312,810270720,0.109375
32b7d5fd6a30850f,svhn,ssb-v1-block,mlp,protocol-v3,0.6,32,5,1,203,0.0014137079706415534,0.005472334043588489,810270720,0.09375
32b7d5fd6a30850f,svhn,ssb-v1-block,mlp,protocol-v3,0.6,32,5,1,204,0.0014683749759569764,0.009799749997910112,810844160,0.171875
32b7d5fd6a30850f,svhn,ssb-v1-block,mlp,protocol-v3,0.6,32,5,1,205,0.0014133750228211284,0.0054912500199861825,810844160,0.171875
32b7d5fd6a30850f,svhn,ssb-v1-block,mlp,protocol-v3,0.6,32,5,1,206,0.001403665984980762,0.005350082996301353,811089920,0.2109375
32b7d5fd6a30850f,svhn,ssb-v1-block,mlp,protocol-v3,0.6,32,5,1,207,0.001409458986017853,0.005348500038962811,811089920,0.1875
32b7d5fd6a30850f,svhn,ssb-v1-block,mlp,protocol-v3,0.6,32,5,1,208,0.001402291003614664,0.005007250001654029,811089920,0.171875
32b7d5fd6a30850f,svhn,ssb-v1-block,mlp,protocol-v3,0.6,32,5,1,209,0.0014105840236879885,0.005360584007576108,811089920,0.15625
32b7d5fd6a30850f,svhn,ssb-v1-block,mlp,protocol-v3,0.6,32,5,1,210,0.0013878750032745302,0.00571079202927649,811089920,0.046875
32b7d5fd6a30850f,svhn,ssb-v1-block,mlp,protocol-v3,0.6,32,5,1,211,0.0014427080168388784,0.00547691696556285,811089920,0.0625
32b7d5fd6a30850f,svhn,ssb-v1-block,mlp,protocol-v3,0.6,32,5,1,212,0.001378667016979307,0.012704082997515798,811859968,0.0546875
32b7d5fd6a30850f,svhn,ssb-v1-block,mlp,protocol-v3,0.6,32,5,1,213,0.0014256660360842943,0.0052606670069508255,811859968,0.1328125
32b7d5fd6a30850f,svhn,ssb-v1-block,mlp,protocol-v3,0.6,32,5,1,214,0.0014758330071344972,0.005594332993496209,812367872,0.1484375
32b7d5fd6a30850f,svhn,ssb-v1-block,mlp,protocol-v3,0.6,32,5,1,215,0.00137645797803998,0.0050580840324983,812367872,0.2109375
32b7d5fd6a30850f,svhn,ssb-v1-block,mlp,protocol-v3,0.6,32,5,1,216,0.0014125420129857957,0.005260417005047202,812810240,0.1640625
32b7d5fd6a30850f,svhn,ssb-v1-block,mlp,protocol-v3,0.6,32,5,1,217,0.0014224580372683704,0.0052237919881008565,812810240,0.1953125
32b7d5fd6a30850f,svhn,ssb-v1-block,mlp,protocol-v3,0.6,32,5,1,218,0.0014264160417951643,0.005155457998625934,812810240,0.1953125
32b7d5fd6a30850f,svhn,ssb-v1-block,mlp,protocol-v3,0.6,32,5,1,219,0.0014647080097347498,0.005738375009968877,812810240,0.265625
32b7d5fd6a30850f,svhn,ssb-v1-block,mlp,protocol-v3,0.6,32,5,1,220,0.001460583007428795,0.00566999998409301,812810240,0.203125
32b7d5fd6a30850f,svhn,ssb-v1-block,mlp,protocol-v3,0.6,32,5,1,221,0.0013776669511571527,0.005636124988086522,812810240,0.171875
32b7d5fd6a30850f,svhn,ssb-v1-block,mlp,protocol-v3,0.6,32,5,1,222,0.0014579169801436365,0.0062661669799126685,812810240,0.1015625
32b7d5fd6a30850f,svhn,ssb-v1-block,mlp,protocol-v3,0.6,32,5,1,223,0.0015080419834703207,0.005216707999352366,812810240,0.171875
32b7d5fd6a30850f,svhn,ssb-v1-block,mlp,protocol-v3,0.6,32,5,1,224,0.0013864999637007713,0.004929416987579316,812810240,0.15625
32b7d5fd6a30850f,svhn,ssb-v1-block,mlp,protocol-v3,0.6,32,5,1,225,0.0014216669951565564,0.0055513749830424786,812810240,0.125
32b7d5fd6a30850f,svhn,ssb-v1-block,mlp,protocol-v3,0.6,32,5,1,226,0.0014023749972693622,0.005051958025433123,812826624,0.125
32b7d5fd6a30850f,svhn,ssb-v1-block,mlp,protocol-v3,0.6,32,5,1,227,0.0014715829747729003,0.005074207962024957,812826624,0.1484375
32b7d5fd6a30850f,svhn,ssb-v1-block,mlp,protocol-v3,0.6,32,5,1,228,0.0013880839687772095,0.005629791005048901,812826624,0.15625
32b7d5fd6a30850f,svhn,ssb-v1-block,mlp,protocol-v3,0.6,32,5,1,229,0.0014693749835714698,0.005301958997733891,812826624,0.109375
32b7d5fd6a30850f,svhn,ssb-v1-block,mlp,protocol-v3,0.6,32,5,1,230,0.0014218749711290002,0.005355500034056604,812826624,0.21875
32b7d5fd6a30850f,svhn,ssb-v1-block,mlp,protocol-v3,0.6,32,5,1,231,0.0013855829602107406,0.005334292014595121,812826624,0.1875
32b7d5fd6a30850f,svhn,ssb-v1-block,mlp,protocol-v3,0.6,32,5,1,232,0.0013962500379420817,0.004904415982309729,812826624,0.1953125
32b7d5fd6a30850f,svhn,ssb-v1-block,mlp,protocol-v3,0.6,32,5,1,233,0.0014184999745339155,0.005173999990802258,812826624,0.1953125
32b7d5fd6a30850f,svhn,ssb-v1-block,mlp,protocol-v3,0.6,32,5,1,234,0.0014030829770490527,0.005338667018804699,812826624,0.140625
32b7d5fd6a30850f,svhn,ssb-v1-block,mlp,protocol-v3,0.6,32,5,1,235,0.0014587079640477896,0.00559804099611938,812826624,0.15625
32b7d5fd6a30850f,svhn,ssb-v1-block,mlp,protocol-v3,0.6,32,5,1,236,0.0014792080037295818,0.006580582994502038,812826624,0.109375
32b7d5fd6a30850f,svhn,ssb-v1-block,mlp,protocol-v3,0.6,32,5,1,237,0.001406541035976261,0.006130208959802985,812826624,0.078125
32b7d5fd6a30850f,svhn,ssb-v1-block,mlp,protocol-v3,0.6,32,5,1,238,0.0014678749721497297,0.005360584007576108,812843008,0.1171875
32b7d5fd6a30850f,svhn,ssb-v1-block,mlp,protocol-v3,0.6,32,5,1,239,0.0013865000219084322,0.005066417041234672,812843008,0.0546875
32b7d5fd6a30850f,svhn,ssb-v1-block,mlp,protocol-v3,0.6,32,5,1,240,0.0014422080130316317,0.005248415982350707,812843008,0.0859375
32b7d5fd6a30850f,svhn,ssb-v1-block,mlp,protocol-v3,0.6,32,5,1,241,0.001410124998074025,0.0057232920080423355,812843008,0.15625
32b7d5fd6a30850f,svhn,ssb-v1-block,mlp,protocol-v3,0.6,32,5,1,242,0.0014726659865118563,0.005528834008146077,812843008,0.171875
32b7d5fd6a30850f,svhn,ssb-v1-block,mlp,protocol-v3,0.6,32,5,1,243,0.0014032500330358744,0.004801833012606949,812843008,0.1796875
32b7d5fd6a30850f,svhn,ssb-v1-block,mlp,protocol-v3,0.6,32,5,1,244,0.0014711249968968332,0.005313957983162254,812843008,0.234375
32b7d5fd6a30850f,svhn,ssb-v1-block,mlp,protocol-v3,0.6,32,5,1,245,0.0014314580475911498,0.005397665954660624,812843008,0.1875
32b7d5fd6a30850f,svhn,ssb-v1-block,mlp,protocol-v3,0.6,32,5,1,246,0.0013727500336244702,0.005282709025777876,812843008,0.1796875
32b7d5fd6a30850f,svhn,ssb-v1-block,mlp,protocol-v3,0.6,32,5,1,247,0.0014106670278124511,0.005511874973308295,812843008,0.1796875
32b7d5fd6a30850f,svhn,ssb-v1-block,mlp,protocol-v3,0.6,32,5,1,248,0.0014659170410595834,0.005296957970131189,812843008,0.1640625
32b7d5fd6a30850f,svhn,ssb-v1-block,mlp,protocol-v3,0.6,32,5,1,249,0.0014325419906526804,0.005088750040158629,812843008,0.140625
32b7d5fd6a30850f,svhn,ssb-v1-block,mlp,protocol-v3,0.6,32,5,1,250,0.001458665996324271,0.005262083024717867,812843008,0.1328125
32b7d5fd6a30850f,svhn,ssb-v1-block,mlp,protocol-v3,0.6,32,5,1,251,0.0015308750444091856,0.005236624972894788,812843008,0.0703125
32b7d5fd6a30850f,svhn,ssb-v1-block,mlp,protocol-v3,0.6,32,5,1,252,0.001406957977451384,0.004984957980923355,812843008,0.1484375
32b7d5fd6a30850f,svhn,ssb-v1-block,mlp,protocol-v3,0.6,32,5,1,253,0.001433041994459927,0.004963332961779088,812843008,0.1875
32b7d5fd6a30850f,svhn,ssb-v1-block,mlp,protocol-v3,0.6,32,5,1,254,0.0013902089558541775,0.005530415975954384,812843008,0.15625
32b7d5fd6a30850f,svhn,ssb-v1-block,mlp,protocol-v3,0.6,32,5,1,255,0.0014179160352796316,0.005663332995027304,812843008,0.2109375
32b7d5fd6a30850f,svhn,ssb-v1-block,mlp,protocol-v3,0.6,32,5,1,256,0.0013981249649077654,0.0057941669947467744,812843008,0.171875
32b7d5fd6a30850f,svhn,ssb-v1-block,mlp,protocol-v3,0.6,32,5,1,257,0.0013939589844085276,0.006378124991897494,812843008,0.171875
32b7d5fd6a30850f,svhn,ssb-v1-block,mlp,protocol-v3,0.6,32,5,1,258,0.0014608330093324184,0.005441542016342282,812843008,0.140625
32b7d5fd6a30850f,svhn,ssb-v1-block,mlp,protocol-v3,0.6,32,5,1,259,0.0014002919779159129,0.005347124999389052,812843008,0.140625
32b7d5fd6a30850f,svhn,ssb-v1-block,mlp,protocol-v3,0.6,32,5,1,260,0.001422500004991889,0.005485292000230402,812843008,0.1640625
32b7d5fd6a30850f,svhn,ssb-v1-block,mlp,protocol-v3,0.6,32,5,1,261,0.0014758330071344972,0.004908750008326024,812843008,0.2421875
32b7d5fd6a30850f,svhn,ssb-v1-block,mlp,protocol-v3,0.6,32,5,1,262,0.001463708991650492,0.00522029196145013,812843008,0.21875
32b7d5fd6a30850f,svhn,ssb-v1-block,mlp,protocol-v3,0.6,32,5,1,263,0.0014059589593671262,0.0049751250189729035,812859392,0.2109375
32b7d5fd6a30850f,svhn,ssb-v1-block,mlp,protocol-v3,0.6,32,5,1,264,0.0014671249664388597,0.005033374996855855,812859392,0.2265625
32b7d5fd6a30850f,svhn,ssb-v1-block,mlp,protocol-v3,0.6,32,5,1,265,0.0014291669940575957,0.005565041035879403,812859392,0.203125
32b7d5fd6a30850f,svhn,ssb-v1-block,mlp,protocol-v3,0.6,32,5,1,266,0.001445624977350235,0.004808375029824674,812859392,0.140625
32b7d5fd6a30850f,svhn,ssb-v1-block,mlp,protocol-v3,0.6,32,5,1,267,0.0014139999984763563,0.0055267090210691094,812859392,0.15625
32b7d5fd6a30850f,svhn,ssb-v1-block,mlp,protocol-v3,0.6,32,5,1,268,0.0013695000088773668,0.005456249986309558,812859392,0.1953125
32b7d5fd6a30850f,svhn,ssb-v1-block,mlp,protocol-v3,0.6,32,5,1,269,0.001391707977745682,0.005409375007729977,812859392,0.1875
32b7d5fd6a30850f,svhn,ssb-v1-block,mlp,protocol-v3,0.6,32,5,1,270,0.001394334016367793,0.006512416992336512,812859392,0.1484375
32b7d5fd6a30850f,svhn,ssb-v1-block,mlp,protocol-v3,0.6,32,5,1,271,0.0014731670380569994,0.004977750009857118,812875776,0.1171875
32b7d5fd6a30850f,svhn,ssb-v1-block,mlp,protocol-v3,0.6,32,5,1,272,0.001474207965657115,0.005708958022296429,812875776,0.15625
32b7d5fd6a30850f,svhn,ssb-v1-block,mlp,protocol-v3,0.6,32,5,1,273,0.0013813329860568047,0.005272165988571942,812875776,0.171875
32b7d5fd6a30850f,svhn,ssb-v1-block,mlp,protocol-v3,0.6,32,5,1,274,0.001411333039868623,0.005538250028621405,812875776,0.15625
32b7d5fd6a30850f,svhn,ssb-v1-block,mlp,protocol-v3,0.6,32,5,1,275,0.0014026249991729856,0.00511224998626858,812875776,0.1640625
32b7d5fd6a30850f,svhn,ssb-v1-block,mlp,protocol-v3,0.6,32,5,1,276,0.0014620830188505352,0.00579450000077486,812875776,0.125
32b7d5fd6a30850f,svhn,ssb-v1-block,mlp,protocol-v3,0.6,32,5,1,277,0.001375792024191469,0.005300916964188218,812875776,0.1953125
32b7d5fd6a30850f,svhn,ssb-v1-block,mlp,protocol-v3,0.6,32,5,1,278,0.0014048750163055956,0.004939584003295749,812875776,0.203125
32b7d5fd6a30850f,svhn,ssb-v1-block,mlp,protocol-v3,0.6,32,5,1,279,0.0014031250029802322,0.005658375041093677,812875776,0.1640625
32b7d5fd6a30850f,svhn,ssb-v1-block,mlp,protocol-v3,0.6,32,5,1,280,0.0014564169687218964,0.005319249990861863,812892160,0.1484375
32b7d5fd6a30850f,svhn,ssb-v1-block,mlp,protocol-v3,0.6,32,5,1,281,0.0014733750140294433,0.005218541016802192,812892160,0.1796875
32b7d5fd6a30850f,svhn,ssb-v1-block,mlp,protocol-v3,0.6,32,5,1,282,0.001377333013806492,0.005329917010385543,812892160,0.15625
32b7d5fd6a30850f,svhn,ssb-v1-block,mlp,protocol-v3,0.6,32,5,1,283,0.0013467499520629644,0.005256083968561143,812892160,0.0625
32b7d5fd6a30850f,svhn,ssb-v1-block,mlp,protocol-v3,0.6,32,5,1,284,0.0013695410452783108,0.005543291044887155,812908544,0.125
32b7d5fd6a30850f,svhn,ssb-v1-block,mlp,protocol-v3,0.6,32,5,1,285,0.001422833011019975,0.005143332993611693,812908544,0.171875
32b7d5fd6a30850f,svhn,ssb-v1-block,mlp,protocol-v3,0.6,32,5,1,286,0.0014104589936323464,0.0050701669533737,812908544,0.1953125
32b7d5fd6a30850f,svhn,ssb-v1-block,mlp,protocol-v3,0.6,32,5,1,287,0.0014014579937793314,0.010342792025767267,813613056,0.1640625
32b7d5fd6a30850f,svhn,ssb-v1-block,mlp,protocol-v3,0.6,32,5,1,288,0.001474292017519474,0.00526404200354591,813629440,0.1796875
32b7d5fd6a30850f,svhn,ssb-v1-block,mlp,protocol-v3,0.6,32,5,1,289,0.0014935419894754887,0.005842790997121483,813793280,0.2265625
32b7d5fd6a30850f,svhn,ssb-v1-block,mlp,protocol-v3,0.6,32,5,1,290,0.0015319589874707162,0.005451790988445282,813793280,0.171875
32b7d5fd6a30850f,svhn,ssb-v1-block,mlp,protocol-v3,0.6,32,5,1,291,0.0014414170291274786,0.005419332999736071,813793280,0.1953125
32b7d5fd6a30850f,svhn,ssb-v1-block,mlp,protocol-v3,0.6,32,5,1,292,0.0014064579736441374,0.005580833996646106,813793280,0.2109375
32b7d5fd6a30850f,svhn,ssb-v1-block,mlp,protocol-v3,0.6,32,5,1,293,0.0014682079781778157,0.0051133750239387155,813793280,0.15625
32b7d5fd6a30850f,svhn,ssb-v1-block,mlp,protocol-v3,0.6,32,5,1,294,0.0014534589718095958,0.005463333043735474,813793280,0.140625
32b7d5fd6a30850f,svhn,ssb-v1-block,mlp,protocol-v3,0.6,32,5,1,295,0.0014274170389398932,0.005814625008497387,813793280,0.1640625
32b7d5fd6a30850f,svhn,ssb-v1-block,mlp,protocol-v3,0.6,32,5,1,296,0.001394999970216304,0.005616332986392081,813809664,0.2109375
32b7d5fd6a30850f,svhn,ssb-v1-block,mlp,protocol-v3,0.6,32,5,1,297,0.0014642089954577386,0.005293041991535574,813809664,0.171875
32b7d5fd6a30850f,svhn,ssb-v1-block,mlp,protocol-v3,0.6,32,5,1,298,0.001449708011932671,0.005474874982610345,813809664,0.265625
32b7d5fd6a30850f,svhn,ssb-v1-block,mlp,protocol-v3,0.6,32,5,1,299,0.0014150419738143682,0.0047894580056890845,813809664,0.1640625
32b7d5fd6a30850f,svhn,ssb-v1-block,mlp,protocol-v3,0.6,32,5,1,300,0.0014461249811574817,0.00542758300434798,814088192,0.171875
32b7d5fd6a30850f,svhn,ssb-v1-block,mlp,protocol-v3,0.6,32,5,1,301,0.0014240420423448086,0.004931583011057228,814088192,0.2109375
32b7d5fd6a30850f,svhn,ssb-v1-block,mlp,protocol-v3,0.6,32,5,1,302,0.0014777500182390213,0.006014792015776038,814088192,0.1484375
32b7d5fd6a30850f,svhn,ssb-v1-block,mlp,protocol-v3,0.6,32,5,1,303,0.0014687090297229588,0.005373125022742897,814088192,0.15625
32b7d5fd6a30850f,svhn,ssb-v1-block,mlp,protocol-v3,0.6,32,5,1,304,0.0013785840128548443,0.0051260420004837215,814088192,0.203125
32b7d5fd6a30850f,svhn,ssb-v1-block,mlp,protocol-v3,0.6,32,5,1,305,0.0015309159643948078,0.005094582971651107,814088192,0.203125
32b7d5fd6a30850f,svhn,ssb-v1-block,mlp,protocol-v3,0.6,32,5,1,306,0.0013894999865442514,0.004853334045037627,814055424,0.140625
32b7d5fd6a30850f,svhn,ssb-v1-block,mlp,protocol-v3,0.6,32,5,1,307,0.0013910839916206896,0.00495020899688825,814055424,0.0859375
32b7d5fd6a30850f,svhn,ssb-v1-block,mlp,protocol-v3,0.6,32,5,1,308,0.0014732499839738011,0.005019458010792732,814055424,0.1484375
32b7d5fd6a30850f,svhn,ssb-v1-block,mlp,protocol-v3,0.6,32,5,1,309,0.0015167499659582973,0.005414290993940085,814055424,0.1171875
32b7d5fd6a30850f,svhn,ssb-v1-block,mlp,protocol-v3,0.6,32,5,1,310,0.0014107500319369137,0.005304916005115956,814055424,0.140625
32b7d5fd6a30850f,svhn,ssb-v1-block,mlp,protocol-v3,0.6,32,5,1,311,0.0014154170057736337,0.010534667002502829,814645248,0.09375
32b7d5fd6a30850f,svhn,ssb-v1-block,mlp,protocol-v3,0.6,32,5,1,312,0.0014797499752603471,0.005421082954853773,814645248,0.125
32b7d5fd6a30850f,svhn,ssb-v1-block,mlp,protocol-v3,0.6,32,5,1,313,0.0014111250056885183,0.005026916973292828,814923776,0.140625
32b7d5fd6a30850f,svhn,ssb-v1-block,mlp,protocol-v3,0.6,32,5,1,314,0.0013930830173194408,0.005610916996374726,814923776,0.1875
32b7d5fd6a30850f,svhn,ssb-v1-block,mlp,protocol-v3,0.6,32,5,1,315,0.001375042018480599,0.005033209046814591,814923776,0.1484375
32b7d5fd6a30850f,svhn,ssb-v1-block,mlp,protocol-v3,0.6,32,5,1,316,0.001403624948579818,0.005303915997501463,814923776,0.0703125
32b7d5fd6a30850f,svhn,ssb-v1-block,mlp,protocol-v3,0.6,32,5,1,317,0.001443832996301353,0.0055560420150868595,814923776,0.1484375
32b7d5fd6a30850f,svhn,ssb-v1-block,mlp,protocol-v3,0.6,32,5,1,318,0.0014822910306975245,0.004882583045400679,814923776,0.203125
32b7d5fd6a30850f,svhn,ssb-v1-block,mlp,protocol-v3,0.6,32,5,1,319,0.0014817499904893339,0.0051662499899975955,814923776,0.2109375
32b7d5fd6a30850f,svhn,ssb-v1-block,mlp,protocol-v3,0.6,32,5,1,320,0.0014696659636683762,0.004995750030502677,814923776,0.1484375
32b7d5fd6a30850f,svhn,ssb-v1-block,mlp,protocol-v3,0.6,32,5,1,321,0.0014317089808173478,0.005180791951715946,814923776,0.1640625
32b7d5fd6a30850f,svhn,ssb-v1-block,mlp,protocol-v3,0.6,32,5,1,322,0.0014612919767387211,0.0056809590314514935,814923776,0.171875
32b7d5fd6a30850f,svhn,ssb-v1-block,mlp,protocol-v3,0.6,32,5,1,323,0.0014162089792080224,0.007320749980863184,814923776,0.1953125
32b7d5fd6a30850f,svhn,ssb-v1-block,mlp,protocol-v3,0.6,32,5,1,324,0.0014079579850658774,0.005838541022967547,814923776,0.2265625
32b7d5fd6a30850f,svhn,ssb-v1-block,mlp,protocol-v3,0.6,32,5,1,325,0.0014921249821782112,0.004767083039041609,814940160,0.21875
32b7d5fd6a30850f,svhn,ssb-v1-block,mlp,protocol-v3,0.6,32,5,1,326,0.0014655000413767993,0.006058083032257855,814940160,0.203125
32b7d5fd6a30850f,svhn,ssb-v1-block,mlp,protocol-v3,0.6,32,5,1,327,0.0014075830113142729,0.005312042019795626,814940160,0.2109375
32b7d5fd6a30850f,svhn,ssb-v1-block,mlp,protocol-v3,0.6,32,5,1,328,0.0013973339810036123,0.005297083000186831,814940160,0.21875
32b7d5fd6a30850f,svhn,ssb-v1-block,mlp,protocol-v3,0.6,32,5,1,329,0.001462792046368122,0.005530749971512705,814940160,0.171875
32b7d5fd6a30850f,svhn,ssb-v1-block,mlp,protocol-v3,0.6,32,5,1,330,0.0013918330078013241,0.005652207997627556,814940160,0.1953125
32b7d5fd6a30850f,svhn,ssb-v1-block,mlp,protocol-v3,0.6,32,5,1,331,0.0014798750053159893,0.004958208010066301,814940160,0.1328125
32b7d5fd6a30850f,svhn,ssb-v1-block,mlp,protocol-v3,0.6,32,5,1,332,0.001456958008930087,0.005143665999639779,814940160,0.1015625
32b7d5fd6a30850f,svhn,ssb-v1-block,mlp,protocol-v3,0.6,32,5,1,333,0.0014642919995822012,0.005574999959208071,814940160,0.1640625
32b7d5fd6a30850f,svhn,ssb-v1-block,mlp,protocol-v3,0.6,32,5,1,334,0.0014625830226577818,0.005591458000708371,814940160,0.2109375
32b7d5fd6a30850f,svhn,ssb-v1-block,mlp,protocol-v3,0.6,32,5,1,335,0.0014848749851807952,0.004964000021573156,814972928,0.1640625
32b7d5fd6a30850f,svhn,ssb-v1-block,mlp,protocol-v3,0.6,32,5,1,336,0.0014613749808631837,0.005640250048600137,814972928,0.1875
32b7d5fd6a30850f,svhn,ssb-v1-block,mlp,protocol-v3,0.6,32,5,1,337,0.0014107919996604323,0.0056462500360794365,814972928,0.1796875
32b7d5fd6a30850f,svhn,ssb-v1-block,mlp,protocol-v3,0.6,32,5,1,338,0.0013772089732810855,0.005750334006734192,814972928,0.2109375
32b7d5fd6a30850f,svhn,ssb-v1-block,mlp,protocol-v3,0.6,32,5,1,339,0.0014081249828450382,0.00527449999935925,814972928,0.2421875
32b7d5fd6a30850f,svhn,ssb-v1-block,mlp,protocol-v3,0.6,32,5,1,340,0.0013976250193081796,0.0052860839641653,814972928,0.15625
32b7d5fd6a30850f,svhn,ssb-v1-block,mlp,protocol-v3,0.6,32,5,1,341,0.001405458024237305,0.005766291986219585,814972928,0.2421875
32b7d5fd6a30850f,svhn,ssb-v1-block,mlp,protocol-v3,0.6,32,5,1,342,0.0014501669793389738,0.005214958044234663,814972928,0.203125
32b7d5fd6a30850f,svhn,ssb-v1-block,mlp,protocol-v3,0.6,32,5,1,343,0.0014122920110821724,0.004858458007220179,814972928,0.2265625
32b7d5fd6a30850f,svhn,ssb-v1-block,mlp,protocol-v3,0.6,32,5,1,344,0.0014809999847784638,0.00488966703414917,814972928,0.2109375
32b7d5fd6a30850f,svhn,ssb-v1-block,mlp,protocol-v3,0.6,32,5,1,345,0.0014813329908065498,0.005210832983721048,814972928,0.203125
32b7d5fd6a30850f,svhn,ssb-v1-block,mlp,protocol-v3,0.6,32,5,1,346,0.0014096669619902968,0.0051741659990511835,814972928,0.1953125
32b7d5fd6a30850f,svhn,ssb-v1-block,mlp,protocol-v3,0.6,32,5,1,347,0.001353709027171135,0.005460165964905173,814989312,0.1484375
32b7d5fd6a30850f,svhn,ssb-v1-block,mlp,protocol-v3,0.6,32,5,1,348,0.0013762920279987156,0.005665666016284376,814989312,0.1640625
32b7d5fd6a30850f,svhn,ssb-v1-block,mlp,protocol-v3,0.6,32,5,1,349,0.001458332990296185,0.0059560000081546605,814989312,0.2109375
32b7d5fd6a30850f,svhn,ssb-v1-block,mlp,protocol-v3,0.6,32,5,1,350,0.0013801250024698675,0.005789333023130894,814989312,0.203125
32b7d5fd6a30850f,svhn,ssb-v1-block,mlp,protocol-v3,0.6,32,5,1,351,0.0014264999772422016,0.005618750001303852,814989312,0.1640625
32b7d5fd6a30850f,svhn,ssb-v1-block,mlp,protocol-v3,0.6,32,5,1,352,0.0014705830253660679,0.005311500048264861,814989312,0.1875
32b7d5fd6a30850f,svhn,ssb-v1-block,mlp,protocol-v3,0.6,32,5,1,353,0.0014677500003017485,0.005691792001016438,814989312,0.1796875
32b7d5fd6a30850f,svhn,ssb-v1-block,mlp,protocol-v3,0.6,32,5,1,354,0.0013668750179931521,0.005136125022545457,814989312,0.2734375
32b7d5fd6a30850f,svhn,ssb-v1-block,mlp,protocol-v3,0.6,32,5,1,355,0.001377584005240351,0.005575000017415732,814989312,0.1875
32b7d5fd6a30850f,svhn,ssb-v1-block,mlp,protocol-v3,0.6,32,5,1,356,0.0014424159890040755,0.005373458028770983,814989312,0.1484375
32b7d5fd6a30850f,svhn,ssb-v1-block,mlp,protocol-v3,0.6,32,5,1,357,0.0014738329919055104,0.005276375042740256,814989312,0.1796875
32b7d5fd6a30850f,svhn,ssb-v1-block,mlp,protocol-v3,0.6,32,5,1,358,0.0013944169622845948,0.005546415981370956,815005696,0.1953125
32b7d5fd6a30850f,svhn,ssb-v1-block,mlp,protocol-v3,0.6,32,5,1,359,0.0014124169829301536,0.005804667016491294,815005696,0.1796875
32b7d5fd6a30850f,svhn,ssb-v1-block,mlp,protocol-v3,0.6,32,5,1,360,0.0014018339570611715,0.005219999991822988,815005696,0.125
32b7d5fd6a30850f,svhn,ssb-v1-block,mlp,protocol-v3,0.6,32,5,1,361,0.0014748329995200038,0.009858833043836057,815579136,0.1796875
32b7d5fd6a30850f,svhn,ssb-v1-block,mlp,protocol-v3,0.6,32,5,1,362,0.0014147920301184058,0.005163166963029653,815579136,0.1796875
32b7d5fd6a30850f,svhn,ssb-v1-block,mlp,protocol-v3,0.6,32,5,1,363,0.0014856669586151838,0.005365084041841328,815595520,0.15625
32b7d5fd6a30850f,svhn,ssb-v1-block,mlp,protocol-v3,0.6,32,5,1,364,0.0014692909899167717,0.005134041013661772,815595520,0.0859375
32b7d5fd6a30850f,svhn,ssb-v1-block,mlp,protocol-v3,0.6,32,5,1,365,0.0014755419688299298,0.005342708027455956,815595520,0.15625
32b7d5fd6a30850f,svhn,ssb-v1-block,mlp,protocol-v3,0.6,32,5,1,366,0.0014086249866522849,0.005353499960619956,815595520,0.1171875
32b7d5fd6a30850f,svhn,ssb-v1-block,mlp,protocol-v3,0.6,32,5,1,367,0.001467290974687785,0.005134542006999254,815595520,0.140625
32b7d5fd6a30850f,svhn,ssb-v1-block,mlp,protocol-v3,0.6,32,5,1,368,0.0014610409853048623,0.004563792026601732,815595520,0.1796875
32b7d5fd6a30850f,svhn,ssb-v1-block,mlp,protocol-v3,0.6,32,5,1,369,0.0014144579763524234,0.005123999959323555,815611904,0.203125
32b7d5fd6a30850f,svhn,ssb-v1-block,mlp,protocol-v3,0.6,32,5,1,370,0.0014051669859327376,0.005186708003748208,815611904,0.1796875
32b7d5fd6a30850f,svhn,ssb-v1-block,mlp,protocol-v3,0.6,32,5,1,371,0.0014696249854750931,0.005561541998758912,815611904,0.1328125
32b7d5fd6a30850f,svhn,ssb-v1-block,mlp,protocol-v3,0.6,32,5,1,372,0.0014053750201128423,0.005415791005361825,815628288,0.15625
32b7d5fd6a30850f,svhn,ssb-v1-block,mlp,protocol-v3,0.6,32,5,1,373,0.0013860000181011856,0.0055195410386659205,815628288,0.1953125
32b7d5fd6a30850f,svhn,ssb-v1-block,mlp,protocol-v3,0.6,32,5,1,374,0.0013890829868614674,0.007093583990354091,815628288,0.2265625
32b7d5fd6a30850f,svhn,ssb-v1-block,mlp,protocol-v3,0.6,32,5,1,375,0.0014076250372454524,0.00578104198211804,815628288,0.171875
32b7d5fd6a30850f,svhn,ssb-v1-block,mlp,protocol-v3,0.6,32,5,1,376,0.0014157500118017197,0.005451207980513573,815628288,0.203125
32b7d5fd6a30850f,svhn,ssb-v1-block,mlp,protocol-v3,0.6,32,5,1,377,0.001474333053920418,0.005749666015617549,815628288,0.1484375
32b7d5fd6a30850f,svhn,ssb-v1-block,mlp,protocol-v3,0.6,32,5,1,378,0.0014350840356200933,0.005217167024966329,815988736,0.2109375
32b7d5fd6a30850f,svhn,ssb-v1-block,mlp,protocol-v3,0.6,32,5,1,379,0.0013778749853372574,0.005383084004279226,815988736,0.203125
32b7d5fd6a30850f,svhn,ssb-v1-block,mlp,protocol-v3,0.6,32,5,1,380,0.001408291980624199,0.005244708969257772,815988736,0.1484375
32b7d5fd6a30850f,svhn,ssb-v1-block,mlp,protocol-v3,0.6,32,5,1,381,0.0015263750101439655,0.005495833000168204,816005120,0.1484375
32b7d5fd6a30850f,svhn,ssb-v1-block,mlp,protocol-v3,0.6,32,5,1,382,0.0013872089912183583,0.004784832999575883,816005120,0.1328125
32b7d5fd6a30850f,svhn,ssb-v1-block,mlp,protocol-v3,0.6,32,5,1,383,0.0014403749955818057,0.005147084011696279,816005120,0.171875
32b7d5fd6a30850f,svhn,ssb-v1-block,mlp,protocol-v3,0.6,32,5,1,384,0.0014068339951336384,0.005129166005644947,816005120,0.109375
32b7d5fd6a30850f,svhn,ssb-v1-block,mlp,protocol-v3,0.6,32,5,1,385,0.0014643329777754843,0.005090458027552813,816005120,0.1953125
32b7d5fd6a30850f,svhn,ssb-v1-block,mlp,protocol-v3,0.6,32,5,1,386,0.001462250016629696,0.005822792008984834,816021504,0.1796875
32b7d5fd6a30850f,svhn,ssb-v1-block,mlp,protocol-v3,0.6,32,5,1,387,0.0013741669827140868,0.005387333978433162,816021504,0.171875
32b7d5fd6a30850f,svhn,ssb-v1-block,mlp,protocol-v3,0.6,32,5,1,388,0.0013990829465910792,0.00563229201361537,816021504,0.1484375
32b7d5fd6a30850f,svhn,ssb-v1-block,mlp,protocol-v3,0.6,32,5,1,389,0.00140074995579198,0.005050333042163402,816021504,0.1796875
32b7d5fd6a30850f,svhn,ssb-v1-block,mlp,protocol-v3,0.6,32,5,1,390,0.0013731250073760748,0.006067083042580634,816021504,0.1640625
32b7d5fd6a30850f,svhn,ssb-v1-block,mlp,protocol-v3,0.6,32,5,1,391,0.0014703749911859632,0.0052150830160826445,816021504,0.1953125
32b7d5fd6a30850f,svhn,ssb-v1-block,mlp,protocol-v3,0.6,32,5,1,392,0.0013961659860797226,0.005381042021326721,816021504,0.171875
32b7d5fd6a30850f,svhn,ssb-v1-block,mlp,protocol-v3,0.6,32,5,1,393,0.0014057500520721078,0.005573166999965906,816021504,0.171875
32b7d5fd6a30850f,svhn,ssb-v1-block,mlp,protocol-v3,0.6,32,5,1,394,0.001411333039868623,0.005576832976657897,816021504,0.15625
32b7d5fd6a30850f,svhn,ssb-v1-block,mlp,protocol-v3,0.6,32,5,1,395,0.0014710830291733146,0.005237666016910225,816021504,0.1953125
32b7d5fd6a30850f,svhn,ssb-v1-block,mlp,protocol-v3,0.6,32,5,1,396,0.0014697499573230743,0.0053302079904824495,816021504,0.234375
32b7d5fd6a30850f,svhn,ssb-v1-block,mlp,protocol-v3,0.6,32,5,1,397,0.0014094170182943344,0.005279292003251612,816021504,0.2109375
32b7d5fd6a30850f,svhn,ssb-v1-block,mlp,protocol-v3,0.6,32,5,1,398,0.0013835410354658961,0.005585125007200986,816021504,0.1953125
32b7d5fd6a30850f,svhn,ssb-v1-block,mlp,protocol-v3,0.6,32,5,1,399,0.0014693330158479512,0.005259791971184313,816021504,0.140625
32b7d5fd6a30850f,svhn,ssb-v1-block,mlp,protocol-v3,0.6,32,5,1,400,0.0014123329892754555,0.005385165975894779,816021504,0.1796875
32b7d5fd6a30850f,svhn,ssb-v1-block,mlp,protocol-v3,0.6,32,5,1,401,0.0013955419999547303,0.005357833986636251,816037888,0.21875
32b7d5fd6a30850f,svhn,ssb-v1-block,mlp,protocol-v3,0.6,32,5,1,402,0.0013828749652020633,0.005588791973423213,816037888,0.1796875
32b7d5fd6a30850f,svhn,ssb-v1-block,mlp,protocol-v3,0.6,32,5,1,403,0.0014192500384524465,0.005714749975595623,816037888,0.1953125
32b7d5fd6a30850f,svhn,ssb-v1-block,mlp,protocol-v3,0.6,32,5,1,404,0.0014103749999776483,0.006413166003767401,816037888,0.1484375
32b7d5fd6a30850f,svhn,ssb-v1-block,mlp,protocol-v3,0.6,32,5,1,405,0.0014737080200575292,0.006993542017880827,816037888,0.2109375
32b7d5fd6a30850f,svhn,ssb-v1-block,mlp,protocol-v3,0.6,32,5,1,406,0.001456917030736804,0.005300707998685539,816037888,0.25
32b7d5fd6a30850f,svhn,ssb-v1-block,mlp,protocol-v3,0.6,32,5,1,407,0.0014661250170320272,0.0048603329923935235,816037888,0.1640625
32b7d5fd6a30850f,svhn,ssb-v1-block,mlp,protocol-v3,0.6,32,5,1,408,0.0013973750174045563,0.005349958024453372,816037888,0.2109375
32b7d5fd6a30850f,svhn,ssb-v1-block,mlp,protocol-v3,0.6,32,5,1,409,0.0014271659892983735,0.0054340409697033465,816037888,0.203125
32b7d5fd6a30850f,svhn,ssb-v1-block,mlp,protocol-v3,0.6,32,5,1,410,0.0014629590441472828,0.005450917000416666,816037888,0.2421875
32b7d5fd6a30850f,svhn,ssb-v1-block,mlp,protocol-v3,0.6,32,5,1,411,0.001408417010679841,0.005549042019993067,816037888,0.21875
32b7d5fd6a30850f,svhn,ssb-v1-block,mlp,protocol-v3,0.6,32,5,1,412,0.0013824159977957606,0.006110207992605865,816037888,0.1484375
32b7d5fd6a30850f,svhn,ssb-v1-block,mlp,protocol-v3,0.6,32,5,1,413,0.0013966250116936862,0.005611457978375256,816037888,0.1640625
32b7d5fd6a30850f,svhn,ssb-v1-block,mlp,protocol-v3,0.6,32,5,1,414,0.0014695419813506305,0.005449499993119389,816037888,0.171875
32b7d5fd6a30850f,svhn,ssb-v1-block,mlp,protocol-v3,0.6,32,5,1,415,0.0013737500412389636,0.005706875002942979,816037888,0.140625
32b7d5fd6a30850f,svhn,ssb-v1-block,mlp,protocol-v3,0.6,32,5,1,416,0.0014112500357441604,0.005485250032506883,816037888,0.1953125
32b7d5fd6a30850f,svhn,ssb-v1-block,mlp,protocol-v3,0.6,32,5,1,417,0.0014641250018030405,0.005182958033401519,816037888,0.25
32b7d5fd6a30850f,svhn,ssb-v1-block,mlp,protocol-v3,0.6,32,5,1,418,0.001477500016335398,0.005035457958001643,816054272,0.1640625
32b7d5fd6a30850f,svhn,ssb-v1-block,mlp,protocol-v3,0.6,32,5,1,419,0.0015489169745706022,0.005485458008479327,816054272,0.15625
32b7d5fd6a30850f,svhn,ssb-v1-block,mlp,protocol-v3,0.6,32,5,1,420,0.0014552089851349592,0.0052773329662159085,816054272,0.203125
32b7d5fd6a30850f,svhn,ssb-v1-block,mlp,protocol-v3,0.6,32,5,1,421,0.0014597089611925185,0.004929125017952174,816054272,0.1875
32b7d5fd6a30850f,svhn,ssb-v1-block,mlp,protocol-v3,0.6,32,5,1,422,0.0014605000033043325,0.00533541600452736,816054272,0.1796875
32b7d5fd6a30850f,svhn,ssb-v1-block,mlp,protocol-v3,0.6,32,5,1,423,0.0014724580105394125,0.00520983396563679,816054272,0.2265625
32b7d5fd6a30850f,svhn,ssb-v1-block,mlp,protocol-v3,0.6,32,5,1,424,0.0013937500189058483,0.005233582982327789,816054272,0.15625
32b7d5fd6a30850f,svhn,ssb-v1-block,mlp,protocol-v3,0.6,32,5,1,425,0.0014081249828450382,0.005615166970528662,816054272,0.1875
32b7d5fd6a30850f,svhn,ssb-v1-block,mlp,protocol-v3,0.6,32,5,1,426,0.0013994170003570616,0.005413582955952734,816054272,0.203125
32b7d5fd6a30850f,svhn,ssb-v1-block,mlp,protocol-v3,0.6,32,5,1,427,0.0014719580067321658,0.004932250012643635,816054272,0.1796875
32b7d5fd6a30850f,svhn,ssb-v1-block,mlp,protocol-v3,0.6,32,5,1,428,0.001391375029925257,0.005345582962036133,816070656,0.203125
32b7d5fd6a30850f,svhn,ssb-v1-block,mlp,protocol-v3,0.6,32,5,1,429,0.0014446249697357416,0.005107124976348132,816070656,0.265625
32b7d5fd6a30850f,svhn,ssb-v1-block,mlp,protocol-v3,0.6,32,5,1,430,0.0014609579811803997,0.005286582978442311,816070656,0.15625
32b7d5fd6a30850f,svhn,ssb-v1-block,mlp,protocol-v3,0.6,32,5,1,431,0.001470165967475623,0.0053348750225268304,816070656,0.1953125
32b7d5fd6a30850f,svhn,ssb-v1-block,mlp,protocol-v3,0.6,32,5,1,432,0.0014025410055182874,0.005537582968827337,816070656,0.171875
32b7d5fd6a30850f,svhn,ssb-v1-block,mlp,protocol-v3,0.6,32,5,1,433,0.0013988749706186354,0.005431541008874774,816087040,0.15625
32b7d5fd6a30850f,svhn,ssb-v1-block,mlp,protocol-v3,0.6,32,5,1,434,0.0013977079652249813,0.00606779201189056,816087040,0.21875
32b7d5fd6a30850f,svhn,ssb-v1-block,mlp,protocol-v3,0.6,32,5,1,435,0.0014460000093095005,0.006002791051287204,816103424,0.21875
32b7d5fd6a30850f,svhn,ssb-v1-block,mlp,protocol-v3,0.6,32,5,1,436,0.0013949580024927855,0.005001791985705495,816103424,0.203125
32b7d5fd6a30850f,svhn,ssb-v1-block,mlp,protocol-v3,0.6,32,5,1,437,0.001350542006548494,0.005431166966445744,816103424,0.203125
32b7d5fd6a30850f,svhn,ssb-v1-block,mlp,protocol-v3,0.6,32,5,1,438,0.0014199170400388539,0.005468250019475818,816103424,0.2109375
32b7d5fd6a30850f,svhn,ssb-v1-block,mlp,protocol-v3,0.6,32,5,1,439,0.001409791992045939,0.005395415995735675,816103424,0.140625
32b7d5fd6a30850f,svhn,ssb-v1-block,mlp,protocol-v3,0.6,32,5,1,440,0.0013952080043964088,0.005330874992068857,816103424,0.171875
32b7d5fd6a30850f,svhn,ssb-v1-block,mlp,protocol-v3,0.6,32,5,1,441,0.0014823329984210432,0.005305749946273863,816103424,0.2265625
32b7d5fd6a30850f,svhn,ssb-v1-block,mlp,protocol-v3,0.6,32,5,1,442,0.001421457971446216,0.005488249997142702,816103424,0.1640625
32b7d5fd6a30850f,svhn,ssb-v1-block,mlp,protocol-v3,0.6,32,5,1,443,0.0014574169763363898,0.004882332985289395,816103424,0.1484375
32b7d5fd6a30850f,svhn,ssb-v1-block,mlp,protocol-v3,0.6,32,5,1,444,0.0014580419519916177,0.005237250006757677,816103424,0.1328125
32b7d5fd6a30850f,svhn,ssb-v1-block,mlp,protocol-v3,0.6,32,5,1,445,0.0014674999983981252,0.004936582990922034,816119808,0.1484375
32b7d5fd6a30850f,svhn,ssb-v1-block,mlp,protocol-v3,0.6,32,5,1,446,0.0014709170209243894,0.0052310419850982726,816119808,0.1328125
32b7d5fd6a30850f,svhn,ssb-v1-block,mlp,protocol-v3,0.6,32,5,1,447,0.0014734159922227263,0.005745917034801096,816119808,0.1171875
32b7d5fd6a30850f,svhn,ssb-v1-block,mlp,protocol-v3,0.6,32,5,1,448,0.0014679160085506737,0.006179541000165045,816119808,0.203125
32b7d5fd6a30850f,svhn,ssb-v1-block,mlp,protocol-v3,0.6,32,5,1,449,0.0013517910265363753,0.004856250016018748,816119808,0.1171875
32b7d5fd6a30850f,svhn,ssb-v1-block,mlp,protocol-v3,0.6,32,5,1,450,0.0014795419992879033,0.005113166000228375,816119808,0.1171875
32b7d5fd6a30850f,svhn,ssb-v1-block,mlp,protocol-v3,0.6,32,5,1,451,0.001459082996007055,0.005123459035530686,816119808,0.1015625
32b7d5fd6a30850f,svhn,ssb-v1-block,mlp,protocol-v3,0.6,32,5,1,452,0.0014729580143466592,0.005166749993804842,816119808,0.171875
32b7d5fd6a30850f,svhn,ssb-v1-block,mlp,protocol-v3,0.6,32,5,1,453,0.0014758330071344972,0.005388749996200204,816119808,0.140625
32b7d5fd6a30850f,svhn,ssb-v1-block,mlp,protocol-v3,0.6,32,5,1,454,0.0014591250219382346,0.005397917004302144,816119808,0.1875
32b7d5fd6a30850f,svhn,ssb-v1-block,mlp,protocol-v3,0.6,32,5,1,455,0.0014690409880131483,0.00522083300165832,816119808,0.203125
32b7d5fd6a30850f,svhn,ssb-v1-block,mlp,protocol-v3,0.6,32,5,1,456,0.001394291000906378,0.004863625043071806,816136192,0.25
32b7d5fd6a30850f,svhn,ssb-v1-block,mlp,protocol-v3,0.6,32,5,1,457,0.0014580829883925617,0.005319542018696666,816136192,0.1328125
32b7d5fd6a30850f,svhn,ssb-v1-block,mlp,protocol-v3,0.6,32,5,1,458,0.001456917030736804,0.005327124963514507,816136192,0.171875
32b7d5fd6a30850f,svhn,ssb-v1-block,mlp,protocol-v3,0.6,32,5,1,459,0.0013614160125143826,0.005136833991855383,816136192,0.21875
32b7d5fd6a30850f,svhn,ssb-v1-block,mlp,protocol-v3,0.6,32,5,1,460,0.0014580830466002226,0.00538683298509568,816136192,0.1875
32b7d5fd6a30850f,svhn,ssb-v1-block,mlp,protocol-v3,0.6,32,5,1,461,0.0014071249752305448,0.005595333990640938,816136192,0.2578125
32b7d5fd6a30850f,svhn,ssb-v1-block,mlp,protocol-v3,0.6,32,5,1,462,0.001453624980058521,0.006399292033165693,816136192,0.1484375
32b7d5fd6a30850f,svhn,ssb-v1-block,mlp,protocol-v3,0.6,32,5,1,463,0.0014598749694414437,0.005002874997444451,816136192,0.2265625
32b7d5fd6a30850f,svhn,ssb-v1-block,mlp,protocol-v3,0.6,32,5,1,464,0.0014722920022904873,0.005565874977037311,816136192,0.109375
32b7d5fd6a30850f,svhn,ssb-v1-block,mlp,protocol-v3,0.6,32,5,1,465,0.0014387500123120844,0.00522474996978417,816136192,0.2421875
32b7d5fd6a30850f,svhn,ssb-v1-block,mlp,protocol-v3,0.6,32,5,1,466,0.0014033749466761947,0.005303833982907236,816136192,0.15625
32b7d5fd6a30850f,svhn,ssb-v1-block,mlp,protocol-v3,0.6,32,5,1,467,0.0013985420227982104,0.005278999975416809,816136192,0.21875
32b7d5fd6a30850f,svhn,ssb-v1-block,mlp,protocol-v3,0.6,32,5,1,468,0.0013821659958921373,0.005244500003755093,816136192,0.1796875
32b7d5fd6a30850f,svhn,ssb-v1-block,mlp,protocol-v3,0.6,32,5,1,469,0.001411750039551407,0.005860582983586937,816152576,0.2421875
32b7d5fd6a30850f,svhn,ssb-v1-block,mlp,protocol-v3,0.6,32,5,1,470,0.001469499955419451,0.005202915985137224,816152576,0.1328125
32b7d5fd6a30850f,svhn,ssb-v1-block,mlp,protocol-v3,0.6,32,5,1,471,0.0014116669772192836,0.005253207986243069,816152576,0.1484375
32b7d5fd6a30850f,svhn,ssb-v1-block,mlp,protocol-v3,0.6,32,5,1,472,0.0013872080016881227,0.005253000010270625,816152576,0.1953125
32b7d5fd6a30850f,svhn,ssb-v1-block,mlp,protocol-v3,0.6,32,5,1,473,0.0013841670006513596,0.00544908398296684,816152576,0.1875
32b7d5fd6a30850f,svhn,ssb-v1-block,mlp,protocol-v3,0.6,32,5,1,474,0.0014149579801596701,0.005467542039696127,816152576,0.140625
32b7d5fd6a30850f,svhn,ssb-v1-block,mlp,protocol-v3,0.6,32,5,1,475,0.0014660420129075646,0.005641291965730488,816152576,0.1484375
32b7d5fd6a30850f,svhn,ssb-v1-block,mlp,protocol-v3,0.6,32,5,1,476,0.0013770830119028687,0.006346374982967973,816152576,0.1640625
32b7d5fd6a30850f,svhn,ssb-v1-block,mlp,protocol-v3,0.6,32,5,1,477,0.0014576250105164945,0.01145066600292921,817102848,0.2109375
32b7d5fd6a30850f,svhn,ssb-v1-block,mlp,protocol-v3,0.6,32,5,1,478,0.001475666998885572,0.00540216697845608,817102848,0.203125
32b7d5fd6a30850f,svhn,ssb-v1-block,mlp,protocol-v3,0.6,32,5,1,479,0.0014601669972762465,0.005368207988794893,817414144,0.1875
32b7d5fd6a30850f,svhn,ssb-v1-block,mlp,protocol-v3,0.6,32,5,1,480,0.001450416981242597,0.005530166963580996,817430528,0.15625
32b7d5fd6a30850f,svhn,ssb-v1-block,mlp,protocol-v3,0.6,32,5,1,481,0.0014781670179218054,0.005014416994526982,817430528,0.203125
32b7d5fd6a30850f,svhn,ssb-v1-block,mlp,protocol-v3,0.6,32,5,1,482,0.001395749975927174,0.005380207963753492,817430528,0.2421875
32b7d5fd6a30850f,svhn,ssb-v1-block,mlp,protocol-v3,0.6,32,5,1,483,0.0014665410271845758,0.005870542023330927,817430528,0.171875
32b7d5fd6a30850f,svhn,ssb-v1-block,mlp,protocol-v3,0.6,32,5,1,484,0.00138412497472018,0.006246874982025474,817446912,0.203125
32b7d5fd6a30850f,svhn,ssb-v1-block,mlp,protocol-v3,0.6,32,5,1,485,0.0014789160341024399,0.00700820900965482,817905664,0.15625
32b7d5fd6a30850f,svhn,ssb-v1-block,mlp,protocol-v3,0.6,32,5,1,486,0.0014161249855533242,0.0055422919685952365,817905664,0.1875
32b7d5fd6a30850f,svhn,ssb-v1-block,mlp,protocol-v3,0.6,32,5,1,487,0.0015225829556584358,0.004798290960025042,817905664,0.2265625
32b7d5fd6a30850f,svhn,ssb-v1-block,mlp,protocol-v3,0.6,32,5,1,488,0.0014178749988786876,0.005559457989875227,817922048,0.1875
32b7d5fd6a30850f,svhn,ssb-v1-block,mlp,protocol-v3,0.6,32,5,1,489,0.0014250840176828206,0.005539582984056324,817922048,0.140625
32b7d5fd6a30850f,svhn,ssb-v1-block,mlp,protocol-v3,0.6,32,5,1,490,0.0014587909681722522,0.005210708011873066,817922048,0.109375
32b7d5fd6a30850f,svhn,ssb-v1-block,mlp,protocol-v3,0.6,32,5,1,491,0.001439084007870406,0.004807792021892965,817938432,0.171875
32b7d5fd6a30850f,svhn,ssb-v1-block,mlp,protocol-v3,0.6,32,5,1,492,0.001454083016142249,0.004880874999798834,817938432,0.1640625
32b7d5fd6a30850f,svhn,ssb-v1-block,mlp,protocol-v3,0.6,32,5,1,493,0.0014153330121189356,0.0054025829886086285,817938432,0.2421875
32b7d5fd6a30850f,svhn,ssb-v1-block,mlp,protocol-v3,0.6,32,5,1,494,0.0014053339837118983,0.00524120795307681,817938432,0.203125
32b7d5fd6a30850f,svhn,ssb-v1-block,mlp,protocol-v3,0.6,32,5,1,495,0.0014696249854750931,0.0051318330224603415,817938432,0.171875
32b7d5fd6a30850f,svhn,ssb-v1-block,mlp,protocol-v3,0.6,32,5,1,496,0.0013695830130018294,0.004855583014432341,817938432,0.1953125
32b7d5fd6a30850f,svhn,ssb-v1-block,mlp,protocol-v3,0.6,32,5,1,497,0.0014699589810334146,0.005198708036914468,817938432,0.1953125
32b7d5fd6a30850f,svhn,ssb-v1-block,mlp,protocol-v3,0.6,32,5,1,498,0.0013825419591739774,0.005573250004090369,817938432,0.1796875
32b7d5fd6a30850f,svhn,ssb-v1-block,mlp,protocol-v3,0.6,32,5,1,499,0.0013835830031894147,0.0051154999528080225,817938432,0.1640625
32b7d5fd6a30850f,svhn,ssb-v1-block,mlp,protocol-v3,0.6,32,5,1,500,0.001575208967551589,0.004935459000989795,817938432,0.1640625
32b7d5fd6a30850f,svhn,ssb-v1-block,mlp,protocol-v3,0.6,32,5,1,501,0.001396042003761977,0.005397333996370435,817938432,0.15625
32b7d5fd6a30850f,svhn,ssb-v1-block,mlp,protocol-v3,0.6,32,5,1,502,0.00142616598168388,0.005441916000563651,817938432,0.078125
32b7d5fd6a30850f,svhn,ssb-v1-block,mlp,protocol-v3,0.6,32,5,1,503,0.0014039169764146209,0.005528250010684133,817938432,0.140625
32b7d5fd6a30850f,svhn,ssb-v1-block,mlp,protocol-v3,0.6,32,5,1,504,0.0014560000272467732,0.005758541985414922,817938432,0.1015625
32b7d5fd6a30850f,svhn,ssb-v1-block,mlp,protocol-v3,0.6,32,5,1,505,0.0014910839963704348,0.006007124960888177,817938432,0.2109375
32b7d5fd6a30850f,svhn,ssb-v1-block,mlp,protocol-v3,0.6,32,5,1,506,0.0013894170406274498,0.0050139160011895,817938432,0.2109375
32b7d5fd6a30850f,svhn,ssb-v1-block,mlp,protocol-v3,0.6,32,5,1,507,0.0013967500417493284,0.0049149999977089465,817938432,0.1953125
32b7d5fd6a30850f,svhn,ssb-v1-block,mlp,protocol-v3,0.6,32,5,1,508,0.0014131669886410236,0.005440749984700233,817938432,0.125
32b7d5fd6a30850f,svhn,ssb-v1-block,mlp,protocol-v3,0.6,32,5,1,509,0.0014267090009525418,0.004964874999132007,817938432,0.1484375
32b7d5fd6a30850f,svhn,ssb-v1-block,mlp,protocol-v3,0.6,32,5,1,510,0.001398000051267445,0.005685416981577873,817938432,0.2421875
32b7d5fd6a30850f,svhn,ssb-v1-block,mlp,protocol-v3,0.6,32,5,1,511,0.001472792006097734,0.00542558403685689,817938432,0.1484375
32b7d5fd6a30850f,svhn,ssb-v1-block,mlp,protocol-v3,0.6,32,5,1,512,0.0014730420080013573,0.005422207992523909,817938432,0.140625
32b7d5fd6a30850f,svhn,ssb-v1-block,mlp,protocol-v3,0.6,32,5,1,513,0.0013447499950416386,0.005858208984136581,817954816,0.09375
32b7d5fd6a30850f,svhn,ssb-v1-block,mlp,protocol-v3,0.6,32,5,1,514,0.0014899580273777246,0.005488167051225901,817971200,0.1953125
32b7d5fd6a30850f,svhn,ssb-v1-block,mlp,protocol-v3,0.6,32,5,1,515,0.0014763330109417439,0.005231750023085624,817971200,0.1328125
32b7d5fd6a30850f,svhn,ssb-v1-block,mlp,protocol-v3,0.6,32,5,1,516,0.001418125000782311,0.0047922919620759785,817971200,0.140625
32b7d5fd6a30850f,svhn,ssb-v1-block,mlp,protocol-v3,0.6,32,5,1,517,0.0014048750163055956,0.005869791028089821,817971200,0.15625
32b7d5fd6a30850f,svhn,ssb-v1-block,mlp,protocol-v3,0.6,32,5,1,518,0.0014599999994970858,0.00532200001180172,817971200,0.125
32b7d5fd6a30850f,svhn,ssb-v1-block,mlp,protocol-v3,0.6,32,5,1,519,0.0014538749819621444,0.005827665969263762,817971200,0.1640625
32b7d5fd6a30850f,svhn,ssb-v1-block,mlp,protocol-v3,0.6,32,5,1,520,0.001404375012498349,0.010524416982661933,818495488,0.21875
32b7d5fd6a30850f,svhn,ssb-v1-block,mlp,protocol-v3,0.6,32,5,1,521,0.0017414590111002326,0.0054247500374913216,818495488,0.1953125
32b7d5fd6a30850f,svhn,ssb-v1-block,mlp,protocol-v3,0.6,32,5,1,522,0.0013969999854452908,0.0056012500426732,818495488,0.1640625
32b7d5fd6a30850f,svhn,ssb-v1-block,mlp,protocol-v3,0.6,32,5,1,523,0.001436541962902993,0.0054908329620957375,818495488,0.1484375
32b7d5fd6a30850f,svhn,ssb-v1-block,mlp,protocol-v3,0.6,32,5,1,524,0.001404042006470263,0.005713666963856667,818495488,0.1484375
32b7d5fd6a30850f,svhn,ssb-v1-block,mlp,protocol-v3,0.6,32,5,1,525,0.0014617500128224492,0.004890790965873748,818495488,0.25
32b7d5fd6a30850f,svhn,ssb-v1-block,mlp,protocol-v3,0.6,32,5,1,526,0.001460125029552728,0.005280875018797815,818511872,0.1875
32b7d5fd6a30850f,svhn,ssb-v1-block,mlp,protocol-v3,0.6,32,5,1,527,0.0014545000158250332,0.005007708969060332,818511872,0.2109375
32b7d5fd6a30850f,svhn,ssb-v1-block,mlp,protocol-v3,0.6,32,5,1,528,0.0014765830128453672,0.004973208007868379,818806784,0.21875
32b7d5fd6a30850f,svhn,ssb-v1-block,mlp,protocol-v3,0.6,32,5,1,529,0.0014115410158410668,0.005636582965962589,818806784,0.1796875
32b7d5fd6a30850f,svhn,ssb-v1-block,mlp,protocol-v3,0.6,32,5,1,530,0.0014453339972533286,0.005866708990652114,818806784,0.1171875
32b7d5fd6a30850f,svhn,ssb-v1-block,mlp,protocol-v3,0.6,32,5,1,531,0.0014240840100683272,0.005636083020363003,818806784,0.2109375
32b7d5fd6a30850f,svhn,ssb-v1-block,mlp,protocol-v3,0.6,32,5,1,532,0.0014114170335233212,0.0054608749924227595,818806784,0.2265625
32b7d5fd6a30850f,svhn,ssb-v1-block,mlp,protocol-v3,0.6,32,5,1,533,0.0014653750113211572,0.005237167002633214,818806784,0.203125
32b7d5fd6a30850f,svhn,ssb-v1-block,mlp,protocol-v3,0.6,32,5,1,534,0.0014599160058423877,0.005422667018137872,818806784,0.2109375
32b7d5fd6a30850f,svhn,ssb-v1-block,mlp,protocol-v3,0.6,32,5,1,535,0.0014564580051228404,0.005655750050209463,818806784,0.171875
32b7d5fd6a30850f,svhn,ssb-v1-block,mlp,protocol-v3,0.6,32,5,1,536,0.0014048749580979347,0.00550008297432214,818806784,0.203125
32b7d5fd6a30850f,svhn,ssb-v1-block,mlp,protocol-v3,0.6,32,5,1,537,0.0014022079994902015,0.005189332994632423,818806784,0.2421875
32b7d5fd6a30850f,svhn,ssb-v1-block,mlp,protocol-v3,0.6,32,5,1,538,0.0014582499861717224,0.005014041031245142,818806784,0.1875
32b7d5fd6a30850f,svhn,ssb-v1-block,mlp,protocol-v3,0.6,32,5,1,539,0.0014256660360842943,0.00513766601216048,818823168,0.203125
32b7d5fd6a30850f,svhn,ssb-v1-block,mlp,protocol-v3,0.6,32,5,1,540,0.0014562919968739152,0.0051481249975040555,818823168,0.140625
32b7d5fd6a30850f,svhn,ssb-v1-block,mlp,protocol-v3,0.6,32,5,1,541,0.0014680830063298345,0.005799915990792215,818823168,0.15625
32b7d5fd6a30850f,svhn,ssb-v1-block,mlp,protocol-v3,0.6,32,5,1,542,0.0014270830433815718,0.0056100410292856395,818823168,0.1796875
32b7d5fd6a30850f,svhn,ssb-v1-block,mlp,protocol-v3,0.6,32,5,1,543,0.0013964580139145255,0.005543583014514297,818823168,0.2421875
32b7d5fd6a30850f,svhn,ssb-v1-block,mlp,protocol-v3,0.6,32,5,1,544,0.00142241595312953,0.005385082971770316,818823168,0.1796875
32b7d5fd6a30850f,svhn,ssb-v1-block,mlp,protocol-v3,0.6,32,5,1,545,0.0013880000333301723,0.0049925000057555735,818823168,0.1875
32b7d5fd6a30850f,svhn,ssb-v1-block,mlp,protocol-v3,0.6,32,5,1,546,0.001407333998940885,0.004993916023522615,818823168,0.15625
32b7d5fd6a30850f,svhn,ssb-v1-block,mlp,protocol-v3,0.6,32,5,1,547,0.001372625003568828,0.005248916044365615,819003392,0.1875
32b7d5fd6a30850f,svhn,ssb-v1-block,mlp,protocol-v3,0.6,32,5,1,548,0.001401791989337653,0.005028125015087426,819003392,0.2265625
32b7d5fd6a30850f,svhn,ssb-v1-block,mlp,protocol-v3,0.6,32,5,1,549,0.0013958750059828162,0.00527020898880437,819003392,0.1953125
32b7d5fd6a30850f,svhn,ssb-v1-block,mlp,protocol-v3,0.6,32,5,1,550,0.0014531249762512743,0.005086542048957199,819003392,0.21875
32b7d5fd6a30850f,svhn,ssb-v1-block,mlp,protocol-v3,0.6,32,5,1,551,0.001460542029235512,0.005338415969163179,819003392,0.1953125
32b7d5fd6a30850f,svhn,ssb-v1-block,mlp,protocol-v3,0.6,32,5,1,552,0.0014564579469151795,0.005257541022729129,819003392,0.1875
32b7d5fd6a30850f,svhn,ssb-v1-block,mlp,protocol-v3,0.6,32,5,1,553,0.0015212910366244614,0.0058207090478390455,819003392,0.1796875
32b7d5fd6a30850f,svhn,ssb-v1-block,mlp,protocol-v3,0.6,32,5,1,554,0.001391666999552399,0.0057638330035842955,819003392,0.2421875
32b7d5fd6a30850f,svhn,ssb-v1-block,mlp,protocol-v3,0.6,32,5,1,555,0.0014609589707106352,0.005502582993358374,819003392,0.203125
32b7d5fd6a30850f,svhn,ssb-v1-block,mlp,protocol-v3,0.6,32,5,1,556,0.0014542919816449285,0.005339625000488013,819003392,0.15625
32b7d5fd6a30850f,svhn,ssb-v1-block,mlp,protocol-v3,0.6,32,5,1,557,0.0014602500014007092,0.005632875021547079,819019776,0.1328125
32b7d5fd6a30850f,svhn,ssb-v1-block,mlp,protocol-v3,0.6,32,5,1,558,0.0014027910074219108,0.0052230830187909305,819019776,0.21875
32b7d5fd6a30850f,svhn,ssb-v1-block,mlp,protocol-v3,0.6,32,5,1,559,0.0014217079733498394,0.005396625027060509,819019776,0.1875
32b7d5fd6a30850f,svhn,ssb-v1-block,mlp,protocol-v3,0.6,32,5,1,560,0.0014633750542998314,0.005256125004962087,819019776,0.28125
32b7d5fd6a30850f,svhn,ssb-v1-block,mlp,protocol-v3,0.6,32,5,1,561,0.0014314159634523094,0.005330665968358517,819019776,0.2265625
32b7d5fd6a30850f,svhn,ssb-v1-block,mlp,protocol-v3,0.6,32,5,1,562,0.001460542029235512,0.005407666030805558,819019776,0.2109375
32b7d5fd6a30850f,svhn,ssb-v1-block,mlp,protocol-v3,0.6,32,5,1,563,0.0014865410048514605,0.005366333003621548,819019776,0.140625
32b7d5fd6a30850f,svhn,ssb-v1-block,mlp,protocol-v3,0.6,32,5,1,564,0.0014624579926021397,0.004870541975833476,819019776,0.21875
32b7d5fd6a30850f,svhn,ssb-v1-block,mlp,protocol-v3,0.6,32,5,1,565,0.0014692500117234886,0.0052034579566679895,819019776,0.1484375
32b7d5fd6a30850f,svhn,ssb-v1-block,mlp,protocol-v3,0.6,32,5,1,566,0.0013788749929517508,0.005516875011380762,819036160,0.1328125
32b7d5fd6a30850f,svhn,ssb-v1-block,mlp,protocol-v3,0.6,32,5,1,567,0.0013993329484947026,0.005002375051844865,819036160,0.1484375
32b7d5fd6a30850f,svhn,ssb-v1-block,mlp,protocol-v3,0.6,32,5,1,568,0.0014557919930666685,0.005247832974418998,819036160,0.1875
32b7d5fd6a30850f,svhn,ssb-v1-block,mlp,protocol-v3,0.6,32,5,1,569,0.0014122080174274743,0.005066582991275936,819036160,0.21875
32b7d5fd6a30850f,svhn,ssb-v1-block,mlp,protocol-v3,0.6,32,5,1,570,0.0014059589593671262,0.005329207982867956,819036160,0.15625
32b7d5fd6a30850f,svhn,ssb-v1-block,mlp,protocol-v3,0.6,32,5,1,571,0.001402208989020437,0.006028000032529235,819036160,0.1640625
32b7d5fd6a30850f,svhn,ssb-v1-block,mlp,protocol-v3,0.6,32,5,1,572,0.010736791999079287,0.03361945896176621,826015744,0.1951219512195122
32b7d5fd6a30850f,svhn,ssb-v1-block,mlp,protocol-v3,0.6,32,5,2,0,0.0014609170029871166,0.0057435419876128435,835928064,0.1640625
32b7d5fd6a30850f,svhn,ssb-v1-block,mlp,protocol-v3,0.6,32,5,2,1,0.0016031249542720616,0.00538779201451689,837140480,0.15625
32b7d5fd6a30850f,svhn,ssb-v1-block,mlp,protocol-v3,0.6,32,5,2,2,0.0014626659685745835,0.0055658339988440275,837140480,0.21875
32b7d5fd6a30850f,svhn,ssb-v1-block,mlp,protocol-v3,0.6,32,5,2,3,0.00143333402229473,0.0053261659923009574,837140480,0.125
32b7d5fd6a30850f,svhn,ssb-v1-block,mlp,protocol-v3,0.6,32,5,2,4,0.0014119170373305678,0.00545170804252848,837140480,0.1328125
32b7d5fd6a30850f,svhn,ssb-v1-block,mlp,protocol-v3,0.6,32,5,2,5,0.0014331249985843897,0.004943624953739345,838713344,0.1328125
32b7d5fd6a30850f,svhn,ssb-v1-block,mlp,protocol-v3,0.6,32,5,2,6,0.0014353339793160558,0.00547845900291577,838713344,0.109375
32b7d5fd6a30850f,svhn,ssb-v1-block,mlp,protocol-v3,0.6,32,5,2,7,0.001414833008311689,0.005351708037778735,838729728,0.1796875
32b7d5fd6a30850f,svhn,ssb-v1-block,mlp,protocol-v3,0.6,32,5,2,8,0.0014635839615948498,0.004992875037714839,838729728,0.1875
32b7d5fd6a30850f,svhn,ssb-v1-block,mlp,protocol-v3,0.6,32,5,2,9,0.0015150000108405948,0.004845374962314963,838746112,0.234375
32b7d5fd6a30850f,svhn,ssb-v1-block,mlp,protocol-v3,0.6,32,5,2,10,0.0014195000403560698,0.005485083966050297,838746112,0.15625
32b7d5fd6a30850f,svhn,ssb-v1-block,mlp,protocol-v3,0.6,32,5,2,11,0.0014631670201197267,0.0053515409817919135,838746112,0.1875
32b7d5fd6a30850f,svhn,ssb-v1-block,mlp,protocol-v3,0.6,32,5,2,12,0.0013614170020446181,0.004911082971375436,838746112,0.2109375
32b7d5fd6a30850f,svhn,ssb-v1-block,mlp,protocol-v3,0.6,32,5,2,13,0.0014754169969819486,0.005686166987288743,838762496,0.1328125
32b7d5fd6a30850f,svhn,ssb-v1-block,mlp,protocol-v3,0.6,32,5,2,14,0.0014084589784033597,0.0059368329821154475,838762496,0.15625
32b7d5fd6a30850f,svhn,ssb-v1-block,mlp,protocol-v3,0.6,32,5,2,15,0.0014750830014236271,0.005661249975673854,838762496,0.203125
32b7d5fd6a30850f,svhn,ssb-v1-block,mlp,protocol-v3,0.6,32,5,2,16,0.0014117499813437462,0.005484875000547618,838762496,0.21875
32b7d5fd6a30850f,svhn,ssb-v1-block,mlp,protocol-v3,0.6,32,5,2,17,0.0014182919985614717,0.0054192920215427876,838762496,0.2109375
32b7d5fd6a30850f,svhn,ssb-v1-block,mlp,protocol-v3,0.6,32,5,2,18,0.001405916002113372,0.005136875028256327,838762496,0.1328125
32b7d5fd6a30850f,svhn,ssb-v1-block,mlp,protocol-v3,0.6,32,5,2,19,0.0014851249870844185,0.005367958045098931,838778880,0.1796875
32b7d5fd6a30850f,svhn,ssb-v1-block,mlp,protocol-v3,0.6,32,5,2,20,0.0013817080180160701,0.004998165997676551,838795264,0.2109375
32b7d5fd6a30850f,svhn,ssb-v1-block,mlp,protocol-v3,0.6,32,5,2,21,0.0014245419879443944,0.005216291989199817,838795264,0.1796875
32b7d5fd6a30850f,svhn,ssb-v1-block,mlp,protocol-v3,0.6,32,5,2,22,0.0013947500265203416,0.005125124996993691,838795264,0.2421875
32b7d5fd6a30850f,svhn,ssb-v1-block,mlp,protocol-v3,0.6,32,5,2,23,0.0014654159895144403,0.005346958991140127,838795264,0.2109375
32b7d5fd6a30850f,svhn,ssb-v1-block,mlp,protocol-v3,0.6,32,5,2,24,0.0013962920056656003,0.005358416005037725,838795264,0.2265625
32b7d5fd6a30850f,svhn,ssb-v1-block,mlp,protocol-v3,0.6,32,5,2,25,0.0014678749721497297,0.0055412499932572246,838795264,0.1171875
32b7d5fd6a30850f,svhn,ssb-v1-block,mlp,protocol-v3,0.6,32,5,2,26,0.0014047499862499535,0.004935791017487645,838811648,0.2265625
32b7d5fd6a30850f,svhn,ssb-v1-block,mlp,protocol-v3,0.6,32,5,2,27,0.0014589999918825924,0.0056353750405833125,838828032,0.1953125
32b7d5fd6a30850f,svhn,ssb-v1-block,mlp,protocol-v3,0.6,32,5,2,28,0.0014571660431101918,0.005229666014201939,838828032,0.203125
32b7d5fd6a30850f,svhn,ssb-v1-block,mlp,protocol-v3,0.6,32,5,2,29,0.0014752089628018439,0.0054865420097485185,838828032,0.1875
32b7d5fd6a30850f,svhn,ssb-v1-block,mlp,protocol-v3,0.6,32,5,2,30,0.00147033401299268,0.005734290985856205,838828032,0.21875
32b7d5fd6a30850f,svhn,ssb-v1-block,mlp,protocol-v3,0.6,32,5,2,31,0.0015071670059114695,0.005209915980231017,838828032,0.15625
32b7d5fd6a30850f,svhn,ssb-v1-block,mlp,protocol-v3,0.6,32,5,2,32,0.0014921249821782112,0.0049769170000217855,838828032,0.1484375
32b7d5fd6a30850f,svhn,ssb-v1-block,mlp,protocol-v3,0.6,32,5,2,33,0.0014395840116776526,0.004781250027008355,838844416,0.1484375
32b7d5fd6a30850f,svhn,ssb-v1-block,mlp,protocol-v3,0.6,32,5,2,34,0.0014986249734647572,0.00502849998883903,838844416,0.21875
32b7d5fd6a30850f,svhn,ssb-v1-block,mlp,protocol-v3,0.6,32,5,2,35,0.0013693340006284416,0.00505433400394395,838844416,0.1953125
32b7d5fd6a30850f,svhn,ssb-v1-block,mlp,protocol-v3,0.6,32,5,2,36,0.0014755409792996943,0.005032457993365824,838860800,0.2109375
32b7d5fd6a30850f,svhn,ssb-v1-block,mlp,protocol-v3,0.6,32,5,2,37,0.0014269580133259296,0.005448542011436075,838860800,0.203125
32b7d5fd6a30850f,svhn,ssb-v1-block,mlp,protocol-v3,0.6,32,5,2,38,0.001411292003467679,0.005056667025201023,838860800,0.15625
32b7d5fd6a30850f,svhn,ssb-v1-block,mlp,protocol-v3,0.6,32,5,2,39,0.0014005829580128193,0.006137499993201345,838860800,0.1640625
32b7d5fd6a30850f,svhn,ssb-v1-block,mlp,protocol-v3,0.6,32,5,2,40,0.00136599998222664,0.0054304590448737144,838860800,0.1171875
32b7d5fd6a30850f,svhn,ssb-v1-block,mlp,protocol-v3,0.6,32,5,2,41,0.001389542012475431,0.0056284579914063215,838860800,0.171875
32b7d5fd6a30850f,svhn,ssb-v1-block,mlp,protocol-v3,0.6,32,5,2,42,0.0014153749798424542,0.005158708023373038,838860800,0.1875
32b7d5fd6a30850f,svhn,ssb-v1-block,mlp,protocol-v3,0.6,32,5,2,43,0.0014118329854682088,0.004933624994009733,838877184,0.2109375
32b7d5fd6a30850f,svhn,ssb-v1-block,mlp,protocol-v3,0.6,32,5,2,44,0.0014042920083738863,0.005606250022538006,838877184,0.234375
32b7d5fd6a30850f,svhn,ssb-v1-block,mlp,protocol-v3,0.6,32,5,2,45,0.0014772920403629541,0.00483375001931563,838877184,0.25
32b7d5fd6a30850f,svhn,ssb-v1-block,mlp,protocol-v3,0.6,32,5,2,46,0.0014079170068725944,0.004948917019646615,838893568,0.21875
32b7d5fd6a30850f,svhn,ssb-v1-block,mlp,protocol-v3,0.6,32,5,2,47,0.0014070830075070262,0.005536417011171579,838893568,0.2265625
32b7d5fd6a30850f,svhn,ssb-v1-block,mlp,protocol-v3,0.6,32,5,2,48,0.001519167039077729,0.005393666971940547,838893568,0.1640625
32b7d5fd6a30850f,svhn,ssb-v1-block,mlp,protocol-v3,0.6,32,5,2,49,0.0015076670097187161,0.0051959160482510924,838893568,0.1796875
32b7d5fd6a30850f,svhn,ssb-v1-block,mlp,protocol-v3,0.6,32,5,2,50,0.0013808749499730766,0.005545959051232785,838893568,0.140625
32b7d5fd6a30850f,svhn,ssb-v1-block,mlp,protocol-v3,0.6,32,5,2,51,0.0014212500536814332,0.005559417011681944,838893568,0.1796875
32b7d5fd6a30850f,svhn,ssb-v1-block,mlp,protocol-v3,0.6,32,5,2,52,0.0014082079869695008,0.005152207973878831,838893568,0.15625
32b7d5fd6a30850f,svhn,ssb-v1-block,mlp,protocol-v3,0.6,32,5,2,53,0.001404666982125491,0.006042583961971104,838893568,0.1796875
32b7d5fd6a30850f,svhn,ssb-v1-block,mlp,protocol-v3,0.6,32,5,2,54,0.0014643750037066638,0.005285833962261677,838893568,0.1953125
32b7d5fd6a30850f,svhn,ssb-v1-block,mlp,protocol-v3,0.6,32,5,2,55,0.0013771670055575669,0.005228207970503718,838893568,0.1328125
32b7d5fd6a30850f,svhn,ssb-v1-block,mlp,protocol-v3,0.6,32,5,2,56,0.0014741670456714928,0.005023000005166978,838893568,0.21875
32b7d5fd6a30850f,svhn,ssb-v1-block,mlp,protocol-v3,0.6,32,5,2,57,0.001502583036199212,0.005541584047023207,838893568,0.125
32b7d5fd6a30850f,svhn,ssb-v1-block,mlp,protocol-v3,0.6,32,5,2,58,0.001577666960656643,0.007009625027421862,838893568,0.2109375
32b7d5fd6a30850f,svhn,ssb-v1-block,mlp,protocol-v3,0.6,32,5,2,59,0.0021568750380538404,0.0074451249674893916,838893568,0.1796875
32b7d5fd6a30850f,svhn,ssb-v1-block,mlp,protocol-v3,0.6,32,5,2,60,0.002417749958112836,0.008595499966759235,838893568,0.21875
32b7d5fd6a30850f,svhn,ssb-v1-block,mlp,protocol-v3,0.6,32,5,2,61,0.0018928750068880618,0.007393833016976714,838893568,0.125
32b7d5fd6a30850f,svhn,ssb-v1-block,mlp,protocol-v3,0.6,32,5,2,62,0.0016083329683169723,0.005260959034785628,838909952,0.1953125
32b7d5fd6a30850f,svhn,ssb-v1-block,mlp,protocol-v3,0.6,32,5,2,63,0.001386708056088537,0.005004249978810549,838909952,0.2421875
32b7d5fd6a30850f,svhn,ssb-v1-block,mlp,protocol-v3,0.6,32,5,2,64,0.0014262499753385782,0.0053706669714301825,838909952,0.203125
32b7d5fd6a30850f,svhn,ssb-v1-block,mlp,protocol-v3,0.6,32,5,2,65,0.0014407499693334103,0.0056972079910337925,838909952,0.1953125
32b7d5fd6a30850f,svhn,ssb-v1-block,mlp,protocol-v3,0.6,32,5,2,66,0.0014552500215359032,0.0054022499825805426,838909952,0.171875
32b7d5fd6a30850f,svhn,ssb-v1-block,mlp,protocol-v3,0.6,32,5,2,67,0.0014729999820701778,0.005117707944009453,838909952,0.21875
32b7d5fd6a30850f,svhn,ssb-v1-block,mlp,protocol-v3,0.6,32,5,2,68,0.0014728750102221966,0.004914667049888521,838909952,0.1796875
32b7d5fd6a30850f,svhn,ssb-v1-block,mlp,protocol-v3,0.6,32,5,2,69,0.0014813750167377293,0.005592500034254044,838909952,0.234375
32b7d5fd6a30850f,svhn,ssb-v1-block,mlp,protocol-v3,0.6,32,5,2,70,0.0013652089983224869,0.005121166992466897,838926336,0.1953125
32b7d5fd6a30850f,svhn,ssb-v1-block,mlp,protocol-v3,0.6,32,5,2,71,0.0013923749793320894,0.005815166048705578,838926336,0.1953125
32b7d5fd6a30850f,svhn,ssb-v1-block,mlp,protocol-v3,0.6,32,5,2,72,0.0013939159689471126,0.006031916011124849,838926336,0.140625
32b7d5fd6a30850f,svhn,ssb-v1-block,mlp,protocol-v3,0.6,32,5,2,73,0.0013997090281918645,0.0059061660431325436,838926336,0.1640625
32b7d5fd6a30850f,svhn,ssb-v1-block,mlp,protocol-v3,0.6,32,5,2,74,0.001558540971018374,0.005454874946735799,838926336,0.1484375
32b7d5fd6a30850f,svhn,ssb-v1-block,mlp,protocol-v3,0.6,32,5,2,75,0.001409832970239222,0.005365625023841858,838926336,0.1015625
32b7d5fd6a30850f,svhn,ssb-v1-block,mlp,protocol-v3,0.6,32,5,2,76,0.0014008330181241035,0.005427874973975122,838926336,0.1171875
32b7d5fd6a30850f,svhn,ssb-v1-block,mlp,protocol-v3,0.6,32,5,2,77,0.0014726659865118563,0.0052070829551666975,838926336,0.140625
32b7d5fd6a30850f,svhn,ssb-v1-block,mlp,protocol-v3,0.6,32,5,2,78,0.002054082986433059,0.005612625041976571,838942720,0.1328125
32b7d5fd6a30850f,svhn,ssb-v1-block,mlp,protocol-v3,0.6,32,5,2,79,0.0014182919985614717,0.005533041025046259,838942720,0.0703125
32b7d5fd6a30850f,svhn,ssb-v1-block,mlp,protocol-v3,0.6,32,5,2,80,0.0014157919795252383,0.005877375020645559,838942720,0.125
32b7d5fd6a30850f,svhn,ssb-v1-block,mlp,protocol-v3,0.6,32,5,2,81,0.0014680000022053719,0.004793957981746644,838942720,0.203125
32b7d5fd6a30850f,svhn,ssb-v1-block,mlp,protocol-v3,0.6,32,5,2,82,0.001402457943186164,0.005243833002168685,838942720,0.1875
32b7d5fd6a30850f,svhn,ssb-v1-block,mlp,protocol-v3,0.6,32,5,2,83,0.0014863749966025352,0.005117833032272756,838942720,0.203125
32b7d5fd6a30850f,svhn,ssb-v1-block,mlp,protocol-v3,0.6,32,5,2,84,0.0013973329914733768,0.005449125019367784,838942720,0.21875
32b7d5fd6a30850f,svhn,ssb-v1-block,mlp,protocol-v3,0.6,32,5,2,85,0.0014997920370660722,0.0047926249681040645,838942720,0.21875
32b7d5fd6a30850f,svhn,ssb-v1-block,mlp,protocol-v3,0.6,32,5,2,86,0.0014722499763593078,0.005979250010568649,838942720,0.1640625
32b7d5fd6a30850f,svhn,ssb-v1-block,mlp,protocol-v3,0.6,32,5,2,87,0.0014111670316196978,0.007234958990011364,838942720,0.140625
32b7d5fd6a30850f,svhn,ssb-v1-block,mlp,protocol-v3,0.6,32,5,2,88,0.0013895840384066105,0.0055871669901534915,838942720,0.15625
32b7d5fd6a30850f,svhn,ssb-v1-block,mlp,protocol-v3,0.6,32,5,2,89,0.0014198340359143913,0.005279167031403631,838942720,0.1796875
32b7d5fd6a30850f,svhn,ssb-v1-block,mlp,protocol-v3,0.6,32,5,2,90,0.0013904999941587448,0.005370791011955589,838942720,0.1328125
32b7d5fd6a30850f,svhn,ssb-v1-block,mlp,protocol-v3,0.6,32,5,2,91,0.0014778749900870025,0.005476666963659227,838959104,0.1875
32b7d5fd6a30850f,svhn,ssb-v1-block,mlp,protocol-v3,0.6,32,5,2,92,0.0014103340217843652,0.005198874976485968,838975488,0.1640625
32b7d5fd6a30850f,svhn,ssb-v1-block,mlp,protocol-v3,0.6,32,5,2,93,0.0014653749531134963,0.005432457954157144,838975488,0.1640625
32b7d5fd6a30850f,svhn,ssb-v1-block,mlp,protocol-v3,0.6,32,5,2,94,0.0014290419640019536,0.005437749961856753,838975488,0.171875
32b7d5fd6a30850f,svhn,ssb-v1-block,mlp,protocol-v3,0.6,32,5,2,95,0.00147779198596254,0.005212249991018325,838975488,0.21875
32b7d5fd6a30850f,svhn,ssb-v1-block,mlp,protocol-v3,0.6,32,5,2,96,0.0014034589985385537,0.005264584033284336,838975488,0.1640625
32b7d5fd6a30850f,svhn,ssb-v1-block,mlp,protocol-v3,0.6,32,5,2,97,0.001473166048526764,0.005381666007451713,838975488,0.1875
32b7d5fd6a30850f,svhn,ssb-v1-block,mlp,protocol-v3,0.6,32,5,2,98,0.0013885830412618816,0.005450832948554307,838975488,0.1875
32b7d5fd6a30850f,svhn,ssb-v1-block,mlp,protocol-v3,0.6,32,5,2,99,0.0013892920105718076,0.0047412499552592635,838975488,0.1796875
32b7d5fd6a30850f,svhn,ssb-v1-block,mlp,protocol-v3,0.6,32,5,2,100,0.001474916993174702,0.005323708988726139,838975488,0.1484375
32b7d5fd6a30850f,svhn,ssb-v1-block,mlp,protocol-v3,0.6,32,5,2,101,0.0014260829775594175,0.005673874984495342,838975488,0.2265625
32b7d5fd6a30850f,svhn,ssb-v1-block,mlp,protocol-v3,0.6,32,5,2,102,0.0014057499938644469,0.005412500002421439,838975488,0.1796875
32b7d5fd6a30850f,svhn,ssb-v1-block,mlp,protocol-v3,0.6,32,5,2,103,0.00147462502354756,0.005427375028375536,838975488,0.1796875
32b7d5fd6a30850f,svhn,ssb-v1-block,mlp,protocol-v3,0.6,32,5,2,104,0.0014599579735659063,0.005192042037378997,838991872,0.125
32b7d5fd6a30850f,svhn,ssb-v1-block,mlp,protocol-v3,0.6,32,5,2,105,0.0014654159895144403,0.00548575003631413,838991872,0.203125
32b7d5fd6a30850f,svhn,ssb-v1-block,mlp,protocol-v3,0.6,32,5,2,106,0.0016431249678134918,0.005074916989542544,838991872,0.2109375
32b7d5fd6a30850f,svhn,ssb-v1-block,mlp,protocol-v3,0.6,32,5,2,107,0.0014139160048216581,0.005679666006471962,838991872,0.203125
32b7d5fd6a30850f,svhn,ssb-v1-block,mlp,protocol-v3,0.6,32,5,2,108,0.0014578340342268348,0.005760000029113144,838991872,0.234375
32b7d5fd6a30850f,svhn,ssb-v1-block,mlp,protocol-v3,0.6,32,5,2,109,0.0014099580002948642,0.005368749960325658,838991872,0.2109375
32b7d5fd6a30850f,svhn,ssb-v1-block,mlp,protocol-v3,0.6,32,5,2,110,0.0014631669619120657,0.005484458000864834,838991872,0.2109375
32b7d5fd6a30850f,svhn,ssb-v1-block,mlp,protocol-v3,0.6,32,5,2,111,0.001425334019586444,0.005203332984820008,838991872,0.21875
32b7d5fd6a30850f,svhn,ssb-v1-block,mlp,protocol-v3,0.6,32,5,2,112,0.0013769999495707452,0.005208166956435889,838991872,0.21875
32b7d5fd6a30850f,svhn,ssb-v1-block,mlp,protocol-v3,0.6,32,5,2,113,0.001358041015919298,0.0051553749945014715,838991872,0.1796875
32b7d5fd6a30850f,svhn,ssb-v1-block,mlp,protocol-v3,0.6,32,5,2,114,0.0013763750321231782,0.005882417026441544,839008256,0.203125
32b7d5fd6a30850f,svhn,ssb-v1-block,mlp,protocol-v3,0.6,32,5,2,115,0.0014701660256832838,0.005785582994576544,839008256,0.1796875
32b7d5fd6a30850f,svhn,ssb-v1-block,mlp,protocol-v3,0.6,32,5,2,116,0.001397083979099989,0.005172499979380518,839008256,0.203125
32b7d5fd6a30850f,svhn,ssb-v1-block,mlp,protocol-v3,0.6,32,5,2,117,0.00146958400728181,0.005519166006706655,839008256,0.1796875
32b7d5fd6a30850f,svhn,ssb-v1-block,mlp,protocol-v3,0.6,32,5,2,118,0.001382957969326526,0.005286291998345405,839008256,0.234375
32b7d5fd6a30850f,svhn,ssb-v1-block,mlp,protocol-v3,0.6,32,5,2,119,0.0014160830178298056,0.00511825003195554,839008256,0.1875
32b7d5fd6a30850f,svhn,ssb-v1-block,mlp,protocol-v3,0.6,32,5,2,120,0.0013964170357212424,0.0051883329870179296,839008256,0.1875
32b7d5fd6a30850f,svhn,ssb-v1-block,mlp,protocol-v3,0.6,32,5,2,121,0.0014267090009525418,0.005271665984764695,839024640,0.2421875
32b7d5fd6a30850f,svhn,ssb-v1-block,mlp,protocol-v3,0.6,32,5,2,122,0.001471000025048852,0.005249291018117219,839024640,0.171875
32b7d5fd6a30850f,svhn,ssb-v1-block,mlp,protocol-v3,0.6,32,5,2,123,0.00141962495399639,0.005552582966629416,839041024,0.171875
32b7d5fd6a30850f,svhn,ssb-v1-block,mlp,protocol-v3,0.6,32,5,2,124,0.001469957991503179,0.005290957982651889,839041024,0.125
32b7d5fd6a30850f,svhn,ssb-v1-block,mlp,protocol-v3,0.6,32,5,2,125,0.0014614580431953073,0.005521584011148661,839041024,0.1015625
32b7d5fd6a30850f,svhn,ssb-v1-block,mlp,protocol-v3,0.6,32,5,2,126,0.0014516669907607138,0.006224334007129073,839041024,0.2109375
32b7d5fd6a30850f,svhn,ssb-v1-block,mlp,protocol-v3,0.6,32,5,2,127,0.0014133749646134675,0.005723583046346903,839041024,0.1015625
32b7d5fd6a30850f,svhn,ssb-v1-block,mlp,protocol-v3,0.6,32,5,2,128,0.0014660420129075646,0.005740833003073931,839041024,0.1171875
32b7d5fd6a30850f,svhn,ssb-v1-block,mlp,protocol-v3,0.6,32,5,2,129,0.0014282920164987445,0.005753332981839776,839041024,0.1640625
32b7d5fd6a30850f,svhn,ssb-v1-block,mlp,protocol-v3,0.6,32,5,2,130,0.0014086670125834644,0.005377374996896833,839041024,0.1875
32b7d5fd6a30850f,svhn,ssb-v1-block,mlp,protocol-v3,0.6,32,5,2,131,0.0014306670054793358,0.00520479102851823,839041024,0.1953125
32b7d5fd6a30850f,svhn,ssb-v1-block,mlp,protocol-v3,0.6,32,5,2,132,0.0014708749949932098,0.004801540984772146,839041024,0.21875
32b7d5fd6a30850f,svhn,ssb-v1-block,mlp,protocol-v3,0.6,32,5,2,133,0.001488708017859608,0.006076499994378537,839057408,0.125
32b7d5fd6a30850f,svhn,ssb-v1-block,mlp,protocol-v3,0.6,32,5,2,134,0.0013983339886181056,0.00534704199526459,839057408,0.1953125
32b7d5fd6a30850f,svhn,ssb-v1-block,mlp,protocol-v3,0.6,32,5,2,135,0.0014110420015640557,0.00513616600073874,839057408,0.171875
32b7d5fd6a30850f,svhn,ssb-v1-block,mlp,protocol-v3,0.6,32,5,2,136,0.0014144160086289048,0.005304416001308709,839057408,0.234375
32b7d5fd6a30850f,svhn,ssb-v1-block,mlp,protocol-v3,0.6,32,5,2,137,0.0014460409875027835,0.0049504589987918735,839057408,0.1875
32b7d5fd6a30850f,svhn,ssb-v1-block,mlp,protocol-v3,0.6,32,5,2,138,0.0014092500205151737,0.005258333985693753,839057408,0.1484375
32b7d5fd6a30850f,svhn,ssb-v1-block,mlp,protocol-v3,0.6,32,5,2,139,0.001406458963174373,0.005671625025570393,839057408,0.25
32b7d5fd6a30850f,svhn,ssb-v1-block,mlp,protocol-v3,0.6,32,5,2,140,0.0014499580138362944,0.006064082961529493,839057408,0.1953125
32b7d5fd6a30850f,svhn,ssb-v1-block,mlp,protocol-v3,0.6,32,5,2,141,0.001362334005534649,0.006502624950371683,839057408,0.15625
32b7d5fd6a30850f,svhn,ssb-v1-block,mlp,protocol-v3,0.6,32,5,2,142,0.0014640000299550593,0.005280375014990568,839073792,0.1484375
32b7d5fd6a30850f,svhn,ssb-v1-block,mlp,protocol-v3,0.6,32,5,2,143,0.0014631249941885471,0.005090458958875388,839073792,0.203125
32b7d5fd6a30850f,svhn,ssb-v1-block,mlp,protocol-v3,0.6,32,5,2,144,0.0013950829743407667,0.004877041035797447,839073792,0.2265625
32b7d5fd6a30850f,svhn,ssb-v1-block,mlp,protocol-v3,0.6,32,5,2,145,0.0014715419965796173,0.005451750010251999,839073792,0.1953125
32b7d5fd6a30850f,svhn,ssb-v1-block,mlp,protocol-v3,0.6,32,5,2,146,0.0014799999771639705,0.005073458014521748,839073792,0.21875
32b7d5fd6a30850f,svhn,ssb-v1-block,mlp,protocol-v3,0.6,32,5,2,147,0.0014939170214347541,0.004890332987997681,839090176,0.28125
32b7d5fd6a30850f,svhn,ssb-v1-block,mlp,protocol-v3,0.6,32,5,2,148,0.001472792006097734,0.004995584022253752,839090176,0.21875
32b7d5fd6a30850f,svhn,ssb-v1-block,mlp,protocol-v3,0.6,32,5,2,149,0.0014625420444644988,0.005734957987442613,839090176,0.1796875
32b7d5fd6a30850f,svhn,ssb-v1-block,mlp,protocol-v3,0.6,32,5,2,150,0.001410875003784895,0.005411958962213248,839090176,0.1875
32b7d5fd6a30850f,svhn,ssb-v1-block,mlp,protocol-v3,0.6,32,5,2,151,0.0014181669685058296,0.005324124998878688,839090176,0.171875
32b7d5fd6a30850f,svhn,ssb-v1-block,mlp,protocol-v3,0.6,32,5,2,152,0.0014025410055182874,0.006048040988389403,839090176,0.21875
32b7d5fd6a30850f,svhn,ssb-v1-block,mlp,protocol-v3,0.6,32,5,2,153,0.0014650829834863544,0.006128416978754103,839090176,0.15625
32b7d5fd6a30850f,svhn,ssb-v1-block,mlp,protocol-v3,0.6,32,5,2,154,0.0013892080169171095,0.00540270796045661,839090176,0.1640625
32b7d5fd6a30850f,svhn,ssb-v1-block,mlp,protocol-v3,0.6,32,5,2,155,0.001409499964211136,0.005503415944986045,839090176,0.2421875
32b7d5fd6a30850f,svhn,ssb-v1-block,mlp,protocol-v3,0.6,32,5,2,156,0.0013904590159654617,0.0053114999900572,839090176,0.1875
32b7d5fd6a30850f,svhn,ssb-v1-block,mlp,protocol-v3,0.6,32,5,2,157,0.0013666670420207083,0.005138915963470936,839106560,0.171875
32b7d5fd6a30850f,svhn,ssb-v1-block,mlp,protocol-v3,0.6,32,5,2,158,0.0014012909960001707,0.005207707989029586,839106560,0.1640625
32b7d5fd6a30850f,svhn,ssb-v1-block,mlp,protocol-v3,0.6,32,5,2,159,0.0014128750190138817,0.005842917016707361,839106560,0.2265625
32b7d5fd6a30850f,svhn,ssb-v1-block,mlp,protocol-v3,0.6,32,5,2,160,0.0014620000147260725,0.005753667035605758,839106560,0.1953125
32b7d5fd6a30850f,svhn,ssb-v1-block,mlp,protocol-v3,0.6,32,5,2,161,0.0014646250056102872,0.0053841249900870025,839106560,0.1875
32b7d5fd6a30850f,svhn,ssb-v1-block,mlp,protocol-v3,0.6,32,5,2,162,0.0014647500356659293,0.0052031660452485085,839106560,0.15625
32b7d5fd6a30850f,svhn,ssb-v1-block,mlp,protocol-v3,0.6,32,5,2,163,0.0014755420270375907,0.0053735419642180204,839106560,0.1953125
32b7d5fd6a30850f,svhn,ssb-v1-block,mlp,protocol-v3,0.6,32,5,2,164,0.0014577920082956553,0.005272791022434831,839106560,0.171875
32b7d5fd6a30850f,svhn,ssb-v1-block,mlp,protocol-v3,0.6,32,5,2,165,0.0013520419597625732,0.005428500007838011,839106560,0.1953125
32b7d5fd6a30850f,svhn,ssb-v1-block,mlp,protocol-v3,0.6,32,5,2,166,0.0014582499861717224,0.0049131669802591205,839106560,0.140625
32b7d5fd6a30850f,svhn,ssb-v1-block,mlp,protocol-v3,0.6,32,5,2,167,0.0014084590366110206,0.005850457993801683,839122944,0.1875
32b7d5fd6a30850f,svhn,ssb-v1-block,mlp,protocol-v3,0.6,32,5,2,168,0.0014565830351784825,0.005667249963153154,839122944,0.21875
32b7d5fd6a30850f,svhn,ssb-v1-block,mlp,protocol-v3,0.6,32,5,2,169,0.001413790974766016,0.005393375002313405,839122944,0.1953125
32b7d5fd6a30850f,svhn,ssb-v1-block,mlp,protocol-v3,0.6,32,5,2,170,0.0014099589898250997,0.011936458002310246,840089600,0.1953125
32b7d5fd6a30850f,svhn,ssb-v1-block,mlp,protocol-v3,0.6,32,5,2,171,0.0014755839947611094,0.0052971659461036325,840499200,0.2421875
32b7d5fd6a30850f,svhn,ssb-v1-block,mlp,protocol-v3,0.6,32,5,2,172,0.0014961250126361847,0.005731165991164744,840499200,0.1953125
32b7d5fd6a30850f,svhn,ssb-v1-block,mlp,protocol-v3,0.6,32,5,2,173,0.001390624966006726,0.0053402920020744205,840499200,0.2109375
32b7d5fd6a30850f,svhn,ssb-v1-block,mlp,protocol-v3,0.6,32,5,2,174,0.0013735420070588589,0.004705875006038696,840515584,0.1953125
32b7d5fd6a30850f,svhn,ssb-v1-block,mlp,protocol-v3,0.6,32,5,2,175,0.0014720410108566284,0.005336083995644003,840515584,0.25
32b7d5fd6a30850f,svhn,ssb-v1-block,mlp,protocol-v3,0.6,32,5,2,176,0.001404707960318774,0.0059215829824097455,840515584,0.25
32b7d5fd6a30850f,svhn,ssb-v1-block,mlp,protocol-v3,0.6,32,5,2,177,0.0014102080021984875,0.0060573340160772204,840515584,0.1875
32b7d5fd6a30850f,svhn,ssb-v1-block,mlp,protocol-v3,0.6,32,5,2,178,0.00146883400157094,0.0061221669893711805,840515584,0.1953125
32b7d5fd6a30850f,svhn,ssb-v1-block,mlp,protocol-v3,0.6,32,5,2,179,0.0013548749848268926,0.0061478340066969395,840515584,0.1953125
32b7d5fd6a30850f,svhn,ssb-v1-block,mlp,protocol-v3,0.6,32,5,2,180,0.0014479579986073077,0.005268167005851865,840826880,0.2265625
32b7d5fd6a30850f,svhn,ssb-v1-block,mlp,protocol-v3,0.6,32,5,2,181,0.0014729159884154797,0.0050293749663978815,840826880,0.15625
32b7d5fd6a30850f,svhn,ssb-v1-block,mlp,protocol-v3,0.6,32,5,2,182,0.0014622919843532145,0.005149125005118549,840826880,0.1953125
32b7d5fd6a30850f,svhn,ssb-v1-block,mlp,protocol-v3,0.6,32,5,2,183,0.00149425002746284,0.00510458298958838,840826880,0.1484375
32b7d5fd6a30850f,svhn,ssb-v1-block,mlp,protocol-v3,0.6,32,5,2,184,0.0014809999847784638,0.005191750009544194,840826880,0.1796875
32b7d5fd6a30850f,svhn,ssb-v1-block,mlp,protocol-v3,0.6,32,5,2,185,0.0013916249736212194,0.005012292007450014,840826880,0.2265625
32b7d5fd6a30850f,svhn,ssb-v1-block,mlp,protocol-v3,0.6,32,5,2,186,0.0013829160016030073,0.0055054170079529285,840826880,0.1875
32b7d5fd6a30850f,svhn,ssb-v1-block,mlp,protocol-v3,0.6,32,5,2,187,0.0014085829607211053,0.005478749983012676,840826880,0.21875
32b7d5fd6a30850f,svhn,ssb-v1-block,mlp,protocol-v3,0.6,32,5,2,188,0.0014512080233544111,0.005415708001237363,840826880,0.203125
32b7d5fd6a30850f,svhn,ssb-v1-block,mlp,protocol-v3,0.6,32,5,2,189,0.0014854169567115605,0.005226707959081978,840826880,0.1796875
32b7d5fd6a30850f,svhn,ssb-v1-block,mlp,protocol-v3,0.6,32,5,2,190,0.0013995419722050428,0.005488249997142702,840826880,0.2109375
32b7d5fd6a30850f,svhn,ssb-v1-block,mlp,protocol-v3,0.6,32,5,2,191,0.0013541249791160226,0.005854375020135194,840826880,0.1875
32b7d5fd6a30850f,svhn,ssb-v1-block,mlp,protocol-v3,0.6,32,5,2,192,0.0014094169600866735,0.005828291992656887,840826880,0.1796875
32b7d5fd6a30850f,svhn,ssb-v1-block,mlp,protocol-v3,0.6,32,5,2,193,0.0014100410044193268,0.0049754169886000454,840826880,0.15625
32b7d5fd6a30850f,svhn,ssb-v1-block,mlp,protocol-v3,0.6,32,5,2,194,0.0014797080075368285,0.005052916007116437,840826880,0.21875
32b7d5fd6a30850f,svhn,ssb-v1-block,mlp,protocol-v3,0.6,32,5,2,195,0.0014939170214347541,0.005166708957403898,840826880,0.1015625
32b7d5fd6a30850f,svhn,ssb-v1-block,mlp,protocol-v3,0.6,32,5,2,196,0.0013908330001868308,0.005534249998163432,840826880,0.1484375
32b7d5fd6a30850f,svhn,ssb-v1-block,mlp,protocol-v3,0.6,32,5,2,197,0.0014133339864201844,0.004893917008303106,840826880,0.1875
32b7d5fd6a30850f,svhn,ssb-v1-block,mlp,protocol-v3,0.6,32,5,2,198,0.001408332958817482,0.005775167024694383,840826880,0.2109375
32b7d5fd6a30850f,svhn,ssb-v1-block,mlp,protocol-v3,0.6,32,5,2,199,0.001479417027439922,0.006233834021259099,840826880,0.1171875
32b7d5fd6a30850f,svhn,ssb-v1-block,mlp,protocol-v3,0.6,32,5,2,200,0.0013980829971842468,0.006179958989378065,840826880,0.1796875
32b7d5fd6a30850f,svhn,ssb-v1-block,mlp,protocol-v3,0.6,32,5,2,201,0.0014055829960852861,0.006086957990191877,840826880,0.2109375
32b7d5fd6a30850f,svhn,ssb-v1-block,mlp,protocol-v3,0.6,32,5,2,202,0.0013903749641031027,0.004838583001401275,840826880,0.234375
32b7d5fd6a30850f,svhn,ssb-v1-block,mlp,protocol-v3,0.6,32,5,2,203,0.0014685830101370811,0.005280749988742173,840826880,0.1328125
32b7d5fd6a30850f,svhn,ssb-v1-block,mlp,protocol-v3,0.6,32,5,2,204,0.001466332993004471,0.005825250002089888,840843264,0.140625
32b7d5fd6a30850f,svhn,ssb-v1-block,mlp,protocol-v3,0.6,32,5,2,205,0.0014142089639790356,0.00550462503451854,840843264,0.234375
32b7d5fd6a30850f,svhn,ssb-v1-block,mlp,protocol-v3,0.6,32,5,2,206,0.0014090840122662485,0.005216084013227373,840843264,0.1640625
32b7d5fd6a30850f,svhn,ssb-v1-block,mlp,protocol-v3,0.6,32,5,2,207,0.001481875020544976,0.004861749999690801,840843264,0.2109375
32b7d5fd6a30850f,svhn,ssb-v1-block,mlp,protocol-v3,0.6,32,5,2,208,0.0014602500014007092,0.005450583004858345,840843264,0.1953125
32b7d5fd6a30850f,svhn,ssb-v1-block,mlp,protocol-v3,0.6,32,5,2,209,0.0013895410229451954,0.004941332968883216,840843264,0.15625
32b7d5fd6a30850f,svhn,ssb-v1-block,mlp,protocol-v3,0.6,32,5,2,210,0.0014639580040238798,0.004947000008542091,840843264,0.1796875
32b7d5fd6a30850f,svhn,ssb-v1-block,mlp,protocol-v3,0.6,32,5,2,211,0.0014837920316495001,0.0057789579732343554,840843264,0.1484375
32b7d5fd6a30850f,svhn,ssb-v1-block,mlp,protocol-v3,0.6,32,5,2,212,0.0014043329865671694,0.005210125003941357,840843264,0.265625
32b7d5fd6a30850f,svhn,ssb-v1-block,mlp,protocol-v3,0.6,32,5,2,213,0.001486541994381696,0.005295875016599894,840843264,0.21875
32b7d5fd6a30850f,svhn,ssb-v1-block,mlp,protocol-v3,0.6,32,5,2,214,0.0014187080087140203,0.005448582989629358,840843264,0.1796875
32b7d5fd6a30850f,svhn,ssb-v1-block,mlp,protocol-v3,0.6,32,5,2,215,0.001475333992857486,0.005390667007304728,840843264,0.1953125
32b7d5fd6a30850f,svhn,ssb-v1-block,mlp,protocol-v3,0.6,32,5,2,216,0.001407707983162254,0.005259666999336332,840859648,0.1796875
32b7d5fd6a30850f,svhn,ssb-v1-block,mlp,protocol-v3,0.6,32,5,2,217,0.0014680829481221735,0.004886458977125585,840859648,0.1484375
32b7d5fd6a30850f,svhn,ssb-v1-block,mlp,protocol-v3,0.6,32,5,2,218,0.0014635419938713312,0.004923207976389676,840859648,0.140625
32b7d5fd6a30850f,svhn,ssb-v1-block,mlp,protocol-v3,0.6,32,5,2,219,0.0014817499904893339,0.005351624975446612,840859648,0.1953125
32b7d5fd6a30850f,svhn,ssb-v1-block,mlp,protocol-v3,0.6,32,5,2,220,0.0014627089840359986,0.0054598330170847476,840859648,0.1640625
32b7d5fd6a30850f,svhn,ssb-v1-block,mlp,protocol-v3,0.6,32,5,2,221,0.0013615839998237789,0.005887457984499633,840859648,0.1796875
32b7d5fd6a30850f,svhn,ssb-v1-block,mlp,protocol-v3,0.6,32,5,2,222,0.0014060829998925328,0.005718500004149973,840859648,0.1953125
32b7d5fd6a30850f,svhn,ssb-v1-block,mlp,protocol-v3,0.6,32,5,2,223,0.0015067500062286854,0.005229667003732175,840859648,0.140625
32b7d5fd6a30850f,svhn,ssb-v1-block,mlp,protocol-v3,0.6,32,5,2,224,0.001458332990296185,0.005716791958548129,840859648,0.140625
32b7d5fd6a30850f,svhn,ssb-v1-block,mlp,protocol-v3,0.6,32,5,2,225,0.001413749996572733,0.005279082979541272,840859648,0.1640625
32b7d5fd6a30850f,svhn,ssb-v1-block,mlp,protocol-v3,0.6,32,5,2,226,0.001421749999281019,0.004997292009647936,840859648,0.2265625
32b7d5fd6a30850f,svhn,ssb-v1-block,mlp,protocol-v3,0.6,32,5,2,227,0.001410583034157753,0.005255833035334945,840859648,0.1640625
32b7d5fd6a30850f,svhn,ssb-v1-block,mlp,protocol-v3,0.6,32,5,2,228,0.0014082080451771617,0.005164666974451393,840859648,0.234375
32b7d5fd6a30850f,svhn,ssb-v1-block,mlp,protocol-v3,0.6,32,5,2,229,0.0014198750141076744,0.0053624160354956985,840810496,0.234375
32b7d5fd6a30850f,svhn,ssb-v1-block,mlp,protocol-v3,0.6,32,5,2,230,0.0014218329451978207,0.005220249993726611,840810496,0.1796875
32b7d5fd6a30850f,svhn,ssb-v1-block,mlp,protocol-v3,0.6,32,5,2,231,0.001415541977621615,0.005505041975993663,840810496,0.203125
32b7d5fd6a30850f,svhn,ssb-v1-block,mlp,protocol-v3,0.6,32,5,2,232,0.0014810829889029264,0.005222791980486363,840810496,0.1640625
32b7d5fd6a30850f,svhn,ssb-v1-block,mlp,protocol-v3,0.6,32,5,2,233,0.001469500013627112,0.004868042015004903,840810496,0.2109375
32b7d5fd6a30850f,svhn,ssb-v1-block,mlp,protocol-v3,0.6,32,5,2,234,0.001480833045206964,0.005179832980502397,840810496,0.171875
32b7d5fd6a30850f,svhn,ssb-v1-block,mlp,protocol-v3,0.6,32,5,2,235,0.0014999580453149974,0.00531041604699567,840810496,0.1328125
32b7d5fd6a30850f,svhn,ssb-v1-block,mlp,protocol-v3,0.6,32,5,2,236,0.0014674999983981252,0.005402957962360233,840810496,0.1171875
32b7d5fd6a30850f,svhn,ssb-v1-block,mlp,protocol-v3,0.6,32,5,2,237,0.0014142089639790356,0.005739082989748567,840810496,0.2109375
32b7d5fd6a30850f,svhn,ssb-v1-block,mlp,protocol-v3,0.6,32,5,2,238,0.0013696670066565275,0.005297208030242473,840810496,0.171875
32b7d5fd6a30850f,svhn,ssb-v1-block,mlp,protocol-v3,0.6,32,5,2,239,0.0013979169889353216,0.005833875038661063,840810496,0.2578125
32b7d5fd6a30850f,svhn,ssb-v1-block,mlp,protocol-v3,0.6,32,5,2,240,0.0015092089888639748,0.005161167006008327,840810496,0.21875
32b7d5fd6a30850f,svhn,ssb-v1-block,mlp,protocol-v3,0.6,32,5,2,241,0.0014751250273548067,0.0050879999762400985,840826880,0.1640625
32b7d5fd6a30850f,svhn,ssb-v1-block,mlp,protocol-v3,0.6,32,5,2,242,0.001471000025048852,0.005275667004752904,840826880,0.25
32b7d5fd6a30850f,svhn,ssb-v1-block,mlp,protocol-v3,0.6,32,5,2,243,0.001359459012746811,0.005186915979720652,840826880,0.203125
32b7d5fd6a30850f,svhn,ssb-v1-block,mlp,protocol-v3,0.6,32,5,2,244,0.0013915839954279363,0.005256958014797419,840826880,0.171875
32b7d5fd6a30850f,svhn,ssb-v1-block,mlp,protocol-v3,0.6,32,5,2,245,0.001391707977745682,0.005403917049989104,840826880,0.1328125
32b7d5fd6a30850f,svhn,ssb-v1-block,mlp,protocol-v3,0.6,32,5,2,246,0.001386666961479932,0.005440375010948628,840826880,0.1171875
32b7d5fd6a30850f,svhn,ssb-v1-block,mlp,protocol-v3,0.6,32,5,2,247,0.0014045420102775097,0.005337833019439131,840826880,0.203125
32b7d5fd6a30850f,svhn,ssb-v1-block,mlp,protocol-v3,0.6,32,5,2,248,0.0014586660545319319,0.005561375000979751,840826880,0.25
32b7d5fd6a30850f,svhn,ssb-v1-block,mlp,protocol-v3,0.6,32,5,2,249,0.0014643329777754843,0.005050875013694167,840826880,0.2265625
32b7d5fd6a30850f,svhn,ssb-v1-block,mlp,protocol-v3,0.6,32,5,2,250,0.0014768749824725091,0.005277707998175174,840826880,0.203125
32b7d5fd6a30850f,svhn,ssb-v1-block,mlp,protocol-v3,0.6,32,5,2,251,0.0014690830139443278,0.005065541015937924,840826880,0.1796875
32b7d5fd6a30850f,svhn,ssb-v1-block,mlp,protocol-v3,0.6,32,5,2,252,0.0014909999445080757,0.005325625010300428,840843264,0.171875
32b7d5fd6a30850f,svhn,ssb-v1-block,mlp,protocol-v3,0.6,32,5,2,253,0.00159408402396366,0.004896749975159764,840843264,0.1640625
32b7d5fd6a30850f,svhn,ssb-v1-block,mlp,protocol-v3,0.6,32,5,2,254,0.001461624982766807,0.005016583018004894,840843264,0.2265625
32b7d5fd6a30850f,svhn,ssb-v1-block,mlp,protocol-v3,0.6,32,5,2,255,0.0014704999630339444,0.0055615410092286766,840843264,0.203125
32b7d5fd6a30850f,svhn,ssb-v1-block,mlp,protocol-v3,0.6,32,5,2,256,0.0014834999456070364,0.00577562500257045,840843264,0.1953125
32b7d5fd6a30850f,svhn,ssb-v1-block,mlp,protocol-v3,0.6,32,5,2,257,0.001473542011808604,0.005283250007778406,840859648,0.1484375
32b7d5fd6a30850f,svhn,ssb-v1-block,mlp,protocol-v3,0.6,32,5,2,258,0.0014639169676229358,0.005367334000766277,840859648,0.1796875
32b7d5fd6a30850f,svhn,ssb-v1-block,mlp,protocol-v3,0.6,32,5,2,259,0.0014248749939724803,0.005230708979070187,840859648,0.2109375
32b7d5fd6a30850f,svhn,ssb-v1-block,mlp,protocol-v3,0.6,32,5,2,260,0.001470667019020766,0.005246333021204919,840859648,0.1953125
32b7d5fd6a30850f,svhn,ssb-v1-block,mlp,protocol-v3,0.6,32,5,2,261,0.0014635830302722752,0.005087333964183927,840859648,0.203125
32b7d5fd6a30850f,svhn,ssb-v1-block,mlp,protocol-v3,0.6,32,5,2,262,0.0014077909872867167,0.004685749998316169,840859648,0.21875
32b7d5fd6a30850f,svhn,ssb-v1-block,mlp,protocol-v3,0.6,32,5,2,263,0.0014786249957978725,0.005227415997069329,840859648,0.2109375
32b7d5fd6a30850f,svhn,ssb-v1-block,mlp,protocol-v3,0.6,32,5,2,264,0.001405124960001558,0.005732916994020343,840859648,0.1875
32b7d5fd6a30850f,svhn,ssb-v1-block,mlp,protocol-v3,0.6,32,5,2,265,0.0014797920011915267,0.0050945410039275885,840859648,0.1875
32b7d5fd6a30850f,svhn,ssb-v1-block,mlp,protocol-v3,0.6,32,5,2,266,0.0014662499888800085,0.00525637500686571,840859648,0.171875
32b7d5fd6a30850f,svhn,ssb-v1-block,mlp,protocol-v3,0.6,32,5,2,267,0.0014687500079162419,0.005083583993837237,840859648,0.171875
32b7d5fd6a30850f,svhn,ssb-v1-block,mlp,protocol-v3,0.6,32,5,2,268,0.001555625000037253,0.0054293329594656825,840859648,0.2421875
32b7d5fd6a30850f,svhn,ssb-v1-block,mlp,protocol-v3,0.6,32,5,2,269,0.0014244170160964131,0.004945875029079616,840859648,0.15625
32b7d5fd6a30850f,svhn,ssb-v1-block,mlp,protocol-v3,0.6,32,5,2,270,0.0014665420167148113,0.005424667033366859,840859648,0.203125
32b7d5fd6a30850f,svhn,ssb-v1-block,mlp,protocol-v3,0.6,32,5,2,271,0.0014725829823873937,0.005167166003957391,840892416,0.1875
32b7d5fd6a30850f,svhn,ssb-v1-block,mlp,protocol-v3,0.6,32,5,2,272,0.0014628750504925847,0.0053581250249408185,840892416,0.1640625
32b7d5fd6a30850f,svhn,ssb-v1-block,mlp,protocol-v3,0.6,32,5,2,273,0.0014641250018030405,0.004995333030819893,840908800,0.2421875
32b7d5fd6a30850f,svhn,ssb-v1-block,mlp,protocol-v3,0.6,32,5,2,274,0.0014675410347990692,0.0053986249840818346,840908800,0.171875
32b7d5fd6a30850f,svhn,ssb-v1-block,mlp,protocol-v3,0.6,32,5,2,275,0.0015008330228738487,0.005378166970331222,840925184,0.15625
32b7d5fd6a30850f,svhn,ssb-v1-block,mlp,protocol-v3,0.6,32,5,2,276,0.0014045830466784537,0.005455583042930812,840925184,0.203125
32b7d5fd6a30850f,svhn,ssb-v1-block,mlp,protocol-v3,0.6,32,5,2,277,0.0014245000202208757,0.005942957999650389,840925184,0.1796875
32b7d5fd6a30850f,svhn,ssb-v1-block,mlp,protocol-v3,0.6,32,5,2,278,0.0014084579888731241,0.005055957997683436,840925184,0.1796875
32b7d5fd6a30850f,svhn,ssb-v1-block,mlp,protocol-v3,0.6,32,5,2,279,0.0014168329653330147,0.005598207993898541,840925184,0.1640625
32b7d5fd6a30850f,svhn,ssb-v1-block,mlp,protocol-v3,0.6,32,5,2,280,0.0014962500426918268,0.005339583032764494,840925184,0.1640625
32b7d5fd6a30850f,svhn,ssb-v1-block,mlp,protocol-v3,0.6,32,5,2,281,0.0014693749835714698,0.0051332919974811375,840925184,0.171875
32b7d5fd6a30850f,svhn,ssb-v1-block,mlp,protocol-v3,0.6,32,5,2,282,0.001478667021729052,0.005701750051230192,840925184,0.2109375
32b7d5fd6a30850f,svhn,ssb-v1-block,mlp,protocol-v3,0.6,32,5,2,283,0.0014039159868843853,0.005931249994318932,840925184,0.2109375
32b7d5fd6a30850f,svhn,ssb-v1-block,mlp,protocol-v3,0.6,32,5,2,284,0.001457999984268099,0.005344125034753233,840925184,0.1640625
32b7d5fd6a30850f,svhn,ssb-v1-block,mlp,protocol-v3,0.6,32,5,2,285,0.0014792500296607614,0.0063302089693024755,840925184,0.1875
32b7d5fd6a30850f,svhn,ssb-v1-block,mlp,protocol-v3,0.6,32,5,2,286,0.0014084999565966427,0.005553124996367842,840925184,0.1875
32b7d5fd6a30850f,svhn,ssb-v1-block,mlp,protocol-v3,0.6,32,5,2,287,0.0014675839920528233,0.0051694579888135195,840925184,0.2265625
32b7d5fd6a30850f,svhn,ssb-v1-block,mlp,protocol-v3,0.6,32,5,2,288,0.0014622079906985164,0.005227083980571479,840925184,0.1875
32b7d5fd6a30850f,svhn,ssb-v1-block,mlp,protocol-v3,0.6,32,5,2,289,0.0014018339570611715,0.005539000034332275,840925184,0.1640625
32b7d5fd6a30850f,svhn,ssb-v1-block,mlp,protocol-v3,0.6,32,5,2,290,0.001418458006810397,0.005371499981265515,840925184,0.171875
32b7d5fd6a30850f,svhn,ssb-v1-block,mlp,protocol-v3,0.6,32,5,2,291,0.0014023340190760791,0.005288957967422903,840925184,0.2109375
32b7d5fd6a30850f,svhn,ssb-v1-block,mlp,protocol-v3,0.6,32,5,2,292,0.0014054159983061254,0.006025207985658199,840925184,0.140625
32b7d5fd6a30850f,svhn,ssb-v1-block,mlp,protocol-v3,0.6,32,5,2,293,0.0013562499661929905,0.004959334037266672,840925184,0.0859375
32b7d5fd6a30850f,svhn,ssb-v1-block,mlp,protocol-v3,0.6,32,5,2,294,0.0014514579670503736,0.004884166992269456,840925184,0.234375
32b7d5fd6a30850f,svhn,ssb-v1-block,mlp,protocol-v3,0.6,32,5,2,295,0.0014155840035527945,0.005449582997243851,840925184,0.203125
32b7d5fd6a30850f,svhn,ssb-v1-block,mlp,protocol-v3,0.6,32,5,2,296,0.0015406670281663537,0.005002250021789223,840925184,0.1875
32b7d5fd6a30850f,svhn,ssb-v1-block,mlp,protocol-v3,0.6,32,5,2,297,0.001400708977598697,0.004927292000502348,840925184,0.234375
32b7d5fd6a30850f,svhn,ssb-v1-block,mlp,protocol-v3,0.6,32,5,2,298,0.0014113749493844807,0.005259333003778011,840925184,0.21875
32b7d5fd6a30850f,svhn,ssb-v1-block,mlp,protocol-v3,0.6,32,5,2,299,0.0014599160058423877,0.005246249958872795,840925184,0.2578125
32b7d5fd6a30850f,svhn,ssb-v1-block,mlp,protocol-v3,0.6,32,5,2,300,0.0014599580317735672,0.004840417008381337,840941568,0.1796875
32b7d5fd6a30850f,svhn,ssb-v1-block,mlp,protocol-v3,0.6,32,5,2,301,0.0014633749960921705,0.005245290987659246,840941568,0.203125
32b7d5fd6a30850f,svhn,ssb-v1-block,mlp,protocol-v3,0.6,32,5,2,302,0.0013778340071439743,0.005184292036574334,840941568,0.171875
32b7d5fd6a30850f,svhn,ssb-v1-block,mlp,protocol-v3,0.6,32,5,2,303,0.0013785000192001462,0.005107791046611965,840941568,0.1484375
32b7d5fd6a30850f,svhn,ssb-v1-block,mlp,protocol-v3,0.6,32,5,2,304,0.0014472500188276172,0.006448832980822772,840941568,0.1328125
32b7d5fd6a30850f,svhn,ssb-v1-block,mlp,protocol-v3,0.6,32,5,2,305,0.0013992500025779009,0.0059712500078603625,840941568,0.109375
32b7d5fd6a30850f,svhn,ssb-v1-block,mlp,protocol-v3,0.6,32,5,2,306,0.0013912499998696148,0.005495833000168204,840941568,0.171875
32b7d5fd6a30850f,svhn,ssb-v1-block,mlp,protocol-v3,0.6,32,5,2,307,0.0013933340087532997,0.00528575002681464,840941568,0.171875
32b7d5fd6a30850f,svhn,ssb-v1-block,mlp,protocol-v3,0.6,32,5,2,308,0.0013919579796493053,0.005092791980132461,840941568,0.1875
32b7d5fd6a30850f,svhn,ssb-v1-block,mlp,protocol-v3,0.6,32,5,2,309,0.0014117499813437462,0.005481625034008175,840941568,0.203125
32b7d5fd6a30850f,svhn,ssb-v1-block,mlp,protocol-v3,0.6,32,5,2,310,0.0014407080016098917,0.0052385840099304914,840941568,0.21875
32b7d5fd6a30850f,svhn,ssb-v1-block,mlp,protocol-v3,0.6,32,5,2,311,0.0013777089770883322,0.005398374982178211,840941568,0.21875
32b7d5fd6a30850f,svhn,ssb-v1-block,mlp,protocol-v3,0.6,32,5,2,312,0.001403750036843121,0.004929916001856327,840941568,0.171875
32b7d5fd6a30850f,svhn,ssb-v1-block,mlp,protocol-v3,0.6,32,5,2,313,0.0014581669820472598,0.004881208995357156,840941568,0.2265625
32b7d5fd6a30850f,svhn,ssb-v1-block,mlp,protocol-v3,0.6,32,5,2,314,0.001460209023207426,0.005118875007610768,840941568,0.1796875
32b7d5fd6a30850f,svhn,ssb-v1-block,mlp,protocol-v3,0.6,32,5,2,315,0.0014336250023916364,0.005165624956134707,840941568,0.1328125
32b7d5fd6a30850f,svhn,ssb-v1-block,mlp,protocol-v3,0.6,32,5,2,316,0.0013846249785274267,0.004744625010062009,840957952,0.140625
32b7d5fd6a30850f,svhn,ssb-v1-block,mlp,protocol-v3,0.6,32,5,2,317,0.0014783749938942492,0.0050568339647725224,840957952,0.203125
32b7d5fd6a30850f,svhn,ssb-v1-block,mlp,protocol-v3,0.6,32,5,2,318,0.0014075409853830934,0.005907457962166518,840957952,0.1953125
32b7d5fd6a30850f,svhn,ssb-v1-block,mlp,protocol-v3,0.6,32,5,2,319,0.0014136250247247517,0.005508334026671946,840957952,0.1640625
32b7d5fd6a30850f,svhn,ssb-v1-block,mlp,protocol-v3,0.6,32,5,2,320,0.0014476249925792217,0.005740916996728629,840957952,0.1875
32b7d5fd6a30850f,svhn,ssb-v1-block,mlp,protocol-v3,0.6,32,5,2,321,0.0014372500008903444,0.00541916600195691,840957952,0.2265625
32b7d5fd6a30850f,svhn,ssb-v1-block,mlp,protocol-v3,0.6,32,5,2,322,0.0013750410289503634,0.0051212909747846425,840957952,0.2109375
32b7d5fd6a30850f,svhn,ssb-v1-block,mlp,protocol-v3,0.6,32,5,2,323,0.001397874963004142,0.005239749967586249,840974336,0.1640625
32b7d5fd6a30850f,svhn,ssb-v1-block,mlp,protocol-v3,0.6,32,5,2,324,0.0014014579937793314,0.005590541986748576,840974336,0.1796875
32b7d5fd6a30850f,svhn,ssb-v1-block,mlp,protocol-v3,0.6,32,5,2,325,0.0014067910378798842,0.0054753340082243085,840974336,0.2109375
32b7d5fd6a30850f,svhn,ssb-v1-block,mlp,protocol-v3,0.6,32,5,2,326,0.001542750047519803,0.005666790995746851,840974336,0.2109375
32b7d5fd6a30850f,svhn,ssb-v1-block,mlp,protocol-v3,0.6,32,5,2,327,0.0014766670065000653,0.005357665999326855,840974336,0.1484375
32b7d5fd6a30850f,svhn,ssb-v1-block,mlp,protocol-v3,0.6,32,5,2,328,0.0013814579579047859,0.005249333975370973,840974336,0.1875
32b7d5fd6a30850f,svhn,ssb-v1-block,mlp,protocol-v3,0.6,32,5,2,329,0.0014067090232856572,0.005538458004593849,840974336,0.21875
32b7d5fd6a30850f,svhn,ssb-v1-block,mlp,protocol-v3,0.6,32,5,2,330,0.0013941249926574528,0.004873917030636221,840990720,0.21875
32b7d5fd6a30850f,svhn,ssb-v1-block,mlp,protocol-v3,0.6,32,5,2,331,0.0014378749765455723,0.005544000014197081,841007104,0.171875
32b7d5fd6a30850f,svhn,ssb-v1-block,mlp,protocol-v3,0.6,32,5,2,332,0.0014570839703083038,0.005561875004786998,841007104,0.2109375
32b7d5fd6a30850f,svhn,ssb-v1-block,mlp,protocol-v3,0.6,32,5,2,333,0.0014570410130545497,0.005061292031314224,841023488,0.1640625
32b7d5fd6a30850f,svhn,ssb-v1-block,mlp,protocol-v3,0.6,32,5,2,334,0.0014692909899167717,0.00477262499043718,841023488,0.203125
32b7d5fd6a30850f,svhn,ssb-v1-block,mlp,protocol-v3,0.6,32,5,2,335,0.0014327500248327851,0.004938083991874009,841023488,0.171875
32b7d5fd6a30850f,svhn,ssb-v1-block,mlp,protocol-v3,0.6,32,5,2,336,0.001392416947055608,0.005638332979287952,841023488,0.15625
32b7d5fd6a30850f,svhn,ssb-v1-block,mlp,protocol-v3,0.6,32,5,2,337,0.0013458749745041132,0.005364917044062167,841023488,0.1640625
32b7d5fd6a30850f,svhn,ssb-v1-block,mlp,protocol-v3,0.6,32,5,2,338,0.0014075840008445084,0.005399207992013544,841023488,0.15625
32b7d5fd6a30850f,svhn,ssb-v1-block,mlp,protocol-v3,0.6,32,5,2,339,0.0014167909976094961,0.0054818339995108545,841023488,0.1953125
32b7d5fd6a30850f,svhn,ssb-v1-block,mlp,protocol-v3,0.6,32,5,2,340,0.0014683339977636933,0.005276292038615793,841023488,0.1953125
32b7d5fd6a30850f,svhn,ssb-v1-block,mlp,protocol-v3,0.6,32,5,2,341,0.0013651249464601278,0.005338459042832255,841023488,0.1484375
32b7d5fd6a30850f,svhn,ssb-v1-block,mlp,protocol-v3,0.6,32,5,2,342,0.0015225000097416341,0.004883999994490296,841023488,0.21875
32b7d5fd6a30850f,svhn,ssb-v1-block,mlp,protocol-v3,0.6,32,5,2,343,0.0014106669696047902,0.005186666967347264,841023488,0.1875
32b7d5fd6a30850f,svhn,ssb-v1-block,mlp,protocol-v3,0.6,32,5,2,344,0.0014693750417791307,0.005681583017576486,841023488,0.1640625
32b7d5fd6a30850f,svhn,ssb-v1-block,mlp,protocol-v3,0.6,32,5,2,345,0.0014679590240120888,0.005607375002000481,841023488,0.2421875
32b7d5fd6a30850f,svhn,ssb-v1-block,mlp,protocol-v3,0.6,32,5,2,346,0.001412333978805691,0.005666750017553568,841023488,0.1796875
32b7d5fd6a30850f,svhn,ssb-v1-block,mlp,protocol-v3,0.6,32,5,2,347,0.0014753330033272505,0.005811625043861568,841023488,0.203125
32b7d5fd6a30850f,svhn,ssb-v1-block,mlp,protocol-v3,0.6,32,5,2,348,0.0014646669733338058,0.005563625018112361,841039872,0.2265625
32b7d5fd6a30850f,svhn,ssb-v1-block,mlp,protocol-v3,0.6,32,5,2,349,0.001387417025398463,0.0052284590201452374,841039872,0.203125
32b7d5fd6a30850f,svhn,ssb-v1-block,mlp,protocol-v3,0.6,32,5,2,350,0.0013937499606981874,0.0054275409784168005,841056256,0.1953125
32b7d5fd6a30850f,svhn,ssb-v1-block,mlp,protocol-v3,0.6,32,5,2,351,0.0013959169737063348,0.005403791961725801,841056256,0.171875
32b7d5fd6a30850f,svhn,ssb-v1-block,mlp,protocol-v3,0.6,32,5,2,352,0.0013857089797966182,0.005511374969501048,841072640,0.1953125
32b7d5fd6a30850f,svhn,ssb-v1-block,mlp,protocol-v3,0.6,32,5,2,353,0.001384542032610625,0.005861917044967413,841072640,0.2109375
32b7d5fd6a30850f,svhn,ssb-v1-block,mlp,protocol-v3,0.6,32,5,2,354,0.001484750013332814,0.005294041999150068,841072640,0.1796875
32b7d5fd6a30850f,svhn,ssb-v1-block,mlp,protocol-v3,0.6,32,5,2,355,0.0013665410224348307,0.005559124983847141,841072640,0.21875
32b7d5fd6a30850f,svhn,ssb-v1-block,mlp,protocol-v3,0.6,32,5,2,356,0.001379417022690177,0.005238541983999312,841072640,0.1953125
32b7d5fd6a30850f,svhn,ssb-v1-block,mlp,protocol-v3,0.6,32,5,2,357,0.001403750036843121,0.004903166962321848,841072640,0.2109375
32b7d5fd6a30850f,svhn,ssb-v1-block,mlp,protocol-v3,0.6,32,5,2,358,0.00145650003105402,0.005541042017284781,841072640,0.1640625
32b7d5fd6a30850f,svhn,ssb-v1-block,mlp,protocol-v3,0.6,32,5,2,359,0.0014792500296607614,0.005796999961603433,841072640,0.1953125
32b7d5fd6a30850f,svhn,ssb-v1-block,mlp,protocol-v3,0.6,32,5,2,360,0.0013773340033367276,0.006004582974128425,841072640,0.234375
32b7d5fd6a30850f,svhn,ssb-v1-block,mlp,protocol-v3,0.6,32,5,2,361,0.0014212920214049518,0.006092541967518628,841072640,0.140625
32b7d5fd6a30850f,svhn,ssb-v1-block,mlp,protocol-v3,0.6,32,5,2,362,0.0014057080261409283,0.0050754170515574515,841072640,0.21875
32b7d5fd6a30850f,svhn,ssb-v1-block,mlp,protocol-v3,0.6,32,5,2,363,0.0014610000071115792,0.005257541022729129,841089024,0.1640625
32b7d5fd6a30850f,svhn,ssb-v1-block,mlp,protocol-v3,0.6,32,5,2,364,0.001446415961254388,0.005493542004842311,841089024,0.140625
32b7d5fd6a30850f,svhn,ssb-v1-block,mlp,protocol-v3,0.6,32,5,2,365,0.0014689170056954026,0.005549125024117529,841089024,0.21875
32b7d5fd6a30850f,svhn,ssb-v1-block,mlp,protocol-v3,0.6,32,5,2,366,0.0013769170036539435,0.005673290987033397,841089024,0.1484375
32b7d5fd6a30850f,svhn,ssb-v1-block,mlp,protocol-v3,0.6,32,5,2,367,0.0014215830015018582,0.005459040985442698,841089024,0.1640625
32b7d5fd6a30850f,svhn,ssb-v1-block,mlp,protocol-v3,0.6,32,5,2,368,0.0013976659975014627,0.005693124956451356,841105408,0.1953125
32b7d5fd6a30850f,svhn,ssb-v1-block,mlp,protocol-v3,0.6,32,5,2,369,0.0014410840230993927,0.005847874970640987,841105408,0.1484375
32b7d5fd6a30850f,svhn,ssb-v1-block,mlp,protocol-v3,0.6,32,5,2,370,0.0014674579724669456,0.005209915980231017,841105408,0.234375
32b7d5fd6a30850f,svhn,ssb-v1-block,mlp,protocol-v3,0.6,32,5,2,371,0.0013517909683287144,0.005458707979414612,841105408,0.1953125
32b7d5fd6a30850f,svhn,ssb-v1-block,mlp,protocol-v3,0.6,32,5,2,372,0.0013793340185657144,0.005238541983999312,841105408,0.1640625
32b7d5fd6a30850f,svhn,ssb-v1-block,mlp,protocol-v3,0.6,32,5,2,373,0.001366416981909424,0.005126999982167035,841138176,0.2421875
32b7d5fd6a30850f,svhn,ssb-v1-block,mlp,protocol-v3,0.6,32,5,2,374,0.0013809160445816815,0.005274249997455627,841138176,0.1875
32b7d5fd6a30850f,svhn,ssb-v1-block,mlp,protocol-v3,0.6,32,5,2,375,0.0014747919631190598,0.004469708015676588,841138176,0.15625
32b7d5fd6a30850f,svhn,ssb-v1-block,mlp,protocol-v3,0.6,32,5,2,376,0.0014527500024996698,0.005274750001262873,841138176,0.140625
32b7d5fd6a30850f,svhn,ssb-v1-block,mlp,protocol-v3,0.6,32,5,2,377,0.0014669999945908785,0.005223458982072771,841154560,0.265625
32b7d5fd6a30850f,svhn,ssb-v1-block,mlp,protocol-v3,0.6,32,5,2,378,0.0014762920327484608,0.0050027090474031866,841154560,0.15625
32b7d5fd6a30850f,svhn,ssb-v1-block,mlp,protocol-v3,0.6,32,5,2,379,0.0014674999983981252,0.005265499989036471,841154560,0.203125
32b7d5fd6a30850f,svhn,ssb-v1-block,mlp,protocol-v3,0.6,32,5,2,380,0.001383082999382168,0.006053375022020191,841154560,0.1796875
32b7d5fd6a30850f,svhn,ssb-v1-block,mlp,protocol-v3,0.6,32,5,2,381,0.0014658329891972244,0.006068666989449412,841154560,0.1796875
32b7d5fd6a30850f,svhn,ssb-v1-block,mlp,protocol-v3,0.6,32,5,2,382,0.0013740420108661056,0.006197708018589765,841154560,0.2109375
32b7d5fd6a30850f,svhn,ssb-v1-block,mlp,protocol-v3,0.6,32,5,2,383,0.0014161249855533242,0.0052671669982373714,841154560,0.125
32b7d5fd6a30850f,svhn,ssb-v1-block,mlp,protocol-v3,0.6,32,5,2,384,0.0013983750250190496,0.005403790972195566,841154560,0.1953125
32b7d5fd6a30850f,svhn,ssb-v1-block,mlp,protocol-v3,0.6,32,5,2,385,0.0014662910252809525,0.004970667010638863,841170944,0.1953125
32b7d5fd6a30850f,svhn,ssb-v1-block,mlp,protocol-v3,0.6,32,5,2,386,0.0014520000549964607,0.005375249951612204,841170944,0.25
32b7d5fd6a30850f,svhn,ssb-v1-block,mlp,protocol-v3,0.6,32,5,2,387,0.0014099160325713456,0.005585292004980147,841170944,0.203125
32b7d5fd6a30850f,svhn,ssb-v1-block,mlp,protocol-v3,0.6,32,5,2,388,0.001371417019981891,0.0050337089924141765,841170944,0.1875
32b7d5fd6a30850f,svhn,ssb-v1-block,mlp,protocol-v3,0.6,32,5,2,389,0.0014875420019961894,0.005601417040452361,841170944,0.1796875
32b7d5fd6a30850f,svhn,ssb-v1-block,mlp,protocol-v3,0.6,32,5,2,390,0.001399707980453968,0.005373083986341953,841170944,0.2265625
32b7d5fd6a30850f,svhn,ssb-v1-block,mlp,protocol-v3,0.6,32,5,2,391,0.0013965420075692236,0.00550387502880767,841170944,0.1953125
32b7d5fd6a30850f,svhn,ssb-v1-block,mlp,protocol-v3,0.6,32,5,2,392,0.0014211669913493097,0.0051535419770516455,841170944,0.203125
32b7d5fd6a30850f,svhn,ssb-v1-block,mlp,protocol-v3,0.6,32,5,2,393,0.0013422910124063492,0.00538783404044807,841170944,0.2421875
32b7d5fd6a30850f,svhn,ssb-v1-block,mlp,protocol-v3,0.6,32,5,2,394,0.0014725420041941106,0.005532334034796804,841170944,0.203125
32b7d5fd6a30850f,svhn,ssb-v1-block,mlp,protocol-v3,0.6,32,5,2,395,0.001469541050028056,0.0052661250228993595,841170944,0.203125
32b7d5fd6a30850f,svhn,ssb-v1-block,mlp,protocol-v3,0.6,32,5,2,396,0.0014620410511270165,0.005228209018241614,841187328,0.21875
32b7d5fd6a30850f,svhn,ssb-v1-block,mlp,protocol-v3,0.6,32,5,2,397,0.0014788330299779773,0.005786041961982846,841187328,0.2265625
32b7d5fd6a30850f,svhn,ssb-v1-block,mlp,protocol-v3,0.6,32,5,2,398,0.0014055829960852861,0.005157165986020118,841203712,0.2578125
32b7d5fd6a30850f,svhn,ssb-v1-block,mlp,protocol-v3,0.6,32,5,2,399,0.001445709029212594,0.005417041014879942,841203712,0.1875
32b7d5fd6a30850f,svhn,ssb-v1-block,mlp,protocol-v3,0.6,32,5,2,400,0.0014574999804608524,0.006094416021369398,841220096,0.25
32b7d5fd6a30850f,svhn,ssb-v1-block,mlp,protocol-v3,0.6,32,5,2,401,0.0014255830319598317,0.0049556250451132655,841236480,0.1640625
32b7d5fd6a30850f,svhn,ssb-v1-block,mlp,protocol-v3,0.6,32,5,2,402,0.0013820829917676747,0.005348832986783236,841236480,0.171875
32b7d5fd6a30850f,svhn,ssb-v1-block,mlp,protocol-v3,0.6,32,5,2,403,0.0014653339749202132,0.005227958026807755,841236480,0.15625
32b7d5fd6a30850f,svhn,ssb-v1-block,mlp,protocol-v3,0.6,32,5,2,404,0.001411540957633406,0.005432041012682021,841236480,0.1953125
32b7d5fd6a30850f,svhn,ssb-v1-block,mlp,protocol-v3,0.6,32,5,2,405,0.0014694590354338288,0.005444166949018836,841236480,0.2109375
32b7d5fd6a30850f,svhn,ssb-v1-block,mlp,protocol-v3,0.6,32,5,2,406,0.0013844590284861624,0.005354791006539017,841236480,0.140625
32b7d5fd6a30850f,svhn,ssb-v1-block,mlp,protocol-v3,0.6,32,5,2,407,0.0013847920345142484,0.005406750016845763,841236480,0.1953125
32b7d5fd6a30850f,svhn,ssb-v1-block,mlp,protocol-v3,0.6,32,5,2,408,0.0013723329757340252,0.004963957995641977,841269248,0.1640625
32b7d5fd6a30850f,svhn,ssb-v1-block,mlp,protocol-v3,0.6,32,5,2,409,0.0014191659865900874,0.005535291042178869,841269248,0.1875
32b7d5fd6a30850f,svhn,ssb-v1-block,mlp,protocol-v3,0.6,32,5,2,410,0.001408749958500266,0.005379791953600943,841269248,0.1484375
32b7d5fd6a30850f,svhn,ssb-v1-block,mlp,protocol-v3,0.6,32,5,2,411,0.0014079170068725944,0.005124417017214,841269248,0.2109375
32b7d5fd6a30850f,svhn,ssb-v1-block,mlp,protocol-v3,0.6,32,5,2,412,0.0015672090230509639,0.00565783295314759,841269248,0.171875
32b7d5fd6a30850f,svhn,ssb-v1-block,mlp,protocol-v3,0.6,32,5,2,413,0.0013797080027870834,0.005929625011049211,841269248,0.140625
32b7d5fd6a30850f,svhn,ssb-v1-block,mlp,protocol-v3,0.6,32,5,2,414,0.0014303330099210143,0.005958124995231628,841269248,0.2109375
32b7d5fd6a30850f,svhn,ssb-v1-block,mlp,protocol-v3,0.6,32,5,2,415,0.0014817919582128525,0.00547224999172613,841269248,0.203125
32b7d5fd6a30850f,svhn,ssb-v1-block,mlp,protocol-v3,0.6,32,5,2,416,0.001383375027216971,0.005095542001072317,841269248,0.1484375
32b7d5fd6a30850f,svhn,ssb-v1-block,mlp,protocol-v3,0.6,32,5,2,417,0.0013828749652020633,0.005180999985896051,841269248,0.1171875
32b7d5fd6a30850f,svhn,ssb-v1-block,mlp,protocol-v3,0.6,32,5,2,418,0.0013720420538447797,0.005411041958723217,841269248,0.203125
32b7d5fd6a30850f,svhn,ssb-v1-block,mlp,protocol-v3,0.6,32,5,2,419,0.0014097909443080425,0.0054557499825023115,841269248,0.1875
32b7d5fd6a30850f,svhn,ssb-v1-block,mlp,protocol-v3,0.6,32,5,2,420,0.0014114169753156602,0.0051549579948186874,841269248,0.15625
32b7d5fd6a30850f,svhn,ssb-v1-block,mlp,protocol-v3,0.6,32,5,2,421,0.0014026249991729856,0.0054601249867118895,841285632,0.1171875
32b7d5fd6a30850f,svhn,ssb-v1-block,mlp,protocol-v3,0.6,32,5,2,422,0.0014728750102221966,0.005564624967519194,841285632,0.203125
32b7d5fd6a30850f,svhn,ssb-v1-block,mlp,protocol-v3,0.6,32,5,2,423,0.0014368750271387398,0.006000833993311971,841285632,0.2109375
32b7d5fd6a30850f,svhn,ssb-v1-block,mlp,protocol-v3,0.6,32,5,2,424,0.001430083008017391,0.0060510000330396,841285632,0.1640625
32b7d5fd6a30850f,svhn,ssb-v1-block,mlp,protocol-v3,0.6,32,5,2,425,0.0013813750119879842,0.005215959041379392,841285632,0.1953125
32b7d5fd6a30850f,svhn,ssb-v1-block,mlp,protocol-v3,0.6,32,5,2,426,0.001392790989484638,0.00559354096185416,841285632,0.234375
32b7d5fd6a30850f,svhn,ssb-v1-block,mlp,protocol-v3,0.6,32,5,2,427,0.0014176670229062438,0.005546874948777258,841285632,0.1484375
32b7d5fd6a30850f,svhn,ssb-v1-block,mlp,protocol-v3,0.6,32,5,2,428,0.001465959008783102,0.01280770800076425,842301440,0.1640625
32b7d5fd6a30850f,svhn,ssb-v1-block,mlp,protocol-v3,0.6,32,5,2,429,0.0013905840460211039,0.005452540994156152,842317824,0.234375
32b7d5fd6a30850f,svhn,ssb-v1-block,mlp,protocol-v3,0.6,32,5,2,430,0.0014588329941034317,0.005218416976276785,842317824,0.1875
32b7d5fd6a30850f,svhn,ssb-v1-block,mlp,protocol-v3,0.6,32,5,2,431,0.0014129579649306834,0.0054311659769155085,842563584,0.1484375
32b7d5fd6a30850f,svhn,ssb-v1-block,mlp,protocol-v3,0.6,32,5,2,432,0.0014723329804837704,0.005228625028394163,842956800,0.1328125
32b7d5fd6a30850f,svhn,ssb-v1-block,mlp,protocol-v3,0.6,32,5,2,433,0.0014760830090381205,0.005220084043685347,842973184,0.2109375
32b7d5fd6a30850f,svhn,ssb-v1-block,mlp,protocol-v3,0.6,32,5,2,434,0.001374624960590154,0.005307000013999641,842973184,0.234375
32b7d5fd6a30850f,svhn,ssb-v1-block,mlp,protocol-v3,0.6,32,5,2,435,0.0014042920083738863,0.0056512499577365816,842973184,0.2890625
32b7d5fd6a30850f,svhn,ssb-v1-block,mlp,protocol-v3,0.6,32,5,2,436,0.0014606249751523137,0.0056237499811686575,842973184,0.2265625
32b7d5fd6a30850f,svhn,ssb-v1-block,mlp,protocol-v3,0.6,32,5,2,437,0.0014197080163285136,0.006334749981760979,842973184,0.15625
32b7d5fd6a30850f,svhn,ssb-v1-block,mlp,protocol-v3,0.6,32,5,2,438,0.0014129169867374003,0.004993957991246134,842973184,0.1484375
32b7d5fd6a30850f,svhn,ssb-v1-block,mlp,protocol-v3,0.6,32,5,2,439,0.0013559579965658486,0.005819124984554946,842973184,0.1953125
32b7d5fd6a30850f,svhn,ssb-v1-block,mlp,protocol-v3,0.6,32,5,2,440,0.0014331659767776728,0.005473375029396266,842973184,0.203125
32b7d5fd6a30850f,svhn,ssb-v1-block,mlp,protocol-v3,0.6,32,5,2,441,0.0014099580002948642,0.005032584012951702,842973184,0.1796875
32b7d5fd6a30850f,svhn,ssb-v1-block,mlp,protocol-v3,0.6,32,5,2,442,0.0014259589952416718,0.0053775840206071734,842973184,0.2578125
32b7d5fd6a30850f,svhn,ssb-v1-block,mlp,protocol-v3,0.6,32,5,2,443,0.0014853329630568624,0.005341458017937839,842973184,0.1796875
32b7d5fd6a30850f,svhn,ssb-v1-block,mlp,protocol-v3,0.6,32,5,2,444,0.0014645420014858246,0.005144290975295007,842973184,0.2265625
32b7d5fd6a30850f,svhn,ssb-v1-block,mlp,protocol-v3,0.6,32,5,2,445,0.0014712500269524753,0.00529112498043105,842973184,0.203125
32b7d5fd6a30850f,svhn,ssb-v1-block,mlp,protocol-v3,0.6,32,5,2,446,0.0014374160091392696,0.005211292009335011,842973184,0.203125
32b7d5fd6a30850f,svhn,ssb-v1-block,mlp,protocol-v3,0.6,32,5,2,447,0.001384790986776352,0.0054149170173332095,842973184,0.1796875
32b7d5fd6a30850f,svhn,ssb-v1-block,mlp,protocol-v3,0.6,32,5,2,448,0.001383082999382168,0.0052983330097049475,842973184,0.2265625
32b7d5fd6a30850f,svhn,ssb-v1-block,mlp,protocol-v3,0.6,32,5,2,449,0.001407915959134698,0.005116124986670911,842973184,0.171875
32b7d5fd6a30850f,svhn,ssb-v1-block,mlp,protocol-v3,0.6,32,5,2,450,0.0014309580437839031,0.005256291013211012,842973184,0.1796875
32b7d5fd6a30850f,svhn,ssb-v1-block,mlp,protocol-v3,0.6,32,5,2,451,0.0014121250133030117,0.004828708013519645,842973184,0.1328125
32b7d5fd6a30850f,svhn,ssb-v1-block,mlp,protocol-v3,0.6,32,5,2,452,0.0013957909541204572,0.00501208397326991,842973184,0.1796875
32b7d5fd6a30850f,svhn,ssb-v1-block,mlp,protocol-v3,0.6,32,5,2,453,0.00147762504639104,0.005659000016748905,842973184,0.203125
32b7d5fd6a30850f,svhn,ssb-v1-block,mlp,protocol-v3,0.6,32,5,2,454,0.0014112910139374435,0.005164750036783516,842973184,0.1875
32b7d5fd6a30850f,svhn,ssb-v1-block,mlp,protocol-v3,0.6,32,5,2,455,0.0014044169802218676,0.005763542023487389,842973184,0.171875
32b7d5fd6a30850f,svhn,ssb-v1-block,mlp,protocol-v3,0.6,32,5,2,456,0.0014062499976716936,0.005618416995275766,842973184,0.1875
32b7d5fd6a30850f,svhn,ssb-v1-block,mlp,protocol-v3,0.6,32,5,2,457,0.0015162909985519946,0.006260916998144239,842973184,0.21875
32b7d5fd6a30850f,svhn,ssb-v1-block,mlp,protocol-v3,0.6,32,5,2,458,0.0013917500036768615,0.007573332986794412,842973184,0.2421875
32b7d5fd6a30850f,svhn,ssb-v1-block,mlp,protocol-v3,0.6,32,5,2,459,0.0014111250056885183,0.00487616698956117,842973184,0.203125
32b7d5fd6a30850f,svhn,ssb-v1-block,mlp,protocol-v3,0.6,32,5,2,460,0.0013991660089232028,0.005278875003568828,842989568,0.203125
32b7d5fd6a30850f,svhn,ssb-v1-block,mlp,protocol-v3,0.6,32,5,2,461,0.0014137920225039124,0.004974499985110015,842989568,0.234375
32b7d5fd6a30850f,svhn,ssb-v1-block,mlp,protocol-v3,0.6,32,5,2,462,0.0014132090145722032,0.0054673749837093055,842989568,0.203125
32b7d5fd6a30850f,svhn,ssb-v1-block,mlp,protocol-v3,0.6,32,5,2,463,0.001467792026232928,0.005081625015009195,842989568,0.1875
32b7d5fd6a30850f,svhn,ssb-v1-block,mlp,protocol-v3,0.6,32,5,2,464,0.001415250007994473,0.005477124999742955,842989568,0.1953125
32b7d5fd6a30850f,svhn,ssb-v1-block,mlp,protocol-v3,0.6,32,5,2,465,0.0014677500003017485,0.00506329198833555,842989568,0.1875
32b7d5fd6a30850f,svhn,ssb-v1-block,mlp,protocol-v3,0.6,32,5,2,466,0.0014578750124201179,0.00522704201284796,842989568,0.15625
32b7d5fd6a30850f,svhn,ssb-v1-block,mlp,protocol-v3,0.6,32,5,2,467,0.0014665840426459908,0.005289749999064952,842989568,0.1328125
32b7d5fd6a30850f,svhn,ssb-v1-block,mlp,protocol-v3,0.6,32,5,2,468,0.0014515829971060157,0.005405375035479665,842989568,0.1875
32b7d5fd6a30850f,svhn,ssb-v1-block,mlp,protocol-v3,0.6,32,5,2,469,0.0014149579801596701,0.005399624991696328,842989568,0.203125
32b7d5fd6a30850f,svhn,ssb-v1-block,mlp,protocol-v3,0.6,32,5,2,470,0.001379124994855374,0.005605124984867871,842989568,0.1796875
32b7d5fd6a30850f,svhn,ssb-v1-block,mlp,protocol-v3,0.6,32,5,2,471,0.0014164579915814102,0.00540441699558869,842989568,0.2890625
32b7d5fd6a30850f,svhn,ssb-v1-block,mlp,protocol-v3,0.6,32,5,2,472,0.0014023330295458436,0.006050374999176711,842989568,0.171875
32b7d5fd6a30850f,svhn,ssb-v1-block,mlp,protocol-v3,0.6,32,5,2,473,0.0014233329566195607,0.005198291968554258,842989568,0.1640625
32b7d5fd6a30850f,svhn,ssb-v1-block,mlp,protocol-v3,0.6,32,5,2,474,0.0014628749922849238,0.005409375007729977,842989568,0.1796875
32b7d5fd6a30850f,svhn,ssb-v1-block,mlp,protocol-v3,0.6,32,5,2,475,0.0013783329632133245,0.005248291010502726,843005952,0.203125
32b7d5fd6a30850f,svhn,ssb-v1-block,mlp,protocol-v3,0.6,32,5,2,476,0.001376915955916047,0.00575062504503876,843005952,0.21875
32b7d5fd6a30850f,svhn,ssb-v1-block,mlp,protocol-v3,0.6,32,5,2,477,0.00136133300838992,0.005731375014875084,843005952,0.2578125
32b7d5fd6a30850f,svhn,ssb-v1-block,mlp,protocol-v3,0.6,32,5,2,478,0.0014127919566817582,0.004913292010314763,843005952,0.21875
32b7d5fd6a30850f,svhn,ssb-v1-block,mlp,protocol-v3,0.6,32,5,2,479,0.0014095419901423156,0.005206208967138082,843005952,0.234375
32b7d5fd6a30850f,svhn,ssb-v1-block,mlp,protocol-v3,0.6,32,5,2,480,0.0014019579975865781,0.005361500021535903,843005952,0.1640625
32b7d5fd6a30850f,svhn,ssb-v1-block,mlp,protocol-v3,0.6,32,5,2,481,0.0014770000125281513,0.0059035419835709035,843005952,0.2109375
32b7d5fd6a30850f,svhn,ssb-v1-block,mlp,protocol-v3,0.6,32,5,2,482,0.0013906669919379056,0.00650779198622331,843005952,0.171875
32b7d5fd6a30850f,svhn,ssb-v1-block,mlp,protocol-v3,0.6,32,5,2,483,0.0014555840170942247,0.005995624989736825,843005952,0.1875
32b7d5fd6a30850f,svhn,ssb-v1-block,mlp,protocol-v3,0.6,32,5,2,484,0.0013642500271089375,0.005561124999076128,843005952,0.2109375
32b7d5fd6a30850f,svhn,ssb-v1-block,mlp,protocol-v3,0.6,32,5,2,485,0.001404083042871207,0.005327124963514507,843005952,0.2578125
32b7d5fd6a30850f,svhn,ssb-v1-block,mlp,protocol-v3,0.6,32,5,2,486,0.0013887909590266645,0.005553041992243379,843022336,0.140625
32b7d5fd6a30850f,svhn,ssb-v1-block,mlp,protocol-v3,0.6,32,5,2,487,0.001422500004991889,0.005457416991703212,843022336,0.1875
32b7d5fd6a30850f,svhn,ssb-v1-block,mlp,protocol-v3,0.6,32,5,2,488,0.001459791965316981,0.00532962498255074,843022336,0.2578125
32b7d5fd6a30850f,svhn,ssb-v1-block,mlp,protocol-v3,0.6,32,5,2,489,0.0013861249899491668,0.00489712500711903,843022336,0.1953125
32b7d5fd6a30850f,svhn,ssb-v1-block,mlp,protocol-v3,0.6,32,5,2,490,0.0014159170095808804,0.0048534999950788915,843022336,0.203125
32b7d5fd6a30850f,svhn,ssb-v1-block,mlp,protocol-v3,0.6,32,5,2,491,0.0014742909697815776,0.005107707984279841,843022336,0.25
32b7d5fd6a30850f,svhn,ssb-v1-block,mlp,protocol-v3,0.6,32,5,2,492,0.0014720000326633453,0.004968790977727622,843022336,0.25
32b7d5fd6a30850f,svhn,ssb-v1-block,mlp,protocol-v3,0.6,32,5,2,493,0.0014630830264650285,0.004973250033799559,843022336,0.1796875
32b7d5fd6a30850f,svhn,ssb-v1-block,mlp,protocol-v3,0.6,32,5,2,494,0.0014626250485889614,0.005173875018954277,843022336,0.203125
32b7d5fd6a30850f,svhn,ssb-v1-block,mlp,protocol-v3,0.6,32,5,2,495,0.0013962090015411377,0.004532458959147334,843022336,0.1171875
32b7d5fd6a30850f,svhn,ssb-v1-block,mlp,protocol-v3,0.6,32,5,2,496,0.001400708977598697,0.005081832990981638,843022336,0.1953125
32b7d5fd6a30850f,svhn,ssb-v1-block,mlp,protocol-v3,0.6,32,5,2,497,0.001416417013388127,0.005068250000476837,843022336,0.1875
32b7d5fd6a30850f,svhn,ssb-v1-block,mlp,protocol-v3,0.6,32,5,2,498,0.0013895410229451954,0.005613084009382874,843022336,0.2109375
32b7d5fd6a30850f,svhn,ssb-v1-block,mlp,protocol-v3,0.6,32,5,2,499,0.0014578329864889383,0.005781374988146126,843022336,0.15625
32b7d5fd6a30850f,svhn,ssb-v1-block,mlp,protocol-v3,0.6,32,5,2,500,0.0013897080207243562,0.005726417002733797,843022336,0.1796875
32b7d5fd6a30850f,svhn,ssb-v1-block,mlp,protocol-v3,0.6,32,5,2,501,0.0014104159781709313,0.00537095800973475,843022336,0.140625
32b7d5fd6a30850f,svhn,ssb-v1-block,mlp,protocol-v3,0.6,32,5,2,502,0.0014037920045666397,0.005679041030816734,843022336,0.1796875
32b7d5fd6a30850f,svhn,ssb-v1-block,mlp,protocol-v3,0.6,32,5,2,503,0.001470541988965124,0.0050724580069072545,843022336,0.25
32b7d5fd6a30850f,svhn,ssb-v1-block,mlp,protocol-v3,0.6,32,5,2,504,0.0014660409651696682,0.005301875004079193,843022336,0.1953125
32b7d5fd6a30850f,svhn,ssb-v1-block,mlp,protocol-v3,0.6,32,5,2,505,0.0014678330044262111,0.005314790992997587,843022336,0.2109375
32b7d5fd6a30850f,svhn,ssb-v1-block,mlp,protocol-v3,0.6,32,5,2,506,0.0014660829911008477,0.005165291950106621,843022336,0.15625
32b7d5fd6a30850f,svhn,ssb-v1-block,mlp,protocol-v3,0.6,32,5,2,507,0.0014761249767616391,0.004996375006157905,843038720,0.1953125
32b7d5fd6a30850f,svhn,ssb-v1-block,mlp,protocol-v3,0.6,32,5,2,508,0.0014885420096106827,0.005378332978580147,843038720,0.1953125
32b7d5fd6a30850f,svhn,ssb-v1-block,mlp,protocol-v3,0.6,32,5,2,509,0.001467082998715341,0.0051893750205636024,843038720,0.1484375
32b7d5fd6a30850f,svhn,ssb-v1-block,mlp,protocol-v3,0.6,32,5,2,510,0.001476790988817811,0.005384290998335928,843038720,0.1328125
32b7d5fd6a30850f,svhn,ssb-v1-block,mlp,protocol-v3,0.6,32,5,2,511,0.0013752080267295241,0.005861249985173345,843038720,0.2109375
32b7d5fd6a30850f,svhn,ssb-v1-block,mlp,protocol-v3,0.6,32,5,2,512,0.0014025410055182874,0.006219416973181069,843038720,0.1875
32b7d5fd6a30850f,svhn,ssb-v1-block,mlp,protocol-v3,0.6,32,5,2,513,0.0014173329691402614,0.0060454580234363675,843038720,0.2265625
32b7d5fd6a30850f,svhn,ssb-v1-block,mlp,protocol-v3,0.6,32,5,2,514,0.001365666976198554,0.006286334013566375,843038720,0.1328125
32b7d5fd6a30850f,svhn,ssb-v1-block,mlp,protocol-v3,0.6,32,5,2,515,0.0014698340091854334,0.005488082999363542,843038720,0.2578125
32b7d5fd6a30850f,svhn,ssb-v1-block,mlp,protocol-v3,0.6,32,5,2,516,0.0014624579926021397,0.005867749976459891,843038720,0.21875
32b7d5fd6a30850f,svhn,ssb-v1-block,mlp,protocol-v3,0.6,32,5,2,517,0.0014302089693956077,0.005342042015399784,843055104,0.25
32b7d5fd6a30850f,svhn,ssb-v1-block,mlp,protocol-v3,0.6,32,5,2,518,0.0013655000366270542,0.005641042022034526,843055104,0.140625
32b7d5fd6a30850f,svhn,ssb-v1-block,mlp,protocol-v3,0.6,32,5,2,519,0.0013477089814841747,0.005052708962466568,843055104,0.2265625
32b7d5fd6a30850f,svhn,ssb-v1-block,mlp,protocol-v3,0.6,32,5,2,520,0.0013917090254835784,0.005709125020075589,843055104,0.203125
32b7d5fd6a30850f,svhn,ssb-v1-block,mlp,protocol-v3,0.6,32,5,2,521,0.001471791008953005,0.005203499982599169,843055104,0.1875
32b7d5fd6a30850f,svhn,ssb-v1-block,mlp,protocol-v3,0.6,32,5,2,522,0.0014635000261478126,0.0058709169970825315,843055104,0.1796875
32b7d5fd6a30850f,svhn,ssb-v1-block,mlp,protocol-v3,0.6,32,5,2,523,0.0013861249899491668,0.0056371670216321945,843055104,0.140625
32b7d5fd6a30850f,svhn,ssb-v1-block,mlp,protocol-v3,0.6,32,5,2,524,0.0013872500276193023,0.005252209026366472,843055104,0.15625
32b7d5fd6a30850f,svhn,ssb-v1-block,mlp,protocol-v3,0.6,32,5,2,525,0.001387084019370377,0.005376082961447537,843055104,0.15625
32b7d5fd6a30850f,svhn,ssb-v1-block,mlp,protocol-v3,0.6,32,5,2,526,0.0014091249904595315,0.005243124964181334,843055104,0.203125
32b7d5fd6a30850f,svhn,ssb-v1-block,mlp,protocol-v3,0.6,32,5,2,527,0.0013908330001868308,0.005527000001166016,843055104,0.2578125
32b7d5fd6a30850f,svhn,ssb-v1-block,mlp,protocol-v3,0.6,32,5,2,528,0.0014057499938644469,0.005797541001811624,843055104,0.109375
32b7d5fd6a30850f,svhn,ssb-v1-block,mlp,protocol-v3,0.6,32,5,2,529,0.001469625043682754,0.005854625022038817,843055104,0.1640625
32b7d5fd6a30850f,svhn,ssb-v1-block,mlp,protocol-v3,0.6,32,5,2,530,0.0013811250100843608,0.005557666008826345,843055104,0.109375
32b7d5fd6a30850f,svhn,ssb-v1-block,mlp,protocol-v3,0.6,32,5,2,531,0.0013787500211037695,0.005039292038418353,843055104,0.1875
32b7d5fd6a30850f,svhn,ssb-v1-block,mlp,protocol-v3,0.6,32,5,2,532,0.0014089580508880317,0.005328291968908161,843055104,0.203125
32b7d5fd6a30850f,svhn,ssb-v1-block,mlp,protocol-v3,0.6,32,5,2,533,0.0014203329919837415,0.005687874974682927,843055104,0.1796875
32b7d5fd6a30850f,svhn,ssb-v1-block,mlp,protocol-v3,0.6,32,5,2,534,0.001453291974030435,0.0051800000364892185,843055104,0.1796875
32b7d5fd6a30850f,svhn,ssb-v1-block,mlp,protocol-v3,0.6,32,5,2,535,0.0014724999782629311,0.0054550840286538005,843055104,0.1328125
32b7d5fd6a30850f,svhn,ssb-v1-block,mlp,protocol-v3,0.6,32,5,2,536,0.001377917011268437,0.005252000002656132,843055104,0.2421875
32b7d5fd6a30850f,svhn,ssb-v1-block,mlp,protocol-v3,0.6,32,5,2,537,0.0014074579812586308,0.00529691600240767,843055104,0.1796875
32b7d5fd6a30850f,svhn,ssb-v1-block,mlp,protocol-v3,0.6,32,5,2,538,0.0013957080082036555,0.00511224998626858,843055104,0.1953125
32b7d5fd6a30850f,svhn,ssb-v1-block,mlp,protocol-v3,0.6,32,5,2,539,0.0014553330256603658,0.005175790982320905,843055104,0.171875
32b7d5fd6a30850f,svhn,ssb-v1-block,mlp,protocol-v3,0.6,32,5,2,540,0.0013865410001017153,0.005187666974961758,843055104,0.21875
32b7d5fd6a30850f,svhn,ssb-v1-block,mlp,protocol-v3,0.6,32,5,2,541,0.001375041960272938,0.005097416986245662,843055104,0.1328125
32b7d5fd6a30850f,svhn,ssb-v1-block,mlp,protocol-v3,0.6,32,5,2,542,0.0013690830091945827,0.005492166965268552,843055104,0.125
32b7d5fd6a30850f,svhn,ssb-v1-block,mlp,protocol-v3,0.6,32,5,2,543,0.0014147909823805094,0.005363167030736804,843055104,0.1953125
32b7d5fd6a30850f,svhn,ssb-v1-block,mlp,protocol-v3,0.6,32,5,2,544,0.0014598749694414437,0.005127999989781529,843055104,0.2265625
32b7d5fd6a30850f,svhn,ssb-v1-block,mlp,protocol-v3,0.6,32,5,2,545,0.0014662499888800085,0.005781249958090484,843071488,0.1484375
32b7d5fd6a30850f,svhn,ssb-v1-block,mlp,protocol-v3,0.6,32,5,2,546,0.001494541997089982,0.005384250020142645,843071488,0.1640625
32b7d5fd6a30850f,svhn,ssb-v1-block,mlp,protocol-v3,0.6,32,5,2,547,0.0013762910384684801,0.005284749960992485,843071488,0.21875
32b7d5fd6a30850f,svhn,ssb-v1-block,mlp,protocol-v3,0.6,32,5,2,548,0.001384457980748266,0.005173292011022568,843071488,0.2265625
32b7d5fd6a30850f,svhn,ssb-v1-block,mlp,protocol-v3,0.6,32,5,2,549,0.001480500039178878,0.005434292019344866,843071488,0.21875
32b7d5fd6a30850f,svhn,ssb-v1-block,mlp,protocol-v3,0.6,32,5,2,550,0.0014697079895995557,0.005284167011268437,843071488,0.15625
32b7d5fd6a30850f,svhn,ssb-v1-block,mlp,protocol-v3,0.6,32,5,2,551,0.0014692919794470072,0.006123750004917383,843071488,0.203125
32b7d5fd6a30850f,svhn,ssb-v1-block,mlp,protocol-v3,0.6,32,5,2,552,0.0014439169899560511,0.005913166038226336,843071488,0.1875
32b7d5fd6a30850f,svhn,ssb-v1-block,mlp,protocol-v3,0.6,32,5,2,553,0.0014119590050540864,0.005377458001021296,843087872,0.2109375
32b7d5fd6a30850f,svhn,ssb-v1-block,mlp,protocol-v3,0.6,32,5,2,554,0.0014763340004719794,0.00511679204646498,843087872,0.203125
32b7d5fd6a30850f,svhn,ssb-v1-block,mlp,protocol-v3,0.6,32,5,2,555,0.0014076249790377915,0.0055440419819206,843104256,0.1640625
32b7d5fd6a30850f,svhn,ssb-v1-block,mlp,protocol-v3,0.6,32,5,2,556,0.0014550830237567425,0.0049574170261621475,843104256,0.234375
32b7d5fd6a30850f,svhn,ssb-v1-block,mlp,protocol-v3,0.6,32,5,2,557,0.0014631249941885471,0.00524570798734203,843104256,0.1484375
32b7d5fd6a30850f,svhn,ssb-v1-block,mlp,protocol-v3,0.6,32,5,2,558,0.001367166987620294,0.005318125011399388,843104256,0.1875
32b7d5fd6a30850f,svhn,ssb-v1-block,mlp,protocol-v3,0.6,32,5,2,559,0.0014695830177515745,0.005110083962790668,843104256,0.2109375
32b7d5fd6a30850f,svhn,ssb-v1-block,mlp,protocol-v3,0.6,32,5,2,560,0.001463749969843775,0.005027791950851679,843120640,0.1796875
32b7d5fd6a30850f,svhn,ssb-v1-block,mlp,protocol-v3,0.6,32,5,2,561,0.0014662089524790645,0.004960249993018806,843137024,0.171875
32b7d5fd6a30850f,svhn,ssb-v1-block,mlp,protocol-v3,0.6,32,5,2,562,0.001447749964427203,0.005468207993544638,843137024,0.21875
32b7d5fd6a30850f,svhn,ssb-v1-block,mlp,protocol-v3,0.6,32,5,2,563,0.0013867920497432351,0.005374290980398655,843137024,0.15625
32b7d5fd6a30850f,svhn,ssb-v1-block,mlp,protocol-v3,0.6,32,5,2,564,0.0014077089726924896,0.005102791008539498,843153408,0.1796875
32b7d5fd6a30850f,svhn,ssb-v1-block,mlp,protocol-v3,0.6,32,5,2,565,0.0014591250219382346,0.005508125002961606,843153408,0.1796875
32b7d5fd6a30850f,svhn,ssb-v1-block,mlp,protocol-v3,0.6,32,5,2,566,0.00148433301365003,0.005238124984316528,843153408,0.1875
32b7d5fd6a30850f,svhn,ssb-v1-block,mlp,protocol-v3,0.6,32,5,2,567,0.0014664999907836318,0.004985957988537848,843153408,0.1953125
32b7d5fd6a30850f,svhn,ssb-v1-block,mlp,protocol-v3,0.6,32,5,2,568,0.001446791982743889,0.005251708964351565,843153408,0.203125
32b7d5fd6a30850f,svhn,ssb-v1-block,mlp,protocol-v3,0.6,32,5,2,569,0.0014224580372683704,0.005219666985794902,843153408,0.21875
32b7d5fd6a30850f,svhn,ssb-v1-block,mlp,protocol-v3,0.6,32,5,2,570,0.0013866660301573575,0.004958332981914282,843153408,0.1484375
32b7d5fd6a30850f,svhn,ssb-v1-block,mlp,protocol-v3,0.6,32,5,2,571,0.0014153329539112747,0.005127541022375226,843153408,0.203125
32b7d5fd6a30850f,svhn,ssb-v1-block,mlp,protocol-v3,0.6,32,5,2,572,0.0012113329721614718,0.01721233397256583,843988992,0.1951219512195122
32b7d5fd6a30850f,svhn,ssb-v1-block,mlp,protocol-v3,0.6,32,5,3,0,0.0017184159951284528,0.005856417003087699,846741504,0.171875
32b7d5fd6a30850f,svhn,ssb-v1-block,mlp,protocol-v3,0.6,32,5,3,1,0.0015258750063367188,0.005347625003196299,848314368,0.203125
32b7d5fd6a30850f,svhn,ssb-v1-block,mlp,protocol-v3,0.6,32,5,3,2,0.001513333001639694,0.005676708009559661,848314368,0.1953125
32b7d5fd6a30850f,svhn,ssb-v1-block,mlp,protocol-v3,0.6,32,5,3,3,0.0013818750157952309,0.005125208001118153,848314368,0.1796875
32b7d5fd6a30850f,svhn,ssb-v1-block,mlp,protocol-v3,0.6,32,5,3,4,0.0015106669743545353,0.005210791015997529,848347136,0.1640625
32b7d5fd6a30850f,svhn,ssb-v1-block,mlp,protocol-v3,0.6,32,5,3,5,0.001423124980647117,0.005032874993048608,848347136,0.1796875
32b7d5fd6a30850f,svhn,ssb-v1-block,mlp,protocol-v3,0.6,32,5,3,6,0.0013823340414091945,0.005403749994002283,848347136,0.234375
32b7d5fd6a30850f,svhn,ssb-v1-block,mlp,protocol-v3,0.6,32,5,3,7,0.0015196669846773148,0.005256792006548494,848347136,0.1328125
32b7d5fd6a30850f,svhn,ssb-v1-block,mlp,protocol-v3,0.6,32,5,3,8,0.001474583987146616,0.005600999982561916,848347136,0.1640625
32b7d5fd6a30850f,svhn,ssb-v1-block,mlp,protocol-v3,0.6,32,5,3,9,0.0014808339765295386,0.0054854589980095625,848363520,0.1171875
32b7d5fd6a30850f,svhn,ssb-v1-block,mlp,protocol-v3,0.6,32,5,3,10,0.0013724159798584878,0.004881541011855006,848363520,0.1640625
32b7d5fd6a30850f,svhn,ssb-v1-block,mlp,protocol-v3,0.6,32,5,3,11,0.0013871669652871788,0.0060164169990457594,848363520,0.1640625
32b7d5fd6a30850f,svhn,ssb-v1-block,mlp,protocol-v3,0.6,32,5,3,12,0.0015587089583277702,0.0053146249847486615,848363520,0.1796875
32b7d5fd6a30850f,svhn,ssb-v1-block,mlp,protocol-v3,0.6,32,5,3,13,0.0014741659979335964,0.005580207973252982,848363520,0.203125
32b7d5fd6a30850f,svhn,ssb-v1-block,mlp,protocol-v3,0.6,32,5,3,14,0.0013941249926574528,0.00565020798239857,848363520,0.1484375
32b7d5fd6a30850f,svhn,ssb-v1-block,mlp,protocol-v3,0.6,32,5,3,15,0.0014295830042101443,0.005490541981998831,848363520,0.1796875
32b7d5fd6a30850f,svhn,ssb-v1-block,mlp,protocol-v3,0.6,32,5,3,16,0.001459792023524642,0.0052057079738006,848363520,0.1875
32b7d5fd6a30850f,svhn,ssb-v1-block,mlp,protocol-v3,0.6,32,5,3,17,0.0014125829911790788,0.0048433750052936375,848363520,0.1796875
32b7d5fd6a30850f,svhn,ssb-v1-block,mlp,protocol-v3,0.6,32,5,3,18,0.0014150000060908496,0.005555833980906755,848363520,0.1796875
32b7d5fd6a30850f,svhn,ssb-v1-block,mlp,protocol-v3,0.6,32,5,3,19,0.0014809999847784638,0.005022958037443459,848363520,0.1171875
32b7d5fd6a30850f,svhn,ssb-v1-block,mlp,protocol-v3,0.6,32,5,3,20,0.0014511659974232316,0.0053445830126293,848363520,0.1640625
32b7d5fd6a30850f,svhn,ssb-v1-block,mlp,protocol-v3,0.6,32,5,3,21,0.0014417500351555645,0.005268457985948771,848363520,0.2734375
32b7d5fd6a30850f,svhn,ssb-v1-block,mlp,protocol-v3,0.6,32,5,3,22,0.0014599999994970858,0.0051358339842408895,848379904,0.1484375
32b7d5fd6a30850f,svhn,ssb-v1-block,mlp,protocol-v3,0.6,32,5,3,23,0.0013809579540975392,0.00579920900054276,848379904,0.1484375
32b7d5fd6a30850f,svhn,ssb-v1-block,mlp,protocol-v3,0.6,32,5,3,24,0.0014216249692253768,0.005584332975558937,848379904,0.2265625
32b7d5fd6a30850f,svhn,ssb-v1-block,mlp,protocol-v3,0.6,32,5,3,25,0.0015569999814033508,0.005216708988882601,848396288,0.140625
32b7d5fd6a30850f,svhn,ssb-v1-block,mlp,protocol-v3,0.6,32,5,3,26,0.00137720798375085,0.005074957967735827,848396288,0.1640625
32b7d5fd6a30850f,svhn,ssb-v1-block,mlp,protocol-v3,0.6,32,5,3,27,0.0013931660214439034,0.005291707988362759,848396288,0.203125
32b7d5fd6a30850f,svhn,ssb-v1-block,mlp,protocol-v3,0.6,32,5,3,28,0.0013863330241292715,0.004902207991108298,848396288,0.234375
32b7d5fd6a30850f,svhn,ssb-v1-block,mlp,protocol-v3,0.6,32,5,3,29,0.0013835830031894147,0.005353624990675598,848396288,0.1640625
32b7d5fd6a30850f,svhn,ssb-v1-block,mlp,protocol-v3,0.6,32,5,3,30,0.0014781249919906259,0.005274082999676466,848396288,0.2109375
32b7d5fd6a30850f,svhn,ssb-v1-block,mlp,protocol-v3,0.6,32,5,3,31,0.0013569589937105775,0.004963000013958663,848396288,0.25
32b7d5fd6a30850f,svhn,ssb-v1-block,mlp,protocol-v3,0.6,32,5,3,32,0.0013998749782331288,0.005104625015519559,848396288,0.2109375
32b7d5fd6a30850f,svhn,ssb-v1-block,mlp,protocol-v3,0.6,32,5,3,33,0.00137945800088346,0.005382208037190139,848396288,0.2421875
32b7d5fd6a30850f,svhn,ssb-v1-block,mlp,protocol-v3,0.6,32,5,3,34,0.0013992079766467214,0.005403082992415875,848412672,0.15625
32b7d5fd6a30850f,svhn,ssb-v1-block,mlp,protocol-v3,0.6,32,5,3,35,0.0014137079706415534,0.0055072500254027545,848412672,0.2265625
32b7d5fd6a30850f,svhn,ssb-v1-block,mlp,protocol-v3,0.6,32,5,3,36,0.0014539160183630884,0.0057207499630749226,848412672,0.203125
32b7d5fd6a30850f,svhn,ssb-v1-block,mlp,protocol-v3,0.6,32,5,3,37,0.0014765000087209046,0.005119083973113447,848412672,0.1640625
32b7d5fd6a30850f,svhn,ssb-v1-block,mlp,protocol-v3,0.6,32,5,3,38,0.0014791249996051192,0.00501483294647187,848412672,0.1953125
32b7d5fd6a30850f,svhn,ssb-v1-block,mlp,protocol-v3,0.6,32,5,3,39,0.0013932499568909407,0.005242459010332823,848412672,0.2265625
32b7d5fd6a30850f,svhn,ssb-v1-block,mlp,protocol-v3,0.6,32,5,3,40,0.0014593329979106784,0.005801958031952381,848412672,0.171875
32b7d5fd6a30850f,svhn,ssb-v1-block,mlp,protocol-v3,0.6,32,5,3,41,0.0014193750103004277,0.005089124955702573,848412672,0.1953125
32b7d5fd6a30850f,svhn,ssb-v1-block,mlp,protocol-v3,0.6,32,5,3,42,0.0015292500029318035,0.005522208986803889,848412672,0.234375
32b7d5fd6a30850f,svhn,ssb-v1-block,mlp,protocol-v3,0.6,32,5,3,43,0.0014548749895766377,0.005712791986297816,848412672,0.234375
32b7d5fd6a30850f,svhn,ssb-v1-block,mlp,protocol-v3,0.6,32,5,3,44,0.0013867089874111116,0.004983374965377152,848412672,0.1953125
32b7d5fd6a30850f,svhn,ssb-v1-block,mlp,protocol-v3,0.6,32,5,3,45,0.00138262496329844,0.0051416250062175095,848412672,0.15625
32b7d5fd6a30850f,svhn,ssb-v1-block,mlp,protocol-v3,0.6,32,5,3,46,0.0013789589866064489,0.005324875004589558,848412672,0.2265625
32b7d5fd6a30850f,svhn,ssb-v1-block,mlp,protocol-v3,0.6,32,5,3,47,0.0014068339951336384,0.005299874988850206,848412672,0.1484375
32b7d5fd6a30850f,svhn,ssb-v1-block,mlp,protocol-v3,0.6,32,5,3,48,0.0014208750217221677,0.005327749997377396,848412672,0.2109375
32b7d5fd6a30850f,svhn,ssb-v1-block,mlp,protocol-v3,0.6,32,5,3,49,0.0014130829949863255,0.005478709004819393,848412672,0.2109375
32b7d5fd6a30850f,svhn,ssb-v1-block,mlp,protocol-v3,0.6,32,5,3,50,0.0013527079718187451,0.005543917010072619,848412672,0.1953125
32b7d5fd6a30850f,svhn,ssb-v1-block,mlp,protocol-v3,0.6,32,5,3,51,0.001419666048604995,0.005657083005644381,848412672,0.1875
32b7d5fd6a30850f,svhn,ssb-v1-block,mlp,protocol-v3,0.6,32,5,3,52,0.0013683749712072313,0.005428709031548351,848412672,0.171875
32b7d5fd6a30850f,svhn,ssb-v1-block,mlp,protocol-v3,0.6,32,5,3,53,0.001412334037013352,0.005192167009226978,848412672,0.1796875
32b7d5fd6a30850f,svhn,ssb-v1-block,mlp,protocol-v3,0.6,32,5,3,54,0.0014083749847486615,0.005670915998052806,848429056,0.2109375
32b7d5fd6a30850f,svhn,ssb-v1-block,mlp,protocol-v3,0.6,32,5,3,55,0.0013659170363098383,0.005442874971777201,848429056,0.1484375
32b7d5fd6a30850f,svhn,ssb-v1-block,mlp,protocol-v3,0.6,32,5,3,56,0.001380499976221472,0.005365208024159074,848429056,0.1875
32b7d5fd6a30850f,svhn,ssb-v1-block,mlp,protocol-v3,0.6,32,5,3,57,0.001694417034741491,0.006233916967175901,848429056,0.2421875
32b7d5fd6a30850f,svhn,ssb-v1-block,mlp,protocol-v3,0.6,32,5,3,58,0.0018560829921625555,0.006898791994899511,848429056,0.2265625
32b7d5fd6a30850f,svhn,ssb-v1-block,mlp,protocol-v3,0.6,32,5,3,59,0.001974166021682322,0.006602542009204626,848429056,0.1171875
32b7d5fd6a30850f,svhn,ssb-v1-block,mlp,protocol-v3,0.6,32,5,3,60,0.002406999992672354,0.009234541968908161,848429056,0.1796875
32b7d5fd6a30850f,svhn,ssb-v1-block,mlp,protocol-v3,0.6,32,5,3,61,0.002513999992515892,0.008048374962527305,848429056,0.234375
32b7d5fd6a30850f,svhn,ssb-v1-block,mlp,protocol-v3,0.6,32,5,3,62,0.0019416249706409872,0.006986208027228713,848429056,0.171875
32b7d5fd6a30850f,svhn,ssb-v1-block,mlp,protocol-v3,0.6,32,5,3,63,0.0017702499753795564,0.0064134999993257225,848429056,0.1640625
32b7d5fd6a30850f,svhn,ssb-v1-block,mlp,protocol-v3,0.6,32,5,3,64,0.0014607500052079558,0.005206291971262544,848429056,0.1875
32b7d5fd6a30850f,svhn,ssb-v1-block,mlp,protocol-v3,0.6,32,5,3,65,0.0013536670012399554,0.004985166015103459,848429056,0.203125
32b7d5fd6a30850f,svhn,ssb-v1-block,mlp,protocol-v3,0.6,32,5,3,66,0.0014860419905744493,0.004729999986011535,848429056,0.1640625
32b7d5fd6a30850f,svhn,ssb-v1-block,mlp,protocol-v3,0.6,32,5,3,67,0.0014860410010442138,0.005287707957904786,848429056,0.203125
32b7d5fd6a30850f,svhn,ssb-v1-block,mlp,protocol-v3,0.6,32,5,3,68,0.0014683339977636933,0.005631834035739303,848445440,0.15625
32b7d5fd6a30850f,svhn,ssb-v1-block,mlp,protocol-v3,0.6,32,5,3,69,0.0013820420135743916,0.005275624978821725,848445440,0.1953125
32b7d5fd6a30850f,svhn,ssb-v1-block,mlp,protocol-v3,0.6,32,5,3,70,0.0014111659838818014,0.006200083997100592,848445440,0.1796875
32b7d5fd6a30850f,svhn,ssb-v1-block,mlp,protocol-v3,0.6,32,5,3,71,0.001400457986164838,0.005937208014074713,848461824,0.1484375
32b7d5fd6a30850f,svhn,ssb-v1-block,mlp,protocol-v3,0.6,32,5,3,72,0.0014629160286858678,0.00551299995277077,848461824,0.1796875
32b7d5fd6a30850f,svhn,ssb-v1-block,mlp,protocol-v3,0.6,32,5,3,73,0.0013598330551758409,0.005185874993912876,848461824,0.2109375
32b7d5fd6a30850f,svhn,ssb-v1-block,mlp,protocol-v3,0.6,32,5,3,74,0.001395957951899618,0.005485915986355394,848461824,0.1484375
32b7d5fd6a30850f,svhn,ssb-v1-block,mlp,protocol-v3,0.6,32,5,3,75,0.001417458988726139,0.005512624979019165,848478208,0.2109375
32b7d5fd6a30850f,svhn,ssb-v1-block,mlp,protocol-v3,0.6,32,5,3,76,0.0014566250029020011,0.005513124982826412,848478208,0.1796875
32b7d5fd6a30850f,svhn,ssb-v1-block,mlp,protocol-v3,0.6,32,5,3,77,0.0014921249821782112,0.005134582985192537,848478208,0.25
32b7d5fd6a30850f,svhn,ssb-v1-block,mlp,protocol-v3,0.6,32,5,3,78,0.0014644169714301825,0.005039874988142401,848494592,0.2109375
32b7d5fd6a30850f,svhn,ssb-v1-block,mlp,protocol-v3,0.6,32,5,3,79,0.0013993330067023635,0.005330750020220876,848494592,0.15625
32b7d5fd6a30850f,svhn,ssb-v1-block,mlp,protocol-v3,0.6,32,5,3,80,0.0014570829807780683,0.004949291993398219,848494592,0.1875
32b7d5fd6a30850f,svhn,ssb-v1-block,mlp,protocol-v3,0.6,32,5,3,81,0.0014455419732257724,0.005354084016289562,848494592,0.21875
32b7d5fd6a30850f,svhn,ssb-v1-block,mlp,protocol-v3,0.6,32,5,3,82,0.00139608298195526,0.005193707998842001,848494592,0.1953125
32b7d5fd6a30850f,svhn,ssb-v1-block,mlp,protocol-v3,0.6,32,5,3,83,0.0013492080033756793,0.0047890410060063004,848494592,0.21875
32b7d5fd6a30850f,svhn,ssb-v1-block,mlp,protocol-v3,0.6,32,5,3,84,0.0013787919888272882,0.005414457991719246,848494592,0.21875
32b7d5fd6a30850f,svhn,ssb-v1-block,mlp,protocol-v3,0.6,32,5,3,85,0.0014465000131167471,0.005495332996360958,848494592,0.09375
32b7d5fd6a30850f,svhn,ssb-v1-block,mlp,protocol-v3,0.6,32,5,3,86,0.0014098749961704016,0.005855082999914885,848494592,0.203125
32b7d5fd6a30850f,svhn,ssb-v1-block,mlp,protocol-v3,0.6,32,5,3,87,0.0014881250099278986,0.005914250039495528,848494592,0.15625
32b7d5fd6a30850f,svhn,ssb-v1-block,mlp,protocol-v3,0.6,32,5,3,88,0.0014010000159032643,0.005386625009123236,848494592,0.2421875
32b7d5fd6a30850f,svhn,ssb-v1-block,mlp,protocol-v3,0.6,32,5,3,89,0.001352999999653548,0.005415541003458202,848494592,0.2265625
32b7d5fd6a30850f,svhn,ssb-v1-block,mlp,protocol-v3,0.6,32,5,3,90,0.0014129579649306834,0.0050583750125952065,848494592,0.171875
32b7d5fd6a30850f,svhn,ssb-v1-block,mlp,protocol-v3,0.6,32,5,3,91,0.0014001249801367521,0.005472042015753686,848510976,0.1015625
32b7d5fd6a30850f,svhn,ssb-v1-block,mlp,protocol-v3,0.6,32,5,3,92,0.0014302079798653722,0.005608959007076919,848510976,0.234375
32b7d5fd6a30850f,svhn,ssb-v1-block,mlp,protocol-v3,0.6,32,5,3,93,0.0014633749960921705,0.005507624999154359,848543744,0.140625
32b7d5fd6a30850f,svhn,ssb-v1-block,mlp,protocol-v3,0.6,32,5,3,94,0.001393167010974139,0.004808541038073599,848543744,0.203125
32b7d5fd6a30850f,svhn,ssb-v1-block,mlp,protocol-v3,0.6,32,5,3,95,0.0014721250045113266,0.005151292018126696,848543744,0.1796875
32b7d5fd6a30850f,svhn,ssb-v1-block,mlp,protocol-v3,0.6,32,5,3,96,0.0014021669630892575,0.005037833005189896,848543744,0.171875
32b7d5fd6a30850f,svhn,ssb-v1-block,mlp,protocol-v3,0.6,32,5,3,97,0.0014142500003799796,0.005017915973439813,848543744,0.2265625
32b7d5fd6a30850f,svhn,ssb-v1-block,mlp,protocol-v3,0.6,32,5,3,98,0.0014013749896548688,0.0051727090030908585,848543744,0.2578125
32b7d5fd6a30850f,svhn,ssb-v1-block,mlp,protocol-v3,0.6,32,5,3,99,0.0014011249877512455,0.005428500007838011,848543744,0.2109375
32b7d5fd6a30850f,svhn,ssb-v1-block,mlp,protocol-v3,0.6,32,5,3,100,0.0013850840041413903,0.004975749994628131,848543744,0.2265625
32b7d5fd6a30850f,svhn,ssb-v1-block,mlp,protocol-v3,0.6,32,5,3,101,0.0014701249892823398,0.0056252500507980585,848543744,0.1875
32b7d5fd6a30850f,svhn,ssb-v1-block,mlp,protocol-v3,0.6,32,5,3,102,0.001478667021729052,0.004980084020644426,848543744,0.1484375
32b7d5fd6a30850f,svhn,ssb-v1-block,mlp,protocol-v3,0.6,32,5,3,103,0.0014657499850727618,0.005922375014051795,848543744,0.2109375
32b7d5fd6a30850f,svhn,ssb-v1-block,mlp,protocol-v3,0.6,32,5,3,104,0.0015342909609898925,0.0053900420316495,848543744,0.265625
32b7d5fd6a30850f,svhn,ssb-v1-block,mlp,protocol-v3,0.6,32,5,3,105,0.0014428329886868596,0.005455875012557954,848543744,0.234375
32b7d5fd6a30850f,svhn,ssb-v1-block,mlp,protocol-v3,0.6,32,5,3,106,0.0014598750276491046,0.0051865000277757645,848543744,0.21875
32b7d5fd6a30850f,svhn,ssb-v1-block,mlp,protocol-v3,0.6,32,5,3,107,0.0014976250240579247,0.005528957990463823,848543744,0.203125
32b7d5fd6a30850f,svhn,ssb-v1-block,mlp,protocol-v3,0.6,32,5,3,108,0.0013868749956600368,0.005063416960183531,848560128,0.1328125
32b7d5fd6a30850f,svhn,ssb-v1-block,mlp,protocol-v3,0.6,32,5,3,109,0.0014687089715152979,0.005117791995871812,848560128,0.2109375
32b7d5fd6a30850f,svhn,ssb-v1-block,mlp,protocol-v3,0.6,32,5,3,110,0.0013810830423608422,0.0057123329606838524,848560128,0.1328125
32b7d5fd6a30850f,svhn,ssb-v1-block,mlp,protocol-v3,0.6,32,5,3,111,0.001423208974301815,0.005488624970894307,848560128,0.1484375
32b7d5fd6a30850f,svhn,ssb-v1-block,mlp,protocol-v3,0.6,32,5,3,112,0.0014053329941816628,0.0053530409932136536,848560128,0.1953125
32b7d5fd6a30850f,svhn,ssb-v1-block,mlp,protocol-v3,0.6,32,5,3,113,0.0014144169981591403,0.005264791951049119,848576512,0.1875
32b7d5fd6a30850f,svhn,ssb-v1-block,mlp,protocol-v3,0.6,32,5,3,114,0.001468124974053353,0.005315666028764099,848576512,0.171875
32b7d5fd6a30850f,svhn,ssb-v1-block,mlp,protocol-v3,0.6,32,5,3,115,0.00149816699558869,0.00511149998055771,848576512,0.1484375
32b7d5fd6a30850f,svhn,ssb-v1-block,mlp,protocol-v3,0.6,32,5,3,116,0.001418834028299898,0.00545916601549834,848576512,0.171875
32b7d5fd6a30850f,svhn,ssb-v1-block,mlp,protocol-v3,0.6,32,5,3,117,0.0014680830063298345,0.005332666973117739,848576512,0.1875
32b7d5fd6a30850f,svhn,ssb-v1-block,mlp,protocol-v3,0.6,32,5,3,118,0.0014109580079093575,0.005419166991487145,848576512,0.140625
32b7d5fd6a30850f,svhn,ssb-v1-block,mlp,protocol-v3,0.6,32,5,3,119,0.0014660410233773291,0.005677041015587747,848576512,0.15625
32b7d5fd6a30850f,svhn,ssb-v1-block,mlp,protocol-v3,0.6,32,5,3,120,0.0014787919935770333,0.005507167021278292,848592896,0.15625
32b7d5fd6a30850f,svhn,ssb-v1-block,mlp,protocol-v3,0.6,32,5,3,121,0.001382333051878959,0.005148625001311302,848592896,0.1796875
32b7d5fd6a30850f,svhn,ssb-v1-block,mlp,protocol-v3,0.6,32,5,3,122,0.0014137079706415534,0.004973124945536256,848592896,0.1484375
32b7d5fd6a30850f,svhn,ssb-v1-block,mlp,protocol-v3,0.6,32,5,3,123,0.001405125018209219,0.0048056659870781004,848592896,0.1796875
32b7d5fd6a30850f,svhn,ssb-v1-block,mlp,protocol-v3,0.6,32,5,3,124,0.00137179100420326,0.005656332999933511,848592896,0.1796875
32b7d5fd6a30850f,svhn,ssb-v1-block,mlp,protocol-v3,0.6,32,5,3,125,0.001398625026922673,0.00514854199718684,848592896,0.1640625
32b7d5fd6a30850f,svhn,ssb-v1-block,mlp,protocol-v3,0.6,32,5,3,126,0.0014119159895926714,0.0054884160053916276,848592896,0.1953125
32b7d5fd6a30850f,svhn,ssb-v1-block,mlp,protocol-v3,0.6,32,5,3,127,0.00147387501783669,0.006294250022619963,848592896,0.1796875
32b7d5fd6a30850f,svhn,ssb-v1-block,mlp,protocol-v3,0.6,32,5,3,128,0.0013593329931609333,0.005077624984551221,848609280,0.1484375
32b7d5fd6a30850f,svhn,ssb-v1-block,mlp,protocol-v3,0.6,32,5,3,129,0.0014704590430483222,0.00527208304265514,848609280,0.203125
32b7d5fd6a30850f,svhn,ssb-v1-block,mlp,protocol-v3,0.6,32,5,3,130,0.0013789170188829303,0.005660250026267022,848609280,0.1796875
32b7d5fd6a30850f,svhn,ssb-v1-block,mlp,protocol-v3,0.6,32,5,3,131,0.0014394160243682563,0.005582250014413148,848609280,0.2109375
32b7d5fd6a30850f,svhn,ssb-v1-block,mlp,protocol-v3,0.6,32,5,3,132,0.0014532500063069165,0.005221125029493123,848625664,0.21875
32b7d5fd6a30850f,svhn,ssb-v1-block,mlp,protocol-v3,0.6,32,5,3,133,0.001463750028051436,0.005567874992266297,848625664,0.2578125
32b7d5fd6a30850f,svhn,ssb-v1-block,mlp,protocol-v3,0.6,32,5,3,134,0.0013755420222878456,0.005396542022936046,848625664,0.203125
32b7d5fd6a30850f,svhn,ssb-v1-block,mlp,protocol-v3,0.6,32,5,3,135,0.001529957982711494,0.005254958989098668,848625664,0.1796875
32b7d5fd6a30850f,svhn,ssb-v1-block,mlp,protocol-v3,0.6,32,5,3,136,0.001397125015500933,0.005725916009396315,848625664,0.15625
32b7d5fd6a30850f,svhn,ssb-v1-block,mlp,protocol-v3,0.6,32,5,3,137,0.0014840419753454626,0.005811750015709549,848625664,0.1640625
32b7d5fd6a30850f,svhn,ssb-v1-block,mlp,protocol-v3,0.6,32,5,3,138,0.0014620000147260725,0.005500792001839727,848625664,0.203125
32b7d5fd6a30850f,svhn,ssb-v1-block,mlp,protocol-v3,0.6,32,5,3,139,0.0014012909960001707,0.005111667036544532,848625664,0.1953125
32b7d5fd6a30850f,svhn,ssb-v1-block,mlp,protocol-v3,0.6,32,5,3,140,0.0014113750075921416,0.005102791998069733,848642048,0.1953125
32b7d5fd6a30850f,svhn,ssb-v1-block,mlp,protocol-v3,0.6,32,5,3,141,0.00143008294980973,0.005357124959118664,848642048,0.2109375
32b7d5fd6a30850f,svhn,ssb-v1-block,mlp,protocol-v3,0.6,32,5,3,142,0.0014033750048838556,0.005323124991264194,848642048,0.171875
32b7d5fd6a30850f,svhn,ssb-v1-block,mlp,protocol-v3,0.6,32,5,3,143,0.0014153329539112747,0.005202749976888299,848642048,0.1875
32b7d5fd6a30850f,svhn,ssb-v1-block,mlp,protocol-v3,0.6,32,5,3,144,0.001455708988942206,0.005528207984752953,848642048,0.1484375
32b7d5fd6a30850f,svhn,ssb-v1-block,mlp,protocol-v3,0.6,32,5,3,145,0.0014737090095877647,0.005467667011544108,848642048,0.15625
32b7d5fd6a30850f,svhn,ssb-v1-block,mlp,protocol-v3,0.6,32,5,3,146,0.0013744169846177101,0.004968749999534339,848642048,0.2265625
32b7d5fd6a30850f,svhn,ssb-v1-block,mlp,protocol-v3,0.6,32,5,3,147,0.0014198340359143913,0.005311082990374416,848658432,0.1640625
32b7d5fd6a30850f,svhn,ssb-v1-block,mlp,protocol-v3,0.6,32,5,3,148,0.0014088749885559082,0.005868125008419156,848658432,0.203125
32b7d5fd6a30850f,svhn,ssb-v1-block,mlp,protocol-v3,0.6,32,5,3,149,0.0013970419531688094,0.004964833031408489,848658432,0.1875
32b7d5fd6a30850f,svhn,ssb-v1-block,mlp,protocol-v3,0.6,32,5,3,150,0.00145575002534315,0.005180083040613681,848674816,0.21875
32b7d5fd6a30850f,svhn,ssb-v1-block,mlp,protocol-v3,0.6,32,5,3,151,0.0014674580306746066,0.0050562500255182385,848674816,0.2109375
32b7d5fd6a30850f,svhn,ssb-v1-block,mlp,protocol-v3,0.6,32,5,3,152,0.0014694579876959324,0.0058817919925786555,848674816,0.203125
32b7d5fd6a30850f,svhn,ssb-v1-block,mlp,protocol-v3,0.6,32,5,3,153,0.001406292023602873,0.005961958027910441,848674816,0.15625
32b7d5fd6a30850f,svhn,ssb-v1-block,mlp,protocol-v3,0.6,32,5,3,154,0.0014627919881604612,0.005226333043538034,848674816,0.1484375
32b7d5fd6a30850f,svhn,ssb-v1-block,mlp,protocol-v3,0.6,32,5,3,155,0.0014639170258305967,0.0052371249767020345,848674816,0.203125
32b7d5fd6a30850f,svhn,ssb-v1-block,mlp,protocol-v3,0.6,32,5,3,156,0.0014927920419722795,0.00548645801609382,848674816,0.203125
32b7d5fd6a30850f,svhn,ssb-v1-block,mlp,protocol-v3,0.6,32,5,3,157,0.0014654590049758554,0.005126499978359789,848674816,0.1328125
32b7d5fd6a30850f,svhn,ssb-v1-block,mlp,protocol-v3,0.6,32,5,3,158,0.0014722500345669687,0.005471416981890798,848691200,0.171875
32b7d5fd6a30850f,svhn,ssb-v1-block,mlp,protocol-v3,0.6,32,5,3,159,0.0015006670146249235,0.005147499963641167,848691200,0.1875
32b7d5fd6a30850f,svhn,ssb-v1-block,mlp,protocol-v3,0.6,32,5,3,160,0.0014627500204369426,0.005162334011401981,848691200,0.203125
32b7d5fd6a30850f,svhn,ssb-v1-block,mlp,protocol-v3,0.6,32,5,3,161,0.0013756249682046473,0.0056433340068906546,848691200,0.1796875
32b7d5fd6a30850f,svhn,ssb-v1-block,mlp,protocol-v3,0.6,32,5,3,162,0.0014134999946691096,0.005106375028844923,848691200,0.125
32b7d5fd6a30850f,svhn,ssb-v1-block,mlp,protocol-v3,0.6,32,5,3,163,0.0014200409641489387,0.005961041955742985,848691200,0.1953125
32b7d5fd6a30850f,svhn,ssb-v1-block,mlp,protocol-v3,0.6,32,5,3,164,0.001457334030419588,0.005638417031150311,848691200,0.15625
32b7d5fd6a30850f,svhn,ssb-v1-block,mlp,protocol-v3,0.6,32,5,3,165,0.0013954580063000321,0.0055205419776029885,848691200,0.171875
32b7d5fd6a30850f,svhn,ssb-v1-block,mlp,protocol-v3,0.6,32,5,3,166,0.0013855000142939389,0.005022040975745767,848691200,0.21875
32b7d5fd6a30850f,svhn,ssb-v1-block,mlp,protocol-v3,0.6,32,5,3,167,0.001459375023841858,0.004839042027015239,848691200,0.2265625
32b7d5fd6a30850f,svhn,ssb-v1-block,mlp,protocol-v3,0.6,32,5,3,168,0.0014139999984763563,0.005141708999872208,848691200,0.1171875
32b7d5fd6a30850f,svhn,ssb-v1-block,mlp,protocol-v3,0.6,32,5,3,169,0.0014042080147191882,0.005058915994595736,848691200,0.1953125
32b7d5fd6a30850f,svhn,ssb-v1-block,mlp,protocol-v3,0.6,32,5,3,170,0.0014578329864889383,0.005842208047397435,848691200,0.171875
32b7d5fd6a30850f,svhn,ssb-v1-block,mlp,protocol-v3,0.6,32,5,3,171,0.0013980420189909637,0.005297874973621219,848691200,0.2109375
32b7d5fd6a30850f,svhn,ssb-v1-block,mlp,protocol-v3,0.6,32,5,3,172,0.0014038750086911023,0.0060406659613363445,848691200,0.2734375
32b7d5fd6a30850f,svhn,ssb-v1-block,mlp,protocol-v3,0.6,32,5,3,173,0.0014201249578036368,0.005359583999961615,848691200,0.2265625
32b7d5fd6a30850f,svhn,ssb-v1-block,mlp,protocol-v3,0.6,32,5,3,174,0.0014522920246236026,0.005144791037309915,848723968,0.2421875
32b7d5fd6a30850f,svhn,ssb-v1-block,mlp,protocol-v3,0.6,32,5,3,175,0.001469957991503179,0.005202999978791922,848723968,0.171875
32b7d5fd6a30850f,svhn,ssb-v1-block,mlp,protocol-v3,0.6,32,5,3,176,0.0014680830063298345,0.005176000006031245,848723968,0.21875
32b7d5fd6a30850f,svhn,ssb-v1-block,mlp,protocol-v3,0.6,32,5,3,177,0.001485791988670826,0.005352624983061105,848723968,0.21875
32b7d5fd6a30850f,svhn,ssb-v1-block,mlp,protocol-v3,0.6,32,5,3,178,0.001450416981242597,0.005689582962077111,848740352,0.1796875
32b7d5fd6a30850f,svhn,ssb-v1-block,mlp,protocol-v3,0.6,32,5,3,179,0.0013505829847417772,0.005255374999251217,848740352,0.203125
32b7d5fd6a30850f,svhn,ssb-v1-block,mlp,protocol-v3,0.6,32,5,3,180,0.0013980839867144823,0.005250083981081843,848740352,0.1171875
32b7d5fd6a30850f,svhn,ssb-v1-block,mlp,protocol-v3,0.6,32,5,3,181,0.0013885830412618816,0.005141000030562282,848740352,0.1875
32b7d5fd6a30850f,svhn,ssb-v1-block,mlp,protocol-v3,0.6,32,5,3,182,0.001411709003150463,0.0053617500234395266,848740352,0.171875
32b7d5fd6a30850f,svhn,ssb-v1-block,mlp,protocol-v3,0.6,32,5,3,183,0.0014044580166228116,0.005107541976030916,848740352,0.1875
32b7d5fd6a30850f,svhn,ssb-v1-block,mlp,protocol-v3,0.6,32,5,3,184,0.0014169579953886569,0.005187666974961758,848740352,0.2265625
32b7d5fd6a30850f,svhn,ssb-v1-block,mlp,protocol-v3,0.6,32,5,3,185,0.0013854579883627594,0.005584916041698307,848740352,0.1328125
32b7d5fd6a30850f,svhn,ssb-v1-block,mlp,protocol-v3,0.6,32,5,3,186,0.0014100419939495623,0.005590915970969945,848740352,0.1875
32b7d5fd6a30850f,svhn,ssb-v1-block,mlp,protocol-v3,0.6,32,5,3,187,0.0014120839769020677,0.005179541010875255,848740352,0.2578125
32b7d5fd6a30850f,svhn,ssb-v1-block,mlp,protocol-v3,0.6,32,5,3,188,0.0014048750163055956,0.005262834019958973,848740352,0.234375
32b7d5fd6a30850f,svhn,ssb-v1-block,mlp,protocol-v3,0.6,32,5,3,189,0.001493167015723884,0.005330791987944394,848740352,0.171875
32b7d5fd6a30850f,svhn,ssb-v1-block,mlp,protocol-v3,0.6,32,5,3,190,0.0015901249716989696,0.004602709028404206,848740352,0.21875
32b7d5fd6a30850f,svhn,ssb-v1-block,mlp,protocol-v3,0.6,32,5,3,191,0.001445000001695007,0.005214374978095293,848740352,0.1875
32b7d5fd6a30850f,svhn,ssb-v1-block,mlp,protocol-v3,0.6,32,5,3,192,0.0014595829998143017,0.005583083955571055,848740352,0.1953125
32b7d5fd6a30850f,svhn,ssb-v1-block,mlp,protocol-v3,0.6,32,5,3,193,0.0013751250226050615,0.005112417042255402,848740352,0.1328125
32b7d5fd6a30850f,svhn,ssb-v1-block,mlp,protocol-v3,0.6,32,5,3,194,0.0013713330263271928,0.005994209030177444,848740352,0.2265625
32b7d5fd6a30850f,svhn,ssb-v1-block,mlp,protocol-v3,0.6,32,5,3,195,0.0013883750070817769,0.006221459014341235,848740352,0.203125
32b7d5fd6a30850f,svhn,ssb-v1-block,mlp,protocol-v3,0.6,32,5,3,196,0.0014075000071898103,0.0060986659955233335,848756736,0.1328125
32b7d5fd6a30850f,svhn,ssb-v1-block,mlp,protocol-v3,0.6,32,5,3,197,0.0013979999930597842,0.005176417005714029,848756736,0.1640625
32b7d5fd6a30850f,svhn,ssb-v1-block,mlp,protocol-v3,0.6,32,5,3,198,0.001386667019687593,0.004763374978210777,848756736,0.1796875
32b7d5fd6a30850f,svhn,ssb-v1-block,mlp,protocol-v3,0.6,32,5,3,199,0.0014495840296149254,0.0050247079925611615,848756736,0.1875
32b7d5fd6a30850f,svhn,ssb-v1-block,mlp,protocol-v3,0.6,32,5,3,200,0.0014680000022053719,0.005134832987096161,848756736,0.171875
32b7d5fd6a30850f,svhn,ssb-v1-block,mlp,protocol-v3,0.6,32,5,3,201,0.0014003750402480364,0.005203792010433972,848756736,0.1875
32b7d5fd6a30850f,svhn,ssb-v1-block,mlp,protocol-v3,0.6,32,5,3,202,0.0014592920197173953,0.004874125006608665,848756736,0.2421875
32b7d5fd6a30850f,svhn,ssb-v1-block,mlp,protocol-v3,0.6,32,5,3,203,0.0014633749960921705,0.00531300000147894,848756736,0.125
32b7d5fd6a30850f,svhn,ssb-v1-block,mlp,protocol-v3,0.6,32,5,3,204,0.0014024999691173434,0.010274874977767467,849510400,0.1796875
32b7d5fd6a30850f,svhn,ssb-v1-block,mlp,protocol-v3,0.6,32,5,3,205,0.001488375011831522,0.005733207974117249,849510400,0.2265625
32b7d5fd6a30850f,svhn,ssb-v1-block,mlp,protocol-v3,0.6,32,5,3,206,0.00149741698987782,0.005516375007573515,849739776,0.1875
32b7d5fd6a30850f,svhn,ssb-v1-block,mlp,protocol-v3,0.6,32,5,3,207,0.001468040980398655,0.004594209021888673,849739776,0.2421875
32b7d5fd6a30850f,svhn,ssb-v1-block,mlp,protocol-v3,0.6,32,5,3,208,0.0014102080021984875,0.005460666958242655,849756160,0.140625
32b7d5fd6a30850f,svhn,ssb-v1-block,mlp,protocol-v3,0.6,32,5,3,209,0.001485917018726468,0.005327916995156556,849756160,0.171875
32b7d5fd6a30850f,svhn,ssb-v1-block,mlp,protocol-v3,0.6,32,5,3,210,0.0014041670365259051,0.0054177079582586884,849756160,0.15625
32b7d5fd6a30850f,svhn,ssb-v1-block,mlp,protocol-v3,0.6,32,5,3,211,0.0014086249866522849,0.005314541980624199,849756160,0.15625
32b7d5fd6a30850f,svhn,ssb-v1-block,mlp,protocol-v3,0.6,32,5,3,212,0.001453917007893324,0.005581167002674192,849756160,0.1953125
32b7d5fd6a30850f,svhn,ssb-v1-block,mlp,protocol-v3,0.6,32,5,3,213,0.0014245829661376774,0.00577266700565815,849756160,0.1875
32b7d5fd6a30850f,svhn,ssb-v1-block,mlp,protocol-v3,0.6,32,5,3,214,0.0014192919479683042,0.004933417018037289,849756160,0.1953125
32b7d5fd6a30850f,svhn,ssb-v1-block,mlp,protocol-v3,0.6,32,5,3,215,0.0014131669886410236,0.005551417008973658,849772544,0.171875
32b7d5fd6a30850f,svhn,ssb-v1-block,mlp,protocol-v3,0.6,32,5,3,216,0.0015553749981336296,0.005864833015948534,850018304,0.203125
32b7d5fd6a30850f,svhn,ssb-v1-block,mlp,protocol-v3,0.6,32,5,3,217,0.0014282919582910836,0.005386541015468538,850018304,0.21875
32b7d5fd6a30850f,svhn,ssb-v1-block,mlp,protocol-v3,0.6,32,5,3,218,0.001411332981660962,0.004987333028111607,850034688,0.1328125
32b7d5fd6a30850f,svhn,ssb-v1-block,mlp,protocol-v3,0.6,32,5,3,219,0.001423124980647117,0.005382791976444423,850034688,0.1484375
32b7d5fd6a30850f,svhn,ssb-v1-block,mlp,protocol-v3,0.6,32,5,3,220,0.0014704170171171427,0.005196792015340179,850034688,0.2109375
32b7d5fd6a30850f,svhn,ssb-v1-block,mlp,protocol-v3,0.6,32,5,3,221,0.0014749999972991645,0.005390124977566302,850051072,0.125
32b7d5fd6a30850f,svhn,ssb-v1-block,mlp,protocol-v3,0.6,32,5,3,222,0.001463041000533849,0.005410458019468933,850051072,0.25
32b7d5fd6a30850f,svhn,ssb-v1-block,mlp,protocol-v3,0.6,32,5,3,223,0.0014674580306746066,0.005150583980139345,850051072,0.2109375
32b7d5fd6a30850f,svhn,ssb-v1-block,mlp,protocol-v3,0.6,32,5,3,224,0.0013918750337325037,0.005461374996230006,850051072,0.1953125
32b7d5fd6a30850f,svhn,ssb-v1-block,mlp,protocol-v3,0.6,32,5,3,225,0.0013692500069737434,0.00543525000102818,850051072,0.2109375
32b7d5fd6a30850f,svhn,ssb-v1-block,mlp,protocol-v3,0.6,32,5,3,226,0.0014134159428067505,0.004977583012077957,850051072,0.171875
32b7d5fd6a30850f,svhn,ssb-v1-block,mlp,protocol-v3,0.6,32,5,3,227,0.001380458998028189,0.005564875027630478,850051072,0.15625
32b7d5fd6a30850f,svhn,ssb-v1-block,mlp,protocol-v3,0.6,32,5,3,228,0.0014122910215519369,0.005875041009858251,850051072,0.203125
32b7d5fd6a30850f,svhn,ssb-v1-block,mlp,protocol-v3,0.6,32,5,3,229,0.0014651250094175339,0.005376957997214049,850051072,0.1875
32b7d5fd6a30850f,svhn,ssb-v1-block,mlp,protocol-v3,0.6,32,5,3,230,0.0014802920049987733,0.005861417041160166,850051072,0.1328125
32b7d5fd6a30850f,svhn,ssb-v1-block,mlp,protocol-v3,0.6,32,5,3,231,0.0013767500058747828,0.005698832974303514,850051072,0.1953125
32b7d5fd6a30850f,svhn,ssb-v1-block,mlp,protocol-v3,0.6,32,5,3,232,0.001403709000442177,0.005603957979474217,850051072,0.1953125
32b7d5fd6a30850f,svhn,ssb-v1-block,mlp,protocol-v3,0.6,32,5,3,233,0.0014751250273548067,0.005365375021938235,850051072,0.21875
32b7d5fd6a30850f,svhn,ssb-v1-block,mlp,protocol-v3,0.6,32,5,3,234,0.0014676660066470504,0.005428167001809925,850051072,0.1953125
32b7d5fd6a30850f,svhn,ssb-v1-block,mlp,protocol-v3,0.6,32,5,3,235,0.001471291994675994,0.004731041961349547,850051072,0.171875
32b7d5fd6a30850f,svhn,ssb-v1-block,mlp,protocol-v3,0.6,32,5,3,236,0.0014133750228211284,0.005227499990724027,850051072,0.2265625
32b7d5fd6a30850f,svhn,ssb-v1-block,mlp,protocol-v3,0.6,32,5,3,237,0.0014137090183794498,0.00557879195548594,850051072,0.1875
32b7d5fd6a30850f,svhn,ssb-v1-block,mlp,protocol-v3,0.6,32,5,3,238,0.0014619160210713744,0.004891166987363249,850051072,0.15625
32b7d5fd6a30850f,svhn,ssb-v1-block,mlp,protocol-v3,0.6,32,5,3,239,0.001425791997462511,0.00545787502778694,850051072,0.2265625
32b7d5fd6a30850f,svhn,ssb-v1-block,mlp,protocol-v3,0.6,32,5,3,240,0.0014526669983752072,0.00547529204050079,850051072,0.203125
32b7d5fd6a30850f,svhn,ssb-v1-block,mlp,protocol-v3,0.6,32,5,3,241,0.001397833984810859,0.005834583018440753,850051072,0.2421875
32b7d5fd6a30850f,svhn,ssb-v1-block,mlp,protocol-v3,0.6,32,5,3,242,0.0013967500417493284,0.007350416970439255,850051072,0.1484375
32b7d5fd6a30850f,svhn,ssb-v1-block,mlp,protocol-v3,0.6,32,5,3,243,0.002032542019151151,0.005751624994445592,850051072,0.1953125
32b7d5fd6a30850f,svhn,ssb-v1-block,mlp,protocol-v3,0.6,32,5,3,244,0.0014502499834634364,0.004678916011471301,850051072,0.1875
32b7d5fd6a30850f,svhn,ssb-v1-block,mlp,protocol-v3,0.6,32,5,3,245,0.001480415987316519,0.005282666999846697,850051072,0.1875
32b7d5fd6a30850f,svhn,ssb-v1-block,mlp,protocol-v3,0.6,32,5,3,246,0.0014527920284308493,0.004997624957468361,850051072,0.15625
32b7d5fd6a30850f,svhn,ssb-v1-block,mlp,protocol-v3,0.6,32,5,3,247,0.0014145420282147825,0.005302042001858354,850051072,0.140625
32b7d5fd6a30850f,svhn,ssb-v1-block,mlp,protocol-v3,0.6,32,5,3,248,0.0014109170297160745,0.005314667010679841,850051072,0.1640625
32b7d5fd6a30850f,svhn,ssb-v1-block,mlp,protocol-v3,0.6,32,5,3,249,0.001405416987836361,0.005145790986716747,850051072,0.1875
32b7d5fd6a30850f,svhn,ssb-v1-block,mlp,protocol-v3,0.6,32,5,3,250,0.0014523750287480652,0.005085250013507903,850051072,0.15625
32b7d5fd6a30850f,svhn,ssb-v1-block,mlp,protocol-v3,0.6,32,5,3,251,0.0014382500085048378,0.005751833028625697,850051072,0.1484375
32b7d5fd6a30850f,svhn,ssb-v1-block,mlp,protocol-v3,0.6,32,5,3,252,0.0013850000104866922,0.005238124984316528,850067456,0.203125
32b7d5fd6a30850f,svhn,ssb-v1-block,mlp,protocol-v3,0.6,32,5,3,253,0.0014290419640019536,0.005181457963772118,850067456,0.1171875
32b7d5fd6a30850f,svhn,ssb-v1-block,mlp,protocol-v3,0.6,32,5,3,254,0.0014039999805390835,0.0054108749609440565,850067456,0.1953125
32b7d5fd6a30850f,svhn,ssb-v1-block,mlp,protocol-v3,0.6,32,5,3,255,0.0014791660360060632,0.005765791982412338,850067456,0.1640625
32b7d5fd6a30850f,svhn,ssb-v1-block,mlp,protocol-v3,0.6,32,5,3,256,0.0014581249561160803,0.005514124990440905,850067456,0.203125
32b7d5fd6a30850f,svhn,ssb-v1-block,mlp,protocol-v3,0.6,32,5,3,257,0.0014960829867050052,0.005398375040385872,850067456,0.2109375
32b7d5fd6a30850f,svhn,ssb-v1-block,mlp,protocol-v3,0.6,32,5,3,258,0.001397875021211803,0.005461709049995989,850083840,0.1875
32b7d5fd6a30850f,svhn,ssb-v1-block,mlp,protocol-v3,0.6,32,5,3,259,0.0013940419885329902,0.005025000020395964,850083840,0.1640625
32b7d5fd6a30850f,svhn,ssb-v1-block,mlp,protocol-v3,0.6,32,5,3,260,0.0013812080142088234,0.005369833030272275,850083840,0.1796875
32b7d5fd6a30850f,svhn,ssb-v1-block,mlp,protocol-v3,0.6,32,5,3,261,0.0014152920339256525,0.005119582987390459,850083840,0.1953125
32b7d5fd6a30850f,svhn,ssb-v1-block,mlp,protocol-v3,0.6,32,5,3,262,0.0014639999717473984,0.0054427499999292195,850083840,0.1953125
32b7d5fd6a30850f,svhn,ssb-v1-block,mlp,protocol-v3,0.6,32,5,3,263,0.0014194590039551258,0.005007583007682115,850083840,0.125
32b7d5fd6a30850f,svhn,ssb-v1-block,mlp,protocol-v3,0.6,32,5,3,264,0.0014722920022904873,0.00492962496355176,850083840,0.21875
32b7d5fd6a30850f,svhn,ssb-v1-block,mlp,protocol-v3,0.6,32,5,3,265,0.0014082499546930194,0.005296833987813443,850083840,0.2421875
32b7d5fd6a30850f,svhn,ssb-v1-block,mlp,protocol-v3,0.6,32,5,3,266,0.0013952910085208714,0.005477249971590936,850083840,0.1875
32b7d5fd6a30850f,svhn,ssb-v1-block,mlp,protocol-v3,0.6,32,5,3,267,0.0014083750429563224,0.004816417000256479,850083840,0.2890625
32b7d5fd6a30850f,svhn,ssb-v1-block,mlp,protocol-v3,0.6,32,5,3,268,0.001405874965712428,0.004928042006213218,850083840,0.25
32b7d5fd6a30850f,svhn,ssb-v1-block,mlp,protocol-v3,0.6,32,5,3,269,0.0014131249627098441,0.00526441604597494,850083840,0.2265625
32b7d5fd6a30850f,svhn,ssb-v1-block,mlp,protocol-v3,0.6,32,5,3,270,0.0014727910165674984,0.0053352079703472555,850083840,0.1796875
32b7d5fd6a30850f,svhn,ssb-v1-block,mlp,protocol-v3,0.6,32,5,3,271,0.0014849170111119747,0.0052473340183496475,850083840,0.171875
32b7d5fd6a30850f,svhn,ssb-v1-block,mlp,protocol-v3,0.6,32,5,3,272,0.0013825420173816383,0.005975250038318336,850083840,0.1953125
32b7d5fd6a30850f,svhn,ssb-v1-block,mlp,protocol-v3,0.6,32,5,3,273,0.0013927079853601754,0.006385459040757269,850083840,0.140625
32b7d5fd6a30850f,svhn,ssb-v1-block,mlp,protocol-v3,0.6,32,5,3,274,0.0014660829911008477,0.006837915978394449,850100224,0.21875
32b7d5fd6a30850f,svhn,ssb-v1-block,mlp,protocol-v3,0.6,32,5,3,275,0.0014370419667102396,0.005126625008415431,850100224,0.1953125
32b7d5fd6a30850f,svhn,ssb-v1-block,mlp,protocol-v3,0.6,32,5,3,276,0.0013799170264974236,0.005194749974180013,850100224,0.1875
32b7d5fd6a30850f,svhn,ssb-v1-block,mlp,protocol-v3,0.6,32,5,3,277,0.0014392919838428497,0.005279499979224056,850100224,0.1875
32b7d5fd6a30850f,svhn,ssb-v1-block,mlp,protocol-v3,0.6,32,5,3,278,0.001423250010702759,0.005312583991326392,850100224,0.1953125
32b7d5fd6a30850f,svhn,ssb-v1-block,mlp,protocol-v3,0.6,32,5,3,279,0.0013894170406274498,0.005311000044457614,850100224,0.21875
32b7d5fd6a30850f,svhn,ssb-v1-block,mlp,protocol-v3,0.6,32,5,3,280,0.0013747079647146165,0.005429291981272399,850100224,0.140625
32b7d5fd6a30850f,svhn,ssb-v1-block,mlp,protocol-v3,0.6,32,5,3,281,0.0014229160151444376,0.005862999998498708,850100224,0.2109375
32b7d5fd6a30850f,svhn,ssb-v1-block,mlp,protocol-v3,0.6,32,5,3,282,0.0014660409651696682,0.005294165981467813,850100224,0.1796875
32b7d5fd6a30850f,svhn,ssb-v1-block,mlp,protocol-v3,0.6,32,5,3,283,0.0014058329979889095,0.009652541019022465,850853888,0.15625
32b7d5fd6a30850f,svhn,ssb-v1-block,mlp,protocol-v3,0.6,32,5,3,284,0.0017274160054512322,0.005577542004175484,850853888,0.21875
32b7d5fd6a30850f,svhn,ssb-v1-block,mlp,protocol-v3,0.6,32,5,3,285,0.0014721250045113266,0.005214666947722435,850853888,0.21875
32b7d5fd6a30850f,svhn,ssb-v1-block,mlp,protocol-v3,0.6,32,5,3,286,0.0014913749764673412,0.005153875041287392,851116032,0.1640625
32b7d5fd6a30850f,svhn,ssb-v1-block,mlp,protocol-v3,0.6,32,5,3,287,0.0014756249729543924,0.005011916975490749,851116032,0.1875
32b7d5fd6a30850f,svhn,ssb-v1-block,mlp,protocol-v3,0.6,32,5,3,288,0.0014602920273318887,0.005169791984371841,851116032,0.21875
32b7d5fd6a30850f,svhn,ssb-v1-block,mlp,protocol-v3,0.6,32,5,3,289,0.0014234999543987215,0.005706124997232109,851214336,0.2421875
32b7d5fd6a30850f,svhn,ssb-v1-block,mlp,protocol-v3,0.6,32,5,3,290,0.0014245830243453383,0.005016457987949252,851214336,0.1953125
32b7d5fd6a30850f,svhn,ssb-v1-block,mlp,protocol-v3,0.6,32,5,3,291,0.0014175419928506017,0.005313207977451384,851214336,0.2109375
32b7d5fd6a30850f,svhn,ssb-v1-block,mlp,protocol-v3,0.6,32,5,3,292,0.0013934170128777623,0.005154167010914534,851214336,0.15625
32b7d5fd6a30850f,svhn,ssb-v1-block,mlp,protocol-v3,0.6,32,5,3,293,0.0014192919479683042,0.00579224998364225,851214336,0.265625
32b7d5fd6a30850f,svhn,ssb-v1-block,mlp,protocol-v3,0.6,32,5,3,294,0.001460875035263598,0.005542374972719699,851214336,0.2109375
32b7d5fd6a30850f,svhn,ssb-v1-block,mlp,protocol-v3,0.6,32,5,3,295,0.001466957968659699,0.005664958036504686,851214336,0.2109375
32b7d5fd6a30850f,svhn,ssb-v1-block,mlp,protocol-v3,0.6,32,5,3,296,0.0014100829721428454,0.005036459013354033,851214336,0.171875
32b7d5fd6a30850f,svhn,ssb-v1-block,mlp,protocol-v3,0.6,32,5,3,297,0.001422917004674673,0.006074541946873069,851214336,0.1796875
32b7d5fd6a30850f,svhn,ssb-v1-block,mlp,protocol-v3,0.6,32,5,3,298,0.0014726250083185732,0.00569508399348706,851214336,0.2421875
32b7d5fd6a30850f,svhn,ssb-v1-block,mlp,protocol-v3,0.6,32,5,3,299,0.0014245000202208757,0.005257624958176166,851214336,0.1953125
32b7d5fd6a30850f,svhn,ssb-v1-block,mlp,protocol-v3,0.6,32,5,3,300,0.001460542029235512,0.005268625041935593,851214336,0.1875
32b7d5fd6a30850f,svhn,ssb-v1-block,mlp,protocol-v3,0.6,32,5,3,301,0.00136599998222664,0.005004166974686086,851214336,0.1953125
32b7d5fd6a30850f,svhn,ssb-v1-block,mlp,protocol-v3,0.6,32,5,3,302,0.0014643750037066638,0.005613334011286497,851214336,0.21875
32b7d5fd6a30850f,svhn,ssb-v1-block,mlp,protocol-v3,0.6,32,5,3,303,0.001386375050060451,0.005286958010401577,851230720,0.1875
32b7d5fd6a30850f,svhn,ssb-v1-block,mlp,protocol-v3,0.6,32,5,3,304,0.0014122080174274743,0.004906125017441809,851230720,0.171875
32b7d5fd6a30850f,svhn,ssb-v1-block,mlp,protocol-v3,0.6,32,5,3,305,0.0013854580465704203,0.006102082959841937,851230720,0.1640625
32b7d5fd6a30850f,svhn,ssb-v1-block,mlp,protocol-v3,0.6,32,5,3,306,0.0014592909719794989,0.006045041023753583,851230720,0.2265625
32b7d5fd6a30850f,svhn,ssb-v1-block,mlp,protocol-v3,0.6,32,5,3,307,0.0014628330245614052,0.005422624992206693,851230720,0.21875
32b7d5fd6a30850f,svhn,ssb-v1-block,mlp,protocol-v3,0.6,32,5,3,308,0.0013864590437151492,0.00622333399951458,851230720,0.21875
32b7d5fd6a30850f,svhn,ssb-v1-block,mlp,protocol-v3,0.6,32,5,3,309,0.0015635000308975577,0.005261250014882535,851230720,0.2109375
32b7d5fd6a30850f,svhn,ssb-v1-block,mlp,protocol-v3,0.6,32,5,3,310,0.0014364999951794744,0.0052010000217705965,851230720,0.1796875
32b7d5fd6a30850f,svhn,ssb-v1-block,mlp,protocol-v3,0.6,32,5,3,311,0.0014243750483728945,0.005155582970473915,851230720,0.1484375
32b7d5fd6a30850f,svhn,ssb-v1-block,mlp,protocol-v3,0.6,32,5,3,312,0.0015808750176802278,0.004948291985783726,851230720,0.1796875
32b7d5fd6a30850f,svhn,ssb-v1-block,mlp,protocol-v3,0.6,32,5,3,313,0.0015544579946435988,0.004782082978636026,851279872,0.2109375
32b7d5fd6a30850f,svhn,ssb-v1-block,mlp,protocol-v3,0.6,32,5,3,314,0.0014686250360682607,0.005535790987778455,851279872,0.1953125
32b7d5fd6a30850f,svhn,ssb-v1-block,mlp,protocol-v3,0.6,32,5,3,315,0.0015047919587232172,0.005675917025655508,851279872,0.1875
32b7d5fd6a30850f,svhn,ssb-v1-block,mlp,protocol-v3,0.6,32,5,3,316,0.0014450409798882902,0.006090625014621764,851279872,0.25
32b7d5fd6a30850f,svhn,ssb-v1-block,mlp,protocol-v3,0.6,32,5,3,317,0.001480375009123236,0.005045500001870096,851279872,0.1875
32b7d5fd6a30850f,svhn,ssb-v1-block,mlp,protocol-v3,0.6,32,5,3,318,0.0015148750389926136,0.005365041957702488,851279872,0.1953125
32b7d5fd6a30850f,svhn,ssb-v1-block,mlp,protocol-v3,0.6,32,5,3,319,0.001481875020544976,0.005471957963891327,851279872,0.1875
32b7d5fd6a30850f,svhn,ssb-v1-block,mlp,protocol-v3,0.6,32,5,3,320,0.0014820409705862403,0.005064458993729204,851279872,0.2265625
32b7d5fd6a30850f,svhn,ssb-v1-block,mlp,protocol-v3,0.6,32,5,3,321,0.0014713339623995125,0.005364249984268099,851279872,0.15625
32b7d5fd6a30850f,svhn,ssb-v1-block,mlp,protocol-v3,0.6,32,5,3,322,0.001411333039868623,0.005399417015723884,851279872,0.203125
32b7d5fd6a30850f,svhn,ssb-v1-block,mlp,protocol-v3,0.6,32,5,3,323,0.001391333993524313,0.005714209051802754,851279872,0.21875
32b7d5fd6a30850f,svhn,ssb-v1-block,mlp,protocol-v3,0.6,32,5,3,324,0.0014147090259939432,0.005756624974310398,851279872,0.1328125
32b7d5fd6a30850f,svhn,ssb-v1-block,mlp,protocol-v3,0.6,32,5,3,325,0.0014846670092083514,0.005182707973290235,851279872,0.1953125
32b7d5fd6a30850f,svhn,ssb-v1-block,mlp,protocol-v3,0.6,32,5,3,326,0.0015124579658731818,0.005292167013976723,851279872,0.1640625
32b7d5fd6a30850f,svhn,ssb-v1-block,mlp,protocol-v3,0.6,32,5,3,327,0.0014792910078540444,0.00500270799966529,851279872,0.2265625
32b7d5fd6a30850f,svhn,ssb-v1-block,mlp,protocol-v3,0.6,32,5,3,328,0.0014227500068955123,0.004955417010933161,851279872,0.1640625
32b7d5fd6a30850f,svhn,ssb-v1-block,mlp,protocol-v3,0.6,32,5,3,329,0.00140224996721372,0.005311958026140928,851279872,0.171875
32b7d5fd6a30850f,svhn,ssb-v1-block,mlp,protocol-v3,0.6,32,5,3,330,0.0014048749580979347,0.005089042009785771,851296256,0.1875
32b7d5fd6a30850f,svhn,ssb-v1-block,mlp,protocol-v3,0.6,32,5,3,331,0.0014354580198414624,0.005373916996177286,851296256,0.1875
32b7d5fd6a30850f,svhn,ssb-v1-block,mlp,protocol-v3,0.6,32,5,3,332,0.001471709052566439,0.005203750042710453,851296256,0.15625
32b7d5fd6a30850f,svhn,ssb-v1-block,mlp,protocol-v3,0.6,32,5,3,333,0.001480375009123236,0.005394541018176824,851296256,0.2109375
32b7d5fd6a30850f,svhn,ssb-v1-block,mlp,protocol-v3,0.6,32,5,3,334,0.0014751670532859862,0.00535524997394532,851296256,0.2109375
32b7d5fd6a30850f,svhn,ssb-v1-block,mlp,protocol-v3,0.6,32,5,3,335,0.0014605000033043325,0.005311415996402502,851296256,0.2421875
32b7d5fd6a30850f,svhn,ssb-v1-block,mlp,protocol-v3,0.6,32,5,3,336,0.0014217080315575004,0.005675165972206742,851296256,0.1640625
32b7d5fd6a30850f,svhn,ssb-v1-block,mlp,protocol-v3,0.6,32,5,3,337,0.0014788749977014959,0.005872584006283432,851296256,0.1875
32b7d5fd6a30850f,svhn,ssb-v1-block,mlp,protocol-v3,0.6,32,5,3,338,0.001463458000216633,0.0067052909871563315,851296256,0.1953125
32b7d5fd6a30850f,svhn,ssb-v1-block,mlp,protocol-v3,0.6,32,5,3,339,0.0014728340320289135,0.005573000002186745,851296256,0.1640625
32b7d5fd6a30850f,svhn,ssb-v1-block,mlp,protocol-v3,0.6,32,5,3,340,0.001484125037677586,0.005420417001005262,851296256,0.171875
32b7d5fd6a30850f,svhn,ssb-v1-block,mlp,protocol-v3,0.6,32,5,3,341,0.0014654999831691384,0.00556254101684317,851312640,0.1328125
32b7d5fd6a30850f,svhn,ssb-v1-block,mlp,protocol-v3,0.6,32,5,3,342,0.0013572080060839653,0.005350124964024872,851312640,0.1796875
32b7d5fd6a30850f,svhn,ssb-v1-block,mlp,protocol-v3,0.6,32,5,3,343,0.001366040960419923,0.0052410419448278844,851312640,0.140625
32b7d5fd6a30850f,svhn,ssb-v1-block,mlp,protocol-v3,0.6,32,5,3,344,0.0013941660290583968,0.005350666993763298,851312640,0.2109375
32b7d5fd6a30850f,svhn,ssb-v1-block,mlp,protocol-v3,0.6,32,5,3,345,0.0014589999918825924,0.005375082953833044,851312640,0.1796875
32b7d5fd6a30850f,svhn,ssb-v1-block,mlp,protocol-v3,0.6,32,5,3,346,0.0014600830036215484,0.005478707957081497,851312640,0.1953125
32b7d5fd6a30850f,svhn,ssb-v1-block,mlp,protocol-v3,0.6,32,5,3,347,0.001479750033468008,0.005473375029396266,851312640,0.1484375
32b7d5fd6a30850f,svhn,ssb-v1-block,mlp,protocol-v3,0.6,32,5,3,348,0.0014682080363854766,0.0053746659541502595,851312640,0.1953125
32b7d5fd6a30850f,svhn,ssb-v1-block,mlp,protocol-v3,0.6,32,5,3,349,0.0014732499839738011,0.005483040993567556,851312640,0.1640625
32b7d5fd6a30850f,svhn,ssb-v1-block,mlp,protocol-v3,0.6,32,5,3,350,0.0014075419749133289,0.00517416704678908,851312640,0.21875
32b7d5fd6a30850f,svhn,ssb-v1-block,mlp,protocol-v3,0.6,32,5,3,351,0.0014177089906297624,0.005411458027083427,851312640,0.1796875
32b7d5fd6a30850f,svhn,ssb-v1-block,mlp,protocol-v3,0.6,32,5,3,352,0.0014063750277273357,0.005580083990935236,851312640,0.234375
32b7d5fd6a30850f,svhn,ssb-v1-block,mlp,protocol-v3,0.6,32,5,3,353,0.001474583987146616,0.005472958961036056,851312640,0.234375
32b7d5fd6a30850f,svhn,ssb-v1-block,mlp,protocol-v3,0.6,32,5,3,354,0.0014008749858476222,0.004934541997499764,851312640,0.1640625
32b7d5fd6a30850f,svhn,ssb-v1-block,mlp,protocol-v3,0.6,32,5,3,355,0.001412042009178549,0.005771625030320138,851312640,0.1796875
32b7d5fd6a30850f,svhn,ssb-v1-block,mlp,protocol-v3,0.6,32,5,3,356,0.0014503750135190785,0.005294625007081777,851312640,0.1796875
32b7d5fd6a30850f,svhn,ssb-v1-block,mlp,protocol-v3,0.6,32,5,3,357,0.0013934579910710454,0.005450458964332938,851312640,0.21875
32b7d5fd6a30850f,svhn,ssb-v1-block,mlp,protocol-v3,0.6,32,5,3,358,0.0013860840117558837,0.005267000000458211,851312640,0.203125
32b7d5fd6a30850f,svhn,ssb-v1-block,mlp,protocol-v3,0.6,32,5,3,359,0.0014117080136202276,0.005330541986040771,851312640,0.1796875
32b7d5fd6a30850f,svhn,ssb-v1-block,mlp,protocol-v3,0.6,32,5,3,360,0.0013859999598935246,0.0057023330009542406,851312640,0.1640625
32b7d5fd6a30850f,svhn,ssb-v1-block,mlp,protocol-v3,0.6,32,5,3,361,0.0014126250171102583,0.005602875025942922,851329024,0.1328125
32b7d5fd6a30850f,svhn,ssb-v1-block,mlp,protocol-v3,0.6,32,5,3,362,0.0015039999852888286,0.005340166972018778,851329024,0.203125
32b7d5fd6a30850f,svhn,ssb-v1-block,mlp,protocol-v3,0.6,32,5,3,363,0.0014018749934621155,0.005503541964571923,851329024,0.21875
32b7d5fd6a30850f,svhn,ssb-v1-block,mlp,protocol-v3,0.6,32,5,3,364,0.0014160840073600411,0.005370832979679108,851329024,0.15625
32b7d5fd6a30850f,svhn,ssb-v1-block,mlp,protocol-v3,0.6,32,5,3,365,0.0014260419993661344,0.00508125004125759,851329024,0.21875
32b7d5fd6a30850f,svhn,ssb-v1-block,mlp,protocol-v3,0.6,32,5,3,366,0.0014714169665239751,0.005099458037875593,851329024,0.2265625
32b7d5fd6a30850f,svhn,ssb-v1-block,mlp,protocol-v3,0.6,32,5,3,367,0.0013832090189680457,0.005071500025223941,851329024,0.1953125
32b7d5fd6a30850f,svhn,ssb-v1-block,mlp,protocol-v3,0.6,32,5,3,368,0.0014201659942045808,0.005059042014181614,851329024,0.1484375
32b7d5fd6a30850f,svhn,ssb-v1-block,mlp,protocol-v3,0.6,32,5,3,369,0.001463750028051436,0.005502666987013072,851329024,0.171875
32b7d5fd6a30850f,svhn,ssb-v1-block,mlp,protocol-v3,0.6,32,5,3,370,0.0013940419885329902,0.005689875048119575,851329024,0.109375
32b7d5fd6a30850f,svhn,ssb-v1-block,mlp,protocol-v3,0.6,32,5,3,371,0.001500708982348442,0.005365084041841328,851329024,0.1640625
32b7d5fd6a30850f,svhn,ssb-v1-block,mlp,protocol-v3,0.6,32,5,3,372,0.0014487919979728758,0.00516737496946007,851329024,0.1796875
32b7d5fd6a30850f,svhn,ssb-v1-block,mlp,protocol-v3,0.6,32,5,3,373,0.001477208046708256,0.005112416984047741,851329024,0.2109375
32b7d5fd6a30850f,svhn,ssb-v1-block,mlp,protocol-v3,0.6,32,5,3,374,0.0014591669896617532,0.004959749989211559,851329024,0.203125
32b7d5fd6a30850f,svhn,ssb-v1-block,mlp,protocol-v3,0.6,32,5,3,375,0.0014527079765684903,0.005463542009238154,851329024,0.1796875
32b7d5fd6a30850f,svhn,ssb-v1-block,mlp,protocol-v3,0.6,32,5,3,376,0.0013832080294378102,0.00524066697107628,851329024,0.1875
32b7d5fd6a30850f,svhn,ssb-v1-block,mlp,protocol-v3,0.6,32,5,3,377,0.0015088749933056533,0.00531379203312099,851329024,0.1875
32b7d5fd6a30850f,svhn,ssb-v1-block,mlp,protocol-v3,0.6,32,5,3,378,0.0013962920056656003,0.00542704202234745,851329024,0.203125
32b7d5fd6a30850f,svhn,ssb-v1-block,mlp,protocol-v3,0.6,32,5,3,379,0.0013798330328427255,0.005280042008962482,851329024,0.1796875
32b7d5fd6a30850f,svhn,ssb-v1-block,mlp,protocol-v3,0.6,32,5,3,380,0.001452874974347651,0.004711041983682662,851329024,0.2109375
32b7d5fd6a30850f,svhn,ssb-v1-block,mlp,protocol-v3,0.6,32,5,3,381,0.001482666004449129,0.004859292006585747,851329024,0.234375
32b7d5fd6a30850f,svhn,ssb-v1-block,mlp,protocol-v3,0.6,32,5,3,382,0.001480832986999303,0.0051383330137468874,851329024,0.1328125
32b7d5fd6a30850f,svhn,ssb-v1-block,mlp,protocol-v3,0.6,32,5,3,383,0.0014102080021984875,0.004870917007792741,851329024,0.1953125
32b7d5fd6a30850f,svhn,ssb-v1-block,mlp,protocol-v3,0.6,32,5,3,384,0.001405875023920089,0.00530945899663493,851329024,0.234375
32b7d5fd6a30850f,svhn,ssb-v1-block,mlp,protocol-v3,0.6,32,5,3,385,0.00139104196568951,0.005107041972223669,851329024,0.21875
32b7d5fd6a30850f,svhn,ssb-v1-block,mlp,protocol-v3,0.6,32,5,3,386,0.0013996249763295054,0.005582665966358036,851329024,0.1953125
32b7d5fd6a30850f,svhn,ssb-v1-block,mlp,protocol-v3,0.6,32,5,3,387,0.0014990839990787208,0.005017166957259178,851329024,0.2578125
32b7d5fd6a30850f,svhn,ssb-v1-block,mlp,protocol-v3,0.6,32,5,3,388,0.0014049580204300582,0.005237749952357262,851329024,0.1484375
32b7d5fd6a30850f,svhn,ssb-v1-block,mlp,protocol-v3,0.6,32,5,3,389,0.0014118329854682088,0.005270124995149672,851345408,0.1484375
32b7d5fd6a30850f,svhn,ssb-v1-block,mlp,protocol-v3,0.6,32,5,3,390,0.001461499952711165,0.004896083031781018,851345408,0.15625
32b7d5fd6a30850f,svhn,ssb-v1-block,mlp,protocol-v3,0.6,32,5,3,391,0.0014681669999845326,0.005602999997790903,851345408,0.2109375
32b7d5fd6a30850f,svhn,ssb-v1-block,mlp,protocol-v3,0.6,32,5,3,392,0.0013863339554518461,0.005575000017415732,851345408,0.1953125
32b7d5fd6a30850f,svhn,ssb-v1-block,mlp,protocol-v3,0.6,32,5,3,393,0.0015135830035433173,0.005554957955610007,851345408,0.203125
32b7d5fd6a30850f,svhn,ssb-v1-block,mlp,protocol-v3,0.6,32,5,3,394,0.001460083993151784,0.005401291011366993,851345408,0.1484375
32b7d5fd6a30850f,svhn,ssb-v1-block,mlp,protocol-v3,0.6,32,5,3,395,0.0014662090106867254,0.005459916952531785,851345408,0.2734375
32b7d5fd6a30850f,svhn,ssb-v1-block,mlp,protocol-v3,0.6,32,5,3,396,0.0014613340026699007,0.005144957976881415,851345408,0.2265625
32b7d5fd6a30850f,svhn,ssb-v1-block,mlp,protocol-v3,0.6,32,5,3,397,0.0014669590163975954,0.005684458010364324,851361792,0.140625
32b7d5fd6a30850f,svhn,ssb-v1-block,mlp,protocol-v3,0.6,32,5,3,398,0.0013739580172114074,0.00508816703222692,851361792,0.21875
32b7d5fd6a30850f,svhn,ssb-v1-block,mlp,protocol-v3,0.6,32,5,3,399,0.0014665000489912927,0.005503957974724472,851361792,0.2578125
32b7d5fd6a30850f,svhn,ssb-v1-block,mlp,protocol-v3,0.6,32,5,3,400,0.001468125032261014,0.005580790981184691,851361792,0.171875
32b7d5fd6a30850f,svhn,ssb-v1-block,mlp,protocol-v3,0.6,32,5,3,401,0.0013920000055804849,0.005497500009369105,851378176,0.25
32b7d5fd6a30850f,svhn,ssb-v1-block,mlp,protocol-v3,0.6,32,5,3,402,0.0014043329865671694,0.005431208002846688,851410944,0.21875
32b7d5fd6a30850f,svhn,ssb-v1-block,mlp,protocol-v3,0.6,32,5,3,403,0.0014073749771341681,0.005686125019565225,851410944,0.1484375
32b7d5fd6a30850f,svhn,ssb-v1-block,mlp,protocol-v3,0.6,32,5,3,404,0.0014693749835714698,0.005948707985226065,851410944,0.2265625
32b7d5fd6a30850f,svhn,ssb-v1-block,mlp,protocol-v3,0.6,32,5,3,405,0.0013847919763065875,0.0051535419770516455,851410944,0.15625
32b7d5fd6a30850f,svhn,ssb-v1-block,mlp,protocol-v3,0.6,32,5,3,406,0.0014538339455612004,0.004667249973863363,851410944,0.1328125
32b7d5fd6a30850f,svhn,ssb-v1-block,mlp,protocol-v3,0.6,32,5,3,407,0.0014550419873557985,0.00566162500763312,851410944,0.1484375
32b7d5fd6a30850f,svhn,ssb-v1-block,mlp,protocol-v3,0.6,32,5,3,408,0.0014781249919906259,0.004490750026889145,851410944,0.234375
32b7d5fd6a30850f,svhn,ssb-v1-block,mlp,protocol-v3,0.6,32,5,3,409,0.0014200829900801182,0.005094165971968323,851427328,0.1953125
32b7d5fd6a30850f,svhn,ssb-v1-block,mlp,protocol-v3,0.6,32,5,3,410,0.001490207971073687,0.005169083015061915,851427328,0.25
32b7d5fd6a30850f,svhn,ssb-v1-block,mlp,protocol-v3,0.6,32,5,3,411,0.001495207950938493,0.005211958021391183,851427328,0.1875
32b7d5fd6a30850f,svhn,ssb-v1-block,mlp,protocol-v3,0.6,32,5,3,412,0.0014594169915653765,0.0054192079696804285,851427328,0.1953125
32b7d5fd6a30850f,svhn,ssb-v1-block,mlp,protocol-v3,0.6,32,5,3,413,0.0013985419645905495,0.005540959013160318,851427328,0.1484375
32b7d5fd6a30850f,svhn,ssb-v1-block,mlp,protocol-v3,0.6,32,5,3,414,0.0014079169486649334,0.0057414170005358756,851427328,0.2265625
32b7d5fd6a30850f,svhn,ssb-v1-block,mlp,protocol-v3,0.6,32,5,3,415,0.0013861669576726854,0.006422625039704144,851427328,0.1484375
32b7d5fd6a30850f,svhn,ssb-v1-block,mlp,protocol-v3,0.6,32,5,3,416,0.0014568750048056245,0.004729583975858986,851427328,0.1328125
32b7d5fd6a30850f,svhn,ssb-v1-block,mlp,protocol-v3,0.6,32,5,3,417,0.0013995419722050428,0.0054857919458299875,851443712,0.1953125
32b7d5fd6a30850f,svhn,ssb-v1-block,mlp,protocol-v3,0.6,32,5,3,418,0.0014039580128155649,0.005451750010251999,851443712,0.2109375
32b7d5fd6a30850f,svhn,ssb-v1-block,mlp,protocol-v3,0.6,32,5,3,419,0.001468457980081439,0.005195125006139278,851443712,0.171875
32b7d5fd6a30850f,svhn,ssb-v1-block,mlp,protocol-v3,0.6,32,5,3,420,0.0013918750337325037,0.005106249998789281,851443712,0.2109375
32b7d5fd6a30850f,svhn,ssb-v1-block,mlp,protocol-v3,0.6,32,5,3,421,0.0014929170138202608,0.005247458000667393,851443712,0.125
32b7d5fd6a30850f,svhn,ssb-v1-block,mlp,protocol-v3,0.6,32,5,3,422,0.001457583042792976,0.004695540992543101,851460096,0.15625
32b7d5fd6a30850f,svhn,ssb-v1-block,mlp,protocol-v3,0.6,32,5,3,423,0.0014726670342497528,0.005333584034815431,851460096,0.1328125
32b7d5fd6a30850f,svhn,ssb-v1-block,mlp,protocol-v3,0.6,32,5,3,424,0.0014989590272307396,0.004934083030093461,851460096,0.15625
32b7d5fd6a30850f,svhn,ssb-v1-block,mlp,protocol-v3,0.6,32,5,3,425,0.0014010840095579624,0.005778708029538393,851460096,0.2109375
32b7d5fd6a30850f,svhn,ssb-v1-block,mlp,protocol-v3,0.6,32,5,3,426,0.0013719580019824207,0.0052256250055506825,851460096,0.1875
32b7d5fd6a30850f,svhn,ssb-v1-block,mlp,protocol-v3,0.6,32,5,3,427,0.001376124972011894,0.00553937500808388,851460096,0.203125
32b7d5fd6a30850f,svhn,ssb-v1-block,mlp,protocol-v3,0.6,32,5,3,428,0.0014684160123579204,0.005083500000182539,851460096,0.21875
32b7d5fd6a30850f,svhn,ssb-v1-block,mlp,protocol-v3,0.6,32,5,3,429,0.0014107919996604323,0.005532708019018173,851460096,0.1796875
32b7d5fd6a30850f,svhn,ssb-v1-block,mlp,protocol-v3,0.6,32,5,3,430,0.0013344999752007425,0.005460499960463494,851460096,0.2109375
32b7d5fd6a30850f,svhn,ssb-v1-block,mlp,protocol-v3,0.6,32,5,3,431,0.0014015830238349736,0.00505487498594448,851460096,0.2265625
32b7d5fd6a30850f,svhn,ssb-v1-block,mlp,protocol-v3,0.6,32,5,3,432,0.0014719169703312218,0.005105583986733109,851460096,0.2421875
32b7d5fd6a30850f,svhn,ssb-v1-block,mlp,protocol-v3,0.6,32,5,3,433,0.0014708329690620303,0.0050257910043001175,851460096,0.1640625
32b7d5fd6a30850f,svhn,ssb-v1-block,mlp,protocol-v3,0.6,32,5,3,434,0.0014034169726073742,0.004873167024925351,851460096,0.15625
32b7d5fd6a30850f,svhn,ssb-v1-block,mlp,protocol-v3,0.6,32,5,3,435,0.0014051669859327376,0.0053595409845001996,851460096,0.2421875
32b7d5fd6a30850f,svhn,ssb-v1-block,mlp,protocol-v3,0.6,32,5,3,436,0.001468040980398655,0.005053416010923684,851476480,0.203125
32b7d5fd6a30850f,svhn,ssb-v1-block,mlp,protocol-v3,0.6,32,5,3,437,0.0014664999907836318,0.005400124995503575,851476480,0.2421875
32b7d5fd6a30850f,svhn,ssb-v1-block,mlp,protocol-v3,0.6,32,5,3,438,0.0013726669712923467,0.005467250011861324,851476480,0.1328125
32b7d5fd6a30850f,svhn,ssb-v1-block,mlp,protocol-v3,0.6,32,5,3,439,0.0014125829911790788,0.005390124977566302,851476480,0.234375
32b7d5fd6a30850f,svhn,ssb-v1-block,mlp,protocol-v3,0.6,32,5,3,440,0.0014342499780468643,0.0052900000009685755,851492864,0.1640625
32b7d5fd6a30850f,svhn,ssb-v1-block,mlp,protocol-v3,0.6,32,5,3,441,0.0014638329739682376,0.005226416978985071,851492864,0.1875
32b7d5fd6a30850f,svhn,ssb-v1-block,mlp,protocol-v3,0.6,32,5,3,442,0.00146266701631248,0.0050727909547276795,851492864,0.171875
32b7d5fd6a30850f,svhn,ssb-v1-block,mlp,protocol-v3,0.6,32,5,3,443,0.001474292017519474,0.005124749965034425,851492864,0.25
32b7d5fd6a30850f,svhn,ssb-v1-block,mlp,protocol-v3,0.6,32,5,3,444,0.0014521250268444419,0.004903708002530038,851492864,0.234375
32b7d5fd6a30850f,svhn,ssb-v1-block,mlp,protocol-v3,0.6,32,5,3,445,0.0014002499519847333,0.005291834007948637,851492864,0.234375
32b7d5fd6a30850f,svhn,ssb-v1-block,mlp,protocol-v3,0.6,32,5,3,446,0.0014610829530283809,0.005076875037048012,851492864,0.2109375
32b7d5fd6a30850f,svhn,ssb-v1-block,mlp,protocol-v3,0.6,32,5,3,447,0.001428582996595651,0.005653875006828457,851492864,0.21875
32b7d5fd6a30850f,svhn,ssb-v1-block,mlp,protocol-v3,0.6,32,5,3,448,0.0014071249752305448,0.005860332981683314,851492864,0.1796875
32b7d5fd6a30850f,svhn,ssb-v1-block,mlp,protocol-v3,0.6,32,5,3,449,0.001407250005286187,0.006440416967961937,851492864,0.1328125
32b7d5fd6a30850f,svhn,ssb-v1-block,mlp,protocol-v3,0.6,32,5,3,450,0.0014577090041711926,0.0055810000048950315,851492864,0.1640625
32b7d5fd6a30850f,svhn,ssb-v1-block,mlp,protocol-v3,0.6,32,5,3,451,0.0013806250062771142,0.005192042037378997,851492864,0.2734375
32b7d5fd6a30850f,svhn,ssb-v1-block,mlp,protocol-v3,0.6,32,5,3,452,0.0013745829928666353,0.004835084022488445,851492864,0.1953125
32b7d5fd6a30850f,svhn,ssb-v1-block,mlp,protocol-v3,0.6,32,5,3,453,0.0014654999831691384,0.004882125009316951,851492864,0.1484375
32b7d5fd6a30850f,svhn,ssb-v1-block,mlp,protocol-v3,0.6,32,5,3,454,0.0014752499992027879,0.00545283401152119,851492864,0.171875
32b7d5fd6a30850f,svhn,ssb-v1-block,mlp,protocol-v3,0.6,32,5,3,455,0.0014021249953657389,0.004953542025759816,851492864,0.1484375
32b7d5fd6a30850f,svhn,ssb-v1-block,mlp,protocol-v3,0.6,32,5,3,456,0.0014507920132018626,0.005287582986056805,851509248,0.1640625
32b7d5fd6a30850f,svhn,ssb-v1-block,mlp,protocol-v3,0.6,32,5,3,457,0.0014742499915882945,0.005193874996621162,851525632,0.15625
32b7d5fd6a30850f,svhn,ssb-v1-block,mlp,protocol-v3,0.6,32,5,3,458,0.0014599160058423877,0.004804458003491163,851525632,0.1640625
32b7d5fd6a30850f,svhn,ssb-v1-block,mlp,protocol-v3,0.6,32,5,3,459,0.0014763749786652625,0.005372542014811188,851525632,0.171875
32b7d5fd6a30850f,svhn,ssb-v1-block,mlp,protocol-v3,0.6,32,5,3,460,0.0014053750201128423,0.005792541953269392,851525632,0.1640625
32b7d5fd6a30850f,svhn,ssb-v1-block,mlp,protocol-v3,0.6,32,5,3,461,0.0014727500383742154,0.0054445419809781015,851525632,0.2265625
32b7d5fd6a30850f,svhn,ssb-v1-block,mlp,protocol-v3,0.6,32,5,3,462,0.0014056249638088048,0.006436166004277766,851525632,0.1953125
32b7d5fd6a30850f,svhn,ssb-v1-block,mlp,protocol-v3,0.6,32,5,3,463,0.0014230000087991357,0.005285166960675269,851542016,0.15625
32b7d5fd6a30850f,svhn,ssb-v1-block,mlp,protocol-v3,0.6,32,5,3,464,0.0014566250029020011,0.0054025829886086285,851542016,0.1796875
32b7d5fd6a30850f,svhn,ssb-v1-block,mlp,protocol-v3,0.6,32,5,3,465,0.0014628749922849238,0.005075082997791469,851542016,0.21875
32b7d5fd6a30850f,svhn,ssb-v1-block,mlp,protocol-v3,0.6,32,5,3,466,0.001459082996007055,0.005272749986033887,851542016,0.2109375
32b7d5fd6a30850f,svhn,ssb-v1-block,mlp,protocol-v3,0.6,32,5,3,467,0.0014639169676229358,0.005179875006433576,851542016,0.1484375
32b7d5fd6a30850f,svhn,ssb-v1-block,mlp,protocol-v3,0.6,32,5,3,468,0.0014527919702231884,0.005177249957341701,851542016,0.28125
32b7d5fd6a30850f,svhn,ssb-v1-block,mlp,protocol-v3,0.6,32,5,3,469,0.0015514169936068356,0.005534791969694197,851542016,0.1953125
32b7d5fd6a30850f,svhn,ssb-v1-block,mlp,protocol-v3,0.6,32,5,3,470,0.0013811669778078794,0.005710374971386045,851558400,0.1484375
32b7d5fd6a30850f,svhn,ssb-v1-block,mlp,protocol-v3,0.6,32,5,3,471,0.0014244169578887522,0.005720125045627356,851574784,0.203125
32b7d5fd6a30850f,svhn,ssb-v1-block,mlp,protocol-v3,0.6,32,5,3,472,0.001409458986017853,0.0051937500247731805,851574784,0.1640625
32b7d5fd6a30850f,svhn,ssb-v1-block,mlp,protocol-v3,0.6,32,5,3,473,0.0014144169981591403,0.005127582990098745,851574784,0.2109375
32b7d5fd6a30850f,svhn,ssb-v1-block,mlp,protocol-v3,0.6,32,5,3,474,0.0014070000033825636,0.005215874989517033,851574784,0.15625
32b7d5fd6a30850f,svhn,ssb-v1-block,mlp,protocol-v3,0.6,32,5,3,475,0.0014321250491775572,0.00535524997394532,851574784,0.2109375
32b7d5fd6a30850f,svhn,ssb-v1-block,mlp,protocol-v3,0.6,32,5,3,476,0.0013980839867144823,0.005087333032861352,851574784,0.2109375
32b7d5fd6a30850f,svhn,ssb-v1-block,mlp,protocol-v3,0.6,32,5,3,477,0.0014755000011064112,0.005144957976881415,851574784,0.15625
32b7d5fd6a30850f,svhn,ssb-v1-block,mlp,protocol-v3,0.6,32,5,3,478,0.0014067080337554216,0.005468584015034139,851574784,0.1015625
32b7d5fd6a30850f,svhn,ssb-v1-block,mlp,protocol-v3,0.6,32,5,3,479,0.0014048339799046516,0.004939582955557853,851574784,0.1875
32b7d5fd6a30850f,svhn,ssb-v1-block,mlp,protocol-v3,0.6,32,5,3,480,0.0013981250231154263,0.00525208399631083,851591168,0.1875
32b7d5fd6a30850f,svhn,ssb-v1-block,mlp,protocol-v3,0.6,32,5,3,481,0.001408750016707927,0.004921665997244418,851591168,0.2265625
32b7d5fd6a30850f,svhn,ssb-v1-block,mlp,protocol-v3,0.6,32,5,3,482,0.0013983339886181056,0.005101374990772456,851607552,0.140625
32b7d5fd6a30850f,svhn,ssb-v1-block,mlp,protocol-v3,0.6,32,5,3,483,0.0013732920051552355,0.005287541949655861,851607552,0.2265625
32b7d5fd6a30850f,svhn,ssb-v1-block,mlp,protocol-v3,0.6,32,5,3,484,0.0014805829850956798,0.0061217910260893404,851607552,0.234375
32b7d5fd6a30850f,svhn,ssb-v1-block,mlp,protocol-v3,0.6,32,5,3,485,0.0013869579997844994,0.00490254198666662,851607552,0.171875
32b7d5fd6a30850f,svhn,ssb-v1-block,mlp,protocol-v3,0.6,32,5,3,486,0.0013992079766467214,0.00590458296937868,851623936,0.1875
32b7d5fd6a30850f,svhn,ssb-v1-block,mlp,protocol-v3,0.6,32,5,3,487,0.0014397080522030592,0.005613042041659355,851623936,0.1328125
32b7d5fd6a30850f,svhn,ssb-v1-block,mlp,protocol-v3,0.6,32,5,3,488,0.0014610840007662773,0.005137208034284413,851623936,0.1953125
32b7d5fd6a30850f,svhn,ssb-v1-block,mlp,protocol-v3,0.6,32,5,3,489,0.0014957080129534006,0.0052940830355510116,851623936,0.2421875
32b7d5fd6a30850f,svhn,ssb-v1-block,mlp,protocol-v3,0.6,32,5,3,490,0.0013909160043112934,0.0052386660245247185,851640320,0.125
32b7d5fd6a30850f,svhn,ssb-v1-block,mlp,protocol-v3,0.6,32,5,3,491,0.0014062090194784105,0.005331374995876104,851640320,0.203125
32b7d5fd6a30850f,svhn,ssb-v1-block,mlp,protocol-v3,0.6,32,5,3,492,0.0013764169998466969,0.0052722920081578195,851640320,0.140625
32b7d5fd6a30850f,svhn,ssb-v1-block,mlp,protocol-v3,0.6,32,5,3,493,0.0014039999805390835,0.005292916961479932,851640320,0.1953125
32b7d5fd6a30850f,svhn,ssb-v1-block,mlp,protocol-v3,0.6,32,5,3,494,0.0014756659511476755,0.005514749966096133,851640320,0.1796875
32b7d5fd6a30850f,svhn,ssb-v1-block,mlp,protocol-v3,0.6,32,5,3,495,0.0014920840039849281,0.005964667012449354,851640320,0.1953125
32b7d5fd6a30850f,svhn,ssb-v1-block,mlp,protocol-v3,0.6,32,5,3,496,0.0013970420113764703,0.0070857080281712115,851656704,0.1875
32b7d5fd6a30850f,svhn,ssb-v1-block,mlp,protocol-v3,0.6,32,5,3,497,0.0018160839681513608,0.0053359579760581255,851656704,0.2265625
32b7d5fd6a30850f,svhn,ssb-v1-block,mlp,protocol-v3,0.6,32,5,3,498,0.0014604580355808139,0.005032333021517843,851656704,0.2265625
32b7d5fd6a30850f,svhn,ssb-v1-block,mlp,protocol-v3,0.6,32,5,3,499,0.0014255409478209913,0.004833457991480827,851656704,0.203125
32b7d5fd6a30850f,svhn,ssb-v1-block,mlp,protocol-v3,0.6,32,5,3,500,0.0016147919814102352,0.0053352920222096145,851656704,0.1796875
32b7d5fd6a30850f,svhn,ssb-v1-block,mlp,protocol-v3,0.6,32,5,3,501,0.0014743329957127571,0.004857958992943168,851656704,0.2109375
32b7d5fd6a30850f,svhn,ssb-v1-block,mlp,protocol-v3,0.6,32,5,3,502,0.0014202080201357603,0.005412207974586636,851656704,0.171875
32b7d5fd6a30850f,svhn,ssb-v1-block,mlp,protocol-v3,0.6,32,5,3,503,0.0014970420161262155,0.005006792023777962,851656704,0.2109375
32b7d5fd6a30850f,svhn,ssb-v1-block,mlp,protocol-v3,0.6,32,5,3,504,0.0014669999945908785,0.005238334008026868,851656704,0.1953125
32b7d5fd6a30850f,svhn,ssb-v1-block,mlp,protocol-v3,0.6,32,5,3,505,0.0014775419840589166,0.00557691598078236,851656704,0.21875
32b7d5fd6a30850f,svhn,ssb-v1-block,mlp,protocol-v3,0.6,32,5,3,506,0.0014611250371672213,0.005162209039554,851656704,0.1953125
32b7d5fd6a30850f,svhn,ssb-v1-block,mlp,protocol-v3,0.6,32,5,3,507,0.0014052090118639171,0.005618790979497135,851656704,0.21875
32b7d5fd6a30850f,svhn,ssb-v1-block,mlp,protocol-v3,0.6,32,5,3,508,0.0014495830400846899,0.007210333016701043,851656704,0.1796875
32b7d5fd6a30850f,svhn,ssb-v1-block,mlp,protocol-v3,0.6,32,5,3,509,0.001474666001740843,0.006929499970283359,851656704,0.2265625
32b7d5fd6a30850f,svhn,ssb-v1-block,mlp,protocol-v3,0.6,32,5,3,510,0.0014588339836336672,0.005388375022448599,851656704,0.1953125
32b7d5fd6a30850f,svhn,ssb-v1-block,mlp,protocol-v3,0.6,32,5,3,511,0.0014587919577024877,0.004941624996718019,851656704,0.1484375
32b7d5fd6a30850f,svhn,ssb-v1-block,mlp,protocol-v3,0.6,32,5,3,512,0.0014536670059897006,0.004962791979778558,851656704,0.109375
32b7d5fd6a30850f,svhn,ssb-v1-block,mlp,protocol-v3,0.6,32,5,3,513,0.0014835839974693954,0.005536334007047117,851673088,0.2109375
32b7d5fd6a30850f,svhn,ssb-v1-block,mlp,protocol-v3,0.6,32,5,3,514,0.0014601669972762465,0.005461249966174364,851673088,0.15625
32b7d5fd6a30850f,svhn,ssb-v1-block,mlp,protocol-v3,0.6,32,5,3,515,0.0014606670010834932,0.005735875049140304,851673088,0.2421875
32b7d5fd6a30850f,svhn,ssb-v1-block,mlp,protocol-v3,0.6,32,5,3,516,0.001411333039868623,0.005341291951481253,851673088,0.2265625
32b7d5fd6a30850f,svhn,ssb-v1-block,mlp,protocol-v3,0.6,32,5,3,517,0.0014262080076150596,0.005267999949865043,851689472,0.1796875
32b7d5fd6a30850f,svhn,ssb-v1-block,mlp,protocol-v3,0.6,32,5,3,518,0.0014071660116314888,0.0057062499690800905,851689472,0.1640625
32b7d5fd6a30850f,svhn,ssb-v1-block,mlp,protocol-v3,0.6,32,5,3,519,0.0013895839801989496,0.0057967500179074705,851689472,0.1875
32b7d5fd6a30850f,svhn,ssb-v1-block,mlp,protocol-v3,0.6,32,5,3,520,0.0014646670315414667,0.005511041963472962,851705856,0.1953125
32b7d5fd6a30850f,svhn,ssb-v1-block,mlp,protocol-v3,0.6,32,5,3,521,0.0013727499754168093,0.00547675002599135,851705856,0.1484375
32b7d5fd6a30850f,svhn,ssb-v1-block,mlp,protocol-v3,0.6,32,5,3,522,0.0013680839911103249,0.005398875044193119,851722240,0.15625
32b7d5fd6a30850f,svhn,ssb-v1-block,mlp,protocol-v3,0.6,32,5,3,523,0.001394250022713095,0.005433542013633996,851722240,0.2109375
32b7d5fd6a30850f,svhn,ssb-v1-block,mlp,protocol-v3,0.6,32,5,3,524,0.001528542023152113,0.005165208014659584,851738624,0.140625
32b7d5fd6a30850f,svhn,ssb-v1-block,mlp,protocol-v3,0.6,32,5,3,525,0.0015881250146776438,0.005204209010116756,851738624,0.2109375
32b7d5fd6a30850f,svhn,ssb-v1-block,mlp,protocol-v3,0.6,32,5,3,526,0.0014609589707106352,0.004815749998670071,851738624,0.15625
32b7d5fd6a30850f,svhn,ssb-v1-block,mlp,protocol-v3,0.6,32,5,3,527,0.0015302500105462968,0.005347875005099922,851738624,0.1640625
32b7d5fd6a30850f,svhn,ssb-v1-block,mlp,protocol-v3,0.6,32,5,3,528,0.001451832999009639,0.005348709004465491,851738624,0.171875
32b7d5fd6a30850f,svhn,ssb-v1-block,mlp,protocol-v3,0.6,32,5,3,529,0.0013499159831553698,0.005378332978580147,851738624,0.140625
32b7d5fd6a30850f,svhn,ssb-v1-block,mlp,protocol-v3,0.6,32,5,3,530,0.0014085000148043036,0.005486957961693406,851738624,0.1796875
32b7d5fd6a30850f,svhn,ssb-v1-block,mlp,protocol-v3,0.6,32,5,3,531,0.0014001669478602707,0.005491000018082559,851738624,0.15625
32b7d5fd6a30850f,svhn,ssb-v1-block,mlp,protocol-v3,0.6,32,5,3,532,0.0014607090270146728,0.00478216604096815,851738624,0.1484375
32b7d5fd6a30850f,svhn,ssb-v1-block,mlp,protocol-v3,0.6,32,5,3,533,0.001400750013999641,0.004918041988275945,851738624,0.2109375
32b7d5fd6a30850f,svhn,ssb-v1-block,mlp,protocol-v3,0.6,32,5,3,534,0.0014480830286629498,0.004832083999644965,851738624,0.21875
32b7d5fd6a30850f,svhn,ssb-v1-block,mlp,protocol-v3,0.6,32,5,3,535,0.0013748339843004942,0.005094041989650577,851738624,0.1640625
32b7d5fd6a30850f,svhn,ssb-v1-block,mlp,protocol-v3,0.6,32,5,3,536,0.0013840419705957174,0.0050916249747388065,851738624,0.1796875
32b7d5fd6a30850f,svhn,ssb-v1-block,mlp,protocol-v3,0.6,32,5,3,537,0.0014052920159883797,0.0053812090191058815,851738624,0.15625
32b7d5fd6a30850f,svhn,ssb-v1-block,mlp,protocol-v3,0.6,32,5,3,538,0.0013838749728165567,0.005239624995738268,851738624,0.203125
32b7d5fd6a30850f,svhn,ssb-v1-block,mlp,protocol-v3,0.6,32,5,3,539,0.0014133340446278453,0.005612374981865287,851738624,0.203125
32b7d5fd6a30850f,svhn,ssb-v1-block,mlp,protocol-v3,0.6,32,5,3,540,0.0014033750048838556,0.0061347499722614884,851738624,0.21875
32b7d5fd6a30850f,svhn,ssb-v1-block,mlp,protocol-v3,0.6,32,5,3,541,0.0014597910339944065,0.006354584009386599,851755008,0.1484375
32b7d5fd6a30850f,svhn,ssb-v1-block,mlp,protocol-v3,0.6,32,5,3,542,0.001411292003467679,0.005339958006516099,851755008,0.2265625
32b7d5fd6a30850f,svhn,ssb-v1-block,mlp,protocol-v3,0.6,32,5,3,543,0.0014717920566909015,0.005400334019213915,851755008,0.1796875
32b7d5fd6a30850f,svhn,ssb-v1-block,mlp,protocol-v3,0.6,32,5,3,544,0.0014537499519065022,0.005410999990999699,851771392,0.2265625
32b7d5fd6a30850f,svhn,ssb-v1-block,mlp,protocol-v3,0.6,32,5,3,545,0.0014751250273548067,0.0054481669794768095,851771392,0.140625
32b7d5fd6a30850f,svhn,ssb-v1-block,mlp,protocol-v3,0.6,32,5,3,546,0.0013907919637858868,0.0053646250162273645,851771392,0.1796875
32b7d5fd6a30850f,svhn,ssb-v1-block,mlp,protocol-v3,0.6,32,5,3,547,0.0014084589784033597,0.005322958051692694,851787776,0.25
32b7d5fd6a30850f,svhn,ssb-v1-block,mlp,protocol-v3,0.6,32,5,3,548,0.0013996660127304494,0.005186333029996604,851787776,0.1796875
32b7d5fd6a30850f,svhn,ssb-v1-block,mlp,protocol-v3,0.6,32,5,3,549,0.0014009999576956034,0.005109374993480742,851787776,0.1640625
32b7d5fd6a30850f,svhn,ssb-v1-block,mlp,protocol-v3,0.6,32,5,3,550,0.001398957974743098,0.005214457982219756,851787776,0.1875
32b7d5fd6a30850f,svhn,ssb-v1-block,mlp,protocol-v3,0.6,32,5,3,551,0.0014129169867374003,0.005467708979267627,851787776,0.2578125
32b7d5fd6a30850f,svhn,ssb-v1-block,mlp,protocol-v3,0.6,32,5,3,552,0.0014011249877512455,0.005217000027187169,851787776,0.21875
32b7d5fd6a30850f,svhn,ssb-v1-block,mlp,protocol-v3,0.6,32,5,3,553,0.0014684590278193355,0.004927500034682453,851804160,0.2109375
32b7d5fd6a30850f,svhn,ssb-v1-block,mlp,protocol-v3,0.6,32,5,3,554,0.0014665420167148113,0.005719083012081683,851804160,0.1875
32b7d5fd6a30850f,svhn,ssb-v1-block,mlp,protocol-v3,0.6,32,5,3,555,0.001523124985396862,0.005729332973714918,851804160,0.25
32b7d5fd6a30850f,svhn,ssb-v1-block,mlp,protocol-v3,0.6,32,5,3,556,0.0014129169867374003,0.005713334016036242,851804160,0.234375
32b7d5fd6a30850f,svhn,ssb-v1-block,mlp,protocol-v3,0.6,32,5,3,557,0.00141270796302706,0.006218291993718594,851804160,0.1953125
32b7d5fd6a30850f,svhn,ssb-v1-block,mlp,protocol-v3,0.6,32,5,3,558,0.0013889999827370048,0.005176333012059331,851804160,0.1796875
32b7d5fd6a30850f,svhn,ssb-v1-block,mlp,protocol-v3,0.6,32,5,3,559,0.0014121250133030117,0.004942666972056031,851804160,0.1953125
32b7d5fd6a30850f,svhn,ssb-v1-block,mlp,protocol-v3,0.6,32,5,3,560,0.00146116700489074,0.005614791996777058,851804160,0.1875
32b7d5fd6a30850f,svhn,ssb-v1-block,mlp,protocol-v3,0.6,32,5,3,561,0.0013802500325255096,0.005334332992788404,851804160,0.171875
32b7d5fd6a30850f,svhn,ssb-v1-block,mlp,protocol-v3,0.6,32,5,3,562,0.0013695409870706499,0.005516624951269478,851804160,0.203125
32b7d5fd6a30850f,svhn,ssb-v1-block,mlp,protocol-v3,0.6,32,5,3,563,0.0014157910482026637,0.0051626250497065485,851804160,0.1640625
32b7d5fd6a30850f,svhn,ssb-v1-block,mlp,protocol-v3,0.6,32,5,3,564,0.0014496660442091525,0.005086874996777624,851836928,0.21875
32b7d5fd6a30850f,svhn,ssb-v1-block,mlp,protocol-v3,0.6,32,5,3,565,0.00140224996721372,0.005356582987587899,851836928,0.203125
32b7d5fd6a30850f,svhn,ssb-v1-block,mlp,protocol-v3,0.6,32,5,3,566,0.0014479170204140246,0.005263917031697929,851836928,0.2421875
32b7d5fd6a30850f,svhn,ssb-v1-block,mlp,protocol-v3,0.6,32,5,3,567,0.0014851250452920794,0.005492207943461835,851836928,0.203125
32b7d5fd6a30850f,svhn,ssb-v1-block,mlp,protocol-v3,0.6,32,5,3,568,0.0014238750445656478,0.0056859999895095825,851836928,0.1484375
32b7d5fd6a30850f,svhn,ssb-v1-block,mlp,protocol-v3,0.6,32,5,3,569,0.0015433329972438514,0.005505874985828996,851853312,0.1640625
32b7d5fd6a30850f,svhn,ssb-v1-block,mlp,protocol-v3,0.6,32,5,3,570,0.0015016249963082373,0.005088208010420203,851853312,0.15625
32b7d5fd6a30850f,svhn,ssb-v1-block,mlp,protocol-v3,0.6,32,5,3,571,0.001379708992317319,0.004908624978270382,851853312,0.25
32b7d5fd6a30850f,svhn,ssb-v1-block,mlp,protocol-v3,0.6,32,5,3,572,0.0011942500132136047,0.02349641697946936,854753280,0.2682926829268293
