run_id,dataset,model,architecture,protocol_version,keep_ratio,block_size,seed,epoch,batch,forward_time_s,backward_time_s,memory_bytes,batch_accuracy
71538859ff7bb1bb,svhn,ssb-v2-block,cnn,protocol-v3,0.4,8,4,1,0,0.08164462499553338,0.07094116701046005,713277440,0.21875
71538859ff7bb1bb,svhn,ssb-v2-block,cnn,protocol-v3,0.4,8,4,1,1,0.010522291995584965,0.02703887497773394,735477760,0.15625
71538859ff7bb1bb,svhn,ssb-v2-block,cnn,protocol-v3,0.4,8,4,1,2,0.006081458006519824,0.03146245901007205,741572608,0.25
71538859ff7bb1bb,svhn,ssb-v2-block,cnn,protocol-v3,0.4,8,4,1,3,0.006407375039998442,0.025462540972512215,744636416,0.2265625
71538859ff7bb1bb,svhn,ssb-v2-block,cnn,protocol-v3,0.4,8,4,1,4,0.005813458992633969,0.024260833975858986,748371968,0.1953125
71538859ff7bb1bb,svhn,ssb-v2-block,cnn,protocol-v3,0.4,8,4,1,5,0.005770500050857663,0.019654500007163733,751370240,0.2265625
71538859ff7bb1bb,svhn,ssb-v2-block,cnn,protocol-v3,0.4,8,4,1,6,0.005790417024400085,0.024494500015862286,753287168,0.1484375
71538859ff7bb1bb,svhn,ssb-v2-block,cnn,protocol-v3,0.4,8,4,1,7,0.005784667038824409,0.024769207986537367,758890496,0.109375
71538859ff7bb1bb,svhn,ssb-v2-block,cnn,protocol-v3,0.4,8,4,1,8,0.005824166990350932,0.019939665973652154,761446400,0.15625
71538859ff7bb1bb,svhn,ssb-v2-block,cnn,protocol-v3,0.4,8,4,1,9,0.006084792024921626,0.025562416994944215,764575744,0.140625
71538859ff7bb1bb,svhn,ssb-v2-block,cnn,protocol-v3,0.4,8,4,1,10,0.005795457982458174,0.019201832998078316,765755392,0.078125
71538859ff7bb1bb,svhn,ssb-v2-block,cnn,protocol-v3,0.4,8,4,1,11,0.00583674997324124,0.020214750024024397,768606208,0.1015625
71538859ff7bb1bb,svhn,ssb-v2-block,cnn,protocol-v3,0.4,8,4,1,12,0.006069249997381121,0.020717750012408942,770801664,0.2109375
71538859ff7bb1bb,svhn,ssb-v2-block,cnn,protocol-v3,0.4,8,4,1,13,0.006203291995916516,0.02455079200444743,772833280,0.2265625
71538859ff7bb1bb,svhn,ssb-v2-block,cnn,protocol-v3,0.4,8,4,1,14,0.005874041991773993,0.014549209037795663,773570560,0.1875
71538859ff7bb1bb,svhn,ssb-v2-block,cnn,protocol-v3,0.4,8,4,1,15,0.006231374980416149,0.020685583003796637,776601600,0.1484375
71538859ff7bb1bb,svhn,ssb-v2-block,cnn,protocol-v3,0.4,8,4,1,16,0.006459708034526557,0.024751540971919894,779370496,0.2421875
71538859ff7bb1bb,svhn,ssb-v2-block,cnn,protocol-v3,0.4,8,4,1,17,0.005782541004009545,0.014878291985951364,779993088,0.2265625
71538859ff7bb1bb,svhn,ssb-v2-block,cnn,protocol-v3,0.4,8,4,1,18,0.005768583039753139,0.022055167006328702,780926976,0.1796875
71538859ff7bb1bb,svhn,ssb-v2-block,cnn,protocol-v3,0.4,8,4,1,19,0.005775916040875018,0.025037624989636242,782532608,0.2265625
71538859ff7bb1bb,svhn,ssb-v2-block,cnn,protocol-v3,0.4,8,4,1,20,0.006049874995369464,0.01427116699051112,784039936,0.21875
71538859ff7bb1bb,svhn,ssb-v2-block,cnn,protocol-v3,0.4,8,4,1,21,0.0061162919737398624,0.020569374959450215,785268736,0.1484375
71538859ff7bb1bb,svhn,ssb-v2-block,cnn,protocol-v3,0.4,8,4,1,22,0.006095584016293287,0.014195208030287176,785268736,0.2109375
71538859ff7bb1bb,svhn,ssb-v2-block,cnn,protocol-v3,0.4,8,4,1,23,0.005742874986026436,0.01427654200233519,785268736,0.171875
71538859ff7bb1bb,svhn,ssb-v2-block,cnn,protocol-v3,0.4,8,4,1,24,0.00576104101492092,0.021209249971434474,786677760,0.171875
71538859ff7bb1bb,svhn,ssb-v2-block,cnn,protocol-v3,0.4,8,4,1,25,0.005828791996464133,0.01976604200899601,788824064,0.171875
71538859ff7bb1bb,svhn,ssb-v2-block,cnn,protocol-v3,0.4,8,4,1,26,0.005736916034948081,0.014626915974076837,788840448,0.1796875
71538859ff7bb1bb,svhn,ssb-v2-block,cnn,protocol-v3,0.4,8,4,1,27,0.005916916998103261,0.015186917036771774,789413888,0.203125
71538859ff7bb1bb,svhn,ssb-v2-block,cnn,protocol-v3,0.4,8,4,1,28,0.006263959046918899,0.01397295796778053,789413888,0.1875
71538859ff7bb1bb,svhn,ssb-v2-block,cnn,protocol-v3,0.4,8,4,1,29,0.005749874981120229,0.014303166011814028,789413888,0.2421875
71538859ff7bb1bb,svhn,ssb-v2-block,cnn,protocol-v3,0.4,8,4,1,30,0.005716084036976099,0.014935666986275464,789413888,0.15625
71538859ff7bb1bb,svhn,ssb-v2-block,cnn,protocol-v3,0.4,8,4,1,31,0.005773208977188915,0.014676624967250973,789413888,0.1796875
71538859ff7bb1bb,svhn,ssb-v2-block,cnn,protocol-v3,0.4,8,4,1,32,0.005738999985624105,0.01386587496381253,789823488,0.171875
71538859ff7bb1bb,svhn,ssb-v2-block,cnn,protocol-v3,0.4,8,4,1,33,0.0057420830125920475,0.014182250015437603,789839872,0.234375
71538859ff7bb1bb,svhn,ssb-v2-block,cnn,protocol-v3,0.4,8,4,1,34,0.005729208991397172,0.014976124977692962,789839872,0.1953125
71538859ff7bb1bb,svhn,ssb-v2-block,cnn,protocol-v3,0.4,8,4,1,35,0.005739666987210512,0.014970833028201014,789839872,0.21875
71538859ff7bb1bb,svhn,ssb-v2-block,cnn,protocol-v3,0.4,8,4,1,36,0.005725249997340143,0.014584792021196336,789856256,0.171875
71538859ff7bb1bb,svhn,ssb-v2-block,cnn,protocol-v3,0.4,8,4,1,37,0.0057366249966435134,0.014239874959457666,789856256,0.1875
71538859ff7bb1bb,svhn,ssb-v2-block,cnn,protocol-v3,0.4,8,4,1,38,0.00571954098995775,0.014499375014565885,789872640,0.1796875
71538859ff7bb1bb,svhn,ssb-v2-block,cnn,protocol-v3,0.4,8,4,1,39,0.005719624983612448,0.014981375017669052,789872640,0.1484375
71538859ff7bb1bb,svhn,ssb-v2-block,cnn,protocol-v3,0.4,8,4,1,40,0.00572270795237273,0.014611624996177852,789872640,0.1328125
71538859ff7bb1bb,svhn,ssb-v2-block,cnn,protocol-v3,0.4,8,4,1,41,0.005721665977034718,0.021711957990191877,790773760,0.234375
71538859ff7bb1bb,svhn,ssb-v2-block,cnn,protocol-v3,0.4,8,4,1,42,0.0057449580053798854,0.015293374948669225,790773760,0.2109375
71538859ff7bb1bb,svhn,ssb-v2-block,cnn,protocol-v3,0.4,8,4,1,43,0.005731999990530312,0.02032383403275162,791592960,0.1875
71538859ff7bb1bb,svhn,ssb-v2-block,cnn,protocol-v3,0.4,8,4,1,44,0.005823000043164939,0.020559417025651783,793444352,0.234375
71538859ff7bb1bb,svhn,ssb-v2-block,cnn,protocol-v3,0.4,8,4,1,45,0.006144167040474713,0.019830667006317526,794689536,0.2109375
71538859ff7bb1bb,svhn,ssb-v2-block,cnn,protocol-v3,0.4,8,4,1,46,0.006100917002186179,0.014316791028250009,794689536,0.1640625
71538859ff7bb1bb,svhn,ssb-v2-block,cnn,protocol-v3,0.4,8,4,1,47,0.005762249988038093,0.014211209025233984,795738112,0.265625
71538859ff7bb1bb,svhn,ssb-v2-block,cnn,protocol-v3,0.4,8,4,1,48,0.0057080830447375774,0.014209125016350299,795738112,0.2109375
71538859ff7bb1bb,svhn,ssb-v2-block,cnn,protocol-v3,0.4,8,4,1,49,0.005774457997176796,0.014290041057392955,796164096,0.2109375
71538859ff7bb1bb,svhn,ssb-v2-block,cnn,protocol-v3,0.4,8,4,1,50,0.005730792006943375,0.014060000015888363,796164096,0.1796875
71538859ff7bb1bb,svhn,ssb-v2-block,cnn,protocol-v3,0.4,8,4,1,51,0.0057124170125462115,0.01455504196928814,796164096,0.2265625
71538859ff7bb1bb,svhn,ssb-v2-block,cnn,protocol-v3,0.4,8,4,1,52,0.005742708046454936,0.014235584007110447,796180480,0.1953125
71538859ff7bb1bb,svhn,ssb-v2-block,cnn,protocol-v3,0.4,8,4,1,53,0.0057500419788993895,0.014302957977633923,796180480,0.2265625
71538859ff7bb1bb,svhn,ssb-v2-block,cnn,protocol-v3,0.4,8,4,1,54,0.005728833028115332,0.02215450000949204,796966912,0.1875
71538859ff7bb1bb,svhn,ssb-v2-block,cnn,protocol-v3,0.4,8,4,1,55,0.006052332988474518,0.014162874955218285,796966912,0.1796875
71538859ff7bb1bb,svhn,ssb-v2-block,cnn,protocol-v3,0.4,8,4,1,56,0.005717749998439103,0.015264874964486808,796966912,0.2265625
71538859ff7bb1bb,svhn,ssb-v2-block,cnn,protocol-v3,0.4,8,4,1,57,0.005746915994677693,0.014817249961197376,797278208,0.140625
71538859ff7bb1bb,svhn,ssb-v2-block,cnn,protocol-v3,0.4,8,4,1,58,0.0057214159751310945,0.01583933300571516,797278208,0.1796875
71538859ff7bb1bb,svhn,ssb-v2-block,cnn,protocol-v3,0.4,8,4,1,59,0.006318333966191858,0.014682082983199507,797278208,0.1640625
71538859ff7bb1bb,svhn,ssb-v2-block,cnn,protocol-v3,0.4,8,4,1,60,0.006234041997231543,0.014455792028456926,797278208,0.1640625
71538859ff7bb1bb,svhn,ssb-v2-block,cnn,protocol-v3,0.4,8,4,1,61,0.006187333958223462,0.022224375046789646,798146560,0.1875
71538859ff7bb1bb,svhn,ssb-v2-block,cnn,protocol-v3,0.4,8,4,1,62,0.005755166988819838,0.01397374999942258,798392320,0.21875
71538859ff7bb1bb,svhn,ssb-v2-block,cnn,protocol-v3,0.4,8,4,1,63,0.0057399580255150795,0.014372083998750895,798408704,0.140625
71538859ff7bb1bb,svhn,ssb-v2-block,cnn,protocol-v3,0.4,8,4,1,64,0.0057467909646220505,0.014787249965593219,798408704,0.2265625
71538859ff7bb1bb,svhn,ssb-v2-block,cnn,protocol-v3,0.4,8,4,1,65,0.005727540992666036,0.02114320796681568,799326208,0.1484375
71538859ff7bb1bb,svhn,ssb-v2-block,cnn,protocol-v3,0.4,8,4,1,66,0.006019333028234541,0.014289707993157208,799326208,0.140625
71538859ff7bb1bb,svhn,ssb-v2-block,cnn,protocol-v3,0.4,8,4,1,67,0.005727375042624772,0.014909915975295007,800391168,0.203125
71538859ff7bb1bb,svhn,ssb-v2-block,cnn,protocol-v3,0.4,8,4,1,68,0.006216250010766089,0.014532000001054257,800407552,0.1875
71538859ff7bb1bb,svhn,ssb-v2-block,cnn,protocol-v3,0.4,8,4,1,69,0.005983249982818961,0.014258917013648897,800997376,0.15625
71538859ff7bb1bb,svhn,ssb-v2-block,cnn,protocol-v3,0.4,8,4,1,70,0.005721124995034188,0.014788416970986873,800997376,0.1953125
71538859ff7bb1bb,svhn,ssb-v2-block,cnn,protocol-v3,0.4,8,4,1,71,0.005732249992433935,0.015453375002834946,800997376,0.171875
71538859ff7bb1bb,svhn,ssb-v2-block,cnn,protocol-v3,0.4,8,4,1,72,0.006339791987556964,0.01416087499819696,800997376,0.0859375
71538859ff7bb1bb,svhn,ssb-v2-block,cnn,protocol-v3,0.4,8,4,1,73,0.005714375001844019,0.015495708968956023,800997376,0.15625
71538859ff7bb1bb,svhn,ssb-v2-block,cnn,protocol-v3,0.4,8,4,1,74,0.005733333993703127,0.014156290970277041,800997376,0.15625
71538859ff7bb1bb,svhn,ssb-v2-block,cnn,protocol-v3,0.4,8,4,1,75,0.005729541007895023,0.013988999999128282,800997376,0.1953125
71538859ff7bb1bb,svhn,ssb-v2-block,cnn,protocol-v3,0.4,8,4,1,76,0.00575062504503876,0.014073291036766022,800997376,0.203125
71538859ff7bb1bb,svhn,ssb-v2-block,cnn,protocol-v3,0.4,8,4,1,77,0.005703917006030679,0.014040332986041903,800997376,0.1796875
71538859ff7bb1bb,svhn,ssb-v2-block,cnn,protocol-v3,0.4,8,4,1,78,0.005764917004853487,0.021686332998797297,801849344,0.2421875
71538859ff7bb1bb,svhn,ssb-v2-block,cnn,protocol-v3,0.4,8,4,1,79,0.0057544169831089675,0.01428291603224352,801849344,0.203125
71538859ff7bb1bb,svhn,ssb-v2-block,cnn,protocol-v3,0.4,8,4,1,80,0.005751667020376772,0.013942165998741984,802226176,0.2734375
71538859ff7bb1bb,svhn,ssb-v2-block,cnn,protocol-v3,0.4,8,4,1,81,0.005722834030166268,0.014266874990426004,802619392,0.1328125
71538859ff7bb1bb,svhn,ssb-v2-block,cnn,protocol-v3,0.4,8,4,1,82,0.005726041970774531,0.014097917010076344,802619392,0.1640625
71538859ff7bb1bb,svhn,ssb-v2-block,cnn,protocol-v3,0.4,8,4,1,83,0.00571245898026973,0.014078250038437545,802619392,0.2578125
71538859ff7bb1bb,svhn,ssb-v2-block,cnn,protocol-v3,0.4,8,4,1,84,0.005750167008955032,0.014043500006664544,802635776,0.15625
71538859ff7bb1bb,svhn,ssb-v2-block,cnn,protocol-v3,0.4,8,4,1,85,0.005717958032619208,0.013832166965585202,802652160,0.1953125
71538859ff7bb1bb,svhn,ssb-v2-block,cnn,protocol-v3,0.4,8,4,1,86,0.005719624983612448,0.014162042003590614,802652160,0.2109375
71538859ff7bb1bb,svhn,ssb-v2-block,cnn,protocol-v3,0.4,8,4,1,87,0.005708708020392805,0.020485541026573628,803438592,0.2109375
71538859ff7bb1bb,svhn,ssb-v2-block,cnn,protocol-v3,0.4,8,4,1,88,0.005735500017181039,0.019385916995815933,804208640,0.21875
71538859ff7bb1bb,svhn,ssb-v2-block,cnn,protocol-v3,0.4,8,4,1,89,0.005735125043429434,0.014307542005553842,804208640,0.2265625
71538859ff7bb1bb,svhn,ssb-v2-block,cnn,protocol-v3,0.4,8,4,1,90,0.00575825001578778,0.021137167001143098,805142528,0.2109375
71538859ff7bb1bb,svhn,ssb-v2-block,cnn,protocol-v3,0.4,8,4,1,91,0.006070124974939972,0.014331125013995916,805142528,0.1640625
71538859ff7bb1bb,svhn,ssb-v2-block,cnn,protocol-v3,0.4,8,4,1,92,0.005726165953092277,0.014607375022023916,805142528,0.203125
71538859ff7bb1bb,svhn,ssb-v2-block,cnn,protocol-v3,0.4,8,4,1,93,0.0057211670209653676,0.015545041998848319,806338560,0.21875
71538859ff7bb1bb,svhn,ssb-v2-block,cnn,protocol-v3,0.4,8,4,1,94,0.005756917002145201,0.015024124993942678,806338560,0.2578125
71538859ff7bb1bb,svhn,ssb-v2-block,cnn,protocol-v3,0.4,8,4,1,95,0.006031709024682641,0.014062458008993417,806338560,0.1875
71538859ff7bb1bb,svhn,ssb-v2-block,cnn,protocol-v3,0.4,8,4,1,96,0.0057319169864058495,0.01419787498889491,807354368,0.234375
71538859ff7bb1bb,svhn,ssb-v2-block,cnn,protocol-v3,0.4,8,4,1,97,0.005718916014302522,0.01483562495559454,807354368,0.1796875
71538859ff7bb1bb,svhn,ssb-v2-block,cnn,protocol-v3,0.4,8,4,1,98,0.005733541038352996,0.014638708031270653,807354368,0.265625
71538859ff7bb1bb,svhn,ssb-v2-block,cnn,protocol-v3,0.4,8,4,1,99,0.006184707977809012,0.013954666967038065,807354368,0.15625
71538859ff7bb1bb,svhn,ssb-v2-block,cnn,protocol-v3,0.4,8,4,1,100,0.005745750037021935,0.014352583966683596,807354368,0.234375
71538859ff7bb1bb,svhn,ssb-v2-block,cnn,protocol-v3,0.4,8,4,1,101,0.005725874972995371,0.014934292004909366,807354368,0.15625
71538859ff7bb1bb,svhn,ssb-v2-block,cnn,protocol-v3,0.4,8,4,1,102,0.005731999990530312,0.01434425002662465,807354368,0.234375
71538859ff7bb1bb,svhn,ssb-v2-block,cnn,protocol-v3,0.4,8,4,1,103,0.005736749968491495,0.014538833987899125,807354368,0.1640625
71538859ff7bb1bb,svhn,ssb-v2-block,cnn,protocol-v3,0.4,8,4,1,104,0.005709749995730817,0.021611208037938923,808173568,0.1484375
71538859ff7bb1bb,svhn,ssb-v2-block,cnn,protocol-v3,0.4,8,4,1,105,0.006117665965575725,0.015093458001501858,808173568,0.1796875
71538859ff7bb1bb,svhn,ssb-v2-block,cnn,protocol-v3,0.4,8,4,1,106,0.005744584021158516,0.01396008301526308,808550400,0.203125
71538859ff7bb1bb,svhn,ssb-v2-block,cnn,protocol-v3,0.4,8,4,1,107,0.005759708001278341,0.014052041049581021,808550400,0.2265625
71538859ff7bb1bb,svhn,ssb-v2-block,cnn,protocol-v3,0.4,8,4,1,108,0.00597933295648545,0.021084624982904643,809025536,0.171875
71538859ff7bb1bb,svhn,ssb-v2-block,cnn,protocol-v3,0.4,8,4,1,109,0.006540334026794881,0.015076499956194311,809254912,0.2421875
71538859ff7bb1bb,svhn,ssb-v2-block,cnn,protocol-v3,0.4,8,4,1,110,0.006431458983570337,0.015780666028149426,809828352,0.1875
71538859ff7bb1bb,svhn,ssb-v2-block,cnn,protocol-v3,0.4,8,4,1,111,0.006284500006586313,0.015591458010021597,809828352,0.171875
71538859ff7bb1bb,svhn,ssb-v2-block,cnn,protocol-v3,0.4,8,4,1,112,0.006300208042375743,0.015155916044022888,809828352,0.21875
71538859ff7bb1bb,svhn,ssb-v2-block,cnn,protocol-v3,0.4,8,4,1,113,0.006421750003937632,0.014757958997506648,809828352,0.1484375
71538859ff7bb1bb,svhn,ssb-v2-block,cnn,protocol-v3,0.4,8,4,1,114,0.005752041004598141,0.014199499972164631,809828352,0.1796875
71538859ff7bb1bb,svhn,ssb-v2-block,cnn,protocol-v3,0.4,8,4,1,115,0.005715334031265229,0.014215083967428654,809828352,0.1640625
71538859ff7bb1bb,svhn,ssb-v2-block,cnn,protocol-v3,0.4,8,4,1,116,0.005746959010139108,0.014223625010345131,809828352,0.1640625
71538859ff7bb1bb,svhn,ssb-v2-block,cnn,protocol-v3,0.4,8,4,1,117,0.005848625034559518,0.014185833046212792,809828352,0.15625
71538859ff7bb1bb,svhn,ssb-v2-block,cnn,protocol-v3,0.4,8,4,1,118,0.005711874982807785,0.01514425000641495,809828352,0.1640625
71538859ff7bb1bb,svhn,ssb-v2-block,cnn,protocol-v3,0.4,8,4,1,119,0.0057331250282004476,0.014640166016761214,809828352,0.203125
71538859ff7bb1bb,svhn,ssb-v2-block,cnn,protocol-v3,0.4,8,4,1,120,0.005737582978326827,0.014906791038811207,809828352,0.203125
71538859ff7bb1bb,svhn,ssb-v2-block,cnn,protocol-v3,0.4,8,4,1,121,0.005730667035095394,0.014681167027447373,809828352,0.1953125
71538859ff7bb1bb,svhn,ssb-v2-block,cnn,protocol-v3,0.4,8,4,1,122,0.005718375032301992,0.014830540982075036,809828352,0.1953125
71538859ff7bb1bb,svhn,ssb-v2-block,cnn,protocol-v3,0.4,8,4,1,123,0.00572870799805969,0.014578750007785857,809844736,0.1796875
71538859ff7bb1bb,svhn,ssb-v2-block,cnn,protocol-v3,0.4,8,4,1,124,0.005724208022002131,0.014854749955702573,809844736,0.1875
71538859ff7bb1bb,svhn,ssb-v2-block,cnn,protocol-v3,0.4,8,4,1,125,0.005710666999220848,0.015153625048696995,809844736,0.171875
71538859ff7bb1bb,svhn,ssb-v2-block,cnn,protocol-v3,0.4,8,4,1,126,0.0057402909733355045,0.014443541993387043,809844736,0.203125
71538859ff7bb1bb,svhn,ssb-v2-block,cnn,protocol-v3,0.4,8,4,1,127,0.0057373750023543835,0.021172542008571327,810745856,0.1796875
71538859ff7bb1bb,svhn,ssb-v2-block,cnn,protocol-v3,0.4,8,4,1,128,0.005730790959205478,0.014096250000875443,810745856,0.140625
71538859ff7bb1bb,svhn,ssb-v2-block,cnn,protocol-v3,0.4,8,4,1,129,0.005717292020563036,0.014069917029701173,811089920,0.1640625
71538859ff7bb1bb,svhn,ssb-v2-block,cnn,protocol-v3,0.4,8,4,1,130,0.005730541015509516,0.014206500025466084,811483136,0.2578125
71538859ff7bb1bb,svhn,ssb-v2-block,cnn,protocol-v3,0.4,8,4,1,131,0.005716499988920987,0.01437583303777501,811483136,0.1796875
71538859ff7bb1bb,svhn,ssb-v2-block,cnn,protocol-v3,0.4,8,4,1,132,0.005708875018171966,0.014243209036067128,811483136,0.1875
71538859ff7bb1bb,svhn,ssb-v2-block,cnn,protocol-v3,0.4,8,4,1,133,0.005716125015169382,0.015159458969719708,811483136,0.2578125
71538859ff7bb1bb,svhn,ssb-v2-block,cnn,protocol-v3,0.4,8,4,1,134,0.005718041968066245,0.01432870898861438,811499520,0.25
71538859ff7bb1bb,svhn,ssb-v2-block,cnn,protocol-v3,0.4,8,4,1,135,0.005731500044930726,0.01398291700752452,811499520,0.234375
71538859ff7bb1bb,svhn,ssb-v2-block,cnn,protocol-v3,0.4,8,4,1,136,0.005716208019293845,0.014220375043805689,811499520,0.1484375
71538859ff7bb1bb,svhn,ssb-v2-block,cnn,protocol-v3,0.4,8,4,1,137,0.005851875001098961,0.014044458977878094,811499520,0.1953125
71538859ff7bb1bb,svhn,ssb-v2-block,cnn,protocol-v3,0.4,8,4,1,138,0.005729332973714918,0.014161875005811453,811499520,0.1875
71538859ff7bb1bb,svhn,ssb-v2-block,cnn,protocol-v3,0.4,8,4,1,139,0.005719917011447251,0.014005707984324545,811499520,0.15625
71538859ff7bb1bb,svhn,ssb-v2-block,cnn,protocol-v3,0.4,8,4,1,140,0.005726417002733797,0.014114999969024211,811499520,0.1953125
71538859ff7bb1bb,svhn,ssb-v2-block,cnn,protocol-v3,0.4,8,4,1,141,0.005720374989323318,0.014089416014030576,811499520,0.203125
71538859ff7bb1bb,svhn,ssb-v2-block,cnn,protocol-v3,0.4,8,4,1,142,0.005742374982219189,0.01547416701214388,811499520,0.1796875
71538859ff7bb1bb,svhn,ssb-v2-block,cnn,protocol-v3,0.4,8,4,1,143,0.005718083993997425,0.01420687505742535,811499520,0.1796875
71538859ff7bb1bb,svhn,ssb-v2-block,cnn,protocol-v3,0.4,8,4,1,144,0.005731542012654245,0.014398999977856874,811499520,0.1796875
71538859ff7bb1bb,svhn,ssb-v2-block,cnn,protocol-v3,0.4,8,4,1,145,0.005718666012398899,0.014796540956012905,811515904,0.1796875
71538859ff7bb1bb,svhn,ssb-v2-block,cnn,protocol-v3,0.4,8,4,1,146,0.006155499955639243,0.014458916964940727,811515904,0.1796875
71538859ff7bb1bb,svhn,ssb-v2-block,cnn,protocol-v3,0.4,8,4,1,147,0.005741666012909263,0.014559833973180503,811515904,0.2109375
71538859ff7bb1bb,svhn,ssb-v2-block,cnn,protocol-v3,0.4,8,4,1,148,0.005772292031906545,0.014223042002413422,811515904,0.1796875
71538859ff7bb1bb,svhn,ssb-v2-block,cnn,protocol-v3,0.4,8,4,1,149,0.005712375044822693,0.014748541987501085,811515904,0.21875
71538859ff7bb1bb,svhn,ssb-v2-block,cnn,protocol-v3,0.4,8,4,1,150,0.005742834007833153,0.022726750001311302,812400640,0.203125
71538859ff7bb1bb,svhn,ssb-v2-block,cnn,protocol-v3,0.4,8,4,1,151,0.0057554999948479235,0.014029207988642156,812400640,0.2265625
71538859ff7bb1bb,svhn,ssb-v2-block,cnn,protocol-v3,0.4,8,4,1,152,0.005874291993677616,0.013904540974181145,812711936,0.1484375
71538859ff7bb1bb,svhn,ssb-v2-block,cnn,protocol-v3,0.4,8,4,1,153,0.005800959013868123,0.02097933297045529,813940736,0.203125
71538859ff7bb1bb,svhn,ssb-v2-block,cnn,protocol-v3,0.4,8,4,1,154,0.005744833964854479,0.01439304102677852,813940736,0.2421875
71538859ff7bb1bb,svhn,ssb-v2-block,cnn,protocol-v3,0.4,8,4,1,155,0.005759040999691933,0.015162499970756471,814497792,0.234375
71538859ff7bb1bb,svhn,ssb-v2-block,cnn,protocol-v3,0.4,8,4,1,156,0.00574387505184859,0.014099124993663281,814661632,0.1875
71538859ff7bb1bb,svhn,ssb-v2-block,cnn,protocol-v3,0.4,8,4,1,157,0.005734957987442613,0.014207833970431238,814661632,0.1875
71538859ff7bb1bb,svhn,ssb-v2-block,cnn,protocol-v3,0.4,8,4,1,158,0.005744584021158516,0.014182208047714084,814661632,0.2109375
71538859ff7bb1bb,svhn,ssb-v2-block,cnn,protocol-v3,0.4,8,4,1,159,0.0057200000155717134,0.01466633303789422,814661632,0.21875
71538859ff7bb1bb,svhn,ssb-v2-block,cnn,protocol-v3,0.4,8,4,1,160,0.005725542025174946,0.014652375015430152,814678016,0.1796875
71538859ff7bb1bb,svhn,ssb-v2-block,cnn,protocol-v3,0.4,8,4,1,161,0.005711458972655237,0.014019583002664149,814678016,0.2734375
71538859ff7bb1bb,svhn,ssb-v2-block,cnn,protocol-v3,0.4,8,4,1,162,0.005714458995498717,0.015456332999747247,814678016,0.171875
71538859ff7bb1bb,svhn,ssb-v2-block,cnn,protocol-v3,0.4,8,4,1,163,0.005687166994903237,0.01417145796585828,814694400,0.1640625
71538859ff7bb1bb,svhn,ssb-v2-block,cnn,protocol-v3,0.4,8,4,1,164,0.00583470897981897,0.013854334014467895,814694400,0.1953125
71538859ff7bb1bb,svhn,ssb-v2-block,cnn,protocol-v3,0.4,8,4,1,165,0.005814459000248462,0.014760916994418949,814694400,0.2109375
71538859ff7bb1bb,svhn,ssb-v2-block,cnn,protocol-v3,0.4,8,4,1,166,0.005722292000427842,0.014195166993886232,814694400,0.2109375
71538859ff7bb1bb,svhn,ssb-v2-block,cnn,protocol-v3,0.4,8,4,1,167,0.0057113340008072555,0.01488462497945875,814694400,0.2109375
71538859ff7bb1bb,svhn,ssb-v2-block,cnn,protocol-v3,0.4,8,4,1,168,0.005715916980989277,0.014884916949085891,814694400,0.1875
71538859ff7bb1bb,svhn,ssb-v2-block,cnn,protocol-v3,0.4,8,4,1,169,0.005723958020098507,0.014389542047865689,814694400,0.25
71538859ff7bb1bb,svhn,ssb-v2-block,cnn,protocol-v3,0.4,8,4,1,170,0.0057300839689560235,0.014147584035526961,814694400,0.15625
71538859ff7bb1bb,svhn,ssb-v2-block,cnn,protocol-v3,0.4,8,4,1,171,0.0057515419903211296,0.02102458302397281,815562752,0.140625
71538859ff7bb1bb,svhn,ssb-v2-block,cnn,protocol-v3,0.4,8,4,1,172,0.0060900000389665365,0.014170249982271343,815562752,0.265625
71538859ff7bb1bb,svhn,ssb-v2-block,cnn,protocol-v3,0.4,8,4,1,173,0.005727500014472753,0.01402741699712351,815562752,0.203125
71538859ff7bb1bb,svhn,ssb-v2-block,cnn,protocol-v3,0.4,8,4,1,174,0.005741916014812887,0.015060708043165505,815742976,0.1953125
71538859ff7bb1bb,svhn,ssb-v2-block,cnn,protocol-v3,0.4,8,4,1,175,0.0057193340035155416,0.014432916999794543,815742976,0.2578125
71538859ff7bb1bb,svhn,ssb-v2-block,cnn,protocol-v3,0.4,8,4,1,176,0.005738249979913235,0.014913790975697339,815742976,0.203125
71538859ff7bb1bb,svhn,ssb-v2-block,cnn,protocol-v3,0.4,8,4,1,177,0.00606704200617969,0.014234250003937632,815742976,0.1640625
71538859ff7bb1bb,svhn,ssb-v2-block,cnn,protocol-v3,0.4,8,4,1,178,0.005747249990236014,0.015086708008311689,815742976,0.125
71538859ff7bb1bb,svhn,ssb-v2-block,cnn,protocol-v3,0.4,8,4,1,179,0.005700208013877273,0.014024542004335672,815742976,0.203125
71538859ff7bb1bb,svhn,ssb-v2-block,cnn,protocol-v3,0.4,8,4,1,180,0.005774417018983513,0.014056665997486562,815742976,0.21875
71538859ff7bb1bb,svhn,ssb-v2-block,cnn,protocol-v3,0.4,8,4,1,181,0.0057163339806720614,0.014049875026103109,815742976,0.140625
71538859ff7bb1bb,svhn,ssb-v2-block,cnn,protocol-v3,0.4,8,4,1,182,0.0057033750344999135,0.014240041957236826,816300032,0.1640625
71538859ff7bb1bb,svhn,ssb-v2-block,cnn,protocol-v3,0.4,8,4,1,183,0.005777499987743795,0.02098983299219981,817135616,0.2109375
71538859ff7bb1bb,svhn,ssb-v2-block,cnn,protocol-v3,0.4,8,4,1,184,0.006094833021052182,0.013995999994222075,817135616,0.15625
71538859ff7bb1bb,svhn,ssb-v2-block,cnn,protocol-v3,0.4,8,4,1,185,0.005751290998887271,0.014860292023513466,817512448,0.21875
71538859ff7bb1bb,svhn,ssb-v2-block,cnn,protocol-v3,0.4,8,4,1,186,0.005737958010286093,0.014417874976061285,817512448,0.1796875
71538859ff7bb1bb,svhn,ssb-v2-block,cnn,protocol-v3,0.4,8,4,1,187,0.005723582988139242,0.014129500021226704,817512448,0.1953125
71538859ff7bb1bb,svhn,ssb-v2-block,cnn,protocol-v3,0.4,8,4,1,188,0.00572870799805969,0.014892375038471073,817790976,0.1875
71538859ff7bb1bb,svhn,ssb-v2-block,cnn,protocol-v3,0.4,8,4,1,189,0.005734875041525811,0.015147333033382893,817790976,0.171875
71538859ff7bb1bb,svhn,ssb-v2-block,cnn,protocol-v3,0.4,8,4,1,190,0.0057490000035613775,0.014746583998203278,817807360,0.234375
71538859ff7bb1bb,svhn,ssb-v2-block,cnn,protocol-v3,0.4,8,4,1,191,0.005726791976485401,0.01558516698423773,817807360,0.2109375
71538859ff7bb1bb,svhn,ssb-v2-block,cnn,protocol-v3,0.4,8,4,1,192,0.005727457988541573,0.01393745798850432,817807360,0.1875
71538859ff7bb1bb,svhn,ssb-v2-block,cnn,protocol-v3,0.4,8,4,1,193,0.00573020800948143,0.014028625038918108,817807360,0.2109375
71538859ff7bb1bb,svhn,ssb-v2-block,cnn,protocol-v3,0.4,8,4,1,194,0.0057656660210341215,0.014352417027112097,817807360,0.234375
71538859ff7bb1bb,svhn,ssb-v2-block,cnn,protocol-v3,0.4,8,4,1,195,0.005712000012863427,0.0141441659652628,817807360,0.203125
71538859ff7bb1bb,svhn,ssb-v2-block,cnn,protocol-v3,0.4,8,4,1,196,0.005735416954848915,0.014218833995983005,817807360,0.1796875
71538859ff7bb1bb,svhn,ssb-v2-block,cnn,protocol-v3,0.4,8,4,1,197,0.005858457996509969,0.014191458001732826,817807360,0.2109375
71538859ff7bb1bb,svhn,ssb-v2-block,cnn,protocol-v3,0.4,8,4,1,198,0.005742457986343652,0.014300707960501313,817807360,0.2109375
71538859ff7bb1bb,svhn,ssb-v2-block,cnn,protocol-v3,0.4,8,4,1,199,0.005715542007237673,0.01416945899836719,817807360,0.203125
71538859ff7bb1bb,svhn,ssb-v2-block,cnn,protocol-v3,0.4,8,4,1,200,0.0057135000242851675,0.015712124994024634,817823744,0.21875
71538859ff7bb1bb,svhn,ssb-v2-block,cnn,protocol-v3,0.4,8,4,1,201,0.006309416959993541,0.014779333025217056,817823744,0.2265625
71538859ff7bb1bb,svhn,ssb-v2-block,cnn,protocol-v3,0.4,8,4,1,202,0.005739749991334975,0.014737416990101337,817823744,0.1484375
71538859ff7bb1bb,svhn,ssb-v2-block,cnn,protocol-v3,0.4,8,4,1,203,0.0057297079474665225,0.015471249993424863,817823744,0.1953125
71538859ff7bb1bb,svhn,ssb-v2-block,cnn,protocol-v3,0.4,8,4,1,204,0.005736541992519051,0.01479241601191461,817823744,0.1640625
71538859ff7bb1bb,svhn,ssb-v2-block,cnn,protocol-v3,0.4,8,4,1,205,0.006035375001374632,0.014086916984524578,817823744,0.1328125
71538859ff7bb1bb,svhn,ssb-v2-block,cnn,protocol-v3,0.4,8,4,1,206,0.005708041018806398,0.014384709007572383,817823744,0.171875
71538859ff7bb1bb,svhn,ssb-v2-block,cnn,protocol-v3,0.4,8,4,1,207,0.005892249988391995,0.01442125003086403,817823744,0.15625
71538859ff7bb1bb,svhn,ssb-v2-block,cnn,protocol-v3,0.4,8,4,1,208,0.0058299999800510705,0.014450916030909866,817823744,0.109375
71538859ff7bb1bb,svhn,ssb-v2-block,cnn,protocol-v3,0.4,8,4,1,209,0.006125250016339123,0.014671624987386167,817823744,0.265625
71538859ff7bb1bb,svhn,ssb-v2-block,cnn,protocol-v3,0.4,8,4,1,210,0.006212875014171004,0.01442812499590218,817823744,0.1875
71538859ff7bb1bb,svhn,ssb-v2-block,cnn,protocol-v3,0.4,8,4,1,211,0.005711124977096915,0.014245458005461842,817840128,0.1640625
71538859ff7bb1bb,svhn,ssb-v2-block,cnn,protocol-v3,0.4,8,4,1,212,0.005768999981228262,0.014067167008761317,817840128,0.15625
71538859ff7bb1bb,svhn,ssb-v2-block,cnn,protocol-v3,0.4,8,4,1,213,0.005751457996666431,0.013934292015619576,817840128,0.203125
71538859ff7bb1bb,svhn,ssb-v2-block,cnn,protocol-v3,0.4,8,4,1,214,0.005699875007849187,0.014356540981680155,817840128,0.2109375
71538859ff7bb1bb,svhn,ssb-v2-block,cnn,protocol-v3,0.4,8,4,1,215,0.005747374962083995,0.02117049996741116,818610176,0.2109375
71538859ff7bb1bb,svhn,ssb-v2-block,cnn,protocol-v3,0.4,8,4,1,216,0.005717082996852696,0.014410458970814943,818610176,0.1953125
71538859ff7bb1bb,svhn,ssb-v2-block,cnn,protocol-v3,0.4,8,4,1,217,0.006161457975395024,0.013938167016021907,818741248,0.171875
71538859ff7bb1bb,svhn,ssb-v2-block,cnn,protocol-v3,0.4,8,4,1,218,0.005715415987651795,0.019603458000347018,819429376,0.234375
71538859ff7bb1bb,svhn,ssb-v2-block,cnn,protocol-v3,0.4,8,4,1,219,0.006257083034142852,0.014261541015002877,819462144,0.21875
71538859ff7bb1bb,svhn,ssb-v2-block,cnn,protocol-v3,0.4,8,4,1,220,0.005749874981120229,0.015666209044866264,819462144,0.25
71538859ff7bb1bb,svhn,ssb-v2-block,cnn,protocol-v3,0.4,8,4,1,221,0.005711250007152557,0.014025165990460664,819658752,0.1640625
71538859ff7bb1bb,svhn,ssb-v2-block,cnn,protocol-v3,0.4,8,4,1,222,0.005709291959647089,0.014108958013821393,819658752,0.171875
71538859ff7bb1bb,svhn,ssb-v2-block,cnn,protocol-v3,0.4,8,4,1,223,0.005809957976453006,0.013920707977376878,819675136,0.265625
71538859ff7bb1bb,svhn,ssb-v2-block,cnn,protocol-v3,0.4,8,4,1,224,0.0056961249792948365,0.014208666980266571,819675136,0.15625
71538859ff7bb1bb,svhn,ssb-v2-block,cnn,protocol-v3,0.4,8,4,1,225,0.005720374989323318,0.014157416997477412,819675136,0.171875
71538859ff7bb1bb,svhn,ssb-v2-block,cnn,protocol-v3,0.4,8,4,1,226,0.005707749980501831,0.014171540969982743,820084736,0.15625
71538859ff7bb1bb,svhn,ssb-v2-block,cnn,protocol-v3,0.4,8,4,1,227,0.005737249972298741,0.014228416024707258,820084736,0.1796875
71538859ff7bb1bb,svhn,ssb-v2-block,cnn,protocol-v3,0.4,8,4,1,228,0.005714082974009216,0.015009208989795297,820084736,0.2109375
71538859ff7bb1bb,svhn,ssb-v2-block,cnn,protocol-v3,0.4,8,4,1,229,0.005710541037842631,0.01464904099702835,820084736,0.171875
71538859ff7bb1bb,svhn,ssb-v2-block,cnn,protocol-v3,0.4,8,4,1,230,0.005712416954338551,0.014103542023804039,820084736,0.1171875
71538859ff7bb1bb,svhn,ssb-v2-block,cnn,protocol-v3,0.4,8,4,1,231,0.005707583040930331,0.014930000004824251,820084736,0.1953125
71538859ff7bb1bb,svhn,ssb-v2-block,cnn,protocol-v3,0.4,8,4,1,232,0.005722958012484014,0.014857833040878177,820084736,0.21875
71538859ff7bb1bb,svhn,ssb-v2-block,cnn,protocol-v3,0.4,8,4,1,233,0.005716958025004715,0.014495374984107912,820084736,0.1875
71538859ff7bb1bb,svhn,ssb-v2-block,cnn,protocol-v3,0.4,8,4,1,234,0.005700166977476329,0.014154541015159339,820084736,0.078125
71538859ff7bb1bb,svhn,ssb-v2-block,cnn,protocol-v3,0.4,8,4,1,235,0.005703083006665111,0.015026083041448146,820084736,0.2109375
71538859ff7bb1bb,svhn,ssb-v2-block,cnn,protocol-v3,0.4,8,4,1,236,0.005680667003616691,0.014804832986555994,820084736,0.171875
71538859ff7bb1bb,svhn,ssb-v2-block,cnn,protocol-v3,0.4,8,4,1,237,0.005695291969459504,0.014783250051550567,820084736,0.21875
71538859ff7bb1bb,svhn,ssb-v2-block,cnn,protocol-v3,0.4,8,4,1,238,0.0056838750024326146,0.014677833998575807,820084736,0.2734375
71538859ff7bb1bb,svhn,ssb-v2-block,cnn,protocol-v3,0.4,8,4,1,239,0.0056878330069594085,0.013963915989734232,820084736,0.2109375
71538859ff7bb1bb,svhn,ssb-v2-block,cnn,protocol-v3,0.4,8,4,1,240,0.005714500031899661,0.013999542046803981,820084736,0.171875
71538859ff7bb1bb,svhn,ssb-v2-block,cnn,protocol-v3,0.4,8,4,1,241,0.005712124984711409,0.014254082983825356,820084736,0.1953125
71538859ff7bb1bb,svhn,ssb-v2-block,cnn,protocol-v3,0.4,8,4,1,242,0.0057305830414406955,0.013886458007618785,820101120,0.234375
71538859ff7bb1bb,svhn,ssb-v2-block,cnn,protocol-v3,0.4,8,4,1,243,0.005717583000659943,0.014171166985761374,820101120,0.2109375
71538859ff7bb1bb,svhn,ssb-v2-block,cnn,protocol-v3,0.4,8,4,1,244,0.0057323750224895775,0.014106791990343481,820101120,0.171875
71538859ff7bb1bb,svhn,ssb-v2-block,cnn,protocol-v3,0.4,8,4,1,245,0.005721166031435132,0.014112374978139997,820101120,0.1953125
71538859ff7bb1bb,svhn,ssb-v2-block,cnn,protocol-v3,0.4,8,4,1,246,0.005728541000280529,0.014253208006266505,820101120,0.2109375
71538859ff7bb1bb,svhn,ssb-v2-block,cnn,protocol-v3,0.4,8,4,1,247,0.005715917039196938,0.014241917000617832,820101120,0.15625
71538859ff7bb1bb,svhn,ssb-v2-block,cnn,protocol-v3,0.4,8,4,1,248,0.005751000018790364,0.015159500006120652,820101120,0.2109375
71538859ff7bb1bb,svhn,ssb-v2-block,cnn,protocol-v3,0.4,8,4,1,249,0.0057230000384151936,0.013986000034492463,820101120,0.21875
71538859ff7bb1bb,svhn,ssb-v2-block,cnn,protocol-v3,0.4,8,4,1,250,0.005723042006138712,0.014125041023362428,820101120,0.234375
71538859ff7bb1bb,svhn,ssb-v2-block,cnn,protocol-v3,0.4,8,4,1,251,0.005753332981839776,0.014344458992127329,820101120,0.1875
71538859ff7bb1bb,svhn,ssb-v2-block,cnn,protocol-v3,0.4,8,4,1,252,0.005715541949030012,0.013944458973128349,820101120,0.1015625
71538859ff7bb1bb,svhn,ssb-v2-block,cnn,protocol-v3,0.4,8,4,1,253,0.00571749999653548,0.014222749974578619,820117504,0.1953125
71538859ff7bb1bb,svhn,ssb-v2-block,cnn,protocol-v3,0.4,8,4,1,254,0.005722416972275823,0.014206500025466084,820117504,0.1171875
71538859ff7bb1bb,svhn,ssb-v2-block,cnn,protocol-v3,0.4,8,4,1,255,0.005727415962610394,0.014446084038354456,820117504,0.1484375
71538859ff7bb1bb,svhn,ssb-v2-block,cnn,protocol-v3,0.4,8,4,1,256,0.005721207999158651,0.014633833023253828,820117504,0.09375
71538859ff7bb1bb,svhn,ssb-v2-block,cnn,protocol-v3,0.4,8,4,1,257,0.005719917011447251,0.014870332961436361,820117504,0.203125
71538859ff7bb1bb,svhn,ssb-v2-block,cnn,protocol-v3,0.4,8,4,1,258,0.00571133301127702,0.014903125003911555,820133888,0.1875
71538859ff7bb1bb,svhn,ssb-v2-block,cnn,protocol-v3,0.4,8,4,1,259,0.005752875003963709,0.014595833024941385,820133888,0.171875
71538859ff7bb1bb,svhn,ssb-v2-block,cnn,protocol-v3,0.4,8,4,1,260,0.005758209037594497,0.01479995803674683,820133888,0.1796875
71538859ff7bb1bb,svhn,ssb-v2-block,cnn,protocol-v3,0.4,8,4,1,261,0.0057330409763380885,0.01472387497778982,820133888,0.15625
71538859ff7bb1bb,svhn,ssb-v2-block,cnn,protocol-v3,0.4,8,4,1,262,0.0057203329633921385,0.014676499995402992,820133888,0.2265625
71538859ff7bb1bb,svhn,ssb-v2-block,cnn,protocol-v3,0.4,8,4,1,263,0.005751292046625167,0.021490083017852157,821051392,0.1875
71538859ff7bb1bb,svhn,ssb-v2-block,cnn,protocol-v3,0.4,8,4,1,264,0.006282040965743363,0.013996790978126228,821051392,0.1328125
71538859ff7bb1bb,svhn,ssb-v2-block,cnn,protocol-v3,0.4,8,4,1,265,0.005740166991017759,0.015247125003952533,821051392,0.1953125
71538859ff7bb1bb,svhn,ssb-v2-block,cnn,protocol-v3,0.4,8,4,1,266,0.005796250014100224,0.01498425001045689,821051392,0.15625
71538859ff7bb1bb,svhn,ssb-v2-block,cnn,protocol-v3,0.4,8,4,1,267,0.005729625001549721,0.014079291024245322,821166080,0.15625
71538859ff7bb1bb,svhn,ssb-v2-block,cnn,protocol-v3,0.4,8,4,1,268,0.0057475829962641,0.014752749993931502,821166080,0.1953125
71538859ff7bb1bb,svhn,ssb-v2-block,cnn,protocol-v3,0.4,8,4,1,269,0.005710291035939008,0.01484783401247114,821166080,0.1875
71538859ff7bb1bb,svhn,ssb-v2-block,cnn,protocol-v3,0.4,8,4,1,270,0.005716292012948543,0.014162875013425946,821166080,0.1953125
71538859ff7bb1bb,svhn,ssb-v2-block,cnn,protocol-v3,0.4,8,4,1,271,0.005726250004954636,0.01866412494564429,821772288,0.140625
71538859ff7bb1bb,svhn,ssb-v2-block,cnn,protocol-v3,0.4,8,4,1,272,0.005736041988711804,0.01430495799286291,821772288,0.2578125
71538859ff7bb1bb,svhn,ssb-v2-block,cnn,protocol-v3,0.4,8,4,1,273,0.0057323750224895775,0.015078541997354478,821985280,0.1953125
71538859ff7bb1bb,svhn,ssb-v2-block,cnn,protocol-v3,0.4,8,4,1,274,0.006318791012745351,0.014209541026502848,821985280,0.1796875
71538859ff7bb1bb,svhn,ssb-v2-block,cnn,protocol-v3,0.4,8,4,1,275,0.005756500002462417,0.015569417038932443,821985280,0.1953125
71538859ff7bb1bb,svhn,ssb-v2-block,cnn,protocol-v3,0.4,8,4,1,276,0.006045167043339461,0.014143874985165894,821985280,0.21875
71538859ff7bb1bb,svhn,ssb-v2-block,cnn,protocol-v3,0.4,8,4,1,277,0.0057460839743725955,0.01515937503427267,821985280,0.2421875
71538859ff7bb1bb,svhn,ssb-v2-block,cnn,protocol-v3,0.4,8,4,1,278,0.005729916971176863,0.01392312505049631,822001664,0.15625
71538859ff7bb1bb,svhn,ssb-v2-block,cnn,protocol-v3,0.4,8,4,1,279,0.0057442920515313745,0.014165500004310161,822001664,0.1640625
71538859ff7bb1bb,svhn,ssb-v2-block,cnn,protocol-v3,0.4,8,4,1,280,0.005710249999538064,0.014391541015356779,822001664,0.2265625
71538859ff7bb1bb,svhn,ssb-v2-block,cnn,protocol-v3,0.4,8,4,1,281,0.005696624983102083,0.014265542034991086,822001664,0.15625
71538859ff7bb1bb,svhn,ssb-v2-block,cnn,protocol-v3,0.4,8,4,1,282,0.005827374989166856,0.014213957998435944,822001664,0.203125
71538859ff7bb1bb,svhn,ssb-v2-block,cnn,protocol-v3,0.4,8,4,1,283,0.005904583027586341,0.014309166988823563,822738944,0.1640625
71538859ff7bb1bb,svhn,ssb-v2-block,cnn,protocol-v3,0.4,8,4,1,284,0.005699166038539261,0.015226708026602864,822755328,0.2109375
71538859ff7bb1bb,svhn,ssb-v2-block,cnn,protocol-v3,0.4,8,4,1,285,0.005766833026427776,0.014126625028438866,822755328,0.171875
71538859ff7bb1bb,svhn,ssb-v2-block,cnn,protocol-v3,0.4,8,4,1,286,0.0057301660417579114,0.014188417000696063,822755328,0.1484375
71538859ff7bb1bb,svhn,ssb-v2-block,cnn,protocol-v3,0.4,8,4,1,287,0.005762958957348019,0.014362291956786066,822755328,0.1875
71538859ff7bb1bb,svhn,ssb-v2-block,cnn,protocol-v3,0.4,8,4,1,288,0.00575074995867908,0.014143083011731505,822771712,0.1796875
71538859ff7bb1bb,svhn,ssb-v2-block,cnn,protocol-v3,0.4,8,4,1,289,0.005711083009373397,0.014027917000930756,822771712,0.234375
71538859ff7bb1bb,svhn,ssb-v2-block,cnn,protocol-v3,0.4,8,4,1,290,0.005697167012840509,0.014227833016775548,822771712,0.1875
71538859ff7bb1bb,svhn,ssb-v2-block,cnn,protocol-v3,0.4,8,4,1,291,0.005716958025004715,0.014408666989766061,822771712,0.1796875
71538859ff7bb1bb,svhn,ssb-v2-block,cnn,protocol-v3,0.4,8,4,1,292,0.005705500021576881,0.013849166978616267,822771712,0.1875
71538859ff7bb1bb,svhn,ssb-v2-block,cnn,protocol-v3,0.4,8,4,1,293,0.005744999973103404,0.013967959035653621,822771712,0.203125
71538859ff7bb1bb,svhn,ssb-v2-block,cnn,protocol-v3,0.4,8,4,1,294,0.005704083014279604,0.014030874997843057,822771712,0.1640625
71538859ff7bb1bb,svhn,ssb-v2-block,cnn,protocol-v3,0.4,8,4,1,295,0.005722792004235089,0.01402441697428003,822804480,0.140625
71538859ff7bb1bb,svhn,ssb-v2-block,cnn,protocol-v3,0.4,8,4,1,296,0.005734209029469639,0.014801165962126106,822804480,0.1875
71538859ff7bb1bb,svhn,ssb-v2-block,cnn,protocol-v3,0.4,8,4,1,297,0.005711584002710879,0.014567292004358023,822804480,0.1796875
71538859ff7bb1bb,svhn,ssb-v2-block,cnn,protocol-v3,0.4,8,4,1,298,0.005731582990847528,0.014219124976079911,822820864,0.140625
71538859ff7bb1bb,svhn,ssb-v2-block,cnn,protocol-v3,0.4,8,4,1,299,0.005734000005759299,0.013829541043378413,822820864,0.1953125
71538859ff7bb1bb,svhn,ssb-v2-block,cnn,protocol-v3,0.4,8,4,1,300,0.005702041031327099,0.014063207956496626,822820864,0.203125
71538859ff7bb1bb,svhn,ssb-v2-block,cnn,protocol-v3,0.4,8,4,1,301,0.005709166987799108,0.014101540960837156,822820864,0.203125
71538859ff7bb1bb,svhn,ssb-v2-block,cnn,protocol-v3,0.4,8,4,1,302,0.005709999997634441,0.014397500024642795,822820864,0.1875
71538859ff7bb1bb,svhn,ssb-v2-block,cnn,protocol-v3,0.4,8,4,1,303,0.005785665998701006,0.014197000011336058,822820864,0.171875
71538859ff7bb1bb,svhn,ssb-v2-block,cnn,protocol-v3,0.4,8,4,1,304,0.0057117080432362854,0.013751957972999662,822820864,0.2265625
71538859ff7bb1bb,svhn,ssb-v2-block,cnn,protocol-v3,0.4,8,4,1,305,0.005755875026807189,0.014175874995999038,822820864,0.15625
71538859ff7bb1bb,svhn,ssb-v2-block,cnn,protocol-v3,0.4,8,4,1,306,0.0057178339920938015,0.015097624971531332,822820864,0.203125
71538859ff7bb1bb,svhn,ssb-v2-block,cnn,protocol-v3,0.4,8,4,1,307,0.005706915981136262,0.01476174994604662,822820864,0.2109375
71538859ff7bb1bb,svhn,ssb-v2-block,cnn,protocol-v3,0.4,8,4,1,308,0.005720874993130565,0.01425750000635162,822820864,0.1796875
71538859ff7bb1bb,svhn,ssb-v2-block,cnn,protocol-v3,0.4,8,4,1,309,0.005741666012909263,0.0142380420002155,822820864,0.1484375
71538859ff7bb1bb,svhn,ssb-v2-block,cnn,protocol-v3,0.4,8,4,1,310,0.005702583992388099,0.014209291955921799,822820864,0.1796875
71538859ff7bb1bb,svhn,ssb-v2-block,cnn,protocol-v3,0.4,8,4,1,311,0.0057420419761911035,0.014098082960117608,822837248,0.171875
71538859ff7bb1bb,svhn,ssb-v2-block,cnn,protocol-v3,0.4,8,4,1,312,0.005717416992411017,0.013935666996985674,822837248,0.1953125
71538859ff7bb1bb,svhn,ssb-v2-block,cnn,protocol-v3,0.4,8,4,1,313,0.00570983299985528,0.014372750010807067,822853632,0.296875
71538859ff7bb1bb,svhn,ssb-v2-block,cnn,protocol-v3,0.4,8,4,1,314,0.005723249982111156,0.014777707983739674,822853632,0.1796875
71538859ff7bb1bb,svhn,ssb-v2-block,cnn,protocol-v3,0.4,8,4,1,315,0.005731082987040281,0.014903208997566253,822853632,0.1640625
71538859ff7bb1bb,svhn,ssb-v2-block,cnn,protocol-v3,0.4,8,4,1,316,0.005715166975278407,0.014937665953766555,822853632,0.171875
71538859ff7bb1bb,svhn,ssb-v2-block,cnn,protocol-v3,0.4,8,4,1,317,0.0057145829778164625,0.014483792008832097,822853632,0.171875
71538859ff7bb1bb,svhn,ssb-v2-block,cnn,protocol-v3,0.4,8,4,1,318,0.005720167013350874,0.014035583008080721,822853632,0.203125
71538859ff7bb1bb,svhn,ssb-v2-block,cnn,protocol-v3,0.4,8,4,1,319,0.005732542020268738,0.014762874983716756,822853632,0.34375
71538859ff7bb1bb,svhn,ssb-v2-block,cnn,protocol-v3,0.4,8,4,1,320,0.005693875020369887,0.014143791981041431,822853632,0.234375
71538859ff7bb1bb,svhn,ssb-v2-block,cnn,protocol-v3,0.4,8,4,1,321,0.005721707944758236,0.014257458969950676,822853632,0.265625
71538859ff7bb1bb,svhn,ssb-v2-block,cnn,protocol-v3,0.4,8,4,1,322,0.005738417035900056,0.014188500004820526,822853632,0.1796875
71538859ff7bb1bb,svhn,ssb-v2-block,cnn,protocol-v3,0.4,8,4,1,323,0.005711666017305106,0.014131082978565246,822853632,0.2265625
71538859ff7bb1bb,svhn,ssb-v2-block,cnn,protocol-v3,0.4,8,4,1,324,0.005711624980904162,0.013928917003795505,822853632,0.2421875
71538859ff7bb1bb,svhn,ssb-v2-block,cnn,protocol-v3,0.4,8,4,1,325,0.0057044579880312085,0.014284915989264846,822853632,0.1796875
71538859ff7bb1bb,svhn,ssb-v2-block,cnn,protocol-v3,0.4,8,4,1,326,0.005708125012461096,0.013929624983575195,822853632,0.2265625
71538859ff7bb1bb,svhn,ssb-v2-block,cnn,protocol-v3,0.4,8,4,1,327,0.005712415964808315,0.019398082979023457,823361536,0.2578125
71538859ff7bb1bb,svhn,ssb-v2-block,cnn,protocol-v3,0.4,8,4,1,328,0.005709125020075589,0.014051540987566113,823361536,0.2421875
71538859ff7bb1bb,svhn,ssb-v2-block,cnn,protocol-v3,0.4,8,4,1,329,0.005717540974728763,0.014783791964873672,823361536,0.1328125
71538859ff7bb1bb,svhn,ssb-v2-block,cnn,protocol-v3,0.4,8,4,1,330,0.005735999962780625,0.015142667049076408,823623680,0.1484375
71538859ff7bb1bb,svhn,ssb-v2-block,cnn,protocol-v3,0.4,8,4,1,331,0.005703957984223962,0.014233125024475157,823623680,0.171875
71538859ff7bb1bb,svhn,ssb-v2-block,cnn,protocol-v3,0.4,8,4,1,332,0.0057113750372081995,0.015087375009898096,823623680,0.1953125
71538859ff7bb1bb,svhn,ssb-v2-block,cnn,protocol-v3,0.4,8,4,1,333,0.005717792024370283,0.014863374992273748,823623680,0.2265625
71538859ff7bb1bb,svhn,ssb-v2-block,cnn,protocol-v3,0.4,8,4,1,334,0.005739709013141692,0.014196833013556898,823623680,0.2109375
71538859ff7bb1bb,svhn,ssb-v2-block,cnn,protocol-v3,0.4,8,4,1,335,0.0056736249825917184,0.014672291988972574,823623680,0.1953125
71538859ff7bb1bb,svhn,ssb-v2-block,cnn,protocol-v3,0.4,8,4,1,336,0.005722958012484014,0.014710249961353838,823623680,0.3046875
71538859ff7bb1bb,svhn,ssb-v2-block,cnn,protocol-v3,0.4,8,4,1,337,0.005697041982784867,0.013934875023551285,823623680,0.2734375
71538859ff7bb1bb,svhn,ssb-v2-block,cnn,protocol-v3,0.4,8,4,1,338,0.0057189170038327575,0.014375833969097584,823623680,0.265625
71538859ff7bb1bb,svhn,ssb-v2-block,cnn,protocol-v3,0.4,8,4,1,339,0.005717333988286555,0.01411862502573058,823623680,0.2734375
71538859ff7bb1bb,svhn,ssb-v2-block,cnn,protocol-v3,0.4,8,4,1,340,0.006052082986570895,0.014640458975918591,823623680,0.21875
71538859ff7bb1bb,svhn,ssb-v2-block,cnn,protocol-v3,0.4,8,4,1,341,0.006277500011492521,0.014480582962278277,823623680,0.171875
71538859ff7bb1bb,svhn,ssb-v2-block,cnn,protocol-v3,0.4,8,4,1,342,0.005720957997255027,0.014322000031825155,823771136,0.265625
71538859ff7bb1bb,svhn,ssb-v2-block,cnn,protocol-v3,0.4,8,4,1,343,0.005739666987210512,0.01404404203640297,823771136,0.2734375
71538859ff7bb1bb,svhn,ssb-v2-block,cnn,protocol-v3,0.4,8,4,1,344,0.005725041963160038,0.015272292017471045,823771136,0.21875
71538859ff7bb1bb,svhn,ssb-v2-block,cnn,protocol-v3,0.4,8,4,1,345,0.005719541048165411,0.014761250000447035,823771136,0.2734375
71538859ff7bb1bb,svhn,ssb-v2-block,cnn,protocol-v3,0.4,8,4,1,346,0.005695917003322393,0.014440958038903773,823771136,0.2265625
71538859ff7bb1bb,svhn,ssb-v2-block,cnn,protocol-v3,0.4,8,4,1,347,0.005728290998376906,0.015078958997037262,823771136,0.3125
71538859ff7bb1bb,svhn,ssb-v2-block,cnn,protocol-v3,0.4,8,4,1,348,0.005706875002942979,0.01466741698095575,823771136,0.203125
71538859ff7bb1bb,svhn,ssb-v2-block,cnn,protocol-v3,0.4,8,4,1,349,0.005727167008444667,0.014695707999635488,823771136,0.2109375
71538859ff7bb1bb,svhn,ssb-v2-block,cnn,protocol-v3,0.4,8,4,1,350,0.005710083001758903,0.014497208001557738,823787520,0.1640625
71538859ff7bb1bb,svhn,ssb-v2-block,cnn,protocol-v3,0.4,8,4,1,351,0.005690457997843623,0.014691166987176985,823787520,0.2109375
71538859ff7bb1bb,svhn,ssb-v2-block,cnn,protocol-v3,0.4,8,4,1,352,0.005717416002880782,0.014584332995582372,823787520,0.265625
71538859ff7bb1bb,svhn,ssb-v2-block,cnn,protocol-v3,0.4,8,4,1,353,0.005834750016219914,0.014436333964113146,823787520,0.21875
71538859ff7bb1bb,svhn,ssb-v2-block,cnn,protocol-v3,0.4,8,4,1,354,0.005717874970287085,0.014458374993409961,823787520,0.1796875
71538859ff7bb1bb,svhn,ssb-v2-block,cnn,protocol-v3,0.4,8,4,1,355,0.00574404199142009,0.01475504197878763,823787520,0.234375
71538859ff7bb1bb,svhn,ssb-v2-block,cnn,protocol-v3,0.4,8,4,1,356,0.005709291959647089,0.01478437497280538,823803904,0.265625
71538859ff7bb1bb,svhn,ssb-v2-block,cnn,protocol-v3,0.4,8,4,1,357,0.005726750008761883,0.014879000023938715,823803904,0.2890625
71538859ff7bb1bb,svhn,ssb-v2-block,cnn,protocol-v3,0.4,8,4,1,358,0.005727541982196271,0.014521875011269003,823803904,0.28125
71538859ff7bb1bb,svhn,ssb-v2-block,cnn,protocol-v3,0.4,8,4,1,359,0.0057127499603666365,0.015071832982357591,823803904,0.1796875
71538859ff7bb1bb,svhn,ssb-v2-block,cnn,protocol-v3,0.4,8,4,1,360,0.005721875000745058,0.014594791980925947,823803904,0.2109375
71538859ff7bb1bb,svhn,ssb-v2-block,cnn,protocol-v3,0.4,8,4,1,361,0.005720374989323318,0.014351584017276764,823803904,0.21875
71538859ff7bb1bb,svhn,ssb-v2-block,cnn,protocol-v3,0.4,8,4,1,362,0.0057167920167557895,0.014915290987119079,823803904,0.25
71538859ff7bb1bb,svhn,ssb-v2-block,cnn,protocol-v3,0.4,8,4,1,363,0.005751624994445592,0.014602667011786252,823803904,0.2265625
71538859ff7bb1bb,svhn,ssb-v2-block,cnn,protocol-v3,0.4,8,4,1,364,0.005719791981391609,0.014894750027451664,823803904,0.25
71538859ff7bb1bb,svhn,ssb-v2-block,cnn,protocol-v3,0.4,8,4,1,365,0.005732582998462021,0.014970874995924532,823803904,0.21875
71538859ff7bb1bb,svhn,ssb-v2-block,cnn,protocol-v3,0.4,8,4,1,366,0.005742417008150369,0.014385875023435801,823803904,0.265625
71538859ff7bb1bb,svhn,ssb-v2-block,cnn,protocol-v3,0.4,8,4,1,367,0.005709290970116854,0.01462366699706763,823803904,0.2265625
71538859ff7bb1bb,svhn,ssb-v2-block,cnn,protocol-v3,0.4,8,4,1,368,0.005714750033803284,0.014534041984006763,823803904,0.234375
71538859ff7bb1bb,svhn,ssb-v2-block,cnn,protocol-v3,0.4,8,4,1,369,0.005720791989006102,0.014885207987390459,823803904,0.25
71538859ff7bb1bb,svhn,ssb-v2-block,cnn,protocol-v3,0.4,8,4,1,370,0.005729541007895023,0.014859124959912151,823803904,0.25
71538859ff7bb1bb,svhn,ssb-v2-block,cnn,protocol-v3,0.4,8,4,1,371,0.005706875002942979,0.014073667000047863,823803904,0.21875
71538859ff7bb1bb,svhn,ssb-v2-block,cnn,protocol-v3,0.4,8,4,1,372,0.005691082973498851,0.01468699995893985,823803904,0.25
71538859ff7bb1bb,svhn,ssb-v2-block,cnn,protocol-v3,0.4,8,4,1,373,0.00574762502219528,0.014600666996557266,823803904,0.203125
71538859ff7bb1bb,svhn,ssb-v2-block,cnn,protocol-v3,0.4,8,4,1,374,0.005698083026800305,0.01489225000841543,823803904,0.25
71538859ff7bb1bb,svhn,ssb-v2-block,cnn,protocol-v3,0.4,8,4,1,375,0.006058083032257855,0.01427862502168864,823803904,0.203125
71538859ff7bb1bb,svhn,ssb-v2-block,cnn,protocol-v3,0.4,8,4,1,376,0.005707541014999151,0.0141640420188196,823803904,0.2578125
71538859ff7bb1bb,svhn,ssb-v2-block,cnn,protocol-v3,0.4,8,4,1,377,0.0057152920053340495,0.013994750042911619,823803904,0.234375
71538859ff7bb1bb,svhn,ssb-v2-block,cnn,protocol-v3,0.4,8,4,1,378,0.005736041988711804,0.014370541030075401,823803904,0.25
71538859ff7bb1bb,svhn,ssb-v2-block,cnn,protocol-v3,0.4,8,4,1,379,0.005721584020648152,0.013974624976981431,823803904,0.34375
71538859ff7bb1bb,svhn,ssb-v2-block,cnn,protocol-v3,0.4,8,4,1,380,0.005716582993045449,0.02153495798120275,824786944,0.25
71538859ff7bb1bb,svhn,ssb-v2-block,cnn,protocol-v3,0.4,8,4,1,381,0.0057037079823203385,0.01413920900085941,824786944,0.234375
71538859ff7bb1bb,svhn,ssb-v2-block,cnn,protocol-v3,0.4,8,4,1,382,0.005703917006030679,0.014302125026006252,824803328,0.2265625
71538859ff7bb1bb,svhn,ssb-v2-block,cnn,protocol-v3,0.4,8,4,1,383,0.0057377920020371675,0.014332125021610409,824803328,0.203125
71538859ff7bb1bb,svhn,ssb-v2-block,cnn,protocol-v3,0.4,8,4,1,384,0.005756917002145201,0.014220833021681756,824803328,0.25
71538859ff7bb1bb,svhn,ssb-v2-block,cnn,protocol-v3,0.4,8,4,1,385,0.005724292015656829,0.014245832979213446,824803328,0.2578125
71538859ff7bb1bb,svhn,ssb-v2-block,cnn,protocol-v3,0.4,8,4,1,386,0.005709999997634441,0.014004458964336663,824819712,0.3203125
71538859ff7bb1bb,svhn,ssb-v2-block,cnn,protocol-v3,0.4,8,4,1,387,0.005735666956752539,0.014273999957367778,825163776,0.2421875
71538859ff7bb1bb,svhn,ssb-v2-block,cnn,protocol-v3,0.4,8,4,1,388,0.005723334033973515,0.014452208008151501,825524224,0.2890625
71538859ff7bb1bb,svhn,ssb-v2-block,cnn,protocol-v3,0.4,8,4,1,389,0.005673207982908934,0.014561832998879254,825524224,0.234375
71538859ff7bb1bb,svhn,ssb-v2-block,cnn,protocol-v3,0.4,8,4,1,390,0.005744875001255423,0.014693208038806915,825524224,0.3515625
71538859ff7bb1bb,svhn,ssb-v2-block,cnn,protocol-v3,0.4,8,4,1,391,0.0057128750486299396,0.01397091697435826,825524224,0.203125
71538859ff7bb1bb,svhn,ssb-v2-block,cnn,protocol-v3,0.4,8,4,1,392,0.005740541964769363,0.014108417031820863,825524224,0.25
71538859ff7bb1bb,svhn,ssb-v2-block,cnn,protocol-v3,0.4,8,4,1,393,0.005720375047530979,0.014263082994148135,825524224,0.234375
71538859ff7bb1bb,svhn,ssb-v2-block,cnn,protocol-v3,0.4,8,4,1,394,0.005733333004172891,0.014213291986379772,825524224,0.3125
71538859ff7bb1bb,svhn,ssb-v2-block,cnn,protocol-v3,0.4,8,4,1,395,0.005740916007198393,0.014173292031046003,825524224,0.2421875
71538859ff7bb1bb,svhn,ssb-v2-block,cnn,protocol-v3,0.4,8,4,1,396,0.005729583033826202,0.014169665984809399,825524224,0.2734375
71538859ff7bb1bb,svhn,ssb-v2-block,cnn,protocol-v3,0.4,8,4,1,397,0.005740792024880648,0.014144500019028783,825540608,0.296875
71538859ff7bb1bb,svhn,ssb-v2-block,cnn,protocol-v3,0.4,8,4,1,398,0.005726957984734327,0.014171083981636912,825556992,0.25
71538859ff7bb1bb,svhn,ssb-v2-block,cnn,protocol-v3,0.4,8,4,1,399,0.0057109579793177545,0.01403729198500514,825573376,0.1875
71538859ff7bb1bb,svhn,ssb-v2-block,cnn,protocol-v3,0.4,8,4,1,400,0.0057309580151923,0.014041999995242804,825573376,0.2578125
71538859ff7bb1bb,svhn,ssb-v2-block,cnn,protocol-v3,0.4,8,4,1,401,0.005698875000234693,0.015031791001092643,825573376,0.25
71538859ff7bb1bb,svhn,ssb-v2-block,cnn,protocol-v3,0.4,8,4,1,402,0.005703250004444271,0.01494254101999104,825573376,0.28125
71538859ff7bb1bb,svhn,ssb-v2-block,cnn,protocol-v3,0.4,8,4,1,403,0.005692416976671666,0.014202083053532988,825573376,0.2890625
71538859ff7bb1bb,svhn,ssb-v2-block,cnn,protocol-v3,0.4,8,4,1,404,0.0057301250053569674,0.015241832996252924,825573376,0.2890625
71538859ff7bb1bb,svhn,ssb-v2-block,cnn,protocol-v3,0.4,8,4,1,405,0.005825041967909783,0.014437208010349423,825573376,0.234375
71538859ff7bb1bb,svhn,ssb-v2-block,cnn,protocol-v3,0.4,8,4,1,406,0.005713791993912309,0.014539958036039025,825573376,0.25
71538859ff7bb1bb,svhn,ssb-v2-block,cnn,protocol-v3,0.4,8,4,1,407,0.005719915963709354,0.01431133400183171,825573376,0.2578125
71538859ff7bb1bb,svhn,ssb-v2-block,cnn,protocol-v3,0.4,8,4,1,408,0.005726040981244296,0.014120207983069122,825573376,0.2421875
71538859ff7bb1bb,svhn,ssb-v2-block,cnn,protocol-v3,0.4,8,4,1,409,0.005808875022921711,0.014762083010282367,825573376,0.25
71538859ff7bb1bb,svhn,ssb-v2-block,cnn,protocol-v3,0.4,8,4,1,410,0.005717583000659943,0.014237707946449518,825573376,0.234375
71538859ff7bb1bb,svhn,ssb-v2-block,cnn,protocol-v3,0.4,8,4,1,411,0.0057178339920938015,0.014068832970224321,825573376,0.2265625
71538859ff7bb1bb,svhn,ssb-v2-block,cnn,protocol-v3,0.4,8,4,1,412,0.00570929201785475,0.014532291970681399,825573376,0.28125
71538859ff7bb1bb,svhn,ssb-v2-block,cnn,protocol-v3,0.4,8,4,1,413,0.005725583003368229,0.013933332986198366,825573376,0.21875
71538859ff7bb1bb,svhn,ssb-v2-block,cnn,protocol-v3,0.4,8,4,1,414,0.005720957997255027,0.014105207985267043,825573376,0.2578125
71538859ff7bb1bb,svhn,ssb-v2-block,cnn,protocol-v3,0.4,8,4,1,415,0.0057234579580836,0.013853124983143061,825573376,0.234375
71538859ff7bb1bb,svhn,ssb-v2-block,cnn,protocol-v3,0.4,8,4,1,416,0.00572425004793331,0.014265250007156283,825573376,0.2421875
71538859ff7bb1bb,svhn,ssb-v2-block,cnn,protocol-v3,0.4,8,4,1,417,0.005739374959375709,0.014026916993316263,825573376,0.296875
71538859ff7bb1bb,svhn,ssb-v2-block,cnn,protocol-v3,0.4,8,4,1,418,0.005724875023588538,0.014208708016667515,825573376,0.2109375
71538859ff7bb1bb,svhn,ssb-v2-block,cnn,protocol-v3,0.4,8,4,1,419,0.005717708962038159,0.014076541003305465,825573376,0.2578125
71538859ff7bb1bb,svhn,ssb-v2-block,cnn,protocol-v3,0.4,8,4,1,420,0.005694541963748634,0.014346999989356846,825573376,0.1953125
71538859ff7bb1bb,svhn,ssb-v2-block,cnn,protocol-v3,0.4,8,4,1,421,0.005714583036024123,0.014527500024996698,825589760,0.265625
71538859ff7bb1bb,svhn,ssb-v2-block,cnn,protocol-v3,0.4,8,4,1,422,0.005723209003917873,0.014277791953645647,825589760,0.21875
71538859ff7bb1bb,svhn,ssb-v2-block,cnn,protocol-v3,0.4,8,4,1,423,0.005700207955669612,0.014722041029017419,825589760,0.2734375
71538859ff7bb1bb,svhn,ssb-v2-block,cnn,protocol-v3,0.4,8,4,1,424,0.0057342080399394035,0.01411954202922061,825589760,0.21875
71538859ff7bb1bb,svhn,ssb-v2-block,cnn,protocol-v3,0.4,8,4,1,425,0.005701875023078173,0.014201499987393618,825589760,0.328125
71538859ff7bb1bb,svhn,ssb-v2-block,cnn,protocol-v3,0.4,8,4,1,426,0.005724374961573631,0.014660874963738024,825589760,0.203125
71538859ff7bb1bb,svhn,ssb-v2-block,cnn,protocol-v3,0.4,8,4,1,427,0.005711666017305106,0.0147042500320822,825589760,0.234375
71538859ff7bb1bb,svhn,ssb-v2-block,cnn,protocol-v3,0.4,8,4,1,428,0.006059292005375028,0.014622041955590248,825589760,0.15625
71538859ff7bb1bb,svhn,ssb-v2-block,cnn,protocol-v3,0.4,8,4,1,429,0.005719292035792023,0.014080625027418137,825589760,0.1640625
71538859ff7bb1bb,svhn,ssb-v2-block,cnn,protocol-v3,0.4,8,4,1,430,0.005721333029214293,0.014134582947008312,825589760,0.234375
71538859ff7bb1bb,svhn,ssb-v2-block,cnn,protocol-v3,0.4,8,4,1,431,0.005739542015362531,0.014237041992601007,825589760,0.1875
71538859ff7bb1bb,svhn,ssb-v2-block,cnn,protocol-v3,0.4,8,4,1,432,0.005732084042392671,0.014214415976312011,825606144,0.21875
71538859ff7bb1bb,svhn,ssb-v2-block,cnn,protocol-v3,0.4,8,4,1,433,0.0057131670182570815,0.014118124963715672,825606144,0.203125
71538859ff7bb1bb,svhn,ssb-v2-block,cnn,protocol-v3,0.4,8,4,1,434,0.005728082964196801,0.014007457997649908,825622528,0.1796875
71538859ff7bb1bb,svhn,ssb-v2-block,cnn,protocol-v3,0.4,8,4,1,435,0.005725583003368229,0.01405829202849418,825638912,0.125
71538859ff7bb1bb,svhn,ssb-v2-block,cnn,protocol-v3,0.4,8,4,1,436,0.005711167003028095,0.014557207992766052,825638912,0.1328125
71538859ff7bb1bb,svhn,ssb-v2-block,cnn,protocol-v3,0.4,8,4,1,437,0.005721958004869521,0.014962000015657395,825638912,0.140625
71538859ff7bb1bb,svhn,ssb-v2-block,cnn,protocol-v3,0.4,8,4,1,438,0.005732790974434465,0.015037457982543856,825638912,0.109375
71538859ff7bb1bb,svhn,ssb-v2-block,cnn,protocol-v3,0.4,8,4,1,439,0.005706041003577411,0.014214208000339568,825638912,0.2578125
71538859ff7bb1bb,svhn,ssb-v2-block,cnn,protocol-v3,0.4,8,4,1,440,0.005777832993771881,0.014217166986782104,825638912,0.265625
71538859ff7bb1bb,svhn,ssb-v2-block,cnn,protocol-v3,0.4,8,4,1,441,0.005722666974179447,0.013889416994061321,825638912,0.2421875
71538859ff7bb1bb,svhn,ssb-v2-block,cnn,protocol-v3,0.4,8,4,1,442,0.00572441698750481,0.014309249992948025,825638912,0.1640625
71538859ff7bb1bb,svhn,ssb-v2-block,cnn,protocol-v3,0.4,8,4,1,443,0.0057022920227609575,0.014259417017456144,825638912,0.1953125
71538859ff7bb1bb,svhn,ssb-v2-block,cnn,protocol-v3,0.4,8,4,1,444,0.0057127499603666365,0.01476912503130734,825638912,0.265625
71538859ff7bb1bb,svhn,ssb-v2-block,cnn,protocol-v3,0.4,8,4,1,445,0.005728584015741944,0.015029207977931947,825638912,0.1484375
71538859ff7bb1bb,svhn,ssb-v2-block,cnn,protocol-v3,0.4,8,4,1,446,0.005713791993912309,0.014286916004493833,825638912,0.1953125
71538859ff7bb1bb,svhn,ssb-v2-block,cnn,protocol-v3,0.4,8,4,1,447,0.00585095799760893,0.014180917001795024,825655296,0.2109375
71538859ff7bb1bb,svhn,ssb-v2-block,cnn,protocol-v3,0.4,8,4,1,448,0.005693458020687103,0.014093000034336,825655296,0.2421875
71538859ff7bb1bb,svhn,ssb-v2-block,cnn,protocol-v3,0.4,8,4,1,449,0.005717208026908338,0.02138266700785607,826621952,0.171875
71538859ff7bb1bb,svhn,ssb-v2-block,cnn,protocol-v3,0.4,8,4,1,450,0.006283000053372234,0.014145624998491257,826851328,0.1796875
71538859ff7bb1bb,svhn,ssb-v2-block,cnn,protocol-v3,0.4,8,4,1,451,0.005707667034585029,0.014230458007659763,827146240,0.171875
71538859ff7bb1bb,svhn,ssb-v2-block,cnn,protocol-v3,0.4,8,4,1,452,0.005843583028763533,0.014055833977181464,827146240,0.1328125
71538859ff7bb1bb,svhn,ssb-v2-block,cnn,protocol-v3,0.4,8,4,1,453,0.0058061659801751375,0.01401395897846669,827146240,0.1484375
71538859ff7bb1bb,svhn,ssb-v2-block,cnn,protocol-v3,0.4,8,4,1,454,0.005749542033299804,0.014113959041424096,827146240,0.1484375
71538859ff7bb1bb,svhn,ssb-v2-block,cnn,protocol-v3,0.4,8,4,1,455,0.005752916040364653,0.01405916700605303,827375616,0.1953125
71538859ff7bb1bb,svhn,ssb-v2-block,cnn,protocol-v3,0.4,8,4,1,456,0.00572945800377056,0.014439582999330014,827375616,0.203125
71538859ff7bb1bb,svhn,ssb-v2-block,cnn,protocol-v3,0.4,8,4,1,457,0.005734291975386441,0.014058209024369717,827375616,0.2109375
71538859ff7bb1bb,svhn,ssb-v2-block,cnn,protocol-v3,0.4,8,4,1,458,0.005710457975510508,0.014119540981482714,827375616,0.1875
71538859ff7bb1bb,svhn,ssb-v2-block,cnn,protocol-v3,0.4,8,4,1,459,0.005715582985430956,0.014073667000047863,827375616,0.140625
71538859ff7bb1bb,svhn,ssb-v2-block,cnn,protocol-v3,0.4,8,4,1,460,0.0057594579993747175,0.014098750019911677,827375616,0.171875
71538859ff7bb1bb,svhn,ssb-v2-block,cnn,protocol-v3,0.4,8,4,1,461,0.005715333973057568,0.013961833028588444,827375616,0.1953125
71538859ff7bb1bb,svhn,ssb-v2-block,cnn,protocol-v3,0.4,8,4,1,462,0.0057149589993059635,0.014188208035193384,827375616,0.265625
71538859ff7bb1bb,svhn,ssb-v2-block,cnn,protocol-v3,0.4,8,4,1,463,0.0057435830240137875,0.014151374984066933,827375616,0.1484375
71538859ff7bb1bb,svhn,ssb-v2-block,cnn,protocol-v3,0.4,8,4,1,464,0.005708708020392805,0.014317625027615577,827375616,0.171875
71538859ff7bb1bb,svhn,ssb-v2-block,cnn,protocol-v3,0.4,8,4,1,465,0.00571545900311321,0.014224665996152908,827375616,0.1015625
71538859ff7bb1bb,svhn,ssb-v2-block,cnn,protocol-v3,0.4,8,4,1,466,0.005716832994949073,0.014219791977666318,827375616,0.203125
71538859ff7bb1bb,svhn,ssb-v2-block,cnn,protocol-v3,0.4,8,4,1,467,0.005711500009056181,0.01540408399887383,827375616,0.1953125
71538859ff7bb1bb,svhn,ssb-v2-block,cnn,protocol-v3,0.4,8,4,1,468,0.005711457983125001,0.014038166031241417,827375616,0.2265625
71538859ff7bb1bb,svhn,ssb-v2-block,cnn,protocol-v3,0.4,8,4,1,469,0.005711915961001068,0.01463170803617686,827293696,0.2421875
71538859ff7bb1bb,svhn,ssb-v2-block,cnn,protocol-v3,0.4,8,4,1,470,0.0057225829805247486,0.015019459009636194,827293696,0.25
71538859ff7bb1bb,svhn,ssb-v2-block,cnn,protocol-v3,0.4,8,4,1,471,0.005755666992627084,0.013952374982181937,827293696,0.25
71538859ff7bb1bb,svhn,ssb-v2-block,cnn,protocol-v3,0.4,8,4,1,472,0.0057298330357298255,0.014045583957340568,827293696,0.2890625
71538859ff7bb1bb,svhn,ssb-v2-block,cnn,protocol-v3,0.4,8,4,1,473,0.005727541050873697,0.014468499983195215,827293696,0.203125
71538859ff7bb1bb,svhn,ssb-v2-block,cnn,protocol-v3,0.4,8,4,1,474,0.00572350004222244,0.014937292027752846,827293696,0.2265625
71538859ff7bb1bb,svhn,ssb-v2-block,cnn,protocol-v3,0.4,8,4,1,475,0.005816083983518183,0.013910249981563538,827293696,0.25
71538859ff7bb1bb,svhn,ssb-v2-block,cnn,protocol-v3,0.4,8,4,1,476,0.00571133301127702,0.015089542022906244,827293696,0.2734375
71538859ff7bb1bb,svhn,ssb-v2-block,cnn,protocol-v3,0.4,8,4,1,477,0.0057396250194869936,0.014760625024791807,827293696,0.203125
71538859ff7bb1bb,svhn,ssb-v2-block,cnn,protocol-v3,0.4,8,4,1,478,0.005744541005697101,0.014299415983259678,827293696,0.296875
71538859ff7bb1bb,svhn,ssb-v2-block,cnn,protocol-v3,0.4,8,4,1,479,0.00573658401845023,0.013953750021755695,827293696,0.265625
71538859ff7bb1bb,svhn,ssb-v2-block,cnn,protocol-v3,0.4,8,4,1,480,0.005713584017939866,0.014182332961354405,827293696,0.28125
71538859ff7bb1bb,svhn,ssb-v2-block,cnn,protocol-v3,0.4,8,4,1,481,0.005721458001062274,0.014126499998383224,827293696,0.2421875
71538859ff7bb1bb,svhn,ssb-v2-block,cnn,protocol-v3,0.4,8,4,1,482,0.005702833004761487,0.015218499989714473,827293696,0.203125
71538859ff7bb1bb,svhn,ssb-v2-block,cnn,protocol-v3,0.4,8,4,1,483,0.005703790986444801,0.014483333041425794,827293696,0.2265625
71538859ff7bb1bb,svhn,ssb-v2-block,cnn,protocol-v3,0.4,8,4,1,484,0.005722375004552305,0.014175624994095415,827293696,0.2578125
71538859ff7bb1bb,svhn,ssb-v2-block,cnn,protocol-v3,0.4,8,4,1,485,0.005718541971873492,0.013916708005126566,827293696,0.2578125
71538859ff7bb1bb,svhn,ssb-v2-block,cnn,protocol-v3,0.4,8,4,1,486,0.0057163339806720614,0.014156709017697722,827293696,0.2734375
71538859ff7bb1bb,svhn,ssb-v2-block,cnn,protocol-v3,0.4,8,4,1,487,0.005728416028432548,0.014250208041630685,827293696,0.2578125
71538859ff7bb1bb,svhn,ssb-v2-block,cnn,protocol-v3,0.4,8,4,1,488,0.005697667016647756,0.013936999952420592,827310080,0.2421875
71538859ff7bb1bb,svhn,ssb-v2-block,cnn,protocol-v3,0.4,8,4,1,489,0.005834957992192358,0.013978666043840349,827310080,0.1875
71538859ff7bb1bb,svhn,ssb-v2-block,cnn,protocol-v3,0.4,8,4,1,490,0.005773834011051804,0.01414008397841826,827310080,0.2421875
71538859ff7bb1bb,svhn,ssb-v2-block,cnn,protocol-v3,0.4,8,4,1,491,0.005712124984711409,0.01402116596000269,827310080,0.2109375
71538859ff7bb1bb,svhn,ssb-v2-block,cnn,protocol-v3,0.4,8,4,1,492,0.005704250012058765,0.014354082988575101,827310080,0.21875
71538859ff7bb1bb,svhn,ssb-v2-block,cnn,protocol-v3,0.4,8,4,1,493,0.005697416025213897,0.014398915984202176,827310080,0.2109375
71538859ff7bb1bb,svhn,ssb-v2-block,cnn,protocol-v3,0.4,8,4,1,494,0.005708749988116324,0.015322167018894106,827310080,0.3046875
71538859ff7bb1bb,svhn,ssb-v2-block,cnn,protocol-v3,0.4,8,4,1,495,0.005742790992371738,0.014112250006292015,827310080,0.296875
71538859ff7bb1bb,svhn,ssb-v2-block,cnn,protocol-v3,0.4,8,4,1,496,0.005711750010959804,0.014061000023502856,827310080,0.2421875
71538859ff7bb1bb,svhn,ssb-v2-block,cnn,protocol-v3,0.4,8,4,1,497,0.005745082977227867,0.013973040971904993,827310080,0.2578125
71538859ff7bb1bb,svhn,ssb-v2-block,cnn,protocol-v3,0.4,8,4,1,498,0.005718500004149973,0.01411933300551027,827310080,0.3046875
71538859ff7bb1bb,svhn,ssb-v2-block,cnn,protocol-v3,0.4,8,4,1,499,0.005719542037695646,0.01422362495213747,827310080,0.28125
71538859ff7bb1bb,svhn,ssb-v2-block,cnn,protocol-v3,0.4,8,4,1,500,0.005729625001549721,0.014326166012324393,827310080,0.171875
71538859ff7bb1bb,svhn,ssb-v2-block,cnn,protocol-v3,0.4,8,4,1,501,0.005722458008676767,0.014367000025231391,827310080,0.21875
71538859ff7bb1bb,svhn,ssb-v2-block,cnn,protocol-v3,0.4,8,4,1,502,0.005709332996048033,0.014237083029001951,827310080,0.2578125
71538859ff7bb1bb,svhn,ssb-v2-block,cnn,protocol-v3,0.4,8,4,1,503,0.005736999970395118,0.014327167009469122,827310080,0.25
71538859ff7bb1bb,svhn,ssb-v2-block,cnn,protocol-v3,0.4,8,4,1,504,0.005709916993509978,0.014529834035784006,827310080,0.2890625
71538859ff7bb1bb,svhn,ssb-v2-block,cnn,protocol-v3,0.4,8,4,1,505,0.00572445901343599,0.014945582952350378,827310080,0.1953125
71538859ff7bb1bb,svhn,ssb-v2-block,cnn,protocol-v3,0.4,8,4,1,506,0.005732749996241182,0.014616833010222763,827310080,0.2265625
71538859ff7bb1bb,svhn,ssb-v2-block,cnn,protocol-v3,0.4,8,4,1,507,0.005732291028834879,0.014263250050134957,827310080,0.2578125
71538859ff7bb1bb,svhn,ssb-v2-block,cnn,protocol-v3,0.4,8,4,1,508,0.005717166990507394,0.01483412500238046,827310080,0.265625
71538859ff7bb1bb,svhn,ssb-v2-block,cnn,protocol-v3,0.4,8,4,1,509,0.005743374989833683,0.014816291979514062,827310080,0.296875
71538859ff7bb1bb,svhn,ssb-v2-block,cnn,protocol-v3,0.4,8,4,1,510,0.005764833011198789,0.014547541970387101,827342848,0.203125
71538859ff7bb1bb,svhn,ssb-v2-block,cnn,protocol-v3,0.4,8,4,1,511,0.0057895000209100544,0.01402887498261407,827342848,0.2265625
71538859ff7bb1bb,svhn,ssb-v2-block,cnn,protocol-v3,0.4,8,4,1,512,0.005730499979108572,0.01472091703908518,827359232,0.28125
71538859ff7bb1bb,svhn,ssb-v2-block,cnn,protocol-v3,0.4,8,4,1,513,0.005708125012461096,0.0144700410310179,827359232,0.296875
71538859ff7bb1bb,svhn,ssb-v2-block,cnn,protocol-v3,0.4,8,4,1,514,0.005716833984479308,0.015225832990836352,827359232,0.234375
71538859ff7bb1bb,svhn,ssb-v2-block,cnn,protocol-v3,0.4,8,4,1,515,0.005694833991583437,0.014360041997861117,827359232,0.25
71538859ff7bb1bb,svhn,ssb-v2-block,cnn,protocol-v3,0.4,8,4,1,516,0.0057287500239908695,0.014619249966926873,827359232,0.265625
71538859ff7bb1bb,svhn,ssb-v2-block,cnn,protocol-v3,0.4,8,4,1,517,0.005730207951273769,0.01479412498883903,827359232,0.28125
71538859ff7bb1bb,svhn,ssb-v2-block,cnn,protocol-v3,0.4,8,4,1,518,0.005708292010240257,0.01430866599548608,827359232,0.25
71538859ff7bb1bb,svhn,ssb-v2-block,cnn,protocol-v3,0.4,8,4,1,519,0.00571358302840963,0.01487791701219976,827375616,0.2421875
71538859ff7bb1bb,svhn,ssb-v2-block,cnn,protocol-v3,0.4,8,4,1,520,0.005716416984796524,0.014788125001359731,827375616,0.203125
71538859ff7bb1bb,svhn,ssb-v2-block,cnn,protocol-v3,0.4,8,4,1,521,0.005748999945353717,0.014671540993731469,827375616,0.2734375
71538859ff7bb1bb,svhn,ssb-v2-block,cnn,protocol-v3,0.4,8,4,1,522,0.005728416028432548,0.014896999986376613,827375616,0.1953125
71538859ff7bb1bb,svhn,ssb-v2-block,cnn,protocol-v3,0.4,8,4,1,523,0.005733707977924496,0.0145049580023624,827375616,0.1796875
71538859ff7bb1bb,svhn,ssb-v2-block,cnn,protocol-v3,0.4,8,4,1,524,0.005730625009164214,0.015018624952062964,827375616,0.3203125
71538859ff7bb1bb,svhn,ssb-v2-block,cnn,protocol-v3,0.4,8,4,1,525,0.005711374979000539,0.014270500047132373,827375616,0.1953125
71538859ff7bb1bb,svhn,ssb-v2-block,cnn,protocol-v3,0.4,8,4,1,526,0.005700625013560057,0.01451116701355204,827375616,0.234375
71538859ff7bb1bb,svhn,ssb-v2-block,cnn,protocol-v3,0.4,8,4,1,527,0.005797291989438236,0.014192542003002018,827375616,0.2578125
71538859ff7bb1bb,svhn,ssb-v2-block,cnn,protocol-v3,0.4,8,4,1,528,0.0057276670122519135,0.013864999986253679,827375616,0.3125
71538859ff7bb1bb,svhn,ssb-v2-block,cnn,protocol-v3,0.4,8,4,1,529,0.0057373750023543835,0.02111429098295048,828342272,0.25
71538859ff7bb1bb,svhn,ssb-v2-block,cnn,protocol-v3,0.4,8,4,1,530,0.005773667013272643,0.014149583003018051,828342272,0.25
71538859ff7bb1bb,svhn,ssb-v2-block,cnn,protocol-v3,0.4,8,4,1,531,0.005722833040636033,0.014161708008032292,828342272,0.3046875
71538859ff7bb1bb,svhn,ssb-v2-block,cnn,protocol-v3,0.4,8,4,1,532,0.005743167013861239,0.014094999991357327,828456960,0.25
71538859ff7bb1bb,svhn,ssb-v2-block,cnn,protocol-v3,0.4,8,4,1,533,0.005721084016840905,0.013944833015557379,828456960,0.296875
71538859ff7bb1bb,svhn,ssb-v2-block,cnn,protocol-v3,0.4,8,4,1,534,0.005715125007554889,0.01477133302250877,828456960,0.2578125
71538859ff7bb1bb,svhn,ssb-v2-block,cnn,protocol-v3,0.4,8,4,1,535,0.005717250052839518,0.015127374965231866,828456960,0.28125
71538859ff7bb1bb,svhn,ssb-v2-block,cnn,protocol-v3,0.4,8,4,1,536,0.005730832985136658,0.014260750031098723,828473344,0.2890625
71538859ff7bb1bb,svhn,ssb-v2-block,cnn,protocol-v3,0.4,8,4,1,537,0.005738332984037697,0.014042291964869946,828653568,0.28125
71538859ff7bb1bb,svhn,ssb-v2-block,cnn,protocol-v3,0.4,8,4,1,538,0.005734165955800563,0.014324499992653728,828653568,0.28125
71538859ff7bb1bb,svhn,ssb-v2-block,cnn,protocol-v3,0.4,8,4,1,539,0.0057457080110907555,0.014763000013772398,828653568,0.3203125
71538859ff7bb1bb,svhn,ssb-v2-block,cnn,protocol-v3,0.4,8,4,1,540,0.005728791002184153,0.015034082985948771,828653568,0.359375
71538859ff7bb1bb,svhn,ssb-v2-block,cnn,protocol-v3,0.4,8,4,1,541,0.005703540984541178,0.015130750020034611,828653568,0.25
71538859ff7bb1bb,svhn,ssb-v2-block,cnn,protocol-v3,0.4,8,4,1,542,0.005724125017877668,0.014675375015940517,828653568,0.328125
71538859ff7bb1bb,svhn,ssb-v2-block,cnn,protocol-v3,0.4,8,4,1,543,0.005736917024478316,0.014554499997757375,828653568,0.2578125
71538859ff7bb1bb,svhn,ssb-v2-block,cnn,protocol-v3,0.4,8,4,1,544,0.005724874965380877,0.019104667007923126,829292544,0.234375
71538859ff7bb1bb,svhn,ssb-v2-block,cnn,protocol-v3,0.4,8,4,1,545,0.005730249977204949,0.014214083028491586,829308928,0.265625
71538859ff7bb1bb,svhn,ssb-v2-block,cnn,protocol-v3,0.4,8,4,1,546,0.005725874972995371,0.014744499989319593,829308928,0.2265625
71538859ff7bb1bb,svhn,ssb-v2-block,cnn,protocol-v3,0.4,8,4,1,547,0.0057797920308075845,0.014666082977782935,829308928,0.3046875
71538859ff7bb1bb,svhn,ssb-v2-block,cnn,protocol-v3,0.4,8,4,1,548,0.005714458005968481,0.014355124963913113,829521920,0.3203125
71538859ff7bb1bb,svhn,ssb-v2-block,cnn,protocol-v3,0.4,8,4,1,549,0.005743749963585287,0.014043916948139668,829521920,0.2890625
71538859ff7bb1bb,svhn,ssb-v2-block,cnn,protocol-v3,0.4,8,4,1,550,0.005737332976423204,0.014273625041823834,829521920,0.3046875
71538859ff7bb1bb,svhn,ssb-v2-block,cnn,protocol-v3,0.4,8,4,1,551,0.005733874975703657,0.014316041022539139,829521920,0.21875
71538859ff7bb1bb,svhn,ssb-v2-block,cnn,protocol-v3,0.4,8,4,1,552,0.005731375014875084,0.014004375028889626,829521920,0.296875
71538859ff7bb1bb,svhn,ssb-v2-block,cnn,protocol-v3,0.4,8,4,1,553,0.005703667004127055,0.014914833998773247,829521920,0.3046875
71538859ff7bb1bb,svhn,ssb-v2-block,cnn,protocol-v3,0.4,8,4,1,554,0.005719834007322788,0.014679875050205737,829521920,0.21875
71538859ff7bb1bb,svhn,ssb-v2-block,cnn,protocol-v3,0.4,8,4,1,555,0.005724249989725649,0.01406420796411112,829521920,0.203125
71538859ff7bb1bb,svhn,ssb-v2-block,cnn,protocol-v3,0.4,8,4,1,556,0.0057396250194869936,0.013906500011216849,829652992,0.296875
71538859ff7bb1bb,svhn,ssb-v2-block,cnn,protocol-v3,0.4,8,4,1,557,0.005732833000365645,0.014067124982830137,829652992,0.2421875
71538859ff7bb1bb,svhn,ssb-v2-block,cnn,protocol-v3,0.4,8,4,1,558,0.005721875000745058,0.014303791976999491,829652992,0.3203125
71538859ff7bb1bb,svhn,ssb-v2-block,cnn,protocol-v3,0.4,8,4,1,559,0.005724999995436519,0.014634041988756508,829652992,0.265625
71538859ff7bb1bb,svhn,ssb-v2-block,cnn,protocol-v3,0.4,8,4,1,560,0.005718708038330078,0.014619374996982515,829652992,0.2265625
71538859ff7bb1bb,svhn,ssb-v2-block,cnn,protocol-v3,0.4,8,4,1,561,0.005709208955522627,0.014195459021721035,829652992,0.25
71538859ff7bb1bb,svhn,ssb-v2-block,cnn,protocol-v3,0.4,8,4,1,562,0.005702208960428834,0.014077332976739854,829652992,0.265625
71538859ff7bb1bb,svhn,ssb-v2-block,cnn,protocol-v3,0.4,8,4,1,563,0.005737458006478846,0.014185749983880669,829652992,0.34375
71538859ff7bb1bb,svhn,ssb-v2-block,cnn,protocol-v3,0.4,8,4,1,564,0.0057467499864287674,0.014234624977689236,829652992,0.2578125
71538859ff7bb1bb,svhn,ssb-v2-block,cnn,protocol-v3,0.4,8,4,1,565,0.005696750013157725,0.015170665981713682,829652992,0.2890625
71538859ff7bb1bb,svhn,ssb-v2-block,cnn,protocol-v3,0.4,8,4,1,566,0.005730499979108572,0.015038374986033887,829652992,0.2265625
71538859ff7bb1bb,svhn,ssb-v2-block,cnn,protocol-v3,0.4,8,4,1,567,0.00572141696466133,0.014252291002776474,829652992,0.2109375
71538859ff7bb1bb,svhn,ssb-v2-block,cnn,protocol-v3,0.4,8,4,1,568,0.005732916004490107,0.013949083047918975,829652992,0.2734375
71538859ff7bb1bb,svhn,ssb-v2-block,cnn,protocol-v3,0.4,8,4,1,569,0.0057265000068582594,0.014220834011211991,829652992,0.234375
71538859ff7bb1bb,svhn,ssb-v2-block,cnn,protocol-v3,0.4,8,4,1,570,0.005724708957131952,0.01406683400273323,829652992,0.25
71538859ff7bb1bb,svhn,ssb-v2-block,cnn,protocol-v3,0.4,8,4,1,571,0.0057018749648705125,0.014175000018440187,829652992,0.203125
71538859ff7bb1bb,svhn,ssb-v2-block,cnn,protocol-v3,0.4,8,4,1,572,0.016872832959052175,0.05510762502672151,843366400,0.3170731707317073
71538859ff7bb1bb,svhn,ssb-v2-block,cnn,protocol-v3,0.4,8,4,2,0,0.005951208004262298,0.015275916026439518,858292224,0.328125
71538859ff7bb1bb,svhn,ssb-v2-block,cnn,protocol-v3,0.4,8,4,2,1,0.005851249967236072,0.014837583003100008,858292224,0.2578125
71538859ff7bb1bb,svhn,ssb-v2-block,cnn,protocol-v3,0.4,8,4,2,2,0.006060458021238446,0.014686582959257066,858292224,0.2890625
71538859ff7bb1bb,svhn,ssb-v2-block,cnn,protocol-v3,0.4,8,4,2,3,0.005745249975007027,0.014314250031020492,859865088,0.2578125
71538859ff7bb1bb,svhn,ssb-v2-block,cnn,protocol-v3,0.4,8,4,2,4,0.0057667079963721335,0.014203541970346123,859865088,0.3671875
71538859ff7bb1bb,svhn,ssb-v2-block,cnn,protocol-v3,0.4,8,4,2,5,0.005760624946560711,0.014130291994661093,859881472,0.296875
71538859ff7bb1bb,svhn,ssb-v2-block,cnn,protocol-v3,0.4,8,4,2,6,0.005748833005782217,0.013968207989819348,859881472,0.234375
71538859ff7bb1bb,svhn,ssb-v2-block,cnn,protocol-v3,0.4,8,4,2,7,0.0058314999914728105,0.013991083018481731,859881472,0.3125
71538859ff7bb1bb,svhn,ssb-v2-block,cnn,protocol-v3,0.4,8,4,2,8,0.005769041017629206,0.013957000046502799,859881472,0.234375
71538859ff7bb1bb,svhn,ssb-v2-block,cnn,protocol-v3,0.4,8,4,2,9,0.00572441698750481,0.014514541020616889,859881472,0.3203125
71538859ff7bb1bb,svhn,ssb-v2-block,cnn,protocol-v3,0.4,8,4,2,10,0.0057407080312259495,0.014235042035579681,860979200,0.2578125
71538859ff7bb1bb,svhn,ssb-v2-block,cnn,protocol-v3,0.4,8,4,2,11,0.005740916996728629,0.014068374992348254,862552064,0.2265625
71538859ff7bb1bb,svhn,ssb-v2-block,cnn,protocol-v3,0.4,8,4,2,12,0.005730458011385053,0.01515679102158174,862552064,0.2421875
71538859ff7bb1bb,svhn,ssb-v2-block,cnn,protocol-v3,0.4,8,4,2,13,0.005724458023905754,0.014018582995049655,862552064,0.171875
71538859ff7bb1bb,svhn,ssb-v2-block,cnn,protocol-v3,0.4,8,4,2,14,0.005710416997317225,0.013857042009476572,862552064,0.1796875
71538859ff7bb1bb,svhn,ssb-v2-block,cnn,protocol-v3,0.4,8,4,2,15,0.005740625027101487,0.014547917002346367,862552064,0.203125
71538859ff7bb1bb,svhn,ssb-v2-block,cnn,protocol-v3,0.4,8,4,2,16,0.005714375001844019,0.014106167014688253,862552064,0.1796875
71538859ff7bb1bb,svhn,ssb-v2-block,cnn,protocol-v3,0.4,8,4,2,17,0.005706000025384128,0.014047874952666461,862568448,0.2421875
71538859ff7bb1bb,svhn,ssb-v2-block,cnn,protocol-v3,0.4,8,4,2,18,0.005778916005510837,0.01400779199320823,862568448,0.234375
71538859ff7bb1bb,svhn,ssb-v2-block,cnn,protocol-v3,0.4,8,4,2,19,0.0058011250221170485,0.01414516702061519,862568448,0.2734375
71538859ff7bb1bb,svhn,ssb-v2-block,cnn,protocol-v3,0.4,8,4,2,20,0.005818958976306021,0.014928999997209758,862584832,0.2265625
71538859ff7bb1bb,svhn,ssb-v2-block,cnn,protocol-v3,0.4,8,4,2,21,0.005713999969884753,0.014930834004189819,862584832,0.1640625
71538859ff7bb1bb,svhn,ssb-v2-block,cnn,protocol-v3,0.4,8,4,2,22,0.0057424589758738875,0.01399933296488598,862584832,0.28125
71538859ff7bb1bb,svhn,ssb-v2-block,cnn,protocol-v3,0.4,8,4,2,23,0.005723165988456458,0.014596832974348217,862584832,0.3125
71538859ff7bb1bb,svhn,ssb-v2-block,cnn,protocol-v3,0.4,8,4,2,24,0.005823915998917073,0.014714416989590973,862584832,0.3046875
71538859ff7bb1bb,svhn,ssb-v2-block,cnn,protocol-v3,0.4,8,4,2,25,0.0060841660015285015,0.014001125004142523,862584832,0.1875
71538859ff7bb1bb,svhn,ssb-v2-block,cnn,protocol-v3,0.4,8,4,2,26,0.005773084005340934,0.014000791008584201,862584832,0.234375
71538859ff7bb1bb,svhn,ssb-v2-block,cnn,protocol-v3,0.4,8,4,2,27,0.005708957964088768,0.015553875011391938,862584832,0.25
71538859ff7bb1bb,svhn,ssb-v2-block,cnn,protocol-v3,0.4,8,4,2,28,0.005739999993238598,0.01434366701869294,862584832,0.171875
71538859ff7bb1bb,svhn,ssb-v2-block,cnn,protocol-v3,0.4,8,4,2,29,0.00572125002508983,0.015431625011842698,862584832,0.234375
71538859ff7bb1bb,svhn,ssb-v2-block,cnn,protocol-v3,0.4,8,4,2,30,0.005730792006943375,0.014018582995049655,862584832,0.2890625
71538859ff7bb1bb,svhn,ssb-v2-block,cnn,protocol-v3,0.4,8,4,2,31,0.005718749947845936,0.014901457994710654,862601216,0.234375
71538859ff7bb1bb,svhn,ssb-v2-block,cnn,protocol-v3,0.4,8,4,2,32,0.005767999973613769,0.014512166962958872,862601216,0.2890625
71538859ff7bb1bb,svhn,ssb-v2-block,cnn,protocol-v3,0.4,8,4,2,33,0.005709499993827194,0.015133291017264128,862601216,0.296875
71538859ff7bb1bb,svhn,ssb-v2-block,cnn,protocol-v3,0.4,8,4,2,34,0.005757459031883627,0.014210040972102433,862601216,0.3125
71538859ff7bb1bb,svhn,ssb-v2-block,cnn,protocol-v3,0.4,8,4,2,35,0.005939249997027218,0.014923417009413242,862601216,0.40625
71538859ff7bb1bb,svhn,ssb-v2-block,cnn,protocol-v3,0.4,8,4,2,36,0.006039874977432191,0.01446662499802187,864174080,0.3203125
71538859ff7bb1bb,svhn,ssb-v2-block,cnn,protocol-v3,0.4,8,4,2,37,0.006118541001342237,0.015114041976630688,864174080,0.28125
71538859ff7bb1bb,svhn,ssb-v2-block,cnn,protocol-v3,0.4,8,4,2,38,0.006171540997456759,0.016010333027224988,864174080,0.359375
71538859ff7bb1bb,svhn,ssb-v2-block,cnn,protocol-v3,0.4,8,4,2,39,0.006637040991336107,0.01631041703512892,867794944,0.28125
71538859ff7bb1bb,svhn,ssb-v2-block,cnn,protocol-v3,0.4,8,4,2,40,0.011368083010893315,0.026231708994600922,870285312,0.34375
71538859ff7bb1bb,svhn,ssb-v2-block,cnn,protocol-v3,0.4,8,4,2,41,0.009087999991606921,0.022995709034148604,872660992,0.28125
71538859ff7bb1bb,svhn,ssb-v2-block,cnn,protocol-v3,0.4,8,4,2,42,0.008311958983540535,0.020726374990772456,874577920,0.28125
71538859ff7bb1bb,svhn,ssb-v2-block,cnn,protocol-v3,0.4,8,4,2,43,0.008548000012524426,0.020874082983937114,877871104,0.2578125
71538859ff7bb1bb,svhn,ssb-v2-block,cnn,protocol-v3,0.4,8,4,2,44,0.008305458002723753,0.01992379198782146,877871104,0.328125
71538859ff7bb1bb,svhn,ssb-v2-block,cnn,protocol-v3,0.4,8,4,2,45,0.008759957971051335,0.02246516605373472,879476736,0.2890625
71538859ff7bb1bb,svhn,ssb-v2-block,cnn,protocol-v3,0.4,8,4,2,46,0.008214249974116683,0.021613541000988334,879476736,0.203125
71538859ff7bb1bb,svhn,ssb-v2-block,cnn,protocol-v3,0.4,8,4,2,47,0.007858125027269125,0.02278291597031057,879476736,0.203125
71538859ff7bb1bb,svhn,ssb-v2-block,cnn,protocol-v3,0.4,8,4,2,48,0.00819812499685213,0.01782333303708583,879476736,0.3125
71538859ff7bb1bb,svhn,ssb-v2-block,cnn,protocol-v3,0.4,8,4,2,49,0.006487750040832907,0.014394791971426457,879476736,0.328125
71538859ff7bb1bb,svhn,ssb-v2-block,cnn,protocol-v3,0.4,8,4,2,50,0.005694375024177134,0.014948833035305142,879476736,0.2421875
71538859ff7bb1bb,svhn,ssb-v2-block,cnn,protocol-v3,0.4,8,4,2,51,0.006077458965592086,0.01470950001385063,879476736,0.2578125
71538859ff7bb1bb,svhn,ssb-v2-block,cnn,protocol-v3,0.4,8,4,2,52,0.005777208018116653,0.015469542006030679,879476736,0.2890625
71538859ff7bb1bb,svhn,ssb-v2-block,cnn,protocol-v3,0.4,8,4,2,53,0.005757915962021798,0.014139249979052693,879493120,0.2890625
71538859ff7bb1bb,svhn,ssb-v2-block,cnn,protocol-v3,0.4,8,4,2,54,0.005743833025917411,0.014230792003218085,879493120,0.3671875
71538859ff7bb1bb,svhn,ssb-v2-block,cnn,protocol-v3,0.4,8,4,2,55,0.005706875002942979,0.014194666990078986,879493120,0.3046875
71538859ff7bb1bb,svhn,ssb-v2-block,cnn,protocol-v3,0.4,8,4,2,56,0.00571845902595669,0.014862084004562348,879493120,0.3125
71538859ff7bb1bb,svhn,ssb-v2-block,cnn,protocol-v3,0.4,8,4,2,57,0.005717833002563566,0.01513620902551338,879493120,0.3359375
71538859ff7bb1bb,svhn,ssb-v2-block,cnn,protocol-v3,0.4,8,4,2,58,0.005728958989493549,0.014439666003454477,879493120,0.2421875
71538859ff7bb1bb,svhn,ssb-v2-block,cnn,protocol-v3,0.4,8,4,2,59,0.005735124985221773,0.014892958977725357,879493120,0.265625
71538859ff7bb1bb,svhn,ssb-v2-block,cnn,protocol-v3,0.4,8,4,2,60,0.005739875021390617,0.014243374986108392,879493120,0.3671875
71538859ff7bb1bb,svhn,ssb-v2-block,cnn,protocol-v3,0.4,8,4,2,61,0.005719625041820109,0.014347249991260469,879493120,0.28125
71538859ff7bb1bb,svhn,ssb-v2-block,cnn,protocol-v3,0.4,8,4,2,62,0.005708874959964305,0.014346832991577685,879493120,0.3515625
71538859ff7bb1bb,svhn,ssb-v2-block,cnn,protocol-v3,0.4,8,4,2,63,0.005740541964769363,0.014541124983225018,879493120,0.3828125
71538859ff7bb1bb,svhn,ssb-v2-block,cnn,protocol-v3,0.4,8,4,2,64,0.005725208960939199,0.013986749981995672,879493120,0.3828125
71538859ff7bb1bb,svhn,ssb-v2-block,cnn,protocol-v3,0.4,8,4,2,65,0.0057160420110449195,0.01448216603603214,879493120,0.3984375
71538859ff7bb1bb,svhn,ssb-v2-block,cnn,protocol-v3,0.4,8,4,2,66,0.0057558330008760095,0.015486749995034188,879493120,0.3359375
71538859ff7bb1bb,svhn,ssb-v2-block,cnn,protocol-v3,0.4,8,4,2,67,0.0057262080372311175,0.014136665966361761,879493120,0.3359375
71538859ff7bb1bb,svhn,ssb-v2-block,cnn,protocol-v3,0.4,8,4,2,68,0.005721667024772614,0.013894374947994947,879493120,0.2890625
71538859ff7bb1bb,svhn,ssb-v2-block,cnn,protocol-v3,0.4,8,4,2,69,0.005725708033423871,0.014033542014658451,879493120,0.359375
71538859ff7bb1bb,svhn,ssb-v2-block,cnn,protocol-v3,0.4,8,4,2,70,0.005751833028625697,0.014008583966642618,879493120,0.3515625
71538859ff7bb1bb,svhn,ssb-v2-block,cnn,protocol-v3,0.4,8,4,2,71,0.005713750026188791,0.01395016600145027,879493120,0.3359375
71538859ff7bb1bb,svhn,ssb-v2-block,cnn,protocol-v3,0.4,8,4,2,72,0.005701541027519852,0.014265957986935973,879493120,0.25
71538859ff7bb1bb,svhn,ssb-v2-block,cnn,protocol-v3,0.4,8,4,2,73,0.005723499984014779,0.014603959047235548,879493120,0.3515625
71538859ff7bb1bb,svhn,ssb-v2-block,cnn,protocol-v3,0.4,8,4,2,74,0.00571524997940287,0.01436608302174136,879493120,0.3359375
71538859ff7bb1bb,svhn,ssb-v2-block,cnn,protocol-v3,0.4,8,4,2,75,0.005718166008591652,0.013846541987732053,879493120,0.3046875
71538859ff7bb1bb,svhn,ssb-v2-block,cnn,protocol-v3,0.4,8,4,2,76,0.005728667019866407,0.01421133300755173,879493120,0.3046875
71538859ff7bb1bb,svhn,ssb-v2-block,cnn,protocol-v3,0.4,8,4,2,77,0.0057182079763151705,0.014169959002174437,879493120,0.3515625
71538859ff7bb1bb,svhn,ssb-v2-block,cnn,protocol-v3,0.4,8,4,2,78,0.005711500009056181,0.01409054099349305,879493120,0.3046875
71538859ff7bb1bb,svhn,ssb-v2-block,cnn,protocol-v3,0.4,8,4,2,79,0.005766208050772548,0.01447245798772201,879493120,0.296875
71538859ff7bb1bb,svhn,ssb-v2-block,cnn,protocol-v3,0.4,8,4,2,80,0.005728207994252443,0.014178166980855167,879509504,0.375
71538859ff7bb1bb,svhn,ssb-v2-block,cnn,protocol-v3,0.4,8,4,2,81,0.005718290980439633,0.014228041982278228,879509504,0.375
71538859ff7bb1bb,svhn,ssb-v2-block,cnn,protocol-v3,0.4,8,4,2,82,0.005693499988410622,0.014099457999691367,879509504,0.3515625
71538859ff7bb1bb,svhn,ssb-v2-block,cnn,protocol-v3,0.4,8,4,2,83,0.005700542009435594,0.01407412503613159,879509504,0.328125
71538859ff7bb1bb,svhn,ssb-v2-block,cnn,protocol-v3,0.4,8,4,2,84,0.005721708002965897,0.014149916998576373,879509504,0.3046875
71538859ff7bb1bb,svhn,ssb-v2-block,cnn,protocol-v3,0.4,8,4,2,85,0.005734000005759299,0.014248249994125217,879509504,0.359375
71538859ff7bb1bb,svhn,ssb-v2-block,cnn,protocol-v3,0.4,8,4,2,86,0.00573358399560675,0.015272082993760705,879509504,0.4375
71538859ff7bb1bb,svhn,ssb-v2-block,cnn,protocol-v3,0.4,8,4,2,87,0.005714124999940395,0.014077833970077336,879509504,0.3671875
71538859ff7bb1bb,svhn,ssb-v2-block,cnn,protocol-v3,0.4,8,4,2,88,0.005723708949517459,0.01382591697620228,879509504,0.3515625
71538859ff7bb1bb,svhn,ssb-v2-block,cnn,protocol-v3,0.4,8,4,2,89,0.0058857499971054494,0.014362582995090634,879525888,0.40625
71538859ff7bb1bb,svhn,ssb-v2-block,cnn,protocol-v3,0.4,8,4,2,90,0.0057938339887186885,0.014248416002374142,879525888,0.3203125
71538859ff7bb1bb,svhn,ssb-v2-block,cnn,protocol-v3,0.4,8,4,2,91,0.005746042006649077,0.014245667029172182,879525888,0.359375
71538859ff7bb1bb,svhn,ssb-v2-block,cnn,protocol-v3,0.4,8,4,2,92,0.005750334006734192,0.014304749958682805,879525888,0.3203125
71538859ff7bb1bb,svhn,ssb-v2-block,cnn,protocol-v3,0.4,8,4,2,93,0.005748292023781687,0.014167332963552326,879525888,0.4296875
71538859ff7bb1bb,svhn,ssb-v2-block,cnn,protocol-v3,0.4,8,4,2,94,0.005714917031582445,0.014229958993382752,879525888,0.2890625
71538859ff7bb1bb,svhn,ssb-v2-block,cnn,protocol-v3,0.4,8,4,2,95,0.00571429094998166,0.014425834000576288,879525888,0.296875
71538859ff7bb1bb,svhn,ssb-v2-block,cnn,protocol-v3,0.4,8,4,2,96,0.005720915971323848,0.014894000021740794,879558656,0.3984375
71538859ff7bb1bb,svhn,ssb-v2-block,cnn,protocol-v3,0.4,8,4,2,97,0.005708874959964305,0.014227416948415339,879558656,0.390625
71538859ff7bb1bb,svhn,ssb-v2-block,cnn,protocol-v3,0.4,8,4,2,98,0.005711584002710879,0.013924250029958785,879558656,0.3984375
71538859ff7bb1bb,svhn,ssb-v2-block,cnn,protocol-v3,0.4,8,4,2,99,0.005719291977584362,0.014294416992925107,879558656,0.328125
71538859ff7bb1bb,svhn,ssb-v2-block,cnn,protocol-v3,0.4,8,4,2,100,0.0057058329693973064,0.013957542018033564,879558656,0.3515625
71538859ff7bb1bb,svhn,ssb-v2-block,cnn,protocol-v3,0.4,8,4,2,101,0.005727124982513487,0.013917249976657331,879558656,0.3671875
71538859ff7bb1bb,svhn,ssb-v2-block,cnn,protocol-v3,0.4,8,4,2,102,0.005718583008274436,0.014171083050314337,879558656,0.3359375
71538859ff7bb1bb,svhn,ssb-v2-block,cnn,protocol-v3,0.4,8,4,2,103,0.005724749993532896,0.015093167021404952,879558656,0.28125
71538859ff7bb1bb,svhn,ssb-v2-block,cnn,protocol-v3,0.4,8,4,2,104,0.005719333013985306,0.014548583014402539,879558656,0.3828125
71538859ff7bb1bb,svhn,ssb-v2-block,cnn,protocol-v3,0.4,8,4,2,105,0.005726417002733797,0.014790292014367878,879558656,0.3046875
71538859ff7bb1bb,svhn,ssb-v2-block,cnn,protocol-v3,0.4,8,4,2,106,0.005716416984796524,0.013930832967162132,879558656,0.4296875
71538859ff7bb1bb,svhn,ssb-v2-block,cnn,protocol-v3,0.4,8,4,2,107,0.005715208011679351,0.015110083972103894,879558656,0.328125
71538859ff7bb1bb,svhn,ssb-v2-block,cnn,protocol-v3,0.4,8,4,2,108,0.005741374974604696,0.014445042004808784,879558656,0.390625
71538859ff7bb1bb,svhn,ssb-v2-block,cnn,protocol-v3,0.4,8,4,2,109,0.00572050001937896,0.01465770899085328,879558656,0.3828125
71538859ff7bb1bb,svhn,ssb-v2-block,cnn,protocol-v3,0.4,8,4,2,110,0.005743249959778041,0.014738958037924021,879558656,0.40625
71538859ff7bb1bb,svhn,ssb-v2-block,cnn,protocol-v3,0.4,8,4,2,111,0.005740624968893826,0.0150031250086613,879558656,0.296875
71538859ff7bb1bb,svhn,ssb-v2-block,cnn,protocol-v3,0.4,8,4,2,112,0.005711207981221378,0.014660582994110882,879558656,0.3671875
71538859ff7bb1bb,svhn,ssb-v2-block,cnn,protocol-v3,0.4,8,4,2,113,0.0057087919558398426,0.014425292029045522,879558656,0.359375
71538859ff7bb1bb,svhn,ssb-v2-block,cnn,protocol-v3,0.4,8,4,2,114,0.0057497500092722476,0.01450629101600498,879558656,0.5
71538859ff7bb1bb,svhn,ssb-v2-block,cnn,protocol-v3,0.4,8,4,2,115,0.005704750015866011,0.015007750014774501,879558656,0.375
71538859ff7bb1bb,svhn,ssb-v2-block,cnn,protocol-v3,0.4,8,4,2,116,0.005720042041502893,0.014512582973111421,879558656,0.3125
71538859ff7bb1bb,svhn,ssb-v2-block,cnn,protocol-v3,0.4,8,4,2,117,0.005729958007577807,0.015054749965202063,879558656,0.3046875
71538859ff7bb1bb,svhn,ssb-v2-block,cnn,protocol-v3,0.4,8,4,2,118,0.005737791012506932,0.014218624972272664,879575040,0.3125
71538859ff7bb1bb,svhn,ssb-v2-block,cnn,protocol-v3,0.4,8,4,2,119,0.005710917001124471,0.014116625010501593,879575040,0.3828125
71538859ff7bb1bb,svhn,ssb-v2-block,cnn,protocol-v3,0.4,8,4,2,120,0.005725374969188124,0.014888707955833524,879575040,0.328125
71538859ff7bb1bb,svhn,ssb-v2-block,cnn,protocol-v3,0.4,8,4,2,121,0.0057080829865299165,0.014925625000614673,879575040,0.234375
71538859ff7bb1bb,svhn,ssb-v2-block,cnn,protocol-v3,0.4,8,4,2,122,0.005706500029191375,0.014521542005240917,879575040,0.40625
71538859ff7bb1bb,svhn,ssb-v2-block,cnn,protocol-v3,0.4,8,4,2,123,0.005727042036596686,0.014015124994330108,879575040,0.359375
71538859ff7bb1bb,svhn,ssb-v2-block,cnn,protocol-v3,0.4,8,4,2,124,0.0057178750284947455,0.014903375005815178,879575040,0.375
71538859ff7bb1bb,svhn,ssb-v2-block,cnn,protocol-v3,0.4,8,4,2,125,0.005732791963964701,0.01503045903518796,879575040,0.3515625
71538859ff7bb1bb,svhn,ssb-v2-block,cnn,protocol-v3,0.4,8,4,2,126,0.005719208973459899,0.014934458013158292,879575040,0.40625
71538859ff7bb1bb,svhn,ssb-v2-block,cnn,protocol-v3,0.4,8,4,2,127,0.005701458023395389,0.014272750006057322,879591424,0.40625
71538859ff7bb1bb,svhn,ssb-v2-block,cnn,protocol-v3,0.4,8,4,2,128,0.005822749983053654,0.014170875016134232,879607808,0.3515625
71538859ff7bb1bb,svhn,ssb-v2-block,cnn,protocol-v3,0.4,8,4,2,129,0.005718000000342727,0.01397150004049763,879607808,0.3125
71538859ff7bb1bb,svhn,ssb-v2-block,cnn,protocol-v3,0.4,8,4,2,130,0.005742000008467585,0.014202999998815358,879607808,0.3515625
71538859ff7bb1bb,svhn,ssb-v2-block,cnn,protocol-v3,0.4,8,4,2,131,0.0057015829952433705,0.01438875001622364,879624192,0.3203125
71538859ff7bb1bb,svhn,ssb-v2-block,cnn,protocol-v3,0.4,8,4,2,132,0.005733207974117249,0.015038999961689115,879624192,0.34375
71538859ff7bb1bb,svhn,ssb-v2-block,cnn,protocol-v3,0.4,8,4,2,133,0.005719208973459899,0.014421749976463616,879624192,0.3203125
71538859ff7bb1bb,svhn,ssb-v2-block,cnn,protocol-v3,0.4,8,4,2,134,0.00574516603955999,0.01409429096383974,879624192,0.3203125
71538859ff7bb1bb,svhn,ssb-v2-block,cnn,protocol-v3,0.4,8,4,2,135,0.005704292037989944,0.01438591699115932,879624192,0.34375
71538859ff7bb1bb,svhn,ssb-v2-block,cnn,protocol-v3,0.4,8,4,2,136,0.005743124987930059,0.014095875027123839,879624192,0.3203125
71538859ff7bb1bb,svhn,ssb-v2-block,cnn,protocol-v3,0.4,8,4,2,137,0.005673374980688095,0.014014624990522861,879624192,0.390625
71538859ff7bb1bb,svhn,ssb-v2-block,cnn,protocol-v3,0.4,8,4,2,138,0.005775665980763733,0.014086792012676597,879624192,0.34375
71538859ff7bb1bb,svhn,ssb-v2-block,cnn,protocol-v3,0.4,8,4,2,139,0.005728541000280529,0.01424758299253881,879624192,0.390625
71538859ff7bb1bb,svhn,ssb-v2-block,cnn,protocol-v3,0.4,8,4,2,140,0.005746499984525144,0.014306958008091897,879640576,0.3984375
71538859ff7bb1bb,svhn,ssb-v2-block,cnn,protocol-v3,0.4,8,4,2,141,0.0057098749675787985,0.014361499983351678,879640576,0.3984375
71538859ff7bb1bb,svhn,ssb-v2-block,cnn,protocol-v3,0.4,8,4,2,142,0.00569487496977672,0.013982875039801002,879640576,0.421875
71538859ff7bb1bb,svhn,ssb-v2-block,cnn,protocol-v3,0.4,8,4,2,143,0.0057182080345228314,0.014000541996210814,879640576,0.3359375
71538859ff7bb1bb,svhn,ssb-v2-block,cnn,protocol-v3,0.4,8,4,2,144,0.005725124967284501,0.014397416962310672,879640576,0.3046875
71538859ff7bb1bb,svhn,ssb-v2-block,cnn,protocol-v3,0.4,8,4,2,145,0.005736958002671599,0.014129332965239882,879640576,0.3125
71538859ff7bb1bb,svhn,ssb-v2-block,cnn,protocol-v3,0.4,8,4,2,146,0.0057312920107506216,0.014254832989536226,879656960,0.328125
71538859ff7bb1bb,svhn,ssb-v2-block,cnn,protocol-v3,0.4,8,4,2,147,0.0057812079903669655,0.013935707975178957,879656960,0.4140625
71538859ff7bb1bb,svhn,ssb-v2-block,cnn,protocol-v3,0.4,8,4,2,148,0.00572495796950534,0.014028750010766089,879673344,0.390625
71538859ff7bb1bb,svhn,ssb-v2-block,cnn,protocol-v3,0.4,8,4,2,149,0.005701458023395389,0.014110290969256312,879673344,0.3671875
71538859ff7bb1bb,svhn,ssb-v2-block,cnn,protocol-v3,0.4,8,4,2,150,0.005699583038222045,0.014166208973620087,879673344,0.3203125
71538859ff7bb1bb,svhn,ssb-v2-block,cnn,protocol-v3,0.4,8,4,2,151,0.005737750034313649,0.01398479100316763,879673344,0.359375
71538859ff7bb1bb,svhn,ssb-v2-block,cnn,protocol-v3,0.4,8,4,2,152,0.005705250019673258,0.014037625049240887,879673344,0.3203125
71538859ff7bb1bb,svhn,ssb-v2-block,cnn,protocol-v3,0.4,8,4,2,153,0.005706041993107647,0.013968540995847434,879689728,0.3984375
71538859ff7bb1bb,svhn,ssb-v2-block,cnn,protocol-v3,0.4,8,4,2,154,0.005717749998439103,0.014456500008236617,879689728,0.3828125
71538859ff7bb1bb,svhn,ssb-v2-block,cnn,protocol-v3,0.4,8,4,2,155,0.005705583957023919,0.01531770802102983,879689728,0.4921875
71538859ff7bb1bb,svhn,ssb-v2-block,cnn,protocol-v3,0.4,8,4,2,156,0.0057591249933466315,0.014631583995651454,879689728,0.3984375
71538859ff7bb1bb,svhn,ssb-v2-block,cnn,protocol-v3,0.4,8,4,2,157,0.005690582969691604,0.014110042015090585,879689728,0.375
71538859ff7bb1bb,svhn,ssb-v2-block,cnn,protocol-v3,0.4,8,4,2,158,0.005708167038392276,0.014118583989329636,879689728,0.421875
71538859ff7bb1bb,svhn,ssb-v2-block,cnn,protocol-v3,0.4,8,4,2,159,0.0057200409937649965,0.014257917006034404,879689728,0.3828125
71538859ff7bb1bb,svhn,ssb-v2-block,cnn,protocol-v3,0.4,8,4,2,160,0.005717459018342197,0.014130708004813641,879689728,0.375
71538859ff7bb1bb,svhn,ssb-v2-block,cnn,protocol-v3,0.4,8,4,2,161,0.005705874995328486,0.014807957981247455,879689728,0.359375
71538859ff7bb1bb,svhn,ssb-v2-block,cnn,protocol-v3,0.4,8,4,2,162,0.0057244159979745746,0.014654958038590848,879689728,0.3984375
71538859ff7bb1bb,svhn,ssb-v2-block,cnn,protocol-v3,0.4,8,4,2,163,0.005724832997657359,0.013898875040467829,879706112,0.375
71538859ff7bb1bb,svhn,ssb-v2-block,cnn,protocol-v3,0.4,8,4,2,164,0.005716624960768968,0.014260165975429118,879706112,0.4140625
71538859ff7bb1bb,svhn,ssb-v2-block,cnn,protocol-v3,0.4,8,4,2,165,0.005726625036913902,0.014270083047449589,879706112,0.40625
71538859ff7bb1bb,svhn,ssb-v2-block,cnn,protocol-v3,0.4,8,4,2,166,0.0058459999854676425,0.01414329098770395,879722496,0.4765625
71538859ff7bb1bb,svhn,ssb-v2-block,cnn,protocol-v3,0.4,8,4,2,167,0.005727082956582308,0.014012624975293875,879722496,0.4375
71538859ff7bb1bb,svhn,ssb-v2-block,cnn,protocol-v3,0.4,8,4,2,168,0.005709333054255694,0.014081750006880611,879722496,0.390625
71538859ff7bb1bb,svhn,ssb-v2-block,cnn,protocol-v3,0.4,8,4,2,169,0.005691375001333654,0.014221917022950947,879722496,0.4453125
71538859ff7bb1bb,svhn,ssb-v2-block,cnn,protocol-v3,0.4,8,4,2,170,0.005723499984014779,0.01432029198622331,879722496,0.4296875
71538859ff7bb1bb,svhn,ssb-v2-block,cnn,protocol-v3,0.4,8,4,2,171,0.005722458008676767,0.013941457960754633,879738880,0.4140625
71538859ff7bb1bb,svhn,ssb-v2-block,cnn,protocol-v3,0.4,8,4,2,172,0.005720374989323318,0.014492500049527735,879755264,0.421875
71538859ff7bb1bb,svhn,ssb-v2-block,cnn,protocol-v3,0.4,8,4,2,173,0.005712207988835871,0.014700375031679869,879755264,0.40625
71538859ff7bb1bb,svhn,ssb-v2-block,cnn,protocol-v3,0.4,8,4,2,174,0.005739749991334975,0.014057000051252544,879771648,0.328125
71538859ff7bb1bb,svhn,ssb-v2-block,cnn,protocol-v3,0.4,8,4,2,175,0.005699708010070026,0.014270040963310748,879771648,0.390625
71538859ff7bb1bb,svhn,ssb-v2-block,cnn,protocol-v3,0.4,8,4,2,176,0.005700415989849716,0.014070542005356401,879771648,0.3828125
71538859ff7bb1bb,svhn,ssb-v2-block,cnn,protocol-v3,0.4,8,4,2,177,0.0057167079648934305,0.014223625010345131,879771648,0.5
71538859ff7bb1bb,svhn,ssb-v2-block,cnn,protocol-v3,0.4,8,4,2,178,0.005721166031435132,0.014763250015676022,879771648,0.46875
71538859ff7bb1bb,svhn,ssb-v2-block,cnn,protocol-v3,0.4,8,4,2,179,0.005727541982196271,0.01400462503079325,879771648,0.4375
71538859ff7bb1bb,svhn,ssb-v2-block,cnn,protocol-v3,0.4,8,4,2,180,0.005712832964491099,0.01419991604052484,879771648,0.4609375
71538859ff7bb1bb,svhn,ssb-v2-block,cnn,protocol-v3,0.4,8,4,2,181,0.005688333010766655,0.013911709014791995,879771648,0.3671875
71538859ff7bb1bb,svhn,ssb-v2-block,cnn,protocol-v3,0.4,8,4,2,182,0.005711792036890984,0.014185375010129064,879771648,0.453125
71538859ff7bb1bb,svhn,ssb-v2-block,cnn,protocol-v3,0.4,8,4,2,183,0.005755250051151961,0.014230750035494566,879771648,0.5234375
71538859ff7bb1bb,svhn,ssb-v2-block,cnn,protocol-v3,0.4,8,4,2,184,0.005710500001441687,0.01439616602146998,879771648,0.359375
71538859ff7bb1bb,svhn,ssb-v2-block,cnn,protocol-v3,0.4,8,4,2,185,0.0057124170125462115,0.014143250009510666,879771648,0.4453125
71538859ff7bb1bb,svhn,ssb-v2-block,cnn,protocol-v3,0.4,8,4,2,186,0.005686999997124076,0.01420683297328651,879771648,0.5703125
71538859ff7bb1bb,svhn,ssb-v2-block,cnn,protocol-v3,0.4,8,4,2,187,0.005693832994438708,0.014423249987885356,879771648,0.4609375
71538859ff7bb1bb,svhn,ssb-v2-block,cnn,protocol-v3,0.4,8,4,2,188,0.005868791951797903,0.015023332962300628,879788032,0.4609375
71538859ff7bb1bb,svhn,ssb-v2-block,cnn,protocol-v3,0.4,8,4,2,189,0.005683958996087313,0.013920500001404434,879788032,0.359375
71538859ff7bb1bb,svhn,ssb-v2-block,cnn,protocol-v3,0.4,8,4,2,190,0.0057370830327272415,0.014231250039301813,879788032,0.3671875
71538859ff7bb1bb,svhn,ssb-v2-block,cnn,protocol-v3,0.4,8,4,2,191,0.005707250034902245,0.014189958979841322,879788032,0.4140625
71538859ff7bb1bb,svhn,ssb-v2-block,cnn,protocol-v3,0.4,8,4,2,192,0.005727000010665506,0.014135000004898757,879788032,0.484375
71538859ff7bb1bb,svhn,ssb-v2-block,cnn,protocol-v3,0.4,8,4,2,193,0.005741541972383857,0.014168250025250018,879788032,0.453125
71538859ff7bb1bb,svhn,ssb-v2-block,cnn,protocol-v3,0.4,8,4,2,194,0.005692749982699752,0.01399116701213643,879788032,0.4375
71538859ff7bb1bb,svhn,ssb-v2-block,cnn,protocol-v3,0.4,8,4,2,195,0.005817792029120028,0.014221124991308898,879788032,0.3515625
71538859ff7bb1bb,svhn,ssb-v2-block,cnn,protocol-v3,0.4,8,4,2,196,0.005871083005331457,0.014265457983128726,879804416,0.25
71538859ff7bb1bb,svhn,ssb-v2-block,cnn,protocol-v3,0.4,8,4,2,197,0.005747082992456853,0.014238000032491982,879804416,0.2734375
71538859ff7bb1bb,svhn,ssb-v2-block,cnn,protocol-v3,0.4,8,4,2,198,0.0057789579732343554,0.014205874991603196,879804416,0.234375
71538859ff7bb1bb,svhn,ssb-v2-block,cnn,protocol-v3,0.4,8,4,2,199,0.005748624971602112,0.014244207995943725,879804416,0.1640625
71538859ff7bb1bb,svhn,ssb-v2-block,cnn,protocol-v3,0.4,8,4,2,200,0.005764875037129968,0.013923958991654217,879820800,0.15625
71538859ff7bb1bb,svhn,ssb-v2-block,cnn,protocol-v3,0.4,8,4,2,201,0.005709042015951127,0.014211250003427267,879820800,0.0546875
71538859ff7bb1bb,svhn,ssb-v2-block,cnn,protocol-v3,0.4,8,4,2,202,0.005903207988012582,0.014623166003730148,879820800,0.140625
71538859ff7bb1bb,svhn,ssb-v2-block,cnn,protocol-v3,0.4,8,4,2,203,0.005782457999885082,0.01438887498807162,879820800,0.1953125
71538859ff7bb1bb,svhn,ssb-v2-block,cnn,protocol-v3,0.4,8,4,2,204,0.005732540972530842,0.01408924994757399,879820800,0.2109375
71538859ff7bb1bb,svhn,ssb-v2-block,cnn,protocol-v3,0.4,8,4,2,205,0.005728582968004048,0.015011250041425228,879820800,0.234375
71538859ff7bb1bb,svhn,ssb-v2-block,cnn,protocol-v3,0.4,8,4,2,206,0.005736832972615957,0.013848625007085502,879820800,0.2734375
71538859ff7bb1bb,svhn,ssb-v2-block,cnn,protocol-v3,0.4,8,4,2,207,0.005780375038739294,0.01408083300339058,879820800,0.3671875
71538859ff7bb1bb,svhn,ssb-v2-block,cnn,protocol-v3,0.4,8,4,2,208,0.005740459018852562,0.013881874969229102,879820800,0.3046875
71538859ff7bb1bb,svhn,ssb-v2-block,cnn,protocol-v3,0.4,8,4,2,209,0.005740292021073401,0.013966583006549627,879820800,0.34375
71538859ff7bb1bb,svhn,ssb-v2-block,cnn,protocol-v3,0.4,8,4,2,210,0.005697167012840509,0.01433299999916926,879837184,0.3125
71538859ff7bb1bb,svhn,ssb-v2-block,cnn,protocol-v3,0.4,8,4,2,211,0.005738249979913235,0.014030500024091452,879837184,0.3203125
71538859ff7bb1bb,svhn,ssb-v2-block,cnn,protocol-v3,0.4,8,4,2,212,0.005727833020500839,0.014172333001624793,879837184,0.3203125
71538859ff7bb1bb,svhn,ssb-v2-block,cnn,protocol-v3,0.4,8,4,2,213,0.005692709004506469,0.014022165967617184,879837184,0.3125
71538859ff7bb1bb,svhn,ssb-v2-block,cnn,protocol-v3,0.4,8,4,2,214,0.005762499989941716,0.01386720797745511,879853568,0.3671875
71538859ff7bb1bb,svhn,ssb-v2-block,cnn,protocol-v3,0.4,8,4,2,215,0.005780665960628539,0.01408762502251193,879853568,0.3515625
71538859ff7bb1bb,svhn,ssb-v2-block,cnn,protocol-v3,0.4,8,4,2,216,0.005767791997641325,0.014489958994090557,879853568,0.359375
71538859ff7bb1bb,svhn,ssb-v2-block,cnn,protocol-v3,0.4,8,4,2,217,0.0057482499978505075,0.01473766699200496,879853568,0.3984375
71538859ff7bb1bb,svhn,ssb-v2-block,cnn,protocol-v3,0.4,8,4,2,218,0.0057330839917995036,0.014563917007762939,879902720,0.4375
71538859ff7bb1bb,svhn,ssb-v2-block,cnn,protocol-v3,0.4,8,4,2,219,0.005724708025809377,0.014486000000033528,879902720,0.3828125
71538859ff7bb1bb,svhn,ssb-v2-block,cnn,protocol-v3,0.4,8,4,2,220,0.00571245898026973,0.014076917024794966,879902720,0.328125
71538859ff7bb1bb,svhn,ssb-v2-block,cnn,protocol-v3,0.4,8,4,2,221,0.005713958002161235,0.014084708993323147,879902720,0.3671875
71538859ff7bb1bb,svhn,ssb-v2-block,cnn,protocol-v3,0.4,8,4,2,222,0.005811999959405512,0.014180250000208616,879902720,0.328125
71538859ff7bb1bb,svhn,ssb-v2-block,cnn,protocol-v3,0.4,8,4,2,223,0.005758666025940329,0.014159917016513646,879902720,0.328125
71538859ff7bb1bb,svhn,ssb-v2-block,cnn,protocol-v3,0.4,8,4,2,224,0.0057204580516554415,0.014100082975346595,879902720,0.375
71538859ff7bb1bb,svhn,ssb-v2-block,cnn,protocol-v3,0.4,8,4,2,225,0.005688000004738569,0.014894167019519955,879919104,0.4453125
71538859ff7bb1bb,svhn,ssb-v2-block,cnn,protocol-v3,0.4,8,4,2,226,0.005721915978938341,0.014466124994214624,879919104,0.3671875
71538859ff7bb1bb,svhn,ssb-v2-block,cnn,protocol-v3,0.4,8,4,2,227,0.00574312504613772,0.014901832968462259,879919104,0.4375
71538859ff7bb1bb,svhn,ssb-v2-block,cnn,protocol-v3,0.4,8,4,2,228,0.005744917027186602,0.013897958968300372,879919104,0.3671875
71538859ff7bb1bb,svhn,ssb-v2-block,cnn,protocol-v3,0.4,8,4,2,229,0.005732916994020343,0.014111208030954003,879919104,0.4140625
71538859ff7bb1bb,svhn,ssb-v2-block,cnn,protocol-v3,0.4,8,4,2,230,0.005799208011012524,0.014716292032971978,879919104,0.3359375
71538859ff7bb1bb,svhn,ssb-v2-block,cnn,protocol-v3,0.4,8,4,2,231,0.005796459037810564,0.0151133329491131,879919104,0.390625
71538859ff7bb1bb,svhn,ssb-v2-block,cnn,protocol-v3,0.4,8,4,2,232,0.005741083004977554,0.014005208970047534,879919104,0.3125
71538859ff7bb1bb,svhn,ssb-v2-block,cnn,protocol-v3,0.4,8,4,2,233,0.005767708993516862,0.014275875000748783,879919104,0.3984375
71538859ff7bb1bb,svhn,ssb-v2-block,cnn,protocol-v3,0.4,8,4,2,234,0.005735540995374322,0.014373957994394004,879919104,0.34375
71538859ff7bb1bb,svhn,ssb-v2-block,cnn,protocol-v3,0.4,8,4,2,235,0.005743041983805597,0.014359291992150247,879919104,0.2890625
71538859ff7bb1bb,svhn,ssb-v2-block,cnn,protocol-v3,0.4,8,4,2,236,0.005738582985941321,0.014148542017210275,879919104,0.3125
71538859ff7bb1bb,svhn,ssb-v2-block,cnn,protocol-v3,0.4,8,4,2,237,0.005740916996728629,0.01405137503752485,879919104,0.3828125
71538859ff7bb1bb,svhn,ssb-v2-block,cnn,protocol-v3,0.4,8,4,2,238,0.00573637499473989,0.014007667021360248,879935488,0.3671875
71538859ff7bb1bb,svhn,ssb-v2-block,cnn,protocol-v3,0.4,8,4,2,239,0.005717375024687499,0.014076291990932077,879935488,0.40625
71538859ff7bb1bb,svhn,ssb-v2-block,cnn,protocol-v3,0.4,8,4,2,240,0.005732791032642126,0.014705041015986353,879935488,0.4609375
71538859ff7bb1bb,svhn,ssb-v2-block,cnn,protocol-v3,0.4,8,4,2,241,0.005713791004382074,0.014394750003702939,879935488,0.4296875
71538859ff7bb1bb,svhn,ssb-v2-block,cnn,protocol-v3,0.4,8,4,2,242,0.005740792024880648,0.015217459003906697,879935488,0.3984375
71538859ff7bb1bb,svhn,ssb-v2-block,cnn,protocol-v3,0.4,8,4,2,243,0.005749625037424266,0.014293332991655916,879968256,0.3515625
71538859ff7bb1bb,svhn,ssb-v2-block,cnn,protocol-v3,0.4,8,4,2,244,0.005844666971825063,0.015106957987882197,879984640,0.4453125
71538859ff7bb1bb,svhn,ssb-v2-block,cnn,protocol-v3,0.4,8,4,2,245,0.005723249982111156,0.01425895799184218,879984640,0.4296875
71538859ff7bb1bb,svhn,ssb-v2-block,cnn,protocol-v3,0.4,8,4,2,246,0.005715875013265759,0.013867540983483195,879984640,0.375
71538859ff7bb1bb,svhn,ssb-v2-block,cnn,protocol-v3,0.4,8,4,2,247,0.005715499981306493,0.014079167041927576,880001024,0.4453125
71538859ff7bb1bb,svhn,ssb-v2-block,cnn,protocol-v3,0.4,8,4,2,248,0.005724332993850112,0.014202749996911734,880001024,0.421875
71538859ff7bb1bb,svhn,ssb-v2-block,cnn,protocol-v3,0.4,8,4,2,249,0.005707832984626293,0.014100707951001823,880001024,0.3515625
71538859ff7bb1bb,svhn,ssb-v2-block,cnn,protocol-v3,0.4,8,4,2,250,0.005721916037146002,0.014351749967318028,880001024,0.3359375
71538859ff7bb1bb,svhn,ssb-v2-block,cnn,protocol-v3,0.4,8,4,2,251,0.005742832960095257,0.013984457997139543,880017408,0.3359375
71538859ff7bb1bb,svhn,ssb-v2-block,cnn,protocol-v3,0.4,8,4,2,252,0.005712041980586946,0.014443000021856278,880017408,0.3671875
71538859ff7bb1bb,svhn,ssb-v2-block,cnn,protocol-v3,0.4,8,4,2,253,0.00571829202817753,0.015254250029101968,880017408,0.3515625
71538859ff7bb1bb,svhn,ssb-v2-block,cnn,protocol-v3,0.4,8,4,2,254,0.005729124997742474,0.014120583015028387,880017408,0.3515625
71538859ff7bb1bb,svhn,ssb-v2-block,cnn,protocol-v3,0.4,8,4,2,255,0.0057261670008301735,0.01470512495143339,880017408,0.34375
71538859ff7bb1bb,svhn,ssb-v2-block,cnn,protocol-v3,0.4,8,4,2,256,0.005691832979209721,0.014061708992812783,880017408,0.3515625
71538859ff7bb1bb,svhn,ssb-v2-block,cnn,protocol-v3,0.4,8,4,2,257,0.005735124985221773,0.013875708042178303,880017408,0.375
71538859ff7bb1bb,svhn,ssb-v2-block,cnn,protocol-v3,0.4,8,4,2,258,0.005765874986536801,0.014202291960828006,880017408,0.4296875
71538859ff7bb1bb,svhn,ssb-v2-block,cnn,protocol-v3,0.4,8,4,2,259,0.005691667029168457,0.01419787498889491,880017408,0.421875
71538859ff7bb1bb,svhn,ssb-v2-block,cnn,protocol-v3,0.4,8,4,2,260,0.005722375004552305,0.014032333041541278,880033792,0.4375
71538859ff7bb1bb,svhn,ssb-v2-block,cnn,protocol-v3,0.4,8,4,2,261,0.005702625028789043,0.013873167044948786,880033792,0.3359375
71538859ff7bb1bb,svhn,ssb-v2-block,cnn,protocol-v3,0.4,8,4,2,262,0.005733542027883232,0.01401320903096348,880050176,0.4921875
71538859ff7bb1bb,svhn,ssb-v2-block,cnn,protocol-v3,0.4,8,4,2,263,0.005711957986932248,0.014688291994389147,880050176,0.4765625
71538859ff7bb1bb,svhn,ssb-v2-block,cnn,protocol-v3,0.4,8,4,2,264,0.005729208001866937,0.01438179099932313,880050176,0.46875
71538859ff7bb1bb,svhn,ssb-v2-block,cnn,protocol-v3,0.4,8,4,2,265,0.005737958999816328,0.015009208000265062,880050176,0.390625
71538859ff7bb1bb,svhn,ssb-v2-block,cnn,protocol-v3,0.4,8,4,2,266,0.005713916965760291,0.014334541978314519,880066560,0.4765625
71538859ff7bb1bb,svhn,ssb-v2-block,cnn,protocol-v3,0.4,8,4,2,267,0.005723374953959137,0.014408792019821703,880066560,0.546875
71538859ff7bb1bb,svhn,ssb-v2-block,cnn,protocol-v3,0.4,8,4,2,268,0.00570704200072214,0.015021583996713161,880066560,0.515625
71538859ff7bb1bb,svhn,ssb-v2-block,cnn,protocol-v3,0.4,8,4,2,269,0.005722792004235089,0.014886541001033038,880066560,0.3671875
71538859ff7bb1bb,svhn,ssb-v2-block,cnn,protocol-v3,0.4,8,4,2,270,0.00571879098424688,0.014130083960480988,880066560,0.390625
71538859ff7bb1bb,svhn,ssb-v2-block,cnn,protocol-v3,0.4,8,4,2,271,0.0056823749910108745,0.013720416987780482,880082944,0.5390625
71538859ff7bb1bb,svhn,ssb-v2-block,cnn,protocol-v3,0.4,8,4,2,272,0.0057193340035155416,0.014205374987795949,880082944,0.375
71538859ff7bb1bb,svhn,ssb-v2-block,cnn,protocol-v3,0.4,8,4,2,273,0.005705457995645702,0.013891749957110733,880082944,0.4296875
71538859ff7bb1bb,svhn,ssb-v2-block,cnn,protocol-v3,0.4,8,4,2,274,0.0057218329748138785,0.013828292023390532,880082944,0.5
71538859ff7bb1bb,svhn,ssb-v2-block,cnn,protocol-v3,0.4,8,4,2,275,0.0057396250194869936,0.014411833020858467,880082944,0.46875
71538859ff7bb1bb,svhn,ssb-v2-block,cnn,protocol-v3,0.4,8,4,2,276,0.0057814999599941075,0.014285625016782433,880082944,0.5390625
71538859ff7bb1bb,svhn,ssb-v2-block,cnn,protocol-v3,0.4,8,4,2,277,0.005738374951761216,0.013910958950873464,880099328,0.4453125
71538859ff7bb1bb,svhn,ssb-v2-block,cnn,protocol-v3,0.4,8,4,2,278,0.0057095420197583735,0.013965666992589831,880099328,0.5078125
71538859ff7bb1bb,svhn,ssb-v2-block,cnn,protocol-v3,0.4,8,4,2,279,0.005678583984263241,0.014331875019706786,880099328,0.515625
71538859ff7bb1bb,svhn,ssb-v2-block,cnn,protocol-v3,0.4,8,4,2,280,0.005851791996974498,0.014882666990160942,880099328,0.4765625
71538859ff7bb1bb,svhn,ssb-v2-block,cnn,protocol-v3,0.4,8,4,2,281,0.005714875005651265,0.014887541008647531,880099328,0.5
71538859ff7bb1bb,svhn,ssb-v2-block,cnn,protocol-v3,0.4,8,4,2,282,0.005709666002076119,0.01430575002450496,880099328,0.4140625
71538859ff7bb1bb,svhn,ssb-v2-block,cnn,protocol-v3,0.4,8,4,2,283,0.005755916005000472,0.01467637496534735,880099328,0.4765625
71538859ff7bb1bb,svhn,ssb-v2-block,cnn,protocol-v3,0.4,8,4,2,284,0.005682749964762479,0.014854332956019789,880115712,0.5
71538859ff7bb1bb,svhn,ssb-v2-block,cnn,protocol-v3,0.4,8,4,2,285,0.005737208004575223,0.014850000035949051,880115712,0.546875
71538859ff7bb1bb,svhn,ssb-v2-block,cnn,protocol-v3,0.4,8,4,2,286,0.005756332946475595,0.014788499975111336,880115712,0.5234375
71538859ff7bb1bb,svhn,ssb-v2-block,cnn,protocol-v3,0.4,8,4,2,287,0.005749707983341068,0.015603457984980196,880132096,0.5390625
71538859ff7bb1bb,svhn,ssb-v2-block,cnn,protocol-v3,0.4,8,4,2,288,0.0060149579658173025,0.01412479201098904,880132096,0.453125
71538859ff7bb1bb,svhn,ssb-v2-block,cnn,protocol-v3,0.4,8,4,2,289,0.005680416012182832,0.015423165983520448,880132096,0.53125
71538859ff7bb1bb,svhn,ssb-v2-block,cnn,protocol-v3,0.4,8,4,2,290,0.005687208031304181,0.014511583023704588,880132096,0.5546875
71538859ff7bb1bb,svhn,ssb-v2-block,cnn,protocol-v3,0.4,8,4,2,291,0.005704124982003123,0.014236874994821846,880132096,0.515625
71538859ff7bb1bb,svhn,ssb-v2-block,cnn,protocol-v3,0.4,8,4,2,292,0.005711457983125001,0.014239042007829994,880132096,0.46875
71538859ff7bb1bb,svhn,ssb-v2-block,cnn,protocol-v3,0.4,8,4,2,293,0.005763583001680672,0.01497675001155585,880132096,0.5703125
71538859ff7bb1bb,svhn,ssb-v2-block,cnn,protocol-v3,0.4,8,4,2,294,0.00569208397064358,0.014568582992069423,880132096,0.515625
71538859ff7bb1bb,svhn,ssb-v2-block,cnn,protocol-v3,0.4,8,4,2,295,0.005677625013049692,0.015250291035044938,880132096,0.5703125
71538859ff7bb1bb,svhn,ssb-v2-block,cnn,protocol-v3,0.4,8,4,2,296,0.005692083039321005,0.014286916994024068,880132096,0.453125
71538859ff7bb1bb,svhn,ssb-v2-block,cnn,protocol-v3,0.4,8,4,2,297,0.005683708004653454,0.01472549996105954,880148480,0.4609375
71538859ff7bb1bb,svhn,ssb-v2-block,cnn,protocol-v3,0.4,8,4,2,298,0.005751665972638875,0.015198917011730373,880148480,0.4609375
71538859ff7bb1bb,svhn,ssb-v2-block,cnn,protocol-v3,0.4,8,4,2,299,0.006249458994716406,0.014091124990954995,880148480,0.515625
71538859ff7bb1bb,svhn,ssb-v2-block,cnn,protocol-v3,0.4,8,4,2,300,0.005729582975618541,0.014918332977686077,880148480,0.4453125
71538859ff7bb1bb,svhn,ssb-v2-block,cnn,protocol-v3,0.4,8,4,2,301,0.005713416961953044,0.0150664999964647,880164864,0.5390625
71538859ff7bb1bb,svhn,ssb-v2-block,cnn,protocol-v3,0.4,8,4,2,302,0.005724541959352791,0.014287875033915043,880164864,0.4921875
71538859ff7bb1bb,svhn,ssb-v2-block,cnn,protocol-v3,0.4,8,4,2,303,0.005716083978768438,0.013919459015596658,880164864,0.5234375
71538859ff7bb1bb,svhn,ssb-v2-block,cnn,protocol-v3,0.4,8,4,2,304,0.005715041013900191,0.014489750028587878,880164864,0.5234375
71538859ff7bb1bb,svhn,ssb-v2-block,cnn,protocol-v3,0.4,8,4,2,305,0.005701666988898069,0.014496124989818782,880164864,0.515625
71538859ff7bb1bb,svhn,ssb-v2-block,cnn,protocol-v3,0.4,8,4,2,306,0.006075625016819686,0.014906333002727479,880181248,0.453125
71538859ff7bb1bb,svhn,ssb-v2-block,cnn,protocol-v3,0.4,8,4,2,307,0.005708957964088768,0.01429000002099201,880181248,0.4921875
71538859ff7bb1bb,svhn,ssb-v2-block,cnn,protocol-v3,0.4,8,4,2,308,0.005832374969031662,0.014146791014354676,880197632,0.46875
71538859ff7bb1bb,svhn,ssb-v2-block,cnn,protocol-v3,0.4,8,4,2,309,0.005735833023209125,0.014237541996408254,880197632,0.3984375
71538859ff7bb1bb,svhn,ssb-v2-block,cnn,protocol-v3,0.4,8,4,2,310,0.005718042026273906,0.01502275001257658,880197632,0.4765625
71538859ff7bb1bb,svhn,ssb-v2-block,cnn,protocol-v3,0.4,8,4,2,311,0.005739415995776653,0.014849792001768947,880197632,0.453125
71538859ff7bb1bb,svhn,ssb-v2-block,cnn,protocol-v3,0.4,8,4,2,312,0.0057406669948250055,0.014390666969120502,880197632,0.3984375
71538859ff7bb1bb,svhn,ssb-v2-block,cnn,protocol-v3,0.4,8,4,2,313,0.0057482499978505075,0.014209792017936707,880197632,0.3515625
71538859ff7bb1bb,svhn,ssb-v2-block,cnn,protocol-v3,0.4,8,4,2,314,0.005695917003322393,0.014082915964536369,880214016,0.4453125
71538859ff7bb1bb,svhn,ssb-v2-block,cnn,protocol-v3,0.4,8,4,2,315,0.0057485419674776495,0.014051040983758867,880214016,0.5234375
71538859ff7bb1bb,svhn,ssb-v2-block,cnn,protocol-v3,0.4,8,4,2,316,0.005718624975997955,0.014460082980804145,880230400,0.4609375
71538859ff7bb1bb,svhn,ssb-v2-block,cnn,protocol-v3,0.4,8,4,2,317,0.005713041988201439,0.014597916975617409,880230400,0.515625
71538859ff7bb1bb,svhn,ssb-v2-block,cnn,protocol-v3,0.4,8,4,2,318,0.005714792001526803,0.013955708011053503,880230400,0.53125
71538859ff7bb1bb,svhn,ssb-v2-block,cnn,protocol-v3,0.4,8,4,2,319,0.005681124981492758,0.014191458001732826,880230400,0.4296875
71538859ff7bb1bb,svhn,ssb-v2-block,cnn,protocol-v3,0.4,8,4,2,320,0.005743375048041344,0.013888375018723309,880246784,0.4765625
71538859ff7bb1bb,svhn,ssb-v2-block,cnn,protocol-v3,0.4,8,4,2,321,0.005716832994949073,0.014282290998380631,880246784,0.4765625
71538859ff7bb1bb,svhn,ssb-v2-block,cnn,protocol-v3,0.4,8,4,2,322,0.005716665997169912,0.014377292012795806,880246784,0.453125
71538859ff7bb1bb,svhn,ssb-v2-block,cnn,protocol-v3,0.4,8,4,2,323,0.005810707982163876,0.014265541976783425,880246784,0.515625
71538859ff7bb1bb,svhn,ssb-v2-block,cnn,protocol-v3,0.4,8,4,2,324,0.005728541989810765,0.01433224999345839,880263168,0.46875
71538859ff7bb1bb,svhn,ssb-v2-block,cnn,protocol-v3,0.4,8,4,2,325,0.005706749972887337,0.014144084008876234,880263168,0.4921875
71538859ff7bb1bb,svhn,ssb-v2-block,cnn,protocol-v3,0.4,8,4,2,326,0.0056924999807961285,0.01414812501752749,880263168,0.4453125
71538859ff7bb1bb,svhn,ssb-v2-block,cnn,protocol-v3,0.4,8,4,2,327,0.005751082964707166,0.014636124949902296,880263168,0.5546875
71538859ff7bb1bb,svhn,ssb-v2-block,cnn,protocol-v3,0.4,8,4,2,328,0.005672124971169978,0.0139752920367755,880263168,0.4296875
71538859ff7bb1bb,svhn,ssb-v2-block,cnn,protocol-v3,0.4,8,4,2,329,0.005721499968785793,0.014200042001903057,880263168,0.5
71538859ff7bb1bb,svhn,ssb-v2-block,cnn,protocol-v3,0.4,8,4,2,330,0.005715749983210117,0.014132875017821789,880279552,0.5703125
71538859ff7bb1bb,svhn,ssb-v2-block,cnn,protocol-v3,0.4,8,4,2,331,0.005720540997572243,0.014021624985616654,880279552,0.5234375
71538859ff7bb1bb,svhn,ssb-v2-block,cnn,protocol-v3,0.4,8,4,2,332,0.005722417030483484,0.014106874994467944,880279552,0.6328125
71538859ff7bb1bb,svhn,ssb-v2-block,cnn,protocol-v3,0.4,8,4,2,333,0.005710791971068829,0.014108666975516826,880295936,0.5625
71538859ff7bb1bb,svhn,ssb-v2-block,cnn,protocol-v3,0.4,8,4,2,334,0.005712792044505477,0.013981874973978847,880295936,0.5234375
71538859ff7bb1bb,svhn,ssb-v2-block,cnn,protocol-v3,0.4,8,4,2,335,0.005780957988463342,0.014018832996953279,880295936,0.5546875
71538859ff7bb1bb,svhn,ssb-v2-block,cnn,protocol-v3,0.4,8,4,2,336,0.005738749983720481,0.014217082993127406,880295936,0.578125
71538859ff7bb1bb,svhn,ssb-v2-block,cnn,protocol-v3,0.4,8,4,2,337,0.005723540962208062,0.014156582998111844,880295936,0.515625
71538859ff7bb1bb,svhn,ssb-v2-block,cnn,protocol-v3,0.4,8,4,2,338,0.005714791011996567,0.014456791977863759,880312320,0.53125
71538859ff7bb1bb,svhn,ssb-v2-block,cnn,protocol-v3,0.4,8,4,2,339,0.005710125027690083,0.014220416953321546,880328704,0.5390625
71538859ff7bb1bb,svhn,ssb-v2-block,cnn,protocol-v3,0.4,8,4,2,340,0.005721999972593039,0.014607166987843812,880328704,0.4765625
71538859ff7bb1bb,svhn,ssb-v2-block,cnn,protocol-v3,0.4,8,4,2,341,0.005740624968893826,0.014051958045456558,880328704,0.5
71538859ff7bb1bb,svhn,ssb-v2-block,cnn,protocol-v3,0.4,8,4,2,342,0.005714584025554359,0.01430737500777468,880328704,0.5078125
71538859ff7bb1bb,svhn,ssb-v2-block,cnn,protocol-v3,0.4,8,4,2,343,0.005713249964173883,0.01429449999704957,880328704,0.6015625
71538859ff7bb1bb,svhn,ssb-v2-block,cnn,protocol-v3,0.4,8,4,2,344,0.00570254196645692,0.014179332996718585,880328704,0.5546875
71538859ff7bb1bb,svhn,ssb-v2-block,cnn,protocol-v3,0.4,8,4,2,345,0.005718124972190708,0.014286957972217351,880328704,0.4921875
71538859ff7bb1bb,svhn,ssb-v2-block,cnn,protocol-v3,0.4,8,4,2,346,0.005713999969884753,0.013913291972130537,880328704,0.546875
71538859ff7bb1bb,svhn,ssb-v2-block,cnn,protocol-v3,0.4,8,4,2,347,0.005708707962185144,0.014128374983556569,880328704,0.4609375
71538859ff7bb1bb,svhn,ssb-v2-block,cnn,protocol-v3,0.4,8,4,2,348,0.0057583749876357615,0.014856875000987202,880328704,0.5859375
71538859ff7bb1bb,svhn,ssb-v2-block,cnn,protocol-v3,0.4,8,4,2,349,0.006044958019629121,0.014334041043184698,880345088,0.6015625
71538859ff7bb1bb,svhn,ssb-v2-block,cnn,protocol-v3,0.4,8,4,2,350,0.005712415964808315,0.013938833959400654,880345088,0.4921875
71538859ff7bb1bb,svhn,ssb-v2-block,cnn,protocol-v3,0.4,8,4,2,351,0.0057272500125691295,0.014934875012841076,880361472,0.4765625
71538859ff7bb1bb,svhn,ssb-v2-block,cnn,protocol-v3,0.4,8,4,2,352,0.005714000028092414,0.014296790992375463,880361472,0.5078125
71538859ff7bb1bb,svhn,ssb-v2-block,cnn,protocol-v3,0.4,8,4,2,353,0.0057217919966205955,0.014923417009413242,880361472,0.40625
71538859ff7bb1bb,svhn,ssb-v2-block,cnn,protocol-v3,0.4,8,4,2,354,0.005729499971494079,0.014845416008029133,880361472,0.4609375
71538859ff7bb1bb,svhn,ssb-v2-block,cnn,protocol-v3,0.4,8,4,2,355,0.005717707972507924,0.014251917018555105,880361472,0.5234375
71538859ff7bb1bb,svhn,ssb-v2-block,cnn,protocol-v3,0.4,8,4,2,356,0.005707833042833954,0.014000625000335276,880361472,0.5546875
71538859ff7bb1bb,svhn,ssb-v2-block,cnn,protocol-v3,0.4,8,4,2,357,0.005717333988286555,0.014351791993249208,880361472,0.4453125
71538859ff7bb1bb,svhn,ssb-v2-block,cnn,protocol-v3,0.4,8,4,2,358,0.005693999992217869,0.014256082999054343,880377856,0.4609375
71538859ff7bb1bb,svhn,ssb-v2-block,cnn,protocol-v3,0.4,8,4,2,359,0.005718333006370813,0.014890708960592747,880394240,0.5
71538859ff7bb1bb,svhn,ssb-v2-block,cnn,protocol-v3,0.4,8,4,2,360,0.005727333016693592,0.01459466601954773,880394240,0.484375
71538859ff7bb1bb,svhn,ssb-v2-block,cnn,protocol-v3,0.4,8,4,2,361,0.005717583000659943,0.014433040982112288,880394240,0.5625
71538859ff7bb1bb,svhn,ssb-v2-block,cnn,protocol-v3,0.4,8,4,2,362,0.005699542001821101,0.01403574994765222,880394240,0.53125
71538859ff7bb1bb,svhn,ssb-v2-block,cnn,protocol-v3,0.4,8,4,2,363,0.005814832984469831,0.014036708045750856,880394240,0.5859375
71538859ff7bb1bb,svhn,ssb-v2-block,cnn,protocol-v3,0.4,8,4,2,364,0.0056946249678730965,0.013931541005149484,880394240,0.5859375
71538859ff7bb1bb,svhn,ssb-v2-block,cnn,protocol-v3,0.4,8,4,2,365,0.005695874977391213,0.01412904099561274,880394240,0.6171875
71538859ff7bb1bb,svhn,ssb-v2-block,cnn,protocol-v3,0.4,8,4,2,366,0.00575750001007691,0.014353665988892317,880394240,0.59375
71538859ff7bb1bb,svhn,ssb-v2-block,cnn,protocol-v3,0.4,8,4,2,367,0.00579374999506399,0.01447949995053932,880410624,0.5703125
71538859ff7bb1bb,svhn,ssb-v2-block,cnn,protocol-v3,0.4,8,4,2,368,0.00577545800479129,0.014059040986467153,880410624,0.5
71538859ff7bb1bb,svhn,ssb-v2-block,cnn,protocol-v3,0.4,8,4,2,369,0.005811083014123142,0.01408233301481232,880410624,0.5859375
71538859ff7bb1bb,svhn,ssb-v2-block,cnn,protocol-v3,0.4,8,4,2,370,0.005737208994105458,0.014233457972295582,880410624,0.5859375
71538859ff7bb1bb,svhn,ssb-v2-block,cnn,protocol-v3,0.4,8,4,2,371,0.005737999978009611,0.013831500022206455,880410624,0.4609375
71538859ff7bb1bb,svhn,ssb-v2-block,cnn,protocol-v3,0.4,8,4,2,372,0.005659874994307756,0.017745167016983032,881098752,0.53125
71538859ff7bb1bb,svhn,ssb-v2-block,cnn,protocol-v3,0.4,8,4,2,373,0.005726375035010278,0.01405966596212238,881541120,0.4765625
71538859ff7bb1bb,svhn,ssb-v2-block,cnn,protocol-v3,0.4,8,4,2,374,0.005722917034290731,0.014295124972704798,881557504,0.4296875
71538859ff7bb1bb,svhn,ssb-v2-block,cnn,protocol-v3,0.4,8,4,2,375,0.005752375000156462,0.01393600000301376,881557504,0.46875
71538859ff7bb1bb,svhn,ssb-v2-block,cnn,protocol-v3,0.4,8,4,2,376,0.005674125044606626,0.013910750043578446,881557504,0.5078125
71538859ff7bb1bb,svhn,ssb-v2-block,cnn,protocol-v3,0.4,8,4,2,377,0.005795415956526995,0.015271958021912724,881557504,0.453125
71538859ff7bb1bb,svhn,ssb-v2-block,cnn,protocol-v3,0.4,8,4,2,378,0.005698875000234693,0.014570334053132683,881557504,0.4453125
71538859ff7bb1bb,svhn,ssb-v2-block,cnn,protocol-v3,0.4,8,4,2,379,0.00582162500359118,0.014208666048943996,881557504,0.4375
71538859ff7bb1bb,svhn,ssb-v2-block,cnn,protocol-v3,0.4,8,4,2,380,0.005747459013946354,0.014265625039115548,881557504,0.5625
71538859ff7bb1bb,svhn,ssb-v2-block,cnn,protocol-v3,0.4,8,4,2,381,0.005722375004552305,0.014185375010129064,881557504,0.53125
71538859ff7bb1bb,svhn,ssb-v2-block,cnn,protocol-v3,0.4,8,4,2,382,0.005800875020213425,0.01507341704564169,881573888,0.5703125
71538859ff7bb1bb,svhn,ssb-v2-block,cnn,protocol-v3,0.4,8,4,2,383,0.0058022080338560045,0.015275040990673006,881573888,0.5234375
71538859ff7bb1bb,svhn,ssb-v2-block,cnn,protocol-v3,0.4,8,4,2,384,0.005808999994769692,0.014733834017533809,881590272,0.4296875
71538859ff7bb1bb,svhn,ssb-v2-block,cnn,protocol-v3,0.4,8,4,2,385,0.005709417047910392,0.014290083025116473,881590272,0.46875
71538859ff7bb1bb,svhn,ssb-v2-block,cnn,protocol-v3,0.4,8,4,2,386,0.0057599589927122,0.0148990000016056,881590272,0.40625
71538859ff7bb1bb,svhn,ssb-v2-block,cnn,protocol-v3,0.4,8,4,2,387,0.005691124999430031,0.014282124990131706,881590272,0.3828125
71538859ff7bb1bb,svhn,ssb-v2-block,cnn,protocol-v3,0.4,8,4,2,388,0.005784458946436644,0.014775499992538244,881590272,0.4140625
71538859ff7bb1bb,svhn,ssb-v2-block,cnn,protocol-v3,0.4,8,4,2,389,0.005666417011525482,0.014850125007797033,881590272,0.46875
71538859ff7bb1bb,svhn,ssb-v2-block,cnn,protocol-v3,0.4,8,4,2,390,0.005727749958168715,0.014918665983714163,881590272,0.515625
71538859ff7bb1bb,svhn,ssb-v2-block,cnn,protocol-v3,0.4,8,4,2,391,0.005697667016647756,0.014207832980901003,881590272,0.4609375
71538859ff7bb1bb,svhn,ssb-v2-block,cnn,protocol-v3,0.4,8,4,2,392,0.005734582955483347,0.013867542031221092,881590272,0.5078125
71538859ff7bb1bb,svhn,ssb-v2-block,cnn,protocol-v3,0.4,8,4,2,393,0.005717833002563566,0.014107667026109993,881590272,0.4921875
71538859ff7bb1bb,svhn,ssb-v2-block,cnn,protocol-v3,0.4,8,4,2,394,0.005730708944611251,0.014282000018283725,881590272,0.53125
71538859ff7bb1bb,svhn,ssb-v2-block,cnn,protocol-v3,0.4,8,4,2,395,0.005725625029299408,0.01374908402794972,881590272,0.484375
71538859ff7bb1bb,svhn,ssb-v2-block,cnn,protocol-v3,0.4,8,4,2,396,0.005741125030908734,0.01399879198288545,881590272,0.484375
71538859ff7bb1bb,svhn,ssb-v2-block,cnn,protocol-v3,0.4,8,4,2,397,0.005729291995521635,0.01400479202857241,881606656,0.4609375
71538859ff7bb1bb,svhn,ssb-v2-block,cnn,protocol-v3,0.4,8,4,2,398,0.005795208970084786,0.01402275002328679,881606656,0.515625
71538859ff7bb1bb,svhn,ssb-v2-block,cnn,protocol-v3,0.4,8,4,2,399,0.005722584028262645,0.014233625028282404,881606656,0.46875
71538859ff7bb1bb,svhn,ssb-v2-block,cnn,protocol-v3,0.4,8,4,2,400,0.005712375044822693,0.014214749971870333,881606656,0.4296875
71538859ff7bb1bb,svhn,ssb-v2-block,cnn,protocol-v3,0.4,8,4,2,401,0.00572683394420892,0.014141874969936907,881606656,0.4140625
71538859ff7bb1bb,svhn,ssb-v2-block,cnn,protocol-v3,0.4,8,4,2,402,0.0057029579766094685,0.013891917013097554,881606656,0.3515625
71538859ff7bb1bb,svhn,ssb-v2-block,cnn,protocol-v3,0.4,8,4,2,403,0.005734207981731743,0.014124541950877756,881606656,0.3671875
71538859ff7bb1bb,svhn,ssb-v2-block,cnn,protocol-v3,0.4,8,4,2,404,0.005711250007152557,0.014646624971646816,881606656,0.4453125
71538859ff7bb1bb,svhn,ssb-v2-block,cnn,protocol-v3,0.4,8,4,2,405,0.0057217919966205955,0.014748207991942763,881623040,0.4921875
71538859ff7bb1bb,svhn,ssb-v2-block,cnn,protocol-v3,0.4,8,4,2,406,0.0056997499777935445,0.014944916998501867,881623040,0.5078125
71538859ff7bb1bb,svhn,ssb-v2-block,cnn,protocol-v3,0.4,8,4,2,407,0.0057097909739241,0.014188542030751705,881639424,0.453125
71538859ff7bb1bb,svhn,ssb-v2-block,cnn,protocol-v3,0.4,8,4,2,408,0.0057894589845091105,0.014182041981257498,881639424,0.484375
71538859ff7bb1bb,svhn,ssb-v2-block,cnn,protocol-v3,0.4,8,4,2,409,0.0058162499917671084,0.013945791986770928,881639424,0.421875
71538859ff7bb1bb,svhn,ssb-v2-block,cnn,protocol-v3,0.4,8,4,2,410,0.005712750018574297,0.014137042046058923,881639424,0.4765625
71538859ff7bb1bb,svhn,ssb-v2-block,cnn,protocol-v3,0.4,8,4,2,411,0.0057243750197812915,0.01377841696375981,881639424,0.578125
71538859ff7bb1bb,svhn,ssb-v2-block,cnn,protocol-v3,0.4,8,4,2,412,0.005684375006239861,0.013907959044445306,881639424,0.515625
71538859ff7bb1bb,svhn,ssb-v2-block,cnn,protocol-v3,0.4,8,4,2,413,0.005717625026591122,0.014183332968968898,881639424,0.484375
71538859ff7bb1bb,svhn,ssb-v2-block,cnn,protocol-v3,0.4,8,4,2,414,0.005735875049140304,0.014153124997392297,881639424,0.4296875
71538859ff7bb1bb,svhn,ssb-v2-block,cnn,protocol-v3,0.4,8,4,2,415,0.005701999994926155,0.014903541014064103,881639424,0.5
71538859ff7bb1bb,svhn,ssb-v2-block,cnn,protocol-v3,0.4,8,4,2,416,0.005714666971471161,0.015077957999892533,881639424,0.4609375
71538859ff7bb1bb,svhn,ssb-v2-block,cnn,protocol-v3,0.4,8,4,2,417,0.0057084159925580025,0.014192542003002018,881639424,0.46875
71538859ff7bb1bb,svhn,ssb-v2-block,cnn,protocol-v3,0.4,8,4,2,418,0.005707875010557473,0.014213833026587963,881639424,0.546875
71538859ff7bb1bb,svhn,ssb-v2-block,cnn,protocol-v3,0.4,8,4,2,419,0.005697624990716577,0.014997291029430926,881639424,0.4765625
71538859ff7bb1bb,svhn,ssb-v2-block,cnn,protocol-v3,0.4,8,4,2,420,0.0056831249967217445,0.014749291993211955,881639424,0.53125
71538859ff7bb1bb,svhn,ssb-v2-block,cnn,protocol-v3,0.4,8,4,2,421,0.0057420829543843865,0.014194707968272269,881639424,0.5390625
71538859ff7bb1bb,svhn,ssb-v2-block,cnn,protocol-v3,0.4,8,4,2,422,0.005730334029067308,0.014327083015814424,881639424,0.59375
71538859ff7bb1bb,svhn,ssb-v2-block,cnn,protocol-v3,0.4,8,4,2,423,0.005713958002161235,0.01406125002540648,881639424,0.5859375
71538859ff7bb1bb,svhn,ssb-v2-block,cnn,protocol-v3,0.4,8,4,2,424,0.0057033749762922525,0.014161208004225045,881639424,0.5234375
71538859ff7bb1bb,svhn,ssb-v2-block,cnn,protocol-v3,0.4,8,4,2,425,0.005713708000257611,0.014423250046093017,881655808,0.5546875
71538859ff7bb1bb,svhn,ssb-v2-block,cnn,protocol-v3,0.4,8,4,2,426,0.005706374999135733,0.014218792028259486,881655808,0.578125
71538859ff7bb1bb,svhn,ssb-v2-block,cnn,protocol-v3,0.4,8,4,2,427,0.005725374969188124,0.01440591603750363,881655808,0.484375
71538859ff7bb1bb,svhn,ssb-v2-block,cnn,protocol-v3,0.4,8,4,2,428,0.005715666979085654,0.01461449998896569,881655808,0.546875
71538859ff7bb1bb,svhn,ssb-v2-block,cnn,protocol-v3,0.4,8,4,2,429,0.005729041004087776,0.014442666957620531,881672192,0.484375
71538859ff7bb1bb,svhn,ssb-v2-block,cnn,protocol-v3,0.4,8,4,2,430,0.005725916009396315,0.014202499995008111,881672192,0.546875
71538859ff7bb1bb,svhn,ssb-v2-block,cnn,protocol-v3,0.4,8,4,2,431,0.0057119999546557665,0.01394662499660626,881672192,0.5390625
71538859ff7bb1bb,svhn,ssb-v2-block,cnn,protocol-v3,0.4,8,4,2,432,0.005711749952752143,0.014053500024601817,881672192,0.5546875
71538859ff7bb1bb,svhn,ssb-v2-block,cnn,protocol-v3,0.4,8,4,2,433,0.0057580830180086195,0.01431208400754258,881672192,0.5234375
71538859ff7bb1bb,svhn,ssb-v2-block,cnn,protocol-v3,0.4,8,4,2,434,0.005712667014449835,0.014062500034924597,881672192,0.5234375
71538859ff7bb1bb,svhn,ssb-v2-block,cnn,protocol-v3,0.4,8,4,2,435,0.005737542000133544,0.014093417034018785,881672192,0.546875
71538859ff7bb1bb,svhn,ssb-v2-block,cnn,protocol-v3,0.4,8,4,2,436,0.005721374996937811,0.013957375020254403,881672192,0.640625
71538859ff7bb1bb,svhn,ssb-v2-block,cnn,protocol-v3,0.4,8,4,2,437,0.005717000050935894,0.014053874998353422,881672192,0.5625
71538859ff7bb1bb,svhn,ssb-v2-block,cnn,protocol-v3,0.4,8,4,2,438,0.005713667022064328,0.014040417037904263,881672192,0.5078125
71538859ff7bb1bb,svhn,ssb-v2-block,cnn,protocol-v3,0.4,8,4,2,439,0.005707165983039886,0.015199084009509534,881672192,0.5859375
71538859ff7bb1bb,svhn,ssb-v2-block,cnn,protocol-v3,0.4,8,4,2,440,0.005736124992836267,0.01498741703107953,881688576,0.5546875
71538859ff7bb1bb,svhn,ssb-v2-block,cnn,protocol-v3,0.4,8,4,2,441,0.005726166011299938,0.01430362497922033,881688576,0.40625
71538859ff7bb1bb,svhn,ssb-v2-block,cnn,protocol-v3,0.4,8,4,2,442,0.005714458005968481,0.014136999961920083,881688576,0.4375
71538859ff7bb1bb,svhn,ssb-v2-block,cnn,protocol-v3,0.4,8,4,2,443,0.005703250004444271,0.014223165984731168,881688576,0.4453125
71538859ff7bb1bb,svhn,ssb-v2-block,cnn,protocol-v3,0.4,8,4,2,444,0.005711957986932248,0.013972958025988191,881688576,0.3125
71538859ff7bb1bb,svhn,ssb-v2-block,cnn,protocol-v3,0.4,8,4,2,445,0.005800625018309802,0.013928749947808683,881688576,0.515625
71538859ff7bb1bb,svhn,ssb-v2-block,cnn,protocol-v3,0.4,8,4,2,446,0.005808042013086379,0.01423112500924617,881688576,0.390625
71538859ff7bb1bb,svhn,ssb-v2-block,cnn,protocol-v3,0.4,8,4,2,447,0.005715041013900191,0.014106124988757074,881688576,0.53125
71538859ff7bb1bb,svhn,ssb-v2-block,cnn,protocol-v3,0.4,8,4,2,448,0.005706041003577411,0.014372583013027906,881688576,0.4921875
71538859ff7bb1bb,svhn,ssb-v2-block,cnn,protocol-v3,0.4,8,4,2,449,0.005716874962672591,0.015393000037875026,881688576,0.46875
71538859ff7bb1bb,svhn,ssb-v2-block,cnn,protocol-v3,0.4,8,4,2,450,0.00570929201785475,0.014161332976073027,881688576,0.53125
71538859ff7bb1bb,svhn,ssb-v2-block,cnn,protocol-v3,0.4,8,4,2,451,0.00570162502117455,0.014035832951776683,881688576,0.46875
71538859ff7bb1bb,svhn,ssb-v2-block,cnn,protocol-v3,0.4,8,4,2,452,0.00571074994513765,0.01391712500480935,881688576,0.4140625
71538859ff7bb1bb,svhn,ssb-v2-block,cnn,protocol-v3,0.4,8,4,2,453,0.005730042001232505,0.014166667009703815,881688576,0.4453125
71538859ff7bb1bb,svhn,ssb-v2-block,cnn,protocol-v3,0.4,8,4,2,454,0.005715542007237673,0.014161334023810923,881688576,0.3515625
71538859ff7bb1bb,svhn,ssb-v2-block,cnn,protocol-v3,0.4,8,4,2,455,0.005816791031975299,0.01390816702041775,881688576,0.453125
71538859ff7bb1bb,svhn,ssb-v2-block,cnn,protocol-v3,0.4,8,4,2,456,0.0057099160039797425,0.013799500011373311,881688576,0.4765625
71538859ff7bb1bb,svhn,ssb-v2-block,cnn,protocol-v3,0.4,8,4,2,457,0.005766833026427776,0.014129042043350637,881704960,0.5
71538859ff7bb1bb,svhn,ssb-v2-block,cnn,protocol-v3,0.4,8,4,2,458,0.00575599999865517,0.014253542001824826,881704960,0.515625
71538859ff7bb1bb,svhn,ssb-v2-block,cnn,protocol-v3,0.4,8,4,2,459,0.005717749998439103,0.013990874984301627,881704960,0.4375
71538859ff7bb1bb,svhn,ssb-v2-block,cnn,protocol-v3,0.4,8,4,2,460,0.005695917003322393,0.014005667006131262,881704960,0.40625
71538859ff7bb1bb,svhn,ssb-v2-block,cnn,protocol-v3,0.4,8,4,2,461,0.005748916999436915,0.014541665965225548,881704960,0.4765625
71538859ff7bb1bb,svhn,ssb-v2-block,cnn,protocol-v3,0.4,8,4,2,462,0.005710125027690083,0.015052958042360842,881704960,0.515625
71538859ff7bb1bb,svhn,ssb-v2-block,cnn,protocol-v3,0.4,8,4,2,463,0.005740375025197864,0.014306708995718509,881704960,0.5
71538859ff7bb1bb,svhn,ssb-v2-block,cnn,protocol-v3,0.4,8,4,2,464,0.005720999964978546,0.014201875019352883,881704960,0.5234375
71538859ff7bb1bb,svhn,ssb-v2-block,cnn,protocol-v3,0.4,8,4,2,465,0.005848083004821092,0.01402066700393334,881704960,0.515625
71538859ff7bb1bb,svhn,ssb-v2-block,cnn,protocol-v3,0.4,8,4,2,466,0.005819624988362193,0.01413304201560095,881737728,0.515625
71538859ff7bb1bb,svhn,ssb-v2-block,cnn,protocol-v3,0.4,8,4,2,467,0.005703708971850574,0.013907083950471133,881737728,0.5859375
71538859ff7bb1bb,svhn,ssb-v2-block,cnn,protocol-v3,0.4,8,4,2,468,0.005701957968994975,0.014743375009857118,881737728,0.5859375
71538859ff7bb1bb,svhn,ssb-v2-block,cnn,protocol-v3,0.4,8,4,2,469,0.005714625003747642,0.014850875013507903,881737728,0.53125
71538859ff7bb1bb,svhn,ssb-v2-block,cnn,protocol-v3,0.4,8,4,2,470,0.005719832959584892,0.015369708009529859,881737728,0.59375
71538859ff7bb1bb,svhn,ssb-v2-block,cnn,protocol-v3,0.4,8,4,2,471,0.005766459042206407,0.014263291959650815,881737728,0.5390625
71538859ff7bb1bb,svhn,ssb-v2-block,cnn,protocol-v3,0.4,8,4,2,472,0.005707500036805868,0.014108749979641289,881737728,0.5859375
71538859ff7bb1bb,svhn,ssb-v2-block,cnn,protocol-v3,0.4,8,4,2,473,0.0057131670182570815,0.0141006670310162,881737728,0.515625
71538859ff7bb1bb,svhn,ssb-v2-block,cnn,protocol-v3,0.4,8,4,2,474,0.0057370419963262975,0.014181167003698647,881737728,0.484375
71538859ff7bb1bb,svhn,ssb-v2-block,cnn,protocol-v3,0.4,8,4,2,475,0.005701499991118908,0.014341375033836812,881754112,0.59375
71538859ff7bb1bb,svhn,ssb-v2-block,cnn,protocol-v3,0.4,8,4,2,476,0.005708709009923041,0.013936374976765364,881754112,0.65625
71538859ff7bb1bb,svhn,ssb-v2-block,cnn,protocol-v3,0.4,8,4,2,477,0.005717792024370283,0.014125917048659176,881770496,0.4375
71538859ff7bb1bb,svhn,ssb-v2-block,cnn,protocol-v3,0.4,8,4,2,478,0.005724417045712471,0.01383129198802635,881770496,0.4921875
71538859ff7bb1bb,svhn,ssb-v2-block,cnn,protocol-v3,0.4,8,4,2,479,0.00571825000224635,0.014607082994189113,881770496,0.515625
71538859ff7bb1bb,svhn,ssb-v2-block,cnn,protocol-v3,0.4,8,4,2,480,0.005722792004235089,0.015234916005283594,881770496,0.453125
71538859ff7bb1bb,svhn,ssb-v2-block,cnn,protocol-v3,0.4,8,4,2,481,0.005710666999220848,0.013998000009451061,881770496,0.4765625
71538859ff7bb1bb,svhn,ssb-v2-block,cnn,protocol-v3,0.4,8,4,2,482,0.00573412497760728,0.01377745799254626,881770496,0.65625
71538859ff7bb1bb,svhn,ssb-v2-block,cnn,protocol-v3,0.4,8,4,2,483,0.005709374963771552,0.014020000002346933,881786880,0.578125
71538859ff7bb1bb,svhn,ssb-v2-block,cnn,protocol-v3,0.4,8,4,2,484,0.005709417047910392,0.01417208299972117,881786880,0.6328125
71538859ff7bb1bb,svhn,ssb-v2-block,cnn,protocol-v3,0.4,8,4,2,485,0.005740834050811827,0.013989874976687133,881803264,0.6171875
71538859ff7bb1bb,svhn,ssb-v2-block,cnn,protocol-v3,0.4,8,4,2,486,0.005741207976825535,0.014094791025854647,881803264,0.53125
71538859ff7bb1bb,svhn,ssb-v2-block,cnn,protocol-v3,0.4,8,4,2,487,0.005727874988224357,0.014232875022571534,881803264,0.5859375
71538859ff7bb1bb,svhn,ssb-v2-block,cnn,protocol-v3,0.4,8,4,2,488,0.005753875011578202,0.014222499972674996,881803264,0.671875
71538859ff7bb1bb,svhn,ssb-v2-block,cnn,protocol-v3,0.4,8,4,2,489,0.005731708952225745,0.01429058302892372,881819648,0.5546875
71538859ff7bb1bb,svhn,ssb-v2-block,cnn,protocol-v3,0.4,8,4,2,490,0.005728250020183623,0.013818667037412524,881819648,0.5546875
71538859ff7bb1bb,svhn,ssb-v2-block,cnn,protocol-v3,0.4,8,4,2,491,0.005722625006455928,0.015173125022556633,881819648,0.59375
71538859ff7bb1bb,svhn,ssb-v2-block,cnn,protocol-v3,0.4,8,4,2,492,0.005720291053876281,0.014360458008013666,881819648,0.640625
71538859ff7bb1bb,svhn,ssb-v2-block,cnn,protocol-v3,0.4,8,4,2,493,0.005718458967749029,0.014853083004709333,881819648,0.59375
71538859ff7bb1bb,svhn,ssb-v2-block,cnn,protocol-v3,0.4,8,4,2,494,0.00569783296668902,0.01421062502777204,881819648,0.6484375
71538859ff7bb1bb,svhn,ssb-v2-block,cnn,protocol-v3,0.4,8,4,2,495,0.005746249982621521,0.014111042022705078,881819648,0.515625
71538859ff7bb1bb,svhn,ssb-v2-block,cnn,protocol-v3,0.4,8,4,2,496,0.005828999972436577,0.014078125008381903,881819648,0.5703125
71538859ff7bb1bb,svhn,ssb-v2-block,cnn,protocol-v3,0.4,8,4,2,497,0.005708083976060152,0.01414066698634997,881819648,0.5546875
71538859ff7bb1bb,svhn,ssb-v2-block,cnn,protocol-v3,0.4,8,4,2,498,0.005727625044528395,0.01406800001859665,881819648,0.4921875
71538859ff7bb1bb,svhn,ssb-v2-block,cnn,protocol-v3,0.4,8,4,2,499,0.005689417012035847,0.01398216700181365,881852416,0.515625
71538859ff7bb1bb,svhn,ssb-v2-block,cnn,protocol-v3,0.4,8,4,2,500,0.005697582964785397,0.01415862498106435,881852416,0.5
71538859ff7bb1bb,svhn,ssb-v2-block,cnn,protocol-v3,0.4,8,4,2,501,0.005705082963686436,0.014862541982438415,881852416,0.6015625
71538859ff7bb1bb,svhn,ssb-v2-block,cnn,protocol-v3,0.4,8,4,2,502,0.00570387503830716,0.014619624998886138,881852416,0.6640625
71538859ff7bb1bb,svhn,ssb-v2-block,cnn,protocol-v3,0.4,8,4,2,503,0.005726207979023457,0.01489154197042808,881852416,0.53125
71538859ff7bb1bb,svhn,ssb-v2-block,cnn,protocol-v3,0.4,8,4,2,504,0.005677167035173625,0.014368541014846414,881852416,0.625
71538859ff7bb1bb,svhn,ssb-v2-block,cnn,protocol-v3,0.4,8,4,2,505,0.005706124997232109,0.013871624949388206,881852416,0.65625
71538859ff7bb1bb,svhn,ssb-v2-block,cnn,protocol-v3,0.4,8,4,2,506,0.005708916985895485,0.014325540978461504,881852416,0.578125
71538859ff7bb1bb,svhn,ssb-v2-block,cnn,protocol-v3,0.4,8,4,2,507,0.005731459008529782,0.014310500002466142,881852416,0.5859375
71538859ff7bb1bb,svhn,ssb-v2-block,cnn,protocol-v3,0.4,8,4,2,508,0.005716082989238203,0.014702291984576732,881852416,0.6328125
71538859ff7bb1bb,svhn,ssb-v2-block,cnn,protocol-v3,0.4,8,4,2,509,0.005704375042114407,0.014909083023667336,881852416,0.578125
71538859ff7bb1bb,svhn,ssb-v2-block,cnn,protocol-v3,0.4,8,4,2,510,0.005745499976910651,0.014327417011372745,881852416,0.53125
71538859ff7bb1bb,svhn,ssb-v2-block,cnn,protocol-v3,0.4,8,4,2,511,0.005735500017181039,0.014182207989506423,881852416,0.5859375
71538859ff7bb1bb,svhn,ssb-v2-block,cnn,protocol-v3,0.4,8,4,2,512,0.005718874977901578,0.015290124982129782,881852416,0.515625
71538859ff7bb1bb,svhn,ssb-v2-block,cnn,protocol-v3,0.4,8,4,2,513,0.005720582965295762,0.01413508300902322,881852416,0.546875
71538859ff7bb1bb,svhn,ssb-v2-block,cnn,protocol-v3,0.4,8,4,2,514,0.00573283398989588,0.014697875012643635,881868800,0.5234375
71538859ff7bb1bb,svhn,ssb-v2-block,cnn,protocol-v3,0.4,8,4,2,515,0.0057123329606838524,0.013974916015285999,881868800,0.5703125
71538859ff7bb1bb,svhn,ssb-v2-block,cnn,protocol-v3,0.4,8,4,2,516,0.005707208008971065,0.013910124951507896,881868800,0.640625
71538859ff7bb1bb,svhn,ssb-v2-block,cnn,protocol-v3,0.4,8,4,2,517,0.0057117079850286245,0.01412012503715232,881885184,0.5390625
71538859ff7bb1bb,svhn,ssb-v2-block,cnn,protocol-v3,0.4,8,4,2,518,0.0056805830099619925,0.014346250041853637,881885184,0.5234375
71538859ff7bb1bb,svhn,ssb-v2-block,cnn,protocol-v3,0.4,8,4,2,519,0.005753292003646493,0.014060417015571147,881901568,0.53125
71538859ff7bb1bb,svhn,ssb-v2-block,cnn,protocol-v3,0.4,8,4,2,520,0.005746249982621521,0.014106124988757074,881901568,0.65625
71538859ff7bb1bb,svhn,ssb-v2-block,cnn,protocol-v3,0.4,8,4,2,521,0.005725249997340143,0.014351332967635244,881901568,0.625
71538859ff7bb1bb,svhn,ssb-v2-block,cnn,protocol-v3,0.4,8,4,2,522,0.005743707995861769,0.014120167004875839,881901568,0.59375
71538859ff7bb1bb,svhn,ssb-v2-block,cnn,protocol-v3,0.4,8,4,2,523,0.0057110420311801136,0.014220000011846423,881917952,0.65625
71538859ff7bb1bb,svhn,ssb-v2-block,cnn,protocol-v3,0.4,8,4,2,524,0.0056909999693743885,0.01427558297291398,881917952,0.625
71538859ff7bb1bb,svhn,ssb-v2-block,cnn,protocol-v3,0.4,8,4,2,525,0.0057265000068582594,0.014484499988611788,881934336,0.609375
71538859ff7bb1bb,svhn,ssb-v2-block,cnn,protocol-v3,0.4,8,4,2,526,0.0057062500272877514,0.013980375020764768,881934336,0.609375
71538859ff7bb1bb,svhn,ssb-v2-block,cnn,protocol-v3,0.4,8,4,2,527,0.005711167003028095,0.014048916986212134,881934336,0.65625
71538859ff7bb1bb,svhn,ssb-v2-block,cnn,protocol-v3,0.4,8,4,2,528,0.005714792001526803,0.015068500011693686,881934336,0.609375
71538859ff7bb1bb,svhn,ssb-v2-block,cnn,protocol-v3,0.4,8,4,2,529,0.005707292002625763,0.014346792013384402,881934336,0.65625
71538859ff7bb1bb,svhn,ssb-v2-block,cnn,protocol-v3,0.4,8,4,2,530,0.005738832987844944,0.015176540997345,881934336,0.5859375
71538859ff7bb1bb,svhn,ssb-v2-block,cnn,protocol-v3,0.4,8,4,2,531,0.0057110420311801136,0.014134292025119066,881934336,0.59375
71538859ff7bb1bb,svhn,ssb-v2-block,cnn,protocol-v3,0.4,8,4,2,532,0.005715166043955833,0.014057166990824044,881934336,0.6171875
71538859ff7bb1bb,svhn,ssb-v2-block,cnn,protocol-v3,0.4,8,4,2,533,0.005809625028632581,0.014268499973695725,881934336,0.640625
71538859ff7bb1bb,svhn,ssb-v2-block,cnn,protocol-v3,0.4,8,4,2,534,0.005698957946151495,0.013863208994735032,881934336,0.6640625
71538859ff7bb1bb,svhn,ssb-v2-block,cnn,protocol-v3,0.4,8,4,2,535,0.005723583046346903,0.014043707982636988,881934336,0.5546875
71538859ff7bb1bb,svhn,ssb-v2-block,cnn,protocol-v3,0.4,8,4,2,536,0.005706583033315837,0.015160750015638769,881934336,0.65625
71538859ff7bb1bb,svhn,ssb-v2-block,cnn,protocol-v3,0.4,8,4,2,537,0.005700457957573235,0.015443625045008957,881934336,0.578125
71538859ff7bb1bb,svhn,ssb-v2-block,cnn,protocol-v3,0.4,8,4,2,538,0.005768625007476658,0.014216875017154962,881934336,0.6875
71538859ff7bb1bb,svhn,ssb-v2-block,cnn,protocol-v3,0.4,8,4,2,539,0.00568195799132809,0.014452916977461427,881983488,0.6171875
71538859ff7bb1bb,svhn,ssb-v2-block,cnn,protocol-v3,0.4,8,4,2,540,0.005734542035497725,0.014055749983526766,881983488,0.6171875
71538859ff7bb1bb,svhn,ssb-v2-block,cnn,protocol-v3,0.4,8,4,2,541,0.005709166987799108,0.013953749963548034,881983488,0.640625
71538859ff7bb1bb,svhn,ssb-v2-block,cnn,protocol-v3,0.4,8,4,2,542,0.005719167005736381,0.014238292002119124,881999872,0.6484375
71538859ff7bb1bb,svhn,ssb-v2-block,cnn,protocol-v3,0.4,8,4,2,543,0.005719041975680739,0.014354542014189065,881999872,0.59375
71538859ff7bb1bb,svhn,ssb-v2-block,cnn,protocol-v3,0.4,8,4,2,544,0.005716291954740882,0.013873582996893674,881999872,0.6796875
71538859ff7bb1bb,svhn,ssb-v2-block,cnn,protocol-v3,0.4,8,4,2,545,0.005737708008382469,0.014041125017683953,881999872,0.59375
71538859ff7bb1bb,svhn,ssb-v2-block,cnn,protocol-v3,0.4,8,4,2,546,0.005800791026558727,0.014021082955878228,882016256,0.65625
71538859ff7bb1bb,svhn,ssb-v2-block,cnn,protocol-v3,0.4,8,4,2,547,0.005735875049140304,0.01408462499966845,882016256,0.5625
71538859ff7bb1bb,svhn,ssb-v2-block,cnn,protocol-v3,0.4,8,4,2,548,0.0057091249618679285,0.014042207971215248,882016256,0.546875
71538859ff7bb1bb,svhn,ssb-v2-block,cnn,protocol-v3,0.4,8,4,2,549,0.005724708957131952,0.014206166961230338,882016256,0.546875
71538859ff7bb1bb,svhn,ssb-v2-block,cnn,protocol-v3,0.4,8,4,2,550,0.005720374989323318,0.014099291001912206,882016256,0.625
71538859ff7bb1bb,svhn,ssb-v2-block,cnn,protocol-v3,0.4,8,4,2,551,0.005719583015888929,0.01496966602280736,882016256,0.6171875
71538859ff7bb1bb,svhn,ssb-v2-block,cnn,protocol-v3,0.4,8,4,2,552,0.005728874995838851,0.01479320804355666,882016256,0.5703125
71538859ff7bb1bb,svhn,ssb-v2-block,cnn,protocol-v3,0.4,8,4,2,553,0.005722875008359551,0.014547959028277546,882016256,0.75
71538859ff7bb1bb,svhn,ssb-v2-block,cnn,protocol-v3,0.4,8,4,2,554,0.0057203329633921385,0.014893666957505047,882016256,0.625
71538859ff7bb1bb,svhn,ssb-v2-block,cnn,protocol-v3,0.4,8,4,2,555,0.005753124947659671,0.014262041950132698,882032640,0.5859375
71538859ff7bb1bb,svhn,ssb-v2-block,cnn,protocol-v3,0.4,8,4,2,556,0.0056997499777935445,0.014846041041892022,882049024,0.6484375
71538859ff7bb1bb,svhn,ssb-v2-block,cnn,protocol-v3,0.4,8,4,2,557,0.005733666999731213,0.014672417019028217,882049024,0.6328125
71538859ff7bb1bb,svhn,ssb-v2-block,cnn,protocol-v3,0.4,8,4,2,558,0.005667374993208796,0.01414945797296241,882049024,0.625
71538859ff7bb1bb,svhn,ssb-v2-block,cnn,protocol-v3,0.4,8,4,2,559,0.005690750025678426,0.014569666993338615,882065408,0.5703125
71538859ff7bb1bb,svhn,ssb-v2-block,cnn,protocol-v3,0.4,8,4,2,560,0.005777707963716239,0.013902083970606327,882065408,0.6015625
71538859ff7bb1bb,svhn,ssb-v2-block,cnn,protocol-v3,0.4,8,4,2,561,0.006207374972291291,0.014985500019975007,882065408,0.671875
71538859ff7bb1bb,svhn,ssb-v2-block,cnn,protocol-v3,0.4,8,4,2,562,0.005696792039088905,0.014155291020870209,882065408,0.5625
71538859ff7bb1bb,svhn,ssb-v2-block,cnn,protocol-v3,0.4,8,4,2,563,0.005794125027023256,0.014082916954066604,882081792,0.65625
71538859ff7bb1bb,svhn,ssb-v2-block,cnn,protocol-v3,0.4,8,4,2,564,0.005810457980260253,0.01412237499607727,882081792,0.6484375
71538859ff7bb1bb,svhn,ssb-v2-block,cnn,protocol-v3,0.4,8,4,2,565,0.005701457965187728,0.014173292031046003,882081792,0.671875
71538859ff7bb1bb,svhn,ssb-v2-block,cnn,protocol-v3,0.4,8,4,2,566,0.005685374955646694,0.015240165987052023,882081792,0.6328125
71538859ff7bb1bb,svhn,ssb-v2-block,cnn,protocol-v3,0.4,8,4,2,567,0.005694666993804276,0.014264958968851715,882081792,0.6484375
71538859ff7bb1bb,svhn,ssb-v2-block,cnn,protocol-v3,0.4,8,4,2,568,0.005720958986785263,0.013950458029285073,882081792,0.609375
71538859ff7bb1bb,svhn,ssb-v2-block,cnn,protocol-v3,0.4,8,4,2,569,0.005702583992388099,0.014055958017706871,882081792,0.6171875
71538859ff7bb1bb,svhn,ssb-v2-block,cnn,protocol-v3,0.4,8,4,2,570,0.005728874995838851,0.014235790993552655,882081792,0.5625
71538859ff7bb1bb,svhn,ssb-v2-block,cnn,protocol-v3,0.4,8,4,2,571,0.005670250044204295,0.013953250017948449,882081792,0.71875
71538859ff7bb1bb,svhn,ssb-v2-block,cnn,protocol-v3,0.4,8,4,2,572,0.0022400000016205013,0.020410042023286223,882950144,0.6585365853658537
71538859ff7bb1bb,svhn,ssb-v2-block,cnn,protocol-v3,0.4,8,4,3,0,0.005828167020808905,0.014832374989055097,885702656,0.7578125
71538859ff7bb1bb,svhn,ssb-v2-block,cnn,protocol-v3,0.4,8,4,3,1,0.005855750001501292,0.014302084047812968,885719040,0.578125
71538859ff7bb1bb,svhn,ssb-v2-block,cnn,protocol-v3,0.4,8,4,3,2,0.005747292016167194,0.014139458013232797,885751808,0.6640625
71538859ff7bb1bb,svhn,ssb-v2-block,cnn,protocol-v3,0.4,8,4,3,3,0.005774374993052334,0.01419954199809581,885751808,0.625
71538859ff7bb1bb,svhn,ssb-v2-block,cnn,protocol-v3,0.4,8,4,3,4,0.005755875026807189,0.014204917009919882,885768192,0.609375
71538859ff7bb1bb,svhn,ssb-v2-block,cnn,protocol-v3,0.4,8,4,3,5,0.005723125010263175,0.014292625011876225,885768192,0.6171875
71538859ff7bb1bb,svhn,ssb-v2-block,cnn,protocol-v3,0.4,8,4,3,6,0.005726583010982722,0.014061083027627319,885768192,0.703125
71538859ff7bb1bb,svhn,ssb-v2-block,cnn,protocol-v3,0.4,8,4,3,7,0.005772125034127384,0.014050333003979176,885768192,0.5859375
71538859ff7bb1bb,svhn,ssb-v2-block,cnn,protocol-v3,0.4,8,4,3,8,0.005720624991226941,0.013890458969399333,885784576,0.6796875
71538859ff7bb1bb,svhn,ssb-v2-block,cnn,protocol-v3,0.4,8,4,3,9,0.005736541002988815,0.014832791988737881,885784576,0.6015625
71538859ff7bb1bb,svhn,ssb-v2-block,cnn,protocol-v3,0.4,8,4,3,10,0.00573170802090317,0.014834208996035159,885784576,0.6328125
71538859ff7bb1bb,svhn,ssb-v2-block,cnn,protocol-v3,0.4,8,4,3,11,0.00573808402987197,0.014407583978027105,885784576,0.65625
71538859ff7bb1bb,svhn,ssb-v2-block,cnn,protocol-v3,0.4,8,4,3,12,0.005729374999646097,0.014041082991752774,885784576,0.671875
71538859ff7bb1bb,svhn,ssb-v2-block,cnn,protocol-v3,0.4,8,4,3,13,0.005728874995838851,0.014377875020727515,885784576,0.65625
71538859ff7bb1bb,svhn,ssb-v2-block,cnn,protocol-v3,0.4,8,4,3,14,0.005731041950639337,0.014669040974695235,885784576,0.6015625
71538859ff7bb1bb,svhn,ssb-v2-block,cnn,protocol-v3,0.4,8,4,3,15,0.00574687501648441,0.014519958000164479,885784576,0.5546875
71538859ff7bb1bb,svhn,ssb-v2-block,cnn,protocol-v3,0.4,8,4,3,16,0.005709416989702731,0.01400683302199468,885800960,0.6015625
71538859ff7bb1bb,svhn,ssb-v2-block,cnn,protocol-v3,0.4,8,4,3,17,0.005711040983442217,0.014323416980914772,885800960,0.6484375
71538859ff7bb1bb,svhn,ssb-v2-block,cnn,protocol-v3,0.4,8,4,3,18,0.005785166984423995,0.014110125019215047,885800960,0.640625
71538859ff7bb1bb,svhn,ssb-v2-block,cnn,protocol-v3,0.4,8,4,3,19,0.005716667044907808,0.014366124989464879,885800960,0.578125
71538859ff7bb1bb,svhn,ssb-v2-block,cnn,protocol-v3,0.4,8,4,3,20,0.005780083010904491,0.013694000022951514,885800960,0.6015625
71538859ff7bb1bb,svhn,ssb-v2-block,cnn,protocol-v3,0.4,8,4,3,21,0.005798584024887532,0.013989083003252745,885800960,0.59375
71538859ff7bb1bb,svhn,ssb-v2-block,cnn,protocol-v3,0.4,8,4,3,22,0.005732291960157454,0.014017541019711643,885800960,0.5859375
71538859ff7bb1bb,svhn,ssb-v2-block,cnn,protocol-v3,0.4,8,4,3,23,0.005737208004575223,0.014739833015482873,885800960,0.65625
71538859ff7bb1bb,svhn,ssb-v2-block,cnn,protocol-v3,0.4,8,4,3,24,0.005735290993470699,0.015138124988880008,885800960,0.5703125
71538859ff7bb1bb,svhn,ssb-v2-block,cnn,protocol-v3,0.4,8,4,3,25,0.005708917044103146,0.013961332966573536,885800960,0.5625
71538859ff7bb1bb,svhn,ssb-v2-block,cnn,protocol-v3,0.4,8,4,3,26,0.005765500012785196,0.015036790980957448,885800960,0.5390625
71538859ff7bb1bb,svhn,ssb-v2-block,cnn,protocol-v3,0.4,8,4,3,27,0.005805832974147052,0.014558000024408102,885800960,0.59375
71538859ff7bb1bb,svhn,ssb-v2-block,cnn,protocol-v3,0.4,8,4,3,28,0.00572270795237273,0.015075250004883856,885800960,0.5546875
71538859ff7bb1bb,svhn,ssb-v2-block,cnn,protocol-v3,0.4,8,4,3,29,0.0057890829630196095,0.01419333298690617,885817344,0.640625
71538859ff7bb1bb,svhn,ssb-v2-block,cnn,protocol-v3,0.4,8,4,3,30,0.0057280000182799995,0.015074791037477553,885817344,0.6640625
71538859ff7bb1bb,svhn,ssb-v2-block,cnn,protocol-v3,0.4,8,4,3,31,0.005763625027611852,0.01445670798420906,885817344,0.6875
71538859ff7bb1bb,svhn,ssb-v2-block,cnn,protocol-v3,0.4,8,4,3,32,0.005717082996852696,0.014739333011675626,885817344,0.6640625
71538859ff7bb1bb,svhn,ssb-v2-block,cnn,protocol-v3,0.4,8,4,3,33,0.005747458024416119,0.014153249969240278,885817344,0.5625
71538859ff7bb1bb,svhn,ssb-v2-block,cnn,protocol-v3,0.4,8,4,3,34,0.005707250034902245,0.014060249959584326,885817344,0.640625
71538859ff7bb1bb,svhn,ssb-v2-block,cnn,protocol-v3,0.4,8,4,3,35,0.00593770801788196,0.014573125052265823,885817344,0.609375
71538859ff7bb1bb,svhn,ssb-v2-block,cnn,protocol-v3,0.4,8,4,3,36,0.005886708036996424,0.014216416981071234,885833728,0.6171875
71538859ff7bb1bb,svhn,ssb-v2-block,cnn,protocol-v3,0.4,8,4,3,37,0.00594183400971815,0.014904915995430201,885850112,0.515625
71538859ff7bb1bb,svhn,ssb-v2-block,cnn,protocol-v3,0.4,8,4,3,38,0.006033874989952892,0.015368791995570064,885850112,0.5546875
71538859ff7bb1bb,svhn,ssb-v2-block,cnn,protocol-v3,0.4,8,4,3,39,0.006213999993633479,0.01652691699564457,885866496,0.6875
71538859ff7bb1bb,svhn,ssb-v2-block,cnn,protocol-v3,0.4,8,4,3,40,0.006281375011894852,0.017487208009697497,887275520,0.546875
71538859ff7bb1bb,svhn,ssb-v2-block,cnn,protocol-v3,0.4,8,4,3,41,0.006278624990954995,0.015902874991297722,887275520,0.6484375
71538859ff7bb1bb,svhn,ssb-v2-block,cnn,protocol-v3,0.4,8,4,3,42,0.0068298340192995965,0.017072874994482845,887275520,0.6015625
71538859ff7bb1bb,svhn,ssb-v2-block,cnn,protocol-v3,0.4,8,4,3,43,0.006605624977964908,0.01649358298163861,887275520,0.578125
71538859ff7bb1bb,svhn,ssb-v2-block,cnn,protocol-v3,0.4,8,4,3,44,0.0071362080052495,0.017276624974329025,887275520,0.671875
71538859ff7bb1bb,svhn,ssb-v2-block,cnn,protocol-v3,0.4,8,4,3,45,0.007270124973729253,0.01754274999257177,887291904,0.6015625
71538859ff7bb1bb,svhn,ssb-v2-block,cnn,protocol-v3,0.4,8,4,3,46,0.007461041968781501,0.0169681659899652,887291904,0.5859375
71538859ff7bb1bb,svhn,ssb-v2-block,cnn,protocol-v3,0.4,8,4,3,47,0.006350209005177021,0.014009375008754432,887291904,0.6328125
71538859ff7bb1bb,svhn,ssb-v2-block,cnn,protocol-v3,0.4,8,4,3,48,0.005729832977522165,0.013943790982011706,887291904,0.640625
71538859ff7bb1bb,svhn,ssb-v2-block,cnn,protocol-v3,0.4,8,4,3,49,0.005681750015355647,0.014097040984779596,887291904,0.6875
71538859ff7bb1bb,svhn,ssb-v2-block,cnn,protocol-v3,0.4,8,4,3,50,0.005774916964583099,0.014003124961163849,887291904,0.6171875
71538859ff7bb1bb,svhn,ssb-v2-block,cnn,protocol-v3,0.4,8,4,3,51,0.005711416015401483,0.014062083035241812,887291904,0.6953125
71538859ff7bb1bb,svhn,ssb-v2-block,cnn,protocol-v3,0.4,8,4,3,52,0.005719250009860843,0.013876667013391852,887291904,0.671875
71538859ff7bb1bb,svhn,ssb-v2-block,cnn,protocol-v3,0.4,8,4,3,53,0.005738375009968877,0.014303874981123954,887291904,0.6796875
71538859ff7bb1bb,svhn,ssb-v2-block,cnn,protocol-v3,0.4,8,4,3,54,0.005712290992960334,0.014424916997086257,887291904,0.6171875
71538859ff7bb1bb,svhn,ssb-v2-block,cnn,protocol-v3,0.4,8,4,3,55,0.005729625001549721,0.014121042040642351,887291904,0.671875
71538859ff7bb1bb,svhn,ssb-v2-block,cnn,protocol-v3,0.4,8,4,3,56,0.005736749968491495,0.014308458019513637,887291904,0.6953125
71538859ff7bb1bb,svhn,ssb-v2-block,cnn,protocol-v3,0.4,8,4,3,57,0.005709249991923571,0.014090417011175305,887291904,0.6484375
71538859ff7bb1bb,svhn,ssb-v2-block,cnn,protocol-v3,0.4,8,4,3,58,0.00570308294845745,0.014136500016320497,887291904,0.59375
71538859ff7bb1bb,svhn,ssb-v2-block,cnn,protocol-v3,0.4,8,4,3,59,0.005731083045247942,0.014106083021033555,887291904,0.59375
71538859ff7bb1bb,svhn,ssb-v2-block,cnn,protocol-v3,0.4,8,4,3,60,0.005723209003917873,0.013745957985520363,887291904,0.65625
71538859ff7bb1bb,svhn,ssb-v2-block,cnn,protocol-v3,0.4,8,4,3,61,0.005710750003345311,0.014137291989754885,887308288,0.640625
71538859ff7bb1bb,svhn,ssb-v2-block,cnn,protocol-v3,0.4,8,4,3,62,0.005706625001039356,0.015276582969818264,887308288,0.5546875
71538859ff7bb1bb,svhn,ssb-v2-block,cnn,protocol-v3,0.4,8,4,3,63,0.005718916014302522,0.014191667025443166,887308288,0.625
71538859ff7bb1bb,svhn,ssb-v2-block,cnn,protocol-v3,0.4,8,4,3,64,0.005707832984626293,0.014539708034135401,887308288,0.6953125
71538859ff7bb1bb,svhn,ssb-v2-block,cnn,protocol-v3,0.4,8,4,3,65,0.005702875030692667,0.014329958008602262,887308288,0.65625
71538859ff7bb1bb,svhn,ssb-v2-block,cnn,protocol-v3,0.4,8,4,3,66,0.00573358399560675,0.014703207998536527,887308288,0.65625
71538859ff7bb1bb,svhn,ssb-v2-block,cnn,protocol-v3,0.4,8,4,3,67,0.005720667017158121,0.01471491699339822,887308288,0.6875
71538859ff7bb1bb,svhn,ssb-v2-block,cnn,protocol-v3,0.4,8,4,3,68,0.0057714160066097975,0.013901875005103648,887308288,0.7109375
71538859ff7bb1bb,svhn,ssb-v2-block,cnn,protocol-v3,0.4,8,4,3,69,0.005689583020284772,0.013859875034540892,887308288,0.640625
71538859ff7bb1bb,svhn,ssb-v2-block,cnn,protocol-v3,0.4,8,4,3,70,0.005735374987125397,0.01403958402806893,887324672,0.7421875
71538859ff7bb1bb,svhn,ssb-v2-block,cnn,protocol-v3,0.4,8,4,3,71,0.005747832998167723,0.014328541001304984,887341056,0.71875
71538859ff7bb1bb,svhn,ssb-v2-block,cnn,protocol-v3,0.4,8,4,3,72,0.005708749988116324,0.014032125007361174,887341056,0.6484375
71538859ff7bb1bb,svhn,ssb-v2-block,cnn,protocol-v3,0.4,8,4,3,73,0.005710083991289139,0.014246584032662213,887341056,0.71875
71538859ff7bb1bb,svhn,ssb-v2-block,cnn,protocol-v3,0.4,8,4,3,74,0.005705416959244758,0.014136832964140922,887341056,0.703125
71538859ff7bb1bb,svhn,ssb-v2-block,cnn,protocol-v3,0.4,8,4,3,75,0.0057272089761681855,0.014159957994706929,887341056,0.625
71538859ff7bb1bb,svhn,ssb-v2-block,cnn,protocol-v3,0.4,8,4,3,76,0.00570833298843354,0.014194040966685861,887341056,0.5859375
71538859ff7bb1bb,svhn,ssb-v2-block,cnn,protocol-v3,0.4,8,4,3,77,0.005709582997951657,0.013821000000461936,887341056,0.5390625
71538859ff7bb1bb,svhn,ssb-v2-block,cnn,protocol-v3,0.4,8,4,3,78,0.005699832981918007,0.01423020800575614,887341056,0.5234375
71538859ff7bb1bb,svhn,ssb-v2-block,cnn,protocol-v3,0.4,8,4,3,79,0.005706917028874159,0.01386679196730256,887341056,0.6328125
71538859ff7bb1bb,svhn,ssb-v2-block,cnn,protocol-v3,0.4,8,4,3,80,0.005705791991204023,0.014026832999661565,887357440,0.671875
71538859ff7bb1bb,svhn,ssb-v2-block,cnn,protocol-v3,0.4,8,4,3,81,0.0057098750257864594,0.014257791975978762,887357440,0.6171875
71538859ff7bb1bb,svhn,ssb-v2-block,cnn,protocol-v3,0.4,8,4,3,82,0.0056910410057753325,0.014041374961379915,887357440,0.71875
71538859ff7bb1bb,svhn,ssb-v2-block,cnn,protocol-v3,0.4,8,4,3,83,0.005701792018953711,0.013912209018599242,887357440,0.71875
71538859ff7bb1bb,svhn,ssb-v2-block,cnn,protocol-v3,0.4,8,4,3,84,0.0058090409729629755,0.014198999968357384,887357440,0.671875
71538859ff7bb1bb,svhn,ssb-v2-block,cnn,protocol-v3,0.4,8,4,3,85,0.005694208026397973,0.014478750003036112,887357440,0.6796875
71538859ff7bb1bb,svhn,ssb-v2-block,cnn,protocol-v3,0.4,8,4,3,86,0.005731125012971461,0.014803666970692575,887357440,0.609375
71538859ff7bb1bb,svhn,ssb-v2-block,cnn,protocol-v3,0.4,8,4,3,87,0.00570629199501127,0.014008625003043562,887357440,0.5625
71538859ff7bb1bb,svhn,ssb-v2-block,cnn,protocol-v3,0.4,8,4,3,88,0.005719333013985306,0.014160207996610552,887357440,0.640625
71538859ff7bb1bb,svhn,ssb-v2-block,cnn,protocol-v3,0.4,8,4,3,89,0.005686791962943971,0.014163958025164902,887357440,0.578125
71538859ff7bb1bb,svhn,ssb-v2-block,cnn,protocol-v3,0.4,8,4,3,90,0.005732791032642126,0.014055500039830804,887357440,0.578125
71538859ff7bb1bb,svhn,ssb-v2-block,cnn,protocol-v3,0.4,8,4,3,91,0.005707125004846603,0.014252958993893117,887373824,0.5546875
71538859ff7bb1bb,svhn,ssb-v2-block,cnn,protocol-v3,0.4,8,4,3,92,0.005701958027202636,0.014005584002006799,887373824,0.578125
71538859ff7bb1bb,svhn,ssb-v2-block,cnn,protocol-v3,0.4,8,4,3,93,0.005695957981515676,0.01396254199789837,887373824,0.6015625
71538859ff7bb1bb,svhn,ssb-v2-block,cnn,protocol-v3,0.4,8,4,3,94,0.005699499975889921,0.014357290987391025,887373824,0.6328125
71538859ff7bb1bb,svhn,ssb-v2-block,cnn,protocol-v3,0.4,8,4,3,95,0.005701999994926155,0.01406383397988975,887390208,0.6484375
71538859ff7bb1bb,svhn,ssb-v2-block,cnn,protocol-v3,0.4,8,4,3,96,0.00570104195503518,0.013895292009692639,887390208,0.640625
71538859ff7bb1bb,svhn,ssb-v2-block,cnn,protocol-v3,0.4,8,4,3,97,0.0057117079850286245,0.014066250005271286,887390208,0.5703125
71538859ff7bb1bb,svhn,ssb-v2-block,cnn,protocol-v3,0.4,8,4,3,98,0.005695291969459504,0.013872500043362379,887390208,0.6015625
71538859ff7bb1bb,svhn,ssb-v2-block,cnn,protocol-v3,0.4,8,4,3,99,0.005705999967176467,0.014125832996796817,887390208,0.6796875
71538859ff7bb1bb,svhn,ssb-v2-block,cnn,protocol-v3,0.4,8,4,3,100,0.005711666017305106,0.014448250003624707,887390208,0.71875
71538859ff7bb1bb,svhn,ssb-v2-block,cnn,protocol-v3,0.4,8,4,3,101,0.005686875025276095,0.015196666005067527,887390208,0.6640625
71538859ff7bb1bb,svhn,ssb-v2-block,cnn,protocol-v3,0.4,8,4,3,102,0.005697624990716577,0.014699833001941442,887390208,0.6328125
71538859ff7bb1bb,svhn,ssb-v2-block,cnn,protocol-v3,0.4,8,4,3,103,0.00573712500045076,0.014880541013553739,887390208,0.625
71538859ff7bb1bb,svhn,ssb-v2-block,cnn,protocol-v3,0.4,8,4,3,104,0.005706374999135733,0.014519958000164479,887390208,0.6171875
71538859ff7bb1bb,svhn,ssb-v2-block,cnn,protocol-v3,0.4,8,4,3,105,0.005680166999809444,0.015110749984160066,887390208,0.6640625
71538859ff7bb1bb,svhn,ssb-v2-block,cnn,protocol-v3,0.4,8,4,3,106,0.005753833975177258,0.014979790954384953,887390208,0.671875
71538859ff7bb1bb,svhn,ssb-v2-block,cnn,protocol-v3,0.4,8,4,3,107,0.005685417039785534,0.01433825003914535,887390208,0.65625
71538859ff7bb1bb,svhn,ssb-v2-block,cnn,protocol-v3,0.4,8,4,3,108,0.00570012500975281,0.015262999979313463,887390208,0.6171875
71538859ff7bb1bb,svhn,ssb-v2-block,cnn,protocol-v3,0.4,8,4,3,109,0.005709999997634441,0.014177082979585975,887406592,0.7421875
71538859ff7bb1bb,svhn,ssb-v2-block,cnn,protocol-v3,0.4,8,4,3,110,0.005690541001968086,0.013996041030623019,887406592,0.65625
71538859ff7bb1bb,svhn,ssb-v2-block,cnn,protocol-v3,0.4,8,4,3,111,0.0057000829838216305,0.014627415977884084,887406592,0.6640625
71538859ff7bb1bb,svhn,ssb-v2-block,cnn,protocol-v3,0.4,8,4,3,112,0.005685125011950731,0.014601708040572703,887406592,0.6328125
71538859ff7bb1bb,svhn,ssb-v2-block,cnn,protocol-v3,0.4,8,4,3,113,0.005699458008166403,0.014728291018400341,887406592,0.6796875
71538859ff7bb1bb,svhn,ssb-v2-block,cnn,protocol-v3,0.4,8,4,3,114,0.00567954097641632,0.014574082975741476,887422976,0.671875
71538859ff7bb1bb,svhn,ssb-v2-block,cnn,protocol-v3,0.4,8,4,3,115,0.005678457964677364,0.014148625021334738,887422976,0.703125
71538859ff7bb1bb,svhn,ssb-v2-block,cnn,protocol-v3,0.4,8,4,3,116,0.005682124989107251,0.015084457991179079,887422976,0.734375
71538859ff7bb1bb,svhn,ssb-v2-block,cnn,protocol-v3,0.4,8,4,3,117,0.005694208026397973,0.014572791988030076,887422976,0.7421875
71538859ff7bb1bb,svhn,ssb-v2-block,cnn,protocol-v3,0.4,8,4,3,118,0.005969833990093321,0.014098416024353355,887422976,0.7109375
71538859ff7bb1bb,svhn,ssb-v2-block,cnn,protocol-v3,0.4,8,4,3,119,0.005703208968043327,0.014420749968849123,887422976,0.703125
71538859ff7bb1bb,svhn,ssb-v2-block,cnn,protocol-v3,0.4,8,4,3,120,0.00571470899740234,0.014125249988865107,887422976,0.6875
71538859ff7bb1bb,svhn,ssb-v2-block,cnn,protocol-v3,0.4,8,4,3,121,0.005715916980989277,0.01432179199764505,887422976,0.734375
71538859ff7bb1bb,svhn,ssb-v2-block,cnn,protocol-v3,0.4,8,4,3,122,0.005710166005883366,0.015051416994538158,887439360,0.6953125
71538859ff7bb1bb,svhn,ssb-v2-block,cnn,protocol-v3,0.4,8,4,3,123,0.005712666956242174,0.014930291043128818,887439360,0.7265625
71538859ff7bb1bb,svhn,ssb-v2-block,cnn,protocol-v3,0.4,8,4,3,124,0.005691375001333654,0.014252958004362881,887439360,0.6953125
71538859ff7bb1bb,svhn,ssb-v2-block,cnn,protocol-v3,0.4,8,4,3,125,0.005710333993192762,0.013864665990695357,887439360,0.71875
71538859ff7bb1bb,svhn,ssb-v2-block,cnn,protocol-v3,0.4,8,4,3,126,0.005722708010580391,0.014491625013761222,887455744,0.671875
71538859ff7bb1bb,svhn,ssb-v2-block,cnn,protocol-v3,0.4,8,4,3,127,0.005699708010070026,0.013917208998464048,887455744,0.734375
71538859ff7bb1bb,svhn,ssb-v2-block,cnn,protocol-v3,0.4,8,4,3,128,0.005711041972972453,0.014160250022541732,887455744,0.6328125
71538859ff7bb1bb,svhn,ssb-v2-block,cnn,protocol-v3,0.4,8,4,3,129,0.005670624959748238,0.01398049999261275,887455744,0.71875
71538859ff7bb1bb,svhn,ssb-v2-block,cnn,protocol-v3,0.4,8,4,3,130,0.005710709025152028,0.014114583027549088,887455744,0.7421875
71538859ff7bb1bb,svhn,ssb-v2-block,cnn,protocol-v3,0.4,8,4,3,131,0.005700207955669612,0.013787583040539175,887455744,0.6796875
71538859ff7bb1bb,svhn,ssb-v2-block,cnn,protocol-v3,0.4,8,4,3,132,0.005715166975278407,0.013884374988265336,887472128,0.6328125
71538859ff7bb1bb,svhn,ssb-v2-block,cnn,protocol-v3,0.4,8,4,3,133,0.005708292010240257,0.014121083018835634,887472128,0.7265625
71538859ff7bb1bb,svhn,ssb-v2-block,cnn,protocol-v3,0.4,8,4,3,134,0.005707625008653849,0.015307124995160848,887472128,0.6796875
71538859ff7bb1bb,svhn,ssb-v2-block,cnn,protocol-v3,0.4,8,4,3,135,0.005716292012948543,0.014782542013563216,887472128,0.71875
71538859ff7bb1bb,svhn,ssb-v2-block,cnn,protocol-v3,0.4,8,4,3,136,0.005715167033486068,0.014280417002737522,887472128,0.734375
71538859ff7bb1bb,svhn,ssb-v2-block,cnn,protocol-v3,0.4,8,4,3,137,0.005698958004359156,0.014106374990660697,887472128,0.6796875
71538859ff7bb1bb,svhn,ssb-v2-block,cnn,protocol-v3,0.4,8,4,3,138,0.005759040999691933,0.014132167038042098,887472128,0.7109375
71538859ff7bb1bb,svhn,ssb-v2-block,cnn,protocol-v3,0.4,8,4,3,139,0.005756333004683256,0.01406141702318564,887472128,0.7421875
71538859ff7bb1bb,svhn,ssb-v2-block,cnn,protocol-v3,0.4,8,4,3,140,0.005667790945153683,0.014049792021978647,887488512,0.6875
71538859ff7bb1bb,svhn,ssb-v2-block,cnn,protocol-v3,0.4,8,4,3,141,0.0057189579820260406,0.014116709004156291,887488512,0.65625
71538859ff7bb1bb,svhn,ssb-v2-block,cnn,protocol-v3,0.4,8,4,3,142,0.005673707986716181,0.013820583990309387,887521280,0.6953125
71538859ff7bb1bb,svhn,ssb-v2-block,cnn,protocol-v3,0.4,8,4,3,143,0.005704167007934302,0.013915958988945931,887521280,0.6953125
71538859ff7bb1bb,svhn,ssb-v2-block,cnn,protocol-v3,0.4,8,4,3,144,0.00575975002720952,0.014091833028942347,887521280,0.6796875
71538859ff7bb1bb,svhn,ssb-v2-block,cnn,protocol-v3,0.4,8,4,3,145,0.0057562090223655105,0.01414570800261572,887521280,0.5546875
71538859ff7bb1bb,svhn,ssb-v2-block,cnn,protocol-v3,0.4,8,4,3,146,0.0057073329808190465,0.014111416996456683,887537664,0.59375
71538859ff7bb1bb,svhn,ssb-v2-block,cnn,protocol-v3,0.4,8,4,3,147,0.005676167027559131,0.013952750014141202,887537664,0.671875
71538859ff7bb1bb,svhn,ssb-v2-block,cnn,protocol-v3,0.4,8,4,3,148,0.005674667016137391,0.014798416988924146,887554048,0.640625
71538859ff7bb1bb,svhn,ssb-v2-block,cnn,protocol-v3,0.4,8,4,3,149,0.005700042005628347,0.014758167031686753,887554048,0.6171875
71538859ff7bb1bb,svhn,ssb-v2-block,cnn,protocol-v3,0.4,8,4,3,150,0.005693583050742745,0.014133791963104159,887554048,0.5625
71538859ff7bb1bb,svhn,ssb-v2-block,cnn,protocol-v3,0.4,8,4,3,151,0.00571654096711427,0.014015708002261817,887554048,0.4375
71538859ff7bb1bb,svhn,ssb-v2-block,cnn,protocol-v3,0.4,8,4,3,152,0.005692292004823685,0.014051917009055614,887570432,0.4609375
71538859ff7bb1bb,svhn,ssb-v2-block,cnn,protocol-v3,0.4,8,4,3,153,0.005704082956071943,0.014314750034827739,887570432,0.4296875
71538859ff7bb1bb,svhn,ssb-v2-block,cnn,protocol-v3,0.4,8,4,3,154,0.0056947090197354555,0.013765749987214804,887570432,0.2890625
71538859ff7bb1bb,svhn,ssb-v2-block,cnn,protocol-v3,0.4,8,4,3,155,0.005686416989192367,0.014182500017341226,887570432,0.1796875
71538859ff7bb1bb,svhn,ssb-v2-block,cnn,protocol-v3,0.4,8,4,3,156,0.005657707981299609,0.013960042037069798,887570432,0.21875
71538859ff7bb1bb,svhn,ssb-v2-block,cnn,protocol-v3,0.4,8,4,3,157,0.005677625013049692,0.014057583000976592,887570432,0.21875
71538859ff7bb1bb,svhn,ssb-v2-block,cnn,protocol-v3,0.4,8,4,3,158,0.005665541044436395,0.013894167030230165,887570432,0.3515625
71538859ff7bb1bb,svhn,ssb-v2-block,cnn,protocol-v3,0.4,8,4,3,159,0.005783916043583304,0.014226250001229346,887570432,0.3671875
71538859ff7bb1bb,svhn,ssb-v2-block,cnn,protocol-v3,0.4,8,4,3,160,0.005881124990992248,0.014131459000054747,887570432,0.5625
71538859ff7bb1bb,svhn,ssb-v2-block,cnn,protocol-v3,0.4,8,4,3,161,0.005763583001680672,0.014155874960124493,887586816,0.515625
71538859ff7bb1bb,svhn,ssb-v2-block,cnn,protocol-v3,0.4,8,4,3,162,0.005714500031899661,0.014080208027735353,887586816,0.359375
71538859ff7bb1bb,svhn,ssb-v2-block,cnn,protocol-v3,0.4,8,4,3,163,0.005851583031471819,0.014648292039055377,887603200,0.2734375
71538859ff7bb1bb,svhn,ssb-v2-block,cnn,protocol-v3,0.4,8,4,3,164,0.005705500021576881,0.014629916986450553,887603200,0.2421875
71538859ff7bb1bb,svhn,ssb-v2-block,cnn,protocol-v3,0.4,8,4,3,165,0.0056888749822974205,0.014773332979530096,887603200,0.1875
71538859ff7bb1bb,svhn,ssb-v2-block,cnn,protocol-v3,0.4,8,4,3,166,0.005696832959074527,0.01428383297752589,887603200,0.25
71538859ff7bb1bb,svhn,ssb-v2-block,cnn,protocol-v3,0.4,8,4,3,167,0.0057244159979745746,0.014294749998953193,887603200,0.2265625
71538859ff7bb1bb,svhn,ssb-v2-block,cnn,protocol-v3,0.4,8,4,3,168,0.005715499981306493,0.014310208964161575,887619584,0.15625
71538859ff7bb1bb,svhn,ssb-v2-block,cnn,protocol-v3,0.4,8,4,3,169,0.005711291974876076,0.014802124991547316,887652352,0.21875
71538859ff7bb1bb,svhn,ssb-v2-block,cnn,protocol-v3,0.4,8,4,3,170,0.005712208978366107,0.014107291004620492,887652352,0.203125
71538859ff7bb1bb,svhn,ssb-v2-block,cnn,protocol-v3,0.4,8,4,3,171,0.005706625001039356,0.013855165976565331,887652352,0.234375
71538859ff7bb1bb,svhn,ssb-v2-block,cnn,protocol-v3,0.4,8,4,3,172,0.00571829202817753,0.014424499997403473,887652352,0.234375
71538859ff7bb1bb,svhn,ssb-v2-block,cnn,protocol-v3,0.4,8,4,3,173,0.005729708005674183,0.01396254199789837,887668736,0.2421875
71538859ff7bb1bb,svhn,ssb-v2-block,cnn,protocol-v3,0.4,8,4,3,174,0.005695916013792157,0.014329875004477799,887685120,0.125
71538859ff7bb1bb,svhn,ssb-v2-block,cnn,protocol-v3,0.4,8,4,3,175,0.0058250000001862645,0.01409224997041747,887685120,0.0859375
71538859ff7bb1bb,svhn,ssb-v2-block,cnn,protocol-v3,0.4,8,4,3,176,0.005704667011741549,0.014242041041143239,887685120,0.125
71538859ff7bb1bb,svhn,ssb-v2-block,cnn,protocol-v3,0.4,8,4,3,177,0.005723959009628743,0.01493674999801442,887685120,0.1796875
71538859ff7bb1bb,svhn,ssb-v2-block,cnn,protocol-v3,0.4,8,4,3,178,0.005711416015401483,0.015109708008822054,887685120,0.2109375
71538859ff7bb1bb,svhn,ssb-v2-block,cnn,protocol-v3,0.4,8,4,3,179,0.005712167010642588,0.014603915973566473,887685120,0.3359375
71538859ff7bb1bb,svhn,ssb-v2-block,cnn,protocol-v3,0.4,8,4,3,180,0.0057283329661004245,0.013881833001505584,887685120,0.1875
71538859ff7bb1bb,svhn,ssb-v2-block,cnn,protocol-v3,0.4,8,4,3,181,0.005699041998013854,0.014105833019129932,887685120,0.1640625
71538859ff7bb1bb,svhn,ssb-v2-block,cnn,protocol-v3,0.4,8,4,3,182,0.0057073329808190465,0.014092499972321093,887685120,0.1953125
71538859ff7bb1bb,svhn,ssb-v2-block,cnn,protocol-v3,0.4,8,4,3,183,0.005719708977267146,0.013959083007648587,887685120,0.171875
71538859ff7bb1bb,svhn,ssb-v2-block,cnn,protocol-v3,0.4,8,4,3,184,0.005777709011454135,0.014286167046520859,887685120,0.1015625
71538859ff7bb1bb,svhn,ssb-v2-block,cnn,protocol-v3,0.4,8,4,3,185,0.0057124170125462115,0.01392870902782306,887685120,0.15625
71538859ff7bb1bb,svhn,ssb-v2-block,cnn,protocol-v3,0.4,8,4,3,186,0.00570629199501127,0.013946250022854656,887701504,0.2265625
71538859ff7bb1bb,svhn,ssb-v2-block,cnn,protocol-v3,0.4,8,4,3,187,0.005704833019990474,0.014806874969508499,887701504,0.1953125
71538859ff7bb1bb,svhn,ssb-v2-block,cnn,protocol-v3,0.4,8,4,3,188,0.005681500013452023,0.0146030830219388,887701504,0.09375
71538859ff7bb1bb,svhn,ssb-v2-block,cnn,protocol-v3,0.4,8,4,3,189,0.00573641702067107,0.014771958987694234,887717888,0.1953125
71538859ff7bb1bb,svhn,ssb-v2-block,cnn,protocol-v3,0.4,8,4,3,190,0.005714083032216877,0.013916917028836906,887717888,0.140625
71538859ff7bb1bb,svhn,ssb-v2-block,cnn,protocol-v3,0.4,8,4,3,191,0.00574483402306214,0.014292167034000158,887717888,0.1328125
71538859ff7bb1bb,svhn,ssb-v2-block,cnn,protocol-v3,0.4,8,4,3,192,0.005716582993045449,0.014026999997440726,887717888,0.1796875
71538859ff7bb1bb,svhn,ssb-v2-block,cnn,protocol-v3,0.4,8,4,3,193,0.0056813330156728625,0.014148541959002614,887717888,0.2109375
71538859ff7bb1bb,svhn,ssb-v2-block,cnn,protocol-v3,0.4,8,4,3,194,0.005764625035226345,0.014231332985218614,887717888,0.1484375
71538859ff7bb1bb,svhn,ssb-v2-block,cnn,protocol-v3,0.4,8,4,3,195,0.0056986669660545886,0.013991374988108873,887717888,0.1640625
71538859ff7bb1bb,svhn,ssb-v2-block,cnn,protocol-v3,0.4,8,4,3,196,0.005735707993153483,0.01422295899828896,887717888,0.125
71538859ff7bb1bb,svhn,ssb-v2-block,cnn,protocol-v3,0.4,8,4,3,197,0.005696207983419299,0.014171292015817016,887734272,0.1875
71538859ff7bb1bb,svhn,ssb-v2-block,cnn,protocol-v3,0.4,8,4,3,198,0.0057063750573433936,0.02205037500243634,888684544,0.2109375
71538859ff7bb1bb,svhn,ssb-v2-block,cnn,protocol-v3,0.4,8,4,3,199,0.005742000008467585,0.01413675001822412,888684544,0.3828125
71538859ff7bb1bb,svhn,ssb-v2-block,cnn,protocol-v3,0.4,8,4,3,200,0.005731582990847528,0.014306124998256564,888700928,0.3984375
71538859ff7bb1bb,svhn,ssb-v2-block,cnn,protocol-v3,0.4,8,4,3,201,0.005724791961256415,0.01416679099202156,888717312,0.359375
71538859ff7bb1bb,svhn,ssb-v2-block,cnn,protocol-v3,0.4,8,4,3,202,0.0057207909994758666,0.013946334016509354,889208832,0.3671875
71538859ff7bb1bb,svhn,ssb-v2-block,cnn,protocol-v3,0.4,8,4,3,203,0.005703416944015771,0.014445791020989418,889208832,0.25
71538859ff7bb1bb,svhn,ssb-v2-block,cnn,protocol-v3,0.4,8,4,3,204,0.00571374996798113,0.014943375019356608,889208832,0.234375
71538859ff7bb1bb,svhn,ssb-v2-block,cnn,protocol-v3,0.4,8,4,3,205,0.005721208988688886,0.01459841598989442,889208832,0.421875
71538859ff7bb1bb,svhn,ssb-v2-block,cnn,protocol-v3,0.4,8,4,3,206,0.0057051670155487955,0.015179208014160395,889208832,0.359375
71538859ff7bb1bb,svhn,ssb-v2-block,cnn,protocol-v3,0.4,8,4,3,207,0.005787875037640333,0.014081374974921346,889208832,0.3203125
71538859ff7bb1bb,svhn,ssb-v2-block,cnn,protocol-v3,0.4,8,4,3,208,0.005744750029407442,0.014511333021800965,889208832,0.2734375
71538859ff7bb1bb,svhn,ssb-v2-block,cnn,protocol-v3,0.4,8,4,3,209,0.005711041041649878,0.01489749999018386,889208832,0.234375
71538859ff7bb1bb,svhn,ssb-v2-block,cnn,protocol-v3,0.4,8,4,3,210,0.005719457985833287,0.015085334016475827,889421824,0.328125
71538859ff7bb1bb,svhn,ssb-v2-block,cnn,protocol-v3,0.4,8,4,3,211,0.005744708993006498,0.015152374980971217,889421824,0.34375
71538859ff7bb1bb,svhn,ssb-v2-block,cnn,protocol-v3,0.4,8,4,3,212,0.005712499958463013,0.014565541001502424,889421824,0.234375
71538859ff7bb1bb,svhn,ssb-v2-block,cnn,protocol-v3,0.4,8,4,3,213,0.0057410410372540355,0.0145380410249345,889421824,0.2578125
71538859ff7bb1bb,svhn,ssb-v2-block,cnn,protocol-v3,0.4,8,4,3,214,0.005739750049542636,0.01511262496933341,889421824,0.265625
71538859ff7bb1bb,svhn,ssb-v2-block,cnn,protocol-v3,0.4,8,4,3,215,0.006508624996058643,0.014568458020221442,890388480,0.2890625
71538859ff7bb1bb,svhn,ssb-v2-block,cnn,protocol-v3,0.4,8,4,3,216,0.006369917013216764,0.014199082972481847,890404864,0.3359375
71538859ff7bb1bb,svhn,ssb-v2-block,cnn,protocol-v3,0.4,8,4,3,217,0.0057887909933924675,0.014891540980897844,890404864,0.3671875
71538859ff7bb1bb,svhn,ssb-v2-block,cnn,protocol-v3,0.4,8,4,3,218,0.005736583028919995,0.014491082984022796,891994112,0.4375
71538859ff7bb1bb,svhn,ssb-v2-block,cnn,protocol-v3,0.4,8,4,3,219,0.005727416020818055,0.014206250023562461,891994112,0.4609375
71538859ff7bb1bb,svhn,ssb-v2-block,cnn,protocol-v3,0.4,8,4,3,220,0.005719790991861373,0.014679000014439225,891994112,0.3671875
71538859ff7bb1bb,svhn,ssb-v2-block,cnn,protocol-v3,0.4,8,4,3,221,0.0057482499978505075,0.014962582965381444,892010496,0.5078125
71538859ff7bb1bb,svhn,ssb-v2-block,cnn,protocol-v3,0.4,8,4,3,222,0.005753166042268276,0.014757375000044703,892010496,0.5234375
71538859ff7bb1bb,svhn,ssb-v2-block,cnn,protocol-v3,0.4,8,4,3,223,0.0057200000155717134,0.01577754196478054,892010496,0.3828125
71538859ff7bb1bb,svhn,ssb-v2-block,cnn,protocol-v3,0.4,8,4,3,224,0.005730416974984109,0.01557195803616196,892010496,0.421875
71538859ff7bb1bb,svhn,ssb-v2-block,cnn,protocol-v3,0.4,8,4,3,225,0.005826750013511628,0.014627499971538782,892026880,0.5
71538859ff7bb1bb,svhn,ssb-v2-block,cnn,protocol-v3,0.4,8,4,3,226,0.005700291018001735,0.014962000015657395,892026880,0.484375
71538859ff7bb1bb,svhn,ssb-v2-block,cnn,protocol-v3,0.4,8,4,3,227,0.005724916991312057,0.014075000013690442,892026880,0.4765625
71538859ff7bb1bb,svhn,ssb-v2-block,cnn,protocol-v3,0.4,8,4,3,228,0.005737333034630865,0.014221832971088588,892026880,0.3828125
71538859ff7bb1bb,svhn,ssb-v2-block,cnn,protocol-v3,0.4,8,4,3,229,0.005714917031582445,0.013882416009437293,892026880,0.4375
71538859ff7bb1bb,svhn,ssb-v2-block,cnn,protocol-v3,0.4,8,4,3,230,0.00570629199501127,0.014036042033694685,892026880,0.3984375
71538859ff7bb1bb,svhn,ssb-v2-block,cnn,protocol-v3,0.4,8,4,3,231,0.005740375025197864,0.014129708986729383,892026880,0.4921875
71538859ff7bb1bb,svhn,ssb-v2-block,cnn,protocol-v3,0.4,8,4,3,232,0.005705000017769635,0.014002416981384158,892026880,0.390625
71538859ff7bb1bb,svhn,ssb-v2-block,cnn,protocol-v3,0.4,8,4,3,233,0.00573025003541261,0.01413745799800381,892026880,0.3828125
71538859ff7bb1bb,svhn,ssb-v2-block,cnn,protocol-v3,0.4,8,4,3,234,0.005710166005883366,0.014135042030829936,892026880,0.40625
71538859ff7bb1bb,svhn,ssb-v2-block,cnn,protocol-v3,0.4,8,4,3,235,0.005714458005968481,0.014167332963552326,892026880,0.421875
71538859ff7bb1bb,svhn,ssb-v2-block,cnn,protocol-v3,0.4,8,4,3,236,0.005722665984649211,0.014068084012251347,892026880,0.53125
71538859ff7bb1bb,svhn,ssb-v2-block,cnn,protocol-v3,0.4,8,4,3,237,0.005701207963284105,0.01414350001141429,892026880,0.453125
71538859ff7bb1bb,svhn,ssb-v2-block,cnn,protocol-v3,0.4,8,4,3,238,0.00571095896884799,0.014052750018890947,892026880,0.4453125
71538859ff7bb1bb,svhn,ssb-v2-block,cnn,protocol-v3,0.4,8,4,3,239,0.005722292000427842,0.014159457990899682,892026880,0.484375
71538859ff7bb1bb,svhn,ssb-v2-block,cnn,protocol-v3,0.4,8,4,3,240,0.005721374996937811,0.01401295798132196,892026880,0.421875
71538859ff7bb1bb,svhn,ssb-v2-block,cnn,protocol-v3,0.4,8,4,3,241,0.005721624998841435,0.014107458002399653,892026880,0.46875
71538859ff7bb1bb,svhn,ssb-v2-block,cnn,protocol-v3,0.4,8,4,3,242,0.005755291029345244,0.01427562499884516,892043264,0.3984375
71538859ff7bb1bb,svhn,ssb-v2-block,cnn,protocol-v3,0.4,8,4,3,243,0.00567975000012666,0.014079708023928106,892043264,0.5
71538859ff7bb1bb,svhn,ssb-v2-block,cnn,protocol-v3,0.4,8,4,3,244,0.005724874965380877,0.0138965830556117,892043264,0.5
71538859ff7bb1bb,svhn,ssb-v2-block,cnn,protocol-v3,0.4,8,4,3,245,0.005717583000659943,0.014037959044799209,892043264,0.46875
71538859ff7bb1bb,svhn,ssb-v2-block,cnn,protocol-v3,0.4,8,4,3,246,0.005696083011571318,0.014144458982627839,892043264,0.5703125
71538859ff7bb1bb,svhn,ssb-v2-block,cnn,protocol-v3,0.4,8,4,3,247,0.00568666699109599,0.013823417015373707,892043264,0.53125
71538859ff7bb1bb,svhn,ssb-v2-block,cnn,protocol-v3,0.4,8,4,3,248,0.005834415962453932,0.013882874976843596,892043264,0.5546875
71538859ff7bb1bb,svhn,ssb-v2-block,cnn,protocol-v3,0.4,8,4,3,249,0.005712541984394193,0.014193999988492578,892043264,0.5078125
71538859ff7bb1bb,svhn,ssb-v2-block,cnn,protocol-v3,0.4,8,4,3,250,0.005715875013265759,0.015244332957081497,892043264,0.453125
71538859ff7bb1bb,svhn,ssb-v2-block,cnn,protocol-v3,0.4,8,4,3,251,0.005705291987396777,0.01448237500153482,892059648,0.4921875
71538859ff7bb1bb,svhn,ssb-v2-block,cnn,protocol-v3,0.4,8,4,3,252,0.005720667017158121,0.014158000005409122,892059648,0.5703125
71538859ff7bb1bb,svhn,ssb-v2-block,cnn,protocol-v3,0.4,8,4,3,253,0.005721749970689416,0.014054000028409064,892059648,0.625
71538859ff7bb1bb,svhn,ssb-v2-block,cnn,protocol-v3,0.4,8,4,3,254,0.005708749988116324,0.014022082963492721,892059648,0.5546875
71538859ff7bb1bb,svhn,ssb-v2-block,cnn,protocol-v3,0.4,8,4,3,255,0.005719791981391609,0.013829124975018203,892076032,0.484375
71538859ff7bb1bb,svhn,ssb-v2-block,cnn,protocol-v3,0.4,8,4,3,256,0.0057119999546557665,0.014008584024850279,892076032,0.484375
71538859ff7bb1bb,svhn,ssb-v2-block,cnn,protocol-v3,0.4,8,4,3,257,0.005715290957596153,0.013817415980156511,892076032,0.5234375
71538859ff7bb1bb,svhn,ssb-v2-block,cnn,protocol-v3,0.4,8,4,3,258,0.0056950830039568245,0.014336374995764345,892092416,0.5390625
71538859ff7bb1bb,svhn,ssb-v2-block,cnn,protocol-v3,0.4,8,4,3,259,0.005720458982978016,0.014021209033671767,892092416,0.5625
71538859ff7bb1bb,svhn,ssb-v2-block,cnn,protocol-v3,0.4,8,4,3,260,0.005720124987419695,0.014347666990943253,892092416,0.578125
71538859ff7bb1bb,svhn,ssb-v2-block,cnn,protocol-v3,0.4,8,4,3,261,0.005721708002965897,0.013984124991111457,892092416,0.4921875
71538859ff7bb1bb,svhn,ssb-v2-block,cnn,protocol-v3,0.4,8,4,3,262,0.005709375021979213,0.014214332972187549,892092416,0.4921875
71538859ff7bb1bb,svhn,ssb-v2-block,cnn,protocol-v3,0.4,8,4,3,263,0.005721249966882169,0.014453667041379958,892092416,0.5625
71538859ff7bb1bb,svhn,ssb-v2-block,cnn,protocol-v3,0.4,8,4,3,264,0.005709582997951657,0.014777374977711588,892092416,0.515625
71538859ff7bb1bb,svhn,ssb-v2-block,cnn,protocol-v3,0.4,8,4,3,265,0.005699582980014384,0.014668500050902367,892092416,0.4921875
71538859ff7bb1bb,svhn,ssb-v2-block,cnn,protocol-v3,0.4,8,4,3,266,0.005705333023797721,0.013954041991382837,892092416,0.515625
71538859ff7bb1bb,svhn,ssb-v2-block,cnn,protocol-v3,0.4,8,4,3,267,0.005709999997634441,0.014214374998118728,892092416,0.515625
71538859ff7bb1bb,svhn,ssb-v2-block,cnn,protocol-v3,0.4,8,4,3,268,0.005714000028092414,0.014167666959110647,892108800,0.5078125
71538859ff7bb1bb,svhn,ssb-v2-block,cnn,protocol-v3,0.4,8,4,3,269,0.005711917008738965,0.01391266699647531,892108800,0.484375
71538859ff7bb1bb,svhn,ssb-v2-block,cnn,protocol-v3,0.4,8,4,3,270,0.0056997910141944885,0.013810708012897521,892108800,0.515625
71538859ff7bb1bb,svhn,ssb-v2-block,cnn,protocol-v3,0.4,8,4,3,271,0.005698791006579995,0.01428249996388331,892108800,0.53125
71538859ff7bb1bb,svhn,ssb-v2-block,cnn,protocol-v3,0.4,8,4,3,272,0.005696291045751423,0.013974625035189092,892108800,0.5625
71538859ff7bb1bb,svhn,ssb-v2-block,cnn,protocol-v3,0.4,8,4,3,273,0.005714166036341339,0.01395862502977252,892108800,0.5234375
71538859ff7bb1bb,svhn,ssb-v2-block,cnn,protocol-v3,0.4,8,4,3,274,0.0057229590020142496,0.01415241596987471,892108800,0.5234375
71538859ff7bb1bb,svhn,ssb-v2-block,cnn,protocol-v3,0.4,8,4,3,275,0.005720207991544157,0.014738625031895936,892108800,0.5234375
71538859ff7bb1bb,svhn,ssb-v2-block,cnn,protocol-v3,0.4,8,4,3,276,0.0057022920227609575,0.014676292019430548,892125184,0.5859375
71538859ff7bb1bb,svhn,ssb-v2-block,cnn,protocol-v3,0.4,8,4,3,277,0.005701249989215285,0.014773375005461276,892141568,0.46875
71538859ff7bb1bb,svhn,ssb-v2-block,cnn,protocol-v3,0.4,8,4,3,278,0.0057687500375323,0.014162042003590614,892141568,0.5
71538859ff7bb1bb,svhn,ssb-v2-block,cnn,protocol-v3,0.4,8,4,3,279,0.0056978749926202,0.01394120801705867,892141568,0.515625
71538859ff7bb1bb,svhn,ssb-v2-block,cnn,protocol-v3,0.4,8,4,3,280,0.0057171249645762146,0.013828958966769278,892141568,0.5546875
71538859ff7bb1bb,svhn,ssb-v2-block,cnn,protocol-v3,0.4,8,4,3,281,0.005729333031922579,0.014239416981581599,892141568,0.5703125
71538859ff7bb1bb,svhn,ssb-v2-block,cnn,protocol-v3,0.4,8,4,3,282,0.0057222089963033795,0.01396254199789837,892141568,0.578125
71538859ff7bb1bb,svhn,ssb-v2-block,cnn,protocol-v3,0.4,8,4,3,283,0.005694792023859918,0.014089541975408792,892141568,0.6640625
71538859ff7bb1bb,svhn,ssb-v2-block,cnn,protocol-v3,0.4,8,4,3,284,0.00572666700463742,0.01411337498575449,892141568,0.546875
71538859ff7bb1bb,svhn,ssb-v2-block,cnn,protocol-v3,0.4,8,4,3,285,0.00572291697608307,0.014031708997208625,892141568,0.640625
71538859ff7bb1bb,svhn,ssb-v2-block,cnn,protocol-v3,0.4,8,4,3,286,0.005732666002586484,0.015393042005598545,892141568,0.671875
71538859ff7bb1bb,svhn,ssb-v2-block,cnn,protocol-v3,0.4,8,4,3,287,0.00571979203959927,0.014437792007811368,892141568,0.6171875
71538859ff7bb1bb,svhn,ssb-v2-block,cnn,protocol-v3,0.4,8,4,3,288,0.005718666012398899,0.013968791987281293,892141568,0.546875
71538859ff7bb1bb,svhn,ssb-v2-block,cnn,protocol-v3,0.4,8,4,3,289,0.005715875013265759,0.014088625030126423,892141568,0.5546875
71538859ff7bb1bb,svhn,ssb-v2-block,cnn,protocol-v3,0.4,8,4,3,290,0.005701666988898069,0.013832165976054966,892141568,0.53125
71538859ff7bb1bb,svhn,ssb-v2-block,cnn,protocol-v3,0.4,8,4,3,291,0.005714375001844019,0.013946833030786365,892157952,0.5234375
71538859ff7bb1bb,svhn,ssb-v2-block,cnn,protocol-v3,0.4,8,4,3,292,0.005720583023503423,0.014202457969076931,892157952,0.5859375
71538859ff7bb1bb,svhn,ssb-v2-block,cnn,protocol-v3,0.4,8,4,3,293,0.005714249971788377,0.01414141699206084,892174336,0.6015625
71538859ff7bb1bb,svhn,ssb-v2-block,cnn,protocol-v3,0.4,8,4,3,294,0.005713624996133149,0.01427483296720311,892174336,0.59375
71538859ff7bb1bb,svhn,ssb-v2-block,cnn,protocol-v3,0.4,8,4,3,295,0.00568662496516481,0.014023791998624802,892174336,0.546875
71538859ff7bb1bb,svhn,ssb-v2-block,cnn,protocol-v3,0.4,8,4,3,296,0.005795707984361798,0.014298624999355525,892174336,0.625
71538859ff7bb1bb,svhn,ssb-v2-block,cnn,protocol-v3,0.4,8,4,3,297,0.005704541981685907,0.014064709015656263,892174336,0.609375
71538859ff7bb1bb,svhn,ssb-v2-block,cnn,protocol-v3,0.4,8,4,3,298,0.005699125002138317,0.014013624982908368,892174336,0.609375
71538859ff7bb1bb,svhn,ssb-v2-block,cnn,protocol-v3,0.4,8,4,3,299,0.0057098749675787985,0.014173083007335663,892174336,0.671875
71538859ff7bb1bb,svhn,ssb-v2-block,cnn,protocol-v3,0.4,8,4,3,300,0.005705665971618146,0.014063958020415157,892174336,0.65625
71538859ff7bb1bb,svhn,ssb-v2-block,cnn,protocol-v3,0.4,8,4,3,301,0.005710833007469773,0.014451041002757847,892190720,0.65625
71538859ff7bb1bb,svhn,ssb-v2-block,cnn,protocol-v3,0.4,8,4,3,302,0.005693999992217869,0.014706250047311187,892190720,0.59375
71538859ff7bb1bb,svhn,ssb-v2-block,cnn,protocol-v3,0.4,8,4,3,303,0.005683625000528991,0.014883166993968189,892190720,0.625
71538859ff7bb1bb,svhn,ssb-v2-block,cnn,protocol-v3,0.4,8,4,3,304,0.005704750015866011,0.014047541946638376,892207104,0.5859375
71538859ff7bb1bb,svhn,ssb-v2-block,cnn,protocol-v3,0.4,8,4,3,305,0.005691707949154079,0.014161499973852187,892207104,0.6015625
71538859ff7bb1bb,svhn,ssb-v2-block,cnn,protocol-v3,0.4,8,4,3,306,0.0057011659955605865,0.014168624999001622,892207104,0.578125
71538859ff7bb1bb,svhn,ssb-v2-block,cnn,protocol-v3,0.4,8,4,3,307,0.0057197080459445715,0.014308083977084607,892207104,0.6484375
71538859ff7bb1bb,svhn,ssb-v2-block,cnn,protocol-v3,0.4,8,4,3,308,0.005700957961380482,0.014599167043343186,892207104,0.609375
71538859ff7bb1bb,svhn,ssb-v2-block,cnn,protocol-v3,0.4,8,4,3,309,0.0057062910054810345,0.014953167003113776,892207104,0.6015625
71538859ff7bb1bb,svhn,ssb-v2-block,cnn,protocol-v3,0.4,8,4,3,310,0.005719457985833287,0.014214167022146285,892207104,0.6328125
71538859ff7bb1bb,svhn,ssb-v2-block,cnn,protocol-v3,0.4,8,4,3,311,0.005711458972655237,0.014871958002913743,892207104,0.5390625
71538859ff7bb1bb,svhn,ssb-v2-block,cnn,protocol-v3,0.4,8,4,3,312,0.005710707977414131,0.01513470895588398,892223488,0.65625
71538859ff7bb1bb,svhn,ssb-v2-block,cnn,protocol-v3,0.4,8,4,3,313,0.00570816604886204,0.014639542030636221,892223488,0.640625
71538859ff7bb1bb,svhn,ssb-v2-block,cnn,protocol-v3,0.4,8,4,3,314,0.005710416997317225,0.014197791984770447,892223488,0.703125
71538859ff7bb1bb,svhn,ssb-v2-block,cnn,protocol-v3,0.4,8,4,3,315,0.005694999999832362,0.014000458002556115,892223488,0.609375
71538859ff7bb1bb,svhn,ssb-v2-block,cnn,protocol-v3,0.4,8,4,3,316,0.005703958973754197,0.013941375014837831,892223488,0.5859375
71538859ff7bb1bb,svhn,ssb-v2-block,cnn,protocol-v3,0.4,8,4,3,317,0.005717749998439103,0.013866542023606598,892223488,0.6015625
71538859ff7bb1bb,svhn,ssb-v2-block,cnn,protocol-v3,0.4,8,4,3,318,0.005688208038918674,0.014125625020824373,892223488,0.625
71538859ff7bb1bb,svhn,ssb-v2-block,cnn,protocol-v3,0.4,8,4,3,319,0.00569562497548759,0.013754458050243556,892223488,0.5703125
71538859ff7bb1bb,svhn,ssb-v2-block,cnn,protocol-v3,0.4,8,4,3,320,0.005821083963382989,0.013830624986439943,892239872,0.5390625
71538859ff7bb1bb,svhn,ssb-v2-block,cnn,protocol-v3,0.4,8,4,3,321,0.0057174579706043005,0.01411733403801918,892239872,0.5390625
71538859ff7bb1bb,svhn,ssb-v2-block,cnn,protocol-v3,0.4,8,4,3,322,0.005699041998013854,0.014060125045944005,892239872,0.546875
71538859ff7bb1bb,svhn,ssb-v2-block,cnn,protocol-v3,0.4,8,4,3,323,0.005684125004336238,0.01409075001720339,892239872,0.609375
71538859ff7bb1bb,svhn,ssb-v2-block,cnn,protocol-v3,0.4,8,4,3,324,0.005698207998648286,0.01401295798132196,892239872,0.6171875
71538859ff7bb1bb,svhn,ssb-v2-block,cnn,protocol-v3,0.4,8,4,3,325,0.005697042040992528,0.014017667039297521,892239872,0.640625
71538859ff7bb1bb,svhn,ssb-v2-block,cnn,protocol-v3,0.4,8,4,3,326,0.005706083029508591,0.014698499988298863,892239872,0.6328125
71538859ff7bb1bb,svhn,ssb-v2-block,cnn,protocol-v3,0.4,8,4,3,327,0.005720124987419695,0.015064542007166892,892239872,0.546875
71538859ff7bb1bb,svhn,ssb-v2-block,cnn,protocol-v3,0.4,8,4,3,328,0.0057659579906612635,0.014754958974663168,892256256,0.53125
71538859ff7bb1bb,svhn,ssb-v2-block,cnn,protocol-v3,0.4,8,4,3,329,0.005691541999112815,0.0142001670319587,892272640,0.5078125
71538859ff7bb1bb,svhn,ssb-v2-block,cnn,protocol-v3,0.4,8,4,3,330,0.005712290992960334,0.014236124989110976,892272640,0.5
71538859ff7bb1bb,svhn,ssb-v2-block,cnn,protocol-v3,0.4,8,4,3,331,0.005884833983145654,0.014282000018283725,892272640,0.6015625
71538859ff7bb1bb,svhn,ssb-v2-block,cnn,protocol-v3,0.4,8,4,3,332,0.005755042016971856,0.014140415994916111,892272640,0.6171875
71538859ff7bb1bb,svhn,ssb-v2-block,cnn,protocol-v3,0.4,8,4,3,333,0.005716874962672591,0.014087082992773503,892272640,0.6953125
71538859ff7bb1bb,svhn,ssb-v2-block,cnn,protocol-v3,0.4,8,4,3,334,0.005720707995351404,0.014173957984894514,892272640,0.5703125
71538859ff7bb1bb,svhn,ssb-v2-block,cnn,protocol-v3,0.4,8,4,3,335,0.005727416020818055,0.014539999945554882,892272640,0.515625
71538859ff7bb1bb,svhn,ssb-v2-block,cnn,protocol-v3,0.4,8,4,3,336,0.005715125007554889,0.014997209014836699,892272640,0.5859375
71538859ff7bb1bb,svhn,ssb-v2-block,cnn,protocol-v3,0.4,8,4,3,337,0.005693042010534555,0.014275875000748783,892272640,0.65625
71538859ff7bb1bb,svhn,ssb-v2-block,cnn,protocol-v3,0.4,8,4,3,338,0.0057120840065181255,0.014681333035696298,892289024,0.5703125
71538859ff7bb1bb,svhn,ssb-v2-block,cnn,protocol-v3,0.4,8,4,3,339,0.005698083026800305,0.01513524999609217,892289024,0.5625
71538859ff7bb1bb,svhn,ssb-v2-block,cnn,protocol-v3,0.4,8,4,3,340,0.005687375029083341,0.014948208001442254,892289024,0.5703125
71538859ff7bb1bb,svhn,ssb-v2-block,cnn,protocol-v3,0.4,8,4,3,341,0.005703583010472357,0.01434891700046137,892305408,0.5625
71538859ff7bb1bb,svhn,ssb-v2-block,cnn,protocol-v3,0.4,8,4,3,342,0.005715707957278937,0.015163958014454693,892305408,0.5703125
71538859ff7bb1bb,svhn,ssb-v2-block,cnn,protocol-v3,0.4,8,4,3,343,0.005721291992813349,0.014313791994936764,892321792,0.5546875
71538859ff7bb1bb,svhn,ssb-v2-block,cnn,protocol-v3,0.4,8,4,3,344,0.005705624993424863,0.015014124976005405,892321792,0.5703125
71538859ff7bb1bb,svhn,ssb-v2-block,cnn,protocol-v3,0.4,8,4,3,345,0.005709707969799638,0.014654791040811688,892321792,0.578125
71538859ff7bb1bb,svhn,ssb-v2-block,cnn,protocol-v3,0.4,8,4,3,346,0.005700708017684519,0.014057790976949036,892338176,0.6015625
71538859ff7bb1bb,svhn,ssb-v2-block,cnn,protocol-v3,0.4,8,4,3,347,0.005696499953046441,0.013915292045567185,892338176,0.5390625
71538859ff7bb1bb,svhn,ssb-v2-block,cnn,protocol-v3,0.4,8,4,3,348,0.005706917028874159,0.014222416037227958,892338176,0.65625
71538859ff7bb1bb,svhn,ssb-v2-block,cnn,protocol-v3,0.4,8,4,3,349,0.005725375027395785,0.014045124989934266,892338176,0.6015625
71538859ff7bb1bb,svhn,ssb-v2-block,cnn,protocol-v3,0.4,8,4,3,350,0.005703708040527999,0.014038833032827824,892338176,0.65625
71538859ff7bb1bb,svhn,ssb-v2-block,cnn,protocol-v3,0.4,8,4,3,351,0.005717916996218264,0.01398195803631097,892338176,0.5
71538859ff7bb1bb,svhn,ssb-v2-block,cnn,protocol-v3,0.4,8,4,3,352,0.005697165965102613,0.014089041971601546,892338176,0.5390625
71538859ff7bb1bb,svhn,ssb-v2-block,cnn,protocol-v3,0.4,8,4,3,353,0.005712291982490569,0.013944874983280897,892338176,0.5703125
71538859ff7bb1bb,svhn,ssb-v2-block,cnn,protocol-v3,0.4,8,4,3,354,0.005708499986212701,0.015224458009470254,892338176,0.5546875
71538859ff7bb1bb,svhn,ssb-v2-block,cnn,protocol-v3,0.4,8,4,3,355,0.00571975001366809,0.014959583000745624,892338176,0.671875
71538859ff7bb1bb,svhn,ssb-v2-block,cnn,protocol-v3,0.4,8,4,3,356,0.005714041006285697,0.013940292003098875,892354560,0.6640625
71538859ff7bb1bb,svhn,ssb-v2-block,cnn,protocol-v3,0.4,8,4,3,357,0.005711458041332662,0.01407712500076741,892354560,0.6796875
71538859ff7bb1bb,svhn,ssb-v2-block,cnn,protocol-v3,0.4,8,4,3,358,0.005715958017390221,0.014122624997980893,892354560,0.6484375
71538859ff7bb1bb,svhn,ssb-v2-block,cnn,protocol-v3,0.4,8,4,3,359,0.005705667019356042,0.014241374970879406,892354560,0.6875
71538859ff7bb1bb,svhn,ssb-v2-block,cnn,protocol-v3,0.4,8,4,3,360,0.005709749995730817,0.013908667024224997,892387328,0.71875
71538859ff7bb1bb,svhn,ssb-v2-block,cnn,protocol-v3,0.4,8,4,3,361,0.005717458028811961,0.01384779199725017,892387328,0.703125
71538859ff7bb1bb,svhn,ssb-v2-block,cnn,protocol-v3,0.4,8,4,3,362,0.005735999962780625,0.014041374961379915,892387328,0.5078125
71538859ff7bb1bb,svhn,ssb-v2-block,cnn,protocol-v3,0.4,8,4,3,363,0.005700583045836538,0.014259291987400502,892387328,0.609375
71538859ff7bb1bb,svhn,ssb-v2-block,cnn,protocol-v3,0.4,8,4,3,364,0.005710916011594236,0.014174624986480922,892387328,0.5859375
71538859ff7bb1bb,svhn,ssb-v2-block,cnn,protocol-v3,0.4,8,4,3,365,0.005692250037100166,0.015075707982759923,892387328,0.6640625
71538859ff7bb1bb,svhn,ssb-v2-block,cnn,protocol-v3,0.4,8,4,3,366,0.005762125016190112,0.01529020897578448,892387328,0.578125
71538859ff7bb1bb,svhn,ssb-v2-block,cnn,protocol-v3,0.4,8,4,3,367,0.005717249994631857,0.014026125019881874,892387328,0.703125
71538859ff7bb1bb,svhn,ssb-v2-block,cnn,protocol-v3,0.4,8,4,3,368,0.005715916980989277,0.013922167010605335,892387328,0.640625
71538859ff7bb1bb,svhn,ssb-v2-block,cnn,protocol-v3,0.4,8,4,3,369,0.005701832997146994,0.0139901660149917,892387328,0.671875
71538859ff7bb1bb,svhn,ssb-v2-block,cnn,protocol-v3,0.4,8,4,3,370,0.005715958017390221,0.014160499966237694,892387328,0.6875
71538859ff7bb1bb,svhn,ssb-v2-block,cnn,protocol-v3,0.4,8,4,3,371,0.005705624993424863,0.014093415986280888,892387328,0.59375
71538859ff7bb1bb,svhn,ssb-v2-block,cnn,protocol-v3,0.4,8,4,3,372,0.005806958011817187,0.013840582978446037,892387328,0.6015625
71538859ff7bb1bb,svhn,ssb-v2-block,cnn,protocol-v3,0.4,8,4,3,373,0.005701457965187728,0.014130917028523982,892387328,0.578125
71538859ff7bb1bb,svhn,ssb-v2-block,cnn,protocol-v3,0.4,8,4,3,374,0.005727834010031074,0.014007415971718729,892387328,0.53125
71538859ff7bb1bb,svhn,ssb-v2-block,cnn,protocol-v3,0.4,8,4,3,375,0.005682791990693659,0.013894832984078676,892387328,0.6328125
71538859ff7bb1bb,svhn,ssb-v2-block,cnn,protocol-v3,0.4,8,4,3,376,0.005695917003322393,0.014643208007328212,892387328,0.6484375
71538859ff7bb1bb,svhn,ssb-v2-block,cnn,protocol-v3,0.4,8,4,3,377,0.005712291982490569,0.015028542024083436,892387328,0.671875
71538859ff7bb1bb,svhn,ssb-v2-block,cnn,protocol-v3,0.4,8,4,3,378,0.005713333026506007,0.014396084006875753,892403712,0.671875
71538859ff7bb1bb,svhn,ssb-v2-block,cnn,protocol-v3,0.4,8,4,3,379,0.005731749988626689,0.015074207971338183,892420096,0.6640625
71538859ff7bb1bb,svhn,ssb-v2-block,cnn,protocol-v3,0.4,8,4,3,380,0.005704415962100029,0.014467332977801561,892420096,0.6796875
71538859ff7bb1bb,svhn,ssb-v2-block,cnn,protocol-v3,0.4,8,4,3,381,0.005702499998733401,0.014756333024706692,892420096,0.671875
71538859ff7bb1bb,svhn,ssb-v2-block,cnn,protocol-v3,0.4,8,4,3,382,0.005720957997255027,0.015051207970827818,892436480,0.71875
71538859ff7bb1bb,svhn,ssb-v2-block,cnn,protocol-v3,0.4,8,4,3,383,0.005747375020291656,0.014352541009429842,892436480,0.671875
71538859ff7bb1bb,svhn,ssb-v2-block,cnn,protocol-v3,0.4,8,4,3,384,0.005716292012948543,0.014734000025782734,892436480,0.6953125
71538859ff7bb1bb,svhn,ssb-v2-block,cnn,protocol-v3,0.4,8,4,3,385,0.0057095420197583735,0.015207040996756405,892436480,0.7421875
71538859ff7bb1bb,svhn,ssb-v2-block,cnn,protocol-v3,0.4,8,4,3,386,0.005716832994949073,0.014360250032041222,892452864,0.6953125
71538859ff7bb1bb,svhn,ssb-v2-block,cnn,protocol-v3,0.4,8,4,3,387,0.005738042003940791,0.01449974998831749,892452864,0.6484375
71538859ff7bb1bb,svhn,ssb-v2-block,cnn,protocol-v3,0.4,8,4,3,388,0.00571620900882408,0.014781792007852346,892452864,0.6640625
71538859ff7bb1bb,svhn,ssb-v2-block,cnn,protocol-v3,0.4,8,4,3,389,0.0057087920140475035,0.014851665997412056,892452864,0.640625
71538859ff7bb1bb,svhn,ssb-v2-block,cnn,protocol-v3,0.4,8,4,3,390,0.005713250022381544,0.014530166983604431,892452864,0.6484375
71538859ff7bb1bb,svhn,ssb-v2-block,cnn,protocol-v3,0.4,8,4,3,391,0.005707499978598207,0.01468833297258243,892452864,0.6796875
71538859ff7bb1bb,svhn,ssb-v2-block,cnn,protocol-v3,0.4,8,4,3,392,0.0057011249591596425,0.014157707977574319,892452864,0.6640625
71538859ff7bb1bb,svhn,ssb-v2-block,cnn,protocol-v3,0.4,8,4,3,393,0.005704707989934832,0.014076999970711768,892452864,0.6953125
71538859ff7bb1bb,svhn,ssb-v2-block,cnn,protocol-v3,0.4,8,4,3,394,0.005705749965272844,0.014162999985273927,892452864,0.6875
71538859ff7bb1bb,svhn,ssb-v2-block,cnn,protocol-v3,0.4,8,4,3,395,0.005743124987930059,0.014422625012230128,892469248,0.6484375
71538859ff7bb1bb,svhn,ssb-v2-block,cnn,protocol-v3,0.4,8,4,3,396,0.005729084019549191,0.015139666036702693,892469248,0.6796875
71538859ff7bb1bb,svhn,ssb-v2-block,cnn,protocol-v3,0.4,8,4,3,397,0.005699958011973649,0.014762041042558849,892469248,0.6328125
71538859ff7bb1bb,svhn,ssb-v2-block,cnn,protocol-v3,0.4,8,4,3,398,0.005766624992247671,0.014153582975268364,892469248,0.7109375
71538859ff7bb1bb,svhn,ssb-v2-block,cnn,protocol-v3,0.4,8,4,3,399,0.005685084033757448,0.014089290983974934,892485632,0.71875
71538859ff7bb1bb,svhn,ssb-v2-block,cnn,protocol-v3,0.4,8,4,3,400,0.005720291985198855,0.013878708996344358,892485632,0.5546875
71538859ff7bb1bb,svhn,ssb-v2-block,cnn,protocol-v3,0.4,8,4,3,401,0.005751791002694517,0.014238875010050833,892485632,0.5625
71538859ff7bb1bb,svhn,ssb-v2-block,cnn,protocol-v3,0.4,8,4,3,402,0.005718500004149973,0.014246916980482638,892485632,0.6796875
71538859ff7bb1bb,svhn,ssb-v2-block,cnn,protocol-v3,0.4,8,4,3,403,0.005742958979681134,0.014013541978783906,892485632,0.6171875
71538859ff7bb1bb,svhn,ssb-v2-block,cnn,protocol-v3,0.4,8,4,3,404,0.005694375024177134,0.01421824999852106,892502016,0.65625
71538859ff7bb1bb,svhn,ssb-v2-block,cnn,protocol-v3,0.4,8,4,3,405,0.005718500004149973,0.013969874999020249,892502016,0.671875
71538859ff7bb1bb,svhn,ssb-v2-block,cnn,protocol-v3,0.4,8,4,3,406,0.00570141599746421,0.015137792041059583,892502016,0.6171875
71538859ff7bb1bb,svhn,ssb-v2-block,cnn,protocol-v3,0.4,8,4,3,407,0.005715125007554889,0.014528041006997228,892518400,0.59375
71538859ff7bb1bb,svhn,ssb-v2-block,cnn,protocol-v3,0.4,8,4,3,408,0.0056957079796120524,0.014138584025204182,892518400,0.7734375
71538859ff7bb1bb,svhn,ssb-v2-block,cnn,protocol-v3,0.4,8,4,3,409,0.00572366698179394,0.01412383298156783,892518400,0.71875
71538859ff7bb1bb,svhn,ssb-v2-block,cnn,protocol-v3,0.4,8,4,3,410,0.005722125002648681,0.014321124996058643,892518400,0.640625
71538859ff7bb1bb,svhn,ssb-v2-block,cnn,protocol-v3,0.4,8,4,3,411,0.005728915974032134,0.01411566702881828,892534784,0.7109375
71538859ff7bb1bb,svhn,ssb-v2-block,cnn,protocol-v3,0.4,8,4,3,412,0.005706000025384128,0.014066207979340106,892534784,0.65625
71538859ff7bb1bb,svhn,ssb-v2-block,cnn,protocol-v3,0.4,8,4,3,413,0.005717291962355375,0.014042583992704749,892567552,0.7109375
71538859ff7bb1bb,svhn,ssb-v2-block,cnn,protocol-v3,0.4,8,4,3,414,0.005679834051989019,0.014254625013563782,892567552,0.6171875
71538859ff7bb1bb,svhn,ssb-v2-block,cnn,protocol-v3,0.4,8,4,3,415,0.005705791991204023,0.014220708049833775,892567552,0.734375
71538859ff7bb1bb,svhn,ssb-v2-block,cnn,protocol-v3,0.4,8,4,3,416,0.005709709017537534,0.014105290989391506,892567552,0.609375
71538859ff7bb1bb,svhn,ssb-v2-block,cnn,protocol-v3,0.4,8,4,3,417,0.005696333013474941,0.013918458018451929,892567552,0.71875
71538859ff7bb1bb,svhn,ssb-v2-block,cnn,protocol-v3,0.4,8,4,3,418,0.0057001670356839895,0.014048541022930294,892567552,0.75
71538859ff7bb1bb,svhn,ssb-v2-block,cnn,protocol-v3,0.4,8,4,3,419,0.0057160420110449195,0.014045624993741512,892567552,0.6328125
71538859ff7bb1bb,svhn,ssb-v2-block,cnn,protocol-v3,0.4,8,4,3,420,0.00571954098995775,0.014087415998801589,892567552,0.671875
71538859ff7bb1bb,svhn,ssb-v2-block,cnn,protocol-v3,0.4,8,4,3,421,0.005733124969992787,0.014909707999322563,892567552,0.7109375
71538859ff7bb1bb,svhn,ssb-v2-block,cnn,protocol-v3,0.4,8,4,3,422,0.005720209039282054,0.01521116599906236,892567552,0.6796875
71538859ff7bb1bb,svhn,ssb-v2-block,cnn,protocol-v3,0.4,8,4,3,423,0.0057130829663947225,0.014482708997093141,892583936,0.671875
71538859ff7bb1bb,svhn,ssb-v2-block,cnn,protocol-v3,0.4,8,4,3,424,0.005849458975717425,0.014103583991527557,892583936,0.6796875
71538859ff7bb1bb,svhn,ssb-v2-block,cnn,protocol-v3,0.4,8,4,3,425,0.005703458969946951,0.014660625020042062,892600320,0.7109375
71538859ff7bb1bb,svhn,ssb-v2-block,cnn,protocol-v3,0.4,8,4,3,426,0.005729041004087776,0.014994916040450335,892600320,0.6328125
71538859ff7bb1bb,svhn,ssb-v2-block,cnn,protocol-v3,0.4,8,4,3,427,0.0057120840065181255,0.014865291013848037,892600320,0.6953125
71538859ff7bb1bb,svhn,ssb-v2-block,cnn,protocol-v3,0.4,8,4,3,428,0.0057044170098379254,0.01441016694298014,892600320,0.6484375
71538859ff7bb1bb,svhn,ssb-v2-block,cnn,protocol-v3,0.4,8,4,3,429,0.005714708007872105,0.014773625007364899,892600320,0.6484375
71538859ff7bb1bb,svhn,ssb-v2-block,cnn,protocol-v3,0.4,8,4,3,430,0.005707082978915423,0.015319874975830317,892616704,0.578125
71538859ff7bb1bb,svhn,ssb-v2-block,cnn,protocol-v3,0.4,8,4,3,431,0.005712290992960334,0.01456554199103266,892616704,0.6875
71538859ff7bb1bb,svhn,ssb-v2-block,cnn,protocol-v3,0.4,8,4,3,432,0.005829333036672324,0.014391583972610533,892616704,0.734375
71538859ff7bb1bb,svhn,ssb-v2-block,cnn,protocol-v3,0.4,8,4,3,433,0.0056932500447146595,0.014929416007362306,892616704,0.7421875
71538859ff7bb1bb,svhn,ssb-v2-block,cnn,protocol-v3,0.4,8,4,3,434,0.005713249964173883,0.014934791019186378,892616704,0.5546875
71538859ff7bb1bb,svhn,ssb-v2-block,cnn,protocol-v3,0.4,8,4,3,435,0.0057120409910567105,0.01456087501719594,892616704,0.6171875
71538859ff7bb1bb,svhn,ssb-v2-block,cnn,protocol-v3,0.4,8,4,3,436,0.0057521669659763575,0.014727541012689471,892616704,0.59375
71538859ff7bb1bb,svhn,ssb-v2-block,cnn,protocol-v3,0.4,8,4,3,437,0.005696459033060819,0.014921708963811398,892616704,0.671875
71538859ff7bb1bb,svhn,ssb-v2-block,cnn,protocol-v3,0.4,8,4,3,438,0.0057052079937420785,0.014366874995175749,892616704,0.6484375
71538859ff7bb1bb,svhn,ssb-v2-block,cnn,protocol-v3,0.4,8,4,3,439,0.005711167003028095,0.01481824996881187,892633088,0.609375
71538859ff7bb1bb,svhn,ssb-v2-block,cnn,protocol-v3,0.4,8,4,3,440,0.00570254196645692,0.014806541032157838,892649472,0.546875
71538859ff7bb1bb,svhn,ssb-v2-block,cnn,protocol-v3,0.4,8,4,3,441,0.005937375011853874,0.015192374994512647,892649472,0.6484375
71538859ff7bb1bb,svhn,ssb-v2-block,cnn,protocol-v3,0.4,8,4,3,442,0.006169083004351705,0.014652625017333776,892649472,0.546875
71538859ff7bb1bb,svhn,ssb-v2-block,cnn,protocol-v3,0.4,8,4,3,443,0.006012708996422589,0.014271459018345922,892649472,0.640625
71538859ff7bb1bb,svhn,ssb-v2-block,cnn,protocol-v3,0.4,8,4,3,444,0.005801916995551437,0.014454041956923902,892649472,0.6796875
71538859ff7bb1bb,svhn,ssb-v2-block,cnn,protocol-v3,0.4,8,4,3,445,0.005723791953641921,0.013892124989069998,892649472,0.6328125
71538859ff7bb1bb,svhn,ssb-v2-block,cnn,protocol-v3,0.4,8,4,3,446,0.005686999997124076,0.014678374980576336,892665856,0.5546875
71538859ff7bb1bb,svhn,ssb-v2-block,cnn,protocol-v3,0.4,8,4,3,447,0.005693166982382536,0.014547583006788045,892665856,0.5625
71538859ff7bb1bb,svhn,ssb-v2-block,cnn,protocol-v3,0.4,8,4,3,448,0.0057309580151923,0.014648250013124198,892665856,0.7109375
71538859ff7bb1bb,svhn,ssb-v2-block,cnn,protocol-v3,0.4,8,4,3,449,0.005701167043298483,0.013927166000939906,892665856,0.7578125
71538859ff7bb1bb,svhn,ssb-v2-block,cnn,protocol-v3,0.4,8,4,3,450,0.005695583007764071,0.014116707956418395,892682240,0.6953125
71538859ff7bb1bb,svhn,ssb-v2-block,cnn,protocol-v3,0.4,8,4,3,451,0.005814999982248992,0.01430216699372977,892682240,0.6328125
71538859ff7bb1bb,svhn,ssb-v2-block,cnn,protocol-v3,0.4,8,4,3,452,0.005844541999977082,0.015570749994367361,892682240,0.6328125
71538859ff7bb1bb,svhn,ssb-v2-block,cnn,protocol-v3,0.4,8,4,3,453,0.005874666967429221,0.014616416010539979,892682240,0.578125
71538859ff7bb1bb,svhn,ssb-v2-block,cnn,protocol-v3,0.4,8,4,3,454,0.005929917038884014,0.01449820795096457,892682240,0.5546875
71538859ff7bb1bb,svhn,ssb-v2-block,cnn,protocol-v3,0.4,8,4,3,455,0.005686040967702866,0.014331375015899539,892682240,0.6015625
71538859ff7bb1bb,svhn,ssb-v2-block,cnn,protocol-v3,0.4,8,4,3,456,0.0057692499831318855,0.013802957953885198,892682240,0.625
71538859ff7bb1bb,svhn,ssb-v2-block,cnn,protocol-v3,0.4,8,4,3,457,0.005685957963578403,0.01414199999999255,892698624,0.625
71538859ff7bb1bb,svhn,ssb-v2-block,cnn,protocol-v3,0.4,8,4,3,458,0.005830459005665034,0.014111625030636787,892698624,0.6484375
71538859ff7bb1bb,svhn,ssb-v2-block,cnn,protocol-v3,0.4,8,4,3,459,0.00579808303155005,0.014886374992784113,892715008,0.6875
71538859ff7bb1bb,svhn,ssb-v2-block,cnn,protocol-v3,0.4,8,4,3,460,0.005732957972213626,0.013720749993808568,892715008,0.6015625
71538859ff7bb1bb,svhn,ssb-v2-block,cnn,protocol-v3,0.4,8,4,3,461,0.005922625015955418,0.014525707985740155,892715008,0.6796875
71538859ff7bb1bb,svhn,ssb-v2-block,cnn,protocol-v3,0.4,8,4,3,462,0.005949084006715566,0.014504000020679086,892715008,0.65625
71538859ff7bb1bb,svhn,ssb-v2-block,cnn,protocol-v3,0.4,8,4,3,463,0.0057775829918682575,0.01431695802602917,892731392,0.625
71538859ff7bb1bb,svhn,ssb-v2-block,cnn,protocol-v3,0.4,8,4,3,464,0.0058245830005034804,0.014008417027071118,892731392,0.6796875
71538859ff7bb1bb,svhn,ssb-v2-block,cnn,protocol-v3,0.4,8,4,3,465,0.005762875021900982,0.014460458944085985,892747776,0.609375
71538859ff7bb1bb,svhn,ssb-v2-block,cnn,protocol-v3,0.4,8,4,3,466,0.005858832970261574,0.014187582943122834,892747776,0.6875
71538859ff7bb1bb,svhn,ssb-v2-block,cnn,protocol-v3,0.4,8,4,3,467,0.00581916602095589,0.01527266699122265,892747776,0.6640625
71538859ff7bb1bb,svhn,ssb-v2-block,cnn,protocol-v3,0.4,8,4,3,468,0.005795875040348619,0.014752292016055435,892747776,0.6328125
71538859ff7bb1bb,svhn,ssb-v2-block,cnn,protocol-v3,0.4,8,4,3,469,0.005780041974503547,0.015889166039414704,892747776,0.6328125
71538859ff7bb1bb,svhn,ssb-v2-block,cnn,protocol-v3,0.4,8,4,3,470,0.0058109580422751606,0.014590624952688813,892747776,0.6015625
71538859ff7bb1bb,svhn,ssb-v2-block,cnn,protocol-v3,0.4,8,4,3,471,0.005806958011817187,0.014191791997291148,892764160,0.6328125
71538859ff7bb1bb,svhn,ssb-v2-block,cnn,protocol-v3,0.4,8,4,3,472,0.005748792027588934,0.01430645800428465,892764160,0.6875
71538859ff7bb1bb,svhn,ssb-v2-block,cnn,protocol-v3,0.4,8,4,3,473,0.005760041996836662,0.014084124995861202,892764160,0.6171875
71538859ff7bb1bb,svhn,ssb-v2-block,cnn,protocol-v3,0.4,8,4,3,474,0.005814500036649406,0.015243250003550202,892764160,0.734375
71538859ff7bb1bb,svhn,ssb-v2-block,cnn,protocol-v3,0.4,8,4,3,475,0.005755084042903036,0.014318250003270805,892764160,0.640625
71538859ff7bb1bb,svhn,ssb-v2-block,cnn,protocol-v3,0.4,8,4,3,476,0.005775333032943308,0.014283417025581002,892764160,0.6640625
71538859ff7bb1bb,svhn,ssb-v2-block,cnn,protocol-v3,0.4,8,4,3,477,0.005795374978333712,0.01412291603628546,892780544,0.7265625
71538859ff7bb1bb,svhn,ssb-v2-block,cnn,protocol-v3,0.4,8,4,3,478,0.005777499987743795,0.014110207965131849,892780544,0.75
71538859ff7bb1bb,svhn,ssb-v2-block,cnn,protocol-v3,0.4,8,4,3,479,0.005862875026650727,0.013842458021827042,892780544,0.6953125
71538859ff7bb1bb,svhn,ssb-v2-block,cnn,protocol-v3,0.4,8,4,3,480,0.005777624959591776,0.014301415998488665,892780544,0.65625
71538859ff7bb1bb,svhn,ssb-v2-block,cnn,protocol-v3,0.4,8,4,3,481,0.005765457986854017,0.014757458993699402,892780544,0.71875
71538859ff7bb1bb,svhn,ssb-v2-block,cnn,protocol-v3,0.4,8,4,3,482,0.005743290996178985,0.014886791992466897,892780544,0.7890625
71538859ff7bb1bb,svhn,ssb-v2-block,cnn,protocol-v3,0.4,8,4,3,483,0.005773249955382198,0.01446662499802187,892796928,0.609375
71538859ff7bb1bb,svhn,ssb-v2-block,cnn,protocol-v3,0.4,8,4,3,484,0.005823292012792081,0.014395917009096593,892813312,0.734375
71538859ff7bb1bb,svhn,ssb-v2-block,cnn,protocol-v3,0.4,8,4,3,485,0.005760041996836662,0.01464483403833583,892813312,0.6875
71538859ff7bb1bb,svhn,ssb-v2-block,cnn,protocol-v3,0.4,8,4,3,486,0.00582462502643466,0.01881437498377636,893583360,0.71875
71538859ff7bb1bb,svhn,ssb-v2-block,cnn,protocol-v3,0.4,8,4,3,487,0.005886416998691857,0.014026082993950695,893796352,0.796875
71538859ff7bb1bb,svhn,ssb-v2-block,cnn,protocol-v3,0.4,8,4,3,488,0.005806250032037497,0.015142624964937568,893812736,0.6875
71538859ff7bb1bb,svhn,ssb-v2-block,cnn,protocol-v3,0.4,8,4,3,489,0.0057595420512370765,0.014804958016611636,894042112,0.75
71538859ff7bb1bb,svhn,ssb-v2-block,cnn,protocol-v3,0.4,8,4,3,490,0.005772374977823347,0.013891625043470412,894042112,0.6796875
71538859ff7bb1bb,svhn,ssb-v2-block,cnn,protocol-v3,0.4,8,4,3,491,0.005754790967330337,0.01428549998672679,894042112,0.6796875
71538859ff7bb1bb,svhn,ssb-v2-block,cnn,protocol-v3,0.4,8,4,3,492,0.00570779200643301,0.014726458000950515,894042112,0.6640625
71538859ff7bb1bb,svhn,ssb-v2-block,cnn,protocol-v3,0.4,8,4,3,493,0.00572050001937896,0.014917624997906387,894042112,0.71875
71538859ff7bb1bb,svhn,ssb-v2-block,cnn,protocol-v3,0.4,8,4,3,494,0.005704624985810369,0.013892290997318923,894042112,0.7109375
71538859ff7bb1bb,svhn,ssb-v2-block,cnn,protocol-v3,0.4,8,4,3,495,0.005688749952241778,0.013789541029836982,894042112,0.6640625
71538859ff7bb1bb,svhn,ssb-v2-block,cnn,protocol-v3,0.4,8,4,3,496,0.005758499959483743,0.013990375038702041,894042112,0.6953125
71538859ff7bb1bb,svhn,ssb-v2-block,cnn,protocol-v3,0.4,8,4,3,497,0.0057098749675787985,0.013963624951429665,894042112,0.71875
71538859ff7bb1bb,svhn,ssb-v2-block,cnn,protocol-v3,0.4,8,4,3,498,0.005670957965776324,0.01409579097526148,894042112,0.7109375
71538859ff7bb1bb,svhn,ssb-v2-block,cnn,protocol-v3,0.4,8,4,3,499,0.0057145829778164625,0.014100415981374681,894042112,0.7890625
71538859ff7bb1bb,svhn,ssb-v2-block,cnn,protocol-v3,0.4,8,4,3,500,0.005707167030777782,0.013995165994856507,894058496,0.6796875
71538859ff7bb1bb,svhn,ssb-v2-block,cnn,protocol-v3,0.4,8,4,3,501,0.005707791016902775,0.014059542038012296,894058496,0.65625
71538859ff7bb1bb,svhn,ssb-v2-block,cnn,protocol-v3,0.4,8,4,3,502,0.005724749993532896,0.01408329198602587,894058496,0.6640625
71538859ff7bb1bb,svhn,ssb-v2-block,cnn,protocol-v3,0.4,8,4,3,503,0.00570908299414441,0.01427937502739951,894058496,0.6875
71538859ff7bb1bb,svhn,ssb-v2-block,cnn,protocol-v3,0.4,8,4,3,504,0.005719791981391609,0.014008041995111853,894058496,0.640625
71538859ff7bb1bb,svhn,ssb-v2-block,cnn,protocol-v3,0.4,8,4,3,505,0.005731458018999547,0.014129082963336259,894058496,0.6484375
71538859ff7bb1bb,svhn,ssb-v2-block,cnn,protocol-v3,0.4,8,4,3,506,0.005699041998013854,0.01400920795276761,894058496,0.7265625
71538859ff7bb1bb,svhn,ssb-v2-block,cnn,protocol-v3,0.4,8,4,3,507,0.005694499996025115,0.014689792005810887,894058496,0.609375
71538859ff7bb1bb,svhn,ssb-v2-block,cnn,protocol-v3,0.4,8,4,3,508,0.005701792018953711,0.015200791996903718,894058496,0.7734375
71538859ff7bb1bb,svhn,ssb-v2-block,cnn,protocol-v3,0.4,8,4,3,509,0.005710790981538594,0.014296207984443754,894058496,0.734375
71538859ff7bb1bb,svhn,ssb-v2-block,cnn,protocol-v3,0.4,8,4,3,510,0.0056733330129645765,0.014062542002648115,894058496,0.6640625
71538859ff7bb1bb,svhn,ssb-v2-block,cnn,protocol-v3,0.4,8,4,3,511,0.00566254195291549,0.013739334011916071,894058496,0.6875
71538859ff7bb1bb,svhn,ssb-v2-block,cnn,protocol-v3,0.4,8,4,3,512,0.005647209007292986,0.013928833010140806,894058496,0.7265625
71538859ff7bb1bb,svhn,ssb-v2-block,cnn,protocol-v3,0.4,8,4,3,513,0.005647499987389892,0.013851792027708143,894058496,0.6328125
71538859ff7bb1bb,svhn,ssb-v2-block,cnn,protocol-v3,0.4,8,4,3,514,0.005663916002959013,0.014116499980445951,894058496,0.71875
71538859ff7bb1bb,svhn,ssb-v2-block,cnn,protocol-v3,0.4,8,4,3,515,0.0056678749970160425,0.013951417000498623,894058496,0.6640625
71538859ff7bb1bb,svhn,ssb-v2-block,cnn,protocol-v3,0.4,8,4,3,516,0.0056693750084377825,0.014123708009719849,894058496,0.703125
71538859ff7bb1bb,svhn,ssb-v2-block,cnn,protocol-v3,0.4,8,4,3,517,0.005708166980184615,0.013889333000406623,894058496,0.75
71538859ff7bb1bb,svhn,ssb-v2-block,cnn,protocol-v3,0.4,8,4,3,518,0.005708582990337163,0.014162209001369774,894074880,0.7109375
71538859ff7bb1bb,svhn,ssb-v2-block,cnn,protocol-v3,0.4,8,4,3,519,0.005664375028572977,0.013903542014304549,894074880,0.6171875
71538859ff7bb1bb,svhn,ssb-v2-block,cnn,protocol-v3,0.4,8,4,3,520,0.005728874995838851,0.01415241602808237,894074880,0.7421875
71538859ff7bb1bb,svhn,ssb-v2-block,cnn,protocol-v3,0.4,8,4,3,521,0.005663042014930397,0.013911791960708797,894074880,0.640625
71538859ff7bb1bb,svhn,ssb-v2-block,cnn,protocol-v3,0.4,8,4,3,522,0.005668083031196147,0.014126542024314404,894074880,0.6875
71538859ff7bb1bb,svhn,ssb-v2-block,cnn,protocol-v3,0.4,8,4,3,523,0.005673667008522898,0.013955166970845312,894074880,0.6796875
71538859ff7bb1bb,svhn,ssb-v2-block,cnn,protocol-v3,0.4,8,4,3,524,0.005660540948156267,0.014247958024498075,894074880,0.6328125
71538859ff7bb1bb,svhn,ssb-v2-block,cnn,protocol-v3,0.4,8,4,3,525,0.0057044579880312085,0.014016250032000244,894074880,0.6640625
71538859ff7bb1bb,svhn,ssb-v2-block,cnn,protocol-v3,0.4,8,4,3,526,0.005650084000080824,0.013975749956443906,894074880,0.7265625
71538859ff7bb1bb,svhn,ssb-v2-block,cnn,protocol-v3,0.4,8,4,3,527,0.005664166004862636,0.013934459013398737,894074880,0.75
71538859ff7bb1bb,svhn,ssb-v2-block,cnn,protocol-v3,0.4,8,4,3,528,0.005647042009513825,0.014973000041209161,894074880,0.546875
71538859ff7bb1bb,svhn,ssb-v2-block,cnn,protocol-v3,0.4,8,4,3,529,0.005669125006534159,0.014683499990496784,894074880,0.734375
71538859ff7bb1bb,svhn,ssb-v2-block,cnn,protocol-v3,0.4,8,4,3,530,0.005657250003423542,0.014608707977458835,894074880,0.7265625
71538859ff7bb1bb,svhn,ssb-v2-block,cnn,protocol-v3,0.4,8,4,3,531,0.005673124978784472,0.013914707989897579,894074880,0.734375
71538859ff7bb1bb,svhn,ssb-v2-block,cnn,protocol-v3,0.4,8,4,3,532,0.005654582986608148,0.013820125022903085,894074880,0.75
71538859ff7bb1bb,svhn,ssb-v2-block,cnn,protocol-v3,0.4,8,4,3,533,0.005660541006363928,0.013957749994006008,894074880,0.6328125
71538859ff7bb1bb,svhn,ssb-v2-block,cnn,protocol-v3,0.4,8,4,3,534,0.005674457992427051,0.01420366601087153,894074880,0.6484375
71538859ff7bb1bb,svhn,ssb-v2-block,cnn,protocol-v3,0.4,8,4,3,535,0.005671125021763146,0.013886499975342304,894074880,0.6875
71538859ff7bb1bb,svhn,ssb-v2-block,cnn,protocol-v3,0.4,8,4,3,536,0.005668875004630536,0.013873792020604014,894074880,0.75
71538859ff7bb1bb,svhn,ssb-v2-block,cnn,protocol-v3,0.4,8,4,3,537,0.005686708027496934,0.014221249963156879,894074880,0.765625
71538859ff7bb1bb,svhn,ssb-v2-block,cnn,protocol-v3,0.4,8,4,3,538,0.0056719580315984786,0.013899333018343896,894074880,0.75
71538859ff7bb1bb,svhn,ssb-v2-block,cnn,protocol-v3,0.4,8,4,3,539,0.005671625025570393,0.014022084011230618,894074880,0.7578125
71538859ff7bb1bb,svhn,ssb-v2-block,cnn,protocol-v3,0.4,8,4,3,540,0.005654250038787723,0.014247833983972669,894074880,0.75
71538859ff7bb1bb,svhn,ssb-v2-block,cnn,protocol-v3,0.4,8,4,3,541,0.0056567080318927765,0.013928125030361116,894074880,0.7578125
71538859ff7bb1bb,svhn,ssb-v2-block,cnn,protocol-v3,0.4,8,4,3,542,0.0057862920220941305,0.0142529999720864,894091264,0.703125
71538859ff7bb1bb,svhn,ssb-v2-block,cnn,protocol-v3,0.4,8,4,3,543,0.0057232920080423355,0.013977875001728535,894091264,0.796875
71538859ff7bb1bb,svhn,ssb-v2-block,cnn,protocol-v3,0.4,8,4,3,544,0.0056664590374566615,0.013711666048038751,894091264,0.765625
71538859ff7bb1bb,svhn,ssb-v2-block,cnn,protocol-v3,0.4,8,4,3,545,0.005658209032844752,0.013892500021029264,894091264,0.71875
71538859ff7bb1bb,svhn,ssb-v2-block,cnn,protocol-v3,0.4,8,4,3,546,0.005681583017576486,0.013820625026710331,894091264,0.78125
71538859ff7bb1bb,svhn,ssb-v2-block,cnn,protocol-v3,0.4,8,4,3,547,0.005654541950207204,0.013853040989488363,894091264,0.765625
71538859ff7bb1bb,svhn,ssb-v2-block,cnn,protocol-v3,0.4,8,4,3,548,0.0056537920027039945,0.014538916992023587,894091264,0.65625
71538859ff7bb1bb,svhn,ssb-v2-block,cnn,protocol-v3,0.4,8,4,3,549,0.005660458991769701,0.014664791990071535,894091264,0.65625
71538859ff7bb1bb,svhn,ssb-v2-block,cnn,protocol-v3,0.4,8,4,3,550,0.006156624993309379,0.014039500034414232,894091264,0.6953125
71538859ff7bb1bb,svhn,ssb-v2-block,cnn,protocol-v3,0.4,8,4,3,551,0.005657207977492362,0.013931167020928115,894091264,0.671875
71538859ff7bb1bb,svhn,ssb-v2-block,cnn,protocol-v3,0.4,8,4,3,552,0.005682957998942584,0.014868500002194196,894091264,0.7109375
71538859ff7bb1bb,svhn,ssb-v2-block,cnn,protocol-v3,0.4,8,4,3,553,0.005676125001627952,0.013831541989929974,894091264,0.7265625
71538859ff7bb1bb,svhn,ssb-v2-block,cnn,protocol-v3,0.4,8,4,3,554,0.0056559169897809625,0.013795208011288196,894091264,0.7578125
71538859ff7bb1bb,svhn,ssb-v2-block,cnn,protocol-v3,0.4,8,4,3,555,0.005659417016431689,0.013885458000004292,894091264,0.6953125
71538859ff7bb1bb,svhn,ssb-v2-block,cnn,protocol-v3,0.4,8,4,3,556,0.005648791964631528,0.014132208016235381,894107648,0.7421875
71538859ff7bb1bb,svhn,ssb-v2-block,cnn,protocol-v3,0.4,8,4,3,557,0.005658874986693263,0.013878666970413178,894107648,0.7421875
71538859ff7bb1bb,svhn,ssb-v2-block,cnn,protocol-v3,0.4,8,4,3,558,0.005680750007741153,0.013996624969877303,894107648,0.765625
71538859ff7bb1bb,svhn,ssb-v2-block,cnn,protocol-v3,0.4,8,4,3,559,0.005749500007368624,0.013919124961830676,894107648,0.859375
71538859ff7bb1bb,svhn,ssb-v2-block,cnn,protocol-v3,0.4,8,4,3,560,0.005663249990902841,0.013833083969075233,894107648,0.65625
71538859ff7bb1bb,svhn,ssb-v2-block,cnn,protocol-v3,0.4,8,4,3,561,0.005681750015355647,0.014115124999079853,894107648,0.6328125
71538859ff7bb1bb,svhn,ssb-v2-block,cnn,protocol-v3,0.4,8,4,3,562,0.005716333049349487,0.014142667001578957,894107648,0.7421875
71538859ff7bb1bb,svhn,ssb-v2-block,cnn,protocol-v3,0.4,8,4,3,563,0.005656124965753406,0.013981500000227243,894124032,0.71875
71538859ff7bb1bb,svhn,ssb-v2-block,cnn,protocol-v3,0.4,8,4,3,564,0.0056736249825917184,0.013924249971751124,894140416,0.703125
71538859ff7bb1bb,svhn,ssb-v2-block,cnn,protocol-v3,0.4,8,4,3,565,0.005664957978297025,0.013962667027954012,894140416,0.703125
71538859ff7bb1bb,svhn,ssb-v2-block,cnn,protocol-v3,0.4,8,4,3,566,0.005676458007656038,0.014285999990534037,894140416,0.78125
71538859ff7bb1bb,svhn,ssb-v2-block,cnn,protocol-v3,0.4,8,4,3,567,0.0057449579471722245,0.013877374993171543,894140416,0.8046875
71538859ff7bb1bb,svhn,ssb-v2-block,cnn,protocol-v3,0.4,8,4,3,568,0.005663459014613181,0.014088708034250885,894156800,0.6953125
71538859ff7bb1bb,svhn,ssb-v2-block,cnn,protocol-v3,0.4,8,4,3,569,0.0056776670389808714,0.014047249977011234,894156800,0.6484375
71538859ff7bb1bb,svhn,ssb-v2-block,cnn,protocol-v3,0.4,8,4,3,570,0.005675291002262384,0.014271249994635582,894156800,0.71875
71538859ff7bb1bb,svhn,ssb-v2-block,cnn,protocol-v3,0.4,8,4,3,571,0.005657250003423542,0.014143791981041431,894156800,0.7265625
71538859ff7bb1bb,svhn,ssb-v2-block,cnn,protocol-v3,0.4,8,4,3,572,0.0022665830329060555,0.006447541993111372,894418944,0.7804878048780488
