run_id,dataset,model,architecture,protocol_version,keep_ratio,block_size,seed,epoch,batch,forward_time_s,backward_time_s,memory_bytes,batch_accuracy
c9307fe678a78f2a,cifar10,ssb-v2-block,cnn,protocol-v3,0.2,16,2,1,0,0.08393895800691098,0.06308541604084894,715833344,0.0703125
c9307fe678a78f2a,cifar10,ssb-v2-block,cnn,protocol-v3,0.2,16,2,1,1,0.01056470797630027,0.03127008303999901,739606528,0.0625
c9307fe678a78f2a,cifar10,ssb-v2-block,cnn,protocol-v3,0.2,16,2,1,2,0.006037791026756167,0.02484812500188127,743866368,0.140625
c9307fe678a78f2a,cifar10,ssb-v2-block,cnn,protocol-v3,0.2,16,2,1,3,0.006151292007416487,0.019568415998946875,746340352,0.109375
c9307fe678a78f2a,cifar10,ssb-v2-block,cnn,protocol-v3,0.2,16,2,1,4,0.005747249990236014,0.023120916972402483,751747072,0.0625
c9307fe678a78f2a,cifar10,ssb-v2-block,cnn,protocol-v3,0.2,16,2,1,5,0.005756333004683256,0.0193547920207493,754401280,0.09375
c9307fe678a78f2a,cifar10,ssb-v2-block,cnn,protocol-v3,0.2,16,2,1,6,0.0060812499723397195,0.021712917019613087,755793920,0.125
c9307fe678a78f2a,cifar10,ssb-v2-block,cnn,protocol-v3,0.2,16,2,1,7,0.005742458044551313,0.01990416698390618,760512512,0.1015625
c9307fe678a78f2a,cifar10,ssb-v2-block,cnn,protocol-v3,0.2,16,2,1,8,0.00614462501835078,0.015211124962661415,761413632,0.109375
c9307fe678a78f2a,cifar10,ssb-v2-block,cnn,protocol-v3,0.2,16,2,1,9,0.006088624999392778,0.013770958001259714,762920960,0.125
c9307fe678a78f2a,cifar10,ssb-v2-block,cnn,protocol-v3,0.2,16,2,1,10,0.00602741603506729,0.018292249995283782,763543552,0.1328125
c9307fe678a78f2a,cifar10,ssb-v2-block,cnn,protocol-v3,0.2,16,2,1,11,0.00607904203934595,0.017135582980699837,764035072,0.1015625
c9307fe678a78f2a,cifar10,ssb-v2-block,cnn,protocol-v3,0.2,16,2,1,12,0.006087624991778284,0.02103999996325001,765132800,0.1171875
c9307fe678a78f2a,cifar10,ssb-v2-block,cnn,protocol-v3,0.2,16,2,1,13,0.00609491701470688,0.013821875036228448,765132800,0.0859375
c9307fe678a78f2a,cifar10,ssb-v2-block,cnn,protocol-v3,0.2,16,2,1,14,0.0062589580193161964,0.020036458037793636,766853120,0.0859375
c9307fe678a78f2a,cifar10,ssb-v2-block,cnn,protocol-v3,0.2,16,2,1,15,0.005999916000291705,0.013475624960847199,768425984,0.0703125
c9307fe678a78f2a,cifar10,ssb-v2-block,cnn,protocol-v3,0.2,16,2,1,16,0.006261333997827023,0.019394958042539656,769769472,0.1015625
c9307fe678a78f2a,cifar10,ssb-v2-block,cnn,protocol-v3,0.2,16,2,1,17,0.006064749963115901,0.013565250032115728,770916352,0.1015625
c9307fe678a78f2a,cifar10,ssb-v2-block,cnn,protocol-v3,0.2,16,2,1,18,0.006266749987844378,0.013802666973788291,772489216,0.1015625
c9307fe678a78f2a,cifar10,ssb-v2-block,cnn,protocol-v3,0.2,16,2,1,19,0.0060664580087177455,0.020355333981569856,773341184,0.1328125
c9307fe678a78f2a,cifar10,ssb-v2-block,cnn,protocol-v3,0.2,16,2,1,20,0.005724625021684915,0.013425000011920929,773505024,0.078125
c9307fe678a78f2a,cifar10,ssb-v2-block,cnn,protocol-v3,0.2,16,2,1,21,0.005729875003453344,0.013621166988741606,774373376,0.0703125
c9307fe678a78f2a,cifar10,ssb-v2-block,cnn,protocol-v3,0.2,16,2,1,22,0.0057105839950963855,0.01327033300185576,774438912,0.0625
c9307fe678a78f2a,cifar10,ssb-v2-block,cnn,protocol-v3,0.2,16,2,1,23,0.006000833003781736,0.013278290978632867,774438912,0.171875
c9307fe678a78f2a,cifar10,ssb-v2-block,cnn,protocol-v3,0.2,16,2,1,24,0.005703209026250988,0.020531666988972574,775274496,0.1171875
c9307fe678a78f2a,cifar10,ssb-v2-block,cnn,protocol-v3,0.2,16,2,1,25,0.005992208025418222,0.017001165950205177,775995392,0.046875
c9307fe678a78f2a,cifar10,ssb-v2-block,cnn,protocol-v3,0.2,16,2,1,26,0.006081416038796306,0.013870541995856911,775995392,0.1640625
c9307fe678a78f2a,cifar10,ssb-v2-block,cnn,protocol-v3,0.2,16,2,1,27,0.0060732499696314335,0.013939541997388005,776093696,0.1171875
c9307fe678a78f2a,cifar10,ssb-v2-block,cnn,protocol-v3,0.2,16,2,1,28,0.006031874974723905,0.013653292029630393,776093696,0.1015625
c9307fe678a78f2a,cifar10,ssb-v2-block,cnn,protocol-v3,0.2,16,2,1,29,0.005967291013803333,0.01464291597949341,776093696,0.1171875
c9307fe678a78f2a,cifar10,ssb-v2-block,cnn,protocol-v3,0.2,16,2,1,30,0.0060335000162012875,0.01440312498016283,776093696,0.0703125
c9307fe678a78f2a,cifar10,ssb-v2-block,cnn,protocol-v3,0.2,16,2,1,31,0.005685333977453411,0.014962208981160074,776093696,0.0703125
c9307fe678a78f2a,cifar10,ssb-v2-block,cnn,protocol-v3,0.2,16,2,1,32,0.006083041022066027,0.013618333032354712,776093696,0.0703125
c9307fe678a78f2a,cifar10,ssb-v2-block,cnn,protocol-v3,0.2,16,2,1,33,0.006023207970429212,0.01950954197673127,776847360,0.09375
c9307fe678a78f2a,cifar10,ssb-v2-block,cnn,protocol-v3,0.2,16,2,1,34,0.006089041999075562,0.013504292001016438,776847360,0.15625
c9307fe678a78f2a,cifar10,ssb-v2-block,cnn,protocol-v3,0.2,16,2,1,35,0.006031750002875924,0.01955158304190263,778010624,0.1171875
c9307fe678a78f2a,cifar10,ssb-v2-block,cnn,protocol-v3,0.2,16,2,1,36,0.0062578750075772405,0.013846167013980448,778469376,0.1015625
c9307fe678a78f2a,cifar10,ssb-v2-block,cnn,protocol-v3,0.2,16,2,1,37,0.005954833002761006,0.013565375003963709,779960320,0.109375
c9307fe678a78f2a,cifar10,ssb-v2-block,cnn,protocol-v3,0.2,16,2,1,38,0.005682124989107251,0.013668667001184076,779960320,0.1953125
c9307fe678a78f2a,cifar10,ssb-v2-block,cnn,protocol-v3,0.2,16,2,1,39,0.005682917020749301,0.013380707998294383,779960320,0.1015625
c9307fe678a78f2a,cifar10,ssb-v2-block,cnn,protocol-v3,0.2,16,2,1,40,0.006265792006161064,0.020017125003505498,780779520,0.125
c9307fe678a78f2a,cifar10,ssb-v2-block,cnn,protocol-v3,0.2,16,2,1,41,0.0060421249945648015,0.01327579200733453,781172736,0.125
c9307fe678a78f2a,cifar10,ssb-v2-block,cnn,protocol-v3,0.2,16,2,1,42,0.00596270797541365,0.013477124972268939,781172736,0.0859375
c9307fe678a78f2a,cifar10,ssb-v2-block,cnn,protocol-v3,0.2,16,2,1,43,0.005683291994500905,0.013461041962727904,781172736,0.078125
c9307fe678a78f2a,cifar10,ssb-v2-block,cnn,protocol-v3,0.2,16,2,1,44,0.005689084006007761,0.0133896250044927,781172736,0.109375
c9307fe678a78f2a,cifar10,ssb-v2-block,cnn,protocol-v3,0.2,16,2,1,45,0.005680875037796795,0.013738084002397954,781172736,0.09375
c9307fe678a78f2a,cifar10,ssb-v2-block,cnn,protocol-v3,0.2,16,2,1,46,0.0057018749648705125,0.01339037501020357,781172736,0.0703125
c9307fe678a78f2a,cifar10,ssb-v2-block,cnn,protocol-v3,0.2,16,2,1,47,0.005686083983164281,0.013371250010095537,781189120,0.1328125
c9307fe678a78f2a,cifar10,ssb-v2-block,cnn,protocol-v3,0.2,16,2,1,48,0.005698124994523823,0.013371958979405463,781189120,0.078125
c9307fe678a78f2a,cifar10,ssb-v2-block,cnn,protocol-v3,0.2,16,2,1,49,0.0056931659928523,0.01336475001880899,781189120,0.1640625
c9307fe678a78f2a,cifar10,ssb-v2-block,cnn,protocol-v3,0.2,16,2,1,50,0.005688500008545816,0.013494334009010345,781533184,0.1015625
c9307fe678a78f2a,cifar10,ssb-v2-block,cnn,protocol-v3,0.2,16,2,1,51,0.00603674998274073,0.013774208026006818,781533184,0.1171875
c9307fe678a78f2a,cifar10,ssb-v2-block,cnn,protocol-v3,0.2,16,2,1,52,0.005694499996025115,0.020189917006064206,782385152,0.078125
c9307fe678a78f2a,cifar10,ssb-v2-block,cnn,protocol-v3,0.2,16,2,1,53,0.0057134589878842235,0.016904333024285734,782974976,0.140625
c9307fe678a78f2a,cifar10,ssb-v2-block,cnn,protocol-v3,0.2,16,2,1,54,0.005694999999832362,0.01355541602242738,782974976,0.1328125
c9307fe678a78f2a,cifar10,ssb-v2-block,cnn,protocol-v3,0.2,16,2,1,55,0.006050832977052778,0.014528125000651926,783515648,0.109375
c9307fe678a78f2a,cifar10,ssb-v2-block,cnn,protocol-v3,0.2,16,2,1,56,0.0056736249825917184,0.013372208981309086,783515648,0.15625
c9307fe678a78f2a,cifar10,ssb-v2-block,cnn,protocol-v3,0.2,16,2,1,57,0.0056903750519268215,0.013284290966112167,783532032,0.1171875
c9307fe678a78f2a,cifar10,ssb-v2-block,cnn,protocol-v3,0.2,16,2,1,58,0.005688875040505081,0.017674958042334765,784056320,0.0703125
c9307fe678a78f2a,cifar10,ssb-v2-block,cnn,protocol-v3,0.2,16,2,1,59,0.0057210829691030085,0.013721874973271042,784367616,0.1328125
c9307fe678a78f2a,cifar10,ssb-v2-block,cnn,protocol-v3,0.2,16,2,1,60,0.005711208970751613,0.014654833998065442,784367616,0.1015625
c9307fe678a78f2a,cifar10,ssb-v2-block,cnn,protocol-v3,0.2,16,2,1,61,0.0056863329955376685,0.014822249999269843,784367616,0.09375
c9307fe678a78f2a,cifar10,ssb-v2-block,cnn,protocol-v3,0.2,16,2,1,62,0.005697375047020614,0.013640207995194942,784367616,0.0390625
c9307fe678a78f2a,cifar10,ssb-v2-block,cnn,protocol-v3,0.2,16,2,1,63,0.006049916031770408,0.013625250023324043,784367616,0.0703125
c9307fe678a78f2a,cifar10,ssb-v2-block,cnn,protocol-v3,0.2,16,2,1,64,0.005953917047008872,0.013460292015224695,784367616,0.1328125
c9307fe678a78f2a,cifar10,ssb-v2-block,cnn,protocol-v3,0.2,16,2,1,65,0.005689374986104667,0.013267625006847084,784367616,0.109375
c9307fe678a78f2a,cifar10,ssb-v2-block,cnn,protocol-v3,0.2,16,2,1,66,0.005968042009044439,0.0201969999470748,785186816,0.09375
c9307fe678a78f2a,cifar10,ssb-v2-block,cnn,protocol-v3,0.2,16,2,1,67,0.0056678749970160425,0.013531875039916486,785186816,0.0859375
c9307fe678a78f2a,cifar10,ssb-v2-block,cnn,protocol-v3,0.2,16,2,1,68,0.005691915983334184,0.013521624961867929,785186816,0.1171875
c9307fe678a78f2a,cifar10,ssb-v2-block,cnn,protocol-v3,0.2,16,2,1,69,0.005698499968275428,0.013480333029292524,785383424,0.078125
c9307fe678a78f2a,cifar10,ssb-v2-block,cnn,protocol-v3,0.2,16,2,1,70,0.005700999987311661,0.01356004097033292,785383424,0.078125
c9307fe678a78f2a,cifar10,ssb-v2-block,cnn,protocol-v3,0.2,16,2,1,71,0.005682332965079695,0.013358167023397982,785383424,0.0546875
c9307fe678a78f2a,cifar10,ssb-v2-block,cnn,protocol-v3,0.2,16,2,1,72,0.005700916983187199,0.013416416011750698,786825216,0.1171875
c9307fe678a78f2a,cifar10,ssb-v2-block,cnn,protocol-v3,0.2,16,2,1,73,0.005719250009860843,0.01357620902126655,786841600,0.0703125
c9307fe678a78f2a,cifar10,ssb-v2-block,cnn,protocol-v3,0.2,16,2,1,74,0.005683958006557077,0.013566708017606288,786841600,0.109375
c9307fe678a78f2a,cifar10,ssb-v2-block,cnn,protocol-v3,0.2,16,2,1,75,0.00570329197216779,0.013348416949156672,786841600,0.078125
c9307fe678a78f2a,cifar10,ssb-v2-block,cnn,protocol-v3,0.2,16,2,1,76,0.005674000014550984,0.013332083006389439,786841600,0.078125
c9307fe678a78f2a,cifar10,ssb-v2-block,cnn,protocol-v3,0.2,16,2,1,77,0.005807749985251576,0.013643542013596743,786841600,0.125
c9307fe678a78f2a,cifar10,ssb-v2-block,cnn,protocol-v3,0.2,16,2,1,78,0.006048416020348668,0.013422042015008628,786841600,0.1171875
c9307fe678a78f2a,cifar10,ssb-v2-block,cnn,protocol-v3,0.2,16,2,1,79,0.0061981669859960675,0.013514540973119438,786841600,0.09375
c9307fe678a78f2a,cifar10,ssb-v2-block,cnn,protocol-v3,0.2,16,2,1,80,0.0056917499750852585,0.013735166983678937,786841600,0.09375
c9307fe678a78f2a,cifar10,ssb-v2-block,cnn,protocol-v3,0.2,16,2,1,81,0.005692040955182165,0.015017958008684218,786841600,0.109375
c9307fe678a78f2a,cifar10,ssb-v2-block,cnn,protocol-v3,0.2,16,2,1,82,0.005963957984931767,0.01382270804606378,786841600,0.09375
c9307fe678a78f2a,cifar10,ssb-v2-block,cnn,protocol-v3,0.2,16,2,1,83,0.00601787498453632,0.013654665963258594,786841600,0.0703125
c9307fe678a78f2a,cifar10,ssb-v2-block,cnn,protocol-v3,0.2,16,2,1,84,0.006212833046447486,0.01365895802155137,786841600,0.09375
c9307fe678a78f2a,cifar10,ssb-v2-block,cnn,protocol-v3,0.2,16,2,1,85,0.005682999966666102,0.014528583036735654,786841600,0.109375
c9307fe678a78f2a,cifar10,ssb-v2-block,cnn,protocol-v3,0.2,16,2,1,86,0.006014416052494198,0.013571583025623113,786841600,0.109375
c9307fe678a78f2a,cifar10,ssb-v2-block,cnn,protocol-v3,0.2,16,2,1,87,0.005723917041905224,0.013502833957318217,786841600,0.140625
c9307fe678a78f2a,cifar10,ssb-v2-block,cnn,protocol-v3,0.2,16,2,1,88,0.005678082990925759,0.013632500020321459,786841600,0.1328125
c9307fe678a78f2a,cifar10,ssb-v2-block,cnn,protocol-v3,0.2,16,2,1,89,0.005672792030964047,0.013254042016342282,786841600,0.1171875
c9307fe678a78f2a,cifar10,ssb-v2-block,cnn,protocol-v3,0.2,16,2,1,90,0.005701833986677229,0.013631083013024181,786841600,0.125
c9307fe678a78f2a,cifar10,ssb-v2-block,cnn,protocol-v3,0.2,16,2,1,91,0.00595508300466463,0.013625916035380214,786841600,0.109375
c9307fe678a78f2a,cifar10,ssb-v2-block,cnn,protocol-v3,0.2,16,2,1,92,0.006238041038159281,0.01324629201553762,786841600,0.140625
c9307fe678a78f2a,cifar10,ssb-v2-block,cnn,protocol-v3,0.2,16,2,1,93,0.006031292024999857,0.013699375034775585,786841600,0.0625
c9307fe678a78f2a,cifar10,ssb-v2-block,cnn,protocol-v3,0.2,16,2,1,94,0.005689417012035847,0.014435249962843955,786841600,0.09375
c9307fe678a78f2a,cifar10,ssb-v2-block,cnn,protocol-v3,0.2,16,2,1,95,0.005723375012166798,0.01447766600176692,786841600,0.09375
c9307fe678a78f2a,cifar10,ssb-v2-block,cnn,protocol-v3,0.2,16,2,1,96,0.006027958006598055,0.01483716699294746,786857984,0.09375
c9307fe678a78f2a,cifar10,ssb-v2-block,cnn,protocol-v3,0.2,16,2,1,97,0.005742542038206011,0.013496375002432615,786857984,0.09375
c9307fe678a78f2a,cifar10,ssb-v2-block,cnn,protocol-v3,0.2,16,2,1,98,0.006013207952491939,0.01454366702819243,786874368,0.109375
c9307fe678a78f2a,cifar10,ssb-v2-block,cnn,protocol-v3,0.2,16,2,1,99,0.0056837499723769724,0.013659666990861297,786874368,0.1328125
c9307fe678a78f2a,cifar10,ssb-v2-block,cnn,protocol-v3,0.2,16,2,1,100,0.00566216598963365,0.013342082966119051,786874368,0.078125
c9307fe678a78f2a,cifar10,ssb-v2-block,cnn,protocol-v3,0.2,16,2,1,101,0.006085500004701316,0.013311707996763289,786874368,0.0859375
c9307fe678a78f2a,cifar10,ssb-v2-block,cnn,protocol-v3,0.2,16,2,1,102,0.00613116699969396,0.013383875018917024,786874368,0.109375
c9307fe678a78f2a,cifar10,ssb-v2-block,cnn,protocol-v3,0.2,16,2,1,103,0.005688249948434532,0.013594707997981459,786874368,0.078125
c9307fe678a78f2a,cifar10,ssb-v2-block,cnn,protocol-v3,0.2,16,2,1,104,0.006029665993992239,0.013587458000984043,786874368,0.1171875
c9307fe678a78f2a,cifar10,ssb-v2-block,cnn,protocol-v3,0.2,16,2,1,105,0.005677916982676834,0.013676457980182022,786874368,0.1015625
c9307fe678a78f2a,cifar10,ssb-v2-block,cnn,protocol-v3,0.2,16,2,1,106,0.005681874987203628,0.013618749973829836,786874368,0.1015625
c9307fe678a78f2a,cifar10,ssb-v2-block,cnn,protocol-v3,0.2,16,2,1,107,0.005664917000103742,0.013231999997515231,786874368,0.125
c9307fe678a78f2a,cifar10,ssb-v2-block,cnn,protocol-v3,0.2,16,2,1,108,0.005691332975402474,0.013382124947384,786874368,0.109375
c9307fe678a78f2a,cifar10,ssb-v2-block,cnn,protocol-v3,0.2,16,2,1,109,0.005650542036164552,0.013361542019993067,786874368,0.1171875
c9307fe678a78f2a,cifar10,ssb-v2-block,cnn,protocol-v3,0.2,16,2,1,110,0.005987792043015361,0.01310883299447596,786874368,0.125
c9307fe678a78f2a,cifar10,ssb-v2-block,cnn,protocol-v3,0.2,16,2,1,111,0.0062952080043032765,0.013539499952457845,786874368,0.125
c9307fe678a78f2a,cifar10,ssb-v2-block,cnn,protocol-v3,0.2,16,2,1,112,0.006022666988428682,0.013172874983865768,786874368,0.1328125
c9307fe678a78f2a,cifar10,ssb-v2-block,cnn,protocol-v3,0.2,16,2,1,113,0.006039874977432191,0.013420208997558802,786874368,0.09375
c9307fe678a78f2a,cifar10,ssb-v2-block,cnn,protocol-v3,0.2,16,2,1,114,0.006031791970599443,0.013599249999970198,786874368,0.125
c9307fe678a78f2a,cifar10,ssb-v2-block,cnn,protocol-v3,0.2,16,2,1,115,0.005684333038516343,0.013366167026106268,786874368,0.171875
c9307fe678a78f2a,cifar10,ssb-v2-block,cnn,protocol-v3,0.2,16,2,1,116,0.005679208028595895,0.013418624992482364,786890752,0.1015625
c9307fe678a78f2a,cifar10,ssb-v2-block,cnn,protocol-v3,0.2,16,2,1,117,0.005659416026901454,0.01337000000057742,786890752,0.1328125
c9307fe678a78f2a,cifar10,ssb-v2-block,cnn,protocol-v3,0.2,16,2,1,118,0.005658374982886016,0.013792666955851018,786890752,0.1328125
c9307fe678a78f2a,cifar10,ssb-v2-block,cnn,protocol-v3,0.2,16,2,1,119,0.005687875032890588,0.013205791998188943,786890752,0.1484375
c9307fe678a78f2a,cifar10,ssb-v2-block,cnn,protocol-v3,0.2,16,2,1,120,0.005707749980501831,0.01320941699668765,786890752,0.140625
c9307fe678a78f2a,cifar10,ssb-v2-block,cnn,protocol-v3,0.2,16,2,1,121,0.00566816603532061,0.013412333966698498,786890752,0.09375
c9307fe678a78f2a,cifar10,ssb-v2-block,cnn,protocol-v3,0.2,16,2,1,122,0.00621412496548146,0.013754792045801878,786907136,0.0703125
c9307fe678a78f2a,cifar10,ssb-v2-block,cnn,protocol-v3,0.2,16,2,1,123,0.005853917042259127,0.014052290993276983,786907136,0.109375
c9307fe678a78f2a,cifar10,ssb-v2-block,cnn,protocol-v3,0.2,16,2,1,124,0.005992499995045364,0.013926792016718537,786907136,0.1171875
c9307fe678a78f2a,cifar10,ssb-v2-block,cnn,protocol-v3,0.2,16,2,1,125,0.006082874955609441,0.014441000006627291,786923520,0.171875
c9307fe678a78f2a,cifar10,ssb-v2-block,cnn,protocol-v3,0.2,16,2,1,126,0.005986707983538508,0.01395041699288413,786923520,0.1484375
c9307fe678a78f2a,cifar10,ssb-v2-block,cnn,protocol-v3,0.2,16,2,1,127,0.005952416977379471,0.013696415990125388,786923520,0.078125
c9307fe678a78f2a,cifar10,ssb-v2-block,cnn,protocol-v3,0.2,16,2,1,128,0.0060889170272275805,0.014228499960154295,786923520,0.1171875
c9307fe678a78f2a,cifar10,ssb-v2-block,cnn,protocol-v3,0.2,16,2,1,129,0.005685416981577873,0.01370554103050381,786923520,0.0703125
c9307fe678a78f2a,cifar10,ssb-v2-block,cnn,protocol-v3,0.2,16,2,1,130,0.0056813330156728625,0.014369291020557284,786923520,0.09375
c9307fe678a78f2a,cifar10,ssb-v2-block,cnn,protocol-v3,0.2,16,2,1,131,0.005657500005327165,0.013187624979764223,786939904,0.109375
c9307fe678a78f2a,cifar10,ssb-v2-block,cnn,protocol-v3,0.2,16,2,1,132,0.005637332971673459,0.01318437501322478,786939904,0.0859375
c9307fe678a78f2a,cifar10,ssb-v2-block,cnn,protocol-v3,0.2,16,2,1,133,0.005663958960212767,0.013280583021696657,786939904,0.0546875
c9307fe678a78f2a,cifar10,ssb-v2-block,cnn,protocol-v3,0.2,16,2,1,134,0.0056946249678730965,0.01343787502264604,786939904,0.1015625
c9307fe678a78f2a,cifar10,ssb-v2-block,cnn,protocol-v3,0.2,16,2,1,135,0.005707374948542565,0.013823208981193602,786939904,0.078125
c9307fe678a78f2a,cifar10,ssb-v2-block,cnn,protocol-v3,0.2,16,2,1,136,0.00620570796309039,0.013310957991052419,786939904,0.0703125
c9307fe678a78f2a,cifar10,ssb-v2-block,cnn,protocol-v3,0.2,16,2,1,137,0.00596945796860382,0.013504166970960796,786939904,0.09375
c9307fe678a78f2a,cifar10,ssb-v2-block,cnn,protocol-v3,0.2,16,2,1,138,0.006023208028636873,0.013608000008389354,786939904,0.0859375
c9307fe678a78f2a,cifar10,ssb-v2-block,cnn,protocol-v3,0.2,16,2,1,139,0.005674916028510779,0.01340254204114899,786956288,0.140625
c9307fe678a78f2a,cifar10,ssb-v2-block,cnn,protocol-v3,0.2,16,2,1,140,0.005721749970689416,0.013542249973397702,786956288,0.1484375
c9307fe678a78f2a,cifar10,ssb-v2-block,cnn,protocol-v3,0.2,16,2,1,141,0.005674999963957816,0.01329091697698459,786956288,0.1171875
c9307fe678a78f2a,cifar10,ssb-v2-block,cnn,protocol-v3,0.2,16,2,1,142,0.005684375006239861,0.013491957972291857,786956288,0.1640625
c9307fe678a78f2a,cifar10,ssb-v2-block,cnn,protocol-v3,0.2,16,2,1,143,0.005659000016748905,0.013288417016156018,786956288,0.2265625
c9307fe678a78f2a,cifar10,ssb-v2-block,cnn,protocol-v3,0.2,16,2,1,144,0.005681834009010345,0.013289000024087727,786956288,0.1953125
c9307fe678a78f2a,cifar10,ssb-v2-block,cnn,protocol-v3,0.2,16,2,1,145,0.005680957983713597,0.01368179201381281,786956288,0.171875
c9307fe678a78f2a,cifar10,ssb-v2-block,cnn,protocol-v3,0.2,16,2,1,146,0.00569712498690933,0.01358345802873373,786956288,0.1484375
c9307fe678a78f2a,cifar10,ssb-v2-block,cnn,protocol-v3,0.2,16,2,1,147,0.00569483294384554,0.0133730000234209,786956288,0.109375
c9307fe678a78f2a,cifar10,ssb-v2-block,cnn,protocol-v3,0.2,16,2,1,148,0.005690250021871179,0.01347337500192225,786956288,0.109375
c9307fe678a78f2a,cifar10,ssb-v2-block,cnn,protocol-v3,0.2,16,2,1,149,0.005971333011984825,0.013702415977604687,786956288,0.203125
c9307fe678a78f2a,cifar10,ssb-v2-block,cnn,protocol-v3,0.2,16,2,1,150,0.006213040964212269,0.013416875037364662,786956288,0.1484375
c9307fe678a78f2a,cifar10,ssb-v2-block,cnn,protocol-v3,0.2,16,2,1,151,0.005681499955244362,0.013476416992489249,786956288,0.1796875
c9307fe678a78f2a,cifar10,ssb-v2-block,cnn,protocol-v3,0.2,16,2,1,152,0.005690624995622784,0.013210541976150125,786956288,0.1640625
c9307fe678a78f2a,cifar10,ssb-v2-block,cnn,protocol-v3,0.2,16,2,1,153,0.0056968749850057065,0.013327167020179331,786956288,0.1796875
c9307fe678a78f2a,cifar10,ssb-v2-block,cnn,protocol-v3,0.2,16,2,1,154,0.0056856670416891575,0.013400624971836805,786956288,0.2421875
c9307fe678a78f2a,cifar10,ssb-v2-block,cnn,protocol-v3,0.2,16,2,1,155,0.005695500003639609,0.013438458030577749,786956288,0.1875
c9307fe678a78f2a,cifar10,ssb-v2-block,cnn,protocol-v3,0.2,16,2,1,156,0.005681125039700419,0.013319208985194564,786956288,0.140625
c9307fe678a78f2a,cifar10,ssb-v2-block,cnn,protocol-v3,0.2,16,2,1,157,0.00568854104494676,0.01338287495309487,786956288,0.1953125
c9307fe678a78f2a,cifar10,ssb-v2-block,cnn,protocol-v3,0.2,16,2,1,158,0.0056761669693514705,0.013232249999418855,786956288,0.2109375
c9307fe678a78f2a,cifar10,ssb-v2-block,cnn,protocol-v3,0.2,16,2,1,159,0.0056830839603208005,0.013366708008106798,786956288,0.1875
c9307fe678a78f2a,cifar10,ssb-v2-block,cnn,protocol-v3,0.2,16,2,1,160,0.00614833296276629,0.013483791961334646,786956288,0.140625
c9307fe678a78f2a,cifar10,ssb-v2-block,cnn,protocol-v3,0.2,16,2,1,161,0.00566458300454542,0.013482540962286294,786956288,0.203125
c9307fe678a78f2a,cifar10,ssb-v2-block,cnn,protocol-v3,0.2,16,2,1,162,0.005688208970241249,0.013531417003832757,786956288,0.1171875
c9307fe678a78f2a,cifar10,ssb-v2-block,cnn,protocol-v3,0.2,16,2,1,163,0.006304167036432773,0.013231666991487145,786956288,0.140625
c9307fe678a78f2a,cifar10,ssb-v2-block,cnn,protocol-v3,0.2,16,2,1,164,0.005986874981317669,0.013597583980299532,786956288,0.1015625
c9307fe678a78f2a,cifar10,ssb-v2-block,cnn,protocol-v3,0.2,16,2,1,165,0.005711416015401483,0.01368641696171835,786956288,0.1015625
c9307fe678a78f2a,cifar10,ssb-v2-block,cnn,protocol-v3,0.2,16,2,1,166,0.005698458000551909,0.01347037503728643,786956288,0.1015625
c9307fe678a78f2a,cifar10,ssb-v2-block,cnn,protocol-v3,0.2,16,2,1,167,0.005679375026375055,0.013405832985881716,786972672,0.09375
c9307fe678a78f2a,cifar10,ssb-v2-block,cnn,protocol-v3,0.2,16,2,1,168,0.0057048340095207095,0.01341837499057874,786972672,0.1015625
c9307fe678a78f2a,cifar10,ssb-v2-block,cnn,protocol-v3,0.2,16,2,1,169,0.005680542031768709,0.013650416978634894,786972672,0.15625
c9307fe678a78f2a,cifar10,ssb-v2-block,cnn,protocol-v3,0.2,16,2,1,170,0.005685082986019552,0.013401624979451299,786972672,0.1484375
c9307fe678a78f2a,cifar10,ssb-v2-block,cnn,protocol-v3,0.2,16,2,1,171,0.0056812500115484,0.01352795900311321,786972672,0.1796875
c9307fe678a78f2a,cifar10,ssb-v2-block,cnn,protocol-v3,0.2,16,2,1,172,0.005688667006324977,0.01343733404064551,786972672,0.140625
c9307fe678a78f2a,cifar10,ssb-v2-block,cnn,protocol-v3,0.2,16,2,1,173,0.006032667006365955,0.01887625001836568,787742720,0.1328125
c9307fe678a78f2a,cifar10,ssb-v2-block,cnn,protocol-v3,0.2,16,2,1,174,0.005697332962881774,0.015216542000416666,787742720,0.1171875
c9307fe678a78f2a,cifar10,ssb-v2-block,cnn,protocol-v3,0.2,16,2,1,175,0.00605787499807775,0.0134636249858886,787742720,0.09375
c9307fe678a78f2a,cifar10,ssb-v2-block,cnn,protocol-v3,0.2,16,2,1,176,0.006084540975280106,0.014643958013039082,788004864,0.171875
c9307fe678a78f2a,cifar10,ssb-v2-block,cnn,protocol-v3,0.2,16,2,1,177,0.005678625020664185,0.013992833031807095,788004864,0.1484375
c9307fe678a78f2a,cifar10,ssb-v2-block,cnn,protocol-v3,0.2,16,2,1,178,0.005706500029191375,0.01481449999846518,788004864,0.15625
c9307fe678a78f2a,cifar10,ssb-v2-block,cnn,protocol-v3,0.2,16,2,1,179,0.0056825409992598,0.021512624982278794,788742144,0.1015625
c9307fe678a78f2a,cifar10,ssb-v2-block,cnn,protocol-v3,0.2,16,2,1,180,0.005740499997045845,0.013415834051556885,789430272,0.0625
c9307fe678a78f2a,cifar10,ssb-v2-block,cnn,protocol-v3,0.2,16,2,1,181,0.0057193750399164855,0.01369220798369497,789430272,0.15625
c9307fe678a78f2a,cifar10,ssb-v2-block,cnn,protocol-v3,0.2,16,2,1,182,0.006062875036150217,0.01367395801935345,789430272,0.09375
c9307fe678a78f2a,cifar10,ssb-v2-block,cnn,protocol-v3,0.2,16,2,1,183,0.0056885419762693346,0.013461833994369954,789430272,0.0703125
c9307fe678a78f2a,cifar10,ssb-v2-block,cnn,protocol-v3,0.2,16,2,1,184,0.0056971669546328485,0.013653458037879318,789708800,0.1015625
c9307fe678a78f2a,cifar10,ssb-v2-block,cnn,protocol-v3,0.2,16,2,1,185,0.005699250032193959,0.01358491601422429,789708800,0.109375
c9307fe678a78f2a,cifar10,ssb-v2-block,cnn,protocol-v3,0.2,16,2,1,186,0.005694208026397973,0.01354420802090317,789708800,0.125
c9307fe678a78f2a,cifar10,ssb-v2-block,cnn,protocol-v3,0.2,16,2,1,187,0.006319375010207295,0.013562334002926946,789725184,0.1328125
c9307fe678a78f2a,cifar10,ssb-v2-block,cnn,protocol-v3,0.2,16,2,1,188,0.005691415979526937,0.01346308400388807,789725184,0.1171875
c9307fe678a78f2a,cifar10,ssb-v2-block,cnn,protocol-v3,0.2,16,2,1,189,0.005687290977220982,0.013640040997415781,789725184,0.078125
c9307fe678a78f2a,cifar10,ssb-v2-block,cnn,protocol-v3,0.2,16,2,1,190,0.0059622080298140645,0.01386566599830985,789725184,0.125
c9307fe678a78f2a,cifar10,ssb-v2-block,cnn,protocol-v3,0.2,16,2,1,191,0.00569041701965034,0.013575125019997358,789725184,0.140625
c9307fe678a78f2a,cifar10,ssb-v2-block,cnn,protocol-v3,0.2,16,2,1,192,0.0056987080024555326,0.013339207973331213,789725184,0.09375
c9307fe678a78f2a,cifar10,ssb-v2-block,cnn,protocol-v3,0.2,16,2,1,193,0.005677832989022136,0.013450250029563904,789725184,0.1640625
c9307fe678a78f2a,cifar10,ssb-v2-block,cnn,protocol-v3,0.2,16,2,1,194,0.005681417009327561,0.013420000032056123,789725184,0.1640625
c9307fe678a78f2a,cifar10,ssb-v2-block,cnn,protocol-v3,0.2,16,2,1,195,0.005692000035196543,0.013440208043903112,789725184,0.109375
c9307fe678a78f2a,cifar10,ssb-v2-block,cnn,protocol-v3,0.2,16,2,1,196,0.005693042010534555,0.013534999976400286,789725184,0.09375
c9307fe678a78f2a,cifar10,ssb-v2-block,cnn,protocol-v3,0.2,16,2,1,197,0.005679958034306765,0.013390124950092286,789725184,0.0859375
c9307fe678a78f2a,cifar10,ssb-v2-block,cnn,protocol-v3,0.2,16,2,1,198,0.00568329100497067,0.013351500034332275,789725184,0.1328125
c9307fe678a78f2a,cifar10,ssb-v2-block,cnn,protocol-v3,0.2,16,2,1,199,0.005693625018466264,0.013663917023222893,789725184,0.1171875
c9307fe678a78f2a,cifar10,ssb-v2-block,cnn,protocol-v3,0.2,16,2,1,200,0.005693541024811566,0.013513875019270927,789725184,0.125
c9307fe678a78f2a,cifar10,ssb-v2-block,cnn,protocol-v3,0.2,16,2,1,201,0.005677915993146598,0.0136505410191603,789741568,0.15625
c9307fe678a78f2a,cifar10,ssb-v2-block,cnn,protocol-v3,0.2,16,2,1,202,0.005693624960258603,0.013513583049643785,789741568,0.078125
c9307fe678a78f2a,cifar10,ssb-v2-block,cnn,protocol-v3,0.2,16,2,1,203,0.005672540981322527,0.013679415977094322,789741568,0.125
c9307fe678a78f2a,cifar10,ssb-v2-block,cnn,protocol-v3,0.2,16,2,1,204,0.006199125025887042,0.013293875032104552,789741568,0.109375
c9307fe678a78f2a,cifar10,ssb-v2-block,cnn,protocol-v3,0.2,16,2,1,205,0.005981250025797635,0.013667667051777244,789741568,0.1015625
c9307fe678a78f2a,cifar10,ssb-v2-block,cnn,protocol-v3,0.2,16,2,1,206,0.005698958004359156,0.01404699997510761,789741568,0.125
c9307fe678a78f2a,cifar10,ssb-v2-block,cnn,protocol-v3,0.2,16,2,1,207,0.006018166954163462,0.013840750034432858,789741568,0.109375
c9307fe678a78f2a,cifar10,ssb-v2-block,cnn,protocol-v3,0.2,16,2,1,208,0.006234792002942413,0.013764542003627867,789741568,0.109375
c9307fe678a78f2a,cifar10,ssb-v2-block,cnn,protocol-v3,0.2,16,2,1,209,0.006028082978446037,0.013380165968555957,789757952,0.15625
c9307fe678a78f2a,cifar10,ssb-v2-block,cnn,protocol-v3,0.2,16,2,1,210,0.006034332967828959,0.013731874991208315,789757952,0.1015625
c9307fe678a78f2a,cifar10,ssb-v2-block,cnn,protocol-v3,0.2,16,2,1,211,0.005634124972857535,0.0149096249951981,789757952,0.1015625
c9307fe678a78f2a,cifar10,ssb-v2-block,cnn,protocol-v3,0.2,16,2,1,212,0.006221542018465698,0.01339116704184562,789757952,0.09375
c9307fe678a78f2a,cifar10,ssb-v2-block,cnn,protocol-v3,0.2,16,2,1,213,0.006041999964509159,0.01428833301179111,789757952,0.1015625
c9307fe678a78f2a,cifar10,ssb-v2-block,cnn,protocol-v3,0.2,16,2,1,214,0.005693124956451356,0.013478708046022803,789757952,0.0859375
c9307fe678a78f2a,cifar10,ssb-v2-block,cnn,protocol-v3,0.2,16,2,1,215,0.0056909999693743885,0.013548666960559785,789757952,0.1328125
c9307fe678a78f2a,cifar10,ssb-v2-block,cnn,protocol-v3,0.2,16,2,1,216,0.006024999951478094,0.013706500001717359,789757952,0.1171875
c9307fe678a78f2a,cifar10,ssb-v2-block,cnn,protocol-v3,0.2,16,2,1,217,0.006059207953512669,0.013323874969501048,789757952,0.09375
c9307fe678a78f2a,cifar10,ssb-v2-block,cnn,protocol-v3,0.2,16,2,1,218,0.006201874988619238,0.013939999975264072,789757952,0.1015625
c9307fe678a78f2a,cifar10,ssb-v2-block,cnn,protocol-v3,0.2,16,2,1,219,0.0056859590113162994,0.014103082998190075,789757952,0.1171875
c9307fe678a78f2a,cifar10,ssb-v2-block,cnn,protocol-v3,0.2,16,2,1,220,0.005680916947312653,0.014816875045653433,789757952,0.1015625
c9307fe678a78f2a,cifar10,ssb-v2-block,cnn,protocol-v3,0.2,16,2,1,221,0.006045499991159886,0.01330962497740984,789757952,0.1015625
c9307fe678a78f2a,cifar10,ssb-v2-block,cnn,protocol-v3,0.2,16,2,1,222,0.005692292004823685,0.013370374974329025,789757952,0.1171875
c9307fe678a78f2a,cifar10,ssb-v2-block,cnn,protocol-v3,0.2,16,2,1,223,0.005676082975696772,0.013482374954037368,789757952,0.125
c9307fe678a78f2a,cifar10,ssb-v2-block,cnn,protocol-v3,0.2,16,2,1,224,0.006104332976974547,0.01340720901498571,789757952,0.1015625
c9307fe678a78f2a,cifar10,ssb-v2-block,cnn,protocol-v3,0.2,16,2,1,225,0.006152583984658122,0.013666082988493145,789774336,0.1015625
c9307fe678a78f2a,cifar10,ssb-v2-block,cnn,protocol-v3,0.2,16,2,1,226,0.005687709024641663,0.013550125004258007,789774336,0.1328125
c9307fe678a78f2a,cifar10,ssb-v2-block,cnn,protocol-v3,0.2,16,2,1,227,0.005683208000846207,0.013519625004846603,789774336,0.1484375
c9307fe678a78f2a,cifar10,ssb-v2-block,cnn,protocol-v3,0.2,16,2,1,228,0.005678290966898203,0.013396832975558937,789774336,0.1015625
c9307fe678a78f2a,cifar10,ssb-v2-block,cnn,protocol-v3,0.2,16,2,1,229,0.005687249999027699,0.013484666997101158,789774336,0.125
c9307fe678a78f2a,cifar10,ssb-v2-block,cnn,protocol-v3,0.2,16,2,1,230,0.005694042018149048,0.013681000040378422,789774336,0.078125
c9307fe678a78f2a,cifar10,ssb-v2-block,cnn,protocol-v3,0.2,16,2,1,231,0.0056751249940134585,0.013854374992661178,789774336,0.1015625
c9307fe678a78f2a,cifar10,ssb-v2-block,cnn,protocol-v3,0.2,16,2,1,232,0.005695292027667165,0.013358082971535623,789774336,0.1171875
c9307fe678a78f2a,cifar10,ssb-v2-block,cnn,protocol-v3,0.2,16,2,1,233,0.0057453340268693864,0.013775291969068348,789774336,0.1328125
c9307fe678a78f2a,cifar10,ssb-v2-block,cnn,protocol-v3,0.2,16,2,1,234,0.005702082999050617,0.013517958985175937,789790720,0.125
c9307fe678a78f2a,cifar10,ssb-v2-block,cnn,protocol-v3,0.2,16,2,1,235,0.006000583991408348,0.013528833049349487,789790720,0.1328125
c9307fe678a78f2a,cifar10,ssb-v2-block,cnn,protocol-v3,0.2,16,2,1,236,0.006012250029016286,0.013233625038992614,789790720,0.125
c9307fe678a78f2a,cifar10,ssb-v2-block,cnn,protocol-v3,0.2,16,2,1,237,0.005966958007775247,0.0135359579580836,789790720,0.1015625
c9307fe678a78f2a,cifar10,ssb-v2-block,cnn,protocol-v3,0.2,16,2,1,238,0.0056787499925121665,0.013154375017620623,789790720,0.140625
c9307fe678a78f2a,cifar10,ssb-v2-block,cnn,protocol-v3,0.2,16,2,1,239,0.005684542004019022,0.013672707951627672,789790720,0.125
c9307fe678a78f2a,cifar10,ssb-v2-block,cnn,protocol-v3,0.2,16,2,1,240,0.005686041957233101,0.013405625009909272,789790720,0.1328125
c9307fe678a78f2a,cifar10,ssb-v2-block,cnn,protocol-v3,0.2,16,2,1,241,0.005694541032426059,0.013646834006067365,789790720,0.1484375
c9307fe678a78f2a,cifar10,ssb-v2-block,cnn,protocol-v3,0.2,16,2,1,242,0.006197166978381574,0.013466167030856013,789790720,0.15625
c9307fe678a78f2a,cifar10,ssb-v2-block,cnn,protocol-v3,0.2,16,2,1,243,0.005666457989718765,0.013705582998227328,789790720,0.1328125
c9307fe678a78f2a,cifar10,ssb-v2-block,cnn,protocol-v3,0.2,16,2,1,244,0.005663916002959013,0.013668250001501292,789790720,0.125
c9307fe678a78f2a,cifar10,ssb-v2-block,cnn,protocol-v3,0.2,16,2,1,245,0.005681000009644777,0.013356790994293988,789790720,0.1640625
c9307fe678a78f2a,cifar10,ssb-v2-block,cnn,protocol-v3,0.2,16,2,1,246,0.005686249991413206,0.013287708046846092,789790720,0.1796875
c9307fe678a78f2a,cifar10,ssb-v2-block,cnn,protocol-v3,0.2,16,2,1,247,0.005661416973453015,0.0133172920322977,789790720,0.109375
c9307fe678a78f2a,cifar10,ssb-v2-block,cnn,protocol-v3,0.2,16,2,1,248,0.0056759160361252725,0.013561833009589463,789790720,0.1875
c9307fe678a78f2a,cifar10,ssb-v2-block,cnn,protocol-v3,0.2,16,2,1,249,0.005692790960893035,0.013375499984249473,789790720,0.1640625
c9307fe678a78f2a,cifar10,ssb-v2-block,cnn,protocol-v3,0.2,16,2,1,250,0.00566612504189834,0.013244708010461181,789790720,0.1171875
c9307fe678a78f2a,cifar10,ssb-v2-block,cnn,protocol-v3,0.2,16,2,1,251,0.005696624983102083,0.013943416997790337,789790720,0.1796875
c9307fe678a78f2a,cifar10,ssb-v2-block,cnn,protocol-v3,0.2,16,2,1,252,0.006176375027280301,0.013854207994882017,789790720,0.1640625
c9307fe678a78f2a,cifar10,ssb-v2-block,cnn,protocol-v3,0.2,16,2,1,253,0.006033333018422127,0.013676207978278399,789790720,0.1640625
c9307fe678a78f2a,cifar10,ssb-v2-block,cnn,protocol-v3,0.2,16,2,1,254,0.005689000012353063,0.013423333002720028,789790720,0.125
c9307fe678a78f2a,cifar10,ssb-v2-block,cnn,protocol-v3,0.2,16,2,1,255,0.005670875019859523,0.013579666963778436,789807104,0.1328125
c9307fe678a78f2a,cifar10,ssb-v2-block,cnn,protocol-v3,0.2,16,2,1,256,0.005679458030499518,0.013362833007704467,789823488,0.15625
c9307fe678a78f2a,cifar10,ssb-v2-block,cnn,protocol-v3,0.2,16,2,1,257,0.005684125004336238,0.013255583005957305,789823488,0.1640625
c9307fe678a78f2a,cifar10,ssb-v2-block,cnn,protocol-v3,0.2,16,2,1,258,0.005678166984580457,0.01348779199179262,789839872,0.125
c9307fe678a78f2a,cifar10,ssb-v2-block,cnn,protocol-v3,0.2,16,2,1,259,0.005697750020772219,0.018748542002867907,790511616,0.1875
c9307fe678a78f2a,cifar10,ssb-v2-block,cnn,protocol-v3,0.2,16,2,1,260,0.005679208028595895,0.01350495801307261,790511616,0.1484375
c9307fe678a78f2a,cifar10,ssb-v2-block,cnn,protocol-v3,0.2,16,2,1,261,0.005666333017870784,0.013398332986980677,790511616,0.1875
c9307fe678a78f2a,cifar10,ssb-v2-block,cnn,protocol-v3,0.2,16,2,1,262,0.005659624992404133,0.013536082988139242,790511616,0.125
c9307fe678a78f2a,cifar10,ssb-v2-block,cnn,protocol-v3,0.2,16,2,1,263,0.005679542024154216,0.01356012502219528,790511616,0.2265625
c9307fe678a78f2a,cifar10,ssb-v2-block,cnn,protocol-v3,0.2,16,2,1,264,0.005671749997418374,0.013349374989047647,790511616,0.1171875
c9307fe678a78f2a,cifar10,ssb-v2-block,cnn,protocol-v3,0.2,16,2,1,265,0.00567845901241526,0.013371000008191913,790511616,0.1796875
c9307fe678a78f2a,cifar10,ssb-v2-block,cnn,protocol-v3,0.2,16,2,1,266,0.00568866595858708,0.013389500032644719,790609920,0.078125
c9307fe678a78f2a,cifar10,ssb-v2-block,cnn,protocol-v3,0.2,16,2,1,267,0.006274665996897966,0.013258665974717587,790970368,0.140625
c9307fe678a78f2a,cifar10,ssb-v2-block,cnn,protocol-v3,0.2,16,2,1,268,0.006074875011108816,0.013425291981548071,790970368,0.1484375
c9307fe678a78f2a,cifar10,ssb-v2-block,cnn,protocol-v3,0.2,16,2,1,269,0.006185042031574994,0.01357095903949812,790970368,0.15625
c9307fe678a78f2a,cifar10,ssb-v2-block,cnn,protocol-v3,0.2,16,2,1,270,0.006176791968755424,0.013414333981927484,790970368,0.1328125
c9307fe678a78f2a,cifar10,ssb-v2-block,cnn,protocol-v3,0.2,16,2,1,271,0.00624216697178781,0.013893500028643757,790970368,0.1640625
c9307fe678a78f2a,cifar10,ssb-v2-block,cnn,protocol-v3,0.2,16,2,1,272,0.0056628750171512365,0.013549417024478316,790970368,0.1953125
c9307fe678a78f2a,cifar10,ssb-v2-block,cnn,protocol-v3,0.2,16,2,1,273,0.005686083983164281,0.013275833975058049,790970368,0.171875
c9307fe678a78f2a,cifar10,ssb-v2-block,cnn,protocol-v3,0.2,16,2,1,274,0.005670542013831437,0.01344399998197332,790970368,0.1640625
c9307fe678a78f2a,cifar10,ssb-v2-block,cnn,protocol-v3,0.2,16,2,1,275,0.005670250044204295,0.014149209018796682,790970368,0.1796875
c9307fe678a78f2a,cifar10,ssb-v2-block,cnn,protocol-v3,0.2,16,2,1,276,0.0056747920461930335,0.013466417032759637,790970368,0.1640625
c9307fe678a78f2a,cifar10,ssb-v2-block,cnn,protocol-v3,0.2,16,2,1,277,0.005658790993038565,0.013568833994213492,790986752,0.078125
c9307fe678a78f2a,cifar10,ssb-v2-block,cnn,protocol-v3,0.2,16,2,1,278,0.0056885830126702785,0.01368854200700298,790986752,0.0859375
c9307fe678a78f2a,cifar10,ssb-v2-block,cnn,protocol-v3,0.2,16,2,1,279,0.005676666973158717,0.014052791986614466,790986752,0.1796875
c9307fe678a78f2a,cifar10,ssb-v2-block,cnn,protocol-v3,0.2,16,2,1,280,0.005702042020857334,0.013475499988999218,791003136,0.125
c9307fe678a78f2a,cifar10,ssb-v2-block,cnn,protocol-v3,0.2,16,2,1,281,0.005676541943103075,0.013269666000269353,791003136,0.1328125
c9307fe678a78f2a,cifar10,ssb-v2-block,cnn,protocol-v3,0.2,16,2,1,282,0.005686499993316829,0.013408082944806665,791003136,0.140625
c9307fe678a78f2a,cifar10,ssb-v2-block,cnn,protocol-v3,0.2,16,2,1,283,0.005680083995684981,0.013451874954625964,791003136,0.15625
c9307fe678a78f2a,cifar10,ssb-v2-block,cnn,protocol-v3,0.2,16,2,1,284,0.005694208026397973,0.01348779199179262,791003136,0.203125
c9307fe678a78f2a,cifar10,ssb-v2-block,cnn,protocol-v3,0.2,16,2,1,285,0.00569562497548759,0.013324541039764881,791003136,0.1875
c9307fe678a78f2a,cifar10,ssb-v2-block,cnn,protocol-v3,0.2,16,2,1,286,0.005677333974745125,0.01349445799132809,791003136,0.1953125
c9307fe678a78f2a,cifar10,ssb-v2-block,cnn,protocol-v3,0.2,16,2,1,287,0.00567824998870492,0.013421125011518598,791003136,0.2265625
c9307fe678a78f2a,cifar10,ssb-v2-block,cnn,protocol-v3,0.2,16,2,1,288,0.005673625040799379,0.013502957997843623,791019520,0.171875
c9307fe678a78f2a,cifar10,ssb-v2-block,cnn,protocol-v3,0.2,16,2,1,289,0.006015708029735833,0.013359249976929277,792494080,0.1328125
c9307fe678a78f2a,cifar10,ssb-v2-block,cnn,protocol-v3,0.2,16,2,1,290,0.00604595901677385,0.013720166985876858,792494080,0.125
c9307fe678a78f2a,cifar10,ssb-v2-block,cnn,protocol-v3,0.2,16,2,1,291,0.005686166987288743,0.013315375021193177,792494080,0.1328125
c9307fe678a78f2a,cifar10,ssb-v2-block,cnn,protocol-v3,0.2,16,2,1,292,0.006217584013938904,0.01338062499416992,792494080,0.15625
c9307fe678a78f2a,cifar10,ssb-v2-block,cnn,protocol-v3,0.2,16,2,1,293,0.00621095800306648,0.014514499984215945,792494080,0.203125
c9307fe678a78f2a,cifar10,ssb-v2-block,cnn,protocol-v3,0.2,16,2,1,294,0.005695166997611523,0.01452987501397729,792494080,0.1484375
c9307fe678a78f2a,cifar10,ssb-v2-block,cnn,protocol-v3,0.2,16,2,1,295,0.005692041013389826,0.013391083048190922,792494080,0.1953125
c9307fe678a78f2a,cifar10,ssb-v2-block,cnn,protocol-v3,0.2,16,2,1,296,0.0060045410064049065,0.01454350003041327,792494080,0.1953125
c9307fe678a78f2a,cifar10,ssb-v2-block,cnn,protocol-v3,0.2,16,2,1,297,0.005937333044130355,0.013288040994666517,792494080,0.140625
c9307fe678a78f2a,cifar10,ssb-v2-block,cnn,protocol-v3,0.2,16,2,1,298,0.005694499996025115,0.014022833027411252,792494080,0.203125
c9307fe678a78f2a,cifar10,ssb-v2-block,cnn,protocol-v3,0.2,16,2,1,299,0.005689750018063933,0.013420041999779642,792494080,0.2109375
c9307fe678a78f2a,cifar10,ssb-v2-block,cnn,protocol-v3,0.2,16,2,1,300,0.0059585419949144125,0.01368999999249354,792494080,0.15625
c9307fe678a78f2a,cifar10,ssb-v2-block,cnn,protocol-v3,0.2,16,2,1,301,0.005676332977600396,0.013752583996392787,792494080,0.125
c9307fe678a78f2a,cifar10,ssb-v2-block,cnn,protocol-v3,0.2,16,2,1,302,0.005692915990948677,0.013401667005382478,792494080,0.1484375
c9307fe678a78f2a,cifar10,ssb-v2-block,cnn,protocol-v3,0.2,16,2,1,303,0.005691541009582579,0.013561375031713396,792494080,0.0859375
c9307fe678a78f2a,cifar10,ssb-v2-block,cnn,protocol-v3,0.2,16,2,1,304,0.005700624955352396,0.013334291987121105,792494080,0.09375
c9307fe678a78f2a,cifar10,ssb-v2-block,cnn,protocol-v3,0.2,16,2,1,305,0.0056826669606380165,0.013517957995645702,792494080,0.125
c9307fe678a78f2a,cifar10,ssb-v2-block,cnn,protocol-v3,0.2,16,2,1,306,0.00568050000583753,0.013597791956271976,792494080,0.125
c9307fe678a78f2a,cifar10,ssb-v2-block,cnn,protocol-v3,0.2,16,2,1,307,0.0060298750177025795,0.01338791596936062,792494080,0.1171875
c9307fe678a78f2a,cifar10,ssb-v2-block,cnn,protocol-v3,0.2,16,2,1,308,0.0062093749875202775,0.013500165950972587,792494080,0.140625
c9307fe678a78f2a,cifar10,ssb-v2-block,cnn,protocol-v3,0.2,16,2,1,309,0.0061819159891456366,0.013494750019162893,792510464,0.1484375
c9307fe678a78f2a,cifar10,ssb-v2-block,cnn,protocol-v3,0.2,16,2,1,310,0.005687500000931323,0.013592374976724386,792510464,0.171875
c9307fe678a78f2a,cifar10,ssb-v2-block,cnn,protocol-v3,0.2,16,2,1,311,0.006011624995153397,0.01353075000224635,792510464,0.1953125
c9307fe678a78f2a,cifar10,ssb-v2-block,cnn,protocol-v3,0.2,16,2,1,312,0.005712583020795137,0.013715917011722922,792510464,0.1796875
c9307fe678a78f2a,cifar10,ssb-v2-block,cnn,protocol-v3,0.2,16,2,1,313,0.005737540952395648,0.01414554100483656,792526848,0.2109375
c9307fe678a78f2a,cifar10,ssb-v2-block,cnn,protocol-v3,0.2,16,2,1,314,0.005695416999515146,0.013323666003998369,792543232,0.1875
c9307fe678a78f2a,cifar10,ssb-v2-block,cnn,protocol-v3,0.2,16,2,1,315,0.006208334001712501,0.013706707977689803,792559616,0.109375
c9307fe678a78f2a,cifar10,ssb-v2-block,cnn,protocol-v3,0.2,16,2,1,316,0.006029999989550561,0.014467166969552636,792559616,0.1875
c9307fe678a78f2a,cifar10,ssb-v2-block,cnn,protocol-v3,0.2,16,2,1,317,0.005951958009973168,0.014371917000971735,792559616,0.1953125
c9307fe678a78f2a,cifar10,ssb-v2-block,cnn,protocol-v3,0.2,16,2,1,318,0.005957249959465116,0.014756083022803068,792559616,0.2109375
c9307fe678a78f2a,cifar10,ssb-v2-block,cnn,protocol-v3,0.2,16,2,1,319,0.006236375018488616,0.013767791970167309,792559616,0.21875
c9307fe678a78f2a,cifar10,ssb-v2-block,cnn,protocol-v3,0.2,16,2,1,320,0.005973749968688935,0.014487500011455268,792559616,0.203125
c9307fe678a78f2a,cifar10,ssb-v2-block,cnn,protocol-v3,0.2,16,2,1,321,0.005668917030561715,0.013898125034756958,792559616,0.1796875
c9307fe678a78f2a,cifar10,ssb-v2-block,cnn,protocol-v3,0.2,16,2,1,322,0.0056790419621393085,0.013415208028163761,792559616,0.2109375
c9307fe678a78f2a,cifar10,ssb-v2-block,cnn,protocol-v3,0.2,16,2,1,323,0.005676416971255094,0.013555957993958145,792559616,0.1328125
c9307fe678a78f2a,cifar10,ssb-v2-block,cnn,protocol-v3,0.2,16,2,1,324,0.005962082999758422,0.013628583052195609,792559616,0.1484375
c9307fe678a78f2a,cifar10,ssb-v2-block,cnn,protocol-v3,0.2,16,2,1,325,0.0057295000297017395,0.013392499997280538,792559616,0.171875
c9307fe678a78f2a,cifar10,ssb-v2-block,cnn,protocol-v3,0.2,16,2,1,326,0.00605508399894461,0.014536332979332656,792559616,0.1640625
c9307fe678a78f2a,cifar10,ssb-v2-block,cnn,protocol-v3,0.2,16,2,1,327,0.00568145903525874,0.013464333023875952,792576000,0.140625
c9307fe678a78f2a,cifar10,ssb-v2-block,cnn,protocol-v3,0.2,16,2,1,328,0.00567733304342255,0.014866958954371512,792576000,0.1484375
c9307fe678a78f2a,cifar10,ssb-v2-block,cnn,protocol-v3,0.2,16,2,1,329,0.006016250001266599,0.0134529999922961,792576000,0.09375
c9307fe678a78f2a,cifar10,ssb-v2-block,cnn,protocol-v3,0.2,16,2,1,330,0.006037165992893279,0.01380024995887652,792576000,0.1875
c9307fe678a78f2a,cifar10,ssb-v2-block,cnn,protocol-v3,0.2,16,2,1,331,0.006007833988405764,0.013968665967695415,792576000,0.1640625
c9307fe678a78f2a,cifar10,ssb-v2-block,cnn,protocol-v3,0.2,16,2,1,332,0.0056776669807732105,0.013152249972335994,792576000,0.125
c9307fe678a78f2a,cifar10,ssb-v2-block,cnn,protocol-v3,0.2,16,2,1,333,0.006014458020217717,0.013320375001057982,792576000,0.09375
c9307fe678a78f2a,cifar10,ssb-v2-block,cnn,protocol-v3,0.2,16,2,1,334,0.005942707997746766,0.013408667000476271,792576000,0.140625
c9307fe678a78f2a,cifar10,ssb-v2-block,cnn,protocol-v3,0.2,16,2,1,335,0.005682541988790035,0.013442999974358827,792576000,0.1953125
c9307fe678a78f2a,cifar10,ssb-v2-block,cnn,protocol-v3,0.2,16,2,1,336,0.005678499990608543,0.013693167013116181,792576000,0.1953125
c9307fe678a78f2a,cifar10,ssb-v2-block,cnn,protocol-v3,0.2,16,2,1,337,0.006024666014127433,0.013610333029646426,792576000,0.1640625
c9307fe678a78f2a,cifar10,ssb-v2-block,cnn,protocol-v3,0.2,16,2,1,338,0.006025665963534266,0.01359033299377188,792576000,0.125
c9307fe678a78f2a,cifar10,ssb-v2-block,cnn,protocol-v3,0.2,16,2,1,339,0.005672791972756386,0.013295624987222254,792576000,0.1328125
c9307fe678a78f2a,cifar10,ssb-v2-block,cnn,protocol-v3,0.2,16,2,1,340,0.005678499990608543,0.013156416011042893,792576000,0.1484375
c9307fe678a78f2a,cifar10,ssb-v2-block,cnn,protocol-v3,0.2,16,2,1,341,0.005678125016856939,0.013678666029591113,792576000,0.140625
c9307fe678a78f2a,cifar10,ssb-v2-block,cnn,protocol-v3,0.2,16,2,1,342,0.0056867499952204525,0.013267041009385139,792576000,0.1953125
c9307fe678a78f2a,cifar10,ssb-v2-block,cnn,protocol-v3,0.2,16,2,1,343,0.006328042014501989,0.019050083006732166,793264128,0.203125
c9307fe678a78f2a,cifar10,ssb-v2-block,cnn,protocol-v3,0.2,16,2,1,344,0.005713124992325902,0.013675499998498708,793264128,0.15625
c9307fe678a78f2a,cifar10,ssb-v2-block,cnn,protocol-v3,0.2,16,2,1,345,0.005700083042029291,0.013649832981172949,793264128,0.265625
c9307fe678a78f2a,cifar10,ssb-v2-block,cnn,protocol-v3,0.2,16,2,1,346,0.00566012499621138,0.013524250010959804,793264128,0.1328125
c9307fe678a78f2a,cifar10,ssb-v2-block,cnn,protocol-v3,0.2,16,2,1,347,0.005700958019588143,0.013694958004634827,793509888,0.203125
c9307fe678a78f2a,cifar10,ssb-v2-block,cnn,protocol-v3,0.2,16,2,1,348,0.005681875045411289,0.013412666972726583,793509888,0.1015625
c9307fe678a78f2a,cifar10,ssb-v2-block,cnn,protocol-v3,0.2,16,2,1,349,0.005697500018868595,0.013448040990624577,793509888,0.125
c9307fe678a78f2a,cifar10,ssb-v2-block,cnn,protocol-v3,0.2,16,2,1,350,0.005696083011571318,0.013474667037371546,793509888,0.1171875
c9307fe678a78f2a,cifar10,ssb-v2-block,cnn,protocol-v3,0.2,16,2,1,351,0.005688083998393267,0.013560583000071347,793509888,0.15625
c9307fe678a78f2a,cifar10,ssb-v2-block,cnn,protocol-v3,0.2,16,2,1,352,0.0059588750009424984,0.013287624984513968,793739264,0.1171875
c9307fe678a78f2a,cifar10,ssb-v2-block,cnn,protocol-v3,0.2,16,2,1,353,0.005690665973816067,0.01325616700341925,793739264,0.1171875
c9307fe678a78f2a,cifar10,ssb-v2-block,cnn,protocol-v3,0.2,16,2,1,354,0.005692000035196543,0.013227832969278097,793739264,0.2109375
c9307fe678a78f2a,cifar10,ssb-v2-block,cnn,protocol-v3,0.2,16,2,1,355,0.006036999984644353,0.013614166993647814,793739264,0.1171875
c9307fe678a78f2a,cifar10,ssb-v2-block,cnn,protocol-v3,0.2,16,2,1,356,0.006209749961271882,0.01339558302424848,793739264,0.109375
c9307fe678a78f2a,cifar10,ssb-v2-block,cnn,protocol-v3,0.2,16,2,1,357,0.006196541013196111,0.013647624989971519,793739264,0.1484375
c9307fe678a78f2a,cifar10,ssb-v2-block,cnn,protocol-v3,0.2,16,2,1,358,0.005690084013622254,0.01472387497778982,793755648,0.109375
c9307fe678a78f2a,cifar10,ssb-v2-block,cnn,protocol-v3,0.2,16,2,1,359,0.005666124983690679,0.01354604196967557,793755648,0.1328125
c9307fe678a78f2a,cifar10,ssb-v2-block,cnn,protocol-v3,0.2,16,2,1,360,0.006038707972038537,0.014588332967832685,793755648,0.2265625
c9307fe678a78f2a,cifar10,ssb-v2-block,cnn,protocol-v3,0.2,16,2,1,361,0.005693207960575819,0.013440042035654187,793755648,0.1640625
c9307fe678a78f2a,cifar10,ssb-v2-block,cnn,protocol-v3,0.2,16,2,1,362,0.005712167010642588,0.013564875000156462,793772032,0.15625
c9307fe678a78f2a,cifar10,ssb-v2-block,cnn,protocol-v3,0.2,16,2,1,363,0.0056885830126702785,0.013225250004325062,793772032,0.125
c9307fe678a78f2a,cifar10,ssb-v2-block,cnn,protocol-v3,0.2,16,2,1,364,0.006185083999298513,0.013500000000931323,793772032,0.1953125
c9307fe678a78f2a,cifar10,ssb-v2-block,cnn,protocol-v3,0.2,16,2,1,365,0.005945540964603424,0.013475166982971132,793788416,0.1484375
c9307fe678a78f2a,cifar10,ssb-v2-block,cnn,protocol-v3,0.2,16,2,1,366,0.005690666032023728,0.013242040993645787,793788416,0.2109375
c9307fe678a78f2a,cifar10,ssb-v2-block,cnn,protocol-v3,0.2,16,2,1,367,0.005698541004676372,0.013484459021128714,793788416,0.1484375
c9307fe678a78f2a,cifar10,ssb-v2-block,cnn,protocol-v3,0.2,16,2,1,368,0.0056834580027498305,0.013424540986306965,793788416,0.1875
c9307fe678a78f2a,cifar10,ssb-v2-block,cnn,protocol-v3,0.2,16,2,1,369,0.005673375038895756,0.013572417024988681,793821184,0.2109375
c9307fe678a78f2a,cifar10,ssb-v2-block,cnn,protocol-v3,0.2,16,2,1,370,0.006057250022422522,0.013833791017532349,793821184,0.171875
c9307fe678a78f2a,cifar10,ssb-v2-block,cnn,protocol-v3,0.2,16,2,1,371,0.006206999998539686,0.013723624986596406,793821184,0.21875
c9307fe678a78f2a,cifar10,ssb-v2-block,cnn,protocol-v3,0.2,16,2,1,372,0.005680583999492228,0.014193459006492049,793821184,0.1875
c9307fe678a78f2a,cifar10,ssb-v2-block,cnn,protocol-v3,0.2,16,2,1,373,0.005997083964757621,0.01344441605033353,793821184,0.1640625
c9307fe678a78f2a,cifar10,ssb-v2-block,cnn,protocol-v3,0.2,16,2,1,374,0.006006209005136043,0.013255208963528275,793821184,0.1796875
c9307fe678a78f2a,cifar10,ssb-v2-block,cnn,protocol-v3,0.2,16,2,1,375,0.006204084027558565,0.013368166983127594,793821184,0.1640625
c9307fe678a78f2a,cifar10,ssb-v2-block,cnn,protocol-v3,0.2,16,2,1,376,0.005683833034709096,0.013388499966822565,793821184,0.15625
c9307fe678a78f2a,cifar10,ssb-v2-block,cnn,protocol-v3,0.2,16,2,1,377,0.005969333986286074,0.013474458013661206,793837568,0.140625
c9307fe678a78f2a,cifar10,ssb-v2-block,cnn,protocol-v3,0.2,16,2,1,378,0.005713334016036242,0.014526459039188921,793837568,0.1640625
c9307fe678a78f2a,cifar10,ssb-v2-block,cnn,protocol-v3,0.2,16,2,1,379,0.005681582959368825,0.014041165995877236,793853952,0.171875
c9307fe678a78f2a,cifar10,ssb-v2-block,cnn,protocol-v3,0.2,16,2,1,380,0.006037707964424044,0.013505666982382536,793853952,0.140625
c9307fe678a78f2a,cifar10,ssb-v2-block,cnn,protocol-v3,0.2,16,2,1,381,0.006265999982133508,0.013738707988522947,793853952,0.1484375
c9307fe678a78f2a,cifar10,ssb-v2-block,cnn,protocol-v3,0.2,16,2,1,382,0.005961792019661516,0.01487712498055771,793853952,0.1484375
c9307fe678a78f2a,cifar10,ssb-v2-block,cnn,protocol-v3,0.2,16,2,1,383,0.006183957972098142,0.013553833996411413,793853952,0.1328125
c9307fe678a78f2a,cifar10,ssb-v2-block,cnn,protocol-v3,0.2,16,2,1,384,0.006204582983627915,0.01334062498062849,793853952,0.171875
c9307fe678a78f2a,cifar10,ssb-v2-block,cnn,protocol-v3,0.2,16,2,1,385,0.006054416997358203,0.013566959009040147,793853952,0.2109375
c9307fe678a78f2a,cifar10,ssb-v2-block,cnn,protocol-v3,0.2,16,2,1,386,0.00621416699141264,0.015012375020887703,793853952,0.21875
c9307fe678a78f2a,cifar10,ssb-v2-block,cnn,protocol-v3,0.2,16,2,1,387,0.005684458999894559,0.013895624957513064,793853952,0.25
c9307fe678a78f2a,cifar10,ssb-v2-block,cnn,protocol-v3,0.2,16,2,1,388,0.006026917020790279,0.014862084004562348,793853952,0.1953125
c9307fe678a78f2a,cifar10,ssb-v2-block,cnn,protocol-v3,0.2,16,2,1,389,0.00566366600105539,0.014551499974913895,793853952,0.1015625
c9307fe678a78f2a,cifar10,ssb-v2-block,cnn,protocol-v3,0.2,16,2,1,390,0.014614459010772407,0.04837462498107925,808517632,0.1375
c9307fe678a78f2a,cifar10,ssb-v2-block,cnn,protocol-v3,0.2,16,2,2,0,0.0061959580052644014,0.014323958021122962,820379648,0.1328125
c9307fe678a78f2a,cifar10,ssb-v2-block,cnn,protocol-v3,0.2,16,2,2,1,0.005817791970912367,0.013870333030354232,820396032,0.109375
c9307fe678a78f2a,cifar10,ssb-v2-block,cnn,protocol-v3,0.2,16,2,2,2,0.00608945800922811,0.013736499997321516,820412416,0.1484375
c9307fe678a78f2a,cifar10,ssb-v2-block,cnn,protocol-v3,0.2,16,2,2,3,0.006309040996711701,0.013547916954848915,820412416,0.15625
c9307fe678a78f2a,cifar10,ssb-v2-block,cnn,protocol-v3,0.2,16,2,2,4,0.006267125019803643,0.014026499993633479,820428800,0.140625
c9307fe678a78f2a,cifar10,ssb-v2-block,cnn,protocol-v3,0.2,16,2,2,5,0.006101875042077154,0.014546249993145466,820428800,0.109375
c9307fe678a78f2a,cifar10,ssb-v2-block,cnn,protocol-v3,0.2,16,2,2,6,0.005728041986003518,0.013536875019781291,820428800,0.15625
c9307fe678a78f2a,cifar10,ssb-v2-block,cnn,protocol-v3,0.2,16,2,2,7,0.005726583010982722,0.013300540973432362,821739520,0.09375
c9307fe678a78f2a,cifar10,ssb-v2-block,cnn,protocol-v3,0.2,16,2,2,8,0.0057207500212825835,0.013542999979108572,821739520,0.1796875
c9307fe678a78f2a,cifar10,ssb-v2-block,cnn,protocol-v3,0.2,16,2,2,9,0.006037749990355223,0.01349820801988244,821739520,0.109375
c9307fe678a78f2a,cifar10,ssb-v2-block,cnn,protocol-v3,0.2,16,2,2,10,0.006296250037848949,0.013376541959587485,821739520,0.109375
c9307fe678a78f2a,cifar10,ssb-v2-block,cnn,protocol-v3,0.2,16,2,2,11,0.005701333982869983,0.013800332963000983,821739520,0.09375
c9307fe678a78f2a,cifar10,ssb-v2-block,cnn,protocol-v3,0.2,16,2,2,12,0.006221042014658451,0.013333292037714273,821739520,0.1953125
c9307fe678a78f2a,cifar10,ssb-v2-block,cnn,protocol-v3,0.2,16,2,2,13,0.005732875026296824,0.01339708297746256,821739520,0.1484375
c9307fe678a78f2a,cifar10,ssb-v2-block,cnn,protocol-v3,0.2,16,2,2,14,0.005721916037146002,0.013568959024269134,821739520,0.1015625
c9307fe678a78f2a,cifar10,ssb-v2-block,cnn,protocol-v3,0.2,16,2,2,15,0.005709333985578269,0.013844083994626999,821739520,0.171875
c9307fe678a78f2a,cifar10,ssb-v2-block,cnn,protocol-v3,0.2,16,2,2,16,0.006112499977461994,0.013374082976952195,821739520,0.1328125
c9307fe678a78f2a,cifar10,ssb-v2-block,cnn,protocol-v3,0.2,16,2,2,17,0.005727000010665506,0.014669792028144002,821772288,0.140625
c9307fe678a78f2a,cifar10,ssb-v2-block,cnn,protocol-v3,0.2,16,2,2,18,0.006060500047169626,0.013551084033679217,821788672,0.125
c9307fe678a78f2a,cifar10,ssb-v2-block,cnn,protocol-v3,0.2,16,2,2,19,0.005711250007152557,0.014542374992743134,821788672,0.1328125
c9307fe678a78f2a,cifar10,ssb-v2-block,cnn,protocol-v3,0.2,16,2,2,20,0.005729750031605363,0.013777917018160224,821788672,0.1796875
c9307fe678a78f2a,cifar10,ssb-v2-block,cnn,protocol-v3,0.2,16,2,2,21,0.006253042025491595,0.014430332987103611,821788672,0.1171875
c9307fe678a78f2a,cifar10,ssb-v2-block,cnn,protocol-v3,0.2,16,2,2,22,0.006085792032536119,0.013516958977561444,821805056,0.125
c9307fe678a78f2a,cifar10,ssb-v2-block,cnn,protocol-v3,0.2,16,2,2,23,0.005994250008370727,0.014071709010750055,821805056,0.1328125
c9307fe678a78f2a,cifar10,ssb-v2-block,cnn,protocol-v3,0.2,16,2,2,24,0.00570629199501127,0.013473625003825873,821805056,0.1953125
c9307fe678a78f2a,cifar10,ssb-v2-block,cnn,protocol-v3,0.2,16,2,2,25,0.006244666990824044,0.014115332975052297,821805056,0.09375
c9307fe678a78f2a,cifar10,ssb-v2-block,cnn,protocol-v3,0.2,16,2,2,26,0.005712541984394193,0.01401279104175046,821805056,0.125
c9307fe678a78f2a,cifar10,ssb-v2-block,cnn,protocol-v3,0.2,16,2,2,27,0.00622837501578033,0.014379833010025322,821805056,0.0859375
c9307fe678a78f2a,cifar10,ssb-v2-block,cnn,protocol-v3,0.2,16,2,2,28,0.005740874970797449,0.01414070901228115,823377920,0.171875
c9307fe678a78f2a,cifar10,ssb-v2-block,cnn,protocol-v3,0.2,16,2,2,29,0.006081041996367276,0.013464582967571914,823377920,0.125
c9307fe678a78f2a,cifar10,ssb-v2-block,cnn,protocol-v3,0.2,16,2,2,30,0.006066249974537641,0.013305375003255904,823377920,0.1328125
c9307fe678a78f2a,cifar10,ssb-v2-block,cnn,protocol-v3,0.2,16,2,2,31,0.006219082977622747,0.014564541983418167,823377920,0.1484375
c9307fe678a78f2a,cifar10,ssb-v2-block,cnn,protocol-v3,0.2,16,2,2,32,0.005707542004529387,0.01351862499723211,823377920,0.15625
c9307fe678a78f2a,cifar10,ssb-v2-block,cnn,protocol-v3,0.2,16,2,2,33,0.0058550420217216015,0.014848958002403378,823377920,0.125
c9307fe678a78f2a,cifar10,ssb-v2-block,cnn,protocol-v3,0.2,16,2,2,34,0.005816875025629997,0.014216832991223782,823377920,0.1796875
c9307fe678a78f2a,cifar10,ssb-v2-block,cnn,protocol-v3,0.2,16,2,2,35,0.0059201670228503644,0.01404608302982524,823377920,0.1796875
c9307fe678a78f2a,cifar10,ssb-v2-block,cnn,protocol-v3,0.2,16,2,2,36,0.006026540999300778,0.014709000010043383,823377920,0.1484375
c9307fe678a78f2a,cifar10,ssb-v2-block,cnn,protocol-v3,0.2,16,2,2,37,0.0059842499904334545,0.014868500002194196,823394304,0.1328125
c9307fe678a78f2a,cifar10,ssb-v2-block,cnn,protocol-v3,0.2,16,2,2,38,0.005972500017378479,0.014467000029981136,823394304,0.1328125
c9307fe678a78f2a,cifar10,ssb-v2-block,cnn,protocol-v3,0.2,16,2,2,39,0.005942207993939519,0.01403954200213775,823394304,0.1875
c9307fe678a78f2a,cifar10,ssb-v2-block,cnn,protocol-v3,0.2,16,2,2,40,0.0072587080067023635,0.013802165980450809,823394304,0.2109375
c9307fe678a78f2a,cifar10,ssb-v2-block,cnn,protocol-v3,0.2,16,2,2,41,0.005699875007849187,0.013390499982051551,823394304,0.1640625
c9307fe678a78f2a,cifar10,ssb-v2-block,cnn,protocol-v3,0.2,16,2,2,42,0.0057225420023314655,0.01474704098654911,823394304,0.2265625
c9307fe678a78f2a,cifar10,ssb-v2-block,cnn,protocol-v3,0.2,16,2,2,43,0.0057088329922407866,0.013273916963953525,823394304,0.1875
c9307fe678a78f2a,cifar10,ssb-v2-block,cnn,protocol-v3,0.2,16,2,2,44,0.006060083978809416,0.013678000017534941,823394304,0.1640625
c9307fe678a78f2a,cifar10,ssb-v2-block,cnn,protocol-v3,0.2,16,2,2,45,0.005698374996427447,0.0211630419944413,824295424,0.2578125
c9307fe678a78f2a,cifar10,ssb-v2-block,cnn,protocol-v3,0.2,16,2,2,46,0.005727583018597215,0.013613582996185869,824295424,0.1640625
c9307fe678a78f2a,cifar10,ssb-v2-block,cnn,protocol-v3,0.2,16,2,2,47,0.00573787500616163,0.013268209004309028,824524800,0.171875
c9307fe678a78f2a,cifar10,ssb-v2-block,cnn,protocol-v3,0.2,16,2,2,48,0.006328915944322944,0.013786124996840954,824524800,0.1640625
c9307fe678a78f2a,cifar10,ssb-v2-block,cnn,protocol-v3,0.2,16,2,2,49,0.0057234579580836,0.013215124956332147,824541184,0.25
c9307fe678a78f2a,cifar10,ssb-v2-block,cnn,protocol-v3,0.2,16,2,2,50,0.005707542004529387,0.013369499996770173,824541184,0.203125
c9307fe678a78f2a,cifar10,ssb-v2-block,cnn,protocol-v3,0.2,16,2,2,51,0.005672708968631923,0.013416790985502303,824541184,0.234375
c9307fe678a78f2a,cifar10,ssb-v2-block,cnn,protocol-v3,0.2,16,2,2,52,0.005670499987900257,0.013092583976686,824541184,0.28125
c9307fe678a78f2a,cifar10,ssb-v2-block,cnn,protocol-v3,0.2,16,2,2,53,0.0057058329693973064,0.01345970801776275,824541184,0.2265625
c9307fe678a78f2a,cifar10,ssb-v2-block,cnn,protocol-v3,0.2,16,2,2,54,0.005686499993316829,0.013595499971415848,825032704,0.171875
c9307fe678a78f2a,cifar10,ssb-v2-block,cnn,protocol-v3,0.2,16,2,2,55,0.0057102920254692435,0.013606583990622312,825032704,0.1484375
c9307fe678a78f2a,cifar10,ssb-v2-block,cnn,protocol-v3,0.2,16,2,2,56,0.0058427500189282,0.013508957985322922,825049088,0.140625
c9307fe678a78f2a,cifar10,ssb-v2-block,cnn,protocol-v3,0.2,16,2,2,57,0.005709291028324515,0.013718292000703514,825049088,0.140625
c9307fe678a78f2a,cifar10,ssb-v2-block,cnn,protocol-v3,0.2,16,2,2,58,0.006318415980786085,0.01302212500013411,825049088,0.140625
c9307fe678a78f2a,cifar10,ssb-v2-block,cnn,protocol-v3,0.2,16,2,2,59,0.005692000035196543,0.013685583020560443,825049088,0.109375
c9307fe678a78f2a,cifar10,ssb-v2-block,cnn,protocol-v3,0.2,16,2,2,60,0.005704832961782813,0.013509332959074527,825049088,0.1640625
c9307fe678a78f2a,cifar10,ssb-v2-block,cnn,protocol-v3,0.2,16,2,2,61,0.005711207981221378,0.013433083018753678,825049088,0.109375
c9307fe678a78f2a,cifar10,ssb-v2-block,cnn,protocol-v3,0.2,16,2,2,62,0.005711250007152557,0.013584958971478045,825049088,0.1640625
c9307fe678a78f2a,cifar10,ssb-v2-block,cnn,protocol-v3,0.2,16,2,2,63,0.005707749980501831,0.013586874993052334,825049088,0.171875
c9307fe678a78f2a,cifar10,ssb-v2-block,cnn,protocol-v3,0.2,16,2,2,64,0.005693375016562641,0.013411874999292195,825049088,0.1875
c9307fe678a78f2a,cifar10,ssb-v2-block,cnn,protocol-v3,0.2,16,2,2,65,0.0057051670155487955,0.013307832996360958,825049088,0.21875
c9307fe678a78f2a,cifar10,ssb-v2-block,cnn,protocol-v3,0.2,16,2,2,66,0.005700583977159113,0.013651415996719152,825049088,0.203125
c9307fe678a78f2a,cifar10,ssb-v2-block,cnn,protocol-v3,0.2,16,2,2,67,0.005708208016585559,0.013359125005081296,825049088,0.1875
c9307fe678a78f2a,cifar10,ssb-v2-block,cnn,protocol-v3,0.2,16,2,2,68,0.0057265000068582594,0.013622375030536205,825049088,0.203125
c9307fe678a78f2a,cifar10,ssb-v2-block,cnn,protocol-v3,0.2,16,2,2,69,0.006039083993528038,0.01333279104437679,825049088,0.21875
c9307fe678a78f2a,cifar10,ssb-v2-block,cnn,protocol-v3,0.2,16,2,2,70,0.005993500002659857,0.013435916043817997,825049088,0.1796875
c9307fe678a78f2a,cifar10,ssb-v2-block,cnn,protocol-v3,0.2,16,2,2,71,0.005713874998036772,0.013592959032393992,825049088,0.0859375
c9307fe678a78f2a,cifar10,ssb-v2-block,cnn,protocol-v3,0.2,16,2,2,72,0.0056968749850057065,0.013250791002064943,825049088,0.125
c9307fe678a78f2a,cifar10,ssb-v2-block,cnn,protocol-v3,0.2,16,2,2,73,0.006324084009975195,0.013366625003982335,825049088,0.109375
c9307fe678a78f2a,cifar10,ssb-v2-block,cnn,protocol-v3,0.2,16,2,2,74,0.005697583954315633,0.013615000003483146,825049088,0.109375
c9307fe678a78f2a,cifar10,ssb-v2-block,cnn,protocol-v3,0.2,16,2,2,75,0.005713207996450365,0.013286125031299889,825049088,0.1328125
c9307fe678a78f2a,cifar10,ssb-v2-block,cnn,protocol-v3,0.2,16,2,2,76,0.005706958007067442,0.013502459041774273,825049088,0.1171875
c9307fe678a78f2a,cifar10,ssb-v2-block,cnn,protocol-v3,0.2,16,2,2,77,0.005713958002161235,0.0139227089821361,825049088,0.1015625
c9307fe678a78f2a,cifar10,ssb-v2-block,cnn,protocol-v3,0.2,16,2,2,78,0.00570012500975281,0.01362104102736339,825065472,0.078125
c9307fe678a78f2a,cifar10,ssb-v2-block,cnn,protocol-v3,0.2,16,2,2,79,0.005695625033695251,0.01335408299928531,825065472,0.140625
c9307fe678a78f2a,cifar10,ssb-v2-block,cnn,protocol-v3,0.2,16,2,2,80,0.005694459017831832,0.013421000039670616,825065472,0.1015625
c9307fe678a78f2a,cifar10,ssb-v2-block,cnn,protocol-v3,0.2,16,2,2,81,0.005689499957952648,0.013528292009141296,825065472,0.078125
c9307fe678a78f2a,cifar10,ssb-v2-block,cnn,protocol-v3,0.2,16,2,2,82,0.005680708040017635,0.013785708986688405,825065472,0.078125
c9307fe678a78f2a,cifar10,ssb-v2-block,cnn,protocol-v3,0.2,16,2,2,83,0.00572516699321568,0.013394583016633987,825065472,0.125
c9307fe678a78f2a,cifar10,ssb-v2-block,cnn,protocol-v3,0.2,16,2,2,84,0.00569858297239989,0.013451708015054464,825065472,0.1796875
c9307fe678a78f2a,cifar10,ssb-v2-block,cnn,protocol-v3,0.2,16,2,2,85,0.005709916993509978,0.013555124984122813,825065472,0.1328125
c9307fe678a78f2a,cifar10,ssb-v2-block,cnn,protocol-v3,0.2,16,2,2,86,0.006015749997459352,0.013353916991036385,825065472,0.140625
c9307fe678a78f2a,cifar10,ssb-v2-block,cnn,protocol-v3,0.2,16,2,2,87,0.0059527920093387365,0.013811040960717946,825065472,0.1328125
c9307fe678a78f2a,cifar10,ssb-v2-block,cnn,protocol-v3,0.2,16,2,2,88,0.005714458005968481,0.013266167021356523,825065472,0.1484375
c9307fe678a78f2a,cifar10,ssb-v2-block,cnn,protocol-v3,0.2,16,2,2,89,0.005711374979000539,0.01367729197954759,825065472,0.1171875
c9307fe678a78f2a,cifar10,ssb-v2-block,cnn,protocol-v3,0.2,16,2,2,90,0.00619674997869879,0.01429004204692319,825065472,0.0859375
c9307fe678a78f2a,cifar10,ssb-v2-block,cnn,protocol-v3,0.2,16,2,2,91,0.005703458038624376,0.013683166995178908,825065472,0.1171875
c9307fe678a78f2a,cifar10,ssb-v2-block,cnn,protocol-v3,0.2,16,2,2,92,0.006063249951694161,0.013674957968760282,825065472,0.125
c9307fe678a78f2a,cifar10,ssb-v2-block,cnn,protocol-v3,0.2,16,2,2,93,0.006243625015486032,0.013486915966495872,825065472,0.125
c9307fe678a78f2a,cifar10,ssb-v2-block,cnn,protocol-v3,0.2,16,2,2,94,0.005700625013560057,0.01369824999710545,825065472,0.109375
c9307fe678a78f2a,cifar10,ssb-v2-block,cnn,protocol-v3,0.2,16,2,2,95,0.00572125002508983,0.01368700002785772,825065472,0.1015625
c9307fe678a78f2a,cifar10,ssb-v2-block,cnn,protocol-v3,0.2,16,2,2,96,0.005704083014279604,0.013497249979991466,825065472,0.09375
c9307fe678a78f2a,cifar10,ssb-v2-block,cnn,protocol-v3,0.2,16,2,2,97,0.0057052079937420785,0.013337332988157868,825065472,0.1484375
c9307fe678a78f2a,cifar10,ssb-v2-block,cnn,protocol-v3,0.2,16,2,2,98,0.005695957981515676,0.01348237501224503,825065472,0.140625
c9307fe678a78f2a,cifar10,ssb-v2-block,cnn,protocol-v3,0.2,16,2,2,99,0.005704750015866011,0.013621542020700872,825065472,0.1171875
c9307fe678a78f2a,cifar10,ssb-v2-block,cnn,protocol-v3,0.2,16,2,2,100,0.005702791037037969,0.013849499984644353,825065472,0.0859375
c9307fe678a78f2a,cifar10,ssb-v2-block,cnn,protocol-v3,0.2,16,2,2,101,0.005691541999112815,0.013726457953453064,825065472,0.140625
c9307fe678a78f2a,cifar10,ssb-v2-block,cnn,protocol-v3,0.2,16,2,2,102,0.005678583984263241,0.013405749981757253,825065472,0.15625
c9307fe678a78f2a,cifar10,ssb-v2-block,cnn,protocol-v3,0.2,16,2,2,103,0.0057069999747909606,0.013473957951646298,825065472,0.1796875
c9307fe678a78f2a,cifar10,ssb-v2-block,cnn,protocol-v3,0.2,16,2,2,104,0.00572945800377056,0.013484041031915694,825065472,0.1015625
c9307fe678a78f2a,cifar10,ssb-v2-block,cnn,protocol-v3,0.2,16,2,2,105,0.005721458001062274,0.013528791023418307,825065472,0.1640625
c9307fe678a78f2a,cifar10,ssb-v2-block,cnn,protocol-v3,0.2,16,2,2,106,0.005701375019270927,0.01329375000204891,825065472,0.15625
c9307fe678a78f2a,cifar10,ssb-v2-block,cnn,protocol-v3,0.2,16,2,2,107,0.00568441697396338,0.013376625021919608,825065472,0.171875
c9307fe678a78f2a,cifar10,ssb-v2-block,cnn,protocol-v3,0.2,16,2,2,108,0.005706124997232109,0.013191792008001357,825065472,0.125
c9307fe678a78f2a,cifar10,ssb-v2-block,cnn,protocol-v3,0.2,16,2,2,109,0.005719666951335967,0.013475292013026774,825065472,0.2421875
c9307fe678a78f2a,cifar10,ssb-v2-block,cnn,protocol-v3,0.2,16,2,2,110,0.005704957991838455,0.013765834039077163,825065472,0.140625
c9307fe678a78f2a,cifar10,ssb-v2-block,cnn,protocol-v3,0.2,16,2,2,111,0.00603658304316923,0.013575708027929068,825065472,0.171875
c9307fe678a78f2a,cifar10,ssb-v2-block,cnn,protocol-v3,0.2,16,2,2,112,0.005724625021684915,0.013462750008329749,825081856,0.1953125
c9307fe678a78f2a,cifar10,ssb-v2-block,cnn,protocol-v3,0.2,16,2,2,113,0.005716667044907808,0.0135677499929443,825098240,0.203125
c9307fe678a78f2a,cifar10,ssb-v2-block,cnn,protocol-v3,0.2,16,2,2,114,0.006073917029425502,0.013338625023607165,825098240,0.2421875
c9307fe678a78f2a,cifar10,ssb-v2-block,cnn,protocol-v3,0.2,16,2,2,115,0.00573491700924933,0.013360167038626969,825098240,0.171875
c9307fe678a78f2a,cifar10,ssb-v2-block,cnn,protocol-v3,0.2,16,2,2,116,0.00569116702536121,0.013306875014677644,825098240,0.265625
c9307fe678a78f2a,cifar10,ssb-v2-block,cnn,protocol-v3,0.2,16,2,2,117,0.005718000000342727,0.013596042001154274,825098240,0.1953125
c9307fe678a78f2a,cifar10,ssb-v2-block,cnn,protocol-v3,0.2,16,2,2,118,0.005768916045781225,0.013459292007610202,825098240,0.2421875
c9307fe678a78f2a,cifar10,ssb-v2-block,cnn,protocol-v3,0.2,16,2,2,119,0.006029459007550031,0.013394500012509525,825098240,0.203125
c9307fe678a78f2a,cifar10,ssb-v2-block,cnn,protocol-v3,0.2,16,2,2,120,0.005732457968406379,0.013545625028200448,825098240,0.1875
c9307fe678a78f2a,cifar10,ssb-v2-block,cnn,protocol-v3,0.2,16,2,2,121,0.005703541974071413,0.013500707980711013,825098240,0.2578125
c9307fe678a78f2a,cifar10,ssb-v2-block,cnn,protocol-v3,0.2,16,2,2,122,0.006029084033798426,0.013530541968066245,825114624,0.15625
c9307fe678a78f2a,cifar10,ssb-v2-block,cnn,protocol-v3,0.2,16,2,2,123,0.005657208967022598,0.013467124954331666,825114624,0.2421875
c9307fe678a78f2a,cifar10,ssb-v2-block,cnn,protocol-v3,0.2,16,2,2,124,0.005685375013854355,0.013780583976767957,825114624,0.21875
c9307fe678a78f2a,cifar10,ssb-v2-block,cnn,protocol-v3,0.2,16,2,2,125,0.005706333031412214,0.013542082975618541,825114624,0.234375
c9307fe678a78f2a,cifar10,ssb-v2-block,cnn,protocol-v3,0.2,16,2,2,126,0.005727834010031074,0.013450999977067113,825114624,0.1328125
c9307fe678a78f2a,cifar10,ssb-v2-block,cnn,protocol-v3,0.2,16,2,2,127,0.0057080830447375774,0.013298625010065734,825114624,0.1953125
c9307fe678a78f2a,cifar10,ssb-v2-block,cnn,protocol-v3,0.2,16,2,2,128,0.005694374965969473,0.013556500023696572,825114624,0.09375
c9307fe678a78f2a,cifar10,ssb-v2-block,cnn,protocol-v3,0.2,16,2,2,129,0.005706834024749696,0.013519000029191375,825114624,0.25
c9307fe678a78f2a,cifar10,ssb-v2-block,cnn,protocol-v3,0.2,16,2,2,130,0.005702083988580853,0.013491624966263771,825131008,0.140625
c9307fe678a78f2a,cifar10,ssb-v2-block,cnn,protocol-v3,0.2,16,2,2,131,0.005682165967300534,0.013780208013486117,825131008,0.125
c9307fe678a78f2a,cifar10,ssb-v2-block,cnn,protocol-v3,0.2,16,2,2,132,0.005688958975952119,0.013629958033561707,825131008,0.15625
c9307fe678a78f2a,cifar10,ssb-v2-block,cnn,protocol-v3,0.2,16,2,2,133,0.005693083978258073,0.01325374998850748,825131008,0.1328125
c9307fe678a78f2a,cifar10,ssb-v2-block,cnn,protocol-v3,0.2,16,2,2,134,0.00570012500975281,0.013548957998864353,825131008,0.171875
c9307fe678a78f2a,cifar10,ssb-v2-block,cnn,protocol-v3,0.2,16,2,2,135,0.005714291997719556,0.013409334002062678,825131008,0.1953125
c9307fe678a78f2a,cifar10,ssb-v2-block,cnn,protocol-v3,0.2,16,2,2,136,0.0056991659803316,0.013617749966215342,825131008,0.203125
c9307fe678a78f2a,cifar10,ssb-v2-block,cnn,protocol-v3,0.2,16,2,2,137,0.00570704200072214,0.013805292022880167,825098240,0.2265625
c9307fe678a78f2a,cifar10,ssb-v2-block,cnn,protocol-v3,0.2,16,2,2,138,0.006220459006726742,0.013572041993029416,825098240,0.1875
c9307fe678a78f2a,cifar10,ssb-v2-block,cnn,protocol-v3,0.2,16,2,2,139,0.005716833984479308,0.01500316703459248,825098240,0.2265625
c9307fe678a78f2a,cifar10,ssb-v2-block,cnn,protocol-v3,0.2,16,2,2,140,0.005705083021894097,0.01368400000501424,825098240,0.1953125
c9307fe678a78f2a,cifar10,ssb-v2-block,cnn,protocol-v3,0.2,16,2,2,141,0.005700208013877273,0.013816332968417555,825098240,0.265625
c9307fe678a78f2a,cifar10,ssb-v2-block,cnn,protocol-v3,0.2,16,2,2,142,0.005702374968677759,0.013655000017024577,825098240,0.1953125
c9307fe678a78f2a,cifar10,ssb-v2-block,cnn,protocol-v3,0.2,16,2,2,143,0.005969083984382451,0.013477707980200648,825098240,0.2109375
c9307fe678a78f2a,cifar10,ssb-v2-block,cnn,protocol-v3,0.2,16,2,2,144,0.0062557500205002725,0.013525417016353458,825098240,0.2109375
c9307fe678a78f2a,cifar10,ssb-v2-block,cnn,protocol-v3,0.2,16,2,2,145,0.005717666994314641,0.01362195797264576,825098240,0.203125
c9307fe678a78f2a,cifar10,ssb-v2-block,cnn,protocol-v3,0.2,16,2,2,146,0.0057200000155717134,0.013317541975993663,825098240,0.2421875
c9307fe678a78f2a,cifar10,ssb-v2-block,cnn,protocol-v3,0.2,16,2,2,147,0.005720041983295232,0.013544999994337559,825098240,0.1953125
c9307fe678a78f2a,cifar10,ssb-v2-block,cnn,protocol-v3,0.2,16,2,2,148,0.00569637498119846,0.014390500029549003,825098240,0.21875
c9307fe678a78f2a,cifar10,ssb-v2-block,cnn,protocol-v3,0.2,16,2,2,149,0.005691999976988882,0.013530290976632386,825098240,0.2734375
c9307fe678a78f2a,cifar10,ssb-v2-block,cnn,protocol-v3,0.2,16,2,2,150,0.0057011659955605865,0.01340908301062882,825098240,0.2890625
c9307fe678a78f2a,cifar10,ssb-v2-block,cnn,protocol-v3,0.2,16,2,2,151,0.005702249996829778,0.013642749981954694,825098240,0.203125
c9307fe678a78f2a,cifar10,ssb-v2-block,cnn,protocol-v3,0.2,16,2,2,152,0.005709208024200052,0.013572500029113144,825114624,0.2890625
c9307fe678a78f2a,cifar10,ssb-v2-block,cnn,protocol-v3,0.2,16,2,2,153,0.005686208023689687,0.013398666982538998,825114624,0.1640625
c9307fe678a78f2a,cifar10,ssb-v2-block,cnn,protocol-v3,0.2,16,2,2,154,0.005713375052437186,0.013514624966774136,825114624,0.2109375
c9307fe678a78f2a,cifar10,ssb-v2-block,cnn,protocol-v3,0.2,16,2,2,155,0.0057297919993288815,0.013421083975117654,825114624,0.328125
c9307fe678a78f2a,cifar10,ssb-v2-block,cnn,protocol-v3,0.2,16,2,2,156,0.005726708972360939,0.013395750022027642,825114624,0.21875
c9307fe678a78f2a,cifar10,ssb-v2-block,cnn,protocol-v3,0.2,16,2,2,157,0.005701374961063266,0.013488625001627952,825114624,0.2421875
c9307fe678a78f2a,cifar10,ssb-v2-block,cnn,protocol-v3,0.2,16,2,2,158,0.005718457978218794,0.013922292040660977,825114624,0.21875
c9307fe678a78f2a,cifar10,ssb-v2-block,cnn,protocol-v3,0.2,16,2,2,159,0.005709583987481892,0.013584709027782083,825114624,0.2578125
c9307fe678a78f2a,cifar10,ssb-v2-block,cnn,protocol-v3,0.2,16,2,2,160,0.005720124987419695,0.01345804100856185,825131008,0.234375
c9307fe678a78f2a,cifar10,ssb-v2-block,cnn,protocol-v3,0.2,16,2,2,161,0.00569712498690933,0.013738124980591238,825147392,0.25
c9307fe678a78f2a,cifar10,ssb-v2-block,cnn,protocol-v3,0.2,16,2,2,162,0.00574404199142009,0.01334220904391259,825147392,0.2578125
c9307fe678a78f2a,cifar10,ssb-v2-block,cnn,protocol-v3,0.2,16,2,2,163,0.005699041998013854,0.01339949999237433,825147392,0.25
c9307fe678a78f2a,cifar10,ssb-v2-block,cnn,protocol-v3,0.2,16,2,2,164,0.005701208952814341,0.01336908299708739,825147392,0.234375
c9307fe678a78f2a,cifar10,ssb-v2-block,cnn,protocol-v3,0.2,16,2,2,165,0.00569170800736174,0.013692959037143737,825147392,0.2109375
c9307fe678a78f2a,cifar10,ssb-v2-block,cnn,protocol-v3,0.2,16,2,2,166,0.0056940000504255295,0.013308749999850988,825147392,0.2890625
c9307fe678a78f2a,cifar10,ssb-v2-block,cnn,protocol-v3,0.2,16,2,2,167,0.005686375021468848,0.013461124966852367,825147392,0.2109375
c9307fe678a78f2a,cifar10,ssb-v2-block,cnn,protocol-v3,0.2,16,2,2,168,0.005697916029021144,0.013497416977770627,825147392,0.1875
c9307fe678a78f2a,cifar10,ssb-v2-block,cnn,protocol-v3,0.2,16,2,2,169,0.005704042036086321,0.013453834049869329,825163776,0.1953125
c9307fe678a78f2a,cifar10,ssb-v2-block,cnn,protocol-v3,0.2,16,2,2,170,0.00573358399560675,0.021022000000812113,826146816,0.2421875
c9307fe678a78f2a,cifar10,ssb-v2-block,cnn,protocol-v3,0.2,16,2,2,171,0.005747416988015175,0.013602875056676567,826327040,0.21875
c9307fe678a78f2a,cifar10,ssb-v2-block,cnn,protocol-v3,0.2,16,2,2,172,0.005702499998733401,0.01363616599701345,826327040,0.1796875
c9307fe678a78f2a,cifar10,ssb-v2-block,cnn,protocol-v3,0.2,16,2,2,173,0.00623749999795109,0.013613125018309802,826327040,0.265625
c9307fe678a78f2a,cifar10,ssb-v2-block,cnn,protocol-v3,0.2,16,2,2,174,0.005685749987605959,0.013417124981060624,826327040,0.234375
c9307fe678a78f2a,cifar10,ssb-v2-block,cnn,protocol-v3,0.2,16,2,2,175,0.005712250014767051,0.013420333038084209,826327040,0.203125
c9307fe678a78f2a,cifar10,ssb-v2-block,cnn,protocol-v3,0.2,16,2,2,176,0.005687750002834946,0.013733250030782074,826327040,0.2109375
c9307fe678a78f2a,cifar10,ssb-v2-block,cnn,protocol-v3,0.2,16,2,2,177,0.005698124994523823,0.013536666985601187,826327040,0.2109375
c9307fe678a78f2a,cifar10,ssb-v2-block,cnn,protocol-v3,0.2,16,2,2,178,0.00567379203857854,0.01352087501436472,826327040,0.265625
c9307fe678a78f2a,cifar10,ssb-v2-block,cnn,protocol-v3,0.2,16,2,2,179,0.005699832981918007,0.013561250001657754,826327040,0.2265625
c9307fe678a78f2a,cifar10,ssb-v2-block,cnn,protocol-v3,0.2,16,2,2,180,0.0056997910141944885,0.013527958013582975,826327040,0.234375
c9307fe678a78f2a,cifar10,ssb-v2-block,cnn,protocol-v3,0.2,16,2,2,181,0.006279499968513846,0.013386417005676776,826769408,0.1875
c9307fe678a78f2a,cifar10,ssb-v2-block,cnn,protocol-v3,0.2,16,2,2,182,0.0056903749937191606,0.013437499990686774,826769408,0.234375
c9307fe678a78f2a,cifar10,ssb-v2-block,cnn,protocol-v3,0.2,16,2,2,183,0.005717249994631857,0.013356000010389835,826769408,0.2265625
c9307fe678a78f2a,cifar10,ssb-v2-block,cnn,protocol-v3,0.2,16,2,2,184,0.005702042020857334,0.013533166027627885,826769408,0.203125
c9307fe678a78f2a,cifar10,ssb-v2-block,cnn,protocol-v3,0.2,16,2,2,185,0.005701292015146464,0.013482249982189387,826785792,0.2890625
c9307fe678a78f2a,cifar10,ssb-v2-block,cnn,protocol-v3,0.2,16,2,2,186,0.006059125007595867,0.013774749997537583,826785792,0.265625
c9307fe678a78f2a,cifar10,ssb-v2-block,cnn,protocol-v3,0.2,16,2,2,187,0.005745999980717897,0.013452208018861711,826802176,0.265625
c9307fe678a78f2a,cifar10,ssb-v2-block,cnn,protocol-v3,0.2,16,2,2,188,0.0060530840419232845,0.013914333016145974,826802176,0.2734375
c9307fe678a78f2a,cifar10,ssb-v2-block,cnn,protocol-v3,0.2,16,2,2,189,0.0058184580411762,0.014313874999061227,826802176,0.28125
c9307fe678a78f2a,cifar10,ssb-v2-block,cnn,protocol-v3,0.2,16,2,2,190,0.006055042031221092,0.013391583983320743,826802176,0.1953125
c9307fe678a78f2a,cifar10,ssb-v2-block,cnn,protocol-v3,0.2,16,2,2,191,0.005717458960134536,0.013313208008185029,826802176,0.1796875
c9307fe678a78f2a,cifar10,ssb-v2-block,cnn,protocol-v3,0.2,16,2,2,192,0.005705958988983184,0.013580708007793874,826802176,0.234375
c9307fe678a78f2a,cifar10,ssb-v2-block,cnn,protocol-v3,0.2,16,2,2,193,0.005704208044335246,0.013552208023611456,826802176,0.2421875
c9307fe678a78f2a,cifar10,ssb-v2-block,cnn,protocol-v3,0.2,16,2,2,194,0.005704957991838455,0.013525625050533563,826802176,0.2265625
c9307fe678a78f2a,cifar10,ssb-v2-block,cnn,protocol-v3,0.2,16,2,2,195,0.005699959001503885,0.013266999972984195,826802176,0.203125
c9307fe678a78f2a,cifar10,ssb-v2-block,cnn,protocol-v3,0.2,16,2,2,196,0.005712916026823223,0.013725291995797306,826802176,0.2421875
c9307fe678a78f2a,cifar10,ssb-v2-block,cnn,protocol-v3,0.2,16,2,2,197,0.0056979579967446625,0.013502083020284772,826818560,0.265625
c9307fe678a78f2a,cifar10,ssb-v2-block,cnn,protocol-v3,0.2,16,2,2,198,0.00575379200745374,0.013412082975264639,826818560,0.2421875
c9307fe678a78f2a,cifar10,ssb-v2-block,cnn,protocol-v3,0.2,16,2,2,199,0.005707458010874689,0.01341970800422132,826818560,0.203125
c9307fe678a78f2a,cifar10,ssb-v2-block,cnn,protocol-v3,0.2,16,2,2,200,0.0056989999720826745,0.013641249970532954,826818560,0.140625
c9307fe678a78f2a,cifar10,ssb-v2-block,cnn,protocol-v3,0.2,16,2,2,201,0.005687375029083341,0.013518917025066912,826818560,0.1953125
c9307fe678a78f2a,cifar10,ssb-v2-block,cnn,protocol-v3,0.2,16,2,2,202,0.0056889160186983645,0.013496582978405058,826818560,0.1953125
c9307fe678a78f2a,cifar10,ssb-v2-block,cnn,protocol-v3,0.2,16,2,2,203,0.005719207983929664,0.013373458990827203,826834944,0.15625
c9307fe678a78f2a,cifar10,ssb-v2-block,cnn,protocol-v3,0.2,16,2,2,204,0.005723875015974045,0.013321875012479722,826834944,0.2421875
c9307fe678a78f2a,cifar10,ssb-v2-block,cnn,protocol-v3,0.2,16,2,2,205,0.005704250012058765,0.0132931669941172,826834944,0.1875
c9307fe678a78f2a,cifar10,ssb-v2-block,cnn,protocol-v3,0.2,16,2,2,206,0.006163624988403171,0.013469249999616295,826834944,0.1953125
c9307fe678a78f2a,cifar10,ssb-v2-block,cnn,protocol-v3,0.2,16,2,2,207,0.0060676250141114,0.013548250019084662,826834944,0.2265625
c9307fe678a78f2a,cifar10,ssb-v2-block,cnn,protocol-v3,0.2,16,2,2,208,0.006225624994840473,0.014633874990977347,826834944,0.2421875
c9307fe678a78f2a,cifar10,ssb-v2-block,cnn,protocol-v3,0.2,16,2,2,209,0.006227083038538694,0.013584040978457779,826834944,0.1640625
c9307fe678a78f2a,cifar10,ssb-v2-block,cnn,protocol-v3,0.2,16,2,2,210,0.005745041999034584,0.014309874968603253,826834944,0.2265625
c9307fe678a78f2a,cifar10,ssb-v2-block,cnn,protocol-v3,0.2,16,2,2,211,0.00572125002508983,0.014448374975472689,826851328,0.203125
c9307fe678a78f2a,cifar10,ssb-v2-block,cnn,protocol-v3,0.2,16,2,2,212,0.006042167020495981,0.013395999965723604,826851328,0.1875
c9307fe678a78f2a,cifar10,ssb-v2-block,cnn,protocol-v3,0.2,16,2,2,213,0.006201709038577974,0.014612916973419487,826851328,0.2578125
c9307fe678a78f2a,cifar10,ssb-v2-block,cnn,protocol-v3,0.2,16,2,2,214,0.005688333010766655,0.013508292031474411,826851328,0.2109375
c9307fe678a78f2a,cifar10,ssb-v2-block,cnn,protocol-v3,0.2,16,2,2,215,0.0057363330270163715,0.01341220800532028,826851328,0.1640625
c9307fe678a78f2a,cifar10,ssb-v2-block,cnn,protocol-v3,0.2,16,2,2,216,0.005702041962649673,0.013726624951232225,826867712,0.2578125
c9307fe678a78f2a,cifar10,ssb-v2-block,cnn,protocol-v3,0.2,16,2,2,217,0.006231833016499877,0.01370404101908207,826867712,0.140625
c9307fe678a78f2a,cifar10,ssb-v2-block,cnn,protocol-v3,0.2,16,2,2,218,0.005707958014681935,0.0132144580129534,826867712,0.203125
c9307fe678a78f2a,cifar10,ssb-v2-block,cnn,protocol-v3,0.2,16,2,2,219,0.006224000011570752,0.014211000001523644,826867712,0.203125
c9307fe678a78f2a,cifar10,ssb-v2-block,cnn,protocol-v3,0.2,16,2,2,220,0.0057015420170500875,0.014541666954755783,826867712,0.1875
c9307fe678a78f2a,cifar10,ssb-v2-block,cnn,protocol-v3,0.2,16,2,2,221,0.005704874987713993,0.014527708000969142,826867712,0.2734375
c9307fe678a78f2a,cifar10,ssb-v2-block,cnn,protocol-v3,0.2,16,2,2,222,0.005998166976496577,0.01427412498742342,826867712,0.2421875
c9307fe678a78f2a,cifar10,ssb-v2-block,cnn,protocol-v3,0.2,16,2,2,223,0.00611599994590506,0.013336291012819856,826867712,0.2421875
c9307fe678a78f2a,cifar10,ssb-v2-block,cnn,protocol-v3,0.2,16,2,2,224,0.006074208999052644,0.014618791989050806,826867712,0.1484375
c9307fe678a78f2a,cifar10,ssb-v2-block,cnn,protocol-v3,0.2,16,2,2,225,0.00570329197216779,0.013329915993381292,826867712,0.1640625
c9307fe678a78f2a,cifar10,ssb-v2-block,cnn,protocol-v3,0.2,16,2,2,226,0.005705500021576881,0.01361695898231119,826867712,0.25
c9307fe678a78f2a,cifar10,ssb-v2-block,cnn,protocol-v3,0.2,16,2,2,227,0.005687790981028229,0.013279000006150454,826867712,0.265625
c9307fe678a78f2a,cifar10,ssb-v2-block,cnn,protocol-v3,0.2,16,2,2,228,0.0060371250146999955,0.013259458006359637,826867712,0.2109375
c9307fe678a78f2a,cifar10,ssb-v2-block,cnn,protocol-v3,0.2,16,2,2,229,0.005695916013792157,0.013287458044942468,826867712,0.25
c9307fe678a78f2a,cifar10,ssb-v2-block,cnn,protocol-v3,0.2,16,2,2,230,0.005719625041820109,0.013343416969291866,826867712,0.25
c9307fe678a78f2a,cifar10,ssb-v2-block,cnn,protocol-v3,0.2,16,2,2,231,0.005686999997124076,0.013253082986921072,826867712,0.1953125
c9307fe678a78f2a,cifar10,ssb-v2-block,cnn,protocol-v3,0.2,16,2,2,232,0.005673250008840114,0.013523917004931718,826867712,0.234375
c9307fe678a78f2a,cifar10,ssb-v2-block,cnn,protocol-v3,0.2,16,2,2,233,0.0059686669846996665,0.013249625044409186,826867712,0.2265625
c9307fe678a78f2a,cifar10,ssb-v2-block,cnn,protocol-v3,0.2,16,2,2,234,0.005777292011771351,0.013246916001662612,826867712,0.265625
c9307fe678a78f2a,cifar10,ssb-v2-block,cnn,protocol-v3,0.2,16,2,2,235,0.005696832959074527,0.013413042004685849,826884096,0.1953125
c9307fe678a78f2a,cifar10,ssb-v2-block,cnn,protocol-v3,0.2,16,2,2,236,0.005749250005465001,0.013535625010263175,826884096,0.203125
c9307fe678a78f2a,cifar10,ssb-v2-block,cnn,protocol-v3,0.2,16,2,2,237,0.006217833026312292,0.013467125012539327,826884096,0.171875
c9307fe678a78f2a,cifar10,ssb-v2-block,cnn,protocol-v3,0.2,16,2,2,238,0.006209791987203062,0.013636832998599857,826884096,0.296875
c9307fe678a78f2a,cifar10,ssb-v2-block,cnn,protocol-v3,0.2,16,2,2,239,0.00570366601459682,0.01903537497855723,827539456,0.2578125
c9307fe678a78f2a,cifar10,ssb-v2-block,cnn,protocol-v3,0.2,16,2,2,240,0.005715915991459042,0.013573291013017297,827539456,0.234375
c9307fe678a78f2a,cifar10,ssb-v2-block,cnn,protocol-v3,0.2,16,2,2,241,0.006220458017196506,0.013362291036173701,827686912,0.265625
c9307fe678a78f2a,cifar10,ssb-v2-block,cnn,protocol-v3,0.2,16,2,2,242,0.006260082998778671,0.013939541997388005,827686912,0.171875
c9307fe678a78f2a,cifar10,ssb-v2-block,cnn,protocol-v3,0.2,16,2,2,243,0.005719790991861373,0.014466041990090162,827981824,0.2109375
c9307fe678a78f2a,cifar10,ssb-v2-block,cnn,protocol-v3,0.2,16,2,2,244,0.0060787079855799675,0.013681875017937273,827981824,0.171875
c9307fe678a78f2a,cifar10,ssb-v2-block,cnn,protocol-v3,0.2,16,2,2,245,0.0062513750162906945,0.013773874961771071,827981824,0.234375
c9307fe678a78f2a,cifar10,ssb-v2-block,cnn,protocol-v3,0.2,16,2,2,246,0.005707167030777782,0.013585041975602508,827981824,0.2578125
c9307fe678a78f2a,cifar10,ssb-v2-block,cnn,protocol-v3,0.2,16,2,2,247,0.0057518749963492155,0.01502720802091062,827998208,0.203125
c9307fe678a78f2a,cifar10,ssb-v2-block,cnn,protocol-v3,0.2,16,2,2,248,0.00573491700924933,0.013477042026352137,827998208,0.3203125
c9307fe678a78f2a,cifar10,ssb-v2-block,cnn,protocol-v3,0.2,16,2,2,249,0.005701791029423475,0.013539334002416581,827998208,0.203125
c9307fe678a78f2a,cifar10,ssb-v2-block,cnn,protocol-v3,0.2,16,2,2,250,0.005711541976779699,0.013514958031009883,827998208,0.1484375
c9307fe678a78f2a,cifar10,ssb-v2-block,cnn,protocol-v3,0.2,16,2,2,251,0.005727167008444667,0.013360874960198998,827998208,0.2109375
c9307fe678a78f2a,cifar10,ssb-v2-block,cnn,protocol-v3,0.2,16,2,2,252,0.005704874987713993,0.013494166953023523,827998208,0.203125
c9307fe678a78f2a,cifar10,ssb-v2-block,cnn,protocol-v3,0.2,16,2,2,253,0.005715166975278407,0.01365974999498576,827998208,0.2109375
c9307fe678a78f2a,cifar10,ssb-v2-block,cnn,protocol-v3,0.2,16,2,2,254,0.0057123329606838524,0.013534916040953249,827998208,0.234375
c9307fe678a78f2a,cifar10,ssb-v2-block,cnn,protocol-v3,0.2,16,2,2,255,0.005721166962757707,0.013578750018496066,827998208,0.21875
c9307fe678a78f2a,cifar10,ssb-v2-block,cnn,protocol-v3,0.2,16,2,2,256,0.005700375011656433,0.013708791986573488,827998208,0.265625
c9307fe678a78f2a,cifar10,ssb-v2-block,cnn,protocol-v3,0.2,16,2,2,257,0.005729625001549721,0.013304041989613324,827998208,0.1796875
c9307fe678a78f2a,cifar10,ssb-v2-block,cnn,protocol-v3,0.2,16,2,2,258,0.005689791985787451,0.013714833999983966,827998208,0.234375
c9307fe678a78f2a,cifar10,ssb-v2-block,cnn,protocol-v3,0.2,16,2,2,259,0.005723583046346903,0.013338166987523437,828014592,0.25
c9307fe678a78f2a,cifar10,ssb-v2-block,cnn,protocol-v3,0.2,16,2,2,260,0.0056888749822974205,0.013268542010337114,828014592,0.28125
c9307fe678a78f2a,cifar10,ssb-v2-block,cnn,protocol-v3,0.2,16,2,2,261,0.005695250001735985,0.013547041977290064,828014592,0.1640625
c9307fe678a78f2a,cifar10,ssb-v2-block,cnn,protocol-v3,0.2,16,2,2,262,0.006248749967198819,0.013742042006924748,828014592,0.15625
c9307fe678a78f2a,cifar10,ssb-v2-block,cnn,protocol-v3,0.2,16,2,2,263,0.005733874975703657,0.014299332979135215,828014592,0.2421875
c9307fe678a78f2a,cifar10,ssb-v2-block,cnn,protocol-v3,0.2,16,2,2,264,0.005780667008366436,0.013477917003910989,828014592,0.234375
c9307fe678a78f2a,cifar10,ssb-v2-block,cnn,protocol-v3,0.2,16,2,2,265,0.005725499999243766,0.01334904198301956,828014592,0.2890625
c9307fe678a78f2a,cifar10,ssb-v2-block,cnn,protocol-v3,0.2,16,2,2,266,0.006222249998245388,0.013343291997443885,828014592,0.2109375
c9307fe678a78f2a,cifar10,ssb-v2-block,cnn,protocol-v3,0.2,16,2,2,267,0.006113499985076487,0.014672291988972574,828014592,0.21875
c9307fe678a78f2a,cifar10,ssb-v2-block,cnn,protocol-v3,0.2,16,2,2,268,0.005729374999646097,0.013418124988675117,828014592,0.25
c9307fe678a78f2a,cifar10,ssb-v2-block,cnn,protocol-v3,0.2,16,2,2,269,0.005692084028851241,0.013685582962352782,828014592,0.21875
c9307fe678a78f2a,cifar10,ssb-v2-block,cnn,protocol-v3,0.2,16,2,2,270,0.005695583007764071,0.013601458980701864,828014592,0.1953125
c9307fe678a78f2a,cifar10,ssb-v2-block,cnn,protocol-v3,0.2,16,2,2,271,0.005712333018891513,0.013398375012911856,828014592,0.25
c9307fe678a78f2a,cifar10,ssb-v2-block,cnn,protocol-v3,0.2,16,2,2,272,0.0057177909766323864,0.013426333025563508,828014592,0.2265625
c9307fe678a78f2a,cifar10,ssb-v2-block,cnn,protocol-v3,0.2,16,2,2,273,0.005687375029083341,0.013527999981306493,828014592,0.2109375
c9307fe678a78f2a,cifar10,ssb-v2-block,cnn,protocol-v3,0.2,16,2,2,274,0.005705250019673258,0.013500041968654841,828014592,0.2265625
c9307fe678a78f2a,cifar10,ssb-v2-block,cnn,protocol-v3,0.2,16,2,2,275,0.005720041983295232,0.013514041027519852,828014592,0.1875
c9307fe678a78f2a,cifar10,ssb-v2-block,cnn,protocol-v3,0.2,16,2,2,276,0.005696417007129639,0.013855334022082388,828014592,0.2265625
c9307fe678a78f2a,cifar10,ssb-v2-block,cnn,protocol-v3,0.2,16,2,2,277,0.005719291977584362,0.013320541998837143,828014592,0.2109375
c9307fe678a78f2a,cifar10,ssb-v2-block,cnn,protocol-v3,0.2,16,2,2,278,0.0057142089935950935,0.01342050003586337,828014592,0.2265625
c9307fe678a78f2a,cifar10,ssb-v2-block,cnn,protocol-v3,0.2,16,2,2,279,0.005704833019990474,0.01336400001309812,828014592,0.1796875
c9307fe678a78f2a,cifar10,ssb-v2-block,cnn,protocol-v3,0.2,16,2,2,280,0.005697208049241453,0.013355459028389305,828014592,0.203125
c9307fe678a78f2a,cifar10,ssb-v2-block,cnn,protocol-v3,0.2,16,2,2,281,0.005697624990716577,0.01333841698942706,828014592,0.1640625
c9307fe678a78f2a,cifar10,ssb-v2-block,cnn,protocol-v3,0.2,16,2,2,282,0.005696625041309744,0.013198333035688847,828014592,0.171875
c9307fe678a78f2a,cifar10,ssb-v2-block,cnn,protocol-v3,0.2,16,2,2,283,0.005696541047655046,0.013349125045351684,828014592,0.21875
c9307fe678a78f2a,cifar10,ssb-v2-block,cnn,protocol-v3,0.2,16,2,2,284,0.006049583957064897,0.013682749995496124,828014592,0.2265625
c9307fe678a78f2a,cifar10,ssb-v2-block,cnn,protocol-v3,0.2,16,2,2,285,0.006211375002749264,0.01345525000942871,828014592,0.2109375
c9307fe678a78f2a,cifar10,ssb-v2-block,cnn,protocol-v3,0.2,16,2,2,286,0.00571374996798113,0.013527542003430426,828014592,0.171875
c9307fe678a78f2a,cifar10,ssb-v2-block,cnn,protocol-v3,0.2,16,2,2,287,0.005707584030460566,0.013496249972376972,828014592,0.2265625
c9307fe678a78f2a,cifar10,ssb-v2-block,cnn,protocol-v3,0.2,16,2,2,288,0.006231917010154575,0.013622708967886865,828014592,0.1953125
c9307fe678a78f2a,cifar10,ssb-v2-block,cnn,protocol-v3,0.2,16,2,2,289,0.005726083996705711,0.013688999984879047,828014592,0.1484375
c9307fe678a78f2a,cifar10,ssb-v2-block,cnn,protocol-v3,0.2,16,2,2,290,0.005715209001209587,0.013284458022098988,828014592,0.2421875
c9307fe678a78f2a,cifar10,ssb-v2-block,cnn,protocol-v3,0.2,16,2,2,291,0.006336209014989436,0.013596042001154274,828014592,0.2109375
c9307fe678a78f2a,cifar10,ssb-v2-block,cnn,protocol-v3,0.2,16,2,2,292,0.005682084010913968,0.013538083992898464,828014592,0.1953125
c9307fe678a78f2a,cifar10,ssb-v2-block,cnn,protocol-v3,0.2,16,2,2,293,0.005705417017452419,0.013869791990146041,828014592,0.296875
c9307fe678a78f2a,cifar10,ssb-v2-block,cnn,protocol-v3,0.2,16,2,2,294,0.005720207991544157,0.01360108400695026,828014592,0.25
c9307fe678a78f2a,cifar10,ssb-v2-block,cnn,protocol-v3,0.2,16,2,2,295,0.0056929170386865735,0.013561166997533292,828014592,0.2109375
c9307fe678a78f2a,cifar10,ssb-v2-block,cnn,protocol-v3,0.2,16,2,2,296,0.005707292002625763,0.013669333013240248,828030976,0.1875
c9307fe678a78f2a,cifar10,ssb-v2-block,cnn,protocol-v3,0.2,16,2,2,297,0.0057203329633921385,0.013412416039500386,828030976,0.21875
c9307fe678a78f2a,cifar10,ssb-v2-block,cnn,protocol-v3,0.2,16,2,2,298,0.005738999985624105,0.013318167009856552,828030976,0.2578125
c9307fe678a78f2a,cifar10,ssb-v2-block,cnn,protocol-v3,0.2,16,2,2,299,0.005710166995413601,0.013318333949428052,828030976,0.265625
c9307fe678a78f2a,cifar10,ssb-v2-block,cnn,protocol-v3,0.2,16,2,2,300,0.005701249989215285,0.013207125011831522,828030976,0.28125
c9307fe678a78f2a,cifar10,ssb-v2-block,cnn,protocol-v3,0.2,16,2,2,301,0.005700375011656433,0.013492540980223566,828030976,0.25
c9307fe678a78f2a,cifar10,ssb-v2-block,cnn,protocol-v3,0.2,16,2,2,302,0.005716916988603771,0.013478708977345377,828030976,0.21875
c9307fe678a78f2a,cifar10,ssb-v2-block,cnn,protocol-v3,0.2,16,2,2,303,0.005733250000048429,0.013559999992139637,828030976,0.203125
c9307fe678a78f2a,cifar10,ssb-v2-block,cnn,protocol-v3,0.2,16,2,2,304,0.005700332985725254,0.013226166018284857,828030976,0.1953125
c9307fe678a78f2a,cifar10,ssb-v2-block,cnn,protocol-v3,0.2,16,2,2,305,0.0057195829576812685,0.013343875005375594,828030976,0.328125
c9307fe678a78f2a,cifar10,ssb-v2-block,cnn,protocol-v3,0.2,16,2,2,306,0.005718624975997955,0.013294957985635847,828030976,0.296875
c9307fe678a78f2a,cifar10,ssb-v2-block,cnn,protocol-v3,0.2,16,2,2,307,0.005705792049411684,0.013459458015859127,828030976,0.2578125
c9307fe678a78f2a,cifar10,ssb-v2-block,cnn,protocol-v3,0.2,16,2,2,308,0.005696167005226016,0.013328458997420967,828030976,0.28125
c9307fe678a78f2a,cifar10,ssb-v2-block,cnn,protocol-v3,0.2,16,2,2,309,0.005684834031853825,0.013332124974112958,828030976,0.2265625
c9307fe678a78f2a,cifar10,ssb-v2-block,cnn,protocol-v3,0.2,16,2,2,310,0.005701082991436124,0.013466082978993654,828047360,0.1875
c9307fe678a78f2a,cifar10,ssb-v2-block,cnn,protocol-v3,0.2,16,2,2,311,0.0056805830099619925,0.01365845900727436,828047360,0.1015625
c9307fe678a78f2a,cifar10,ssb-v2-block,cnn,protocol-v3,0.2,16,2,2,312,0.005990875011775643,0.013681959011591971,828047360,0.171875
c9307fe678a78f2a,cifar10,ssb-v2-block,cnn,protocol-v3,0.2,16,2,2,313,0.006260082998778671,0.013395417015999556,828047360,0.1875
c9307fe678a78f2a,cifar10,ssb-v2-block,cnn,protocol-v3,0.2,16,2,2,314,0.006245666998438537,0.013799999956972897,828047360,0.1640625
c9307fe678a78f2a,cifar10,ssb-v2-block,cnn,protocol-v3,0.2,16,2,2,315,0.005720791989006102,0.013279500009957701,828047360,0.2265625
c9307fe678a78f2a,cifar10,ssb-v2-block,cnn,protocol-v3,0.2,16,2,2,316,0.006181709002703428,0.01336979103507474,828047360,0.2109375
c9307fe678a78f2a,cifar10,ssb-v2-block,cnn,protocol-v3,0.2,16,2,2,317,0.005700582987628877,0.013717500027269125,828047360,0.2421875
c9307fe678a78f2a,cifar10,ssb-v2-block,cnn,protocol-v3,0.2,16,2,2,318,0.005719790991861373,0.01352249999763444,828047360,0.2109375
c9307fe678a78f2a,cifar10,ssb-v2-block,cnn,protocol-v3,0.2,16,2,2,319,0.005708167038392276,0.013760750007349998,828047360,0.15625
c9307fe678a78f2a,cifar10,ssb-v2-block,cnn,protocol-v3,0.2,16,2,2,320,0.005711124977096915,0.013650249980855733,828047360,0.25
c9307fe678a78f2a,cifar10,ssb-v2-block,cnn,protocol-v3,0.2,16,2,2,321,0.005713291990105063,0.013239958963822573,828047360,0.265625
c9307fe678a78f2a,cifar10,ssb-v2-block,cnn,protocol-v3,0.2,16,2,2,322,0.00571804097853601,0.013435750035569072,828063744,0.25
c9307fe678a78f2a,cifar10,ssb-v2-block,cnn,protocol-v3,0.2,16,2,2,323,0.005718791973777115,0.013579583028331399,828063744,0.203125
c9307fe678a78f2a,cifar10,ssb-v2-block,cnn,protocol-v3,0.2,16,2,2,324,0.0057186250342056155,0.013284499989822507,828063744,0.3359375
c9307fe678a78f2a,cifar10,ssb-v2-block,cnn,protocol-v3,0.2,16,2,2,325,0.005714583036024123,0.013470874982886016,828063744,0.21875
c9307fe678a78f2a,cifar10,ssb-v2-block,cnn,protocol-v3,0.2,16,2,2,326,0.0057334169978275895,0.01335633301641792,828063744,0.203125
c9307fe678a78f2a,cifar10,ssb-v2-block,cnn,protocol-v3,0.2,16,2,2,327,0.005717166990507394,0.013471750018652529,828063744,0.1484375
c9307fe678a78f2a,cifar10,ssb-v2-block,cnn,protocol-v3,0.2,16,2,2,328,0.005711875041015446,0.013476458028890193,828063744,0.15625
c9307fe678a78f2a,cifar10,ssb-v2-block,cnn,protocol-v3,0.2,16,2,2,329,0.005705583025701344,0.01341004204005003,828063744,0.1953125
c9307fe678a78f2a,cifar10,ssb-v2-block,cnn,protocol-v3,0.2,16,2,2,330,0.005693749990314245,0.01321075001033023,828063744,0.1640625
c9307fe678a78f2a,cifar10,ssb-v2-block,cnn,protocol-v3,0.2,16,2,2,331,0.005730416043661535,0.013343875005375594,828063744,0.1015625
c9307fe678a78f2a,cifar10,ssb-v2-block,cnn,protocol-v3,0.2,16,2,2,332,0.006060750049073249,0.013659125019330531,828063744,0.1796875
c9307fe678a78f2a,cifar10,ssb-v2-block,cnn,protocol-v3,0.2,16,2,2,333,0.006211624946445227,0.013479291985277086,828063744,0.1328125
c9307fe678a78f2a,cifar10,ssb-v2-block,cnn,protocol-v3,0.2,16,2,2,334,0.005714708007872105,0.013705083983950317,828063744,0.1875
c9307fe678a78f2a,cifar10,ssb-v2-block,cnn,protocol-v3,0.2,16,2,2,335,0.005723875015974045,0.013336833042558283,828063744,0.2265625
c9307fe678a78f2a,cifar10,ssb-v2-block,cnn,protocol-v3,0.2,16,2,2,336,0.00596891698660329,0.013619667035527527,828063744,0.15625
c9307fe678a78f2a,cifar10,ssb-v2-block,cnn,protocol-v3,0.2,16,2,2,337,0.005697667016647756,0.013604499981738627,828063744,0.2109375
c9307fe678a78f2a,cifar10,ssb-v2-block,cnn,protocol-v3,0.2,16,2,2,338,0.005719499953556806,0.013407082995399833,828063744,0.203125
c9307fe678a78f2a,cifar10,ssb-v2-block,cnn,protocol-v3,0.2,16,2,2,339,0.005738584033679217,0.01358608400914818,828063744,0.2109375
c9307fe678a78f2a,cifar10,ssb-v2-block,cnn,protocol-v3,0.2,16,2,2,340,0.005715083971153945,0.013190834026318043,828063744,0.1953125
c9307fe678a78f2a,cifar10,ssb-v2-block,cnn,protocol-v3,0.2,16,2,2,341,0.005689250014256686,0.013325583015102893,828063744,0.2109375
c9307fe678a78f2a,cifar10,ssb-v2-block,cnn,protocol-v3,0.2,16,2,2,342,0.005694707971997559,0.013465709052979946,828063744,0.1953125
c9307fe678a78f2a,cifar10,ssb-v2-block,cnn,protocol-v3,0.2,16,2,2,343,0.005704083014279604,0.013537291961256415,828080128,0.203125
c9307fe678a78f2a,cifar10,ssb-v2-block,cnn,protocol-v3,0.2,16,2,2,344,0.00570237502688542,0.013208832999225706,828080128,0.265625
c9307fe678a78f2a,cifar10,ssb-v2-block,cnn,protocol-v3,0.2,16,2,2,345,0.006061416992451996,0.013555417011957616,828080128,0.203125
c9307fe678a78f2a,cifar10,ssb-v2-block,cnn,protocol-v3,0.2,16,2,2,346,0.005726708041038364,0.01321987499250099,828080128,0.1953125
c9307fe678a78f2a,cifar10,ssb-v2-block,cnn,protocol-v3,0.2,16,2,2,347,0.006098416983149946,0.013748375000432134,828096512,0.2421875
c9307fe678a78f2a,cifar10,ssb-v2-block,cnn,protocol-v3,0.2,16,2,2,348,0.0059653749922290444,0.013939582975581288,828096512,0.21875
c9307fe678a78f2a,cifar10,ssb-v2-block,cnn,protocol-v3,0.2,16,2,2,349,0.00569116702536121,0.014059500012081116,828096512,0.203125
c9307fe678a78f2a,cifar10,ssb-v2-block,cnn,protocol-v3,0.2,16,2,2,350,0.005984708026517183,0.013787459000013769,828096512,0.1328125
c9307fe678a78f2a,cifar10,ssb-v2-block,cnn,protocol-v3,0.2,16,2,2,351,0.006239957991056144,0.014634291001129895,828112896,0.1796875
c9307fe678a78f2a,cifar10,ssb-v2-block,cnn,protocol-v3,0.2,16,2,2,352,0.005738749983720481,0.013526624999940395,828112896,0.171875
c9307fe678a78f2a,cifar10,ssb-v2-block,cnn,protocol-v3,0.2,16,2,2,353,0.005743000016082078,0.014601790986489505,828129280,0.203125
c9307fe678a78f2a,cifar10,ssb-v2-block,cnn,protocol-v3,0.2,16,2,2,354,0.005704374983906746,0.013482625014148653,828129280,0.203125
c9307fe678a78f2a,cifar10,ssb-v2-block,cnn,protocol-v3,0.2,16,2,2,355,0.006257959001231939,0.014701374981086701,828129280,0.1640625
c9307fe678a78f2a,cifar10,ssb-v2-block,cnn,protocol-v3,0.2,16,2,2,356,0.005711458041332662,0.013565165980253369,828129280,0.1484375
c9307fe678a78f2a,cifar10,ssb-v2-block,cnn,protocol-v3,0.2,16,2,2,357,0.006246292032301426,0.013866499997675419,828129280,0.1796875
c9307fe678a78f2a,cifar10,ssb-v2-block,cnn,protocol-v3,0.2,16,2,2,358,0.0057189580402337015,0.013529333053156734,828129280,0.15625
c9307fe678a78f2a,cifar10,ssb-v2-block,cnn,protocol-v3,0.2,16,2,2,359,0.006036249978933483,0.014375124999787658,828129280,0.171875
c9307fe678a78f2a,cifar10,ssb-v2-block,cnn,protocol-v3,0.2,16,2,2,360,0.0062184580019675195,0.013684292032849044,828129280,0.1953125
c9307fe678a78f2a,cifar10,ssb-v2-block,cnn,protocol-v3,0.2,16,2,2,361,0.0059937090263701975,0.014120917010586709,828145664,0.2265625
c9307fe678a78f2a,cifar10,ssb-v2-block,cnn,protocol-v3,0.2,16,2,2,362,0.005699125002138317,0.013580625003669411,828145664,0.265625
c9307fe678a78f2a,cifar10,ssb-v2-block,cnn,protocol-v3,0.2,16,2,2,363,0.005704374983906746,0.013521124958060682,828145664,0.265625
c9307fe678a78f2a,cifar10,ssb-v2-block,cnn,protocol-v3,0.2,16,2,2,364,0.006049332965631038,0.013511000026483089,828145664,0.21875
c9307fe678a78f2a,cifar10,ssb-v2-block,cnn,protocol-v3,0.2,16,2,2,365,0.00620125001296401,0.013380874996073544,828145664,0.2578125
c9307fe678a78f2a,cifar10,ssb-v2-block,cnn,protocol-v3,0.2,16,2,2,366,0.005728290998376906,0.013439124973956496,828145664,0.2421875
c9307fe678a78f2a,cifar10,ssb-v2-block,cnn,protocol-v3,0.2,16,2,2,367,0.005706750031094998,0.013422042015008628,828145664,0.2734375
c9307fe678a78f2a,cifar10,ssb-v2-block,cnn,protocol-v3,0.2,16,2,2,368,0.005720333952922374,0.013509167009033263,828162048,0.21875
c9307fe678a78f2a,cifar10,ssb-v2-block,cnn,protocol-v3,0.2,16,2,2,369,0.005735790997277945,0.013437499990686774,828162048,0.234375
c9307fe678a78f2a,cifar10,ssb-v2-block,cnn,protocol-v3,0.2,16,2,2,370,0.005707583040930331,0.013279584003612399,828162048,0.171875
c9307fe678a78f2a,cifar10,ssb-v2-block,cnn,protocol-v3,0.2,16,2,2,371,0.005731458018999547,0.013453833002131432,828178432,0.25
c9307fe678a78f2a,cifar10,ssb-v2-block,cnn,protocol-v3,0.2,16,2,2,372,0.006220042007043958,0.01348741602851078,828178432,0.203125
c9307fe678a78f2a,cifar10,ssb-v2-block,cnn,protocol-v3,0.2,16,2,2,373,0.0062148330034688115,0.013224790978711098,828178432,0.2265625
c9307fe678a78f2a,cifar10,ssb-v2-block,cnn,protocol-v3,0.2,16,2,2,374,0.006058583036065102,0.01343487499980256,828178432,0.234375
c9307fe678a78f2a,cifar10,ssb-v2-block,cnn,protocol-v3,0.2,16,2,2,375,0.005736124992836267,0.0139634590013884,828194816,0.15625
c9307fe678a78f2a,cifar10,ssb-v2-block,cnn,protocol-v3,0.2,16,2,2,376,0.005710500001441687,0.01423879200592637,828194816,0.2421875
c9307fe678a78f2a,cifar10,ssb-v2-block,cnn,protocol-v3,0.2,16,2,2,377,0.0062484159716404974,0.013450500031467527,828194816,0.25
c9307fe678a78f2a,cifar10,ssb-v2-block,cnn,protocol-v3,0.2,16,2,2,378,0.0059943749802187085,0.014810667023994029,828194816,0.2578125
c9307fe678a78f2a,cifar10,ssb-v2-block,cnn,protocol-v3,0.2,16,2,2,379,0.006224790995474905,0.013929375039879233,828194816,0.265625
c9307fe678a78f2a,cifar10,ssb-v2-block,cnn,protocol-v3,0.2,16,2,2,380,0.006079124985262752,0.013445749995298684,828194816,0.2421875
c9307fe678a78f2a,cifar10,ssb-v2-block,cnn,protocol-v3,0.2,16,2,2,381,0.005726750008761883,0.01460479199886322,828194816,0.2421875
c9307fe678a78f2a,cifar10,ssb-v2-block,cnn,protocol-v3,0.2,16,2,2,382,0.005716833984479308,0.01388474996201694,828211200,0.2265625
c9307fe678a78f2a,cifar10,ssb-v2-block,cnn,protocol-v3,0.2,16,2,2,383,0.006010166020132601,0.01329224999062717,828211200,0.1875
c9307fe678a78f2a,cifar10,ssb-v2-block,cnn,protocol-v3,0.2,16,2,2,384,0.006189499981701374,0.01348162500653416,828211200,0.2265625
c9307fe678a78f2a,cifar10,ssb-v2-block,cnn,protocol-v3,0.2,16,2,2,385,0.0062278329860419035,0.013601457991171628,828211200,0.1640625
c9307fe678a78f2a,cifar10,ssb-v2-block,cnn,protocol-v3,0.2,16,2,2,386,0.005701624962966889,0.013325374980922788,828211200,0.1875
c9307fe678a78f2a,cifar10,ssb-v2-block,cnn,protocol-v3,0.2,16,2,2,387,0.0062259999685920775,0.013639457989484072,828227584,0.1796875
c9307fe678a78f2a,cifar10,ssb-v2-block,cnn,protocol-v3,0.2,16,2,2,388,0.0056968749850057065,0.013360208016820252,828227584,0.1484375
c9307fe678a78f2a,cifar10,ssb-v2-block,cnn,protocol-v3,0.2,16,2,2,389,0.0057092090137302876,0.013510040997061878,828227584,0.171875
c9307fe678a78f2a,cifar10,ssb-v2-block,cnn,protocol-v3,0.2,16,2,2,390,0.0039052910287864506,0.023581832996569574,830259200,0.25
c9307fe678a78f2a,cifar10,ssb-v2-block,cnn,protocol-v3,0.2,16,2,3,0,0.005898749979678541,0.013864665990695357,831766528,0.2421875
c9307fe678a78f2a,cifar10,ssb-v2-block,cnn,protocol-v3,0.2,16,2,3,1,0.005758957995567471,0.013717458001337945,831782912,0.203125
c9307fe678a78f2a,cifar10,ssb-v2-block,cnn,protocol-v3,0.2,16,2,3,2,0.005762500048149377,0.013700750016141683,831782912,0.1953125
c9307fe678a78f2a,cifar10,ssb-v2-block,cnn,protocol-v3,0.2,16,2,3,3,0.005743208050262183,0.013371167005971074,831782912,0.203125
c9307fe678a78f2a,cifar10,ssb-v2-block,cnn,protocol-v3,0.2,16,2,3,4,0.005734624981414527,0.01391487498767674,831782912,0.1953125
c9307fe678a78f2a,cifar10,ssb-v2-block,cnn,protocol-v3,0.2,16,2,3,5,0.005726374976802617,0.013598125020507723,831782912,0.25
c9307fe678a78f2a,cifar10,ssb-v2-block,cnn,protocol-v3,0.2,16,2,3,6,0.005719625041820109,0.013428749982267618,831782912,0.2421875
c9307fe678a78f2a,cifar10,ssb-v2-block,cnn,protocol-v3,0.2,16,2,3,7,0.0057305420050397515,0.013687124999705702,831782912,0.203125
c9307fe678a78f2a,cifar10,ssb-v2-block,cnn,protocol-v3,0.2,16,2,3,8,0.005718624975997955,0.01337091700406745,833355776,0.1796875
c9307fe678a78f2a,cifar10,ssb-v2-block,cnn,protocol-v3,0.2,16,2,3,9,0.005756333004683256,0.013152584026101977,833355776,0.15625
c9307fe678a78f2a,cifar10,ssb-v2-block,cnn,protocol-v3,0.2,16,2,3,10,0.005749208969064057,0.013599542027805,833355776,0.1796875
c9307fe678a78f2a,cifar10,ssb-v2-block,cnn,protocol-v3,0.2,16,2,3,11,0.005725666997022927,0.013572124997153878,833355776,0.1796875
c9307fe678a78f2a,cifar10,ssb-v2-block,cnn,protocol-v3,0.2,16,2,3,12,0.006261166010517627,0.013340290985070169,833355776,0.09375
c9307fe678a78f2a,cifar10,ssb-v2-block,cnn,protocol-v3,0.2,16,2,3,13,0.005708250042516738,0.013327374996151775,833355776,0.1328125
c9307fe678a78f2a,cifar10,ssb-v2-block,cnn,protocol-v3,0.2,16,2,3,14,0.005727000010665506,0.013914166018366814,833355776,0.1015625
c9307fe678a78f2a,cifar10,ssb-v2-block,cnn,protocol-v3,0.2,16,2,3,15,0.005695791973266751,0.014061000023502856,833355776,0.078125
c9307fe678a78f2a,cifar10,ssb-v2-block,cnn,protocol-v3,0.2,16,2,3,16,0.006270124984439462,0.014812125009484589,833355776,0.078125
c9307fe678a78f2a,cifar10,ssb-v2-block,cnn,protocol-v3,0.2,16,2,3,17,0.005722999980207533,0.013495708000846207,833355776,0.109375
c9307fe678a78f2a,cifar10,ssb-v2-block,cnn,protocol-v3,0.2,16,2,3,18,0.006267624965403229,0.014034957974217832,833355776,0.140625
c9307fe678a78f2a,cifar10,ssb-v2-block,cnn,protocol-v3,0.2,16,2,3,19,0.005704540992155671,0.014944333001039922,833372160,0.125
c9307fe678a78f2a,cifar10,ssb-v2-block,cnn,protocol-v3,0.2,16,2,3,20,0.006219458009582013,0.013338209013454616,833372160,0.125
c9307fe678a78f2a,cifar10,ssb-v2-block,cnn,protocol-v3,0.2,16,2,3,21,0.006100500002503395,0.014269709005020559,833388544,0.1171875
c9307fe678a78f2a,cifar10,ssb-v2-block,cnn,protocol-v3,0.2,16,2,3,22,0.005732082994654775,0.014913333987351507,833388544,0.0859375
c9307fe678a78f2a,cifar10,ssb-v2-block,cnn,protocol-v3,0.2,16,2,3,23,0.006051125004887581,0.013208999997004867,833388544,0.09375
c9307fe678a78f2a,cifar10,ssb-v2-block,cnn,protocol-v3,0.2,16,2,3,24,0.005717625026591122,0.013416333007626235,833388544,0.140625
c9307fe678a78f2a,cifar10,ssb-v2-block,cnn,protocol-v3,0.2,16,2,3,25,0.0057267090305686,0.013338542019482702,833388544,0.1484375
c9307fe678a78f2a,cifar10,ssb-v2-block,cnn,protocol-v3,0.2,16,2,3,26,0.005708999990019947,0.013366167026106268,833388544,0.1171875
c9307fe678a78f2a,cifar10,ssb-v2-block,cnn,protocol-v3,0.2,16,2,3,27,0.005712250014767051,0.013306542008649558,833388544,0.1015625
c9307fe678a78f2a,cifar10,ssb-v2-block,cnn,protocol-v3,0.2,16,2,3,28,0.005705457995645702,0.013586916960775852,833388544,0.09375
c9307fe678a78f2a,cifar10,ssb-v2-block,cnn,protocol-v3,0.2,16,2,3,29,0.005704915965907276,0.013515917002223432,833388544,0.1328125
c9307fe678a78f2a,cifar10,ssb-v2-block,cnn,protocol-v3,0.2,16,2,3,30,0.005683333030901849,0.01333508302923292,833388544,0.09375
c9307fe678a78f2a,cifar10,ssb-v2-block,cnn,protocol-v3,0.2,16,2,3,31,0.005706042051315308,0.013477250002324581,833404928,0.1640625
c9307fe678a78f2a,cifar10,ssb-v2-block,cnn,protocol-v3,0.2,16,2,3,32,0.005714459053706378,0.013201541965827346,833404928,0.0703125
c9307fe678a78f2a,cifar10,ssb-v2-block,cnn,protocol-v3,0.2,16,2,3,33,0.005721540946979076,0.013380541990045458,833404928,0.15625
c9307fe678a78f2a,cifar10,ssb-v2-block,cnn,protocol-v3,0.2,16,2,3,34,0.006132750015240163,0.013500417000614107,833404928,0.1015625
c9307fe678a78f2a,cifar10,ssb-v2-block,cnn,protocol-v3,0.2,16,2,3,35,0.006038457970134914,0.013696957961656153,833404928,0.109375
c9307fe678a78f2a,cifar10,ssb-v2-block,cnn,protocol-v3,0.2,16,2,3,36,0.00628420797875151,0.014001167030073702,833404928,0.125
c9307fe678a78f2a,cifar10,ssb-v2-block,cnn,protocol-v3,0.2,16,2,3,37,0.006008500000461936,0.013740541995503008,833404928,0.0703125
c9307fe678a78f2a,cifar10,ssb-v2-block,cnn,protocol-v3,0.2,16,2,3,38,0.0058362080017104745,0.013649666972924024,833404928,0.1171875
c9307fe678a78f2a,cifar10,ssb-v2-block,cnn,protocol-v3,0.2,16,2,3,39,0.006330124975647777,0.014461125014349818,833404928,0.1640625
c9307fe678a78f2a,cifar10,ssb-v2-block,cnn,protocol-v3,0.2,16,2,3,40,0.005725207971408963,0.013434042048174888,833404928,0.1640625
c9307fe678a78f2a,cifar10,ssb-v2-block,cnn,protocol-v3,0.2,16,2,3,41,0.005720999964978546,0.013408374972641468,833404928,0.0703125
c9307fe678a78f2a,cifar10,ssb-v2-block,cnn,protocol-v3,0.2,16,2,3,42,0.005715041013900191,0.013574374956078827,833404928,0.1015625
c9307fe678a78f2a,cifar10,ssb-v2-block,cnn,protocol-v3,0.2,16,2,3,43,0.0057131670182570815,0.013907499960623682,833404928,0.109375
c9307fe678a78f2a,cifar10,ssb-v2-block,cnn,protocol-v3,0.2,16,2,3,44,0.005708749988116324,0.013352833047974855,833404928,0.1171875
c9307fe678a78f2a,cifar10,ssb-v2-block,cnn,protocol-v3,0.2,16,2,3,45,0.005705582967493683,0.013613249990157783,833404928,0.171875
c9307fe678a78f2a,cifar10,ssb-v2-block,cnn,protocol-v3,0.2,16,2,3,46,0.005711666017305106,0.013478333014063537,833404928,0.203125
c9307fe678a78f2a,cifar10,ssb-v2-block,cnn,protocol-v3,0.2,16,2,3,47,0.005709249991923571,0.01354741700924933,833404928,0.203125
c9307fe678a78f2a,cifar10,ssb-v2-block,cnn,protocol-v3,0.2,16,2,3,48,0.005733541038352996,0.013570666022133082,833404928,0.1640625
c9307fe678a78f2a,cifar10,ssb-v2-block,cnn,protocol-v3,0.2,16,2,3,49,0.005698499968275428,0.013561916013713926,833404928,0.1640625
c9307fe678a78f2a,cifar10,ssb-v2-block,cnn,protocol-v3,0.2,16,2,3,50,0.005723167036194354,0.013553542026784271,833404928,0.2578125
c9307fe678a78f2a,cifar10,ssb-v2-block,cnn,protocol-v3,0.2,16,2,3,51,0.005727457988541573,0.013792124984320253,833404928,0.1796875
c9307fe678a78f2a,cifar10,ssb-v2-block,cnn,protocol-v3,0.2,16,2,3,52,0.005710666999220848,0.013529208023101091,833404928,0.2109375
c9307fe678a78f2a,cifar10,ssb-v2-block,cnn,protocol-v3,0.2,16,2,3,53,0.005695292027667165,0.013409791979938745,833421312,0.2421875
c9307fe678a78f2a,cifar10,ssb-v2-block,cnn,protocol-v3,0.2,16,2,3,54,0.0057236250140704215,0.013511834025848657,833421312,0.234375
c9307fe678a78f2a,cifar10,ssb-v2-block,cnn,protocol-v3,0.2,16,2,3,55,0.005708958022296429,0.013426750025246292,833421312,0.1875
c9307fe678a78f2a,cifar10,ssb-v2-block,cnn,protocol-v3,0.2,16,2,3,56,0.005698332970496267,0.013152000028640032,833421312,0.1484375
c9307fe678a78f2a,cifar10,ssb-v2-block,cnn,protocol-v3,0.2,16,2,3,57,0.005857417010702193,0.013549958996009082,833421312,0.171875
c9307fe678a78f2a,cifar10,ssb-v2-block,cnn,protocol-v3,0.2,16,2,3,58,0.005695250001735985,0.013572208990808576,833421312,0.15625
c9307fe678a78f2a,cifar10,ssb-v2-block,cnn,protocol-v3,0.2,16,2,3,59,0.005721750028897077,0.01356629200745374,833421312,0.171875
c9307fe678a78f2a,cifar10,ssb-v2-block,cnn,protocol-v3,0.2,16,2,3,60,0.0057182079763151705,0.013427167024929076,833421312,0.1875
c9307fe678a78f2a,cifar10,ssb-v2-block,cnn,protocol-v3,0.2,16,2,3,61,0.005723583046346903,0.013395333022344857,833421312,0.1328125
c9307fe678a78f2a,cifar10,ssb-v2-block,cnn,protocol-v3,0.2,16,2,3,62,0.005707959004212171,0.013692290987819433,833421312,0.1328125
c9307fe678a78f2a,cifar10,ssb-v2-block,cnn,protocol-v3,0.2,16,2,3,63,0.005704874987713993,0.013285583991091698,833421312,0.203125
c9307fe678a78f2a,cifar10,ssb-v2-block,cnn,protocol-v3,0.2,16,2,3,64,0.00606012501521036,0.013291875016875565,833421312,0.1875
c9307fe678a78f2a,cifar10,ssb-v2-block,cnn,protocol-v3,0.2,16,2,3,65,0.005700415989849716,0.01353358302731067,833421312,0.1875
c9307fe678a78f2a,cifar10,ssb-v2-block,cnn,protocol-v3,0.2,16,2,3,66,0.005711374979000539,0.01351395802339539,833421312,0.234375
c9307fe678a78f2a,cifar10,ssb-v2-block,cnn,protocol-v3,0.2,16,2,3,67,0.005717417050618678,0.013440792041365057,833421312,0.2265625
c9307fe678a78f2a,cifar10,ssb-v2-block,cnn,protocol-v3,0.2,16,2,3,68,0.006081584026105702,0.013365332968533039,833421312,0.1796875
c9307fe678a78f2a,cifar10,ssb-v2-block,cnn,protocol-v3,0.2,16,2,3,69,0.00571470899740234,0.013469874975271523,833421312,0.21875
c9307fe678a78f2a,cifar10,ssb-v2-block,cnn,protocol-v3,0.2,16,2,3,70,0.005706833035219461,0.01346870802808553,833421312,0.1328125
c9307fe678a78f2a,cifar10,ssb-v2-block,cnn,protocol-v3,0.2,16,2,3,71,0.005725542025174946,0.01380966603755951,833421312,0.1796875
c9307fe678a78f2a,cifar10,ssb-v2-block,cnn,protocol-v3,0.2,16,2,3,72,0.005731875018682331,0.013452458020765334,833421312,0.1796875
c9307fe678a78f2a,cifar10,ssb-v2-block,cnn,protocol-v3,0.2,16,2,3,73,0.006240958988200873,0.014348416996654123,833421312,0.1875
c9307fe678a78f2a,cifar10,ssb-v2-block,cnn,protocol-v3,0.2,16,2,3,74,0.005705458985175937,0.013355000002775341,833437696,0.234375
c9307fe678a78f2a,cifar10,ssb-v2-block,cnn,protocol-v3,0.2,16,2,3,75,0.005733291036449373,0.01495770801557228,833437696,0.1875
c9307fe678a78f2a,cifar10,ssb-v2-block,cnn,protocol-v3,0.2,16,2,3,76,0.005731749988626689,0.013507042021956295,833437696,0.21875
c9307fe678a78f2a,cifar10,ssb-v2-block,cnn,protocol-v3,0.2,16,2,3,77,0.006270459038205445,0.014710791991092265,833454080,0.2421875
c9307fe678a78f2a,cifar10,ssb-v2-block,cnn,protocol-v3,0.2,16,2,3,78,0.0057240420137532055,0.013510750024579465,833470464,0.203125
c9307fe678a78f2a,cifar10,ssb-v2-block,cnn,protocol-v3,0.2,16,2,3,79,0.005710333003662527,0.013387666956987232,833470464,0.234375
c9307fe678a78f2a,cifar10,ssb-v2-block,cnn,protocol-v3,0.2,16,2,3,80,0.005702166992705315,0.013643624959513545,833470464,0.1875
c9307fe678a78f2a,cifar10,ssb-v2-block,cnn,protocol-v3,0.2,16,2,3,81,0.006062457978259772,0.013465749972965568,833470464,0.2578125
c9307fe678a78f2a,cifar10,ssb-v2-block,cnn,protocol-v3,0.2,16,2,3,82,0.005684042000211775,0.013318124983925372,833470464,0.171875
c9307fe678a78f2a,cifar10,ssb-v2-block,cnn,protocol-v3,0.2,16,2,3,83,0.005697834014426917,0.013506082992535084,833470464,0.296875
c9307fe678a78f2a,cifar10,ssb-v2-block,cnn,protocol-v3,0.2,16,2,3,84,0.005708666983991861,0.013415333000011742,833470464,0.2265625
c9307fe678a78f2a,cifar10,ssb-v2-block,cnn,protocol-v3,0.2,16,2,3,85,0.005698124994523823,0.013375375012401491,833486848,0.265625
c9307fe678a78f2a,cifar10,ssb-v2-block,cnn,protocol-v3,0.2,16,2,3,86,0.006005332979839295,0.013820916996337473,833486848,0.2421875
c9307fe678a78f2a,cifar10,ssb-v2-block,cnn,protocol-v3,0.2,16,2,3,87,0.0060580840217880905,0.013773791957646608,833486848,0.1953125
c9307fe678a78f2a,cifar10,ssb-v2-block,cnn,protocol-v3,0.2,16,2,3,88,0.005722957954276353,0.013424124976154417,833486848,0.21875
c9307fe678a78f2a,cifar10,ssb-v2-block,cnn,protocol-v3,0.2,16,2,3,89,0.0057341670035384595,0.013699333008844405,833486848,0.203125
c9307fe678a78f2a,cifar10,ssb-v2-block,cnn,protocol-v3,0.2,16,2,3,90,0.005713708000257611,0.013625458988826722,833486848,0.2265625
c9307fe678a78f2a,cifar10,ssb-v2-block,cnn,protocol-v3,0.2,16,2,3,91,0.006302250025328249,0.013569500006269664,833486848,0.1875
c9307fe678a78f2a,cifar10,ssb-v2-block,cnn,protocol-v3,0.2,16,2,3,92,0.005720791989006102,0.013241374981589615,833486848,0.2109375
c9307fe678a78f2a,cifar10,ssb-v2-block,cnn,protocol-v3,0.2,16,2,3,93,0.005729916039854288,0.013671666965819895,833486848,0.25
c9307fe678a78f2a,cifar10,ssb-v2-block,cnn,protocol-v3,0.2,16,2,3,94,0.0057052080519497395,0.01341762498486787,833486848,0.21875
c9307fe678a78f2a,cifar10,ssb-v2-block,cnn,protocol-v3,0.2,16,2,3,95,0.005714917031582445,0.013347291969694197,833486848,0.1953125
c9307fe678a78f2a,cifar10,ssb-v2-block,cnn,protocol-v3,0.2,16,2,3,96,0.005708249984309077,0.013691750005818903,833486848,0.2109375
c9307fe678a78f2a,cifar10,ssb-v2-block,cnn,protocol-v3,0.2,16,2,3,97,0.005713541992008686,0.01349808304803446,833503232,0.203125
c9307fe678a78f2a,cifar10,ssb-v2-block,cnn,protocol-v3,0.2,16,2,3,98,0.005702041031327099,0.013356833020225167,833503232,0.2265625
c9307fe678a78f2a,cifar10,ssb-v2-block,cnn,protocol-v3,0.2,16,2,3,99,0.005721374996937811,0.013485999952536076,833503232,0.2109375
c9307fe678a78f2a,cifar10,ssb-v2-block,cnn,protocol-v3,0.2,16,2,3,100,0.005721375055145472,0.013577000005170703,833503232,0.2265625
c9307fe678a78f2a,cifar10,ssb-v2-block,cnn,protocol-v3,0.2,16,2,3,101,0.005712916958145797,0.013472291990183294,833503232,0.171875
c9307fe678a78f2a,cifar10,ssb-v2-block,cnn,protocol-v3,0.2,16,2,3,102,0.005760333966463804,0.013625749968923628,833503232,0.21875
c9307fe678a78f2a,cifar10,ssb-v2-block,cnn,protocol-v3,0.2,16,2,3,103,0.005705958988983184,0.013175040949136019,833503232,0.2109375
c9307fe678a78f2a,cifar10,ssb-v2-block,cnn,protocol-v3,0.2,16,2,3,104,0.0057037920341826975,0.013394541980233043,833503232,0.25
c9307fe678a78f2a,cifar10,ssb-v2-block,cnn,protocol-v3,0.2,16,2,3,105,0.005716082989238203,0.013297375000547618,833503232,0.15625
c9307fe678a78f2a,cifar10,ssb-v2-block,cnn,protocol-v3,0.2,16,2,3,106,0.005699582980014384,0.013352291018236428,833503232,0.1953125
c9307fe678a78f2a,cifar10,ssb-v2-block,cnn,protocol-v3,0.2,16,2,3,107,0.005680333008058369,0.013373666966799647,833503232,0.2890625
c9307fe678a78f2a,cifar10,ssb-v2-block,cnn,protocol-v3,0.2,16,2,3,108,0.005747875024098903,0.013397582981269807,833503232,0.21875
c9307fe678a78f2a,cifar10,ssb-v2-block,cnn,protocol-v3,0.2,16,2,3,109,0.005720416957046837,0.013338832999579608,833503232,0.234375
c9307fe678a78f2a,cifar10,ssb-v2-block,cnn,protocol-v3,0.2,16,2,3,110,0.005721834022551775,0.013512666977476329,833503232,0.2109375
c9307fe678a78f2a,cifar10,ssb-v2-block,cnn,protocol-v3,0.2,16,2,3,111,0.005701832997146994,0.013692167005501688,833536000,0.328125
c9307fe678a78f2a,cifar10,ssb-v2-block,cnn,protocol-v3,0.2,16,2,3,112,0.005968499986920506,0.013548332965001464,833552384,0.203125
c9307fe678a78f2a,cifar10,ssb-v2-block,cnn,protocol-v3,0.2,16,2,3,113,0.006073209049645811,0.013300292019266635,833552384,0.2109375
c9307fe678a78f2a,cifar10,ssb-v2-block,cnn,protocol-v3,0.2,16,2,3,114,0.006230500002857298,0.013373041991144419,833568768,0.28125
c9307fe678a78f2a,cifar10,ssb-v2-block,cnn,protocol-v3,0.2,16,2,3,115,0.005711166013497859,0.014698709012009203,833568768,0.25
c9307fe678a78f2a,cifar10,ssb-v2-block,cnn,protocol-v3,0.2,16,2,3,116,0.005709167046006769,0.01408570900093764,833568768,0.2265625
c9307fe678a78f2a,cifar10,ssb-v2-block,cnn,protocol-v3,0.2,16,2,3,117,0.006226000026799738,0.013499290973413736,833568768,0.2421875
c9307fe678a78f2a,cifar10,ssb-v2-block,cnn,protocol-v3,0.2,16,2,3,118,0.00622945895884186,0.013493625039700419,833568768,0.234375
c9307fe678a78f2a,cifar10,ssb-v2-block,cnn,protocol-v3,0.2,16,2,3,119,0.005704916955437511,0.013562250009272248,833568768,0.1796875
c9307fe678a78f2a,cifar10,ssb-v2-block,cnn,protocol-v3,0.2,16,2,3,120,0.005724832997657359,0.013711707957554609,833585152,0.25
c9307fe678a78f2a,cifar10,ssb-v2-block,cnn,protocol-v3,0.2,16,2,3,121,0.0060534170479513705,0.013746540993452072,833585152,0.2265625
c9307fe678a78f2a,cifar10,ssb-v2-block,cnn,protocol-v3,0.2,16,2,3,122,0.005726833012886345,0.013509874988812953,833585152,0.2109375
c9307fe678a78f2a,cifar10,ssb-v2-block,cnn,protocol-v3,0.2,16,2,3,123,0.005724499991629273,0.013495041988790035,833585152,0.2421875
c9307fe678a78f2a,cifar10,ssb-v2-block,cnn,protocol-v3,0.2,16,2,3,124,0.005724000046029687,0.01351799996336922,833585152,0.2890625
c9307fe678a78f2a,cifar10,ssb-v2-block,cnn,protocol-v3,0.2,16,2,3,125,0.00570704200072214,0.01356404199032113,833585152,0.2421875
c9307fe678a78f2a,cifar10,ssb-v2-block,cnn,protocol-v3,0.2,16,2,3,126,0.005719124979805201,0.013448417012114078,833585152,0.2109375
c9307fe678a78f2a,cifar10,ssb-v2-block,cnn,protocol-v3,0.2,16,2,3,127,0.005721124995034188,0.01356770796701312,833601536,0.2578125
c9307fe678a78f2a,cifar10,ssb-v2-block,cnn,protocol-v3,0.2,16,2,3,128,0.005710874975193292,0.01338662498164922,833601536,0.21875
c9307fe678a78f2a,cifar10,ssb-v2-block,cnn,protocol-v3,0.2,16,2,3,129,0.005728749965783209,0.013410250016022474,833601536,0.1875
c9307fe678a78f2a,cifar10,ssb-v2-block,cnn,protocol-v3,0.2,16,2,3,130,0.005708958022296429,0.013344542006962001,833601536,0.2734375
c9307fe678a78f2a,cifar10,ssb-v2-block,cnn,protocol-v3,0.2,16,2,3,131,0.00572179100709036,0.013688458013348281,833617920,0.1796875
c9307fe678a78f2a,cifar10,ssb-v2-block,cnn,protocol-v3,0.2,16,2,3,132,0.005716834042686969,0.013631084002554417,833617920,0.2734375
c9307fe678a78f2a,cifar10,ssb-v2-block,cnn,protocol-v3,0.2,16,2,3,133,0.0057066670269705355,0.013205958006437868,833617920,0.1953125
c9307fe678a78f2a,cifar10,ssb-v2-block,cnn,protocol-v3,0.2,16,2,3,134,0.005702875030692667,0.013810833974275738,833617920,0.3203125
c9307fe678a78f2a,cifar10,ssb-v2-block,cnn,protocol-v3,0.2,16,2,3,135,0.005721166031435132,0.013432207982987165,833617920,0.2265625
c9307fe678a78f2a,cifar10,ssb-v2-block,cnn,protocol-v3,0.2,16,2,3,136,0.00569412496406585,0.013642040954437107,833634304,0.28125
c9307fe678a78f2a,cifar10,ssb-v2-block,cnn,protocol-v3,0.2,16,2,3,137,0.005707208998501301,0.013528292009141296,833634304,0.2578125
c9307fe678a78f2a,cifar10,ssb-v2-block,cnn,protocol-v3,0.2,16,2,3,138,0.005704750015866011,0.0133972920011729,833634304,0.25
c9307fe678a78f2a,cifar10,ssb-v2-block,cnn,protocol-v3,0.2,16,2,3,139,0.005760375002864748,0.013313833042047918,833634304,0.2734375
c9307fe678a78f2a,cifar10,ssb-v2-block,cnn,protocol-v3,0.2,16,2,3,140,0.005707375006750226,0.013676750008016825,833634304,0.234375
c9307fe678a78f2a,cifar10,ssb-v2-block,cnn,protocol-v3,0.2,16,2,3,141,0.005697707994841039,0.01325204101158306,833634304,0.28125
c9307fe678a78f2a,cifar10,ssb-v2-block,cnn,protocol-v3,0.2,16,2,3,142,0.0062202499830164015,0.013451417034957558,833634304,0.2578125
c9307fe678a78f2a,cifar10,ssb-v2-block,cnn,protocol-v3,0.2,16,2,3,143,0.0062477500177919865,0.013610125053673983,833634304,0.2890625
c9307fe678a78f2a,cifar10,ssb-v2-block,cnn,protocol-v3,0.2,16,2,3,144,0.005715500039514154,0.013583166990429163,833634304,0.2578125
c9307fe678a78f2a,cifar10,ssb-v2-block,cnn,protocol-v3,0.2,16,2,3,145,0.005690499965567142,0.014370249991770834,833634304,0.34375
c9307fe678a78f2a,cifar10,ssb-v2-block,cnn,protocol-v3,0.2,16,2,3,146,0.005734417005442083,0.01381616696016863,833634304,0.25
c9307fe678a78f2a,cifar10,ssb-v2-block,cnn,protocol-v3,0.2,16,2,3,147,0.006064500019419938,0.013327249966096133,833634304,0.1953125
c9307fe678a78f2a,cifar10,ssb-v2-block,cnn,protocol-v3,0.2,16,2,3,148,0.0062176669598557055,0.013762500020675361,833634304,0.2578125
c9307fe678a78f2a,cifar10,ssb-v2-block,cnn,protocol-v3,0.2,16,2,3,149,0.005701999994926155,0.013760250003542751,833634304,0.2109375
c9307fe678a78f2a,cifar10,ssb-v2-block,cnn,protocol-v3,0.2,16,2,3,150,0.005734667007345706,0.013343750033527613,833634304,0.2734375
c9307fe678a78f2a,cifar10,ssb-v2-block,cnn,protocol-v3,0.2,16,2,3,151,0.0060089160106144845,0.013514416001271456,833634304,0.3046875
c9307fe678a78f2a,cifar10,ssb-v2-block,cnn,protocol-v3,0.2,16,2,3,152,0.006303584028501064,0.013464249961543828,833634304,0.2734375
c9307fe678a78f2a,cifar10,ssb-v2-block,cnn,protocol-v3,0.2,16,2,3,153,0.005714499973692,0.013519041996914893,833634304,0.265625
c9307fe678a78f2a,cifar10,ssb-v2-block,cnn,protocol-v3,0.2,16,2,3,154,0.005717583000659943,0.013579874997958541,833634304,0.21875
c9307fe678a78f2a,cifar10,ssb-v2-block,cnn,protocol-v3,0.2,16,2,3,155,0.005731583049055189,0.013565625005867332,833634304,0.171875
c9307fe678a78f2a,cifar10,ssb-v2-block,cnn,protocol-v3,0.2,16,2,3,156,0.005709208024200052,0.013334416958969086,833634304,0.2109375
c9307fe678a78f2a,cifar10,ssb-v2-block,cnn,protocol-v3,0.2,16,2,3,157,0.0057232920080423355,0.013285625027492642,833634304,0.1015625
c9307fe678a78f2a,cifar10,ssb-v2-block,cnn,protocol-v3,0.2,16,2,3,158,0.005726834002416581,0.013631042034830898,833634304,0.1875
c9307fe678a78f2a,cifar10,ssb-v2-block,cnn,protocol-v3,0.2,16,2,3,159,0.005698167020455003,0.01347037503728643,833634304,0.109375
c9307fe678a78f2a,cifar10,ssb-v2-block,cnn,protocol-v3,0.2,16,2,3,160,0.0057220000308007,0.013510874996427447,833634304,0.1796875
c9307fe678a78f2a,cifar10,ssb-v2-block,cnn,protocol-v3,0.2,16,2,3,161,0.005713833030313253,0.015054084011353552,833634304,0.28125
c9307fe678a78f2a,cifar10,ssb-v2-block,cnn,protocol-v3,0.2,16,2,3,162,0.005706499970983714,0.013260083040222526,833650688,0.1484375
c9307fe678a78f2a,cifar10,ssb-v2-block,cnn,protocol-v3,0.2,16,2,3,163,0.005695750005543232,0.013585875043645501,833667072,0.2265625
c9307fe678a78f2a,cifar10,ssb-v2-block,cnn,protocol-v3,0.2,16,2,3,164,0.005689374986104667,0.013289915979839861,833667072,0.1171875
c9307fe678a78f2a,cifar10,ssb-v2-block,cnn,protocol-v3,0.2,16,2,3,165,0.005693665996659547,0.013419999973848462,833667072,0.203125
c9307fe678a78f2a,cifar10,ssb-v2-block,cnn,protocol-v3,0.2,16,2,3,166,0.005711541976779699,0.013432833948172629,833667072,0.2265625
c9307fe678a78f2a,cifar10,ssb-v2-block,cnn,protocol-v3,0.2,16,2,3,167,0.0057040840038098395,0.013633291993755847,833667072,0.1484375
c9307fe678a78f2a,cifar10,ssb-v2-block,cnn,protocol-v3,0.2,16,2,3,168,0.005699792003724724,0.013658749987371266,833667072,0.203125
c9307fe678a78f2a,cifar10,ssb-v2-block,cnn,protocol-v3,0.2,16,2,3,169,0.005723125010263175,0.013427167024929076,833667072,0.109375
c9307fe678a78f2a,cifar10,ssb-v2-block,cnn,protocol-v3,0.2,16,2,3,170,0.005706041003577411,0.013506749994121492,833683456,0.1875
c9307fe678a78f2a,cifar10,ssb-v2-block,cnn,protocol-v3,0.2,16,2,3,171,0.006324707996100187,0.013805292022880167,833683456,0.1796875
c9307fe678a78f2a,cifar10,ssb-v2-block,cnn,protocol-v3,0.2,16,2,3,172,0.005697083950508386,0.013400542025920004,833699840,0.1640625
c9307fe678a78f2a,cifar10,ssb-v2-block,cnn,protocol-v3,0.2,16,2,3,173,0.005709166987799108,0.013258708000648767,833699840,0.140625
c9307fe678a78f2a,cifar10,ssb-v2-block,cnn,protocol-v3,0.2,16,2,3,174,0.005691875005140901,0.013309042027685791,833699840,0.171875
c9307fe678a78f2a,cifar10,ssb-v2-block,cnn,protocol-v3,0.2,16,2,3,175,0.005702166992705315,0.0133777090231888,833716224,0.1640625
c9307fe678a78f2a,cifar10,ssb-v2-block,cnn,protocol-v3,0.2,16,2,3,176,0.0057073329808190465,0.013527208007872105,833732608,0.28125
c9307fe678a78f2a,cifar10,ssb-v2-block,cnn,protocol-v3,0.2,16,2,3,177,0.005696791980881244,0.01317670795833692,833732608,0.1953125
c9307fe678a78f2a,cifar10,ssb-v2-block,cnn,protocol-v3,0.2,16,2,3,178,0.005721166962757707,0.013147500052582473,833732608,0.265625
c9307fe678a78f2a,cifar10,ssb-v2-block,cnn,protocol-v3,0.2,16,2,3,179,0.005693999992217869,0.013453999999910593,833732608,0.2734375
c9307fe678a78f2a,cifar10,ssb-v2-block,cnn,protocol-v3,0.2,16,2,3,180,0.005702124966774136,0.01326870801858604,833732608,0.171875
c9307fe678a78f2a,cifar10,ssb-v2-block,cnn,protocol-v3,0.2,16,2,3,181,0.005700374953448772,0.014240499993320554,833732608,0.171875
c9307fe678a78f2a,cifar10,ssb-v2-block,cnn,protocol-v3,0.2,16,2,3,182,0.006299957982264459,0.013679124996997416,833732608,0.21875
c9307fe678a78f2a,cifar10,ssb-v2-block,cnn,protocol-v3,0.2,16,2,3,183,0.006043375004082918,0.01337075000628829,833748992,0.2265625
c9307fe678a78f2a,cifar10,ssb-v2-block,cnn,protocol-v3,0.2,16,2,3,184,0.00622087501687929,0.013435375003609806,833748992,0.296875
c9307fe678a78f2a,cifar10,ssb-v2-block,cnn,protocol-v3,0.2,16,2,3,185,0.005713457998353988,0.014073250000365078,833748992,0.28125
c9307fe678a78f2a,cifar10,ssb-v2-block,cnn,protocol-v3,0.2,16,2,3,186,0.005716625018976629,0.01485583302564919,833748992,0.25
c9307fe678a78f2a,cifar10,ssb-v2-block,cnn,protocol-v3,0.2,16,2,3,187,0.005817875033244491,0.013811334036290646,833748992,0.21875
c9307fe678a78f2a,cifar10,ssb-v2-block,cnn,protocol-v3,0.2,16,2,3,188,0.006204916979186237,0.0136055420152843,833748992,0.265625
c9307fe678a78f2a,cifar10,ssb-v2-block,cnn,protocol-v3,0.2,16,2,3,189,0.0062416670261882246,0.014164666004944593,833765376,0.2734375
c9307fe678a78f2a,cifar10,ssb-v2-block,cnn,protocol-v3,0.2,16,2,3,190,0.005696040985640138,0.01465224998537451,833765376,0.2421875
c9307fe678a78f2a,cifar10,ssb-v2-block,cnn,protocol-v3,0.2,16,2,3,191,0.006238500005565584,0.013349291984923184,833765376,0.265625
c9307fe678a78f2a,cifar10,ssb-v2-block,cnn,protocol-v3,0.2,16,2,3,192,0.00571674999082461,0.01336554199224338,833765376,0.2578125
c9307fe678a78f2a,cifar10,ssb-v2-block,cnn,protocol-v3,0.2,16,2,3,193,0.00569862499833107,0.013387750019319355,833765376,0.2578125
c9307fe678a78f2a,cifar10,ssb-v2-block,cnn,protocol-v3,0.2,16,2,3,194,0.006223417003639042,0.013351499976124614,833765376,0.2890625
c9307fe678a78f2a,cifar10,ssb-v2-block,cnn,protocol-v3,0.2,16,2,3,195,0.006201332958880812,0.013486207986716181,833765376,0.3125
c9307fe678a78f2a,cifar10,ssb-v2-block,cnn,protocol-v3,0.2,16,2,3,196,0.00570012500975281,0.013540791987907141,833765376,0.265625
c9307fe678a78f2a,cifar10,ssb-v2-block,cnn,protocol-v3,0.2,16,2,3,197,0.005711291043553501,0.013284207961987704,833765376,0.28125
c9307fe678a78f2a,cifar10,ssb-v2-block,cnn,protocol-v3,0.2,16,2,3,198,0.006337792030535638,0.013311041984707117,833781760,0.21875
c9307fe678a78f2a,cifar10,ssb-v2-block,cnn,protocol-v3,0.2,16,2,3,199,0.006298707972746342,0.01352679100818932,833781760,0.2421875
c9307fe678a78f2a,cifar10,ssb-v2-block,cnn,protocol-v3,0.2,16,2,3,200,0.005708166980184615,0.013383582991082221,833781760,0.265625
c9307fe678a78f2a,cifar10,ssb-v2-block,cnn,protocol-v3,0.2,16,2,3,201,0.005705916963052005,0.013352250040043145,833781760,0.2109375
c9307fe678a78f2a,cifar10,ssb-v2-block,cnn,protocol-v3,0.2,16,2,3,202,0.006059792009182274,0.013436875015031546,833781760,0.2578125
c9307fe678a78f2a,cifar10,ssb-v2-block,cnn,protocol-v3,0.2,16,2,3,203,0.006034083024132997,0.013319124991539866,833781760,0.25
c9307fe678a78f2a,cifar10,ssb-v2-block,cnn,protocol-v3,0.2,16,2,3,204,0.006235207954887301,0.013678374991286546,833781760,0.2265625
c9307fe678a78f2a,cifar10,ssb-v2-block,cnn,protocol-v3,0.2,16,2,3,205,0.005712582962587476,0.013718040951061994,833781760,0.3359375
c9307fe678a78f2a,cifar10,ssb-v2-block,cnn,protocol-v3,0.2,16,2,3,206,0.005684167030267417,0.013643542013596743,833781760,0.265625
c9307fe678a78f2a,cifar10,ssb-v2-block,cnn,protocol-v3,0.2,16,2,3,207,0.00569562497548759,0.01335408299928531,833781760,0.265625
c9307fe678a78f2a,cifar10,ssb-v2-block,cnn,protocol-v3,0.2,16,2,3,208,0.005691999976988882,0.013615542033221573,833781760,0.3046875
c9307fe678a78f2a,cifar10,ssb-v2-block,cnn,protocol-v3,0.2,16,2,3,209,0.005699583969544619,0.013605249987449497,833781760,0.2734375
c9307fe678a78f2a,cifar10,ssb-v2-block,cnn,protocol-v3,0.2,16,2,3,210,0.0057135000242851675,0.0133836250170134,833781760,0.2734375
c9307fe678a78f2a,cifar10,ssb-v2-block,cnn,protocol-v3,0.2,16,2,3,211,0.005695959029253572,0.013702082971576601,833781760,0.21875
c9307fe678a78f2a,cifar10,ssb-v2-block,cnn,protocol-v3,0.2,16,2,3,212,0.005703041970264167,0.01348379097180441,833798144,0.1484375
c9307fe678a78f2a,cifar10,ssb-v2-block,cnn,protocol-v3,0.2,16,2,3,213,0.00623524998081848,0.013455167005304247,833798144,0.1953125
c9307fe678a78f2a,cifar10,ssb-v2-block,cnn,protocol-v3,0.2,16,2,3,214,0.005705124989617616,0.013356834009755403,833798144,0.140625
c9307fe678a78f2a,cifar10,ssb-v2-block,cnn,protocol-v3,0.2,16,2,3,215,0.006310999975539744,0.01357579097384587,833814528,0.1796875
c9307fe678a78f2a,cifar10,ssb-v2-block,cnn,protocol-v3,0.2,16,2,3,216,0.005712291982490569,0.013466292002703995,833814528,0.1875
c9307fe678a78f2a,cifar10,ssb-v2-block,cnn,protocol-v3,0.2,16,2,3,217,0.0056978749926202,0.013530207972507924,833814528,0.1796875
c9307fe678a78f2a,cifar10,ssb-v2-block,cnn,protocol-v3,0.2,16,2,3,218,0.005725208029616624,0.013439042028039694,833814528,0.1640625
c9307fe678a78f2a,cifar10,ssb-v2-block,cnn,protocol-v3,0.2,16,2,3,219,0.005716582993045449,0.013434958003927022,833814528,0.1484375
c9307fe678a78f2a,cifar10,ssb-v2-block,cnn,protocol-v3,0.2,16,2,3,220,0.005701749993022531,0.01338737498736009,833814528,0.1796875
c9307fe678a78f2a,cifar10,ssb-v2-block,cnn,protocol-v3,0.2,16,2,3,221,0.005761958018410951,0.013605667045339942,833814528,0.1328125
c9307fe678a78f2a,cifar10,ssb-v2-block,cnn,protocol-v3,0.2,16,2,3,222,0.005687292024958879,0.01346891699358821,833814528,0.0859375
c9307fe678a78f2a,cifar10,ssb-v2-block,cnn,protocol-v3,0.2,16,2,3,223,0.005716292012948543,0.013446874974761158,833814528,0.1953125
c9307fe678a78f2a,cifar10,ssb-v2-block,cnn,protocol-v3,0.2,16,2,3,224,0.0056982499663718045,0.013291166978888214,833814528,0.1484375
c9307fe678a78f2a,cifar10,ssb-v2-block,cnn,protocol-v3,0.2,16,2,3,225,0.0057131670182570815,0.013412624946795404,833814528,0.125
c9307fe678a78f2a,cifar10,ssb-v2-block,cnn,protocol-v3,0.2,16,2,3,226,0.005710917001124471,0.013405874953605235,833830912,0.125
c9307fe678a78f2a,cifar10,ssb-v2-block,cnn,protocol-v3,0.2,16,2,3,227,0.0057167920167557895,0.013703250035177916,833830912,0.1328125
c9307fe678a78f2a,cifar10,ssb-v2-block,cnn,protocol-v3,0.2,16,2,3,228,0.006179083022288978,0.01336929202079773,833830912,0.1328125
c9307fe678a78f2a,cifar10,ssb-v2-block,cnn,protocol-v3,0.2,16,2,3,229,0.006205291952937841,0.013389499974437058,833847296,0.140625
c9307fe678a78f2a,cifar10,ssb-v2-block,cnn,protocol-v3,0.2,16,2,3,230,0.005982208007480949,0.013435249973554164,833847296,0.1328125
c9307fe678a78f2a,cifar10,ssb-v2-block,cnn,protocol-v3,0.2,16,2,3,231,0.006036874954588711,0.013566625013481826,833847296,0.078125
c9307fe678a78f2a,cifar10,ssb-v2-block,cnn,protocol-v3,0.2,16,2,3,232,0.006034457997884601,0.013691333995666355,833863680,0.1640625
c9307fe678a78f2a,cifar10,ssb-v2-block,cnn,protocol-v3,0.2,16,2,3,233,0.006226249970495701,0.013773165992461145,833863680,0.1171875
c9307fe678a78f2a,cifar10,ssb-v2-block,cnn,protocol-v3,0.2,16,2,3,234,0.005717207968700677,0.013641291996464133,833863680,0.171875
c9307fe678a78f2a,cifar10,ssb-v2-block,cnn,protocol-v3,0.2,16,2,3,235,0.005708499986212701,0.0133909159922041,833863680,0.15625
c9307fe678a78f2a,cifar10,ssb-v2-block,cnn,protocol-v3,0.2,16,2,3,236,0.0060591669753193855,0.013882957980968058,833863680,0.1796875
c9307fe678a78f2a,cifar10,ssb-v2-block,cnn,protocol-v3,0.2,16,2,3,237,0.005699625005945563,0.013819041952956468,833863680,0.1796875
c9307fe678a78f2a,cifar10,ssb-v2-block,cnn,protocol-v3,0.2,16,2,3,238,0.006046041962690651,0.013692834007088095,833863680,0.234375
c9307fe678a78f2a,cifar10,ssb-v2-block,cnn,protocol-v3,0.2,16,2,3,239,0.005699916975572705,0.013401417003478855,833863680,0.28125
c9307fe678a78f2a,cifar10,ssb-v2-block,cnn,protocol-v3,0.2,16,2,3,240,0.006035708007402718,0.014478292025160044,833880064,0.2578125
c9307fe678a78f2a,cifar10,ssb-v2-block,cnn,protocol-v3,0.2,16,2,3,241,0.005695333005860448,0.013319291989319026,833880064,0.25
c9307fe678a78f2a,cifar10,ssb-v2-block,cnn,protocol-v3,0.2,16,2,3,242,0.005831665999721736,0.01316174998646602,833880064,0.2421875
c9307fe678a78f2a,cifar10,ssb-v2-block,cnn,protocol-v3,0.2,16,2,3,243,0.005962541967164725,0.014799708034843206,833896448,0.1875
c9307fe678a78f2a,cifar10,ssb-v2-block,cnn,protocol-v3,0.2,16,2,3,244,0.005705957999452949,0.013386790989898145,833896448,0.2109375
c9307fe678a78f2a,cifar10,ssb-v2-block,cnn,protocol-v3,0.2,16,2,3,245,0.006227375008165836,0.013716417015530169,833896448,0.265625
c9307fe678a78f2a,cifar10,ssb-v2-block,cnn,protocol-v3,0.2,16,2,3,246,0.00572029099566862,0.013437666988465935,833896448,0.265625
c9307fe678a78f2a,cifar10,ssb-v2-block,cnn,protocol-v3,0.2,16,2,3,247,0.005716416984796524,0.01371654198737815,833896448,0.1640625
c9307fe678a78f2a,cifar10,ssb-v2-block,cnn,protocol-v3,0.2,16,2,3,248,0.0057051669573411345,0.013338166987523437,833896448,0.234375
c9307fe678a78f2a,cifar10,ssb-v2-block,cnn,protocol-v3,0.2,16,2,3,249,0.005687833996489644,0.013476416002959013,833896448,0.2265625
c9307fe678a78f2a,cifar10,ssb-v2-block,cnn,protocol-v3,0.2,16,2,3,250,0.005714082974009216,0.01340158301172778,833896448,0.15625
c9307fe678a78f2a,cifar10,ssb-v2-block,cnn,protocol-v3,0.2,16,2,3,251,0.005703708971850574,0.013724083022680134,833912832,0.1875
c9307fe678a78f2a,cifar10,ssb-v2-block,cnn,protocol-v3,0.2,16,2,3,252,0.005701750051230192,0.013375209004152566,833929216,0.1796875
c9307fe678a78f2a,cifar10,ssb-v2-block,cnn,protocol-v3,0.2,16,2,3,253,0.005712874990422279,0.013371000008191913,833929216,0.1953125
c9307fe678a78f2a,cifar10,ssb-v2-block,cnn,protocol-v3,0.2,16,2,3,254,0.00570929201785475,0.013299666985403746,833929216,0.203125
c9307fe678a78f2a,cifar10,ssb-v2-block,cnn,protocol-v3,0.2,16,2,3,255,0.005747832998167723,0.013702374999411404,833929216,0.171875
c9307fe678a78f2a,cifar10,ssb-v2-block,cnn,protocol-v3,0.2,16,2,3,256,0.005690167017746717,0.013276166981086135,833929216,0.1875
c9307fe678a78f2a,cifar10,ssb-v2-block,cnn,protocol-v3,0.2,16,2,3,257,0.005707916978280991,0.013500165950972587,833929216,0.2109375
c9307fe678a78f2a,cifar10,ssb-v2-block,cnn,protocol-v3,0.2,16,2,3,258,0.005686792021151632,0.013519250031094998,833945600,0.1640625
c9307fe678a78f2a,cifar10,ssb-v2-block,cnn,protocol-v3,0.2,16,2,3,259,0.0062343329773284495,0.013363167003262788,833961984,0.2421875
c9307fe678a78f2a,cifar10,ssb-v2-block,cnn,protocol-v3,0.2,16,2,3,260,0.00567899999441579,0.013294375035911798,833961984,0.34375
c9307fe678a78f2a,cifar10,ssb-v2-block,cnn,protocol-v3,0.2,16,2,3,261,0.005717666994314641,0.01336779200937599,833961984,0.234375
c9307fe678a78f2a,cifar10,ssb-v2-block,cnn,protocol-v3,0.2,16,2,3,262,0.0056766660418361425,0.01324329199269414,833961984,0.25
c9307fe678a78f2a,cifar10,ssb-v2-block,cnn,protocol-v3,0.2,16,2,3,263,0.005687875032890588,0.01359954196959734,833961984,0.25
c9307fe678a78f2a,cifar10,ssb-v2-block,cnn,protocol-v3,0.2,16,2,3,264,0.005705458985175937,0.0131481250282377,833961984,0.2265625
c9307fe678a78f2a,cifar10,ssb-v2-block,cnn,protocol-v3,0.2,16,2,3,265,0.005710333993192762,0.013635666982736439,833961984,0.2734375
c9307fe678a78f2a,cifar10,ssb-v2-block,cnn,protocol-v3,0.2,16,2,3,266,0.005700332985725254,0.013715833018068224,833961984,0.234375
c9307fe678a78f2a,cifar10,ssb-v2-block,cnn,protocol-v3,0.2,16,2,3,267,0.005695084051694721,0.013470791978761554,833961984,0.2421875
c9307fe678a78f2a,cifar10,ssb-v2-block,cnn,protocol-v3,0.2,16,2,3,268,0.005711458972655237,0.013492665952071548,833961984,0.2734375
c9307fe678a78f2a,cifar10,ssb-v2-block,cnn,protocol-v3,0.2,16,2,3,269,0.005714583967346698,0.013298833975568414,833961984,0.265625
c9307fe678a78f2a,cifar10,ssb-v2-block,cnn,protocol-v3,0.2,16,2,3,270,0.005709749995730817,0.013470749952830374,833961984,0.3125
c9307fe678a78f2a,cifar10,ssb-v2-block,cnn,protocol-v3,0.2,16,2,3,271,0.005704124982003123,0.013451332983095199,833961984,0.3046875
c9307fe678a78f2a,cifar10,ssb-v2-block,cnn,protocol-v3,0.2,16,2,3,272,0.0057892080512829125,0.013208957971073687,833978368,0.2421875
c9307fe678a78f2a,cifar10,ssb-v2-block,cnn,protocol-v3,0.2,16,2,3,273,0.00570216600317508,0.013808000017888844,833978368,0.2890625
c9307fe678a78f2a,cifar10,ssb-v2-block,cnn,protocol-v3,0.2,16,2,3,274,0.0057109579793177545,0.013357707997784019,833994752,0.2890625
c9307fe678a78f2a,cifar10,ssb-v2-block,cnn,protocol-v3,0.2,16,2,3,275,0.006056250014808029,0.013578000012785196,833994752,0.25
c9307fe678a78f2a,cifar10,ssb-v2-block,cnn,protocol-v3,0.2,16,2,3,276,0.005976542015559971,0.013795709004625678,834011136,0.2421875
c9307fe678a78f2a,cifar10,ssb-v2-block,cnn,protocol-v3,0.2,16,2,3,277,0.005686459015123546,0.014843625016510487,834011136,0.2421875
c9307fe678a78f2a,cifar10,ssb-v2-block,cnn,protocol-v3,0.2,16,2,3,278,0.005705124989617616,0.013530666998121887,834011136,0.21875
c9307fe678a78f2a,cifar10,ssb-v2-block,cnn,protocol-v3,0.2,16,2,3,279,0.005687666009180248,0.01504479197319597,834011136,0.2734375
c9307fe678a78f2a,cifar10,ssb-v2-block,cnn,protocol-v3,0.2,16,2,3,280,0.005698416964150965,0.013588041998445988,834011136,0.3125
c9307fe678a78f2a,cifar10,ssb-v2-block,cnn,protocol-v3,0.2,16,2,3,281,0.006071833020541817,0.013478542037773877,834011136,0.2578125
c9307fe678a78f2a,cifar10,ssb-v2-block,cnn,protocol-v3,0.2,16,2,3,282,0.005713457998353988,0.014290917024482042,834011136,0.28125
c9307fe678a78f2a,cifar10,ssb-v2-block,cnn,protocol-v3,0.2,16,2,3,283,0.006060791958589107,0.013801374996546656,834027520,0.3125
c9307fe678a78f2a,cifar10,ssb-v2-block,cnn,protocol-v3,0.2,16,2,3,284,0.006248166027944535,0.014326707983855158,834043904,0.1953125
c9307fe678a78f2a,cifar10,ssb-v2-block,cnn,protocol-v3,0.2,16,2,3,285,0.006056249956600368,0.01330458401935175,834043904,0.1796875
c9307fe678a78f2a,cifar10,ssb-v2-block,cnn,protocol-v3,0.2,16,2,3,286,0.005716250045225024,0.013520332984626293,834043904,0.2421875
c9307fe678a78f2a,cifar10,ssb-v2-block,cnn,protocol-v3,0.2,16,2,3,287,0.005705000017769635,0.013348083011806011,834043904,0.265625
c9307fe678a78f2a,cifar10,ssb-v2-block,cnn,protocol-v3,0.2,16,2,3,288,0.006020750035531819,0.013140333001501858,834043904,0.1953125
c9307fe678a78f2a,cifar10,ssb-v2-block,cnn,protocol-v3,0.2,16,2,3,289,0.005746041017118841,0.013774042017757893,834043904,0.28125
c9307fe678a78f2a,cifar10,ssb-v2-block,cnn,protocol-v3,0.2,16,2,3,290,0.005711000005248934,0.013352540961932391,834043904,0.265625
c9307fe678a78f2a,cifar10,ssb-v2-block,cnn,protocol-v3,0.2,16,2,3,291,0.0057052079937420785,0.01333154202438891,834043904,0.25
c9307fe678a78f2a,cifar10,ssb-v2-block,cnn,protocol-v3,0.2,16,2,3,292,0.006300208042375743,0.013468582998029888,834043904,0.3046875
c9307fe678a78f2a,cifar10,ssb-v2-block,cnn,protocol-v3,0.2,16,2,3,293,0.006041332962922752,0.013491833000443876,834043904,0.28125
c9307fe678a78f2a,cifar10,ssb-v2-block,cnn,protocol-v3,0.2,16,2,3,294,0.00567975000012666,0.013538334053009748,834043904,0.25
c9307fe678a78f2a,cifar10,ssb-v2-block,cnn,protocol-v3,0.2,16,2,3,295,0.0056787499925121665,0.013373374997172505,834043904,0.2734375
c9307fe678a78f2a,cifar10,ssb-v2-block,cnn,protocol-v3,0.2,16,2,3,296,0.005695708037819713,0.013306291017215699,834043904,0.2265625
c9307fe678a78f2a,cifar10,ssb-v2-block,cnn,protocol-v3,0.2,16,2,3,297,0.0056932499865069985,0.013180250010918826,834043904,0.3046875
c9307fe678a78f2a,cifar10,ssb-v2-block,cnn,protocol-v3,0.2,16,2,3,298,0.0062452079728245735,0.013609082961920649,834043904,0.2890625
c9307fe678a78f2a,cifar10,ssb-v2-block,cnn,protocol-v3,0.2,16,2,3,299,0.00602533295750618,0.013335332972928882,834043904,0.2265625
c9307fe678a78f2a,cifar10,ssb-v2-block,cnn,protocol-v3,0.2,16,2,3,300,0.006050582975149155,0.013723000010941178,834043904,0.2421875
c9307fe678a78f2a,cifar10,ssb-v2-block,cnn,protocol-v3,0.2,16,2,3,301,0.005986457981634885,0.013715207984205335,834043904,0.25
c9307fe678a78f2a,cifar10,ssb-v2-block,cnn,protocol-v3,0.2,16,2,3,302,0.005696167005226016,0.013535666977986693,834043904,0.21875
c9307fe678a78f2a,cifar10,ssb-v2-block,cnn,protocol-v3,0.2,16,2,3,303,0.005721915978938341,0.013362416997551918,834043904,0.296875
c9307fe678a78f2a,cifar10,ssb-v2-block,cnn,protocol-v3,0.2,16,2,3,304,0.0057145419996231794,0.01331504201516509,834060288,0.265625
c9307fe678a78f2a,cifar10,ssb-v2-block,cnn,protocol-v3,0.2,16,2,3,305,0.006314832950010896,0.013307332992553711,834060288,0.2265625
c9307fe678a78f2a,cifar10,ssb-v2-block,cnn,protocol-v3,0.2,16,2,3,306,0.005710416007786989,0.013343375001568347,834060288,0.234375
c9307fe678a78f2a,cifar10,ssb-v2-block,cnn,protocol-v3,0.2,16,2,3,307,0.005700957961380482,0.01322195801185444,834060288,0.3203125
c9307fe678a78f2a,cifar10,ssb-v2-block,cnn,protocol-v3,0.2,16,2,3,308,0.005704124982003123,0.013344916980713606,834060288,0.2578125
c9307fe678a78f2a,cifar10,ssb-v2-block,cnn,protocol-v3,0.2,16,2,3,309,0.005704667011741549,0.013599124969914556,834060288,0.2421875
c9307fe678a78f2a,cifar10,ssb-v2-block,cnn,protocol-v3,0.2,16,2,3,310,0.005699166038539261,0.01364854199346155,834060288,0.3046875
c9307fe678a78f2a,cifar10,ssb-v2-block,cnn,protocol-v3,0.2,16,2,3,311,0.005693292012438178,0.013438665948342532,834060288,0.15625
c9307fe678a78f2a,cifar10,ssb-v2-block,cnn,protocol-v3,0.2,16,2,3,312,0.005716750049032271,0.013370500004384667,834060288,0.25
c9307fe678a78f2a,cifar10,ssb-v2-block,cnn,protocol-v3,0.2,16,2,3,313,0.005715583974961191,0.013373041001614183,834076672,0.1796875
c9307fe678a78f2a,cifar10,ssb-v2-block,cnn,protocol-v3,0.2,16,2,3,314,0.005702707974705845,0.013656374998390675,834076672,0.1953125
c9307fe678a78f2a,cifar10,ssb-v2-block,cnn,protocol-v3,0.2,16,2,3,315,0.005700042005628347,0.013349166023544967,834076672,0.2421875
c9307fe678a78f2a,cifar10,ssb-v2-block,cnn,protocol-v3,0.2,16,2,3,316,0.005719541979487985,0.013525874994229525,834093056,0.234375
c9307fe678a78f2a,cifar10,ssb-v2-block,cnn,protocol-v3,0.2,16,2,3,317,0.005702082999050617,0.013524417008738965,834093056,0.1875
c9307fe678a78f2a,cifar10,ssb-v2-block,cnn,protocol-v3,0.2,16,2,3,318,0.005718124972190708,0.013469249999616295,834093056,0.28125
c9307fe678a78f2a,cifar10,ssb-v2-block,cnn,protocol-v3,0.2,16,2,3,319,0.005698875000234693,0.013243915978819132,834109440,0.265625
c9307fe678a78f2a,cifar10,ssb-v2-block,cnn,protocol-v3,0.2,16,2,3,320,0.00571920903166756,0.01355487498221919,834109440,0.1875
c9307fe678a78f2a,cifar10,ssb-v2-block,cnn,protocol-v3,0.2,16,2,3,321,0.005671041028108448,0.013111792039126158,834109440,0.2265625
c9307fe678a78f2a,cifar10,ssb-v2-block,cnn,protocol-v3,0.2,16,2,3,322,0.005728583026211709,0.013675750000402331,834109440,0.1953125
c9307fe678a78f2a,cifar10,ssb-v2-block,cnn,protocol-v3,0.2,16,2,3,323,0.005704540992155671,0.01352475001476705,834109440,0.1875
c9307fe678a78f2a,cifar10,ssb-v2-block,cnn,protocol-v3,0.2,16,2,3,324,0.005720957997255027,0.013535375008359551,834109440,0.234375
c9307fe678a78f2a,cifar10,ssb-v2-block,cnn,protocol-v3,0.2,16,2,3,325,0.005699208006262779,0.01367037498857826,834109440,0.1953125
c9307fe678a78f2a,cifar10,ssb-v2-block,cnn,protocol-v3,0.2,16,2,3,326,0.005681959039065987,0.013478000008035451,834125824,0.203125
c9307fe678a78f2a,cifar10,ssb-v2-block,cnn,protocol-v3,0.2,16,2,3,327,0.0060055410140194,0.013480750028975308,834125824,0.203125
c9307fe678a78f2a,cifar10,ssb-v2-block,cnn,protocol-v3,0.2,16,2,3,328,0.00568591698538512,0.013700125040486455,834125824,0.203125
c9307fe678a78f2a,cifar10,ssb-v2-block,cnn,protocol-v3,0.2,16,2,3,329,0.005697500018868595,0.01362833398161456,834142208,0.234375
c9307fe678a78f2a,cifar10,ssb-v2-block,cnn,protocol-v3,0.2,16,2,3,330,0.005715874955058098,0.013111625041346997,834158592,0.203125
c9307fe678a78f2a,cifar10,ssb-v2-block,cnn,protocol-v3,0.2,16,2,3,331,0.005682999966666102,0.013808457995764911,834158592,0.1484375
c9307fe678a78f2a,cifar10,ssb-v2-block,cnn,protocol-v3,0.2,16,2,3,332,0.0060384999960660934,0.013316208962351084,834158592,0.1640625
c9307fe678a78f2a,cifar10,ssb-v2-block,cnn,protocol-v3,0.2,16,2,3,333,0.005693749990314245,0.013264500012155622,834158592,0.1953125
c9307fe678a78f2a,cifar10,ssb-v2-block,cnn,protocol-v3,0.2,16,2,3,334,0.005715749983210117,0.013189832970965654,834158592,0.234375
c9307fe678a78f2a,cifar10,ssb-v2-block,cnn,protocol-v3,0.2,16,2,3,335,0.005700625013560057,0.0134062499855645,834158592,0.1640625
c9307fe678a78f2a,cifar10,ssb-v2-block,cnn,protocol-v3,0.2,16,2,3,336,0.005702916998416185,0.013256625039502978,834158592,0.2265625
c9307fe678a78f2a,cifar10,ssb-v2-block,cnn,protocol-v3,0.2,16,2,3,337,0.006006583978887647,0.013557375001255423,834158592,0.171875
c9307fe678a78f2a,cifar10,ssb-v2-block,cnn,protocol-v3,0.2,16,2,3,338,0.0060558749828487635,0.013502375048119575,834158592,0.203125
c9307fe678a78f2a,cifar10,ssb-v2-block,cnn,protocol-v3,0.2,16,2,3,339,0.0060464999987743795,0.013503875001333654,834158592,0.1953125
c9307fe678a78f2a,cifar10,ssb-v2-block,cnn,protocol-v3,0.2,16,2,3,340,0.005702249996829778,0.013535792008042336,834158592,0.25
c9307fe678a78f2a,cifar10,ssb-v2-block,cnn,protocol-v3,0.2,16,2,3,341,0.005694291030522436,0.013554750010371208,834158592,0.2109375
c9307fe678a78f2a,cifar10,ssb-v2-block,cnn,protocol-v3,0.2,16,2,3,342,0.005684167030267417,0.013416999951004982,834158592,0.3046875
c9307fe678a78f2a,cifar10,ssb-v2-block,cnn,protocol-v3,0.2,16,2,3,343,0.005710457975510508,0.013474666979163885,834174976,0.25
c9307fe678a78f2a,cifar10,ssb-v2-block,cnn,protocol-v3,0.2,16,2,3,344,0.0057018749648705125,0.013273041986394674,834174976,0.28125
c9307fe678a78f2a,cifar10,ssb-v2-block,cnn,protocol-v3,0.2,16,2,3,345,0.005702916998416185,0.013187707983888686,834174976,0.1640625
c9307fe678a78f2a,cifar10,ssb-v2-block,cnn,protocol-v3,0.2,16,2,3,346,0.0056932499865069985,0.013402083015535027,834191360,0.25
c9307fe678a78f2a,cifar10,ssb-v2-block,cnn,protocol-v3,0.2,16,2,3,347,0.006036875012796372,0.013506291958037764,834191360,0.2109375
c9307fe678a78f2a,cifar10,ssb-v2-block,cnn,protocol-v3,0.2,16,2,3,348,0.006067375012207776,0.01334741699974984,834191360,0.28125
c9307fe678a78f2a,cifar10,ssb-v2-block,cnn,protocol-v3,0.2,16,2,3,349,0.005705290997866541,0.013311667018570006,834191360,0.2265625
c9307fe678a78f2a,cifar10,ssb-v2-block,cnn,protocol-v3,0.2,16,2,3,350,0.005835250020027161,0.01334608398610726,834191360,0.3046875
c9307fe678a78f2a,cifar10,ssb-v2-block,cnn,protocol-v3,0.2,16,2,3,351,0.005723417038097978,0.01354704104596749,834191360,0.2578125
c9307fe678a78f2a,cifar10,ssb-v2-block,cnn,protocol-v3,0.2,16,2,3,352,0.005709167046006769,0.013627082982566208,834191360,0.25
c9307fe678a78f2a,cifar10,ssb-v2-block,cnn,protocol-v3,0.2,16,2,3,353,0.006009333999827504,0.013608541979920119,834191360,0.2890625
c9307fe678a78f2a,cifar10,ssb-v2-block,cnn,protocol-v3,0.2,16,2,3,354,0.00599004200194031,0.013759125024080276,834191360,0.296875
c9307fe678a78f2a,cifar10,ssb-v2-block,cnn,protocol-v3,0.2,16,2,3,355,0.005704540992155671,0.014266290992964059,834191360,0.2890625
c9307fe678a78f2a,cifar10,ssb-v2-block,cnn,protocol-v3,0.2,16,2,3,356,0.005711207981221378,0.013589208014309406,834191360,0.25
c9307fe678a78f2a,cifar10,ssb-v2-block,cnn,protocol-v3,0.2,16,2,3,357,0.006041999964509159,0.013699292030651122,834191360,0.2890625
c9307fe678a78f2a,cifar10,ssb-v2-block,cnn,protocol-v3,0.2,16,2,3,358,0.006242416042368859,0.013157915964256972,834191360,0.171875
c9307fe678a78f2a,cifar10,ssb-v2-block,cnn,protocol-v3,0.2,16,2,3,359,0.0062394579872488976,0.014031375001650304,834191360,0.265625
c9307fe678a78f2a,cifar10,ssb-v2-block,cnn,protocol-v3,0.2,16,2,3,360,0.0056986669660545886,0.014048875018488616,834191360,0.2265625
c9307fe678a78f2a,cifar10,ssb-v2-block,cnn,protocol-v3,0.2,16,2,3,361,0.006106707965955138,0.014954458049032837,834207744,0.2734375
c9307fe678a78f2a,cifar10,ssb-v2-block,cnn,protocol-v3,0.2,16,2,3,362,0.005727084004320204,0.013800958986394107,834207744,0.3203125
c9307fe678a78f2a,cifar10,ssb-v2-block,cnn,protocol-v3,0.2,16,2,3,363,0.005714792001526803,0.01350833399919793,834207744,0.265625
c9307fe678a78f2a,cifar10,ssb-v2-block,cnn,protocol-v3,0.2,16,2,3,364,0.0057037079823203385,0.013355333998333663,834207744,0.3359375
c9307fe678a78f2a,cifar10,ssb-v2-block,cnn,protocol-v3,0.2,16,2,3,365,0.006024833011906594,0.013826750044245273,834224128,0.3046875
c9307fe678a78f2a,cifar10,ssb-v2-block,cnn,protocol-v3,0.2,16,2,3,366,0.005726124974898994,0.013463167008012533,834224128,0.34375
c9307fe678a78f2a,cifar10,ssb-v2-block,cnn,protocol-v3,0.2,16,2,3,367,0.005713791993912309,0.01381370797753334,834240512,0.2265625
c9307fe678a78f2a,cifar10,ssb-v2-block,cnn,protocol-v3,0.2,16,2,3,368,0.00621620804304257,0.013444875017739832,834240512,0.34375
c9307fe678a78f2a,cifar10,ssb-v2-block,cnn,protocol-v3,0.2,16,2,3,369,0.005687125027179718,0.013322625018190593,834256896,0.28125
c9307fe678a78f2a,cifar10,ssb-v2-block,cnn,protocol-v3,0.2,16,2,3,370,0.0057033750344999135,0.013325624982826412,834256896,0.2578125
c9307fe678a78f2a,cifar10,ssb-v2-block,cnn,protocol-v3,0.2,16,2,3,371,0.0056722500012256205,0.013390833977609873,834256896,0.359375
c9307fe678a78f2a,cifar10,ssb-v2-block,cnn,protocol-v3,0.2,16,2,3,372,0.005693707964383066,0.01350212498800829,834273280,0.3515625
c9307fe678a78f2a,cifar10,ssb-v2-block,cnn,protocol-v3,0.2,16,2,3,373,0.005682542046997696,0.013411665975581855,834273280,0.28125
c9307fe678a78f2a,cifar10,ssb-v2-block,cnn,protocol-v3,0.2,16,2,3,374,0.005985249998047948,0.013362083001993597,834273280,0.3203125
c9307fe678a78f2a,cifar10,ssb-v2-block,cnn,protocol-v3,0.2,16,2,3,375,0.005696292035281658,0.013433625048492104,834273280,0.3046875
c9307fe678a78f2a,cifar10,ssb-v2-block,cnn,protocol-v3,0.2,16,2,3,376,0.005684125004336238,0.013488583033904433,834273280,0.328125
c9307fe678a78f2a,cifar10,ssb-v2-block,cnn,protocol-v3,0.2,16,2,3,377,0.0057261670008301735,0.013368791027460247,834273280,0.1953125
c9307fe678a78f2a,cifar10,ssb-v2-block,cnn,protocol-v3,0.2,16,2,3,378,0.006031042023096234,0.013316500000655651,834273280,0.2421875
c9307fe678a78f2a,cifar10,ssb-v2-block,cnn,protocol-v3,0.2,16,2,3,379,0.006022833986207843,0.01362966699525714,834273280,0.328125
c9307fe678a78f2a,cifar10,ssb-v2-block,cnn,protocol-v3,0.2,16,2,3,380,0.006177290983032435,0.013639416953083128,834273280,0.2578125
c9307fe678a78f2a,cifar10,ssb-v2-block,cnn,protocol-v3,0.2,16,2,3,381,0.006093916017562151,0.014583417039830238,834273280,0.2265625
c9307fe678a78f2a,cifar10,ssb-v2-block,cnn,protocol-v3,0.2,16,2,3,382,0.005693375016562641,0.014400666987057775,834273280,0.2734375
c9307fe678a78f2a,cifar10,ssb-v2-block,cnn,protocol-v3,0.2,16,2,3,383,0.005986000003758818,0.013374041998758912,834273280,0.2421875
c9307fe678a78f2a,cifar10,ssb-v2-block,cnn,protocol-v3,0.2,16,2,3,384,0.005959792004432529,0.013325250009074807,834273280,0.2265625
c9307fe678a78f2a,cifar10,ssb-v2-block,cnn,protocol-v3,0.2,16,2,3,385,0.005983209004625678,0.014432374970056117,834273280,0.265625
c9307fe678a78f2a,cifar10,ssb-v2-block,cnn,protocol-v3,0.2,16,2,3,386,0.005711083998903632,0.013919082994107157,834273280,0.25
c9307fe678a78f2a,cifar10,ssb-v2-block,cnn,protocol-v3,0.2,16,2,3,387,0.0062184170237742364,0.013976084010209888,834273280,0.2890625
c9307fe678a78f2a,cifar10,ssb-v2-block,cnn,protocol-v3,0.2,16,2,3,388,0.006074167031329125,0.014757165976334363,834273280,0.265625
c9307fe678a78f2a,cifar10,ssb-v2-block,cnn,protocol-v3,0.2,16,2,3,389,0.005687540979124606,0.013902416976634413,834273280,0.265625
c9307fe678a78f2a,cifar10,ssb-v2-block,cnn,protocol-v3,0.2,16,2,3,390,0.0038486659759655595,0.02892229100689292,837107712,0.1625
